Timestamp,Open,High,Low,Close
2024-11-29 00:00:00,10.89125,10.91843,10.89125,10.9174
2024-11-29 00:30:00,10.91715,10.9225,10.91442,10.91868
2024-11-29 01:00:00,10.91479,10.92534,10.91479,10.92038
2024-11-29 01:30:00,10.9204,10.92377,10.91602,10.91783
2024-11-29 02:00:00,10.91792,10.92199,10.91455,10.91562
2024-11-29 02:30:00,10.91569,10.91602,10.91103,10.91256
2024-11-29 03:00:00,10.91241,10.91342,10.89854,10.90569
2024-11-29 03:30:00,10.9057,10.91768,10.90431,10.91364
2024-11-29 04:00:00,10.91364,10.91481,10.90307,10.90335
2024-11-29 04:30:00,10.90343,10.90679,10.8994,10.90282
2024-11-29 05:00:00,10.90288,10.90914,10.90118,10.90576
2024-11-29 05:30:00,10.90577,10.90738,10.8937,10.89637
2024-11-29 06:00:00,10.89636,10.8973,10.88762,10.89136
2024-11-29 06:30:00,10.89134,10.89945,10.89059,10.89757
2024-11-29 07:00:00,10.89758,10.89936,10.89376,10.89678
2024-11-29 07:30:00,10.89661,10.90219,10.89633,10.90129
2024-11-29 08:00:00,10.90159,10.9054,10.8955,10.89595
2024-11-29 08:30:00,10.89517,10.89836,10.88893,10.88944
2024-11-29 09:00:00,10.88889,10.88933,10.86015,10.86312
2024-11-29 09:30:00,10.8635,10.88565,10.86298,10.87865
2024-11-29 10:00:00,10.87863,10.90472,10.87753,10.89818
2024-11-29 10:30:00,10.89819,10.91132,10.89685,10.90812
2024-11-29 11:00:00,10.90832,10.91542,10.88837,10.89729
2024-11-29 11:30:00,10.89729,10.912,10.89686,10.90261
2024-11-29 12:00:00,10.90291,10.9067,10.89628,10.90378
2024-11-29 12:30:00,10.90361,10.91464,10.8966,10.90563
2024-11-29 13:00:00,10.90586,10.91541,10.90392,10.90839
2024-11-29 13:30:00,10.90848,10.91549,10.90248,10.91034
2024-11-29 14:00:00,10.91033,10.91969,10.90787,10.91805
2024-11-29 14:30:00,10.91806,10.91961,10.89619,10.89717
2024-11-29 15:00:00,10.89735,10.90763,10.89625,10.90235
2024-11-29 15:30:00,10.90241,10.91435,10.90168,10.90198
2024-11-29 16:00:00,10.90204,10.92637,10.89788,10.91654
2024-11-29 16:30:00,10.91655,10.91708,10.90033,10.90472
2024-11-29 17:00:00,10.90429,10.9168,10.89285,10.91626
2024-11-29 17:30:00,10.91625,10.92479,10.90342,10.91882
2024-11-29 18:00:00,10.91761,10.92278,10.90637,10.9169
2024-11-29 18:30:00,10.91694,10.93157,10.91424,10.92402
2024-11-29 19:00:00,10.92417,10.927,10.91397,10.9216
2024-11-29 19:30:00,10.92159,10.92243,10.89508,10.89648
2024-11-29 20:00:00,10.8962,10.89716,10.88456,10.89478
2024-11-29 20:30:00,10.89476,10.89605,10.89071,10.89273
2024-11-29 21:00:00,10.89282,10.89831,10.88729,10.88829
2024-11-29 21:30:00,10.88823,10.8898,10.87477,10.88157
2024-11-29 22:00:00,10.88199,10.88612,10.87868,10.87982
2024-11-29 22:30:00,10.87956,10.8888,10.87053,10.88702
2024-11-29 23:00:00,10.88699,10.8946,10.88642,10.89389
2024-11-29 23:30:00,10.89394,10.89503,10.8822,10.89066
2024-12-02 00:00:00,10.86655,10.87636,10.86563,10.87552
2024-12-02 00:30:00,10.87553,10.89069,10.87456,10.88547
2024-12-02 01:00:00,10.88598,10.93783,10.87667,10.93699
2024-12-02 01:30:00,10.93713,10.93962,10.91718,10.92759
2024-12-02 02:00:00,10.9277,10.94129,10.92278,10.93219
2024-12-02 02:30:00,10.93217,10.94052,10.92778,10.93391
2024-12-02 03:00:00,10.93421,10.94798,10.93421,10.94542
2024-12-02 03:30:00,10.94545,10.94546,10.93642,10.94124
2024-12-02 04:00:00,10.94123,10.95461,10.93705,10.95098
2024-12-02 04:30:00,10.95079,10.95115,10.94264,10.94859
2024-12-02 05:00:00,10.94813,10.9567,10.94695,10.95225
2024-12-02 05:30:00,10.95222,10.95391,10.94631,10.95119
2024-12-02 06:00:00,10.9512,10.95624,10.94857,10.95027
2024-12-02 06:30:00,10.95039,10.96014,10.94981,10.95626
2024-12-02 07:00:00,10.95621,10.96497,10.95461,10.95488
2024-12-02 07:30:00,10.95484,10.95659,10.94968,10.95538
2024-12-02 08:00:00,10.95557,10.95658,10.94748,10.95218
2024-12-02 08:30:00,10.95229,10.95659,10.93721,10.94081
2024-12-02 09:00:00,10.94079,10.96378,10.93684,10.95111
2024-12-02 09:30:00,10.95106,10.9748,10.94675,10.97298
2024-12-02 10:00:00,10.97347,10.99217,10.97083,10.97991
2024-12-02 10:30:00,10.98048,10.98976,10.9671,10.96999
2024-12-02 11:00:00,10.96933,10.96933,10.95,10.95974
2024-12-02 11:30:00,10.95975,10.97033,10.95652,10.96499
2024-12-02 12:00:00,10.9651,10.97507,10.9552,10.96285
2024-12-02 12:30:00,10.96275,10.97443,10.95473,10.96108
2024-12-02 13:00:00,10.96121,10.96433,10.95668,10.95875
2024-12-02 13:30:00,10.95887,10.96175,10.95204,10.95808
2024-12-02 14:00:00,10.95812,10.96386,10.93891,10.96247
2024-12-02 14:30:00,10.96257,10.98303,10.95814,10.97822
2024-12-02 15:00:00,10.97818,10.9793,10.96683,10.97495
2024-12-02 15:30:00,10.97504,10.98845,10.97464,10.97826
2024-12-02 16:00:00,10.97786,10.99966,10.97027,10.99577
2024-12-02 16:30:00,10.99572,11.01715,10.99234,11.01096
2024-12-02 17:00:00,11.01216,11.03128,11.0005,11.02557
2024-12-02 17:30:00,11.02564,11.03513,11.01708,11.02778
2024-12-02 18:00:00,11.02764,11.03875,10.99992,11.00875
2024-12-02 18:30:00,11.00895,11.01665,11.00438,11.01019
2024-12-02 19:00:00,11.01012,11.0149,10.98694,10.99799
2024-12-02 19:30:00,10.99798,11.01046,10.99562,11.00587
2024-12-02 20:00:00,11.00586,11.00777,10.99674,10.99806
2024-12-02 20:30:00,10.99819,11.00703,10.99728,11.00012
2024-12-02 21:00:00,10.99999,11.00443,10.99351,10.99766
2024-12-02 21:30:00,10.99767,11.00162,10.99458,10.99882
2024-12-02 22:00:00,10.99878,11.00388,10.97248,10.9814
2024-12-02 22:30:00,10.9814,10.99411,10.97385,10.99231
2024-12-02 23:00:00,10.99232,10.99573,10.98881,10.99448
2024-12-02 23:30:00,10.99415,10.99598,10.98396,10.98396
2024-12-03 00:00:00,10.97807,10.98602,10.96938,10.9831
2024-12-03 00:30:00,10.98496,10.99036,10.97782,10.98912
2024-12-03 01:00:00,10.98754,10.99039,10.98211,10.98598
2024-12-03 01:30:00,10.98586,10.98816,10.98455,10.98655
2024-12-03 02:00:00,10.98572,10.99776,10.98258,10.99755
2024-12-03 02:30:00,10.99761,10.99883,10.99159,10.99476
2024-12-03 03:00:00,10.9974,11.00451,10.99152,11.00375
2024-12-03 03:30:00,11.00378,11.01312,10.99957,11.00974
2024-12-03 04:00:00,11.00975,11.01872,11.00824,11.01855
2024-12-03 04:30:00,11.01856,11.01943,11.00874,11.01471
2024-12-03 05:00:00,11.01478,11.0164,11.01151,11.01501
2024-12-03 05:30:00,11.015,11.01535,11.00033,11.00674
2024-12-03 06:00:00,11.00673,11.01525,11.00408,11.01189
2024-12-03 06:30:00,11.0119,11.01541,11.00984,11.01297
2024-12-03 07:00:00,11.01295,11.01628,11.01232,11.0126
2024-12-03 07:30:00,11.01269,11.01312,11.00378,11.00424
2024-12-03 08:00:00,11.0041,11.01367,10.99861,11.00997
2024-12-03 08:30:00,11.0099,11.01298,11.00329,11.00821
2024-12-03 09:00:00,11.0076,11.01095,10.98412,10.98804
2024-12-03 09:30:00,10.98753,11.012,10.98006,11.01071
2024-12-03 10:00:00,11.01036,11.01108,10.98077,10.98209
2024-12-03 10:30:00,10.9821,10.98314,10.97067,10.97668
2024-12-03 11:00:00,10.97664,10.98496,10.96809,10.98376
2024-12-03 11:30:00,10.98389,10.98977,10.97764,10.98486
2024-12-03 12:00:00,10.98465,10.98884,10.97699,10.98394
2024-12-03 12:30:00,10.98346,11.00458,10.97869,11.0014
2024-12-03 13:00:00,11.00136,11.00742,10.99477,11.00143
2024-12-03 13:30:00,11.00139,11.00926,10.99731,11.00339
2024-12-03 14:00:00,11.00326,11.02096,11.00156,11.02048
2024-12-03 14:30:00,11.02044,11.02254,11.00187,11.01829
2024-12-03 15:00:00,11.01827,11.02187,11.00694,11.00933
2024-12-03 15:30:00,11.00934,11.00942,10.98555,10.98964
2024-12-03 16:00:00,10.98954,10.99556,10.98349,10.98948
2024-12-03 16:30:00,10.98943,11.00549,10.98777,10.99794
2024-12-03 17:00:00,10.99753,11.02664,10.99753,11.02536
2024-12-03 17:30:00,11.0251,11.02734,11.00048,11.00672
2024-12-03 18:00:00,11.00673,11.02142,11.00383,11.01578
2024-12-03 18:30:00,11.01587,11.02453,10.99947,11.0027
2024-12-03 19:00:00,11.00277,11.00638,10.99377,11.00223
2024-12-03 19:30:00,11.0022,11.00972,10.98438,10.98631
2024-12-03 20:00:00,10.98592,10.9878,10.97668,10.98062
2024-12-03 20:30:00,10.98012,10.99231,10.9769,10.98692
2024-12-03 21:00:00,10.98691,11.00529,10.98546,11.00324
2024-12-03 21:30:00,11.00322,11.01697,10.99936,11.01681
2024-12-03 22:00:00,11.01768,11.02014,11.00445,11.00974
2024-12-03 22:30:00,11.00973,11.01466,11.00622,11.00867
2024-12-03 23:00:00,11.0089,11.01204,11.00614,11.00913
2024-12-03 23:30:00,11.00919,11.01023,11.00219,11.00219
2024-12-04 00:00:00,11.00066,11.01139,11.00066,11.00701
2024-12-04 00:30:00,11.00707,11.0075,10.99522,10.99677
2024-12-04 01:00:00,10.99665,11.0059,10.99388,11.00286
2024-12-04 01:30:00,11.0035,11.00505,11.00008,11.0002
2024-12-04 02:00:00,11.00018,11.00825,10.99611,11.00583
2024-12-04 02:30:00,11.00581,11.01891,11.0058,11.01696
2024-12-04 03:00:00,11.01653,11.02187,11.00908,11.01331
2024-12-04 03:30:00,11.01342,11.02054,11.00628,11.01711
2024-12-04 04:00:00,11.0171,11.02243,11.01277,11.0189
2024-12-04 04:30:00,11.01902,11.02947,11.01692,11.02811
2024-12-04 05:00:00,11.02795,11.03834,11.02604,11.03698
2024-12-04 05:30:00,11.03694,11.03988,11.02979,11.0351
2024-12-04 06:00:00,11.03511,11.03938,11.02331,11.02446
2024-12-04 06:30:00,11.02447,11.02549,11.01223,11.01483
2024-12-04 07:00:00,11.01484,11.01659,11.00161,11.00266
2024-12-04 07:30:00,11.00269,11.00519,10.99609,11.00353
2024-12-04 08:00:00,11.0035,11.01372,11.00248,11.01054
2024-12-04 08:30:00,11.01049,11.01196,10.99073,10.99942
2024-12-04 09:00:00,10.99948,11.01324,10.99587,11.009
2024-12-04 09:30:00,11.00907,11.01681,11.00679,11.01241
2024-12-04 10:00:00,11.01304,11.01914,11.00623,11.01766
2024-12-04 10:30:00,11.01766,11.03007,11.0139,11.02762
2024-12-04 11:00:00,11.02656,11.03549,11.02167,11.02562
2024-12-04 11:30:00,11.02561,11.02716,11.01016,11.01365
2024-12-04 12:00:00,11.01364,11.01531,11.00118,11.00445
2024-12-04 12:30:00,11.00462,11.02096,11.00109,11.01713
2024-12-04 13:00:00,11.01708,11.01983,11.00745,11.00982
2024-12-04 13:30:00,11.00979,11.01204,11.00094,11.00488
2024-12-04 14:00:00,11.00481,11.01264,10.99675,11.00174
2024-12-04 14:30:00,11.0017,11.01617,10.99753,11.01016
2024-12-04 15:00:00,11.01109,11.01655,10.99715,11.00033
2024-12-04 15:30:00,10.99995,11.00723,10.98779,11.00607
2024-12-04 16:00:00,11.0061,11.01435,10.99332,10.99884
2024-12-04 16:30:00,10.9989,11.01164,10.99521,11.00078
2024-12-04 17:00:00,11.00081,11.00081,10.94232,10.94797
2024-12-04 17:30:00,10.94764,10.96151,10.93061,10.94684
2024-12-04 18:00:00,10.94621,10.95175,10.92661,10.92879
2024-12-04 18:30:00,10.92832,10.93526,10.92189,10.92385
2024-12-04 19:00:00,10.92381,10.92659,10.90328,10.90436
2024-12-04 19:30:00,10.90438,10.91387,10.90099,10.90713
2024-12-04 20:00:00,10.90709,10.91537,10.90532,10.91404
2024-12-04 20:30:00,10.91397,10.92679,10.909,10.92497
2024-12-04 21:00:00,10.926,10.93634,10.90878,10.92648
2024-12-04 21:30:00,10.92627,10.93364,10.91399,10.92733
2024-12-04 22:00:00,10.92741,10.93683,10.92336,10.92963
2024-12-04 22:30:00,10.92991,10.93019,10.92037,10.92181
2024-12-04 23:00:00,10.92171,10.92811,10.91715,10.92639
2024-12-04 23:30:00,10.92649,10.93197,10.91805,10.91805
2024-12-05 00:00:00,10.91721,10.9245,10.91646,10.92158
2024-12-05 00:30:00,10.9218,10.9235,10.9192,10.92209
2024-12-05 01:00:00,10.92206,10.9262,10.91739,10.92024
2024-12-05 01:30:00,10.91964,10.92605,10.91609,10.9215
2024-12-05 02:00:00,10.92152,10.92668,10.92106,10.92622
2024-12-05 02:30:00,10.92615,10.93119,10.91889,10.92293
2024-12-05 03:00:00,10.92307,10.93194,10.9223,10.92596
2024-12-05 03:30:00,10.92596,10.9323,10.92323,10.92797
2024-12-05 04:00:00,10.92782,10.92912,10.91938,10.92009
2024-12-05 04:30:00,10.92024,10.9203,10.91106,10.91765
2024-12-05 05:00:00,10.91762,10.91945,10.91387,10.91909
2024-12-05 05:30:00,10.91908,10.92615,10.9167,10.92003
2024-12-05 06:00:00,10.92023,10.92334,10.91405,10.92103
2024-12-05 06:30:00,10.92107,10.92686,10.91945,10.92485
2024-12-05 07:00:00,10.92481,10.92614,10.91342,10.91696
2024-12-05 07:30:00,10.9168,10.91751,10.91066,10.91284
2024-12-05 08:00:00,10.91285,10.92025,10.9075,10.91923
2024-12-05 08:30:00,10.91924,10.92054,10.90915,10.91094
2024-12-05 09:00:00,10.91075,10.92108,10.90551,10.91993
2024-12-05 09:30:00,10.92013,10.9267,10.90601,10.90846
2024-12-05 10:00:00,10.90811,10.91467,10.89632,10.90764
2024-12-05 10:30:00,10.9076,10.92244,10.90682,10.92165
2024-12-05 11:00:00,10.92164,10.93816,10.91504,10.93596
2024-12-05 11:30:00,10.93568,10.94181,10.92127,10.93833
2024-12-05 12:00:00,10.93853,10.94027,10.92375,10.93203
2024-12-05 12:30:00,10.93206,10.93775,10.92821,10.93558
2024-12-05 13:00:00,10.93655,10.93941,10.93107,10.93692
2024-12-05 13:30:00,10.93696,10.93714,10.92276,10.92953
2024-12-05 14:00:00,10.92949,10.94625,10.92725,10.94037
2024-12-05 14:30:00,10.94038,10.945,10.92665,10.92767
2024-12-05 15:00:00,10.92767,10.93441,10.9078,10.90972
2024-12-05 15:30:00,10.90978,10.91065,10.88347,10.88474
2024-12-05 16:00:00,10.88459,10.88903,10.86602,10.86751
2024-12-05 16:30:00,10.86745,10.87101,10.84891,10.8701
2024-12-05 17:00:00,10.87014,10.88878,10.8635,10.88876
2024-12-05 17:30:00,10.88877,10.89483,10.87144,10.87526
2024-12-05 18:00:00,10.87521,10.88294,10.86456,10.87332
2024-12-05 18:30:00,10.87324,10.88494,10.87258,10.8769
2024-12-05 19:00:00,10.87696,10.88513,10.8683,10.88499
2024-12-05 19:30:00,10.88434,10.88712,10.87096,10.874
2024-12-05 20:00:00,10.87422,10.88748,10.87124,10.88332
2024-12-05 20:30:00,10.8833,10.88651,10.87334,10.87477
2024-12-05 21:00:00,10.87404,10.87404,10.85793,10.86059
2024-12-05 21:30:00,10.86064,10.86209,10.84932,10.85078
2024-12-05 22:00:00,10.85075,10.85505,10.84917,10.85015
2024-12-05 22:30:00,10.85012,10.85938,10.84952,10.85498
2024-12-05 23:00:00,10.85556,10.85627,10.84656,10.84663
2024-12-05 23:30:00,10.84618,10.85137,10.84176,10.84521
2024-12-06 00:00:00,10.84216,10.84997,10.82783,10.84452
2024-12-06 00:30:00,10.85018,10.85136,10.84165,10.84353
2024-12-06 01:00:00,10.84342,10.85519,10.84047,10.8493
2024-12-06 01:30:00,10.84938,10.852,10.84661,10.84925
2024-12-06 02:00:00,10.84923,10.85775,10.84907,10.85622
2024-12-06 02:30:00,10.85611,10.85927,10.85384,10.85836
2024-12-06 03:00:00,10.85889,10.86957,10.85889,10.86618
2024-12-06 03:30:00,10.86615,10.87917,10.86096,10.87434
2024-12-06 04:00:00,10.87429,10.87493,10.86755,10.86844
2024-12-06 04:30:00,10.86848,10.86966,10.86074,10.8626
2024-12-06 05:00:00,10.86258,10.86384,10.8575,10.85825
2024-12-06 05:30:00,10.85824,10.86271,10.85455,10.85521
2024-12-06 06:00:00,10.85517,10.85867,10.85481,10.85828
2024-12-06 06:30:00,10.85829,10.8646,10.85768,10.86027
2024-12-06 07:00:00,10.86052,10.86808,10.86039,10.86551
2024-12-06 07:30:00,10.86549,10.86739,10.86493,10.86531
2024-12-06 08:00:00,10.86529,10.86853,10.85821,10.86061
2024-12-06 08:30:00,10.8601,10.86469,10.85983,10.86254
2024-12-06 09:00:00,10.86252,10.87419,10.86152,10.86761
2024-12-06 09:30:00,10.86764,10.87001,10.84522,10.84662
2024-12-06 10:00:00,10.8466,10.85378,10.84346,10.85034
2024-12-06 10:30:00,10.85035,10.85255,10.84409,10.84514
2024-12-06 11:00:00,10.84473,10.85423,10.84359,10.85363
2024-12-06 11:30:00,10.8536,10.86142,10.85082,10.85962
2024-12-06 12:00:00,10.85934,10.87408,10.85664,10.8725
2024-12-06 12:30:00,10.87258,10.87768,10.86669,10.87458
2024-12-06 13:00:00,10.87464,10.88153,10.86572,10.876
2024-12-06 13:30:00,10.87599,10.87845,10.8671,10.87018
2024-12-06 14:00:00,10.8702,10.88057,10.8702,10.87808
2024-12-06 14:30:00,10.87809,10.88628,10.87659,10.88558
2024-12-06 15:00:00,10.88539,10.89271,10.86911,10.86911
2024-12-06 15:30:00,10.87615,10.87615,10.82352,10.85265
2024-12-06 16:00:00,10.85279,10.88836,10.84866,10.87515
2024-12-06 16:30:00,10.87499,10.89584,10.8665,10.89036
2024-12-06 17:00:00,10.88975,10.92131,10.88893,10.90465
2024-12-06 17:30:00,10.90466,10.9406,10.90371,10.92489
2024-12-06 18:00:00,10.92483,10.93405,10.91192,10.91432
2024-12-06 18:30:00,10.91433,10.93477,10.91189,10.93453
2024-12-06 19:00:00,10.9344,10.9599,10.93416,10.952
2024-12-06 19:30:00,10.95207,10.9581,10.94178,10.95289
2024-12-06 20:00:00,10.95286,10.95352,10.94115,10.94596
2024-12-06 20:30:00,10.94599,10.95658,10.94448,10.95305
2024-12-06 21:00:00,10.9532,10.9623,10.95279,10.95486
2024-12-06 21:30:00,10.95484,10.95711,10.94467,10.94467
2024-12-06 22:00:00,10.94354,10.94454,10.93497,10.93684
2024-12-06 22:30:00,10.93681,10.9406,10.93153,10.9317
2024-12-06 23:00:00,10.93191,10.93849,10.92514,10.92888
2024-12-06 23:30:00,10.92896,10.93287,10.92421,10.93213
2024-12-09 00:00:00,10.91503,10.91913,10.91374,10.91703
2024-12-09 00:30:00,10.91662,10.92106,10.91281,10.91842
2024-12-09 01:00:00,10.91843,10.92967,10.91156,10.92577
2024-12-09 01:30:00,10.92504,10.93059,10.92027,10.92298
2024-12-09 02:00:00,10.92138,10.93681,10.92138,10.93204
2024-12-09 02:30:00,10.93138,10.93865,10.92669,10.9284
2024-12-09 03:00:00,10.92892,10.93926,10.92823,10.93477
2024-12-09 03:30:00,10.93473,10.94286,10.93341,10.94162
2024-12-09 04:00:00,10.94161,10.94164,10.93412,10.93783
2024-12-09 04:30:00,10.93776,10.93992,10.93361,10.93361
2024-12-09 05:00:00,10.93361,10.94917,10.93197,10.94713
2024-12-09 05:30:00,10.94712,10.9612,10.94331,10.96049
2024-12-09 06:00:00,10.96045,10.96664,10.95572,10.96389
2024-12-09 06:30:00,10.96392,10.96502,10.96066,10.96493
2024-12-09 07:00:00,10.96494,10.96756,10.96387,10.96678
2024-12-09 07:30:00,10.96676,10.96775,10.96345,10.96396
2024-12-09 08:00:00,10.96398,10.96666,10.95763,10.96209
2024-12-09 08:30:00,10.96169,10.96283,10.95668,10.96033
2024-12-09 09:00:00,10.96059,10.96273,10.93309,10.93807
2024-12-09 09:30:00,10.93813,10.94423,10.91758,10.92245
2024-12-09 10:00:00,10.92253,10.93641,10.91732,10.92058
2024-12-09 10:30:00,10.92061,10.92761,10.90928,10.91375
2024-12-09 11:00:00,10.91372,10.9142,10.89419,10.89564
2024-12-09 11:30:00,10.89559,10.91411,10.89163,10.9048
2024-12-09 12:00:00,10.90486,10.90486,10.88712,10.89346
2024-12-09 12:30:00,10.89334,10.89803,10.89013,10.89603
2024-12-09 13:00:00,10.89668,10.89858,10.88499,10.89385
2024-12-09 13:30:00,10.89389,10.91429,10.89364,10.91279
2024-12-09 14:00:00,10.91283,10.91474,10.90045,10.90777
2024-12-09 14:30:00,10.90776,10.92222,10.90622,10.91404
2024-12-09 15:00:00,10.91393,10.92325,10.90621,10.90737
2024-12-09 15:30:00,10.90742,10.90743,10.89232,10.89632
2024-12-09 16:00:00,10.89613,10.90681,10.89012,10.90329
2024-12-09 16:30:00,10.90328,10.91026,10.89615,10.90536
2024-12-09 17:00:00,10.90525,10.91253,10.90141,10.90841
2024-12-09 17:30:00,10.90833,10.90904,10.88234,10.88621
2024-12-09 18:00:00,10.88597,10.90355,10.88146,10.89981
2024-12-09 18:30:00,10.89983,10.91043,10.89522,10.90632
2024-12-09 19:00:00,10.90634,10.90806,10.89637,10.90756
2024-12-09 19:30:00,10.90756,10.9103,10.89863,10.90547
2024-12-09 20:00:00,10.90549,10.90983,10.90467,10.90877
2024-12-09 20:30:00,10.90881,10.91054,10.90369,10.90759
2024-12-09 21:00:00,10.90761,10.91338,10.9068,10.91269
2024-12-09 21:30:00,10.91275,10.91974,10.90878,10.91861
2024-12-09 22:00:00,10.91863,10.92898,10.91622,10.92869
2024-12-09 22:30:00,10.92871,10.92922,10.91762,10.91844
2024-12-09 23:00:00,10.91845,10.91971,10.91105,10.91538
2024-12-09 23:30:00,10.91536,10.91858,10.9015,10.9015
2024-12-10 00:00:00,10.84757,10.90154,10.84757,10.89692
2024-12-10 00:30:00,10.89687,10.90532,10.89645,10.90275
2024-12-10 01:00:00,10.90243,10.91079,10.90078,10.9099
2024-12-10 01:30:00,10.90994,10.91211,10.9048,10.90896
2024-12-10 02:00:00,10.90905,10.91291,10.90795,10.91033
2024-12-10 02:30:00,10.90924,10.91261,10.90634,10.90634
2024-12-10 03:00:00,10.90641,10.91489,10.90641,10.91175
2024-12-10 03:30:00,10.91174,10.92109,10.91136,10.91639
2024-12-10 04:00:00,10.91637,10.91648,10.90428,10.91272
2024-12-10 04:30:00,10.91279,10.91663,10.90946,10.91525
2024-12-10 05:00:00,10.91523,10.91848,10.91206,10.91522
2024-12-10 05:30:00,10.91534,10.92434,10.91188,10.91745
2024-12-10 06:00:00,10.91727,10.91903,10.91122,10.91263
2024-12-10 06:30:00,10.91259,10.9162,10.90895,10.91538
2024-12-10 07:00:00,10.91544,10.92126,10.91248,10.91938
2024-12-10 07:30:00,10.91942,10.91942,10.90717,10.9084
2024-12-10 08:00:00,10.90844,10.90966,10.90161,10.90234
2024-12-10 08:30:00,10.90229,10.91011,10.90017,10.90644
2024-12-10 09:00:00,10.90703,10.92841,10.90475,10.92704
2024-12-10 09:30:00,10.9271,10.94736,10.92339,10.94354
2024-12-10 10:00:00,10.94354,10.95156,10.93628,10.94166
2024-12-10 10:30:00,10.94156,10.95002,10.93488,10.94659
2024-12-10 11:00:00,10.94616,10.95275,10.93718,10.94989
2024-12-10 11:30:00,10.9498,10.96076,10.9439,10.95199
2024-12-10 12:00:00,10.95207,10.95336,10.94223,10.9469
2024-12-10 12:30:00,10.94698,10.95058,10.93795,10.94758
2024-12-10 13:00:00,10.94714,10.9572,10.94657,10.94801
2024-12-10 13:30:00,10.94795,10.95669,10.94752,10.952
2024-12-10 14:00:00,10.95201,10.96722,10.95065,10.96551
2024-12-10 14:30:00,10.96561,10.96896,10.95035,10.95347
2024-12-10 15:00:00,10.95347,10.96885,10.95176,10.96195
2024-12-10 15:30:00,10.96109,10.96777,10.95291,10.96219
2024-12-10 16:00:00,10.96118,10.96477,10.94551,10.9537
2024-12-10 16:30:00,10.95373,10.96772,10.94789,10.96758
2024-12-10 17:00:00,10.96766,10.98897,10.95945,10.98676
2024-12-10 17:30:00,10.98676,10.99091,10.97017,10.98632
2024-12-10 18:00:00,10.98614,10.99221,10.97913,10.98227
2024-12-10 18:30:00,10.98226,10.99415,10.98131,10.98658
2024-12-10 19:00:00,10.9866,10.99534,10.98008,10.99467
2024-12-10 19:30:00,10.99468,10.99827,10.98915,10.99339
2024-12-10 20:00:00,10.99274,10.99447,10.98046,10.98155
2024-12-10 20:30:00,10.98153,10.98173,10.97132,10.97548
2024-12-10 21:00:00,10.97536,10.97691,10.96746,10.97265
2024-12-10 21:30:00,10.97271,10.97572,10.97149,10.97405
2024-12-10 22:00:00,10.97376,10.97672,10.97213,10.97288
2024-12-10 22:30:00,10.97292,10.97425,10.96844,10.97336
2024-12-10 23:00:00,10.97332,10.97642,10.97095,10.97246
2024-12-10 23:30:00,10.97232,10.97467,10.96005,10.96005
2024-12-11 00:00:00,10.95699,10.96124,10.95602,10.95928
2024-12-11 00:30:00,10.95892,10.96175,10.95758,10.95879
2024-12-11 01:00:00,10.95865,10.96351,10.95601,10.95834
2024-12-11 01:30:00,10.95836,10.96049,10.9569,10.95999
2024-12-11 02:00:00,10.96014,10.96502,10.95799,10.96213
2024-12-11 02:30:00,10.96207,10.9699,10.9568,10.96738
2024-12-11 03:00:00,10.96704,10.97049,10.95856,10.95898
2024-12-11 03:30:00,10.95899,10.96244,10.95594,10.9581
2024-12-11 04:00:00,10.95824,10.96094,10.95279,10.954
2024-12-11 04:30:00,10.95399,10.95964,10.95228,10.95441
2024-12-11 05:00:00,10.95442,10.96581,10.95314,10.96188
2024-12-11 05:30:00,10.96183,10.96602,10.95973,10.96602
2024-12-11 06:00:00,10.966,10.97039,10.96373,10.96596
2024-12-11 06:30:00,10.96592,10.97239,10.96578,10.96825
2024-12-11 07:00:00,10.96824,10.9727,10.96545,10.97213
2024-12-11 07:30:00,10.97217,10.97272,10.96528,10.96835
2024-12-11 08:00:00,10.96841,10.97528,10.96694,10.97256
2024-12-11 08:30:00,10.97255,10.97531,10.96679,10.96904
2024-12-11 09:00:00,10.96864,10.99751,10.96289,10.99624
2024-12-11 09:30:00,10.99632,11.01624,10.99218,11.0153
2024-12-11 10:00:00,11.01533,11.01752,10.99611,10.99813
2024-12-11 10:30:00,10.99808,10.99811,10.97262,10.99071
2024-12-11 11:00:00,10.99081,10.9986,10.98198,10.99356
2024-12-11 11:30:00,10.9935,10.99881,10.98786,10.99273
2024-12-11 12:00:00,10.99271,11.00533,10.9883,10.99243
2024-12-11 12:30:00,10.9925,10.99591,10.98223,10.9892
2024-12-11 13:00:00,10.98895,10.99553,10.9795,10.985
2024-12-11 13:30:00,10.98489,10.98755,10.9732,10.97536
2024-12-11 14:00:00,10.97543,10.97577,10.96087,10.97169
2024-12-11 14:30:00,10.97163,10.97752,10.96263,10.96898
2024-12-11 15:00:00,10.96884,10.96884,10.9446,10.9446
2024-12-11 15:30:00,10.93499,10.95767,10.91793,10.93638
2024-12-11 16:00:00,10.9371,10.9559,10.92702,10.95189
2024-12-11 16:30:00,10.95189,10.96954,10.94963,10.95792
2024-12-11 17:00:00,10.9575,10.97029,10.94744,10.9665
2024-12-11 17:30:00,10.9666,10.9928,10.96515,10.9802
2024-12-11 18:00:00,10.97984,10.98964,10.97304,10.98469
2024-12-11 18:30:00,10.98452,10.98517,10.95745,10.96527
2024-12-11 19:00:00,10.96539,10.98348,10.96227,10.98079
2024-12-11 19:30:00,10.98084,10.99096,10.97502,10.98841
2024-12-11 20:00:00,10.98836,10.98889,10.96801,10.97054
2024-12-11 20:30:00,10.9704,10.99388,10.96831,10.99131
2024-12-11 21:00:00,10.99137,10.99363,10.98435,10.9851
2024-12-11 21:30:00,10.98506,10.98779,10.97603,10.978
2024-12-11 22:00:00,10.97802,10.97962,10.97275,10.97681
2024-12-11 22:30:00,10.97685,10.9808,10.97325,10.97709
2024-12-11 23:00:00,10.97698,10.97774,10.97251,10.975
2024-12-11 23:30:00,10.97561,10.9776,10.96176,10.96192
2024-12-12 00:00:00,10.95857,10.96283,10.9532,10.96135
2024-12-12 00:30:00,10.96085,10.97744,10.95801,10.9712
2024-12-12 01:00:00,10.97125,10.97125,10.96121,10.96818
2024-12-12 01:30:00,10.96817,10.96853,10.96132,10.96287
2024-12-12 02:00:00,10.96284,10.96351,10.95646,10.96174
2024-12-12 02:30:00,10.96178,10.96506,10.95471,10.95665
2024-12-12 03:00:00,10.95698,10.95889,10.95141,10.95258
2024-12-12 03:30:00,10.9526,10.95657,10.95171,10.95469
2024-12-12 04:00:00,10.95468,10.95776,10.95192,10.95561
2024-12-12 04:30:00,10.95556,10.95794,10.95442,10.95713
2024-12-12 05:00:00,10.95712,10.95874,10.95183,10.9522
2024-12-12 05:30:00,10.95214,10.95681,10.95127,10.95556
2024-12-12 06:00:00,10.95556,10.95772,10.95405,10.95422
2024-12-12 06:30:00,10.95419,10.95666,10.95018,10.95018
2024-12-12 07:00:00,10.95013,10.95196,10.94616,10.9491
2024-12-12 07:30:00,10.94909,10.95301,10.94753,10.94979
2024-12-12 08:00:00,10.94962,10.95258,10.94606,10.95053
2024-12-12 08:30:00,10.95052,10.95059,10.94282,10.94386
2024-12-12 09:00:00,10.94141,10.94928,10.92967,10.94858
2024-12-12 09:30:00,10.94857,10.9541,10.94092,10.95362
2024-12-12 10:00:00,10.95414,10.96371,10.94594,10.96336
2024-12-12 10:30:00,10.96317,10.97232,10.95811,10.95912
2024-12-12 11:00:00,10.95922,10.96292,10.95272,10.95874
2024-12-12 11:30:00,10.95876,10.96625,10.95411,10.95683
2024-12-12 12:00:00,10.95679,10.96406,10.95256,10.95863
2024-12-12 12:30:00,10.95848,10.97209,10.95747,10.97072
2024-12-12 13:00:00,10.97048,10.97219,10.95602,10.95674
2024-12-12 13:30:00,10.95666,10.96037,10.95177,10.95932
2024-12-12 14:00:00,10.95929,10.96669,10.95486,10.95716
2024-12-12 14:30:00,10.95709,10.9608,10.94873,10.96052
2024-12-12 15:00:00,10.96054,10.98279,10.95356,10.96869
2024-12-12 15:30:00,10.96715,10.96772,10.93893,10.95097
2024-12-12 16:00:00,10.95063,10.98287,10.94205,10.97319
2024-12-12 16:30:00,10.97324,10.97455,10.92555,10.93955
2024-12-12 17:00:00,10.93908,10.98689,10.93746,10.98689
2024-12-12 17:30:00,10.98734,11.01239,10.98703,11.00289
2024-12-12 18:00:00,11.00281,11.00547,10.98207,10.98492
2024-12-12 18:30:00,10.98494,10.98494,10.96115,10.9675
2024-12-12 19:00:00,10.96693,10.98176,10.96229,10.97659
2024-12-12 19:30:00,10.97662,10.98823,10.97548,10.9828
2024-12-12 20:00:00,10.98239,10.99169,10.97909,10.98309
2024-12-12 20:30:00,10.9831,11.00066,10.98041,10.99777
2024-12-12 21:00:00,10.9981,11.00729,10.99176,11.0058
2024-12-12 21:30:00,11.00574,11.0125,11.00272,11.00991
2024-12-12 22:00:00,11.00985,11.01396,11.00665,11.01177
2024-12-12 22:30:00,11.01188,11.02355,11.01,11.0225
2024-12-12 23:00:00,11.02257,11.02467,11.01359,11.0165
2024-12-12 23:30:00,11.01652,11.01863,11.00664,11.00664
2024-12-13 00:00:00,11.00121,11.00576,10.99078,10.99378
2024-12-13 00:30:00,10.99616,11.00415,10.99305,11.00068
2024-12-13 01:00:00,11.00071,11.01082,10.99831,11.01012
2024-12-13 01:30:00,11.01018,11.0123,11.00904,11.01116
2024-12-13 02:00:00,11.01116,11.01584,11.01013,11.01176
2024-12-13 02:30:00,11.01182,11.01542,11.0081,11.01011
2024-12-13 03:00:00,11.01039,11.02606,11.01039,11.02401
2024-12-13 03:30:00,11.02407,11.02819,11.01843,11.02549
2024-12-13 04:00:00,11.02541,11.02808,11.02449,11.02553
2024-12-13 04:30:00,11.02551,11.02994,11.02185,11.02888
2024-12-13 05:00:00,11.02889,11.03069,11.02671,11.029
2024-12-13 05:30:00,11.02902,11.03154,11.02758,11.03098
2024-12-13 06:00:00,11.03094,11.03528,11.02949,11.034
2024-12-13 06:30:00,11.03399,11.03432,11.02855,11.02894
2024-12-13 07:00:00,11.02892,11.02938,11.02269,11.02699
2024-12-13 07:30:00,11.02702,11.02783,11.02259,11.02346
2024-12-13 08:00:00,11.02345,11.0333,11.02263,11.03097
2024-12-13 08:30:00,11.03098,11.03289,11.01968,11.02017
2024-12-13 09:00:00,11.02081,11.03678,11.01968,11.0236
2024-12-13 09:30:00,11.02359,11.02694,11.01388,11.01948
2024-12-13 10:00:00,11.01904,11.02438,11.00357,11.00498
2024-12-13 10:30:00,11.00499,11.01026,11.00101,11.00201
2024-12-13 11:00:00,11.00195,11.00925,10.99722,11.0063
2024-12-13 11:30:00,11.00638,11.01374,10.98076,10.98984
2024-12-13 12:00:00,10.98955,10.99468,10.97763,10.97863
2024-12-13 12:30:00,10.97861,10.98608,10.97355,10.98192
2024-12-13 13:00:00,10.98197,10.98249,10.97014,10.97516
2024-12-13 13:30:00,10.97523,10.9779,10.96729,10.97332
2024-12-13 14:00:00,10.9733,10.97547,10.96304,10.97048
2024-12-13 14:30:00,10.97034,10.97064,10.94334,10.94485
2024-12-13 15:00:00,10.94491,10.95067,10.93953,10.94242
2024-12-13 15:30:00,10.94196,10.94531,10.92783,10.94013
2024-12-13 16:00:00,10.94023,10.96122,10.94002,10.95896
2024-12-13 16:30:00,10.95898,10.97568,10.95829,10.97335
2024-12-13 17:00:00,10.97333,10.98879,10.97328,10.9855
2024-12-13 17:30:00,10.98546,10.99106,10.97323,10.98524
2024-12-13 18:00:00,10.98523,10.9897,10.9685,10.98381
2024-12-13 18:30:00,10.98384,10.98455,10.97072,10.9788
2024-12-13 19:00:00,10.97879,10.98517,10.97564,10.98306
2024-12-13 19:30:00,10.98311,10.98802,10.97099,10.98176
2024-12-13 20:00:00,10.98195,10.99025,10.98047,10.98358
2024-12-13 20:30:00,10.98345,10.98665,10.97679,10.98278
2024-12-13 21:00:00,10.98273,10.98503,10.96998,10.97967
2024-12-13 21:30:00,10.97966,10.98076,10.9761,10.97975
2024-12-13 22:00:00,10.97949,10.98236,10.97792,10.97935
2024-12-13 22:30:00,10.97934,10.98094,10.97692,10.97706
2024-12-13 23:00:00,10.97695,10.97848,10.9708,10.97431
2024-12-13 23:30:00,10.97432,10.97655,10.96681,10.97186
2024-12-16 00:00:00,10.9713,10.98216,10.9713,10.98032
2024-12-16 00:30:00,10.97929,10.98109,10.96543,10.96653
2024-12-16 01:00:00,10.9726,10.99396,10.96336,10.97927
2024-12-16 01:30:00,10.97926,10.98477,10.96374,10.97692
2024-12-16 02:00:00,10.97703,10.97777,10.96302,10.96813
2024-12-16 02:30:00,10.96814,10.97076,10.95817,10.96986
2024-12-16 03:00:00,10.96996,10.97196,10.96268,10.96562
2024-12-16 03:30:00,10.9654,10.96835,10.96324,10.96459
2024-12-16 04:00:00,10.96454,10.96966,10.95931,10.96848
2024-12-16 04:30:00,10.96853,10.97468,10.96732,10.97134
2024-12-16 05:00:00,10.97133,10.97613,10.96822,10.97486
2024-12-16 05:30:00,10.97483,10.97729,10.97252,10.97386
2024-12-16 06:00:00,10.97384,10.97416,10.96772,10.97115
2024-12-16 06:30:00,10.97113,10.97459,10.96767,10.96869
2024-12-16 07:00:00,10.96867,10.9707,10.96641,10.96821
2024-12-16 07:30:00,10.96822,10.97035,10.96393,10.96589
2024-12-16 08:00:00,10.96627,10.97517,10.96364,10.96985
2024-12-16 08:30:00,10.9698,10.97779,10.96955,10.97537
2024-12-16 09:00:00,10.97533,10.9809,10.96664,10.96724
2024-12-16 09:30:00,10.9672,10.97742,10.96185,10.97068
2024-12-16 10:00:00,10.97074,10.97301,10.95932,10.96461
2024-12-16 10:30:00,10.96009,10.96737,10.94558,10.96414
2024-12-16 11:00:00,10.96386,10.97254,10.94795,10.96119
2024-12-16 11:30:00,10.96081,10.97315,10.95328,10.96734
2024-12-16 12:00:00,10.96724,10.97544,10.96581,10.96956
2024-12-16 12:30:00,10.96954,10.97797,10.96794,10.97638
2024-12-16 13:00:00,10.97631,10.97764,10.96045,10.96299
2024-12-16 13:30:00,10.9631,10.96753,10.95585,10.95625
2024-12-16 14:00:00,10.95617,10.95869,10.93795,10.93934
2024-12-16 14:30:00,10.93937,10.94083,10.89219,10.90663
2024-12-16 15:00:00,10.9067,10.91826,10.90203,10.90877
2024-12-16 15:30:00,10.90808,10.92183,10.90634,10.91275
2024-12-16 16:00:00,10.91259,10.93347,10.90904,10.92721
2024-12-16 16:30:00,10.92723,10.94498,10.92316,10.93531
2024-12-16 17:00:00,10.93569,10.936,10.90314,10.90572
2024-12-16 17:30:00,10.9057,10.90594,10.8769,10.8894
2024-12-16 18:00:00,10.88924,10.91459,10.88653,10.90866
2024-12-16 18:30:00,10.90863,10.90865,10.88649,10.89106
2024-12-16 19:00:00,10.89104,10.89872,10.87714,10.89168
2024-12-16 19:30:00,10.89144,10.89936,10.88323,10.88681
2024-12-16 20:00:00,10.88682,10.89181,10.88424,10.89014
2024-12-16 20:30:00,10.89012,10.89279,10.87626,10.87792
2024-12-16 21:00:00,10.87793,10.88644,10.87644,10.88434
2024-12-16 21:30:00,10.88433,10.8938,10.88333,10.88597
2024-12-16 22:00:00,10.88593,10.88875,10.88496,10.88622
2024-12-16 22:30:00,10.88625,10.89311,10.88477,10.88915
2024-12-16 23:00:00,10.88921,10.89345,10.88742,10.8901
2024-12-16 23:30:00,10.89009,10.89047,10.87411,10.87411
2024-12-17 00:00:00,10.87128,10.88247,10.86721,10.8804
2024-12-17 00:30:00,10.88041,10.89363,10.87712,10.89122
2024-12-17 01:00:00,10.8877,10.8877,10.87497,10.88022
2024-12-17 01:30:00,10.88046,10.88298,10.87747,10.87776
2024-12-17 02:00:00,10.87761,10.8826,10.8761,10.87844
2024-12-17 02:30:00,10.87845,10.88133,10.86752,10.87423
2024-12-17 03:00:00,10.87429,10.8834,10.87352,10.8831
2024-12-17 03:30:00,10.8828,10.88448,10.87797,10.87882
2024-12-17 04:00:00,10.87883,10.8806,10.87491,10.87932
2024-12-17 04:30:00,10.87933,10.88671,10.87841,10.88643
2024-12-17 05:00:00,10.8865,10.88952,10.88479,10.88736
2024-12-17 05:30:00,10.88739,10.89361,10.88738,10.89195
2024-12-17 06:00:00,10.89202,10.89519,10.89015,10.89087
2024-12-17 06:30:00,10.89067,10.89748,10.88987,10.89705
2024-12-17 07:00:00,10.89704,10.90113,10.89636,10.89704
2024-12-17 07:30:00,10.89709,10.90249,10.89602,10.90058
2024-12-17 08:00:00,10.90057,10.9159,10.89783,10.9113
2024-12-17 08:30:00,10.91129,10.91449,10.9054,10.90569
2024-12-17 09:00:00,10.90575,10.9174,10.90572,10.90892
2024-12-17 09:30:00,10.90899,10.91727,10.90464,10.91409
2024-12-17 10:00:00,10.91416,10.91902,10.91259,10.91862
2024-12-17 10:30:00,10.91871,10.93042,10.91767,10.92333
2024-12-17 11:00:00,10.923,10.93855,10.92119,10.93756
2024-12-17 11:30:00,10.93768,10.94275,10.93322,10.9367
2024-12-17 12:00:00,10.93689,10.93885,10.92627,10.93406
2024-12-17 12:30:00,10.93411,10.93481,10.92451,10.92787
2024-12-17 13:00:00,10.92789,10.93246,10.92532,10.92832
2024-12-17 13:30:00,10.92782,10.93157,10.92559,10.92936
2024-12-17 14:00:00,10.92927,10.93156,10.92041,10.92648
2024-12-17 14:30:00,10.92649,10.9297,10.9215,10.92209
2024-12-17 15:00:00,10.92242,10.94289,10.92194,10.94038
2024-12-17 15:30:00,10.93989,10.94721,10.92924,10.93143
2024-12-17 16:00:00,10.93143,10.93827,10.92641,10.93419
2024-12-17 16:30:00,10.93446,10.95041,10.92679,10.94371
2024-12-17 17:00:00,10.94343,10.95142,10.9422,10.94444
2024-12-17 17:30:00,10.94425,10.94535,10.93278,10.93849
2024-12-17 18:00:00,10.93845,10.94814,10.93285,10.94411
2024-12-17 18:30:00,10.94408,10.94863,10.92993,10.93177
2024-12-17 19:00:00,10.93178,10.94604,10.92021,10.93377
2024-12-17 19:30:00,10.93375,10.93876,10.92788,10.9377
2024-12-17 20:00:00,10.93775,10.95198,10.93748,10.94951
2024-12-17 20:30:00,10.9495,10.96042,10.93776,10.95594
2024-12-17 21:00:00,10.95592,10.9671,10.95253,10.9667
2024-12-17 21:30:00,10.96685,10.96803,10.96176,10.96756
2024-12-17 22:00:00,10.9671,10.96837,10.96213,10.9628
2024-12-17 22:30:00,10.96278,10.97288,10.96234,10.96682
2024-12-17 23:00:00,10.96682,10.96908,10.96303,10.96309
2024-12-17 23:30:00,10.96268,10.96353,10.9538,10.9538
2024-12-18 00:00:00,10.9515,10.95662,10.9457,10.95491
2024-12-18 00:30:00,10.95486,10.95699,10.95056,10.95333
2024-12-18 01:00:00,10.95272,10.95798,10.95243,10.95673
2024-12-18 01:30:00,10.95667,10.95757,10.95346,10.95431
2024-12-18 02:00:00,10.9543,10.95716,10.94891,10.94967
2024-12-18 02:30:00,10.94974,10.95352,10.94608,10.94961
2024-12-18 03:00:00,10.94947,10.95507,10.94675,10.95031
2024-12-18 03:30:00,10.95025,10.95446,10.94557,10.94645
2024-12-18 04:00:00,10.94639,10.95431,10.94453,10.95177
2024-12-18 04:30:00,10.95184,10.95623,10.94946,10.95231
2024-12-18 05:00:00,10.95231,10.95513,10.95201,10.95227
2024-12-18 05:30:00,10.95228,10.9538,10.95028,10.95322
2024-12-18 06:00:00,10.95326,10.95996,10.95274,10.9537
2024-12-18 06:30:00,10.95373,10.95387,10.94492,10.9501
2024-12-18 07:00:00,10.95012,10.95534,10.94971,10.95375
2024-12-18 07:30:00,10.95378,10.95433,10.94855,10.95248
2024-12-18 08:00:00,10.95221,10.95346,10.94736,10.95197
2024-12-18 08:30:00,10.952,10.95337,10.94283,10.94415
2024-12-18 09:00:00,10.94419,10.95326,10.94117,10.95134
2024-12-18 09:30:00,10.9514,10.95594,10.94532,10.9504
2024-12-18 10:00:00,10.95061,10.95784,10.9445,10.95049
2024-12-18 10:30:00,10.95048,10.95558,10.94161,10.95028
2024-12-18 11:00:00,10.95065,10.96366,10.949,10.96248
2024-12-18 11:30:00,10.96278,10.96405,10.94929,10.95202
2024-12-18 12:00:00,10.95179,10.96296,10.94794,10.96188
2024-12-18 12:30:00,10.96184,10.96499,10.942,10.94368
2024-12-18 13:00:00,10.9437,10.95407,10.94008,10.94929
2024-12-18 13:30:00,10.9493,10.95498,10.94334,10.9532
2024-12-18 14:00:00,10.95313,10.95738,10.94413,10.94598
2024-12-18 14:30:00,10.946,10.95636,10.93808,10.95033
2024-12-18 15:00:00,10.95031,10.95846,10.94289,10.94847
2024-12-18 15:30:00,10.94835,10.95404,10.94552,10.94957
2024-12-18 16:00:00,10.94926,10.95743,10.9473,10.95537
2024-12-18 16:30:00,10.9555,10.95862,10.94067,10.9425
2024-12-18 17:00:00,10.94248,10.9619,10.93997,10.95745
2024-12-18 17:30:00,10.95707,10.97234,10.95509,10.96705
2024-12-18 18:00:00,10.96641,10.97212,10.96114,10.96938
2024-12-18 18:30:00,10.96939,10.97518,10.96397,10.97193
2024-12-18 19:00:00,10.9719,10.97241,10.96529,10.96646
2024-12-18 19:30:00,10.96649,10.9678,10.95897,10.96046
2024-12-18 20:00:00,10.96044,10.96268,10.95132,10.95283
2024-12-18 20:30:00,10.95274,10.95333,10.94418,10.95116
2024-12-18 21:00:00,10.94538,11.0677,10.9443,11.04752
2024-12-18 21:30:00,11.04945,11.11798,11.03765,11.10542
2024-12-18 22:00:00,11.10525,11.14033,11.09642,11.12901
2024-12-18 22:30:00,11.12918,11.13175,11.10385,11.11969
2024-12-18 23:00:00,11.1192,11.12113,11.10503,11.11688
2024-12-18 23:30:00,11.11687,11.13334,11.11418,11.11862
2024-12-19 00:00:00,11.11861,11.12351,11.10196,11.12098
2024-12-19 00:30:00,11.12094,11.12831,11.11524,11.12471
2024-12-19 01:00:00,11.12419,11.1283,11.11654,11.12263
2024-12-19 01:30:00,11.12263,11.13288,11.11985,11.12879
2024-12-19 02:00:00,11.12844,11.12861,11.10921,11.1102
2024-12-19 02:30:00,11.11039,11.11358,11.09709,11.10409
2024-12-19 03:00:00,11.10506,11.11021,11.09949,11.10777
2024-12-19 03:30:00,11.10788,11.11469,11.10128,11.10226
2024-12-19 04:00:00,11.10201,11.10702,11.09874,11.10234
2024-12-19 04:30:00,11.1024,11.11017,11.09055,11.09068
2024-12-19 05:00:00,11.0908,11.1118,11.08982,11.10339
2024-12-19 05:30:00,11.10341,11.10551,11.09982,11.10202
2024-12-19 06:00:00,11.10211,11.11271,11.10149,11.10712
2024-12-19 06:30:00,11.10712,11.11249,11.10554,11.10893
2024-12-19 07:00:00,11.10886,11.10976,11.08828,11.0901
2024-12-19 07:30:00,11.09004,11.10033,11.08783,11.09057
2024-12-19 08:00:00,11.09055,11.09734,11.08551,11.08596
2024-12-19 08:30:00,11.08601,11.09132,11.08353,11.08816
2024-12-19 09:00:00,11.08825,11.08922,11.05913,11.06405
2024-12-19 09:30:00,11.06403,11.08078,11.05129,11.05684
2024-12-19 10:00:00,11.05633,11.07353,11.05041,11.06276
2024-12-19 10:30:00,11.06239,11.07193,11.03518,11.04547
2024-12-19 11:00:00,11.04517,11.04652,11.01987,11.03657
2024-12-19 11:30:00,11.03665,11.04443,11.02319,11.03697
2024-12-19 12:00:00,11.03738,11.04114,11.02174,11.02997
2024-12-19 12:30:00,11.03004,11.03241,11.01782,11.02359
2024-12-19 13:00:00,11.0236,11.02422,11.01099,11.01526
2024-12-19 13:30:00,11.01524,11.02718,11.01472,11.02242
2024-12-19 14:00:00,11.02229,11.02667,11.01001,11.02354
2024-12-19 14:30:00,11.02356,11.04132,11.00559,11.03728
2024-12-19 15:00:00,11.03754,11.038,11.00498,11.00757
2024-12-19 15:30:00,11.00729,11.0227,11.0019,11.01795
2024-12-19 16:00:00,11.01813,11.02473,11.00902,11.01662
2024-12-19 16:30:00,11.01661,11.02325,11.00807,11.02114
2024-12-19 17:00:00,11.02086,11.02905,11.00079,11.00087
2024-12-19 17:30:00,11.00064,11.02198,10.99479,11.0172
2024-12-19 18:00:00,11.01691,11.02899,11.00734,11.00972
2024-12-19 18:30:00,11.00974,11.0467,11.00893,11.04321
2024-12-19 19:00:00,11.04313,11.04757,11.01563,11.01923
2024-12-19 19:30:00,11.01925,11.037,11.01881,11.03598
2024-12-19 20:00:00,11.03597,11.04447,11.01938,11.02424
2024-12-19 20:30:00,11.02423,11.02831,11.01348,11.01689
2024-12-19 21:00:00,11.01685,11.02771,11.01164,11.02478
2024-12-19 21:30:00,11.0248,11.03193,11.021,11.03038
2024-12-19 22:00:00,11.0303,11.03231,11.02,11.02252
2024-12-19 22:30:00,11.02222,11.03004,11.01978,11.02648
2024-12-19 23:00:00,11.02656,11.03224,11.02249,11.02842
2024-12-19 23:30:00,11.02849,11.02977,11.02184,11.02184
2024-12-20 00:00:00,11.01954,11.02742,11.0122,11.02425
2024-12-20 00:30:00,11.02417,11.03171,11.02209,11.02504
2024-12-20 01:00:00,11.02514,11.032,11.02006,11.03168
2024-12-20 01:30:00,11.03161,11.03231,11.02594,11.02783
2024-12-20 02:00:00,11.02786,11.03255,11.02425,11.02843
2024-12-20 02:30:00,11.02841,11.03413,11.02766,11.0308
2024-12-20 03:00:00,11.03072,11.04443,11.03072,11.03755
2024-12-20 03:30:00,11.03755,11.0397,11.03116,11.03817
2024-12-20 04:00:00,11.03815,11.04415,11.03711,11.03821
2024-12-20 04:30:00,11.03805,11.04232,11.0338,11.03519
2024-12-20 05:00:00,11.0352,11.04163,11.03153,11.03835
2024-12-20 05:30:00,11.03849,11.04544,11.03736,11.04428
2024-12-20 06:00:00,11.04427,11.05067,11.04347,11.04974
2024-12-20 06:30:00,11.0497,11.05042,11.04704,11.05005
2024-12-20 07:00:00,11.04995,11.05126,11.04,11.04145
2024-12-20 07:30:00,11.04141,11.04477,11.03435,11.03497
2024-12-20 08:00:00,11.03484,11.05952,11.02736,11.03609
2024-12-20 08:30:00,11.0361,11.0361,11.01782,11.02335
2024-12-20 09:00:00,11.02364,11.03127,11.00806,11.03005
2024-12-20 09:30:00,11.03004,11.03554,11.01629,11.01947
2024-12-20 10:00:00,11.02064,11.02631,11.01226,11.02541
2024-12-20 10:30:00,11.02544,11.03927,11.02241,11.03596
2024-12-20 11:00:00,11.03651,11.05763,11.03595,11.05155
2024-12-20 11:30:00,11.05163,11.06095,11.0485,11.05127
2024-12-20 12:00:00,11.05109,11.05113,11.03751,11.03909
2024-12-20 12:30:00,11.03917,11.042,11.03191,11.03704
2024-12-20 13:00:00,11.03705,11.05431,11.03705,11.042
2024-12-20 13:30:00,11.042,11.0429,11.02918,11.03693
2024-12-20 14:00:00,11.03659,11.03962,11.02874,11.02921
2024-12-20 14:30:00,11.0292,11.0406,11.02689,11.03807
2024-12-20 15:00:00,11.03828,11.0455,11.03148,11.03148
2024-12-20 15:30:00,11.03137,11.0435,11.0121,11.03444
2024-12-20 16:00:00,11.03451,11.04864,11.03376,11.04732
2024-12-20 16:30:00,11.04735,11.05933,11.03651,11.0514
2024-12-20 17:00:00,11.05076,11.0525,11.02103,11.03433
2024-12-20 17:30:00,11.03434,11.03856,11.01342,11.03493
2024-12-20 18:00:00,11.03486,11.03578,11.00312,11.01787
2024-12-20 18:30:00,11.01808,11.02004,10.99278,11.00287
2024-12-20 19:00:00,11.00259,11.00573,10.98621,10.99364
2024-12-20 19:30:00,10.99338,11.00635,10.99338,11.0032
2024-12-20 20:00:00,11.00348,11.01882,11.00338,11.01762
2024-12-20 20:30:00,11.01761,11.01897,10.99715,11.00785
2024-12-20 21:00:00,11.00814,11.01141,10.9956,10.99618
2024-12-20 21:30:00,10.99617,11.00692,10.99546,11.00682
2024-12-20 22:00:00,11.00682,11.01612,11.00423,11.00703
2024-12-20 22:30:00,11.00701,11.02584,11.00554,11.02556
2024-12-20 23:00:00,11.02547,11.02852,11.01708,11.02811
2024-12-20 23:30:00,11.02801,11.03838,10.98899,11.01641
2024-12-23 00:00:00,10.99988,11.00465,10.98593,10.99243
2024-12-23 00:30:00,10.99657,11.00064,10.9839,10.99526
2024-12-23 01:00:00,10.99501,11.0232,10.98843,11.02219
2024-12-23 01:30:00,11.02218,11.02792,11.02192,11.02563
2024-12-23 02:00:00,11.02371,11.02685,11.01652,11.01794
2024-12-23 02:30:00,11.01798,11.02314,11.01781,11.02266
2024-12-23 03:00:00,11.02264,11.02668,11.01971,11.01972
2024-12-23 03:30:00,11.0198,11.02136,11.01368,11.0168
2024-12-23 04:00:00,11.01614,11.02045,11.01028,11.01658
2024-12-23 04:30:00,11.01657,11.01657,11.00759,11.01086
2024-12-23 05:00:00,11.01087,11.01458,11.009,11.01121
2024-12-23 05:30:00,11.01135,11.01429,11.00754,11.01245
2024-12-23 06:00:00,11.01239,11.0136,11.00718,11.00849
2024-12-23 06:30:00,11.00813,11.0122,11.00652,11.00961
2024-12-23 07:00:00,11.00962,11.0135,11.00677,11.01223
2024-12-23 07:30:00,11.01213,11.01355,11.00805,11.01236
2024-12-23 08:00:00,11.01237,11.0171,11.00926,11.01482
2024-12-23 08:30:00,11.0149,11.01794,11.00767,11.01655
2024-12-23 09:00:00,11.01607,11.02427,11.01543,11.0227
2024-12-23 09:30:00,11.02283,11.04913,11.02214,11.04621
2024-12-23 10:00:00,11.0456,11.04672,11.02923,11.04011
2024-12-23 10:30:00,11.04012,11.04798,11.03461,11.03608
2024-12-23 11:00:00,11.03599,11.03819,11.00914,11.0197
2024-12-23 11:30:00,11.01967,11.03367,11.01735,11.03297
2024-12-23 12:00:00,11.03289,11.04195,11.03226,11.04033
2024-12-23 12:30:00,11.04043,11.05453,11.04037,11.05379
2024-12-23 13:00:00,11.05389,11.05392,11.03866,11.03901
2024-12-23 13:30:00,11.03892,11.05061,11.0324,11.03665
2024-12-23 14:00:00,11.03653,11.05575,11.03513,11.05102
2024-12-23 14:30:00,11.05103,11.05654,11.04509,11.04834
2024-12-23 15:00:00,11.04842,11.052,11.03531,11.03601
2024-12-23 15:30:00,11.0368,11.04642,11.03539,11.0448
2024-12-23 16:00:00,11.04401,11.05019,11.03971,11.04588
2024-12-23 16:30:00,11.04587,11.05886,11.04521,11.05097
2024-12-23 17:00:00,11.04346,11.06639,11.03857,11.05303
2024-12-23 17:30:00,11.05262,11.0571,11.04719,11.05449
2024-12-23 18:00:00,11.054,11.06652,11.05087,11.05872
2024-12-23 18:30:00,11.05836,11.05846,11.03741,11.04224
2024-12-23 19:00:00,11.04221,11.04482,11.02949,11.04473
2024-12-23 19:30:00,11.04476,11.05801,11.04381,11.05533
2024-12-23 20:00:00,11.05531,11.05553,11.03651,11.03811
2024-12-23 20:30:00,11.03818,11.0419,11.03254,11.03389
2024-12-23 21:00:00,11.03385,11.04469,11.03331,11.04364
2024-12-23 21:30:00,11.04363,11.04383,11.0279,11.03036
2024-12-23 22:00:00,11.03031,11.04236,11.0284,11.04043
2024-12-23 22:30:00,11.04068,11.04542,11.03749,11.04509
2024-12-23 23:00:00,11.04504,11.04813,11.04309,11.04436
2024-12-23 23:30:00,11.04453,11.04714,11.03131,11.03136
2024-12-24 00:00:00,11.02652,11.03018,11.01127,11.02612
2024-12-24 00:30:00,11.02629,11.03118,11.02441,11.02842
2024-12-24 01:00:00,11.02853,11.04152,11.02567,11.03886
2024-12-24 01:30:00,11.03887,11.0505,11.03835,11.04861
2024-12-24 02:00:00,11.05013,11.05027,11.04388,11.0491
2024-12-24 02:30:00,11.04913,11.05053,11.04619,11.04643
2024-12-24 03:00:00,11.04735,11.04791,11.04165,11.04456
2024-12-24 03:30:00,11.04455,11.04455,11.04199,11.04317
2024-12-24 04:00:00,11.04318,11.0478,11.03788,11.04428
2024-12-24 04:30:00,11.04424,11.05494,11.04424,11.04831
2024-12-24 05:00:00,11.04809,11.05709,11.04671,11.05441
2024-12-24 05:30:00,11.0544,11.06117,11.05074,11.05804
2024-12-24 06:00:00,11.05803,11.05803,11.05059,11.0517
2024-12-24 06:30:00,11.05159,11.05457,11.04672,11.05193
2024-12-24 07:00:00,11.05187,11.05514,11.04896,11.05318
2024-12-24 07:30:00,11.05362,11.05839,11.04947,11.05186
2024-12-24 08:00:00,11.05172,11.05886,11.04851,11.05115
2024-12-24 08:30:00,11.05116,11.05632,11.04875,11.05236
2024-12-24 09:00:00,11.0522,11.05519,11.04782,11.0489
2024-12-24 09:30:00,11.04891,11.05613,11.04433,11.05522
2024-12-24 10:00:00,11.05495,11.05649,11.04656,11.04679
2024-12-24 10:30:00,11.04677,11.04804,11.03589,11.04596
2024-12-24 11:00:00,11.04625,11.0562,11.04498,11.05255
2024-12-24 11:30:00,11.05255,11.06684,11.04654,11.06344
2024-12-24 12:00:00,11.06346,11.06693,11.05587,11.0647
2024-12-24 12:30:00,11.06531,11.07562,11.06432,11.06533
2024-12-24 13:00:00,11.06539,11.07132,11.06151,11.07124
2024-12-24 13:30:00,11.07152,11.08343,11.07152,11.07993
2024-12-24 14:00:00,11.07981,11.09236,11.074,11.08709
2024-12-24 14:30:00,11.08713,11.0997,11.08288,11.09638
2024-12-24 15:00:00,11.09654,11.09904,11.09017,11.09074
2024-12-24 15:30:00,11.0908,11.10998,11.08877,11.09373
2024-12-24 16:00:00,11.09369,11.10024,11.08616,11.08696
2024-12-24 16:30:00,11.08689,11.09537,11.08284,11.08937
2024-12-24 17:00:00,11.08923,11.10538,11.08434,11.10262
2024-12-24 17:30:00,11.10264,11.11394,11.09948,11.11273
2024-12-24 18:00:00,11.11274,11.11988,11.10967,11.11458
2024-12-24 18:30:00,11.11457,11.12145,11.10906,11.12073
2024-12-24 19:00:00,11.12072,11.1237,11.11429,11.11746
2024-12-24 19:30:00,11.11757,11.12554,11.11294,11.11653
2024-12-24 20:00:00,11.11685,11.11685,11.09916,11.1012
2024-12-24 20:30:00,11.10062,11.10364,11.02999,11.07981
2024-12-24 21:00:00,11.0798,11.09143,11.05657,11.08425
2024-12-24 21:30:00,11.08426,11.08474,11.07403,11.08091
2024-12-24 22:00:00,11.08098,11.08458,11.07071,11.07657
2024-12-24 22:30:00,11.07656,11.08876,11.06342,11.06796
2024-12-24 23:00:00,11.06951,11.07973,11.05821,11.06582
2024-12-24 23:30:00,11.06757,11.08033,11.06524,11.06855
2024-12-26 00:00:00,11.05867,11.06511,11.04954,11.05405
2024-12-26 00:30:00,11.05407,11.06333,11.04778,11.05625
2024-12-26 01:00:00,11.05837,11.07287,11.05822,11.06816
2024-12-26 01:30:00,11.06805,11.06968,11.06755,11.06799
2024-12-26 02:00:00,11.06798,11.09438,11.06798,11.09422
2024-12-26 02:30:00,11.09433,11.0964,11.06085,11.06803
2024-12-26 03:00:00,11.06807,11.0765,11.06807,11.07577
2024-12-26 03:30:00,11.07576,11.08091,11.07458,11.08046
2024-12-26 04:00:00,11.08068,11.08307,11.0788,11.08254
2024-12-26 04:30:00,11.08253,11.08539,11.0814,11.08378
2024-12-26 05:00:00,11.08376,11.08465,11.07949,11.08094
2024-12-26 05:30:00,11.081,11.08453,11.08024,11.08328
2024-12-26 06:00:00,11.08335,11.09035,11.08306,11.089
2024-12-26 06:30:00,11.08901,11.09244,11.08635,11.09235
2024-12-26 07:00:00,11.09234,11.09348,11.08786,11.08857
2024-12-26 07:30:00,11.08859,11.08898,11.07802,11.0837
2024-12-26 08:00:00,11.08365,11.08951,11.08313,11.08844
2024-12-26 08:30:00,11.08848,11.09419,11.08766,11.09077
2024-12-26 09:00:00,11.09079,11.10029,11.08308,11.09646
2024-12-26 09:30:00,11.09641,11.09852,11.08924,11.09402
2024-12-26 10:00:00,11.09404,11.0951,11.08411,11.08953
2024-12-26 10:30:00,11.08956,11.0933,11.08682,11.08982
2024-12-26 11:00:00,11.09024,11.09129,11.06279,11.06549
2024-12-26 11:30:00,11.06552,11.0728,11.06528,11.07001
2024-12-26 12:00:00,11.07002,11.07204,11.06445,11.06463
2024-12-26 12:30:00,11.06475,11.06483,11.0593,11.0607
2024-12-26 13:00:00,11.06074,11.06422,11.05531,11.06176
2024-12-26 13:30:00,11.06177,11.06315,11.05204,11.05298
2024-12-26 14:00:00,11.05299,11.07054,11.05202,11.06531
2024-12-26 14:30:00,11.06528,11.08116,11.06467,11.07475
2024-12-26 15:00:00,11.07455,11.07502,11.06445,11.06754
2024-12-26 15:30:00,11.06378,11.07521,11.05069,11.06912
2024-12-26 16:00:00,11.06915,11.07874,11.06654,11.07657
2024-12-26 16:30:00,11.07673,11.09192,11.07669,11.07978
2024-12-26 17:00:00,11.07976,11.08563,11.06191,11.067
2024-12-26 17:30:00,11.06708,11.0704,11.05353,11.06238
2024-12-26 18:00:00,11.06235,11.06696,11.0466,11.04861
2024-12-26 18:30:00,11.04843,11.05164,11.03576,11.03995
2024-12-26 19:00:00,11.03996,11.05264,11.03964,11.05211
2024-12-26 19:30:00,11.0521,11.06147,11.04726,11.05614
2024-12-26 20:00:00,11.05638,11.05739,11.03984,11.04066
2024-12-26 20:30:00,11.04041,11.04433,11.03906,11.04321
2024-12-26 21:00:00,11.04329,11.05149,11.043,11.04709
2024-12-26 21:30:00,11.04705,11.04847,11.03765,11.04515
2024-12-26 22:00:00,11.045,11.04671,11.03681,11.04636
2024-12-26 22:30:00,11.04593,11.05132,11.04455,11.04939
2024-12-26 23:00:00,11.04933,11.05319,11.04804,11.04897
2024-12-26 23:30:00,11.04904,11.05216,11.03335,11.03357
2024-12-27 00:00:00,11.03158,11.03737,11.02617,11.03301
2024-12-27 00:30:00,11.03304,11.0375,11.02859,11.03061
2024-12-27 01:00:00,11.03086,11.04399,11.0287,11.04196
2024-12-27 01:30:00,11.04208,11.0519,11.04192,11.04895
2024-12-27 02:00:00,11.04898,11.05186,11.04317,11.04669
2024-12-27 02:30:00,11.04664,11.0479,11.03557,11.04509
2024-12-27 03:00:00,11.04662,11.05805,11.04559,11.05485
2024-12-27 03:30:00,11.05482,11.05615,11.05032,11.05593
2024-12-27 04:00:00,11.05594,11.0596,11.05437,11.05909
2024-12-27 04:30:00,11.05934,11.06261,11.05834,11.06185
2024-12-27 05:00:00,11.06186,11.06466,11.06026,11.06143
2024-12-27 05:30:00,11.06139,11.06177,11.05835,11.05855
2024-12-27 06:00:00,11.05854,11.06284,11.05818,11.06047
2024-12-27 06:30:00,11.06068,11.06114,11.05265,11.05532
2024-12-27 07:00:00,11.05532,11.06036,11.05397,11.05464
2024-12-27 07:30:00,11.05461,11.06144,11.05446,11.05913
2024-12-27 08:00:00,11.05923,11.0648,11.05468,11.05785
2024-12-27 08:30:00,11.05782,11.06549,11.05459,11.06241
2024-12-27 09:00:00,11.06324,11.06324,11.04594,11.04763
2024-12-27 09:30:00,11.04759,11.06094,11.03667,11.04053
2024-12-27 10:00:00,11.04089,11.04362,11.01229,11.02893
2024-12-27 10:30:00,11.02885,11.0363,11.02093,11.03376
2024-12-27 11:00:00,11.0338,11.03902,11.0242,11.02723
2024-12-27 11:30:00,11.02724,11.03269,11.01962,11.02087
2024-12-27 12:00:00,11.02088,11.02436,11.01426,11.01489
2024-12-27 12:30:00,11.0149,11.01612,10.99992,11.00324
2024-12-27 13:00:00,11.00316,11.00352,10.98885,10.99223
2024-12-27 13:30:00,10.99222,10.99302,10.98037,10.98559
2024-12-27 14:00:00,10.98557,10.9886,10.97788,10.98732
2024-12-27 14:30:00,10.98732,10.99418,10.98592,10.9874
2024-12-27 15:00:00,10.98741,11.0113,10.98404,11.00059
2024-12-27 15:30:00,11.0006,11.00106,10.9896,10.99425
2024-12-27 16:00:00,10.99394,11.01532,10.99375,11.01291
2024-12-27 16:30:00,11.0123,11.01821,10.99555,11.01806
2024-12-27 17:00:00,11.0181,11.02622,11.00877,11.01275
2024-12-27 17:30:00,11.01278,11.01414,10.98922,11.00825
2024-12-27 18:00:00,11.00831,11.01247,10.99505,10.99524
2024-12-27 18:30:00,10.99522,10.99899,10.98835,10.99889
2024-12-27 19:00:00,10.99893,11.02334,10.99888,11.01912
2024-12-27 19:30:00,11.01936,11.02326,11.01489,11.01574
2024-12-27 20:00:00,11.01576,11.0163,11.00309,11.00489
2024-12-27 20:30:00,11.00486,11.00492,10.99598,11.00331
2024-12-27 21:00:00,11.00324,11.00859,10.99996,11.00414
2024-12-27 21:30:00,11.00421,11.0068,10.99579,10.99889
2024-12-27 22:00:00,10.99873,11.01097,10.99864,11.00682
2024-12-27 22:30:00,11.00683,11.00759,10.99173,10.99536
2024-12-27 23:00:00,10.99524,11.00076,10.99479,11.00049
2024-12-27 23:30:00,11.00058,11.00659,10.98555,10.99172
2024-12-30 00:00:00,10.98282,10.98482,10.98066,10.9838
2024-12-30 00:30:00,10.98373,10.99094,10.98293,10.98593
2024-12-30 01:00:00,10.98575,10.995,10.98336,10.99342
2024-12-30 01:30:00,10.9934,10.99772,10.99308,10.99376
2024-12-30 02:00:00,10.99363,10.99969,10.99179,10.99301
2024-12-30 02:30:00,10.99302,10.99453,10.98953,10.9919
2024-12-30 03:00:00,10.99191,10.99713,10.99191,10.99533
2024-12-30 03:30:00,10.99532,10.99672,10.99485,10.99589
2024-12-30 04:00:00,10.99581,11.00254,10.99581,10.99957
2024-12-30 04:30:00,10.9996,11.00177,10.99828,10.99882
2024-12-30 05:00:00,10.99888,11.00351,10.99853,10.99997
2024-12-30 05:30:00,10.99979,10.99996,10.99414,10.99491
2024-12-30 06:00:00,10.9951,10.99592,10.99327,10.99447
2024-12-30 06:30:00,10.99429,10.99546,10.99357,10.99517
2024-12-30 07:00:00,10.99515,10.99725,10.99339,10.99545
2024-12-30 07:30:00,10.99546,11.00139,10.99279,10.99689
2024-12-30 08:00:00,10.99694,10.9978,10.99092,10.99484
2024-12-30 08:30:00,10.99479,11.00306,10.99355,11.00226
2024-12-30 09:00:00,11.00236,11.01264,11.00095,11.01234
2024-12-30 09:30:00,11.0124,11.01854,10.99259,10.99471
2024-12-30 10:00:00,10.99537,11.00295,10.99167,10.99967
2024-12-30 10:30:00,10.99942,11.01042,10.99503,11.00663
2024-12-30 11:00:00,11.0064,11.0109,10.9907,10.99299
2024-12-30 11:30:00,10.993,10.99616,10.9767,10.98461
2024-12-30 12:00:00,10.98481,10.98656,10.9667,10.98082
2024-12-30 12:30:00,10.98084,11.00349,10.98084,11.00314
2024-12-30 13:00:00,11.00317,11.00546,10.99037,10.99853
2024-12-30 13:30:00,10.99827,11.00053,10.98853,10.99256
2024-12-30 14:00:00,10.9924,11.01562,10.98919,11.01021
2024-12-30 14:30:00,11.01015,11.01028,10.99495,11.00217
2024-12-30 15:00:00,11.00216,11.01208,10.99225,11.0104
2024-12-30 15:30:00,11.01038,11.0571,11.00693,11.05407
2024-12-30 16:00:00,11.05361,11.06658,11.03563,11.04342
2024-12-30 16:30:00,11.04288,11.05878,11.03479,11.0399
2024-12-30 17:00:00,11.0399,11.05763,11.03884,11.05377
2024-12-30 17:30:00,11.05379,11.06012,11.03896,11.0407
2024-12-30 18:00:00,11.04076,11.05285,11.03422,11.0447
2024-12-30 18:30:00,11.04448,11.04481,11.023,11.0372
2024-12-30 19:00:00,11.03734,11.03773,11.02408,11.02752
2024-12-30 19:30:00,11.02753,11.03344,11.02263,11.02314
2024-12-30 20:00:00,11.02308,11.02441,11.01481,11.01748
2024-12-30 20:30:00,11.0175,11.01963,11.01095,11.0195
2024-12-30 21:00:00,11.01922,11.02681,11.01586,11.0224
2024-12-30 21:30:00,11.02243,11.02404,11.01764,11.02352
2024-12-30 22:00:00,11.02355,11.02659,11.01408,11.02046
2024-12-30 22:30:00,11.02045,11.02776,11.0187,11.02761
2024-12-30 23:00:00,11.02764,11.02795,11.023,11.02436
2024-12-30 23:30:00,11.02435,11.0247,11.01507,11.01507
2024-12-31 00:00:00,11.01469,11.01492,11.00011,11.00345
2024-12-31 00:30:00,11.00471,11.01099,10.99955,11.00929
2024-12-31 01:00:00,11.01098,11.02802,11.00976,11.0191
2024-12-31 01:30:00,11.01908,11.02659,11.01848,11.02552
2024-12-31 02:00:00,11.02517,11.02697,11.02379,11.02661
2024-12-31 02:30:00,11.02659,11.03236,11.02602,11.02608
2024-12-31 03:00:00,11.02656,11.02873,11.01751,11.01869
2024-12-31 03:30:00,11.01868,11.02117,11.01499,11.01548
2024-12-31 04:00:00,11.01552,11.01924,11.01346,11.01712
2024-12-31 04:30:00,11.01711,11.01793,11.01305,11.0134
2024-12-31 05:00:00,11.01339,11.01476,11.01315,11.01386
2024-12-31 05:30:00,11.01382,11.01507,11.01344,11.01404
2024-12-31 06:00:00,11.01402,11.01933,11.01358,11.01923
2024-12-31 06:30:00,11.01918,11.02256,11.01839,11.02218
2024-12-31 07:00:00,11.02217,11.0226,11.02027,11.02103
2024-12-31 07:30:00,11.02104,11.02486,11.01828,11.02411
2024-12-31 08:00:00,11.02406,11.02554,11.01976,11.02413
2024-12-31 08:30:00,11.02409,11.02722,11.02047,11.02424
2024-12-31 09:00:00,11.02458,11.0286,11.01266,11.01517
2024-12-31 09:30:00,11.01514,11.01646,10.99775,10.99864
2024-12-31 10:00:00,10.99866,11.00267,10.99178,11.00109
2024-12-31 10:30:00,11.0011,11.00273,10.98365,10.98635
2024-12-31 11:00:00,10.98634,10.99422,10.98567,10.99012
2024-12-31 11:30:00,10.99013,10.99242,10.98093,10.99213
2024-12-31 12:00:00,10.99215,11.01717,10.99215,11.00506
2024-12-31 12:30:00,11.00505,11.00924,10.99217,10.9986
2024-12-31 13:00:00,10.99864,10.99971,10.99231,10.99604
2024-12-31 13:30:00,10.99607,11.00668,10.99516,10.99883
2024-12-31 14:00:00,10.99875,11.00954,10.99281,11.00944
2024-12-31 14:30:00,11.00964,11.02261,11.00395,11.02041
2024-12-31 15:00:00,11.02089,11.03246,11.01228,11.01466
2024-12-31 15:30:00,11.0146,11.01965,11.00881,11.00898
2024-12-31 16:00:00,11.00869,11.02877,11.00708,11.02747
2024-12-31 16:30:00,11.02754,11.03488,11.02138,11.03254
2024-12-31 17:00:00,11.03253,11.03884,11.01346,11.03141
2024-12-31 17:30:00,11.03142,11.05277,11.01932,11.04767
2024-12-31 18:00:00,11.04836,11.06835,11.04157,11.06564
2024-12-31 18:30:00,11.06563,11.07251,11.05755,11.0691
2024-12-31 19:00:00,11.06904,11.07224,11.06111,11.07212
2024-12-31 19:30:00,11.07213,11.07596,11.06571,11.07052
2024-12-31 20:00:00,11.07109,11.07423,11.06664,11.06699
2024-12-31 20:30:00,11.06691,11.06862,11.06141,11.06598
2024-12-31 21:00:00,11.06603,11.06723,11.05313,11.05957
2024-12-31 21:30:00,11.05955,11.06518,11.05955,11.0641
2024-12-31 22:00:00,11.0641,11.06455,11.05478,11.05713
2024-12-31 22:30:00,11.05723,11.06394,11.05711,11.0623
2024-12-31 23:00:00,11.06248,11.06438,11.05906,11.06306
2024-12-31 23:30:00,11.06302,11.06779,11.0586,11.0586
2025-01-02 00:00:00,11.03265,11.03691,11.03015,11.03304
2025-01-02 00:30:00,11.03388,11.03637,11.0307,11.03469
2025-01-02 01:00:00,11.03416,11.05816,11.03382,11.05798
2025-01-02 01:30:00,11.05799,11.07601,11.05315,11.06544
2025-01-02 02:00:00,11.06568,11.08011,11.06525,11.0789
2025-01-02 02:30:00,11.07892,11.0812,11.06441,11.06574
2025-01-02 03:00:00,11.06583,11.08331,11.06583,11.07253
2025-01-02 03:30:00,11.07251,11.0758,11.0559,11.06181
2025-01-02 04:00:00,11.06182,11.06196,11.0558,11.05689
2025-01-02 04:30:00,11.05688,11.05702,11.04303,11.0444
2025-01-02 05:00:00,11.04441,11.04858,11.04273,11.04632
2025-01-02 05:30:00,11.04644,11.04697,11.04245,11.04548
2025-01-02 06:00:00,11.04547,11.04584,11.04063,11.04571
2025-01-02 06:30:00,11.0457,11.05404,11.04465,11.05199
2025-01-02 07:00:00,11.05195,11.05547,11.04563,11.0475
2025-01-02 07:30:00,11.04752,11.05223,11.04652,11.04949
2025-01-02 08:00:00,11.04952,11.05825,11.04952,11.05393
2025-01-02 08:30:00,11.05379,11.05647,11.04889,11.05382
2025-01-02 09:00:00,11.05384,11.05632,11.04978,11.05395
2025-01-02 09:30:00,11.05254,11.06188,11.04761,11.05805
2025-01-02 10:00:00,11.05804,11.07439,11.04958,11.07078
2025-01-02 10:30:00,11.07049,11.07207,11.04917,11.05009
2025-01-02 11:00:00,11.05064,11.05547,11.03857,11.04509
2025-01-02 11:30:00,11.045,11.04833,11.04061,11.04377
2025-01-02 12:00:00,11.04377,11.05308,11.04099,11.05136
2025-01-02 12:30:00,11.05142,11.08641,11.05117,11.08393
2025-01-02 13:00:00,11.08394,11.0858,11.0698,11.07924
2025-01-02 13:30:00,11.07927,11.08434,11.06785,11.06895
2025-01-02 14:00:00,11.06893,11.06893,11.05533,11.06189
2025-01-02 14:30:00,11.06191,11.07467,11.05829,11.07128
2025-01-02 15:00:00,11.07129,11.07622,11.06058,11.07096
2025-01-02 15:30:00,11.05362,11.0807,11.049,11.07853
2025-01-02 16:00:00,11.07859,11.08989,11.07119,11.08232
2025-01-02 16:30:00,11.0826,11.10235,11.07415,11.0987
2025-01-02 17:00:00,11.09857,11.1321,11.09483,11.12603
2025-01-02 17:30:00,11.12589,11.13629,11.11439,11.13219
2025-01-02 18:00:00,11.13183,11.18547,11.12735,11.15347
2025-01-02 18:30:00,11.15287,11.1686,11.14171,11.1448
2025-01-02 19:00:00,11.1448,11.15301,11.1363,11.14994
2025-01-02 19:30:00,11.15,11.15897,11.14232,11.1454
2025-01-02 20:00:00,11.1448,11.15781,11.14314,11.15483
2025-01-02 20:30:00,11.15488,11.1671,11.1544,11.16504
2025-01-02 21:00:00,11.16505,11.17138,11.15931,11.16059
2025-01-02 21:30:00,11.16058,11.17298,11.1583,11.16764
2025-01-02 22:00:00,11.16765,11.16961,11.1501,11.15133
2025-01-02 22:30:00,11.15139,11.15687,11.14924,11.15591
2025-01-02 23:00:00,11.15602,11.15604,11.15113,11.15195
2025-01-02 23:30:00,11.152,11.15548,11.14495,11.14495
2025-01-03 00:00:00,11.14493,11.14696,11.13356,11.13662
2025-01-03 00:30:00,11.13692,11.14818,11.13679,11.14656
2025-01-03 01:00:00,11.14595,11.15579,11.14355,11.14737
2025-01-03 01:30:00,11.14738,11.15106,11.14611,11.14745
2025-01-03 02:00:00,11.14743,11.15276,11.14455,11.1462
2025-01-03 02:30:00,11.14602,11.14933,11.14296,11.14421
2025-01-03 03:00:00,11.14419,11.15158,11.14048,11.14918
2025-01-03 03:30:00,11.1492,11.15075,11.14427,11.14847
2025-01-03 04:00:00,11.14849,11.14944,11.13593,11.13651
2025-01-03 04:30:00,11.13592,11.13934,11.13442,11.13813
2025-01-03 05:00:00,11.13797,11.14032,11.13739,11.13808
2025-01-03 05:30:00,11.13807,11.14339,11.13766,11.14013
2025-01-03 06:00:00,11.14019,11.14418,11.13891,11.14131
2025-01-03 06:30:00,11.14129,11.14189,11.13701,11.13754
2025-01-03 07:00:00,11.13755,11.14673,11.13739,11.13772
2025-01-03 07:30:00,11.13771,11.14093,11.13561,11.13913
2025-01-03 08:00:00,11.13905,11.14066,11.13518,11.13663
2025-01-03 08:30:00,11.13666,11.13813,11.1297,11.12985
2025-01-03 09:00:00,11.12986,11.14533,11.1257,11.13395
2025-01-03 09:30:00,11.13394,11.1365,11.12657,11.13334
2025-01-03 10:00:00,11.13333,11.14093,11.12412,11.1404
2025-01-03 10:30:00,11.14046,11.14515,11.1303,11.13832
2025-01-03 11:00:00,11.13835,11.13884,11.11765,11.12775
2025-01-03 11:30:00,11.12767,11.1417,11.12363,11.14125
2025-01-03 12:00:00,11.1411,11.14823,11.1385,11.14376
2025-01-03 12:30:00,11.14368,11.14492,11.1396,11.14062
2025-01-03 13:00:00,11.14037,11.14037,11.11674,11.11824
2025-01-03 13:30:00,11.11823,11.12378,11.11039,11.11625
2025-01-03 14:00:00,11.11628,11.11929,11.11183,11.11338
2025-01-03 14:30:00,11.11326,11.11348,11.09928,11.10537
2025-01-03 15:00:00,11.10533,11.11672,11.10183,11.11458
2025-01-03 15:30:00,11.11457,11.11792,11.10775,11.11627
2025-01-03 16:00:00,11.11608,11.11854,11.10617,11.10935
2025-01-03 16:30:00,11.1086,11.12182,11.10315,11.10429
2025-01-03 17:00:00,11.10479,11.13451,11.10207,11.13225
2025-01-03 17:30:00,11.13226,11.13426,11.11928,11.12188
2025-01-03 18:00:00,11.12191,11.12763,11.11524,11.12065
2025-01-03 18:30:00,11.12066,11.13113,11.11313,11.12209
2025-01-03 19:00:00,11.12214,11.12214,11.10109,11.10913
2025-01-03 19:30:00,11.1091,11.11626,11.10508,11.11528
2025-01-03 20:00:00,11.11534,11.12167,11.11127,11.11172
2025-01-03 20:30:00,11.11168,11.11951,11.11058,11.11454
2025-01-03 21:00:00,11.11449,11.11792,11.1044,11.10545
2025-01-03 21:30:00,11.10541,11.1096,11.10104,11.10673
2025-01-03 22:00:00,11.10679,11.10916,11.09535,11.10176
2025-01-03 22:30:00,11.10177,11.10734,11.10049,11.10136
2025-01-03 23:00:00,11.10131,11.1046,11.09932,11.10387
2025-01-03 23:30:00,11.10381,11.10961,11.10351,11.10434
2025-01-06 00:00:00,11.09128,11.09772,11.0891,11.09686
2025-01-06 00:30:00,11.09361,11.09361,11.09045,11.09045
2025-01-06 01:00:00,11.09279,11.10414,11.08782,11.10267
2025-01-06 01:30:00,11.10274,11.1199,11.08911,11.11682
2025-01-06 02:00:00,11.1168,11.12657,11.10248,11.12002
2025-01-06 02:30:00,11.11944,11.12662,11.1011,11.10317
2025-01-06 03:00:00,11.10956,11.11682,11.0956,11.10179
2025-01-06 03:30:00,11.10168,11.1048,11.09221,11.09631
2025-01-06 04:00:00,11.0963,11.10098,11.08922,11.09935
2025-01-06 04:30:00,11.09921,11.10129,11.09442,11.09694
2025-01-06 05:00:00,11.09695,11.10057,11.09354,11.09929
2025-01-06 05:30:00,11.09915,11.10262,11.09626,11.09841
2025-01-06 06:00:00,11.09842,11.10123,11.09521,11.09607
2025-01-06 06:30:00,11.09583,11.09977,11.09146,11.09828
2025-01-06 07:00:00,11.09816,11.10244,11.09397,11.09697
2025-01-06 07:30:00,11.09716,11.1035,11.09149,11.103
2025-01-06 08:00:00,11.10295,11.10775,11.09469,11.10623
2025-01-06 08:30:00,11.10629,11.10633,11.09292,11.09745
2025-01-06 09:00:00,11.09736,11.09854,11.08553,11.08687
2025-01-06 09:30:00,11.08686,11.08741,11.07454,11.07857
2025-01-06 10:00:00,11.0786,11.08533,11.07113,11.0755
2025-01-06 10:30:00,11.07546,11.07781,11.04965,11.05386
2025-01-06 11:00:00,11.05373,11.06988,11.04841,11.06572
2025-01-06 11:30:00,11.06587,11.07317,11.06418,11.06531
2025-01-06 12:00:00,11.06516,11.07597,11.06299,11.07008
2025-01-06 12:30:00,11.07011,11.0938,11.06732,11.09153
2025-01-06 13:00:00,11.09159,11.09795,11.00055,11.00257
2025-01-06 13:30:00,11.00225,11.02507,10.98225,11.00631
2025-01-06 14:00:00,11.00604,11.02254,10.99472,11.02146
2025-01-06 14:30:00,11.02134,11.02954,11.00267,11.00701
2025-01-06 15:00:00,11.00672,11.00672,10.9874,10.98814
2025-01-06 15:30:00,10.98795,11.01801,10.98786,11.00224
2025-01-06 16:00:00,11.0022,11.0749,10.99461,11.03893
2025-01-06 16:30:00,11.039,11.06645,11.02903,11.03486
2025-01-06 17:00:00,11.03424,11.05398,11.02492,11.04463
2025-01-06 17:30:00,11.04464,11.05797,11.03396,11.03797
2025-01-06 18:00:00,11.03771,11.05622,11.03543,11.03969
2025-01-06 18:30:00,11.03968,11.04538,11.03164,11.03923
2025-01-06 19:00:00,11.03929,11.0583,11.03893,11.056
2025-01-06 19:30:00,11.05601,11.0598,11.0487,11.04958
2025-01-06 20:00:00,11.0496,11.06334,11.04759,11.05266
2025-01-06 20:30:00,11.05258,11.0608,11.04961,11.05733
2025-01-06 21:00:00,11.05734,11.06246,11.04958,11.0527
2025-01-06 21:30:00,11.05272,11.05607,11.04805,11.0521
2025-01-06 22:00:00,11.05205,11.0551,11.04826,11.05137
2025-01-06 22:30:00,11.0514,11.0576,11.0509,11.05495
2025-01-06 23:00:00,11.0547,11.0557,11.04271,11.04323
2025-01-06 23:30:00,11.0432,11.04836,11.04172,11.04172
2025-01-07 00:00:00,11.03609,11.04136,11.02348,11.03823
2025-01-07 00:30:00,11.04301,11.04585,11.03586,11.04296
2025-01-07 01:00:00,11.04288,11.05588,11.03917,11.04955
2025-01-07 01:30:00,11.04959,11.05112,11.04586,11.05006
2025-01-07 02:00:00,11.05007,11.05648,11.04902,11.05644
2025-01-07 02:30:00,11.05643,11.05656,11.04425,11.04548
2025-01-07 03:00:00,11.04549,11.05785,11.04464,11.05664
2025-01-07 03:30:00,11.05662,11.06411,11.05336,11.05721
2025-01-07 04:00:00,11.05719,11.05741,11.04812,11.04965
2025-01-07 04:30:00,11.04963,11.05694,11.0491,11.05373
2025-01-07 05:00:00,11.05385,11.05732,11.0447,11.04529
2025-01-07 05:30:00,11.0453,11.0453,11.03574,11.0358
2025-01-07 06:00:00,11.03589,11.04051,11.03533,11.0371
2025-01-07 06:30:00,11.03715,11.04004,11.03564,11.03778
2025-01-07 07:00:00,11.03781,11.03943,11.03341,11.03374
2025-01-07 07:30:00,11.03373,11.03387,11.02544,11.03241
2025-01-07 08:00:00,11.03217,11.03259,11.02394,11.0284
2025-01-07 08:30:00,11.02832,11.03575,11.0265,11.03498
2025-01-07 09:00:00,11.03507,11.03517,11.00793,11.01072
2025-01-07 09:30:00,11.01072,11.01684,10.99775,11.00922
2025-01-07 10:00:00,11.00903,11.02226,11.00296,11.01891
2025-01-07 10:30:00,11.01899,11.02476,11.00427,11.00427
2025-01-07 11:00:00,11.00428,11.00668,10.99444,10.99738
2025-01-07 11:30:00,10.99742,11.00528,10.99272,10.99773
2025-01-07 12:00:00,10.99613,11.01633,10.99434,11.00384
2025-01-07 12:30:00,11.0034,11.00924,10.99544,11.00296
2025-01-07 13:00:00,11.00291,11.01807,10.99706,11.01807
2025-01-07 13:30:00,11.01809,11.02734,11.01182,11.01735
2025-01-07 14:00:00,11.01738,11.03093,11.01676,11.03024
2025-01-07 14:30:00,11.03028,11.04818,11.02993,11.0419
2025-01-07 15:00:00,11.04156,11.0431,11.02441,11.03046
2025-01-07 15:30:00,11.03057,11.04386,11.02564,11.03672
2025-01-07 16:00:00,11.03681,11.04886,11.03635,11.04132
2025-01-07 16:30:00,11.04137,11.07263,11.03915,11.06434
2025-01-07 17:00:00,11.06315,11.10256,11.06315,11.08018
2025-01-07 17:30:00,11.08021,11.10636,11.0771,11.08453
2025-01-07 18:00:00,11.08432,11.10317,11.08144,11.10311
2025-01-07 18:30:00,11.10385,11.10636,11.07823,11.08987
2025-01-07 19:00:00,11.08977,11.10207,11.07871,11.08421
2025-01-07 19:30:00,11.08424,11.09152,11.07841,11.08717
2025-01-07 20:00:00,11.08726,11.10025,11.08609,11.09548
2025-01-07 20:30:00,11.09549,11.11527,11.09549,11.10717
2025-01-07 21:00:00,11.10719,11.10981,11.10103,11.10217
2025-01-07 21:30:00,11.10212,11.11046,11.10009,11.1083
2025-01-07 22:00:00,11.10847,11.12097,11.10503,11.11979
2025-01-07 22:30:00,11.11978,11.12428,11.11068,11.11864
2025-01-07 23:00:00,11.11907,11.12322,11.11835,11.11871
2025-01-07 23:30:00,11.11868,11.11931,11.11222,11.11222
2025-01-08 00:00:00,11.10541,11.1169,11.10366,11.10742
2025-01-08 00:30:00,11.10727,11.11221,11.10598,11.11189
2025-01-08 01:00:00,11.10899,11.11512,11.10836,11.11105
2025-01-08 01:30:00,11.11114,11.1154,11.111,11.11477
2025-01-08 02:00:00,11.11476,11.11476,11.10352,11.10441
2025-01-08 02:30:00,11.10441,11.13049,11.10441,11.12208
2025-01-08 03:00:00,11.12206,11.12347,11.11732,11.11871
2025-01-08 03:30:00,11.11857,11.12083,11.1128,11.1133
2025-01-08 04:00:00,11.11324,11.11765,11.11029,11.11696
2025-01-08 04:30:00,11.11693,11.1177,11.11389,11.11583
2025-01-08 05:00:00,11.11569,11.11698,11.10407,11.11026
2025-01-08 05:30:00,11.11019,11.11492,11.10796,11.10931
2025-01-08 06:00:00,11.10925,11.10958,11.10335,11.10736
2025-01-08 06:30:00,11.10734,11.11193,11.10587,11.10708
2025-01-08 07:00:00,11.10706,11.11137,11.10443,11.10516
2025-01-08 07:30:00,11.10521,11.10711,11.1009,11.10288
2025-01-08 08:00:00,11.10287,11.10832,11.09986,11.10752
2025-01-08 08:30:00,11.10755,11.12166,11.10681,11.11129
2025-01-08 09:00:00,11.11216,11.12899,11.10962,11.12774
2025-01-08 09:30:00,11.12776,11.15561,11.12297,11.15172
2025-01-08 10:00:00,11.15212,11.17324,11.14256,11.15349
2025-01-08 10:30:00,11.15338,11.16658,11.13949,11.16497
2025-01-08 11:00:00,11.16574,11.16585,11.15138,11.16034
2025-01-08 11:30:00,11.16035,11.16129,11.14832,11.1515
2025-01-08 12:00:00,11.15151,11.16842,11.15027,11.1628
2025-01-08 12:30:00,11.16266,11.16413,11.15516,11.1555
2025-01-08 13:00:00,11.15563,11.17553,11.15482,11.17481
2025-01-08 13:30:00,11.17482,11.20121,11.17394,11.18119
2025-01-08 14:00:00,11.18085,11.2021,11.17724,11.19751
2025-01-08 14:30:00,11.19747,11.20254,11.18473,11.20081
2025-01-08 15:00:00,11.20083,11.20189,11.16761,11.16761
2025-01-08 15:30:00,11.17041,11.18456,11.1611,11.1625
2025-01-08 16:00:00,11.1623,11.17563,11.15749,11.17468
2025-01-08 16:30:00,11.17473,11.18518,11.17044,11.17842
2025-01-08 17:00:00,11.1787,11.1815,11.15965,11.17901
2025-01-08 17:30:00,11.17903,11.18521,11.16814,11.17067
2025-01-08 18:00:00,11.17082,11.18101,11.15718,11.1641
2025-01-08 18:30:00,11.16433,11.16737,11.15373,11.15608
2025-01-08 19:00:00,11.15612,11.17502,11.15507,11.16796
2025-01-08 19:30:00,11.16776,11.17313,11.16314,11.16451
2025-01-08 20:00:00,11.16473,11.16483,11.1541,11.15581
2025-01-08 20:30:00,11.15581,11.16145,11.15155,11.15713
2025-01-08 21:00:00,11.15713,11.16048,11.14248,11.14361
2025-01-08 21:30:00,11.14357,11.16159,11.14357,11.15982
2025-01-08 22:00:00,11.15985,11.16167,11.1545,11.15673
2025-01-08 22:30:00,11.15679,11.15852,11.14928,11.15044
2025-01-08 23:00:00,11.15078,11.15216,11.14493,11.15154
2025-01-08 23:30:00,11.15155,11.1533,11.14341,11.14341
2025-01-09 00:00:00,11.13896,11.14614,11.13896,11.14321
2025-01-09 00:30:00,11.1432,11.14775,11.11207,11.14119
2025-01-09 01:00:00,11.14247,11.15175,11.14166,11.1502
2025-01-09 01:30:00,11.14997,11.15187,11.14785,11.15169
2025-01-09 02:00:00,11.15166,11.15325,11.14967,11.1518
2025-01-09 02:30:00,11.15175,11.16329,11.15117,11.15238
2025-01-09 03:00:00,11.15336,11.15924,11.15032,11.15365
2025-01-09 03:30:00,11.15388,11.1596,11.15294,11.15909
2025-01-09 04:00:00,11.15907,11.15943,11.14908,11.15187
2025-01-09 04:30:00,11.15186,11.15616,11.15124,11.15575
2025-01-09 05:00:00,11.1557,11.15611,11.14847,11.15262
2025-01-09 05:30:00,11.15258,11.1632,11.14853,11.16293
2025-01-09 06:00:00,11.16277,11.16963,11.16155,11.16477
2025-01-09 06:30:00,11.16481,11.16608,11.16402,11.16466
2025-01-09 07:00:00,11.1648,11.16638,11.16111,11.16466
2025-01-09 07:30:00,11.16465,11.16836,11.16078,11.16766
2025-01-09 08:00:00,11.16779,11.18041,11.1674,11.1768
2025-01-09 08:30:00,11.17688,11.17708,11.15994,11.16743
2025-01-09 09:00:00,11.16546,11.16912,11.16027,11.16529
2025-01-09 09:30:00,11.16521,11.17939,11.16493,11.17607
2025-01-09 10:00:00,11.1758,11.18254,11.14666,11.15223
2025-01-09 10:30:00,11.15221,11.15464,11.14427,11.14574
2025-01-09 11:00:00,11.14552,11.15446,11.12863,11.13942
2025-01-09 11:30:00,11.13943,11.15232,11.13249,11.14797
2025-01-09 12:00:00,11.1468,11.15438,11.13969,11.14311
2025-01-09 12:30:00,11.14311,11.15484,11.14244,11.15366
2025-01-09 13:00:00,11.15372,11.16213,11.1536,11.15495
2025-01-09 13:30:00,11.15493,11.15789,11.14842,11.15313
2025-01-09 14:00:00,11.1532,11.16006,11.15144,11.15845
2025-01-09 14:30:00,11.15848,11.16517,11.15398,11.15611
2025-01-09 15:00:00,11.15599,11.15984,11.14551,11.14559
2025-01-09 15:30:00,11.14558,11.15819,11.13915,11.154
2025-01-09 16:00:00,11.154,11.15504,11.1425,11.14597
2025-01-09 16:30:00,11.14591,11.15146,11.1432,11.14671
2025-01-09 17:00:00,11.14669,11.15778,11.14451,11.15384
2025-01-09 17:30:00,11.15411,11.16444,11.15093,11.1555
2025-01-09 18:00:00,11.15556,11.16196,11.15385,11.15479
2025-01-09 18:30:00,11.15467,11.15878,11.14853,11.15325
2025-01-09 19:00:00,11.15348,11.15605,11.1486,11.15304
2025-01-09 19:30:00,11.1531,11.15749,11.15217,11.15336
2025-01-09 20:00:00,11.15342,11.15677,11.15121,11.15138
2025-01-09 20:30:00,11.15143,11.15224,11.14683,11.15048
2025-01-09 21:00:00,11.15046,11.15392,11.149,11.15106
2025-01-09 21:30:00,11.15112,11.154,11.14904,11.1536
2025-01-09 22:00:00,11.15357,11.15357,11.14917,11.15034
2025-01-09 22:30:00,11.15031,11.15047,11.14718,11.1491
2025-01-09 23:00:00,11.14911,11.15646,11.14911,11.15495
2025-01-09 23:30:00,11.1549,11.15633,11.14553,11.14553
2025-01-10 00:00:00,11.13593,11.14821,11.13049,11.1446
2025-01-10 00:30:00,11.14928,11.15357,11.14454,11.14779
2025-01-10 01:00:00,11.14723,11.15958,11.14621,11.15596
2025-01-10 01:30:00,11.15597,11.16212,11.15557,11.16106
2025-01-10 02:00:00,11.16106,11.16681,11.15671,11.16448
2025-01-10 02:30:00,11.16447,11.16821,11.1604,11.162
2025-01-10 03:00:00,11.1624,11.16585,11.15159,11.15413
2025-01-10 03:30:00,11.15417,11.15784,11.14997,11.15445
2025-01-10 04:00:00,11.15444,11.1586,11.15191,11.15578
2025-01-10 04:30:00,11.15579,11.16068,11.15224,11.15592
2025-01-10 05:00:00,11.15582,11.15791,11.15432,11.15778
2025-01-10 05:30:00,11.15779,11.15874,11.15375,11.15704
2025-01-10 06:00:00,11.15703,11.16086,11.15438,11.15954
2025-01-10 06:30:00,11.15937,11.16448,11.15937,11.16096
2025-01-10 07:00:00,11.16096,11.16305,11.15849,11.16165
2025-01-10 07:30:00,11.16175,11.17391,11.16165,11.17245
2025-01-10 08:00:00,11.17234,11.17807,11.1701,11.17445
2025-01-10 08:30:00,11.17446,11.18016,11.16858,11.17026
2025-01-10 09:00:00,11.17017,11.17525,11.15744,11.1616
2025-01-10 09:30:00,11.16158,11.16185,11.14468,11.14478
2025-01-10 10:00:00,11.14444,11.15395,11.14381,11.14858
2025-01-10 10:30:00,11.1485,11.14956,11.13475,11.14161
2025-01-10 11:00:00,11.14178,11.15112,11.14113,11.14424
2025-01-10 11:30:00,11.14418,11.14469,11.13755,11.14279
2025-01-10 12:00:00,11.14286,11.14546,11.13648,11.14018
2025-01-10 12:30:00,11.1402,11.14938,11.14008,11.14672
2025-01-10 13:00:00,11.14683,11.15162,11.14533,11.15008
2025-01-10 13:30:00,11.15016,11.15973,11.14776,11.15893
2025-01-10 14:00:00,11.15903,11.1621,11.14924,11.15118
2025-01-10 14:30:00,11.1512,11.15335,11.14557,11.15099
2025-01-10 15:00:00,11.15099,11.163,11.14237,11.14237
2025-01-10 15:30:00,11.1489,11.25409,11.1475,11.19972
2025-01-10 16:00:00,11.1994,11.21009,11.17732,11.19041
2025-01-10 16:30:00,11.19066,11.214,11.18189,11.20534
2025-01-10 17:00:00,11.20564,11.22916,11.17519,11.18732
2025-01-10 17:30:00,11.18735,11.21558,11.18735,11.21314
2025-01-10 18:00:00,11.21328,11.23852,11.21155,11.23513
2025-01-10 18:30:00,11.23487,11.238,11.22232,11.2256
2025-01-10 19:00:00,11.22572,11.23144,11.21696,11.22248
2025-01-10 19:30:00,11.2224,11.2224,11.20108,11.20724
2025-01-10 20:00:00,11.20728,11.21656,11.20571,11.21241
2025-01-10 20:30:00,11.21233,11.2165,11.20802,11.21017
2025-01-10 21:00:00,11.21016,11.21796,11.20674,11.21054
2025-01-10 21:30:00,11.2105,11.2132,11.20061,11.20834
2025-01-10 22:00:00,11.2083,11.21776,11.20814,11.21356
2025-01-10 22:30:00,11.21355,11.21523,11.20902,11.21222
2025-01-10 23:00:00,11.21214,11.21494,11.2079,11.21476
2025-01-10 23:30:00,11.21486,11.21486,11.20628,11.21034
2025-01-13 00:00:00,11.19923,11.20535,11.19501,11.20317
2025-01-13 00:30:00,11.20314,11.20531,11.19597,11.20186
2025-01-13 01:00:00,11.20179,11.21925,11.19881,11.21559
2025-01-13 01:30:00,11.21568,11.21887,11.21111,11.21805
2025-01-13 02:00:00,11.21699,11.22034,11.21121,11.2186
2025-01-13 02:30:00,11.21861,11.22487,11.20874,11.20954
2025-01-13 03:00:00,11.21235,11.2181,11.20803,11.2139
2025-01-13 03:30:00,11.21397,11.22174,11.21287,11.21896
2025-01-13 04:00:00,11.21929,11.22168,11.21194,11.21274
2025-01-13 04:30:00,11.21276,11.22103,11.21206,11.22039
2025-01-13 05:00:00,11.22042,11.23855,11.21937,11.237
2025-01-13 05:30:00,11.23663,11.25509,11.23595,11.25198
2025-01-13 06:00:00,11.25212,11.25374,11.24593,11.25315
2025-01-13 06:30:00,11.25293,11.26304,11.25122,11.25882
2025-01-13 07:00:00,11.25859,11.26149,11.25523,11.25776
2025-01-13 07:30:00,11.25781,11.26138,11.24971,11.25021
2025-01-13 08:00:00,11.2503,11.25324,11.24364,11.25303
2025-01-13 08:30:00,11.25304,11.25702,11.2463,11.25376
2025-01-13 09:00:00,11.253,11.26511,11.24964,11.26489
2025-01-13 09:30:00,11.26514,11.26661,11.24143,11.25258
2025-01-13 10:00:00,11.25247,11.25526,11.23749,11.25415
2025-01-13 10:30:00,11.25414,11.27036,11.25082,11.26214
2025-01-13 11:00:00,11.26217,11.32192,11.26186,11.30976
2025-01-13 11:30:00,11.30978,11.30992,11.28585,11.29461
2025-01-13 12:00:00,11.29415,11.2945,11.27246,11.27796
2025-01-13 12:30:00,11.27826,11.28513,11.27025,11.27625
2025-01-13 13:00:00,11.27614,11.28905,11.27378,11.28441
2025-01-13 13:30:00,11.28438,11.2871,11.27159,11.28083
2025-01-13 14:00:00,11.28083,11.28958,11.27913,11.28904
2025-01-13 14:30:00,11.28848,11.28953,11.26989,11.27462
2025-01-13 15:00:00,11.2746,11.28367,11.2631,11.26709
2025-01-13 15:30:00,11.26707,11.27063,11.25275,11.26876
2025-01-13 16:00:00,11.26876,11.28193,11.26827,11.27972
2025-01-13 16:30:00,11.2805,11.29233,11.27646,11.27863
2025-01-13 17:00:00,11.27861,11.29728,11.27753,11.29586
2025-01-13 17:30:00,11.29649,11.30522,11.29463,11.2994
2025-01-13 18:00:00,11.29914,11.30418,11.28236,11.28236
2025-01-13 18:30:00,11.28251,11.28492,11.27312,11.28486
2025-01-13 19:00:00,11.28427,11.28698,11.27745,11.27939
2025-01-13 19:30:00,11.2794,11.28712,11.27674,11.27788
2025-01-13 20:00:00,11.27787,11.28423,11.27565,11.28179
2025-01-13 20:30:00,11.28156,11.28156,11.27328,11.27969
2025-01-13 21:00:00,11.27979,11.28679,11.27809,11.28158
2025-01-13 21:30:00,11.28159,11.28977,11.27987,11.28961
2025-01-13 22:00:00,11.28956,11.293,11.28222,11.28652
2025-01-13 22:30:00,11.28654,11.28773,11.27747,11.27926
2025-01-13 23:00:00,11.27923,11.28111,11.27612,11.27659
2025-01-13 23:30:00,11.27662,11.27844,11.23873,11.23873
2025-01-14 00:00:00,11.23912,11.24796,11.2217,11.22385
2025-01-14 00:30:00,11.22495,11.22696,11.20364,11.21932
2025-01-14 01:00:00,11.22022,11.23211,11.21256,11.21443
2025-01-14 01:30:00,11.21443,11.22088,11.20436,11.21858
2025-01-14 02:00:00,11.21898,11.2348,11.21806,11.23333
2025-01-14 02:30:00,11.23326,11.23989,11.23257,11.23667
2025-01-14 03:00:00,11.23852,11.24569,11.23852,11.24079
2025-01-14 03:30:00,11.24078,11.2489,11.23747,11.23918
2025-01-14 04:00:00,11.23919,11.25051,11.23652,11.24101
2025-01-14 04:30:00,11.24105,11.25012,11.24009,11.2428
2025-01-14 05:00:00,11.24281,11.24501,11.22653,11.23221
2025-01-14 05:30:00,11.23224,11.23703,11.22901,11.23664
2025-01-14 06:00:00,11.23658,11.24364,11.23626,11.23764
2025-01-14 06:30:00,11.23763,11.23869,11.22998,11.23596
2025-01-14 07:00:00,11.23597,11.24563,11.23364,11.2453
2025-01-14 07:30:00,11.24546,11.24585,11.23253,11.24197
2025-01-14 08:00:00,11.24144,11.24226,11.23103,11.23608
2025-01-14 08:30:00,11.23593,11.23963,11.23082,11.23211
2025-01-14 09:00:00,11.2321,11.23624,11.21805,11.22658
2025-01-14 09:30:00,11.22709,11.2278,11.21719,11.22134
2025-01-14 10:00:00,11.22133,11.22216,11.19936,11.20524
2025-01-14 10:30:00,11.20521,11.22213,11.20154,11.22017
2025-01-14 11:00:00,11.22063,11.22841,11.21643,11.22503
2025-01-14 11:30:00,11.22421,11.22959,11.21542,11.21625
2025-01-14 12:00:00,11.21612,11.22209,11.21127,11.21716
2025-01-14 12:30:00,11.21713,11.22616,11.21181,11.21359
2025-01-14 13:00:00,11.21324,11.22015,11.20933,11.21552
2025-01-14 13:30:00,11.21555,11.22245,11.21109,11.22209
2025-01-14 14:00:00,11.22221,11.24134,11.22084,11.22725
2025-01-14 14:30:00,11.22727,11.23654,11.22574,11.23514
2025-01-14 15:00:00,11.23533,11.23942,11.22398,11.23673
2025-01-14 15:30:00,11.23635,11.23797,11.19341,11.22782
2025-01-14 16:00:00,11.22759,11.23894,11.20978,11.21358
2025-01-14 16:30:00,11.21349,11.22219,11.20093,11.21404
2025-01-14 17:00:00,11.2143,11.21595,11.20139,11.20985
2025-01-14 17:30:00,11.20998,11.21148,11.18106,11.18225
2025-01-14 18:00:00,11.18221,11.18965,11.16859,11.18691
2025-01-14 18:30:00,11.18706,11.20136,11.18311,11.19146
2025-01-14 19:00:00,11.19153,11.20772,11.19124,11.1997
2025-01-14 19:30:00,11.1997,11.2009,11.19302,11.19338
2025-01-14 20:00:00,11.19337,11.19506,11.18578,11.18633
2025-01-14 20:30:00,11.18632,11.18648,11.17945,11.18101
2025-01-14 21:00:00,11.18113,11.18279,11.17498,11.17619
2025-01-14 21:30:00,11.17618,11.18357,11.17019,11.17939
2025-01-14 22:00:00,11.17934,11.18341,11.17116,11.17242
2025-01-14 22:30:00,11.17243,11.17942,11.17174,11.17869
2025-01-14 23:00:00,11.1786,11.1786,11.16878,11.17015
2025-01-14 23:30:00,11.17024,11.17846,11.15888,11.15888
2025-01-15 00:00:00,11.15528,11.16576,11.15254,11.15632
2025-01-15 00:30:00,11.15604,11.17459,11.15433,11.17305
2025-01-15 01:00:00,11.17275,11.17932,11.17169,11.17737
2025-01-15 01:30:00,11.17739,11.17907,11.16877,11.17061
2025-01-15 02:00:00,11.17033,11.18403,11.16742,11.17993
2025-01-15 02:30:00,11.18,11.18126,11.17559,11.17823
2025-01-15 03:00:00,11.17941,11.18283,11.17628,11.18107
2025-01-15 03:30:00,11.18115,11.18431,11.17883,11.18103
2025-01-15 04:00:00,11.1811,11.18355,11.17939,11.18131
2025-01-15 04:30:00,11.18133,11.18638,11.18072,11.18352
2025-01-15 05:00:00,11.18351,11.18499,11.17823,11.17916
2025-01-15 05:30:00,11.17922,11.18146,11.17617,11.17657
2025-01-15 06:00:00,11.17655,11.18215,11.17655,11.17795
2025-01-15 06:30:00,11.17796,11.1782,11.1739,11.1739
2025-01-15 07:00:00,11.17403,11.17928,11.1706,11.17589
2025-01-15 07:30:00,11.17586,11.18738,11.17508,11.18692
2025-01-15 08:00:00,11.18696,11.18886,11.18075,11.18101
2025-01-15 08:30:00,11.18104,11.18548,11.17861,11.17912
2025-01-15 09:00:00,11.17299,11.19395,11.16685,11.17981
2025-01-15 09:30:00,11.17989,11.18165,11.16117,11.16593
2025-01-15 10:00:00,11.16486,11.16983,11.14667,11.16789
2025-01-15 10:30:00,11.16794,11.17647,11.16384,11.17353
2025-01-15 11:00:00,11.17354,11.17628,11.15181,11.15345
2025-01-15 11:30:00,11.15346,11.15346,11.14338,11.14708
2025-01-15 12:00:00,11.1473,11.15941,11.14455,11.15557
2025-01-15 12:30:00,11.15551,11.16214,11.15397,11.15657
2025-01-15 13:00:00,11.15651,11.15722,11.14579,11.15108
2025-01-15 13:30:00,11.1511,11.15572,11.14761,11.15531
2025-01-15 14:00:00,11.15492,11.16081,11.15344,11.16045
2025-01-15 14:30:00,11.16045,11.1709,11.15769,11.16203
2025-01-15 15:00:00,11.162,11.16769,11.15802,11.15802
2025-01-15 15:30:00,11.1589,11.1589,11.09173,11.10487
2025-01-15 16:00:00,11.10469,11.12692,11.10259,11.11366
2025-01-15 16:30:00,11.11361,11.12369,11.10772,11.11935
2025-01-15 17:00:00,11.11922,11.13385,11.10681,11.11421
2025-01-15 17:30:00,11.1142,11.13689,11.10558,11.13326
2025-01-15 18:00:00,11.13349,11.15703,11.13111,11.15394
2025-01-15 18:30:00,11.15325,11.18615,11.15254,11.16137
2025-01-15 19:00:00,11.16115,11.16467,11.15249,11.15698
2025-01-15 19:30:00,11.15697,11.16438,11.14942,11.16061
2025-01-15 20:00:00,11.1606,11.1606,11.15046,11.15306
2025-01-15 20:30:00,11.15299,11.1555,11.14948,11.15421
2025-01-15 21:00:00,11.15422,11.157,11.15109,11.15241
2025-01-15 21:30:00,11.15239,11.15603,11.14945,11.15432
2025-01-15 22:00:00,11.15426,11.15552,11.14692,11.14734
2025-01-15 22:30:00,11.14736,11.151,11.14449,11.14668
2025-01-15 23:00:00,11.14616,11.15577,11.14597,11.15544
2025-01-15 23:30:00,11.15538,11.15723,11.15258,11.15258
2025-01-16 00:00:00,11.15123,11.15557,11.14644,11.14755
2025-01-16 00:30:00,11.14754,11.15192,11.14642,11.14995
2025-01-16 01:00:00,11.14898,11.15404,11.14623,11.15042
2025-01-16 01:30:00,11.15037,11.15072,11.14495,11.14698
2025-01-16 02:00:00,11.1466,11.15436,11.14263,11.14855
2025-01-16 02:30:00,11.14825,11.15727,11.13818,11.13945
2025-01-16 03:00:00,11.14033,11.15404,11.13957,11.15026
2025-01-16 03:30:00,11.15022,11.15727,11.14179,11.15471
2025-01-16 04:00:00,11.1542,11.16317,11.14928,11.1594
2025-01-16 04:30:00,11.15938,11.16267,11.15405,11.16087
2025-01-16 05:00:00,11.16085,11.16523,11.15843,11.16374
2025-01-16 05:30:00,11.16373,11.16473,11.1596,11.16025
2025-01-16 06:00:00,11.16028,11.16047,11.15416,11.15972
2025-01-16 06:30:00,11.15973,11.1679,11.15754,11.16623
2025-01-16 07:00:00,11.16612,11.17339,11.16547,11.16938
2025-01-16 07:30:00,11.16913,11.17824,11.16875,11.17527
2025-01-16 08:00:00,11.17536,11.17615,11.16272,11.16429
2025-01-16 08:30:00,11.16462,11.16968,11.15798,11.16
2025-01-16 09:00:00,11.16003,11.16471,11.15258,11.16083
2025-01-16 09:30:00,11.16082,11.16097,11.14741,11.15251
2025-01-16 10:00:00,11.15246,11.17224,11.14946,11.16816
2025-01-16 10:30:00,11.16807,11.17373,11.15604,11.15708
2025-01-16 11:00:00,11.15669,11.16275,11.1506,11.15751
2025-01-16 11:30:00,11.15749,11.17051,11.15403,11.16407
2025-01-16 12:00:00,11.16408,11.17566,11.15901,11.16233
2025-01-16 12:30:00,11.16249,11.1677,11.15914,11.16332
2025-01-16 13:00:00,11.16304,11.16588,11.15855,11.16021
2025-01-16 13:30:00,11.16019,11.16176,11.15528,11.16089
2025-01-16 14:00:00,11.1609,11.18543,11.16084,11.18312
2025-01-16 14:30:00,11.18278,11.19372,11.17752,11.18234
2025-01-16 15:00:00,11.18235,11.18833,11.17339,11.18403
2025-01-16 15:30:00,11.18245,11.18958,11.16309,11.17103
2025-01-16 16:00:00,11.17182,11.1796,11.16904,11.17299
2025-01-16 16:30:00,11.1726,11.18139,11.16488,11.17117
2025-01-16 17:00:00,11.17091,11.17415,11.13975,11.14777
2025-01-16 17:30:00,11.14776,11.15229,11.13855,11.1445
2025-01-16 18:00:00,11.14452,11.1596,11.12981,11.14269
2025-01-16 18:30:00,11.14195,11.14522,11.13048,11.13947
2025-01-16 19:00:00,11.13946,11.14576,11.12623,11.12984
2025-01-16 19:30:00,11.12986,11.15538,11.12822,11.15231
2025-01-16 20:00:00,11.1523,11.15325,11.14179,11.14906
2025-01-16 20:30:00,11.14912,11.15412,11.14659,11.14884
2025-01-16 21:00:00,11.1489,11.15231,11.14073,11.14904
2025-01-16 21:30:00,11.14903,11.15184,11.14206,11.14532
2025-01-16 22:00:00,11.14528,11.15196,11.1448,11.14844
2025-01-16 22:30:00,11.14846,11.15294,11.14535,11.15051
2025-01-16 23:00:00,11.15076,11.15804,11.14979,11.15533
2025-01-16 23:30:00,11.15531,11.15531,11.14491,11.14491
2025-01-17 00:00:00,11.14345,11.14868,11.12775,11.13421
2025-01-17 00:30:00,11.13316,11.14052,11.13271,11.13934
2025-01-17 01:00:00,11.13915,11.14859,11.13361,11.14778
2025-01-17 01:30:00,11.14776,11.14927,11.14727,11.14848
2025-01-17 02:00:00,11.14855,11.15361,11.14669,11.15109
2025-01-17 02:30:00,11.151,11.15189,11.14069,11.14225
2025-01-17 03:00:00,11.14229,11.14298,11.13732,11.13931
2025-01-17 03:30:00,11.13932,11.14204,11.13442,11.1394
2025-01-17 04:00:00,11.13916,11.14104,11.13518,11.13697
2025-01-17 04:30:00,11.13696,11.14173,11.13474,11.14125
2025-01-17 05:00:00,11.14126,11.14476,11.13916,11.14328
2025-01-17 05:30:00,11.14326,11.14642,11.14105,11.14533
2025-01-17 06:00:00,11.14591,11.14723,11.1442,11.14571
2025-01-17 06:30:00,11.1457,11.15306,11.1455,11.15253
2025-01-17 07:00:00,11.15255,11.15645,11.15115,11.15283
2025-01-17 07:30:00,11.15282,11.15888,11.15193,11.15242
2025-01-17 08:00:00,11.15246,11.17396,11.15081,11.17269
2025-01-17 08:30:00,11.17268,11.17471,11.1529,11.15389
2025-01-17 09:00:00,11.15506,11.17468,11.15468,11.17425
2025-01-17 09:30:00,11.17426,11.18148,11.16481,11.1706
2025-01-17 10:00:00,11.16998,11.17657,11.16474,11.16738
2025-01-17 10:30:00,11.16739,11.16739,11.15789,11.15919
2025-01-17 11:00:00,11.1592,11.16442,11.14936,11.16026
2025-01-17 11:30:00,11.16092,11.17049,11.15502,11.16042
2025-01-17 12:00:00,11.15957,11.16613,11.15487,11.15815
2025-01-17 12:30:00,11.15815,11.16143,11.15356,11.15832
2025-01-17 13:00:00,11.15775,11.16288,11.14782,11.15065
2025-01-17 13:30:00,11.15063,11.16153,11.14975,11.15448
2025-01-17 14:00:00,11.15439,11.16272,11.15219,11.16046
2025-01-17 14:30:00,11.16057,11.17717,11.15747,11.17425
2025-01-17 15:00:00,11.17428,11.18478,11.16839,11.18143
2025-01-17 15:30:00,11.18228,11.18517,11.17132,11.18043
2025-01-17 16:00:00,11.18041,11.2067,11.18021,11.19033
2025-01-17 16:30:00,11.19059,11.19291,11.15778,11.16208
2025-01-17 17:00:00,11.16169,11.1659,11.12216,11.13359
2025-01-17 17:30:00,11.13354,11.15089,11.13175,11.14532
2025-01-17 18:00:00,11.14534,11.16718,11.1453,11.16237
2025-01-17 18:30:00,11.16222,11.17725,11.15296,11.17291
2025-01-17 19:00:00,11.17283,11.18255,11.16864,11.18009
2025-01-17 19:30:00,11.1801,11.18091,11.17178,11.17769
2025-01-17 20:00:00,11.17773,11.17871,11.16631,11.17799
2025-01-17 20:30:00,11.17801,11.18382,11.17643,11.18206
2025-01-17 21:00:00,11.18208,11.18915,11.17766,11.18675
2025-01-17 21:30:00,11.18671,11.19328,11.18579,11.19049
2025-01-17 22:00:00,11.19043,11.19278,11.18603,11.18666
2025-01-17 22:30:00,11.18669,11.19304,11.18334,11.19122
2025-01-17 23:00:00,11.19115,11.20074,11.19098,11.19323
2025-01-17 23:30:00,11.19313,11.19515,11.18287,11.18291
2025-01-20 00:00:00,11.15105,11.17223,11.15105,11.171
2025-01-20 00:30:00,11.17154,11.18023,11.15626,11.17035
2025-01-20 01:00:00,11.17006,11.19048,11.16989,11.18889
2025-01-20 01:30:00,11.18898,11.18908,11.17217,11.17491
2025-01-20 02:00:00,11.17495,11.1773,11.16451,11.17434
2025-01-20 02:30:00,11.17462,11.17482,11.16778,11.17027
2025-01-20 03:00:00,11.17132,11.17963,11.16968,11.17835
2025-01-20 03:30:00,11.17836,11.18192,11.16259,11.16596
2025-01-20 04:00:00,11.166,11.17082,11.16448,11.1691
2025-01-20 04:30:00,11.16913,11.16914,11.16283,11.16373
2025-01-20 05:00:00,11.16372,11.16426,11.15707,11.1576
2025-01-20 05:30:00,11.15757,11.15789,11.14325,11.14408
2025-01-20 06:00:00,11.14426,11.14871,11.14245,11.14798
2025-01-20 06:30:00,11.14804,11.15242,11.14677,11.14928
2025-01-20 07:00:00,11.14929,11.15508,11.1479,11.15283
2025-01-20 07:30:00,11.15284,11.15648,11.14856,11.15503
2025-01-20 08:00:00,11.1547,11.16013,11.15215,11.15215
2025-01-20 08:30:00,11.15212,11.15816,11.13938,11.14844
2025-01-20 09:00:00,11.14849,11.15828,11.14714,11.15176
2025-01-20 09:30:00,11.1517,11.15529,11.13969,11.14432
2025-01-20 10:00:00,11.14426,11.1564,11.1403,11.15298
2025-01-20 10:30:00,11.15299,11.15703,11.14741,11.15415
2025-01-20 11:00:00,11.15385,11.16641,11.14791,11.16107
2025-01-20 11:30:00,11.16101,11.16737,11.15713,11.16568
2025-01-20 12:00:00,11.16502,11.16502,11.15219,11.15414
2025-01-20 12:30:00,11.15415,11.15732,11.14727,11.15618
2025-01-20 13:00:00,11.15557,11.15711,11.14795,11.15132
2025-01-20 13:30:00,11.15128,11.15505,11.13876,11.13918
2025-01-20 14:00:00,11.1392,11.14872,11.13761,11.14854
2025-01-20 14:30:00,11.14855,11.14855,11.12717,11.13889
2025-01-20 15:00:00,11.13925,11.14698,11.13834,11.14501
2025-01-20 15:30:00,11.14505,11.15065,11.03578,11.03767
2025-01-20 16:00:00,11.03728,11.06647,11.02524,11.03875
2025-01-20 16:30:00,11.03872,11.05104,10.99634,11.01592
2025-01-20 17:00:00,11.01585,11.03769,11.00073,11.03302
2025-01-20 17:30:00,11.03306,11.06133,11.02596,11.03987
2025-01-20 18:00:00,11.03974,11.05201,11.02825,11.02862
2025-01-20 18:30:00,11.02859,11.04331,11.0266,11.03977
2025-01-20 19:00:00,11.03976,11.09486,11.03923,11.07131
2025-01-20 19:30:00,11.07103,11.07129,11.03217,11.05168
2025-01-20 20:00:00,11.05178,11.05656,11.0422,11.05354
2025-01-20 20:30:00,11.05348,11.05543,11.03957,11.04
2025-01-20 21:00:00,11.03995,11.04726,11.03458,11.04227
2025-01-20 21:30:00,11.04228,11.04233,11.00954,11.01676
2025-01-20 22:00:00,11.0169,11.02632,11.00355,11.02506
2025-01-20 22:30:00,11.0252,11.02759,11.00969,11.0215
2025-01-20 23:00:00,11.0216,11.02693,11.01666,11.02266
2025-01-20 23:30:00,11.02262,11.02898,11.01543,11.01543
2025-01-21 00:00:00,11.00968,11.01311,10.98381,11.00319
2025-01-21 00:30:00,11.00337,11.01535,10.99959,11.01118
2025-01-21 01:00:00,11.00968,11.01726,10.99907,11.01153
2025-01-21 01:30:00,11.01139,11.02605,11.0018,11.00289
2025-01-21 02:00:00,11.00258,11.00574,10.99657,10.99785
2025-01-21 02:30:00,10.99803,11.0865,10.99708,11.07435
2025-01-21 03:00:00,11.07408,11.09081,11.02072,11.04614
2025-01-21 03:30:00,11.04597,11.07306,11.0352,11.06036
2025-01-21 04:00:00,11.06041,11.06482,11.04114,11.04631
2025-01-21 04:30:00,11.04628,11.05648,11.03766,11.05073
2025-01-21 05:00:00,11.0509,11.05149,11.02518,11.02974
2025-01-21 05:30:00,11.02981,11.04491,11.02933,11.04036
2025-01-21 06:00:00,11.04039,11.04225,11.02648,11.029
2025-01-21 06:30:00,11.02898,11.0386,11.02827,11.03828
2025-01-21 07:00:00,11.03825,11.05461,11.03327,11.05049
2025-01-21 07:30:00,11.05048,11.05872,11.04777,11.05683
2025-01-21 08:00:00,11.05696,11.07352,11.05317,11.05817
2025-01-21 08:30:00,11.05815,11.07812,11.05695,11.07779
2025-01-21 09:00:00,11.0778,11.08252,11.06213,11.06612
2025-01-21 09:30:00,11.06608,11.07175,11.05549,11.07112
2025-01-21 10:00:00,11.07113,11.0901,11.07113,11.0862
2025-01-21 10:30:00,11.08625,11.10168,11.0742,11.08146
2025-01-21 11:00:00,11.08178,11.09518,11.07594,11.08903
2025-01-21 11:30:00,11.08901,11.10631,11.08897,11.09225
2025-01-21 12:00:00,11.09252,11.10422,11.08592,11.08716
2025-01-21 12:30:00,11.08717,11.09144,11.07795,11.07952
2025-01-21 13:00:00,11.0796,11.09344,11.07887,11.09122
2025-01-21 13:30:00,11.09123,11.09893,11.07993,11.088
2025-01-21 14:00:00,11.08799,11.09559,11.08125,11.0828
2025-01-21 14:30:00,11.08281,11.0919,11.07973,11.08284
2025-01-21 15:00:00,11.08292,11.08399,11.06646,11.07326
2025-01-21 15:30:00,11.07395,11.07469,11.05898,11.05916
2025-01-21 16:00:00,11.05888,11.06372,11.03778,11.03933
2025-01-21 16:30:00,11.03939,11.05142,11.03444,11.03639
2025-01-21 17:00:00,11.03632,11.0502,11.02356,11.02967
2025-01-21 17:30:00,11.02935,11.02967,11.00925,11.02072
2025-01-21 18:00:00,11.02094,11.02174,11.00205,11.00262
2025-01-21 18:30:00,11.00265,11.00541,10.99203,10.99246
2025-01-21 19:00:00,10.99149,10.99238,10.98417,10.98534
2025-01-21 19:30:00,10.98532,10.99494,10.98265,10.99483
2025-01-21 20:00:00,10.99482,10.99754,10.98508,10.98591
2025-01-21 20:30:00,10.98573,10.98859,10.97956,10.98523
2025-01-21 21:00:00,10.98524,10.99505,10.98196,10.99101
2025-01-21 21:30:00,10.991,10.99533,10.99032,10.99201
2025-01-21 22:00:00,10.99203,10.99463,10.98752,10.99277
2025-01-21 22:30:00,10.99276,10.99512,10.9895,10.98982
2025-01-21 23:00:00,10.98998,10.99096,10.97955,10.98274
2025-01-21 23:30:00,10.98228,10.98254,10.97235,10.9737
2025-01-22 00:00:00,10.96805,10.98182,10.96365,10.97751
2025-01-22 00:30:00,10.97742,10.98142,10.9701,10.97848
2025-01-22 01:00:00,10.97822,11.01209,10.9762,10.99245
2025-01-22 01:30:00,10.99248,10.99895,10.98634,10.99342
2025-01-22 02:00:00,10.99261,10.99261,10.97313,10.9787
2025-01-22 02:30:00,10.97872,10.98091,10.97272,10.97992
2025-01-22 03:00:00,10.97957,10.9901,10.97814,10.98836
2025-01-22 03:30:00,10.98815,10.99797,10.98801,10.99521
2025-01-22 04:00:00,10.99522,10.99982,10.98824,10.99455
2025-01-22 04:30:00,10.99442,10.996,10.98735,10.9913
2025-01-22 05:00:00,10.99108,10.99548,10.98991,10.99355
2025-01-22 05:30:00,10.99356,11.00006,10.98902,10.99562
2025-01-22 06:00:00,10.9955,10.99655,10.98711,10.98711
2025-01-22 06:30:00,10.9871,10.99135,10.98436,10.98955
2025-01-22 07:00:00,10.98951,10.99991,10.98863,10.99616
2025-01-22 07:30:00,10.99612,10.9981,10.99054,10.99236
2025-01-22 08:00:00,10.99221,11.00366,10.98827,10.99789
2025-01-22 08:30:00,10.99792,11.01223,10.99721,11.00797
2025-01-22 09:00:00,11.00657,11.00764,10.99422,10.99606
2025-01-22 09:30:00,10.99604,10.99989,10.99118,10.99636
2025-01-22 10:00:00,10.99629,10.99827,10.98654,10.99153
2025-01-22 10:30:00,10.99149,10.9951,10.98123,10.98624
2025-01-22 11:00:00,10.98573,10.9886,10.97717,10.98117
2025-01-22 11:30:00,10.98115,10.98846,10.97222,10.97354
2025-01-22 12:00:00,10.97334,10.98094,10.96611,10.96918
2025-01-22 12:30:00,10.96933,10.98001,10.9674,10.9763
2025-01-22 13:00:00,10.97603,10.97865,10.96578,10.97707
2025-01-22 13:30:00,10.97709,10.98539,10.97084,10.97452
2025-01-22 14:00:00,10.97448,10.99077,10.97448,10.9903
2025-01-22 14:30:00,10.99031,10.99137,10.97847,10.98119
2025-01-22 15:00:00,10.9812,10.99591,10.97802,10.99541
2025-01-22 15:30:00,10.99535,11.00508,10.98147,10.98838
2025-01-22 16:00:00,10.98894,11.00409,10.98509,10.99965
2025-01-22 16:30:00,10.99905,11.00726,10.99309,11.00092
2025-01-22 17:00:00,11.00052,11.01853,11.00007,11.01101
2025-01-22 17:30:00,11.0109,11.01509,11.0049,11.00692
2025-01-22 18:00:00,11.00717,11.01769,11.00717,11.01471
2025-01-22 18:30:00,11.01471,11.01561,10.99729,10.99908
2025-01-22 19:00:00,10.99907,11.00415,10.99703,11.00286
2025-01-22 19:30:00,11.00292,11.00439,10.99608,10.99944
2025-01-22 20:00:00,10.99941,11.00633,10.99347,10.99526
2025-01-22 20:30:00,10.99526,10.99886,10.99101,10.99697
2025-01-22 21:00:00,10.99694,10.99716,10.98953,10.99111
2025-01-22 21:30:00,10.99107,10.99684,10.9901,10.99313
2025-01-22 22:00:00,10.99303,10.99578,10.9897,10.99293
2025-01-22 22:30:00,10.99294,11.00398,10.99222,11.0028
2025-01-22 23:00:00,11.00277,11.00405,11.00013,11.00358
2025-01-22 23:30:00,11.0036,11.00594,11.00097,11.00097
2025-01-23 00:00:00,11.00112,11.01134,10.97526,11.00392
2025-01-23 00:30:00,11.00454,11.00454,10.99806,11.00402
2025-01-23 01:00:00,11.00378,11.00884,11.0023,11.0057
2025-01-23 01:30:00,11.00566,11.00825,11.00481,11.00632
2025-01-23 02:00:00,11.00639,11.01022,11.00423,11.00704
2025-01-23 02:30:00,11.00703,11.00767,11.00209,11.00439
2025-01-23 03:00:00,11.00606,11.00871,10.99663,11.00828
2025-01-23 03:30:00,11.00826,11.01392,11.0024,11.01155
2025-01-23 04:00:00,11.01149,11.02007,11.00675,11.00766
2025-01-23 04:30:00,11.00773,11.01158,11.00648,11.00774
2025-01-23 05:00:00,11.00767,11.0087,11.0037,11.00463
2025-01-23 05:30:00,11.00462,11.00672,11.00241,11.00381
2025-01-23 06:00:00,11.00386,11.00573,10.99826,10.99894
2025-01-23 06:30:00,10.99973,11.00336,10.99809,11.00236
2025-01-23 07:00:00,11.00237,11.00808,11.00054,11.00635
2025-01-23 07:30:00,11.0064,11.00925,11.00558,11.00862
2025-01-23 08:00:00,11.00852,11.0091,11.00125,11.00197
2025-01-23 08:30:00,11.00233,11.01521,11.00161,11.01467
2025-01-23 09:00:00,11.01494,11.02891,11.01396,11.02259
2025-01-23 09:30:00,11.02251,11.03035,11.01603,11.0212
2025-01-23 10:00:00,11.02158,11.03562,11.02094,11.03546
2025-01-23 10:30:00,11.03528,11.04022,11.03237,11.03539
2025-01-23 11:00:00,11.03538,11.03625,11.02068,11.02394
2025-01-23 11:30:00,11.02389,11.02767,11.01878,11.02117
2025-01-23 12:00:00,11.02106,11.02505,11.0172,11.01783
2025-01-23 12:30:00,11.01781,11.02032,11.01307,11.01946
2025-01-23 13:00:00,11.0193,11.0238,11.01559,11.01628
2025-01-23 13:30:00,11.01626,11.0305,11.01485,11.02817
2025-01-23 14:00:00,11.02812,11.03792,11.02576,11.03081
2025-01-23 14:30:00,11.03089,11.03513,11.01983,11.02239
2025-01-23 15:00:00,11.0224,11.02929,11.01407,11.01894
2025-01-23 15:30:00,11.01857,11.02162,11.00757,11.01241
2025-01-23 16:00:00,11.01212,11.0132,11.00398,11.00986
2025-01-23 16:30:00,11.00985,11.01537,11.00577,11.01028
2025-01-23 17:00:00,11.01019,11.03409,11.00972,11.02675
2025-01-23 17:30:00,11.02703,11.03461,11.02035,11.02255
2025-01-23 18:00:00,11.02208,11.05514,11.0037,11.01393
2025-01-23 18:30:00,11.01429,11.01906,10.98679,10.99994
2025-01-23 19:00:00,10.99952,11.00759,10.99476,11.00702
2025-01-23 19:30:00,11.00662,11.00714,10.98148,10.98425
2025-01-23 20:00:00,10.98449,11.00123,10.98443,11.00088
2025-01-23 20:30:00,11.00094,11.00701,10.99945,11.00544
2025-01-23 21:00:00,11.00532,11.00955,11.003,11.00684
2025-01-23 21:30:00,11.00685,11.01026,11.00157,11.00291
2025-01-23 22:00:00,11.00298,11.00886,10.99823,11.00353
2025-01-23 22:30:00,11.00351,11.01302,11.00052,11.0077
2025-01-23 23:00:00,11.00764,11.01361,11.00618,11.01008
2025-01-23 23:30:00,11.01002,11.01169,10.99372,10.9976
2025-01-24 00:00:00,10.99376,11.00031,10.97833,10.99853
2025-01-24 00:30:00,10.99856,11.00879,10.99836,11.00167
2025-01-24 01:00:00,11.00224,11.00828,10.9946,11.00326
2025-01-24 01:30:00,11.00334,11.00689,11.00205,11.00658
2025-01-24 02:00:00,11.00658,11.01179,10.99519,10.99796
2025-01-24 02:30:00,10.99803,11.00261,10.98998,11.00024
2025-01-24 03:00:00,11.00086,11.00857,11.00002,11.0058
2025-01-24 03:30:00,11.00582,11.00896,11.00353,11.00385
2025-01-24 04:00:00,11.00379,11.00401,10.96809,10.97548
2025-01-24 04:30:00,10.97564,10.97674,10.96001,10.96001
2025-01-24 05:00:00,10.96037,10.98012,10.95476,10.97502
2025-01-24 05:30:00,10.97487,10.97842,10.96307,10.96739
2025-01-24 06:00:00,10.96743,10.97001,10.96056,10.96572
2025-01-24 06:30:00,10.96515,10.97101,10.96116,10.96695
2025-01-24 07:00:00,10.96699,10.96961,10.95768,10.96953
2025-01-24 07:30:00,10.96959,10.97189,10.95949,10.95984
2025-01-24 08:00:00,10.95966,10.96203,10.95054,10.95566
2025-01-24 08:30:00,10.95603,10.9585,10.93219,10.94668
2025-01-24 09:00:00,10.94632,10.96436,10.94521,10.9629
2025-01-24 09:30:00,10.96297,10.96814,10.95328,10.9568
2025-01-24 10:00:00,10.95679,10.96046,10.92945,10.93341
2025-01-24 10:30:00,10.93231,10.93231,10.91832,10.92136
2025-01-24 11:00:00,10.9221,10.926,10.89904,10.90989
2025-01-24 11:30:00,10.90983,10.9199,10.90466,10.914
2025-01-24 12:00:00,10.91386,10.92309,10.91084,10.9157
2025-01-24 12:30:00,10.91534,10.92208,10.90624,10.91763
2025-01-24 13:00:00,10.91769,10.91963,10.90992,10.91642
2025-01-24 13:30:00,10.91663,10.93165,10.91618,10.92773
2025-01-24 14:00:00,10.92771,10.93663,10.92188,10.9223
2025-01-24 14:30:00,10.92231,10.94045,10.92101,10.9377
2025-01-24 15:00:00,10.93774,10.94443,10.93193,10.94235
2025-01-24 15:30:00,10.94229,10.94574,10.93643,10.9384
2025-01-24 16:00:00,10.93832,10.94188,10.93334,10.93756
2025-01-24 16:30:00,10.93747,10.93816,10.91162,10.92319
2025-01-24 17:00:00,10.92245,10.92669,10.90485,10.91099
2025-01-24 17:30:00,10.91099,10.91509,10.89937,10.9054
2025-01-24 18:00:00,10.90551,10.91491,10.9015,10.90974
2025-01-24 18:30:00,10.90965,10.91646,10.90149,10.90684
2025-01-24 19:00:00,10.90701,10.91081,10.89999,10.91021
2025-01-24 19:30:00,10.91017,10.91389,10.9042,10.91308
2025-01-24 20:00:00,10.91309,10.92136,10.91206,10.92087
2025-01-24 20:30:00,10.92084,10.93203,10.91848,10.92902
2025-01-24 21:00:00,10.92901,10.93283,10.92845,10.92967
2025-01-24 21:30:00,10.92966,10.93011,10.92437,10.92547
2025-01-24 22:00:00,10.92557,10.93166,10.92557,10.92968
2025-01-24 22:30:00,10.92982,10.93644,10.92437,10.92543
2025-01-24 23:00:00,10.92545,10.92741,10.92261,10.92534
2025-01-24 23:30:00,10.92529,10.92654,10.91027,10.91658
2025-01-27 00:00:00,10.928,10.93347,10.92316,10.93052
2025-01-27 00:30:00,10.93051,10.93392,10.9297,10.93089
2025-01-27 01:00:00,10.92984,10.95269,10.92512,10.94738
2025-01-27 01:30:00,10.94742,10.96276,10.9438,10.95835
2025-01-27 02:00:00,10.95833,10.9607,10.94565,10.94863
2025-01-27 02:30:00,10.94869,10.95213,10.94561,10.94945
2025-01-27 03:00:00,10.95035,10.95383,10.94313,10.95263
2025-01-27 03:30:00,10.95243,10.96543,10.95243,10.9639
2025-01-27 04:00:00,10.96378,10.96951,10.96003,10.96614
2025-01-27 04:30:00,10.96613,10.97044,10.96054,10.96237
2025-01-27 05:00:00,10.96233,10.96449,10.94695,10.95461
2025-01-27 05:30:00,10.95462,10.96379,10.95199,10.95857
2025-01-27 06:00:00,10.9586,10.96779,10.95803,10.96732
2025-01-27 06:30:00,10.9673,10.97028,10.96226,10.96474
2025-01-27 07:00:00,10.96475,10.97581,10.96475,10.97111
2025-01-27 07:30:00,10.971,10.97288,10.96465,10.96772
2025-01-27 08:00:00,10.96774,10.97337,10.96521,10.96718
2025-01-27 08:30:00,10.96719,10.97875,10.9666,10.97199
2025-01-27 09:00:00,10.97195,10.9828,10.96659,10.96981
2025-01-27 09:30:00,10.96979,10.99003,10.9592,10.98939
2025-01-27 10:00:00,10.98962,10.99075,10.97289,10.9815
2025-01-27 10:30:00,10.98162,10.9839,10.9609,10.9609
2025-01-27 11:00:00,10.9603,10.98218,10.95823,10.97279
2025-01-27 11:30:00,10.97301,10.98077,10.96939,10.97046
2025-01-27 12:00:00,10.97095,10.97095,10.95171,10.96008
2025-01-27 12:30:00,10.96003,10.96219,10.95263,10.95663
2025-01-27 13:00:00,10.95686,10.95865,10.93892,10.94723
2025-01-27 13:30:00,10.947,10.94721,10.93837,10.93904
2025-01-27 14:00:00,10.93851,10.94485,10.93139,10.9401
2025-01-27 14:30:00,10.93998,10.94237,10.92537,10.93148
2025-01-27 15:00:00,10.93147,10.94011,10.91344,10.93422
2025-01-27 15:30:00,10.93455,10.93835,10.9165,10.92593
2025-01-27 16:00:00,10.92572,10.93092,10.92116,10.92191
2025-01-27 16:30:00,10.92192,10.94093,10.91715,10.9362
2025-01-27 17:00:00,10.9365,10.94727,10.93062,10.93527
2025-01-27 17:30:00,10.9344,10.94796,10.93396,10.93664
2025-01-27 18:00:00,10.93636,10.93859,10.9231,10.92591
2025-01-27 18:30:00,10.92628,10.94169,10.92574,10.94094
2025-01-27 19:00:00,10.9409,10.95112,10.93601,10.94364
2025-01-27 19:30:00,10.9437,10.94701,10.93522,10.94523
2025-01-27 20:00:00,10.94526,10.94885,10.93613,10.94782
2025-01-27 20:30:00,10.94792,10.9494,10.93925,10.94545
2025-01-27 21:00:00,10.94547,10.95156,10.93946,10.94022
2025-01-27 21:30:00,10.94023,10.94417,10.93443,10.93478
2025-01-27 22:00:00,10.93453,10.94149,10.93441,10.93903
2025-01-27 22:30:00,10.93871,10.94244,10.93468,10.93726
2025-01-27 23:00:00,10.93731,10.93994,10.93283,10.93683
2025-01-27 23:30:00,10.93677,10.93935,10.92985,10.92985
2025-01-28 00:00:00,10.92398,10.93132,10.92282,10.92863
2025-01-28 00:30:00,10.92875,10.93732,10.9285,10.93689
2025-01-28 01:00:00,10.93592,10.97539,10.93455,10.96897
2025-01-28 01:30:00,10.96965,10.98616,10.96204,10.98046
2025-01-28 02:00:00,10.98005,10.98769,10.968,10.97868
2025-01-28 02:30:00,10.97839,10.98623,10.97394,10.97997
2025-01-28 03:00:00,10.97958,10.98296,10.96536,10.97311
2025-01-28 03:30:00,10.97302,10.99803,10.97185,10.99258
2025-01-28 04:00:00,10.99243,11.00702,10.98707,10.99187
2025-01-28 04:30:00,10.99139,11.0005,10.98755,10.99427
2025-01-28 05:00:00,10.99492,10.99651,10.98835,10.99117
2025-01-28 05:30:00,10.9908,11.00176,10.98832,11.00143
2025-01-28 06:00:00,11.00123,11.00512,10.99714,11.00298
2025-01-28 06:30:00,11.00362,11.00788,10.99608,10.9981
2025-01-28 07:00:00,10.99791,10.99855,10.99315,10.99377
2025-01-28 07:30:00,10.99379,10.99584,10.99091,10.99477
2025-01-28 08:00:00,10.99459,10.99459,10.98248,10.98544
2025-01-28 08:30:00,10.98553,10.99719,10.98349,10.99226
2025-01-28 09:00:00,10.99238,10.99891,10.98801,10.99431
2025-01-28 09:30:00,10.99429,11.01134,10.99386,11.00795
2025-01-28 10:00:00,11.00778,11.01363,11.00308,11.00883
2025-01-28 10:30:00,11.00883,11.01713,10.99869,11.01104
2025-01-28 11:00:00,11.01103,11.01336,10.99314,10.99414
2025-01-28 11:30:00,10.99408,11.00295,10.99101,10.99905
2025-01-28 12:00:00,10.99904,11.00151,10.99001,10.99711
2025-01-28 12:30:00,10.9971,11.00897,10.99242,11.00862
2025-01-28 13:00:00,11.00863,11.01091,11.00049,11.00506
2025-01-28 13:30:00,11.00512,11.01555,11.00417,11.01364
2025-01-28 14:00:00,11.01392,11.02469,11.0119,11.01435
2025-01-28 14:30:00,11.01432,11.01723,11.00622,11.01289
2025-01-28 15:00:00,11.01293,11.0181,11.00016,11.00206
2025-01-28 15:30:00,11.00191,11.01116,10.99706,11.00443
2025-01-28 16:00:00,11.00468,11.00828,10.99657,11.00011
2025-01-28 16:30:00,11.00007,11.01281,10.99248,11.00519
2025-01-28 17:00:00,11.00489,11.00506,10.99769,11.00028
2025-01-28 17:30:00,11.00018,11.0145,10.999,11.01051
2025-01-28 18:00:00,11.0103,11.01371,11.00345,11.00886
2025-01-28 18:30:00,11.01005,11.01721,11.00674,11.00732
2025-01-28 19:00:00,11.00716,11.00824,10.997,11.00171
2025-01-28 19:30:00,11.00175,11.00327,10.99123,10.99892
2025-01-28 20:00:00,10.99882,11.00035,10.98876,10.9898
2025-01-28 20:30:00,10.98991,11.00418,10.98531,11.00059
2025-01-28 21:00:00,11.00056,11.00652,10.99667,11.00083
2025-01-28 21:30:00,11.00081,11.00121,10.98654,10.98867
2025-01-28 22:00:00,10.98853,10.99223,10.9862,10.99186
2025-01-28 22:30:00,10.99204,10.99489,10.98993,10.99372
2025-01-28 23:00:00,10.99374,10.99484,10.99093,10.99461
2025-01-28 23:30:00,10.9946,10.99599,10.98384,10.98384
2025-01-29 00:00:00,10.97792,10.99184,10.96171,10.98832
2025-01-29 00:30:00,10.98844,10.99596,10.98284,10.99383
2025-01-29 01:00:00,10.9945,10.99788,10.98673,10.99188
2025-01-29 01:30:00,10.99184,10.99625,10.99099,10.99492
2025-01-29 02:00:00,10.99547,10.99653,10.98402,10.98497
2025-01-29 02:30:00,10.98504,10.99945,10.98419,10.99523
2025-01-29 03:00:00,10.99522,10.99635,10.99029,10.99252
2025-01-29 03:30:00,10.99234,10.99818,10.98962,10.99774
2025-01-29 04:00:00,10.99777,11.00026,10.99281,10.99459
2025-01-29 04:30:00,10.9946,10.99555,10.98552,10.98911
2025-01-29 05:00:00,10.98915,10.99443,10.98659,10.98768
2025-01-29 05:30:00,10.9877,10.99008,10.98446,10.98707
2025-01-29 06:00:00,10.98706,10.98733,10.97976,10.98357
2025-01-29 06:30:00,10.98353,10.98799,10.98138,10.98677
2025-01-29 07:00:00,10.98676,10.98771,10.98347,10.98443
2025-01-29 07:30:00,10.98445,10.99023,10.98443,10.9846
2025-01-29 08:00:00,10.98459,10.98459,10.97274,10.97854
2025-01-29 08:30:00,10.97858,10.98489,10.97551,10.98453
2025-01-29 09:00:00,10.98452,11.00957,10.98423,11.00588
2025-01-29 09:30:00,11.0059,11.01596,11.00274,11.012
2025-01-29 10:00:00,11.01191,11.01191,10.99451,10.99877
2025-01-29 10:30:00,10.99897,11.02031,10.9948,11.00247
2025-01-29 11:00:00,11.00209,11.02091,11.00167,11.00969
2025-01-29 11:30:00,11.00967,11.0185,11.00384,11.0174
2025-01-29 12:00:00,11.01733,11.02248,11.00541,11.00817
2025-01-29 12:30:00,11.00819,11.00869,10.99927,11.00304
2025-01-29 13:00:00,11.00297,11.0121,11.00285,11.00815
2025-01-29 13:30:00,11.00813,11.02222,11.00693,11.01822
2025-01-29 14:00:00,11.01829,11.02423,11.01503,11.02014
2025-01-29 14:30:00,11.0202,11.02038,11.01062,11.01137
2025-01-29 15:00:00,11.01134,11.03037,11.00785,11.02626
2025-01-29 15:30:00,11.02588,11.03677,11.02287,11.02764
2025-01-29 16:00:00,11.0276,11.0299,11.018,11.02108
2025-01-29 16:30:00,11.02104,11.02944,11.01617,11.01628
2025-01-29 17:00:00,11.01614,11.02371,11.00731,11.01466
2025-01-29 17:30:00,11.01458,11.01823,10.99146,10.99439
2025-01-29 18:00:00,10.99464,11.00433,10.99311,10.99439
2025-01-29 18:30:00,10.99446,11.00241,10.99004,11.00207
2025-01-29 19:00:00,11.00228,11.00285,10.9887,10.99306
2025-01-29 19:30:00,10.993,11.00004,10.99081,10.99377
2025-01-29 20:00:00,10.99374,11.00239,10.99278,10.99559
2025-01-29 20:30:00,10.99587,11.00396,10.98891,10.98891
2025-01-29 21:00:00,10.9886,11.03126,10.98752,11.02635
2025-01-29 21:30:00,11.02624,11.03577,10.98941,10.99938
2025-01-29 22:00:00,10.99963,11.01722,10.99207,11.00547
2025-01-29 22:30:00,11.00539,11.01793,11.00383,11.00991
2025-01-29 23:00:00,11.00986,11.01273,11.00168,11.00314
2025-01-29 23:30:00,11.00312,11.00813,10.9927,10.99314
2025-01-30 00:00:00,10.99011,10.99802,10.99011,10.99172
2025-01-30 00:30:00,10.99228,10.99612,10.99187,10.99399
2025-01-30 01:00:00,10.99475,11.00101,10.99318,10.99803
2025-01-30 01:30:00,10.99806,11.00096,10.99074,10.99597
2025-01-30 02:00:00,10.99596,10.99709,10.99196,10.99315
2025-01-30 02:30:00,10.99317,10.99479,10.99164,10.99338
2025-01-30 03:00:00,10.99381,11.00013,10.9935,10.99696
2025-01-30 03:30:00,10.99688,10.99829,10.99234,10.99678
2025-01-30 04:00:00,10.99675,10.99679,10.98894,10.99228
2025-01-30 04:30:00,10.99224,10.99474,10.99084,10.99371
2025-01-30 05:00:00,10.99373,10.99516,10.98984,10.99246
2025-01-30 05:30:00,10.9923,10.995,10.98904,10.98997
2025-01-30 06:00:00,10.98988,10.99386,10.98839,10.99299
2025-01-30 06:30:00,10.99295,10.9989,10.99289,10.99666
2025-01-30 07:00:00,10.99667,10.99873,10.99351,10.99547
2025-01-30 07:30:00,10.99557,10.99823,10.99144,10.99231
2025-01-30 08:00:00,10.99227,11.00277,10.99138,11.0015
2025-01-30 08:30:00,11.00136,11.00708,10.99589,10.99589
2025-01-30 09:00:00,10.99577,11.0094,10.99298,11.00547
2025-01-30 09:30:00,11.00545,11.00942,10.99691,10.99691
2025-01-30 10:00:00,10.99718,11.00239,10.98501,10.98696
2025-01-30 10:30:00,10.98698,10.99404,10.98596,10.98646
2025-01-30 11:00:00,10.98737,11.00841,10.9831,11.00008
2025-01-30 11:30:00,11.00005,11.01618,10.99683,11.01254
2025-01-30 12:00:00,11.01207,11.01828,11.01022,11.01322
2025-01-30 12:30:00,11.01324,11.02645,11.01109,11.02311
2025-01-30 13:00:00,11.02314,11.0311,11.02312,11.02605
2025-01-30 13:30:00,11.02604,11.0339,11.02126,11.03322
2025-01-30 14:00:00,11.03325,11.03695,11.02624,11.02654
2025-01-30 14:30:00,11.02668,11.03051,11.01964,11.02361
2025-01-30 15:00:00,11.02334,11.02939,11.01122,11.01143
2025-01-30 15:30:00,11.00967,11.02955,10.97756,10.98218
2025-01-30 16:00:00,10.98285,11.00306,10.97193,10.9994
2025-01-30 16:30:00,10.99923,11.0137,10.99652,11.00433
2025-01-30 17:00:00,11.00191,11.00588,10.99482,11.00218
2025-01-30 17:30:00,11.0022,11.00514,10.98771,11.00223
2025-01-30 18:00:00,11.00228,11.00855,10.99829,11.0069
2025-01-30 18:30:00,11.00739,11.01647,11.00335,11.01372
2025-01-30 19:00:00,11.01317,11.0259,11.01032,11.01978
2025-01-30 19:30:00,11.0197,11.02093,11.01464,11.01734
2025-01-30 20:00:00,11.01717,11.01946,11.01037,11.01184
2025-01-30 20:30:00,11.01187,11.01307,11.00588,11.00718
2025-01-30 21:00:00,11.00739,11.01031,11.0044,11.00531
2025-01-30 21:30:00,11.00525,11.00607,11.00015,11.00285
2025-01-30 22:00:00,11.00268,11.00442,10.99873,10.99921
2025-01-30 22:30:00,10.99925,11.05815,10.99744,11.03408
2025-01-30 23:00:00,11.03372,11.05997,11.0265,11.04837
2025-01-30 23:30:00,11.04802,11.04837,11.0393,11.04003
2025-01-31 00:00:00,11.03602,11.05237,11.03602,11.05049
2025-01-31 00:30:00,11.05064,11.05853,11.04762,11.05364
2025-01-31 01:00:00,11.05406,11.06325,11.04466,11.05589
2025-01-31 01:30:00,11.05596,11.05744,11.04628,11.04809
2025-01-31 02:00:00,11.04797,11.04883,11.0371,11.04307
2025-01-31 02:30:00,11.04306,11.05629,11.04199,11.05257
2025-01-31 03:00:00,11.05256,11.06523,11.04816,11.0568
2025-01-31 03:30:00,11.05663,11.05714,11.04894,11.05201
2025-01-31 04:00:00,11.05143,11.05485,11.04489,11.04865
2025-01-31 04:30:00,11.04866,11.05042,11.04345,11.04862
2025-01-31 05:00:00,11.04864,11.05487,11.04449,11.04945
2025-01-31 05:30:00,11.04946,11.05507,11.04725,11.05262
2025-01-31 06:00:00,11.05265,11.05538,11.04984,11.05003
2025-01-31 06:30:00,11.04994,11.05495,11.04458,11.0488
2025-01-31 07:00:00,11.04909,11.05031,11.04313,11.04888
2025-01-31 07:30:00,11.04889,11.05497,11.04815,11.04819
2025-01-31 08:00:00,11.04851,11.04969,11.0432,11.04351
2025-01-31 08:30:00,11.04314,11.04383,11.03624,11.03715
2025-01-31 09:00:00,11.03874,11.04212,11.02773,11.02951
2025-01-31 09:30:00,11.02947,11.03268,11.01686,11.02553
2025-01-31 10:00:00,11.02523,11.0468,11.02409,11.04475
2025-01-31 10:30:00,11.04472,11.05734,11.04436,11.05316
2025-01-31 11:00:00,11.05319,11.06832,11.05319,11.06147
2025-01-31 11:30:00,11.06145,11.06428,11.04848,11.04911
2025-01-31 12:00:00,11.04907,11.06032,11.04676,11.0484
2025-01-31 12:30:00,11.04841,11.06265,11.04544,11.0589
2025-01-31 13:00:00,11.05941,11.06699,11.05803,11.06344
2025-01-31 13:30:00,11.06336,11.06646,11.05902,11.0613
2025-01-31 14:00:00,11.06123,11.06123,11.04707,11.0524
2025-01-31 14:30:00,11.05238,11.05606,11.04791,11.04933
2025-01-31 15:00:00,11.04985,11.05048,11.03764,11.0411
2025-01-31 15:30:00,11.04196,11.06237,11.04078,11.05747
2025-01-31 16:00:00,11.05751,11.08266,11.0571,11.07146
2025-01-31 16:30:00,11.07138,11.08303,11.06885,11.08247
2025-01-31 17:00:00,11.08237,11.09209,11.07006,11.07244
2025-01-31 17:30:00,11.07221,11.07599,11.05355,11.05669
2025-01-31 18:00:00,11.05666,11.06392,11.05074,11.05204
2025-01-31 18:30:00,11.05203,11.05673,11.04047,11.05143
2025-01-31 19:00:00,11.05145,11.06202,11.01221,11.01386
2025-01-31 19:30:00,11.01385,11.03926,11.01342,11.03071
2025-01-31 20:00:00,11.03069,11.08962,11.02944,11.07771
2025-01-31 20:30:00,11.07772,11.10055,11.07288,11.09203
2025-01-31 21:00:00,11.09175,11.09905,11.08691,11.09118
2025-01-31 21:30:00,11.09101,11.09602,11.08119,11.08577
2025-01-31 22:00:00,11.08551,11.09517,11.08449,11.08664
2025-01-31 22:30:00,11.08666,11.09639,11.07453,11.08761
2025-01-31 23:00:00,11.08737,11.10844,11.06809,11.089
2025-01-31 23:30:00,11.08887,11.10058,11.08649,11.09228
2025-02-03 00:00:00,11.22075,11.2258,11.20254,11.21137
2025-02-03 00:30:00,11.21134,11.23194,11.2044,11.21462
2025-02-03 01:00:00,11.21471,11.23591,11.19714,11.23202
2025-02-03 01:30:00,11.23105,11.234,11.21004,11.22335
2025-02-03 02:00:00,11.2248,11.26168,11.19947,11.22549
2025-02-03 02:30:00,11.22548,11.24904,11.21831,11.23515
2025-02-03 03:00:00,11.23623,11.24904,11.21424,11.21929
2025-02-03 03:30:00,11.21928,11.23716,11.21413,11.23365
2025-02-03 04:00:00,11.23372,11.25369,11.23365,11.24441
2025-02-03 04:30:00,11.24446,11.25568,11.24437,11.25262
2025-02-03 05:00:00,11.25259,11.26492,11.25066,11.25829
2025-02-03 05:30:00,11.25815,11.26767,11.25346,11.25669
2025-02-03 06:00:00,11.25657,11.25831,11.23126,11.25588
2025-02-03 06:30:00,11.2558,11.26016,11.24659,11.249
2025-02-03 07:00:00,11.24888,11.24965,11.2323,11.23349
2025-02-03 07:30:00,11.23357,11.23692,11.22678,11.23067
2025-02-03 08:00:00,11.23044,11.23164,11.22013,11.22351
2025-02-03 08:30:00,11.22354,11.2295,11.21659,11.22802
2025-02-03 09:00:00,11.22818,11.23577,11.21645,11.22896
2025-02-03 09:30:00,11.22893,11.24691,11.22175,11.24448
2025-02-03 10:00:00,11.24367,11.26193,11.23034,11.23114
2025-02-03 10:30:00,11.23112,11.24462,11.2229,11.23549
2025-02-03 11:00:00,11.23554,11.24239,11.22535,11.22899
2025-02-03 11:30:00,11.22898,11.24939,11.22402,11.24346
2025-02-03 12:00:00,11.2413,11.24367,11.22715,11.23464
2025-02-03 12:30:00,11.23448,11.23448,11.21911,11.22246
2025-02-03 13:00:00,11.22242,11.228,11.21257,11.22779
2025-02-03 13:30:00,11.22784,11.234,11.20855,11.21188
2025-02-03 14:00:00,11.21169,11.21169,11.18098,11.18667
2025-02-03 14:30:00,11.18651,11.20785,11.17932,11.20197
2025-02-03 15:00:00,11.20089,11.20112,11.15839,11.17279
2025-02-03 15:30:00,11.17281,11.18765,11.17,11.18128
2025-02-03 16:00:00,11.18089,11.19565,11.17736,11.18393
2025-02-03 16:30:00,11.18337,11.20345,11.18117,11.19491
2025-02-03 17:00:00,11.1954,11.20367,11.09851,11.12664
2025-02-03 17:30:00,11.12678,11.13222,11.0875,11.10948
2025-02-03 18:00:00,11.10941,11.13855,11.10047,11.12255
2025-02-03 18:30:00,11.12205,11.1587,11.11179,11.15341
2025-02-03 19:00:00,11.15291,11.15767,11.13607,11.14094
2025-02-03 19:30:00,11.14091,11.15597,11.12061,11.14687
2025-02-03 20:00:00,11.14515,11.15855,11.13336,11.14567
2025-02-03 20:30:00,11.14562,11.15185,11.14081,11.14432
2025-02-03 21:00:00,11.14409,11.14433,11.12168,11.12858
2025-02-03 21:30:00,11.12861,11.14356,11.12613,11.13915
2025-02-03 22:00:00,11.13921,11.14135,11.1219,11.12493
2025-02-03 22:30:00,11.12491,11.12934,11.12034,11.12585
2025-02-03 23:00:00,11.12584,11.12836,11.10459,11.10999
2025-02-03 23:30:00,11.10982,11.11249,11.05347,11.05838
2025-02-04 00:00:00,11.05304,11.06592,11.05269,11.05383
2025-02-04 00:30:00,11.05465,11.06167,11.05383,11.06099
2025-02-04 01:00:00,11.06342,11.06938,11.05292,11.06714
2025-02-04 01:30:00,11.06707,11.08502,11.06664,11.08333
2025-02-04 02:00:00,11.08322,11.09634,11.08021,11.09268
2025-02-04 02:30:00,11.09269,11.10552,11.09049,11.09538
2025-02-04 03:00:00,11.09525,11.11017,11.09525,11.10192
2025-02-04 03:30:00,11.1019,11.10856,11.09279,11.09357
2025-02-04 04:00:00,11.09358,11.10087,11.08902,11.09285
2025-02-04 04:30:00,11.09266,11.09389,11.08604,11.08706
2025-02-04 05:00:00,11.08707,11.09475,11.08446,11.09157
2025-02-04 05:30:00,11.09181,11.10573,11.09117,11.10309
2025-02-04 06:00:00,11.10297,11.10683,11.10082,11.10223
2025-02-04 06:30:00,11.10238,11.11643,11.10176,11.11643
2025-02-04 07:00:00,11.11635,11.15873,11.11629,11.14017
2025-02-04 07:30:00,11.14013,11.14088,11.12333,11.13218
2025-02-04 08:00:00,11.13218,11.13309,11.1242,11.12831
2025-02-04 08:30:00,11.12829,11.13187,11.11247,11.11329
2025-02-04 09:00:00,11.11439,11.12271,11.10298,11.10444
2025-02-04 09:30:00,11.10436,11.1059,11.09174,11.09916
2025-02-04 10:00:00,11.09873,11.10082,11.07203,11.07264
2025-02-04 10:30:00,11.0726,11.08368,11.06631,11.06727
2025-02-04 11:00:00,11.06737,11.06839,11.05187,11.05328
2025-02-04 11:30:00,11.0534,11.05867,11.04897,11.05497
2025-02-04 12:00:00,11.0554,11.05661,11.03293,11.04011
2025-02-04 12:30:00,11.04021,11.05197,11.04001,11.04166
2025-02-04 13:00:00,11.04164,11.05149,11.04092,11.05105
2025-02-04 13:30:00,11.05103,11.05432,11.04402,11.05184
2025-02-04 14:00:00,11.05184,11.06065,11.05043,11.05043
2025-02-04 14:30:00,11.05042,11.0565,11.04917,11.05434
2025-02-04 15:00:00,11.05449,11.05705,11.04258,11.05244
2025-02-04 15:30:00,11.05267,11.0587,11.04531,11.04531
2025-02-04 16:00:00,11.04532,11.0455,11.01461,11.02293
2025-02-04 16:30:00,11.02287,11.02618,10.995,10.99702
2025-02-04 17:00:00,10.99702,10.99833,10.97363,10.98129
2025-02-04 17:30:00,10.98124,10.98438,10.95831,10.9676
2025-02-04 18:00:00,10.96773,10.97816,10.95795,10.96796
2025-02-04 18:30:00,10.96807,10.97218,10.95876,10.96798
2025-02-04 19:00:00,10.96786,10.98834,10.96727,10.98116
2025-02-04 19:30:00,10.98122,10.98829,10.97365,10.97536
2025-02-04 20:00:00,10.97535,10.97809,10.96701,10.97038
2025-02-04 20:30:00,10.97044,10.97434,10.96458,10.97269
2025-02-04 21:00:00,10.97268,10.97631,10.96887,10.9716
2025-02-04 21:30:00,10.9714,10.97337,10.96275,10.96575
2025-02-04 22:00:00,10.96587,10.96802,10.95877,10.96256
2025-02-04 22:30:00,10.96258,10.96441,10.95829,10.95999
2025-02-04 23:00:00,10.95972,10.96725,10.957,10.96628
2025-02-04 23:30:00,10.9663,10.96884,10.96326,10.96429
2025-02-05 00:00:00,10.95667,10.9652,10.95614,10.96318
2025-02-05 00:30:00,10.96319,10.96929,10.96247,10.96899
2025-02-05 01:00:00,10.96939,10.97167,10.96214,10.96923
2025-02-05 01:30:00,10.9694,10.9791,10.96812,10.97906
2025-02-05 02:00:00,10.97875,10.98127,10.97428,10.97436
2025-02-05 02:30:00,10.97435,10.97601,10.96709,10.97118
2025-02-05 03:00:00,10.97128,10.97216,10.96019,10.96167
2025-02-05 03:30:00,10.96168,10.97904,10.9614,10.97721
2025-02-05 04:00:00,10.97653,10.97894,10.9627,10.96528
2025-02-05 04:30:00,10.9652,10.96808,10.96359,10.96471
2025-02-05 05:00:00,10.96466,10.96779,10.96242,10.96293
2025-02-05 05:30:00,10.96297,10.9698,10.96027,10.96894
2025-02-05 06:00:00,10.96896,10.97217,10.96622,10.97049
2025-02-05 06:30:00,10.97048,10.97307,10.96865,10.9711
2025-02-05 07:00:00,10.97111,10.97716,10.97047,10.9753
2025-02-05 07:30:00,10.97529,10.97759,10.97253,10.97267
2025-02-05 08:00:00,10.97247,10.97714,10.95454,10.95567
2025-02-05 08:30:00,10.95568,10.96724,10.95563,10.96588
2025-02-05 09:00:00,10.96587,10.97266,10.93749,10.93944
2025-02-05 09:30:00,10.93923,10.94722,10.93267,10.93435
2025-02-05 10:00:00,10.93438,10.94974,10.92391,10.93833
2025-02-05 10:30:00,10.93848,10.94491,10.91847,10.92002
2025-02-05 11:00:00,10.91988,10.9226,10.90877,10.91782
2025-02-05 11:30:00,10.91785,10.92551,10.91684,10.92352
2025-02-05 12:00:00,10.92288,10.92569,10.89367,10.89466
2025-02-05 12:30:00,10.89472,10.89699,10.88371,10.8909
2025-02-05 13:00:00,10.89079,10.90209,10.8902,10.89867
2025-02-05 13:30:00,10.89868,10.90466,10.89806,10.89984
2025-02-05 14:00:00,10.89981,10.90382,10.89649,10.89735
2025-02-05 14:30:00,10.89737,10.9018,10.89384,10.89842
2025-02-05 15:00:00,10.89855,10.90886,10.89465,10.90104
2025-02-05 15:30:00,10.90116,10.91716,10.89547,10.91067
2025-02-05 16:00:00,10.91066,10.91559,10.89891,10.89948
2025-02-05 16:30:00,10.89964,10.90664,10.89152,10.89654
2025-02-05 17:00:00,10.88851,10.89965,10.87288,10.89265
2025-02-05 17:30:00,10.89256,10.89578,10.8728,10.87799
2025-02-05 18:00:00,10.87812,10.8948,10.87577,10.88488
2025-02-05 18:30:00,10.88489,10.89405,10.87845,10.88599
2025-02-05 19:00:00,10.88609,10.89628,10.87912,10.89245
2025-02-05 19:30:00,10.89244,10.89244,10.88104,10.88361
2025-02-05 20:00:00,10.88367,10.89168,10.88163,10.88495
2025-02-05 20:30:00,10.88496,10.88972,10.88184,10.88932
2025-02-05 21:00:00,10.88937,10.89689,10.88892,10.89264
2025-02-05 21:30:00,10.89255,10.9006,10.89224,10.89524
2025-02-05 22:00:00,10.89458,10.90374,10.89458,10.90131
2025-02-05 22:30:00,10.90126,10.90844,10.90112,10.90552
2025-02-05 23:00:00,10.90579,10.90983,10.9038,10.90841
2025-02-05 23:30:00,10.90846,10.91362,10.90135,10.90135
2025-02-06 00:00:00,10.89838,10.90083,10.89509,10.89711
2025-02-06 00:30:00,10.8972,10.90226,10.8972,10.89759
2025-02-06 01:00:00,10.89829,10.90901,10.89596,10.90258
2025-02-06 01:30:00,10.90296,10.90933,10.90191,10.90802
2025-02-06 02:00:00,10.90797,10.91153,10.90317,10.90914
2025-02-06 02:30:00,10.9092,10.9159,10.90692,10.91412
2025-02-06 03:00:00,10.91414,10.91527,10.90561,10.91039
2025-02-06 03:30:00,10.91036,10.91069,10.90089,10.90223
2025-02-06 04:00:00,10.90304,10.91665,10.89973,10.9161
2025-02-06 04:30:00,10.91609,10.91916,10.91224,10.91411
2025-02-06 05:00:00,10.91414,10.9186,10.91233,10.91514
2025-02-06 05:30:00,10.9152,10.92177,10.91318,10.91843
2025-02-06 06:00:00,10.91844,10.91912,10.91409,10.91639
2025-02-06 06:30:00,10.9164,10.92515,10.91606,10.92245
2025-02-06 07:00:00,10.92257,10.92257,10.91861,10.921
2025-02-06 07:30:00,10.92103,10.92466,10.9177,10.92432
2025-02-06 08:00:00,10.92433,10.92876,10.92288,10.92644
2025-02-06 08:30:00,10.92646,10.93206,10.9189,10.92828
2025-02-06 09:00:00,10.92882,10.93278,10.90563,10.91913
2025-02-06 09:30:00,10.91917,10.92957,10.91646,10.92737
2025-02-06 10:00:00,10.92739,10.92861,10.91079,10.92106
2025-02-06 10:30:00,10.9206,10.92402,10.91209,10.91858
2025-02-06 11:00:00,10.91857,10.93894,10.9184,10.93429
2025-02-06 11:30:00,10.93542,10.93976,10.93283,10.93713
2025-02-06 12:00:00,10.93672,10.93839,10.92736,10.93095
2025-02-06 12:30:00,10.93099,10.94013,10.93041,10.93089
2025-02-06 13:00:00,10.93129,10.93471,10.91858,10.91886
2025-02-06 13:30:00,10.91885,10.92519,10.91394,10.91638
2025-02-06 14:00:00,10.91663,10.92352,10.90943,10.92264
2025-02-06 14:30:00,10.92268,10.92548,10.91476,10.91796
2025-02-06 15:00:00,10.91818,10.93192,10.9163,10.92603
2025-02-06 15:30:00,10.92536,10.93248,10.91695,10.92242
2025-02-06 16:00:00,10.92271,10.92332,10.91205,10.91269
2025-02-06 16:30:00,10.91281,10.92524,10.90251,10.92481
2025-02-06 17:00:00,10.92517,10.92667,10.90648,10.91726
2025-02-06 17:30:00,10.91735,10.92366,10.90714,10.90741
2025-02-06 18:00:00,10.90746,10.91038,10.9007,10.90322
2025-02-06 18:30:00,10.90397,10.91099,10.90278,10.91032
2025-02-06 19:00:00,10.91029,10.9123,10.90224,10.9033
2025-02-06 19:30:00,10.90331,10.90978,10.90153,10.90209
2025-02-06 20:00:00,10.9024,10.90585,10.89231,10.89568
2025-02-06 20:30:00,10.89574,10.90124,10.8857,10.89317
2025-02-06 21:00:00,10.89323,10.89796,10.89214,10.89618
2025-02-06 21:30:00,10.89616,10.90119,10.89463,10.89547
2025-02-06 22:00:00,10.89604,10.89695,10.88877,10.89305
2025-02-06 22:30:00,10.89312,10.89474,10.88697,10.88897
2025-02-06 23:00:00,10.88943,10.89408,10.88682,10.89004
2025-02-06 23:30:00,10.88977,10.89901,10.88915,10.89612
2025-02-07 00:00:00,10.89015,10.90257,10.88541,10.90191
2025-02-07 00:30:00,10.90652,10.90652,10.89559,10.89814
2025-02-07 01:00:00,10.89646,10.90303,10.89608,10.90178
2025-02-07 01:30:00,10.90168,10.90505,10.89676,10.8973
2025-02-07 02:00:00,10.89764,10.89899,10.88844,10.89318
2025-02-07 02:30:00,10.89317,10.89838,10.893,10.89784
2025-02-07 03:00:00,10.89855,10.9037,10.89546,10.89781
2025-02-07 03:30:00,10.89779,10.901,10.88751,10.89155
2025-02-07 04:00:00,10.89126,10.89226,10.88805,10.88994
2025-02-07 04:30:00,10.88991,10.8968,10.88893,10.89314
2025-02-07 05:00:00,10.89311,10.89543,10.89035,10.89359
2025-02-07 05:30:00,10.8936,10.90121,10.89142,10.89653
2025-02-07 06:00:00,10.89648,10.9042,10.89541,10.89929
2025-02-07 06:30:00,10.89933,10.90158,10.8948,10.89806
2025-02-07 07:00:00,10.89805,10.90278,10.89692,10.90106
2025-02-07 07:30:00,10.90105,10.90814,10.89712,10.90571
2025-02-07 08:00:00,10.9057,10.90839,10.90281,10.90405
2025-02-07 08:30:00,10.90404,10.90673,10.90143,10.90178
2025-02-07 09:00:00,10.90178,10.90415,10.89447,10.89565
2025-02-07 09:30:00,10.89566,10.89936,10.88685,10.88859
2025-02-07 10:00:00,10.88858,10.89789,10.88507,10.89237
2025-02-07 10:30:00,10.89239,10.89239,10.87404,10.87557
2025-02-07 11:00:00,10.87611,10.88034,10.87365,10.87956
2025-02-07 11:30:00,10.87949,10.8801,10.86811,10.87285
2025-02-07 12:00:00,10.87283,10.87832,10.86928,10.87048
2025-02-07 12:30:00,10.87041,10.88303,10.86929,10.88214
2025-02-07 13:00:00,10.88216,10.88855,10.87711,10.88096
2025-02-07 13:30:00,10.88082,10.88274,10.8754,10.87742
2025-02-07 14:00:00,10.87749,10.88335,10.87515,10.88029
2025-02-07 14:30:00,10.88024,10.88193,10.87209,10.87688
2025-02-07 15:00:00,10.87674,10.88574,10.87351,10.87968
2025-02-07 15:30:00,10.88163,10.911,10.83185,10.89253
2025-02-07 16:00:00,10.8926,10.8974,10.86824,10.86916
2025-02-07 16:30:00,10.86917,10.87449,10.86424,10.86969
2025-02-07 17:00:00,10.87031,10.8936,10.87031,10.89188
2025-02-07 17:30:00,10.89186,10.94161,10.87367,10.9096
2025-02-07 18:00:00,10.90934,10.94328,10.90934,10.93324
2025-02-07 18:30:00,10.93292,10.94806,10.92804,10.94147
2025-02-07 19:00:00,10.9413,10.96886,10.90697,10.95168
2025-02-07 19:30:00,10.95168,10.96473,10.94814,10.95258
2025-02-07 20:00:00,10.95259,10.95405,10.93816,10.94778
2025-02-07 20:30:00,10.94773,10.95952,10.94304,10.95502
2025-02-07 21:00:00,10.95502,10.95689,10.94215,10.94325
2025-02-07 21:30:00,10.94297,10.94604,10.93604,10.93953
2025-02-07 22:00:00,10.9394,10.94431,10.93294,10.94376
2025-02-07 22:30:00,10.9438,10.95706,10.94209,10.95115
2025-02-07 23:00:00,10.9504,10.95086,10.94235,10.94648
2025-02-07 23:30:00,10.94622,10.94882,10.93785,10.94139
2025-02-10 00:00:00,10.9791,10.98634,10.96937,10.97844
2025-02-10 00:30:00,10.97846,10.98728,10.97029,10.98693
2025-02-10 01:00:00,10.9868,10.9868,10.96365,10.98281
2025-02-10 01:30:00,10.98271,10.98346,10.97827,10.9789
2025-02-10 02:00:00,10.97892,10.98066,10.96009,10.96263
2025-02-10 02:30:00,10.96252,10.97451,10.9606,10.9732
2025-02-10 03:00:00,10.97319,10.98239,10.96703,10.98218
2025-02-10 03:30:00,10.98222,10.98664,10.97784,10.98077
2025-02-10 04:00:00,10.98075,10.98399,10.97388,10.98272
2025-02-10 04:30:00,10.9826,10.98576,10.98037,10.98346
2025-02-10 05:00:00,10.98349,10.98355,10.96622,10.96794
2025-02-10 05:30:00,10.96793,10.97098,10.96469,10.96754
2025-02-10 06:00:00,10.9675,10.96811,10.95899,10.96003
2025-02-10 06:30:00,10.95993,10.96619,10.95931,10.96535
2025-02-10 07:00:00,10.96534,10.96583,10.95562,10.95707
2025-02-10 07:30:00,10.95689,10.96691,10.95591,10.96307
2025-02-10 08:00:00,10.96308,10.96827,10.95974,10.96125
2025-02-10 08:30:00,10.96128,10.96565,10.95436,10.95468
2025-02-10 09:00:00,10.95465,10.96539,10.94901,10.96402
2025-02-10 09:30:00,10.96403,10.96685,10.95985,10.96477
2025-02-10 10:00:00,10.96484,10.96695,10.95285,10.95545
2025-02-10 10:30:00,10.95548,10.9587,10.94648,10.94779
2025-02-10 11:00:00,10.94765,10.94802,10.92648,10.92708
2025-02-10 11:30:00,10.9271,10.92895,10.91886,10.92676
2025-02-10 12:00:00,10.92708,10.92966,10.9227,10.92487
2025-02-10 12:30:00,10.92458,10.9247,10.91273,10.91612
2025-02-10 13:00:00,10.91614,10.91626,10.90367,10.90512
2025-02-10 13:30:00,10.90504,10.9173,10.90396,10.91713
2025-02-10 14:00:00,10.91707,10.92929,10.91566,10.92445
2025-02-10 14:30:00,10.92442,10.92877,10.91887,10.925
2025-02-10 15:00:00,10.92497,10.9281,10.92107,10.92668
2025-02-10 15:30:00,10.92669,10.92868,10.91887,10.92372
2025-02-10 16:00:00,10.92343,10.93509,10.9193,10.93067
2025-02-10 16:30:00,10.93065,10.93109,10.92183,10.92266
2025-02-10 17:00:00,10.92246,10.92249,10.91281,10.91358
2025-02-10 17:30:00,10.91352,10.91445,10.90647,10.90901
2025-02-10 18:00:00,10.90843,10.91646,10.9056,10.91089
2025-02-10 18:30:00,10.91104,10.92236,10.90972,10.91477
2025-02-10 19:00:00,10.9148,10.91491,10.90733,10.91236
2025-02-10 19:30:00,10.91239,10.91739,10.91056,10.91256
2025-02-10 20:00:00,10.91257,10.91434,10.90522,10.90935
2025-02-10 20:30:00,10.90934,10.91856,10.90901,10.9168
2025-02-10 21:00:00,10.91672,10.91892,10.91208,10.91678
2025-02-10 21:30:00,10.91677,10.91755,10.91306,10.91521
2025-02-10 22:00:00,10.91522,10.91901,10.91352,10.9188
2025-02-10 22:30:00,10.91882,10.91969,10.91406,10.91559
2025-02-10 23:00:00,10.91566,10.91938,10.91434,10.9189
2025-02-10 23:30:00,10.91909,10.92501,10.91633,10.91752
2025-02-11 00:00:00,10.91408,10.91844,10.90526,10.91838
2025-02-11 00:30:00,10.91845,10.92445,10.91845,10.92332
2025-02-11 01:00:00,10.9244,10.93256,10.91763,10.92827
2025-02-11 01:30:00,10.92837,10.93044,10.9263,10.92844
2025-02-11 02:00:00,10.92844,10.93022,10.92342,10.92522
2025-02-11 02:30:00,10.92518,10.92901,10.92351,10.92609
2025-02-11 03:00:00,10.92746,10.933,10.92513,10.92998
2025-02-11 03:30:00,10.92999,10.93268,10.92659,10.93036
2025-02-11 04:00:00,10.93042,10.93453,10.92707,10.93121
2025-02-11 04:30:00,10.9312,10.94291,10.93097,10.94231
2025-02-11 05:00:00,10.94231,10.94445,10.93876,10.94129
2025-02-11 05:30:00,10.94144,10.94152,10.93456,10.93723
2025-02-11 06:00:00,10.93716,10.93778,10.92961,10.93036
2025-02-11 06:30:00,10.93029,10.9331,10.92753,10.92938
2025-02-11 07:00:00,10.92936,10.9304,10.92591,10.92944
2025-02-11 07:30:00,10.92949,10.93129,10.92687,10.92775
2025-02-11 08:00:00,10.92777,10.92946,10.92139,10.92174
2025-02-11 08:30:00,10.92131,10.92761,10.92095,10.92698
2025-02-11 09:00:00,10.92688,10.93333,10.92359,10.92611
2025-02-11 09:30:00,10.926,10.93224,10.92432,10.93181
2025-02-11 10:00:00,10.93199,10.93436,10.92369,10.92642
2025-02-11 10:30:00,10.9263,10.92818,10.91957,10.92277
2025-02-11 11:00:00,10.92278,10.93393,10.92245,10.93063
2025-02-11 11:30:00,10.93064,10.93178,10.92333,10.92592
2025-02-11 12:00:00,10.92579,10.92684,10.9138,10.9158
2025-02-11 12:30:00,10.91566,10.9213,10.91308,10.92008
2025-02-11 13:00:00,10.92017,10.92135,10.91677,10.92038
2025-02-11 13:30:00,10.92039,10.92113,10.91073,10.91226
2025-02-11 14:00:00,10.9118,10.9118,10.90203,10.90402
2025-02-11 14:30:00,10.90401,10.90632,10.90116,10.90205
2025-02-11 15:00:00,10.90196,10.90547,10.89603,10.90362
2025-02-11 15:30:00,10.9036,10.90505,10.89379,10.8939
2025-02-11 16:00:00,10.89364,10.89412,10.87389,10.87397
2025-02-11 16:30:00,10.87406,10.87542,10.86183,10.8671
2025-02-11 17:00:00,10.86698,10.872,10.85584,10.86416
2025-02-11 17:30:00,10.86316,10.87479,10.86277,10.87048
2025-02-11 18:00:00,10.87047,10.87129,10.85876,10.86189
2025-02-11 18:30:00,10.86184,10.8707,10.86052,10.86882
2025-02-11 19:00:00,10.86799,10.87108,10.86625,10.86644
2025-02-11 19:30:00,10.86641,10.86983,10.86473,10.86912
2025-02-11 20:00:00,10.86921,10.87267,10.86181,10.87259
2025-02-11 20:30:00,10.87256,10.87473,10.8684,10.87345
2025-02-11 21:00:00,10.87342,10.87905,10.87289,10.87537
2025-02-11 21:30:00,10.87552,10.87557,10.84645,10.86327
2025-02-11 22:00:00,10.8633,10.86697,10.86157,10.86233
2025-02-11 22:30:00,10.86206,10.86365,10.84941,10.85688
2025-02-11 23:00:00,10.857,10.86031,10.85563,10.85735
2025-02-11 23:30:00,10.85736,10.86008,10.85623,10.85691
2025-02-12 00:00:00,10.85577,10.85577,10.85104,10.85364
2025-02-12 00:30:00,10.85354,10.85758,10.84971,10.85477
2025-02-12 01:00:00,10.85467,10.85709,10.85038,10.85641
2025-02-12 01:30:00,10.8564,10.85963,10.85193,10.85598
2025-02-12 02:00:00,10.85597,10.86315,10.85432,10.86038
2025-02-12 02:30:00,10.86039,10.86277,10.85944,10.86156
2025-02-12 03:00:00,10.86128,10.86616,10.86023,10.86065
2025-02-12 03:30:00,10.86064,10.86297,10.84965,10.85579
2025-02-12 04:00:00,10.85578,10.85763,10.85037,10.85038
2025-02-12 04:30:00,10.85033,10.85466,10.84731,10.85441
2025-02-12 05:00:00,10.85445,10.85847,10.85102,10.85474
2025-02-12 05:30:00,10.85474,10.86277,10.85417,10.85775
2025-02-12 06:00:00,10.85767,10.86095,10.85566,10.85755
2025-02-12 06:30:00,10.85748,10.86372,10.85742,10.86281
2025-02-12 07:00:00,10.86276,10.86402,10.86052,10.86084
2025-02-12 07:30:00,10.86087,10.86318,10.85978,10.86041
2025-02-12 08:00:00,10.8604,10.86349,10.85889,10.86203
2025-02-12 08:30:00,10.86215,10.86791,10.8604,10.86212
2025-02-12 09:00:00,10.86212,10.86796,10.85865,10.86296
2025-02-12 09:30:00,10.86297,10.8682,10.85336,10.85721
2025-02-12 10:00:00,10.85734,10.87469,10.85525,10.87466
2025-02-12 10:30:00,10.87473,10.88083,10.86611,10.87757
2025-02-12 11:00:00,10.87742,10.89102,10.87732,10.89076
2025-02-12 11:30:00,10.89075,10.89075,10.88212,10.88387
2025-02-12 12:00:00,10.88389,10.89126,10.88116,10.88377
2025-02-12 12:30:00,10.88379,10.8868,10.88094,10.88128
2025-02-12 13:00:00,10.88129,10.88341,10.86932,10.87195
2025-02-12 13:30:00,10.87193,10.8726,10.86507,10.86937
2025-02-12 14:00:00,10.86953,10.87383,10.86862,10.87276
2025-02-12 14:30:00,10.87267,10.87937,10.86886,10.87895
2025-02-12 15:00:00,10.87897,10.89556,10.87674,10.89059
2025-02-12 15:30:00,10.8891,10.95134,10.8875,10.94317
2025-02-12 16:00:00,10.94322,10.95252,10.91776,10.92086
2025-02-12 16:30:00,10.92099,10.93133,10.91722,10.91776
2025-02-12 17:00:00,10.91789,10.93336,10.88857,10.91045
2025-02-12 17:30:00,10.91044,10.91349,10.87688,10.89271
2025-02-12 18:00:00,10.89278,10.92083,10.8907,10.91271
2025-02-12 18:30:00,10.91271,10.91484,10.87406,10.87821
2025-02-12 19:00:00,10.8782,10.87919,10.8416,10.84251
2025-02-12 19:30:00,10.84249,10.85975,10.83318,10.83496
2025-02-12 20:00:00,10.83488,10.85458,10.83164,10.85328
2025-02-12 20:30:00,10.85329,10.87544,10.8531,10.87338
2025-02-12 21:00:00,10.8735,10.87856,10.8711,10.87172
2025-02-12 21:30:00,10.87173,10.87656,10.8689,10.87211
2025-02-12 22:00:00,10.87228,10.87512,10.86544,10.86673
2025-02-12 22:30:00,10.86661,10.87542,10.86464,10.87491
2025-02-12 23:00:00,10.87481,10.88533,10.87462,10.8835
2025-02-12 23:30:00,10.88342,10.89103,10.87895,10.87903
2025-02-13 00:00:00,10.85935,10.86955,10.84697,10.8659
2025-02-13 00:30:00,10.86498,10.87411,10.86184,10.86963
2025-02-13 01:00:00,10.86841,10.88177,10.86583,10.87802
2025-02-13 01:30:00,10.87803,10.88065,10.86333,10.86456
2025-02-13 02:00:00,10.86422,10.87353,10.85907,10.86458
2025-02-13 02:30:00,10.86457,10.87331,10.85873,10.86684
2025-02-13 03:00:00,10.86638,10.87074,10.85589,10.86728
2025-02-13 03:30:00,10.86729,10.86928,10.85575,10.85792
2025-02-13 04:00:00,10.85793,10.86375,10.85392,10.8549
2025-02-13 04:30:00,10.85467,10.8549,10.84933,10.85339
2025-02-13 05:00:00,10.85334,10.85435,10.83991,10.84097
2025-02-13 05:30:00,10.84098,10.84178,10.82969,10.83393
2025-02-13 06:00:00,10.83392,10.83418,10.8195,10.82307
2025-02-13 06:30:00,10.82311,10.8233,10.81151,10.81628
2025-02-13 07:00:00,10.8163,10.81694,10.81055,10.81079
2025-02-13 07:30:00,10.8108,10.81935,10.81068,10.81374
2025-02-13 08:00:00,10.8138,10.81485,10.80965,10.81139
2025-02-13 08:30:00,10.8114,10.82234,10.80889,10.82079
2025-02-13 09:00:00,10.82067,10.82355,10.81088,10.82278
2025-02-13 09:30:00,10.82281,10.83689,10.81704,10.83237
2025-02-13 10:00:00,10.83231,10.84828,10.83143,10.84729
2025-02-13 10:30:00,10.84731,10.8516,10.84202,10.84746
2025-02-13 11:00:00,10.84747,10.85845,10.84679,10.85753
2025-02-13 11:30:00,10.85765,10.85926,10.84078,10.84365
2025-02-13 12:00:00,10.84364,10.84448,10.83001,10.83458
2025-02-13 12:30:00,10.83462,10.84091,10.83144,10.84041
2025-02-13 13:00:00,10.84048,10.84076,10.82743,10.83381
2025-02-13 13:30:00,10.83379,10.85594,10.8275,10.847
2025-02-13 14:00:00,10.84701,10.87242,10.84621,10.86199
2025-02-13 14:30:00,10.86195,10.86667,10.85406,10.86311
2025-02-13 15:00:00,10.86274,10.86501,10.84667,10.85285
2025-02-13 15:30:00,10.85089,10.85767,10.81598,10.8325
2025-02-13 16:00:00,10.83222,10.84242,10.82984,10.84016
2025-02-13 16:30:00,10.84008,10.84132,10.81984,10.82096
2025-02-13 17:00:00,10.821,10.821,10.77855,10.79038
2025-02-13 17:30:00,10.78995,10.79422,10.772,10.78406
2025-02-13 18:00:00,10.78368,10.78705,10.76753,10.76931
2025-02-13 18:30:00,10.76931,10.78486,10.76805,10.78314
2025-02-13 19:00:00,10.7832,10.78566,10.77394,10.776
2025-02-13 19:30:00,10.776,10.78844,10.77262,10.78709
2025-02-13 20:00:00,10.7871,10.79536,10.78274,10.78441
2025-02-13 20:30:00,10.78446,10.85026,10.77809,10.80355
2025-02-13 21:00:00,10.80377,10.80466,10.76914,10.77373
2025-02-13 21:30:00,10.77371,10.78134,10.76655,10.77222
2025-02-13 22:00:00,10.77224,10.77383,10.74249,10.74609
2025-02-13 22:30:00,10.74615,10.74688,10.73012,10.7327
2025-02-13 23:00:00,10.73277,10.73941,10.73113,10.73571
2025-02-13 23:30:00,10.73609,10.73866,10.72421,10.72425
2025-02-14 00:00:00,10.7159,10.72752,10.7045,10.71857
2025-02-14 00:30:00,10.71856,10.73121,10.71331,10.72434
2025-02-14 01:00:00,10.72393,10.73561,10.71899,10.73305
2025-02-14 01:30:00,10.73269,10.74096,10.73047,10.73523
2025-02-14 02:00:00,10.73411,10.73715,10.72471,10.72911
2025-02-14 02:30:00,10.72892,10.73648,10.72863,10.73368
2025-02-14 03:00:00,10.73602,10.73764,10.72342,10.72835
2025-02-14 03:30:00,10.72837,10.73502,10.72495,10.73378
2025-02-14 04:00:00,10.73378,10.73649,10.7288,10.73553
2025-02-14 04:30:00,10.73538,10.73793,10.73054,10.7334
2025-02-14 05:00:00,10.73337,10.7386,10.73256,10.73474
2025-02-14 05:30:00,10.73476,10.73522,10.72742,10.73133
2025-02-14 06:00:00,10.73143,10.73227,10.72625,10.73177
2025-02-14 06:30:00,10.73175,10.73639,10.72953,10.73597
2025-02-14 07:00:00,10.73599,10.74201,10.73509,10.74149
2025-02-14 07:30:00,10.74151,10.74712,10.7396,10.74076
2025-02-14 08:00:00,10.74124,10.74161,10.73043,10.73583
2025-02-14 08:30:00,10.73582,10.73602,10.7293,10.73274
2025-02-14 09:00:00,10.73285,10.73285,10.71546,10.72132
2025-02-14 09:30:00,10.72134,10.72655,10.71598,10.7229
2025-02-14 10:00:00,10.72287,10.72607,10.7095,10.71036
2025-02-14 10:30:00,10.71009,10.71179,10.69989,10.70947
2025-02-14 11:00:00,10.70954,10.70974,10.70142,10.70426
2025-02-14 11:30:00,10.70427,10.71716,10.7009,10.71087
2025-02-14 12:00:00,10.71065,10.72047,10.70966,10.71627
2025-02-14 12:30:00,10.71638,10.72891,10.71352,10.72657
2025-02-14 13:00:00,10.72654,10.73755,10.7265,10.7353
2025-02-14 13:30:00,10.73541,10.73774,10.7322,10.73415
2025-02-14 14:00:00,10.73433,10.74502,10.73422,10.73678
2025-02-14 14:30:00,10.73683,10.74125,10.73079,10.73655
2025-02-14 15:00:00,10.73655,10.73709,10.71748,10.71748
2025-02-14 15:30:00,10.71737,10.71895,10.70311,10.7104
2025-02-14 16:00:00,10.71048,10.71065,10.69246,10.69358
2025-02-14 16:30:00,10.69323,10.6973,10.68295,10.69195
2025-02-14 17:00:00,10.69192,10.71664,10.69171,10.71627
2025-02-14 17:30:00,10.71637,10.71703,10.69182,10.69552
2025-02-14 18:00:00,10.69549,10.69832,10.68745,10.69041
2025-02-14 18:30:00,10.68976,10.69795,10.68912,10.69628
2025-02-14 19:00:00,10.6963,10.69868,10.69164,10.69748
2025-02-14 19:30:00,10.69745,10.69769,10.67795,10.6809
2025-02-14 20:00:00,10.68093,10.68657,10.67982,10.68638
2025-02-14 20:30:00,10.68634,10.68897,10.6803,10.6811
2025-02-14 21:00:00,10.68109,10.68707,10.68031,10.68691
2025-02-14 21:30:00,10.687,10.69118,10.68554,10.68639
2025-02-14 22:00:00,10.68644,10.69417,10.68644,10.69213
2025-02-14 22:30:00,10.69212,10.696,10.6888,10.69477
2025-02-14 23:00:00,10.69463,10.69712,10.69289,10.69349
2025-02-14 23:30:00,10.69338,10.69462,10.686,10.6884
2025-02-17 00:00:00,10.68942,10.69532,10.68942,10.6946
2025-02-17 00:30:00,10.69451,10.69822,10.69291,10.69553
2025-02-17 01:00:00,10.69575,10.70675,10.68964,10.69976
2025-02-17 01:30:00,10.69956,10.70433,10.69646,10.70107
2025-02-17 02:00:00,10.70137,10.70607,10.69544,10.70062
2025-02-17 02:30:00,10.7006,10.70391,10.69402,10.69647
2025-02-17 03:00:00,10.69652,10.69943,10.68717,10.68801
2025-02-17 03:30:00,10.68795,10.68819,10.67879,10.68259
2025-02-17 04:00:00,10.68261,10.68983,10.68178,10.68524
2025-02-17 04:30:00,10.68525,10.6893,10.68201,10.68268
2025-02-17 05:00:00,10.68274,10.69126,10.67893,10.68917
2025-02-17 05:30:00,10.68916,10.69105,10.68643,10.68964
2025-02-17 06:00:00,10.68971,10.6961,10.68923,10.69047
2025-02-17 06:30:00,10.69046,10.69152,10.68733,10.68934
2025-02-17 07:00:00,10.6893,10.69712,10.68639,10.69312
2025-02-17 07:30:00,10.69329,10.70347,10.69325,10.69782
2025-02-17 08:00:00,10.69779,10.70025,10.69423,10.697
2025-02-17 08:30:00,10.69706,10.69916,10.69387,10.69387
2025-02-17 09:00:00,10.69378,10.70531,10.69337,10.70361
2025-02-17 09:30:00,10.70389,10.71149,10.69689,10.70739
2025-02-17 10:00:00,10.70747,10.72024,10.70236,10.71948
2025-02-17 10:30:00,10.7196,10.72163,10.70892,10.71098
2025-02-17 11:00:00,10.71064,10.71457,10.70336,10.70562
2025-02-17 11:30:00,10.70566,10.72126,10.70537,10.71709
2025-02-17 12:00:00,10.71739,10.71928,10.70972,10.7114
2025-02-17 12:30:00,10.71134,10.71296,10.7054,10.70563
2025-02-17 13:00:00,10.70536,10.70775,10.69732,10.70426
2025-02-17 13:30:00,10.70428,10.70893,10.70197,10.70276
2025-02-17 14:00:00,10.70283,10.70882,10.70004,10.70526
2025-02-17 14:30:00,10.70529,10.711,10.7036,10.70735
2025-02-17 15:00:00,10.70728,10.71346,10.70463,10.71227
2025-02-17 15:30:00,10.71224,10.71465,10.70887,10.71193
2025-02-17 16:00:00,10.71185,10.71855,10.70975,10.71611
2025-02-17 16:30:00,10.7162,10.71858,10.70397,10.70447
2025-02-17 17:00:00,10.70457,10.7053,10.69428,10.69932
2025-02-17 17:30:00,10.69933,10.70769,10.69587,10.70428
2025-02-17 18:00:00,10.70425,10.706,10.69789,10.69844
2025-02-17 18:30:00,10.69845,10.7037,10.6969,10.70062
2025-02-17 19:00:00,10.7007,10.70258,10.69254,10.6947
2025-02-17 19:30:00,10.69471,10.69854,10.69435,10.69565
2025-02-17 20:00:00,10.69566,10.69823,10.69371,10.69418
2025-02-17 20:30:00,10.69417,10.69621,10.69337,10.69363
2025-02-17 21:00:00,10.69375,10.69459,10.69147,10.69214
2025-02-17 21:30:00,10.69215,10.69685,10.69215,10.69456
2025-02-17 22:00:00,10.69452,10.6949,10.6926,10.69375
2025-02-17 22:30:00,10.69376,10.69489,10.69316,10.69487
2025-02-17 23:00:00,10.69474,10.69474,10.69133,10.69217
2025-02-17 23:30:00,10.69224,10.69224,10.68673,10.68673
2025-02-18 00:00:00,10.68163,10.69354,10.68163,10.68684
2025-02-18 00:30:00,10.68671,10.69566,10.68605,10.69435
2025-02-18 01:00:00,10.69425,10.70011,10.68921,10.69983
2025-02-18 01:30:00,10.69957,10.70005,10.69135,10.69245
2025-02-18 02:00:00,10.69218,10.70225,10.69119,10.70112
2025-02-18 02:30:00,10.70119,10.70391,10.69688,10.70194
2025-02-18 03:00:00,10.70156,10.71648,10.70156,10.71631
2025-02-18 03:30:00,10.71631,10.7179,10.71246,10.71397
2025-02-18 04:00:00,10.714,10.71457,10.70927,10.71252
2025-02-18 04:30:00,10.71253,10.71259,10.70488,10.70919
2025-02-18 05:00:00,10.70925,10.71475,10.70679,10.71067
2025-02-18 05:30:00,10.71066,10.71721,10.70203,10.7162
2025-02-18 06:00:00,10.71621,10.72305,10.71571,10.72274
2025-02-18 06:30:00,10.72273,10.72816,10.72112,10.72562
2025-02-18 07:00:00,10.72574,10.72944,10.72287,10.72918
2025-02-18 07:30:00,10.72912,10.73205,10.72705,10.72779
2025-02-18 08:00:00,10.72777,10.72849,10.72271,10.72543
2025-02-18 08:30:00,10.72548,10.72952,10.7166,10.7193
2025-02-18 09:00:00,10.71901,10.72028,10.71032,10.71674
2025-02-18 09:30:00,10.71675,10.71933,10.70848,10.71203
2025-02-18 10:00:00,10.71205,10.71968,10.70853,10.71359
2025-02-18 10:30:00,10.71365,10.72098,10.71045,10.71892
2025-02-18 11:00:00,10.71898,10.72023,10.71432,10.71599
2025-02-18 11:30:00,10.71601,10.71949,10.71432,10.71514
2025-02-18 12:00:00,10.71454,10.72457,10.71264,10.72363
2025-02-18 12:30:00,10.72369,10.72514,10.71669,10.71862
2025-02-18 13:00:00,10.7185,10.7185,10.71103,10.71167
2025-02-18 13:30:00,10.71164,10.71551,10.71091,10.71405
2025-02-18 14:00:00,10.71401,10.72385,10.71066,10.72299
2025-02-18 14:30:00,10.72288,10.72425,10.71866,10.72234
2025-02-18 15:00:00,10.7223,10.73187,10.72048,10.72204
2025-02-18 15:30:00,10.72242,10.73278,10.71931,10.73123
2025-02-18 16:00:00,10.73127,10.73419,10.71848,10.71998
2025-02-18 16:30:00,10.71994,10.73138,10.71651,10.71983
2025-02-18 17:00:00,10.71985,10.71985,10.70675,10.71083
2025-02-18 17:30:00,10.71101,10.7149,10.69957,10.70013
2025-02-18 18:00:00,10.70019,10.70639,10.6964,10.70428
2025-02-18 18:30:00,10.70427,10.7138,10.70253,10.71105
2025-02-18 19:00:00,10.71104,10.72647,10.71104,10.72072
2025-02-18 19:30:00,10.72091,10.73109,10.71935,10.7233
2025-02-18 20:00:00,10.72327,10.7365,10.72133,10.73098
2025-02-18 20:30:00,10.73099,10.73422,10.72555,10.72556
2025-02-18 21:00:00,10.72552,10.73008,10.72192,10.72242
2025-02-18 21:30:00,10.7224,10.72589,10.71941,10.72421
2025-02-18 22:00:00,10.72422,10.72863,10.72175,10.72656
2025-02-18 22:30:00,10.72654,10.72783,10.71696,10.71711
2025-02-18 23:00:00,10.71714,10.72045,10.71176,10.71916
2025-02-18 23:30:00,10.71905,10.72118,10.71617,10.71617
2025-02-19 00:00:00,10.71158,10.72217,10.71158,10.7197
2025-02-19 00:30:00,10.71975,10.71975,10.71518,10.71555
2025-02-19 01:00:00,10.71522,10.72282,10.71522,10.72058
2025-02-19 01:30:00,10.72054,10.72098,10.71679,10.7176
2025-02-19 02:00:00,10.71739,10.72513,10.71737,10.72019
2025-02-19 02:30:00,10.7199,10.73483,10.71913,10.73469
2025-02-19 03:00:00,10.73456,10.73599,10.72556,10.73012
2025-02-19 03:30:00,10.73011,10.73559,10.72785,10.72833
2025-02-19 04:00:00,10.72833,10.73079,10.71938,10.71988
2025-02-19 04:30:00,10.71981,10.72132,10.71481,10.71565
2025-02-19 05:00:00,10.71566,10.72014,10.71546,10.71904
2025-02-19 05:30:00,10.71897,10.72131,10.71294,10.71516
2025-02-19 06:00:00,10.7152,10.7183,10.71259,10.71663
2025-02-19 06:30:00,10.71654,10.71913,10.71026,10.71203
2025-02-19 07:00:00,10.71201,10.71587,10.71038,10.71484
2025-02-19 07:30:00,10.71489,10.71546,10.70567,10.70618
2025-02-19 08:00:00,10.70624,10.70702,10.70004,10.70143
2025-02-19 08:30:00,10.70142,10.7099,10.69974,10.70968
2025-02-19 09:00:00,10.70972,10.71369,10.70537,10.7124
2025-02-19 09:30:00,10.7124,10.71495,10.703,10.71184
2025-02-19 10:00:00,10.71151,10.71167,10.69507,10.69616
2025-02-19 10:30:00,10.69619,10.71301,10.6904,10.71022
2025-02-19 11:00:00,10.71025,10.71737,10.70787,10.71338
2025-02-19 11:30:00,10.71345,10.72426,10.71104,10.72353
2025-02-19 12:00:00,10.72344,10.72742,10.72072,10.72614
2025-02-19 12:30:00,10.72614,10.73827,10.72427,10.73182
2025-02-19 13:00:00,10.7318,10.73575,10.7228,10.73426
2025-02-19 13:30:00,10.73423,10.73942,10.73045,10.73287
2025-02-19 14:00:00,10.73289,10.74758,10.73289,10.74626
2025-02-19 14:30:00,10.74639,10.75191,10.7458,10.75173
2025-02-19 15:00:00,10.75172,10.7531,10.74506,10.7457
2025-02-19 15:30:00,10.74574,10.74696,10.73336,10.73708
2025-02-19 16:00:00,10.73707,10.74277,10.73548,10.74056
2025-02-19 16:30:00,10.74054,10.74365,10.72897,10.73203
2025-02-19 17:00:00,10.73196,10.73817,10.73095,10.7327
2025-02-19 17:30:00,10.73249,10.7371,10.72112,10.73597
2025-02-19 18:00:00,10.736,10.75557,10.73338,10.75421
2025-02-19 18:30:00,10.75427,10.75648,10.74501,10.75487
2025-02-19 19:00:00,10.75487,10.75852,10.7471,10.74839
2025-02-19 19:30:00,10.74841,10.75379,10.74508,10.74717
2025-02-19 20:00:00,10.74715,10.74959,10.73615,10.73747
2025-02-19 20:30:00,10.73746,10.7376,10.72595,10.72981
2025-02-19 21:00:00,10.72997,10.73273,10.71422,10.71527
2025-02-19 21:30:00,10.71554,10.72573,10.71554,10.72177
2025-02-19 22:00:00,10.72178,10.72682,10.72176,10.72472
2025-02-19 22:30:00,10.72471,10.72599,10.72056,10.72141
2025-02-19 23:00:00,10.72175,10.72271,10.71984,10.72112
2025-02-19 23:30:00,10.72104,10.72537,10.71967,10.71967
2025-02-20 00:00:00,10.71734,10.72128,10.71144,10.71633
2025-02-20 00:30:00,10.71576,10.7225,10.71573,10.72118
2025-02-20 01:00:00,10.72114,10.72559,10.71783,10.72527
2025-02-20 01:30:00,10.72526,10.72791,10.7245,10.72688
2025-02-20 02:00:00,10.72689,10.72804,10.72293,10.7239
2025-02-20 02:30:00,10.72407,10.72675,10.71641,10.71675
2025-02-20 03:00:00,10.71674,10.72122,10.71179,10.72072
2025-02-20 03:30:00,10.72073,10.73111,10.71976,10.7277
2025-02-20 04:00:00,10.72793,10.72852,10.71667,10.72213
2025-02-20 04:30:00,10.72207,10.72604,10.70554,10.70841
2025-02-20 05:00:00,10.70835,10.71817,10.70787,10.71675
2025-02-20 05:30:00,10.71676,10.7177,10.70891,10.71223
2025-02-20 06:00:00,10.7123,10.71712,10.7116,10.71632
2025-02-20 06:30:00,10.71636,10.71939,10.71098,10.71149
2025-02-20 07:00:00,10.71142,10.7129,10.70738,10.71044
2025-02-20 07:30:00,10.71046,10.71503,10.71039,10.71417
2025-02-20 08:00:00,10.71413,10.715,10.70148,10.70511
2025-02-20 08:30:00,10.70513,10.7128,10.70314,10.71239
2025-02-20 09:00:00,10.7107,10.71284,10.70235,10.70591
2025-02-20 09:30:00,10.7059,10.70695,10.69969,10.70137
2025-02-20 10:00:00,10.70131,10.70155,10.69189,10.69539
2025-02-20 10:30:00,10.69529,10.70334,10.69276,10.69717
2025-02-20 11:00:00,10.69667,10.70323,10.69202,10.70072
2025-02-20 11:30:00,10.70061,10.70392,10.69025,10.69086
2025-02-20 12:00:00,10.69084,10.69421,10.68563,10.68583
2025-02-20 12:30:00,10.68582,10.68825,10.6819,10.68336
2025-02-20 13:00:00,10.68325,10.69043,10.68091,10.69042
2025-02-20 13:30:00,10.69024,10.70467,10.68971,10.69805
2025-02-20 14:00:00,10.69803,10.70275,10.69331,10.70126
2025-02-20 14:30:00,10.70122,10.70306,10.68553,10.68882
2025-02-20 15:00:00,10.68893,10.69457,10.68599,10.68626
2025-02-20 15:30:00,10.68709,10.69775,10.6852,10.69399
2025-02-20 16:00:00,10.69411,10.69955,10.67914,10.67917
2025-02-20 16:30:00,10.67918,10.68576,10.66802,10.68265
2025-02-20 17:00:00,10.68287,10.68696,10.66226,10.66227
2025-02-20 17:30:00,10.66215,10.66625,10.65478,10.6587
2025-02-20 18:00:00,10.65872,10.6714,10.65843,10.66787
2025-02-20 18:30:00,10.66783,10.66811,10.65642,10.66027
2025-02-20 19:00:00,10.66001,10.66282,10.6434,10.64662
2025-02-20 19:30:00,10.6467,10.6481,10.63894,10.64383
2025-02-20 20:00:00,10.64389,10.64803,10.63597,10.64109
2025-02-20 20:30:00,10.64106,10.64132,10.62673,10.63428
2025-02-20 21:00:00,10.63418,10.64261,10.63416,10.63871
2025-02-20 21:30:00,10.63869,10.63953,10.62644,10.62984
2025-02-20 22:00:00,10.62982,10.63494,10.62979,10.6329
2025-02-20 22:30:00,10.6326,10.63437,10.62747,10.62807
2025-02-20 23:00:00,10.62807,10.63179,10.62782,10.62911
2025-02-20 23:30:00,10.62908,10.62993,10.62286,10.62292
2025-02-21 00:00:00,10.6204,10.62738,10.6204,10.626
2025-02-21 00:30:00,10.62657,10.63223,10.62612,10.63205
2025-02-21 01:00:00,10.63228,10.6336,10.62082,10.62084
2025-02-21 01:30:00,10.62078,10.63067,10.61913,10.63053
2025-02-21 02:00:00,10.63047,10.63271,10.62444,10.63009
2025-02-21 02:30:00,10.6301,10.63536,10.62999,10.63457
2025-02-21 03:00:00,10.63436,10.64246,10.63221,10.64141
2025-02-21 03:30:00,10.64127,10.64553,10.63933,10.6423
2025-02-21 04:00:00,10.64232,10.64281,10.62593,10.63362
2025-02-21 04:30:00,10.63363,10.63473,10.62275,10.62347
2025-02-21 05:00:00,10.62343,10.62809,10.62246,10.62305
2025-02-21 05:30:00,10.62303,10.62885,10.62273,10.62538
2025-02-21 06:00:00,10.62536,10.62792,10.62166,10.62526
2025-02-21 06:30:00,10.62527,10.63224,10.62442,10.63066
2025-02-21 07:00:00,10.63069,10.63675,10.62794,10.63395
2025-02-21 07:30:00,10.63392,10.6411,10.63345,10.63999
2025-02-21 08:00:00,10.64,10.64583,10.63854,10.64396
2025-02-21 08:30:00,10.64402,10.64586,10.63992,10.6456
2025-02-21 09:00:00,10.64551,10.64551,10.63297,10.63356
2025-02-21 09:30:00,10.63346,10.63992,10.63301,10.6383
2025-02-21 10:00:00,10.63787,10.65677,10.63422,10.6525
2025-02-21 10:30:00,10.64806,10.6549,10.63981,10.65249
2025-02-21 11:00:00,10.65188,10.65982,10.64662,10.65731
2025-02-21 11:30:00,10.65765,10.65772,10.6495,10.65292
2025-02-21 12:00:00,10.6529,10.6529,10.64329,10.64362
2025-02-21 12:30:00,10.64363,10.64492,10.63899,10.64283
2025-02-21 13:00:00,10.64282,10.64506,10.63844,10.64046
2025-02-21 13:30:00,10.64047,10.64051,10.63298,10.63544
2025-02-21 14:00:00,10.63542,10.6459,10.63504,10.63628
2025-02-21 14:30:00,10.6363,10.64764,10.63524,10.64595
2025-02-21 15:00:00,10.64589,10.6575,10.64444,10.65209
2025-02-21 15:30:00,10.65221,10.65307,10.63985,10.64236
2025-02-21 16:00:00,10.64233,10.6433,10.63411,10.63445
2025-02-21 16:30:00,10.63444,10.64467,10.61827,10.62063
2025-02-21 17:00:00,10.62177,10.64952,10.61631,10.64952
2025-02-21 17:30:00,10.64953,10.65002,10.62769,10.63792
2025-02-21 18:00:00,10.63797,10.6435,10.63463,10.64282
2025-02-21 18:30:00,10.64288,10.64656,10.63774,10.63999
2025-02-21 19:00:00,10.6398,10.6407,10.63492,10.63658
2025-02-21 19:30:00,10.63667,10.63917,10.63052,10.63671
2025-02-21 20:00:00,10.63658,10.64488,10.63056,10.64378
2025-02-21 20:30:00,10.64443,10.6531,10.64443,10.64807
2025-02-21 21:00:00,10.64817,10.65169,10.6463,10.64964
2025-02-21 21:30:00,10.6497,10.65458,10.64776,10.65117
2025-02-21 22:00:00,10.6515,10.65193,10.6502,10.65143
2025-02-21 22:30:00,10.65132,10.65421,10.64974,10.65289
2025-02-21 23:00:00,10.65286,10.65443,10.64921,10.64929
2025-02-21 23:30:00,10.64947,10.65077,10.62873,10.63111
2025-02-24 00:00:00,10.60012,10.62628,10.60012,10.62169
2025-02-24 00:30:00,10.62173,10.62946,10.59903,10.62243
2025-02-24 01:00:00,10.62173,10.62857,10.6127,10.62391
2025-02-24 01:30:00,10.62398,10.62813,10.61803,10.62376
2025-02-24 02:00:00,10.62328,10.62734,10.60527,10.60731
2025-02-24 02:30:00,10.60689,10.61065,10.5948,10.6031
2025-02-24 03:00:00,10.60343,10.60925,10.59346,10.60282
2025-02-24 03:30:00,10.60238,10.60914,10.59135,10.59395
2025-02-24 04:00:00,10.5944,10.60104,10.58864,10.59412
2025-02-24 04:30:00,10.59391,10.594,10.58337,10.59149
2025-02-24 05:00:00,10.59124,10.59683,10.58746,10.59643
2025-02-24 05:30:00,10.59644,10.5995,10.59275,10.59542
2025-02-24 06:00:00,10.5954,10.60513,10.59362,10.60464
2025-02-24 06:30:00,10.60434,10.60669,10.60103,10.60151
2025-02-24 07:00:00,10.60156,10.60775,10.60156,10.60372
2025-02-24 07:30:00,10.60372,10.60677,10.59617,10.60097
2025-02-24 08:00:00,10.60093,10.60808,10.60033,10.60623
2025-02-24 08:30:00,10.60622,10.61661,10.60443,10.60726
2025-02-24 09:00:00,10.60663,10.61143,10.60007,10.60968
2025-02-24 09:30:00,10.60967,10.62154,10.60335,10.61581
2025-02-24 10:00:00,10.61527,10.64552,10.6143,10.63328
2025-02-24 10:30:00,10.63297,10.6398,10.62692,10.63168
2025-02-24 11:00:00,10.63212,10.64288,10.62735,10.64151
2025-02-24 11:30:00,10.6415,10.64736,10.63887,10.64601
2025-02-24 12:00:00,10.64594,10.65154,10.64324,10.65003
2025-02-24 12:30:00,10.65002,10.65104,10.63833,10.64003
2025-02-24 13:00:00,10.6394,10.64876,10.63861,10.64204
2025-02-24 13:30:00,10.64209,10.64593,10.63944,10.64393
2025-02-24 14:00:00,10.64398,10.6484,10.64006,10.64825
2025-02-24 14:30:00,10.64827,10.66131,10.6477,10.65214
2025-02-24 15:00:00,10.65203,10.65745,10.64883,10.65078
2025-02-24 15:30:00,10.65078,10.65936,10.64612,10.65815
2025-02-24 16:00:00,10.65817,10.66534,10.65568,10.65949
2025-02-24 16:30:00,10.65935,10.67463,10.65912,10.66738
2025-02-24 17:00:00,10.66712,10.66817,10.65435,10.66179
2025-02-24 17:30:00,10.66142,10.66519,10.65196,10.65457
2025-02-24 18:00:00,10.6544,10.66156,10.65314,10.65672
2025-02-24 18:30:00,10.65641,10.65865,10.64831,10.65077
2025-02-24 19:00:00,10.65072,10.66029,10.64665,10.64994
2025-02-24 19:30:00,10.64992,10.65336,10.64223,10.65243
2025-02-24 20:00:00,10.65248,10.65391,10.63544,10.63615
2025-02-24 20:30:00,10.63613,10.64905,10.63591,10.64676
2025-02-24 21:00:00,10.6468,10.65044,10.6413,10.64906
2025-02-24 21:30:00,10.6489,10.65069,10.64354,10.64905
2025-02-24 22:00:00,10.64904,10.65697,10.64552,10.65306
2025-02-24 22:30:00,10.65319,10.66656,10.65084,10.66387
2025-02-24 23:00:00,10.66386,10.66745,10.65979,10.66265
2025-02-24 23:30:00,10.6629,10.6632,10.65439,10.65439
2025-02-25 00:00:00,10.6496,10.65563,10.6496,10.65325
2025-02-25 00:30:00,10.65326,10.6594,10.65314,10.65562
2025-02-25 01:00:00,10.65617,10.66604,10.65468,10.66509
2025-02-25 01:30:00,10.66508,10.66926,10.66129,10.66782
2025-02-25 02:00:00,10.66782,10.66862,10.66284,10.66857
2025-02-25 02:30:00,10.66858,10.66864,10.66266,10.66532
2025-02-25 03:00:00,10.66566,10.67005,10.66174,10.66708
2025-02-25 03:30:00,10.66707,10.67061,10.66387,10.66752
2025-02-25 04:00:00,10.66698,10.66883,10.65759,10.66297
2025-02-25 04:30:00,10.66312,10.66329,10.65439,10.65493
2025-02-25 05:00:00,10.65481,10.66149,10.65207,10.65785
2025-02-25 05:30:00,10.65798,10.65933,10.65576,10.65832
2025-02-25 06:00:00,10.65849,10.66057,10.65209,10.65295
2025-02-25 06:30:00,10.65294,10.65988,10.65234,10.65941
2025-02-25 07:00:00,10.65955,10.66032,10.65273,10.65323
2025-02-25 07:30:00,10.65348,10.65525,10.64925,10.65086
2025-02-25 08:00:00,10.65085,10.65435,10.6496,10.65159
2025-02-25 08:30:00,10.65153,10.66051,10.65138,10.65446
2025-02-25 09:00:00,10.65451,10.66522,10.64866,10.65038
2025-02-25 09:30:00,10.65046,10.65246,10.6415,10.65051
2025-02-25 10:00:00,10.65036,10.65333,10.62892,10.64371
2025-02-25 10:30:00,10.64373,10.65614,10.63988,10.64151
2025-02-25 11:00:00,10.64151,10.64569,10.63446,10.63857
2025-02-25 11:30:00,10.63857,10.64607,10.63559,10.64177
2025-02-25 12:00:00,10.64193,10.65071,10.64089,10.64419
2025-02-25 12:30:00,10.64397,10.64519,10.63847,10.64165
2025-02-25 13:00:00,10.64164,10.64688,10.63386,10.63469
2025-02-25 13:30:00,10.63475,10.6348,10.61518,10.61773
2025-02-25 14:00:00,10.61775,10.61812,10.60948,10.6136
2025-02-25 14:30:00,10.61371,10.6248,10.61125,10.62113
2025-02-25 15:00:00,10.6214,10.6214,10.61249,10.61349
2025-02-25 15:30:00,10.61346,10.61395,10.60266,10.61245
2025-02-25 16:00:00,10.61243,10.61889,10.60257,10.603
2025-02-25 16:30:00,10.60298,10.61064,10.60089,10.60922
2025-02-25 17:00:00,10.6093,10.60972,10.59623,10.59843
2025-02-25 17:30:00,10.59849,10.612,10.59604,10.61021
2025-02-25 18:00:00,10.61057,10.61186,10.60069,10.60445
2025-02-25 18:30:00,10.60491,10.6092,10.59963,10.60576
2025-02-25 19:00:00,10.60576,10.62037,10.6056,10.61009
2025-02-25 19:30:00,10.6101,10.61247,10.60207,10.60232
2025-02-25 20:00:00,10.60206,10.60238,10.59353,10.60228
2025-02-25 20:30:00,10.6023,10.60269,10.58621,10.59864
2025-02-25 21:00:00,10.59866,10.60928,10.59482,10.60879
2025-02-25 21:30:00,10.60877,10.60936,10.6024,10.60564
2025-02-25 22:00:00,10.60571,10.60634,10.59301,10.59597
2025-02-25 22:30:00,10.59609,10.60224,10.59593,10.59778
2025-02-25 23:00:00,10.59814,10.60128,10.59654,10.5967
2025-02-25 23:30:00,10.59672,10.59828,10.58507,10.58511
2025-02-26 00:00:00,10.576,10.59117,10.5663,10.58384
2025-02-26 00:30:00,10.58356,10.59312,10.58356,10.59035
2025-02-26 01:00:00,10.58997,10.59152,10.57731,10.59078
2025-02-26 01:30:00,10.5907,10.59135,10.58566,10.59021
2025-02-26 02:00:00,10.5905,10.59099,10.58279,10.58321
2025-02-26 02:30:00,10.58353,10.58867,10.58328,10.58762
2025-02-26 03:00:00,10.58755,10.59579,10.58755,10.5918
2025-02-26 03:30:00,10.59156,10.60051,10.59088,10.59864
2025-02-26 04:00:00,10.59845,10.6066,10.59617,10.60615
2025-02-26 04:30:00,10.60619,10.61128,10.60398,10.60829
2025-02-26 05:00:00,10.60814,10.6136,10.6058,10.61137
2025-02-26 05:30:00,10.61123,10.61179,10.60783,10.60979
2025-02-26 06:00:00,10.60981,10.61393,10.60888,10.60965
2025-02-26 06:30:00,10.60967,10.61808,10.60813,10.61713
2025-02-26 07:00:00,10.61712,10.622,10.61588,10.6192
2025-02-26 07:30:00,10.61925,10.62468,10.61879,10.62377
2025-02-26 08:00:00,10.62374,10.62975,10.62089,10.62843
2025-02-26 08:30:00,10.6286,10.62871,10.62034,10.62049
2025-02-26 09:00:00,10.6203,10.623,10.61037,10.61502
2025-02-26 09:30:00,10.61506,10.62287,10.60995,10.62273
2025-02-26 10:00:00,10.62267,10.62499,10.60356,10.60496
2025-02-26 10:30:00,10.60471,10.61847,10.60369,10.61039
2025-02-26 11:00:00,10.61043,10.61497,10.60832,10.61272
2025-02-26 11:30:00,10.61271,10.61511,10.60753,10.61354
2025-02-26 12:00:00,10.61367,10.61651,10.60957,10.61559
2025-02-26 12:30:00,10.61551,10.61705,10.60962,10.61163
2025-02-26 13:00:00,10.61193,10.61784,10.60767,10.615
2025-02-26 13:30:00,10.61506,10.61853,10.61009,10.61265
2025-02-26 14:00:00,10.61236,10.62437,10.61068,10.62058
2025-02-26 14:30:00,10.62056,10.63687,10.61824,10.63469
2025-02-26 15:00:00,10.63466,10.63484,10.61647,10.61987
2025-02-26 15:30:00,10.61989,10.63103,10.61924,10.62755
2025-02-26 16:00:00,10.62749,10.63052,10.62387,10.62474
2025-02-26 16:30:00,10.62462,10.63003,10.61952,10.62765
2025-02-26 17:00:00,10.62783,10.64242,10.62604,10.62665
2025-02-26 17:30:00,10.62681,10.62875,10.61916,10.62209
2025-02-26 18:00:00,10.62189,10.62302,10.61141,10.6154
2025-02-26 18:30:00,10.61545,10.61775,10.61081,10.61409
2025-02-26 19:00:00,10.61387,10.62256,10.60102,10.60315
2025-02-26 19:30:00,10.6032,10.64673,10.59708,10.63948
2025-02-26 20:00:00,10.63945,10.64084,10.6279,10.63234
2025-02-26 20:30:00,10.63251,10.64723,10.6303,10.64363
2025-02-26 21:00:00,10.64368,10.65236,10.64339,10.64812
2025-02-26 21:30:00,10.64821,10.64883,10.63989,10.64165
2025-02-26 22:00:00,10.64165,10.65254,10.64165,10.65028
2025-02-26 22:30:00,10.65084,10.65204,10.64874,10.65042
2025-02-26 23:00:00,10.65058,10.65913,10.64883,10.65688
2025-02-26 23:30:00,10.65683,10.6622,10.63319,10.63683
2025-02-27 00:00:00,10.63146,10.63947,10.62443,10.6346
2025-02-27 00:30:00,10.63498,10.6465,10.63498,10.6389
2025-02-27 01:00:00,10.63794,10.64417,10.63539,10.63752
2025-02-27 01:30:00,10.6377,10.63988,10.63317,10.63712
2025-02-27 02:00:00,10.6371,10.64943,10.63494,10.64444
2025-02-27 02:30:00,10.64445,10.6585,10.64153,10.6541
2025-02-27 03:00:00,10.65403,10.66082,10.65348,10.66018
2025-02-27 03:30:00,10.66019,10.66033,10.65093,10.6578
2025-02-27 04:00:00,10.65783,10.66218,10.65378,10.65945
2025-02-27 04:30:00,10.65933,10.66435,10.6528,10.66311
2025-02-27 05:00:00,10.66307,10.66307,10.66009,10.66037
2025-02-27 05:30:00,10.66024,10.67037,10.65765,10.66851
2025-02-27 06:00:00,10.66847,10.67149,10.66286,10.66814
2025-02-27 06:30:00,10.66819,10.67534,10.66776,10.67025
2025-02-27 07:00:00,10.67037,10.67317,10.66767,10.67307
2025-02-27 07:30:00,10.67304,10.6738,10.66674,10.66758
2025-02-27 08:00:00,10.66748,10.66774,10.66127,10.66509
2025-02-27 08:30:00,10.66508,10.66569,10.65612,10.65796
2025-02-27 09:00:00,10.65801,10.66032,10.64597,10.64926
2025-02-27 09:30:00,10.64928,10.65435,10.64453,10.654
2025-02-27 10:00:00,10.6548,10.66142,10.64978,10.66087
2025-02-27 10:30:00,10.66052,10.66984,10.65993,10.66605
2025-02-27 11:00:00,10.66599,10.67262,10.66496,10.667
2025-02-27 11:30:00,10.6672,10.67087,10.6613,10.66203
2025-02-27 12:00:00,10.66202,10.67937,10.66126,10.67851
2025-02-27 12:30:00,10.67854,10.6807,10.66815,10.66938
2025-02-27 13:00:00,10.66903,10.67519,10.66113,10.67406
2025-02-27 13:30:00,10.67408,10.67492,10.66619,10.67291
2025-02-27 14:00:00,10.67281,10.67509,10.6598,10.66243
2025-02-27 14:30:00,10.66243,10.66243,10.63887,10.64452
2025-02-27 15:00:00,10.64466,10.65432,10.63848,10.63905
2025-02-27 15:30:00,10.63785,10.72176,10.62925,10.7169
2025-02-27 16:00:00,10.71689,10.72051,10.69357,10.70003
2025-02-27 16:30:00,10.70001,10.73431,10.69898,10.72702
2025-02-27 17:00:00,10.72695,10.73407,10.71491,10.72224
2025-02-27 17:30:00,10.72227,10.73659,10.72027,10.73239
2025-02-27 18:00:00,10.73197,10.74549,10.7317,10.7431
2025-02-27 18:30:00,10.74362,10.74481,10.72498,10.73294
2025-02-27 19:00:00,10.73295,10.7363,10.72828,10.73371
2025-02-27 19:30:00,10.73384,10.7469,10.73327,10.73666
2025-02-27 20:00:00,10.73664,10.73664,10.728,10.72905
2025-02-27 20:30:00,10.72907,10.73361,10.72616,10.73096
2025-02-27 21:00:00,10.73095,10.73626,10.73039,10.73626
2025-02-27 21:30:00,10.73621,10.74758,10.73616,10.74574
2025-02-27 22:00:00,10.74578,10.75364,10.74413,10.75211
2025-02-27 22:30:00,10.75212,10.75385,10.7498,10.75203
2025-02-27 23:00:00,10.75217,10.758,10.75175,10.75735
2025-02-27 23:30:00,10.75734,10.7622,10.74381,10.74381
2025-02-28 00:00:00,10.73815,10.74661,10.73749,10.74527
2025-02-28 00:30:00,10.7453,10.75915,10.74454,10.75219
2025-02-28 01:00:00,10.75181,10.75731,10.74601,10.74819
2025-02-28 01:30:00,10.74711,10.75762,10.74673,10.75732
2025-02-28 02:00:00,10.75752,10.75752,10.74526,10.74994
2025-02-28 02:30:00,10.75004,10.75321,10.74612,10.74768
2025-02-28 03:00:00,10.74802,10.75326,10.73971,10.75272
2025-02-28 03:30:00,10.75271,10.76803,10.75257,10.76645
2025-02-28 04:00:00,10.76645,10.77058,10.75903,10.76152
2025-02-28 04:30:00,10.76151,10.77358,10.76057,10.77322
2025-02-28 05:00:00,10.7732,10.77556,10.76727,10.76793
2025-02-28 05:30:00,10.76788,10.77365,10.76667,10.77014
2025-02-28 06:00:00,10.77015,10.77339,10.76879,10.77057
2025-02-28 06:30:00,10.77056,10.77871,10.76792,10.77819
2025-02-28 07:00:00,10.77815,10.7805,10.7753,10.77788
2025-02-28 07:30:00,10.7779,10.77983,10.77311,10.77484
2025-02-28 08:00:00,10.77496,10.78354,10.77407,10.78321
2025-02-28 08:30:00,10.78272,10.78496,10.76884,10.76884
2025-02-28 09:00:00,10.76877,10.77402,10.76295,10.76474
2025-02-28 09:30:00,10.76475,10.76798,10.75072,10.75825
2025-02-28 10:00:00,10.75834,10.75994,10.74882,10.75565
2025-02-28 10:30:00,10.7557,10.75655,10.74701,10.7516
2025-02-28 11:00:00,10.75148,10.75148,10.72852,10.73092
2025-02-28 11:30:00,10.73092,10.74772,10.73004,10.74669
2025-02-28 12:00:00,10.74671,10.76053,10.74671,10.76003
2025-02-28 12:30:00,10.76002,10.76304,10.74958,10.76212
2025-02-28 13:00:00,10.7621,10.7685,10.7584,10.7603
2025-02-28 13:30:00,10.76033,10.76351,10.7526,10.75337
2025-02-28 14:00:00,10.75344,10.75376,10.74139,10.74451
2025-02-28 14:30:00,10.74452,10.75267,10.74383,10.74733
2025-02-28 15:00:00,10.74744,10.74838,10.73292,10.73292
2025-02-28 15:30:00,10.73062,10.74214,10.72561,10.73399
2025-02-28 16:00:00,10.73398,10.7394,10.72562,10.72776
2025-02-28 16:30:00,10.72775,10.73573,10.7239,10.72744
2025-02-28 17:00:00,10.72732,10.72935,10.70309,10.71638
2025-02-28 17:30:00,10.71638,10.74037,10.71459,10.73453
2025-02-28 18:00:00,10.73456,10.73917,10.72341,10.73095
2025-02-28 18:30:00,10.73024,10.73457,10.71198,10.72631
2025-02-28 19:00:00,10.72628,10.73229,10.71198,10.71708
2025-02-28 19:30:00,10.71717,10.7325,10.71717,10.73094
2025-02-28 20:00:00,10.73107,10.76449,10.72596,10.75475
2025-02-28 20:30:00,10.75473,10.79351,10.74609,10.79071
2025-02-28 21:00:00,10.79059,10.79962,10.77,10.77331
2025-02-28 21:30:00,10.77259,10.77421,10.76351,10.76879
2025-02-28 22:00:00,10.76891,10.77023,10.76395,10.7685
2025-02-28 22:30:00,10.76851,10.77264,10.75854,10.76158
2025-02-28 23:00:00,10.7614,10.7722,10.76059,10.76307
2025-02-28 23:30:00,10.7631,10.76615,10.75629,10.76157
2025-03-03 00:00:00,10.72763,10.7336,10.72224,10.73056
2025-03-03 00:30:00,10.73065,10.73881,10.7282,10.73596
2025-03-03 01:00:00,10.73572,10.73882,10.72001,10.72303
2025-03-03 01:30:00,10.72288,10.7368,10.71735,10.73574
2025-03-03 02:00:00,10.73573,10.74403,10.71354,10.72271
2025-03-03 02:30:00,10.72276,10.73432,10.72053,10.73428
2025-03-03 03:00:00,10.7343,10.73618,10.71762,10.72119
2025-03-03 03:30:00,10.72111,10.72595,10.71571,10.71904
2025-03-03 04:00:00,10.71907,10.72345,10.71305,10.72275
2025-03-03 04:30:00,10.72323,10.7258,10.71342,10.71818
2025-03-03 05:00:00,10.7187,10.73271,10.71803,10.72838
2025-03-03 05:30:00,10.72845,10.72942,10.72187,10.72316
2025-03-03 06:00:00,10.72323,10.72394,10.71588,10.71678
2025-03-03 06:30:00,10.71676,10.71927,10.71571,10.71826
2025-03-03 07:00:00,10.71839,10.72561,10.71839,10.72213
2025-03-03 07:30:00,10.72213,10.7314,10.71937,10.72928
2025-03-03 08:00:00,10.72923,10.73031,10.72498,10.72567
2025-03-03 08:30:00,10.72566,10.73447,10.71819,10.7266
2025-03-03 09:00:00,10.72665,10.72951,10.71546,10.71777
2025-03-03 09:30:00,10.71772,10.71908,10.70393,10.71017
2025-03-03 10:00:00,10.7101,10.71562,10.70205,10.71365
2025-03-03 10:30:00,10.71359,10.72973,10.7107,10.71187
2025-03-03 11:00:00,10.71111,10.71297,10.69576,10.70281
2025-03-03 11:30:00,10.70283,10.7061,10.6828,10.68377
2025-03-03 12:00:00,10.68387,10.68413,10.66926,10.67417
2025-03-03 12:30:00,10.67416,10.68438,10.67121,10.67781
2025-03-03 13:00:00,10.67786,10.68051,10.66829,10.66922
2025-03-03 13:30:00,10.6692,10.67029,10.66018,10.66521
2025-03-03 14:00:00,10.66523,10.66792,10.64915,10.6492
2025-03-03 14:30:00,10.64912,10.65305,10.64403,10.64886
2025-03-03 15:00:00,10.64885,10.65858,10.64302,10.64471
2025-03-03 15:30:00,10.6447,10.6456,10.63241,10.63556
2025-03-03 16:00:00,10.63556,10.63696,10.61815,10.61822
2025-03-03 16:30:00,10.6182,10.62039,10.61178,10.61192
2025-03-03 17:00:00,10.613,10.61767,10.55184,10.55379
2025-03-03 17:30:00,10.55381,10.56648,10.53975,10.56545
2025-03-03 18:00:00,10.5656,10.56659,10.52412,10.5289
2025-03-03 18:30:00,10.52877,10.53104,10.51788,10.52869
2025-03-03 19:00:00,10.52886,10.53403,10.51733,10.52577
2025-03-03 19:30:00,10.52576,10.53299,10.52385,10.52892
2025-03-03 20:00:00,10.52885,10.53594,10.52829,10.53581
2025-03-03 20:30:00,10.53586,10.53978,10.51733,10.53942
2025-03-03 21:00:00,10.53945,10.54161,10.53506,10.53844
2025-03-03 21:30:00,10.53844,10.55874,10.53162,10.5566
2025-03-03 22:00:00,10.55646,10.56383,10.5378,10.54876
2025-03-03 22:30:00,10.54806,10.55494,10.53148,10.53194
2025-03-03 23:00:00,10.53185,10.53393,10.49645,10.49937
2025-03-03 23:30:00,10.49913,10.50796,10.49692,10.50384
2025-03-04 00:00:00,10.49906,10.50961,10.49673,10.50637
2025-03-04 00:30:00,10.50639,10.51432,10.50579,10.51167
2025-03-04 01:00:00,10.51116,10.51738,10.49859,10.49985
2025-03-04 01:30:00,10.49988,10.51241,10.49897,10.51015
2025-03-04 02:00:00,10.5102,10.51431,10.50291,10.51035
2025-03-04 02:30:00,10.51019,10.5202,10.5066,10.50901
2025-03-04 03:00:00,10.50894,10.51785,10.50573,10.50624
2025-03-04 03:30:00,10.50607,10.51434,10.50032,10.51033
2025-03-04 04:00:00,10.51033,10.52352,10.50783,10.52131
2025-03-04 04:30:00,10.52134,10.52739,10.51873,10.52739
2025-03-04 05:00:00,10.52737,10.53061,10.52306,10.52642
2025-03-04 05:30:00,10.52677,10.53399,10.52609,10.53136
2025-03-04 06:00:00,10.53137,10.53925,10.52827,10.53194
2025-03-04 06:30:00,10.53182,10.53493,10.52948,10.53354
2025-03-04 07:00:00,10.53384,10.54058,10.52451,10.53238
2025-03-04 07:30:00,10.53241,10.53356,10.52488,10.53107
2025-03-04 08:00:00,10.5311,10.53704,10.52525,10.52635
2025-03-04 08:30:00,10.52618,10.53471,10.52471,10.52791
2025-03-04 09:00:00,10.52791,10.53734,10.52062,10.53547
2025-03-04 09:30:00,10.53552,10.54698,10.52957,10.54164
2025-03-04 10:00:00,10.54173,10.55528,10.52387,10.52431
2025-03-04 10:30:00,10.52429,10.53014,10.51887,10.52347
2025-03-04 11:00:00,10.52337,10.54992,10.51647,10.54062
2025-03-04 11:30:00,10.5405,10.54104,10.52011,10.5359
2025-03-04 12:00:00,10.53573,10.55327,10.53547,10.55102
2025-03-04 12:30:00,10.55103,10.55753,10.54115,10.55703
2025-03-04 13:00:00,10.55705,10.5605,10.54401,10.54599
2025-03-04 13:30:00,10.546,10.5478,10.52471,10.52934
2025-03-04 14:00:00,10.52927,10.54135,10.50337,10.50355
2025-03-04 14:30:00,10.50354,10.51483,10.49657,10.51142
2025-03-04 15:00:00,10.51129,10.54051,10.51082,10.53877
2025-03-04 15:30:00,10.53873,10.54345,10.52736,10.53172
2025-03-04 16:00:00,10.53167,10.54602,10.52017,10.53808
2025-03-04 16:30:00,10.53814,10.5548,10.5337,10.54397
2025-03-04 17:00:00,10.54386,10.58496,10.54384,10.55953
2025-03-04 17:30:00,10.55957,10.57013,10.53745,10.54269
2025-03-04 18:00:00,10.54266,10.54498,10.51773,10.53485
2025-03-04 18:30:00,10.53497,10.5372,10.52354,10.53412
2025-03-04 19:00:00,10.53414,10.53496,10.52435,10.52671
2025-03-04 19:30:00,10.5267,10.53477,10.52078,10.52667
2025-03-04 20:00:00,10.52655,10.53309,10.49562,10.50582
2025-03-04 20:30:00,10.50582,10.51077,10.47966,10.48222
2025-03-04 21:00:00,10.48221,10.48964,10.46963,10.47838
2025-03-04 21:30:00,10.47837,10.48119,10.4721,10.47538
2025-03-04 22:00:00,10.47537,10.47548,10.43222,10.4394
2025-03-04 22:30:00,10.43944,10.45554,10.43744,10.45242
2025-03-04 23:00:00,10.45243,10.45243,10.4161,10.42114
2025-03-04 23:30:00,10.42128,10.42987,10.40638,10.41173
2025-03-05 00:00:00,10.41107,10.42032,10.39546,10.416
2025-03-05 00:30:00,10.4161,10.41696,10.40862,10.41168
2025-03-05 01:00:00,10.41167,10.41547,10.39432,10.41183
2025-03-05 01:30:00,10.41193,10.41651,10.4083,10.41169
2025-03-05 02:00:00,10.41166,10.42564,10.41084,10.42214
2025-03-05 02:30:00,10.42227,10.42671,10.41168,10.41854
2025-03-05 03:00:00,10.41893,10.42871,10.41253,10.42806
2025-03-05 03:30:00,10.42802,10.43726,10.4256,10.43581
2025-03-05 04:00:00,10.43589,10.44501,10.43177,10.44447
2025-03-05 04:30:00,10.44441,10.45063,10.43876,10.45029
2025-03-05 05:00:00,10.45015,10.45317,10.44253,10.44661
2025-03-05 05:30:00,10.44647,10.44943,10.43262,10.43502
2025-03-05 06:00:00,10.4351,10.4367,10.42907,10.43476
2025-03-05 06:30:00,10.43479,10.43552,10.42484,10.43256
2025-03-05 07:00:00,10.43254,10.43315,10.42563,10.4331
2025-03-05 07:30:00,10.43311,10.43355,10.41668,10.41788
2025-03-05 08:00:00,10.41749,10.42291,10.40971,10.4222
2025-03-05 08:30:00,10.42241,10.42334,10.4125,10.41396
2025-03-05 09:00:00,10.41462,10.42453,10.40242,10.40616
2025-03-05 09:30:00,10.40607,10.4121,10.38819,10.39002
2025-03-05 10:00:00,10.39044,10.402,10.34533,10.34537
2025-03-05 10:30:00,10.34538,10.36131,10.34175,10.34175
2025-03-05 11:00:00,10.3416,10.35596,10.3297,10.33554
2025-03-05 11:30:00,10.33555,10.33699,10.3126,10.31276
2025-03-05 12:00:00,10.31263,10.33092,10.30735,10.32884
2025-03-05 12:30:00,10.32877,10.32912,10.30229,10.30285
2025-03-05 13:00:00,10.30283,10.32164,10.30052,10.31926
2025-03-05 13:30:00,10.31943,10.32254,10.30892,10.31057
2025-03-05 14:00:00,10.31059,10.31158,10.28892,10.28966
2025-03-05 14:30:00,10.28963,10.30847,10.28184,10.28767
2025-03-05 15:00:00,10.28735,10.30655,10.27938,10.28079
2025-03-05 15:30:00,10.28078,10.28291,10.26724,10.27391
2025-03-05 16:00:00,10.27395,10.27653,10.24614,10.24958
2025-03-05 16:30:00,10.24901,10.25045,10.22389,10.23403
2025-03-05 17:00:00,10.23599,10.26995,10.23349,10.24881
2025-03-05 17:30:00,10.24873,10.25942,10.23604,10.24712
2025-03-05 18:00:00,10.24713,10.25199,10.23397,10.24253
2025-03-05 18:30:00,10.24258,10.25277,10.22694,10.2447
2025-03-05 19:00:00,10.24412,10.24961,10.2177,10.221
2025-03-05 19:30:00,10.22089,10.2249,10.21553,10.22303
2025-03-05 20:00:00,10.223,10.24208,10.2195,10.23435
2025-03-05 20:30:00,10.23417,10.23805,10.2198,10.22155
2025-03-05 21:00:00,10.22152,10.22176,10.21083,10.21129
2025-03-05 21:30:00,10.21129,10.21139,10.19773,10.19785
2025-03-05 22:00:00,10.19795,10.19888,10.18994,10.1904
2025-03-05 22:30:00,10.19048,10.19823,10.18782,10.19671
2025-03-05 23:00:00,10.19653,10.19808,10.19351,10.19357
2025-03-05 23:30:00,10.19353,10.19529,10.18243,10.19056
2025-03-06 00:00:00,10.1866,10.19676,10.17912,10.19544
2025-03-06 00:30:00,10.19547,10.20235,10.19067,10.19625
2025-03-06 01:00:00,10.19535,10.20593,10.18557,10.19117
2025-03-06 01:30:00,10.19118,10.19443,10.18826,10.18881
2025-03-06 02:00:00,10.18879,10.19482,10.18285,10.18796
2025-03-06 02:30:00,10.18824,10.19451,10.18433,10.19362
2025-03-06 03:00:00,10.19367,10.19481,10.18046,10.18188
2025-03-06 03:30:00,10.18194,10.18282,10.16,10.16254
2025-03-06 04:00:00,10.16295,10.18541,10.15842,10.17664
2025-03-06 04:30:00,10.17655,10.17926,10.17041,10.17438
2025-03-06 05:00:00,10.17444,10.18988,10.17425,10.18058
2025-03-06 05:30:00,10.18063,10.18826,10.1797,10.18646
2025-03-06 06:00:00,10.18645,10.19184,10.1832,10.18659
2025-03-06 06:30:00,10.18659,10.18668,10.17138,10.17168
2025-03-06 07:00:00,10.17156,10.17713,10.16822,10.17389
2025-03-06 07:30:00,10.17387,10.17511,10.16475,10.16548
2025-03-06 08:00:00,10.16554,10.16625,10.15588,10.16446
2025-03-06 08:30:00,10.16462,10.17442,10.16426,10.16773
2025-03-06 09:00:00,10.16775,10.16999,10.11062,10.14879
2025-03-06 09:30:00,10.14879,10.15646,10.13406,10.14845
2025-03-06 10:00:00,10.14829,10.14911,10.11666,10.12666
2025-03-06 10:30:00,10.12651,10.12983,10.11421,10.12978
2025-03-06 11:00:00,10.12979,10.14974,10.12979,10.14357
2025-03-06 11:30:00,10.14368,10.14893,10.09701,10.09839
2025-03-06 12:00:00,10.09836,10.10638,10.0861,10.09219
2025-03-06 12:30:00,10.0922,10.10362,10.0867,10.1017
2025-03-06 13:00:00,10.1018,10.10459,10.09129,10.1026
2025-03-06 13:30:00,10.10252,10.10262,10.0892,10.09156
2025-03-06 14:00:00,10.09154,10.10986,10.09063,10.1095
2025-03-06 14:30:00,10.10951,10.16252,10.10951,10.1527
2025-03-06 15:00:00,10.15268,10.18131,10.1434,10.16651
2025-03-06 15:30:00,10.16672,10.184,10.16672,10.17283
2025-03-06 16:00:00,10.17307,10.18272,10.12897,10.12897
2025-03-06 16:30:00,10.12857,10.15165,10.11816,10.1375
2025-03-06 17:00:00,10.13752,10.14839,10.11506,10.13024
2025-03-06 17:30:00,10.13025,10.16552,10.12225,10.15564
2025-03-06 18:00:00,10.15512,10.15935,10.13417,10.13835
2025-03-06 18:30:00,10.13866,10.15345,10.13036,10.14945
2025-03-06 19:00:00,10.14983,10.16648,10.14603,10.15786
2025-03-06 19:30:00,10.15779,10.17399,10.15575,10.16699
2025-03-06 20:00:00,10.16696,10.18985,10.16551,10.1886
2025-03-06 20:30:00,10.18838,10.21219,10.18712,10.19428
2025-03-06 21:00:00,10.19416,10.19631,10.17554,10.17913
2025-03-06 21:30:00,10.17886,10.1823,10.1483,10.16442
2025-03-06 22:00:00,10.16439,10.1693,10.15861,10.16377
2025-03-06 22:30:00,10.16379,10.17749,10.1603,10.17013
2025-03-06 23:00:00,10.16993,10.18886,10.16822,10.18152
2025-03-06 23:30:00,10.18155,10.18155,10.16192,10.16198
2025-03-07 00:00:00,10.16135,10.17267,10.13514,10.1637
2025-03-07 00:30:00,10.16367,10.18021,10.14319,10.15352
2025-03-07 01:00:00,10.1533,10.16226,10.13893,10.15394
2025-03-07 01:30:00,10.15436,10.1676,10.14569,10.15704
2025-03-07 02:00:00,10.15456,10.16372,10.14739,10.16099
2025-03-07 02:30:00,10.16099,10.17211,10.15728,10.16567
2025-03-07 03:00:00,10.1663,10.17124,10.15492,10.16949
2025-03-07 03:30:00,10.16927,10.17053,10.1582,10.16535
2025-03-07 04:00:00,10.16538,10.1714,10.15719,10.16257
2025-03-07 04:30:00,10.16257,10.16582,10.15893,10.15948
2025-03-07 05:00:00,10.15949,10.16377,10.1533,10.15456
2025-03-07 05:30:00,10.15454,10.16027,10.14666,10.15963
2025-03-07 06:00:00,10.15964,10.16257,10.1539,10.15914
2025-03-07 06:30:00,10.15913,10.15987,10.15662,10.15833
2025-03-07 07:00:00,10.15836,10.16145,10.15426,10.15563
2025-03-07 07:30:00,10.15563,10.15581,10.14812,10.15276
2025-03-07 08:00:00,10.15274,10.15988,10.14777,10.15251
2025-03-07 08:30:00,10.15253,10.15548,10.13971,10.14468
2025-03-07 09:00:00,10.14269,10.14524,10.11229,10.11484
2025-03-07 09:30:00,10.11485,10.1251,10.10941,10.1237
2025-03-07 10:00:00,10.12359,10.14031,10.11306,10.11424
2025-03-07 10:30:00,10.1142,10.11465,10.09974,10.10147
2025-03-07 11:00:00,10.10142,10.10658,10.08423,10.08793
2025-03-07 11:30:00,10.08796,10.09459,10.08031,10.08871
2025-03-07 12:00:00,10.08864,10.10151,10.08614,10.09767
2025-03-07 12:30:00,10.09791,10.11195,10.09791,10.10109
2025-03-07 13:00:00,10.10107,10.10854,10.0999,10.10738
2025-03-07 13:30:00,10.10739,10.11666,10.1021,10.10757
2025-03-07 14:00:00,10.10812,10.11415,10.09704,10.10656
2025-03-07 14:30:00,10.10658,10.10932,10.09664,10.09945
2025-03-07 15:00:00,10.09946,10.10954,10.08769,10.09044
2025-03-07 15:30:00,10.07738,10.12003,10.058,10.12003
2025-03-07 16:00:00,10.12001,10.12072,10.06948,10.07075
2025-03-07 16:30:00,10.07075,10.08171,10.05154,10.06745
2025-03-07 17:00:00,10.06744,10.07559,10.05466,10.06803
2025-03-07 17:30:00,10.06852,10.08976,10.04341,10.05738
2025-03-07 18:00:00,10.05717,10.0719,10.05166,10.07177
2025-03-07 18:30:00,10.07213,10.08503,10.05466,10.0547
2025-03-07 19:00:00,10.05466,10.09378,10.04539,10.07575
2025-03-07 19:30:00,10.07579,10.10803,10.07408,10.09133
2025-03-07 20:00:00,10.09137,10.1054,10.08996,10.10087
2025-03-07 20:30:00,10.10071,10.10459,10.0847,10.08886
2025-03-07 21:00:00,10.0891,10.09497,10.08387,10.09186
2025-03-07 21:30:00,10.09185,10.09253,10.07632,10.07807
2025-03-07 22:00:00,10.07803,10.07962,10.07396,10.07424
2025-03-07 22:30:00,10.07422,10.08278,10.07392,10.08152
2025-03-07 23:00:00,10.08107,10.08715,10.06946,10.08364
2025-03-07 23:30:00,10.08363,10.08764,10.07768,10.08487
2025-03-10 00:00:00,10.07427,10.08599,10.06909,10.07994
2025-03-10 00:30:00,10.07996,10.09351,10.07654,10.07983
2025-03-10 01:00:00,10.07988,10.09214,10.07156,10.08672
2025-03-10 01:30:00,10.08662,10.08887,10.07619,10.08261
2025-03-10 02:00:00,10.0827,10.0848,10.06606,10.06898
2025-03-10 02:30:00,10.06912,10.07339,10.06676,10.0705
2025-03-10 03:00:00,10.07044,10.07673,10.0689,10.07273
2025-03-10 03:30:00,10.07401,10.07516,10.06283,10.06776
2025-03-10 04:00:00,10.06781,10.07062,10.05936,10.06988
2025-03-10 04:30:00,10.06994,10.07662,10.06669,10.07564
2025-03-10 05:00:00,10.0757,10.08745,10.07313,10.0824
2025-03-10 05:30:00,10.0817,10.09352,10.07867,10.09306
2025-03-10 06:00:00,10.09278,10.10052,10.08975,10.0985
2025-03-10 06:30:00,10.09852,10.09979,10.0893,10.09728
2025-03-10 07:00:00,10.09727,10.09758,10.08803,10.08851
2025-03-10 07:30:00,10.08851,10.0969,10.08847,10.0968
2025-03-10 08:00:00,10.09685,10.1001,10.09224,10.09639
2025-03-10 08:30:00,10.0964,10.09723,10.09088,10.09223
2025-03-10 09:00:00,10.09224,10.09224,10.07621,10.08236
2025-03-10 09:30:00,10.08228,10.09123,10.07924,10.0867
2025-03-10 10:00:00,10.08682,10.0983,10.08034,10.09084
2025-03-10 10:30:00,10.09086,10.10122,10.08491,10.09329
2025-03-10 11:00:00,10.09222,10.10621,10.08908,10.09885
2025-03-10 11:30:00,10.09886,10.12131,10.09753,10.12099
2025-03-10 12:00:00,10.12098,10.13249,10.09287,10.09805
2025-03-10 12:30:00,10.09808,10.11647,10.08925,10.11635
2025-03-10 13:00:00,10.11634,10.11928,10.09303,10.09805
2025-03-10 13:30:00,10.09797,10.11207,10.09701,10.11005
2025-03-10 14:00:00,10.10997,10.14372,10.10271,10.10674
2025-03-10 14:30:00,10.10675,10.11676,10.101,10.10607
2025-03-10 15:00:00,10.10606,10.11929,10.09801,10.10401
2025-03-10 15:30:00,10.10404,10.11442,10.09928,10.11194
2025-03-10 16:00:00,10.11179,10.11556,10.10681,10.10885
2025-03-10 16:30:00,10.10879,10.11293,10.09894,10.10208
2025-03-10 17:00:00,10.10199,10.11167,10.09074,10.11125
2025-03-10 17:30:00,10.11122,10.1151,10.10313,10.10337
2025-03-10 18:00:00,10.10333,10.12516,10.10044,10.11266
2025-03-10 18:30:00,10.11265,10.14373,10.11166,10.1223
2025-03-10 19:00:00,10.12234,10.12409,10.11852,10.12115
2025-03-10 19:30:00,10.12118,10.12364,10.11199,10.12158
2025-03-10 20:00:00,10.12139,10.12658,10.1138,10.11727
2025-03-10 20:30:00,10.11701,10.13204,10.1111,10.1286
2025-03-10 21:00:00,10.12955,10.14421,10.12478,10.14245
2025-03-10 21:30:00,10.14243,10.1442,10.12983,10.13107
2025-03-10 22:00:00,10.13109,10.14604,10.12824,10.13132
2025-03-10 22:30:00,10.13129,10.13943,10.11753,10.11967
2025-03-10 23:00:00,10.11958,10.12525,10.11347,10.12525
2025-03-10 23:30:00,10.12532,10.13098,10.11511,10.11671
2025-03-11 00:00:00,10.11797,10.12063,10.11352,10.1185
2025-03-11 00:30:00,10.11884,10.12163,10.11738,10.11952
2025-03-11 01:00:00,10.11864,10.12454,10.1153,10.11944
2025-03-11 01:30:00,10.11943,10.12346,10.11808,10.12166
2025-03-11 02:00:00,10.12099,10.12221,10.11376,10.1156
2025-03-11 02:30:00,10.11568,10.12018,10.11376,10.11867
2025-03-11 03:00:00,10.11816,10.11869,10.10454,10.10734
2025-03-11 03:30:00,10.10731,10.11574,10.10431,10.10548
2025-03-11 04:00:00,10.10542,10.1168,10.10399,10.11243
2025-03-11 04:30:00,10.11244,10.11719,10.09911,10.1006
2025-03-11 05:00:00,10.10057,10.10431,10.09624,10.10072
2025-03-11 05:30:00,10.10073,10.10803,10.09897,10.10142
2025-03-11 06:00:00,10.1014,10.10868,10.09717,10.10844
2025-03-11 06:30:00,10.10844,10.11073,10.10384,10.10483
2025-03-11 07:00:00,10.10487,10.1091,10.10148,10.10195
2025-03-11 07:30:00,10.10188,10.10421,10.09395,10.10227
2025-03-11 08:00:00,10.10234,10.11871,10.10121,10.11344
2025-03-11 08:30:00,10.11344,10.12568,10.10925,10.12286
2025-03-11 09:00:00,10.12285,10.12546,10.08665,10.09444
2025-03-11 09:30:00,10.09426,10.09426,10.07951,10.09166
2025-03-11 10:00:00,10.09216,10.09356,10.05801,10.06515
2025-03-11 10:30:00,10.06519,10.06862,10.03913,10.0482
2025-03-11 11:00:00,10.04977,10.05161,10.0231,10.02755
2025-03-11 11:30:00,10.02754,10.04187,10.00114,10.00559
2025-03-11 12:00:00,10.00558,10.02682,9.99592,10.01867
2025-03-11 12:30:00,10.01868,10.03127,10.01398,10.02829
2025-03-11 13:00:00,10.02835,10.06635,10.02834,10.06322
2025-03-11 13:30:00,10.06323,10.08504,10.0626,10.08479
2025-03-11 14:00:00,10.08482,10.09793,10.07376,10.07472
2025-03-11 14:30:00,10.07475,10.07729,10.059,10.05911
2025-03-11 15:00:00,10.0591,10.06746,10.04918,10.06092
2025-03-11 15:30:00,10.06088,10.0628,10.05045,10.05471
2025-03-11 16:00:00,10.05472,10.068,10.05325,10.0595
2025-03-11 16:30:00,10.05938,10.0612,10.04455,10.04632
2025-03-11 17:00:00,10.0449,10.0862,10.04214,10.0824
2025-03-11 17:30:00,10.08234,10.0824,10.04763,10.0478
2025-03-11 18:00:00,10.04753,10.0504,10.01655,10.03239
2025-03-11 18:30:00,10.0324,10.0336,10.0161,10.02438
2025-03-11 19:00:00,10.02439,10.03323,10.02016,10.03095
2025-03-11 19:30:00,10.031,10.03933,10.02692,10.03328
2025-03-11 20:00:00,10.03325,10.03504,10.01503,10.01698
2025-03-11 20:30:00,10.01697,10.02103,10.00841,10.01509
2025-03-11 21:00:00,10.01471,10.01554,9.98898,9.99095
2025-03-11 21:30:00,9.99108,9.99458,9.97638,9.98176
2025-03-11 22:00:00,9.98181,9.99542,9.98018,9.99142
2025-03-11 22:30:00,9.99137,10.0106,9.98806,10.00912
2025-03-11 23:00:00,10.00935,10.01696,10.00652,10.01639
2025-03-11 23:30:00,10.01618,10.01911,9.99902,9.99902
2025-03-12 00:00:00,9.99366,10.01443,9.98502,10.00842
2025-03-12 00:30:00,10.00836,10.0141,10.00331,10.00883
2025-03-12 01:00:00,10.00944,10.01045,9.99845,10.006
2025-03-12 01:30:00,10.00598,10.01643,9.99482,9.99881
2025-03-12 02:00:00,9.99891,10.01099,9.99171,10.01044
2025-03-12 02:30:00,10.01043,10.01131,10.00664,10.00965
2025-03-12 03:00:00,10.00949,10.01087,10.00571,10.00996
2025-03-12 03:30:00,10.01002,10.02131,10.00967,10.01458
2025-03-12 04:00:00,10.01458,10.01702,10.00702,10.0098
2025-03-12 04:30:00,10.00981,10.0213,10.00585,10.02042
2025-03-12 05:00:00,10.02043,10.0215,10.01186,10.0195
2025-03-12 05:30:00,10.01975,10.02254,10.01507,10.02207
2025-03-12 06:00:00,10.02214,10.02954,10.01934,10.02625
2025-03-12 06:30:00,10.02626,10.03406,10.02573,10.03358
2025-03-12 07:00:00,10.03359,10.03691,10.02532,10.02692
2025-03-12 07:30:00,10.02696,10.03269,10.02452,10.03006
2025-03-12 08:00:00,10.02985,10.035,10.02954,10.03266
2025-03-12 08:30:00,10.03226,10.03238,10.02272,10.02324
2025-03-12 09:00:00,10.02322,10.02704,10.01823,10.02459
2025-03-12 09:30:00,10.02443,10.03933,10.01953,10.03771
2025-03-12 10:00:00,10.03787,10.04584,10.03495,10.04118
2025-03-12 10:30:00,10.04118,10.04257,10.02877,10.0344
2025-03-12 11:00:00,10.03443,10.04733,10.02981,10.04659
2025-03-12 11:30:00,10.04657,10.05672,10.04189,10.04312
2025-03-12 12:00:00,10.04311,10.05147,10.03861,10.04271
2025-03-12 12:30:00,10.0427,10.07494,10.03709,10.06684
2025-03-12 13:00:00,10.06681,10.07443,10.06044,10.0698
2025-03-12 13:30:00,10.06981,10.09145,10.06981,10.07744
2025-03-12 14:00:00,10.0774,10.07904,10.07219,10.07576
2025-03-12 14:30:00,10.07575,10.10181,10.07443,10.09812
2025-03-12 15:00:00,10.09813,10.11094,10.07986,10.08516
2025-03-12 15:30:00,10.08374,10.09419,10.02328,10.0927
2025-03-12 16:00:00,10.0926,10.09528,10.07274,10.07643
2025-03-12 16:30:00,10.07589,10.12029,10.07436,10.11253
2025-03-12 17:00:00,10.11256,10.1132,10.0934,10.09717
2025-03-12 17:30:00,10.09712,10.10112,10.07065,10.07171
2025-03-12 18:00:00,10.07258,10.07736,10.06083,10.06763
2025-03-12 18:30:00,10.06764,10.07018,10.04681,10.04681
2025-03-12 19:00:00,10.04683,10.05955,10.04043,10.0527
2025-03-12 19:30:00,10.0527,10.06288,10.04794,10.06078
2025-03-12 20:00:00,10.06088,10.06756,10.05335,10.05369
2025-03-12 20:30:00,10.05375,10.0701,10.05251,10.06851
2025-03-12 21:00:00,10.06853,10.07711,10.06723,10.07339
2025-03-12 21:30:00,10.07329,10.09204,10.07295,10.08676
2025-03-12 22:00:00,10.08628,10.08797,10.07763,10.08076
2025-03-12 22:30:00,10.08064,10.08649,10.07679,10.07712
2025-03-12 23:00:00,10.07736,10.08397,10.07501,10.08182
2025-03-12 23:30:00,10.08083,10.08592,10.07944,10.0842
2025-03-13 00:00:00,10.08045,10.08295,10.06945,10.07688
2025-03-13 00:30:00,10.07687,10.08593,10.07543,10.08349
2025-03-13 01:00:00,10.08378,10.09085,10.08289,10.0887
2025-03-13 01:30:00,10.08874,10.09378,10.08531,10.0918
2025-03-13 02:00:00,10.09148,10.09493,10.0889,10.09355
2025-03-13 02:30:00,10.09355,10.09634,10.08974,10.0945
2025-03-13 03:00:00,10.09496,10.09691,10.08206,10.08292
2025-03-13 03:30:00,10.083,10.08476,10.0766,10.07744
2025-03-13 04:00:00,10.07703,10.08502,10.07409,10.08035
2025-03-13 04:30:00,10.08039,10.08481,10.07787,10.08104
2025-03-13 05:00:00,10.08098,10.08098,10.07043,10.0745
2025-03-13 05:30:00,10.07457,10.07655,10.07114,10.07288
2025-03-13 06:00:00,10.07287,10.08026,10.07283,10.07715
2025-03-13 06:30:00,10.0772,10.08353,10.0772,10.08353
2025-03-13 07:00:00,10.08358,10.09023,10.08194,10.08276
2025-03-13 07:30:00,10.08272,10.08899,10.08194,10.08194
2025-03-13 08:00:00,10.08224,10.09516,10.08173,10.09223
2025-03-13 08:30:00,10.09247,10.09605,10.09019,10.09061
2025-03-13 09:00:00,10.0907,10.09982,10.09022,10.09781
2025-03-13 09:30:00,10.0978,10.10332,10.09292,10.09673
2025-03-13 10:00:00,10.09667,10.09908,10.0851,10.09606
2025-03-13 10:30:00,10.09608,10.11657,10.09534,10.11554
2025-03-13 11:00:00,10.11555,10.11951,10.09992,10.11685
2025-03-13 11:30:00,10.11687,10.14027,10.11538,10.13881
2025-03-13 12:00:00,10.13947,10.14317,10.12905,10.12905
2025-03-13 12:30:00,10.12901,10.14456,10.12609,10.13878
2025-03-13 13:00:00,10.13881,10.15829,10.13772,10.15811
2025-03-13 13:30:00,10.15816,10.17603,10.15816,10.16906
2025-03-13 14:00:00,10.16909,10.17869,10.16621,10.17306
2025-03-13 14:30:00,10.17304,10.20293,10.17047,10.19109
2025-03-13 15:00:00,10.19118,10.20827,10.18387,10.18387
2025-03-13 15:30:00,10.18308,10.22429,10.16825,10.21381
2025-03-13 16:00:00,10.21376,10.23121,10.20216,10.20448
2025-03-13 16:30:00,10.20444,10.20468,10.16647,10.17317
2025-03-13 17:00:00,10.17317,10.17402,10.14859,10.15758
2025-03-13 17:30:00,10.15731,10.17735,10.15634,10.16977
2025-03-13 18:00:00,10.17033,10.19952,10.16982,10.19148
2025-03-13 18:30:00,10.19146,10.20182,10.18275,10.18735
2025-03-13 19:00:00,10.18725,10.19447,10.18563,10.19071
2025-03-13 19:30:00,10.19078,10.19293,10.17506,10.18504
2025-03-13 20:00:00,10.18501,10.2024,10.18432,10.1968
2025-03-13 20:30:00,10.19686,10.20658,10.19089,10.2065
2025-03-13 21:00:00,10.20649,10.20948,10.19883,10.20405
2025-03-13 21:30:00,10.20409,10.20677,10.20176,10.2022
2025-03-13 22:00:00,10.20188,10.20501,10.19907,10.20129
2025-03-13 22:30:00,10.20062,10.20722,10.19691,10.20334
2025-03-13 23:00:00,10.20322,10.20676,10.19704,10.1973
2025-03-13 23:30:00,10.19657,10.19798,10.18098,10.1816
2025-03-14 00:00:00,10.1792,10.1894,10.17596,10.18766
2025-03-14 00:30:00,10.18779,10.19035,10.18352,10.18688
2025-03-14 01:00:00,10.18677,10.20764,10.18493,10.20412
2025-03-14 01:30:00,10.20245,10.20625,10.18433,10.18666
2025-03-14 02:00:00,10.18671,10.19123,10.18436,10.18675
2025-03-14 02:30:00,10.18676,10.19864,10.18339,10.1951
2025-03-14 03:00:00,10.19428,10.19536,10.18575,10.19198
2025-03-14 03:30:00,10.19213,10.19808,10.18229,10.19793
2025-03-14 04:00:00,10.19777,10.20853,10.19772,10.20705
2025-03-14 04:30:00,10.20687,10.20886,10.19834,10.20676
2025-03-14 05:00:00,10.20676,10.21374,10.20427,10.21291
2025-03-14 05:30:00,10.21285,10.21732,10.2106,10.21097
2025-03-14 06:00:00,10.21097,10.21453,10.20884,10.21063
2025-03-14 06:30:00,10.21054,10.21082,10.20198,10.2028
2025-03-14 07:00:00,10.20279,10.20583,10.20122,10.20416
2025-03-14 07:30:00,10.20417,10.2133,10.20323,10.21014
2025-03-14 08:00:00,10.21016,10.21091,10.20566,10.20782
2025-03-14 08:30:00,10.20793,10.21082,10.19815,10.19882
2025-03-14 09:00:00,10.19888,10.21469,10.19865,10.21454
2025-03-14 09:30:00,10.21434,10.21693,10.20883,10.21056
2025-03-14 10:00:00,10.20945,10.21869,10.20506,10.2125
2025-03-14 10:30:00,10.21275,10.22031,10.21075,10.21118
2025-03-14 11:00:00,10.21099,10.21217,10.18114,10.18216
2025-03-14 11:30:00,10.18215,10.19325,10.16966,10.1857
2025-03-14 12:00:00,10.18566,10.19981,10.18488,10.19115
2025-03-14 12:30:00,10.1911,10.19271,10.17379,10.18955
2025-03-14 13:00:00,10.18956,10.19311,10.17557,10.17629
2025-03-14 13:30:00,10.17633,10.18287,10.1243,10.13307
2025-03-14 14:00:00,10.13356,10.13983,10.12086,10.12392
2025-03-14 14:30:00,10.12404,10.12745,10.10867,10.12387
2025-03-14 15:00:00,10.12401,10.13137,10.11773,10.11886
2025-03-14 15:30:00,10.11885,10.13799,10.11807,10.13378
2025-03-14 16:00:00,10.13365,10.15464,10.13365,10.14367
2025-03-14 16:30:00,10.14343,10.14986,10.12877,10.14274
2025-03-14 17:00:00,10.14266,10.1452,10.12992,10.13443
2025-03-14 17:30:00,10.13444,10.14075,10.12324,10.13466
2025-03-14 18:00:00,10.13469,10.13708,10.12463,10.13397
2025-03-14 18:30:00,10.13393,10.13997,10.12457,10.13809
2025-03-14 19:00:00,10.13808,10.14311,10.13132,10.14144
2025-03-14 19:30:00,10.14146,10.14266,10.12882,10.13431
2025-03-14 20:00:00,10.13433,10.13815,10.12917,10.13081
2025-03-14 20:30:00,10.13051,10.13744,10.12682,10.1371
2025-03-14 21:00:00,10.13714,10.14155,10.13065,10.14106
2025-03-14 21:30:00,10.14098,10.14249,10.13524,10.13605
2025-03-14 22:00:00,10.13661,10.13959,10.13412,10.13506
2025-03-14 22:30:00,10.135,10.13693,10.12621,10.12701
2025-03-14 23:00:00,10.12707,10.1272,10.12038,10.12338
2025-03-14 23:30:00,10.12326,10.13149,10.11974,10.126
2025-03-17 00:00:00,10.11434,10.1214,10.11263,10.12063
2025-03-17 00:30:00,10.12064,10.12539,10.11461,10.11774
2025-03-17 01:00:00,10.1191,10.13817,10.1191,10.13465
2025-03-17 01:30:00,10.13414,10.13506,10.12141,10.12766
2025-03-17 02:00:00,10.12778,10.13688,10.12187,10.13636
2025-03-17 02:30:00,10.13609,10.14072,10.12157,10.13811
2025-03-17 03:00:00,10.1389,10.14114,10.12019,10.12409
2025-03-17 03:30:00,10.12439,10.13079,10.12098,10.12614
2025-03-17 04:00:00,10.12623,10.13439,10.12458,10.12679
2025-03-17 04:30:00,10.12677,10.13013,10.1198,10.12472
2025-03-17 05:00:00,10.12469,10.12784,10.12029,10.12081
2025-03-17 05:30:00,10.1208,10.12421,10.11997,10.12297
2025-03-17 06:00:00,10.12305,10.13024,10.12087,10.12792
2025-03-17 06:30:00,10.12826,10.12843,10.12033,10.1256
2025-03-17 07:00:00,10.12559,10.13137,10.11985,10.12531
2025-03-17 07:30:00,10.1253,10.12947,10.12246,10.12806
2025-03-17 08:00:00,10.12805,10.13588,10.12779,10.13561
2025-03-17 08:30:00,10.13549,10.13902,10.13099,10.13662
2025-03-17 09:00:00,10.13656,10.1458,10.13058,10.14007
2025-03-17 09:30:00,10.14055,10.14859,10.13634,10.14542
2025-03-17 10:00:00,10.14536,10.14556,10.12217,10.12531
2025-03-17 10:30:00,10.12464,10.1352,10.11919,10.13032
2025-03-17 11:00:00,10.1302,10.13857,10.10054,10.10622
2025-03-17 11:30:00,10.10625,10.12053,10.09549,10.1151
2025-03-17 12:00:00,10.11513,10.13344,10.11215,10.12947
2025-03-17 12:30:00,10.12948,10.13532,10.10904,10.11095
2025-03-17 13:00:00,10.11078,10.11835,10.10041,10.10362
2025-03-17 13:30:00,10.10365,10.1063,10.09406,10.0998
2025-03-17 14:00:00,10.09985,10.11928,10.09304,10.11772
2025-03-17 14:30:00,10.11771,10.11832,10.10598,10.1162
2025-03-17 15:00:00,10.11625,10.12225,10.11319,10.11838
2025-03-17 15:30:00,10.11793,10.13327,10.10617,10.11361
2025-03-17 16:00:00,10.11371,10.11945,10.1062,10.11807
2025-03-17 16:30:00,10.11807,10.12502,10.11211,10.12179
2025-03-17 17:00:00,10.1216,10.12244,10.09526,10.09639
2025-03-17 17:30:00,10.0964,10.10833,10.08892,10.08996
2025-03-17 18:00:00,10.09,10.09479,10.07955,10.08036
2025-03-17 18:30:00,10.0804,10.08122,10.06878,10.07863
2025-03-17 19:00:00,10.07862,10.09894,10.07862,10.08371
2025-03-17 19:30:00,10.08382,10.08514,10.07465,10.0802
2025-03-17 20:00:00,10.08024,10.09506,10.0747,10.09499
2025-03-17 20:30:00,10.095,10.09643,10.09024,10.0931
2025-03-17 21:00:00,10.09307,10.09307,10.07949,10.08314
2025-03-17 21:30:00,10.08313,10.09347,10.08256,10.08754
2025-03-17 22:00:00,10.08744,10.09298,10.08682,10.0924
2025-03-17 22:30:00,10.09241,10.09451,10.08964,10.09147
2025-03-17 23:00:00,10.09151,10.09819,10.09047,10.09093
2025-03-17 23:30:00,10.09095,10.09152,10.07961,10.07963
2025-03-18 00:00:00,10.07247,10.08419,10.06983,10.08225
2025-03-18 00:30:00,10.08226,10.08466,10.08055,10.08197
2025-03-18 01:00:00,10.0815,10.09039,10.0815,10.08859
2025-03-18 01:30:00,10.08858,10.09017,10.07782,10.08659
2025-03-18 02:00:00,10.0867,10.09064,10.07424,10.08443
2025-03-18 02:30:00,10.08469,10.09319,10.07406,10.08911
2025-03-18 03:00:00,10.08904,10.09518,10.07846,10.09321
2025-03-18 03:30:00,10.09327,10.10045,10.09245,10.09757
2025-03-18 04:00:00,10.09758,10.1,10.09408,10.09707
2025-03-18 04:30:00,10.09708,10.10091,10.097,10.10025
2025-03-18 05:00:00,10.10022,10.10521,10.09901,10.10485
2025-03-18 05:30:00,10.10484,10.10544,10.10275,10.10455
2025-03-18 06:00:00,10.10456,10.11199,10.10409,10.11144
2025-03-18 06:30:00,10.11143,10.11373,10.11127,10.11179
2025-03-18 07:00:00,10.11204,10.11388,10.111,10.11154
2025-03-18 07:30:00,10.11154,10.11201,10.1079,10.10846
2025-03-18 08:00:00,10.10838,10.10871,10.10513,10.10688
2025-03-18 08:30:00,10.10692,10.11161,10.1047,10.11061
2025-03-18 09:00:00,10.11062,10.11589,10.10561,10.11283
2025-03-18 09:30:00,10.1128,10.11336,10.09515,10.09671
2025-03-18 10:00:00,10.09683,10.10051,10.08978,10.09029
2025-03-18 10:30:00,10.09028,10.09082,10.07501,10.07652
2025-03-18 11:00:00,10.0768,10.07953,10.0368,10.04066
2025-03-18 11:30:00,10.04048,10.04512,10.03165,10.03848
2025-03-18 12:00:00,10.03829,10.04715,10.03636,10.04683
2025-03-18 12:30:00,10.04684,10.04789,10.03473,10.03567
2025-03-18 13:00:00,10.03553,10.05575,10.03374,10.05451
2025-03-18 13:30:00,10.05452,10.06785,10.05429,10.06408
2025-03-18 14:00:00,10.06399,10.07918,10.06147,10.07568
2025-03-18 14:30:00,10.07568,10.09792,10.07456,10.09219
2025-03-18 15:00:00,10.09218,10.09473,10.0778,10.08133
2025-03-18 15:30:00,10.08155,10.09707,10.07403,10.07809
2025-03-18 16:00:00,10.0781,10.08775,10.06613,10.08514
2025-03-18 16:30:00,10.08521,10.10118,10.07761,10.07787
2025-03-18 17:00:00,10.0778,10.08274,10.05971,10.06157
2025-03-18 17:30:00,10.06158,10.07279,10.05176,10.06901
2025-03-18 18:00:00,10.06851,10.08816,10.06194,10.06571
2025-03-18 18:30:00,10.06572,10.06777,10.03616,10.04455
2025-03-18 19:00:00,10.0446,10.05247,10.04152,10.04752
2025-03-18 19:30:00,10.04779,10.04984,10.03959,10.0432
2025-03-18 20:00:00,10.04336,10.04394,10.0274,10.02946
2025-03-18 20:30:00,10.02947,10.03464,10.02355,10.02439
2025-03-18 21:00:00,10.02426,10.03723,10.02238,10.03579
2025-03-18 21:30:00,10.03577,10.03932,10.03244,10.03338
2025-03-18 22:00:00,10.0331,10.03539,10.02865,10.0326
2025-03-18 22:30:00,10.03258,10.03755,10.03057,10.03559
2025-03-18 23:00:00,10.03565,10.04937,10.03457,10.04333
2025-03-18 23:30:00,10.04343,10.04462,10.03254,10.03254
2025-03-19 00:00:00,10.03257,10.03257,10.02619,10.03102
2025-03-19 00:30:00,10.03032,10.03715,10.02937,10.03462
2025-03-19 01:00:00,10.03467,10.0442,10.03415,10.04092
2025-03-19 01:30:00,10.04093,10.04485,10.03998,10.04153
2025-03-19 02:00:00,10.04152,10.04492,10.03804,10.04397
2025-03-19 02:30:00,10.04442,10.05127,10.04295,10.04806
2025-03-19 03:00:00,10.0482,10.05207,10.045,10.04739
2025-03-19 03:30:00,10.04724,10.06056,10.04624,10.05628
2025-03-19 04:00:00,10.05623,10.05836,10.05197,10.05767
2025-03-19 04:30:00,10.05766,10.06148,10.05624,10.05745
2025-03-19 05:00:00,10.05691,10.05823,10.0487,10.04937
2025-03-19 05:30:00,10.04937,10.05004,10.04308,10.04947
2025-03-19 06:00:00,10.04946,10.06203,10.04564,10.05997
2025-03-19 06:30:00,10.05994,10.0623,10.05655,10.05732
2025-03-19 07:00:00,10.05729,10.06516,10.05693,10.06412
2025-03-19 07:30:00,10.06413,10.06729,10.05957,10.06252
2025-03-19 08:00:00,10.06241,10.06241,10.05485,10.05981
2025-03-19 08:30:00,10.05982,10.06522,10.05891,10.0629
2025-03-19 09:00:00,10.06291,10.06998,10.06076,10.06646
2025-03-19 09:30:00,10.06657,10.07344,10.06183,10.07282
2025-03-19 10:00:00,10.07308,10.08609,10.07155,10.08014
2025-03-19 10:30:00,10.08016,10.11962,10.07959,10.10399
2025-03-19 11:00:00,10.104,10.10591,10.08936,10.09116
2025-03-19 11:30:00,10.09119,10.1038,10.08603,10.10189
2025-03-19 12:00:00,10.10191,10.1046,10.09305,10.09589
2025-03-19 12:30:00,10.09599,10.10052,10.08295,10.09717
2025-03-19 13:00:00,10.09639,10.11235,10.09625,10.10526
2025-03-19 13:30:00,10.1052,10.11482,10.10193,10.10438
2025-03-19 14:00:00,10.1044,10.11103,10.09314,10.09527
2025-03-19 14:30:00,10.09528,10.0977,10.07105,10.07787
2025-03-19 15:00:00,10.07784,10.08931,10.07088,10.08922
2025-03-19 15:30:00,10.08923,10.09797,10.07803,10.09255
2025-03-19 16:00:00,10.09239,10.09763,10.08564,10.0928
2025-03-19 16:30:00,10.09296,10.11094,10.0912,10.10654
2025-03-19 17:00:00,10.10653,10.10702,10.09115,10.09849
2025-03-19 17:30:00,10.0985,10.11916,10.09588,10.11523
2025-03-19 18:00:00,10.11519,10.12329,10.11068,10.11706
2025-03-19 18:30:00,10.11708,10.13569,10.11497,10.13295
2025-03-19 19:00:00,10.13297,10.13297,10.10748,10.11349
2025-03-19 19:30:00,10.1135,10.12026,10.11202,10.11517
2025-03-19 20:00:00,10.11523,10.13751,10.11523,10.13747
2025-03-19 20:30:00,10.13748,10.14662,10.12321,10.12321
2025-03-19 21:00:00,10.12226,10.12916,10.10041,10.11781
2025-03-19 21:30:00,10.11797,10.1206,10.084,10.08403
2025-03-19 22:00:00,10.08473,10.11826,10.08333,10.1153
2025-03-19 22:30:00,10.1155,10.11756,10.10363,10.10853
2025-03-19 23:00:00,10.10858,10.11226,10.0994,10.1033
2025-03-19 23:30:00,10.10332,10.10335,10.09061,10.0908
2025-03-20 00:00:00,10.0863,10.09539,10.08545,10.09025
2025-03-20 00:30:00,10.09024,10.09598,10.08942,10.09126
2025-03-20 01:00:00,10.09089,10.09661,10.08211,10.09093
2025-03-20 01:30:00,10.09092,10.09781,10.08945,10.09349
2025-03-20 02:00:00,10.09303,10.09887,10.09034,10.09685
2025-03-20 02:30:00,10.09687,10.09719,10.08451,10.08813
2025-03-20 03:00:00,10.08793,10.09449,10.08515,10.09449
2025-03-20 03:30:00,10.09456,10.09975,10.08724,10.09167
2025-03-20 04:00:00,10.0918,10.10158,10.09106,10.09873
2025-03-20 04:30:00,10.09872,10.10101,10.09219,10.09856
2025-03-20 05:00:00,10.09864,10.09897,10.07899,10.07987
2025-03-20 05:30:00,10.07986,10.09008,10.07816,10.08956
2025-03-20 06:00:00,10.08964,10.09177,10.08726,10.08827
2025-03-20 06:30:00,10.08835,10.09409,10.08625,10.09217
2025-03-20 07:00:00,10.09216,10.09526,10.09092,10.09374
2025-03-20 07:30:00,10.09369,10.10057,10.09357,10.09927
2025-03-20 08:00:00,10.09927,10.10789,10.09836,10.10526
2025-03-20 08:30:00,10.10528,10.11104,10.10273,10.10394
2025-03-20 09:00:00,10.10391,10.10443,10.0994,10.10272
2025-03-20 09:30:00,10.10272,10.11075,10.09943,10.1061
2025-03-20 10:00:00,10.10663,10.1256,10.10533,10.1214
2025-03-20 10:30:00,10.12141,10.13443,10.11551,10.12494
2025-03-20 11:00:00,10.12488,10.12721,10.10745,10.12442
2025-03-20 11:30:00,10.1229,10.13948,10.11441,10.13109
2025-03-20 12:00:00,10.13125,10.17959,10.12954,10.17373
2025-03-20 12:30:00,10.17373,10.19389,10.1612,10.18533
2025-03-20 13:00:00,10.18505,10.20406,10.1816,10.19342
2025-03-20 13:30:00,10.19346,10.20091,10.18059,10.19263
2025-03-20 14:00:00,10.1927,10.19606,10.1785,10.1857
2025-03-20 14:30:00,10.18587,10.18639,10.17391,10.17468
2025-03-20 15:00:00,10.17471,10.18259,10.15809,10.1811
2025-03-20 15:30:00,10.18089,10.18902,10.17193,10.17804
2025-03-20 16:00:00,10.17813,10.19268,10.17055,10.19067
2025-03-20 16:30:00,10.19069,10.20847,10.1874,10.1874
2025-03-20 17:00:00,10.18821,10.18874,10.17194,10.17342
2025-03-20 17:30:00,10.17324,10.17367,10.15552,10.15711
2025-03-20 18:00:00,10.15699,10.17629,10.15447,10.1596
2025-03-20 18:30:00,10.1597,10.16842,10.13778,10.14329
2025-03-20 19:00:00,10.14326,10.16294,10.14292,10.14804
2025-03-20 19:30:00,10.14855,10.15685,10.14799,10.14836
2025-03-20 20:00:00,10.14835,10.15398,10.14087,10.14586
2025-03-20 20:30:00,10.14584,10.14887,10.1393,10.14041
2025-03-20 21:00:00,10.14049,10.1423,10.12824,10.12889
2025-03-20 21:30:00,10.12888,10.13592,10.12888,10.13229
2025-03-20 22:00:00,10.13232,10.13324,10.12139,10.12412
2025-03-20 22:30:00,10.12402,10.12717,10.1195,10.12409
2025-03-20 23:00:00,10.12416,10.13569,10.1234,10.12875
2025-03-20 23:30:00,10.12837,10.13037,10.11755,10.11766
2025-03-21 00:00:00,10.1179,10.12649,10.1102,10.12005
2025-03-21 00:30:00,10.12295,10.13233,10.11384,10.12625
2025-03-21 01:00:00,10.12488,10.12511,10.11018,10.11886
2025-03-21 01:30:00,10.11896,10.12284,10.1105,10.11442
2025-03-21 02:00:00,10.11454,10.12289,10.10929,10.1183
2025-03-21 02:30:00,10.11332,10.12592,10.10769,10.11715
2025-03-21 03:00:00,10.11684,10.13409,10.11191,10.12654
2025-03-21 03:30:00,10.12863,10.13378,10.11781,10.12738
2025-03-21 04:00:00,10.12736,10.13452,10.12482,10.1289
2025-03-21 04:30:00,10.12888,10.13153,10.12346,10.12833
2025-03-21 05:00:00,10.12857,10.13304,10.12214,10.13117
2025-03-21 05:30:00,10.13142,10.13825,10.13022,10.1354
2025-03-21 06:00:00,10.13515,10.14127,10.13495,10.14058
2025-03-21 06:30:00,10.14063,10.14918,10.14008,10.14761
2025-03-21 07:00:00,10.14772,10.15186,10.14406,10.15031
2025-03-21 07:30:00,10.15027,10.15547,10.14754,10.15205
2025-03-21 08:00:00,10.15204,10.15939,10.15182,10.15886
2025-03-21 08:30:00,10.15895,10.16956,10.15594,10.15771
2025-03-21 09:00:00,10.15803,10.16292,10.15329,10.15494
2025-03-21 09:30:00,10.15517,10.15517,10.14229,10.14781
2025-03-21 10:00:00,10.14777,10.15857,10.14754,10.14772
2025-03-21 10:30:00,10.14773,10.14782,10.10408,10.10703
2025-03-21 11:00:00,10.10741,10.13063,10.10349,10.12667
2025-03-21 11:30:00,10.12669,10.13135,10.10809,10.10831
2025-03-21 12:00:00,10.10821,10.11151,10.09619,10.10152
2025-03-21 12:30:00,10.10154,10.11408,10.10135,10.11249
2025-03-21 13:00:00,10.11238,10.11269,10.09925,10.1121
2025-03-21 13:30:00,10.11211,10.11433,10.09333,10.0946
2025-03-21 14:00:00,10.0946,10.10498,10.0899,10.09322
2025-03-21 14:30:00,10.0933,10.09541,10.0831,10.08391
2025-03-21 15:00:00,10.08382,10.08445,10.05035,10.07451
2025-03-21 15:30:00,10.07453,10.09498,10.07381,10.08897
2025-03-21 16:00:00,10.08898,10.10865,10.08861,10.10581
2025-03-21 16:30:00,10.10583,10.11469,10.10513,10.10727
2025-03-21 17:00:00,10.10711,10.11117,10.10022,10.10481
2025-03-21 17:30:00,10.10501,10.11823,10.1013,10.1182
2025-03-21 18:00:00,10.11819,10.12238,10.10991,10.11707
2025-03-21 18:30:00,10.11704,10.1496,10.11686,10.13996
2025-03-21 19:00:00,10.14005,10.14285,10.1226,10.12886
2025-03-21 19:30:00,10.12921,10.12999,10.11799,10.12132
2025-03-21 20:00:00,10.1213,10.13292,10.12116,10.12591
2025-03-21 20:30:00,10.12557,10.12642,10.1072,10.11443
2025-03-21 21:00:00,10.11445,10.1205,10.10971,10.10982
2025-03-21 21:30:00,10.10996,10.11754,10.10592,10.11595
2025-03-21 22:00:00,10.11614,10.13035,10.11457,10.12657
2025-03-21 22:30:00,10.12669,10.13489,10.12318,10.13367
2025-03-21 23:00:00,10.13375,10.13564,10.12812,10.12859
2025-03-21 23:30:00,10.12869,10.1494,10.1176,10.121
2025-03-24 00:00:00,10.12406,10.13284,10.11864,10.12385
2025-03-24 00:30:00,10.12421,10.13491,10.12421,10.13129
2025-03-24 01:00:00,10.12898,10.13491,10.11846,10.12735
2025-03-24 01:30:00,10.12775,10.13397,10.12056,10.12711
2025-03-24 02:00:00,10.12698,10.13027,10.11782,10.1213
2025-03-24 02:30:00,10.12124,10.12509,10.11247,10.11332
2025-03-24 03:00:00,10.11362,10.11675,10.10034,10.10555
2025-03-24 03:30:00,10.10556,10.11196,10.09964,10.10683
2025-03-24 04:00:00,10.10687,10.11955,10.10657,10.11896
2025-03-24 04:30:00,10.11903,10.12047,10.11491,10.1171
2025-03-24 05:00:00,10.11704,10.12363,10.11023,10.1144
2025-03-24 05:30:00,10.11442,10.12332,10.11425,10.12016
2025-03-24 06:00:00,10.12015,10.12015,10.11078,10.11895
2025-03-24 06:30:00,10.11894,10.12874,10.11894,10.12771
2025-03-24 07:00:00,10.12768,10.13537,10.12613,10.13289
2025-03-24 07:30:00,10.13283,10.13389,10.12629,10.12928
2025-03-24 08:00:00,10.12927,10.13412,10.11909,10.12045
2025-03-24 08:30:00,10.12045,10.12215,10.10781,10.10875
2025-03-24 09:00:00,10.10882,10.11035,10.09844,10.10128
2025-03-24 09:30:00,10.10137,10.10502,10.09434,10.10482
2025-03-24 10:00:00,10.10451,10.10839,10.09935,10.10505
2025-03-24 10:30:00,10.10508,10.10758,10.09522,10.09695
2025-03-24 11:00:00,10.09651,10.09651,10.07653,10.08949
2025-03-24 11:30:00,10.09296,10.10947,10.09095,10.09625
2025-03-24 12:00:00,10.09587,10.11002,10.09213,10.10725
2025-03-24 12:30:00,10.10735,10.10989,10.09294,10.09875
2025-03-24 13:00:00,10.0987,10.10175,10.09195,10.09443
2025-03-24 13:30:00,10.09446,10.0976,10.08647,10.09603
2025-03-24 14:00:00,10.09599,10.10575,10.09204,10.10574
2025-03-24 14:30:00,10.10569,10.11751,10.1025,10.11745
2025-03-24 15:00:00,10.1175,10.13565,10.1131,10.13463
2025-03-24 15:30:00,10.13462,10.13703,10.11665,10.12725
2025-03-24 16:00:00,10.12617,10.13575,10.11749,10.11918
2025-03-24 16:30:00,10.1195,10.14429,10.11186,10.13986
2025-03-24 17:00:00,10.14035,10.14158,10.10632,10.12375
2025-03-24 17:30:00,10.12376,10.13622,10.12054,10.13296
2025-03-24 18:00:00,10.13296,10.13714,10.11662,10.12089
2025-03-24 18:30:00,10.12073,10.12661,10.10676,10.11386
2025-03-24 19:00:00,10.11384,10.11833,10.09845,10.10575
2025-03-24 19:30:00,10.10573,10.11831,10.10184,10.11485
2025-03-24 20:00:00,10.11485,10.11614,10.099,10.10197
2025-03-24 20:30:00,10.10196,10.11109,10.10136,10.10674
2025-03-24 21:00:00,10.1067,10.1117,10.10142,10.10255
2025-03-24 21:30:00,10.10257,10.10434,10.07994,10.08803
2025-03-24 22:00:00,10.0882,10.09096,10.08364,10.08962
2025-03-24 22:30:00,10.08963,10.09506,10.08764,10.0917
2025-03-24 23:00:00,10.09173,10.09302,10.08725,10.09118
2025-03-24 23:30:00,10.09114,10.10369,10.08872,10.08972
2025-03-25 00:00:00,10.0828,10.10124,10.08239,10.09953
2025-03-25 00:30:00,10.09952,10.10235,10.09002,10.09169
2025-03-25 01:00:00,10.09018,10.10141,10.08682,10.09797
2025-03-25 01:30:00,10.09798,10.10178,10.0947,10.10164
2025-03-25 02:00:00,10.10137,10.10593,10.09576,10.10023
2025-03-25 02:30:00,10.10024,10.10177,10.09349,10.09363
2025-03-25 03:00:00,10.0936,10.09768,10.0934,10.09737
2025-03-25 03:30:00,10.0972,10.09901,10.09309,10.09576
2025-03-25 04:00:00,10.09577,10.09704,10.08432,10.089
2025-03-25 04:30:00,10.08902,10.093,10.08629,10.0913
2025-03-25 05:00:00,10.09135,10.09671,10.08844,10.09579
2025-03-25 05:30:00,10.09575,10.10178,10.09278,10.09871
2025-03-25 06:00:00,10.09867,10.09917,10.0908,10.09578
2025-03-25 06:30:00,10.09568,10.09693,10.08794,10.08872
2025-03-25 07:00:00,10.08841,10.09086,10.08245,10.08267
2025-03-25 07:30:00,10.08267,10.08758,10.08265,10.08731
2025-03-25 08:00:00,10.08716,10.08806,10.08299,10.08334
2025-03-25 08:30:00,10.08332,10.09159,10.08298,10.08873
2025-03-25 09:00:00,10.08871,10.09257,10.08694,10.09205
2025-03-25 09:30:00,10.09207,10.09949,10.08977,10.09865
2025-03-25 10:00:00,10.1006,10.10717,10.08785,10.09654
2025-03-25 10:30:00,10.09653,10.10395,10.06833,10.07155
2025-03-25 11:00:00,10.07144,10.10332,10.06847,10.0987
2025-03-25 11:30:00,10.09872,10.1002,10.06702,10.07075
2025-03-25 12:00:00,10.07101,10.07138,10.0448,10.05138
2025-03-25 12:30:00,10.0514,10.06113,10.04977,10.05323
2025-03-25 13:00:00,10.05333,10.05562,10.03537,10.03756
2025-03-25 13:30:00,10.03742,10.04608,10.01905,10.0223
2025-03-25 14:00:00,10.02181,10.03241,10.00696,10.01306
2025-03-25 14:30:00,10.01304,10.01456,9.99468,10.00283
2025-03-25 15:00:00,10.00269,10.00269,9.99364,9.99554
2025-03-25 15:30:00,9.99553,9.99634,9.9643,9.97872
2025-03-25 16:00:00,9.97863,9.99003,9.96983,9.98208
2025-03-25 16:30:00,9.98181,9.98345,9.94791,9.96701
2025-03-25 17:00:00,9.96561,10.01631,9.9642,10.00666
2025-03-25 17:30:00,10.00681,10.00953,9.9775,10.00202
2025-03-25 18:00:00,10.00203,10.00694,9.98965,9.99453
2025-03-25 18:30:00,9.99442,10.03319,9.99431,10.03001
2025-03-25 19:00:00,10.03001,10.03017,10.00837,10.01766
2025-03-25 19:30:00,10.01991,10.01991,10.0085,10.01617
2025-03-25 20:00:00,10.01607,10.02289,10.00517,10.02278
2025-03-25 20:30:00,10.02227,10.02563,10.0136,10.0141
2025-03-25 21:00:00,10.01418,10.02431,10.01418,10.02409
2025-03-25 21:30:00,10.02393,10.03147,10.02257,10.03076
2025-03-25 22:00:00,10.03058,10.03817,10.02322,10.03782
2025-03-25 22:30:00,10.03784,10.03792,10.03043,10.03506
2025-03-25 23:00:00,10.035,10.03783,10.03231,10.03429
2025-03-25 23:30:00,10.03438,10.03438,10.02159,10.02159
2025-03-26 00:00:00,10.01717,10.02895,10.01219,10.02752
2025-03-26 00:30:00,10.02744,10.03145,10.02676,10.0291
2025-03-26 01:00:00,10.0294,10.03188,10.02738,10.0317
2025-03-26 01:30:00,10.03159,10.0344,10.03141,10.0336
2025-03-26 02:00:00,10.03328,10.03555,10.03157,10.03394
2025-03-26 02:30:00,10.03396,10.03818,10.03354,10.03751
2025-03-26 03:00:00,10.03753,10.03853,10.0345,10.03579
2025-03-26 03:30:00,10.03623,10.04182,10.03602,10.04145
2025-03-26 04:00:00,10.04146,10.04855,10.0384,10.04012
2025-03-26 04:30:00,10.04003,10.04078,10.02643,10.02793
2025-03-26 05:00:00,10.02799,10.03444,10.02669,10.03067
2025-03-26 05:30:00,10.03066,10.03276,10.02758,10.03228
2025-03-26 06:00:00,10.03232,10.04089,10.03187,10.04089
2025-03-26 06:30:00,10.04088,10.04739,10.04019,10.04523
2025-03-26 07:00:00,10.0449,10.0483,10.03824,10.04449
2025-03-26 07:30:00,10.0445,10.04776,10.04364,10.04433
2025-03-26 08:00:00,10.04438,10.05271,10.04438,10.04979
2025-03-26 08:30:00,10.04968,10.05532,10.04906,10.05301
2025-03-26 09:00:00,10.05301,10.05514,10.04603,10.0503
2025-03-26 09:30:00,10.05027,10.05788,10.04982,10.0517
2025-03-26 10:00:00,10.05161,10.06323,10.04196,10.05037
2025-03-26 10:30:00,10.05039,10.05585,10.04916,10.05359
2025-03-26 11:00:00,10.0535,10.05453,10.03556,10.0386
2025-03-26 11:30:00,10.03873,10.05311,10.03301,10.04374
2025-03-26 12:00:00,10.04391,10.04558,10.02612,10.02955
2025-03-26 12:30:00,10.02955,10.03997,10.02759,10.03955
2025-03-26 13:00:00,10.03954,10.04565,10.03601,10.04493
2025-03-26 13:30:00,10.04494,10.05444,10.04494,10.04733
2025-03-26 14:00:00,10.04731,10.05345,10.04014,10.04878
2025-03-26 14:30:00,10.04878,10.05408,10.04105,10.05095
2025-03-26 15:00:00,10.05096,10.0686,10.04767,10.05999
2025-03-26 15:30:00,10.05945,10.06851,10.05397,10.05569
2025-03-26 16:00:00,10.05558,10.05663,10.0394,10.04705
2025-03-26 16:30:00,10.04704,10.05328,10.03513,10.04158
2025-03-26 17:00:00,10.04158,10.04396,10.01623,10.02253
2025-03-26 17:30:00,10.02256,10.03569,10.02224,10.02612
2025-03-26 18:00:00,10.02612,10.03542,10.01793,10.03267
2025-03-26 18:30:00,10.03264,10.04109,10.01965,10.033
2025-03-26 19:00:00,10.03287,10.04397,10.02242,10.02384
2025-03-26 19:30:00,10.02386,10.02926,10.02099,10.02464
2025-03-26 20:00:00,10.02467,10.06225,10.02321,10.05706
2025-03-26 20:30:00,10.05705,10.05958,10.0387,10.04886
2025-03-26 21:00:00,10.04887,10.0515,10.04513,10.05097
2025-03-26 21:30:00,10.05093,10.05316,10.0473,10.04998
2025-03-26 22:00:00,10.05,10.0595,10.04958,10.05906
2025-03-26 22:30:00,10.05889,10.06107,10.0512,10.0559
2025-03-26 23:00:00,10.05543,10.05608,10.04911,10.05051
2025-03-26 23:30:00,10.05056,10.05303,10.03961,10.03976
2025-03-27 00:00:00,10.03503,10.04481,10.02594,10.04196
2025-03-27 00:30:00,10.04243,10.06544,10.03556,10.04878
2025-03-27 01:00:00,10.04904,10.07746,10.04328,10.07313
2025-03-27 01:30:00,10.07307,10.0778,10.06736,10.07304
2025-03-27 02:00:00,10.07329,10.07547,10.06436,10.07357
2025-03-27 02:30:00,10.07359,10.07432,10.06479,10.06979
2025-03-27 03:00:00,10.06996,10.07622,10.0656,10.06961
2025-03-27 03:30:00,10.06965,10.07016,10.05944,10.06071
2025-03-27 04:00:00,10.06073,10.06073,10.04872,10.04941
2025-03-27 04:30:00,10.04936,10.05143,10.04656,10.04691
2025-03-27 05:00:00,10.04681,10.04706,10.03118,10.0317
2025-03-27 05:30:00,10.03167,10.03239,10.02783,10.03114
2025-03-27 06:00:00,10.03116,10.0343,10.02794,10.03302
2025-03-27 06:30:00,10.03298,10.03338,10.02726,10.02847
2025-03-27 07:00:00,10.0285,10.02993,10.01109,10.0135
2025-03-27 07:30:00,10.01349,10.021,10.01202,10.01949
2025-03-27 08:00:00,10.01946,10.02492,10.01778,10.02326
2025-03-27 08:30:00,10.0233,10.0378,10.02288,10.03478
2025-03-27 09:00:00,10.03539,10.03637,10.02178,10.02303
2025-03-27 09:30:00,10.02263,10.02648,10.01289,10.02417
2025-03-27 10:00:00,10.02405,10.03904,10.02351,10.03732
2025-03-27 10:30:00,10.03734,10.05364,10.03701,10.05364
2025-03-27 11:00:00,10.05389,10.07163,10.04958,10.0696
2025-03-27 11:30:00,10.06955,10.0701,10.04764,10.05173
2025-03-27 12:00:00,10.05191,10.07182,10.04048,10.07127
2025-03-27 12:30:00,10.07126,10.07377,10.06459,10.06605
2025-03-27 13:00:00,10.06603,10.0724,10.06321,10.06795
2025-03-27 13:30:00,10.06771,10.06875,10.03864,10.03887
2025-03-27 14:00:00,10.03866,10.04332,10.01721,10.02877
2025-03-27 14:30:00,10.02897,10.03826,10.02272,10.03748
2025-03-27 15:00:00,10.03747,10.04354,10.02731,10.03168
2025-03-27 15:30:00,10.03087,10.0383,10.01892,10.03224
2025-03-27 16:00:00,10.03212,10.0452,10.02645,10.0443
2025-03-27 16:30:00,10.04422,10.04793,10.02214,10.03982
2025-03-27 17:00:00,10.03983,10.05628,10.02618,10.0492
2025-03-27 17:30:00,10.04921,10.0534,10.02859,10.03743
2025-03-27 18:00:00,10.03789,10.03818,10.01499,10.02857
2025-03-27 18:30:00,10.02858,10.02931,9.99712,10.01554
2025-03-27 19:00:00,10.01544,10.02086,9.99794,10.00548
2025-03-27 19:30:00,10.00617,10.01781,10.00398,10.01575
2025-03-27 20:00:00,10.01555,10.01709,9.98365,9.99663
2025-03-27 20:30:00,9.9967,10.00238,9.99377,10.00029
2025-03-27 21:00:00,10.0006,10.00135,9.98775,9.98803
2025-03-27 21:30:00,9.98801,9.99861,9.98596,9.99814
2025-03-27 22:00:00,9.99805,10.00018,9.98662,9.99142
2025-03-27 22:30:00,9.9915,10.00196,9.9907,9.99922
2025-03-27 23:00:00,9.99922,9.99922,9.99091,9.99214
2025-03-27 23:30:00,9.99215,9.99847,9.98975,9.991
2025-03-28 00:00:00,9.99057,9.99172,9.97775,9.98323
2025-03-28 00:30:00,9.98323,9.99662,9.98309,9.98335
2025-03-28 01:00:00,9.98491,9.99373,9.98275,9.99138
2025-03-28 01:30:00,9.99139,9.99207,9.9844,9.98952
2025-03-28 02:00:00,9.98961,9.9966,9.98705,9.99458
2025-03-28 02:30:00,9.99454,9.995,9.9856,9.98752
2025-03-28 03:00:00,9.98758,10.00142,9.9868,9.99901
2025-03-28 03:30:00,9.99899,10.00739,9.99589,9.99632
2025-03-28 04:00:00,9.99694,9.99962,9.9926,9.99878
2025-03-28 04:30:00,9.99884,10.00063,9.99255,9.99858
2025-03-28 05:00:00,9.99852,10.00226,9.9953,10.00196
2025-03-28 05:30:00,10.00193,10.00573,9.99994,10.00027
2025-03-28 06:00:00,10.00031,10.00338,9.99736,10.00302
2025-03-28 06:30:00,10.00301,10.00468,10.00049,10.0033
2025-03-28 07:00:00,10.00301,10.01055,10.00133,10.00851
2025-03-28 07:30:00,10.0085,10.00973,10.00445,10.00689
2025-03-28 08:00:00,10.0068,10.01021,10.00376,10.00768
2025-03-28 08:30:00,10.0077,10.01137,10.002,10.00485
2025-03-28 09:00:00,10.00472,10.01004,9.99899,10.00401
2025-03-28 09:30:00,10.00406,10.00596,9.99857,10.00498
2025-03-28 10:00:00,10.00512,10.0121,10.00049,10.00251
2025-03-28 10:30:00,10.00249,10.01988,10.00231,10.01539
2025-03-28 11:00:00,10.01599,10.02057,10.00327,10.02048
2025-03-28 11:30:00,10.02047,10.04389,10.02,10.04389
2025-03-28 12:00:00,10.04406,10.05022,10.03461,10.0476
2025-03-28 12:30:00,10.04766,10.05787,10.04527,10.05512
2025-03-28 13:00:00,10.05494,10.05964,10.03749,10.04214
2025-03-28 13:30:00,10.04217,10.05907,10.04043,10.05892
2025-03-28 14:00:00,10.05893,10.06312,10.05226,10.0557
2025-03-28 14:30:00,10.05571,10.06054,10.05308,10.05752
2025-03-28 15:00:00,10.05753,10.06364,10.05119,10.05174
2025-03-28 15:30:00,10.0499,10.05402,10.03512,10.03694
2025-03-28 16:00:00,10.03728,10.0399,10.0041,10.01537
2025-03-28 16:30:00,10.01564,10.02152,10.00798,10.01096
2025-03-28 17:00:00,10.01077,10.0147,9.99397,10.00161
2025-03-28 17:30:00,10.00169,10.00787,9.99522,10.00189
2025-03-28 18:00:00,10.00208,10.00226,9.976,9.97619
2025-03-28 18:30:00,9.97624,9.99621,9.97194,9.99276
2025-03-28 19:00:00,9.99286,9.99714,9.97672,9.97953
2025-03-28 19:30:00,9.97994,9.99863,9.97959,9.99469
2025-03-28 20:00:00,9.99467,10.00474,9.99235,9.99966
2025-03-28 20:30:00,9.99949,10.00063,9.98869,9.99287
2025-03-28 21:00:00,9.99294,10.00283,9.9913,10.00018
2025-03-28 21:30:00,10.00019,10.00954,9.99216,9.9974
2025-03-28 22:00:00,9.99749,10.00121,9.99468,9.99775
2025-03-28 22:30:00,9.99773,10.00436,9.99539,10.00134
2025-03-28 23:00:00,10.00043,10.01309,9.99794,9.99845
2025-03-28 23:30:00,9.99844,10.00928,9.98827,9.99915
2025-03-31 00:00:00,9.99232,10.00233,9.98089,9.99096
2025-03-31 00:30:00,9.9909,10.01156,9.98673,10.00411
2025-03-31 01:00:00,10.0053,10.02903,10.00463,10.00841
2025-03-31 01:30:00,10.00808,10.01618,10.00395,10.01266
2025-03-31 02:00:00,10.01271,10.01349,9.99671,10.00611
2025-03-31 02:30:00,10.00605,10.01238,9.99823,10.00868
2025-03-31 03:00:00,10.00882,10.01065,9.99471,9.9973
2025-03-31 03:30:00,9.99726,9.99913,9.99199,9.9929
2025-03-31 04:00:00,9.99287,9.99291,9.98455,9.98574
2025-03-31 04:30:00,9.98577,10.0017,9.98475,9.99825
2025-03-31 05:00:00,9.99812,10.0011,9.98455,9.98655
2025-03-31 05:30:00,9.98602,9.9884,9.98204,9.98771
2025-03-31 06:00:00,9.98778,9.99451,9.98599,9.99201
2025-03-31 06:30:00,9.99214,9.99843,9.99198,9.99661
2025-03-31 07:00:00,9.99648,9.99736,9.99067,9.99384
2025-03-31 07:30:00,9.99385,9.99556,9.99081,9.99267
2025-03-31 08:00:00,9.99263,9.99723,9.98519,9.98768
2025-03-31 08:30:00,9.98819,9.99503,9.98544,9.99148
2025-03-31 09:00:00,9.99161,10.00447,9.98382,9.98914
2025-03-31 09:30:00,9.98913,10.00074,9.97653,9.9943
2025-03-31 10:00:00,9.99439,10.00233,9.97904,9.99973
2025-03-31 10:30:00,9.99977,10.00595,9.98666,9.98768
2025-03-31 11:00:00,9.98755,10.02064,9.98579,10.01461
2025-03-31 11:30:00,10.01512,10.01512,9.99016,9.99438
2025-03-31 12:00:00,9.99418,10.00788,9.98681,10.00788
2025-03-31 12:30:00,10.00802,10.03612,10.008,10.03467
2025-03-31 13:00:00,10.03479,10.04698,10.03146,10.03248
2025-03-31 13:30:00,10.03249,10.04224,10.02509,10.02792
2025-03-31 14:00:00,10.02793,10.02812,10.01312,10.02565
2025-03-31 14:30:00,10.02559,10.02827,10.01602,10.02695
2025-03-31 15:00:00,10.02697,10.03375,10.02086,10.0268
2025-03-31 15:30:00,10.02686,10.04329,10.01913,10.04283
2025-03-31 16:00:00,10.04282,10.04809,10.02963,10.03972
2025-03-31 16:30:00,10.03972,10.05588,10.03648,10.05518
2025-03-31 17:00:00,10.05542,10.06517,10.0509,10.05959
2025-03-31 17:30:00,10.05939,10.06127,10.0262,10.04634
2025-03-31 18:00:00,10.04667,10.05328,10.0278,10.03645
2025-03-31 18:30:00,10.03701,10.05894,10.03297,10.05518
2025-03-31 19:00:00,10.05492,10.07608,10.05146,10.06217
2025-03-31 19:30:00,10.06208,10.0645,10.04515,10.05015
2025-03-31 20:00:00,10.0501,10.0501,10.04009,10.04014
2025-03-31 20:30:00,10.04005,10.04792,10.03818,10.04767
2025-03-31 21:00:00,10.04758,10.05633,10.04641,10.04751
2025-03-31 21:30:00,10.04751,10.04751,10.03806,10.04083
2025-03-31 22:00:00,10.04084,10.04597,10.0398,10.04363
2025-03-31 22:30:00,10.04365,10.05131,10.03748,10.05107
2025-03-31 23:00:00,10.05082,10.05572,10.03688,10.03889
2025-03-31 23:30:00,10.03891,10.043,10.02781,10.02789
2025-04-01 00:00:00,10.0231,10.02938,10.0231,10.02676
2025-04-01 00:30:00,10.02675,10.03258,10.02675,10.03166
2025-04-01 01:00:00,10.03105,10.04118,10.03077,10.03997
2025-04-01 01:30:00,10.03996,10.0414,10.03359,10.03591
2025-04-01 02:00:00,10.03558,10.04107,10.03481,10.03936
2025-04-01 02:30:00,10.03937,10.04125,10.03558,10.04076
2025-04-01 03:00:00,10.04077,10.04123,10.03082,10.03535
2025-04-01 03:30:00,10.0355,10.03715,10.02921,10.03031
2025-04-01 04:00:00,10.03058,10.03444,10.02749,10.03111
2025-04-01 04:30:00,10.0311,10.04116,10.03,10.03617
2025-04-01 05:00:00,10.03629,10.03668,10.02443,10.02885
2025-04-01 05:30:00,10.02904,10.03353,10.02619,10.03159
2025-04-01 06:00:00,10.03177,10.03213,10.02839,10.02888
2025-04-01 06:30:00,10.02878,10.03182,10.02415,10.02848
2025-04-01 07:00:00,10.02847,10.02957,10.02221,10.02878
2025-04-01 07:30:00,10.02898,10.02945,10.02308,10.02806
2025-04-01 08:00:00,10.02803,10.04421,10.02803,10.04141
2025-04-01 08:30:00,10.04119,10.04874,10.03587,10.04844
2025-04-01 09:00:00,10.0484,10.05251,10.04109,10.04679
2025-04-01 09:30:00,10.04732,10.05005,10.01587,10.02405
2025-04-01 10:00:00,10.02427,10.03073,10.0033,10.01553
2025-04-01 10:30:00,10.01553,10.02669,10.01138,10.01806
2025-04-01 11:00:00,10.01854,10.02224,9.99885,10.00238
2025-04-01 11:30:00,10.00238,10.00874,9.99466,9.99655
2025-04-01 12:00:00,9.99562,10.00455,9.98182,9.99673
2025-04-01 12:30:00,9.99674,10.00558,9.99341,9.99975
2025-04-01 13:00:00,9.99976,10.02684,9.99877,10.01115
2025-04-01 13:30:00,10.01114,10.02026,10.0097,10.0201
2025-04-01 14:00:00,10.02017,10.02745,10.01842,10.02581
2025-04-01 14:30:00,10.02582,10.03916,10.01927,10.02559
2025-04-01 15:00:00,10.02558,10.02684,10.0158,10.01752
2025-04-01 15:30:00,10.01754,10.03139,10.0156,10.02104
2025-04-01 16:00:00,10.02103,10.03919,10.0184,10.026
2025-04-01 16:30:00,10.026,10.03715,10.01702,10.03715
2025-04-01 17:00:00,10.03367,10.0352,9.99088,10.00768
2025-04-01 17:30:00,10.00769,10.00876,9.97658,9.98582
2025-04-01 18:00:00,9.98578,10.0001,9.9814,9.99078
2025-04-01 18:30:00,9.99093,9.99889,9.98934,9.99593
2025-04-01 19:00:00,9.9963,10.00546,9.98743,9.99815
2025-04-01 19:30:00,9.99796,10.01097,9.9956,10.00015
2025-04-01 20:00:00,10.00015,10.01049,9.9969,10.01049
2025-04-01 20:30:00,10.01035,10.01361,10.00795,10.01166
2025-04-01 21:00:00,10.01166,10.01536,10.00859,10.01072
2025-04-01 21:30:00,10.01071,10.02012,10.00904,10.01986
2025-04-01 22:00:00,10.01987,10.02166,10.01351,10.01419
2025-04-01 22:30:00,10.01417,10.01987,10.01395,10.01572
2025-04-01 23:00:00,10.01573,10.0181,10.01482,10.01778
2025-04-01 23:30:00,10.01777,10.01808,9.99916,9.99916
2025-04-02 00:00:00,9.98978,10.00488,9.98978,10.00277
2025-04-02 00:30:00,10.00275,10.00958,9.99851,10.0037
2025-04-02 01:00:00,10.00364,10.01163,9.98786,9.99269
2025-04-02 01:30:00,9.99273,10.01046,9.99249,10.01015
2025-04-02 02:00:00,10.01002,10.01413,10.00319,10.00696
2025-04-02 02:30:00,10.00661,10.01424,10.00525,10.01083
2025-04-02 03:00:00,10.01106,10.01667,10.00834,10.0096
2025-04-02 03:30:00,10.00959,10.01918,10.00915,10.0174
2025-04-02 04:00:00,10.01745,10.02034,10.01394,10.01484
2025-04-02 04:30:00,10.0152,10.01614,10.01142,10.01246
2025-04-02 05:00:00,10.01237,10.0126,9.9995,10.00003
2025-04-02 05:30:00,10.0,10.00329,9.99668,10.00316
2025-04-02 06:00:00,10.00309,10.00338,9.99538,9.99986
2025-04-02 06:30:00,9.99978,10.00301,9.99797,10.00054
2025-04-02 07:00:00,10.00037,10.00323,9.99863,10.00223
2025-04-02 07:30:00,10.00226,10.00635,9.99847,10.00551
2025-04-02 08:00:00,10.00574,10.02072,10.00574,10.01252
2025-04-02 08:30:00,10.01242,10.01595,10.00683,10.00931
2025-04-02 09:00:00,10.00929,10.014,9.99445,9.99949
2025-04-02 09:30:00,9.99942,10.00885,9.99528,9.99873
2025-04-02 10:00:00,9.99905,10.01536,9.99304,10.00854
2025-04-02 10:30:00,10.0084,10.01515,10.00266,10.00599
2025-04-02 11:00:00,10.0062,10.01474,9.9938,9.99713
2025-04-02 11:30:00,9.99715,9.99742,9.98505,9.98997
2025-04-02 12:00:00,9.98998,9.99033,9.97938,9.98532
2025-04-02 12:30:00,9.98533,9.98559,9.96992,9.97028
2025-04-02 13:00:00,9.97027,9.98866,9.95863,9.98814
2025-04-02 13:30:00,9.98819,9.99421,9.96548,9.96966
2025-04-02 14:00:00,9.96965,9.97434,9.9653,9.96651
2025-04-02 14:30:00,9.96647,9.96699,9.9568,9.95877
2025-04-02 15:00:00,9.95876,9.98613,9.95028,9.95038
2025-04-02 15:30:00,9.95037,9.95609,9.93846,9.93852
2025-04-02 16:00:00,9.93845,9.94204,9.9135,9.91777
2025-04-02 16:30:00,9.91776,9.94399,9.91692,9.94399
2025-04-02 17:00:00,9.94446,9.9542,9.93023,9.9378
2025-04-02 17:30:00,9.93753,9.93995,9.89507,9.89936
2025-04-02 18:00:00,9.89934,9.91576,9.89811,9.91144
2025-04-02 18:30:00,9.91198,9.91421,9.89335,9.89841
2025-04-02 19:00:00,9.89839,9.91629,9.89587,9.91355
2025-04-02 19:30:00,9.91344,9.92142,9.91137,9.91693
2025-04-02 20:00:00,9.91667,9.9169,9.9041,9.90744
2025-04-02 20:30:00,9.90743,9.91015,9.90121,9.90977
2025-04-02 21:00:00,9.90978,9.91326,9.9048,9.90777
2025-04-02 21:30:00,9.90782,9.90818,9.90114,9.90704
2025-04-02 22:00:00,9.90704,9.9103,9.90427,9.90659
2025-04-02 22:30:00,9.90657,9.91103,9.90238,9.90982
2025-04-02 23:00:00,9.90972,9.92892,9.82057,9.90278
2025-04-02 23:30:00,9.90135,9.9396,9.87758,9.88867
2025-04-03 00:00:00,9.88684,9.9155,9.83967,9.90261
2025-04-03 00:30:00,9.90222,9.90875,9.88741,9.89508
2025-04-03 01:00:00,9.89749,9.94191,9.88849,9.92621
2025-04-03 01:30:00,9.9262,9.93433,9.89647,9.90598
2025-04-03 02:00:00,9.90588,9.90588,9.85171,9.85171
2025-04-03 02:30:00,9.8516,9.86113,9.83959,9.85796
2025-04-03 03:00:00,9.85821,9.87924,9.85568,9.87676
2025-04-03 03:30:00,9.87674,9.87989,9.8421,9.86645
2025-04-03 04:00:00,9.86596,9.87161,9.84436,9.846
2025-04-03 04:30:00,9.846,9.84725,9.83281,9.84394
2025-04-03 05:00:00,9.84322,9.8446,9.83557,9.84414
2025-04-03 05:30:00,9.84422,9.84868,9.83207,9.83881
2025-04-03 06:00:00,9.8388,9.85505,9.83781,9.84142
2025-04-03 06:30:00,9.84125,9.85312,9.84081,9.84831
2025-04-03 07:00:00,9.8483,9.85457,9.84726,9.85175
2025-04-03 07:30:00,9.85194,9.8577,9.84984,9.85708
2025-04-03 08:00:00,9.85698,9.85754,9.82198,9.82259
2025-04-03 08:30:00,9.82261,9.82689,9.80157,9.80715
2025-04-03 09:00:00,9.8074,9.80867,9.78107,9.78407
2025-04-03 09:30:00,9.78337,9.79426,9.71274,9.71318
2025-04-03 10:00:00,9.71264,9.78061,9.70375,9.7734
2025-04-03 10:30:00,9.77342,9.78107,9.7532,9.75746
2025-04-03 11:00:00,9.75751,9.76505,9.73147,9.73951
2025-04-03 11:30:00,9.73967,9.74318,9.68673,9.70272
2025-04-03 12:00:00,9.70273,9.70929,9.67298,9.6844
2025-04-03 12:30:00,9.68434,9.69789,9.67097,9.69789
2025-04-03 13:00:00,9.69797,9.70675,9.60102,9.65478
2025-04-03 13:30:00,9.65458,9.70484,9.6509,9.69901
2025-04-03 14:00:00,9.69891,9.71349,9.68583,9.68953
2025-04-03 14:30:00,9.68952,9.68973,9.65574,9.66979
2025-04-03 15:00:00,9.66947,9.68746,9.64919,9.67338
2025-04-03 15:30:00,9.67245,9.68499,9.64666,9.65838
2025-04-03 16:00:00,9.65844,9.66501,9.60418,9.64187
2025-04-03 16:30:00,9.64231,9.68047,9.64013,9.6787
2025-04-03 17:00:00,9.67888,9.70909,9.64662,9.69049
2025-04-03 17:30:00,9.68961,9.70024,9.66747,9.69656
2025-04-03 18:00:00,9.69656,9.73886,9.68414,9.73224
2025-04-03 18:30:00,9.73216,9.76361,9.72524,9.7483
2025-04-03 19:00:00,9.74832,9.74832,9.72936,9.7461
2025-04-03 19:30:00,9.74606,9.76537,9.74277,9.76364
2025-04-03 20:00:00,9.76401,9.7817,9.76218,9.77408
2025-04-03 20:30:00,9.77408,9.78292,9.76486,9.78062
2025-04-03 21:00:00,9.78064,9.79106,9.77089,9.77768
2025-04-03 21:30:00,9.77767,9.78923,9.77262,9.78566
2025-04-03 22:00:00,9.78564,9.80583,9.78564,9.80532
2025-04-03 22:30:00,9.80523,9.80823,9.7955,9.79554
2025-04-03 23:00:00,9.79576,9.80208,9.7935,9.79378
2025-04-03 23:30:00,9.79379,9.79379,9.75476,9.75826
2025-04-04 00:00:00,9.7533,9.75974,9.74666,9.75256
2025-04-04 00:30:00,9.75271,9.76363,9.75269,9.75806
2025-04-04 01:00:00,9.75826,9.77046,9.75725,9.76241
2025-04-04 01:30:00,9.76313,9.76561,9.75037,9.75751
2025-04-04 02:00:00,9.75736,9.7864,9.75698,9.78533
2025-04-04 02:30:00,9.78523,9.79263,9.77684,9.78912
2025-04-04 03:00:00,9.78899,9.79598,9.78692,9.79327
2025-04-04 03:30:00,9.79329,9.7975,9.77054,9.77346
2025-04-04 04:00:00,9.77347,9.77889,9.76074,9.76984
2025-04-04 04:30:00,9.76978,9.77215,9.76025,9.76783
2025-04-04 05:00:00,9.76782,9.77378,9.75236,9.77151
2025-04-04 05:30:00,9.77153,9.77837,9.76419,9.77767
2025-04-04 06:00:00,9.77784,9.78562,9.76576,9.77155
2025-04-04 06:30:00,9.77169,9.77257,9.75409,9.76224
2025-04-04 07:00:00,9.76268,9.76717,9.7555,9.76404
2025-04-04 07:30:00,9.76406,9.7717,9.76217,9.76697
2025-04-04 08:00:00,9.76704,9.77094,9.74161,9.74294
2025-04-04 08:30:00,9.74296,9.77386,9.74278,9.75764
2025-04-04 09:00:00,9.75613,9.80758,9.75387,9.80313
2025-04-04 09:30:00,9.80306,9.83211,9.79798,9.82646
2025-04-04 10:00:00,9.82701,9.84421,9.81462,9.84306
2025-04-04 10:30:00,9.8431,9.93004,9.84309,9.91316
2025-04-04 11:00:00,9.91296,9.93276,9.88998,9.90213
2025-04-04 11:30:00,9.90213,9.92991,9.89853,9.92077
2025-04-04 12:00:00,9.92075,9.94309,9.91943,9.93978
2025-04-04 12:30:00,9.93979,9.957,9.93079,9.95274
2025-04-04 13:00:00,9.95285,9.98687,9.9348,9.93686
2025-04-04 13:30:00,9.93667,9.94448,9.9053,9.92726
2025-04-04 14:00:00,9.92763,9.9434,9.90273,9.93239
2025-04-04 14:30:00,9.93251,9.94979,9.91252,9.9395
2025-04-04 15:00:00,9.93938,9.94754,9.89449,9.89646
2025-04-04 15:30:00,9.88509,9.94181,9.87996,9.92472
2025-04-04 16:00:00,9.92463,9.93264,9.89997,9.91905
2025-04-04 16:30:00,9.9202,9.94623,9.90427,9.94592
2025-04-04 17:00:00,9.94614,9.99176,9.94582,9.97804
2025-04-04 17:30:00,9.97829,10.09844,9.97796,10.05904
2025-04-04 18:00:00,10.0599,10.06301,9.95839,10.00591
2025-04-04 18:30:00,10.00567,10.02597,9.96587,9.97951
2025-04-04 19:00:00,9.97959,10.01707,9.97121,10.00273
2025-04-04 19:30:00,10.00267,10.04523,9.98752,10.01718
2025-04-04 20:00:00,10.01598,10.07239,10.01238,10.05977
2025-04-04 20:30:00,10.05948,10.06382,10.02777,10.03236
2025-04-04 21:00:00,10.0327,10.03541,10.0092,10.01329
2025-04-04 21:30:00,10.01262,10.03763,10.00692,10.03651
2025-04-04 22:00:00,10.03612,10.05551,10.02669,10.03422
2025-04-04 22:30:00,10.0342,10.04239,10.0126,10.0414
2025-04-04 23:00:00,10.04158,10.04214,10.02451,10.0391
2025-04-04 23:30:00,10.03894,10.04141,9.96941,9.98356
2025-04-07 00:00:00,10.08212,10.08343,10.06723,10.06723
2025-04-07 00:30:00,10.06751,10.07043,10.02956,10.03777
2025-04-07 01:00:00,10.03801,10.04738,9.97514,9.98109
2025-04-07 01:30:00,9.98106,9.99066,9.97514,9.97917
2025-04-07 02:00:00,9.98234,10.0026,9.96889,9.98044
2025-04-07 02:30:00,9.9806,10.01375,9.96716,10.0116
2025-04-07 03:00:00,10.0115,10.06259,10.01112,10.05583
2025-04-07 03:30:00,10.05585,10.13609,10.04998,10.11011
2025-04-07 04:00:00,10.11011,10.13118,10.09804,10.10026
2025-04-07 04:30:00,10.09968,10.10969,10.07628,10.08959
2025-04-07 05:00:00,10.08957,10.10835,10.08452,10.10752
2025-04-07 05:30:00,10.10778,10.11573,10.09689,10.10855
2025-04-07 06:00:00,10.10723,10.12362,10.10685,10.12269
2025-04-07 06:30:00,10.12269,10.12587,10.08913,10.09148
2025-04-07 07:00:00,10.0914,10.09224,10.07128,10.07424
2025-04-07 07:30:00,10.07429,10.07795,10.05906,10.0635
2025-04-07 08:00:00,10.06348,10.07029,10.04402,10.04474
2025-04-07 08:30:00,10.0457,10.05266,10.02556,10.02707
2025-04-07 09:00:00,10.02832,10.07971,10.02452,10.06972
2025-04-07 09:30:00,10.06945,10.09134,10.03826,10.0603
2025-04-07 10:00:00,10.06048,10.06359,10.02966,10.05452
2025-04-07 10:30:00,10.05488,10.06733,10.02937,10.06663
2025-04-07 11:00:00,10.06642,10.07037,10.03475,10.05764
2025-04-07 11:30:00,10.05769,10.06873,10.05036,10.06493
2025-04-07 12:00:00,10.06487,10.12102,10.06273,10.11688
2025-04-07 12:30:00,10.11691,10.11978,10.07536,10.10672
2025-04-07 13:00:00,10.10565,10.11551,10.07537,10.07537
2025-04-07 13:30:00,10.07533,10.10827,10.06792,10.10659
2025-04-07 14:00:00,10.10656,10.10758,10.08515,10.08752
2025-04-07 14:30:00,10.08763,10.11544,10.08214,10.10574
2025-04-07 15:00:00,10.10557,10.10719,10.08374,10.08849
2025-04-07 15:30:00,10.0886,10.08911,10.02848,10.06129
2025-04-07 16:00:00,10.0609,10.089,10.0595,10.07289
2025-04-07 16:30:00,10.07292,10.09572,10.06173,10.06311
2025-04-07 17:00:00,10.06305,10.0735,9.96382,10.01311
2025-04-07 17:30:00,10.01282,10.08102,10.00722,10.04978
2025-04-07 18:00:00,10.04976,10.09348,10.03093,10.06242
2025-04-07 18:30:00,10.06202,10.08208,10.04443,10.08084
2025-04-07 19:00:00,10.08082,10.08141,10.05789,10.06487
2025-04-07 19:30:00,10.06373,10.1031,10.06247,10.1031
2025-04-07 20:00:00,10.10318,10.1035,10.06064,10.06727
2025-04-07 20:30:00,10.06619,10.08526,10.0396,10.08465
2025-04-07 21:00:00,10.08468,10.08876,10.05902,10.07635
2025-04-07 21:30:00,10.07659,10.0781,10.02224,10.03887
2025-04-07 22:00:00,10.03921,10.05228,10.033,10.04261
2025-04-07 22:30:00,10.04233,10.10938,10.03219,10.08449
2025-04-07 23:00:00,10.08424,10.09287,10.0733,10.08175
2025-04-07 23:30:00,10.08169,10.08499,10.03615,10.03615
2025-04-08 00:00:00,10.03574,10.05598,10.03476,10.04002
2025-04-08 00:30:00,10.03998,10.0629,10.03988,10.04933
2025-04-08 01:00:00,10.0477,10.08622,10.04173,10.08034
2025-04-08 01:30:00,10.08085,10.08961,10.06185,10.07742
2025-04-08 02:00:00,10.07742,10.08087,10.06268,10.06414
2025-04-08 02:30:00,10.06397,10.07866,10.04416,10.06962
2025-04-08 03:00:00,10.06972,10.06972,10.03751,10.03838
2025-04-08 03:30:00,10.03822,10.04345,10.02493,10.04255
2025-04-08 04:00:00,10.04263,10.04668,10.02823,10.03152
2025-04-08 04:30:00,10.03152,10.03392,10.00644,10.00801
2025-04-08 05:00:00,10.00802,10.00807,9.99208,9.99386
2025-04-08 05:30:00,9.99388,9.99831,9.97957,9.99219
2025-04-08 06:00:00,9.99202,9.99769,9.98837,9.99717
2025-04-08 06:30:00,9.99706,10.00636,9.99464,10.00213
2025-04-08 07:00:00,10.00214,10.00255,9.98264,9.9841
2025-04-08 07:30:00,9.98411,9.98761,9.9715,9.97433
2025-04-08 08:00:00,9.97448,9.98594,9.97274,9.98553
2025-04-08 08:30:00,9.98555,10.02188,9.97491,9.97557
2025-04-08 09:00:00,9.97537,9.98249,9.95343,9.96866
2025-04-08 09:30:00,9.96886,9.97031,9.93498,9.94998
2025-04-08 10:00:00,9.94963,10.02005,9.94921,10.01216
2025-04-08 10:30:00,10.01218,10.0376,9.99829,10.0278
2025-04-08 11:00:00,10.02787,10.03091,9.9837,10.00094
2025-04-08 11:30:00,10.00094,10.02195,10.00057,10.01766
2025-04-08 12:00:00,10.01781,10.04968,10.01636,10.03508
2025-04-08 12:30:00,10.03507,10.04543,10.0111,10.03474
2025-04-08 13:00:00,10.03484,10.05991,10.03449,10.04004
2025-04-08 13:30:00,10.04003,10.06064,10.03097,10.05743
2025-04-08 14:00:00,10.05834,10.0629,10.02886,10.03935
2025-04-08 14:30:00,10.03951,10.05101,10.0273,10.03197
2025-04-08 15:00:00,10.03188,10.03427,10.01343,10.0215
2025-04-08 15:30:00,10.02152,10.02555,10.00189,10.01589
2025-04-08 16:00:00,10.0159,10.02167,10.00126,10.00442
2025-04-08 16:30:00,10.00473,10.03239,10.00243,10.01066
2025-04-08 17:00:00,10.01058,10.0275,9.99118,10.01292
2025-04-08 17:30:00,10.01269,10.03308,10.00684,10.01399
2025-04-08 18:00:00,10.01376,10.04096,10.00931,10.01867
2025-04-08 18:30:00,10.0185,10.01986,10.009,10.01427
2025-04-08 19:00:00,10.01429,10.03234,10.01429,10.03118
2025-04-08 19:30:00,10.03161,10.03301,10.00845,10.02915
2025-04-08 20:00:00,10.02873,10.04123,10.01758,10.03636
2025-04-08 20:30:00,10.03724,10.04366,10.0301,10.03834
2025-04-08 21:00:00,10.03819,10.04283,9.97497,9.97668
2025-04-08 21:30:00,9.97662,10.00799,9.95853,9.99816
2025-04-08 22:00:00,9.99876,10.00069,9.97484,9.98296
2025-04-08 22:30:00,9.98315,10.02375,9.98162,10.02375
2025-04-08 23:00:00,10.02345,10.04051,10.01203,10.03793
2025-04-08 23:30:00,10.03792,10.03962,9.98935,9.98935
2025-04-09 00:00:00,9.98926,9.99672,9.98898,9.9904
2025-04-09 00:30:00,9.99123,10.01417,9.99119,10.00376
2025-04-09 01:00:00,10.00327,10.01042,9.98508,9.99507
2025-04-09 01:30:00,9.99517,9.99735,9.98448,9.99333
2025-04-09 02:00:00,9.99324,9.99688,9.97649,9.99245
2025-04-09 02:30:00,9.99246,10.00832,9.96666,10.00624
2025-04-09 03:00:00,10.00784,10.02299,10.00071,10.00702
2025-04-09 03:30:00,10.00734,10.02243,9.99894,10.00129
2025-04-09 04:00:00,10.00102,10.00387,9.93802,9.95906
2025-04-09 04:30:00,9.95925,9.98336,9.95102,9.96444
2025-04-09 05:00:00,9.96301,9.96455,9.93173,9.95431
2025-04-09 05:30:00,9.9535,9.97384,9.95168,9.96729
2025-04-09 06:00:00,9.96678,9.97294,9.95652,9.95919
2025-04-09 06:30:00,9.95798,9.99424,9.95519,9.99321
2025-04-09 07:00:00,9.99312,10.00128,9.94662,9.95003
2025-04-09 07:30:00,9.95001,9.96413,9.93889,9.94023
2025-04-09 08:00:00,9.93982,9.96556,9.93895,9.96462
2025-04-09 08:30:00,9.96469,9.97597,9.93314,9.94345
2025-04-09 09:00:00,9.94359,9.94922,9.91645,9.93863
2025-04-09 09:30:00,9.93885,9.98053,9.91859,9.97909
2025-04-09 10:00:00,9.9793,9.98736,9.94341,9.96784
2025-04-09 10:30:00,9.96773,10.00853,9.96752,9.97897
2025-04-09 11:00:00,9.97903,10.01746,9.97766,9.99988
2025-04-09 11:30:00,9.99981,10.01373,9.97652,10.00678
2025-04-09 12:00:00,10.00683,10.02309,9.99737,10.01334
2025-04-09 12:30:00,10.01349,10.02297,9.983,9.99605
2025-04-09 13:00:00,9.99594,10.0084,9.98059,9.99619
2025-04-09 13:30:00,9.99634,10.00063,9.95946,9.96051
2025-04-09 14:00:00,9.96026,9.99727,9.94991,9.98433
2025-04-09 14:30:00,9.98434,10.05609,9.98096,10.03483
2025-04-09 15:00:00,10.03488,10.03594,9.98657,9.98756
2025-04-09 15:30:00,9.9876,10.02314,9.98405,10.00614
2025-04-09 16:00:00,10.00608,10.03026,9.99861,10.00547
2025-04-09 16:30:00,10.00598,10.02952,9.9708,9.98511
2025-04-09 17:00:00,9.98522,10.00875,9.97956,10.00336
2025-04-09 17:30:00,10.00385,10.05219,9.96979,10.04138
2025-04-09 18:00:00,10.04155,10.049,10.00001,10.01397
2025-04-09 18:30:00,10.01396,10.03909,10.01106,10.03906
2025-04-09 19:00:00,10.03901,10.04195,10.00892,10.03717
2025-04-09 19:30:00,10.03766,10.07054,10.01889,10.05845
2025-04-09 20:00:00,10.05846,10.07822,9.92083,10.00935
2025-04-09 20:30:00,10.00947,10.02469,9.93138,9.97324
2025-04-09 21:00:00,9.9731,10.018,9.94556,9.95967
2025-04-09 21:30:00,9.96013,9.97009,9.92441,9.94121
2025-04-09 22:00:00,9.94151,9.96777,9.93434,9.95636
2025-04-09 22:30:00,9.95646,10.00628,9.94931,9.9995
2025-04-09 23:00:00,9.99676,10.00636,9.97613,9.98485
2025-04-09 23:30:00,9.98486,9.99264,9.93808,9.94482
2025-04-10 00:00:00,9.94702,9.96263,9.94702,9.95661
2025-04-10 00:30:00,9.95732,9.96385,9.95068,9.95387
2025-04-10 01:00:00,9.95285,9.96732,9.9427,9.95346
2025-04-10 01:30:00,9.95344,9.96386,9.94564,9.9585
2025-04-10 02:00:00,9.95853,9.96641,9.9566,9.96099
2025-04-10 02:30:00,9.96114,9.9659,9.95807,9.96192
2025-04-10 03:00:00,9.96311,9.98727,9.96311,9.97816
2025-04-10 03:30:00,9.97815,9.98038,9.96361,9.96474
2025-04-10 04:00:00,9.96562,9.96997,9.95686,9.9648
2025-04-10 04:30:00,9.96488,9.98065,9.963,9.97833
2025-04-10 05:00:00,9.97818,9.98971,9.97009,9.97756
2025-04-10 05:30:00,9.97771,9.99037,9.96923,9.97267
2025-04-10 06:00:00,9.97246,9.97483,9.95848,9.97155
2025-04-10 06:30:00,9.97078,9.97491,9.95121,9.96111
2025-04-10 07:00:00,9.96158,9.96779,9.95716,9.96226
2025-04-10 07:30:00,9.96177,9.96822,9.95694,9.95986
2025-04-10 08:00:00,9.95897,9.96583,9.94911,9.95013
2025-04-10 08:30:00,9.95036,9.95283,9.93706,9.93881
2025-04-10 09:00:00,9.93901,9.96314,9.92769,9.93111
2025-04-10 09:30:00,9.9311,9.96383,9.90863,9.95923
2025-04-10 10:00:00,9.95951,9.99332,9.9467,9.99332
2025-04-10 10:30:00,9.99331,10.00278,9.9246,9.93322
2025-04-10 11:00:00,9.93327,9.97656,9.93327,9.95701
2025-04-10 11:30:00,9.95707,9.99315,9.95263,9.97492
2025-04-10 12:00:00,9.97488,9.99189,9.97414,9.97875
2025-04-10 12:30:00,9.97872,9.98729,9.96563,9.96632
2025-04-10 13:00:00,9.96593,9.98749,9.94332,9.98719
2025-04-10 13:30:00,9.98713,9.98755,9.94963,9.95002
2025-04-10 14:00:00,9.95001,9.95013,9.90747,9.91654
2025-04-10 14:30:00,9.91637,9.9442,9.91126,9.94016
2025-04-10 15:00:00,9.94026,9.9446,9.90883,9.91931
2025-04-10 15:30:00,9.91806,9.91806,9.83873,9.90771
2025-04-10 16:00:00,9.90741,9.91447,9.86576,9.87087
2025-04-10 16:30:00,9.87088,9.89,9.85984,9.87973
2025-04-10 17:00:00,9.87974,9.89098,9.85966,9.88572
2025-04-10 17:30:00,9.88541,9.89208,9.82695,9.82832
2025-04-10 18:00:00,9.8282,9.87241,9.82706,9.82915
2025-04-10 18:30:00,9.82955,9.84073,9.8001,9.83665
2025-04-10 19:00:00,9.83631,9.87494,9.83257,9.85568
2025-04-10 19:30:00,9.85545,9.86195,9.84319,9.85171
2025-04-10 20:00:00,9.85113,9.91575,9.85032,9.90393
2025-04-10 20:30:00,9.90354,9.91461,9.83694,9.83901
2025-04-10 21:00:00,9.8389,9.85169,9.81661,9.81976
2025-04-10 21:30:00,9.81909,9.85134,9.81533,9.84833
2025-04-10 22:00:00,9.8468,9.9043,9.83973,9.90251
2025-04-10 22:30:00,9.90251,9.90266,9.84653,9.84799
2025-04-10 23:00:00,9.84844,9.87558,9.84836,9.87384
2025-04-10 23:30:00,9.87393,9.87554,9.83485,9.84353
2025-04-11 00:00:00,9.85484,9.85491,9.84064,9.84819
2025-04-11 00:30:00,9.84905,9.86171,9.83788,9.85021
2025-04-11 01:00:00,9.84846,9.8627,9.82989,9.84326
2025-04-11 01:30:00,9.83947,9.84987,9.82881,9.835
2025-04-11 02:00:00,9.834,9.85957,9.82517,9.84704
2025-04-11 02:30:00,9.84699,9.85762,9.82356,9.82824
2025-04-11 03:00:00,9.82776,9.83408,9.81185,9.81766
2025-04-11 03:30:00,9.81779,9.81927,9.71575,9.79943
2025-04-11 04:00:00,9.79905,9.82754,9.77517,9.78303
2025-04-11 04:30:00,9.78363,9.81109,9.77202,9.79355
2025-04-11 05:00:00,9.79224,9.7939,9.77647,9.78942
2025-04-11 05:30:00,9.7894,9.80093,9.78475,9.7898
2025-04-11 06:00:00,9.7898,9.7898,9.75731,9.76046
2025-04-11 06:30:00,9.76131,9.76253,9.73306,9.74568
2025-04-11 07:00:00,9.74629,9.78435,9.74277,9.78256
2025-04-11 07:30:00,9.78033,9.78372,9.76593,9.77289
2025-04-11 08:00:00,9.77222,9.79311,9.77003,9.78375
2025-04-11 08:30:00,9.7837,9.82381,9.78274,9.80138
2025-04-11 09:00:00,9.80224,9.82494,9.78882,9.80863
2025-04-11 09:30:00,9.80878,9.84171,9.78241,9.8322
2025-04-11 10:00:00,9.81735,9.86904,9.7782,9.79981
2025-04-11 10:30:00,9.79996,9.82726,9.78487,9.79993
2025-04-11 11:00:00,9.79997,9.80714,9.75666,9.79098
2025-04-11 11:30:00,9.79073,9.79419,9.70348,9.72927
2025-04-11 12:00:00,9.72958,9.77116,9.71448,9.72243
2025-04-11 12:30:00,9.72242,9.73961,9.69121,9.73945
2025-04-11 13:00:00,9.74011,9.79353,9.74011,9.79105
2025-04-11 13:30:00,9.78978,9.82357,9.78338,9.79643
2025-04-11 14:00:00,9.79644,9.82911,9.78092,9.80236
2025-04-11 14:30:00,9.8022,9.81631,9.78861,9.80731
2025-04-11 15:00:00,9.80933,9.81025,9.77104,9.78603
2025-04-11 15:30:00,9.78508,9.7875,9.73218,9.74328
2025-04-11 16:00:00,9.74308,9.79824,9.73941,9.77937
2025-04-11 16:30:00,9.77935,9.8388,9.76993,9.78532
2025-04-11 17:00:00,9.77871,9.81287,9.75983,9.8085
2025-04-11 17:30:00,9.80843,9.91339,9.80472,9.89714
2025-04-11 18:00:00,9.89709,9.89802,9.80341,9.82359
2025-04-11 18:30:00,9.82436,9.83242,9.8062,9.82005
2025-04-11 19:00:00,9.82062,9.87725,9.77338,9.8445
2025-04-11 19:30:00,9.84402,9.84561,9.80889,9.83402
2025-04-11 20:00:00,9.83334,9.83913,9.80284,9.80433
2025-04-11 20:30:00,9.80421,9.83502,9.7894,9.83085
2025-04-11 21:00:00,9.8309,9.83268,9.79282,9.7958
2025-04-11 21:30:00,9.79607,9.80844,9.78139,9.78999
2025-04-11 22:00:00,9.7905,9.80067,9.76829,9.77168
2025-04-11 22:30:00,9.76938,9.78057,9.76241,9.77319
2025-04-11 23:00:00,9.77117,9.78466,9.75712,9.7655
2025-04-11 23:30:00,9.7657,9.76924,9.73031,9.75052
2025-04-14 00:00:00,9.76967,9.7744,9.76077,9.77073
2025-04-14 00:30:00,9.77072,9.77281,9.75953,9.76247
2025-04-14 01:00:00,9.76254,9.76768,9.74677,9.74881
2025-04-14 01:30:00,9.74889,9.75907,9.74471,9.75507
2025-04-14 02:00:00,9.75217,9.76379,9.74606,9.7552
2025-04-14 02:30:00,9.75571,9.76768,9.74719,9.76424
2025-04-14 03:00:00,9.76446,9.77729,9.75334,9.76982
2025-04-14 03:30:00,9.77039,9.78409,9.75822,9.771
2025-04-14 04:00:00,9.76952,9.7741,9.74534,9.74871
2025-04-14 04:30:00,9.74858,9.76206,9.72689,9.7595
2025-04-14 05:00:00,9.76074,9.76362,9.74516,9.75666
2025-04-14 05:30:00,9.75632,9.7678,9.71777,9.73623
2025-04-14 06:00:00,9.73574,9.75448,9.72289,9.75045
2025-04-14 06:30:00,9.75052,9.76474,9.74709,9.75301
2025-04-14 07:00:00,9.75285,9.76482,9.74352,9.75503
2025-04-14 07:30:00,9.75488,9.76238,9.74366,9.75571
2025-04-14 08:00:00,9.75568,9.76822,9.74491,9.74514
2025-04-14 08:30:00,9.74534,9.7589,9.73849,9.74407
2025-04-14 09:00:00,9.74326,9.75009,9.71236,9.72739
2025-04-14 09:30:00,9.72733,9.73427,9.67767,9.69714
2025-04-14 10:00:00,9.69674,9.72601,9.6891,9.70672
2025-04-14 10:30:00,9.70678,9.71029,9.68142,9.68451
2025-04-14 11:00:00,9.68448,9.69053,9.67153,9.68255
2025-04-14 11:30:00,9.68253,9.69844,9.67601,9.69044
2025-04-14 12:00:00,9.69051,9.69127,9.66617,9.67687
2025-04-14 12:30:00,9.67693,9.67693,9.65156,9.6539
2025-04-14 13:00:00,9.65391,9.68745,9.65088,9.67062
2025-04-14 13:30:00,9.67056,9.67057,9.65093,9.65567
2025-04-14 14:00:00,9.65567,9.66384,9.65109,9.66225
2025-04-14 14:30:00,9.66224,9.68061,9.6401,9.66802
2025-04-14 15:00:00,9.66803,9.68688,9.66479,9.67973
2025-04-14 15:30:00,9.67949,9.68852,9.65489,9.68556
2025-04-14 16:00:00,9.68529,9.73595,9.68395,9.73018
2025-04-14 16:30:00,9.73034,9.76044,9.70996,9.75125
2025-04-14 17:00:00,9.7513,9.75238,9.68449,9.68623
2025-04-14 17:30:00,9.68619,9.70632,9.66521,9.68946
2025-04-14 18:00:00,9.68959,9.72611,9.68042,9.71549
2025-04-14 18:30:00,9.71552,9.7801,9.71472,9.77529
2025-04-14 19:00:00,9.77487,9.79187,9.7641,9.78552
2025-04-14 19:30:00,9.78536,9.80234,9.76523,9.80232
2025-04-14 20:00:00,9.80109,9.80178,9.77408,9.78625
2025-04-14 20:30:00,9.78595,9.7915,9.77731,9.78443
2025-04-14 21:00:00,9.78441,9.78575,9.76672,9.76927
2025-04-14 21:30:00,9.76915,9.77335,9.75852,9.76076
2025-04-14 22:00:00,9.76064,9.76253,9.74713,9.74961
2025-04-14 22:30:00,9.74929,9.7839,9.74678,9.77378
2025-04-14 23:00:00,9.77374,9.78612,9.76705,9.77507
2025-04-14 23:30:00,9.77464,9.78492,9.74856,9.76165
2025-04-15 00:00:00,9.77996,9.78903,9.7552,9.78457
2025-04-15 00:30:00,9.78662,9.78662,9.75446,9.75707
2025-04-15 01:00:00,9.75843,9.77618,9.74676,9.76699
2025-04-15 01:30:00,9.76697,9.77308,9.75574,9.76429
2025-04-15 02:00:00,9.76425,9.78032,9.76092,9.77231
2025-04-15 02:30:00,9.77222,9.78694,9.76733,9.78003
2025-04-15 03:00:00,9.78277,9.79257,9.77874,9.79018
2025-04-15 03:30:00,9.78976,9.79836,9.78152,9.78584
2025-04-15 04:00:00,9.78584,9.78659,9.77994,9.78496
2025-04-15 04:30:00,9.78498,9.79418,9.78436,9.7854
2025-04-15 05:00:00,9.78507,9.78569,9.77296,9.7742
2025-04-15 05:30:00,9.77457,9.77651,9.764,9.76641
2025-04-15 06:00:00,9.76666,9.77236,9.76228,9.76688
2025-04-15 06:30:00,9.76674,9.76836,9.76293,9.76807
2025-04-15 07:00:00,9.76802,9.77052,9.75724,9.76013
2025-04-15 07:30:00,9.76016,9.76328,9.75236,9.75709
2025-04-15 08:00:00,9.75691,9.75972,9.74066,9.74918
2025-04-15 08:30:00,9.74919,9.75842,9.74573,9.75721
2025-04-15 09:00:00,9.75698,9.76182,9.73265,9.74964
2025-04-15 09:30:00,9.74965,9.76531,9.74401,9.75545
2025-04-15 10:00:00,9.75543,9.78033,9.73762,9.75352
2025-04-15 10:30:00,9.75351,9.76167,9.72135,9.73756
2025-04-15 11:00:00,9.73737,9.739,9.72129,9.73659
2025-04-15 11:30:00,9.73653,9.75197,9.71394,9.73391
2025-04-15 12:00:00,9.73386,9.75214,9.72954,9.73963
2025-04-15 12:30:00,9.73961,9.76402,9.73042,9.76363
2025-04-15 13:00:00,9.76367,9.77486,9.75712,9.75905
2025-04-15 13:30:00,9.75901,9.76959,9.7551,9.75685
2025-04-15 14:00:00,9.75684,9.77489,9.75658,9.77046
2025-04-15 14:30:00,9.77043,9.78144,9.76371,9.76414
2025-04-15 15:00:00,9.7638,9.76977,9.75756,9.76308
2025-04-15 15:30:00,9.76167,9.79979,9.76091,9.7944
2025-04-15 16:00:00,9.79463,9.80317,9.78096,9.79803
2025-04-15 16:30:00,9.798,9.81739,9.79268,9.808
2025-04-15 17:00:00,9.80801,9.8482,9.80275,9.82421
2025-04-15 17:30:00,9.82367,9.82607,9.79817,9.81427
2025-04-15 18:00:00,9.8145,9.8613,9.8098,9.84268
2025-04-15 18:30:00,9.84136,9.86896,9.83979,9.85924
2025-04-15 19:00:00,9.85901,9.87245,9.85543,9.86991
2025-04-15 19:30:00,9.86936,9.90149,9.86851,9.90092
2025-04-15 20:00:00,9.90089,9.9058,9.89159,9.89784
2025-04-15 20:30:00,9.89776,9.91895,9.89334,9.9155
2025-04-15 21:00:00,9.91512,9.92179,9.89425,9.89706
2025-04-15 21:30:00,9.89694,9.89989,9.88905,9.8902
2025-04-15 22:00:00,9.89014,9.89139,9.8756,9.87951
2025-04-15 22:30:00,9.87932,9.88537,9.86861,9.87415
2025-04-15 23:00:00,9.87342,9.87342,9.86374,9.865
2025-04-15 23:30:00,9.86513,9.86958,9.86191,9.86532
2025-04-16 00:00:00,9.86347,9.87136,9.86196,9.86501
2025-04-16 00:30:00,9.86499,9.87673,9.86024,9.86344
2025-04-16 01:00:00,9.86261,9.87472,9.85749,9.86824
2025-04-16 01:30:00,9.86808,9.87093,9.85968,9.8656
2025-04-16 02:00:00,9.86513,9.88383,9.86146,9.87364
2025-04-16 02:30:00,9.8737,9.87424,9.86298,9.87118
2025-04-16 03:00:00,9.87161,9.875,9.84721,9.85096
2025-04-16 03:30:00,9.85062,9.86231,9.83789,9.85455
2025-04-16 04:00:00,9.855,9.86376,9.84843,9.86315
2025-04-16 04:30:00,9.86326,9.86788,9.85803,9.86546
2025-04-16 05:00:00,9.86514,9.86722,9.84627,9.84834
2025-04-16 05:30:00,9.84865,9.85441,9.84424,9.84763
2025-04-16 06:00:00,9.8475,9.85578,9.84113,9.84308
2025-04-16 06:30:00,9.84333,9.84526,9.83656,9.83775
2025-04-16 07:00:00,9.83768,9.85292,9.83656,9.85009
2025-04-16 07:30:00,9.85004,9.85347,9.83574,9.83919
2025-04-16 08:00:00,9.83923,9.84507,9.83573,9.84158
2025-04-16 08:30:00,9.84093,9.84874,9.81846,9.82196
2025-04-16 09:00:00,9.82106,9.85344,9.82066,9.83756
2025-04-16 09:30:00,9.83751,9.84208,9.81716,9.83159
2025-04-16 10:00:00,9.83176,9.83675,9.81095,9.81719
2025-04-16 10:30:00,9.81707,9.83942,9.81096,9.81096
2025-04-16 11:00:00,9.81093,9.8171,9.79758,9.79763
2025-04-16 11:30:00,9.79794,9.81405,9.79013,9.80151
2025-04-16 12:00:00,9.79553,9.8166,9.79553,9.81458
2025-04-16 12:30:00,9.81459,9.83104,9.80152,9.8191
2025-04-16 13:00:00,9.81924,9.83061,9.80244,9.82195
2025-04-16 13:30:00,9.82195,9.82559,9.8036,9.81258
2025-04-16 14:00:00,9.81312,9.82874,9.80605,9.81436
2025-04-16 14:30:00,9.81452,9.8403,9.80716,9.82849
2025-04-16 15:00:00,9.82851,9.83402,9.81411,9.81719
2025-04-16 15:30:00,9.81596,9.83309,9.80578,9.81626
2025-04-16 16:00:00,9.81497,9.815,9.78869,9.79103
2025-04-16 16:30:00,9.79096,9.80693,9.77618,9.77717
2025-04-16 17:00:00,9.77628,9.81139,9.75257,9.79554
2025-04-16 17:30:00,9.79516,9.80688,9.77242,9.77431
2025-04-16 18:00:00,9.77455,9.77997,9.76102,9.77314
2025-04-16 18:30:00,9.7731,9.7731,9.74997,9.75388
2025-04-16 19:00:00,9.754,9.77211,9.74514,9.76861
2025-04-16 19:30:00,9.76811,9.77408,9.7493,9.7654
2025-04-16 20:00:00,9.76473,9.78489,9.76068,9.76299
2025-04-16 20:30:00,9.76328,9.78124,9.74921,9.77385
2025-04-16 21:00:00,9.77332,9.78837,9.76655,9.77328
2025-04-16 21:30:00,9.77181,9.7738,9.75432,9.76178
2025-04-16 22:00:00,9.76193,9.76359,9.73831,9.74561
2025-04-16 22:30:00,9.74515,9.75871,9.74454,9.75712
2025-04-16 23:00:00,9.75712,9.76652,9.75519,9.75638
2025-04-16 23:30:00,9.75648,9.75902,9.74471,9.74471
2025-04-17 00:00:00,9.74686,9.74867,9.71357,9.73056
2025-04-17 00:30:00,9.73057,9.75319,9.71956,9.73808
2025-04-17 01:00:00,9.73739,9.74899,9.71368,9.74391
2025-04-17 01:30:00,9.74392,9.7453,9.70758,9.74105
2025-04-17 02:00:00,9.74051,9.75378,9.70348,9.7407
2025-04-17 02:30:00,9.74068,9.75344,9.70119,9.7492
2025-04-17 03:00:00,9.7494,9.76334,9.74885,9.76
2025-04-17 03:30:00,9.75998,9.77113,9.75681,9.76868
2025-04-17 04:00:00,9.7686,9.78241,9.7686,9.77727
2025-04-17 04:30:00,9.77702,9.7834,9.7745,9.77744
2025-04-17 05:00:00,9.77741,9.77809,9.76823,9.77239
2025-04-17 05:30:00,9.7724,9.77405,9.76229,9.76621
2025-04-17 06:00:00,9.76629,9.77687,9.76188,9.77591
2025-04-17 06:30:00,9.77586,9.79423,9.77473,9.78909
2025-04-17 07:00:00,9.78907,9.79436,9.78746,9.78892
2025-04-17 07:30:00,9.78887,9.7977,9.78623,9.7965
2025-04-17 08:00:00,9.79696,9.80666,9.79289,9.80625
2025-04-17 08:30:00,9.80627,9.82128,9.80584,9.80714
2025-04-17 09:00:00,9.80691,9.8175,9.79627,9.80128
2025-04-17 09:30:00,9.80131,9.809,9.76876,9.78231
2025-04-17 10:00:00,9.78239,9.80672,9.76481,9.78617
2025-04-17 10:30:00,9.78621,9.78743,9.73985,9.75037
2025-04-17 11:00:00,9.7504,9.75848,9.73042,9.74738
2025-04-17 11:30:00,9.74735,9.7543,9.72496,9.74207
2025-04-17 12:00:00,9.74216,9.75541,9.72305,9.72968
2025-04-17 12:30:00,9.72967,9.74678,9.71966,9.72684
2025-04-17 13:00:00,9.72685,9.74214,9.72336,9.72426
2025-04-17 13:30:00,9.72425,9.7247,9.7003,9.7003
2025-04-17 14:00:00,9.69969,9.70446,9.69095,9.70316
2025-04-17 14:30:00,9.70317,9.72171,9.70101,9.71647
2025-04-17 15:00:00,9.71649,9.7329,9.6999,9.71337
2025-04-17 15:30:00,9.71281,9.72191,9.67469,9.67498
2025-04-17 16:00:00,9.6753,9.68329,9.65622,9.66016
2025-04-17 16:30:00,9.6592,9.66284,9.64512,9.65737
2025-04-17 17:00:00,9.65728,9.66592,9.61515,9.62774
2025-04-17 17:30:00,9.62798,9.65971,9.62432,9.64472
2025-04-17 18:00:00,9.64478,9.64912,9.61869,9.62012
2025-04-17 18:30:00,9.62012,9.63673,9.61768,9.63403
2025-04-17 19:00:00,9.63406,9.63881,9.61982,9.63671
2025-04-17 19:30:00,9.63678,9.64831,9.6223,9.62815
2025-04-17 20:00:00,9.62812,9.63331,9.62242,9.62992
2025-04-17 20:30:00,9.62985,9.63606,9.62785,9.63207
2025-04-17 21:00:00,9.63205,9.63925,9.62317,9.63042
2025-04-17 21:30:00,9.63057,9.63264,9.61363,9.61664
2025-04-17 22:00:00,9.61666,9.62093,9.61464,9.61627
2025-04-17 22:30:00,9.61612,9.62049,9.6114,9.61936
2025-04-17 23:00:00,9.61908,9.62301,9.61616,9.62244
2025-04-17 23:30:00,9.62247,9.62507,9.60496,9.60496
2025-04-18 00:00:00,9.60122,9.61891,9.59895,9.60446
2025-04-18 00:30:00,9.60451,9.6111,9.60056,9.60342
2025-04-18 01:00:00,9.60518,9.61463,9.60129,9.60711
2025-04-18 01:30:00,9.60805,9.61517,9.60423,9.61021
2025-04-18 02:00:00,9.60884,9.61434,9.60206,9.60639
2025-04-18 02:30:00,9.60672,9.61828,9.60672,9.60827
2025-04-18 03:00:00,9.60792,9.6176,9.59765,9.5982
2025-04-18 03:30:00,9.59841,9.62557,9.59666,9.61424
2025-04-18 04:00:00,9.61524,9.61935,9.60674,9.60978
2025-04-18 04:30:00,9.60859,9.61392,9.60484,9.6087
2025-04-18 05:00:00,9.60821,9.6165,9.6052,9.61472
2025-04-18 05:30:00,9.61487,9.61745,9.61043,9.61457
2025-04-18 06:00:00,9.61441,9.61849,9.60993,9.61451
2025-04-18 06:30:00,9.61245,9.61861,9.61007,9.61589
2025-04-18 07:00:00,9.61599,9.6195,9.61082,9.61389
2025-04-18 07:30:00,9.61373,9.62085,9.60931,9.61907
2025-04-18 08:00:00,9.61898,9.62054,9.61248,9.61487
2025-04-18 08:30:00,9.61475,9.62553,9.61459,9.62015
2025-04-18 09:00:00,9.62022,9.62381,9.61457,9.62346
2025-04-18 09:30:00,9.6234,9.63708,9.61895,9.63646
2025-04-18 10:00:00,9.63542,9.63848,9.62063,9.6288
2025-04-18 10:30:00,9.62809,9.63013,9.62331,9.62615
2025-04-18 11:00:00,9.62561,9.62881,9.62331,9.62706
2025-04-18 11:30:00,9.62714,9.62878,9.62213,9.62474
2025-04-18 12:00:00,9.62435,9.62787,9.62295,9.62673
2025-04-18 12:30:00,9.62697,9.62777,9.62136,9.62657
2025-04-18 13:00:00,9.62636,9.62712,9.6179,9.61977
2025-04-18 13:30:00,9.61964,9.6207,9.61522,9.61665
2025-04-18 14:00:00,9.6166,9.6183,9.61254,9.61723
2025-04-18 14:30:00,9.61739,9.63057,9.61567,9.63022
2025-04-18 15:00:00,9.63025,9.63033,9.60897,9.61071
2025-04-18 15:30:00,9.61103,9.61928,9.60743,9.61448
2025-04-18 16:00:00,9.61526,9.62007,9.60306,9.60986
2025-04-18 16:30:00,9.60987,9.62695,9.60323,9.61766
2025-04-18 17:00:00,9.61753,9.62666,9.60904,9.62323
2025-04-18 17:30:00,9.62355,9.62377,9.61091,9.61242
2025-04-18 18:00:00,9.61214,9.63949,9.61141,9.63624
2025-04-18 18:30:00,9.63384,9.64118,9.63302,9.63839
2025-04-18 19:00:00,9.63843,9.64425,9.63215,9.63694
2025-04-18 19:30:00,9.63779,9.6427,9.63164,9.63637
2025-04-18 20:00:00,9.63702,9.64029,9.62881,9.63829
2025-04-18 20:30:00,9.63564,9.63986,9.62793,9.63212
2025-04-18 21:00:00,9.63153,9.63253,9.61495,9.61786
2025-04-18 21:30:00,9.6179,9.62746,9.61471,9.62349
2025-04-18 22:00:00,9.62373,9.62696,9.61419,9.61907
2025-04-18 22:30:00,9.61926,9.6242,9.59884,9.62379
2025-04-18 23:00:00,9.62369,9.63167,9.61632,9.62211
2025-04-18 23:30:00,9.62204,9.62844,9.58907,9.59743
2025-04-21 00:00:00,9.59092,9.60268,9.57883,9.57898
2025-04-21 00:30:00,9.57903,9.58498,9.56576,9.57576
2025-04-21 01:00:00,9.57556,9.5977,9.55164,9.57399
2025-04-21 01:30:00,9.57305,9.59036,9.55921,9.56876
2025-04-21 02:00:00,9.56942,9.58771,9.55445,9.56731
2025-04-21 02:30:00,9.56732,9.56765,9.54381,9.55225
2025-04-21 03:00:00,9.55277,9.55309,9.53578,9.53908
2025-04-21 03:30:00,9.53925,9.55542,9.5272,9.55415
2025-04-21 04:00:00,9.55423,9.56021,9.55007,9.55921
2025-04-21 04:30:00,9.55917,9.5686,9.55652,9.5577
2025-04-21 05:00:00,9.55756,9.56077,9.54205,9.55066
2025-04-21 05:30:00,9.55057,9.55952,9.54046,9.54708
2025-04-21 06:00:00,9.54738,9.54738,9.53715,9.54101
2025-04-21 06:30:00,9.5408,9.54177,9.52852,9.53731
2025-04-21 07:00:00,9.53729,9.55041,9.53255,9.53323
2025-04-21 07:30:00,9.53303,9.53659,9.51976,9.52077
2025-04-21 08:00:00,9.51978,9.52146,9.49705,9.50113
2025-04-21 08:30:00,9.50063,9.51861,9.48992,9.5156
2025-04-21 09:00:00,9.51638,9.54586,9.51233,9.52145
2025-04-21 09:30:00,9.52129,9.53879,9.51645,9.52683
2025-04-21 10:00:00,9.52741,9.53626,9.51781,9.51795
2025-04-21 10:30:00,9.51794,9.52076,9.47975,9.49208
2025-04-21 11:00:00,9.49207,9.51268,9.49188,9.50544
2025-04-21 11:30:00,9.50637,9.51193,9.47936,9.48646
2025-04-21 12:00:00,9.4859,9.49558,9.47751,9.49483
2025-04-21 12:30:00,9.49485,9.50664,9.48705,9.50515
2025-04-21 13:00:00,9.50509,9.51906,9.5049,9.51479
2025-04-21 13:30:00,9.51477,9.52141,9.50321,9.51236
2025-04-21 14:00:00,9.51236,9.51692,9.49979,9.50269
2025-04-21 14:30:00,9.50201,9.50403,9.4973,9.49746
2025-04-21 15:00:00,9.49748,9.50219,9.48206,9.50191
2025-04-21 15:30:00,9.50217,9.5069,9.47378,9.47457
2025-04-21 16:00:00,9.47432,9.51758,9.47413,9.5162
2025-04-21 16:30:00,9.51616,9.52616,9.50226,9.51019
2025-04-21 17:00:00,9.50959,9.53573,9.49815,9.51511
2025-04-21 17:30:00,9.51465,9.5525,9.51064,9.54807
2025-04-21 18:00:00,9.54808,9.56091,9.54089,9.54603
2025-04-21 18:30:00,9.54608,9.54738,9.53732,9.54307
2025-04-21 19:00:00,9.54277,9.54923,9.53751,9.5436
2025-04-21 19:30:00,9.54319,9.54782,9.53755,9.5413
2025-04-21 20:00:00,9.53968,9.55905,9.53968,9.5582
2025-04-21 20:30:00,9.55805,9.55882,9.5394,9.5409
2025-04-21 21:00:00,9.54099,9.54488,9.52923,9.53495
2025-04-21 21:30:00,9.53486,9.53603,9.52431,9.53117
2025-04-21 22:00:00,9.53136,9.53249,9.52274,9.53074
2025-04-21 22:30:00,9.53022,9.53435,9.52505,9.52855
2025-04-21 23:00:00,9.52865,9.53357,9.5243,9.53192
2025-04-21 23:30:00,9.53161,9.53447,9.50302,9.50454
2025-04-22 00:00:00,9.5193,9.52375,9.50226,9.51436
2025-04-22 00:30:00,9.51446,9.52356,9.50081,9.51094
2025-04-22 01:00:00,9.51095,9.52416,9.49848,9.50675
2025-04-22 01:30:00,9.51347,9.52091,9.49808,9.514
2025-04-22 02:00:00,9.51404,9.52281,9.50233,9.51671
2025-04-22 02:30:00,9.51776,9.52821,9.50221,9.51843
2025-04-22 03:00:00,9.51842,9.53438,9.51842,9.52731
2025-04-22 03:30:00,9.52704,9.54052,9.52509,9.52575
2025-04-22 04:00:00,9.52583,9.52916,9.51115,9.52429
2025-04-22 04:30:00,9.52457,9.52867,9.51704,9.5219
2025-04-22 05:00:00,9.52189,9.52331,9.51078,9.51838
2025-04-22 05:30:00,9.5183,9.53229,9.51633,9.52043
2025-04-22 06:00:00,9.52063,9.52188,9.49016,9.4938
2025-04-22 06:30:00,9.49366,9.49882,9.48848,9.49424
2025-04-22 07:00:00,9.49421,9.49773,9.48869,9.49517
2025-04-22 07:30:00,9.49511,9.50733,9.48947,9.50625
2025-04-22 08:00:00,9.50603,9.51897,9.4919,9.49387
2025-04-22 08:30:00,9.49217,9.51286,9.47335,9.48949
2025-04-22 09:00:00,9.48866,9.51375,9.4795,9.51087
2025-04-22 09:30:00,9.5109,9.54248,9.51048,9.53579
2025-04-22 10:00:00,9.53466,9.54622,9.52061,9.54121
2025-04-22 10:30:00,9.54164,9.5779,9.5358,9.56525
2025-04-22 11:00:00,9.56524,9.58413,9.55909,9.56285
2025-04-22 11:30:00,9.56284,9.56677,9.54326,9.54688
2025-04-22 12:00:00,9.54713,9.55534,9.50342,9.50919
2025-04-22 12:30:00,9.50918,9.51437,9.48806,9.4916
2025-04-22 13:00:00,9.49158,9.49373,9.47192,9.49051
2025-04-22 13:30:00,9.4905,9.50694,9.48752,9.5067
2025-04-22 14:00:00,9.50686,9.52833,9.50637,9.52104
2025-04-22 14:30:00,9.52105,9.52256,9.50002,9.50895
2025-04-22 15:00:00,9.5091,9.53737,9.49713,9.53583
2025-04-22 15:30:00,9.53562,9.54019,9.52279,9.53039
2025-04-22 16:00:00,9.53022,9.53296,9.51547,9.52166
2025-04-22 16:30:00,9.52158,9.52236,9.49543,9.51373
2025-04-22 17:00:00,9.51421,9.5237,9.50635,9.5176
2025-04-22 17:30:00,9.5176,9.52267,9.49977,9.51472
2025-04-22 18:00:00,9.51469,9.51567,9.46838,9.4813
2025-04-22 18:30:00,9.48133,9.502,9.4695,9.50063
2025-04-22 19:00:00,9.49971,9.52096,9.49014,9.5116
2025-04-22 19:30:00,9.51156,9.53693,9.50954,9.53595
2025-04-22 20:00:00,9.53451,9.54288,9.50559,9.54213
2025-04-22 20:30:00,9.54174,9.55177,9.52991,9.53424
2025-04-22 21:00:00,9.53422,9.54535,9.53228,9.53986
2025-04-22 21:30:00,9.53987,9.56134,9.53334,9.55246
2025-04-22 22:00:00,9.55278,9.56101,9.54894,9.55591
2025-04-22 22:30:00,9.55663,9.57668,9.55112,9.57175
2025-04-22 23:00:00,9.57205,9.5754,9.56332,9.57363
2025-04-22 23:30:00,9.57358,9.57522,9.54316,9.54316
2025-04-23 00:00:00,9.55241,9.56739,9.54529,9.55444
2025-04-23 00:30:00,9.54703,9.66261,9.54703,9.59998
2025-04-23 01:00:00,9.6003,9.64332,9.59725,9.63958
2025-04-23 01:30:00,9.6394,9.65563,9.61408,9.6221
2025-04-23 02:00:00,9.62203,9.64508,9.6071,9.61462
2025-04-23 02:30:00,9.61445,9.62564,9.60213,9.61244
2025-04-23 03:00:00,9.61312,9.63505,9.60387,9.61335
2025-04-23 03:30:00,9.61329,9.61358,9.584,9.58531
2025-04-23 04:00:00,9.58505,9.59614,9.58138,9.5867
2025-04-23 04:30:00,9.5865,9.58707,9.56392,9.56999
2025-04-23 05:00:00,9.56989,9.57998,9.56556,9.57753
2025-04-23 05:30:00,9.57787,9.58439,9.56609,9.56753
2025-04-23 06:00:00,9.5679,9.59228,9.5673,9.58699
2025-04-23 06:30:00,9.58708,9.59492,9.57826,9.58575
2025-04-23 07:00:00,9.58592,9.59549,9.58026,9.58387
2025-04-23 07:30:00,9.58382,9.5849,9.55762,9.56446
2025-04-23 08:00:00,9.56467,9.56711,9.55746,9.56507
2025-04-23 08:30:00,9.56479,9.58701,9.56108,9.5815
2025-04-23 09:00:00,9.5816,9.58432,9.54468,9.55398
2025-04-23 09:30:00,9.55335,9.57997,9.55239,9.56791
2025-04-23 10:00:00,9.56774,9.58655,9.56004,9.56123
2025-04-23 10:30:00,9.56185,9.58839,9.54629,9.57557
2025-04-23 11:00:00,9.57516,9.61455,9.57386,9.57998
2025-04-23 11:30:00,9.58014,9.59344,9.55465,9.55843
2025-04-23 12:00:00,9.5583,9.57369,9.5347,9.56629
2025-04-23 12:30:00,9.56625,9.56802,9.55462,9.56801
2025-04-23 13:00:00,9.56807,9.58547,9.55753,9.5834
2025-04-23 13:30:00,9.58351,9.59197,9.57176,9.58507
2025-04-23 14:00:00,9.58511,9.60208,9.58185,9.58432
2025-04-23 14:30:00,9.58431,9.58432,9.56972,9.57993
2025-04-23 15:00:00,9.57994,9.60901,9.57563,9.60891
2025-04-23 15:30:00,9.60876,9.60879,9.57961,9.58848
2025-04-23 16:00:00,9.58854,9.59661,9.57684,9.58787
2025-04-23 16:30:00,9.58792,9.62398,9.54581,9.62398
2025-04-23 17:00:00,9.62239,9.63035,9.59727,9.61866
2025-04-23 17:30:00,9.61879,9.62672,9.58422,9.61552
2025-04-23 18:00:00,9.61476,9.65343,9.61111,9.62463
2025-04-23 18:30:00,9.62445,9.66305,9.62156,9.65942
2025-04-23 19:00:00,9.65839,9.66838,9.64393,9.66205
2025-04-23 19:30:00,9.66198,9.68894,9.65544,9.67966
2025-04-23 20:00:00,9.67967,9.69628,9.66673,9.69491
2025-04-23 20:30:00,9.69498,9.70581,9.68499,9.69622
2025-04-23 21:00:00,9.69768,9.70441,9.68822,9.70053
2025-04-23 21:30:00,9.70029,9.70673,9.69536,9.69922
2025-04-23 22:00:00,9.69944,9.70272,9.6888,9.69121
2025-04-23 22:30:00,9.69094,9.70283,9.68927,9.69111
2025-04-23 23:00:00,9.6913,9.71384,9.69033,9.70871
2025-04-23 23:30:00,9.70879,9.71178,9.67495,9.67609
2025-04-24 00:00:00,9.67603,9.68676,9.66662,9.68672
2025-04-24 00:30:00,9.68682,9.68904,9.67781,9.67949
2025-04-24 01:00:00,9.67898,9.6869,9.65992,9.66929
2025-04-24 01:30:00,9.66983,9.67829,9.66196,9.67512
2025-04-24 02:00:00,9.67371,9.68235,9.66771,9.68075
2025-04-24 02:30:00,9.68077,9.68942,9.67395,9.68744
2025-04-24 03:00:00,9.68709,9.6921,9.67737,9.67873
2025-04-24 03:30:00,9.67872,9.68568,9.66908,9.67195
2025-04-24 04:00:00,9.67213,9.67342,9.65552,9.65786
2025-04-24 04:30:00,9.65812,9.66525,9.65523,9.66381
2025-04-24 05:00:00,9.66347,9.677,9.66132,9.66258
2025-04-24 05:30:00,9.66249,9.66952,9.65849,9.66491
2025-04-24 06:00:00,9.66504,9.6742,9.66334,9.67087
2025-04-24 06:30:00,9.67088,9.68112,9.66877,9.67853
2025-04-24 07:00:00,9.67871,9.6857,9.67501,9.68229
2025-04-24 07:30:00,9.68229,9.68575,9.67764,9.68565
2025-04-24 08:00:00,9.68564,9.68974,9.68464,9.68515
2025-04-24 08:30:00,9.68515,9.69336,9.67931,9.6861
2025-04-24 09:00:00,9.68613,9.68674,9.66267,9.66786
2025-04-24 09:30:00,9.66806,9.67655,9.65102,9.66216
2025-04-24 10:00:00,9.66247,9.66445,9.63823,9.64259
2025-04-24 10:30:00,9.64226,9.65536,9.63944,9.64728
2025-04-24 11:00:00,9.64718,9.65427,9.6338,9.64569
2025-04-24 11:30:00,9.6457,9.64695,9.62609,9.63082
2025-04-24 12:00:00,9.6309,9.63346,9.60188,9.61338
2025-04-24 12:30:00,9.6134,9.63556,9.61217,9.61778
2025-04-24 13:00:00,9.61783,9.62132,9.59102,9.59699
2025-04-24 13:30:00,9.59697,9.60106,9.57937,9.59694
2025-04-24 14:00:00,9.59694,9.59913,9.58124,9.58912
2025-04-24 14:30:00,9.58908,9.60357,9.58769,9.59858
2025-04-24 15:00:00,9.59848,9.60234,9.57878,9.57878
2025-04-24 15:30:00,9.57852,9.59758,9.57572,9.59692
2025-04-24 16:00:00,9.59729,9.60013,9.57399,9.58237
2025-04-24 16:30:00,9.58172,9.59987,9.57952,9.58412
2025-04-24 17:00:00,9.58412,9.58848,9.56592,9.56827
2025-04-24 17:30:00,9.56836,9.61556,9.56359,9.59988
2025-04-24 18:00:00,9.599,9.621,9.59728,9.61091
2025-04-24 18:30:00,9.61097,9.62155,9.604,9.61263
2025-04-24 19:00:00,9.61248,9.62297,9.6028,9.61123
2025-04-24 19:30:00,9.61103,9.61404,9.59419,9.59768
2025-04-24 20:00:00,9.59757,9.60464,9.59115,9.60043
2025-04-24 20:30:00,9.6004,9.6074,9.59793,9.60628
2025-04-24 21:00:00,9.60635,9.60928,9.59935,9.60702
2025-04-24 21:30:00,9.60684,9.60733,9.59182,9.59539
2025-04-24 22:00:00,9.59534,9.59636,9.58673,9.58804
2025-04-24 22:30:00,9.58806,9.59525,9.5816,9.59315
2025-04-24 23:00:00,9.59322,9.59478,9.58532,9.58556
2025-04-24 23:30:00,9.58535,9.58961,9.58087,9.58193
2025-04-25 00:00:00,9.57635,9.58845,9.57635,9.58381
2025-04-25 00:30:00,9.58365,9.59026,9.56808,9.5822
2025-04-25 01:00:00,9.58161,9.5933,9.57763,9.58436
2025-04-25 01:30:00,9.58494,9.59292,9.57985,9.58803
2025-04-25 02:00:00,9.58688,9.60471,9.58267,9.59687
2025-04-25 02:30:00,9.59699,9.61544,9.5909,9.61386
2025-04-25 03:00:00,9.61371,9.62515,9.61087,9.61903
2025-04-25 03:30:00,9.6187,9.62718,9.61295,9.622
2025-04-25 04:00:00,9.6217,9.62485,9.61312,9.61699
2025-04-25 04:30:00,9.61727,9.62617,9.6144,9.62464
2025-04-25 05:00:00,9.6247,9.62705,9.61774,9.6252
2025-04-25 05:30:00,9.62496,9.63717,9.62204,9.63548
2025-04-25 06:00:00,9.63545,9.63608,9.61527,9.62548
2025-04-25 06:30:00,9.62538,9.64068,9.62454,9.63957
2025-04-25 07:00:00,9.6396,9.64849,9.63331,9.63576
2025-04-25 07:30:00,9.63617,9.63971,9.62653,9.62731
2025-04-25 08:00:00,9.62696,9.62882,9.62062,9.6283
2025-04-25 08:30:00,9.62787,9.64239,9.62558,9.63292
2025-04-25 09:00:00,9.63312,9.64815,9.62668,9.62803
2025-04-25 09:30:00,9.62831,9.62876,9.60496,9.61181
2025-04-25 10:00:00,9.61159,9.63012,9.59425,9.62773
2025-04-25 10:30:00,9.6277,9.6429,9.60387,9.63948
2025-04-25 11:00:00,9.63947,9.65282,9.62531,9.64918
2025-04-25 11:30:00,9.64919,9.66225,9.64218,9.65335
2025-04-25 12:00:00,9.65331,9.67329,9.64507,9.66743
2025-04-25 12:30:00,9.66741,9.70167,9.66275,9.70096
2025-04-25 13:00:00,9.70102,9.70172,9.68045,9.687
2025-04-25 13:30:00,9.687,9.72415,9.68555,9.70992
2025-04-25 14:00:00,9.70994,9.71001,9.68214,9.6872
2025-04-25 14:30:00,9.68715,9.69527,9.66249,9.69116
2025-04-25 15:00:00,9.69126,9.6989,9.68071,9.69342
2025-04-25 15:30:00,9.69338,9.70797,9.6882,9.70564
2025-04-25 16:00:00,9.70555,9.73892,9.69446,9.72711
2025-04-25 16:30:00,9.72716,9.73472,9.69612,9.70191
2025-04-25 17:00:00,9.70112,9.71081,9.68568,9.70618
2025-04-25 17:30:00,9.70635,9.71276,9.67623,9.68493
2025-04-25 18:00:00,9.68491,9.70378,9.68123,9.69264
2025-04-25 18:30:00,9.69307,9.6967,9.6715,9.67335
2025-04-25 19:00:00,9.67332,9.67952,9.67144,9.67472
2025-04-25 19:30:00,9.67448,9.68219,9.67003,9.68155
2025-04-25 20:00:00,9.68155,9.68292,9.66407,9.67866
2025-04-25 20:30:00,9.67836,9.68054,9.66775,9.67159
2025-04-25 21:00:00,9.67186,9.67803,9.66616,9.67688
2025-04-25 21:30:00,9.67666,9.67794,9.66284,9.66718
2025-04-25 22:00:00,9.66729,9.67718,9.66652,9.66883
2025-04-25 22:30:00,9.66883,9.68014,9.66795,9.67494
2025-04-25 23:00:00,9.6749,9.68919,9.66908,9.6861
2025-04-25 23:30:00,9.68577,9.68678,9.67216,9.67812
2025-04-28 00:00:00,9.67647,9.68632,9.66795,9.6701
2025-04-28 00:30:00,9.6706,9.67713,9.6687,9.67443
2025-04-28 01:00:00,9.67408,9.70546,9.67184,9.69826
2025-04-28 01:30:00,9.7021,9.70813,9.68441,9.70028
2025-04-28 02:00:00,9.69945,9.70973,9.68749,9.70119
2025-04-28 02:30:00,9.7012,9.74118,9.67539,9.67818
2025-04-28 03:00:00,9.6839,9.70147,9.6807,9.68192
2025-04-28 03:30:00,9.68184,9.69217,9.68004,9.68923
2025-04-28 04:00:00,9.6891,9.69397,9.68083,9.69349
2025-04-28 04:30:00,9.6935,9.69552,9.68754,9.6939
2025-04-28 05:00:00,9.69439,9.70207,9.6939,9.69951
2025-04-28 05:30:00,9.69954,9.70021,9.68993,9.69736
2025-04-28 06:00:00,9.6973,9.69791,9.68487,9.68655
2025-04-28 06:30:00,9.68698,9.68909,9.6804,9.68461
2025-04-28 07:00:00,9.68459,9.68785,9.68314,9.68493
2025-04-28 07:30:00,9.68487,9.68564,9.67511,9.67535
2025-04-28 08:00:00,9.67528,9.67833,9.66391,9.66506
2025-04-28 08:30:00,9.66492,9.67795,9.66382,9.67436
2025-04-28 09:00:00,9.67437,9.73826,9.67254,9.68319
2025-04-28 09:30:00,9.6832,9.71565,9.67675,9.70957
2025-04-28 10:00:00,9.71013,9.7151,9.70017,9.70438
2025-04-28 10:30:00,9.70435,9.70761,9.67837,9.70333
2025-04-28 11:00:00,9.70332,9.71517,9.69157,9.70932
2025-04-28 11:30:00,9.70933,9.71394,9.68682,9.69634
2025-04-28 12:00:00,9.6973,9.69968,9.6787,9.68043
2025-04-28 12:30:00,9.6804,9.68061,9.66539,9.67287
2025-04-28 13:00:00,9.67302,9.6766,9.65965,9.66375
2025-04-28 13:30:00,9.66379,9.68257,9.65947,9.68175
2025-04-28 14:00:00,9.68174,9.69743,9.67471,9.69259
2025-04-28 14:30:00,9.69233,9.69533,9.68004,9.69251
2025-04-28 15:00:00,9.69187,9.69267,9.65683,9.65823
2025-04-28 15:30:00,9.6582,9.66688,9.65303,9.66115
2025-04-28 16:00:00,9.6612,9.66345,9.65003,9.65089
2025-04-28 16:30:00,9.65092,9.65665,9.63543,9.647
2025-04-28 17:00:00,9.64705,9.65326,9.62559,9.63047
2025-04-28 17:30:00,9.63033,9.6385,9.59631,9.6187
2025-04-28 18:00:00,9.61865,9.6242,9.60425,9.60802
2025-04-28 18:30:00,9.60821,9.62889,9.60364,9.61993
2025-04-28 19:00:00,9.62004,9.6213,9.5998,9.61048
2025-04-28 19:30:00,9.6104,9.6147,9.58693,9.59806
2025-04-28 20:00:00,9.59858,9.59964,9.58389,9.58685
2025-04-28 20:30:00,9.58682,9.60732,9.57968,9.60589
2025-04-28 21:00:00,9.60597,9.60662,9.58257,9.58764
2025-04-28 21:30:00,9.5871,9.59476,9.58607,9.58618
2025-04-28 22:00:00,9.58642,9.5867,9.57194,9.57979
2025-04-28 22:30:00,9.57988,9.5834,9.57281,9.57795
2025-04-28 23:00:00,9.57595,9.58599,9.55784,9.56508
2025-04-28 23:30:00,9.56503,9.57414,9.56467,9.56819
2025-04-29 00:00:00,9.57264,9.58482,9.56853,9.56866
2025-04-29 00:30:00,9.56878,9.58048,9.53197,9.57086
2025-04-29 01:00:00,9.5696,9.59554,9.5696,9.59276
2025-04-29 01:30:00,9.59275,9.59347,9.58095,9.58517
2025-04-29 02:00:00,9.58279,9.59153,9.57528,9.58798
2025-04-29 02:30:00,9.58799,9.59678,9.58481,9.5925
2025-04-29 03:00:00,9.59454,9.59733,9.58395,9.59303
2025-04-29 03:30:00,9.59321,9.60537,9.58827,9.60405
2025-04-29 04:00:00,9.60404,9.60448,9.58741,9.59372
2025-04-29 04:30:00,9.59396,9.60353,9.59015,9.5978
2025-04-29 05:00:00,9.59837,9.59837,9.57156,9.58535
2025-04-29 05:30:00,9.5852,9.59959,9.5798,9.59926
2025-04-29 06:00:00,9.59943,9.60416,9.59808,9.60295
2025-04-29 06:30:00,9.60302,9.6131,9.60061,9.61064
2025-04-29 07:00:00,9.61045,9.61614,9.60682,9.60733
2025-04-29 07:30:00,9.60737,9.62877,9.60684,9.6209
2025-04-29 08:00:00,9.62076,9.62826,9.61744,9.62667
2025-04-29 08:30:00,9.62647,9.62731,9.62028,9.6212
2025-04-29 09:00:00,9.61974,9.62858,9.6063,9.60924
2025-04-29 09:30:00,9.60922,9.63374,9.59624,9.6281
2025-04-29 10:00:00,9.62808,9.63684,9.61148,9.62175
2025-04-29 10:30:00,9.62174,9.62398,9.58343,9.59475
2025-04-29 11:00:00,9.59427,9.61935,9.58944,9.59623
2025-04-29 11:30:00,9.59628,9.61071,9.59434,9.60254
2025-04-29 12:00:00,9.60223,9.60223,9.59111,9.59166
2025-04-29 12:30:00,9.59164,9.63914,9.59152,9.63797
2025-04-29 13:00:00,9.63767,9.63965,9.62455,9.62666
2025-04-29 13:30:00,9.62669,9.6458,9.62447,9.6392
2025-04-29 14:00:00,9.63927,9.65398,9.636,9.64443
2025-04-29 14:30:00,9.64444,9.65866,9.63521,9.64719
2025-04-29 15:00:00,9.64733,9.65308,9.63207,9.63505
2025-04-29 15:30:00,9.63506,9.6369,9.60338,9.61292
2025-04-29 16:00:00,9.61299,9.62683,9.60145,9.6046
2025-04-29 16:30:00,9.60438,9.62422,9.58658,9.61933
2025-04-29 17:00:00,9.6173,9.62529,9.60121,9.62082
2025-04-29 17:30:00,9.62009,9.64484,9.61521,9.63675
2025-04-29 18:00:00,9.63671,9.63707,9.61379,9.61727
2025-04-29 18:30:00,9.6178,9.62001,9.60611,9.61718
2025-04-29 19:00:00,9.61715,9.61795,9.58941,9.59696
2025-04-29 19:30:00,9.59716,9.62699,9.595,9.6216
2025-04-29 20:00:00,9.62145,9.62149,9.60749,9.60923
2025-04-29 20:30:00,9.60931,9.62075,9.60483,9.62035
2025-04-29 21:00:00,9.62045,9.63507,9.61411,9.62991
2025-04-29 21:30:00,9.6294,9.63264,9.62483,9.62735
2025-04-29 22:00:00,9.62731,9.63257,9.62358,9.62859
2025-04-29 22:30:00,9.62865,9.63549,9.62661,9.63168
2025-04-29 23:00:00,9.63166,9.6397,9.6264,9.62791
2025-04-29 23:30:00,9.628,9.63574,9.60717,9.60717
2025-04-30 00:00:00,9.61076,9.61139,9.60308,9.60758
2025-04-30 00:30:00,9.60739,9.61472,9.60374,9.60981
2025-04-30 01:00:00,9.60882,9.63348,9.6085,9.62059
2025-04-30 01:30:00,9.62063,9.63029,9.61038,9.62479
2025-04-30 02:00:00,9.62241,9.64772,9.62053,9.62312
2025-04-30 02:30:00,9.62313,9.64758,9.62102,9.64288
2025-04-30 03:00:00,9.64382,9.64837,9.63343,9.63962
2025-04-30 03:30:00,9.63948,9.64995,9.6328,9.64282
2025-04-30 04:00:00,9.64278,9.64834,9.63524,9.64226
2025-04-30 04:30:00,9.64197,9.66481,9.63622,9.6636
2025-04-30 05:00:00,9.6634,9.66882,9.6508,9.65215
2025-04-30 05:30:00,9.65212,9.6554,9.64637,9.64829
2025-04-30 06:00:00,9.64844,9.6491,9.6393,9.64046
2025-04-30 06:30:00,9.64032,9.65181,9.63958,9.64908
2025-04-30 07:00:00,9.64939,9.65113,9.6434,9.64833
2025-04-30 07:30:00,9.64874,9.65304,9.64622,9.6484
2025-04-30 08:00:00,9.64837,9.65019,9.63314,9.63427
2025-04-30 08:30:00,9.63456,9.63603,9.62893,9.63231
2025-04-30 09:00:00,9.63224,9.65469,9.62316,9.6261
2025-04-30 09:30:00,9.62853,9.63573,9.60849,9.62498
2025-04-30 10:00:00,9.6256,9.63459,9.60711,9.61349
2025-04-30 10:30:00,9.61351,9.63064,9.61265,9.62149
2025-04-30 11:00:00,9.61975,9.64555,9.61863,9.63334
2025-04-30 11:30:00,9.63332,9.64372,9.62432,9.63663
2025-04-30 12:00:00,9.63662,9.64721,9.63225,9.64023
2025-04-30 12:30:00,9.64029,9.65392,9.63497,9.65253
2025-04-30 13:00:00,9.65236,9.65236,9.63698,9.64189
2025-04-30 13:30:00,9.64188,9.65269,9.63871,9.64363
2025-04-30 14:00:00,9.64373,9.64697,9.63822,9.64059
2025-04-30 14:30:00,9.64058,9.64598,9.62935,9.64337
2025-04-30 15:00:00,9.6435,9.65265,9.63208,9.64383
2025-04-30 15:30:00,9.6415,9.66596,9.63551,9.66186
2025-04-30 16:00:00,9.66219,9.66792,9.64918,9.65225
2025-04-30 16:30:00,9.65223,9.66852,9.64337,9.66506
2025-04-30 17:00:00,9.66481,9.68618,9.66258,9.66812
2025-04-30 17:30:00,9.66807,9.6777,9.64006,9.64292
2025-04-30 18:00:00,9.6429,9.67865,9.63668,9.67831
2025-04-30 18:30:00,9.67761,9.68451,9.65372,9.65744
2025-04-30 19:00:00,9.65738,9.65738,9.64541,9.65386
2025-04-30 19:30:00,9.65385,9.6616,9.64857,9.65981
2025-04-30 20:00:00,9.65937,9.66055,9.64126,9.64234
2025-04-30 20:30:00,9.64224,9.66812,9.64169,9.66549
2025-04-30 21:00:00,9.6655,9.66892,9.64452,9.65766
2025-04-30 21:30:00,9.65763,9.65902,9.64966,9.651
2025-04-30 22:00:00,9.65128,9.66166,9.64787,9.6604
2025-04-30 22:30:00,9.66042,9.6692,9.65903,9.66441
2025-04-30 23:00:00,9.66446,9.66774,9.65202,9.66622
2025-04-30 23:30:00,9.66616,9.66805,9.65559,9.65611
2025-05-01 00:00:00,9.64886,9.64886,9.63257,9.63457
2025-05-01 00:30:00,9.63431,9.64977,9.63431,9.64842
2025-05-01 01:00:00,9.6489,9.66383,9.64514,9.65764
2025-05-01 01:30:00,9.65946,9.67084,9.65046,9.67084
2025-05-01 02:00:00,9.6708,9.67166,9.65201,9.66018
2025-05-01 02:30:00,9.66,9.67177,9.6451,9.65984
2025-05-01 03:00:00,9.66264,9.66491,9.65032,9.65653
2025-05-01 03:30:00,9.65623,9.65797,9.65115,9.65412
2025-05-01 04:00:00,9.65413,9.67063,9.65398,9.66718
2025-05-01 04:30:00,9.66731,9.67797,9.66362,9.67104
2025-05-01 05:00:00,9.67108,9.67332,9.66674,9.6694
2025-05-01 05:30:00,9.66934,9.67148,9.66789,9.66874
2025-05-01 06:00:00,9.66869,9.67787,9.66272,9.67494
2025-05-01 06:30:00,9.67502,9.68193,9.67092,9.67591
2025-05-01 07:00:00,9.67592,9.676,9.66633,9.67155
2025-05-01 07:30:00,9.67162,9.68594,9.67139,9.68523
2025-05-01 08:00:00,9.68536,9.69956,9.68429,9.6993
2025-05-01 08:30:00,9.69926,9.69989,9.68645,9.68763
2025-05-01 09:00:00,9.68797,9.69409,9.67826,9.69254
2025-05-01 09:30:00,9.69257,9.70015,9.68232,9.69535
2025-05-01 10:00:00,9.69503,9.70102,9.69334,9.69976
2025-05-01 10:30:00,9.69936,9.70804,9.69475,9.69529
2025-05-01 11:00:00,9.69519,9.69745,9.67248,9.67657
2025-05-01 11:30:00,9.67662,9.70291,9.67445,9.69741
2025-05-01 12:00:00,9.69742,9.70458,9.68773,9.6984
2025-05-01 12:30:00,9.69842,9.70942,9.6942,9.70435
2025-05-01 13:00:00,9.70435,9.70885,9.69432,9.70525
2025-05-01 13:30:00,9.70523,9.71909,9.70058,9.70445
2025-05-01 14:00:00,9.70442,9.71854,9.69728,9.70144
2025-05-01 14:30:00,9.70145,9.71963,9.69063,9.71541
2025-05-01 15:00:00,9.71537,9.72306,9.70658,9.70658
2025-05-01 15:30:00,9.70586,9.72542,9.6902,9.71707
2025-05-01 16:00:00,9.71753,9.73045,9.71147,9.72868
2025-05-01 16:30:00,9.72897,9.73116,9.71694,9.72259
2025-05-01 17:00:00,9.72372,9.75033,9.72225,9.74459
2025-05-01 17:30:00,9.74479,9.77146,9.74276,9.76177
2025-05-01 18:00:00,9.76175,9.76297,9.74166,9.75207
2025-05-01 18:30:00,9.75207,9.78107,9.75104,9.77037
2025-05-01 19:00:00,9.77,9.77713,9.76456,9.77067
2025-05-01 19:30:00,9.77066,9.77164,9.75151,9.75426
2025-05-01 20:00:00,9.75405,9.75925,9.74932,9.75812
2025-05-01 20:30:00,9.758,9.76463,9.75507,9.76455
2025-05-01 21:00:00,9.7646,9.7675,9.75188,9.75954
2025-05-01 21:30:00,9.75936,9.76039,9.74643,9.75486
2025-05-01 22:00:00,9.75469,9.75469,9.74132,9.74233
2025-05-01 22:30:00,9.74237,9.75162,9.73847,9.74655
2025-05-01 23:00:00,9.74675,9.74675,9.72842,9.74262
2025-05-01 23:30:00,9.74259,9.75847,9.72425,9.72425
2025-05-02 00:00:00,9.71547,9.73022,9.71538,9.7252
2025-05-02 00:30:00,9.72521,9.73308,9.71868,9.72826
2025-05-02 01:00:00,9.7299,9.74356,9.72258,9.72755
2025-05-02 01:30:00,9.72788,9.735,9.72673,9.73405
2025-05-02 02:00:00,9.73389,9.75237,9.73301,9.74268
2025-05-02 02:30:00,9.7412,9.75747,9.73924,9.75355
2025-05-02 03:00:00,9.7544,9.76304,9.75021,9.76197
2025-05-02 03:30:00,9.7622,9.76571,9.74593,9.7463
2025-05-02 04:00:00,9.74625,9.74719,9.73222,9.74092
2025-05-02 04:30:00,9.74073,9.74672,9.72516,9.7262
2025-05-02 05:00:00,9.72591,9.72917,9.71812,9.7252
2025-05-02 05:30:00,9.72557,9.72824,9.72218,9.72659
2025-05-02 06:00:00,9.72664,9.73697,9.71821,9.71884
2025-05-02 06:30:00,9.71873,9.71964,9.70645,9.70752
2025-05-02 07:00:00,9.70736,9.7203,9.70736,9.71988
2025-05-02 07:30:00,9.71953,9.73554,9.71822,9.7324
2025-05-02 08:00:00,9.73243,9.73301,9.70609,9.70708
2025-05-02 08:30:00,9.70713,9.71543,9.70392,9.71137
2025-05-02 09:00:00,9.71349,9.71349,9.70141,9.70573
2025-05-02 09:30:00,9.70544,9.70609,9.69312,9.69861
2025-05-02 10:00:00,9.69878,9.71227,9.69437,9.70763
2025-05-02 10:30:00,9.70761,9.71016,9.6819,9.68987
2025-05-02 11:00:00,9.68993,9.70005,9.68315,9.69321
2025-05-02 11:30:00,9.69313,9.69346,9.67776,9.68028
2025-05-02 12:00:00,9.67896,9.68273,9.66238,9.66869
2025-05-02 12:30:00,9.66875,9.66875,9.63451,9.65567
2025-05-02 13:00:00,9.65598,9.66359,9.64879,9.65735
2025-05-02 13:30:00,9.65729,9.67259,9.65184,9.66404
2025-05-02 14:00:00,9.66383,9.66807,9.64973,9.65015
2025-05-02 14:30:00,9.65016,9.65287,9.63738,9.64749
2025-05-02 15:00:00,9.64737,9.65916,9.63764,9.64186
2025-05-02 15:30:00,9.63519,9.6685,9.63155,9.64701
2025-05-02 16:00:00,9.64709,9.65619,9.61674,9.62527
2025-05-02 16:30:00,9.62549,9.63415,9.60332,9.60931
2025-05-02 17:00:00,9.60843,9.62538,9.59903,9.60269
2025-05-02 17:30:00,9.60268,9.60413,9.58785,9.59667
2025-05-02 18:00:00,9.59675,9.617,9.58886,9.61229
2025-05-02 18:30:00,9.613,9.62869,9.60502,9.62371
2025-05-02 19:00:00,9.62376,9.62962,9.60552,9.62543
2025-05-02 19:30:00,9.62546,9.65322,9.62486,9.64571
2025-05-02 20:00:00,9.64569,9.65667,9.64086,9.64136
2025-05-02 20:30:00,9.64222,9.65821,9.6232,9.65715
2025-05-02 21:00:00,9.65714,9.6622,9.65407,9.6597
2025-05-02 21:30:00,9.65969,9.66049,9.65283,9.65511
2025-05-02 22:00:00,9.65481,9.65635,9.65042,9.65596
2025-05-02 22:30:00,9.65594,9.65728,9.65113,9.65394
2025-05-02 23:00:00,9.65395,9.66058,9.64984,9.65529
2025-05-02 23:30:00,9.65477,9.65652,9.64536,9.65085
2025-05-05 00:00:00,9.64082,9.6479,9.64067,9.64137
2025-05-05 00:30:00,9.64491,9.66182,9.6355,9.64055
2025-05-05 01:00:00,9.64155,9.64552,9.63298,9.63498
2025-05-05 01:30:00,9.635,9.65163,9.62478,9.64114
2025-05-05 02:00:00,9.64122,9.64268,9.63347,9.63604
2025-05-05 02:30:00,9.63611,9.63868,9.63403,9.63542
2025-05-05 03:00:00,9.63537,9.64809,9.63537,9.64681
2025-05-05 03:30:00,9.64688,9.64866,9.63717,9.63757
2025-05-05 04:00:00,9.63726,9.6379,9.61344,9.61611
2025-05-05 04:30:00,9.61607,9.62673,9.61338,9.61894
2025-05-05 05:00:00,9.61871,9.62126,9.61195,9.61434
2025-05-05 05:30:00,9.61423,9.61582,9.60748,9.61163
2025-05-05 06:00:00,9.61171,9.62104,9.61129,9.61643
2025-05-05 06:30:00,9.61632,9.6243,9.61506,9.61697
2025-05-05 07:00:00,9.61696,9.61893,9.61196,9.61473
2025-05-05 07:30:00,9.61477,9.6192,9.60381,9.60519
2025-05-05 08:00:00,9.60516,9.60753,9.59726,9.59809
2025-05-05 08:30:00,9.59808,9.61492,9.59578,9.61172
2025-05-05 09:00:00,9.61177,9.63576,9.61165,9.63375
2025-05-05 09:30:00,9.63361,9.64768,9.6283,9.63946
2025-05-05 10:00:00,9.63984,9.6583,9.63619,9.64887
2025-05-05 10:30:00,9.649,9.66317,9.63792,9.65642
2025-05-05 11:00:00,9.65652,9.66352,9.64607,9.65366
2025-05-05 11:30:00,9.65364,9.66931,9.64523,9.66759
2025-05-05 12:00:00,9.66718,9.67203,9.6418,9.64839
2025-05-05 12:30:00,9.64773,9.64773,9.6363,9.63701
2025-05-05 13:00:00,9.6372,9.64696,9.63311,9.64055
2025-05-05 13:30:00,9.64056,9.6462,9.61869,9.61958
2025-05-05 14:00:00,9.6199,9.62933,9.61089,9.62219
2025-05-05 14:30:00,9.6222,9.63735,9.62165,9.63228
2025-05-05 15:00:00,9.63231,9.64373,9.60508,9.61176
2025-05-05 15:30:00,9.61174,9.62308,9.60193,9.61323
2025-05-05 16:00:00,9.61324,9.61585,9.59838,9.60692
2025-05-05 16:30:00,9.6069,9.61853,9.60371,9.61643
2025-05-05 17:00:00,9.61722,9.64382,9.61722,9.6357
2025-05-05 17:30:00,9.63576,9.64608,9.62779,9.63623
2025-05-05 18:00:00,9.63653,9.64915,9.63281,9.64135
2025-05-05 18:30:00,9.6414,9.66714,9.63869,9.66403
2025-05-05 19:00:00,9.66408,9.68291,9.66375,9.68173
2025-05-05 19:30:00,9.68164,9.68188,9.67372,9.67611
2025-05-05 20:00:00,9.6761,9.67657,9.67027,9.67147
2025-05-05 20:30:00,9.67144,9.68147,9.66982,9.67866
2025-05-05 21:00:00,9.67873,9.68095,9.67644,9.67979
2025-05-05 21:30:00,9.6798,9.68091,9.6669,9.66985
2025-05-05 22:00:00,9.6696,9.67366,9.6596,9.66183
2025-05-05 22:30:00,9.66184,9.66837,9.65793,9.66317
2025-05-05 23:00:00,9.66244,9.66477,9.65673,9.66374
2025-05-05 23:30:00,9.66373,9.66374,9.64666,9.64698
2025-05-06 00:00:00,9.64306,9.66512,9.63415,9.65074
2025-05-06 00:30:00,9.65075,9.65837,9.64898,9.65161
2025-05-06 01:00:00,9.65184,9.66813,9.65184,9.66609
2025-05-06 01:30:00,9.66581,9.67131,9.65699,9.66038
2025-05-06 02:00:00,9.66033,9.67461,9.6572,9.66893
2025-05-06 02:30:00,9.66896,9.67167,9.6535,9.66282
2025-05-06 03:00:00,9.66546,9.6927,9.66447,9.68825
2025-05-06 03:30:00,9.68825,9.69253,9.68181,9.69169
2025-05-06 04:00:00,9.69203,9.69771,9.6827,9.68735
2025-05-06 04:30:00,9.68745,9.69697,9.68105,9.68383
2025-05-06 05:00:00,9.6837,9.68413,9.66494,9.66654
2025-05-06 05:30:00,9.66651,9.67562,9.6657,9.67338
2025-05-06 06:00:00,9.67339,9.67662,9.66275,9.66555
2025-05-06 06:30:00,9.66544,9.66581,9.65885,9.6633
2025-05-06 07:00:00,9.66333,9.66459,9.65398,9.65766
2025-05-06 07:30:00,9.65752,9.66159,9.64749,9.65116
2025-05-06 08:00:00,9.65095,9.6601,9.64812,9.65706
2025-05-06 08:30:00,9.65731,9.66439,9.65571,9.66227
2025-05-06 09:00:00,9.66193,9.67632,9.65535,9.66616
2025-05-06 09:30:00,9.66544,9.67171,9.64961,9.65934
2025-05-06 10:00:00,9.65935,9.66824,9.6427,9.65912
2025-05-06 10:30:00,9.65978,9.65984,9.63528,9.6519
2025-05-06 11:00:00,9.65212,9.66152,9.62378,9.6379
2025-05-06 11:30:00,9.63789,9.65191,9.62943,9.64084
2025-05-06 12:00:00,9.64088,9.65252,9.63811,9.64086
2025-05-06 12:30:00,9.64103,9.65612,9.64043,9.64563
2025-05-06 13:00:00,9.64551,9.65313,9.63851,9.6466
2025-05-06 13:30:00,9.64713,9.64845,9.62752,9.63088
2025-05-06 14:00:00,9.63089,9.63398,9.61449,9.62303
2025-05-06 14:30:00,9.62301,9.63483,9.61156,9.61313
2025-05-06 15:00:00,9.61312,9.62712,9.58684,9.59193
2025-05-06 15:30:00,9.59237,9.59801,9.57708,9.58154
2025-05-06 16:00:00,9.58169,9.59842,9.58035,9.58398
2025-05-06 16:30:00,9.58447,9.5897,9.57127,9.57647
2025-05-06 17:00:00,9.57622,9.58261,9.55703,9.57579
2025-05-06 17:30:00,9.57571,9.57729,9.55148,9.57716
2025-05-06 18:00:00,9.57724,9.58342,9.5685,9.57346
2025-05-06 18:30:00,9.57407,9.58469,9.57217,9.57985
2025-05-06 19:00:00,9.57966,9.59203,9.57554,9.57609
2025-05-06 19:30:00,9.57608,9.58059,9.57186,9.57679
2025-05-06 20:00:00,9.5764,9.57641,9.55495,9.56123
2025-05-06 20:30:00,9.56115,9.57128,9.55903,9.56669
2025-05-06 21:00:00,9.56663,9.57578,9.56626,9.5695
2025-05-06 21:30:00,9.5693,9.57006,9.56015,9.56372
2025-05-06 22:00:00,9.56435,9.56916,9.5593,9.55952
2025-05-06 22:30:00,9.55946,9.56469,9.55142,9.55948
2025-05-06 23:00:00,9.55967,9.5639,9.55288,9.56156
2025-05-06 23:30:00,9.56139,9.57409,9.54622,9.5488
2025-05-07 00:00:00,9.54588,9.54853,9.5325,9.5345
2025-05-07 00:30:00,9.5347,9.55931,9.53254,9.54434
2025-05-07 01:00:00,9.54545,9.62223,9.53531,9.6105
2025-05-07 01:30:00,9.61049,9.6129,9.54431,9.57568
2025-05-07 02:00:00,9.57572,9.58618,9.54755,9.55021
2025-05-07 02:30:00,9.55002,9.57738,9.54915,9.57566
2025-05-07 03:00:00,9.57726,9.5947,9.57021,9.58799
2025-05-07 03:30:00,9.58794,9.59016,9.57266,9.57495
2025-05-07 04:00:00,9.57493,9.58215,9.5608,9.57638
2025-05-07 04:30:00,9.57637,9.58768,9.572,9.57948
2025-05-07 05:00:00,9.58022,9.58978,9.57904,9.58275
2025-05-07 05:30:00,9.58289,9.59435,9.57781,9.59138
2025-05-07 06:00:00,9.59137,9.59575,9.58839,9.594
2025-05-07 06:30:00,9.59381,9.59592,9.58423,9.58583
2025-05-07 07:00:00,9.58555,9.58955,9.57994,9.58486
2025-05-07 07:30:00,9.58491,9.5949,9.58206,9.5938
2025-05-07 08:00:00,9.59385,9.59586,9.57406,9.58005
2025-05-07 08:30:00,9.58004,9.58313,9.56217,9.56217
2025-05-07 09:00:00,9.559,9.59514,9.55739,9.58921
2025-05-07 09:30:00,9.58986,9.59385,9.57959,9.58763
2025-05-07 10:00:00,9.58832,9.60901,9.58538,9.60782
2025-05-07 10:30:00,9.60786,9.61039,9.59061,9.59385
2025-05-07 11:00:00,9.59379,9.61091,9.58611,9.58965
2025-05-07 11:30:00,9.58956,9.5907,9.57903,9.59057
2025-05-07 12:00:00,9.59086,9.60661,9.58685,9.58786
2025-05-07 12:30:00,9.58787,9.60571,9.58521,9.60444
2025-05-07 13:00:00,9.6047,9.61106,9.59505,9.60587
2025-05-07 13:30:00,9.60592,9.60914,9.58079,9.58142
2025-05-07 14:00:00,9.58137,9.60336,9.58069,9.59642
2025-05-07 14:30:00,9.5964,9.60002,9.58693,9.59414
2025-05-07 15:00:00,9.59418,9.60464,9.59018,9.6014
2025-05-07 15:30:00,9.60138,9.61168,9.59673,9.60513
2025-05-07 16:00:00,9.60516,9.61778,9.60379,9.61488
2025-05-07 16:30:00,9.61482,9.62175,9.60532,9.60571
2025-05-07 17:00:00,9.6057,9.62787,9.60106,9.62148
2025-05-07 17:30:00,9.62144,9.62547,9.58538,9.60091
2025-05-07 18:00:00,9.60129,9.6111,9.58729,9.60419
2025-05-07 18:30:00,9.60428,9.60747,9.59435,9.60134
2025-05-07 19:00:00,9.6011,9.6156,9.60012,9.60032
2025-05-07 19:30:00,9.60039,9.60143,9.58957,9.5985
2025-05-07 20:00:00,9.59847,9.61046,9.59676,9.60918
2025-05-07 20:30:00,9.6092,9.62627,9.60683,9.60683
2025-05-07 21:00:00,9.60868,9.62469,9.58731,9.61337
2025-05-07 21:30:00,9.61313,9.63089,9.57882,9.62993
2025-05-07 22:00:00,9.63044,9.66239,9.62951,9.65173
2025-05-07 22:30:00,9.65174,9.6579,9.64823,9.65455
2025-05-07 23:00:00,9.6546,9.67244,9.65318,9.66517
2025-05-07 23:30:00,9.66508,9.66905,9.65717,9.65717
2025-05-08 00:00:00,9.65552,9.65951,9.64334,9.65125
2025-05-08 00:30:00,9.65122,9.65702,9.62943,9.6546
2025-05-08 01:00:00,9.65504,9.6682,9.65486,9.66497
2025-05-08 01:30:00,9.66508,9.67078,9.65948,9.66828
2025-05-08 02:00:00,9.66806,9.66838,9.66015,9.66464
2025-05-08 02:30:00,9.66471,9.6662,9.65951,9.66418
2025-05-08 03:00:00,9.66429,9.6669,9.64352,9.64487
2025-05-08 03:30:00,9.64482,9.65453,9.64259,9.65387
2025-05-08 04:00:00,9.65405,9.65854,9.64664,9.6533
2025-05-08 04:30:00,9.65305,9.65364,9.63021,9.63092
2025-05-08 05:00:00,9.63087,9.63756,9.62895,9.63217
2025-05-08 05:30:00,9.6323,9.64053,9.62878,9.63924
2025-05-08 06:00:00,9.63901,9.63932,9.62989,9.63036
2025-05-08 06:30:00,9.63038,9.63321,9.61812,9.6249
2025-05-08 07:00:00,9.62495,9.63225,9.62249,9.62464
2025-05-08 07:30:00,9.62441,9.62847,9.62168,9.62805
2025-05-08 08:00:00,9.62809,9.64808,9.62795,9.64138
2025-05-08 08:30:00,9.64129,9.65468,9.63921,9.65081
2025-05-08 09:00:00,9.64956,9.68431,9.6416,9.682
2025-05-08 09:30:00,9.68119,9.69976,9.67929,9.69245
2025-05-08 10:00:00,9.6922,9.70577,9.68089,9.69038
2025-05-08 10:30:00,9.68747,9.69448,9.67178,9.67242
2025-05-08 11:00:00,9.67194,9.68067,9.66231,9.67663
2025-05-08 11:30:00,9.67657,9.68631,9.6761,9.68132
2025-05-08 12:00:00,9.68139,9.68312,9.66207,9.6763
2025-05-08 12:30:00,9.67629,9.68651,9.67297,9.68039
2025-05-08 13:00:00,9.68033,9.68718,9.66153,9.66333
2025-05-08 13:30:00,9.66311,9.67562,9.65772,9.6616
2025-05-08 14:00:00,9.66161,9.67231,9.65404,9.66307
2025-05-08 14:30:00,9.66307,9.66755,9.64831,9.65396
2025-05-08 15:00:00,9.65398,9.65492,9.63348,9.63479
2025-05-08 15:30:00,9.63368,9.65116,9.62514,9.64625
2025-05-08 16:00:00,9.64624,9.65025,9.6348,9.64292
2025-05-08 16:30:00,9.64246,9.65402,9.63791,9.64492
2025-05-08 17:00:00,9.64493,9.65267,9.63678,9.65101
2025-05-08 17:30:00,9.65104,9.69044,9.64897,9.6884
2025-05-08 18:00:00,9.68779,9.69632,9.67255,9.68275
2025-05-08 18:30:00,9.68311,9.7158,9.67866,9.70355
2025-05-08 19:00:00,9.7039,9.74318,9.70317,9.73437
2025-05-08 19:30:00,9.73418,9.7346,9.71207,9.71509
2025-05-08 20:00:00,9.71535,9.72774,9.71112,9.72618
2025-05-08 20:30:00,9.72618,9.73059,9.71742,9.71917
2025-05-08 21:00:00,9.7192,9.72248,9.7152,9.72173
2025-05-08 21:30:00,9.72175,9.73587,9.71932,9.73236
2025-05-08 22:00:00,9.73238,9.75297,9.72997,9.75224
2025-05-08 22:30:00,9.75221,9.75519,9.73348,9.73483
2025-05-08 23:00:00,9.73499,9.7466,9.72985,9.73111
2025-05-08 23:30:00,9.73111,9.73511,9.72416,9.72416
2025-05-09 00:00:00,9.72144,9.73089,9.72144,9.72852
2025-05-09 00:30:00,9.72848,9.73377,9.70862,9.71663
2025-05-09 01:00:00,9.71805,9.74635,9.70715,9.72925
2025-05-09 01:30:00,9.72926,9.73012,9.7222,9.72718
2025-05-09 02:00:00,9.72591,9.74235,9.72103,9.74035
2025-05-09 02:30:00,9.74031,9.74584,9.73887,9.74418
2025-05-09 03:00:00,9.74423,9.75638,9.73905,9.75328
2025-05-09 03:30:00,9.75339,9.75488,9.74475,9.74495
2025-05-09 04:00:00,9.745,9.75507,9.74034,9.74987
2025-05-09 04:30:00,9.74992,9.75194,9.74093,9.74953
2025-05-09 05:00:00,9.74954,9.76722,9.74943,9.75968
2025-05-09 05:30:00,9.75946,9.76098,9.74591,9.74716
2025-05-09 06:00:00,9.74715,9.74731,9.73393,9.74544
2025-05-09 06:30:00,9.74553,9.74744,9.7411,9.74477
2025-05-09 07:00:00,9.74478,9.74478,9.73843,9.73882
2025-05-09 07:30:00,9.73882,9.74058,9.73037,9.73293
2025-05-09 08:00:00,9.73293,9.74572,9.72968,9.74403
2025-05-09 08:30:00,9.74391,9.74572,9.70316,9.71476
2025-05-09 09:00:00,9.71286,9.72727,9.70462,9.71754
2025-05-09 09:30:00,9.71759,9.71815,9.6937,9.70629
2025-05-09 10:00:00,9.70633,9.7181,9.6826,9.71335
2025-05-09 10:30:00,9.71339,9.71349,9.67499,9.69217
2025-05-09 11:00:00,9.69241,9.69823,9.68279,9.68961
2025-05-09 11:30:00,9.68963,9.69331,9.67801,9.67818
2025-05-09 12:00:00,9.67806,9.69524,9.66676,9.69456
2025-05-09 12:30:00,9.69457,9.70267,9.6926,9.70234
2025-05-09 13:00:00,9.70239,9.70991,9.69446,9.70017
2025-05-09 13:30:00,9.70018,9.71208,9.6946,9.71072
2025-05-09 14:00:00,9.71059,9.71173,9.68974,9.6991
2025-05-09 14:30:00,9.69905,9.70756,9.69391,9.70014
2025-05-09 15:00:00,9.70017,9.70572,9.67968,9.68262
2025-05-09 15:30:00,9.68286,9.69866,9.67874,9.68933
2025-05-09 16:00:00,9.68936,9.68936,9.67182,9.67644
2025-05-09 16:30:00,9.67679,9.68121,9.67385,9.67866
2025-05-09 17:00:00,9.67867,9.68551,9.6669,9.67103
2025-05-09 17:30:00,9.67103,9.6951,9.66818,9.69462
2025-05-09 18:00:00,9.69467,9.71172,9.68825,9.71004
2025-05-09 18:30:00,9.71008,9.71281,9.69814,9.702
2025-05-09 19:00:00,9.70139,9.71077,9.69686,9.70998
2025-05-09 19:30:00,9.71,9.71822,9.70044,9.70847
2025-05-09 20:00:00,9.70859,9.71271,9.70293,9.70556
2025-05-09 20:30:00,9.70555,9.70555,9.69748,9.70327
2025-05-09 21:00:00,9.70323,9.70364,9.69739,9.70274
2025-05-09 21:30:00,9.70274,9.70769,9.702,9.70422
2025-05-09 22:00:00,9.70412,9.71506,9.70254,9.71474
2025-05-09 22:30:00,9.71473,9.71838,9.71033,9.71045
2025-05-09 23:00:00,9.71047,9.71583,9.70456,9.71217
2025-05-09 23:30:00,9.71192,9.71333,9.702,9.70469
2025-05-12 00:00:00,9.73657,9.74088,9.71501,9.72394
2025-05-12 00:30:00,9.72393,9.72976,9.71798,9.72622
2025-05-12 01:00:00,9.72641,9.72883,9.71624,9.71887
2025-05-12 01:30:00,9.71888,9.72171,9.71335,9.71929
2025-05-12 02:00:00,9.71926,9.7211,9.71064,9.71362
2025-05-12 02:30:00,9.7137,9.7192,9.70973,9.71701
2025-05-12 03:00:00,9.71689,9.72398,9.71019,9.71742
2025-05-12 03:30:00,9.71742,9.72094,9.70848,9.70869
2025-05-12 04:00:00,9.70872,9.72608,9.7036,9.72393
2025-05-12 04:30:00,9.72395,9.7252,9.71538,9.71939
2025-05-12 05:00:00,9.71929,9.72021,9.70931,9.70988
2025-05-12 05:30:00,9.70985,9.72084,9.7094,9.71838
2025-05-12 06:00:00,9.71848,9.7217,9.71232,9.71563
2025-05-12 06:30:00,9.71562,9.7194,9.7093,9.71175
2025-05-12 07:00:00,9.71171,9.71784,9.71067,9.71609
2025-05-12 07:30:00,9.71519,9.72323,9.71437,9.71884
2025-05-12 08:00:00,9.71886,9.73363,9.71624,9.7325
2025-05-12 08:30:00,9.73261,9.7381,9.72568,9.72804
2025-05-12 09:00:00,9.728,9.72863,9.70991,9.7124
2025-05-12 09:30:00,9.71235,9.73382,9.70577,9.73359
2025-05-12 10:00:00,9.73362,9.80699,9.71221,9.80194
2025-05-12 10:30:00,9.80187,9.85392,9.78198,9.83259
2025-05-12 11:00:00,9.83255,9.84895,9.80122,9.80725
2025-05-12 11:30:00,9.80677,9.80839,9.76936,9.77936
2025-05-12 12:00:00,9.77986,9.7831,9.75477,9.75477
2025-05-12 12:30:00,9.7548,9.79503,9.7548,9.79181
2025-05-12 13:00:00,9.79163,9.83228,9.78945,9.82682
2025-05-12 13:30:00,9.82685,9.83997,9.81444,9.83457
2025-05-12 14:00:00,9.83458,9.83561,9.80396,9.81096
2025-05-12 14:30:00,9.81097,9.81912,9.78338,9.79191
2025-05-12 15:00:00,9.79189,9.80176,9.77824,9.79603
2025-05-12 15:30:00,9.79616,9.79841,9.77543,9.78305
2025-05-12 16:00:00,9.78306,9.79798,9.77092,9.77936
2025-05-12 16:30:00,9.77936,9.80524,9.76856,9.798
2025-05-12 17:00:00,9.79796,9.80721,9.79094,9.79863
2025-05-12 17:30:00,9.79874,9.80461,9.77883,9.79915
2025-05-12 18:00:00,9.79927,9.80327,9.79059,9.80164
2025-05-12 18:30:00,9.80138,9.81768,9.7973,9.80859
2025-05-12 19:00:00,9.80878,9.81201,9.79975,9.81099
2025-05-12 19:30:00,9.81124,9.81804,9.79988,9.81777
2025-05-12 20:00:00,9.81801,9.8312,9.81479,9.83084
2025-05-12 20:30:00,9.83094,9.83648,9.82728,9.82825
2025-05-12 21:00:00,9.82814,9.8425,9.82747,9.83706
2025-05-12 21:30:00,9.83683,9.83734,9.81159,9.81485
2025-05-12 22:00:00,9.81481,9.82683,9.81147,9.81576
2025-05-12 22:30:00,9.81579,9.82267,9.80807,9.81251
2025-05-12 23:00:00,9.813,9.81491,9.80777,9.8121
2025-05-12 23:30:00,9.81207,9.81756,9.81057,9.81147
2025-05-13 00:00:00,9.81131,9.81131,9.79911,9.79912
2025-05-13 00:30:00,9.81418,9.82043,9.80463,9.81235
2025-05-13 01:00:00,9.8142,9.82681,9.80935,9.82062
2025-05-13 01:30:00,9.82113,9.82379,9.81587,9.81983
2025-05-13 02:00:00,9.81884,9.83125,9.81724,9.82447
2025-05-13 02:30:00,9.82448,9.82586,9.81403,9.81638
2025-05-13 03:00:00,9.81544,9.81736,9.80456,9.81284
2025-05-13 03:30:00,9.81285,9.81524,9.80627,9.80899
2025-05-13 04:00:00,9.80898,9.81128,9.80216,9.80669
2025-05-13 04:30:00,9.80645,9.80975,9.80071,9.8036
2025-05-13 05:00:00,9.80363,9.81074,9.79614,9.80903
2025-05-13 05:30:00,9.80902,9.81088,9.80195,9.80792
2025-05-13 06:00:00,9.80793,9.81023,9.80298,9.80339
2025-05-13 06:30:00,9.80338,9.80391,9.793,9.79366
2025-05-13 07:00:00,9.79365,9.80128,9.79287,9.79777
2025-05-13 07:30:00,9.79786,9.80148,9.79339,9.79378
2025-05-13 08:00:00,9.79374,9.79929,9.79152,9.79661
2025-05-13 08:30:00,9.79645,9.80727,9.79397,9.80008
2025-05-13 09:00:00,9.80019,9.81342,9.79446,9.80287
2025-05-13 09:30:00,9.80297,9.80853,9.79124,9.80089
2025-05-13 10:00:00,9.80157,9.80441,9.76838,9.77706
2025-05-13 10:30:00,9.77705,9.77705,9.75095,9.75858
2025-05-13 11:00:00,9.7585,9.76818,9.74387,9.7497
2025-05-13 11:30:00,9.74971,9.76182,9.74207,9.74505
2025-05-13 12:00:00,9.74428,9.77065,9.74301,9.75513
2025-05-13 12:30:00,9.75514,9.75899,9.74485,9.75451
2025-05-13 13:00:00,9.75444,9.76421,9.7483,9.74865
2025-05-13 13:30:00,9.74867,9.75328,9.74061,9.74348
2025-05-13 14:00:00,9.74355,9.74548,9.73968,9.74166
2025-05-13 14:30:00,9.74167,9.74167,9.72718,9.72995
2025-05-13 15:00:00,9.72971,9.7447,9.72878,9.73618
2025-05-13 15:30:00,9.73682,9.74126,9.71832,9.72957
2025-05-13 16:00:00,9.72958,9.74461,9.72259,9.73014
2025-05-13 16:30:00,9.73015,9.75078,9.72637,9.74123
2025-05-13 17:00:00,9.74109,9.75718,9.73245,9.75301
2025-05-13 17:30:00,9.75311,9.75466,9.72522,9.72696
2025-05-13 18:00:00,9.72687,9.74201,9.7242,9.73237
2025-05-13 18:30:00,9.73233,9.7395,9.72719,9.73001
2025-05-13 19:00:00,9.73007,9.74117,9.72576,9.73923
2025-05-13 19:30:00,9.73924,9.73959,9.72419,9.73656
2025-05-13 20:00:00,9.73656,9.73764,9.7295,9.73682
2025-05-13 20:30:00,9.73683,9.74174,9.72446,9.72696
2025-05-13 21:00:00,9.72707,9.73001,9.72316,9.72989
2025-05-13 21:30:00,9.72976,9.73151,9.72521,9.72703
2025-05-13 22:00:00,9.72705,9.72712,9.72096,9.72138
2025-05-13 22:30:00,9.7214,9.72285,9.71502,9.71641
2025-05-13 23:00:00,9.71628,9.71872,9.70377,9.70527
2025-05-13 23:30:00,9.70529,9.71854,9.70289,9.70343
2025-05-14 00:00:00,9.7031,9.75133,9.7031,9.7484
2025-05-14 00:30:00,9.74043,9.74043,9.71014,9.72287
2025-05-14 01:00:00,9.72369,9.72369,9.70793,9.71579
2025-05-14 01:30:00,9.7158,9.71739,9.70835,9.71282
2025-05-14 02:00:00,9.71269,9.72472,9.71101,9.71903
2025-05-14 02:30:00,9.71896,9.7222,9.71615,9.72117
2025-05-14 03:00:00,9.7212,9.72419,9.71166,9.7122
2025-05-14 03:30:00,9.71221,9.72218,9.70925,9.71626
2025-05-14 04:00:00,9.71571,9.72481,9.70896,9.70996
2025-05-14 04:30:00,9.70988,9.72622,9.70827,9.72041
2025-05-14 05:00:00,9.72051,9.72485,9.71594,9.72132
2025-05-14 05:30:00,9.72141,9.72681,9.71334,9.71886
2025-05-14 06:00:00,9.71891,9.73216,9.71653,9.73184
2025-05-14 06:30:00,9.732,9.73487,9.714,9.71505
2025-05-14 07:00:00,9.71516,9.72664,9.70809,9.71702
2025-05-14 07:30:00,9.71714,9.72642,9.71204,9.72565
2025-05-14 08:00:00,9.72554,9.72864,9.71729,9.72215
2025-05-14 08:30:00,9.72178,9.75861,9.71609,9.75861
2025-05-14 09:00:00,9.7456,9.76372,9.70844,9.71088
2025-05-14 09:30:00,9.71101,9.72358,9.70765,9.71141
2025-05-14 10:00:00,9.71146,9.71604,9.70051,9.70456
2025-05-14 10:30:00,9.7045,9.7082,9.68151,9.69224
2025-05-14 11:00:00,9.69224,9.6948,9.6547,9.66249
2025-05-14 11:30:00,9.66229,9.6789,9.65571,9.67261
2025-05-14 12:00:00,9.67258,9.68591,9.65147,9.65858
2025-05-14 12:30:00,9.65861,9.66395,9.64165,9.65849
2025-05-14 13:00:00,9.6585,9.66468,9.65322,9.659
2025-05-14 13:30:00,9.65899,9.67222,9.65523,9.66628
2025-05-14 14:00:00,9.6663,9.69038,9.66258,9.67875
2025-05-14 14:30:00,9.67872,9.67904,9.66241,9.66992
2025-05-14 15:00:00,9.66957,9.67913,9.65299,9.66261
2025-05-14 15:30:00,9.66264,9.67174,9.65663,9.66787
2025-05-14 16:00:00,9.66786,9.68628,9.66742,9.68553
2025-05-14 16:30:00,9.68571,9.69173,9.67047,9.68623
2025-05-14 17:00:00,9.68645,9.7067,9.68219,9.70115
2025-05-14 17:30:00,9.7009,9.71168,9.6919,9.71063
2025-05-14 18:00:00,9.71061,9.72591,9.70161,9.72102
2025-05-14 18:30:00,9.72145,9.73724,9.71848,9.72511
2025-05-14 19:00:00,9.72469,9.73169,9.71619,9.72878
2025-05-14 19:30:00,9.72866,9.75697,9.72502,9.74286
2025-05-14 20:00:00,9.74252,9.74923,9.73589,9.7405
2025-05-14 20:30:00,9.74048,9.75304,9.73862,9.7412
2025-05-14 21:00:00,9.74122,9.7602,9.74069,9.7593
2025-05-14 21:30:00,9.75931,9.76028,9.74979,9.75497
2025-05-14 22:00:00,9.75507,9.7651,9.75507,9.76072
2025-05-14 22:30:00,9.76074,9.76715,9.75794,9.7634
2025-05-14 23:00:00,9.76339,9.76522,9.76051,9.76317
2025-05-14 23:30:00,9.76316,9.76322,9.73384,9.73388
2025-05-15 00:00:00,9.72663,9.74585,9.72663,9.74516
2025-05-15 00:30:00,9.74523,9.76172,9.73878,9.75124
2025-05-15 01:00:00,9.75148,9.75672,9.7391,9.74789
2025-05-15 01:30:00,9.74805,9.76031,9.74072,9.74761
2025-05-15 02:00:00,9.74745,9.75167,9.74527,9.74675
2025-05-15 02:30:00,9.74677,9.75175,9.74626,9.74932
2025-05-15 03:00:00,9.74939,9.75944,9.74692,9.74847
2025-05-15 03:30:00,9.74861,9.75207,9.74108,9.74171
2025-05-15 04:00:00,9.7415,9.74156,9.72882,9.73294
2025-05-15 04:30:00,9.73295,9.73454,9.73024,9.73165
2025-05-15 05:00:00,9.73161,9.73643,9.73118,9.73505
2025-05-15 05:30:00,9.73417,9.73595,9.72807,9.72907
2025-05-15 06:00:00,9.72897,9.72961,9.72081,9.72141
2025-05-15 06:30:00,9.72188,9.72525,9.72144,9.72449
2025-05-15 07:00:00,9.72445,9.7271,9.72005,9.72226
2025-05-15 07:30:00,9.72225,9.72922,9.72205,9.72683
2025-05-15 08:00:00,9.727,9.73769,9.72203,9.73637
2025-05-15 08:30:00,9.73639,9.73943,9.73102,9.73677
2025-05-15 09:00:00,9.7367,9.75042,9.71744,9.72059
2025-05-15 09:30:00,9.72049,9.73656,9.71574,9.72194
2025-05-15 10:00:00,9.72196,9.73063,9.70715,9.71977
2025-05-15 10:30:00,9.71976,9.74932,9.71398,9.74648
2025-05-15 11:00:00,9.74585,9.749,9.72359,9.7313
2025-05-15 11:30:00,9.73116,9.73245,9.70335,9.71064
2025-05-15 12:00:00,9.7103,9.72455,9.70694,9.7146
2025-05-15 12:30:00,9.71456,9.73188,9.70606,9.72863
2025-05-15 13:00:00,9.72859,9.73452,9.71799,9.71942
2025-05-15 13:30:00,9.71943,9.737,9.71619,9.73385
2025-05-15 14:00:00,9.73364,9.74486,9.72835,9.73451
2025-05-15 14:30:00,9.73425,9.74911,9.72822,9.74145
2025-05-15 15:00:00,9.74149,9.74634,9.73139,9.73574
2025-05-15 15:30:00,9.73536,9.73969,9.70808,9.71822
2025-05-15 16:00:00,9.71822,9.72407,9.70427,9.7138
2025-05-15 16:30:00,9.71374,9.7307,9.7108,9.71687
2025-05-15 17:00:00,9.71692,9.74449,9.71521,9.73456
2025-05-15 17:30:00,9.73454,9.75317,9.73203,9.73646
2025-05-15 18:00:00,9.73646,9.7427,9.72829,9.7413
2025-05-15 18:30:00,9.74119,9.74707,9.73417,9.73434
2025-05-15 19:00:00,9.73432,9.74824,9.72845,9.73722
2025-05-15 19:30:00,9.73724,9.74511,9.72834,9.72836
2025-05-15 20:00:00,9.72886,9.73766,9.7234,9.73535
2025-05-15 20:30:00,9.73539,9.73988,9.73041,9.73933
2025-05-15 21:00:00,9.73935,9.74752,9.73423,9.74638
2025-05-15 21:30:00,9.74626,9.74676,9.73813,9.73922
2025-05-15 22:00:00,9.73915,9.74389,9.7347,9.73489
2025-05-15 22:30:00,9.73494,9.73594,9.72698,9.73494
2025-05-15 23:00:00,9.73427,9.73577,9.72386,9.72468
2025-05-15 23:30:00,9.72466,9.72712,9.7173,9.71752
2025-05-16 00:00:00,9.7105,9.72311,9.70757,9.72029
2025-05-16 00:30:00,9.7202,9.72745,9.71315,9.71953
2025-05-16 01:00:00,9.72045,9.74201,9.72045,9.72882
2025-05-16 01:30:00,9.72889,9.73175,9.71936,9.72422
2025-05-16 02:00:00,9.72454,9.73547,9.72092,9.73013
2025-05-16 02:30:00,9.73015,9.73488,9.71657,9.73347
2025-05-16 03:00:00,9.73401,9.7366,9.71666,9.72041
2025-05-16 03:30:00,9.72054,9.7208,9.70838,9.7135
2025-05-16 04:00:00,9.71356,9.71657,9.71056,9.71585
2025-05-16 04:30:00,9.71581,9.71692,9.71091,9.71483
2025-05-16 05:00:00,9.71502,9.71648,9.71183,9.71415
2025-05-16 05:30:00,9.71392,9.71719,9.71291,9.71542
2025-05-16 06:00:00,9.7154,9.7169,9.71145,9.7133
2025-05-16 06:30:00,9.71256,9.71422,9.70731,9.71276
2025-05-16 07:00:00,9.71282,9.71689,9.71101,9.71414
2025-05-16 07:30:00,9.71421,9.71706,9.70781,9.71174
2025-05-16 08:00:00,9.71138,9.71387,9.69987,9.70869
2025-05-16 08:30:00,9.70879,9.70925,9.69944,9.70184
2025-05-16 09:00:00,9.70187,9.70827,9.6988,9.70071
2025-05-16 09:30:00,9.70066,9.71595,9.69909,9.7152
2025-05-16 10:00:00,9.71522,9.71763,9.70424,9.7085
2025-05-16 10:30:00,9.70857,9.72283,9.70343,9.72283
2025-05-16 11:00:00,9.72297,9.73939,9.72297,9.73607
2025-05-16 11:30:00,9.7361,9.74776,9.72261,9.74645
2025-05-16 12:00:00,9.74695,9.75381,9.74243,9.74693
2025-05-16 12:30:00,9.74725,9.75406,9.73848,9.74835
2025-05-16 13:00:00,9.74836,9.77297,9.74674,9.76709
2025-05-16 13:30:00,9.76709,9.77604,9.76164,9.76577
2025-05-16 14:00:00,9.76551,9.76588,9.7549,9.7579
2025-05-16 14:30:00,9.75765,9.76444,9.75489,9.75682
2025-05-16 15:00:00,9.75677,9.77093,9.75408,9.76323
2025-05-16 15:30:00,9.76342,9.7673,9.75099,9.75345
2025-05-16 16:00:00,9.75356,9.76834,9.75316,9.76766
2025-05-16 16:30:00,9.76762,9.77026,9.74181,9.7565
2025-05-16 17:00:00,9.75738,9.78772,9.75581,9.77913
2025-05-16 17:30:00,9.77915,9.7973,9.77683,9.78089
2025-05-16 18:00:00,9.78086,9.80241,9.78004,9.79628
2025-05-16 18:30:00,9.79625,9.79834,9.78855,9.79412
2025-05-16 19:00:00,9.79408,9.80303,9.78831,9.79769
2025-05-16 19:30:00,9.79764,9.79799,9.7824,9.78634
2025-05-16 20:00:00,9.7863,9.79019,9.78357,9.78665
2025-05-16 20:30:00,9.78661,9.79354,9.7856,9.7882
2025-05-16 21:00:00,9.78819,9.79021,9.78655,9.78728
2025-05-16 21:30:00,9.78726,9.78948,9.77998,9.7858
2025-05-16 22:00:00,9.78581,9.78858,9.78313,9.78559
2025-05-16 22:30:00,9.7854,9.79161,9.78439,9.78925
2025-05-16 23:00:00,9.78953,9.79134,9.78063,9.78574
2025-05-16 23:30:00,9.78565,9.78749,9.75955,9.76405
2025-05-19 00:00:00,9.73827,9.74478,9.73345,9.73739
2025-05-19 00:30:00,9.73738,9.751,9.73656,9.74664
2025-05-19 01:00:00,9.74668,9.74831,9.72875,9.7312
2025-05-19 01:30:00,9.73123,9.74274,9.72851,9.7374
2025-05-19 02:00:00,9.73676,9.75396,9.72789,9.72874
2025-05-19 02:30:00,9.72871,9.7398,9.72764,9.73028
2025-05-19 03:00:00,9.73129,9.75122,9.72892,9.74796
2025-05-19 03:30:00,9.74798,9.75982,9.74665,9.75335
2025-05-19 04:00:00,9.75301,9.77597,9.75137,9.77488
2025-05-19 04:30:00,9.77485,9.7816,9.76874,9.77472
2025-05-19 05:00:00,9.7746,9.77867,9.76738,9.76834
2025-05-19 05:30:00,9.76832,9.77507,9.76356,9.76573
2025-05-19 06:00:00,9.76549,9.76809,9.76259,9.76514
2025-05-19 06:30:00,9.76516,9.76963,9.76305,9.76679
2025-05-19 07:00:00,9.76674,9.7703,9.75908,9.75977
2025-05-19 07:30:00,9.75969,9.77105,9.7584,9.76779
2025-05-19 08:00:00,9.76792,9.77021,9.76284,9.76667
2025-05-19 08:30:00,9.76606,9.77746,9.76481,9.76605
2025-05-19 09:00:00,9.76656,9.77311,9.74735,9.75269
2025-05-19 09:30:00,9.75287,9.76663,9.74278,9.75793
2025-05-19 10:00:00,9.75788,9.76062,9.7152,9.71743
2025-05-19 10:30:00,9.71759,9.72008,9.70177,9.71549
2025-05-19 11:00:00,9.71551,9.73172,9.70538,9.72326
2025-05-19 11:30:00,9.72315,9.73771,9.71449,9.71546
2025-05-19 12:00:00,9.7154,9.72247,9.70049,9.71238
2025-05-19 12:30:00,9.71232,9.71576,9.6837,9.68424
2025-05-19 13:00:00,9.68409,9.69609,9.67555,9.68532
2025-05-19 13:30:00,9.6852,9.69654,9.67375,9.68443
2025-05-19 14:00:00,9.68451,9.68744,9.66592,9.67208
2025-05-19 14:30:00,9.67208,9.683,9.66606,9.6696
2025-05-19 15:00:00,9.66959,9.68216,9.66955,9.67694
2025-05-19 15:30:00,9.67771,9.68627,9.67566,9.68548
2025-05-19 16:00:00,9.6855,9.69552,9.67467,9.67878
2025-05-19 16:30:00,9.67858,9.69512,9.6782,9.68837
2025-05-19 17:00:00,9.68829,9.70019,9.67815,9.68456
2025-05-19 17:30:00,9.68453,9.68665,9.66529,9.68635
2025-05-19 18:00:00,9.68622,9.69139,9.66266,9.67059
2025-05-19 18:30:00,9.67066,9.69131,9.66259,9.68845
2025-05-19 19:00:00,9.68843,9.69026,9.68084,9.68202
2025-05-19 19:30:00,9.68202,9.68977,9.67633,9.68898
2025-05-19 20:00:00,9.68895,9.69947,9.68547,9.69681
2025-05-19 20:30:00,9.69697,9.70074,9.69263,9.69613
2025-05-19 21:00:00,9.69602,9.70156,9.69489,9.69811
2025-05-19 21:30:00,9.69787,9.69877,9.6887,9.69145
2025-05-19 22:00:00,9.69149,9.69358,9.69101,9.6929
2025-05-19 22:30:00,9.69291,9.69526,9.68545,9.68688
2025-05-19 23:00:00,9.68721,9.68805,9.67711,9.68326
2025-05-19 23:30:00,9.68266,9.68846,9.67246,9.67277
2025-05-20 00:00:00,9.67276,9.67859,9.66574,9.67162
2025-05-20 00:30:00,9.67341,9.67959,9.66854,9.67612
2025-05-20 01:00:00,9.67641,9.68387,9.67055,9.67821
2025-05-20 01:30:00,9.67784,9.68482,9.67359,9.68238
2025-05-20 02:00:00,9.67766,9.68882,9.66867,9.6815
2025-05-20 02:30:00,9.68384,9.68987,9.67567,9.68857
2025-05-20 03:00:00,9.68877,9.69923,9.68398,9.69856
2025-05-20 03:30:00,9.6988,9.70225,9.68896,9.68896
2025-05-20 04:00:00,9.68858,9.68914,9.67131,9.67769
2025-05-20 04:30:00,9.67738,9.68623,9.6763,9.68475
2025-05-20 05:00:00,9.6848,9.6848,9.67752,9.68069
2025-05-20 05:30:00,9.68073,9.69701,9.67834,9.69075
2025-05-20 06:00:00,9.69044,9.69316,9.67734,9.67885
2025-05-20 06:30:00,9.67879,9.68005,9.67306,9.67604
2025-05-20 07:00:00,9.67612,9.67826,9.67336,9.67474
2025-05-20 07:30:00,9.67542,9.68191,9.67209,9.67988
2025-05-20 08:00:00,9.67976,9.68181,9.66094,9.66197
2025-05-20 08:30:00,9.66182,9.67218,9.66029,9.66786
2025-05-20 09:00:00,9.66711,9.66974,9.65298,9.66213
2025-05-20 09:30:00,9.66315,9.66462,9.65252,9.65814
2025-05-20 10:00:00,9.65796,9.66003,9.64315,9.65596
2025-05-20 10:30:00,9.65595,9.66487,9.64811,9.64871
2025-05-20 11:00:00,9.65042,9.66644,9.64867,9.6592
2025-05-20 11:30:00,9.65909,9.67018,9.65007,9.65681
2025-05-20 12:00:00,9.65682,9.66235,9.64892,9.66043
2025-05-20 12:30:00,9.66041,9.66931,9.65777,9.66345
2025-05-20 13:00:00,9.66358,9.67742,9.66314,9.67455
2025-05-20 13:30:00,9.67458,9.68256,9.66939,9.679
2025-05-20 14:00:00,9.67899,9.67899,9.66482,9.66976
2025-05-20 14:30:00,9.6698,9.67431,9.66215,9.66843
2025-05-20 15:00:00,9.66914,9.69415,9.66912,9.6886
2025-05-20 15:30:00,9.68809,9.69966,9.68288,9.69172
2025-05-20 16:00:00,9.69205,9.70172,9.69093,9.69114
2025-05-20 16:30:00,9.69109,9.69896,9.67749,9.67988
2025-05-20 17:00:00,9.67971,9.68301,9.64852,9.65568
2025-05-20 17:30:00,9.6557,9.66658,9.65063,9.65395
2025-05-20 18:00:00,9.65366,9.67376,9.65147,9.66109
2025-05-20 18:30:00,9.66112,9.677,9.66107,9.66738
2025-05-20 19:00:00,9.6667,9.67114,9.66114,9.666
2025-05-20 19:30:00,9.66587,9.66778,9.65666,9.65799
2025-05-20 20:00:00,9.65789,9.66142,9.64755,9.65026
2025-05-20 20:30:00,9.65035,9.65513,9.64357,9.64888
2025-05-20 21:00:00,9.6489,9.65544,9.64603,9.64921
2025-05-20 21:30:00,9.6492,9.65803,9.6489,9.65252
2025-05-20 22:00:00,9.65249,9.65397,9.64724,9.64815
2025-05-20 22:30:00,9.64816,9.64914,9.64411,9.64665
2025-05-20 23:00:00,9.64628,9.64874,9.63183,9.63666
2025-05-20 23:30:00,9.63694,9.63899,9.63073,9.63315
2025-05-21 00:00:00,9.62511,9.63292,9.62288,9.62887
2025-05-21 00:30:00,9.62615,9.63829,9.62615,9.63479
2025-05-21 01:00:00,9.63545,9.64165,9.62996,9.6395
2025-05-21 01:30:00,9.63952,9.64231,9.63763,9.64082
2025-05-21 02:00:00,9.64085,9.64092,9.6335,9.63549
2025-05-21 02:30:00,9.63543,9.63756,9.63265,9.63411
2025-05-21 03:00:00,9.63444,9.63666,9.62118,9.62448
2025-05-21 03:30:00,9.62423,9.62924,9.61685,9.6257
2025-05-21 04:00:00,9.62578,9.6311,9.61906,9.63062
2025-05-21 04:30:00,9.63068,9.63224,9.62132,9.62292
2025-05-21 05:00:00,9.62294,9.62396,9.59985,9.60368
2025-05-21 05:30:00,9.60364,9.60644,9.5928,9.59381
2025-05-21 06:00:00,9.59376,9.59821,9.59012,9.59451
2025-05-21 06:30:00,9.59436,9.59449,9.57954,9.58381
2025-05-21 07:00:00,9.58383,9.59292,9.5828,9.59072
2025-05-21 07:30:00,9.59065,9.59569,9.58227,9.59318
2025-05-21 08:00:00,9.59319,9.59983,9.58657,9.58793
2025-05-21 08:30:00,9.58794,9.60167,9.58786,9.59316
2025-05-21 09:00:00,9.59291,9.60263,9.57939,9.58756
2025-05-21 09:30:00,9.58846,9.59747,9.57629,9.59686
2025-05-21 10:00:00,9.59689,9.60976,9.59197,9.5957
2025-05-21 10:30:00,9.59569,9.60338,9.59182,9.59909
2025-05-21 11:00:00,9.59903,9.60148,9.5871,9.58948
2025-05-21 11:30:00,9.58947,9.59899,9.58212,9.58222
2025-05-21 12:00:00,9.58219,9.58304,9.57132,9.57201
2025-05-21 12:30:00,9.57199,9.58079,9.55495,9.56043
2025-05-21 13:00:00,9.56042,9.57446,9.54217,9.54372
2025-05-21 13:30:00,9.54373,9.56792,9.54173,9.56523
2025-05-21 14:00:00,9.56527,9.57986,9.5639,9.5725
2025-05-21 14:30:00,9.57249,9.58462,9.56774,9.58033
2025-05-21 15:00:00,9.57982,9.58467,9.57246,9.57986
2025-05-21 15:30:00,9.57961,9.58189,9.56322,9.56375
2025-05-21 16:00:00,9.56363,9.57836,9.55702,9.57033
2025-05-21 16:30:00,9.57035,9.57405,9.55998,9.5626
2025-05-21 17:00:00,9.56272,9.57251,9.54477,9.56836
2025-05-21 17:30:00,9.56836,9.56918,9.54559,9.55088
2025-05-21 18:00:00,9.55085,9.56656,9.5477,9.56004
2025-05-21 18:30:00,9.56022,9.56076,9.54982,9.55026
2025-05-21 19:00:00,9.55023,9.55032,9.5381,9.54643
2025-05-21 19:30:00,9.54647,9.55105,9.54347,9.54623
2025-05-21 20:00:00,9.54665,9.5487,9.53075,9.54161
2025-05-21 20:30:00,9.54171,9.55917,9.54159,9.55207
2025-05-21 21:00:00,9.55181,9.56456,9.55181,9.56023
2025-05-21 21:30:00,9.56021,9.5658,9.55758,9.56233
2025-05-21 22:00:00,9.56204,9.56889,9.55867,9.56869
2025-05-21 22:30:00,9.5687,9.57733,9.56725,9.57692
2025-05-21 23:00:00,9.57702,9.5842,9.55689,9.56204
2025-05-21 23:30:00,9.56196,9.57436,9.56151,9.5642
2025-05-22 00:00:00,9.55656,9.57146,9.55608,9.56471
2025-05-22 00:30:00,9.5652,9.56941,9.56442,9.56829
2025-05-22 01:00:00,9.56774,9.58413,9.56536,9.57788
2025-05-22 01:30:00,9.57785,9.58433,9.57579,9.58242
2025-05-22 02:00:00,9.58343,9.58956,9.57109,9.57472
2025-05-22 02:30:00,9.57516,9.5792,9.57142,9.57197
2025-05-22 03:00:00,9.57233,9.57356,9.56037,9.56694
2025-05-22 03:30:00,9.56674,9.57317,9.56517,9.57015
2025-05-22 04:00:00,9.57012,9.57693,9.56063,9.56573
2025-05-22 04:30:00,9.56565,9.57309,9.55971,9.56301
2025-05-22 05:00:00,9.56308,9.57079,9.55754,9.56146
2025-05-22 05:30:00,9.56144,9.56279,9.55392,9.56092
2025-05-22 06:00:00,9.56091,9.56236,9.55655,9.56117
2025-05-22 06:30:00,9.56107,9.56638,9.5588,9.56447
2025-05-22 07:00:00,9.56446,9.57009,9.56342,9.56742
2025-05-22 07:30:00,9.56741,9.57122,9.56439,9.56822
2025-05-22 08:00:00,9.56842,9.57375,9.56799,9.57204
2025-05-22 08:30:00,9.57205,9.57911,9.56285,9.56399
2025-05-22 09:00:00,9.564,9.56764,9.55837,9.56405
2025-05-22 09:30:00,9.56429,9.57963,9.5636,9.57446
2025-05-22 10:00:00,9.57462,9.59324,9.56794,9.58766
2025-05-22 10:30:00,9.59211,9.60946,9.58275,9.58354
2025-05-22 11:00:00,9.58343,9.59417,9.56103,9.56758
2025-05-22 11:30:00,9.5677,9.59827,9.5667,9.59737
2025-05-22 12:00:00,9.59739,9.61222,9.59629,9.61081
2025-05-22 12:30:00,9.61083,9.61171,9.59596,9.60549
2025-05-22 13:00:00,9.60564,9.62122,9.59787,9.60381
2025-05-22 13:30:00,9.60383,9.6244,9.60383,9.61997
2025-05-22 14:00:00,9.61994,9.62467,9.596,9.59606
2025-05-22 14:30:00,9.59619,9.60526,9.58877,9.59643
2025-05-22 15:00:00,9.59621,9.60287,9.58552,9.59048
2025-05-22 15:30:00,9.59014,9.61026,9.58857,9.60392
2025-05-22 16:00:00,9.604,9.60423,9.58481,9.59892
2025-05-22 16:30:00,9.59875,9.61855,9.59522,9.61728
2025-05-22 17:00:00,9.61742,9.64096,9.61562,9.62504
2025-05-22 17:30:00,9.62506,9.6335,9.62125,9.6274
2025-05-22 18:00:00,9.62686,9.64323,9.62004,9.62214
2025-05-22 18:30:00,9.62221,9.62886,9.61898,9.62634
2025-05-22 19:00:00,9.6263,9.62901,9.62049,9.62514
2025-05-22 19:30:00,9.62517,9.6371,9.61942,9.63672
2025-05-22 20:00:00,9.63654,9.64714,9.63654,9.64448
2025-05-22 20:30:00,9.64441,9.64584,9.63686,9.63752
2025-05-22 21:00:00,9.63753,9.63869,9.63161,9.63749
2025-05-22 21:30:00,9.63754,9.6391,9.63013,9.63405
2025-05-22 22:00:00,9.63415,9.63556,9.63069,9.63379
2025-05-22 22:30:00,9.63378,9.64161,9.63156,9.6389
2025-05-22 23:00:00,9.63867,9.64036,9.63347,9.63453
2025-05-22 23:30:00,9.63468,9.63682,9.62354,9.62354
2025-05-23 00:00:00,9.6171,9.62809,9.6171,9.62403
2025-05-23 00:30:00,9.62364,9.62992,9.62256,9.62662
2025-05-23 01:00:00,9.62789,9.63739,9.62355,9.63732
2025-05-23 01:30:00,9.63697,9.63949,9.63398,9.63608
2025-05-23 02:00:00,9.63558,9.63871,9.63236,9.63709
2025-05-23 02:30:00,9.63711,9.63857,9.63506,9.63792
2025-05-23 03:00:00,9.63778,9.64315,9.63015,9.63019
2025-05-23 03:30:00,9.6302,9.63116,9.62184,9.62344
2025-05-23 04:00:00,9.62334,9.62619,9.61804,9.62007
2025-05-23 04:30:00,9.61983,9.6209,9.60521,9.61011
2025-05-23 05:00:00,9.60995,9.61355,9.60691,9.61304
2025-05-23 05:30:00,9.61304,9.61555,9.60687,9.60862
2025-05-23 06:00:00,9.60853,9.61034,9.60573,9.6084
2025-05-23 06:30:00,9.60839,9.61206,9.60732,9.6119
2025-05-23 07:00:00,9.61191,9.61606,9.6097,9.61218
2025-05-23 07:30:00,9.61217,9.61217,9.60337,9.60677
2025-05-23 08:00:00,9.60664,9.60713,9.59647,9.59867
2025-05-23 08:30:00,9.59866,9.61318,9.59675,9.60153
2025-05-23 09:00:00,9.60358,9.61789,9.59863,9.61742
2025-05-23 09:30:00,9.61744,9.61934,9.59846,9.60346
2025-05-23 10:00:00,9.60345,9.60609,9.57834,9.57978
2025-05-23 10:30:00,9.57979,9.58367,9.55454,9.56118
2025-05-23 11:00:00,9.56119,9.56478,9.54591,9.56148
2025-05-23 11:30:00,9.56147,9.56603,9.54769,9.54838
2025-05-23 12:00:00,9.54835,9.54979,9.53806,9.5442
2025-05-23 12:30:00,9.54421,9.54602,9.53197,9.53858
2025-05-23 13:00:00,9.53832,9.54378,9.5329,9.54169
2025-05-23 13:30:00,9.5417,9.54609,9.53463,9.53716
2025-05-23 14:00:00,9.5375,9.54536,9.51138,9.5269
2025-05-23 14:30:00,9.52691,9.57802,9.50172,9.55814
2025-05-23 15:00:00,9.55808,9.59013,9.5569,9.55861
2025-05-23 15:30:00,9.55828,9.56753,9.54007,9.55371
2025-05-23 16:00:00,9.55359,9.57358,9.54682,9.56295
2025-05-23 16:30:00,9.56282,9.57111,9.54541,9.56964
2025-05-23 17:00:00,9.56978,9.57383,9.52455,9.53371
2025-05-23 17:30:00,9.5337,9.54293,9.52112,9.52621
2025-05-23 18:00:00,9.52621,9.54606,9.52175,9.54223
2025-05-23 18:30:00,9.54228,9.5423,9.52163,9.52921
2025-05-23 19:00:00,9.53077,9.54105,9.52855,9.5294
2025-05-23 19:30:00,9.52938,9.53078,9.52188,9.52273
2025-05-23 20:00:00,9.52272,9.53299,9.52269,9.5285
2025-05-23 20:30:00,9.52843,9.52921,9.50402,9.51869
2025-05-23 21:00:00,9.51873,9.52209,9.50898,9.51276
2025-05-23 21:30:00,9.51279,9.51625,9.51164,9.51504
2025-05-23 22:00:00,9.5148,9.52159,9.51434,9.51992
2025-05-23 22:30:00,9.51991,9.52591,9.51839,9.51999
2025-05-23 23:00:00,9.52,9.53325,9.51773,9.52223
2025-05-23 23:30:00,9.52346,9.534,9.51559,9.52059
2025-05-26 00:00:00,9.49284,9.50937,9.49205,9.50729
2025-05-26 00:30:00,9.50728,9.5087,9.49953,9.50043
2025-05-26 01:00:00,9.50042,9.52049,9.49358,9.50279
2025-05-26 01:30:00,9.50276,9.5121,9.50018,9.50932
2025-05-26 02:00:00,9.50851,9.50851,9.5045,9.50518
2025-05-26 02:30:00,9.50544,9.51019,9.50427,9.50709
2025-05-26 03:00:00,9.50736,9.51778,9.50265,9.50277
2025-05-26 03:30:00,9.50304,9.5051,9.50078,9.50271
2025-05-26 04:00:00,9.50262,9.50644,9.49433,9.49565
2025-05-26 04:30:00,9.49558,9.49853,9.47587,9.47848
2025-05-26 05:00:00,9.47833,9.48316,9.47151,9.48089
2025-05-26 05:30:00,9.48102,9.48637,9.47631,9.4852
2025-05-26 06:00:00,9.48525,9.49564,9.46564,9.48617
2025-05-26 06:30:00,9.48622,9.48761,9.47435,9.47592
2025-05-26 07:00:00,9.47595,9.48422,9.47563,9.48208
2025-05-26 07:30:00,9.48205,9.48962,9.48026,9.48319
2025-05-26 08:00:00,9.48319,9.48872,9.47948,9.48697
2025-05-26 08:30:00,9.4869,9.49002,9.47552,9.47552
2025-05-26 09:00:00,9.47515,9.4824,9.46893,9.47829
2025-05-26 09:30:00,9.47757,9.47897,9.46716,9.47375
2025-05-26 10:00:00,9.47373,9.48108,9.4662,9.47467
2025-05-26 10:30:00,9.47471,9.48773,9.47413,9.48585
2025-05-26 11:00:00,9.48585,9.50024,9.47822,9.49494
2025-05-26 11:30:00,9.49497,9.5004,9.48763,9.49847
2025-05-26 12:00:00,9.49839,9.50513,9.49791,9.50122
2025-05-26 12:30:00,9.50123,9.51196,9.49168,9.50951
2025-05-26 13:00:00,9.50951,9.51422,9.50526,9.514
2025-05-26 13:30:00,9.51401,9.51624,9.50456,9.50584
2025-05-26 14:00:00,9.50582,9.51547,9.50459,9.51281
2025-05-26 14:30:00,9.51284,9.52445,9.51119,9.51532
2025-05-26 15:00:00,9.51525,9.52964,9.5121,9.52537
2025-05-26 15:30:00,9.52535,9.5278,9.51936,9.52124
2025-05-26 16:00:00,9.52125,9.52301,9.51524,9.52175
2025-05-26 16:30:00,9.52177,9.52513,9.51671,9.51907
2025-05-26 17:00:00,9.51901,9.52378,9.51142,9.51729
2025-05-26 17:30:00,9.51726,9.52167,9.5161,9.51981
2025-05-26 18:00:00,9.5198,9.52597,9.51575,9.5201
2025-05-26 18:30:00,9.52006,9.52334,9.51121,9.51337
2025-05-26 19:00:00,9.5133,9.51907,9.51241,9.51567
2025-05-26 19:30:00,9.5157,9.51677,9.5105,9.51054
2025-05-26 20:00:00,9.51057,9.51518,9.50987,9.51518
2025-05-26 20:30:00,9.51519,9.51845,9.51443,9.51675
2025-05-26 21:00:00,9.51686,9.51724,9.51482,9.51522
2025-05-26 21:30:00,9.51523,9.51638,9.51473,9.51483
2025-05-26 22:00:00,9.51488,9.51577,9.51354,9.5146
2025-05-26 22:30:00,9.51461,9.51497,9.51275,9.51335
2025-05-26 23:00:00,9.5134,9.51346,9.50526,9.51173
2025-05-26 23:30:00,9.51179,9.51291,9.49934,9.49989
2025-05-27 00:00:00,9.49442,9.50436,9.49382,9.50133
2025-05-27 00:30:00,9.50145,9.50847,9.50133,9.50833
2025-05-27 01:00:00,9.50776,9.518,9.49505,9.49744
2025-05-27 01:30:00,9.49906,9.50541,9.49399,9.5
2025-05-27 02:00:00,9.50048,9.51927,9.49578,9.51077
2025-05-27 02:30:00,9.5107,9.51198,9.50644,9.50696
2025-05-27 03:00:00,9.50717,9.50742,9.49065,9.49452
2025-05-27 03:30:00,9.49446,9.49956,9.49152,9.49949
2025-05-27 04:00:00,9.49934,9.50187,9.49051,9.49745
2025-05-27 04:30:00,9.49741,9.51035,9.49007,9.5067
2025-05-27 05:00:00,9.50698,9.51368,9.50186,9.51018
2025-05-27 05:30:00,9.51018,9.51786,9.50699,9.51605
2025-05-27 06:00:00,9.51603,9.5178,9.50845,9.51078
2025-05-27 06:30:00,9.51081,9.51556,9.51019,9.51183
2025-05-27 07:00:00,9.51151,9.52232,9.50869,9.51528
2025-05-27 07:30:00,9.51557,9.52627,9.51378,9.52545
2025-05-27 08:00:00,9.52546,9.53685,9.52452,9.53396
2025-05-27 08:30:00,9.53394,9.53709,9.52435,9.52494
2025-05-27 09:00:00,9.52511,9.52577,9.50593,9.51416
2025-05-27 09:30:00,9.5143,9.53662,9.51012,9.53338
2025-05-27 10:00:00,9.5413,9.55773,9.52733,9.55262
2025-05-27 10:30:00,9.55269,9.5563,9.53374,9.55072
2025-05-27 11:00:00,9.55061,9.56133,9.54582,9.56046
2025-05-27 11:30:00,9.56096,9.56872,9.55571,9.56471
2025-05-27 12:00:00,9.56464,9.5701,9.55689,9.56688
2025-05-27 12:30:00,9.56719,9.57655,9.56186,9.57195
2025-05-27 13:00:00,9.57187,9.57799,9.56299,9.57087
2025-05-27 13:30:00,9.57104,9.57795,9.55919,9.57173
2025-05-27 14:00:00,9.57177,9.57854,9.5683,9.57764
2025-05-27 14:30:00,9.57759,9.57925,9.56889,9.57659
2025-05-27 15:00:00,9.5766,9.58781,9.56985,9.57034
2025-05-27 15:30:00,9.57047,9.57243,9.55692,9.55697
2025-05-27 16:00:00,9.55697,9.56558,9.5519,9.55986
2025-05-27 16:30:00,9.56003,9.62877,9.55988,9.60672
2025-05-27 17:00:00,9.60551,9.67835,9.58875,9.61558
2025-05-27 17:30:00,9.61534,9.62932,9.61506,9.61982
2025-05-27 18:00:00,9.61974,9.6274,9.61206,9.6126
2025-05-27 18:30:00,9.61352,9.63174,9.61257,9.62707
2025-05-27 19:00:00,9.62708,9.62775,9.61227,9.61332
2025-05-27 19:30:00,9.61327,9.6198,9.6112,9.61691
2025-05-27 20:00:00,9.6169,9.61793,9.61046,9.61391
2025-05-27 20:30:00,9.61392,9.617,9.61062,9.61512
2025-05-27 21:00:00,9.61504,9.61914,9.60863,9.60888
2025-05-27 21:30:00,9.60882,9.61087,9.6065,9.60837
2025-05-27 22:00:00,9.60839,9.60972,9.60101,9.6041
2025-05-27 22:30:00,9.60408,9.6173,9.60238,9.61604
2025-05-27 23:00:00,9.61609,9.62592,9.61322,9.62442
2025-05-27 23:30:00,9.6244,9.62449,9.61147,9.61147
2025-05-28 00:00:00,9.60282,9.62174,9.5998,9.61682
2025-05-28 00:30:00,9.6176,9.62333,9.60827,9.60854
2025-05-28 01:00:00,9.60883,9.6158,9.60772,9.61252
2025-05-28 01:30:00,9.61253,9.61429,9.61095,9.61205
2025-05-28 02:00:00,9.61213,9.61734,9.61182,9.61551
2025-05-28 02:30:00,9.61549,9.62076,9.61365,9.61876
2025-05-28 03:00:00,9.6188,9.62026,9.60296,9.60315
2025-05-28 03:30:00,9.60303,9.61402,9.60278,9.61374
2025-05-28 04:00:00,9.61383,9.62782,9.60886,9.6115
2025-05-28 04:30:00,9.61149,9.63407,9.60974,9.63261
2025-05-28 05:00:00,9.6327,9.63439,9.62624,9.6263
2025-05-28 05:30:00,9.62634,9.64312,9.62412,9.63953
2025-05-28 06:00:00,9.63948,9.64721,9.6362,9.64596
2025-05-28 06:30:00,9.646,9.64741,9.63901,9.64422
2025-05-28 07:00:00,9.64421,9.64796,9.6416,9.64667
2025-05-28 07:30:00,9.64664,9.64739,9.6434,9.64595
2025-05-28 08:00:00,9.64596,9.65518,9.64596,9.65177
2025-05-28 08:30:00,9.65172,9.6554,9.63505,9.63749
2025-05-28 09:00:00,9.63787,9.65152,9.63069,9.64833
2025-05-28 09:30:00,9.64832,9.65433,9.63947,9.6487
2025-05-28 10:00:00,9.64866,9.65074,9.62168,9.62391
2025-05-28 10:30:00,9.62399,9.62638,9.59677,9.61163
2025-05-28 11:00:00,9.61116,9.61536,9.60392,9.61031
2025-05-28 11:30:00,9.61031,9.61301,9.59607,9.60309
2025-05-28 12:00:00,9.60317,9.6225,9.60051,9.6047
2025-05-28 12:30:00,9.60476,9.60789,9.59134,9.60437
2025-05-28 13:00:00,9.60436,9.60637,9.58176,9.58561
2025-05-28 13:30:00,9.58557,9.60603,9.58398,9.60426
2025-05-28 14:00:00,9.60427,9.61042,9.59659,9.60286
2025-05-28 14:30:00,9.60285,9.60868,9.59753,9.60721
2025-05-28 15:00:00,9.6072,9.62208,9.6031,9.61512
2025-05-28 15:30:00,9.61517,9.62607,9.61224,9.62254
2025-05-28 16:00:00,9.62253,9.63511,9.6135,9.63275
2025-05-28 16:30:00,9.63276,9.64122,9.62418,9.63154
2025-05-28 17:00:00,9.63165,9.63311,9.60976,9.61508
2025-05-28 17:30:00,9.61506,9.63519,9.6107,9.63309
2025-05-28 18:00:00,9.63289,9.64739,9.62416,9.64394
2025-05-28 18:30:00,9.64364,9.65561,9.64262,9.65227
2025-05-28 19:00:00,9.65226,9.65318,9.63916,9.64126
2025-05-28 19:30:00,9.64108,9.64687,9.64025,9.64177
2025-05-28 20:00:00,9.64189,9.64343,9.63318,9.63546
2025-05-28 20:30:00,9.63548,9.64343,9.63244,9.64244
2025-05-28 21:00:00,9.6425,9.64989,9.63695,9.64895
2025-05-28 21:30:00,9.64902,9.65603,9.64452,9.65027
2025-05-28 22:00:00,9.65026,9.65165,9.6412,9.64681
2025-05-28 22:30:00,9.64682,9.65006,9.64564,9.64635
2025-05-28 23:00:00,9.64652,9.65089,9.64375,9.64887
2025-05-28 23:30:00,9.64883,9.65317,9.64108,9.64108
2025-05-29 00:00:00,9.64741,9.65049,9.64351,9.6464
2025-05-29 00:30:00,9.64646,9.65089,9.635,9.63716
2025-05-29 01:00:00,9.63369,9.64036,9.632,9.63592
2025-05-29 01:30:00,9.63582,9.65015,9.63459,9.64568
2025-05-29 02:00:00,9.64597,9.67193,9.64499,9.66298
2025-05-29 02:30:00,9.66292,9.71937,9.66069,9.69941
2025-05-29 03:00:00,9.69939,9.70397,9.67932,9.68232
2025-05-29 03:30:00,9.68228,9.70173,9.68086,9.69342
2025-05-29 04:00:00,9.69352,9.70874,9.69221,9.69704
2025-05-29 04:30:00,9.69705,9.69931,9.68246,9.68341
2025-05-29 05:00:00,9.6834,9.69352,9.68247,9.6877
2025-05-29 05:30:00,9.68773,9.69033,9.67891,9.69019
2025-05-29 06:00:00,9.69013,9.693,9.68052,9.68414
2025-05-29 06:30:00,9.68423,9.68891,9.68089,9.68774
2025-05-29 07:00:00,9.688,9.6924,9.68254,9.68303
2025-05-29 07:30:00,9.68296,9.6855,9.67754,9.67828
2025-05-29 08:00:00,9.67829,9.68395,9.67584,9.68036
2025-05-29 08:30:00,9.68034,9.69032,9.67638,9.67658
2025-05-29 09:00:00,9.67643,9.68464,9.65727,9.66083
2025-05-29 09:30:00,9.66081,9.67133,9.65619,9.66226
2025-05-29 10:00:00,9.66227,9.66275,9.63774,9.64185
2025-05-29 10:30:00,9.64181,9.65329,9.63304,9.64078
2025-05-29 11:00:00,9.64089,9.65366,9.63689,9.65242
2025-05-29 11:30:00,9.6521,9.65848,9.64661,9.65134
2025-05-29 12:00:00,9.65157,9.65345,9.63907,9.64077
2025-05-29 12:30:00,9.64078,9.64585,9.63267,9.64227
2025-05-29 13:00:00,9.64228,9.64286,9.63027,9.63226
2025-05-29 13:30:00,9.63216,9.64433,9.6292,9.63337
2025-05-29 14:00:00,9.63336,9.63659,9.62627,9.63361
2025-05-29 14:30:00,9.6336,9.64824,9.63038,9.64614
2025-05-29 15:00:00,9.64618,9.64832,9.61577,9.61707
2025-05-29 15:30:00,9.61705,9.62182,9.57046,9.57355
2025-05-29 16:00:00,9.5735,9.58119,9.56052,9.56634
2025-05-29 16:30:00,9.56633,9.58381,9.56391,9.57709
2025-05-29 17:00:00,9.57685,9.5789,9.55502,9.57277
2025-05-29 17:30:00,9.57279,9.57797,9.55389,9.56316
2025-05-29 18:00:00,9.56318,9.56888,9.55734,9.56147
2025-05-29 18:30:00,9.56126,9.56324,9.55214,9.55353
2025-05-29 19:00:00,9.55303,9.55847,9.54347,9.55609
2025-05-29 19:30:00,9.55601,9.55912,9.5473,9.55201
2025-05-29 20:00:00,9.55216,9.56244,9.55162,9.56058
2025-05-29 20:30:00,9.56054,9.56067,9.53814,9.54972
2025-05-29 21:00:00,9.54976,9.54999,9.53639,9.54503
2025-05-29 21:30:00,9.54504,9.55178,9.54278,9.55074
2025-05-29 22:00:00,9.55076,9.55724,9.54735,9.55055
2025-05-29 22:30:00,9.55054,9.55836,9.55037,9.55502
2025-05-29 23:00:00,9.55467,9.5677,9.55467,9.56139
2025-05-29 23:30:00,9.56106,9.5646,9.53933,9.53937
2025-05-30 00:00:00,9.53978,9.55709,9.53978,9.55706
2025-05-30 00:30:00,9.55707,9.55724,9.54445,9.54527
2025-05-30 01:00:00,9.54508,9.55331,9.54081,9.54601
2025-05-30 01:30:00,9.54725,9.55616,9.5431,9.5482
2025-05-30 02:00:00,9.54746,9.55151,9.54458,9.55015
2025-05-30 02:30:00,9.5506,9.55416,9.54854,9.54944
2025-05-30 03:00:00,9.5492,9.55036,9.54242,9.54526
2025-05-30 03:30:00,9.54543,9.55809,9.54494,9.55081
2025-05-30 04:00:00,9.55071,9.55077,9.53261,9.54508
2025-05-30 04:30:00,9.54546,9.57795,9.54506,9.57635
2025-05-30 05:00:00,9.57632,9.57955,9.57334,9.57646
2025-05-30 05:30:00,9.57685,9.58328,9.57641,9.58315
2025-05-30 06:00:00,9.58314,9.58318,9.56963,9.57404
2025-05-30 06:30:00,9.57408,9.58127,9.5685,9.57558
2025-05-30 07:00:00,9.57554,9.57554,9.56892,9.57287
2025-05-30 07:30:00,9.57288,9.57864,9.57113,9.57798
2025-05-30 08:00:00,9.57796,9.58744,9.57464,9.57541
2025-05-30 08:30:00,9.57564,9.58184,9.56435,9.56435
2025-05-30 09:00:00,9.56422,9.59219,9.56268,9.58779
2025-05-30 09:30:00,9.58779,9.59202,9.56809,9.57921
2025-05-30 10:00:00,9.57932,9.60374,9.57848,9.59332
2025-05-30 10:30:00,9.59334,9.5994,9.58128,9.58643
2025-05-30 11:00:00,9.58659,9.60566,9.57489,9.59326
2025-05-30 11:30:00,9.59324,9.60533,9.58503,9.60439
2025-05-30 12:00:00,9.60434,9.61033,9.59244,9.60335
2025-05-30 12:30:00,9.60382,9.60979,9.59566,9.59848
2025-05-30 13:00:00,9.59845,9.60381,9.58141,9.59291
2025-05-30 13:30:00,9.59289,9.59948,9.58467,9.59441
2025-05-30 14:00:00,9.59388,9.59504,9.57972,9.58256
2025-05-30 14:30:00,9.58237,9.59601,9.57499,9.57929
2025-05-30 15:00:00,9.57934,9.58797,9.57174,9.57469
2025-05-30 15:30:00,9.57746,9.58733,9.56619,9.58021
2025-05-30 16:00:00,9.58017,9.61046,9.57718,9.60936
2025-05-30 16:30:00,9.60931,9.61996,9.59199,9.61697
2025-05-30 17:00:00,9.61808,9.62998,9.60514,9.62685
2025-05-30 17:30:00,9.6269,9.63361,9.59902,9.60268
2025-05-30 18:00:00,9.60269,9.60877,9.58719,9.58942
2025-05-30 18:30:00,9.58945,9.59705,9.5806,9.59541
2025-05-30 19:00:00,9.59478,9.5967,9.5788,9.59526
2025-05-30 19:30:00,9.59528,9.60706,9.59352,9.59505
2025-05-30 20:00:00,9.59503,9.59503,9.57799,9.58346
2025-05-30 20:30:00,9.58349,9.58448,9.57293,9.58309
2025-05-30 21:00:00,9.58303,9.5841,9.57227,9.5758
2025-05-30 21:30:00,9.57583,9.57973,9.57219,9.57631
2025-05-30 22:00:00,9.57623,9.58338,9.57129,9.58296
2025-05-30 22:30:00,9.58297,9.59147,9.58233,9.58334
2025-05-30 23:00:00,9.58335,9.59322,9.58215,9.59154
2025-05-30 23:30:00,9.59143,9.59655,9.57927,9.58099
2025-06-02 00:00:00,9.56562,9.58476,9.56562,9.58087
2025-06-02 00:30:00,9.58086,9.58571,9.57946,9.58096
2025-06-02 01:00:00,9.58123,9.58619,9.56697,9.57805
2025-06-02 01:30:00,9.57803,9.57997,9.5755,9.57647
2025-06-02 02:00:00,9.57594,9.58231,9.5755,9.57781
2025-06-02 02:30:00,9.57764,9.5805,9.57586,9.57966
2025-06-02 03:00:00,9.58033,9.58033,9.5536,9.55816
2025-06-02 03:30:00,9.55809,9.56283,9.55667,9.5613
2025-06-02 04:00:00,9.56145,9.56217,9.54961,9.54986
2025-06-02 04:30:00,9.54988,9.56043,9.5485,9.56014
2025-06-02 05:00:00,9.5601,9.56423,9.55584,9.56311
2025-06-02 05:30:00,9.56309,9.57062,9.55631,9.56799
2025-06-02 06:00:00,9.56806,9.57977,9.56612,9.57909
2025-06-02 06:30:00,9.57944,9.5841,9.57648,9.57724
2025-06-02 07:00:00,9.57729,9.58033,9.57495,9.57532
2025-06-02 07:30:00,9.57528,9.57923,9.57407,9.5754
2025-06-02 08:00:00,9.57541,9.57625,9.57052,9.57111
2025-06-02 08:30:00,9.57151,9.5742,9.56328,9.56621
2025-06-02 09:00:00,9.56623,9.57609,9.54876,9.54876
2025-06-02 09:30:00,9.54869,9.55016,9.49688,9.53602
2025-06-02 10:00:00,9.53602,9.54088,9.51292,9.52124
2025-06-02 10:30:00,9.52123,9.52529,9.48835,9.50306
2025-06-02 11:00:00,9.50381,9.513,9.49717,9.5085
2025-06-02 11:30:00,9.50843,9.51226,9.50065,9.51052
2025-06-02 12:00:00,9.51049,9.51058,9.48926,9.49827
2025-06-02 12:30:00,9.49826,9.51103,9.49549,9.50778
2025-06-02 13:00:00,9.50777,9.51773,9.50409,9.51698
2025-06-02 13:30:00,9.517,9.52822,9.51196,9.52146
2025-06-02 14:00:00,9.5214,9.52296,9.50004,9.50763
2025-06-02 14:30:00,9.50761,9.51601,9.50298,9.51273
2025-06-02 15:00:00,9.51268,9.51413,9.50179,9.50282
2025-06-02 15:30:00,9.50281,9.51616,9.49597,9.51417
2025-06-02 16:00:00,9.51417,9.53282,9.51411,9.52924
2025-06-02 16:30:00,9.52925,9.53473,9.51843,9.52239
2025-06-02 17:00:00,9.51851,9.52892,9.50892,9.51815
2025-06-02 17:30:00,9.51816,9.53617,9.51011,9.53361
2025-06-02 18:00:00,9.53364,9.5398,9.52871,9.53606
2025-06-02 18:30:00,9.53607,9.54069,9.52831,9.53646
2025-06-02 19:00:00,9.53572,9.54456,9.5345,9.54215
2025-06-02 19:30:00,9.54216,9.54968,9.53962,9.54392
2025-06-02 20:00:00,9.54398,9.54803,9.53195,9.54624
2025-06-02 20:30:00,9.54639,9.54697,9.53863,9.54314
2025-06-02 21:00:00,9.54318,9.54577,9.53818,9.54018
2025-06-02 21:30:00,9.54014,9.54155,9.52262,9.5262
2025-06-02 22:00:00,9.52624,9.53207,9.52364,9.52591
2025-06-02 22:30:00,9.52601,9.52923,9.52134,9.52185
2025-06-02 23:00:00,9.52207,9.52391,9.51746,9.52115
2025-06-02 23:30:00,9.52126,9.52333,9.5103,9.5103
2025-06-03 00:00:00,9.5111,9.5177,9.50686,9.51612
2025-06-03 00:30:00,9.51613,9.52387,9.51539,9.51824
2025-06-03 01:00:00,9.51825,9.52249,9.51413,9.51722
2025-06-03 01:30:00,9.51744,9.52023,9.51404,9.51758
2025-06-03 02:00:00,9.51747,9.51751,9.51132,9.51466
2025-06-03 02:30:00,9.51504,9.51686,9.51178,9.51591
2025-06-03 03:00:00,9.51638,9.53135,9.51638,9.52968
2025-06-03 03:30:00,9.5296,9.53465,9.52661,9.52981
2025-06-03 04:00:00,9.52983,9.537,9.52837,9.53474
2025-06-03 04:30:00,9.53473,9.53911,9.52945,9.53695
2025-06-03 05:00:00,9.53694,9.5416,9.53067,9.53435
2025-06-03 05:30:00,9.53434,9.54464,9.53334,9.53864
2025-06-03 06:00:00,9.53869,9.54539,9.53647,9.54465
2025-06-03 06:30:00,9.54466,9.55052,9.54424,9.54872
2025-06-03 07:00:00,9.54866,9.55104,9.54666,9.54768
2025-06-03 07:30:00,9.54755,9.54833,9.54337,9.54408
2025-06-03 08:00:00,9.54416,9.55332,9.54344,9.55259
2025-06-03 08:30:00,9.55252,9.55686,9.54495,9.54528
2025-06-03 09:00:00,9.54518,9.54933,9.53309,9.54054
2025-06-03 09:30:00,9.54057,9.5588,9.53939,9.54096
2025-06-03 10:00:00,9.541,9.55463,9.54065,9.55292
2025-06-03 10:30:00,9.55296,9.57532,9.55274,9.57169
2025-06-03 11:00:00,9.57169,9.58281,9.56969,9.58215
2025-06-03 11:30:00,9.58247,9.58265,9.57351,9.58054
2025-06-03 12:00:00,9.58056,9.59101,9.56156,9.56394
2025-06-03 12:30:00,9.5639,9.56903,9.55702,9.56424
2025-06-03 13:00:00,9.56434,9.5852,9.56344,9.58132
2025-06-03 13:30:00,9.58136,9.59494,9.57589,9.59175
2025-06-03 14:00:00,9.59169,9.59816,9.58787,9.594
2025-06-03 14:30:00,9.59403,9.59629,9.58048,9.58515
2025-06-03 15:00:00,9.58481,9.60338,9.58095,9.60041
2025-06-03 15:30:00,9.60053,9.60879,9.59684,9.60014
2025-06-03 16:00:00,9.60003,9.6077,9.59453,9.60712
2025-06-03 16:30:00,9.60708,9.62406,9.59626,9.61377
2025-06-03 17:00:00,9.61359,9.63921,9.61308,9.61621
2025-06-03 17:30:00,9.61615,9.6165,9.60391,9.60706
2025-06-03 18:00:00,9.60702,9.61872,9.60482,9.61387
2025-06-03 18:30:00,9.6139,9.61768,9.60482,9.61632
2025-06-03 19:00:00,9.61541,9.61703,9.60737,9.61621
2025-06-03 19:30:00,9.61617,9.62984,9.61617,9.61943
2025-06-03 20:00:00,9.6194,9.61998,9.60697,9.61659
2025-06-03 20:30:00,9.61656,9.62147,9.61209,9.61468
2025-06-03 21:00:00,9.61443,9.62447,9.61443,9.62182
2025-06-03 21:30:00,9.62176,9.62857,9.62087,9.62157
2025-06-03 22:00:00,9.62167,9.62279,9.61773,9.62167
2025-06-03 22:30:00,9.62158,9.63295,9.61936,9.6284
2025-06-03 23:00:00,9.62839,9.62924,9.62541,9.62842
2025-06-03 23:30:00,9.62827,9.62827,9.61357,9.61357
2025-06-04 00:00:00,9.61006,9.62108,9.607,9.61234
2025-06-04 00:30:00,9.61288,9.62724,9.60997,9.61176
2025-06-04 01:00:00,9.6091,9.61978,9.6091,9.61847
2025-06-04 01:30:00,9.61846,9.6195,9.61558,9.61679
2025-06-04 02:00:00,9.61678,9.61962,9.61542,9.61847
2025-06-04 02:30:00,9.61848,9.6191,9.61268,9.61346
2025-06-04 03:00:00,9.61443,9.61823,9.61013,9.61258
2025-06-04 03:30:00,9.61284,9.6167,9.60895,9.61235
2025-06-04 04:00:00,9.61224,9.61808,9.60448,9.60862
2025-06-04 04:30:00,9.60834,9.61019,9.60027,9.60611
2025-06-04 05:00:00,9.60612,9.61151,9.60376,9.61055
2025-06-04 05:30:00,9.61051,9.61726,9.61045,9.61518
2025-06-04 06:00:00,9.61522,9.61619,9.60815,9.61372
2025-06-04 06:30:00,9.61373,9.62498,9.6137,9.62197
2025-06-04 07:00:00,9.62196,9.62285,9.60515,9.60826
2025-06-04 07:30:00,9.60829,9.62028,9.60748,9.61862
2025-06-04 08:00:00,9.61864,9.62225,9.61369,9.61756
2025-06-04 08:30:00,9.61754,9.62751,9.61616,9.62216
2025-06-04 09:00:00,9.62209,9.62392,9.61292,9.61355
2025-06-04 09:30:00,9.61347,9.61564,9.60114,9.60114
2025-06-04 10:00:00,9.60111,9.60139,9.58168,9.5835
2025-06-04 10:30:00,9.58349,9.59539,9.58126,9.59529
2025-06-04 11:00:00,9.59791,9.60934,9.58688,9.60659
2025-06-04 11:30:00,9.60537,9.60566,9.5799,9.58613
2025-06-04 12:00:00,9.58584,9.60181,9.58573,9.59984
2025-06-04 12:30:00,9.5999,9.61312,9.59972,9.60739
2025-06-04 13:00:00,9.60735,9.61009,9.59988,9.60678
2025-06-04 13:30:00,9.60681,9.61335,9.6058,9.60994
2025-06-04 14:00:00,9.61,9.61598,9.60225,9.60907
2025-06-04 14:30:00,9.60908,9.61079,9.60253,9.6103
2025-06-04 15:00:00,9.60992,9.61431,9.58829,9.59825
2025-06-04 15:30:00,9.59783,9.60371,9.58096,9.58723
2025-06-04 16:00:00,9.58712,9.59848,9.58229,9.59771
2025-06-04 16:30:00,9.59778,9.6045,9.59096,9.6011
2025-06-04 17:00:00,9.59856,9.59856,9.57234,9.58406
2025-06-04 17:30:00,9.58404,9.58597,9.57135,9.57428
2025-06-04 18:00:00,9.57447,9.58743,9.57187,9.57875
2025-06-04 18:30:00,9.57892,9.58583,9.56954,9.57102
2025-06-04 19:00:00,9.57065,9.57799,9.56803,9.56847
2025-06-04 19:30:00,9.5686,9.57062,9.55704,9.55803
2025-06-04 20:00:00,9.55807,9.56916,9.55788,9.5682
2025-06-04 20:30:00,9.56821,9.56846,9.56019,9.56669
2025-06-04 21:00:00,9.56666,9.56971,9.56308,9.5665
2025-06-04 21:30:00,9.56651,9.57407,9.56651,9.57073
2025-06-04 22:00:00,9.57093,9.57891,9.56999,9.57761
2025-06-04 22:30:00,9.57753,9.58779,9.57572,9.58494
2025-06-04 23:00:00,9.58458,9.58528,9.5767,9.57777
2025-06-04 23:30:00,9.57731,9.58192,9.56824,9.56824
2025-06-05 00:00:00,9.56173,9.57548,9.56173,9.57108
2025-06-05 00:30:00,9.57111,9.57904,9.56538,9.56953
2025-06-05 01:00:00,9.56917,9.58279,9.5515,9.57861
2025-06-05 01:30:00,9.57826,9.58179,9.57552,9.5794
2025-06-05 02:00:00,9.57917,9.58091,9.57335,9.57525
2025-06-05 02:30:00,9.57523,9.58253,9.57457,9.57899
2025-06-05 03:00:00,9.57895,9.58544,9.57079,9.57193
2025-06-05 03:30:00,9.57202,9.57634,9.56696,9.57022
2025-06-05 04:00:00,9.57013,9.58098,9.56166,9.57785
2025-06-05 04:30:00,9.57783,9.58704,9.57752,9.583
2025-06-05 05:00:00,9.58286,9.58936,9.5822,9.58341
2025-06-05 05:30:00,9.5834,9.58573,9.57813,9.57904
2025-06-05 06:00:00,9.57903,9.58369,9.57515,9.57647
2025-06-05 06:30:00,9.57631,9.59023,9.57374,9.58825
2025-06-05 07:00:00,9.58822,9.59446,9.58299,9.58824
2025-06-05 07:30:00,9.58825,9.59231,9.58564,9.58851
2025-06-05 08:00:00,9.58849,9.59261,9.58633,9.59051
2025-06-05 08:30:00,9.59061,9.59976,9.58917,9.59559
2025-06-05 09:00:00,9.59384,9.60681,9.58988,9.60288
2025-06-05 09:30:00,9.60287,9.60953,9.59255,9.60628
2025-06-05 10:00:00,9.60629,9.60907,9.58477,9.5935
2025-06-05 10:30:00,9.59345,9.60298,9.58892,9.59417
2025-06-05 11:00:00,9.59415,9.59706,9.58518,9.58768
2025-06-05 11:30:00,9.58771,9.5947,9.58623,9.59104
2025-06-05 12:00:00,9.59105,9.59792,9.58086,9.58371
2025-06-05 12:30:00,9.58369,9.5888,9.57833,9.57833
2025-06-05 13:00:00,9.57834,9.57985,9.56908,9.57067
2025-06-05 13:30:00,9.57066,9.58128,9.56854,9.57916
2025-06-05 14:00:00,9.57917,9.58732,9.57421,9.58001
2025-06-05 14:30:00,9.58001,9.58424,9.57214,9.57293
2025-06-05 15:00:00,9.57316,9.5794,9.55802,9.55802
2025-06-05 15:30:00,9.55715,9.57288,9.53968,9.56765
2025-06-05 16:00:00,9.56847,9.57574,9.51648,9.51939
2025-06-05 16:30:00,9.51939,9.54492,9.51725,9.54154
2025-06-05 17:00:00,9.54089,9.55609,9.53692,9.54978
2025-06-05 17:30:00,9.54952,9.55868,9.53724,9.55422
2025-06-05 18:00:00,9.55421,9.5675,9.55038,9.55994
2025-06-05 18:30:00,9.56012,9.57507,9.56012,9.57267
2025-06-05 19:00:00,9.57239,9.58049,9.56764,9.57119
2025-06-05 19:30:00,9.57106,9.5737,9.55663,9.55715
2025-06-05 20:00:00,9.55745,9.56308,9.55553,9.56137
2025-06-05 20:30:00,9.56131,9.56903,9.5576,9.56339
2025-06-05 21:00:00,9.56337,9.57026,9.56019,9.56537
2025-06-05 21:30:00,9.56538,9.57245,9.56234,9.5672
2025-06-05 22:00:00,9.56732,9.5728,9.56178,9.56619
2025-06-05 22:30:00,9.56621,9.57505,9.56571,9.57186
2025-06-05 23:00:00,9.57173,9.57394,9.5655,9.56772
2025-06-05 23:30:00,9.56784,9.56909,9.56032,9.56032
2025-06-06 00:00:00,9.56063,9.56421,9.55098,9.56051
2025-06-06 00:30:00,9.56054,9.56608,9.55487,9.56362
2025-06-06 01:00:00,9.56243,9.56615,9.55923,9.56236
2025-06-06 01:30:00,9.56242,9.56713,9.55865,9.56159
2025-06-06 02:00:00,9.56157,9.56955,9.5578,9.56723
2025-06-06 02:30:00,9.56818,9.56997,9.56505,9.56707
2025-06-06 03:00:00,9.5671,9.57041,9.56314,9.56987
2025-06-06 03:30:00,9.56993,9.57331,9.56555,9.57233
2025-06-06 04:00:00,9.57235,9.57531,9.56565,9.56629
2025-06-06 04:30:00,9.56626,9.57374,9.56603,9.57305
2025-06-06 05:00:00,9.57302,9.58277,9.57187,9.5814
2025-06-06 05:30:00,9.58139,9.58439,9.57875,9.58115
2025-06-06 06:00:00,9.58117,9.583,9.57822,9.57968
2025-06-06 06:30:00,9.57971,9.58011,9.57613,9.58011
2025-06-06 07:00:00,9.58,9.5817,9.5773,9.58085
2025-06-06 07:30:00,9.58096,9.58374,9.57715,9.58111
2025-06-06 08:00:00,9.58108,9.59076,9.58092,9.58973
2025-06-06 08:30:00,9.58977,9.5921,9.58138,9.58225
2025-06-06 09:00:00,9.58178,9.59837,9.58008,9.59125
2025-06-06 09:30:00,9.59183,9.59287,9.57854,9.58484
2025-06-06 10:00:00,9.58457,9.59562,9.57947,9.59278
2025-06-06 10:30:00,9.59274,9.59435,9.58516,9.58855
2025-06-06 11:00:00,9.5887,9.59976,9.58854,9.59767
2025-06-06 11:30:00,9.5977,9.60842,9.5965,9.60099
2025-06-06 12:00:00,9.60094,9.60968,9.59995,9.60072
2025-06-06 12:30:00,9.60082,9.6049,9.59745,9.59815
2025-06-06 13:00:00,9.59814,9.60374,9.59595,9.59762
2025-06-06 13:30:00,9.59763,9.6015,9.5918,9.59582
2025-06-06 14:00:00,9.59547,9.59932,9.59339,9.59567
2025-06-06 14:30:00,9.59568,9.59802,9.59059,9.59502
2025-06-06 15:00:00,9.59499,9.61547,9.59312,9.60043
2025-06-06 15:30:00,9.59925,9.62945,9.58495,9.62591
2025-06-06 16:00:00,9.62589,9.64967,9.61607,9.64319
2025-06-06 16:30:00,9.64318,9.64449,9.62616,9.63451
2025-06-06 17:00:00,9.63437,9.63953,9.61043,9.61485
2025-06-06 17:30:00,9.61506,9.6483,9.61255,9.64365
2025-06-06 18:00:00,9.64357,9.65387,9.64024,9.6439
2025-06-06 18:30:00,9.64388,9.64614,9.63726,9.64067
2025-06-06 19:00:00,9.64006,9.64356,9.63502,9.6434
2025-06-06 19:30:00,9.64341,9.65135,9.63984,9.64996
2025-06-06 20:00:00,9.64997,9.65268,9.64036,9.64541
2025-06-06 20:30:00,9.64534,9.65296,9.64378,9.64511
2025-06-06 21:00:00,9.64519,9.64554,9.63866,9.64167
2025-06-06 21:30:00,9.64138,9.64557,9.63788,9.64114
2025-06-06 22:00:00,9.64115,9.6414,9.63386,9.63918
2025-06-06 22:30:00,9.63919,9.64823,9.63888,9.64385
2025-06-06 23:00:00,9.64388,9.64657,9.6421,9.64606
2025-06-06 23:30:00,9.64545,9.6467,9.6343,9.6353
2025-06-09 00:00:00,9.6057,9.6196,9.6057,9.61633
2025-06-09 00:30:00,9.61499,9.62869,9.61499,9.6244
2025-06-09 01:00:00,9.6237,9.62375,9.60833,9.61416
2025-06-09 01:30:00,9.61157,9.6194,9.59063,9.59479
2025-06-09 02:00:00,9.59215,9.6062,9.58843,9.59977
2025-06-09 02:30:00,9.59961,9.63149,9.58883,9.63146
2025-06-09 03:00:00,9.63155,9.64036,9.62943,9.63817
2025-06-09 03:30:00,9.63822,9.64562,9.63439,9.64524
2025-06-09 04:00:00,9.64523,9.64523,9.6302,9.63169
2025-06-09 04:30:00,9.63157,9.63273,9.62039,9.62223
2025-06-09 05:00:00,9.62197,9.62382,9.61319,9.61563
2025-06-09 05:30:00,9.61576,9.62228,9.61472,9.62205
2025-06-09 06:00:00,9.62225,9.62489,9.61945,9.6242
2025-06-09 06:30:00,9.62431,9.62741,9.62186,9.62664
2025-06-09 07:00:00,9.62665,9.63115,9.62359,9.62933
2025-06-09 07:30:00,9.62937,9.63017,9.62297,9.62386
2025-06-09 08:00:00,9.62379,9.62481,9.6214,9.62254
2025-06-09 08:30:00,9.62253,9.63064,9.61626,9.61718
2025-06-09 09:00:00,9.61716,9.62062,9.61422,9.61678
2025-06-09 09:30:00,9.61679,9.61762,9.59363,9.5941
2025-06-09 10:00:00,9.59402,9.60543,9.59156,9.60251
2025-06-09 10:30:00,9.6025,9.61229,9.59779,9.60902
2025-06-09 11:00:00,9.60898,9.61548,9.60199,9.60214
2025-06-09 11:30:00,9.602,9.60416,9.59402,9.60351
2025-06-09 12:00:00,9.60352,9.60422,9.59243,9.60071
2025-06-09 12:30:00,9.60073,9.6082,9.59852,9.60721
2025-06-09 13:00:00,9.60664,9.60984,9.60075,9.60481
2025-06-09 13:30:00,9.60482,9.61101,9.60316,9.60456
2025-06-09 14:00:00,9.60459,9.61441,9.6036,9.61152
2025-06-09 14:30:00,9.61151,9.62263,9.60722,9.61031
2025-06-09 15:00:00,9.61032,9.61774,9.60822,9.61319
2025-06-09 15:30:00,9.61321,9.62635,9.60984,9.61885
2025-06-09 16:00:00,9.61918,9.62733,9.61615,9.61744
2025-06-09 16:30:00,9.61746,9.61981,9.61063,9.61425
2025-06-09 17:00:00,9.61427,9.61894,9.60573,9.60793
2025-06-09 17:30:00,9.6079,9.61627,9.60134,9.6041
2025-06-09 18:00:00,9.604,9.606,9.59762,9.59989
2025-06-09 18:30:00,9.59995,9.60006,9.58855,9.59062
2025-06-09 19:00:00,9.59036,9.60024,9.58996,9.59449
2025-06-09 19:30:00,9.5945,9.59695,9.58798,9.58803
2025-06-09 20:00:00,9.58786,9.595,9.58745,9.58954
2025-06-09 20:30:00,9.58953,9.59281,9.58538,9.59177
2025-06-09 21:00:00,9.59178,9.59401,9.5847,9.58488
2025-06-09 21:30:00,9.58487,9.58604,9.58255,9.58584
2025-06-09 22:00:00,9.5859,9.58919,9.58143,9.58465
2025-06-09 22:30:00,9.58471,9.5909,9.58415,9.5909
2025-06-09 23:00:00,9.59092,9.59316,9.5871,9.59175
2025-06-09 23:30:00,9.59147,9.59282,9.58366,9.58368
2025-06-10 00:00:00,9.569,9.58042,9.56456,9.57962
2025-06-10 00:30:00,9.57963,9.58738,9.57883,9.58071
2025-06-10 01:00:00,9.58052,9.58914,9.58052,9.58787
2025-06-10 01:30:00,9.58784,9.59029,9.58608,9.58825
2025-06-10 02:00:00,9.58867,9.59192,9.58053,9.58469
2025-06-10 02:30:00,9.58467,9.58763,9.5833,9.58481
2025-06-10 03:00:00,9.58486,9.58946,9.57956,9.58091
2025-06-10 03:30:00,9.58095,9.58759,9.58034,9.58533
2025-06-10 04:00:00,9.58513,9.597,9.57971,9.59284
2025-06-10 04:30:00,9.59281,9.61388,9.58913,9.6106
2025-06-10 05:00:00,9.61074,9.62004,9.61053,9.61457
2025-06-10 05:30:00,9.61475,9.61513,9.60731,9.60794
2025-06-10 06:00:00,9.60795,9.61884,9.60324,9.60496
2025-06-10 06:30:00,9.60493,9.60932,9.60234,9.60579
2025-06-10 07:00:00,9.60578,9.61714,9.60451,9.61601
2025-06-10 07:30:00,9.61628,9.6196,9.61284,9.61402
2025-06-10 08:00:00,9.61406,9.61726,9.60596,9.61051
2025-06-10 08:30:00,9.61047,9.61589,9.60157,9.6045
2025-06-10 09:00:00,9.60933,9.62134,9.60239,9.60689
2025-06-10 09:30:00,9.60668,9.62007,9.60105,9.6165
2025-06-10 10:00:00,9.6169,9.63704,9.61102,9.61754
2025-06-10 10:30:00,9.61755,9.62701,9.61435,9.62682
2025-06-10 11:00:00,9.62669,9.62707,9.60943,9.6123
2025-06-10 11:30:00,9.61214,9.61426,9.60096,9.60332
2025-06-10 12:00:00,9.60332,9.60539,9.59445,9.60173
2025-06-10 12:30:00,9.60169,9.60232,9.58446,9.58532
2025-06-10 13:00:00,9.58549,9.58981,9.57666,9.57759
2025-06-10 13:30:00,9.57758,9.5843,9.57708,9.58009
2025-06-10 14:00:00,9.58006,9.58338,9.57304,9.5769
2025-06-10 14:30:00,9.57689,9.58026,9.57056,9.5746
2025-06-10 15:00:00,9.57458,9.58283,9.56827,9.57801
2025-06-10 15:30:00,9.57799,9.58264,9.5699,9.57838
2025-06-10 16:00:00,9.57841,9.5807,9.56542,9.56981
2025-06-10 16:30:00,9.56983,9.57407,9.56392,9.5675
2025-06-10 17:00:00,9.56752,9.57196,9.5638,9.56594
2025-06-10 17:30:00,9.56574,9.59041,9.56409,9.58529
2025-06-10 18:00:00,9.58523,9.60735,9.58342,9.60458
2025-06-10 18:30:00,9.60454,9.6071,9.59804,9.59814
2025-06-10 19:00:00,9.5976,9.61028,9.59234,9.60795
2025-06-10 19:30:00,9.60796,9.61112,9.59948,9.60125
2025-06-10 20:00:00,9.6012,9.60693,9.59575,9.6024
2025-06-10 20:30:00,9.60241,9.60542,9.59675,9.60283
2025-06-10 21:00:00,9.60277,9.60904,9.6011,9.60293
2025-06-10 21:30:00,9.60295,9.60411,9.59788,9.60221
2025-06-10 22:00:00,9.60224,9.60444,9.59255,9.59691
2025-06-10 22:30:00,9.59692,9.59808,9.58811,9.59501
2025-06-10 23:00:00,9.59492,9.60185,9.59004,9.60097
2025-06-10 23:30:00,9.6009,9.60138,9.58832,9.58988
2025-06-11 00:00:00,9.58533,9.5901,9.58386,9.58581
2025-06-11 00:30:00,9.58652,9.59477,9.58229,9.58707
2025-06-11 01:00:00,9.58823,9.59919,9.58646,9.59574
2025-06-11 01:30:00,9.59571,9.59756,9.59465,9.59524
2025-06-11 02:00:00,9.59508,9.6008,9.58862,9.58994
2025-06-11 02:30:00,9.58998,9.59044,9.58382,9.58549
2025-06-11 03:00:00,9.5854,9.59564,9.58343,9.59299
2025-06-11 03:30:00,9.59297,9.60061,9.58915,9.60019
2025-06-11 04:00:00,9.6002,9.60184,9.59504,9.59694
2025-06-11 04:30:00,9.5969,9.61269,9.59667,9.61084
2025-06-11 05:00:00,9.6109,9.61187,9.60534,9.60737
2025-06-11 05:30:00,9.60736,9.60736,9.60253,9.60557
2025-06-11 06:00:00,9.60561,9.6128,9.60357,9.60662
2025-06-11 06:30:00,9.60661,9.60735,9.59949,9.6005
2025-06-11 07:00:00,9.60047,9.60432,9.59967,9.60347
2025-06-11 07:30:00,9.60346,9.60523,9.60139,9.605
2025-06-11 08:00:00,9.60492,9.60599,9.60046,9.60049
2025-06-11 08:30:00,9.60048,9.60167,9.59612,9.59684
2025-06-11 09:00:00,9.59758,9.61325,9.59674,9.612
2025-06-11 09:30:00,9.61199,9.61672,9.60249,9.61428
2025-06-11 10:00:00,9.61398,9.61619,9.60835,9.61079
2025-06-11 10:30:00,9.61081,9.6165,9.60237,9.60684
2025-06-11 11:00:00,9.60688,9.61174,9.60006,9.60057
2025-06-11 11:30:00,9.60063,9.60532,9.59359,9.60462
2025-06-11 12:00:00,9.60462,9.60648,9.59249,9.59784
2025-06-11 12:30:00,9.59774,9.61342,9.59688,9.61092
2025-06-11 13:00:00,9.61039,9.61225,9.60368,9.60826
2025-06-11 13:30:00,9.60824,9.6116,9.60219,9.60551
2025-06-11 14:00:00,9.60555,9.61587,9.60435,9.61236
2025-06-11 14:30:00,9.61235,9.61446,9.60652,9.60841
2025-06-11 15:00:00,9.60833,9.61146,9.59761,9.59761
2025-06-11 15:30:00,9.5979,9.59944,9.54695,9.57607
2025-06-11 16:00:00,9.57565,9.58712,9.56675,9.58482
2025-06-11 16:30:00,9.58485,9.59109,9.57132,9.57219
2025-06-11 17:00:00,9.57216,9.57387,9.55826,9.56553
2025-06-11 17:30:00,9.56555,9.56995,9.55232,9.55581
2025-06-11 18:00:00,9.55596,9.56309,9.54912,9.55006
2025-06-11 18:30:00,9.55045,9.55298,9.54592,9.54816
2025-06-11 19:00:00,9.54785,9.55697,9.54709,9.55429
2025-06-11 19:30:00,9.55431,9.5552,9.54494,9.55199
2025-06-11 20:00:00,9.55188,9.55377,9.54536,9.54575
2025-06-11 20:30:00,9.54574,9.55274,9.54481,9.54698
2025-06-11 21:00:00,9.54702,9.55963,9.54517,9.55916
2025-06-11 21:30:00,9.55913,9.56392,9.55376,9.5628
2025-06-11 22:00:00,9.56282,9.56754,9.56275,9.56624
2025-06-11 22:30:00,9.56623,9.56813,9.56174,9.56513
2025-06-11 23:00:00,9.56502,9.57114,9.56209,9.56519
2025-06-11 23:30:00,9.56377,9.56814,9.54867,9.54867
2025-06-12 00:00:00,9.53907,9.55176,9.53489,9.55151
2025-06-12 00:30:00,9.54899,9.55896,9.54728,9.55343
2025-06-12 01:00:00,9.55385,9.55407,9.54704,9.54957
2025-06-12 01:30:00,9.54944,9.5503,9.53712,9.5395
2025-06-12 02:00:00,9.53947,9.5446,9.53557,9.54177
2025-06-12 02:30:00,9.54173,9.54337,9.53391,9.53617
2025-06-12 03:00:00,9.53612,9.54648,9.53442,9.53665
2025-06-12 03:30:00,9.53643,9.54385,9.52596,9.53367
2025-06-12 04:00:00,9.53354,9.53863,9.51599,9.51868
2025-06-12 04:30:00,9.5188,9.53269,9.51793,9.53098
2025-06-12 05:00:00,9.53099,9.53889,9.53081,9.53366
2025-06-12 05:30:00,9.5338,9.53847,9.53128,9.53352
2025-06-12 06:00:00,9.53354,9.53435,9.52697,9.5273
2025-06-12 06:30:00,9.52733,9.52826,9.52213,9.52437
2025-06-12 07:00:00,9.52444,9.53159,9.52421,9.52625
2025-06-12 07:30:00,9.52618,9.52969,9.52145,9.52519
2025-06-12 08:00:00,9.52526,9.53004,9.51546,9.51555
2025-06-12 08:30:00,9.51554,9.51888,9.51008,9.5137
2025-06-12 09:00:00,9.51381,9.52889,9.51158,9.52138
2025-06-12 09:30:00,9.52137,9.52574,9.51304,9.51372
2025-06-12 10:00:00,9.51375,9.53264,9.51375,9.52485
2025-06-12 10:30:00,9.52486,9.53534,9.51282,9.51483
2025-06-12 11:00:00,9.51493,9.51781,9.49845,9.50793
2025-06-12 11:30:00,9.50794,9.51423,9.49124,9.49324
2025-06-12 12:00:00,9.49322,9.50023,9.47265,9.47762
2025-06-12 12:30:00,9.47765,9.47864,9.44979,9.46441
2025-06-12 13:00:00,9.46438,9.4708,9.44581,9.44702
2025-06-12 13:30:00,9.44701,9.4619,9.43495,9.44784
2025-06-12 14:00:00,9.44804,9.44857,9.42063,9.42684
2025-06-12 14:30:00,9.42683,9.43539,9.41986,9.42911
2025-06-12 15:00:00,9.42909,9.43162,9.41249,9.41776
2025-06-12 15:30:00,9.41804,9.4193,9.37776,9.39791
2025-06-12 16:00:00,9.39805,9.4298,9.39274,9.42201
2025-06-12 16:30:00,9.42202,9.43312,9.40891,9.42888
2025-06-12 17:00:00,9.42877,9.43379,9.41976,9.42926
2025-06-12 17:30:00,9.42922,9.44802,9.42653,9.44669
2025-06-12 18:00:00,9.44692,9.45544,9.44062,9.44944
2025-06-12 18:30:00,9.44961,9.45064,9.43521,9.44295
2025-06-12 19:00:00,9.44285,9.44991,9.44268,9.44611
2025-06-12 19:30:00,9.44609,9.45301,9.44079,9.44079
2025-06-12 20:00:00,9.44078,9.45547,9.43854,9.45014
2025-06-12 20:30:00,9.45024,9.4508,9.44301,9.44625
2025-06-12 21:00:00,9.44632,9.45033,9.44192,9.44391
2025-06-12 21:30:00,9.44394,9.44849,9.44328,9.44582
2025-06-12 22:00:00,9.44612,9.4494,9.44392,9.44743
2025-06-12 22:30:00,9.44738,9.45078,9.44415,9.45078
2025-06-12 23:00:00,9.45072,9.45222,9.44614,9.44785
2025-06-12 23:30:00,9.44738,9.44817,9.43464,9.43565
2025-06-13 00:00:00,9.43519,9.43691,9.41118,9.41739
2025-06-13 00:30:00,9.41725,9.43315,9.4156,9.42631
2025-06-13 01:00:00,9.42595,9.43667,9.42465,9.4351
2025-06-13 01:30:00,9.43569,9.43681,9.43166,9.43481
2025-06-13 02:00:00,9.43482,9.43584,9.43072,9.43286
2025-06-13 02:30:00,9.4328,9.43746,9.42509,9.42561
2025-06-13 03:00:00,9.42729,9.47374,9.4236,9.45444
2025-06-13 03:30:00,9.45445,9.4914,9.45171,9.47866
2025-06-13 04:00:00,9.47867,9.50827,9.47765,9.4909
2025-06-13 04:30:00,9.49113,9.50537,9.48035,9.48745
2025-06-13 05:00:00,9.48739,9.49444,9.48588,9.49019
2025-06-13 05:30:00,9.4902,9.49448,9.47936,9.48506
2025-06-13 06:00:00,9.48466,9.49739,9.4836,9.48901
2025-06-13 06:30:00,9.48919,9.5047,9.48849,9.50185
2025-06-13 07:00:00,9.50274,9.51457,9.4957,9.51192
2025-06-13 07:30:00,9.51193,9.52004,9.50153,9.51622
2025-06-13 08:00:00,9.51761,9.52074,9.50277,9.51387
2025-06-13 08:30:00,9.51386,9.51438,9.49636,9.50721
2025-06-13 09:00:00,9.50571,9.51745,9.48833,9.51634
2025-06-13 09:30:00,9.51666,9.52986,9.50971,9.51177
2025-06-13 10:00:00,9.51177,9.5149,9.4837,9.49413
2025-06-13 10:30:00,9.49413,9.49562,9.47814,9.49456
2025-06-13 11:00:00,9.49458,9.49544,9.4759,9.48558
2025-06-13 11:30:00,9.48567,9.49855,9.48567,9.49487
2025-06-13 12:00:00,9.49522,9.50055,9.49015,9.49535
2025-06-13 12:30:00,9.49529,9.52627,9.49529,9.52125
2025-06-13 13:00:00,9.52147,9.5351,9.50565,9.52568
2025-06-13 13:30:00,9.52523,9.55476,9.52353,9.54459
2025-06-13 14:00:00,9.54462,9.56145,9.54371,9.55486
2025-06-13 14:30:00,9.55483,9.55595,9.52692,9.52849
2025-06-13 15:00:00,9.52851,9.5286,9.51933,9.52283
2025-06-13 15:30:00,9.52284,9.53611,9.51603,9.53082
2025-06-13 16:00:00,9.53087,9.54408,9.52673,9.54322
2025-06-13 16:30:00,9.54307,9.54659,9.51996,9.52355
2025-06-13 17:00:00,9.51966,9.52733,9.49038,9.50228
2025-06-13 17:30:00,9.50222,9.51537,9.50051,9.50136
2025-06-13 18:00:00,9.50141,9.50755,9.48628,9.48699
2025-06-13 18:30:00,9.48747,9.49156,9.48164,9.48993
2025-06-13 19:00:00,9.48978,9.49076,9.47989,9.48181
2025-06-13 19:30:00,9.48183,9.48564,9.47754,9.481
2025-06-13 20:00:00,9.48131,9.49565,9.48071,9.49392
2025-06-13 20:30:00,9.49436,9.5022,9.48848,9.49236
2025-06-13 21:00:00,9.49233,9.5006,9.48825,9.50048
2025-06-13 21:30:00,9.50052,9.50743,9.49417,9.49839
2025-06-13 22:00:00,9.49818,9.49974,9.49061,9.4974
2025-06-13 22:30:00,9.49742,9.4993,9.48669,9.48817
2025-06-13 23:00:00,9.48816,9.49857,9.4879,9.49682
2025-06-13 23:30:00,9.49684,9.49893,9.4713,9.47518
2025-06-16 00:00:00,9.46953,9.48304,9.46953,9.47617
2025-06-16 00:30:00,9.47647,9.48511,9.4728,9.47345
2025-06-16 01:00:00,9.47351,9.48364,9.47314,9.47473
2025-06-16 01:30:00,9.47467,9.48017,9.46248,9.47081
2025-06-16 02:00:00,9.47084,9.49406,9.46843,9.4812
2025-06-16 02:30:00,9.48121,9.50745,9.47757,9.5062
2025-06-16 03:00:00,9.50826,9.51026,9.49929,9.50504
2025-06-16 03:30:00,9.50512,9.51388,9.5004,9.50806
2025-06-16 04:00:00,9.50814,9.51141,9.50243,9.50968
2025-06-16 04:30:00,9.50965,9.51709,9.50167,9.5157
2025-06-16 05:00:00,9.5155,9.51987,9.50609,9.51221
2025-06-16 05:30:00,9.51223,9.51543,9.50573,9.51307
2025-06-16 06:00:00,9.51305,9.52491,9.50774,9.51744
2025-06-16 06:30:00,9.51744,9.52303,9.51605,9.52089
2025-06-16 07:00:00,9.52092,9.52104,9.51268,9.51423
2025-06-16 07:30:00,9.51424,9.51888,9.51177,9.51474
2025-06-16 08:00:00,9.51471,9.51471,9.49047,9.49427
2025-06-16 08:30:00,9.49428,9.49428,9.48232,9.48868
2025-06-16 09:00:00,9.48883,9.51192,9.48752,9.50962
2025-06-16 09:30:00,9.50964,9.51222,9.47656,9.47995
2025-06-16 10:00:00,9.48018,9.49191,9.47181,9.47338
2025-06-16 10:30:00,9.47335,9.48281,9.46525,9.47976
2025-06-16 11:00:00,9.48001,9.48301,9.45793,9.46429
2025-06-16 11:30:00,9.4643,9.46811,9.44823,9.4599
2025-06-16 12:00:00,9.45989,9.46274,9.45331,9.45737
2025-06-16 12:30:00,9.45746,9.46154,9.44731,9.44968
2025-06-16 13:00:00,9.44961,9.46864,9.44685,9.46273
2025-06-16 13:30:00,9.46274,9.46755,9.45559,9.4665
2025-06-16 14:00:00,9.46653,9.46947,9.46018,9.46399
2025-06-16 14:30:00,9.464,9.4727,9.46327,9.47039
2025-06-16 15:00:00,9.4704,9.47298,9.45992,9.46515
2025-06-16 15:30:00,9.46577,9.47572,9.45966,9.46519
2025-06-16 16:00:00,9.46516,9.46522,9.44465,9.44979
2025-06-16 16:30:00,9.44982,9.4595,9.44311,9.44855
2025-06-16 17:00:00,9.44853,9.44904,9.43409,9.44304
2025-06-16 17:30:00,9.4431,9.45577,9.43636,9.45509
2025-06-16 18:00:00,9.45503,9.46311,9.45159,9.45731
2025-06-16 18:30:00,9.45733,9.46639,9.45546,9.46369
2025-06-16 19:00:00,9.46354,9.46426,9.45741,9.45916
2025-06-16 19:30:00,9.4591,9.46407,9.457,9.4588
2025-06-16 20:00:00,9.45866,9.46848,9.45725,9.46307
2025-06-16 20:30:00,9.46308,9.46711,9.46082,9.46349
2025-06-16 21:00:00,9.46376,9.46973,9.4628,9.46686
2025-06-16 21:30:00,9.46685,9.46892,9.46206,9.46769
2025-06-16 22:00:00,9.46803,9.48514,9.46761,9.48056
2025-06-16 22:30:00,9.48057,9.494,9.47979,9.49252
2025-06-16 23:00:00,9.49262,9.49383,9.48234,9.48234
2025-06-16 23:30:00,9.48227,9.48589,9.47565,9.47567
2025-06-17 00:00:00,9.47278,9.48067,9.4606,9.47396
2025-06-17 00:30:00,9.47393,9.48575,9.4689,9.47291
2025-06-17 01:00:00,9.47283,9.48331,9.47234,9.48252
2025-06-17 01:30:00,9.48267,9.49281,9.47903,9.48763
2025-06-17 02:00:00,9.48771,9.48792,9.4805,9.48486
2025-06-17 02:30:00,9.4849,9.49267,9.48378,9.48945
2025-06-17 03:00:00,9.48919,9.49833,9.48901,9.49664
2025-06-17 03:30:00,9.49666,9.50059,9.49171,9.49356
2025-06-17 04:00:00,9.49352,9.49548,9.48863,9.49277
2025-06-17 04:30:00,9.49276,9.49349,9.48295,9.48965
2025-06-17 05:00:00,9.48961,9.497,9.48936,9.49217
2025-06-17 05:30:00,9.49221,9.49703,9.48166,9.48379
2025-06-17 06:00:00,9.48383,9.48774,9.48122,9.48134
2025-06-17 06:30:00,9.48131,9.48586,9.479,9.48096
2025-06-17 07:00:00,9.48094,9.48158,9.47708,9.47901
2025-06-17 07:30:00,9.47911,9.48382,9.47658,9.48232
2025-06-17 08:00:00,9.48231,9.48668,9.47902,9.48173
2025-06-17 08:30:00,9.48172,9.49016,9.48166,9.48398
2025-06-17 09:00:00,9.48329,9.49126,9.47385,9.47814
2025-06-17 09:30:00,9.47814,9.48156,9.47132,9.47778
2025-06-17 10:00:00,9.47779,9.49527,9.47655,9.48715
2025-06-17 10:30:00,9.48715,9.49238,9.47679,9.48325
2025-06-17 11:00:00,9.48326,9.48833,9.4825,9.48407
2025-06-17 11:30:00,9.48404,9.49928,9.48351,9.49782
2025-06-17 12:00:00,9.49731,9.49814,9.48977,9.49267
2025-06-17 12:30:00,9.49248,9.49525,9.48202,9.48564
2025-06-17 13:00:00,9.48565,9.48728,9.47373,9.4797
2025-06-17 13:30:00,9.47972,9.4807,9.46149,9.46218
2025-06-17 14:00:00,9.46222,9.46315,9.43887,9.44883
2025-06-17 14:30:00,9.44885,9.47303,9.44737,9.46866
2025-06-17 15:00:00,9.46862,9.46862,9.45734,9.46662
2025-06-17 15:30:00,9.46649,9.49152,9.45568,9.49117
2025-06-17 16:00:00,9.49115,9.49141,9.47574,9.48268
2025-06-17 16:30:00,9.48273,9.49457,9.47963,9.49264
2025-06-17 17:00:00,9.49272,9.49414,9.47344,9.49321
2025-06-17 17:30:00,9.4932,9.51196,9.48864,9.50183
2025-06-17 18:00:00,9.50177,9.51068,9.4944,9.50965
2025-06-17 18:30:00,9.50981,9.51499,9.49295,9.49459
2025-06-17 19:00:00,9.49445,9.50434,9.48822,9.5043
2025-06-17 19:30:00,9.50431,9.5271,9.49936,9.524
2025-06-17 20:00:00,9.52376,9.53469,9.52064,9.52453
2025-06-17 20:30:00,9.52497,9.54606,9.51746,9.53825
2025-06-17 21:00:00,9.53831,9.54656,9.5351,9.54656
2025-06-17 21:30:00,9.54648,9.55031,9.53982,9.54788
2025-06-17 22:00:00,9.54792,9.55446,9.54649,9.54799
2025-06-17 22:30:00,9.54771,9.55103,9.54175,9.5464
2025-06-17 23:00:00,9.54638,9.56021,9.54597,9.55149
2025-06-17 23:30:00,9.55165,9.55862,9.5353,9.53544
2025-06-18 00:00:00,9.53186,9.53186,9.51071,9.52674
2025-06-18 00:30:00,9.52651,9.53784,9.52547,9.53373
2025-06-18 01:00:00,9.5351,9.54869,9.53438,9.53757
2025-06-18 01:30:00,9.53752,9.55412,9.53249,9.54629
2025-06-18 02:00:00,9.54642,9.54891,9.5367,9.54873
2025-06-18 02:30:00,9.54861,9.55152,9.54278,9.55044
2025-06-18 03:00:00,9.55021,9.55522,9.54146,9.54989
2025-06-18 03:30:00,9.55014,9.55746,9.54281,9.54924
2025-06-18 04:00:00,9.54925,9.55421,9.54491,9.54639
2025-06-18 04:30:00,9.54642,9.55257,9.54375,9.54885
2025-06-18 05:00:00,9.54916,9.55228,9.54303,9.54492
2025-06-18 05:30:00,9.54487,9.5486,9.54166,9.54393
2025-06-18 06:00:00,9.54386,9.54485,9.53813,9.5398
2025-06-18 06:30:00,9.53966,9.54188,9.5354,9.5389
2025-06-18 07:00:00,9.53877,9.54144,9.53229,9.53339
2025-06-18 07:30:00,9.53338,9.53345,9.52359,9.52623
2025-06-18 08:00:00,9.52654,9.53172,9.52491,9.52862
2025-06-18 08:30:00,9.5286,9.53461,9.52452,9.52987
2025-06-18 09:00:00,9.52966,9.53429,9.51738,9.51765
2025-06-18 09:30:00,9.5178,9.53249,9.51652,9.52968
2025-06-18 10:00:00,9.52972,9.54126,9.5189,9.53696
2025-06-18 10:30:00,9.53746,9.56366,9.53221,9.55756
2025-06-18 11:00:00,9.55804,9.56768,9.54769,9.56394
2025-06-18 11:30:00,9.56387,9.57889,9.56218,9.56868
2025-06-18 12:00:00,9.56891,9.5744,9.55973,9.57083
2025-06-18 12:30:00,9.57085,9.5865,9.57085,9.58365
2025-06-18 13:00:00,9.58366,9.5896,9.57719,9.58551
2025-06-18 13:30:00,9.58552,9.59147,9.57975,9.58903
2025-06-18 14:00:00,9.58917,9.58971,9.57412,9.58013
2025-06-18 14:30:00,9.58015,9.58674,9.57644,9.57845
2025-06-18 15:00:00,9.57842,9.58711,9.57361,9.58093
2025-06-18 15:30:00,9.5814,9.59719,9.58073,9.59225
2025-06-18 16:00:00,9.59221,9.59988,9.589,9.59484
2025-06-18 16:30:00,9.59483,9.6192,9.59465,9.6187
2025-06-18 17:00:00,9.61871,9.62231,9.57299,9.60052
2025-06-18 17:30:00,9.60109,9.61249,9.59854,9.60633
2025-06-18 18:00:00,9.60662,9.60872,9.59109,9.59128
2025-06-18 18:30:00,9.5913,9.59989,9.59123,9.59824
2025-06-18 19:00:00,9.59808,9.61447,9.59484,9.61267
2025-06-18 19:30:00,9.61268,9.62874,9.61146,9.62386
2025-06-18 20:00:00,9.62385,9.6253,9.61703,9.62039
2025-06-18 20:30:00,9.62038,9.63237,9.61741,9.61741
2025-06-18 21:00:00,9.61845,9.62065,9.59001,9.60827
2025-06-18 21:30:00,9.60822,9.64809,9.59876,9.64744
2025-06-18 22:00:00,9.64713,9.66251,9.63645,9.6577
2025-06-18 22:30:00,9.65767,9.66052,9.64428,9.64842
2025-06-18 23:00:00,9.64881,9.65134,9.64497,9.64816
2025-06-18 23:30:00,9.64783,9.64785,9.63921,9.63921
2025-06-19 00:00:00,9.63774,9.64186,9.63387,9.64109
2025-06-19 00:30:00,9.64106,9.64521,9.62436,9.62464
2025-06-19 01:00:00,9.62458,9.63187,9.62346,9.62576
2025-06-19 01:30:00,9.62581,9.6385,9.62485,9.63392
2025-06-19 02:00:00,9.63388,9.6413,9.63249,9.63944
2025-06-19 02:30:00,9.63938,9.6455,9.63624,9.64098
2025-06-19 03:00:00,9.64106,9.6477,9.64106,9.64238
2025-06-19 03:30:00,9.64225,9.64524,9.63853,9.64143
2025-06-19 04:00:00,9.64144,9.65997,9.63937,9.65232
2025-06-19 04:30:00,9.65225,9.66975,9.64981,9.66895
2025-06-19 05:00:00,9.66919,9.67139,9.66369,9.67116
2025-06-19 05:30:00,9.67123,9.68015,9.66559,9.66597
2025-06-19 06:00:00,9.66592,9.66692,9.65907,9.66023
2025-06-19 06:30:00,9.66044,9.661,9.65301,9.6555
2025-06-19 07:00:00,9.65551,9.65755,9.64894,9.65511
2025-06-19 07:30:00,9.65499,9.66087,9.65358,9.65508
2025-06-19 08:00:00,9.65509,9.66769,9.65209,9.66743
2025-06-19 08:30:00,9.66745,9.67991,9.66463,9.67412
2025-06-19 09:00:00,9.67414,9.68734,9.67414,9.68725
2025-06-19 09:30:00,9.68731,9.6964,9.67016,9.67173
2025-06-19 10:00:00,9.67207,9.67364,9.65722,9.66187
2025-06-19 10:30:00,9.66178,9.67069,9.65347,9.664
2025-06-19 11:00:00,9.66407,9.67787,9.65413,9.65636
2025-06-19 11:30:00,9.65637,9.65883,9.63274,9.63609
2025-06-19 12:00:00,9.63599,9.6426,9.62973,9.63998
2025-06-19 12:30:00,9.63988,9.65211,9.63413,9.64455
2025-06-19 13:00:00,9.64456,9.64778,9.63435,9.64259
2025-06-19 13:30:00,9.64258,9.65079,9.63981,9.64456
2025-06-19 14:00:00,9.64481,9.65539,9.63771,9.6398
2025-06-19 14:30:00,9.63981,9.65461,9.63777,9.64208
2025-06-19 15:00:00,9.64211,9.65593,9.63026,9.65115
2025-06-19 15:30:00,9.65116,9.66179,9.64553,9.65126
2025-06-19 16:00:00,9.65144,9.65473,9.62967,9.63518
2025-06-19 16:30:00,9.63519,9.6486,9.63094,9.64755
2025-06-19 17:00:00,9.64761,9.65144,9.63355,9.65121
2025-06-19 17:30:00,9.65119,9.65819,9.64397,9.65116
2025-06-19 18:00:00,9.65122,9.66338,9.64822,9.66297
2025-06-19 18:30:00,9.66298,9.667,9.65475,9.6667
2025-06-19 19:00:00,9.66691,9.6744,9.66664,9.67086
2025-06-19 19:30:00,9.67087,9.67997,9.6701,9.67478
2025-06-19 20:00:00,9.67504,9.67602,9.66452,9.66959
2025-06-19 20:30:00,9.66962,9.67013,9.65096,9.65536
2025-06-19 21:00:00,9.65548,9.65773,9.64164,9.64213
2025-06-19 21:30:00,9.64208,9.64208,9.63868,9.64041
2025-06-19 22:00:00,9.6404,9.64174,9.63036,9.63146
2025-06-19 22:30:00,9.63148,9.63359,9.6284,9.63084
2025-06-19 23:00:00,9.63088,9.6376,9.63045,9.63375
2025-06-19 23:30:00,9.6337,9.6337,9.61948,9.61948
2025-06-20 00:00:00,9.61684,9.62158,9.61047,9.61119
2025-06-20 00:30:00,9.6112,9.6293,9.61071,9.62479
2025-06-20 01:00:00,9.62596,9.62723,9.61227,9.62269
2025-06-20 01:30:00,9.62263,9.62999,9.61896,9.6275
2025-06-20 02:00:00,9.62751,9.62927,9.61954,9.62158
2025-06-20 02:30:00,9.62168,9.63067,9.61108,9.62712
2025-06-20 03:00:00,9.62719,9.62831,9.61619,9.6205
2025-06-20 03:30:00,9.62029,9.62733,9.61376,9.61695
2025-06-20 04:00:00,9.61707,9.62496,9.61267,9.61523
2025-06-20 04:30:00,9.61522,9.62683,9.61476,9.62656
2025-06-20 05:00:00,9.62664,9.63013,9.62038,9.62508
2025-06-20 05:30:00,9.62423,9.62452,9.61729,9.62125
2025-06-20 06:00:00,9.62126,9.62496,9.61213,9.61513
2025-06-20 06:30:00,9.61531,9.61689,9.61175,9.613
2025-06-20 07:00:00,9.61299,9.61541,9.61171,9.61479
2025-06-20 07:30:00,9.61464,9.61766,9.61254,9.61475
2025-06-20 08:00:00,9.61479,9.61985,9.61213,9.61659
2025-06-20 08:30:00,9.6166,9.61839,9.61156,9.61203
2025-06-20 09:00:00,9.61211,9.61565,9.59531,9.60939
2025-06-20 09:30:00,9.6094,9.61798,9.60925,9.61378
2025-06-20 10:00:00,9.61378,9.61876,9.60665,9.60974
2025-06-20 10:30:00,9.60981,9.61823,9.60828,9.61648
2025-06-20 11:00:00,9.61684,9.62894,9.61151,9.62108
2025-06-20 11:30:00,9.62109,9.62327,9.61428,9.61701
2025-06-20 12:00:00,9.617,9.62988,9.61651,9.62671
2025-06-20 12:30:00,9.62671,9.62921,9.62329,9.62356
2025-06-20 13:00:00,9.62355,9.63977,9.62314,9.63973
2025-06-20 13:30:00,9.6397,9.65295,9.63968,9.64516
2025-06-20 14:00:00,9.64528,9.65746,9.64485,9.65209
2025-06-20 14:30:00,9.65203,9.6574,9.64209,9.64973
2025-06-20 15:00:00,9.64975,9.66329,9.64933,9.65945
2025-06-20 15:30:00,9.65934,9.67696,9.65265,9.67098
2025-06-20 16:00:00,9.67082,9.67559,9.65915,9.66011
2025-06-20 16:30:00,9.66026,9.6703,9.6566,9.65961
2025-06-20 17:00:00,9.65967,9.68502,9.65772,9.68103
2025-06-20 17:30:00,9.68104,9.69573,9.68104,9.68136
2025-06-20 18:00:00,9.68142,9.6852,9.66184,9.67411
2025-06-20 18:30:00,9.67416,9.68386,9.66989,9.67656
2025-06-20 19:00:00,9.67623,9.67693,9.65744,9.65964
2025-06-20 19:30:00,9.65978,9.66009,9.65362,9.65474
2025-06-20 20:00:00,9.65477,9.65615,9.64864,9.65431
2025-06-20 20:30:00,9.65454,9.66021,9.65097,9.65926
2025-06-20 21:00:00,9.65927,9.66437,9.6567,9.65965
2025-06-20 21:30:00,9.6596,9.66709,9.65771,9.66404
2025-06-20 22:00:00,9.66402,9.66473,9.66177,9.66346
2025-06-20 22:30:00,9.6635,9.67373,9.66343,9.67259
2025-06-20 23:00:00,9.67262,9.67905,9.65682,9.6724
2025-06-20 23:30:00,9.67239,9.67684,9.65425,9.65577
2025-06-23 00:00:00,9.70895,9.71074,9.68784,9.69085
2025-06-23 00:30:00,9.68955,9.70297,9.68832,9.6897
2025-06-23 01:00:00,9.68965,9.70125,9.67307,9.6868
2025-06-23 01:30:00,9.68748,9.69144,9.68196,9.68967
2025-06-23 02:00:00,9.68953,9.69209,9.67712,9.68654
2025-06-23 02:30:00,9.68659,9.68897,9.66827,9.68459
2025-06-23 03:00:00,9.68461,9.70629,9.6806,9.70251
2025-06-23 03:30:00,9.70263,9.70723,9.69483,9.69582
2025-06-23 04:00:00,9.69607,9.71722,9.69249,9.71504
2025-06-23 04:30:00,9.71498,9.71539,9.69841,9.7001
2025-06-23 05:00:00,9.69948,9.70006,9.68518,9.68776
2025-06-23 05:30:00,9.68772,9.69527,9.68458,9.69371
2025-06-23 06:00:00,9.69377,9.70729,9.69082,9.70679
2025-06-23 06:30:00,9.7068,9.70729,9.69278,9.69915
2025-06-23 07:00:00,9.69907,9.70914,9.69626,9.70721
2025-06-23 07:30:00,9.7072,9.71315,9.70116,9.70859
2025-06-23 08:00:00,9.70843,9.709,9.69916,9.7001
2025-06-23 08:30:00,9.70012,9.70141,9.69147,9.69167
2025-06-23 09:00:00,9.69226,9.69236,9.68053,9.68821
2025-06-23 09:30:00,9.68822,9.68921,9.66532,9.67157
2025-06-23 10:00:00,9.67141,9.6943,9.66411,9.69012
2025-06-23 10:30:00,9.68939,9.6919,9.67568,9.68663
2025-06-23 11:00:00,9.68702,9.7062,9.68361,9.70473
2025-06-23 11:30:00,9.70453,9.72143,9.70262,9.71776
2025-06-23 12:00:00,9.71795,9.74464,9.71765,9.73861
2025-06-23 12:30:00,9.73862,9.74314,9.72095,9.73014
2025-06-23 13:00:00,9.73075,9.74298,9.7268,9.74027
2025-06-23 13:30:00,9.74031,9.74197,9.73066,9.73762
2025-06-23 14:00:00,9.7375,9.73849,9.72503,9.73373
2025-06-23 14:30:00,9.73342,9.74416,9.72901,9.73086
2025-06-23 15:00:00,9.73104,9.73576,9.72348,9.73182
2025-06-23 15:30:00,9.73218,9.74495,9.7311,9.73398
2025-06-23 16:00:00,9.73406,9.73757,9.72547,9.73262
2025-06-23 16:30:00,9.73265,9.73627,9.69658,9.69709
2025-06-23 17:00:00,9.69862,9.6993,9.6531,9.65836
2025-06-23 17:30:00,9.6584,9.6675,9.63874,9.64903
2025-06-23 18:00:00,9.64906,9.65083,9.63106,9.63109
2025-06-23 18:30:00,9.63113,9.64885,9.6274,9.64826
2025-06-23 19:00:00,9.64797,9.65142,9.64476,9.64747
2025-06-23 19:30:00,9.64753,9.66326,9.62258,9.64206
2025-06-23 20:00:00,9.64208,9.64623,9.61668,9.61981
2025-06-23 20:30:00,9.61979,9.61979,9.60467,9.61364
2025-06-23 21:00:00,9.61365,9.61447,9.60285,9.60954
2025-06-23 21:30:00,9.60962,9.6157,9.60394,9.60901
2025-06-23 22:00:00,9.60898,9.6119,9.60467,9.60948
2025-06-23 22:30:00,9.60947,9.61163,9.60292,9.60315
2025-06-23 23:00:00,9.60295,9.60611,9.59617,9.59931
2025-06-23 23:30:00,9.59924,9.6005,9.58277,9.58283
2025-06-24 00:00:00,9.58138,9.59189,9.5761,9.5878
2025-06-24 00:30:00,9.58856,9.59346,9.58839,9.59218
2025-06-24 01:00:00,9.59197,9.59863,9.57322,9.57619
2025-06-24 01:30:00,9.57616,9.58899,9.57453,9.58792
2025-06-24 02:00:00,9.58785,9.58821,9.56969,9.57267
2025-06-24 02:30:00,9.57295,9.58046,9.5715,9.57909
2025-06-24 03:00:00,9.57912,9.5855,9.57715,9.57901
2025-06-24 03:30:00,9.57898,9.58581,9.57139,9.57445
2025-06-24 04:00:00,9.57442,9.58054,9.57205,9.57706
2025-06-24 04:30:00,9.57728,9.58386,9.57422,9.5802
2025-06-24 05:00:00,9.57997,9.58718,9.5755,9.57675
2025-06-24 05:30:00,9.57676,9.57928,9.57362,9.57446
2025-06-24 06:00:00,9.57451,9.5758,9.56435,9.56668
2025-06-24 06:30:00,9.56667,9.57064,9.56045,9.56461
2025-06-24 07:00:00,9.56452,9.56872,9.55905,9.56228
2025-06-24 07:30:00,9.56228,9.56572,9.55322,9.56484
2025-06-24 08:00:00,9.56504,9.57077,9.56117,9.56914
2025-06-24 08:30:00,9.56912,9.57017,9.55965,9.56323
2025-06-24 09:00:00,9.56322,9.57044,9.54976,9.55601
2025-06-24 09:30:00,9.55604,9.56594,9.54847,9.55908
2025-06-24 10:00:00,9.55891,9.56654,9.54666,9.56465
2025-06-24 10:30:00,9.5644,9.58853,9.55965,9.56735
2025-06-24 11:00:00,9.56759,9.5722,9.56175,9.5623
2025-06-24 11:30:00,9.56229,9.57023,9.55221,9.5542
2025-06-24 12:00:00,9.55419,9.55449,9.52862,9.53562
2025-06-24 12:30:00,9.53564,9.53738,9.52825,9.52867
2025-06-24 13:00:00,9.52865,9.5407,9.52865,9.53906
2025-06-24 13:30:00,9.53905,9.54529,9.53827,9.54434
2025-06-24 14:00:00,9.54441,9.55142,9.53493,9.53514
2025-06-24 14:30:00,9.5351,9.5351,9.52866,9.52913
2025-06-24 15:00:00,9.5293,9.5403,9.5286,9.53728
2025-06-24 15:30:00,9.53721,9.54559,9.53414,9.53682
2025-06-24 16:00:00,9.53684,9.55679,9.53473,9.55564
2025-06-24 16:30:00,9.55569,9.5614,9.55339,9.55617
2025-06-24 17:00:00,9.55611,9.55821,9.49258,9.49922
2025-06-24 17:30:00,9.4992,9.53121,9.49666,9.52908
2025-06-24 18:00:00,9.52915,9.52942,9.51279,9.52054
2025-06-24 18:30:00,9.52047,9.53639,9.51586,9.53583
2025-06-24 19:00:00,9.53542,9.53982,9.5241,9.52498
2025-06-24 19:30:00,9.52492,9.52924,9.51715,9.51799
2025-06-24 20:00:00,9.51813,9.51847,9.50979,9.51699
2025-06-24 20:30:00,9.517,9.52488,9.5139,9.52274
2025-06-24 21:00:00,9.52267,9.53183,9.52108,9.52923
2025-06-24 21:30:00,9.52926,9.53513,9.52023,9.52023
2025-06-24 22:00:00,9.52004,9.52094,9.51235,9.51977
2025-06-24 22:30:00,9.51972,9.52478,9.51536,9.52415
2025-06-24 23:00:00,9.52416,9.53119,9.52178,9.52691
2025-06-24 23:30:00,9.5267,9.5312,9.51937,9.51937
2025-06-25 00:00:00,9.51151,9.52122,9.49823,9.52114
2025-06-25 00:30:00,9.51492,9.52116,9.50919,9.51449
2025-06-25 01:00:00,9.51335,9.52563,9.50959,9.5217
2025-06-25 01:30:00,9.52186,9.52875,9.52103,9.52183
2025-06-25 02:00:00,9.52169,9.5226,9.51454,9.51795
2025-06-25 02:30:00,9.51793,9.51936,9.51421,9.51681
2025-06-25 03:00:00,9.51737,9.51756,9.50953,9.51
2025-06-25 03:30:00,9.51,9.51831,9.50975,9.51156
2025-06-25 04:00:00,9.5115,9.52116,9.50979,9.51981
2025-06-25 04:30:00,9.51973,9.52255,9.5109,9.51276
2025-06-25 05:00:00,9.51291,9.51825,9.50997,9.51463
2025-06-25 05:30:00,9.51462,9.52246,9.51376,9.5191
2025-06-25 06:00:00,9.51892,9.52057,9.51435,9.51613
2025-06-25 06:30:00,9.51609,9.52844,9.51522,9.52678
2025-06-25 07:00:00,9.52677,9.52683,9.51914,9.52009
2025-06-25 07:30:00,9.52005,9.5231,9.51929,9.52012
2025-06-25 08:00:00,9.52008,9.52596,9.51988,9.5237
2025-06-25 08:30:00,9.52371,9.52606,9.51576,9.51822
2025-06-25 09:00:00,9.51889,9.5262,9.51169,9.51555
2025-06-25 09:30:00,9.51552,9.53545,9.51552,9.5335
2025-06-25 10:00:00,9.53351,9.53607,9.52188,9.52279
2025-06-25 10:30:00,9.52275,9.54083,9.52205,9.53118
2025-06-25 11:00:00,9.53115,9.53821,9.52816,9.53015
2025-06-25 11:30:00,9.53016,9.53205,9.51679,9.51817
2025-06-25 12:00:00,9.51821,9.53087,9.51821,9.53001
2025-06-25 12:30:00,9.53003,9.53565,9.52349,9.52364
2025-06-25 13:00:00,9.52356,9.52769,9.51581,9.51669
2025-06-25 13:30:00,9.51669,9.52454,9.51639,9.51982
2025-06-25 14:00:00,9.51985,9.52829,9.51403,9.52482
2025-06-25 14:30:00,9.52483,9.53133,9.52264,9.52867
2025-06-25 15:00:00,9.52871,9.53891,9.52871,9.53877
2025-06-25 15:30:00,9.53878,9.54933,9.53656,9.54627
2025-06-25 16:00:00,9.54633,9.55001,9.53126,9.53623
2025-06-25 16:30:00,9.53623,9.53829,9.52917,9.53451
2025-06-25 17:00:00,9.53449,9.53513,9.5157,9.51704
2025-06-25 17:30:00,9.51703,9.51943,9.50487,9.50923
2025-06-25 18:00:00,9.50927,9.51303,9.50348,9.50727
2025-06-25 18:30:00,9.50719,9.51631,9.50482,9.51286
2025-06-25 19:00:00,9.51273,9.51295,9.49845,9.49973
2025-06-25 19:30:00,9.49982,9.50787,9.49811,9.50641
2025-06-25 20:00:00,9.50644,9.51728,9.50492,9.50629
2025-06-25 20:30:00,9.50629,9.51042,9.49786,9.50286
2025-06-25 21:00:00,9.50282,9.50848,9.49701,9.49701
2025-06-25 21:30:00,9.49702,9.49702,9.483,9.48466
2025-06-25 22:00:00,9.48451,9.48764,9.47896,9.48129
2025-06-25 22:30:00,9.48127,9.48894,9.47967,9.48641
2025-06-25 23:00:00,9.48613,9.49775,9.48318,9.49757
2025-06-25 23:30:00,9.49754,9.49754,9.47269,9.47388
2025-06-26 00:00:00,9.46919,9.47345,9.44088,9.45904
2025-06-26 00:30:00,9.45977,9.4784,9.44902,9.47493
2025-06-26 01:00:00,9.47613,9.48251,9.47613,9.48005
2025-06-26 01:30:00,9.48007,9.4848,9.47514,9.48462
2025-06-26 02:00:00,9.48455,9.48752,9.462,9.46606
2025-06-26 02:30:00,9.4661,9.46611,9.45558,9.45709
2025-06-26 03:00:00,9.45708,9.45713,9.45195,9.45431
2025-06-26 03:30:00,9.45429,9.46576,9.45327,9.45995
2025-06-26 04:00:00,9.45987,9.47548,9.45945,9.47092
2025-06-26 04:30:00,9.47089,9.47234,9.45641,9.4577
2025-06-26 05:00:00,9.45769,9.46154,9.45392,9.4589
2025-06-26 05:30:00,9.45888,9.46193,9.44908,9.45547
2025-06-26 06:00:00,9.45548,9.45548,9.43068,9.44526
2025-06-26 06:30:00,9.44526,9.45191,9.4438,9.44591
2025-06-26 07:00:00,9.4457,9.46288,9.44556,9.45785
2025-06-26 07:30:00,9.45784,9.46398,9.45615,9.46252
2025-06-26 08:00:00,9.46255,9.46752,9.45835,9.45895
2025-06-26 08:30:00,9.45882,9.46584,9.45494,9.4576
2025-06-26 09:00:00,9.45743,9.47327,9.45743,9.46397
2025-06-26 09:30:00,9.46396,9.46725,9.43475,9.43552
2025-06-26 10:00:00,9.4358,9.44461,9.41558,9.43115
2025-06-26 10:30:00,9.43121,9.44551,9.42941,9.4386
2025-06-26 11:00:00,9.43858,9.44326,9.42544,9.43151
2025-06-26 11:30:00,9.43152,9.44581,9.42384,9.44221
2025-06-26 12:00:00,9.44261,9.45412,9.44012,9.44819
2025-06-26 12:30:00,9.4482,9.45343,9.44116,9.44923
2025-06-26 13:00:00,9.44923,9.45618,9.44316,9.44348
2025-06-26 13:30:00,9.44348,9.45297,9.4402,9.45269
2025-06-26 14:00:00,9.45273,9.46659,9.45273,9.46211
2025-06-26 14:30:00,9.46212,9.47565,9.45703,9.47436
2025-06-26 15:00:00,9.47435,9.48621,9.46531,9.46753
2025-06-26 15:30:00,9.46762,9.48345,9.45365,9.4619
2025-06-26 16:00:00,9.46191,9.46828,9.44543,9.44698
2025-06-26 16:30:00,9.44694,9.46447,9.44678,9.46447
2025-06-26 17:00:00,9.46433,9.47808,9.45942,9.47671
2025-06-26 17:30:00,9.47677,9.49463,9.45921,9.49456
2025-06-26 18:00:00,9.49458,9.50229,9.47952,9.50209
2025-06-26 18:30:00,9.50208,9.50399,9.48176,9.48208
2025-06-26 19:00:00,9.48193,9.48941,9.47464,9.47523
2025-06-26 19:30:00,9.47532,9.47561,9.45954,9.47453
2025-06-26 20:00:00,9.47415,9.48677,9.46944,9.4815
2025-06-26 20:30:00,9.48151,9.48793,9.47712,9.4811
2025-06-26 21:00:00,9.48111,9.48645,9.47904,9.48534
2025-06-26 21:30:00,9.48538,9.48717,9.48117,9.48375
2025-06-26 22:00:00,9.48373,9.49845,9.48272,9.49563
2025-06-26 22:30:00,9.49562,9.49647,9.4894,9.49343
2025-06-26 23:00:00,9.49361,9.50375,9.48998,9.50216
2025-06-26 23:30:00,9.50197,9.50429,9.48938,9.48938
2025-06-27 00:00:00,9.48692,9.49708,9.4677,9.49331
2025-06-27 00:30:00,9.49391,9.49887,9.48098,9.49102
2025-06-27 01:00:00,9.49085,9.50691,9.49016,9.50041
2025-06-27 01:30:00,9.50074,9.51802,9.5004,9.514
2025-06-27 02:00:00,9.51396,9.51688,9.49751,9.50051
2025-06-27 02:30:00,9.50078,9.51227,9.49993,9.50513
2025-06-27 03:00:00,9.50511,9.51386,9.50477,9.51139
2025-06-27 03:30:00,9.51101,9.5436,9.50506,9.54278
2025-06-27 04:00:00,9.5426,9.56211,9.51372,9.5265
2025-06-27 04:30:00,9.52644,9.53231,9.51074,9.51948
2025-06-27 05:00:00,9.51946,9.52113,9.50778,9.51848
2025-06-27 05:30:00,9.51847,9.53106,9.51258,9.51411
2025-06-27 06:00:00,9.51415,9.51721,9.50511,9.5065
2025-06-27 06:30:00,9.50651,9.52431,9.50567,9.5238
2025-06-27 07:00:00,9.52372,9.52885,9.52002,9.5281
2025-06-27 07:30:00,9.52814,9.5339,9.52167,9.53385
2025-06-27 08:00:00,9.53387,9.53559,9.52387,9.52575
2025-06-27 08:30:00,9.52569,9.5319,9.5203,9.52341
2025-06-27 09:00:00,9.52355,9.53036,9.51393,9.51739
2025-06-27 09:30:00,9.51741,9.5192,9.48951,9.49206
2025-06-27 10:00:00,9.4917,9.50658,9.48744,9.49686
2025-06-27 10:30:00,9.4968,9.49683,9.47355,9.47378
2025-06-27 11:00:00,9.4736,9.47369,9.45851,9.46177
2025-06-27 11:30:00,9.46175,9.46467,9.44452,9.44784
2025-06-27 12:00:00,9.4472,9.46466,9.44709,9.46071
2025-06-27 12:30:00,9.46062,9.47461,9.4599,9.46745
2025-06-27 13:00:00,9.4673,9.47296,9.45931,9.47291
2025-06-27 13:30:00,9.4729,9.4801,9.47146,9.47384
2025-06-27 14:00:00,9.47368,9.48121,9.46932,9.47707
2025-06-27 14:30:00,9.47659,9.48686,9.47067,9.48551
2025-06-27 15:00:00,9.48551,9.49978,9.48269,9.48269
2025-06-27 15:30:00,9.48055,9.48423,9.46104,9.46432
2025-06-27 16:00:00,9.46435,9.48538,9.45981,9.4852
2025-06-27 16:30:00,9.48531,9.49258,9.47697,9.48322
2025-06-27 17:00:00,9.48319,9.49254,9.46984,9.48983
2025-06-27 17:30:00,9.48964,9.50393,9.48012,9.48709
2025-06-27 18:00:00,9.48691,9.49493,9.47883,9.48264
2025-06-27 18:30:00,9.48275,9.48586,9.46978,9.48074
2025-06-27 19:00:00,9.48073,9.48225,9.46445,9.46942
2025-06-27 19:30:00,9.46923,9.48121,9.46704,9.47404
2025-06-27 20:00:00,9.47399,9.48879,9.47232,9.48507
2025-06-27 20:30:00,9.48508,9.50337,9.48334,9.49568
2025-06-27 21:00:00,9.49564,9.50829,9.49278,9.50314
2025-06-27 21:30:00,9.50316,9.51186,9.49511,9.49651
2025-06-27 22:00:00,9.49635,9.49838,9.48621,9.48689
2025-06-27 22:30:00,9.48688,9.4928,9.48554,9.48707
2025-06-27 23:00:00,9.48682,9.48847,9.47683,9.48122
2025-06-27 23:30:00,9.48123,9.4852,9.4734,9.47465
2025-06-30 00:00:00,9.44547,9.4628,9.4454,9.46092
2025-06-30 00:30:00,9.46132,9.46761,9.45279,9.4572
2025-06-30 01:00:00,9.4569,9.46538,9.45077,9.4651
2025-06-30 01:30:00,9.46509,9.46835,9.46215,9.4641
2025-06-30 02:00:00,9.4635,9.46585,9.45286,9.46142
2025-06-30 02:30:00,9.46172,9.47091,9.45824,9.46948
2025-06-30 03:00:00,9.46991,9.4773,9.46943,9.47537
2025-06-30 03:30:00,9.47551,9.48659,9.47528,9.48475
2025-06-30 04:00:00,9.48467,9.48657,9.47421,9.47506
2025-06-30 04:30:00,9.4751,9.48315,9.46853,9.48112
2025-06-30 05:00:00,9.48113,9.48135,9.46513,9.47023
2025-06-30 05:30:00,9.47022,9.48066,9.4698,9.47926
2025-06-30 06:00:00,9.47911,9.48203,9.47423,9.47816
2025-06-30 06:30:00,9.47826,9.48688,9.47729,9.48642
2025-06-30 07:00:00,9.48645,9.48674,9.47851,9.47904
2025-06-30 07:30:00,9.47908,9.47941,9.46249,9.4637
2025-06-30 08:00:00,9.46373,9.46492,9.45405,9.45625
2025-06-30 08:30:00,9.45622,9.46422,9.45418,9.46141
2025-06-30 09:00:00,9.46156,9.4669,9.45558,9.46013
2025-06-30 09:30:00,9.46011,9.46503,9.43866,9.44395
2025-06-30 10:00:00,9.44398,9.47373,9.44398,9.47329
2025-06-30 10:30:00,9.47325,9.48343,9.47204,9.48134
2025-06-30 11:00:00,9.48197,9.49103,9.4783,9.4863
2025-06-30 11:30:00,9.48631,9.49606,9.48455,9.48993
2025-06-30 12:00:00,9.49034,9.49739,9.48984,9.49268
2025-06-30 12:30:00,9.49266,9.50508,9.49144,9.5001
2025-06-30 13:00:00,9.50028,9.50409,9.49694,9.5002
2025-06-30 13:30:00,9.50019,9.50737,9.49537,9.49855
2025-06-30 14:00:00,9.49855,9.49892,9.49098,9.49288
2025-06-30 14:30:00,9.49272,9.50411,9.49272,9.50275
2025-06-30 15:00:00,9.50241,9.51545,9.5012,9.5093
2025-06-30 15:30:00,9.50931,9.51572,9.50925,9.51142
2025-06-30 16:00:00,9.51145,9.51816,9.50335,9.50657
2025-06-30 16:30:00,9.50656,9.51367,9.50171,9.50529
2025-06-30 17:00:00,9.50543,9.51829,9.50259,9.50358
2025-06-30 17:30:00,9.50361,9.54276,9.49447,9.52772
2025-06-30 18:00:00,9.52803,9.53437,9.50331,9.50909
2025-06-30 18:30:00,9.50876,9.51102,9.48598,9.48745
2025-06-30 19:00:00,9.48744,9.49203,9.47684,9.48901
2025-06-30 19:30:00,9.48896,9.49421,9.47701,9.47744
2025-06-30 20:00:00,9.47743,9.47979,9.47255,9.47436
2025-06-30 20:30:00,9.47437,9.48102,9.47252,9.47688
2025-06-30 21:00:00,9.47685,9.47752,9.46271,9.46518
2025-06-30 21:30:00,9.46519,9.47031,9.46262,9.46483
2025-06-30 22:00:00,9.46463,9.47008,9.45839,9.46293
2025-06-30 22:30:00,9.46291,9.46525,9.4587,9.45943
2025-06-30 23:00:00,9.45942,9.46329,9.45473,9.45527
2025-06-30 23:30:00,9.4552,9.46008,9.4324,9.4324
2025-07-01 00:00:00,9.43285,9.45649,9.42707,9.44767
2025-07-01 00:30:00,9.44923,9.45741,9.44734,9.45055
2025-07-01 01:00:00,9.45076,9.46035,9.44514,9.4537
2025-07-01 01:30:00,9.45329,9.45724,9.44897,9.457
2025-07-01 02:00:00,9.45777,9.45979,9.45599,9.45832
2025-07-01 02:30:00,9.4579,9.45874,9.45038,9.45164
2025-07-01 03:00:00,9.45197,9.45616,9.44647,9.45236
2025-07-01 03:30:00,9.45237,9.45531,9.44744,9.44787
2025-07-01 04:00:00,9.44783,9.45039,9.43632,9.44996
2025-07-01 04:30:00,9.45003,9.46236,9.44963,9.46085
2025-07-01 05:00:00,9.46086,9.46531,9.46047,9.46206
2025-07-01 05:30:00,9.46193,9.46213,9.45145,9.45277
2025-07-01 06:00:00,9.45273,9.45364,9.44586,9.45137
2025-07-01 06:30:00,9.45138,9.45792,9.44608,9.45564
2025-07-01 07:00:00,9.45556,9.45902,9.44554,9.45067
2025-07-01 07:30:00,9.45063,9.45781,9.4489,9.45323
2025-07-01 08:00:00,9.45318,9.45953,9.45015,9.45224
2025-07-01 08:30:00,9.45225,9.46349,9.44789,9.45706
2025-07-01 09:00:00,9.45761,9.46274,9.45252,9.4528
2025-07-01 09:30:00,9.45277,9.45786,9.44461,9.45645
2025-07-01 10:00:00,9.45649,9.47038,9.44524,9.45139
2025-07-01 10:30:00,9.4514,9.45896,9.44148,9.44366
2025-07-01 11:00:00,9.44452,9.45764,9.44288,9.44621
2025-07-01 11:30:00,9.44619,9.44671,9.41974,9.42665
2025-07-01 12:00:00,9.42673,9.43314,9.40909,9.41046
2025-07-01 12:30:00,9.41047,9.42316,9.39862,9.41926
2025-07-01 13:00:00,9.41963,9.42588,9.40941,9.42219
2025-07-01 13:30:00,9.42223,9.42874,9.4166,9.4287
2025-07-01 14:00:00,9.42875,9.43842,9.42515,9.43676
2025-07-01 14:30:00,9.43673,9.44359,9.43478,9.43954
2025-07-01 15:00:00,9.43955,9.45806,9.43734,9.45708
2025-07-01 15:30:00,9.45712,9.46828,9.45476,9.46426
2025-07-01 16:00:00,9.46428,9.47755,9.46158,9.4743
2025-07-01 16:30:00,9.47429,9.48319,9.46253,9.47042
2025-07-01 17:00:00,9.4703,9.48776,9.45687,9.46524
2025-07-01 17:30:00,9.46577,9.49634,9.45678,9.49048
2025-07-01 18:00:00,9.49045,9.50846,9.49004,9.50571
2025-07-01 18:30:00,9.50522,9.50692,9.49626,9.50069
2025-07-01 19:00:00,9.50053,9.51162,9.49672,9.50823
2025-07-01 19:30:00,9.50821,9.5173,9.50392,9.51006
2025-07-01 20:00:00,9.50975,9.50975,9.49277,9.49857
2025-07-01 20:30:00,9.49859,9.49889,9.49144,9.49321
2025-07-01 21:00:00,9.49327,9.50207,9.49196,9.50024
2025-07-01 21:30:00,9.50025,9.50106,9.49112,9.49129
2025-07-01 22:00:00,9.49134,9.49615,9.48476,9.49067
2025-07-01 22:30:00,9.49062,9.49194,9.48505,9.48864
2025-07-01 23:00:00,9.48853,9.48858,9.47574,9.47589
2025-07-01 23:30:00,9.47595,9.48049,9.46867,9.46867
2025-07-02 00:00:00,9.46815,9.47482,9.46746,9.47482
2025-07-02 00:30:00,9.47487,9.47523,9.4608,9.47259
2025-07-02 01:00:00,9.47273,9.47705,9.47091,9.47483
2025-07-02 01:30:00,9.47487,9.47588,9.47302,9.47566
2025-07-02 02:00:00,9.47564,9.48034,9.474,9.4774
2025-07-02 02:30:00,9.47738,9.48075,9.47119,9.47214
2025-07-02 03:00:00,9.47298,9.48019,9.47168,9.4779
2025-07-02 03:30:00,9.47788,9.47956,9.47131,9.47392
2025-07-02 04:00:00,9.47393,9.47699,9.46896,9.47187
2025-07-02 04:30:00,9.47177,9.4886,9.47135,9.48559
2025-07-02 05:00:00,9.48555,9.48866,9.47805,9.47805
2025-07-02 05:30:00,9.47807,9.47811,9.4652,9.47125
2025-07-02 06:00:00,9.47121,9.47561,9.46907,9.47279
2025-07-02 06:30:00,9.47281,9.47325,9.46514,9.4656
2025-07-02 07:00:00,9.46581,9.47004,9.46551,9.46961
2025-07-02 07:30:00,9.4696,9.4754,9.46891,9.47376
2025-07-02 08:00:00,9.47377,9.48866,9.47068,9.48641
2025-07-02 08:30:00,9.48611,9.49275,9.47703,9.49067
2025-07-02 09:00:00,9.49143,9.49235,9.47588,9.48563
2025-07-02 09:30:00,9.48563,9.50701,9.48563,9.50489
2025-07-02 10:00:00,9.50474,9.50702,9.48997,9.49579
2025-07-02 10:30:00,9.49573,9.50847,9.49104,9.50634
2025-07-02 11:00:00,9.50628,9.5105,9.49958,9.50167
2025-07-02 11:30:00,9.50162,9.5094,9.49772,9.50261
2025-07-02 12:00:00,9.50227,9.51387,9.49413,9.51263
2025-07-02 12:30:00,9.51243,9.51573,9.50709,9.51204
2025-07-02 13:00:00,9.51199,9.51352,9.5024,9.50591
2025-07-02 13:30:00,9.50589,9.51723,9.50474,9.51496
2025-07-02 14:00:00,9.51485,9.51833,9.50519,9.51519
2025-07-02 14:30:00,9.5152,9.5339,9.51395,9.5321
2025-07-02 15:00:00,9.53206,9.53942,9.50264,9.51578
2025-07-02 15:30:00,9.51579,9.5479,9.51558,9.53947
2025-07-02 16:00:00,9.53946,9.53973,9.51022,9.53137
2025-07-02 16:30:00,9.53137,9.55401,9.53085,9.54904
2025-07-02 17:00:00,9.54903,9.57282,9.54331,9.57177
2025-07-02 17:30:00,9.57181,9.57887,9.54673,9.54952
2025-07-02 18:00:00,9.54958,9.55344,9.53906,9.54817
2025-07-02 18:30:00,9.54816,9.55381,9.54264,9.544
2025-07-02 19:00:00,9.54388,9.54977,9.53486,9.53695
2025-07-02 19:30:00,9.53669,9.53669,9.52878,9.52987
2025-07-02 20:00:00,9.52986,9.53127,9.52098,9.52732
2025-07-02 20:30:00,9.52727,9.52727,9.5206,9.52458
2025-07-02 21:00:00,9.52463,9.52777,9.52224,9.52247
2025-07-02 21:30:00,9.5224,9.52413,9.51876,9.52093
2025-07-02 22:00:00,9.5212,9.52218,9.51621,9.5192
2025-07-02 22:30:00,9.51927,9.52079,9.50924,9.50933
2025-07-02 23:00:00,9.50938,9.51935,9.50643,9.51801
2025-07-02 23:30:00,9.51802,9.52274,9.50179,9.50179
2025-07-03 00:00:00,9.50017,9.51115,9.50017,9.51115
2025-07-03 00:30:00,9.51096,9.51913,9.50928,9.51219
2025-07-03 01:00:00,9.51209,9.51713,9.50903,9.51219
2025-07-03 01:30:00,9.51218,9.5137,9.51006,9.51255
2025-07-03 02:00:00,9.51259,9.51343,9.51133,9.51269
2025-07-03 02:30:00,9.51277,9.51553,9.50981,9.51142
2025-07-03 03:00:00,9.51145,9.51988,9.50812,9.51374
2025-07-03 03:30:00,9.51373,9.51711,9.50386,9.51154
2025-07-03 04:00:00,9.51156,9.51486,9.50689,9.51071
2025-07-03 04:30:00,9.51065,9.52372,9.51048,9.52303
2025-07-03 05:00:00,9.52305,9.53589,9.52273,9.53483
2025-07-03 05:30:00,9.53471,9.53491,9.52451,9.52824
2025-07-03 06:00:00,9.52821,9.53164,9.52484,9.52996
2025-07-03 06:30:00,9.52991,9.53502,9.52809,9.53227
2025-07-03 07:00:00,9.53229,9.53347,9.52673,9.53094
2025-07-03 07:30:00,9.53092,9.53182,9.52745,9.52932
2025-07-03 08:00:00,9.52929,9.53558,9.52823,9.5307
2025-07-03 08:30:00,9.53076,9.53413,9.52149,9.5216
2025-07-03 09:00:00,9.52123,9.53061,9.5101,9.52688
2025-07-03 09:30:00,9.52682,9.52882,9.51588,9.51842
2025-07-03 10:00:00,9.51832,9.53948,9.51812,9.53323
2025-07-03 10:30:00,9.53324,9.5467,9.53227,9.54401
2025-07-03 11:00:00,9.54401,9.5446,9.53094,9.53693
2025-07-03 11:30:00,9.53675,9.54771,9.53511,9.54206
2025-07-03 12:00:00,9.54208,9.54761,9.53454,9.53662
2025-07-03 12:30:00,9.53662,9.5464,9.53656,9.54102
2025-07-03 13:00:00,9.541,9.54631,9.53772,9.53986
2025-07-03 13:30:00,9.5399,9.54126,9.5324,9.53775
2025-07-03 14:00:00,9.53775,9.54193,9.53469,9.53924
2025-07-03 14:30:00,9.53921,9.54813,9.53831,9.54603
2025-07-03 15:00:00,9.54608,9.55294,9.54341,9.54587
2025-07-03 15:30:00,9.54576,9.60578,9.54352,9.58508
2025-07-03 16:00:00,9.58512,9.59055,9.55137,9.55153
2025-07-03 16:30:00,9.5511,9.55799,9.54412,9.54695
2025-07-03 17:00:00,9.54689,9.56499,9.53325,9.55692
2025-07-03 17:30:00,9.55688,9.56879,9.55453,9.56723
2025-07-03 18:00:00,9.56713,9.58065,9.56697,9.57056
2025-07-03 18:30:00,9.57048,9.57799,9.56781,9.57159
2025-07-03 19:00:00,9.57159,9.59202,9.57032,9.59128
2025-07-03 19:30:00,9.59133,9.59624,9.57549,9.57583
2025-07-03 20:00:00,9.57596,9.57913,9.57285,9.57406
2025-07-03 20:30:00,9.57407,9.58317,9.57358,9.58001
2025-07-03 21:00:00,9.58002,9.59101,9.57995,9.58867
2025-07-03 21:30:00,9.58868,9.59306,9.58656,9.59282
2025-07-03 22:00:00,9.59281,9.59671,9.59109,9.59136
2025-07-03 22:30:00,9.59137,9.59616,9.58879,9.59571
2025-07-03 23:00:00,9.59586,9.59827,9.58834,9.59073
2025-07-03 23:30:00,9.59072,9.59072,9.56418,9.56418
2025-07-04 00:00:00,9.56148,9.57294,9.55269,9.57232
2025-07-04 00:30:00,9.57214,9.57776,9.56636,9.56756
2025-07-04 01:00:00,9.56867,9.57888,9.56584,9.57755
2025-07-04 01:30:00,9.57756,9.58047,9.57363,9.57406
2025-07-04 02:00:00,9.57446,9.57632,9.57055,9.57146
2025-07-04 02:30:00,9.57159,9.5725,9.56442,9.56749
2025-07-04 03:00:00,9.56774,9.57152,9.56464,9.56843
2025-07-04 03:30:00,9.56841,9.57329,9.56644,9.56875
2025-07-04 04:00:00,9.56869,9.57376,9.56696,9.57312
2025-07-04 04:30:00,9.57302,9.5826,9.57275,9.57895
2025-07-04 05:00:00,9.57894,9.57922,9.56881,9.56911
2025-07-04 05:30:00,9.56909,9.56909,9.56347,9.56682
2025-07-04 06:00:00,9.56669,9.56812,9.55943,9.56106
2025-07-04 06:30:00,9.561,9.56281,9.55723,9.56108
2025-07-04 07:00:00,9.56088,9.5622,9.55374,9.55899
2025-07-04 07:30:00,9.55897,9.55941,9.55378,9.55399
2025-07-04 08:00:00,9.55401,9.55402,9.54779,9.55235
2025-07-04 08:30:00,9.5524,9.55599,9.54939,9.55281
2025-07-04 09:00:00,9.55285,9.56628,9.55239,9.56045
2025-07-04 09:30:00,9.56044,9.56699,9.55247,9.55505
2025-07-04 10:00:00,9.55486,9.57277,9.5489,9.56599
2025-07-04 10:30:00,9.56598,9.57488,9.56445,9.56958
2025-07-04 11:00:00,9.56958,9.57055,9.55774,9.56288
2025-07-04 11:30:00,9.56302,9.56393,9.55064,9.55134
2025-07-04 12:00:00,9.55147,9.55297,9.54285,9.54501
2025-07-04 12:30:00,9.54492,9.54829,9.53746,9.54743
2025-07-04 13:00:00,9.54781,9.55103,9.54472,9.54615
2025-07-04 13:30:00,9.54608,9.55938,9.54601,9.55695
2025-07-04 14:00:00,9.55689,9.55782,9.54758,9.55048
2025-07-04 14:30:00,9.55049,9.55948,9.54812,9.55898
2025-07-04 15:00:00,9.55896,9.56569,9.55479,9.56317
2025-07-04 15:30:00,9.56315,9.56887,9.56213,9.56263
2025-07-04 16:00:00,9.56264,9.56266,9.55397,9.56037
2025-07-04 16:30:00,9.56038,9.56628,9.54916,9.551
2025-07-04 17:00:00,9.55092,9.55449,9.54604,9.55437
2025-07-04 17:30:00,9.55438,9.56177,9.55414,9.55704
2025-07-04 18:00:00,9.55733,9.56237,9.55515,9.55834
2025-07-04 18:30:00,9.55839,9.56344,9.55482,9.56184
2025-07-04 19:00:00,9.56199,9.56438,9.5491,9.55139
2025-07-04 19:30:00,9.55134,9.56387,9.55113,9.56265
2025-07-04 20:00:00,9.56252,9.56402,9.55598,9.55764
2025-07-04 20:30:00,9.55828,9.5612,9.55701,9.55985
2025-07-04 21:00:00,9.55997,9.56261,9.55942,9.56027
2025-07-04 21:30:00,9.56032,9.56108,9.55555,9.55666
2025-07-04 22:00:00,9.5567,9.5593,9.55544,9.55817
2025-07-04 22:30:00,9.55822,9.56498,9.55812,9.56469
2025-07-04 23:00:00,9.56477,9.5655,9.55067,9.55418
2025-07-04 23:30:00,9.55404,9.55886,9.54506,9.54844
2025-07-07 00:00:00,9.53751,9.55083,9.53679,9.5504
2025-07-07 00:30:00,9.55056,9.55501,9.5504,9.55309
2025-07-07 01:00:00,9.55255,9.56347,9.55071,9.55836
2025-07-07 01:30:00,9.55835,9.55908,9.55541,9.55695
2025-07-07 02:00:00,9.55633,9.5586,9.55295,9.55722
2025-07-07 02:30:00,9.55729,9.56052,9.55584,9.55849
2025-07-07 03:00:00,9.55715,9.56105,9.54589,9.55842
2025-07-07 03:30:00,9.55859,9.56345,9.55429,9.56
2025-07-07 04:00:00,9.56001,9.56778,9.55661,9.56136
2025-07-07 04:30:00,9.56137,9.57041,9.55599,9.5691
2025-07-07 05:00:00,9.56909,9.57009,9.56292,9.56848
2025-07-07 05:30:00,9.56819,9.5759,9.56603,9.57339
2025-07-07 06:00:00,9.57363,9.57854,9.5677,9.56875
2025-07-07 06:30:00,9.56874,9.57568,9.56871,9.57495
2025-07-07 07:00:00,9.575,9.57821,9.56974,9.57278
2025-07-07 07:30:00,9.57277,9.57998,9.56968,9.57797
2025-07-07 08:00:00,9.57796,9.58053,9.57378,9.57931
2025-07-07 08:30:00,9.57932,9.58136,9.56821,9.56821
2025-07-07 09:00:00,9.57179,9.57179,9.54982,9.56734
2025-07-07 09:30:00,9.5673,9.58034,9.55119,9.55187
2025-07-07 10:00:00,9.55186,9.55213,9.51749,9.5358
2025-07-07 10:30:00,9.53621,9.53787,9.49974,9.50516
2025-07-07 11:00:00,9.50579,9.53563,9.50292,9.51821
2025-07-07 11:30:00,9.51792,9.52974,9.51349,9.52586
2025-07-07 12:00:00,9.52564,9.52957,9.50535,9.51726
2025-07-07 12:30:00,9.51728,9.53074,9.51172,9.52541
2025-07-07 13:00:00,9.52561,9.53166,9.51245,9.52689
2025-07-07 13:30:00,9.52688,9.52967,9.51753,9.52242
2025-07-07 14:00:00,9.52246,9.52706,9.51265,9.52062
2025-07-07 14:30:00,9.52029,9.52272,9.50653,9.51864
2025-07-07 15:00:00,9.51865,9.53136,9.51628,9.52842
2025-07-07 15:30:00,9.52844,9.53679,9.5256,9.53293
2025-07-07 16:00:00,9.53305,9.53473,9.51031,9.51408
2025-07-07 16:30:00,9.51407,9.51657,9.5053,9.51043
2025-07-07 17:00:00,9.51045,9.51331,9.5014,9.5107
2025-07-07 17:30:00,9.51068,9.51203,9.49615,9.5084
2025-07-07 18:00:00,9.50827,9.51023,9.4985,9.49942
2025-07-07 18:30:00,9.49943,9.50297,9.49416,9.50273
2025-07-07 19:00:00,9.50248,9.52431,9.48464,9.50107
2025-07-07 19:30:00,9.50101,9.54198,9.49805,9.53346
2025-07-07 20:00:00,9.53334,9.536,9.52161,9.53266
2025-07-07 20:30:00,9.53264,9.53264,9.51396,9.52388
2025-07-07 21:00:00,9.5239,9.53801,9.50795,9.53505
2025-07-07 21:30:00,9.53506,9.5369,9.50969,9.51037
2025-07-07 22:00:00,9.51037,9.51323,9.50626,9.51047
2025-07-07 22:30:00,9.51046,9.51479,9.5064,9.51393
2025-07-07 23:00:00,9.51394,9.53104,9.51373,9.52799
2025-07-07 23:30:00,9.5284,9.53272,9.51825,9.51825
2025-07-08 00:00:00,9.52013,9.52965,9.51515,9.52965
2025-07-08 00:30:00,9.52966,9.53257,9.51859,9.52113
2025-07-08 01:00:00,9.52115,9.52115,9.51462,9.52063
2025-07-08 01:30:00,9.52054,9.52057,9.50279,9.50582
2025-07-08 02:00:00,9.50571,9.50814,9.50497,9.50565
2025-07-08 02:30:00,9.50563,9.50739,9.50391,9.50676
2025-07-08 03:00:00,9.50629,9.50689,9.49787,9.50479
2025-07-08 03:30:00,9.50476,9.50542,9.49745,9.50215
2025-07-08 04:00:00,9.50208,9.51442,9.50095,9.50595
2025-07-08 04:30:00,9.50595,9.50951,9.50274,9.50495
2025-07-08 05:00:00,9.50494,9.50662,9.49468,9.49468
2025-07-08 05:30:00,9.49459,9.50622,9.49313,9.50533
2025-07-08 06:00:00,9.50532,9.50608,9.49809,9.49835
2025-07-08 06:30:00,9.49834,9.50215,9.49623,9.49985
2025-07-08 07:00:00,9.49989,9.50299,9.49321,9.49979
2025-07-08 07:30:00,9.49976,9.50367,9.4917,9.50089
2025-07-08 08:00:00,9.50086,9.50676,9.49599,9.50434
2025-07-08 08:30:00,9.50432,9.50817,9.49893,9.50625
2025-07-08 09:00:00,9.50626,9.50924,9.49487,9.50108
2025-07-08 09:30:00,9.50106,9.51133,9.49313,9.4987
2025-07-08 10:00:00,9.49866,9.50445,9.48854,9.49067
2025-07-08 10:30:00,9.49065,9.49491,9.4821,9.48776
2025-07-08 11:00:00,9.48777,9.49984,9.48777,9.4953
2025-07-08 11:30:00,9.49532,9.50059,9.48767,9.49316
2025-07-08 12:00:00,9.49322,9.49513,9.49018,9.4935
2025-07-08 12:30:00,9.49351,9.49938,9.49148,9.49581
2025-07-08 13:00:00,9.49579,9.51144,9.49468,9.50885
2025-07-08 13:30:00,9.50874,9.51801,9.50688,9.51291
2025-07-08 14:00:00,9.51297,9.51731,9.50466,9.51346
2025-07-08 14:30:00,9.51345,9.52712,9.51215,9.52556
2025-07-08 15:00:00,9.52565,9.53961,9.52493,9.52663
2025-07-08 15:30:00,9.52666,9.52915,9.51484,9.52327
2025-07-08 16:00:00,9.52328,9.54321,9.52327,9.54239
2025-07-08 16:30:00,9.5424,9.5487,9.51933,9.53078
2025-07-08 17:00:00,9.53121,9.56592,9.52959,9.55112
2025-07-08 17:30:00,9.55111,9.56292,9.54818,9.55995
2025-07-08 18:00:00,9.55974,9.55974,9.54124,9.55138
2025-07-08 18:30:00,9.55131,9.55149,9.54024,9.54807
2025-07-08 19:00:00,9.54757,9.55112,9.53966,9.54009
2025-07-08 19:30:00,9.5401,9.55775,9.53541,9.53707
2025-07-08 20:00:00,9.53711,9.53774,9.5233,9.52572
2025-07-08 20:30:00,9.52564,9.53212,9.51703,9.52366
2025-07-08 21:00:00,9.52365,9.52944,9.52191,9.52853
2025-07-08 21:30:00,9.52853,9.53133,9.52145,9.52766
2025-07-08 22:00:00,9.5265,9.52982,9.52311,9.52497
2025-07-08 22:30:00,9.52524,9.53151,9.52355,9.52391
2025-07-08 23:00:00,9.52435,9.52564,9.51275,9.51687
2025-07-08 23:30:00,9.51673,9.52166,9.51378,9.51751
2025-07-09 00:00:00,9.51442,9.52188,9.51305,9.51729
2025-07-09 00:30:00,9.51727,9.51932,9.51486,9.51714
2025-07-09 01:00:00,9.5176,9.52615,9.51501,9.52521
2025-07-09 01:30:00,9.52549,9.52556,9.51581,9.51898
2025-07-09 02:00:00,9.51884,9.52388,9.51648,9.52387
2025-07-09 02:30:00,9.52389,9.52831,9.5172,9.52288
2025-07-09 03:00:00,9.52248,9.53115,9.51798,9.52308
2025-07-09 03:30:00,9.52307,9.52686,9.51558,9.51894
2025-07-09 04:00:00,9.51905,9.53221,9.51826,9.52694
2025-07-09 04:30:00,9.52714,9.53478,9.52376,9.52821
2025-07-09 05:00:00,9.52818,9.53059,9.52213,9.52933
2025-07-09 05:30:00,9.52934,9.5439,9.52924,9.53624
2025-07-09 06:00:00,9.53624,9.54517,9.53547,9.53776
2025-07-09 06:30:00,9.53773,9.54294,9.53617,9.54166
2025-07-09 07:00:00,9.54165,9.54603,9.53696,9.53951
2025-07-09 07:30:00,9.53949,9.53974,9.53179,9.53351
2025-07-09 08:00:00,9.53315,9.53527,9.52868,9.53185
2025-07-09 08:30:00,9.53184,9.53294,9.5226,9.53095
2025-07-09 09:00:00,9.53135,9.537,9.5294,9.53468
2025-07-09 09:30:00,9.53443,9.53731,9.52029,9.52626
2025-07-09 10:00:00,9.52605,9.52928,9.51956,9.52118
2025-07-09 10:30:00,9.52115,9.53454,9.51948,9.52688
2025-07-09 11:00:00,9.52706,9.53573,9.52209,9.52219
2025-07-09 11:30:00,9.52217,9.52398,9.51285,9.51597
2025-07-09 12:00:00,9.51616,9.51636,9.50838,9.51367
2025-07-09 12:30:00,9.51363,9.5191,9.51065,9.51447
2025-07-09 13:00:00,9.51446,9.52009,9.51129,9.51856
2025-07-09 13:30:00,9.51851,9.53288,9.51815,9.53211
2025-07-09 14:00:00,9.53211,9.53723,9.52887,9.53388
2025-07-09 14:30:00,9.53387,9.55283,9.53322,9.54932
2025-07-09 15:00:00,9.54927,9.54976,9.52434,9.53795
2025-07-09 15:30:00,9.53797,9.5428,9.52514,9.52664
2025-07-09 16:00:00,9.52665,9.52996,9.51421,9.5259
2025-07-09 16:30:00,9.5259,9.53971,9.52117,9.53697
2025-07-09 17:00:00,9.53814,9.54055,9.51498,9.52189
2025-07-09 17:30:00,9.52194,9.52998,9.51876,9.52519
2025-07-09 18:00:00,9.52523,9.53119,9.5212,9.52652
2025-07-09 18:30:00,9.52742,9.52923,9.52247,9.52607
2025-07-09 19:00:00,9.52572,9.52932,9.51847,9.52859
2025-07-09 19:30:00,9.52859,9.52876,9.51704,9.52272
2025-07-09 20:00:00,9.52274,9.52472,9.5165,9.51762
2025-07-09 20:30:00,9.51764,9.52247,9.51693,9.51693
2025-07-09 21:00:00,9.51673,9.52263,9.51059,9.51412
2025-07-09 21:30:00,9.51464,9.52362,9.51141,9.51544
2025-07-09 22:00:00,9.51484,9.51828,9.50832,9.50918
2025-07-09 22:30:00,9.50915,9.51343,9.50778,9.51185
2025-07-09 23:00:00,9.51193,9.51648,9.5102,9.51444
2025-07-09 23:30:00,9.51434,9.51641,9.50439,9.50651
2025-07-10 00:00:00,9.50202,9.51236,9.49494,9.50593
2025-07-10 00:30:00,9.50837,9.51284,9.50593,9.50757
2025-07-10 01:00:00,9.50478,9.51117,9.50262,9.5099
2025-07-10 01:30:00,9.50983,9.51092,9.50792,9.51023
2025-07-10 02:00:00,9.51022,9.51041,9.50514,9.50648
2025-07-10 02:30:00,9.50653,9.50975,9.49305,9.49676
2025-07-10 03:00:00,9.49662,9.49799,9.48636,9.48859
2025-07-10 03:30:00,9.48857,9.49688,9.48375,9.49262
2025-07-10 04:00:00,9.49269,9.4985,9.48978,9.49587
2025-07-10 04:30:00,9.49585,9.49586,9.48764,9.49294
2025-07-10 05:00:00,9.49297,9.49427,9.48901,9.49176
2025-07-10 05:30:00,9.49183,9.49404,9.48645,9.49196
2025-07-10 06:00:00,9.49195,9.50175,9.49049,9.50121
2025-07-10 06:30:00,9.5012,9.50386,9.49892,9.50236
2025-07-10 07:00:00,9.50232,9.50751,9.50202,9.50418
2025-07-10 07:30:00,9.50417,9.50552,9.49722,9.50098
2025-07-10 08:00:00,9.50105,9.50213,9.49769,9.49923
2025-07-10 08:30:00,9.49929,9.50273,9.49566,9.50273
2025-07-10 09:00:00,9.5029,9.50333,9.49583,9.49789
2025-07-10 09:30:00,9.49798,9.5075,9.49684,9.50548
2025-07-10 10:00:00,9.50538,9.50804,9.4986,9.50348
2025-07-10 10:30:00,9.50349,9.5092,9.50201,9.50395
2025-07-10 11:00:00,9.50386,9.51133,9.50381,9.50871
2025-07-10 11:30:00,9.50857,9.50928,9.49984,9.49984
2025-07-10 12:00:00,9.49982,9.5056,9.49922,9.50124
2025-07-10 12:30:00,9.50083,9.50517,9.49497,9.50015
2025-07-10 13:00:00,9.49951,9.5039,9.49806,9.4985
2025-07-10 13:30:00,9.49847,9.49972,9.4955,9.497
2025-07-10 14:00:00,9.49704,9.50648,9.49485,9.50555
2025-07-10 14:30:00,9.50547,9.52016,9.50546,9.51806
2025-07-10 15:00:00,9.51804,9.53012,9.51598,9.52597
2025-07-10 15:30:00,9.527,9.53734,9.52678,9.53023
2025-07-10 16:00:00,9.53042,9.53812,9.52345,9.5374
2025-07-10 16:30:00,9.53722,9.55327,9.53523,9.54645
2025-07-10 17:00:00,9.54633,9.56712,9.54196,9.56322
2025-07-10 17:30:00,9.56309,9.56333,9.53725,9.53966
2025-07-10 18:00:00,9.53977,9.54197,9.52803,9.5321
2025-07-10 18:30:00,9.5321,9.53843,9.52453,9.52609
2025-07-10 19:00:00,9.52577,9.53135,9.52413,9.52652
2025-07-10 19:30:00,9.52651,9.53557,9.52651,9.53041
2025-07-10 20:00:00,9.5305,9.53246,9.52187,9.52585
2025-07-10 20:30:00,9.52587,9.53038,9.52114,9.52408
2025-07-10 21:00:00,9.52403,9.52431,9.51822,9.52042
2025-07-10 21:30:00,9.5204,9.52418,9.51191,9.51441
2025-07-10 22:00:00,9.5145,9.51484,9.51038,9.51192
2025-07-10 22:30:00,9.51194,9.51218,9.50615,9.50758
2025-07-10 23:00:00,9.50751,9.5079,9.50031,9.50092
2025-07-10 23:30:00,9.50091,9.50195,9.49515,9.49515
2025-07-11 00:00:00,9.49679,9.50067,9.49456,9.49984
2025-07-11 00:30:00,9.50067,9.50099,9.49409,9.49473
2025-07-11 01:00:00,9.49488,9.50395,9.49462,9.50085
2025-07-11 01:30:00,9.50086,9.50195,9.49719,9.49888
2025-07-11 02:00:00,9.49889,9.50075,9.49619,9.49776
2025-07-11 02:30:00,9.49782,9.50058,9.49702,9.49854
2025-07-11 03:00:00,9.49872,9.52579,9.49844,9.52229
2025-07-11 03:30:00,9.52217,9.53284,9.51471,9.5223
2025-07-11 04:00:00,9.52225,9.52943,9.51659,9.52012
2025-07-11 04:30:00,9.51999,9.52062,9.51005,9.51978
2025-07-11 05:00:00,9.51976,9.52457,9.51901,9.5218
2025-07-11 05:30:00,9.52178,9.5271,9.52001,9.52541
2025-07-11 06:00:00,9.52543,9.52589,9.51313,9.51407
2025-07-11 06:30:00,9.51398,9.51909,9.51303,9.517
2025-07-11 07:00:00,9.51699,9.52825,9.51577,9.52743
2025-07-11 07:30:00,9.52742,9.52853,9.5203,9.52094
2025-07-11 08:00:00,9.52115,9.52298,9.51444,9.51784
2025-07-11 08:30:00,9.51784,9.52096,9.51108,9.52063
2025-07-11 09:00:00,9.52077,9.52761,9.51573,9.51896
2025-07-11 09:30:00,9.51897,9.53325,9.51821,9.53263
2025-07-11 10:00:00,9.53235,9.53243,9.51633,9.51804
2025-07-11 10:30:00,9.51798,9.52841,9.51652,9.5213
2025-07-11 11:00:00,9.52302,9.5318,9.5207,9.53163
2025-07-11 11:30:00,9.53162,9.5381,9.52977,9.53557
2025-07-11 12:00:00,9.53558,9.53757,9.52902,9.53558
2025-07-11 12:30:00,9.53557,9.53711,9.52599,9.52717
2025-07-11 13:00:00,9.52718,9.53194,9.52448,9.52745
2025-07-11 13:30:00,9.52744,9.53505,9.52667,9.53077
2025-07-11 14:00:00,9.5308,9.54003,9.52026,9.53966
2025-07-11 14:30:00,9.53971,9.54156,9.53099,9.53785
2025-07-11 15:00:00,9.53784,9.54527,9.53474,9.53582
2025-07-11 15:30:00,9.5348,9.54187,9.52632,9.53922
2025-07-11 16:00:00,9.53919,9.54281,9.53137,9.53581
2025-07-11 16:30:00,9.53582,9.55455,9.52117,9.54657
2025-07-11 17:00:00,9.54642,9.56039,9.54423,9.5544
2025-07-11 17:30:00,9.55427,9.55754,9.54144,9.54294
2025-07-11 18:00:00,9.54287,9.54875,9.53863,9.54316
2025-07-11 18:30:00,9.54322,9.55044,9.53618,9.54946
2025-07-11 19:00:00,9.54928,9.55731,9.5488,9.55447
2025-07-11 19:30:00,9.55428,9.55804,9.54668,9.54882
2025-07-11 20:00:00,9.54894,9.55604,9.54501,9.55009
2025-07-11 20:30:00,9.54986,9.55451,9.54881,9.54945
2025-07-11 21:00:00,9.54944,9.55618,9.54709,9.55252
2025-07-11 21:30:00,9.55234,9.5576,9.55077,9.55616
2025-07-11 22:00:00,9.55603,9.56136,9.55477,9.55804
2025-07-11 22:30:00,9.55805,9.56476,9.5564,9.56135
2025-07-11 23:00:00,9.56108,9.56425,9.55882,9.56358
2025-07-11 23:30:00,9.56336,9.56553,9.5517,9.5552
2025-07-14 00:00:00,9.55819,9.56998,9.5503,9.56847
2025-07-14 00:30:00,9.56879,9.57245,9.56143,9.56361
2025-07-14 01:00:00,9.56507,9.57341,9.55363,9.57109
2025-07-14 01:30:00,9.57111,9.57662,9.56566,9.5758
2025-07-14 02:00:00,9.57679,9.57884,9.5679,9.57026
2025-07-14 02:30:00,9.57027,9.57168,9.56486,9.56812
2025-07-14 03:00:00,9.56825,9.56893,9.55862,9.56477
2025-07-14 03:30:00,9.56437,9.56766,9.56171,9.56407
2025-07-14 04:00:00,9.56398,9.56726,9.55915,9.5658
2025-07-14 04:30:00,9.56583,9.58698,9.56423,9.58351
2025-07-14 05:00:00,9.58353,9.58891,9.57413,9.5841
2025-07-14 05:30:00,9.5841,9.59489,9.58397,9.58856
2025-07-14 06:00:00,9.58839,9.58937,9.57981,9.58573
2025-07-14 06:30:00,9.5856,9.59057,9.57223,9.57878
2025-07-14 07:00:00,9.57883,9.58554,9.57828,9.58125
2025-07-14 07:30:00,9.58149,9.58585,9.57753,9.58541
2025-07-14 08:00:00,9.58544,9.5906,9.57993,9.59029
2025-07-14 08:30:00,9.5903,9.5957,9.58727,9.59099
2025-07-14 09:00:00,9.59089,9.60436,9.58886,9.60128
2025-07-14 09:30:00,9.60127,9.60625,9.59409,9.60146
2025-07-14 10:00:00,9.60138,9.60449,9.59294,9.59475
2025-07-14 10:30:00,9.59454,9.59847,9.58301,9.5889
2025-07-14 11:00:00,9.58891,9.59944,9.58891,9.59465
2025-07-14 11:30:00,9.59465,9.60428,9.59052,9.60363
2025-07-14 12:00:00,9.6036,9.61175,9.6036,9.60969
2025-07-14 12:30:00,9.60988,9.61293,9.60115,9.60115
2025-07-14 13:00:00,9.60119,9.60197,9.5914,9.59242
2025-07-14 13:30:00,9.59246,9.5973,9.58534,9.58917
2025-07-14 14:00:00,9.58919,9.59202,9.58174,9.58323
2025-07-14 14:30:00,9.58322,9.59415,9.58322,9.5886
2025-07-14 15:00:00,9.58862,9.59281,9.58134,9.59202
2025-07-14 15:30:00,9.59203,9.60785,9.59188,9.60295
2025-07-14 16:00:00,9.60311,9.61759,9.6026,9.61362
2025-07-14 16:30:00,9.61326,9.61585,9.59717,9.60323
2025-07-14 17:00:00,9.60324,9.61293,9.59895,9.6026
2025-07-14 17:30:00,9.60262,9.61755,9.60135,9.61149
2025-07-14 18:00:00,9.61144,9.61716,9.60292,9.60357
2025-07-14 18:30:00,9.60383,9.62691,9.59805,9.62224
2025-07-14 19:00:00,9.62206,9.63175,9.61598,9.62395
2025-07-14 19:30:00,9.62385,9.62396,9.60729,9.61186
2025-07-14 20:00:00,9.61194,9.61428,9.60528,9.60909
2025-07-14 20:30:00,9.60911,9.61469,9.60911,9.61402
2025-07-14 21:00:00,9.61404,9.61484,9.61098,9.61176
2025-07-14 21:30:00,9.61175,9.61198,9.60316,9.60818
2025-07-14 22:00:00,9.60819,9.61133,9.6047,9.60974
2025-07-14 22:30:00,9.60974,9.61444,9.60974,9.61052
2025-07-14 23:00:00,9.61053,9.61596,9.60951,9.61446
2025-07-14 23:30:00,9.61434,9.61937,9.60522,9.6053
2025-07-15 00:00:00,9.59853,9.61095,9.59502,9.60502
2025-07-15 00:30:00,9.60506,9.61469,9.60272,9.60803
2025-07-15 01:00:00,9.61041,9.61873,9.60109,9.60816
2025-07-15 01:30:00,9.60721,9.61531,9.60197,9.61367
2025-07-15 02:00:00,9.61366,9.61708,9.612,9.61708
2025-07-15 02:30:00,9.61706,9.61927,9.6134,9.61749
2025-07-15 03:00:00,9.61749,9.61786,9.60459,9.60491
2025-07-15 03:30:00,9.60497,9.6108,9.60346,9.60858
2025-07-15 04:00:00,9.60853,9.61573,9.60808,9.61405
2025-07-15 04:30:00,9.61422,9.61861,9.60937,9.61543
2025-07-15 05:00:00,9.6154,9.61881,9.60642,9.60851
2025-07-15 05:30:00,9.6085,9.61337,9.60365,9.61113
2025-07-15 06:00:00,9.61126,9.61376,9.60956,9.61061
2025-07-15 06:30:00,9.61064,9.61191,9.6095,9.61067
2025-07-15 07:00:00,9.61065,9.6115,9.60812,9.60895
2025-07-15 07:30:00,9.60894,9.61143,9.60798,9.61079
2025-07-15 08:00:00,9.61078,9.61095,9.6043,9.60645
2025-07-15 08:30:00,9.60648,9.60828,9.60389,9.60694
2025-07-15 09:00:00,9.60762,9.60993,9.59902,9.60792
2025-07-15 09:30:00,9.60774,9.61703,9.60334,9.61635
2025-07-15 10:00:00,9.6164,9.62592,9.61557,9.61885
2025-07-15 10:30:00,9.61889,9.62088,9.60909,9.61314
2025-07-15 11:00:00,9.61296,9.61858,9.60791,9.61195
2025-07-15 11:30:00,9.61194,9.62148,9.61006,9.61806
2025-07-15 12:00:00,9.61813,9.62361,9.61493,9.61991
2025-07-15 12:30:00,9.61989,9.62775,9.61549,9.62433
2025-07-15 13:00:00,9.62431,9.63608,9.62064,9.6357
2025-07-15 13:30:00,9.63568,9.64304,9.6341,9.63505
2025-07-15 14:00:00,9.63507,9.65013,9.63507,9.6501
2025-07-15 14:30:00,9.65011,9.65765,9.64657,9.65638
2025-07-15 15:00:00,9.65629,9.66044,9.64953,9.65617
2025-07-15 15:30:00,9.65428,9.65959,9.62933,9.6398
2025-07-15 16:00:00,9.63973,9.65017,9.63614,9.64176
2025-07-15 16:30:00,9.6419,9.68302,9.64163,9.67523
2025-07-15 17:00:00,9.67524,9.69336,9.66892,9.69262
2025-07-15 17:30:00,9.69259,9.70243,9.69067,9.69816
2025-07-15 18:00:00,9.69818,9.71228,9.6969,9.70927
2025-07-15 18:30:00,9.70928,9.72647,9.70927,9.7118
2025-07-15 19:00:00,9.71138,9.72803,9.70874,9.72783
2025-07-15 19:30:00,9.72788,9.73523,9.72706,9.73195
2025-07-15 20:00:00,9.73193,9.73433,9.72669,9.7342
2025-07-15 20:30:00,9.73422,9.73496,9.7302,9.73044
2025-07-15 21:00:00,9.7304,9.73102,9.72258,9.72763
2025-07-15 21:30:00,9.72773,9.72922,9.72153,9.72179
2025-07-15 22:00:00,9.72178,9.72798,9.72178,9.72766
2025-07-15 22:30:00,9.72768,9.72888,9.72448,9.72723
2025-07-15 23:00:00,9.72721,9.72757,9.72456,9.7252
2025-07-15 23:30:00,9.72505,9.72863,9.70969,9.70974
2025-07-16 00:00:00,9.70687,9.71755,9.6959,9.70547
2025-07-16 00:30:00,9.69904,9.72249,9.69784,9.71644
2025-07-16 01:00:00,9.71763,9.72673,9.71221,9.71826
2025-07-16 01:30:00,9.71857,9.7193,9.71082,9.7167
2025-07-16 02:00:00,9.717,9.72088,9.71165,9.71653
2025-07-16 02:30:00,9.7163,9.72001,9.71128,9.7159
2025-07-16 03:00:00,9.71591,9.72516,9.7126,9.71976
2025-07-16 03:30:00,9.71977,9.72241,9.71066,9.71732
2025-07-16 04:00:00,9.71758,9.72053,9.7112,9.71537
2025-07-16 04:30:00,9.71533,9.7202,9.71076,9.71717
2025-07-16 05:00:00,9.71714,9.72161,9.71603,9.72038
2025-07-16 05:30:00,9.72037,9.72305,9.71773,9.71838
2025-07-16 06:00:00,9.7181,9.71825,9.71038,9.71198
2025-07-16 06:30:00,9.71196,9.72198,9.71129,9.71632
2025-07-16 07:00:00,9.71615,9.71636,9.71231,9.7133
2025-07-16 07:30:00,9.71341,9.71414,9.71105,9.71174
2025-07-16 08:00:00,9.71174,9.71326,9.70931,9.71161
2025-07-16 08:30:00,9.7117,9.71478,9.70798,9.70908
2025-07-16 09:00:00,9.70885,9.71209,9.70246,9.70755
2025-07-16 09:30:00,9.70755,9.71348,9.70138,9.70444
2025-07-16 10:00:00,9.70443,9.71924,9.70176,9.7181
2025-07-16 10:30:00,9.71812,9.7283,9.71728,9.72562
2025-07-16 11:00:00,9.72558,9.73458,9.72288,9.73102
2025-07-16 11:30:00,9.73119,9.73452,9.72574,9.72574
2025-07-16 12:00:00,9.72577,9.75028,9.72429,9.7477
2025-07-16 12:30:00,9.74771,9.75444,9.74104,9.74136
2025-07-16 13:00:00,9.74137,9.75372,9.73995,9.75085
2025-07-16 13:30:00,9.75084,9.75093,9.74431,9.7448
2025-07-16 14:00:00,9.7448,9.75337,9.74165,9.75337
2025-07-16 14:30:00,9.75339,9.75644,9.74793,9.75494
2025-07-16 15:00:00,9.75433,9.7645,9.7519,9.7605
2025-07-16 15:30:00,9.76038,9.76166,9.73814,9.75486
2025-07-16 16:00:00,9.75486,9.78198,9.75183,9.78049
2025-07-16 16:30:00,9.78118,9.79785,9.77731,9.78226
2025-07-16 17:00:00,9.78217,9.79042,9.77615,9.78617
2025-07-16 17:30:00,9.78624,9.79821,9.75371,9.76303
2025-07-16 18:00:00,9.76308,9.76419,9.665,9.67183
2025-07-16 18:30:00,9.67305,9.73837,9.63808,9.72482
2025-07-16 19:00:00,9.72476,9.7412,9.69564,9.71727
2025-07-16 19:30:00,9.71734,9.72594,9.70679,9.70994
2025-07-16 20:00:00,9.70993,9.71298,9.69537,9.70702
2025-07-16 20:30:00,9.70666,9.72327,9.69022,9.71838
2025-07-16 21:00:00,9.71973,9.72835,9.71144,9.72431
2025-07-16 21:30:00,9.72424,9.73493,9.71698,9.73436
2025-07-16 22:00:00,9.73312,9.74013,9.73006,9.73011
2025-07-16 22:30:00,9.73015,9.73155,9.71552,9.71571
2025-07-16 23:00:00,9.71572,9.71872,9.70643,9.70727
2025-07-16 23:30:00,9.70725,9.72079,9.68854,9.68854
2025-07-17 00:00:00,9.69075,9.70005,9.68522,9.68591
2025-07-17 00:30:00,9.68585,9.7096,9.6819,9.7024
2025-07-17 01:00:00,9.70218,9.71215,9.68281,9.71001
2025-07-17 01:30:00,9.71001,9.71207,9.70405,9.70896
2025-07-17 02:00:00,9.70895,9.71992,9.7033,9.71974
2025-07-17 02:30:00,9.71969,9.72784,9.70634,9.71476
2025-07-17 03:00:00,9.71669,9.7249,9.71595,9.72389
2025-07-17 03:30:00,9.7238,9.73614,9.72348,9.72718
2025-07-17 04:00:00,9.72717,9.73497,9.72599,9.73279
2025-07-17 04:30:00,9.73281,9.73952,9.72189,9.72279
2025-07-17 05:00:00,9.72278,9.73327,9.72272,9.73005
2025-07-17 05:30:00,9.73003,9.7398,9.72852,9.73714
2025-07-17 06:00:00,9.73703,9.74228,9.73537,9.73622
2025-07-17 06:30:00,9.73623,9.74412,9.73569,9.73968
2025-07-17 07:00:00,9.73967,9.74438,9.73944,9.74171
2025-07-17 07:30:00,9.74177,9.74187,9.73525,9.73569
2025-07-17 08:00:00,9.73571,9.7384,9.73247,9.73483
2025-07-17 08:30:00,9.73482,9.74416,9.73386,9.74252
2025-07-17 09:00:00,9.74261,9.76746,9.73787,9.76735
2025-07-17 09:30:00,9.76736,9.77612,9.76188,9.77265
2025-07-17 10:00:00,9.7726,9.77491,9.7538,9.75603
2025-07-17 10:30:00,9.75601,9.76172,9.74993,9.75647
2025-07-17 11:00:00,9.75641,9.76226,9.75133,9.75442
2025-07-17 11:30:00,9.75447,9.75456,9.74146,9.74146
2025-07-17 12:00:00,9.74214,9.75307,9.74146,9.74805
2025-07-17 12:30:00,9.74802,9.76108,9.74621,9.76013
2025-07-17 13:00:00,9.76016,9.77089,9.7566,9.75839
2025-07-17 13:30:00,9.7584,9.76094,9.75015,9.75885
2025-07-17 14:00:00,9.75888,9.77391,9.75566,9.77282
2025-07-17 14:30:00,9.77281,9.77814,9.76814,9.77316
2025-07-17 15:00:00,9.77322,9.77372,9.74464,9.74464
2025-07-17 15:30:00,9.75589,9.78719,9.75589,9.76545
2025-07-17 16:00:00,9.76551,9.7716,9.75433,9.7652
2025-07-17 16:30:00,9.76521,9.77207,9.75881,9.76592
2025-07-17 17:00:00,9.76581,9.77286,9.75761,9.76203
2025-07-17 17:30:00,9.762,9.77057,9.75809,9.76449
2025-07-17 18:00:00,9.76457,9.76691,9.75395,9.75413
2025-07-17 18:30:00,9.75412,9.75634,9.74431,9.75042
2025-07-17 19:00:00,9.7499,9.75014,9.74231,9.74412
2025-07-17 19:30:00,9.7442,9.76979,9.74397,9.75613
2025-07-17 20:00:00,9.75611,9.76518,9.75302,9.75862
2025-07-17 20:30:00,9.7586,9.76283,9.75429,9.75603
2025-07-17 21:00:00,9.75602,9.76232,9.75377,9.7581
2025-07-17 21:30:00,9.75815,9.76168,9.75442,9.7565
2025-07-17 22:00:00,9.75647,9.75661,9.74466,9.74967
2025-07-17 22:30:00,9.74963,9.75044,9.74646,9.749
2025-07-17 23:00:00,9.74943,9.75004,9.74608,9.74656
2025-07-17 23:30:00,9.74658,9.74812,9.74314,9.74314
2025-07-18 00:00:00,9.73058,9.74869,9.72644,9.73696
2025-07-18 00:30:00,9.7371,9.74458,9.73162,9.73897
2025-07-18 01:00:00,9.73907,9.74677,9.73585,9.73967
2025-07-18 01:30:00,9.73971,9.7402,9.7213,9.73058
2025-07-18 02:00:00,9.72983,9.73585,9.72396,9.7294
2025-07-18 02:30:00,9.72937,9.73352,9.72403,9.72504
2025-07-18 03:00:00,9.72505,9.72996,9.72073,9.72571
2025-07-18 03:30:00,9.7257,9.72659,9.71762,9.72218
2025-07-18 04:00:00,9.72218,9.72402,9.71787,9.72307
2025-07-18 04:30:00,9.72331,9.72666,9.71009,9.71822
2025-07-18 05:00:00,9.71804,9.72432,9.71709,9.71827
2025-07-18 05:30:00,9.71828,9.71828,9.71364,9.71513
2025-07-18 06:00:00,9.71525,9.71974,9.71328,9.71757
2025-07-18 06:30:00,9.71754,9.72394,9.713,9.72275
2025-07-18 07:00:00,9.72273,9.72902,9.72245,9.72756
2025-07-18 07:30:00,9.72754,9.7297,9.72453,9.72767
2025-07-18 08:00:00,9.72768,9.73021,9.72459,9.72788
2025-07-18 08:30:00,9.72787,9.73079,9.72175,9.72572
2025-07-18 09:00:00,9.72546,9.7327,9.71906,9.72392
2025-07-18 09:30:00,9.72389,9.72389,9.71034,9.71542
2025-07-18 10:00:00,9.71536,9.71581,9.70106,9.70156
2025-07-18 10:30:00,9.70154,9.70188,9.68666,9.68688
2025-07-18 11:00:00,9.68685,9.68718,9.66814,9.67469
2025-07-18 11:30:00,9.67469,9.67479,9.66353,9.67443
2025-07-18 12:00:00,9.6744,9.67541,9.65969,9.66275
2025-07-18 12:30:00,9.66274,9.67774,9.66266,9.67774
2025-07-18 13:00:00,9.67773,9.6823,9.67445,9.67793
2025-07-18 13:30:00,9.67795,9.67804,9.66208,9.66287
2025-07-18 14:00:00,9.66289,9.66945,9.65838,9.66769
2025-07-18 14:30:00,9.6677,9.66782,9.65832,9.66387
2025-07-18 15:00:00,9.66392,9.6665,9.64853,9.66392
2025-07-18 15:30:00,9.66384,9.66815,9.6523,9.65277
2025-07-18 16:00:00,9.65277,9.66119,9.64028,9.64442
2025-07-18 16:30:00,9.64439,9.65539,9.6367,9.63878
2025-07-18 17:00:00,9.63819,9.66249,9.63389,9.66137
2025-07-18 17:30:00,9.66126,9.66458,9.65104,9.66128
2025-07-18 18:00:00,9.66144,9.66619,9.65321,9.657
2025-07-18 18:30:00,9.65705,9.66115,9.65051,9.65979
2025-07-18 19:00:00,9.65976,9.67197,9.65085,9.66646
2025-07-18 19:30:00,9.66638,9.67313,9.65258,9.66335
2025-07-18 20:00:00,9.66341,9.67639,9.66001,9.67341
2025-07-18 20:30:00,9.67338,9.68061,9.66615,9.67073
2025-07-18 21:00:00,9.67076,9.67873,9.66969,9.67413
2025-07-18 21:30:00,9.67409,9.68061,9.67293,9.67787
2025-07-18 22:00:00,9.67786,9.68243,9.67264,9.67668
2025-07-18 22:30:00,9.67666,9.67991,9.67471,9.67626
2025-07-18 23:00:00,9.67632,9.67869,9.67187,9.67216
2025-07-18 23:30:00,9.67219,9.67844,9.64194,9.64878
2025-07-21 00:00:00,9.64517,9.64517,9.64517,9.64517
2025-07-21 00:30:00,9.6373,9.6537,9.63537,9.64503
2025-07-21 01:00:00,9.64499,9.65849,9.63869,9.65685
2025-07-21 01:30:00,9.65698,9.68652,9.63977,9.65352
2025-07-21 02:00:00,9.65778,9.66588,9.63557,9.63781
2025-07-21 02:30:00,9.63754,9.67033,9.63563,9.65664
2025-07-21 03:00:00,9.65651,9.66152,9.64524,9.65522
2025-07-21 03:30:00,9.65516,9.67568,9.65475,9.67525
2025-07-21 04:00:00,9.67522,9.67662,9.66915,9.67003
2025-07-21 04:30:00,9.67005,9.67921,9.66931,9.67755
2025-07-21 05:00:00,9.67757,9.68074,9.67094,9.67176
2025-07-21 05:30:00,9.67177,9.67851,9.67107,9.67181
2025-07-21 06:00:00,9.67174,9.67484,9.67001,9.67352
2025-07-21 06:30:00,9.67355,9.67489,9.66863,9.66997
2025-07-21 07:00:00,9.66998,9.67124,9.66524,9.66531
2025-07-21 07:30:00,9.66529,9.6664,9.66142,9.66253
2025-07-21 08:00:00,9.66256,9.66668,9.65986,9.66224
2025-07-21 08:30:00,9.66223,9.66299,9.65689,9.66082
2025-07-21 09:00:00,9.66081,9.66642,9.65373,9.65574
2025-07-21 09:30:00,9.65573,9.6611,9.65291,9.65697
2025-07-21 10:00:00,9.65696,9.66621,9.65391,9.65901
2025-07-21 10:30:00,9.65899,9.66362,9.64528,9.64796
2025-07-21 11:00:00,9.64797,9.65538,9.64785,9.6512
2025-07-21 11:30:00,9.65121,9.65417,9.63574,9.65179
2025-07-21 12:00:00,9.65169,9.65316,9.64549,9.65228
2025-07-21 12:30:00,9.65233,9.6576,9.6402,9.64644
2025-07-21 13:00:00,9.6462,9.64938,9.63619,9.63669
2025-07-21 13:30:00,9.63663,9.63823,9.62912,9.62996
2025-07-21 14:00:00,9.62995,9.6306,9.61327,9.61476
2025-07-21 14:30:00,9.61475,9.6168,9.60791,9.60947
2025-07-21 15:00:00,9.60948,9.61287,9.60351,9.60924
2025-07-21 15:30:00,9.60923,9.61305,9.60219,9.61274
2025-07-21 16:00:00,9.61278,9.6245,9.6118,9.62221
2025-07-21 16:30:00,9.62226,9.62862,9.62025,9.62265
2025-07-21 17:00:00,9.62267,9.62349,9.59822,9.60135
2025-07-21 17:30:00,9.60136,9.60167,9.57278,9.57415
2025-07-21 18:00:00,9.57414,9.57606,9.55059,9.55947
2025-07-21 18:30:00,9.55948,9.5718,9.55258,9.56731
2025-07-21 19:00:00,9.56775,9.57861,9.56218,9.57339
2025-07-21 19:30:00,9.57254,9.57875,9.56839,9.5762
2025-07-21 20:00:00,9.57627,9.59115,9.57552,9.58555
2025-07-21 20:30:00,9.58509,9.58885,9.57803,9.58474
2025-07-21 21:00:00,9.58475,9.58887,9.57809,9.57979
2025-07-21 21:30:00,9.57991,9.58773,9.57616,9.57653
2025-07-21 22:00:00,9.57652,9.58418,9.57403,9.58127
2025-07-21 22:30:00,9.58126,9.58333,9.57748,9.58221
2025-07-21 23:00:00,9.58222,9.58781,9.5759,9.57685
2025-07-21 23:30:00,9.57682,9.58907,9.56536,9.56538
2025-07-22 00:00:00,9.56546,9.57145,9.55537,9.56595
2025-07-22 00:30:00,9.56682,9.5808,9.56227,9.5668
2025-07-22 01:00:00,9.56737,9.57519,9.56315,9.57017
2025-07-22 01:30:00,9.57016,9.57371,9.56659,9.57055
2025-07-22 02:00:00,9.57057,9.5763,9.56401,9.57559
2025-07-22 02:30:00,9.5756,9.57597,9.56608,9.56992
2025-07-22 03:00:00,9.5698,9.58267,9.56918,9.57489
2025-07-22 03:30:00,9.57488,9.57979,9.56985,9.57671
2025-07-22 04:00:00,9.57673,9.57821,9.57309,9.57735
2025-07-22 04:30:00,9.57732,9.58152,9.57323,9.57512
2025-07-22 05:00:00,9.57518,9.57844,9.56885,9.57842
2025-07-22 05:30:00,9.57832,9.58134,9.57262,9.5743
2025-07-22 06:00:00,9.57416,9.58102,9.57393,9.57656
2025-07-22 06:30:00,9.57657,9.57973,9.57502,9.57748
2025-07-22 07:00:00,9.57749,9.57969,9.57278,9.57378
2025-07-22 07:30:00,9.57376,9.57757,9.57004,9.57692
2025-07-22 08:00:00,9.57693,9.58329,9.57136,9.58089
2025-07-22 08:30:00,9.58083,9.59116,9.58026,9.58316
2025-07-22 09:00:00,9.58321,9.60115,9.58321,9.59894
2025-07-22 09:30:00,9.59894,9.60145,9.58964,9.59095
2025-07-22 10:00:00,9.59109,9.60673,9.58953,9.60187
2025-07-22 10:30:00,9.60185,9.60293,9.59386,9.5977
2025-07-22 11:00:00,9.59766,9.59946,9.58682,9.59282
2025-07-22 11:30:00,9.5928,9.59312,9.58195,9.58422
2025-07-22 12:00:00,9.58427,9.58427,9.57536,9.57826
2025-07-22 12:30:00,9.57825,9.58732,9.57765,9.57897
2025-07-22 13:00:00,9.57949,9.58188,9.57224,9.57932
2025-07-22 13:30:00,9.5793,9.58662,9.57893,9.58545
2025-07-22 14:00:00,9.58544,9.59183,9.58334,9.58976
2025-07-22 14:30:00,9.58976,9.59059,9.58014,9.58177
2025-07-22 15:00:00,9.58182,9.58933,9.57733,9.58889
2025-07-22 15:30:00,9.58853,9.59853,9.5855,9.59501
2025-07-22 16:00:00,9.59511,9.59747,9.57668,9.58042
2025-07-22 16:30:00,9.5804,9.58531,9.5575,9.5575
2025-07-22 17:00:00,9.55748,9.56966,9.55646,9.5589
2025-07-22 17:30:00,9.55872,9.56044,9.53174,9.539
2025-07-22 18:00:00,9.53915,9.54527,9.52863,9.5385
2025-07-22 18:30:00,9.53896,9.54082,9.52135,9.52314
2025-07-22 19:00:00,9.5227,9.5265,9.50757,9.50865
2025-07-22 19:30:00,9.50864,9.5182,9.50629,9.51084
2025-07-22 20:00:00,9.51083,9.51704,9.50899,9.51696
2025-07-22 20:30:00,9.51699,9.52019,9.51002,9.51532
2025-07-22 21:00:00,9.51531,9.51773,9.51198,9.51698
2025-07-22 21:30:00,9.51698,9.51707,9.51159,9.51425
2025-07-22 22:00:00,9.5144,9.51543,9.51,9.5129
2025-07-22 22:30:00,9.51276,9.516,9.50945,9.51105
2025-07-22 23:00:00,9.51145,9.51736,9.50928,9.51417
2025-07-22 23:30:00,9.5142,9.51843,9.50536,9.50536
2025-07-23 00:00:00,9.50424,9.50424,9.47275,9.47275
2025-07-23 00:30:00,9.47224,9.50422,9.47224,9.49409
2025-07-23 01:00:00,9.50309,9.51804,9.49453,9.51732
2025-07-23 01:30:00,9.51733,9.51747,9.506,9.51409
2025-07-23 02:00:00,9.51404,9.52145,9.4982,9.51633
2025-07-23 02:30:00,9.51631,9.52925,9.50942,9.5161
2025-07-23 03:00:00,9.5166,9.51849,9.5057,9.50597
2025-07-23 03:30:00,9.50613,9.51027,9.49732,9.50212
2025-07-23 04:00:00,9.50211,9.51157,9.49988,9.50796
2025-07-23 04:30:00,9.50798,9.51579,9.50475,9.5107
2025-07-23 05:00:00,9.51073,9.51124,9.50583,9.51087
2025-07-23 05:30:00,9.51097,9.51431,9.50979,9.51237
2025-07-23 06:00:00,9.51224,9.51269,9.50171,9.50214
2025-07-23 06:30:00,9.50208,9.50804,9.50069,9.50702
2025-07-23 07:00:00,9.50709,9.51383,9.50579,9.51017
2025-07-23 07:30:00,9.51015,9.51482,9.50695,9.51268
2025-07-23 08:00:00,9.51267,9.51534,9.50807,9.51288
2025-07-23 08:30:00,9.51289,9.5232,9.51289,9.51852
2025-07-23 09:00:00,9.51897,9.52232,9.51254,9.51358
2025-07-23 09:30:00,9.51356,9.51532,9.49811,9.49893
2025-07-23 10:00:00,9.49904,9.49925,9.48166,9.49057
2025-07-23 10:30:00,9.49052,9.49979,9.48219,9.48239
2025-07-23 11:00:00,9.48201,9.48618,9.47523,9.48594
2025-07-23 11:30:00,9.48589,9.49369,9.48476,9.49076
2025-07-23 12:00:00,9.49067,9.50483,9.48977,9.5001
2025-07-23 12:30:00,9.50011,9.50011,9.4884,9.49182
2025-07-23 13:00:00,9.49184,9.50195,9.49184,9.4929
2025-07-23 13:30:00,9.49278,9.5055,9.48906,9.50456
2025-07-23 14:00:00,9.50448,9.51159,9.5027,9.50959
2025-07-23 14:30:00,9.50961,9.51518,9.50505,9.51516
2025-07-23 15:00:00,9.51517,9.5207,9.50863,9.51511
2025-07-23 15:30:00,9.51512,9.52195,9.51,9.51311
2025-07-23 16:00:00,9.51312,9.52362,9.50336,9.51812
2025-07-23 16:30:00,9.51818,9.53417,9.51747,9.52132
2025-07-23 17:00:00,9.52148,9.52798,9.51369,9.52321
2025-07-23 17:30:00,9.52325,9.53361,9.5105,9.51907
2025-07-23 18:00:00,9.51913,9.52669,9.51809,9.52511
2025-07-23 18:30:00,9.52517,9.53614,9.5001,9.51183
2025-07-23 19:00:00,9.51171,9.52778,9.50693,9.5197
2025-07-23 19:30:00,9.51962,9.529,9.51617,9.51702
2025-07-23 20:00:00,9.51696,9.51752,9.50288,9.51715
2025-07-23 20:30:00,9.51712,9.52762,9.50953,9.51298
2025-07-23 21:00:00,9.51303,9.51535,9.49887,9.49923
2025-07-23 21:30:00,9.49925,9.50504,9.49816,9.50315
2025-07-23 22:00:00,9.50307,9.50667,9.49923,9.50542
2025-07-23 22:30:00,9.50545,9.50724,9.50176,9.50261
2025-07-23 23:00:00,9.5026,9.50542,9.49983,9.50311
2025-07-23 23:30:00,9.50315,9.50701,9.49489,9.49534
2025-07-24 00:00:00,9.49608,9.5168,9.49441,9.51177
2025-07-24 00:30:00,9.51172,9.51512,9.49207,9.5017
2025-07-24 01:00:00,9.50178,9.5031,9.49629,9.49974
2025-07-24 01:30:00,9.49942,9.50141,9.49692,9.49914
2025-07-24 02:00:00,9.49906,9.50891,9.49906,9.50576
2025-07-24 02:30:00,9.50574,9.50749,9.50255,9.50506
2025-07-24 03:00:00,9.50578,9.51154,9.50504,9.50953
2025-07-24 03:30:00,9.50983,9.51593,9.50628,9.50914
2025-07-24 04:00:00,9.50925,9.50936,9.49587,9.49621
2025-07-24 04:30:00,9.4968,9.50043,9.49403,9.4994
2025-07-24 05:00:00,9.49949,9.5047,9.49737,9.49877
2025-07-24 05:30:00,9.49884,9.50615,9.49816,9.50049
2025-07-24 06:00:00,9.50043,9.50176,9.49748,9.50162
2025-07-24 06:30:00,9.50159,9.50422,9.49775,9.50367
2025-07-24 07:00:00,9.50368,9.50489,9.49946,9.50112
2025-07-24 07:30:00,9.50113,9.50372,9.5002,9.50315
2025-07-24 08:00:00,9.5031,9.50552,9.49832,9.50213
2025-07-24 08:30:00,9.5023,9.50782,9.49937,9.50737
2025-07-24 09:00:00,9.50733,9.53186,9.50464,9.5156
2025-07-24 09:30:00,9.51545,9.51763,9.50925,9.51257
2025-07-24 10:00:00,9.51254,9.5175,9.49456,9.50699
2025-07-24 10:30:00,9.50682,9.52076,9.50619,9.51398
2025-07-24 11:00:00,9.51398,9.51755,9.50502,9.50938
2025-07-24 11:30:00,9.50999,9.51262,9.50082,9.50909
2025-07-24 12:00:00,9.50907,9.52275,9.50891,9.51906
2025-07-24 12:30:00,9.51904,9.53364,9.51864,9.52756
2025-07-24 13:00:00,9.52747,9.5316,9.52327,9.53133
2025-07-24 13:30:00,9.53132,9.53629,9.52765,9.52942
2025-07-24 14:00:00,9.52901,9.53319,9.52633,9.53093
2025-07-24 14:30:00,9.53103,9.53211,9.51292,9.51441
2025-07-24 15:00:00,9.51442,9.52376,9.50355,9.51705
2025-07-24 15:30:00,9.51842,9.53656,9.51627,9.53376
2025-07-24 16:00:00,9.53386,9.54122,9.51137,9.51464
2025-07-24 16:30:00,9.51466,9.51966,9.49961,9.50592
2025-07-24 17:00:00,9.50607,9.51614,9.49421,9.50753
2025-07-24 17:30:00,9.50755,9.51479,9.49727,9.51166
2025-07-24 18:00:00,9.5117,9.52485,9.50809,9.50865
2025-07-24 18:30:00,9.50856,9.52439,9.50615,9.52379
2025-07-24 19:00:00,9.5236,9.53386,9.51849,9.52951
2025-07-24 19:30:00,9.52944,9.53167,9.51618,9.52634
2025-07-24 20:00:00,9.52622,9.52637,9.51191,9.51493
2025-07-24 20:30:00,9.51494,9.51532,9.50348,9.51203
2025-07-24 21:00:00,9.51204,9.51939,9.51154,9.51596
2025-07-24 21:30:00,9.51577,9.52312,9.51197,9.52026
2025-07-24 22:00:00,9.51978,9.5258,9.5188,9.52184
2025-07-24 22:30:00,9.52165,9.53566,9.52158,9.53276
2025-07-24 23:00:00,9.53328,9.53872,9.52934,9.53586
2025-07-24 23:30:00,9.53569,9.55011,9.52393,9.52864
2025-07-25 00:00:00,9.51956,9.53582,9.51412,9.53444
2025-07-25 00:30:00,9.53442,9.54077,9.5278,9.53225
2025-07-25 01:00:00,9.53278,9.54345,9.52448,9.53224
2025-07-25 01:30:00,9.5322,9.53233,9.52694,9.52807
2025-07-25 02:00:00,9.52864,9.53178,9.5278,9.52905
2025-07-25 02:30:00,9.52903,9.53336,9.5257,9.52817
2025-07-25 03:00:00,9.52813,9.53517,9.52589,9.52939
2025-07-25 03:30:00,9.52943,9.53448,9.52594,9.5303
2025-07-25 04:00:00,9.53033,9.5415,9.52516,9.5394
2025-07-25 04:30:00,9.53945,9.54408,9.53752,9.54016
2025-07-25 05:00:00,9.54013,9.5416,9.53731,9.53899
2025-07-25 05:30:00,9.53896,9.54525,9.53885,9.54222
2025-07-25 06:00:00,9.54216,9.54416,9.54085,9.54098
2025-07-25 06:30:00,9.54092,9.54123,9.53404,9.5403
2025-07-25 07:00:00,9.54029,9.54238,9.53602,9.54182
2025-07-25 07:30:00,9.54172,9.54713,9.53987,9.5432
2025-07-25 08:00:00,9.54324,9.54545,9.5405,9.54142
2025-07-25 08:30:00,9.54149,9.54412,9.53156,9.53164
2025-07-25 09:00:00,9.53141,9.54387,9.52779,9.53601
2025-07-25 09:30:00,9.536,9.53716,9.52791,9.53475
2025-07-25 10:00:00,9.53481,9.54032,9.5299,9.53386
2025-07-25 10:30:00,9.53388,9.54003,9.52834,9.53395
2025-07-25 11:00:00,9.53383,9.54282,9.52867,9.53326
2025-07-25 11:30:00,9.53325,9.53327,9.52277,9.53024
2025-07-25 12:00:00,9.53025,9.53827,9.52905,9.53237
2025-07-25 12:30:00,9.53239,9.53415,9.52316,9.53087
2025-07-25 13:00:00,9.53085,9.537,9.52117,9.52735
2025-07-25 13:30:00,9.52741,9.53147,9.52279,9.52613
2025-07-25 14:00:00,9.52649,9.54596,9.52001,9.53963
2025-07-25 14:30:00,9.53979,9.53983,9.52565,9.53084
2025-07-25 15:00:00,9.53082,9.53177,9.52292,9.52953
2025-07-25 15:30:00,9.52931,9.54493,9.52862,9.53837
2025-07-25 16:00:00,9.53826,9.55036,9.52714,9.53415
2025-07-25 16:30:00,9.53414,9.54989,9.53397,9.5354
2025-07-25 17:00:00,9.5355,9.53698,9.51571,9.52143
2025-07-25 17:30:00,9.52186,9.528,9.52071,9.52599
2025-07-25 18:00:00,9.52601,9.53464,9.5242,9.52586
2025-07-25 18:30:00,9.52603,9.53564,9.52551,9.53168
2025-07-25 19:00:00,9.53149,9.5392,9.52943,9.53122
2025-07-25 19:30:00,9.53121,9.53401,9.52532,9.52946
2025-07-25 20:00:00,9.52956,9.52976,9.52478,9.52497
2025-07-25 20:30:00,9.52493,9.52522,9.51941,9.51952
2025-07-25 21:00:00,9.51963,9.52124,9.51942,9.52016
2025-07-25 21:30:00,9.52017,9.5203,9.51012,9.51421
2025-07-25 22:00:00,9.51433,9.51837,9.51197,9.51238
2025-07-25 22:30:00,9.5124,9.51639,9.5124,9.51543
2025-07-25 23:00:00,9.51522,9.5198,9.51156,9.51242
2025-07-25 23:30:00,9.5124,9.51948,9.50552,9.50926
2025-07-28 00:00:00,9.4931,9.49538,9.48607,9.49253
2025-07-28 00:30:00,9.49246,9.51493,9.48392,9.50461
2025-07-28 01:00:00,9.51378,9.51951,9.50306,9.50897
2025-07-28 01:30:00,9.50894,9.51025,9.50712,9.50789
2025-07-28 02:00:00,9.51201,9.51439,9.48311,9.49962
2025-07-28 02:30:00,9.49961,9.5063,9.495,9.50612
2025-07-28 03:00:00,9.50605,9.50614,9.49302,9.50039
2025-07-28 03:30:00,9.50035,9.50924,9.49795,9.49885
2025-07-28 04:00:00,9.49886,9.49956,9.48704,9.49788
2025-07-28 04:30:00,9.49783,9.51617,9.49728,9.51189
2025-07-28 05:00:00,9.51172,9.5141,9.50634,9.50814
2025-07-28 05:30:00,9.50811,9.50933,9.50292,9.50588
2025-07-28 06:00:00,9.50591,9.50824,9.50275,9.50783
2025-07-28 06:30:00,9.50784,9.50948,9.50179,9.50184
2025-07-28 07:00:00,9.50186,9.50989,9.50146,9.50963
2025-07-28 07:30:00,9.50962,9.51279,9.50849,9.50909
2025-07-28 08:00:00,9.5091,9.51998,9.5091,9.51887
2025-07-28 08:30:00,9.51889,9.52276,9.51792,9.52237
2025-07-28 09:00:00,9.52305,9.54966,9.52305,9.54353
2025-07-28 09:30:00,9.54348,9.54594,9.52049,9.5259
2025-07-28 10:00:00,9.52584,9.53641,9.51951,9.5363
2025-07-28 10:30:00,9.53629,9.56691,9.53629,9.56415
2025-07-28 11:00:00,9.56416,9.56765,9.54971,9.54987
2025-07-28 11:30:00,9.55006,9.55767,9.54405,9.54976
2025-07-28 12:00:00,9.54978,9.55551,9.54262,9.55394
2025-07-28 12:30:00,9.55402,9.57044,9.55344,9.5627
2025-07-28 13:00:00,9.56272,9.5765,9.55851,9.56808
2025-07-28 13:30:00,9.56811,9.57658,9.56595,9.57612
2025-07-28 14:00:00,9.57612,9.58422,9.57191,9.57431
2025-07-28 14:30:00,9.57432,9.58128,9.56927,9.57385
2025-07-28 15:00:00,9.57395,9.57439,9.55981,9.56398
2025-07-28 15:30:00,9.56397,9.57119,9.55809,9.55955
2025-07-28 16:00:00,9.55927,9.576,9.5527,9.57282
2025-07-28 16:30:00,9.57296,9.58696,9.56829,9.5807
2025-07-28 17:00:00,9.58094,9.58447,9.56912,9.5717
2025-07-28 17:30:00,9.57169,9.57998,9.56748,9.57904
2025-07-28 18:00:00,9.57913,9.59533,9.57482,9.587
2025-07-28 18:30:00,9.58695,9.60164,9.5841,9.59974
2025-07-28 19:00:00,9.59951,9.60612,9.5939,9.59582
2025-07-28 19:30:00,9.59581,9.60196,9.59404,9.60157
2025-07-28 20:00:00,9.60158,9.61406,9.60101,9.60904
2025-07-28 20:30:00,9.60905,9.61928,9.60635,9.60909
2025-07-28 21:00:00,9.60908,9.61929,9.60693,9.61439
2025-07-28 21:30:00,9.61439,9.61633,9.61109,9.61117
2025-07-28 22:00:00,9.61127,9.61558,9.6104,9.61434
2025-07-28 22:30:00,9.61435,9.6159,9.60891,9.60995
2025-07-28 23:00:00,9.60994,9.61336,9.60555,9.60857
2025-07-28 23:30:00,9.60858,9.60976,9.60101,9.60101
2025-07-29 00:00:00,9.60124,9.61681,9.58679,9.6041
2025-07-29 00:30:00,9.60614,9.61574,9.59167,9.6046
2025-07-29 01:00:00,9.60467,9.60819,9.59658,9.60204
2025-07-29 01:30:00,9.60208,9.61004,9.59948,9.6023
2025-07-29 02:00:00,9.60571,9.61077,9.60018,9.61033
2025-07-29 02:30:00,9.61034,9.61141,9.60387,9.60586
2025-07-29 03:00:00,9.60587,9.61367,9.60287,9.61158
2025-07-29 03:30:00,9.61158,9.61472,9.60925,9.61446
2025-07-29 04:00:00,9.61453,9.61467,9.6092,9.61212
2025-07-29 04:30:00,9.61207,9.61621,9.61157,9.61585
2025-07-29 05:00:00,9.61562,9.61562,9.60858,9.60974
2025-07-29 05:30:00,9.60977,9.61289,9.60873,9.60996
2025-07-29 06:00:00,9.60997,9.61515,9.60942,9.61414
2025-07-29 06:30:00,9.61412,9.62455,9.61396,9.62185
2025-07-29 07:00:00,9.62186,9.62861,9.61763,9.62452
2025-07-29 07:30:00,9.6245,9.62574,9.61313,9.61386
2025-07-29 08:00:00,9.61388,9.62275,9.61383,9.61872
2025-07-29 08:30:00,9.61866,9.62628,9.61594,9.62288
2025-07-29 09:00:00,9.62346,9.63238,9.61941,9.63229
2025-07-29 09:30:00,9.63227,9.66531,9.62481,9.6642
2025-07-29 10:00:00,9.66426,9.67282,9.6528,9.66442
2025-07-29 10:30:00,9.66441,9.67417,9.65575,9.65594
2025-07-29 11:00:00,9.6566,9.66034,9.64124,9.64966
2025-07-29 11:30:00,9.64967,9.6546,9.64451,9.6492
2025-07-29 12:00:00,9.64913,9.65279,9.63588,9.63867
2025-07-29 12:30:00,9.6387,9.64469,9.63687,9.642
2025-07-29 13:00:00,9.64208,9.645,9.62547,9.62559
2025-07-29 13:30:00,9.62558,9.63386,9.62518,9.62796
2025-07-29 14:00:00,9.62793,9.6429,9.62752,9.64009
2025-07-29 14:30:00,9.64007,9.66661,9.63986,9.66396
2025-07-29 15:00:00,9.66405,9.68039,9.66181,9.67959
2025-07-29 15:30:00,9.67978,9.68811,9.67731,9.68811
2025-07-29 16:00:00,9.68825,9.69051,9.67888,9.67982
2025-07-29 16:30:00,9.67983,9.68429,9.65364,9.65583
2025-07-29 17:00:00,9.65574,9.68013,9.65228,9.67224
2025-07-29 17:30:00,9.67232,9.68307,9.66448,9.66558
2025-07-29 18:00:00,9.66526,9.67001,9.65514,9.65671
2025-07-29 18:30:00,9.65669,9.66091,9.64884,9.65506
2025-07-29 19:00:00,9.65494,9.65494,9.6399,9.64085
2025-07-29 19:30:00,9.64086,9.64816,9.6381,9.64776
2025-07-29 20:00:00,9.64779,9.65331,9.63073,9.63913
2025-07-29 20:30:00,9.63909,9.65497,9.63841,9.65248
2025-07-29 21:00:00,9.65247,9.65541,9.64742,9.65022
2025-07-29 21:30:00,9.65018,9.65112,9.64085,9.64264
2025-07-29 22:00:00,9.64269,9.64445,9.63619,9.63796
2025-07-29 22:30:00,9.63795,9.64382,9.63656,9.6437
2025-07-29 23:00:00,9.64373,9.64578,9.64033,9.64556
2025-07-29 23:30:00,9.64544,9.65008,9.64226,9.64236
2025-07-30 00:00:00,9.64306,9.64627,9.6348,9.64376
2025-07-30 00:30:00,9.64315,9.64622,9.63634,9.63986
2025-07-30 01:00:00,9.63985,9.64376,9.63545,9.63944
2025-07-30 01:30:00,9.63935,9.64249,9.63821,9.6415
2025-07-30 02:00:00,9.64152,9.65028,9.64152,9.64907
2025-07-30 02:30:00,9.64907,9.65118,9.64575,9.64603
2025-07-30 03:00:00,9.64607,9.64607,9.63955,9.63985
2025-07-30 03:30:00,9.63981,9.64175,9.62787,9.62928
2025-07-30 04:00:00,9.62921,9.64243,9.62515,9.64051
2025-07-30 04:30:00,9.64049,9.64101,9.63593,9.63924
2025-07-30 05:00:00,9.63922,9.64102,9.63525,9.63722
2025-07-30 05:30:00,9.63761,9.64359,9.63497,9.63524
2025-07-30 06:00:00,9.63522,9.63522,9.6252,9.62912
2025-07-30 06:30:00,9.62919,9.6351,9.62919,9.63001
2025-07-30 07:00:00,9.62997,9.63893,9.62993,9.63491
2025-07-30 07:30:00,9.63496,9.64036,9.63326,9.63959
2025-07-30 08:00:00,9.63961,9.64022,9.63401,9.6378
2025-07-30 08:30:00,9.63786,9.64287,9.6336,9.64287
2025-07-30 09:00:00,9.64157,9.65101,9.63946,9.64353
2025-07-30 09:30:00,9.64359,9.66007,9.6395,9.65653
2025-07-30 10:00:00,9.6568,9.66625,9.64613,9.64962
2025-07-30 10:30:00,9.64972,9.66528,9.64463,9.66217
2025-07-30 11:00:00,9.66206,9.66525,9.6518,9.6544
2025-07-30 11:30:00,9.65441,9.65695,9.64666,9.64827
2025-07-30 12:00:00,9.64852,9.65076,9.6422,9.64413
2025-07-30 12:30:00,9.64397,9.64852,9.63849,9.63861
2025-07-30 13:00:00,9.6387,9.64678,9.63588,9.64531
2025-07-30 13:30:00,9.6453,9.65463,9.64452,9.65239
2025-07-30 14:00:00,9.65239,9.66031,9.65035,9.65991
2025-07-30 14:30:00,9.65994,9.66672,9.65821,9.65934
2025-07-30 15:00:00,9.65922,9.6853,9.65571,9.68057
2025-07-30 15:30:00,9.68007,9.72476,9.67963,9.71933
2025-07-30 16:00:00,9.71974,9.73592,9.71249,9.73169
2025-07-30 16:30:00,9.73161,9.74664,9.72078,9.7365
2025-07-30 17:00:00,9.73615,9.74087,9.72849,9.73613
2025-07-30 17:30:00,9.73565,9.73738,9.71868,9.72346
2025-07-30 18:00:00,9.72354,9.73522,9.7226,9.73131
2025-07-30 18:30:00,9.73168,9.74943,9.73069,9.74147
2025-07-30 19:00:00,9.74138,9.74582,9.73432,9.74551
2025-07-30 19:30:00,9.74539,9.74597,9.73141,9.73309
2025-07-30 20:00:00,9.73311,9.73333,9.72363,9.72937
2025-07-30 20:30:00,9.72935,9.73079,9.72115,9.72462
2025-07-30 21:00:00,9.72483,9.73173,9.70211,9.71955
2025-07-30 21:30:00,9.71953,9.78268,9.69995,9.78196
2025-07-30 22:00:00,9.78241,9.79689,9.76561,9.79294
2025-07-30 22:30:00,9.7929,9.79317,9.78157,9.78244
2025-07-30 23:00:00,9.78272,9.79847,9.76611,9.79501
2025-07-30 23:30:00,9.79443,9.79443,9.78425,9.78878
2025-07-31 00:00:00,9.77755,9.78866,9.76474,9.78288
2025-07-31 00:30:00,9.78331,9.79369,9.7786,9.78174
2025-07-31 01:00:00,9.78246,9.78909,9.77104,9.77705
2025-07-31 01:30:00,9.77691,9.78666,9.77377,9.77592
2025-07-31 02:00:00,9.77515,9.78297,9.77103,9.77167
2025-07-31 02:30:00,9.77402,9.78249,9.76979,9.78236
2025-07-31 03:00:00,9.78238,9.78284,9.77657,9.78078
2025-07-31 03:30:00,9.78076,9.78403,9.77354,9.774
2025-07-31 04:00:00,9.77387,9.78538,9.7722,9.7768
2025-07-31 04:30:00,9.77656,9.78535,9.77214,9.77561
2025-07-31 05:00:00,9.77556,9.78089,9.77349,9.78006
2025-07-31 05:30:00,9.78026,9.78472,9.7741,9.77565
2025-07-31 06:00:00,9.77564,9.7944,9.77087,9.78765
2025-07-31 06:30:00,9.78737,9.7883,9.77538,9.7765
2025-07-31 07:00:00,9.77651,9.78062,9.7752,9.7787
2025-07-31 07:30:00,9.77869,9.78108,9.76339,9.76677
2025-07-31 08:00:00,9.76713,9.77051,9.75941,9.765
2025-07-31 08:30:00,9.76552,9.77275,9.75562,9.75912
2025-07-31 09:00:00,9.75989,9.76255,9.73797,9.7419
2025-07-31 09:30:00,9.74191,9.74593,9.72843,9.73356
2025-07-31 10:00:00,9.73346,9.74798,9.73346,9.747
2025-07-31 10:30:00,9.74699,9.75057,9.73421,9.7386
2025-07-31 11:00:00,9.73828,9.74754,9.73407,9.74284
2025-07-31 11:30:00,9.74282,9.7501,9.73821,9.73978
2025-07-31 12:00:00,9.73975,9.75987,9.73958,9.7573
2025-07-31 12:30:00,9.7573,9.76528,9.75533,9.76326
2025-07-31 13:00:00,9.76338,9.77172,9.75988,9.7717
2025-07-31 13:30:00,9.77171,9.78015,9.75607,9.75684
2025-07-31 14:00:00,9.75688,9.76169,9.75134,9.75427
2025-07-31 14:30:00,9.7543,9.75597,9.7402,9.74304
2025-07-31 15:00:00,9.74326,9.7621,9.7407,9.75316
2025-07-31 15:30:00,9.75356,9.78157,9.75323,9.77675
2025-07-31 16:00:00,9.77676,9.79707,9.7759,9.79458
2025-07-31 16:30:00,9.79453,9.80188,9.79182,9.79807
2025-07-31 17:00:00,9.79815,9.80084,9.78062,9.78197
2025-07-31 17:30:00,9.78192,9.78195,9.75496,9.76085
2025-07-31 18:00:00,9.76127,9.7723,9.75555,9.77023
2025-07-31 18:30:00,9.77072,9.77724,9.75788,9.77616
2025-07-31 19:00:00,9.7762,9.78616,9.77306,9.77654
2025-07-31 19:30:00,9.77653,9.78251,9.77049,9.77955
2025-07-31 20:00:00,9.77954,9.78368,9.77499,9.77644
2025-07-31 20:30:00,9.77647,9.78518,9.77348,9.78225
2025-07-31 21:00:00,9.78224,9.78644,9.77282,9.77402
2025-07-31 21:30:00,9.77401,9.77636,9.76638,9.77157
2025-07-31 22:00:00,9.77158,9.77174,9.76587,9.77038
2025-07-31 22:30:00,9.7704,9.78791,9.76658,9.78682
2025-07-31 23:00:00,9.78656,9.79864,9.78452,9.79123
2025-07-31 23:30:00,9.79146,9.79726,9.77811,9.77813
2025-08-01 00:00:00,9.78182,9.78843,9.77236,9.77827
2025-08-01 00:30:00,9.77695,9.78628,9.77347,9.77464
2025-08-01 01:00:00,9.77365,9.78716,9.77311,9.78467
2025-08-01 01:30:00,9.78492,9.78686,9.77028,9.7844
2025-08-01 02:00:00,9.78658,9.79635,9.78328,9.79048
2025-08-01 02:30:00,9.79067,9.79346,9.78518,9.78838
2025-08-01 03:00:00,9.78886,9.79431,9.7823,9.78277
2025-08-01 03:30:00,9.78288,9.78793,9.779,9.78129
2025-08-01 04:00:00,9.7813,9.79449,9.78113,9.78947
2025-08-01 04:30:00,9.78948,9.80514,9.78882,9.80232
2025-08-01 05:00:00,9.80221,9.80395,9.79783,9.79864
2025-08-01 05:30:00,9.79865,9.80434,9.79811,9.80102
2025-08-01 06:00:00,9.80109,9.8021,9.78937,9.79511
2025-08-01 06:30:00,9.79512,9.79892,9.79177,9.7943
2025-08-01 07:00:00,9.7943,9.7958,9.78813,9.79433
2025-08-01 07:30:00,9.79455,9.79791,9.79188,9.79385
2025-08-01 08:00:00,9.79409,9.79838,9.79282,9.79458
2025-08-01 08:30:00,9.79456,9.79461,9.78216,9.78546
2025-08-01 09:00:00,9.78673,9.78935,9.77943,9.78427
2025-08-01 09:30:00,9.78423,9.78716,9.77577,9.78642
2025-08-01 10:00:00,9.78615,9.79471,9.7837,9.78901
2025-08-01 10:30:00,9.789,9.80564,9.78816,9.79967
2025-08-01 11:00:00,9.79984,9.80866,9.79973,9.80183
2025-08-01 11:30:00,9.80196,9.81463,9.8,9.81456
2025-08-01 12:00:00,9.81409,9.82265,9.80836,9.82005
2025-08-01 12:30:00,9.82003,9.83513,9.81935,9.82981
2025-08-01 13:00:00,9.82965,9.83019,9.81861,9.82301
2025-08-01 13:30:00,9.82299,9.82921,9.81019,9.82525
2025-08-01 14:00:00,9.82525,9.82622,9.80759,9.81666
2025-08-01 14:30:00,9.81667,9.82139,9.81253,9.81855
2025-08-01 15:00:00,9.81846,9.83051,9.815,9.82283
2025-08-01 15:30:00,9.823,9.86425,9.65556,9.67568
2025-08-01 16:00:00,9.67555,9.67804,9.65259,9.65294
2025-08-01 16:30:00,9.65236,9.68639,9.64198,9.67606
2025-08-01 17:00:00,9.67343,9.67601,9.64619,9.65916
2025-08-01 17:30:00,9.65936,9.68296,9.65682,9.67673
2025-08-01 18:00:00,9.67684,9.6928,9.67012,9.69206
2025-08-01 18:30:00,9.69199,9.69258,9.66124,9.67423
2025-08-01 19:00:00,9.67456,9.68744,9.66571,9.68643
2025-08-01 19:30:00,9.68639,9.69107,9.68049,9.68661
2025-08-01 20:00:00,9.68665,9.72029,9.68665,9.71133
2025-08-01 20:30:00,9.71134,9.72166,9.70596,9.71223
2025-08-01 21:00:00,9.7123,9.71854,9.69932,9.69979
2025-08-01 21:30:00,9.69979,9.71518,9.69245,9.71497
2025-08-01 22:00:00,9.71479,9.71712,9.69627,9.69666
2025-08-01 22:30:00,9.69667,9.69671,9.66094,9.67546
2025-08-01 23:00:00,9.67539,9.67575,9.64212,9.64306
2025-08-01 23:30:00,9.64261,9.64744,9.62664,9.63315
2025-08-04 00:00:00,9.6108,9.6122,9.58756,9.59229
2025-08-04 00:30:00,9.5923,9.63575,9.5923,9.62914
2025-08-04 01:00:00,9.62914,9.65534,9.61029,9.64611
2025-08-04 01:30:00,9.64612,9.65134,9.6441,9.64734
2025-08-04 02:00:00,9.64731,9.65255,9.64359,9.65164
2025-08-04 02:30:00,9.65162,9.65247,9.64195,9.64509
2025-08-04 03:00:00,9.64508,9.66629,9.64183,9.66281
2025-08-04 03:30:00,9.66262,9.6727,9.66262,9.6688
2025-08-04 04:00:00,9.66884,9.6804,9.66294,9.67656
2025-08-04 04:30:00,9.67647,9.67844,9.65876,9.66013
2025-08-04 05:00:00,9.66017,9.66435,9.65647,9.65885
2025-08-04 05:30:00,9.65883,9.66103,9.6564,9.65952
2025-08-04 06:00:00,9.65933,9.65933,9.65172,9.65689
2025-08-04 06:30:00,9.65662,9.65981,9.64967,9.65189
2025-08-04 07:00:00,9.65188,9.65363,9.64677,9.65048
2025-08-04 07:30:00,9.65048,9.66028,9.64913,9.65939
2025-08-04 08:00:00,9.6594,9.66391,9.65333,9.65807
2025-08-04 08:30:00,9.65805,9.66526,9.65725,9.66235
2025-08-04 09:00:00,9.66265,9.67879,9.65989,9.6742
2025-08-04 09:30:00,9.67417,9.67549,9.66278,9.66915
2025-08-04 10:00:00,9.66852,9.68596,9.66354,9.68513
2025-08-04 10:30:00,9.68526,9.69167,9.67728,9.67995
2025-08-04 11:00:00,9.67953,9.6863,9.67341,9.67812
2025-08-04 11:30:00,9.67821,9.69059,9.67718,9.67852
2025-08-04 12:00:00,9.67852,9.68183,9.66471,9.6701
2025-08-04 12:30:00,9.67014,9.68161,9.6683,9.67999
2025-08-04 13:00:00,9.68005,9.68412,9.67412,9.67951
2025-08-04 13:30:00,9.6795,9.68278,9.66075,9.6614
2025-08-04 14:00:00,9.66147,9.66193,9.64739,9.65278
2025-08-04 14:30:00,9.65271,9.66739,9.65259,9.66458
2025-08-04 15:00:00,9.66457,9.67234,9.65234,9.65259
2025-08-04 15:30:00,9.65261,9.66606,9.64951,9.66467
2025-08-04 16:00:00,9.66471,9.66652,9.64641,9.65045
2025-08-04 16:30:00,9.65068,9.66239,9.64708,9.65895
2025-08-04 17:00:00,9.65914,9.66976,9.64612,9.65043
2025-08-04 17:30:00,9.65044,9.67536,9.64514,9.67192
2025-08-04 18:00:00,9.6719,9.67517,9.66431,9.67287
2025-08-04 18:30:00,9.67282,9.67789,9.66013,9.6703
2025-08-04 19:00:00,9.67028,9.67859,9.66642,9.66981
2025-08-04 19:30:00,9.66972,9.67547,9.65911,9.66172
2025-08-04 20:00:00,9.66183,9.66752,9.66079,9.66636
2025-08-04 20:30:00,9.66637,9.67231,9.66238,9.66489
2025-08-04 21:00:00,9.66487,9.66636,9.66074,9.66625
2025-08-04 21:30:00,9.66632,9.67523,9.66557,9.66906
2025-08-04 22:00:00,9.66907,9.67202,9.66237,9.66377
2025-08-04 22:30:00,9.66376,9.67164,9.66305,9.66691
2025-08-04 23:00:00,9.66694,9.67018,9.65737,9.66006
2025-08-04 23:30:00,9.66007,9.6638,9.65138,9.65292
2025-08-05 00:00:00,9.65342,9.66338,9.64387,9.65514
2025-08-05 00:30:00,9.65578,9.65887,9.65122,9.65426
2025-08-05 01:00:00,9.65475,9.66113,9.65191,9.65227
2025-08-05 01:30:00,9.65226,9.6547,9.65029,9.65461
2025-08-05 02:00:00,9.65452,9.65637,9.64426,9.64432
2025-08-05 02:30:00,9.64431,9.64699,9.64261,9.64291
2025-08-05 03:00:00,9.64289,9.64652,9.63497,9.64443
2025-08-05 03:30:00,9.64445,9.65161,9.64346,9.6493
2025-08-05 04:00:00,9.64924,9.66161,9.64697,9.65732
2025-08-05 04:30:00,9.65726,9.66439,9.65373,9.66349
2025-08-05 05:00:00,9.66345,9.67061,9.66297,9.67061
2025-08-05 05:30:00,9.67028,9.67452,9.66827,9.6698
2025-08-05 06:00:00,9.66984,9.67394,9.66771,9.6704
2025-08-05 06:30:00,9.67046,9.6743,9.66812,9.67234
2025-08-05 07:00:00,9.67235,9.67479,9.67041,9.67331
2025-08-05 07:30:00,9.67325,9.67361,9.66874,9.67007
2025-08-05 08:00:00,9.67008,9.67654,9.67006,9.67457
2025-08-05 08:30:00,9.67445,9.68007,9.67098,9.67579
2025-08-05 09:00:00,9.67693,9.68389,9.66738,9.67429
2025-08-05 09:30:00,9.67428,9.68916,9.67311,9.68342
2025-08-05 10:00:00,9.6836,9.68933,9.66546,9.66769
2025-08-05 10:30:00,9.66768,9.67521,9.66414,9.67062
2025-08-05 11:00:00,9.67065,9.68495,9.66937,9.67428
2025-08-05 11:30:00,9.67427,9.68935,9.67302,9.68238
2025-08-05 12:00:00,9.6824,9.68832,9.67564,9.67657
2025-08-05 12:30:00,9.67668,9.68333,9.67417,9.67813
2025-08-05 13:00:00,9.67814,9.68544,9.6763,9.68445
2025-08-05 13:30:00,9.6844,9.6844,9.67563,9.68214
2025-08-05 14:00:00,9.6822,9.68728,9.67529,9.68189
2025-08-05 14:30:00,9.6819,9.69287,9.67864,9.68336
2025-08-05 15:00:00,9.68332,9.69084,9.67474,9.68359
2025-08-05 15:30:00,9.68378,9.68828,9.67239,9.67713
2025-08-05 16:00:00,9.67716,9.67968,9.667,9.66838
2025-08-05 16:30:00,9.66837,9.68665,9.66523,9.68077
2025-08-05 17:00:00,9.67976,9.68957,9.66455,9.67901
2025-08-05 17:30:00,9.67899,9.68979,9.66815,9.67115
2025-08-05 18:00:00,9.67105,9.67361,9.65521,9.66086
2025-08-05 18:30:00,9.66176,9.66511,9.6583,9.66016
2025-08-05 19:00:00,9.66014,9.66043,9.65059,9.65615
2025-08-05 19:30:00,9.65616,9.66015,9.6502,9.65621
2025-08-05 20:00:00,9.65625,9.66132,9.65403,9.65918
2025-08-05 20:30:00,9.65902,9.66382,9.65524,9.66167
2025-08-05 21:00:00,9.66167,9.66564,9.66065,9.66468
2025-08-05 21:30:00,9.66469,9.67535,9.66229,9.67141
2025-08-05 22:00:00,9.6715,9.67769,9.67137,9.67649
2025-08-05 22:30:00,9.67648,9.67653,9.66985,9.67337
2025-08-05 23:00:00,9.67341,9.67457,9.67028,9.67298
2025-08-05 23:30:00,9.673,9.67396,9.66211,9.66368
2025-08-06 00:00:00,9.66108,9.6672,9.65435,9.66018
2025-08-06 00:30:00,9.65991,9.6633,9.65737,9.66143
2025-08-06 01:00:00,9.66185,9.67643,9.65828,9.67491
2025-08-06 01:30:00,9.67499,9.67584,9.66795,9.67142
2025-08-06 02:00:00,9.67173,9.67552,9.66287,9.67221
2025-08-06 02:30:00,9.67221,9.67561,9.66697,9.67156
2025-08-06 03:00:00,9.67162,9.67215,9.66194,9.67105
2025-08-06 03:30:00,9.67103,9.67729,9.6702,9.67399
2025-08-06 04:00:00,9.67389,9.68533,9.67385,9.68353
2025-08-06 04:30:00,9.6835,9.68368,9.67594,9.6766
2025-08-06 05:00:00,9.67661,9.68037,9.67066,9.67445
2025-08-06 05:30:00,9.67436,9.67793,9.673,9.67555
2025-08-06 06:00:00,9.67557,9.67557,9.66664,9.66682
2025-08-06 06:30:00,9.66683,9.66891,9.66336,9.66453
2025-08-06 07:00:00,9.66451,9.66708,9.66012,9.66251
2025-08-06 07:30:00,9.66209,9.6657,9.66206,9.66469
2025-08-06 08:00:00,9.66497,9.67205,9.66453,9.6695
2025-08-06 08:30:00,9.66935,9.67213,9.66293,9.66689
2025-08-06 09:00:00,9.66706,9.6716,9.66341,9.66428
2025-08-06 09:30:00,9.66432,9.6742,9.66124,9.67417
2025-08-06 10:00:00,9.6742,9.67498,9.66256,9.66361
2025-08-06 10:30:00,9.66373,9.66542,9.65322,9.65761
2025-08-06 11:00:00,9.65724,9.67024,9.65346,9.66771
2025-08-06 11:30:00,9.66786,9.6736,9.66462,9.6692
2025-08-06 12:00:00,9.66919,9.6724,9.66046,9.66251
2025-08-06 12:30:00,9.66278,9.66588,9.65679,9.65781
2025-08-06 13:00:00,9.65799,9.65883,9.63569,9.64684
2025-08-06 13:30:00,9.64686,9.65068,9.63803,9.64262
2025-08-06 14:00:00,9.64247,9.65119,9.63651,9.63769
2025-08-06 14:30:00,9.63767,9.64634,9.63416,9.64527
2025-08-06 15:00:00,9.64528,9.65095,9.64175,9.64477
2025-08-06 15:30:00,9.64509,9.64543,9.62598,9.62984
2025-08-06 16:00:00,9.62982,9.62989,9.61563,9.6237
2025-08-06 16:30:00,9.62373,9.63175,9.61786,9.61819
2025-08-06 17:00:00,9.61818,9.63468,9.61818,9.63054
2025-08-06 17:30:00,9.63054,9.64137,9.62754,9.6368
2025-08-06 18:00:00,9.63683,9.64035,9.62073,9.62354
2025-08-06 18:30:00,9.62443,9.64116,9.61588,9.62057
2025-08-06 19:00:00,9.62044,9.62579,9.61059,9.62134
2025-08-06 19:30:00,9.62142,9.63296,9.62094,9.62927
2025-08-06 20:00:00,9.62926,9.62926,9.61345,9.61431
2025-08-06 20:30:00,9.61416,9.61978,9.60884,9.61921
2025-08-06 21:00:00,9.61904,9.61958,9.60207,9.60442
2025-08-06 21:30:00,9.60445,9.60748,9.59775,9.60606
2025-08-06 22:00:00,9.60605,9.60664,9.60245,9.60391
2025-08-06 22:30:00,9.60393,9.61332,9.60343,9.6107
2025-08-06 23:00:00,9.61067,9.61207,9.60624,9.6092
2025-08-06 23:30:00,9.60922,9.61518,9.59162,9.59162
2025-08-07 00:00:00,9.58654,9.59906,9.58228,9.59546
2025-08-07 00:30:00,9.59783,9.60442,9.59196,9.59698
2025-08-07 01:00:00,9.59493,9.6021,9.59328,9.59755
2025-08-07 01:30:00,9.59754,9.60308,9.5956,9.59824
2025-08-07 02:00:00,9.59827,9.60434,9.59376,9.60037
2025-08-07 02:30:00,9.60001,9.60515,9.59267,9.60104
2025-08-07 03:00:00,9.60102,9.61136,9.60097,9.60993
2025-08-07 03:30:00,9.60985,9.6141,9.60809,9.61154
2025-08-07 04:00:00,9.61158,9.61778,9.60826,9.61652
2025-08-07 04:30:00,9.617,9.617,9.60038,9.60755
2025-08-07 05:00:00,9.60754,9.61005,9.59957,9.61003
2025-08-07 05:30:00,9.61002,9.61306,9.60584,9.61101
2025-08-07 06:00:00,9.611,9.61504,9.60987,9.6112
2025-08-07 06:30:00,9.61122,9.61164,9.60472,9.60529
2025-08-07 07:00:00,9.6053,9.60599,9.59684,9.59967
2025-08-07 07:30:00,9.59968,9.60135,9.59649,9.60091
2025-08-07 08:00:00,9.60092,9.60467,9.59714,9.60168
2025-08-07 08:30:00,9.60167,9.60528,9.59755,9.59859
2025-08-07 09:00:00,9.59939,9.60702,9.59223,9.59442
2025-08-07 09:30:00,9.59482,9.5973,9.59046,9.59618
2025-08-07 10:00:00,9.5961,9.59878,9.59172,9.59448
2025-08-07 10:30:00,9.59449,9.59902,9.5862,9.58949
2025-08-07 11:00:00,9.58963,9.60907,9.5815,9.6024
2025-08-07 11:30:00,9.60238,9.60276,9.58998,9.59584
2025-08-07 12:00:00,9.5958,9.60015,9.59299,9.59445
2025-08-07 12:30:00,9.59446,9.60288,9.59437,9.60143
2025-08-07 13:00:00,9.60135,9.60655,9.60014,9.60589
2025-08-07 13:30:00,9.60588,9.60767,9.5955,9.5986
2025-08-07 14:00:00,9.59858,9.61046,9.59219,9.60782
2025-08-07 14:30:00,9.60779,9.62427,9.60594,9.61279
2025-08-07 15:00:00,9.61293,9.61675,9.60167,9.60893
2025-08-07 15:30:00,9.60973,9.61134,9.59561,9.60021
2025-08-07 16:00:00,9.60018,9.60263,9.58642,9.58643
2025-08-07 16:30:00,9.5862,9.59684,9.58024,9.59339
2025-08-07 17:00:00,9.59333,9.61182,9.58807,9.60668
2025-08-07 17:30:00,9.60672,9.61003,9.5972,9.60182
2025-08-07 18:00:00,9.60171,9.61238,9.59442,9.59593
2025-08-07 18:30:00,9.59605,9.59802,9.58731,9.58999
2025-08-07 19:00:00,9.58956,9.59482,9.58425,9.58591
2025-08-07 19:30:00,9.58581,9.59491,9.58575,9.5883
2025-08-07 20:00:00,9.58829,9.5966,9.58757,9.59207
2025-08-07 20:30:00,9.59208,9.59601,9.58998,9.59335
2025-08-07 21:00:00,9.59338,9.59722,9.58818,9.59481
2025-08-07 21:30:00,9.59478,9.6047,9.59441,9.60321
2025-08-07 22:00:00,9.60287,9.60489,9.59713,9.59763
2025-08-07 22:30:00,9.59712,9.59712,9.56715,9.57166
2025-08-07 23:00:00,9.57158,9.57158,9.56076,9.56241
2025-08-07 23:30:00,9.56239,9.57106,9.55248,9.55254
2025-08-08 00:00:00,9.55328,9.55892,9.54866,9.55856
2025-08-08 00:30:00,9.55843,9.56188,9.55459,9.55606
2025-08-08 01:00:00,9.55664,9.56879,9.55601,9.56771
2025-08-08 01:30:00,9.56768,9.56798,9.54484,9.54572
2025-08-08 02:00:00,9.54597,9.5495,9.54108,9.54208
2025-08-08 02:30:00,9.54231,9.55885,9.54226,9.55631
2025-08-08 03:00:00,9.55629,9.56341,9.55384,9.56185
2025-08-08 03:30:00,9.56187,9.56339,9.55574,9.55641
2025-08-08 04:00:00,9.55658,9.57149,9.55598,9.56817
2025-08-08 04:30:00,9.5681,9.57196,9.56098,9.56367
2025-08-08 05:00:00,9.56371,9.57243,9.55965,9.56781
2025-08-08 05:30:00,9.56783,9.57021,9.56299,9.56785
2025-08-08 06:00:00,9.56786,9.57342,9.56739,9.57015
2025-08-08 06:30:00,9.57022,9.5731,9.56722,9.56972
2025-08-08 07:00:00,9.56973,9.57479,9.56716,9.57249
2025-08-08 07:30:00,9.57271,9.57427,9.56906,9.57391
2025-08-08 08:00:00,9.57408,9.58633,9.57219,9.58556
2025-08-08 08:30:00,9.58567,9.59147,9.58343,9.58916
2025-08-08 09:00:00,9.58917,9.58934,9.58051,9.5816
2025-08-08 09:30:00,9.58161,9.58493,9.57867,9.58104
2025-08-08 10:00:00,9.58102,9.58267,9.57201,9.57384
2025-08-08 10:30:00,9.57383,9.57738,9.56845,9.57413
2025-08-08 11:00:00,9.57413,9.58142,9.57038,9.57977
2025-08-08 11:30:00,9.57978,9.6014,9.57978,9.59872
2025-08-08 12:00:00,9.59881,9.6035,9.59094,9.60296
2025-08-08 12:30:00,9.60297,9.60512,9.5916,9.59651
2025-08-08 13:00:00,9.59648,9.60422,9.58982,9.60319
2025-08-08 13:30:00,9.60318,9.61115,9.60103,9.60492
2025-08-08 14:00:00,9.60489,9.60673,9.59448,9.59963
2025-08-08 14:30:00,9.59965,9.6012,9.59442,9.5979
2025-08-08 15:00:00,9.59792,9.60358,9.59499,9.5976
2025-08-08 15:30:00,9.59775,9.60203,9.59142,9.59651
2025-08-08 16:00:00,9.5965,9.5965,9.58353,9.58637
2025-08-08 16:30:00,9.58638,9.59372,9.5853,9.58821
2025-08-08 17:00:00,9.58822,9.59034,9.57224,9.57747
2025-08-08 17:30:00,9.57751,9.5832,9.57249,9.57631
2025-08-08 18:00:00,9.57668,9.57712,9.56163,9.56787
2025-08-08 18:30:00,9.56792,9.57784,9.56561,9.57282
2025-08-08 19:00:00,9.57262,9.58106,9.57093,9.57462
2025-08-08 19:30:00,9.57486,9.57501,9.56318,9.56706
2025-08-08 20:00:00,9.56704,9.56965,9.55765,9.55765
2025-08-08 20:30:00,9.55764,9.56412,9.55356,9.56321
2025-08-08 21:00:00,9.56299,9.56737,9.55929,9.56209
2025-08-08 21:30:00,9.56187,9.57403,9.56158,9.56323
2025-08-08 22:00:00,9.56322,9.58087,9.56247,9.57682
2025-08-08 22:30:00,9.57677,9.58106,9.57234,9.57334
2025-08-08 23:00:00,9.57333,9.57585,9.57002,9.57459
2025-08-08 23:30:00,9.5745,9.57465,9.56202,9.56432
2025-08-11 00:00:00,9.56209,9.5638,9.56188,9.5638
2025-08-11 00:30:00,9.56398,9.56796,9.55804,9.55827
2025-08-11 01:00:00,9.5582,9.57355,9.55773,9.57012
2025-08-11 01:30:00,9.56952,9.57668,9.56647,9.56826
2025-08-11 02:00:00,9.56893,9.57812,9.56702,9.57745
2025-08-11 02:30:00,9.5775,9.58068,9.56335,9.56669
2025-08-11 03:00:00,9.56683,9.57285,9.56626,9.57018
2025-08-11 03:30:00,9.57022,9.57335,9.56835,9.56841
2025-08-11 04:00:00,9.56833,9.57046,9.56161,9.5627
2025-08-11 04:30:00,9.56271,9.56461,9.56141,9.56209
2025-08-11 05:00:00,9.56201,9.56212,9.54459,9.55127
2025-08-11 05:30:00,9.5513,9.55356,9.54978,9.55202
2025-08-11 06:00:00,9.55206,9.55268,9.54092,9.54529
2025-08-11 06:30:00,9.54519,9.54705,9.54284,9.54608
2025-08-11 07:00:00,9.54607,9.54791,9.5433,9.5457
2025-08-11 07:30:00,9.54569,9.54781,9.54406,9.54707
2025-08-11 08:00:00,9.54705,9.55013,9.54693,9.54955
2025-08-11 08:30:00,9.54947,9.5543,9.54854,9.55105
2025-08-11 09:00:00,9.55119,9.55828,9.5484,9.55749
2025-08-11 09:30:00,9.55748,9.56145,9.55604,9.55803
2025-08-11 10:00:00,9.55825,9.57051,9.55745,9.56861
2025-08-11 10:30:00,9.56853,9.58756,9.56853,9.58389
2025-08-11 11:00:00,9.58397,9.58891,9.57598,9.57745
2025-08-11 11:30:00,9.57746,9.58416,9.57396,9.58112
2025-08-11 12:00:00,9.58135,9.5957,9.57982,9.5925
2025-08-11 12:30:00,9.59246,9.59934,9.59029,9.59249
2025-08-11 13:00:00,9.59245,9.59245,9.5855,9.58832
2025-08-11 13:30:00,9.5884,9.59767,9.58795,9.59526
2025-08-11 14:00:00,9.59527,9.61163,9.59527,9.60769
2025-08-11 14:30:00,9.6077,9.62127,9.60665,9.61332
2025-08-11 15:00:00,9.61329,9.63022,9.61204,9.62696
2025-08-11 15:30:00,9.62698,9.63743,9.62616,9.63203
2025-08-11 16:00:00,9.63215,9.63946,9.6279,9.63354
2025-08-11 16:30:00,9.63353,9.63622,9.62536,9.63306
2025-08-11 17:00:00,9.633,9.65239,9.63164,9.64764
2025-08-11 17:30:00,9.64768,9.66045,9.64754,9.65226
2025-08-11 18:00:00,9.65218,9.65822,9.64415,9.64548
2025-08-11 18:30:00,9.64625,9.65321,9.63765,9.64152
2025-08-11 19:00:00,9.64139,9.64172,9.63197,9.63499
2025-08-11 19:30:00,9.63494,9.64611,9.63493,9.64092
2025-08-11 20:00:00,9.64093,9.65137,9.64033,9.64497
2025-08-11 20:30:00,9.64496,9.64499,9.63528,9.63605
2025-08-11 21:00:00,9.63606,9.64169,9.63485,9.63485
2025-08-11 21:30:00,9.63487,9.64168,9.63462,9.63757
2025-08-11 22:00:00,9.63751,9.64704,9.637,9.64511
2025-08-11 22:30:00,9.64513,9.65074,9.64424,9.64603
2025-08-11 23:00:00,9.64602,9.64654,9.63338,9.63649
2025-08-11 23:30:00,9.6365,9.64072,9.62388,9.62585
2025-08-12 00:00:00,9.62587,9.62744,9.61414,9.6218
2025-08-12 00:30:00,9.62266,9.63463,9.62097,9.63009
2025-08-12 01:00:00,9.62689,9.64078,9.62302,9.63781
2025-08-12 01:30:00,9.63799,9.64039,9.63173,9.63416
2025-08-12 02:00:00,9.6319,9.63442,9.62905,9.63072
2025-08-12 02:30:00,9.63079,9.63697,9.62934,9.63578
2025-08-12 03:00:00,9.63566,9.63707,9.62863,9.63191
2025-08-12 03:30:00,9.63203,9.63588,9.62882,9.63588
2025-08-12 04:00:00,9.63593,9.63946,9.63175,9.63791
2025-08-12 04:30:00,9.63778,9.63778,9.62757,9.63513
2025-08-12 05:00:00,9.63515,9.63608,9.62828,9.63028
2025-08-12 05:30:00,9.6304,9.63099,9.62666,9.62938
2025-08-12 06:00:00,9.62875,9.63317,9.62741,9.63202
2025-08-12 06:30:00,9.63204,9.63454,9.63052,9.63358
2025-08-12 07:00:00,9.63359,9.63788,9.6331,9.63584
2025-08-12 07:30:00,9.63562,9.64026,9.63052,9.63113
2025-08-12 08:00:00,9.63121,9.63914,9.6285,9.63784
2025-08-12 08:30:00,9.63785,9.64284,9.63526,9.64048
2025-08-12 09:00:00,9.6412,9.64199,9.63417,9.63745
2025-08-12 09:30:00,9.63744,9.6403,9.62732,9.63809
2025-08-12 10:00:00,9.63783,9.64426,9.63152,9.6379
2025-08-12 10:30:00,9.63792,9.64079,9.63136,9.63869
2025-08-12 11:00:00,9.63868,9.64373,9.63698,9.6375
2025-08-12 11:30:00,9.63751,9.64684,9.63749,9.64437
2025-08-12 12:00:00,9.64412,9.64955,9.64191,9.64915
2025-08-12 12:30:00,9.64917,9.65541,9.64866,9.65085
2025-08-12 13:00:00,9.65124,9.65254,9.64393,9.6453
2025-08-12 13:30:00,9.64527,9.64592,9.63798,9.64074
2025-08-12 14:00:00,9.64072,9.6504,9.64002,9.64726
2025-08-12 14:30:00,9.64727,9.65254,9.64172,9.64401
2025-08-12 15:00:00,9.64379,9.64701,9.63752,9.64033
2025-08-12 15:30:00,9.63748,9.63748,9.58543,9.59515
2025-08-12 16:00:00,9.59574,9.61519,9.59168,9.61241
2025-08-12 16:30:00,9.6126,9.61717,9.57596,9.58986
2025-08-12 17:00:00,9.58982,9.58982,9.5733,9.5815
2025-08-12 17:30:00,9.58153,9.58378,9.56193,9.56828
2025-08-12 18:00:00,9.56831,9.57262,9.53961,9.54217
2025-08-12 18:30:00,9.54246,9.55787,9.53001,9.55512
2025-08-12 19:00:00,9.55514,9.56302,9.5378,9.53911
2025-08-12 19:30:00,9.53909,9.54172,9.53315,9.53985
2025-08-12 20:00:00,9.53993,9.54638,9.53897,9.53985
2025-08-12 20:30:00,9.53981,9.54408,9.5371,9.54347
2025-08-12 21:00:00,9.54348,9.55191,9.53775,9.55155
2025-08-12 21:30:00,9.55154,9.55345,9.54783,9.54783
2025-08-12 22:00:00,9.54782,9.55519,9.54668,9.54881
2025-08-12 22:30:00,9.54886,9.55066,9.54585,9.54701
2025-08-12 23:00:00,9.54702,9.5493,9.54492,9.54819
2025-08-12 23:30:00,9.54822,9.54951,9.53734,9.54217
2025-08-13 00:00:00,9.53644,9.54796,9.51667,9.53484
2025-08-13 00:30:00,9.53447,9.54818,9.5272,9.53837
2025-08-13 01:00:00,9.53846,9.54643,9.53601,9.54604
2025-08-13 01:30:00,9.54603,9.54793,9.53929,9.54478
2025-08-13 02:00:00,9.54492,9.55059,9.54068,9.5464
2025-08-13 02:30:00,9.54641,9.5469,9.54077,9.54337
2025-08-13 03:00:00,9.54336,9.54959,9.54066,9.54675
2025-08-13 03:30:00,9.54674,9.54828,9.54223,9.54336
2025-08-13 04:00:00,9.54337,9.55037,9.53934,9.55033
2025-08-13 04:30:00,9.55035,9.55192,9.54707,9.55078
2025-08-13 05:00:00,9.5508,9.55589,9.54454,9.5469
2025-08-13 05:30:00,9.54685,9.54685,9.53819,9.54237
2025-08-13 06:00:00,9.54246,9.54473,9.53955,9.54055
2025-08-13 06:30:00,9.54066,9.54326,9.53487,9.54184
2025-08-13 07:00:00,9.54202,9.54504,9.54022,9.54276
2025-08-13 07:30:00,9.54277,9.54518,9.53824,9.54156
2025-08-13 08:00:00,9.54145,9.54699,9.54055,9.5469
2025-08-13 08:30:00,9.54688,9.55118,9.54438,9.54478
2025-08-13 09:00:00,9.54568,9.54665,9.53293,9.5389
2025-08-13 09:30:00,9.53892,9.5395,9.53093,9.53867
2025-08-13 10:00:00,9.53873,9.54009,9.51586,9.51762
2025-08-13 10:30:00,9.5176,9.51941,9.51129,9.51523
2025-08-13 11:00:00,9.51556,9.51806,9.50621,9.51241
2025-08-13 11:30:00,9.5124,9.51843,9.5086,9.51557
2025-08-13 12:00:00,9.51559,9.51627,9.50424,9.50661
2025-08-13 12:30:00,9.50674,9.51125,9.5042,9.50586
2025-08-13 13:00:00,9.50583,9.51455,9.50348,9.50921
2025-08-13 13:30:00,9.50919,9.5152,9.50766,9.51495
2025-08-13 14:00:00,9.51493,9.52312,9.51418,9.52049
2025-08-13 14:30:00,9.52048,9.52451,9.51688,9.5196
2025-08-13 15:00:00,9.51961,9.52829,9.51945,9.52746
2025-08-13 15:30:00,9.52745,9.5447,9.525,9.54096
2025-08-13 16:00:00,9.5409,9.55194,9.53893,9.54258
2025-08-13 16:30:00,9.54229,9.54522,9.53467,9.53896
2025-08-13 17:00:00,9.53895,9.54281,9.52665,9.52774
2025-08-13 17:30:00,9.52769,9.54176,9.52556,9.53309
2025-08-13 18:00:00,9.53307,9.54406,9.53307,9.53805
2025-08-13 18:30:00,9.53777,9.54652,9.53223,9.5431
2025-08-13 19:00:00,9.54309,9.54781,9.53872,9.54095
2025-08-13 19:30:00,9.54089,9.54584,9.54087,9.54468
2025-08-13 20:00:00,9.54467,9.54549,9.54008,9.54408
2025-08-13 20:30:00,9.54427,9.54849,9.54203,9.54753
2025-08-13 21:00:00,9.54739,9.55312,9.54532,9.55163
2025-08-13 21:30:00,9.55162,9.55247,9.54741,9.55175
2025-08-13 22:00:00,9.55181,9.55477,9.54661,9.54823
2025-08-13 22:30:00,9.54826,9.55198,9.54713,9.5479
2025-08-13 23:00:00,9.54786,9.54962,9.54619,9.54702
2025-08-13 23:30:00,9.54694,9.54732,9.5375,9.5375
2025-08-14 00:00:00,9.5346,9.54167,9.53016,9.54001
2025-08-14 00:30:00,9.54014,9.5428,9.53502,9.53878
2025-08-14 01:00:00,9.53839,9.54551,9.53839,9.5438
2025-08-14 01:30:00,9.54381,9.54459,9.54009,9.54396
2025-08-14 02:00:00,9.54397,9.54475,9.5391,9.53972
2025-08-14 02:30:00,9.53973,9.54222,9.53548,9.53602
2025-08-14 03:00:00,9.53603,9.53838,9.53392,9.53512
2025-08-14 03:30:00,9.5351,9.53703,9.53241,9.53568
2025-08-14 04:00:00,9.53564,9.53706,9.53402,9.53543
2025-08-14 04:30:00,9.53545,9.54073,9.53428,9.53791
2025-08-14 05:00:00,9.53792,9.54568,9.53757,9.54562
2025-08-14 05:30:00,9.54565,9.5509,9.54559,9.54614
2025-08-14 06:00:00,9.54614,9.5495,9.54566,9.54575
2025-08-14 06:30:00,9.54573,9.54643,9.541,9.54352
2025-08-14 07:00:00,9.54349,9.5459,9.54291,9.54471
2025-08-14 07:30:00,9.54475,9.54479,9.54064,9.54208
2025-08-14 08:00:00,9.54207,9.55287,9.54207,9.55161
2025-08-14 08:30:00,9.55163,9.55484,9.54547,9.54547
2025-08-14 09:00:00,9.54552,9.55557,9.54184,9.54719
2025-08-14 09:30:00,9.54717,9.56428,9.54576,9.56381
2025-08-14 10:00:00,9.56378,9.56906,9.55831,9.56695
2025-08-14 10:30:00,9.56703,9.57323,9.5631,9.57142
2025-08-14 11:00:00,9.57175,9.58377,9.57018,9.57413
2025-08-14 11:30:00,9.57415,9.58201,9.56921,9.58201
2025-08-14 12:00:00,9.58187,9.58216,9.56773,9.56889
2025-08-14 12:30:00,9.56887,9.57527,9.56752,9.57356
2025-08-14 13:00:00,9.57353,9.57611,9.56084,9.56136
2025-08-14 13:30:00,9.56139,9.56867,9.55939,9.56364
2025-08-14 14:00:00,9.56362,9.57117,9.56163,9.56765
2025-08-14 14:30:00,9.56769,9.56799,9.56022,9.56375
2025-08-14 15:00:00,9.56284,9.57057,9.55954,9.56892
2025-08-14 15:30:00,9.56824,9.59838,9.56624,9.58989
2025-08-14 16:00:00,9.58985,9.60129,9.58887,9.59832
2025-08-14 16:30:00,9.5983,9.59924,9.58818,9.59775
2025-08-14 17:00:00,9.59806,9.60692,9.58805,9.58844
2025-08-14 17:30:00,9.58841,9.59122,9.5786,9.5812
2025-08-14 18:00:00,9.58123,9.59554,9.57814,9.58898
2025-08-14 18:30:00,9.58909,9.60222,9.58732,9.59602
2025-08-14 19:00:00,9.59552,9.6019,9.59076,9.59855
2025-08-14 19:30:00,9.59857,9.60406,9.59626,9.60208
2025-08-14 20:00:00,9.60211,9.60211,9.58809,9.59073
2025-08-14 20:30:00,9.59072,9.60326,9.5907,9.59594
2025-08-14 21:00:00,9.5958,9.60111,9.5891,9.58927
2025-08-14 21:30:00,9.58921,9.59393,9.58737,9.58749
2025-08-14 22:00:00,9.58735,9.58749,9.58243,9.58297
2025-08-14 22:30:00,9.58295,9.5863,9.58044,9.58469
2025-08-14 23:00:00,9.5847,9.58711,9.58316,9.58616
2025-08-14 23:30:00,9.58621,9.58636,9.57418,9.57602
2025-08-15 00:00:00,9.57158,9.57833,9.56276,9.57359
2025-08-15 00:30:00,9.57351,9.58221,9.57074,9.57569
2025-08-15 01:00:00,9.57538,9.60055,9.5545,9.57596
2025-08-15 01:30:00,9.57594,9.58699,9.57551,9.58611
2025-08-15 02:00:00,9.58614,9.58679,9.57494,9.58142
2025-08-15 02:30:00,9.58144,9.58725,9.57418,9.58187
2025-08-15 03:00:00,9.58176,9.58641,9.57661,9.58036
2025-08-15 03:30:00,9.58044,9.58156,9.57678,9.57762
2025-08-15 04:00:00,9.57756,9.58388,9.57308,9.58237
2025-08-15 04:30:00,9.58236,9.58364,9.57145,9.57387
2025-08-15 05:00:00,9.57387,9.57572,9.5699,9.57389
2025-08-15 05:30:00,9.57388,9.57475,9.56845,9.56909
2025-08-15 06:00:00,9.56908,9.57003,9.56691,9.5689
2025-08-15 06:30:00,9.56892,9.57132,9.56681,9.57074
2025-08-15 07:00:00,9.57073,9.57101,9.56688,9.56776
2025-08-15 07:30:00,9.56778,9.56943,9.56542,9.56804
2025-08-15 08:00:00,9.56803,9.57139,9.56794,9.56919
2025-08-15 08:30:00,9.5692,9.57009,9.56172,9.5621
2025-08-15 09:00:00,9.56244,9.56999,9.55898,9.56912
2025-08-15 09:30:00,9.56913,9.56913,9.56042,9.56428
2025-08-15 10:00:00,9.56428,9.56444,9.55098,9.55368
2025-08-15 10:30:00,9.55366,9.55646,9.54125,9.54478
2025-08-15 11:00:00,9.54479,9.55733,9.54407,9.55501
2025-08-15 11:30:00,9.55502,9.55812,9.54876,9.55059
2025-08-15 12:00:00,9.5506,9.55319,9.54494,9.54931
2025-08-15 12:30:00,9.5493,9.55374,9.54879,9.55201
2025-08-15 13:00:00,9.55198,9.55732,9.54837,9.55678
2025-08-15 13:30:00,9.55679,9.56107,9.55295,9.55848
2025-08-15 14:00:00,9.55834,9.56077,9.55537,9.55806
2025-08-15 14:30:00,9.55808,9.56375,9.55654,9.55962
2025-08-15 15:00:00,9.55961,9.56705,9.55917,9.56065
2025-08-15 15:30:00,9.56129,9.57421,9.55208,9.55874
2025-08-15 16:00:00,9.55859,9.56434,9.54624,9.5556
2025-08-15 16:30:00,9.5556,9.55962,9.54038,9.54315
2025-08-15 17:00:00,9.54391,9.55181,9.53752,9.55134
2025-08-15 17:30:00,9.55149,9.55533,9.54192,9.55062
2025-08-15 18:00:00,9.55095,9.55567,9.5444,9.54826
2025-08-15 18:30:00,9.54864,9.55332,9.54527,9.54887
2025-08-15 19:00:00,9.54864,9.55337,9.54672,9.55145
2025-08-15 19:30:00,9.55109,9.55282,9.54881,9.54881
2025-08-15 20:00:00,9.54879,9.55383,9.5475,9.5511
2025-08-15 20:30:00,9.55109,9.55272,9.5461,9.54917
2025-08-15 21:00:00,9.54916,9.55429,9.54772,9.55092
2025-08-15 21:30:00,9.55098,9.55326,9.54856,9.55154
2025-08-15 22:00:00,9.55153,9.55325,9.54533,9.55141
2025-08-15 22:30:00,9.55143,9.55303,9.54831,9.54985
2025-08-15 23:00:00,9.54955,9.55498,9.54045,9.55449
2025-08-15 23:30:00,9.55359,9.5551,9.54408,9.54541
2025-08-18 00:00:00,9.52935,9.53592,9.5278,9.53209
2025-08-18 00:30:00,9.53209,9.53514,9.52884,9.53228
2025-08-18 01:00:00,9.53234,9.54569,9.53113,9.54395
2025-08-18 01:30:00,9.54392,9.54669,9.53815,9.54366
2025-08-18 02:00:00,9.54319,9.55555,9.53499,9.55211
2025-08-18 02:30:00,9.55212,9.55494,9.5511,9.55145
2025-08-18 03:00:00,9.55142,9.55362,9.54619,9.54685
2025-08-18 03:30:00,9.54695,9.55407,9.54625,9.5528
2025-08-18 04:00:00,9.55281,9.55819,9.55252,9.55664
2025-08-18 04:30:00,9.55671,9.56254,9.5527,9.55379
2025-08-18 05:00:00,9.5538,9.5577,9.55218,9.55702
2025-08-18 05:30:00,9.55705,9.55883,9.55519,9.55574
2025-08-18 06:00:00,9.55576,9.55674,9.55328,9.55527
2025-08-18 06:30:00,9.55533,9.55683,9.55306,9.55347
2025-08-18 07:00:00,9.55346,9.55412,9.5495,9.55073
2025-08-18 07:30:00,9.55074,9.55115,9.54495,9.54599
2025-08-18 08:00:00,9.54598,9.55281,9.54477,9.55106
2025-08-18 08:30:00,9.55105,9.55212,9.54538,9.54673
2025-08-18 09:00:00,9.5468,9.55956,9.54342,9.55709
2025-08-18 09:30:00,9.55708,9.56241,9.55401,9.56058
2025-08-18 10:00:00,9.56035,9.56171,9.54643,9.54946
2025-08-18 10:30:00,9.54955,9.57342,9.54864,9.57191
2025-08-18 11:00:00,9.5721,9.58137,9.56867,9.56869
2025-08-18 11:30:00,9.56845,9.57062,9.56185,9.56827
2025-08-18 12:00:00,9.56828,9.57373,9.56284,9.56753
2025-08-18 12:30:00,9.56755,9.57628,9.56495,9.57286
2025-08-18 13:00:00,9.5735,9.57593,9.56584,9.56787
2025-08-18 13:30:00,9.56788,9.56905,9.55698,9.56177
2025-08-18 14:00:00,9.56183,9.56218,9.55231,9.55434
2025-08-18 14:30:00,9.55433,9.56253,9.55147,9.56167
2025-08-18 15:00:00,9.56166,9.56203,9.5516,9.55693
2025-08-18 15:30:00,9.55694,9.56309,9.55452,9.55496
2025-08-18 16:00:00,9.55495,9.56008,9.55181,9.55385
2025-08-18 16:30:00,9.55386,9.56112,9.55361,9.5591
2025-08-18 17:00:00,9.55908,9.56367,9.55296,9.55747
2025-08-18 17:30:00,9.55789,9.57842,9.55789,9.56827
2025-08-18 18:00:00,9.56835,9.57433,9.55674,9.55703
2025-08-18 18:30:00,9.55716,9.55942,9.55196,9.55913
2025-08-18 19:00:00,9.55893,9.56557,9.55674,9.55973
2025-08-18 19:30:00,9.55969,9.56542,9.55528,9.56108
2025-08-18 20:00:00,9.56109,9.5611,9.55236,9.55699
2025-08-18 20:30:00,9.55653,9.56069,9.55221,9.55829
2025-08-18 21:00:00,9.5573,9.55964,9.55277,9.55482
2025-08-18 21:30:00,9.55483,9.5617,9.55427,9.56154
2025-08-18 22:00:00,9.56156,9.56177,9.55501,9.55501
2025-08-18 22:30:00,9.55505,9.55781,9.5542,9.55553
2025-08-18 23:00:00,9.55556,9.55608,9.5523,9.55469
2025-08-18 23:30:00,9.5547,9.56351,9.55331,9.55334
2025-08-19 00:00:00,9.55797,9.56041,9.54239,9.55521
2025-08-19 00:30:00,9.55587,9.56217,9.55401,9.55418
2025-08-19 01:00:00,9.55431,9.56186,9.54864,9.5554
2025-08-19 01:30:00,9.5554,9.56387,9.54974,9.55559
2025-08-19 02:00:00,9.55558,9.56232,9.55019,9.56024
2025-08-19 02:30:00,9.56023,9.56549,9.55587,9.55893
2025-08-19 03:00:00,9.55903,9.56345,9.55615,9.5591
2025-08-19 03:30:00,9.55902,9.56596,9.55643,9.56327
2025-08-19 04:00:00,9.56326,9.57675,9.55904,9.57666
2025-08-19 04:30:00,9.57666,9.58024,9.57402,9.57846
2025-08-19 05:00:00,9.57869,9.5818,9.57378,9.57668
2025-08-19 05:30:00,9.57667,9.57872,9.57463,9.57649
2025-08-19 06:00:00,9.5764,9.57843,9.57195,9.57218
2025-08-19 06:30:00,9.57218,9.57571,9.56982,9.57444
2025-08-19 07:00:00,9.57445,9.57548,9.57165,9.57481
2025-08-19 07:30:00,9.57457,9.57678,9.56942,9.56973
2025-08-19 08:00:00,9.56977,9.56995,9.5617,9.56213
2025-08-19 08:30:00,9.56209,9.57045,9.56126,9.56809
2025-08-19 09:00:00,9.56867,9.57757,9.56364,9.56441
2025-08-19 09:30:00,9.56435,9.56435,9.54304,9.54375
2025-08-19 10:00:00,9.54365,9.54579,9.53074,9.53487
2025-08-19 10:30:00,9.53476,9.53716,9.52243,9.526
2025-08-19 11:00:00,9.52599,9.54143,9.52593,9.53634
2025-08-19 11:30:00,9.53631,9.54232,9.53026,9.53571
2025-08-19 12:00:00,9.53568,9.53794,9.53282,9.53461
2025-08-19 12:30:00,9.53462,9.53503,9.52896,9.53173
2025-08-19 13:00:00,9.53226,9.53331,9.52235,9.52571
2025-08-19 13:30:00,9.52564,9.53592,9.52483,9.53251
2025-08-19 14:00:00,9.53253,9.54097,9.53037,9.54092
2025-08-19 14:30:00,9.54093,9.54433,9.53971,9.54167
2025-08-19 15:00:00,9.54166,9.55159,9.54126,9.54745
2025-08-19 15:30:00,9.54784,9.56259,9.54775,9.56184
2025-08-19 16:00:00,9.56193,9.56544,9.55736,9.55909
2025-08-19 16:30:00,9.55912,9.57162,9.55907,9.56505
2025-08-19 17:00:00,9.56505,9.57871,9.56421,9.57782
2025-08-19 17:30:00,9.57777,9.58408,9.57272,9.57493
2025-08-19 18:00:00,9.57485,9.58288,9.57282,9.57774
2025-08-19 18:30:00,9.57778,9.59072,9.57778,9.58833
2025-08-19 19:00:00,9.5873,9.59945,9.5836,9.59906
2025-08-19 19:30:00,9.59909,9.59922,9.58404,9.58746
2025-08-19 20:00:00,9.58748,9.5907,9.58353,9.58603
2025-08-19 20:30:00,9.58604,9.58786,9.58287,9.58524
2025-08-19 21:00:00,9.58529,9.59122,9.58432,9.59002
2025-08-19 21:30:00,9.59003,9.59619,9.58999,9.59351
2025-08-19 22:00:00,9.59352,9.59759,9.59289,9.593
2025-08-19 22:30:00,9.59302,9.59506,9.5908,9.59132
2025-08-19 23:00:00,9.59145,9.59502,9.59024,9.59302
2025-08-19 23:30:00,9.59303,9.59384,9.5894,9.58986
2025-08-20 00:00:00,9.58616,9.59023,9.57686,9.58891
2025-08-20 00:30:00,9.58938,9.59514,9.58493,9.58643
2025-08-20 01:00:00,9.58714,9.59838,9.58624,9.59228
2025-08-20 01:30:00,9.59225,9.59772,9.59158,9.59701
2025-08-20 02:00:00,9.59681,9.60229,9.59479,9.6014
2025-08-20 02:30:00,9.60143,9.60388,9.60088,9.60346
2025-08-20 03:00:00,9.60352,9.6139,9.60336,9.61012
2025-08-20 03:30:00,9.61011,9.61432,9.60554,9.60647
2025-08-20 04:00:00,9.60651,9.61249,9.60088,9.61127
2025-08-20 04:30:00,9.61125,9.61206,9.60614,9.6105
2025-08-20 05:00:00,9.61049,9.61606,9.61049,9.61522
2025-08-20 05:30:00,9.6152,9.61902,9.61235,9.61588
2025-08-20 06:00:00,9.61587,9.61587,9.60923,9.61108
2025-08-20 06:30:00,9.61105,9.61358,9.61003,9.61275
2025-08-20 07:00:00,9.61276,9.61335,9.60858,9.61093
2025-08-20 07:30:00,9.61092,9.61129,9.60861,9.61096
2025-08-20 08:00:00,9.61094,9.61335,9.60696,9.60806
2025-08-20 08:30:00,9.60805,9.60964,9.60535,9.60586
2025-08-20 09:00:00,9.60621,9.62055,9.60331,9.61596
2025-08-20 09:30:00,9.61581,9.61581,9.60778,9.61284
2025-08-20 10:00:00,9.61286,9.61932,9.60892,9.61299
2025-08-20 10:30:00,9.61213,9.61769,9.59854,9.59889
2025-08-20 11:00:00,9.59885,9.60216,9.59471,9.60037
2025-08-20 11:30:00,9.60041,9.60292,9.59275,9.59689
2025-08-20 12:00:00,9.59703,9.60301,9.59548,9.59607
2025-08-20 12:30:00,9.59605,9.59788,9.58593,9.58677
2025-08-20 13:00:00,9.58675,9.5882,9.57803,9.57808
2025-08-20 13:30:00,9.5774,9.59078,9.57592,9.588
2025-08-20 14:00:00,9.5878,9.59353,9.58625,9.59227
2025-08-20 14:30:00,9.59228,9.60054,9.59093,9.59965
2025-08-20 15:00:00,9.59963,9.59963,9.59112,9.59335
2025-08-20 15:30:00,9.59334,9.59405,9.5792,9.58855
2025-08-20 16:00:00,9.58853,9.59516,9.588,9.59273
2025-08-20 16:30:00,9.59262,9.60174,9.58534,9.59388
2025-08-20 17:00:00,9.59387,9.60652,9.59093,9.60197
2025-08-20 17:30:00,9.60198,9.60349,9.58062,9.58592
2025-08-20 18:00:00,9.58605,9.5926,9.58148,9.58154
2025-08-20 18:30:00,9.58153,9.5951,9.58004,9.59344
2025-08-20 19:00:00,9.59342,9.59355,9.58061,9.58665
2025-08-20 19:30:00,9.58662,9.59129,9.583,9.58484
2025-08-20 20:00:00,9.58485,9.5852,9.57403,9.57462
2025-08-20 20:30:00,9.57455,9.58185,9.57023,9.57108
2025-08-20 21:00:00,9.57114,9.5877,9.57093,9.58468
2025-08-20 21:30:00,9.58477,9.58909,9.58098,9.58909
2025-08-20 22:00:00,9.58932,9.5918,9.58328,9.58534
2025-08-20 22:30:00,9.58533,9.59019,9.58452,9.58783
2025-08-20 23:00:00,9.58786,9.59292,9.58785,9.59147
2025-08-20 23:30:00,9.59149,9.59149,9.57996,9.58065
2025-08-21 00:00:00,9.58051,9.58051,9.56524,9.5702
2025-08-21 00:30:00,9.58116,9.58811,9.57645,9.58158
2025-08-21 01:00:00,9.58096,9.587,9.57735,9.58221
2025-08-21 01:30:00,9.58225,9.5903,9.58113,9.5894
2025-08-21 02:00:00,9.58938,9.59342,9.58731,9.59068
2025-08-21 02:30:00,9.59082,9.5916,9.58409,9.58472
2025-08-21 03:00:00,9.58474,9.59159,9.58474,9.58841
2025-08-21 03:30:00,9.5884,9.59166,9.58528,9.58537
2025-08-21 04:00:00,9.58536,9.59147,9.58258,9.58925
2025-08-21 04:30:00,9.58924,9.59181,9.58321,9.58813
2025-08-21 05:00:00,9.58809,9.59024,9.58535,9.58835
2025-08-21 05:30:00,9.58839,9.59098,9.58634,9.5882
2025-08-21 06:00:00,9.58819,9.59323,9.58671,9.59265
2025-08-21 06:30:00,9.59262,9.59465,9.58983,9.59145
2025-08-21 07:00:00,9.59144,9.59365,9.58774,9.58802
2025-08-21 07:30:00,9.58801,9.59285,9.58459,9.59235
2025-08-21 08:00:00,9.59233,9.59676,9.59075,9.59144
2025-08-21 08:30:00,9.59159,9.59377,9.58454,9.58486
2025-08-21 09:00:00,9.58484,9.6014,9.58434,9.59998
2025-08-21 09:30:00,9.59997,9.60719,9.59687,9.60499
2025-08-21 10:00:00,9.60504,9.61954,9.5949,9.59581
2025-08-21 10:30:00,9.59562,9.59562,9.5765,9.57831
2025-08-21 11:00:00,9.57839,9.58918,9.57784,9.58324
2025-08-21 11:30:00,9.58286,9.58815,9.5788,9.58191
2025-08-21 12:00:00,9.58192,9.58362,9.57558,9.58069
2025-08-21 12:30:00,9.58072,9.58247,9.57646,9.58029
2025-08-21 13:00:00,9.58079,9.58915,9.58019,9.58776
2025-08-21 13:30:00,9.5878,9.58898,9.58541,9.58757
2025-08-21 14:00:00,9.58756,9.58855,9.58097,9.5848
2025-08-21 14:30:00,9.58479,9.59316,9.58448,9.59136
2025-08-21 15:00:00,9.59111,9.59448,9.58908,9.59077
2025-08-21 15:30:00,9.59069,9.59595,9.57711,9.59468
2025-08-21 16:00:00,9.59472,9.59776,9.59066,9.59074
2025-08-21 16:30:00,9.59077,9.61626,9.58999,9.61171
2025-08-21 17:00:00,9.61167,9.616,9.60577,9.61365
2025-08-21 17:30:00,9.61376,9.62711,9.60877,9.62138
2025-08-21 18:00:00,9.62139,9.63418,9.61171,9.61697
2025-08-21 18:30:00,9.61693,9.63323,9.61398,9.63261
2025-08-21 19:00:00,9.63222,9.63496,9.62501,9.62546
2025-08-21 19:30:00,9.62535,9.63061,9.61496,9.61781
2025-08-21 20:00:00,9.61779,9.62154,9.61446,9.62125
2025-08-21 20:30:00,9.62131,9.62294,9.61542,9.61943
2025-08-21 21:00:00,9.61945,9.62258,9.61608,9.61934
2025-08-21 21:30:00,9.61934,9.62365,9.6173,9.61856
2025-08-21 22:00:00,9.61827,9.62219,9.61716,9.62029
2025-08-21 22:30:00,9.6203,9.62334,9.61848,9.62074
2025-08-21 23:00:00,9.6208,9.62346,9.62056,9.62244
2025-08-21 23:30:00,9.62237,9.62287,9.60782,9.60782
2025-08-22 00:00:00,9.60801,9.62295,9.60307,9.60471
2025-08-22 00:30:00,9.60443,9.61748,9.60214,9.61393
2025-08-22 01:00:00,9.61378,9.61702,9.61015,9.61123
2025-08-22 01:30:00,9.61135,9.61818,9.61007,9.61431
2025-08-22 02:00:00,9.6143,9.62172,9.60767,9.61214
2025-08-22 02:30:00,9.61163,9.61672,9.60514,9.61396
2025-08-22 03:00:00,9.61465,9.61595,9.61078,9.61267
2025-08-22 03:30:00,9.61268,9.61546,9.61198,9.61225
2025-08-22 04:00:00,9.61194,9.61755,9.61018,9.61634
2025-08-22 04:30:00,9.61636,9.62415,9.61555,9.61993
2025-08-22 05:00:00,9.62015,9.62277,9.6156,9.61833
2025-08-22 05:30:00,9.61831,9.6208,9.61616,9.61932
2025-08-22 06:00:00,9.61933,9.62468,9.61854,9.62468
2025-08-22 06:30:00,9.62465,9.63375,9.62357,9.63264
2025-08-22 07:00:00,9.63255,9.63777,9.62844,9.6374
2025-08-22 07:30:00,9.63739,9.63776,9.63514,9.63719
2025-08-22 08:00:00,9.63715,9.6384,9.63429,9.63651
2025-08-22 08:30:00,9.63656,9.63983,9.63359,9.63702
2025-08-22 09:00:00,9.63748,9.64362,9.6313,9.63381
2025-08-22 09:30:00,9.6338,9.64426,9.63262,9.64172
2025-08-22 10:00:00,9.64179,9.64197,9.63087,9.63267
2025-08-22 10:30:00,9.63268,9.64206,9.63148,9.63834
2025-08-22 11:00:00,9.63862,9.64295,9.63725,9.63826
2025-08-22 11:30:00,9.63818,9.64093,9.63532,9.63693
2025-08-22 12:00:00,9.63693,9.64098,9.6307,9.63947
2025-08-22 12:30:00,9.63941,9.6452,9.63791,9.64301
2025-08-22 13:00:00,9.64303,9.64467,9.63887,9.63904
2025-08-22 13:30:00,9.63907,9.64267,9.63583,9.64077
2025-08-22 14:00:00,9.64076,9.6435,9.63348,9.64181
2025-08-22 14:30:00,9.64181,9.64181,9.62961,9.63214
2025-08-22 15:00:00,9.63212,9.63212,9.62641,9.62874
2025-08-22 15:30:00,9.62872,9.6351,9.62762,9.62959
2025-08-22 16:00:00,9.62958,9.63097,9.61988,9.63003
2025-08-22 16:30:00,9.63002,9.63928,9.62856,9.63614
2025-08-22 17:00:00,9.63613,9.63613,9.52005,9.53536
2025-08-22 17:30:00,9.53528,9.53816,9.50085,9.50782
2025-08-22 18:00:00,9.50787,9.51047,9.49219,9.50125
2025-08-22 18:30:00,9.50133,9.50694,9.49313,9.50691
2025-08-22 19:00:00,9.50716,9.50902,9.49959,9.50544
2025-08-22 19:30:00,9.50545,9.50651,9.48808,9.49317
2025-08-22 20:00:00,9.49323,9.49323,9.47989,9.48075
2025-08-22 20:30:00,9.48071,9.48453,9.47584,9.48385
2025-08-22 21:00:00,9.48381,9.49182,9.48156,9.48988
2025-08-22 21:30:00,9.48985,9.49715,9.48725,9.49641
2025-08-22 22:00:00,9.49638,9.50158,9.49566,9.49822
2025-08-22 22:30:00,9.49821,9.50202,9.49697,9.49702
2025-08-22 23:00:00,9.49702,9.49936,9.48884,9.49267
2025-08-22 23:30:00,9.49261,9.49456,9.48363,9.48712
2025-08-25 00:00:00,9.48275,9.49017,9.47575,9.47752
2025-08-25 00:30:00,9.47856,9.49253,9.47856,9.49105
2025-08-25 01:00:00,9.49128,9.49773,9.48523,9.49661
2025-08-25 01:30:00,9.49662,9.50538,9.4959,9.50469
2025-08-25 02:00:00,9.50463,9.50798,9.50342,9.50751
2025-08-25 02:30:00,9.50722,9.50865,9.50622,9.50837
2025-08-25 03:00:00,9.50835,9.51489,9.50638,9.51349
2025-08-25 03:30:00,9.51295,9.51789,9.51295,9.51532
2025-08-25 04:00:00,9.51531,9.51685,9.50964,9.51633
2025-08-25 04:30:00,9.5163,9.52099,9.51404,9.51848
2025-08-25 05:00:00,9.51852,9.51997,9.51626,9.51721
2025-08-25 05:30:00,9.5172,9.51726,9.51448,9.51707
2025-08-25 06:00:00,9.51705,9.51705,9.5084,9.51112
2025-08-25 06:30:00,9.51105,9.51216,9.50708,9.50742
2025-08-25 07:00:00,9.50738,9.51003,9.50532,9.50897
2025-08-25 07:30:00,9.50898,9.50901,9.50487,9.50585
2025-08-25 08:00:00,9.50586,9.50959,9.50583,9.5093
2025-08-25 08:30:00,9.50929,9.51263,9.50857,9.51089
2025-08-25 09:00:00,9.51094,9.51148,9.49586,9.49801
2025-08-25 09:30:00,9.498,9.50981,9.49759,9.50742
2025-08-25 10:00:00,9.50734,9.52159,9.50734,9.52084
2025-08-25 10:30:00,9.52083,9.52956,9.51693,9.52659
2025-08-25 11:00:00,9.52664,9.52731,9.51646,9.52104
2025-08-25 11:30:00,9.52101,9.52105,9.50965,9.51568
2025-08-25 12:00:00,9.51584,9.52974,9.51469,9.52594
2025-08-25 12:30:00,9.52596,9.53297,9.52575,9.52978
2025-08-25 13:00:00,9.52976,9.53023,9.52216,9.52814
2025-08-25 13:30:00,9.52815,9.53172,9.52557,9.52883
2025-08-25 14:00:00,9.52878,9.52892,9.51628,9.5183
2025-08-25 14:30:00,9.51828,9.52056,9.51203,9.51222
2025-08-25 15:00:00,9.51201,9.52072,9.51159,9.51723
2025-08-25 15:30:00,9.51724,9.52142,9.51568,9.51932
2025-08-25 16:00:00,9.51937,9.52935,9.51635,9.52622
2025-08-25 16:30:00,9.52636,9.52859,9.5137,9.51387
2025-08-25 17:00:00,9.51393,9.52502,9.51117,9.51935
2025-08-25 17:30:00,9.51922,9.53107,9.51883,9.53048
2025-08-25 18:00:00,9.53039,9.53808,9.52642,9.53505
2025-08-25 18:30:00,9.53504,9.55384,9.53503,9.54578
2025-08-25 19:00:00,9.54534,9.55698,9.54534,9.55204
2025-08-25 19:30:00,9.55209,9.56542,9.55064,9.5591
2025-08-25 20:00:00,9.55897,9.56775,9.55813,9.5648
2025-08-25 20:30:00,9.56484,9.5721,9.56429,9.5675
2025-08-25 21:00:00,9.56751,9.57358,9.5659,9.57302
2025-08-25 21:30:00,9.57301,9.59351,9.57301,9.59083
2025-08-25 22:00:00,9.59044,9.60174,9.58959,9.59833
2025-08-25 22:30:00,9.59829,9.60166,9.59263,9.59397
2025-08-25 23:00:00,9.59398,9.59404,9.58441,9.58889
2025-08-25 23:30:00,9.5889,9.58896,9.57331,9.57331
2025-08-26 00:00:00,9.57131,9.57988,9.56606,9.57147
2025-08-26 00:30:00,9.57423,9.58487,9.57204,9.58044
2025-08-26 01:00:00,9.5798,9.58887,9.57549,9.58878
2025-08-26 01:30:00,9.58877,9.59157,9.58595,9.59067
2025-08-26 02:00:00,9.59071,9.5917,9.58867,9.59033
2025-08-26 02:30:00,9.58998,9.59139,9.58907,9.59014
2025-08-26 03:00:00,9.58979,9.59367,9.5575,9.56276
2025-08-26 03:30:00,9.56278,9.56928,9.55571,9.56527
2025-08-26 04:00:00,9.56527,9.57346,9.56065,9.57012
2025-08-26 04:30:00,9.57011,9.57614,9.56685,9.57436
2025-08-26 05:00:00,9.57437,9.57607,9.56614,9.56649
2025-08-26 05:30:00,9.56649,9.57572,9.56648,9.57194
2025-08-26 06:00:00,9.5719,9.58301,9.5718,9.57991
2025-08-26 06:30:00,9.57992,9.5834,9.57644,9.58189
2025-08-26 07:00:00,9.5819,9.58335,9.57766,9.57782
2025-08-26 07:30:00,9.57779,9.58162,9.57472,9.57965
2025-08-26 08:00:00,9.57966,9.57997,9.57301,9.57307
2025-08-26 08:30:00,9.57318,9.57318,9.55801,9.55989
2025-08-26 09:00:00,9.56005,9.59832,9.56005,9.58093
2025-08-26 09:30:00,9.5809,9.58733,9.57652,9.57922
2025-08-26 10:00:00,9.57913,9.6112,9.57868,9.59969
2025-08-26 10:30:00,9.59967,9.60487,9.59075,9.60105
2025-08-26 11:00:00,9.60108,9.61403,9.59764,9.61129
2025-08-26 11:30:00,9.61136,9.61619,9.6079,9.61156
2025-08-26 12:00:00,9.61157,9.61206,9.58875,9.59125
2025-08-26 12:30:00,9.59124,9.59863,9.58843,9.58987
2025-08-26 13:00:00,9.5898,9.59181,9.58519,9.58747
2025-08-26 13:30:00,9.5874,9.59468,9.58478,9.58598
2025-08-26 14:00:00,9.58601,9.58718,9.57797,9.58353
2025-08-26 14:30:00,9.58359,9.5836,9.56751,9.57382
2025-08-26 15:00:00,9.57386,9.57435,9.56715,9.57096
2025-08-26 15:30:00,9.57092,9.57919,9.56842,9.57748
2025-08-26 16:00:00,9.57745,9.58581,9.5737,9.58013
2025-08-26 16:30:00,9.58043,9.58338,9.57161,9.57417
2025-08-26 17:00:00,9.5742,9.58163,9.55985,9.56428
2025-08-26 17:30:00,9.56425,9.5675,9.55272,9.55563
2025-08-26 18:00:00,9.55562,9.55878,9.55017,9.55808
2025-08-26 18:30:00,9.55808,9.56263,9.55166,9.55213
2025-08-26 19:00:00,9.55111,9.55333,9.54239,9.54548
2025-08-26 19:30:00,9.54547,9.55433,9.54511,9.55418
2025-08-26 20:00:00,9.55421,9.55765,9.55158,9.55445
2025-08-26 20:30:00,9.55444,9.56558,9.55433,9.56557
2025-08-26 21:00:00,9.56555,9.56965,9.56466,9.56542
2025-08-26 21:30:00,9.56548,9.56753,9.55607,9.55765
2025-08-26 22:00:00,9.55773,9.5581,9.55242,9.55348
2025-08-26 22:30:00,9.55354,9.55913,9.55223,9.55766
2025-08-26 23:00:00,9.55764,9.564,9.55747,9.5624
2025-08-26 23:30:00,9.5624,9.5624,9.54913,9.54913
2025-08-27 00:00:00,9.54435,9.55229,9.53574,9.54978
2025-08-27 00:30:00,9.54968,9.55265,9.54499,9.5492
2025-08-27 01:00:00,9.54945,9.55422,9.54945,9.55218
2025-08-27 01:30:00,9.55215,9.56164,9.55135,9.55587
2025-08-27 02:00:00,9.55599,9.56802,9.55531,9.55804
2025-08-27 02:30:00,9.55727,9.56359,9.55492,9.55824
2025-08-27 03:00:00,9.55871,9.56052,9.55579,9.55756
2025-08-27 03:30:00,9.55762,9.56084,9.55725,9.55868
2025-08-27 04:00:00,9.55869,9.55973,9.55457,9.55916
2025-08-27 04:30:00,9.55909,9.56378,9.55712,9.56044
2025-08-27 05:00:00,9.56043,9.57206,9.55935,9.57021
2025-08-27 05:30:00,9.57024,9.57127,9.56685,9.56735
2025-08-27 06:00:00,9.56733,9.57209,9.56566,9.57143
2025-08-27 06:30:00,9.57143,9.57658,9.56946,9.57352
2025-08-27 07:00:00,9.57353,9.58127,9.57331,9.57942
2025-08-27 07:30:00,9.57946,9.58313,9.5774,9.58035
2025-08-27 08:00:00,9.58036,9.58124,9.57691,9.5777
2025-08-27 08:30:00,9.57771,9.57891,9.57548,9.57609
2025-08-27 09:00:00,9.57669,9.58029,9.57314,9.5755
2025-08-27 09:30:00,9.57549,9.58367,9.56983,9.57562
2025-08-27 10:00:00,9.57505,9.59469,9.57386,9.5939
2025-08-27 10:30:00,9.59401,9.60433,9.59169,9.59654
2025-08-27 11:00:00,9.59656,9.61351,9.59444,9.61038
2025-08-27 11:30:00,9.6104,9.61721,9.60408,9.60433
2025-08-27 12:00:00,9.60439,9.60787,9.59197,9.59211
2025-08-27 12:30:00,9.5921,9.59671,9.58897,9.59214
2025-08-27 13:00:00,9.59216,9.59616,9.5886,9.59223
2025-08-27 13:30:00,9.59224,9.59547,9.58893,9.59498
2025-08-27 14:00:00,9.59496,9.60016,9.58927,9.59659
2025-08-27 14:30:00,9.59659,9.60291,9.58816,9.59541
2025-08-27 15:00:00,9.59545,9.59559,9.5822,9.58434
2025-08-27 15:30:00,9.58435,9.59822,9.58178,9.59132
2025-08-27 16:00:00,9.59123,9.59301,9.58233,9.58604
2025-08-27 16:30:00,9.58603,9.59439,9.57246,9.58147
2025-08-27 17:00:00,9.58182,9.58562,9.57505,9.58201
2025-08-27 17:30:00,9.58203,9.59006,9.57151,9.57341
2025-08-27 18:00:00,9.57354,9.57675,9.55981,9.56115
2025-08-27 18:30:00,9.56124,9.56202,9.55246,9.55445
2025-08-27 19:00:00,9.55449,9.55449,9.54743,9.54766
2025-08-27 19:30:00,9.54767,9.54831,9.52438,9.5311
2025-08-27 20:00:00,9.53112,9.53225,9.52417,9.53109
2025-08-27 20:30:00,9.5311,9.53452,9.52857,9.52963
2025-08-27 21:00:00,9.52964,9.54061,9.52952,9.53042
2025-08-27 21:30:00,9.53038,9.53384,9.52706,9.53183
2025-08-27 22:00:00,9.53185,9.53435,9.53039,9.53043
2025-08-27 22:30:00,9.53047,9.53303,9.52935,9.53092
2025-08-27 23:00:00,9.53084,9.53741,9.52966,9.53317
2025-08-27 23:30:00,9.53311,9.53435,9.52612,9.52612
2025-08-28 00:00:00,9.52577,9.53336,9.52577,9.53105
2025-08-28 00:30:00,9.53447,9.53661,9.52863,9.53068
2025-08-28 01:00:00,9.5305,9.53647,9.52683,9.52993
2025-08-28 01:30:00,9.52994,9.53093,9.52721,9.5282
2025-08-28 02:00:00,9.52821,9.53024,9.52718,9.5295
2025-08-28 02:30:00,9.52914,9.52959,9.52564,9.52757
2025-08-28 03:00:00,9.52795,9.53186,9.52581,9.52869
2025-08-28 03:30:00,9.52869,9.53014,9.5257,9.52674
2025-08-28 04:00:00,9.52672,9.52701,9.52019,9.52355
2025-08-28 04:30:00,9.52331,9.52728,9.52178,9.52431
2025-08-28 05:00:00,9.5242,9.52465,9.51017,9.51449
2025-08-28 05:30:00,9.51448,9.51557,9.50619,9.50937
2025-08-28 06:00:00,9.50932,9.51445,9.50834,9.51428
2025-08-28 06:30:00,9.51428,9.51949,9.51334,9.51909
2025-08-28 07:00:00,9.51907,9.52271,9.51819,9.51971
2025-08-28 07:30:00,9.51972,9.52628,9.5187,9.52538
2025-08-28 08:00:00,9.52544,9.52648,9.52255,9.52417
2025-08-28 08:30:00,9.52419,9.52911,9.51905,9.52166
2025-08-28 09:00:00,9.52197,9.524,9.51414,9.52167
2025-08-28 09:30:00,9.52169,9.52583,9.51676,9.51967
2025-08-28 10:00:00,9.51994,9.53122,9.50973,9.51662
2025-08-28 10:30:00,9.51662,9.52084,9.5053,9.5053
2025-08-28 11:00:00,9.50532,9.51935,9.50383,9.51696
2025-08-28 11:30:00,9.517,9.52057,9.50593,9.506
2025-08-28 12:00:00,9.50603,9.50732,9.49771,9.50623
2025-08-28 12:30:00,9.50591,9.50685,9.49933,9.50309
2025-08-28 13:00:00,9.50283,9.5037,9.48885,9.49347
2025-08-28 13:30:00,9.49349,9.49591,9.48879,9.49374
2025-08-28 14:00:00,9.49378,9.49691,9.48553,9.48585
2025-08-28 14:30:00,9.48584,9.49153,9.48333,9.48748
2025-08-28 15:00:00,9.48724,9.48905,9.4789,9.48227
2025-08-28 15:30:00,9.48134,9.49397,9.46909,9.48368
2025-08-28 16:00:00,9.48384,9.49464,9.47972,9.49313
2025-08-28 16:30:00,9.49304,9.49573,9.47879,9.48634
2025-08-28 17:00:00,9.48628,9.49113,9.47047,9.47661
2025-08-28 17:30:00,9.47657,9.49075,9.47264,9.48753
2025-08-28 18:00:00,9.48747,9.49365,9.48212,9.48689
2025-08-28 18:30:00,9.4872,9.48865,9.47779,9.4839
2025-08-28 19:00:00,9.48391,9.48391,9.47097,9.47104
2025-08-28 19:30:00,9.47103,9.47243,9.46185,9.46678
2025-08-28 20:00:00,9.46682,9.46782,9.45845,9.46095
2025-08-28 20:30:00,9.46102,9.46936,9.46076,9.4688
2025-08-28 21:00:00,9.46881,9.47148,9.46602,9.46788
2025-08-28 21:30:00,9.46789,9.46837,9.46534,9.46689
2025-08-28 22:00:00,9.46698,9.4712,9.46446,9.4698
2025-08-28 22:30:00,9.46981,9.47374,9.46978,9.47337
2025-08-28 23:00:00,9.47343,9.48175,9.47283,9.48168
2025-08-28 23:30:00,9.48183,9.48262,9.47492,9.48241
2025-08-29 00:00:00,9.46811,9.47916,9.46636,9.46871
2025-08-29 00:30:00,9.46958,9.47648,9.46362,9.46838
2025-08-29 01:00:00,9.46942,9.47386,9.46499,9.4691
2025-08-29 01:30:00,9.46889,9.48067,9.46798,9.47967
2025-08-29 02:00:00,9.47971,9.48281,9.47585,9.48101
2025-08-29 02:30:00,9.48104,9.48374,9.4778,9.47992
2025-08-29 03:00:00,9.47991,9.4868,9.47872,9.4842
2025-08-29 03:30:00,9.48416,9.4859,9.48147,9.48339
2025-08-29 04:00:00,9.4834,9.49648,9.48232,9.49411
2025-08-29 04:30:00,9.49397,9.50066,9.49208,9.49789
2025-08-29 05:00:00,9.49788,9.49788,9.49118,9.49486
2025-08-29 05:30:00,9.49487,9.49549,9.48974,9.49242
2025-08-29 06:00:00,9.49238,9.49457,9.49072,9.49288
2025-08-29 06:30:00,9.49285,9.49403,9.48908,9.49108
2025-08-29 07:00:00,9.49109,9.49349,9.48912,9.4928
2025-08-29 07:30:00,9.49281,9.49312,9.48877,9.48879
2025-08-29 08:00:00,9.4888,9.4922,9.48847,9.49086
2025-08-29 08:30:00,9.49085,9.49155,9.48358,9.48386
2025-08-29 09:00:00,9.48388,9.49588,9.48293,9.48907
2025-08-29 09:30:00,9.48917,9.50038,9.48841,9.48955
2025-08-29 10:00:00,9.49038,9.49318,9.47953,9.48691
2025-08-29 10:30:00,9.4869,9.4875,9.46431,9.46842
2025-08-29 11:00:00,9.46819,9.47455,9.46525,9.46763
2025-08-29 11:30:00,9.46759,9.47127,9.45767,9.46869
2025-08-29 12:00:00,9.4686,9.47267,9.46443,9.46919
2025-08-29 12:30:00,9.46918,9.47713,9.46876,9.47486
2025-08-29 13:00:00,9.4748,9.48051,9.47146,9.47506
2025-08-29 13:30:00,9.47505,9.47657,9.46962,9.47284
2025-08-29 14:00:00,9.47283,9.47509,9.46901,9.47146
2025-08-29 14:30:00,9.47147,9.47715,9.47024,9.47502
2025-08-29 15:00:00,9.47493,9.48717,9.47211,9.48291
2025-08-29 15:30:00,9.48255,9.49135,9.47819,9.48577
2025-08-29 16:00:00,9.48575,9.49288,9.48083,9.48762
2025-08-29 16:30:00,9.48759,9.49567,9.48286,9.49178
2025-08-29 17:00:00,9.49181,9.49181,9.4672,9.46927
2025-08-29 17:30:00,9.46929,9.48009,9.46104,9.46642
2025-08-29 18:00:00,9.46628,9.47774,9.46147,9.47507
2025-08-29 18:30:00,9.47505,9.47708,9.46456,9.46952
2025-08-29 19:00:00,9.46907,9.46993,9.45803,9.46429
2025-08-29 19:30:00,9.46427,9.46884,9.46019,9.46126
2025-08-29 20:00:00,9.46153,9.46969,9.46153,9.46753
2025-08-29 20:30:00,9.46752,9.46984,9.46403,9.46965
2025-08-29 21:00:00,9.46966,9.47029,9.46556,9.47022
2025-08-29 21:30:00,9.47028,9.47029,9.46319,9.4632
2025-08-29 22:00:00,9.46319,9.46639,9.46271,9.46347
2025-08-29 22:30:00,9.46348,9.46453,9.46053,9.46361
2025-08-29 23:00:00,9.46357,9.46403,9.45757,9.45757
2025-08-29 23:30:00,9.45774,9.46326,9.45115,9.45229
2025-09-01 00:00:00,9.43998,9.44602,9.43216,9.44483
2025-09-01 00:30:00,9.44845,9.45806,9.4433,9.45324
2025-09-01 01:00:00,9.45314,9.45915,9.45039,9.45674
2025-09-01 01:30:00,9.45688,9.45797,9.45449,9.45739
2025-09-01 02:00:00,9.45723,9.45957,9.45525,9.45669
2025-09-01 02:30:00,9.4566,9.45967,9.45549,9.45642
2025-09-01 03:00:00,9.45649,9.45697,9.45087,9.45264
2025-09-01 03:30:00,9.45266,9.45266,9.44914,9.44971
2025-09-01 04:00:00,9.44966,9.4627,9.44966,9.46163
2025-09-01 04:30:00,9.46166,9.46365,9.45618,9.45713
2025-09-01 05:00:00,9.45712,9.45717,9.44698,9.4478
2025-09-01 05:30:00,9.44781,9.4499,9.44456,9.44465
2025-09-01 06:00:00,9.44466,9.45001,9.44453,9.44873
2025-09-01 06:30:00,9.44875,9.45384,9.44788,9.45026
2025-09-01 07:00:00,9.45027,9.45325,9.44944,9.45316
2025-09-01 07:30:00,9.45318,9.4536,9.44927,9.4512
2025-09-01 08:00:00,9.45119,9.45173,9.44624,9.44689
2025-09-01 08:30:00,9.44685,9.44964,9.44201,9.44794
2025-09-01 09:00:00,9.44946,9.45241,9.44381,9.44392
2025-09-01 09:30:00,9.44373,9.44878,9.43406,9.44236
2025-09-01 10:00:00,9.44205,9.45004,9.43357,9.43395
2025-09-01 10:30:00,9.43425,9.43874,9.41638,9.41776
2025-09-01 11:00:00,9.41812,9.42435,9.41134,9.4134
2025-09-01 11:30:00,9.41339,9.41358,9.39784,9.39786
2025-09-01 12:00:00,9.3979,9.40305,9.3954,9.40204
2025-09-01 12:30:00,9.402,9.4074,9.39334,9.40674
2025-09-01 13:00:00,9.40674,9.40913,9.40103,9.4021
2025-09-01 13:30:00,9.40199,9.40862,9.39899,9.40813
2025-09-01 14:00:00,9.40797,9.40875,9.39482,9.39542
2025-09-01 14:30:00,9.39541,9.40257,9.39506,9.39997
2025-09-01 15:00:00,9.40004,9.40512,9.39205,9.39594
2025-09-01 15:30:00,9.39591,9.40736,9.39402,9.39944
2025-09-01 16:00:00,9.39927,9.40148,9.38432,9.38991
2025-09-01 16:30:00,9.3899,9.39939,9.38661,9.39775
2025-09-01 17:00:00,9.39781,9.40072,9.38073,9.38628
2025-09-01 17:30:00,9.38627,9.39075,9.37869,9.37962
2025-09-01 18:00:00,9.38016,9.38844,9.37949,9.38364
2025-09-01 18:30:00,9.38363,9.39694,9.3816,9.39628
2025-09-01 19:00:00,9.3953,9.39831,9.39361,9.39405
2025-09-01 19:30:00,9.39389,9.39461,9.39115,9.39236
2025-09-01 20:00:00,9.39091,9.39603,9.38972,9.39443
2025-09-01 20:30:00,9.39446,9.39454,9.39243,9.39276
2025-09-01 21:00:00,9.39272,9.39359,9.39151,9.39162
2025-09-01 21:30:00,9.39161,9.39207,9.3899,9.3903
2025-09-01 22:00:00,9.39025,9.39025,9.38752,9.38757
2025-09-01 22:30:00,9.38756,9.39053,9.38587,9.38964
2025-09-01 23:00:00,9.38977,9.39255,9.38892,9.38934
2025-09-01 23:30:00,9.38909,9.39116,9.3833,9.3833
2025-09-02 00:00:00,9.38174,9.38621,9.37622,9.38621
2025-09-02 00:30:00,9.38756,9.38925,9.38597,9.3872
2025-09-02 01:00:00,9.38744,9.38888,9.38415,9.38557
2025-09-02 01:30:00,9.38558,9.38801,9.38534,9.38702
2025-09-02 02:00:00,9.38707,9.38931,9.38467,9.38758
2025-09-02 02:30:00,9.38764,9.3891,9.38236,9.38369
2025-09-02 03:00:00,9.38371,9.39324,9.38338,9.39323
2025-09-02 03:30:00,9.39325,9.3968,9.39124,9.39501
2025-09-02 04:00:00,9.395,9.39983,9.39255,9.39313
2025-09-02 04:30:00,9.39301,9.40038,9.39126,9.39848
2025-09-02 05:00:00,9.3985,9.41432,9.3983,9.41236
2025-09-02 05:30:00,9.41243,9.41445,9.40978,9.41032
2025-09-02 06:00:00,9.41041,9.41268,9.4099,9.41187
2025-09-02 06:30:00,9.41184,9.41417,9.41162,9.41179
2025-09-02 07:00:00,9.41178,9.41611,9.41073,9.41438
2025-09-02 07:30:00,9.41441,9.4146,9.4115,9.41264
2025-09-02 08:00:00,9.41255,9.41779,9.40936,9.41779
2025-09-02 08:30:00,9.41787,9.41838,9.40579,9.40678
2025-09-02 09:00:00,9.40736,9.40892,9.39972,9.4007
2025-09-02 09:30:00,9.40069,9.40302,9.39133,9.39162
2025-09-02 10:00:00,9.39147,9.41829,9.38705,9.41689
2025-09-02 10:30:00,9.41688,9.43495,9.40687,9.43095
2025-09-02 11:00:00,9.43093,9.45327,9.43092,9.44581
2025-09-02 11:30:00,9.44592,9.44798,9.42971,9.44524
2025-09-02 12:00:00,9.44523,9.46594,9.44008,9.46246
2025-09-02 12:30:00,9.46246,9.46445,9.45177,9.45402
2025-09-02 13:00:00,9.45404,9.4611,9.44804,9.46004
2025-09-02 13:30:00,9.46008,9.46029,9.45133,9.45599
2025-09-02 14:00:00,9.45601,9.45817,9.44758,9.45432
2025-09-02 14:30:00,9.45431,9.45665,9.44555,9.44726
2025-09-02 15:00:00,9.44725,9.47393,9.43985,9.47393
2025-09-02 15:30:00,9.47389,9.48911,9.4714,9.48329
2025-09-02 16:00:00,9.48331,9.48558,9.46567,9.47414
2025-09-02 16:30:00,9.47413,9.47837,9.45016,9.45504
2025-09-02 17:00:00,9.45488,9.45488,9.42179,9.4276
2025-09-02 17:30:00,9.42751,9.43259,9.41863,9.43257
2025-09-02 18:00:00,9.4326,9.45013,9.43147,9.44154
2025-09-02 18:30:00,9.44153,9.4612,9.43959,9.45109
2025-09-02 19:00:00,9.45078,9.45538,9.4442,9.44984
2025-09-02 19:30:00,9.44982,9.45082,9.44503,9.44911
2025-09-02 20:00:00,9.44921,9.45285,9.44257,9.44339
2025-09-02 20:30:00,9.44322,9.45427,9.4421,9.45336
2025-09-02 21:00:00,9.45356,9.45964,9.451,9.45584
2025-09-02 21:30:00,9.45583,9.46477,9.45559,9.4621
2025-09-02 22:00:00,9.46227,9.46231,9.45419,9.45625
2025-09-02 22:30:00,9.45626,9.45677,9.45295,9.45321
2025-09-02 23:00:00,9.45322,9.45642,9.45097,9.45471
2025-09-02 23:30:00,9.45467,9.45644,9.4489,9.44895
2025-09-03 00:00:00,9.44841,9.45095,9.43583,9.44718
2025-09-03 00:30:00,9.4475,9.45379,9.44275,9.44434
2025-09-03 01:00:00,9.44669,9.45455,9.44553,9.44783
2025-09-03 01:30:00,9.44771,9.45972,9.44666,9.45854
2025-09-03 02:00:00,9.45856,9.46389,9.45369,9.46078
2025-09-03 02:30:00,9.4608,9.46337,9.45613,9.46185
2025-09-03 03:00:00,9.4619,9.46665,9.46171,9.4639
2025-09-03 03:30:00,9.46392,9.46619,9.45935,9.46103
2025-09-03 04:00:00,9.46102,9.46839,9.45735,9.46544
2025-09-03 04:30:00,9.46536,9.46728,9.461,9.46433
2025-09-03 05:00:00,9.46434,9.46455,9.45846,9.46351
2025-09-03 05:30:00,9.46351,9.46854,9.46267,9.46324
2025-09-03 06:00:00,9.46333,9.46343,9.45653,9.46057
2025-09-03 06:30:00,9.46059,9.46406,9.45921,9.46368
2025-09-03 07:00:00,9.46367,9.46477,9.45859,9.45981
2025-09-03 07:30:00,9.45967,9.46425,9.45876,9.4598
2025-09-03 08:00:00,9.45981,9.46287,9.45588,9.45652
2025-09-03 08:30:00,9.45657,9.46536,9.45654,9.4638
2025-09-03 09:00:00,9.46402,9.46767,9.4517,9.45847
2025-09-03 09:30:00,9.45846,9.45947,9.44462,9.4556
2025-09-03 10:00:00,9.45586,9.47994,9.44589,9.46589
2025-09-03 10:30:00,9.46585,9.46672,9.44925,9.45189
2025-09-03 11:00:00,9.45193,9.45193,9.43432,9.43758
2025-09-03 11:30:00,9.43759,9.44929,9.43744,9.43747
2025-09-03 12:00:00,9.43743,9.44274,9.43425,9.43942
2025-09-03 12:30:00,9.43943,9.4408,9.42878,9.43816
2025-09-03 13:00:00,9.43816,9.44009,9.43211,9.43812
2025-09-03 13:30:00,9.43813,9.44879,9.43813,9.44465
2025-09-03 14:00:00,9.44466,9.4527,9.44411,9.45227
2025-09-03 14:30:00,9.4523,9.45245,9.43879,9.44394
2025-09-03 15:00:00,9.44395,9.44453,9.43482,9.43991
2025-09-03 15:30:00,9.43989,9.45736,9.43809,9.45199
2025-09-03 16:00:00,9.4518,9.45819,9.44817,9.44844
2025-09-03 16:30:00,9.44843,9.46208,9.44495,9.45033
2025-09-03 17:00:00,9.45055,9.45065,9.41253,9.41475
2025-09-03 17:30:00,9.41475,9.43194,9.40997,9.4298
2025-09-03 18:00:00,9.42979,9.43024,9.412,9.41623
2025-09-03 18:30:00,9.41705,9.42125,9.41435,9.42001
2025-09-03 19:00:00,9.41933,9.43172,9.41906,9.42499
2025-09-03 19:30:00,9.42498,9.42695,9.41301,9.41515
2025-09-03 20:00:00,9.41512,9.41711,9.41231,9.41573
2025-09-03 20:30:00,9.41588,9.4306,9.41588,9.42718
2025-09-03 21:00:00,9.42731,9.43047,9.41776,9.4214
2025-09-03 21:30:00,9.42142,9.427,9.41995,9.4267
2025-09-03 22:00:00,9.42684,9.43554,9.42667,9.4305
2025-09-03 22:30:00,9.43045,9.43142,9.4231,9.42659
2025-09-03 23:00:00,9.42668,9.43314,9.42024,9.42024
2025-09-03 23:30:00,9.42012,9.42331,9.41728,9.41762
2025-09-04 00:00:00,9.41797,9.42157,9.41157,9.42021
2025-09-04 00:30:00,9.42016,9.42696,9.41764,9.42432
2025-09-04 01:00:00,9.42427,9.42998,9.42067,9.4261
2025-09-04 01:30:00,9.42607,9.42864,9.42227,9.42737
2025-09-04 02:00:00,9.42719,9.4296,9.42385,9.42758
2025-09-04 02:30:00,9.42742,9.43037,9.42116,9.42182
2025-09-04 03:00:00,9.4222,9.42789,9.42111,9.42474
2025-09-04 03:30:00,9.42466,9.42906,9.42331,9.42427
2025-09-04 04:00:00,9.42417,9.42702,9.42231,9.42402
2025-09-04 04:30:00,9.42407,9.42605,9.41414,9.42429
2025-09-04 05:00:00,9.4243,9.42862,9.42366,9.42664
2025-09-04 05:30:00,9.42665,9.42965,9.42477,9.4289
2025-09-04 06:00:00,9.42889,9.43088,9.42697,9.42769
2025-09-04 06:30:00,9.4277,9.42977,9.42714,9.42848
2025-09-04 07:00:00,9.4285,9.43135,9.42737,9.43074
2025-09-04 07:30:00,9.43075,9.4319,9.42764,9.43089
2025-09-04 08:00:00,9.43088,9.43325,9.42773,9.42803
2025-09-04 08:30:00,9.42804,9.43377,9.42529,9.43082
2025-09-04 09:00:00,9.4316,9.43882,9.42671,9.43642
2025-09-04 09:30:00,9.43645,9.45012,9.43645,9.44641
2025-09-04 10:00:00,9.44667,9.4488,9.4361,9.43827
2025-09-04 10:30:00,9.43821,9.44971,9.43558,9.4455
2025-09-04 11:00:00,9.44552,9.45282,9.44172,9.45058
2025-09-04 11:30:00,9.45047,9.45114,9.44091,9.44091
2025-09-04 12:00:00,9.44076,9.45729,9.43908,9.45704
2025-09-04 12:30:00,9.45703,9.46491,9.45225,9.45905
2025-09-04 13:00:00,9.45906,9.45982,9.44386,9.44567
2025-09-04 13:30:00,9.44565,9.45312,9.44246,9.45252
2025-09-04 14:00:00,9.45254,9.45995,9.44957,9.45512
2025-09-04 14:30:00,9.45557,9.46464,9.45181,9.46044
2025-09-04 15:00:00,9.46043,9.46927,9.45059,9.46374
2025-09-04 15:30:00,9.46347,9.48223,9.4517,9.46781
2025-09-04 16:00:00,9.46782,9.47606,9.45366,9.46056
2025-09-04 16:30:00,9.46076,9.4672,9.45896,9.46579
2025-09-04 17:00:00,9.4696,9.48725,9.46876,9.48465
2025-09-04 17:30:00,9.48461,9.49509,9.48245,9.48807
2025-09-04 18:00:00,9.48798,9.49109,9.48167,9.48193
2025-09-04 18:30:00,9.48224,9.48373,9.47447,9.48216
2025-09-04 19:00:00,9.48193,9.49231,9.48089,9.48235
2025-09-04 19:30:00,9.48234,9.48238,9.47463,9.47788
2025-09-04 20:00:00,9.4778,9.48212,9.47708,9.47941
2025-09-04 20:30:00,9.4794,9.48112,9.47585,9.47789
2025-09-04 21:00:00,9.47789,9.48021,9.46862,9.46999
2025-09-04 21:30:00,9.46995,9.47291,9.4672,9.47184
2025-09-04 22:00:00,9.47198,9.47237,9.46322,9.46716
2025-09-04 22:30:00,9.46717,9.46841,9.45772,9.45777
2025-09-04 23:00:00,9.45778,9.46455,9.45751,9.46247
2025-09-04 23:30:00,9.46245,9.46346,9.4516,9.45499
2025-09-05 00:00:00,9.454,9.45842,9.4495,9.45512
2025-09-05 00:30:00,9.45515,9.46414,9.45452,9.45768
2025-09-05 01:00:00,9.45791,9.4615,9.45626,9.4595
2025-09-05 01:30:00,9.45952,9.46541,9.45823,9.46171
2025-09-05 02:00:00,9.46165,9.46955,9.45929,9.46072
2025-09-05 02:30:00,9.46054,9.46154,9.45408,9.45415
2025-09-05 03:00:00,9.45476,9.45877,9.45441,9.45655
2025-09-05 03:30:00,9.45668,9.45681,9.45135,9.4525
2025-09-05 04:00:00,9.45249,9.45333,9.44888,9.45002
2025-09-05 04:30:00,9.45,9.45185,9.44239,9.44343
2025-09-05 05:00:00,9.44344,9.44419,9.44009,9.44243
2025-09-05 05:30:00,9.44249,9.44653,9.44099,9.44652
2025-09-05 06:00:00,9.44651,9.44974,9.44403,9.44427
2025-09-05 06:30:00,9.44431,9.44581,9.44322,9.44441
2025-09-05 07:00:00,9.4444,9.44709,9.44368,9.44663
2025-09-05 07:30:00,9.44664,9.45095,9.44618,9.44933
2025-09-05 08:00:00,9.4493,9.45,9.44499,9.44551
2025-09-05 08:30:00,9.44552,9.44616,9.43535,9.43778
2025-09-05 09:00:00,9.43806,9.44489,9.4368,9.44049
2025-09-05 09:30:00,9.44048,9.44385,9.4373,9.44199
2025-09-05 10:00:00,9.44199,9.44502,9.43635,9.43777
2025-09-05 10:30:00,9.43776,9.43793,9.42088,9.4228
2025-09-05 11:00:00,9.42321,9.4249,9.41724,9.41935
2025-09-05 11:30:00,9.41934,9.42446,9.41407,9.41454
2025-09-05 12:00:00,9.41464,9.41662,9.40999,9.41176
2025-09-05 12:30:00,9.41175,9.41495,9.40981,9.40982
2025-09-05 13:00:00,9.40987,9.41258,9.40806,9.40998
2025-09-05 13:30:00,9.40997,9.41175,9.40537,9.4098
2025-09-05 14:00:00,9.40977,9.41506,9.40803,9.41505
2025-09-05 14:30:00,9.41506,9.42221,9.4122,9.4126
2025-09-05 15:00:00,9.41257,9.41393,9.3993,9.40899
2025-09-05 15:30:00,9.40959,9.41468,9.35427,9.36592
2025-09-05 16:00:00,9.36596,9.37565,9.35575,9.36652
2025-09-05 16:30:00,9.36647,9.37034,9.33434,9.33956
2025-09-05 17:00:00,9.33957,9.37731,9.33632,9.36633
2025-09-05 17:30:00,9.36633,9.3794,9.35984,9.36637
2025-09-05 18:00:00,9.36639,9.36775,9.35736,9.35984
2025-09-05 18:30:00,9.36068,9.3611,9.34866,9.35178
2025-09-05 19:00:00,9.35158,9.35798,9.34794,9.35638
2025-09-05 19:30:00,9.35642,9.36891,9.35602,9.3641
2025-09-05 20:00:00,9.36414,9.3767,9.36255,9.37008
2025-09-05 20:30:00,9.37003,9.37787,9.3645,9.37545
2025-09-05 21:00:00,9.37542,9.38519,9.37517,9.38406
2025-09-05 21:30:00,9.38409,9.39047,9.38375,9.38795
2025-09-05 22:00:00,9.38813,9.39009,9.38127,9.38496
2025-09-05 22:30:00,9.38495,9.39178,9.38493,9.38739
2025-09-05 23:00:00,9.38728,9.39305,9.38606,9.38913
2025-09-05 23:30:00,9.38868,9.39171,9.37929,9.38044
2025-09-08 00:00:00,9.36255,9.36776,9.34841,9.35795
2025-09-08 00:30:00,9.36008,9.37461,9.35419,9.37017
2025-09-08 01:00:00,9.37134,9.38698,9.35789,9.38195
2025-09-08 01:30:00,9.38205,9.3889,9.38074,9.38488
2025-09-08 02:00:00,9.38489,9.39431,9.37933,9.38676
2025-09-08 02:30:00,9.38683,9.38794,9.37901,9.38254
2025-09-08 03:00:00,9.38248,9.39114,9.38226,9.38738
2025-09-08 03:30:00,9.38737,9.39085,9.38474,9.38502
2025-09-08 04:00:00,9.38501,9.39095,9.38263,9.38996
2025-09-08 04:30:00,9.39,9.39125,9.38299,9.38476
2025-09-08 05:00:00,9.38475,9.38727,9.38233,9.38706
2025-09-08 05:30:00,9.38705,9.38705,9.38199,9.3825
2025-09-08 06:00:00,9.38249,9.38459,9.38137,9.38344
2025-09-08 06:30:00,9.38342,9.3855,9.3826,9.38483
2025-09-08 07:00:00,9.38484,9.38831,9.38403,9.38442
2025-09-08 07:30:00,9.38439,9.38492,9.38239,9.38393
2025-09-08 08:00:00,9.38392,9.38498,9.38009,9.38125
2025-09-08 08:30:00,9.38124,9.38582,9.38011,9.38576
2025-09-08 09:00:00,9.3858,9.38694,9.37711,9.38181
2025-09-08 09:30:00,9.38179,9.38376,9.37103,9.37287
2025-09-08 10:00:00,9.37299,9.37873,9.36987,9.37313
2025-09-08 10:30:00,9.37316,9.37542,9.3696,9.37087
2025-09-08 11:00:00,9.37086,9.3892,9.36626,9.38752
2025-09-08 11:30:00,9.38748,9.38901,9.38255,9.38257
2025-09-08 12:00:00,9.38257,9.39154,9.37864,9.38826
2025-09-08 12:30:00,9.38827,9.39395,9.38225,9.39387
2025-09-08 13:00:00,9.39392,9.40002,9.39348,9.39524
2025-09-08 13:30:00,9.3953,9.39705,9.37238,9.37722
2025-09-08 14:00:00,9.37731,9.38341,9.37212,9.38173
2025-09-08 14:30:00,9.38171,9.38223,9.373,9.37576
2025-09-08 15:00:00,9.37612,9.38278,9.37378,9.38007
2025-09-08 15:30:00,9.38,9.38121,9.36114,9.36642
2025-09-08 16:00:00,9.36607,9.36919,9.35407,9.35878
2025-09-08 16:30:00,9.35859,9.37044,9.35438,9.367
2025-09-08 17:00:00,9.36706,9.37442,9.36122,9.3683
2025-09-08 17:30:00,9.36832,9.37663,9.36092,9.36938
2025-09-08 18:00:00,9.36924,9.37341,9.3531,9.35625
2025-09-08 18:30:00,9.35663,9.36201,9.35536,9.35732
2025-09-08 19:00:00,9.35728,9.36191,9.35444,9.36159
2025-09-08 19:30:00,9.36155,9.37529,9.36153,9.3707
2025-09-08 20:00:00,9.37059,9.37478,9.36344,9.36389
2025-09-08 20:30:00,9.36391,9.37295,9.36305,9.37264
2025-09-08 21:00:00,9.37265,9.3727,9.36232,9.36374
2025-09-08 21:30:00,9.36372,9.36554,9.3555,9.35756
2025-09-08 22:00:00,9.35751,9.35868,9.35484,9.35778
2025-09-08 22:30:00,9.35779,9.36099,9.35681,9.36076
2025-09-08 23:00:00,9.36075,9.3666,9.35795,9.35852
2025-09-08 23:30:00,9.35854,9.3598,9.34648,9.34648
2025-09-09 00:00:00,9.34497,9.35403,9.34125,9.34891
2025-09-09 00:30:00,9.34832,9.35723,9.34617,9.35225
2025-09-09 01:00:00,9.35207,9.35258,9.34774,9.35178
2025-09-09 01:30:00,9.35178,9.35388,9.35065,9.35349
2025-09-09 02:00:00,9.35359,9.35397,9.34554,9.34627
2025-09-09 02:30:00,9.34677,9.35295,9.34559,9.35085
2025-09-09 03:00:00,9.351,9.35546,9.34882,9.35021
2025-09-09 03:30:00,9.35019,9.35296,9.34812,9.35203
2025-09-09 04:00:00,9.35204,9.35738,9.35031,9.35703
2025-09-09 04:30:00,9.35701,9.35794,9.34793,9.34996
2025-09-09 05:00:00,9.35002,9.35218,9.34804,9.35119
2025-09-09 05:30:00,9.3512,9.35466,9.34939,9.35369
2025-09-09 06:00:00,9.35366,9.35688,9.35306,9.35563
2025-09-09 06:30:00,9.35564,9.35874,9.35494,9.35795
2025-09-09 07:00:00,9.35799,9.35842,9.35462,9.35531
2025-09-09 07:30:00,9.35525,9.35542,9.34848,9.35189
2025-09-09 08:00:00,9.35191,9.35525,9.34813,9.35197
2025-09-09 08:30:00,9.35196,9.35256,9.33948,9.34261
2025-09-09 09:00:00,9.34264,9.35156,9.34105,9.35041
2025-09-09 09:30:00,9.35043,9.35689,9.34564,9.35033
2025-09-09 10:00:00,9.35032,9.35251,9.34533,9.34946
2025-09-09 10:30:00,9.34934,9.36328,9.34924,9.36238
2025-09-09 11:00:00,9.3624,9.36917,9.35706,9.35936
2025-09-09 11:30:00,9.35937,9.36495,9.35547,9.35958
2025-09-09 12:00:00,9.35957,9.36201,9.35145,9.35182
2025-09-09 12:30:00,9.35168,9.35323,9.34213,9.34592
2025-09-09 13:00:00,9.34591,9.35798,9.34466,9.35478
2025-09-09 13:30:00,9.35476,9.36207,9.35337,9.36026
2025-09-09 14:00:00,9.36021,9.36738,9.35877,9.36278
2025-09-09 14:30:00,9.36276,9.3718,9.36224,9.37082
2025-09-09 15:00:00,9.3707,9.37575,9.36634,9.3697
2025-09-09 15:30:00,9.36978,9.38018,9.36858,9.36966
2025-09-09 16:00:00,9.36927,9.37169,9.35754,9.3586
2025-09-09 16:30:00,9.35861,9.36068,9.34589,9.35512
2025-09-09 17:00:00,9.3548,9.37313,9.33617,9.36932
2025-09-09 17:30:00,9.36949,9.38328,9.36824,9.37533
2025-09-09 18:00:00,9.3753,9.39017,9.37484,9.38118
2025-09-09 18:30:00,9.38158,9.3826,9.378,9.38035
2025-09-09 19:00:00,9.37984,9.38218,9.36705,9.37464
2025-09-09 19:30:00,9.37463,9.37463,9.3654,9.37238
2025-09-09 20:00:00,9.37242,9.38078,9.3686,9.38036
2025-09-09 20:30:00,9.38036,9.38602,9.37568,9.38416
2025-09-09 21:00:00,9.38421,9.38682,9.37786,9.38535
2025-09-09 21:30:00,9.38539,9.38661,9.38077,9.38085
2025-09-09 22:00:00,9.38086,9.38489,9.37891,9.38275
2025-09-09 22:30:00,9.38287,9.38287,9.37692,9.37876
2025-09-09 23:00:00,9.37874,9.38213,9.37446,9.38205
2025-09-09 23:30:00,9.38203,9.38203,9.37567,9.37567
2025-09-10 00:00:00,9.37187,9.38432,9.35809,9.35809
2025-09-10 00:30:00,9.35957,9.37665,9.35425,9.3691
2025-09-10 01:00:00,9.36788,9.37792,9.36071,9.376
2025-09-10 01:30:00,9.37612,9.37771,9.35855,9.37239
2025-09-10 02:00:00,9.37246,9.38537,9.36885,9.38406
2025-09-10 02:30:00,9.38417,9.38852,9.37911,9.3807
2025-09-10 03:00:00,9.38076,9.38725,9.37882,9.38195
2025-09-10 03:30:00,9.38187,9.38628,9.38002,9.38586
2025-09-10 04:00:00,9.38575,9.39484,9.38274,9.39467
2025-09-10 04:30:00,9.39466,9.39506,9.38017,9.38379
2025-09-10 05:00:00,9.3837,9.38375,9.37683,9.37927
2025-09-10 05:30:00,9.37921,9.38033,9.37501,9.37508
2025-09-10 06:00:00,9.37514,9.37592,9.37245,9.37463
2025-09-10 06:30:00,9.37461,9.37536,9.37291,9.37494
2025-09-10 07:00:00,9.37483,9.37504,9.37149,9.37263
2025-09-10 07:30:00,9.37259,9.37369,9.36837,9.36848
2025-09-10 08:00:00,9.36849,9.37021,9.3646,9.36588
2025-09-10 08:30:00,9.36589,9.37448,9.36471,9.3727
2025-09-10 09:00:00,9.37256,9.37703,9.36479,9.36966
2025-09-10 09:30:00,9.36917,9.38973,9.3688,9.38391
2025-09-10 10:00:00,9.38372,9.39774,9.36984,9.3721
2025-09-10 10:30:00,9.37218,9.37373,9.35706,9.36146
2025-09-10 11:00:00,9.36143,9.37101,9.35278,9.36992
2025-09-10 11:30:00,9.36993,9.37428,9.35123,9.35245
2025-09-10 12:00:00,9.35242,9.35618,9.34727,9.35127
2025-09-10 12:30:00,9.35127,9.35244,9.33451,9.34069
2025-09-10 13:00:00,9.34066,9.34921,9.33971,9.34595
2025-09-10 13:30:00,9.34594,9.35407,9.34436,9.35336
2025-09-10 14:00:00,9.35334,9.35814,9.35023,9.35641
2025-09-10 14:30:00,9.35642,9.36264,9.35065,9.35256
2025-09-10 15:00:00,9.35257,9.36702,9.3479,9.36125
2025-09-10 15:30:00,9.36042,9.36042,9.32748,9.35492
2025-09-10 16:00:00,9.35503,9.36109,9.3431,9.34551
2025-09-10 16:30:00,9.34551,9.34735,9.32572,9.32572
2025-09-10 17:00:00,9.32627,9.32635,9.30504,9.31899
2025-09-10 17:30:00,9.31898,9.31966,9.30725,9.31074
2025-09-10 18:00:00,9.31074,9.33333,9.30766,9.33004
2025-09-10 18:30:00,9.33002,9.33788,9.32556,9.33658
2025-09-10 19:00:00,9.33653,9.34679,9.33482,9.34504
2025-09-10 19:30:00,9.34503,9.35145,9.34439,9.34859
2025-09-10 20:00:00,9.34857,9.3547,9.34461,9.35413
2025-09-10 20:30:00,9.35412,9.35502,9.35023,9.35167
2025-09-10 21:00:00,9.35168,9.35168,9.34449,9.34739
2025-09-10 21:30:00,9.34743,9.35593,9.34743,9.35103
2025-09-10 22:00:00,9.35099,9.35824,9.34879,9.35812
2025-09-10 22:30:00,9.35813,9.36106,9.34631,9.34676
2025-09-10 23:00:00,9.34682,9.35185,9.34164,9.35134
2025-09-10 23:30:00,9.35123,9.35402,9.34178,9.34178
2025-09-11 00:00:00,9.34072,9.35433,9.33552,9.34625
2025-09-11 00:30:00,9.34612,9.34881,9.33711,9.34188
2025-09-11 01:00:00,9.3423,9.34598,9.33987,9.34188
2025-09-11 01:30:00,9.34205,9.34535,9.33942,9.34188
2025-09-11 02:00:00,9.34244,9.3456,9.33731,9.34027
2025-09-11 02:30:00,9.34026,9.34272,9.33733,9.34052
2025-09-11 03:00:00,9.34087,9.34465,9.34048,9.34247
2025-09-11 03:30:00,9.34256,9.34968,9.34186,9.34871
2025-09-11 04:00:00,9.34872,9.34932,9.34383,9.34383
2025-09-11 04:30:00,9.34396,9.34601,9.34248,9.34559
2025-09-11 05:00:00,9.3456,9.35042,9.34453,9.34891
2025-09-11 05:30:00,9.34881,9.34944,9.34633,9.34802
2025-09-11 06:00:00,9.34798,9.3487,9.34506,9.34674
2025-09-11 06:30:00,9.34675,9.3514,9.34653,9.35016
2025-09-11 07:00:00,9.35021,9.35294,9.35002,9.35127
2025-09-11 07:30:00,9.35139,9.35179,9.34824,9.34824
2025-09-11 08:00:00,9.34825,9.35352,9.34822,9.35319
2025-09-11 08:30:00,9.3532,9.36477,9.35279,9.36037
2025-09-11 09:00:00,9.35849,9.37307,9.35849,9.36304
2025-09-11 09:30:00,9.36326,9.36655,9.35652,9.36129
2025-09-11 10:00:00,9.36125,9.36551,9.3569,9.36227
2025-09-11 10:30:00,9.3624,9.36545,9.35379,9.3573
2025-09-11 11:00:00,9.35732,9.36068,9.34904,9.35155
2025-09-11 11:30:00,9.35156,9.36215,9.35121,9.36109
2025-09-11 12:00:00,9.36124,9.37275,9.36096,9.37075
2025-09-11 12:30:00,9.37076,9.37981,9.36736,9.36892
2025-09-11 13:00:00,9.36893,9.37583,9.36577,9.37482
2025-09-11 13:30:00,9.37483,9.38068,9.3731,9.38028
2025-09-11 14:00:00,9.38028,9.38123,9.36821,9.37353
2025-09-11 14:30:00,9.37345,9.38139,9.36993,9.37776
2025-09-11 15:00:00,9.37768,9.38608,9.36269,9.36563
2025-09-11 15:30:00,9.36494,9.38369,9.3366,9.34095
2025-09-11 16:00:00,9.34086,9.34086,9.32194,9.33324
2025-09-11 16:30:00,9.33307,9.33861,9.31779,9.32136
2025-09-11 17:00:00,9.32191,9.32655,9.30807,9.32369
2025-09-11 17:30:00,9.32376,9.32773,9.31653,9.3237
2025-09-11 18:00:00,9.32374,9.32675,9.30688,9.31553
2025-09-11 18:30:00,9.31587,9.31779,9.31038,9.31659
2025-09-11 19:00:00,9.31658,9.31669,9.30969,9.3116
2025-09-11 19:30:00,9.31158,9.31416,9.30909,9.30977
2025-09-11 20:00:00,9.30969,9.31344,9.30785,9.31133
2025-09-11 20:30:00,9.31131,9.31631,9.30674,9.31251
2025-09-11 21:00:00,9.3125,9.31381,9.30886,9.31206
2025-09-11 21:30:00,9.31202,9.31355,9.30659,9.30849
2025-09-11 22:00:00,9.30845,9.31077,9.3057,9.3079
2025-09-11 22:30:00,9.30788,9.31087,9.30368,9.30397
2025-09-11 23:00:00,9.30403,9.30598,9.30202,9.30284
2025-09-11 23:30:00,9.30267,9.30511,9.29977,9.29977
2025-09-12 00:00:00,9.29691,9.30357,9.28771,9.29526
2025-09-12 00:30:00,9.29344,9.31047,9.29289,9.30448
2025-09-12 01:00:00,9.30298,9.30766,9.29943,9.30395
2025-09-12 01:30:00,9.304,9.30594,9.30268,9.30405
2025-09-12 02:00:00,9.30417,9.31234,9.30265,9.31005
2025-09-12 02:30:00,9.31052,9.31197,9.30636,9.30877
2025-09-12 03:00:00,9.30895,9.31328,9.30778,9.31216
2025-09-12 03:30:00,9.31226,9.31373,9.30876,9.30916
2025-09-12 04:00:00,9.30913,9.31493,9.30775,9.31267
2025-09-12 04:30:00,9.31266,9.31554,9.31203,9.31505
2025-09-12 05:00:00,9.31504,9.31681,9.31321,9.31665
2025-09-12 05:30:00,9.31664,9.31845,9.31402,9.31459
2025-09-12 06:00:00,9.31458,9.31865,9.31458,9.31742
2025-09-12 06:30:00,9.31757,9.31811,9.31488,9.31695
2025-09-12 07:00:00,9.31705,9.32554,9.31653,9.32159
2025-09-12 07:30:00,9.32153,9.32391,9.31969,9.31983
2025-09-12 08:00:00,9.31975,9.32339,9.3165,9.32043
2025-09-12 08:30:00,9.32042,9.32049,9.31329,9.31429
2025-09-12 09:00:00,9.31408,9.32592,9.31375,9.32465
2025-09-12 09:30:00,9.32463,9.32605,9.30877,9.31171
2025-09-12 10:00:00,9.31167,9.31437,9.30647,9.31376
2025-09-12 10:30:00,9.31378,9.32373,9.31378,9.31904
2025-09-12 11:00:00,9.31929,9.34546,9.31929,9.33768
2025-09-12 11:30:00,9.33781,9.35543,9.33586,9.35126
2025-09-12 12:00:00,9.35127,9.3513,9.33762,9.34118
2025-09-12 12:30:00,9.34118,9.34593,9.33335,9.33656
2025-09-12 13:00:00,9.33652,9.33836,9.32433,9.32811
2025-09-12 13:30:00,9.3281,9.32922,9.32105,9.32494
2025-09-12 14:00:00,9.32497,9.33116,9.32237,9.33067
2025-09-12 14:30:00,9.33068,9.34265,9.33008,9.33944
2025-09-12 15:00:00,9.33944,9.34758,9.33783,9.34411
2025-09-12 15:30:00,9.34406,9.35971,9.34393,9.3509
2025-09-12 16:00:00,9.35091,9.35262,9.34671,9.34999
2025-09-12 16:30:00,9.34999,9.3518,9.34074,9.34244
2025-09-12 17:00:00,9.34288,9.34724,9.32971,9.3308
2025-09-12 17:30:00,9.33047,9.34117,9.32749,9.33093
2025-09-12 18:00:00,9.3309,9.3439,9.32931,9.34058
2025-09-12 18:30:00,9.34061,9.34818,9.33973,9.34716
2025-09-12 19:00:00,9.34654,9.35029,9.34288,9.34289
2025-09-12 19:30:00,9.34303,9.34311,9.32619,9.33369
2025-09-12 20:00:00,9.33368,9.33379,9.32502,9.32771
2025-09-12 20:30:00,9.32757,9.33037,9.32479,9.3303
2025-09-12 21:00:00,9.33035,9.33225,9.32543,9.32609
2025-09-12 21:30:00,9.32609,9.32632,9.31883,9.32087
2025-09-12 22:00:00,9.32086,9.32523,9.3197,9.32364
2025-09-12 22:30:00,9.32365,9.32766,9.32193,9.32344
2025-09-12 23:00:00,9.32388,9.33376,9.32388,9.33058
2025-09-12 23:30:00,9.33052,9.33399,9.31366,9.31656
2025-09-15 00:00:00,9.29188,9.32527,9.29024,9.32511
2025-09-15 00:30:00,9.32497,9.32708,9.3126,9.31923
2025-09-15 01:00:00,9.31945,9.32496,9.31204,9.32339
2025-09-15 01:30:00,9.32342,9.32527,9.32174,9.32313
2025-09-15 02:00:00,9.32306,9.32679,9.32037,9.3251
2025-09-15 02:30:00,9.32597,9.32704,9.32309,9.32611
2025-09-15 03:00:00,9.32796,9.33051,9.32412,9.32908
2025-09-15 03:30:00,9.32906,9.3299,9.32576,9.3266
2025-09-15 04:00:00,9.32658,9.33204,9.32513,9.32602
2025-09-15 04:30:00,9.32602,9.328,9.32326,9.32516
2025-09-15 05:00:00,9.32518,9.33167,9.32431,9.33153
2025-09-15 05:30:00,9.33155,9.33155,9.32821,9.32912
2025-09-15 06:00:00,9.32913,9.32966,9.32616,9.32619
2025-09-15 06:30:00,9.32621,9.32829,9.32307,9.32522
2025-09-15 07:00:00,9.32521,9.32534,9.32199,9.32311
2025-09-15 07:30:00,9.32309,9.32673,9.32309,9.3239
2025-09-15 08:00:00,9.3239,9.32657,9.32345,9.32646
2025-09-15 08:30:00,9.32647,9.32926,9.32614,9.32687
2025-09-15 09:00:00,9.32722,9.33616,9.32163,9.33248
2025-09-15 09:30:00,9.33249,9.33303,9.31719,9.32061
2025-09-15 10:00:00,9.32056,9.32099,9.31367,9.31463
2025-09-15 10:30:00,9.31462,9.31835,9.30726,9.31497
2025-09-15 11:00:00,9.3151,9.31747,9.30372,9.30896
2025-09-15 11:30:00,9.30897,9.31916,9.30657,9.31525
2025-09-15 12:00:00,9.31538,9.31828,9.31009,9.3101
2025-09-15 12:30:00,9.31011,9.31282,9.30494,9.30655
2025-09-15 13:00:00,9.30657,9.3069,9.28127,9.28315
2025-09-15 13:30:00,9.28309,9.28774,9.27956,9.28705
2025-09-15 14:00:00,9.28704,9.28916,9.27526,9.27637
2025-09-15 14:30:00,9.27636,9.2806,9.27255,9.27642
2025-09-15 15:00:00,9.27643,9.27755,9.26733,9.2748
2025-09-15 15:30:00,9.27469,9.27712,9.26797,9.27359
2025-09-15 16:00:00,9.27354,9.28441,9.27138,9.28047
2025-09-15 16:30:00,9.28049,9.28567,9.27901,9.28351
2025-09-15 17:00:00,9.2835,9.29069,9.28214,9.28583
2025-09-15 17:30:00,9.28587,9.28811,9.27984,9.28287
2025-09-15 18:00:00,9.283,9.28364,9.27273,9.27401
2025-09-15 18:30:00,9.27398,9.27579,9.26439,9.26786
2025-09-15 19:00:00,9.26728,9.27814,9.26396,9.27813
2025-09-15 19:30:00,9.27825,9.28455,9.27343,9.28244
2025-09-15 20:00:00,9.28248,9.28404,9.27912,9.27915
2025-09-15 20:30:00,9.27919,9.27919,9.26711,9.26984
2025-09-15 21:00:00,9.26981,9.27616,9.26899,9.27349
2025-09-15 21:30:00,9.27348,9.27576,9.27071,9.27185
2025-09-15 22:00:00,9.27184,9.27194,9.26787,9.26787
2025-09-15 22:30:00,9.26787,9.27435,9.26695,9.2728
2025-09-15 23:00:00,9.27277,9.27627,9.27061,9.27618
2025-09-15 23:30:00,9.27617,9.27825,9.2703,9.2704
2025-09-16 00:00:00,9.2666,9.26936,9.26104,9.26133
2025-09-16 00:30:00,9.2615,9.26655,9.2615,9.26453
2025-09-16 01:00:00,9.26412,9.27009,9.26318,9.26736
2025-09-16 01:30:00,9.26737,9.27459,9.26722,9.2727
2025-09-16 02:00:00,9.27273,9.27761,9.27035,9.27247
2025-09-16 02:30:00,9.27248,9.27976,9.27061,9.27827
2025-09-16 03:00:00,9.27825,9.28186,9.27619,9.28154
2025-09-16 03:30:00,9.2815,9.28511,9.2802,9.28053
2025-09-16 04:00:00,9.2804,9.28231,9.27661,9.28228
2025-09-16 04:30:00,9.28229,9.28281,9.27326,9.27699
2025-09-16 05:00:00,9.277,9.27704,9.269,9.27237
2025-09-16 05:30:00,9.27239,9.27397,9.26913,9.27021
2025-09-16 06:00:00,9.27027,9.27161,9.26811,9.26972
2025-09-16 06:30:00,9.26973,9.27043,9.26161,9.26838
2025-09-16 07:00:00,9.2684,9.27327,9.26825,9.27152
2025-09-16 07:30:00,9.27152,9.27443,9.27046,9.27214
2025-09-16 08:00:00,9.27216,9.27289,9.26815,9.2702
2025-09-16 08:30:00,9.27019,9.27502,9.26698,9.2684
2025-09-16 09:00:00,9.26895,9.27117,9.25843,9.26361
2025-09-16 09:30:00,9.26363,9.27026,9.25897,9.26185
2025-09-16 10:00:00,9.26182,9.26413,9.25044,9.25202
2025-09-16 10:30:00,9.25202,9.26409,9.24982,9.26023
2025-09-16 11:00:00,9.26043,9.26936,9.25706,9.26416
2025-09-16 11:30:00,9.26417,9.27479,9.26296,9.26524
2025-09-16 12:00:00,9.26475,9.26541,9.24985,9.25885
2025-09-16 12:30:00,9.25884,9.25916,9.2476,9.25785
2025-09-16 13:00:00,9.25767,9.2608,9.25051,9.25143
2025-09-16 13:30:00,9.25142,9.25918,9.24962,9.25685
2025-09-16 14:00:00,9.25639,9.26124,9.25437,9.25889
2025-09-16 14:30:00,9.25888,9.26013,9.24246,9.25134
2025-09-16 15:00:00,9.25124,9.26035,9.24844,9.25497
2025-09-16 15:30:00,9.25505,9.26743,9.24975,9.26182
2025-09-16 16:00:00,9.26145,9.26211,9.24172,9.24413
2025-09-16 16:30:00,9.24412,9.25412,9.24193,9.25057
2025-09-16 17:00:00,9.25058,9.25374,9.22988,9.23569
2025-09-16 17:30:00,9.2357,9.24312,9.22968,9.2338
2025-09-16 18:00:00,9.2338,9.24934,9.23265,9.24609
2025-09-16 18:30:00,9.24583,9.25133,9.23864,9.2404
2025-09-16 19:00:00,9.24004,9.24082,9.22418,9.22685
2025-09-16 19:30:00,9.22673,9.23239,9.21867,9.23106
2025-09-16 20:00:00,9.23127,9.234,9.21504,9.22036
2025-09-16 20:30:00,9.22035,9.22566,9.21708,9.22425
2025-09-16 21:00:00,9.2242,9.22601,9.21832,9.22005
2025-09-16 21:30:00,9.22012,9.22551,9.22012,9.22306
2025-09-16 22:00:00,9.22301,9.22977,9.22249,9.22671
2025-09-16 22:30:00,9.22672,9.23255,9.22646,9.22959
2025-09-16 23:00:00,9.22944,9.23273,9.22558,9.22781
2025-09-16 23:30:00,9.22776,9.23127,9.22276,9.22276
2025-09-17 00:00:00,9.22592,9.22947,9.22156,9.22815
2025-09-17 00:30:00,9.22831,9.23026,9.22574,9.22694
2025-09-17 01:00:00,9.22695,9.22901,9.22333,9.22683
2025-09-17 01:30:00,9.22687,9.23063,9.22543,9.23
2025-09-17 02:00:00,9.22984,9.23,9.2219,9.22469
2025-09-17 02:30:00,9.22476,9.22653,9.22143,9.22433
2025-09-17 03:00:00,9.22445,9.2288,9.22328,9.22856
2025-09-17 03:30:00,9.22834,9.23565,9.22833,9.23505
2025-09-17 04:00:00,9.23509,9.23779,9.23367,9.23758
2025-09-17 04:30:00,9.23756,9.24236,9.23639,9.23818
2025-09-17 05:00:00,9.23832,9.24268,9.23725,9.24103
2025-09-17 05:30:00,9.24102,9.24348,9.23683,9.23909
2025-09-17 06:00:00,9.23912,9.24015,9.23624,9.23908
2025-09-17 06:30:00,9.23907,9.2429,9.23788,9.24254
2025-09-17 07:00:00,9.2426,9.24281,9.23838,9.23933
2025-09-17 07:30:00,9.23935,9.24012,9.23657,9.2373
2025-09-17 08:00:00,9.23715,9.23775,9.23335,9.23768
2025-09-17 08:30:00,9.23765,9.23957,9.22868,9.23319
2025-09-17 09:00:00,9.22966,9.24011,9.22966,9.23157
2025-09-17 09:30:00,9.23159,9.23582,9.23008,9.23174
2025-09-17 10:00:00,9.23172,9.24836,9.23153,9.24539
2025-09-17 10:30:00,9.24542,9.24856,9.24125,9.24797
2025-09-17 11:00:00,9.24802,9.25355,9.24488,9.24534
2025-09-17 11:30:00,9.24536,9.25087,9.24164,9.24485
2025-09-17 12:00:00,9.24429,9.25268,9.24348,9.25166
2025-09-17 12:30:00,9.25169,9.25294,9.24437,9.24939
2025-09-17 13:00:00,9.24936,9.26336,9.24936,9.25389
2025-09-17 13:30:00,9.25389,9.26097,9.24957,9.25817
2025-09-17 14:00:00,9.25817,9.26193,9.25368,9.25801
2025-09-17 14:30:00,9.25813,9.26084,9.25197,9.25793
2025-09-17 15:00:00,9.25794,9.26358,9.25735,9.26323
2025-09-17 15:30:00,9.26325,9.26347,9.25641,9.25857
2025-09-17 16:00:00,9.25848,9.26655,9.25618,9.26546
2025-09-17 16:30:00,9.26547,9.26713,9.24796,9.25265
2025-09-17 17:00:00,9.25263,9.26166,9.24505,9.24997
2025-09-17 17:30:00,9.24994,9.26979,9.24797,9.26436
2025-09-17 18:00:00,9.26445,9.27275,9.26217,9.26748
2025-09-17 18:30:00,9.26736,9.28013,9.26616,9.27505
2025-09-17 19:00:00,9.275,9.27677,9.2645,9.26502
2025-09-17 19:30:00,9.26503,9.27131,9.26477,9.26806
2025-09-17 20:00:00,9.26804,9.27181,9.2666,9.26663
2025-09-17 20:30:00,9.2666,9.26722,9.25986,9.25986
2025-09-17 21:00:00,9.25959,9.25959,9.19161,9.22704
2025-09-17 21:30:00,9.22703,9.29174,9.21967,9.2768
2025-09-17 22:00:00,9.27652,9.28133,9.2564,9.26432
2025-09-17 22:30:00,9.26447,9.28852,9.26447,9.28772
2025-09-17 23:00:00,9.28755,9.30948,9.28535,9.30784
2025-09-17 23:30:00,9.30785,9.30914,9.28928,9.28928
2025-09-18 00:00:00,9.28664,9.29334,9.27135,9.27631
2025-09-18 00:30:00,9.28148,9.30576,9.27824,9.29334
2025-09-18 01:00:00,9.28848,9.29577,9.2883,9.28958
2025-09-18 01:30:00,9.28957,9.29281,9.28693,9.29182
2025-09-18 02:00:00,9.29185,9.29314,9.28523,9.28535
2025-09-18 02:30:00,9.28533,9.28658,9.28,9.28334
2025-09-18 03:00:00,9.2833,9.29486,9.2833,9.29012
2025-09-18 03:30:00,9.29004,9.29556,9.28839,9.29356
2025-09-18 04:00:00,9.29353,9.3058,9.28861,9.29961
2025-09-18 04:30:00,9.29981,9.31114,9.29841,9.30277
2025-09-18 05:00:00,9.30277,9.3048,9.29565,9.29647
2025-09-18 05:30:00,9.2965,9.30024,9.29563,9.29719
2025-09-18 06:00:00,9.29718,9.3,9.29371,9.299
2025-09-18 06:30:00,9.29902,9.30119,9.29884,9.30099
2025-09-18 07:00:00,9.30099,9.30324,9.29862,9.30217
2025-09-18 07:30:00,9.3023,9.3182,9.30195,9.31682
2025-09-18 08:00:00,9.31672,9.32039,9.313,9.31385
2025-09-18 08:30:00,9.31387,9.32588,9.31184,9.32013
2025-09-18 09:00:00,9.3202,9.33354,9.31837,9.32421
2025-09-18 09:30:00,9.32418,9.32594,9.31402,9.32134
2025-09-18 10:00:00,9.32142,9.32157,9.29264,9.29368
2025-09-18 10:30:00,9.29368,9.29914,9.28208,9.28638
2025-09-18 11:00:00,9.28661,9.29454,9.28471,9.28713
2025-09-18 11:30:00,9.28706,9.28901,9.26631,9.27616
2025-09-18 12:00:00,9.27616,9.27674,9.26639,9.27278
2025-09-18 12:30:00,9.27315,9.27685,9.26486,9.27586
2025-09-18 13:00:00,9.27576,9.27697,9.26839,9.27236
2025-09-18 13:30:00,9.27238,9.27442,9.26924,9.27219
2025-09-18 14:00:00,9.27213,9.27739,9.26908,9.27603
2025-09-18 14:30:00,9.27605,9.29998,9.2725,9.29626
2025-09-18 15:00:00,9.29619,9.31002,9.29619,9.3043
2025-09-18 15:30:00,9.30416,9.326,9.30416,9.32577
2025-09-18 16:00:00,9.3262,9.35249,9.32569,9.35133
2025-09-18 16:30:00,9.35118,9.39521,9.34869,9.38325
2025-09-18 17:00:00,9.38328,9.38718,9.35766,9.35863
2025-09-18 17:30:00,9.3579,9.36784,9.35161,9.35887
2025-09-18 18:00:00,9.35882,9.36086,9.34618,9.35224
2025-09-18 18:30:00,9.35244,9.37092,9.35218,9.36086
2025-09-18 19:00:00,9.36044,9.36932,9.35605,9.36592
2025-09-18 19:30:00,9.36593,9.37298,9.35743,9.35897
2025-09-18 20:00:00,9.359,9.35949,9.35133,9.35181
2025-09-18 20:30:00,9.35179,9.35619,9.35115,9.35521
2025-09-18 21:00:00,9.35524,9.3614,9.35475,9.35728
2025-09-18 21:30:00,9.35729,9.36377,9.35438,9.35492
2025-09-18 22:00:00,9.35493,9.35653,9.35136,9.35486
2025-09-18 22:30:00,9.35476,9.35749,9.35329,9.35329
2025-09-18 23:00:00,9.35326,9.35941,9.35313,9.35544
2025-09-18 23:30:00,9.35542,9.35777,9.34043,9.34044
2025-09-19 00:00:00,9.33556,9.33861,9.32647,9.33738
2025-09-19 00:30:00,9.33739,9.34643,9.33544,9.34065
2025-09-19 01:00:00,9.34126,9.34437,9.33621,9.34046
2025-09-19 01:30:00,9.34035,9.34793,9.33673,9.34549
2025-09-19 02:00:00,9.34535,9.34946,9.34189,9.34509
2025-09-19 02:30:00,9.3451,9.34519,9.34129,9.3447
2025-09-19 03:00:00,9.34472,9.35864,9.3434,9.3563
2025-09-19 03:30:00,9.35629,9.35638,9.34673,9.34884
2025-09-19 04:00:00,9.34885,9.36168,9.34852,9.35921
2025-09-19 04:30:00,9.35923,9.36377,9.35503,9.36289
2025-09-19 05:00:00,9.36316,9.36601,9.3612,9.36257
2025-09-19 05:30:00,9.36248,9.36455,9.35872,9.35994
2025-09-19 06:00:00,9.3599,9.35995,9.34773,9.34893
2025-09-19 06:30:00,9.34896,9.35762,9.34738,9.35703
2025-09-19 07:00:00,9.35706,9.36242,9.35049,9.36017
2025-09-19 07:30:00,9.36022,9.36757,9.36001,9.36386
2025-09-19 08:00:00,9.36384,9.36473,9.36163,9.36279
2025-09-19 08:30:00,9.36286,9.36764,9.36187,9.36629
2025-09-19 09:00:00,9.36628,9.38055,9.36577,9.37812
2025-09-19 09:30:00,9.37814,9.38613,9.37207,9.37918
2025-09-19 10:00:00,9.37912,9.38597,9.36647,9.36854
2025-09-19 10:30:00,9.36856,9.37799,9.36204,9.37787
2025-09-19 11:00:00,9.37734,9.3917,9.37647,9.3863
2025-09-19 11:30:00,9.38627,9.39071,9.37924,9.38971
2025-09-19 12:00:00,9.38974,9.39765,9.38625,9.39168
2025-09-19 12:30:00,9.39169,9.39961,9.39008,9.3955
2025-09-19 13:00:00,9.39561,9.39612,9.3849,9.38797
2025-09-19 13:30:00,9.388,9.39051,9.38379,9.38977
2025-09-19 14:00:00,9.38987,9.39675,9.38875,9.39613
2025-09-19 14:30:00,9.39613,9.43271,9.39606,9.42825
2025-09-19 15:00:00,9.42822,9.44828,9.42448,9.43913
2025-09-19 15:30:00,9.43939,9.44694,9.43753,9.4389
2025-09-19 16:00:00,9.43889,9.4393,9.40875,9.41267
2025-09-19 16:30:00,9.41266,9.41547,9.39591,9.40026
2025-09-19 17:00:00,9.40032,9.4022,9.39241,9.39717
2025-09-19 17:30:00,9.39719,9.40503,9.39344,9.40424
2025-09-19 18:00:00,9.40434,9.41598,9.40156,9.41581
2025-09-19 18:30:00,9.41577,9.41965,9.40631,9.40695
2025-09-19 19:00:00,9.40693,9.41897,9.40239,9.41603
2025-09-19 19:30:00,9.41602,9.41688,9.40376,9.40391
2025-09-19 20:00:00,9.40392,9.41295,9.40213,9.40936
2025-09-19 20:30:00,9.40939,9.41227,9.40745,9.4102
2025-09-19 21:00:00,9.41022,9.41495,9.40996,9.41387
2025-09-19 21:30:00,9.41388,9.41716,9.41106,9.41363
2025-09-19 22:00:00,9.41364,9.41466,9.41195,9.41441
2025-09-19 22:30:00,9.41439,9.41454,9.40752,9.40972
2025-09-19 23:00:00,9.40973,9.41619,9.40966,9.41211
2025-09-19 23:30:00,9.41217,9.4149,9.40462,9.40684
2025-09-22 00:00:00,9.38167,9.39293,9.37788,9.38024
2025-09-22 00:30:00,9.37976,9.40697,9.37308,9.39227
2025-09-22 01:00:00,9.39228,9.4099,9.38727,9.40769
2025-09-22 01:30:00,9.40776,9.40987,9.40288,9.40718
2025-09-22 02:00:00,9.40717,9.41408,9.40407,9.40834
2025-09-22 02:30:00,9.40829,9.41806,9.40604,9.41696
2025-09-22 03:00:00,9.41734,9.42672,9.41734,9.42086
2025-09-22 03:30:00,9.42087,9.43299,9.42087,9.42347
2025-09-22 04:00:00,9.42358,9.42358,9.41163,9.41608
2025-09-22 04:30:00,9.41613,9.42304,9.41517,9.42224
2025-09-22 05:00:00,9.42223,9.42555,9.41766,9.42279
2025-09-22 05:30:00,9.42285,9.42402,9.41775,9.4213
2025-09-22 06:00:00,9.42129,9.4221,9.41591,9.41842
2025-09-22 06:30:00,9.41842,9.41987,9.41401,9.41788
2025-09-22 07:00:00,9.4179,9.42202,9.41751,9.42167
2025-09-22 07:30:00,9.42163,9.42551,9.42122,9.42163
2025-09-22 08:00:00,9.4217,9.42303,9.41752,9.41842
2025-09-22 08:30:00,9.41843,9.422,9.41578,9.41671
2025-09-22 09:00:00,9.41755,9.42249,9.41252,9.41365
2025-09-22 09:30:00,9.41393,9.41499,9.40645,9.41447
2025-09-22 10:00:00,9.41421,9.41727,9.40401,9.40597
2025-09-22 10:30:00,9.40595,9.41066,9.40233,9.40452
2025-09-22 11:00:00,9.4045,9.40586,9.38602,9.39014
2025-09-22 11:30:00,9.39011,9.39394,9.38732,9.39042
2025-09-22 12:00:00,9.39032,9.39101,9.38213,9.38852
2025-09-22 12:30:00,9.38853,9.39811,9.38682,9.38712
2025-09-22 13:00:00,9.38713,9.39129,9.37194,9.37922
2025-09-22 13:30:00,9.37921,9.38514,9.37569,9.38278
2025-09-22 14:00:00,9.38295,9.39318,9.3828,9.38745
2025-09-22 14:30:00,9.38744,9.38744,9.37361,9.3752
2025-09-22 15:00:00,9.37519,9.3854,9.372,9.38223
2025-09-22 15:30:00,9.38215,9.38353,9.37213,9.38011
2025-09-22 16:00:00,9.37979,9.38946,9.37973,9.38234
2025-09-22 16:30:00,9.38228,9.39141,9.37763,9.37877
2025-09-22 17:00:00,9.37879,9.38477,9.37369,9.38277
2025-09-22 17:30:00,9.38277,9.38369,9.37264,9.37846
2025-09-22 18:00:00,9.37862,9.38277,9.37302,9.37543
2025-09-22 18:30:00,9.37535,9.37891,9.37371,9.37831
2025-09-22 19:00:00,9.37788,9.37992,9.36277,9.36574
2025-09-22 19:30:00,9.36568,9.3695,9.3649,9.36673
2025-09-22 20:00:00,9.36674,9.36856,9.36431,9.36485
2025-09-22 20:30:00,9.36489,9.36532,9.35729,9.35854
2025-09-22 21:00:00,9.35854,9.36102,9.35548,9.36024
2025-09-22 21:30:00,9.36023,9.36129,9.35308,9.35406
2025-09-22 22:00:00,9.35418,9.35743,9.35284,9.35633
2025-09-22 22:30:00,9.35641,9.3582,9.35557,9.35691
2025-09-22 23:00:00,9.3568,9.35818,9.35569,9.35569
2025-09-22 23:30:00,9.35568,9.3572,9.33089,9.33089
2025-09-23 00:00:00,9.3246,9.32462,9.30841,9.31139
2025-09-23 00:30:00,9.31744,9.35343,9.31139,9.34741
2025-09-23 01:00:00,9.34756,9.34809,9.33648,9.34443
2025-09-23 01:30:00,9.34462,9.34879,9.33867,9.34336
2025-09-23 02:00:00,9.34348,9.35558,9.33807,9.35173
2025-09-23 02:30:00,9.35175,9.35783,9.34969,9.35699
2025-09-23 03:00:00,9.35695,9.36031,9.3543,9.35466
2025-09-23 03:30:00,9.35467,9.35476,9.3465,9.3479
2025-09-23 04:00:00,9.34789,9.35003,9.34533,9.34801
2025-09-23 04:30:00,9.34803,9.34887,9.33735,9.34334
2025-09-23 05:00:00,9.34325,9.35205,9.34042,9.35178
2025-09-23 05:30:00,9.3518,9.35464,9.351,9.35236
2025-09-23 06:00:00,9.35252,9.35937,9.35227,9.35441
2025-09-23 06:30:00,9.35441,9.35478,9.35078,9.35209
2025-09-23 07:00:00,9.35207,9.35824,9.35036,9.35682
2025-09-23 07:30:00,9.35683,9.359,9.35439,9.35884
2025-09-23 08:00:00,9.35883,9.36181,9.35459,9.35471
2025-09-23 08:30:00,9.35472,9.36062,9.35224,9.36062
2025-09-23 09:00:00,9.36135,9.36625,9.35584,9.35976
2025-09-23 09:30:00,9.35974,9.36522,9.35463,9.36251
2025-09-23 10:00:00,9.3625,9.38193,9.3598,9.3598
2025-09-23 10:30:00,9.36132,9.38819,9.33712,9.36497
2025-09-23 11:00:00,9.36551,9.36551,9.34002,9.34353
2025-09-23 11:30:00,9.34387,9.34492,9.31989,9.32214
2025-09-23 12:00:00,9.32203,9.32465,9.3068,9.31047
2025-09-23 12:30:00,9.31048,9.31516,9.30853,9.31328
2025-09-23 13:00:00,9.31306,9.31792,9.30751,9.31762
2025-09-23 13:30:00,9.31769,9.31948,9.30474,9.30486
2025-09-23 14:00:00,9.30484,9.31153,9.29825,9.30907
2025-09-23 14:30:00,9.30908,9.3156,9.30718,9.31393
2025-09-23 15:00:00,9.31392,9.33235,9.31334,9.32723
2025-09-23 15:30:00,9.32722,9.33317,9.32143,9.32443
2025-09-23 16:00:00,9.3244,9.33005,9.31631,9.32744
2025-09-23 16:30:00,9.32708,9.346,9.32676,9.3321
2025-09-23 17:00:00,9.33206,9.34215,9.32594,9.335
2025-09-23 17:30:00,9.33501,9.34081,9.33154,9.33915
2025-09-23 18:00:00,9.33916,9.35009,9.33683,9.34897
2025-09-23 18:30:00,9.34898,9.35537,9.34792,9.35054
2025-09-23 19:00:00,9.35012,9.35503,9.33807,9.34066
2025-09-23 19:30:00,9.34067,9.34997,9.33095,9.33935
2025-09-23 20:00:00,9.33933,9.33942,9.32723,9.32916
2025-09-23 20:30:00,9.32914,9.3347,9.32354,9.33103
2025-09-23 21:00:00,9.33102,9.33633,9.32984,9.33123
2025-09-23 21:30:00,9.33125,9.33432,9.32401,9.3315
2025-09-23 22:00:00,9.33157,9.33443,9.32905,9.33012
2025-09-23 22:30:00,9.33012,9.33196,9.32278,9.32646
2025-09-23 23:00:00,9.32638,9.33297,9.3248,9.33087
2025-09-23 23:30:00,9.33095,9.33305,9.32342,9.32342
2025-09-24 00:00:00,9.31842,9.32267,9.31621,9.32196
2025-09-24 00:30:00,9.32233,9.32942,9.3199,9.32321
2025-09-24 01:00:00,9.32309,9.33438,9.31795,9.33175
2025-09-24 01:30:00,9.33172,9.33454,9.32972,9.33188
2025-09-24 02:00:00,9.33192,9.33693,9.32762,9.33018
2025-09-24 02:30:00,9.33005,9.33594,9.32986,9.3334
2025-09-24 03:00:00,9.33363,9.34,9.33272,9.33967
2025-09-24 03:30:00,9.33963,9.34346,9.33756,9.34154
2025-09-24 04:00:00,9.34153,9.34745,9.33998,9.34475
2025-09-24 04:30:00,9.34474,9.34509,9.33925,9.34369
2025-09-24 05:00:00,9.34365,9.34488,9.33956,9.34272
2025-09-24 05:30:00,9.3426,9.34514,9.34046,9.34419
2025-09-24 06:00:00,9.34415,9.34626,9.34213,9.34343
2025-09-24 06:30:00,9.34344,9.34487,9.34175,9.34403
2025-09-24 07:00:00,9.34401,9.34504,9.34154,9.34174
2025-09-24 07:30:00,9.3417,9.34643,9.34029,9.343
2025-09-24 08:00:00,9.34296,9.34627,9.3413,9.34265
2025-09-24 08:30:00,9.34266,9.3497,9.33836,9.33844
2025-09-24 09:00:00,9.33916,9.35833,9.33494,9.35586
2025-09-24 09:30:00,9.35587,9.36207,9.34955,9.35869
2025-09-24 10:00:00,9.35861,9.36915,9.35221,9.36665
2025-09-24 10:30:00,9.36666,9.37003,9.35795,9.36053
2025-09-24 11:00:00,9.36051,9.37256,9.3548,9.37234
2025-09-24 11:30:00,9.37235,9.3801,9.36814,9.37053
2025-09-24 12:00:00,9.37051,9.37702,9.36786,9.37474
2025-09-24 12:30:00,9.37475,9.37572,9.35361,9.36302
2025-09-24 13:00:00,9.36298,9.37545,9.3627,9.37257
2025-09-24 13:30:00,9.37255,9.38265,9.36492,9.37996
2025-09-24 14:00:00,9.37987,9.38833,9.37838,9.38699
2025-09-24 14:30:00,9.38699,9.39137,9.38089,9.38953
2025-09-24 15:00:00,9.38952,9.3921,9.38158,9.3874
2025-09-24 15:30:00,9.38742,9.40572,9.38742,9.40069
2025-09-24 16:00:00,9.40071,9.41185,9.39862,9.40961
2025-09-24 16:30:00,9.40969,9.41414,9.40275,9.40833
2025-09-24 17:00:00,9.40854,9.41979,9.40443,9.40719
2025-09-24 17:30:00,9.4072,9.41154,9.39461,9.40112
2025-09-24 18:00:00,9.40112,9.40843,9.39677,9.40525
2025-09-24 18:30:00,9.40521,9.40691,9.3968,9.4053
2025-09-24 19:00:00,9.40513,9.41269,9.40241,9.40984
2025-09-24 19:30:00,9.4098,9.41804,9.40432,9.41238
2025-09-24 20:00:00,9.41237,9.4136,9.39953,9.40546
2025-09-24 20:30:00,9.40544,9.41183,9.40352,9.4058
2025-09-24 21:00:00,9.40581,9.41257,9.40346,9.4062
2025-09-24 21:30:00,9.40618,9.41163,9.40397,9.40675
2025-09-24 22:00:00,9.40673,9.40804,9.40406,9.4068
2025-09-24 22:30:00,9.40679,9.40825,9.40155,9.40601
2025-09-24 23:00:00,9.406,9.40958,9.40191,9.40411
2025-09-24 23:30:00,9.40412,9.40653,9.39129,9.39129
2025-09-25 00:00:00,9.38678,9.39941,9.37189,9.39026
2025-09-25 00:30:00,9.38974,9.39959,9.3844,9.39814
2025-09-25 01:00:00,9.39856,9.40118,9.38301,9.40068
2025-09-25 01:30:00,9.40084,9.40292,9.38663,9.39888
2025-09-25 02:00:00,9.39873,9.40291,9.38378,9.39344
2025-09-25 02:30:00,9.39399,9.40286,9.39039,9.40286
2025-09-25 03:00:00,9.40292,9.40438,9.39245,9.39298
2025-09-25 03:30:00,9.39298,9.39695,9.38723,9.3895
2025-09-25 04:00:00,9.38894,9.40067,9.38579,9.39768
2025-09-25 04:30:00,9.3977,9.40019,9.39488,9.39557
2025-09-25 05:00:00,9.39552,9.39643,9.39088,9.39104
2025-09-25 05:30:00,9.39103,9.39126,9.3854,9.3862
2025-09-25 06:00:00,9.38618,9.38746,9.38065,9.3824
2025-09-25 06:30:00,9.38247,9.38294,9.37961,9.38021
2025-09-25 07:00:00,9.38022,9.38542,9.37958,9.38234
2025-09-25 07:30:00,9.38213,9.38444,9.3815,9.38352
2025-09-25 08:00:00,9.38351,9.39166,9.38324,9.39105
2025-09-25 08:30:00,9.39106,9.39734,9.39052,9.39501
2025-09-25 09:00:00,9.39496,9.40583,9.39044,9.39259
2025-09-25 09:30:00,9.39255,9.398,9.37996,9.38092
2025-09-25 10:00:00,9.38085,9.39801,9.38059,9.39388
2025-09-25 10:30:00,9.3938,9.4044,9.38704,9.39891
2025-09-25 11:00:00,9.39894,9.40138,9.38313,9.38899
2025-09-25 11:30:00,9.38897,9.39931,9.38712,9.38846
2025-09-25 12:00:00,9.38834,9.39128,9.38011,9.38774
2025-09-25 12:30:00,9.38772,9.4002,9.38503,9.38585
2025-09-25 13:00:00,9.38587,9.39493,9.38565,9.39458
2025-09-25 13:30:00,9.39457,9.4006,9.39229,9.40053
2025-09-25 14:00:00,9.40053,9.40903,9.40053,9.40578
2025-09-25 14:30:00,9.40575,9.41372,9.40507,9.40992
2025-09-25 15:00:00,9.40993,9.4178,9.39688,9.40802
2025-09-25 15:30:00,9.40616,9.46622,9.40256,9.45283
2025-09-25 16:00:00,9.45283,9.46037,9.43942,9.45009
2025-09-25 16:30:00,9.44999,9.46641,9.44205,9.46523
2025-09-25 17:00:00,9.46518,9.46993,9.45477,9.46286
2025-09-25 17:30:00,9.46268,9.47602,9.46242,9.47065
2025-09-25 18:00:00,9.47064,9.48034,9.46794,9.47556
2025-09-25 18:30:00,9.47555,9.4831,9.45975,9.46071
2025-09-25 19:00:00,9.46006,9.46037,9.43166,9.43577
2025-09-25 19:30:00,9.43578,9.456,9.43505,9.45502
2025-09-25 20:00:00,9.45504,9.47204,9.45167,9.47129
2025-09-25 20:30:00,9.47132,9.47364,9.46465,9.47084
2025-09-25 21:00:00,9.47075,9.48452,9.46757,9.47638
2025-09-25 21:30:00,9.47712,9.48041,9.47098,9.47634
2025-09-25 22:00:00,9.47636,9.47638,9.46793,9.4692
2025-09-25 22:30:00,9.46925,9.47263,9.46634,9.46718
2025-09-25 23:00:00,9.46696,9.4693,9.46395,9.46406
2025-09-25 23:30:00,9.46405,9.46405,9.4551,9.4551
2025-09-26 00:00:00,9.4449,9.44751,9.42712,9.44358
2025-09-26 00:30:00,9.44415,9.45623,9.44047,9.44646
2025-09-26 01:00:00,9.44768,9.4604,9.4448,9.44945
2025-09-26 01:30:00,9.44946,9.46147,9.44022,9.45546
2025-09-26 02:00:00,9.45539,9.46588,9.43225,9.46077
2025-09-26 02:30:00,9.46103,9.46378,9.4588,9.46257
2025-09-26 03:00:00,9.46247,9.46641,9.4588,9.45905
2025-09-26 03:30:00,9.45906,9.46026,9.45252,9.45255
2025-09-26 04:00:00,9.45248,9.45829,9.45117,9.45609
2025-09-26 04:30:00,9.45596,9.46261,9.45375,9.46086
2025-09-26 05:00:00,9.4608,9.46122,9.45176,9.4519
2025-09-26 05:30:00,9.45194,9.45288,9.44914,9.45196
2025-09-26 06:00:00,9.45199,9.45437,9.45167,9.45262
2025-09-26 06:30:00,9.4526,9.45398,9.45114,9.45213
2025-09-26 07:00:00,9.45215,9.45513,9.44793,9.45338
2025-09-26 07:30:00,9.45344,9.45387,9.44991,9.45025
2025-09-26 08:00:00,9.45028,9.453,9.4459,9.44873
2025-09-26 08:30:00,9.4487,9.45176,9.44561,9.44922
2025-09-26 09:00:00,9.44992,9.45333,9.44521,9.451
2025-09-26 09:30:00,9.451,9.45263,9.444,9.44472
2025-09-26 10:00:00,9.44477,9.45236,9.43818,9.4394
2025-09-26 10:30:00,9.43937,9.46223,9.43146,9.45191
2025-09-26 11:00:00,9.4519,9.45753,9.44538,9.45222
2025-09-26 11:30:00,9.45227,9.46138,9.44572,9.45644
2025-09-26 12:00:00,9.4563,9.47133,9.4563,9.46405
2025-09-26 12:30:00,9.46458,9.4711,9.46045,9.46861
2025-09-26 13:00:00,9.46888,9.472,9.46403,9.47153
2025-09-26 13:30:00,9.47154,9.47472,9.46676,9.47251
2025-09-26 14:00:00,9.4725,9.4726,9.46165,9.46393
2025-09-26 14:30:00,9.46396,9.46417,9.45313,9.46172
2025-09-26 15:00:00,9.46171,9.46395,9.44299,9.44529
2025-09-26 15:30:00,9.44537,9.45203,9.43465,9.44003
2025-09-26 16:00:00,9.43946,9.44657,9.4272,9.44456
2025-09-26 16:30:00,9.44449,9.44861,9.43475,9.44014
2025-09-26 17:00:00,9.44,9.44,9.42306,9.43042
2025-09-26 17:30:00,9.43082,9.43167,9.41434,9.42672
2025-09-26 18:00:00,9.42671,9.4328,9.42128,9.42206
2025-09-26 18:30:00,9.42211,9.42557,9.41573,9.41939
2025-09-26 19:00:00,9.41918,9.42158,9.40968,9.4114
2025-09-26 19:30:00,9.41141,9.415,9.40745,9.41396
2025-09-26 20:00:00,9.41401,9.41464,9.40886,9.40973
2025-09-26 20:30:00,9.40972,9.40972,9.40571,9.40737
2025-09-26 21:00:00,9.40734,9.4099,9.40561,9.40672
2025-09-26 21:30:00,9.4067,9.41308,9.40184,9.4033
2025-09-26 22:00:00,9.40329,9.40751,9.39966,9.40722
2025-09-26 22:30:00,9.4072,9.4085,9.39949,9.39961
2025-09-26 23:00:00,9.39959,9.40449,9.39943,9.40337
2025-09-26 23:30:00,9.4033,9.40774,9.39934,9.40023
2025-09-29 00:00:00,9.39341,9.40878,9.39338,9.40346
2025-09-29 00:30:00,9.40343,9.40834,9.39551,9.40502
2025-09-29 01:00:00,9.40511,9.42203,9.40302,9.41804
2025-09-29 01:30:00,9.41805,9.41989,9.41157,9.41165
2025-09-29 02:00:00,9.4122,9.41301,9.40143,9.4111
2025-09-29 02:30:00,9.41079,9.41221,9.40183,9.40469
2025-09-29 03:00:00,9.40476,9.40523,9.39241,9.39593
2025-09-29 03:30:00,9.3958,9.39787,9.39287,9.39437
2025-09-29 04:00:00,9.39432,9.40086,9.39378,9.39474
2025-09-29 04:30:00,9.39472,9.39601,9.38895,9.39205
2025-09-29 05:00:00,9.39205,9.39247,9.38706,9.38937
2025-09-29 05:30:00,9.38938,9.38962,9.38296,9.38498
2025-09-29 06:00:00,9.38499,9.38539,9.38228,9.38263
2025-09-29 06:30:00,9.38277,9.386,9.38217,9.38588
2025-09-29 07:00:00,9.38589,9.38772,9.3843,9.38531
2025-09-29 07:30:00,9.38529,9.38547,9.37634,9.38136
2025-09-29 08:00:00,9.38137,9.38165,9.37417,9.38078
2025-09-29 08:30:00,9.38072,9.38238,9.37659,9.37857
2025-09-29 09:00:00,9.3789,9.38352,9.37774,9.38024
2025-09-29 09:30:00,9.38022,9.38702,9.37727,9.38606
2025-09-29 10:00:00,9.38616,9.39279,9.37826,9.38152
2025-09-29 10:30:00,9.38156,9.39126,9.37932,9.38647
2025-09-29 11:00:00,9.38657,9.39757,9.37828,9.39201
2025-09-29 11:30:00,9.39229,9.39325,9.38698,9.38822
2025-09-29 12:00:00,9.38817,9.3913,9.38199,9.38311
2025-09-29 12:30:00,9.38308,9.39621,9.38301,9.39569
2025-09-29 13:00:00,9.39584,9.4038,9.39399,9.40089
2025-09-29 13:30:00,9.4009,9.41246,9.40068,9.41185
2025-09-29 14:00:00,9.41192,9.42405,9.41031,9.42273
2025-09-29 14:30:00,9.4229,9.42313,9.39869,9.40159
2025-09-29 15:00:00,9.40157,9.41608,9.39829,9.41385
2025-09-29 15:30:00,9.41376,9.41862,9.39687,9.39801
2025-09-29 16:00:00,9.39828,9.41519,9.39747,9.40825
2025-09-29 16:30:00,9.40824,9.41522,9.39936,9.41522
2025-09-29 17:00:00,9.41552,9.42206,9.41332,9.4176
2025-09-29 17:30:00,9.41755,9.42422,9.41209,9.41692
2025-09-29 18:00:00,9.41679,9.42212,9.40862,9.41042
2025-09-29 18:30:00,9.41045,9.41811,9.41039,9.41794
2025-09-29 19:00:00,9.41769,9.42111,9.41257,9.41756
2025-09-29 19:30:00,9.41757,9.42137,9.41544,9.41691
2025-09-29 20:00:00,9.41694,9.42432,9.41402,9.42383
2025-09-29 20:30:00,9.42382,9.42502,9.41752,9.42209
2025-09-29 21:00:00,9.42203,9.42352,9.41455,9.41528
2025-09-29 21:30:00,9.41529,9.41745,9.40987,9.41396
2025-09-29 22:00:00,9.41367,9.4178,9.41271,9.4147
2025-09-29 22:30:00,9.41471,9.4181,9.41392,9.41641
2025-09-29 23:00:00,9.41653,9.42805,9.41558,9.42735
2025-09-29 23:30:00,9.42731,9.42858,9.41202,9.41202
2025-09-30 00:00:00,9.41167,9.41167,9.39859,9.40716
2025-09-30 00:30:00,9.40715,9.41805,9.4041,9.41144
2025-09-30 01:00:00,9.41254,9.42092,9.41254,9.41966
2025-09-30 01:30:00,9.41974,9.42211,9.4176,9.42009
2025-09-30 02:00:00,9.41975,9.42302,9.4172,9.41766
2025-09-30 02:30:00,9.41749,9.41828,9.41664,9.41762
2025-09-30 03:00:00,9.41763,9.42221,9.41631,9.42067
2025-09-30 03:30:00,9.4207,9.4323,9.4207,9.42482
2025-09-30 04:00:00,9.42469,9.4256,9.41912,9.42079
2025-09-30 04:30:00,9.4208,9.42718,9.41774,9.42664
2025-09-30 05:00:00,9.42663,9.42838,9.41775,9.42036
2025-09-30 05:30:00,9.42041,9.42302,9.41872,9.42158
2025-09-30 06:00:00,9.4216,9.42312,9.4178,9.41817
2025-09-30 06:30:00,9.41818,9.41935,9.41552,9.41703
2025-09-30 07:00:00,9.41696,9.42146,9.41587,9.42066
2025-09-30 07:30:00,9.42058,9.42346,9.41656,9.4166
2025-09-30 08:00:00,9.41666,9.41687,9.41292,9.41616
2025-09-30 08:30:00,9.41628,9.41787,9.41346,9.41599
2025-09-30 09:00:00,9.41585,9.4195,9.4042,9.4051
2025-09-30 09:30:00,9.4052,9.40686,9.39519,9.40356
2025-09-30 10:00:00,9.40377,9.41064,9.40207,9.40963
2025-09-30 10:30:00,9.40965,9.42533,9.40731,9.41641
2025-09-30 11:00:00,9.41616,9.41616,9.3994,9.40931
2025-09-30 11:30:00,9.4093,9.4137,9.39853,9.41241
2025-09-30 12:00:00,9.41237,9.4245,9.41203,9.42238
2025-09-30 12:30:00,9.42242,9.42638,9.42129,9.42221
2025-09-30 13:00:00,9.42213,9.42617,9.41536,9.4236
2025-09-30 13:30:00,9.42358,9.43007,9.41793,9.41897
2025-09-30 14:00:00,9.41896,9.42396,9.41631,9.41805
2025-09-30 14:30:00,9.41804,9.4202,9.41169,9.41218
2025-09-30 15:00:00,9.41193,9.41632,9.40503,9.40808
2025-09-30 15:30:00,9.4081,9.41339,9.40617,9.40897
2025-09-30 16:00:00,9.40896,9.4246,9.40779,9.42032
2025-09-30 16:30:00,9.42028,9.4206,9.40447,9.41468
2025-09-30 17:00:00,9.41463,9.42183,9.40256,9.41277
2025-09-30 17:30:00,9.41276,9.41429,9.39612,9.40437
2025-09-30 18:00:00,9.40445,9.42134,9.40285,9.42131
2025-09-30 18:30:00,9.4221,9.42262,9.41231,9.41267
2025-09-30 19:00:00,9.41202,9.41229,9.40315,9.40378
2025-09-30 19:30:00,9.40371,9.40567,9.38896,9.39127
2025-09-30 20:00:00,9.39125,9.39213,9.38734,9.38962
2025-09-30 20:30:00,9.38961,9.39681,9.38847,9.39494
2025-09-30 21:00:00,9.39493,9.4098,9.39473,9.40841
2025-09-30 21:30:00,9.40841,9.41546,9.40677,9.40711
2025-09-30 22:00:00,9.40708,9.41244,9.40513,9.41012
2025-09-30 22:30:00,9.41007,9.41599,9.40984,9.41369
2025-09-30 23:00:00,9.41365,9.41582,9.40803,9.41407
2025-09-30 23:30:00,9.41397,9.41397,9.40687,9.40687
2025-10-01 00:00:00,9.40368,9.40853,9.39334,9.4055
2025-10-01 00:30:00,9.40548,9.41549,9.40139,9.40922
2025-10-01 01:00:00,9.409,9.41189,9.40279,9.41089
2025-10-01 01:30:00,9.41072,9.41697,9.40987,9.41365
2025-10-01 02:00:00,9.41362,9.41972,9.40438,9.41289
2025-10-01 02:30:00,9.41288,9.4172,9.41287,9.41649
2025-10-01 03:00:00,9.41656,9.42079,9.41355,9.41614
2025-10-01 03:30:00,9.41609,9.4189,9.41417,9.4152
2025-10-01 04:00:00,9.41522,9.42188,9.41438,9.41515
2025-10-01 04:30:00,9.41514,9.42163,9.41487,9.41828
2025-10-01 05:00:00,9.41827,9.42306,9.41615,9.42276
2025-10-01 05:30:00,9.42275,9.42474,9.4192,9.41973
2025-10-01 06:00:00,9.41967,9.42112,9.41866,9.42015
2025-10-01 06:30:00,9.42022,9.42222,9.41842,9.41925
2025-10-01 07:00:00,9.41926,9.41926,9.41238,9.41238
2025-10-01 07:30:00,9.41243,9.41243,9.40102,9.40146
2025-10-01 08:00:00,9.40145,9.40411,9.39382,9.40408
2025-10-01 08:30:00,9.4041,9.4085,9.40273,9.40834
2025-10-01 09:00:00,9.4092,9.40935,9.39973,9.40069
2025-10-01 09:30:00,9.40073,9.40253,9.38466,9.39561
2025-10-01 10:00:00,9.39566,9.39573,9.36794,9.38735
2025-10-01 10:30:00,9.38767,9.39572,9.38153,9.3839
2025-10-01 11:00:00,9.38371,9.38818,9.37004,9.38592
2025-10-01 11:30:00,9.3859,9.39191,9.37893,9.38823
2025-10-01 12:00:00,9.38814,9.40256,9.38778,9.40096
2025-10-01 12:30:00,9.40095,9.41129,9.39816,9.41011
2025-10-01 13:00:00,9.41011,9.42021,9.40769,9.41936
2025-10-01 13:30:00,9.41948,9.42069,9.40339,9.40736
2025-10-01 14:00:00,9.40727,9.40727,9.39982,9.40101
2025-10-01 14:30:00,9.401,9.4041,9.39535,9.40228
2025-10-01 15:00:00,9.40215,9.41315,9.37255,9.39054
2025-10-01 15:30:00,9.39053,9.40025,9.37907,9.39491
2025-10-01 16:00:00,9.39487,9.39699,9.37786,9.38542
2025-10-01 16:30:00,9.38562,9.38562,9.36989,9.37249
2025-10-01 17:00:00,9.37257,9.38063,9.36302,9.36404
2025-10-01 17:30:00,9.36399,9.37434,9.35163,9.36261
2025-10-01 18:00:00,9.36306,9.38836,9.36127,9.38118
2025-10-01 18:30:00,9.38112,9.38278,9.36988,9.38246
2025-10-01 19:00:00,9.38254,9.38883,9.37956,9.38463
2025-10-01 19:30:00,9.38464,9.39342,9.37927,9.37931
2025-10-01 20:00:00,9.37905,9.37912,9.372,9.37359
2025-10-01 20:30:00,9.37363,9.38008,9.37358,9.37741
2025-10-01 21:00:00,9.37751,9.38097,9.36684,9.36694
2025-10-01 21:30:00,9.36694,9.37133,9.36309,9.36971
2025-10-01 22:00:00,9.36962,9.37457,9.36712,9.37316
2025-10-01 22:30:00,9.37316,9.37579,9.37095,9.37506
2025-10-01 23:00:00,9.37502,9.38356,9.37493,9.38123
2025-10-01 23:30:00,9.38165,9.38226,9.36368,9.36627
2025-10-02 00:00:00,9.36629,9.37675,9.36022,9.37527
2025-10-02 00:30:00,9.37472,9.37756,9.36791,9.37016
2025-10-02 01:00:00,9.36815,9.37636,9.36815,9.37486
2025-10-02 01:30:00,9.37493,9.37679,9.37225,9.37448
2025-10-02 02:00:00,9.37448,9.37686,9.37162,9.37585
2025-10-02 02:30:00,9.3762,9.37782,9.37066,9.374
2025-10-02 03:00:00,9.37423,9.38886,9.3742,9.3872
2025-10-02 03:30:00,9.38718,9.38941,9.38096,9.38192
2025-10-02 04:00:00,9.38191,9.38353,9.36828,9.37131
2025-10-02 04:30:00,9.3713,9.37135,9.36519,9.36709
2025-10-02 05:00:00,9.36693,9.36911,9.36279,9.36687
2025-10-02 05:30:00,9.36688,9.36939,9.36615,9.36914
2025-10-02 06:00:00,9.36914,9.37112,9.36802,9.36968
2025-10-02 06:30:00,9.36969,9.37371,9.36951,9.37088
2025-10-02 07:00:00,9.37089,9.37266,9.37007,9.37083
2025-10-02 07:30:00,9.37085,9.37443,9.37045,9.37098
2025-10-02 08:00:00,9.37097,9.3763,9.36602,9.37489
2025-10-02 08:30:00,9.37491,9.3766,9.36855,9.36948
2025-10-02 09:00:00,9.37029,9.37029,9.3556,9.3661
2025-10-02 09:30:00,9.36561,9.36661,9.35522,9.35949
2025-10-02 10:00:00,9.35933,9.3612,9.34222,9.35216
2025-10-02 10:30:00,9.35217,9.35241,9.33935,9.34876
2025-10-02 11:00:00,9.34869,9.3543,9.34555,9.35142
2025-10-02 11:30:00,9.35142,9.36021,9.34758,9.35139
2025-10-02 12:00:00,9.35109,9.35539,9.34643,9.35371
2025-10-02 12:30:00,9.35366,9.35631,9.3476,9.3486
2025-10-02 13:00:00,9.34895,9.35551,9.34519,9.34936
2025-10-02 13:30:00,9.34939,9.35639,9.34686,9.3511
2025-10-02 14:00:00,9.35109,9.36194,9.34751,9.36103
2025-10-02 14:30:00,9.36104,9.36386,9.35517,9.36099
2025-10-02 15:00:00,9.361,9.36607,9.35645,9.36483
2025-10-02 15:30:00,9.36505,9.38253,9.36049,9.37812
2025-10-02 16:00:00,9.37813,9.37986,9.37247,9.37575
2025-10-02 16:30:00,9.37585,9.40111,9.37281,9.39866
2025-10-02 17:00:00,9.39868,9.41762,9.39868,9.40924
2025-10-02 17:30:00,9.40928,9.42725,9.40789,9.41769
2025-10-02 18:00:00,9.41784,9.43883,9.41715,9.43588
2025-10-02 18:30:00,9.43589,9.44622,9.43066,9.43151
2025-10-02 19:00:00,9.43162,9.43322,9.41866,9.42219
2025-10-02 19:30:00,9.4222,9.4229,9.41262,9.41277
2025-10-02 20:00:00,9.41276,9.41686,9.39786,9.40481
2025-10-02 20:30:00,9.40498,9.41202,9.40498,9.41181
2025-10-02 21:00:00,9.41182,9.41266,9.40361,9.4043
2025-10-02 21:30:00,9.40431,9.40703,9.40055,9.40089
2025-10-02 22:00:00,9.40131,9.40136,9.39616,9.39984
2025-10-02 22:30:00,9.39982,9.40587,9.39982,9.40489
2025-10-02 23:00:00,9.4049,9.4079,9.39663,9.40608
2025-10-02 23:30:00,9.40609,9.40768,9.39305,9.39305
2025-10-03 00:00:00,9.3905,9.39801,9.38348,9.39443
2025-10-03 00:30:00,9.39473,9.40229,9.39304,9.4011
2025-10-03 01:00:00,9.40136,9.40542,9.3941,9.39916
2025-10-03 01:30:00,9.39911,9.40199,9.39521,9.39696
2025-10-03 02:00:00,9.39738,9.39869,9.39488,9.39595
2025-10-03 02:30:00,9.39546,9.39901,9.39074,9.39558
2025-10-03 03:00:00,9.39559,9.40469,9.3951,9.40366
2025-10-03 03:30:00,9.40371,9.40772,9.39984,9.40005
2025-10-03 04:00:00,9.40002,9.40649,9.39164,9.40462
2025-10-03 04:30:00,9.40463,9.40608,9.39222,9.39362
2025-10-03 05:00:00,9.39347,9.40285,9.39312,9.40246
2025-10-03 05:30:00,9.40246,9.40679,9.40124,9.40358
2025-10-03 06:00:00,9.40359,9.40785,9.40359,9.40669
2025-10-03 06:30:00,9.40668,9.40687,9.39815,9.39918
2025-10-03 07:00:00,9.39919,9.40214,9.39572,9.40207
2025-10-03 07:30:00,9.40206,9.40623,9.4018,9.40622
2025-10-03 08:00:00,9.40623,9.41157,9.39921,9.41097
2025-10-03 08:30:00,9.41094,9.41379,9.40657,9.40703
2025-10-03 09:00:00,9.40709,9.41241,9.39899,9.40479
2025-10-03 09:30:00,9.40485,9.41316,9.39824,9.41096
2025-10-03 10:00:00,9.41052,9.41052,9.3986,9.3995
2025-10-03 10:30:00,9.39951,9.39964,9.38016,9.38016
2025-10-03 11:00:00,9.37977,9.39257,9.37977,9.38475
2025-10-03 11:30:00,9.38474,9.38621,9.37469,9.37638
2025-10-03 12:00:00,9.37666,9.38898,9.37651,9.37743
2025-10-03 12:30:00,9.37744,9.3826,9.37504,9.38033
2025-10-03 13:00:00,9.38021,9.38515,9.37816,9.3789
2025-10-03 13:30:00,9.37904,9.38128,9.37573,9.38022
2025-10-03 14:00:00,9.38024,9.3909,9.37899,9.38055
2025-10-03 14:30:00,9.38054,9.38457,9.37032,9.37528
2025-10-03 15:00:00,9.37524,9.37957,9.36998,9.37486
2025-10-03 15:30:00,9.3745,9.38542,9.36929,9.37335
2025-10-03 16:00:00,9.37337,9.37998,9.36828,9.37368
2025-10-03 16:30:00,9.37374,9.3775,9.36494,9.36711
2025-10-03 17:00:00,9.36311,9.36931,9.3483,9.36768
2025-10-03 17:30:00,9.36766,9.37459,9.35871,9.36566
2025-10-03 18:00:00,9.36568,9.36968,9.35767,9.36306
2025-10-03 18:30:00,9.3631,9.3641,9.34973,9.35154
2025-10-03 19:00:00,9.35117,9.36548,9.34988,9.36478
2025-10-03 19:30:00,9.36477,9.3705,9.36324,9.36324
2025-10-03 20:00:00,9.36322,9.36424,9.35805,9.36039
2025-10-03 20:30:00,9.36037,9.36914,9.35695,9.3677
2025-10-03 21:00:00,9.36769,9.37465,9.3655,9.36563
2025-10-03 21:30:00,9.3656,9.36611,9.35994,9.36109
2025-10-03 22:00:00,9.36125,9.36283,9.35826,9.36097
2025-10-03 22:30:00,9.36094,9.3659,9.35947,9.36439
2025-10-03 23:00:00,9.36438,9.36887,9.35952,9.36709
2025-10-03 23:30:00,9.36706,9.37332,9.36111,9.3701
2025-10-06 00:00:00,9.35904,9.36433,9.35241,9.36094
2025-10-06 00:30:00,9.36096,9.37286,9.35572,9.3652
2025-10-06 01:00:00,9.3659,9.39125,9.3603,9.38739
2025-10-06 01:30:00,9.38743,9.3918,9.38604,9.389
2025-10-06 02:00:00,9.38928,9.39771,9.38194,9.38857
2025-10-06 02:30:00,9.38858,9.3912,9.38124,9.38589
2025-10-06 03:00:00,9.38592,9.3903,9.38112,9.38856
2025-10-06 03:30:00,9.38855,9.39192,9.38645,9.38739
2025-10-06 04:00:00,9.38735,9.38996,9.38268,9.38843
2025-10-06 04:30:00,9.38849,9.38856,9.37787,9.37863
2025-10-06 05:00:00,9.37862,9.37878,9.37415,9.37465
2025-10-06 05:30:00,9.37462,9.37711,9.37333,9.37625
2025-10-06 06:00:00,9.37628,9.37678,9.37428,9.37524
2025-10-06 06:30:00,9.37522,9.38119,9.37387,9.38036
2025-10-06 07:00:00,9.38037,9.38758,9.37908,9.38164
2025-10-06 07:30:00,9.38165,9.38816,9.38064,9.38784
2025-10-06 08:00:00,9.38783,9.38816,9.3793,9.38411
2025-10-06 08:30:00,9.38412,9.38989,9.38375,9.38627
2025-10-06 09:00:00,9.38641,9.39606,9.38189,9.38857
2025-10-06 09:30:00,9.38855,9.39755,9.38521,9.39654
2025-10-06 10:00:00,9.3966,9.39822,9.38075,9.38139
2025-10-06 10:30:00,9.3814,9.41513,9.37565,9.40942
2025-10-06 11:00:00,9.40921,9.41701,9.40175,9.40512
2025-10-06 11:30:00,9.40516,9.41056,9.3943,9.4073
2025-10-06 12:00:00,9.40727,9.41953,9.40703,9.41588
2025-10-06 12:30:00,9.41589,9.42194,9.41202,9.41317
2025-10-06 13:00:00,9.41328,9.4275,9.41328,9.42175
2025-10-06 13:30:00,9.42167,9.42695,9.42028,9.42104
2025-10-06 14:00:00,9.42105,9.42786,9.41108,9.41185
2025-10-06 14:30:00,9.41188,9.41457,9.40514,9.40989
2025-10-06 15:00:00,9.41005,9.41388,9.40321,9.40823
2025-10-06 15:30:00,9.40825,9.40834,9.39809,9.39853
2025-10-06 16:00:00,9.39851,9.40183,9.39327,9.4003
2025-10-06 16:30:00,9.40027,9.40453,9.39144,9.39514
2025-10-06 17:00:00,9.39514,9.39809,9.38784,9.39193
2025-10-06 17:30:00,9.3919,9.39458,9.3747,9.37616
2025-10-06 18:00:00,9.37609,9.38349,9.37272,9.38348
2025-10-06 18:30:00,9.38346,9.38937,9.37955,9.37982
2025-10-06 19:00:00,9.37933,9.38423,9.3762,9.38405
2025-10-06 19:30:00,9.38408,9.38648,9.37763,9.37785
2025-10-06 20:00:00,9.37783,9.38149,9.37485,9.37759
2025-10-06 20:30:00,9.3776,9.38072,9.37247,9.37695
2025-10-06 21:00:00,9.37696,9.37787,9.37406,9.37627
2025-10-06 21:30:00,9.37631,9.37972,9.37511,9.37971
2025-10-06 22:00:00,9.37969,9.38072,9.37628,9.37703
2025-10-06 22:30:00,9.37704,9.37938,9.37429,9.37924
2025-10-06 23:00:00,9.3794,9.38014,9.3761,9.37953
2025-10-06 23:30:00,9.3795,9.38116,9.36702,9.36808
2025-10-07 00:00:00,9.36717,9.37381,9.35928,9.37203
2025-10-07 00:30:00,9.37206,9.37634,9.36964,9.37343
2025-10-07 01:00:00,9.37354,9.3764,9.36819,9.37585
2025-10-07 01:30:00,9.37589,9.38363,9.37113,9.37373
2025-10-07 02:00:00,9.37398,9.38594,9.37178,9.37376
2025-10-07 02:30:00,9.37377,9.38309,9.36942,9.37658
2025-10-07 03:00:00,9.37674,9.38149,9.37505,9.38088
2025-10-07 03:30:00,9.38087,9.38435,9.37901,9.38068
2025-10-07 04:00:00,9.3807,9.38571,9.37695,9.38042
2025-10-07 04:30:00,9.3804,9.3892,9.38004,9.38658
2025-10-07 05:00:00,9.38657,9.38657,9.37754,9.37792
2025-10-07 05:30:00,9.37791,9.38136,9.37621,9.38123
2025-10-07 06:00:00,9.38124,9.3828,9.37516,9.37758
2025-10-07 06:30:00,9.3775,9.3795,9.37543,9.37851
2025-10-07 07:00:00,9.3785,9.37985,9.37606,9.37932
2025-10-07 07:30:00,9.3793,9.38981,9.37669,9.38548
2025-10-07 08:00:00,9.38551,9.39682,9.38433,9.39532
2025-10-07 08:30:00,9.39531,9.39739,9.39175,9.39392
2025-10-07 09:00:00,9.39392,9.40097,9.39201,9.39568
2025-10-07 09:30:00,9.39564,9.39574,9.38258,9.38533
2025-10-07 10:00:00,9.38545,9.39376,9.38192,9.38594
2025-10-07 10:30:00,9.38587,9.39441,9.38551,9.38685
2025-10-07 11:00:00,9.38681,9.38753,9.37507,9.38169
2025-10-07 11:30:00,9.3817,9.38289,9.3743,9.3798
2025-10-07 12:00:00,9.37958,9.39107,9.3764,9.38837
2025-10-07 12:30:00,9.38833,9.39202,9.38279,9.38279
2025-10-07 13:00:00,9.38273,9.38725,9.37598,9.37713
2025-10-07 13:30:00,9.37714,9.37714,9.36923,9.37225
2025-10-07 14:00:00,9.3723,9.38782,9.37149,9.38736
2025-10-07 14:30:00,9.38735,9.39796,9.38607,9.38956
2025-10-07 15:00:00,9.38957,9.39936,9.38296,9.39252
2025-10-07 15:30:00,9.39259,9.3938,9.38512,9.38635
2025-10-07 16:00:00,9.38627,9.39389,9.38447,9.39179
2025-10-07 16:30:00,9.3918,9.39812,9.38648,9.39495
2025-10-07 17:00:00,9.39501,9.40495,9.39501,9.40479
2025-10-07 17:30:00,9.40475,9.40982,9.40133,9.40302
2025-10-07 18:00:00,9.40279,9.40354,9.38496,9.38673
2025-10-07 18:30:00,9.38672,9.39325,9.38172,9.39322
2025-10-07 19:00:00,9.39287,9.39402,9.38381,9.38554
2025-10-07 19:30:00,9.38556,9.39436,9.38399,9.39316
2025-10-07 20:00:00,9.39313,9.39406,9.38542,9.39345
2025-10-07 20:30:00,9.39349,9.39923,9.38702,9.39832
2025-10-07 21:00:00,9.39834,9.39978,9.39274,9.39868
2025-10-07 21:30:00,9.39867,9.40771,9.39864,9.40665
2025-10-07 22:00:00,9.40663,9.4125,9.40608,9.41116
2025-10-07 22:30:00,9.41115,9.41514,9.40862,9.41161
2025-10-07 23:00:00,9.41161,9.41386,9.40858,9.40913
2025-10-07 23:30:00,9.40912,9.40912,9.39167,9.39167
2025-10-08 00:00:00,9.39078,9.3946,9.37781,9.38792
2025-10-08 00:30:00,9.3882,9.39857,9.38714,9.39506
2025-10-08 01:00:00,9.39481,9.40929,9.39235,9.40025
2025-10-08 01:30:00,9.40022,9.40194,9.39938,9.40029
2025-10-08 02:00:00,9.40023,9.40732,9.39956,9.4071
2025-10-08 02:30:00,9.40708,9.40836,9.4001,9.40096
2025-10-08 03:00:00,9.40095,9.41168,9.40053,9.41087
2025-10-08 03:30:00,9.41078,9.41242,9.40853,9.41156
2025-10-08 04:00:00,9.4115,9.42759,9.4115,9.42638
2025-10-08 04:30:00,9.42617,9.43096,9.42616,9.42958
2025-10-08 05:00:00,9.42955,9.43264,9.42531,9.42841
2025-10-08 05:30:00,9.42854,9.4394,9.42769,9.43842
2025-10-08 06:00:00,9.43883,9.44454,9.43821,9.44103
2025-10-08 06:30:00,9.44102,9.44198,9.43802,9.43849
2025-10-08 07:00:00,9.43848,9.44182,9.43683,9.43916
2025-10-08 07:30:00,9.43914,9.44226,9.43833,9.44021
2025-10-08 08:00:00,9.44027,9.4438,9.43823,9.441
2025-10-08 08:30:00,9.44099,9.44584,9.43809,9.44204
2025-10-08 09:00:00,9.44216,9.45522,9.4378,9.45022
2025-10-08 09:30:00,9.4502,9.45228,9.4421,9.44279
2025-10-08 10:00:00,9.44282,9.44867,9.43474,9.44081
2025-10-08 10:30:00,9.4408,9.44255,9.42362,9.43136
2025-10-08 11:00:00,9.43126,9.43305,9.42242,9.42976
2025-10-08 11:30:00,9.42978,9.43371,9.4199,9.42826
2025-10-08 12:00:00,9.42798,9.43137,9.42121,9.42377
2025-10-08 12:30:00,9.42378,9.43677,9.42322,9.43281
2025-10-08 13:00:00,9.43289,9.43781,9.42238,9.42412
2025-10-08 13:30:00,9.42404,9.42569,9.41461,9.4173
2025-10-08 14:00:00,9.41729,9.42623,9.41659,9.42389
2025-10-08 14:30:00,9.42388,9.43034,9.42119,9.4289
2025-10-08 15:00:00,9.42888,9.43066,9.41897,9.42223
2025-10-08 15:30:00,9.42221,9.43012,9.4204,9.42221
2025-10-08 16:00:00,9.42197,9.42911,9.4128,9.42816
2025-10-08 16:30:00,9.42813,9.43119,9.41931,9.42717
2025-10-08 17:00:00,9.42715,9.43046,9.41615,9.4195
2025-10-08 17:30:00,9.41951,9.42995,9.41612,9.42413
2025-10-08 18:00:00,9.42416,9.4325,9.42139,9.43067
2025-10-08 18:30:00,9.43065,9.45095,9.42866,9.44515
2025-10-08 19:00:00,9.44462,9.45886,9.443,9.45848
2025-10-08 19:30:00,9.45765,9.46237,9.4512,9.45129
2025-10-08 20:00:00,9.45128,9.45904,9.44982,9.45047
2025-10-08 20:30:00,9.4505,9.45252,9.44431,9.44431
2025-10-08 21:00:00,9.44454,9.45489,9.43927,9.44144
2025-10-08 21:30:00,9.44144,9.44394,9.43751,9.44269
2025-10-08 22:00:00,9.44263,9.44263,9.4367,9.43757
2025-10-08 22:30:00,9.43768,9.43949,9.43605,9.4361
2025-10-08 23:00:00,9.43617,9.43723,9.43144,9.43474
2025-10-08 23:30:00,9.43474,9.43806,9.42497,9.42497
2025-10-09 00:00:00,9.42525,9.4323,9.42388,9.43014
2025-10-09 00:30:00,9.43017,9.43449,9.42133,9.42745
2025-10-09 01:00:00,9.42722,9.428,9.41812,9.42594
2025-10-09 01:30:00,9.4258,9.42737,9.42344,9.42537
2025-10-09 02:00:00,9.42532,9.43004,9.42388,9.42832
2025-10-09 02:30:00,9.42818,9.42962,9.42411,9.42934
2025-10-09 03:00:00,9.4293,9.43167,9.42438,9.42499
2025-10-09 03:30:00,9.4248,9.4257,9.42025,9.42562
2025-10-09 04:00:00,9.42558,9.42601,9.41768,9.41839
2025-10-09 04:30:00,9.41838,9.423,9.41752,9.42088
2025-10-09 05:00:00,9.42089,9.42448,9.41763,9.42162
2025-10-09 05:30:00,9.42164,9.42182,9.41424,9.41771
2025-10-09 06:00:00,9.41781,9.42018,9.41564,9.41718
2025-10-09 06:30:00,9.41717,9.41778,9.41483,9.41569
2025-10-09 07:00:00,9.41568,9.41656,9.41453,9.41538
2025-10-09 07:30:00,9.41538,9.41715,9.41269,9.41392
2025-10-09 08:00:00,9.414,9.41738,9.41174,9.41699
2025-10-09 08:30:00,9.41699,9.42956,9.41611,9.42954
2025-10-09 09:00:00,9.42971,9.44323,9.42531,9.4432
2025-10-09 09:30:00,9.44315,9.46734,9.43968,9.46099
2025-10-09 10:00:00,9.46101,9.46995,9.4503,9.46772
2025-10-09 10:30:00,9.4677,9.486,9.46502,9.48525
2025-10-09 11:00:00,9.48531,9.49178,9.47628,9.48991
2025-10-09 11:30:00,9.48994,9.49822,9.47354,9.47513
2025-10-09 12:00:00,9.47499,9.47594,9.45668,9.45699
2025-10-09 12:30:00,9.45719,9.46396,9.45316,9.45602
2025-10-09 13:00:00,9.45608,9.46062,9.45027,9.45684
2025-10-09 13:30:00,9.45685,9.46572,9.45462,9.45588
2025-10-09 14:00:00,9.45586,9.46573,9.45398,9.45464
2025-10-09 14:30:00,9.45469,9.45824,9.44943,9.45753
2025-10-09 15:00:00,9.45752,9.47004,9.45603,9.46669
2025-10-09 15:30:00,9.46668,9.46889,9.45592,9.45781
2025-10-09 16:00:00,9.4578,9.46915,9.4488,9.46202
2025-10-09 16:30:00,9.46209,9.49364,9.46129,9.48629
2025-10-09 17:00:00,9.48636,9.51524,9.48459,9.51333
2025-10-09 17:30:00,9.51333,9.52902,9.51068,9.52034
2025-10-09 18:00:00,9.52027,9.54249,9.51915,9.54241
2025-10-09 18:30:00,9.54246,9.55863,9.54178,9.54633
2025-10-09 19:00:00,9.54581,9.55177,9.54022,9.54144
2025-10-09 19:30:00,9.54142,9.55082,9.5391,9.54421
2025-10-09 20:00:00,9.5443,9.54853,9.53687,9.53755
2025-10-09 20:30:00,9.53772,9.54684,9.5352,9.54007
2025-10-09 21:00:00,9.54006,9.54615,9.53947,9.5458
2025-10-09 21:30:00,9.54579,9.56102,9.54564,9.55887
2025-10-09 22:00:00,9.55886,9.55886,9.54693,9.54735
2025-10-09 22:30:00,9.54736,9.54974,9.54356,9.5462
2025-10-09 23:00:00,9.54651,9.54691,9.53884,9.539
2025-10-09 23:30:00,9.53858,9.54023,9.51151,9.51151
2025-10-10 00:00:00,9.50361,9.50361,9.4903,9.49113
2025-10-10 00:30:00,9.49168,9.53776,9.49168,9.53193
2025-10-10 01:00:00,9.53194,9.53589,9.52276,9.53429
2025-10-10 01:30:00,9.53427,9.53656,9.53042,9.53152
2025-10-10 02:00:00,9.53158,9.53754,9.53158,9.53307
2025-10-10 02:30:00,9.53308,9.53439,9.52977,9.53219
2025-10-10 03:00:00,9.5322,9.53551,9.53077,9.53423
2025-10-10 03:30:00,9.53425,9.5355,9.52665,9.52825
2025-10-10 04:00:00,9.52824,9.53084,9.52609,9.52819
2025-10-10 04:30:00,9.52818,9.53425,9.52774,9.53372
2025-10-10 05:00:00,9.53373,9.53421,9.53066,9.53108
2025-10-10 05:30:00,9.53104,9.53328,9.53069,9.53184
2025-10-10 06:00:00,9.53178,9.53323,9.53067,9.53118
2025-10-10 06:30:00,9.53108,9.53153,9.52839,9.52997
2025-10-10 07:00:00,9.52998,9.53498,9.52998,9.53225
2025-10-10 07:30:00,9.53226,9.53424,9.53184,9.532
2025-10-10 08:00:00,9.53199,9.53199,9.52685,9.52922
2025-10-10 08:30:00,9.52924,9.53347,9.5258,9.53048
2025-10-10 09:00:00,9.53012,9.53412,9.5268,9.52952
2025-10-10 09:30:00,9.52953,9.53584,9.52556,9.52737
2025-10-10 10:00:00,9.52734,9.53768,9.5202,9.53263
2025-10-10 10:30:00,9.53259,9.53523,9.51916,9.52015
2025-10-10 11:00:00,9.52002,9.52357,9.50585,9.50815
2025-10-10 11:30:00,9.50817,9.51264,9.50614,9.51245
2025-10-10 12:00:00,9.51236,9.52828,9.51179,9.5278
2025-10-10 12:30:00,9.52783,9.52891,9.51441,9.52098
2025-10-10 13:00:00,9.52104,9.52578,9.51816,9.52218
2025-10-10 13:30:00,9.52219,9.53034,9.52182,9.52677
2025-10-10 14:00:00,9.52693,9.52862,9.52074,9.52736
2025-10-10 14:30:00,9.52735,9.53071,9.5173,9.52612
2025-10-10 15:00:00,9.52614,9.5262,9.50782,9.51051
2025-10-10 15:30:00,9.51057,9.51851,9.50574,9.50987
2025-10-10 16:00:00,9.50918,9.52428,9.5077,9.52193
2025-10-10 16:30:00,9.52193,9.53086,9.51895,9.52625
2025-10-10 17:00:00,9.52587,9.53039,9.50691,9.52013
2025-10-10 17:30:00,9.5201,9.52664,9.51045,9.51496
2025-10-10 18:00:00,9.51497,9.51775,9.49129,9.50787
2025-10-10 18:30:00,9.50802,9.51849,9.5002,9.51461
2025-10-10 19:00:00,9.5145,9.52517,9.50035,9.51332
2025-10-10 19:30:00,9.51332,9.52424,9.51006,9.52117
2025-10-10 20:00:00,9.52119,9.53256,9.52098,9.5243
2025-10-10 20:30:00,9.52431,9.52854,9.52156,9.52489
2025-10-10 21:00:00,9.52487,9.52628,9.51743,9.51878
2025-10-10 21:30:00,9.51877,9.52437,9.51586,9.52056
2025-10-10 22:00:00,9.5204,9.52463,9.51817,9.51846
2025-10-10 22:30:00,9.51844,9.51877,9.51457,9.51558
2025-10-10 23:00:00,9.51559,9.51875,9.51155,9.51449
2025-10-10 23:30:00,9.51418,9.51993,9.49141,9.49348
2025-10-13 00:00:00,9.47992,9.50292,9.47244,9.49217
2025-10-13 00:30:00,9.49224,9.51223,9.48887,9.5054
2025-10-13 01:00:00,9.49844,9.52939,9.49507,9.51612
2025-10-13 01:30:00,9.51615,9.51638,9.5073,9.50877
2025-10-13 02:00:00,9.50873,9.51049,9.5034,9.50487
2025-10-13 02:30:00,9.50484,9.51086,9.50273,9.50991
2025-10-13 03:00:00,9.51006,9.51256,9.50515,9.50985
2025-10-13 03:30:00,9.50984,9.51108,9.49821,9.49826
2025-10-13 04:00:00,9.49823,9.50236,9.49349,9.50202
2025-10-13 04:30:00,9.502,9.50262,9.49227,9.49348
2025-10-13 05:00:00,9.49327,9.49424,9.48654,9.4942
2025-10-13 05:30:00,9.4941,9.49533,9.49067,9.49325
2025-10-13 06:00:00,9.49326,9.49652,9.49146,9.4965
2025-10-13 06:30:00,9.49657,9.49687,9.49295,9.49375
2025-10-13 07:00:00,9.49389,9.49512,9.48957,9.49061
2025-10-13 07:30:00,9.49062,9.49677,9.48998,9.49429
2025-10-13 08:00:00,9.49428,9.49856,9.4916,9.49741
2025-10-13 08:30:00,9.49745,9.50375,9.49565,9.50174
2025-10-13 09:00:00,9.50233,9.50233,9.48383,9.48877
2025-10-13 09:30:00,9.48876,9.51152,9.48767,9.50943
2025-10-13 10:00:00,9.50975,9.52597,9.50714,9.50885
2025-10-13 10:30:00,9.50885,9.51517,9.50247,9.51289
2025-10-13 11:00:00,9.51286,9.5262,9.50706,9.52398
2025-10-13 11:30:00,9.52399,9.53014,9.52018,9.52258
2025-10-13 12:00:00,9.52261,9.52383,9.51049,9.51064
2025-10-13 12:30:00,9.51087,9.51535,9.50527,9.50598
2025-10-13 13:00:00,9.50599,9.51957,9.50098,9.51069
2025-10-13 13:30:00,9.51073,9.51332,9.50596,9.5118
2025-10-13 14:00:00,9.51182,9.52228,9.50396,9.52056
2025-10-13 14:30:00,9.52054,9.53132,9.51929,9.52783
2025-10-13 15:00:00,9.52722,9.52722,9.50982,9.51735
2025-10-13 15:30:00,9.51737,9.52663,9.50968,9.5153
2025-10-13 16:00:00,9.51528,9.51797,9.50056,9.50199
2025-10-13 16:30:00,9.50197,9.50813,9.4936,9.49536
2025-10-13 17:00:00,9.49535,9.51466,9.49027,9.51445
2025-10-13 17:30:00,9.51446,9.52178,9.50766,9.51654
2025-10-13 18:00:00,9.51653,9.51716,9.50219,9.50459
2025-10-13 18:30:00,9.50509,9.5059,9.49735,9.50255
2025-10-13 19:00:00,9.50226,9.50256,9.49568,9.4978
2025-10-13 19:30:00,9.49779,9.50271,9.49568,9.49661
2025-10-13 20:00:00,9.49656,9.49853,9.49506,9.49568
2025-10-13 20:30:00,9.49565,9.50274,9.4955,9.50117
2025-10-13 21:00:00,9.50112,9.50118,9.49569,9.49822
2025-10-13 21:30:00,9.49821,9.50894,9.49774,9.50414
2025-10-13 22:00:00,9.50402,9.50402,9.49898,9.50309
2025-10-13 22:30:00,9.5031,9.51044,9.50293,9.51031
2025-10-13 23:00:00,9.51036,9.51193,9.50705,9.51023
2025-10-13 23:30:00,9.51022,9.51027,9.50025,9.50063
2025-10-14 00:00:00,9.49627,9.50677,9.4913,9.50221
2025-10-14 00:30:00,9.50331,9.50909,9.50042,9.50711
2025-10-14 01:00:00,9.50673,9.50859,9.49806,9.50286
2025-10-14 01:30:00,9.50298,9.50566,9.49853,9.50192
2025-10-14 02:00:00,9.50224,9.50663,9.49993,9.50499
2025-10-14 02:30:00,9.50498,9.50805,9.5008,9.50766
2025-10-14 03:00:00,9.50857,9.51668,9.50674,9.51532
2025-10-14 03:30:00,9.51531,9.51598,9.507,9.50957
2025-10-14 04:00:00,9.50953,9.5104,9.5041,9.50572
2025-10-14 04:30:00,9.5057,9.50763,9.50386,9.50696
2025-10-14 05:00:00,9.50697,9.50993,9.50559,9.50894
2025-10-14 05:30:00,9.50895,9.51074,9.50747,9.50866
2025-10-14 06:00:00,9.50867,9.51003,9.50542,9.50623
2025-10-14 06:30:00,9.50624,9.50759,9.50109,9.50325
2025-10-14 07:00:00,9.50319,9.50831,9.50063,9.50403
2025-10-14 07:30:00,9.50404,9.50719,9.49816,9.49845
2025-10-14 08:00:00,9.49846,9.50685,9.49837,9.50605
2025-10-14 08:30:00,9.50606,9.50904,9.50097,9.50784
2025-10-14 09:00:00,9.50785,9.5284,9.5039,9.52722
2025-10-14 09:30:00,9.52722,9.53228,9.521,9.52108
2025-10-14 10:00:00,9.52122,9.53489,9.51942,9.53349
2025-10-14 10:30:00,9.5335,9.55852,9.5335,9.54535
2025-10-14 11:00:00,9.54547,9.54643,9.52267,9.52968
2025-10-14 11:30:00,9.5297,9.53131,9.51706,9.51727
2025-10-14 12:00:00,9.51701,9.52433,9.50712,9.50953
2025-10-14 12:30:00,9.50951,9.52593,9.50912,9.52418
2025-10-14 13:00:00,9.5242,9.5344,9.52251,9.53289
2025-10-14 13:30:00,9.53282,9.56052,9.5327,9.55567
2025-10-14 14:00:00,9.55563,9.55934,9.53598,9.54373
2025-10-14 14:30:00,9.54369,9.55506,9.54326,9.55072
2025-10-14 15:00:00,9.55082,9.55467,9.53736,9.54311
2025-10-14 15:30:00,9.54315,9.55633,9.53998,9.54574
2025-10-14 16:00:00,9.54574,9.54799,9.52724,9.53208
2025-10-14 16:30:00,9.5344,9.55305,9.53347,9.55095
2025-10-14 17:00:00,9.55095,9.57234,9.55028,9.56278
2025-10-14 17:30:00,9.56345,9.56446,9.54965,9.55033
2025-10-14 18:00:00,9.5506,9.55393,9.54637,9.54978
2025-10-14 18:30:00,9.5498,9.55142,9.53289,9.53361
2025-10-14 19:00:00,9.53337,9.5545,9.53076,9.54576
2025-10-14 19:30:00,9.54574,9.55003,9.52606,9.53509
2025-10-14 20:00:00,9.53512,9.54359,9.53389,9.53758
2025-10-14 20:30:00,9.53759,9.53829,9.53166,9.53333
2025-10-14 21:00:00,9.53332,9.5392,9.52897,9.53127
2025-10-14 21:30:00,9.53123,9.53887,9.52833,9.53308
2025-10-14 22:00:00,9.53206,9.53608,9.52979,9.53343
2025-10-14 22:30:00,9.53342,9.54211,9.52957,9.53733
2025-10-14 23:00:00,9.53728,9.54373,9.53237,9.54365
2025-10-14 23:30:00,9.54366,9.54871,9.52107,9.52122
2025-10-15 00:00:00,9.52097,9.52418,9.49086,9.51764
2025-10-15 00:30:00,9.51765,9.53213,9.51765,9.53011
2025-10-15 01:00:00,9.52616,9.52753,9.51367,9.52515
2025-10-15 01:30:00,9.52514,9.53635,9.52093,9.53627
2025-10-15 02:00:00,9.53628,9.53867,9.53098,9.53256
2025-10-15 02:30:00,9.53245,9.54216,9.53111,9.54058
2025-10-15 03:00:00,9.54078,9.54234,9.53448,9.53491
2025-10-15 03:30:00,9.5349,9.53863,9.53089,9.53265
2025-10-15 04:00:00,9.53266,9.53583,9.52202,9.52239
2025-10-15 04:30:00,9.52243,9.5263,9.52162,9.52364
2025-10-15 05:00:00,9.52367,9.52479,9.50936,9.50969
2025-10-15 05:30:00,9.50968,9.5116,9.50812,9.51032
2025-10-15 06:00:00,9.51028,9.51356,9.50932,9.51086
2025-10-15 06:30:00,9.51086,9.51248,9.50929,9.51059
2025-10-15 07:00:00,9.51029,9.51392,9.50853,9.51346
2025-10-15 07:30:00,9.51345,9.51438,9.51272,9.51369
2025-10-15 08:00:00,9.51357,9.51357,9.5079,9.50824
2025-10-15 08:30:00,9.50825,9.51326,9.50329,9.51194
2025-10-15 09:00:00,9.51289,9.51758,9.4981,9.5039
2025-10-15 09:30:00,9.50393,9.50513,9.48432,9.49067
2025-10-15 10:00:00,9.49036,9.49508,9.48002,9.48907
2025-10-15 10:30:00,9.48908,9.4946,9.47883,9.48545
2025-10-15 11:00:00,9.48507,9.48577,9.47756,9.4822
2025-10-15 11:30:00,9.48219,9.48783,9.47656,9.48573
2025-10-15 12:00:00,9.48578,9.49503,9.48578,9.48844
2025-10-15 12:30:00,9.48829,9.48829,9.48018,9.48265
2025-10-15 13:00:00,9.48269,9.48738,9.47839,9.48554
2025-10-15 13:30:00,9.48555,9.48924,9.48351,9.48593
2025-10-15 14:00:00,9.48592,9.48595,9.47894,9.48202
2025-10-15 14:30:00,9.48203,9.48726,9.48134,9.48447
2025-10-15 15:00:00,9.48437,9.48557,9.47499,9.47707
2025-10-15 15:30:00,9.47696,9.4844,9.47493,9.4832
2025-10-15 16:00:00,9.48319,9.48509,9.47371,9.47412
2025-10-15 16:30:00,9.47408,9.4758,9.45997,9.46891
2025-10-15 17:00:00,9.46889,9.47834,9.46512,9.47829
2025-10-15 17:30:00,9.4783,9.48528,9.47747,9.48183
2025-10-15 18:00:00,9.48183,9.4891,9.47316,9.47507
2025-10-15 18:30:00,9.47458,9.48291,9.4671,9.47807
2025-10-15 19:00:00,9.47809,9.48517,9.4774,9.47778
2025-10-15 19:30:00,9.47769,9.48198,9.47216,9.47271
2025-10-15 20:00:00,9.47299,9.49081,9.47271,9.48832
2025-10-15 20:30:00,9.48836,9.48921,9.48391,9.48423
2025-10-15 21:00:00,9.48429,9.48605,9.47985,9.48178
2025-10-15 21:30:00,9.48177,9.48597,9.48151,9.48583
2025-10-15 22:00:00,9.48451,9.48518,9.48085,9.4812
2025-10-15 22:30:00,9.48116,9.4869,9.48033,9.48064
2025-10-15 23:00:00,9.48065,9.48107,9.47275,9.47706
2025-10-15 23:30:00,9.47709,9.47993,9.46365,9.46365
2025-10-16 00:00:00,9.46104,9.47192,9.45898,9.46793
2025-10-16 00:30:00,9.46903,9.47219,9.46662,9.4683
2025-10-16 01:00:00,9.46839,9.47144,9.46632,9.46983
2025-10-16 01:30:00,9.4698,9.47023,9.46345,9.46848
2025-10-16 02:00:00,9.4682,9.47069,9.46495,9.46954
2025-10-16 02:30:00,9.46957,9.47137,9.46792,9.47122
2025-10-16 03:00:00,9.47126,9.47463,9.4617,9.4623
2025-10-16 03:30:00,9.46229,9.47103,9.46228,9.46879
2025-10-16 04:00:00,9.46877,9.47005,9.46276,9.46607
2025-10-16 04:30:00,9.46619,9.4667,9.4568,9.46262
2025-10-16 05:00:00,9.46263,9.46706,9.45909,9.46684
2025-10-16 05:30:00,9.46689,9.46952,9.4653,9.46701
2025-10-16 06:00:00,9.46702,9.47043,9.46604,9.4692
2025-10-16 06:30:00,9.46931,9.4704,9.46906,9.46915
2025-10-16 07:00:00,9.46917,9.47546,9.46915,9.47504
2025-10-16 07:30:00,9.47506,9.47799,9.47429,9.47782
2025-10-16 08:00:00,9.4778,9.48018,9.47659,9.47882
2025-10-16 08:30:00,9.47884,9.48081,9.47112,9.47243
2025-10-16 09:00:00,9.47307,9.47403,9.45929,9.46168
2025-10-16 09:30:00,9.46172,9.4734,9.46081,9.4724
2025-10-16 10:00:00,9.47235,9.47782,9.46694,9.47782
2025-10-16 10:30:00,9.47785,9.48503,9.47105,9.47126
2025-10-16 11:00:00,9.47139,9.47477,9.45749,9.46098
2025-10-16 11:30:00,9.46097,9.46399,9.45763,9.45768
2025-10-16 12:00:00,9.45762,9.4654,9.45707,9.46489
2025-10-16 12:30:00,9.46462,9.46526,9.45677,9.45793
2025-10-16 13:00:00,9.45783,9.45945,9.43958,9.44116
2025-10-16 13:30:00,9.44118,9.44671,9.4378,9.44155
2025-10-16 14:00:00,9.44159,9.45639,9.44012,9.45601
2025-10-16 14:30:00,9.45592,9.45645,9.44579,9.44637
2025-10-16 15:00:00,9.44638,9.45622,9.44358,9.44975
2025-10-16 15:30:00,9.45009,9.45522,9.44476,9.44635
2025-10-16 16:00:00,9.44645,9.45821,9.44145,9.4577
2025-10-16 16:30:00,9.45762,9.46221,9.44781,9.45327
2025-10-16 17:00:00,9.45281,9.45779,9.43184,9.43343
2025-10-16 17:30:00,9.43343,9.43379,9.41608,9.417
2025-10-16 18:00:00,9.41698,9.42455,9.41336,9.41582
2025-10-16 18:30:00,9.4155,9.43339,9.4155,9.43195
2025-10-16 19:00:00,9.43135,9.43171,9.41765,9.43095
2025-10-16 19:30:00,9.43096,9.43802,9.42221,9.42959
2025-10-16 20:00:00,9.42916,9.42983,9.41147,9.41366
2025-10-16 20:30:00,9.41371,9.42082,9.41299,9.41818
2025-10-16 21:00:00,9.41821,9.43348,9.41712,9.43091
2025-10-16 21:30:00,9.4309,9.43117,9.41683,9.42152
2025-10-16 22:00:00,9.42143,9.42588,9.41872,9.41948
2025-10-16 22:30:00,9.41952,9.42481,9.41785,9.42416
2025-10-16 23:00:00,9.4241,9.42696,9.42168,9.42369
2025-10-16 23:30:00,9.4237,9.42779,9.42162,9.42162
2025-10-17 00:00:00,9.41989,9.42506,9.41817,9.41983
2025-10-17 00:30:00,9.42034,9.42374,9.41856,9.42107
2025-10-17 01:00:00,9.41978,9.42552,9.41908,9.42071
2025-10-17 01:30:00,9.4207,9.4213,9.41834,9.41979
2025-10-17 02:00:00,9.41984,9.42075,9.41735,9.41767
2025-10-17 02:30:00,9.41768,9.41805,9.41619,9.41669
2025-10-17 03:00:00,9.4167,9.41959,9.4139,9.41515
2025-10-17 03:30:00,9.41509,9.41601,9.41075,9.41445
2025-10-17 04:00:00,9.41447,9.41957,9.40966,9.41837
2025-10-17 04:30:00,9.41832,9.42332,9.41389,9.42146
2025-10-17 05:00:00,9.42153,9.42831,9.41844,9.41849
2025-10-17 05:30:00,9.41848,9.4194,9.41159,9.41776
2025-10-17 06:00:00,9.41777,9.41817,9.41205,9.41347
2025-10-17 06:30:00,9.41348,9.41442,9.41027,9.41366
2025-10-17 07:00:00,9.41362,9.41604,9.41218,9.41279
2025-10-17 07:30:00,9.41278,9.41504,9.4096,9.41145
2025-10-17 08:00:00,9.41142,9.41155,9.40347,9.4058
2025-10-17 08:30:00,9.40574,9.40683,9.39381,9.40008
2025-10-17 09:00:00,9.39999,9.41224,9.39855,9.40999
2025-10-17 09:30:00,9.41001,9.42383,9.4094,9.4217
2025-10-17 10:00:00,9.42217,9.45247,9.42217,9.44142
2025-10-17 10:30:00,9.44155,9.45248,9.43845,9.45152
2025-10-17 11:00:00,9.45163,9.4747,9.44624,9.46895
2025-10-17 11:30:00,9.46902,9.47256,9.46518,9.46622
2025-10-17 12:00:00,9.46621,9.46752,9.45054,9.4568
2025-10-17 12:30:00,9.4568,9.46069,9.45037,9.45297
2025-10-17 13:00:00,9.45306,9.47494,9.45047,9.47075
2025-10-17 13:30:00,9.47076,9.47076,9.45625,9.46061
2025-10-17 14:00:00,9.46056,9.46229,9.43929,9.45187
2025-10-17 14:30:00,9.45163,9.45199,9.43887,9.44182
2025-10-17 15:00:00,9.44156,9.46132,9.43864,9.4565
2025-10-17 15:30:00,9.45651,9.45881,9.44818,9.45715
2025-10-17 16:00:00,9.45748,9.46296,9.45464,9.46001
2025-10-17 16:30:00,9.46001,9.46648,9.4521,9.45929
2025-10-17 17:00:00,9.45937,9.46265,9.44972,9.45489
2025-10-17 17:30:00,9.45487,9.45822,9.42979,9.44332
2025-10-17 18:00:00,9.44331,9.45472,9.44224,9.45198
2025-10-17 18:30:00,9.45164,9.45237,9.42789,9.42905
2025-10-17 19:00:00,9.42886,9.43278,9.41994,9.42016
2025-10-17 19:30:00,9.42027,9.43277,9.41936,9.43065
2025-10-17 20:00:00,9.43067,9.43376,9.42458,9.42711
2025-10-17 20:30:00,9.42696,9.43001,9.42166,9.42943
2025-10-17 21:00:00,9.42945,9.43219,9.41851,9.42051
2025-10-17 21:30:00,9.42052,9.42542,9.42001,9.42342
2025-10-17 22:00:00,9.4234,9.4234,9.41899,9.42198
2025-10-17 22:30:00,9.42199,9.42453,9.41388,9.41533
2025-10-17 23:00:00,9.41538,9.42742,9.41438,9.42631
2025-10-17 23:30:00,9.4263,9.44891,9.42401,9.42517
2025-10-20 00:00:00,9.39852,9.40963,9.39376,9.40895
2025-10-20 00:30:00,9.40894,9.4219,9.40878,9.42174
2025-10-20 01:00:00,9.42025,9.42786,9.41158,9.42741
2025-10-20 01:30:00,9.42754,9.42765,9.40806,9.41298
2025-10-20 02:00:00,9.41281,9.42639,9.41232,9.42314
2025-10-20 02:30:00,9.42309,9.42855,9.42019,9.4278
2025-10-20 03:00:00,9.42778,9.42921,9.42271,9.42622
2025-10-20 03:30:00,9.42619,9.42765,9.41773,9.41891
2025-10-20 04:00:00,9.41893,9.4197,9.41326,9.41908
2025-10-20 04:30:00,9.41902,9.42353,9.41747,9.42018
2025-10-20 05:00:00,9.42013,9.42013,9.41145,9.4121
2025-10-20 05:30:00,9.41211,9.41524,9.41021,9.41403
2025-10-20 06:00:00,9.414,9.41492,9.41184,9.41402
2025-10-20 06:30:00,9.41409,9.4148,9.41219,9.41406
2025-10-20 07:00:00,9.414,9.41526,9.41234,9.41295
2025-10-20 07:30:00,9.41297,9.41615,9.41026,9.41273
2025-10-20 08:00:00,9.41298,9.41475,9.4121,9.41298
2025-10-20 08:30:00,9.41297,9.41336,9.41036,9.41268
2025-10-20 09:00:00,9.41297,9.42376,9.4074,9.42088
2025-10-20 09:30:00,9.42087,9.42566,9.417,9.42566
2025-10-20 10:00:00,9.42539,9.4293,9.41502,9.4156
2025-10-20 10:30:00,9.41564,9.43175,9.40911,9.43045
2025-10-20 11:00:00,9.43089,9.43418,9.42564,9.42592
2025-10-20 11:30:00,9.4263,9.4292,9.42028,9.42633
2025-10-20 12:00:00,9.42633,9.42779,9.42091,9.4254
2025-10-20 12:30:00,9.42546,9.42926,9.42041,9.42818
2025-10-20 13:00:00,9.42819,9.43283,9.42514,9.42974
2025-10-20 13:30:00,9.42973,9.43183,9.42785,9.4299
2025-10-20 14:00:00,9.42988,9.43351,9.42964,9.43153
2025-10-20 14:30:00,9.43153,9.43549,9.42659,9.42682
2025-10-20 15:00:00,9.42686,9.42968,9.42171,9.42843
2025-10-20 15:30:00,9.42863,9.42885,9.42144,9.42455
2025-10-20 16:00:00,9.42434,9.43377,9.42052,9.42063
2025-10-20 16:30:00,9.4207,9.42665,9.41489,9.42589
2025-10-20 17:00:00,9.4259,9.4271,9.40945,9.41021
2025-10-20 17:30:00,9.41024,9.41508,9.40709,9.41023
2025-10-20 18:00:00,9.41021,9.41355,9.40162,9.40324
2025-10-20 18:30:00,9.40335,9.41316,9.40328,9.4127
2025-10-20 19:00:00,9.41223,9.41445,9.40626,9.41069
2025-10-20 19:30:00,9.4107,9.41428,9.40872,9.41353
2025-10-20 20:00:00,9.41359,9.41729,9.41167,9.41645
2025-10-20 20:30:00,9.41646,9.42298,9.41638,9.4187
2025-10-20 21:00:00,9.41875,9.42366,9.41835,9.42057
2025-10-20 21:30:00,9.42053,9.42072,9.41672,9.4194
2025-10-20 22:00:00,9.41939,9.42117,9.41639,9.42016
2025-10-20 22:30:00,9.42019,9.42552,9.41999,9.42398
2025-10-20 23:00:00,9.42397,9.43002,9.41707,9.42326
2025-10-20 23:30:00,9.42319,9.42382,9.40894,9.41807
2025-10-21 00:00:00,9.41259,9.43841,9.3914,9.41452
2025-10-21 00:30:00,9.41458,9.42622,9.41169,9.41623
2025-10-21 01:00:00,9.41808,9.41864,9.4116,9.41658
2025-10-21 01:30:00,9.41657,9.41761,9.41263,9.4155
2025-10-21 02:00:00,9.41553,9.41733,9.41501,9.41598
2025-10-21 02:30:00,9.4157,9.41729,9.41499,9.41562
2025-10-21 03:00:00,9.41586,9.41698,9.40802,9.40987
2025-10-21 03:30:00,9.40988,9.41008,9.40669,9.4083
2025-10-21 04:00:00,9.40831,9.41447,9.40831,9.4144
2025-10-21 04:30:00,9.41456,9.41883,9.4131,9.41661
2025-10-21 05:00:00,9.41638,9.42179,9.41618,9.4199
2025-10-21 05:30:00,9.41985,9.43095,9.4196,9.42972
2025-10-21 06:00:00,9.42973,9.433,9.4285,9.43294
2025-10-21 06:30:00,9.43294,9.43486,9.43254,9.4332
2025-10-21 07:00:00,9.43321,9.43566,9.43308,9.43427
2025-10-21 07:30:00,9.43425,9.43597,9.43157,9.43197
2025-10-21 08:00:00,9.43195,9.43746,9.43062,9.43652
2025-10-21 08:30:00,9.43657,9.44078,9.43493,9.43993
2025-10-21 09:00:00,9.44107,9.4472,9.43838,9.43942
2025-10-21 09:30:00,9.43957,9.44092,9.4231,9.43134
2025-10-21 10:00:00,9.43135,9.43533,9.41939,9.42207
2025-10-21 10:30:00,9.42206,9.42643,9.41707,9.41955
2025-10-21 11:00:00,9.42001,9.42588,9.41569,9.41707
2025-10-21 11:30:00,9.41706,9.42651,9.4142,9.42271
2025-10-21 12:00:00,9.42264,9.42529,9.42024,9.42312
2025-10-21 12:30:00,9.42309,9.42536,9.41906,9.42395
2025-10-21 13:00:00,9.42393,9.42683,9.42093,9.42321
2025-10-21 13:30:00,9.42328,9.42493,9.41213,9.41252
2025-10-21 14:00:00,9.41268,9.41354,9.40373,9.41083
2025-10-21 14:30:00,9.4108,9.41762,9.40785,9.4154
2025-10-21 15:00:00,9.4154,9.42959,9.40958,9.42704
2025-10-21 15:30:00,9.42698,9.43096,9.42113,9.42186
2025-10-21 16:00:00,9.4219,9.42906,9.41657,9.42869
2025-10-21 16:30:00,9.42851,9.43543,9.42094,9.42549
2025-10-21 17:00:00,9.42546,9.42783,9.4131,9.42023
2025-10-21 17:30:00,9.42023,9.4312,9.41679,9.42366
2025-10-21 18:00:00,9.42366,9.42458,9.41713,9.42219
2025-10-21 18:30:00,9.42218,9.42759,9.41463,9.41748
2025-10-21 19:00:00,9.41754,9.41754,9.39902,9.40069
2025-10-21 19:30:00,9.4007,9.4134,9.39978,9.41327
2025-10-21 20:00:00,9.41339,9.4198,9.40549,9.41297
2025-10-21 20:30:00,9.41294,9.41676,9.41232,9.41341
2025-10-21 21:00:00,9.4133,9.41564,9.40954,9.41417
2025-10-21 21:30:00,9.41418,9.41815,9.41148,9.41815
2025-10-21 22:00:00,9.41813,9.41982,9.41583,9.41923
2025-10-21 22:30:00,9.41918,9.4203,9.41644,9.41981
2025-10-21 23:00:00,9.41977,9.42341,9.41952,9.42257
2025-10-21 23:30:00,9.42254,9.42551,9.4103,9.4103
2025-10-22 00:00:00,9.4094,9.4232,9.40012,9.42261
2025-10-22 00:30:00,9.42322,9.42404,9.41167,9.41168
2025-10-22 01:00:00,9.41148,9.42354,9.41148,9.42221
2025-10-22 01:30:00,9.42261,9.42501,9.41843,9.42415
2025-10-22 02:00:00,9.42403,9.42579,9.42066,9.42413
2025-10-22 02:30:00,9.42393,9.42906,9.42216,9.42903
2025-10-22 03:00:00,9.42928,9.42928,9.42038,9.42113
2025-10-22 03:30:00,9.42116,9.42345,9.42033,9.42293
2025-10-22 04:00:00,9.42299,9.42363,9.41885,9.42298
2025-10-22 04:30:00,9.42299,9.4241,9.42021,9.42084
2025-10-22 05:00:00,9.42085,9.42113,9.41696,9.41861
2025-10-22 05:30:00,9.41867,9.41995,9.41527,9.41724
2025-10-22 06:00:00,9.41725,9.4218,9.41683,9.42091
2025-10-22 06:30:00,9.42092,9.42117,9.41719,9.41808
2025-10-22 07:00:00,9.41809,9.422,9.41612,9.42038
2025-10-22 07:30:00,9.42041,9.42089,9.41971,9.42016
2025-10-22 08:00:00,9.42017,9.42067,9.41326,9.41426
2025-10-22 08:30:00,9.41415,9.41573,9.40506,9.40704
2025-10-22 09:00:00,9.4077,9.41525,9.40059,9.40321
2025-10-22 09:30:00,9.40319,9.41771,9.39575,9.41708
2025-10-22 10:00:00,9.4173,9.42957,9.41486,9.42306
2025-10-22 10:30:00,9.42302,9.4278,9.41887,9.42776
2025-10-22 11:00:00,9.42784,9.44726,9.42779,9.44129
2025-10-22 11:30:00,9.44129,9.45051,9.44112,9.44456
2025-10-22 12:00:00,9.44466,9.44833,9.43547,9.43758
2025-10-22 12:30:00,9.43753,9.44297,9.43054,9.43906
2025-10-22 13:00:00,9.43929,9.44148,9.43117,9.43958
2025-10-22 13:30:00,9.43968,9.44063,9.43441,9.43904
2025-10-22 14:00:00,9.43907,9.44219,9.434,9.43854
2025-10-22 14:30:00,9.43855,9.43956,9.42406,9.42695
2025-10-22 15:00:00,9.42694,9.4305,9.41227,9.41298
2025-10-22 15:30:00,9.41297,9.4212,9.41172,9.41435
2025-10-22 16:00:00,9.41435,9.41857,9.40641,9.40993
2025-10-22 16:30:00,9.40999,9.41057,9.40306,9.40586
2025-10-22 17:00:00,9.40585,9.40907,9.39841,9.39926
2025-10-22 17:30:00,9.39927,9.40872,9.39312,9.39412
2025-10-22 18:00:00,9.39383,9.40404,9.39029,9.39714
2025-10-22 18:30:00,9.39724,9.39988,9.38717,9.39759
2025-10-22 19:00:00,9.39724,9.39836,9.39014,9.39181
2025-10-22 19:30:00,9.3918,9.40224,9.38619,9.39392
2025-10-22 20:00:00,9.39396,9.40418,9.3934,9.39992
2025-10-22 20:30:00,9.39993,9.40383,9.39625,9.40244
2025-10-22 21:00:00,9.40244,9.40385,9.39922,9.40321
2025-10-22 21:30:00,9.40319,9.40827,9.40267,9.40395
2025-10-22 22:00:00,9.404,9.40858,9.40206,9.408
2025-10-22 22:30:00,9.40801,9.41462,9.40688,9.41294
2025-10-22 23:00:00,9.41301,9.41409,9.40986,9.41176
2025-10-22 23:30:00,9.41176,9.41182,9.3934,9.39392
2025-10-23 00:00:00,9.39121,9.39826,9.37509,9.39482
2025-10-23 00:30:00,9.39729,9.40197,9.39523,9.39821
2025-10-23 01:00:00,9.39662,9.40392,9.39662,9.40201
2025-10-23 01:30:00,9.402,9.40883,9.40181,9.40567
2025-10-23 02:00:00,9.40566,9.41264,9.40344,9.40999
2025-10-23 02:30:00,9.40994,9.41193,9.4059,9.41014
2025-10-23 03:00:00,9.41033,9.41827,9.40948,9.41672
2025-10-23 03:30:00,9.41671,9.41676,9.4093,9.4118
2025-10-23 04:00:00,9.41175,9.4164,9.41005,9.41593
2025-10-23 04:30:00,9.41599,9.42005,9.41376,9.41996
2025-10-23 05:00:00,9.42003,9.42286,9.41965,9.4213
2025-10-23 05:30:00,9.4214,9.4235,9.42123,9.42197
2025-10-23 06:00:00,9.42201,9.42365,9.41996,9.4236
2025-10-23 06:30:00,9.42363,9.42762,9.42323,9.42654
2025-10-23 07:00:00,9.42653,9.42837,9.42449,9.42491
2025-10-23 07:30:00,9.4249,9.42501,9.42237,9.42254
2025-10-23 08:00:00,9.42259,9.42404,9.42027,9.42066
2025-10-23 08:30:00,9.42061,9.42361,9.41499,9.41799
2025-10-23 09:00:00,9.41828,9.41876,9.41091,9.41366
2025-10-23 09:30:00,9.41368,9.42064,9.40869,9.41939
2025-10-23 10:00:00,9.41928,9.42018,9.40367,9.40862
2025-10-23 10:30:00,9.40864,9.4144,9.40209,9.40396
2025-10-23 11:00:00,9.40397,9.40448,9.39306,9.3976
2025-10-23 11:30:00,9.39754,9.40732,9.39443,9.40155
2025-10-23 12:00:00,9.40153,9.4104,9.40142,9.40666
2025-10-23 12:30:00,9.40668,9.41701,9.40646,9.41584
2025-10-23 13:00:00,9.41583,9.41694,9.41188,9.41359
2025-10-23 13:30:00,9.4136,9.42371,9.41109,9.42151
2025-10-23 14:00:00,9.42152,9.42408,9.41646,9.41718
2025-10-23 14:30:00,9.41717,9.42043,9.4137,9.41988
2025-10-23 15:00:00,9.41989,9.42721,9.41675,9.41901
2025-10-23 15:30:00,9.41929,9.42091,9.4063,9.41238
2025-10-23 16:00:00,9.41219,9.41402,9.40358,9.40404
2025-10-23 16:30:00,9.4038,9.40409,9.3883,9.3883
2025-10-23 17:00:00,9.38806,9.38965,9.38352,9.38663
2025-10-23 17:30:00,9.38661,9.3889,9.37944,9.38529
2025-10-23 18:00:00,9.38538,9.39378,9.38453,9.39155
2025-10-23 18:30:00,9.39227,9.39663,9.38714,9.39538
2025-10-23 19:00:00,9.39469,9.39873,9.39006,9.39618
2025-10-23 19:30:00,9.39619,9.40609,9.3938,9.40571
2025-10-23 20:00:00,9.40572,9.41025,9.40432,9.40711
2025-10-23 20:30:00,9.4071,9.40732,9.39688,9.39698
2025-10-23 21:00:00,9.39697,9.3994,9.39268,9.39841
2025-10-23 21:30:00,9.39845,9.39871,9.38902,9.38962
2025-10-23 22:00:00,9.3896,9.39139,9.3847,9.39105
2025-10-23 22:30:00,9.39104,9.3922,9.38645,9.39085
2025-10-23 23:00:00,9.39087,9.39444,9.38947,9.39008
2025-10-23 23:30:00,9.39005,9.39093,9.37454,9.37454
2025-10-24 00:00:00,9.37209,9.38169,9.36988,9.37772
2025-10-24 00:30:00,9.37775,9.38583,9.37604,9.38309
2025-10-24 01:00:00,9.38273,9.38273,9.37288,9.37657
2025-10-24 01:30:00,9.37659,9.38397,9.37509,9.38
2025-10-24 02:00:00,9.37903,9.39006,9.37868,9.38181
2025-10-24 02:30:00,9.38182,9.38183,9.37572,9.37763
2025-10-24 03:00:00,9.37774,9.37803,9.37245,9.37297
2025-10-24 03:30:00,9.37296,9.3755,9.37164,9.37493
2025-10-24 04:00:00,9.37491,9.38453,9.37486,9.38407
2025-10-24 04:30:00,9.38408,9.38731,9.38407,9.38677
2025-10-24 05:00:00,9.38676,9.38764,9.38399,9.38736
2025-10-24 05:30:00,9.38737,9.39003,9.38611,9.38951
2025-10-24 06:00:00,9.38956,9.38982,9.3887,9.38897
2025-10-24 06:30:00,9.38886,9.39157,9.38825,9.39151
2025-10-24 07:00:00,9.39152,9.39409,9.39143,9.39335
2025-10-24 07:30:00,9.39334,9.39376,9.39238,9.39282
2025-10-24 08:00:00,9.39283,9.39471,9.39283,9.3943
2025-10-24 08:30:00,9.39428,9.39428,9.3902,9.39067
2025-10-24 09:00:00,9.39074,9.39712,9.3871,9.38854
2025-10-24 09:30:00,9.38886,9.3907,9.37503,9.37503
2025-10-24 10:00:00,9.37523,9.38762,9.37143,9.38258
2025-10-24 10:30:00,9.38253,9.38253,9.36674,9.37806
2025-10-24 11:00:00,9.37804,9.3923,9.3748,9.38626
2025-10-24 11:30:00,9.38524,9.39163,9.38413,9.39052
2025-10-24 12:00:00,9.39086,9.39491,9.38949,9.39244
2025-10-24 12:30:00,9.39246,9.39318,9.38416,9.38591
2025-10-24 13:00:00,9.38586,9.38913,9.38325,9.38848
2025-10-24 13:30:00,9.38848,9.39048,9.38551,9.38794
2025-10-24 14:00:00,9.38794,9.39161,9.38423,9.39089
2025-10-24 14:30:00,9.39092,9.39376,9.38493,9.3875
2025-10-24 15:00:00,9.38747,9.39456,9.38439,9.38834
2025-10-24 15:30:00,9.3877,9.38784,9.34936,9.36822
2025-10-24 16:00:00,9.36828,9.37688,9.36076,9.37051
2025-10-24 16:30:00,9.37032,9.38851,9.36897,9.38018
2025-10-24 17:00:00,9.37995,9.3955,9.37995,9.39529
2025-10-24 17:30:00,9.39591,9.40142,9.38713,9.39952
2025-10-24 18:00:00,9.39956,9.4026,9.38993,9.38995
2025-10-24 18:30:00,9.38994,9.39752,9.38769,9.39241
2025-10-24 19:00:00,9.39244,9.39912,9.39115,9.39656
2025-10-24 19:30:00,9.39655,9.40433,9.39638,9.4026
2025-10-24 20:00:00,9.40258,9.4026,9.3971,9.39873
2025-10-24 20:30:00,9.39887,9.40075,9.39558,9.39834
2025-10-24 21:00:00,9.39835,9.40259,9.39783,9.40219
2025-10-24 21:30:00,9.4022,9.40273,9.39293,9.39366
2025-10-24 22:00:00,9.39359,9.39489,9.39191,9.39433
2025-10-24 22:30:00,9.39436,9.39543,9.38672,9.38794
2025-10-24 23:00:00,9.38767,9.38814,9.38159,9.38488
2025-10-24 23:30:00,9.38489,9.39774,9.38463,9.38729
2025-10-27 00:00:00,9.37776,9.38674,9.37584,9.38572
2025-10-27 00:30:00,9.38327,9.39379,9.37892,9.38214
2025-10-27 01:00:00,9.38053,9.38909,9.37836,9.38346
2025-10-27 01:30:00,9.38345,9.38894,9.38025,9.38697
2025-10-27 02:00:00,9.38673,9.38953,9.38182,9.3827
2025-10-27 02:30:00,9.38293,9.38579,9.37891,9.38153
2025-10-27 03:00:00,9.38173,9.38632,9.37761,9.38248
2025-10-27 03:30:00,9.38252,9.38273,9.37797,9.37939
2025-10-27 04:00:00,9.3794,9.38141,9.36889,9.36924
2025-10-27 04:30:00,9.36923,9.37607,9.36923,9.37452
2025-10-27 05:00:00,9.37451,9.38101,9.37317,9.38047
2025-10-27 05:30:00,9.38038,9.38189,9.38009,9.38114
2025-10-27 06:00:00,9.38111,9.38216,9.38013,9.38156
2025-10-27 06:30:00,9.38157,9.38482,9.3812,9.38418
2025-10-27 07:00:00,9.38414,9.38941,9.38414,9.38762
2025-10-27 07:30:00,9.38761,9.39023,9.38733,9.38744
2025-10-27 08:00:00,9.38742,9.38757,9.38294,9.38305
2025-10-27 08:30:00,9.38298,9.38314,9.37719,9.37827
2025-10-27 09:00:00,9.37828,9.37843,9.36987,9.37236
2025-10-27 09:30:00,9.37237,9.37738,9.36817,9.37557
2025-10-27 10:00:00,9.37638,9.38692,9.37189,9.38692
2025-10-27 10:30:00,9.38694,9.38798,9.37901,9.38729
2025-10-27 11:00:00,9.38755,9.39645,9.38585,9.39172
2025-10-27 11:30:00,9.39173,9.39496,9.38703,9.39486
2025-10-27 12:00:00,9.39426,9.39536,9.38523,9.3887
2025-10-27 12:30:00,9.38871,9.38908,9.37251,9.37361
2025-10-27 13:00:00,9.37363,9.38347,9.37343,9.38159
2025-10-27 13:30:00,9.38162,9.38412,9.37874,9.38175
2025-10-27 14:00:00,9.3818,9.38282,9.37613,9.37751
2025-10-27 14:30:00,9.37752,9.3797,9.36811,9.36945
2025-10-27 15:00:00,9.36944,9.37156,9.36367,9.37059
2025-10-27 15:30:00,9.3706,9.37959,9.36971,9.37637
2025-10-27 16:00:00,9.37641,9.37757,9.37007,9.37538
2025-10-27 16:30:00,9.37539,9.38358,9.37447,9.38118
2025-10-27 17:00:00,9.38139,9.38698,9.37967,9.37974
2025-10-27 17:30:00,9.38017,9.38663,9.37708,9.38202
2025-10-27 18:00:00,9.38195,9.39257,9.38166,9.38372
2025-10-27 18:30:00,9.38372,9.3938,9.38147,9.39359
2025-10-27 19:00:00,9.39351,9.39593,9.38781,9.38806
2025-10-27 19:30:00,9.38821,9.39162,9.38654,9.38693
2025-10-27 20:00:00,9.38645,9.38966,9.38237,9.38741
2025-10-27 20:30:00,9.3874,9.38744,9.38413,9.38428
2025-10-27 21:00:00,9.3843,9.38787,9.38398,9.38611
2025-10-27 21:30:00,9.38613,9.38648,9.37128,9.37498
2025-10-27 22:00:00,9.37498,9.37984,9.37488,9.37762
2025-10-27 22:30:00,9.37761,9.37761,9.37322,9.3736
2025-10-27 23:00:00,9.37359,9.37753,9.37273,9.37436
2025-10-27 23:30:00,9.3743,9.37948,9.37366,9.37628
2025-10-28 00:00:00,9.37689,9.37865,9.37465,9.37508
2025-10-28 00:30:00,9.3757,9.37763,9.3744,9.37633
2025-10-28 01:00:00,9.37488,9.38071,9.37452,9.38033
2025-10-28 01:30:00,9.38034,9.38069,9.37629,9.37711
2025-10-28 02:00:00,9.37713,9.37784,9.37372,9.37527
2025-10-28 02:30:00,9.37525,9.37782,9.3738,9.37744
2025-10-28 03:00:00,9.37745,9.37965,9.36799,9.37001
2025-10-28 03:30:00,9.37002,9.3712,9.3679,9.37046
2025-10-28 04:00:00,9.37061,9.37237,9.36358,9.37092
2025-10-28 04:30:00,9.37095,9.3713,9.36694,9.36811
2025-10-28 05:00:00,9.36812,9.36862,9.36358,9.36708
2025-10-28 05:30:00,9.36707,9.37161,9.36707,9.37051
2025-10-28 06:00:00,9.37057,9.37141,9.36857,9.36885
2025-10-28 06:30:00,9.36888,9.3699,9.36292,9.36557
2025-10-28 07:00:00,9.36555,9.36619,9.36119,9.36412
2025-10-28 07:30:00,9.36414,9.36503,9.36033,9.36108
2025-10-28 08:00:00,9.36102,9.36377,9.36037,9.36195
2025-10-28 08:30:00,9.36195,9.36864,9.36181,9.3662
2025-10-28 09:00:00,9.36635,9.36819,9.3623,9.36773
2025-10-28 09:30:00,9.36774,9.37349,9.36769,9.37322
2025-10-28 10:00:00,9.37317,9.3789,9.36917,9.37055
2025-10-28 10:30:00,9.37054,9.37782,9.36862,9.37114
2025-10-28 11:00:00,9.37095,9.38747,9.3703,9.38286
2025-10-28 11:30:00,9.38282,9.38856,9.37469,9.38471
2025-10-28 12:00:00,9.38477,9.38615,9.37743,9.38256
2025-10-28 12:30:00,9.38235,9.3824,9.37057,9.37282
2025-10-28 13:00:00,9.37281,9.37402,9.3688,9.37092
2025-10-28 13:30:00,9.37093,9.37205,9.36335,9.3658
2025-10-28 14:00:00,9.36581,9.37523,9.36459,9.37516
2025-10-28 14:30:00,9.37516,9.37586,9.37231,9.37419
2025-10-28 15:00:00,9.37431,9.37656,9.36906,9.37124
2025-10-28 15:30:00,9.37124,9.38519,9.37003,9.37972
2025-10-28 16:00:00,9.37962,9.39336,9.37962,9.38867
2025-10-28 16:30:00,9.38869,9.39448,9.38103,9.38295
2025-10-28 17:00:00,9.38323,9.38651,9.36425,9.36558
2025-10-28 17:30:00,9.36559,9.36583,9.35461,9.35959
2025-10-28 18:00:00,9.35958,9.35958,9.34904,9.35263
2025-10-28 18:30:00,9.35261,9.35744,9.34782,9.35567
2025-10-28 19:00:00,9.35559,9.36322,9.35459,9.35861
2025-10-28 19:30:00,9.3586,9.36528,9.35084,9.35189
2025-10-28 20:00:00,9.35146,9.36499,9.35048,9.35929
2025-10-28 20:30:00,9.3593,9.36041,9.35751,9.35779
2025-10-28 21:00:00,9.3578,9.36142,9.35755,9.35866
2025-10-28 21:30:00,9.35873,9.3644,9.35742,9.36079
2025-10-28 22:00:00,9.36079,9.36512,9.3592,9.36444
2025-10-28 22:30:00,9.36447,9.37329,9.36447,9.37281
2025-10-28 23:00:00,9.37278,9.37582,9.37084,9.37342
2025-10-28 23:30:00,9.37337,9.37676,9.36471,9.36471
2025-10-29 00:00:00,9.36373,9.36545,9.36082,9.36247
2025-10-29 00:30:00,9.36298,9.36939,9.36247,9.36632
2025-10-29 01:00:00,9.36617,9.37125,9.36215,9.37058
2025-10-29 01:30:00,9.37062,9.37565,9.36988,9.37354
2025-10-29 02:00:00,9.37362,9.37619,9.37267,9.37575
2025-10-29 02:30:00,9.37576,9.37597,9.3705,9.37076
2025-10-29 03:00:00,9.37075,9.37226,9.36794,9.37014
2025-10-29 03:30:00,9.37006,9.37679,9.36741,9.37575
2025-10-29 04:00:00,9.37577,9.38092,9.37495,9.37916
2025-10-29 04:30:00,9.37891,9.38228,9.37666,9.38221
2025-10-29 05:00:00,9.38217,9.38671,9.38206,9.38551
2025-10-29 05:30:00,9.38564,9.38712,9.38059,9.38079
2025-10-29 06:00:00,9.38078,9.3854,9.37951,9.38523
2025-10-29 06:30:00,9.38522,9.39045,9.38418,9.39036
2025-10-29 07:00:00,9.39028,9.3911,9.38839,9.39082
2025-10-29 07:30:00,9.39081,9.39561,9.39038,9.39402
2025-10-29 08:00:00,9.39399,9.39866,9.39152,9.39753
2025-10-29 08:30:00,9.39752,9.39804,9.39076,9.39137
2025-10-29 09:00:00,9.39144,9.39692,9.38874,9.39275
2025-10-29 09:30:00,9.39272,9.39282,9.38177,9.38362
2025-10-29 10:00:00,9.38308,9.38452,9.36131,9.36359
2025-10-29 10:30:00,9.36357,9.37329,9.3633,9.36947
2025-10-29 11:00:00,9.36958,9.37941,9.36856,9.37391
2025-10-29 11:30:00,9.3739,9.38756,9.37114,9.38756
2025-10-29 12:00:00,9.38782,9.3926,9.38246,9.3831
2025-10-29 12:30:00,9.38312,9.38351,9.36141,9.36788
2025-10-29 13:00:00,9.36789,9.37335,9.35916,9.36166
2025-10-29 13:30:00,9.36164,9.36196,9.35462,9.3554
2025-10-29 14:00:00,9.35532,9.36629,9.35407,9.36598
2025-10-29 14:30:00,9.36604,9.36811,9.36069,9.36245
2025-10-29 15:00:00,9.36242,9.37178,9.3597,9.36882
2025-10-29 15:30:00,9.36883,9.37674,9.36619,9.36838
2025-10-29 16:00:00,9.36832,9.36836,9.353,9.35344
2025-10-29 16:30:00,9.35307,9.36508,9.35213,9.36333
2025-10-29 17:00:00,9.36336,9.36863,9.3602,9.36375
2025-10-29 17:30:00,9.36391,9.36646,9.3495,9.3495
2025-10-29 18:00:00,9.34949,9.35406,9.34606,9.35171
2025-10-29 18:30:00,9.35176,9.35663,9.34439,9.35615
2025-10-29 19:00:00,9.35612,9.35776,9.34566,9.35594
2025-10-29 19:30:00,9.35594,9.35831,9.3536,9.35776
2025-10-29 20:00:00,9.35723,9.36337,9.35243,9.36272
2025-10-29 20:30:00,9.36289,9.36937,9.35951,9.35973
2025-10-29 21:00:00,9.3584,9.37929,9.35298,9.3751
2025-10-29 21:30:00,9.37514,9.43362,9.36923,9.42109
2025-10-29 22:00:00,9.42103,9.43548,9.41687,9.43424
2025-10-29 22:30:00,9.43426,9.43588,9.41555,9.41648
2025-10-29 23:00:00,9.41637,9.42502,9.41329,9.41356
2025-10-29 23:30:00,9.41357,9.41488,9.4052,9.4062
2025-10-30 00:00:00,9.40206,9.40597,9.39594,9.40158
2025-10-30 00:30:00,9.40205,9.41068,9.40091,9.40771
2025-10-30 01:00:00,9.40827,9.40916,9.40298,9.40811
2025-10-30 01:30:00,9.40812,9.40955,9.40541,9.40761
2025-10-30 02:00:00,9.40759,9.40957,9.40461,9.4064
2025-10-30 02:30:00,9.40639,9.40993,9.40443,9.40693
2025-10-30 03:00:00,9.40696,9.41165,9.39563,9.39682
2025-10-30 03:30:00,9.39674,9.3986,9.39422,9.39797
2025-10-30 04:00:00,9.39794,9.40129,9.39607,9.40096
2025-10-30 04:30:00,9.40101,9.4016,9.39573,9.39687
2025-10-30 05:00:00,9.3969,9.39856,9.39179,9.39556
2025-10-30 05:30:00,9.39555,9.39741,9.39355,9.39433
2025-10-30 06:00:00,9.39432,9.4015,9.39163,9.39752
2025-10-30 06:30:00,9.39776,9.40181,9.39351,9.39404
2025-10-30 07:00:00,9.39395,9.39618,9.37772,9.38158
2025-10-30 07:30:00,9.3816,9.38541,9.38042,9.38166
2025-10-30 08:00:00,9.38165,9.38745,9.38015,9.38671
2025-10-30 08:30:00,9.38674,9.38876,9.38215,9.38849
2025-10-30 09:00:00,9.3885,9.38963,9.38398,9.38873
2025-10-30 09:30:00,9.38662,9.40147,9.3849,9.39597
2025-10-30 10:00:00,9.39631,9.4022,9.39391,9.39855
2025-10-30 10:30:00,9.39869,9.40518,9.39646,9.4013
2025-10-30 11:00:00,9.40056,9.41167,9.39672,9.40945
2025-10-30 11:30:00,9.40946,9.41193,9.40066,9.40239
2025-10-30 12:00:00,9.40234,9.40912,9.40045,9.40271
2025-10-30 12:30:00,9.40279,9.41088,9.39684,9.40895
2025-10-30 13:00:00,9.40903,9.41662,9.4068,9.41579
2025-10-30 13:30:00,9.41602,9.42195,9.41388,9.42138
2025-10-30 14:00:00,9.42135,9.42461,9.41602,9.41974
2025-10-30 14:30:00,9.41975,9.42958,9.41608,9.42904
2025-10-30 15:00:00,9.42906,9.44742,9.42654,9.4442
2025-10-30 15:30:00,9.44425,9.46926,9.44272,9.46703
2025-10-30 16:00:00,9.46705,9.47643,9.45579,9.45705
2025-10-30 16:30:00,9.45698,9.45894,9.43978,9.4427
2025-10-30 17:00:00,9.44249,9.44748,9.4258,9.4318
2025-10-30 17:30:00,9.43179,9.44043,9.42498,9.43643
2025-10-30 18:00:00,9.43624,9.43735,9.42813,9.43173
2025-10-30 18:30:00,9.43178,9.43836,9.4266,9.43325
2025-10-30 19:00:00,9.433,9.43777,9.43061,9.43281
2025-10-30 19:30:00,9.43286,9.43643,9.42874,9.43315
2025-10-30 20:00:00,9.43236,9.44241,9.42964,9.43724
2025-10-30 20:30:00,9.43716,9.43925,9.43315,9.43701
2025-10-30 21:00:00,9.437,9.43795,9.43249,9.43384
2025-10-30 21:30:00,9.43386,9.43768,9.432,9.43635
2025-10-30 22:00:00,9.43632,9.43841,9.43105,9.43779
2025-10-30 22:30:00,9.43781,9.44396,9.4367,9.44352
2025-10-30 23:00:00,9.44348,9.44546,9.43415,9.43787
2025-10-30 23:30:00,9.43771,9.43771,9.42893,9.42964
2025-10-31 00:00:00,9.42971,9.43427,9.42122,9.4295
2025-10-31 00:30:00,9.42845,9.43504,9.42771,9.43148
2025-10-31 01:00:00,9.4314,9.44197,9.42704,9.43716
2025-10-31 01:30:00,9.43711,9.4414,9.43045,9.43102
2025-10-31 02:00:00,9.43094,9.44646,9.43074,9.43845
2025-10-31 02:30:00,9.43898,9.44096,9.42894,9.43643
2025-10-31 03:00:00,9.43644,9.44045,9.43516,9.43694
2025-10-31 03:30:00,9.43696,9.43962,9.43284,9.4377
2025-10-31 04:00:00,9.43773,9.43868,9.43333,9.43382
2025-10-31 04:30:00,9.43377,9.44171,9.43372,9.44114
2025-10-31 05:00:00,9.44116,9.44163,9.43462,9.43531
2025-10-31 05:30:00,9.4353,9.43942,9.43503,9.43899
2025-10-31 06:00:00,9.43902,9.43946,9.43656,9.43847
2025-10-31 06:30:00,9.43851,9.4421,9.43777,9.44067
2025-10-31 07:00:00,9.44039,9.44128,9.43663,9.43708
2025-10-31 07:30:00,9.43709,9.43852,9.43508,9.43601
2025-10-31 08:00:00,9.43606,9.44087,9.43594,9.43952
2025-10-31 08:30:00,9.43953,9.44033,9.43656,9.43999
2025-10-31 09:00:00,9.43998,9.44375,9.43774,9.44015
2025-10-31 09:30:00,9.44018,9.45181,9.43879,9.45015
2025-10-31 10:00:00,9.45013,9.46069,9.44941,9.45497
2025-10-31 10:30:00,9.45496,9.45496,9.44244,9.44369
2025-10-31 11:00:00,9.44371,9.44841,9.43816,9.43899
2025-10-31 11:30:00,9.439,9.44234,9.43107,9.43123
2025-10-31 12:00:00,9.43109,9.43806,9.42695,9.43774
2025-10-31 12:30:00,9.43772,9.44751,9.43739,9.43995
2025-10-31 13:00:00,9.43868,9.44388,9.43581,9.44307
2025-10-31 13:30:00,9.44308,9.45108,9.44308,9.44452
2025-10-31 14:00:00,9.44459,9.44765,9.43868,9.44694
2025-10-31 14:30:00,9.44695,9.45561,9.43954,9.44089
2025-10-31 15:00:00,9.44141,9.45394,9.44141,9.44455
2025-10-31 15:30:00,9.44447,9.4562,9.44445,9.45353
2025-10-31 16:00:00,9.4538,9.46058,9.4534,9.45681
2025-10-31 16:30:00,9.45678,9.47386,9.45649,9.46572
2025-10-31 17:00:00,9.46585,9.48288,9.46323,9.48191
2025-10-31 17:30:00,9.48242,9.48741,9.4771,9.48306
2025-10-31 18:00:00,9.48307,9.49246,9.48166,9.48992
2025-10-31 18:30:00,9.48993,9.50206,9.4893,9.49572
2025-10-31 19:00:00,9.4956,9.50186,9.48395,9.49631
2025-10-31 19:30:00,9.49632,9.50069,9.48928,9.49892
2025-10-31 20:00:00,9.49848,9.51042,9.49766,9.505
2025-10-31 20:30:00,9.50502,9.50591,9.49737,9.50064
2025-10-31 21:00:00,9.50065,9.50188,9.49552,9.49805
2025-10-31 21:30:00,9.49803,9.50088,9.49556,9.49684
2025-10-31 22:00:00,9.49567,9.49926,9.49129,9.49142
2025-10-31 22:30:00,9.49143,9.49983,9.49141,9.49924
2025-10-31 23:00:00,9.4993,9.50125,9.49161,9.4958
2025-10-31 23:30:00,9.49581,9.49583,9.48052,9.48358
2025-11-03 00:00:00,9.48213,9.49025,9.47542,9.48958
2025-11-03 00:30:00,9.48935,9.49121,9.48764,9.48876
2025-11-03 01:00:00,9.48897,9.4907,9.48358,9.48746
2025-11-03 01:30:00,9.48749,9.49596,9.48498,9.49477
2025-11-03 02:00:00,9.49473,9.4984,9.49298,9.49498
2025-11-03 02:30:00,9.49499,9.501,9.49463,9.50048
2025-11-03 03:00:00,9.50049,9.50458,9.50047,9.50262
2025-11-03 03:30:00,9.50266,9.50514,9.50155,9.50288
2025-11-03 04:00:00,9.50289,9.50442,9.4955,9.49598
2025-11-03 04:30:00,9.49599,9.49807,9.49272,9.49476
2025-11-03 05:00:00,9.49477,9.49496,9.49269,9.49448
2025-11-03 05:30:00,9.49447,9.49476,9.48812,9.48873
2025-11-03 06:00:00,9.48869,9.48956,9.4847,9.48677
2025-11-03 06:30:00,9.48678,9.48997,9.48678,9.48714
2025-11-03 07:00:00,9.48713,9.48749,9.48546,9.48548
2025-11-03 07:30:00,9.48547,9.48645,9.48334,9.4851
2025-11-03 08:00:00,9.48506,9.48602,9.482,9.48509
2025-11-03 08:30:00,9.48514,9.48516,9.47967,9.48275
2025-11-03 09:00:00,9.48278,9.48584,9.47832,9.48408
2025-11-03 09:30:00,9.48412,9.48776,9.47085,9.47443
2025-11-03 10:00:00,9.47406,9.49533,9.47406,9.49068
2025-11-03 10:30:00,9.49067,9.50452,9.48891,9.50141
2025-11-03 11:00:00,9.50145,9.50546,9.49615,9.49624
2025-11-03 11:30:00,9.49621,9.50623,9.49456,9.50377
2025-11-03 12:00:00,9.50376,9.50994,9.50122,9.50487
2025-11-03 12:30:00,9.50492,9.5092,9.50335,9.50387
2025-11-03 13:00:00,9.50381,9.50682,9.5003,9.50285
2025-11-03 13:30:00,9.50286,9.50376,9.4969,9.49764
2025-11-03 14:00:00,9.49759,9.49814,9.48706,9.49063
2025-11-03 14:30:00,9.49062,9.49333,9.48596,9.4932
2025-11-03 15:00:00,9.49339,9.49963,9.49022,9.49906
2025-11-03 15:30:00,9.49908,9.50003,9.48851,9.49615
2025-11-03 16:00:00,9.49616,9.50014,9.49177,9.49593
2025-11-03 16:30:00,9.49594,9.49856,9.48918,9.49253
2025-11-03 17:00:00,9.49441,9.49665,9.4753,9.48745
2025-11-03 17:30:00,9.48752,9.49235,9.48008,9.48071
2025-11-03 18:00:00,9.48086,9.48432,9.47507,9.47875
2025-11-03 18:30:00,9.47874,9.47999,9.476,9.47705
2025-11-03 19:00:00,9.47704,9.47969,9.47131,9.47491
2025-11-03 19:30:00,9.4749,9.47964,9.47415,9.47873
2025-11-03 20:00:00,9.47865,9.48403,9.47428,9.48355
2025-11-03 20:30:00,9.48352,9.48593,9.48138,9.48179
2025-11-03 21:00:00,9.48154,9.48624,9.48052,9.48414
2025-11-03 21:30:00,9.48415,9.4846,9.48095,9.48147
2025-11-03 22:00:00,9.48148,9.48162,9.47722,9.48155
2025-11-03 22:30:00,9.48156,9.48515,9.48126,9.48331
2025-11-03 23:00:00,9.48324,9.48913,9.48318,9.48893
2025-11-03 23:30:00,9.48901,9.4893,9.47335,9.47335
2025-11-04 00:00:00,9.46988,9.48247,9.45769,9.48103
2025-11-04 00:30:00,9.48059,9.48439,9.47662,9.48067
2025-11-04 01:00:00,9.48031,9.48274,9.47757,9.47973
2025-11-04 01:30:00,9.4798,9.48734,9.47921,9.48481
2025-11-04 02:00:00,9.48519,9.49593,9.48517,9.49582
2025-11-04 02:30:00,9.49581,9.49651,9.49354,9.49419
2025-11-04 03:00:00,9.49428,9.50301,9.49421,9.50099
2025-11-04 03:30:00,9.50098,9.50193,9.49293,9.49293
2025-11-04 04:00:00,9.49298,9.49777,9.49298,9.4959
2025-11-04 04:30:00,9.49589,9.49925,9.49244,9.49469
2025-11-04 05:00:00,9.49471,9.49508,9.48872,9.48885
2025-11-04 05:30:00,9.48902,9.49346,9.4884,9.49261
2025-11-04 06:00:00,9.49255,9.4944,9.48991,9.49194
2025-11-04 06:30:00,9.49193,9.49523,9.48699,9.49518
2025-11-04 07:00:00,9.49515,9.4994,9.49515,9.49774
2025-11-04 07:30:00,9.49775,9.50172,9.49749,9.50075
2025-11-04 08:00:00,9.50074,9.50345,9.49141,9.49151
2025-11-04 08:30:00,9.49155,9.4973,9.49011,9.49524
2025-11-04 09:00:00,9.49525,9.50133,9.48945,9.49279
2025-11-04 09:30:00,9.4928,9.50478,9.48896,9.50288
2025-11-04 10:00:00,9.50288,9.5105,9.49728,9.50138
2025-11-04 10:30:00,9.50072,9.52253,9.49922,9.51939
2025-11-04 11:00:00,9.51932,9.52846,9.5175,9.52531
2025-11-04 11:30:00,9.5253,9.53526,9.51995,9.53422
2025-11-04 12:00:00,9.5342,9.54239,9.52851,9.53986
2025-11-04 12:30:00,9.53986,9.54157,9.52737,9.53566
2025-11-04 13:00:00,9.53565,9.54687,9.53449,9.54549
2025-11-04 13:30:00,9.54551,9.56594,9.54166,9.56393
2025-11-04 14:00:00,9.5638,9.5689,9.55985,9.56845
2025-11-04 14:30:00,9.56844,9.57235,9.56051,9.56092
2025-11-04 15:00:00,9.56093,9.56151,9.55545,9.55759
2025-11-04 15:30:00,9.55698,9.55878,9.54722,9.5539
2025-11-04 16:00:00,9.55392,9.57026,9.55094,9.56982
2025-11-04 16:30:00,9.56983,9.57703,9.5604,9.56559
2025-11-04 17:00:00,9.56599,9.57174,9.55783,9.56088
2025-11-04 17:30:00,9.5608,9.5627,9.55503,9.55519
2025-11-04 18:00:00,9.55515,9.56986,9.55294,9.56525
2025-11-04 18:30:00,9.56524,9.57041,9.55648,9.56565
2025-11-04 19:00:00,9.56522,9.57664,9.56488,9.57503
2025-11-04 19:30:00,9.57506,9.58103,9.57468,9.58075
2025-11-04 20:00:00,9.58082,9.58686,9.5798,9.58543
2025-11-04 20:30:00,9.58545,9.58591,9.58059,9.58124
2025-11-04 21:00:00,9.58123,9.58201,9.57888,9.58201
2025-11-04 21:30:00,9.582,9.58635,9.58095,9.58489
2025-11-04 22:00:00,9.58485,9.59166,9.58485,9.58805
2025-11-04 22:30:00,9.58804,9.58853,9.58373,9.58709
2025-11-04 23:00:00,9.587,9.59023,9.58459,9.58695
2025-11-04 23:30:00,9.58696,9.58707,9.56894,9.56894
2025-11-05 00:00:00,9.56158,9.57837,9.55211,9.57837
2025-11-05 00:30:00,9.57838,9.58057,9.56817,9.57913
2025-11-05 01:00:00,9.57903,9.5849,9.57857,9.58268
2025-11-05 01:30:00,9.58267,9.58913,9.58164,9.5831
2025-11-05 02:00:00,9.58312,9.59459,9.58238,9.58703
2025-11-05 02:30:00,9.58702,9.58891,9.58586,9.58631
2025-11-05 03:00:00,9.58629,9.59372,9.58596,9.58939
2025-11-05 03:30:00,9.58916,9.59071,9.58205,9.59053
2025-11-05 04:00:00,9.59051,9.59173,9.58754,9.58865
2025-11-05 04:30:00,9.58867,9.59002,9.58617,9.58727
2025-11-05 05:00:00,9.58726,9.58735,9.57967,9.58041
2025-11-05 05:30:00,9.58045,9.58222,9.57027,9.57056
2025-11-05 06:00:00,9.57065,9.5711,9.56805,9.56882
2025-11-05 06:30:00,9.56875,9.57466,9.5677,9.57305
2025-11-05 07:00:00,9.57303,9.57455,9.5699,9.5706
2025-11-05 07:30:00,9.57056,9.57237,9.56939,9.57153
2025-11-05 08:00:00,9.57154,9.57421,9.57026,9.57369
2025-11-05 08:30:00,9.57368,9.58056,9.57362,9.57884
2025-11-05 09:00:00,9.5789,9.58186,9.57547,9.57564
2025-11-05 09:30:00,9.5756,9.58477,9.57299,9.58429
2025-11-05 10:00:00,9.58428,9.58501,9.57313,9.57761
2025-11-05 10:30:00,9.5785,9.57953,9.55842,9.56604
2025-11-05 11:00:00,9.56621,9.57331,9.56471,9.57026
2025-11-05 11:30:00,9.57021,9.58541,9.56964,9.58002
2025-11-05 12:00:00,9.57992,9.59384,9.57592,9.58359
2025-11-05 12:30:00,9.5836,9.58792,9.57857,9.58724
2025-11-05 13:00:00,9.58698,9.59106,9.58228,9.58361
2025-11-05 13:30:00,9.58361,9.58969,9.58316,9.58472
2025-11-05 14:00:00,9.58478,9.5895,9.5813,9.5895
2025-11-05 14:30:00,9.58952,9.59462,9.58746,9.58773
2025-11-05 15:00:00,9.58769,9.59835,9.58421,9.58713
2025-11-05 15:30:00,9.58772,9.59416,9.58516,9.5933
2025-11-05 16:00:00,9.59334,9.59996,9.58224,9.58465
2025-11-05 16:30:00,9.58432,9.58547,9.56775,9.57027
2025-11-05 17:00:00,9.57054,9.592,9.57031,9.57165
2025-11-05 17:30:00,9.57167,9.578,9.56729,9.57299
2025-11-05 18:00:00,9.57297,9.58303,9.57173,9.57418
2025-11-05 18:30:00,9.57418,9.57686,9.56177,9.56335
2025-11-05 19:00:00,9.56294,9.57055,9.55836,9.56963
2025-11-05 19:30:00,9.56962,9.57558,9.56399,9.56552
2025-11-05 20:00:00,9.5655,9.56977,9.56316,9.56704
2025-11-05 20:30:00,9.56706,9.56779,9.56394,9.56711
2025-11-05 21:00:00,9.56718,9.56798,9.56387,9.56455
2025-11-05 21:30:00,9.56456,9.56773,9.55921,9.56427
2025-11-05 22:00:00,9.56402,9.56472,9.55896,9.56274
2025-11-05 22:30:00,9.56276,9.56807,9.56169,9.56728
2025-11-05 23:00:00,9.56706,9.56827,9.56226,9.56442
2025-11-05 23:30:00,9.56445,9.56452,9.55523,9.55633
2025-11-06 00:00:00,9.55483,9.56036,9.54001,9.55648
2025-11-06 00:30:00,9.55651,9.562,9.55353,9.5553
2025-11-06 01:00:00,9.5554,9.55663,9.55087,9.55194
2025-11-06 01:30:00,9.55196,9.55407,9.55149,9.55333
2025-11-06 02:00:00,9.55365,9.55807,9.55356,9.55661
2025-11-06 02:30:00,9.55662,9.55932,9.55363,9.55363
2025-11-06 03:00:00,9.55356,9.55436,9.54996,9.55316
2025-11-06 03:30:00,9.55316,9.554,9.55098,9.55318
2025-11-06 04:00:00,9.55319,9.55383,9.55171,9.55261
2025-11-06 04:30:00,9.5526,9.5556,9.55244,9.55334
2025-11-06 05:00:00,9.55335,9.55542,9.55169,9.55232
2025-11-06 05:30:00,9.55223,9.5539,9.55186,9.5533
2025-11-06 06:00:00,9.55329,9.555,9.5505,9.55433
2025-11-06 06:30:00,9.55434,9.55584,9.55343,9.55343
2025-11-06 07:00:00,9.55342,9.55491,9.55235,9.55327
2025-11-06 07:30:00,9.55328,9.55506,9.55187,9.55285
2025-11-06 08:00:00,9.55293,9.55709,9.54937,9.55599
2025-11-06 08:30:00,9.55599,9.56211,9.55591,9.55945
2025-11-06 09:00:00,9.55936,9.55997,9.52789,9.52974
2025-11-06 09:30:00,9.52973,9.53942,9.5291,9.53942
2025-11-06 10:00:00,9.53932,9.54308,9.53028,9.53381
2025-11-06 10:30:00,9.5338,9.54199,9.52361,9.5239
2025-11-06 11:00:00,9.52386,9.54554,9.52386,9.53815
2025-11-06 11:30:00,9.53824,9.53851,9.52893,9.53488
2025-11-06 12:00:00,9.53494,9.54372,9.53484,9.54352
2025-11-06 12:30:00,9.54354,9.55032,9.53782,9.54435
2025-11-06 13:00:00,9.54446,9.54742,9.54116,9.54312
2025-11-06 13:30:00,9.54311,9.54983,9.54271,9.54299
2025-11-06 14:00:00,9.54234,9.54694,9.53264,9.53852
2025-11-06 14:30:00,9.53852,9.54165,9.53107,9.53118
2025-11-06 15:00:00,9.53116,9.5343,9.52394,9.52826
2025-11-06 15:30:00,9.52826,9.53822,9.52182,9.53774
2025-11-06 16:00:00,9.53772,9.56135,9.53724,9.56078
2025-11-06 16:30:00,9.56079,9.59282,9.55142,9.59099
2025-11-06 17:00:00,9.59104,9.6021,9.579,9.59742
2025-11-06 17:30:00,9.59726,9.60793,9.58187,9.58584
2025-11-06 18:00:00,9.58601,9.59748,9.58321,9.58553
2025-11-06 18:30:00,9.58554,9.58933,9.5795,9.58106
2025-11-06 19:00:00,9.58066,9.58728,9.57291,9.58306
2025-11-06 19:30:00,9.58304,9.58304,9.56876,9.56928
2025-11-06 20:00:00,9.56934,9.57271,9.56787,9.5699
2025-11-06 20:30:00,9.56989,9.5699,9.56248,9.56589
2025-11-06 21:00:00,9.5659,9.56703,9.55923,9.5596
2025-11-06 21:30:00,9.55959,9.56854,9.55836,9.5666
2025-11-06 22:00:00,9.56662,9.5699,9.56391,9.56721
2025-11-06 22:30:00,9.56709,9.56717,9.56236,9.56241
2025-11-06 23:00:00,9.56249,9.56557,9.56203,9.56508
2025-11-06 23:30:00,9.56481,9.56617,9.55853,9.55853
2025-11-07 00:00:00,9.55811,9.56969,9.55811,9.55953
2025-11-07 00:30:00,9.5596,9.56802,9.55848,9.5653
2025-11-07 01:00:00,9.56261,9.5712,9.56062,9.56525
2025-11-07 01:30:00,9.56492,9.57043,9.56355,9.56875
2025-11-07 02:00:00,9.56876,9.57793,9.56782,9.57757
2025-11-07 02:30:00,9.57758,9.57837,9.57503,9.57583
2025-11-07 03:00:00,9.57578,9.57764,9.57446,9.57602
2025-11-07 03:30:00,9.57593,9.57956,9.57502,9.57677
2025-11-07 04:00:00,9.57676,9.57676,9.57188,9.57496
2025-11-07 04:30:00,9.57506,9.57821,9.57344,9.57721
2025-11-07 05:00:00,9.57717,9.58313,9.5768,9.58175
2025-11-07 05:30:00,9.58177,9.58227,9.5783,9.57873
2025-11-07 06:00:00,9.57874,9.58352,9.57852,9.58223
2025-11-07 06:30:00,9.58222,9.58265,9.58031,9.58037
2025-11-07 07:00:00,9.58038,9.58224,9.57889,9.57968
2025-11-07 07:30:00,9.57974,9.5809,9.57704,9.57821
2025-11-07 08:00:00,9.57772,9.57898,9.57493,9.57743
2025-11-07 08:30:00,9.57737,9.5814,9.57494,9.5806
2025-11-07 09:00:00,9.58064,9.58427,9.5744,9.5775
2025-11-07 09:30:00,9.57747,9.5824,9.57453,9.58061
2025-11-07 10:00:00,9.5806,9.58453,9.57572,9.58094
2025-11-07 10:30:00,9.581,9.58643,9.5777,9.57784
2025-11-07 11:00:00,9.57787,9.57787,9.57209,9.57705
2025-11-07 11:30:00,9.57704,9.57704,9.56779,9.57225
2025-11-07 12:00:00,9.57226,9.57242,9.55746,9.55824
2025-11-07 12:30:00,9.55821,9.56558,9.55739,9.55867
2025-11-07 13:00:00,9.55868,9.5677,9.55818,9.5627
2025-11-07 13:30:00,9.56271,9.5628,9.55175,9.55765
2025-11-07 14:00:00,9.55763,9.56004,9.54982,9.5553
2025-11-07 14:30:00,9.55531,9.56239,9.55531,9.5607
2025-11-07 15:00:00,9.56063,9.56065,9.54632,9.5468
2025-11-07 15:30:00,9.54684,9.55204,9.54038,9.54602
2025-11-07 16:00:00,9.54604,9.55272,9.54285,9.54975
2025-11-07 16:30:00,9.54973,9.55834,9.54943,9.55188
2025-11-07 17:00:00,9.5512,9.55169,9.52794,9.53447
2025-11-07 17:30:00,9.53444,9.54566,9.52758,9.54491
2025-11-07 18:00:00,9.54487,9.54514,9.53603,9.53664
2025-11-07 18:30:00,9.53667,9.53756,9.53286,9.5365
2025-11-07 19:00:00,9.53651,9.54113,9.52926,9.52963
2025-11-07 19:30:00,9.52964,9.53198,9.51754,9.51928
2025-11-07 20:00:00,9.51928,9.52779,9.51822,9.52355
2025-11-07 20:30:00,9.52356,9.52774,9.52202,9.52666
2025-11-07 21:00:00,9.52669,9.53099,9.52387,9.52721
2025-11-07 21:30:00,9.52756,9.53799,9.52705,9.53115
2025-11-07 22:00:00,9.53114,9.53249,9.52709,9.53199
2025-11-07 22:30:00,9.532,9.53232,9.52246,9.52677
2025-11-07 23:00:00,9.52664,9.52664,9.52238,9.52324
2025-11-07 23:30:00,9.52323,9.52717,9.5195,9.52194
2025-11-10 00:00:00,9.51955,9.53228,9.51951,9.53175
2025-11-10 00:30:00,9.53174,9.53736,9.53121,9.53479
2025-11-10 01:00:00,9.5349,9.54352,9.52955,9.5396
2025-11-10 01:30:00,9.53957,9.54614,9.53751,9.54326
2025-11-10 02:00:00,9.54325,9.54561,9.53049,9.53711
2025-11-10 02:30:00,9.53703,9.53887,9.53426,9.53696
2025-11-10 03:00:00,9.53794,9.54242,9.53008,9.53165
2025-11-10 03:30:00,9.53167,9.53334,9.53016,9.53181
2025-11-10 04:00:00,9.53177,9.53549,9.5301,9.5312
2025-11-10 04:30:00,9.53119,9.53338,9.52799,9.53092
2025-11-10 05:00:00,9.53089,9.53425,9.53046,9.53395
2025-11-10 05:30:00,9.53382,9.53626,9.53286,9.53356
2025-11-10 06:00:00,9.53348,9.53348,9.528,9.52904
2025-11-10 06:30:00,9.52903,9.52904,9.52569,9.52699
2025-11-10 07:00:00,9.527,9.52885,9.52442,9.52529
2025-11-10 07:30:00,9.52527,9.52527,9.51852,9.52207
2025-11-10 08:00:00,9.52199,9.5233,9.51786,9.51882
2025-11-10 08:30:00,9.51883,9.52262,9.51182,9.52039
2025-11-10 09:00:00,9.52,9.52479,9.51184,9.51222
2025-11-10 09:30:00,9.51221,9.51437,9.50274,9.50735
2025-11-10 10:00:00,9.50763,9.50897,9.49691,9.49767
2025-11-10 10:30:00,9.49768,9.49852,9.48579,9.4959
2025-11-10 11:00:00,9.49589,9.50288,9.49202,9.49375
2025-11-10 11:30:00,9.49454,9.50113,9.49011,9.49623
2025-11-10 12:00:00,9.49626,9.50657,9.49626,9.50632
2025-11-10 12:30:00,9.50631,9.51005,9.50431,9.50765
2025-11-10 13:00:00,9.50767,9.51744,9.50731,9.51313
2025-11-10 13:30:00,9.51314,9.51329,9.50689,9.50787
2025-11-10 14:00:00,9.50789,9.50936,9.49347,9.4947
2025-11-10 14:30:00,9.49466,9.50115,9.49219,9.4961
2025-11-10 15:00:00,9.496,9.49913,9.48766,9.49366
2025-11-10 15:30:00,9.4937,9.50471,9.49348,9.4985
2025-11-10 16:00:00,9.49852,9.50383,9.49701,9.50059
2025-11-10 16:30:00,9.50062,9.51195,9.49833,9.50748
2025-11-10 17:00:00,9.50748,9.51913,9.50653,9.51844
2025-11-10 17:30:00,9.51846,9.53146,9.51807,9.53033
2025-11-10 18:00:00,9.53032,9.5324,9.52033,9.52369
2025-11-10 18:30:00,9.52368,9.52908,9.5211,9.52557
2025-11-10 19:00:00,9.52555,9.52707,9.5167,9.51914
2025-11-10 19:30:00,9.51917,9.52186,9.50524,9.50629
2025-11-10 20:00:00,9.50628,9.50987,9.50066,9.50897
2025-11-10 20:30:00,9.50892,9.50923,9.50444,9.50708
2025-11-10 21:00:00,9.5071,9.50749,9.50328,9.50432
2025-11-10 21:30:00,9.50427,9.50755,9.50373,9.50398
2025-11-10 22:00:00,9.50403,9.50711,9.50303,9.5066
2025-11-10 22:30:00,9.50663,9.50784,9.50442,9.5066
2025-11-10 23:00:00,9.50653,9.50914,9.50637,9.50892
2025-11-10 23:30:00,9.50879,9.5118,9.50783,9.50845
2025-11-11 00:00:00,9.50553,9.50882,9.49687,9.50838
2025-11-11 00:30:00,9.50873,9.51538,9.50591,9.51188
2025-11-11 01:00:00,9.5093,9.51766,9.50842,9.51519
2025-11-11 01:30:00,9.51522,9.51667,9.51003,9.5128
2025-11-11 02:00:00,9.51289,9.51358,9.51079,9.51239
2025-11-11 02:30:00,9.51243,9.51645,9.51226,9.51576
2025-11-11 03:00:00,9.51569,9.51998,9.5146,9.51816
2025-11-11 03:30:00,9.51815,9.51845,9.51458,9.51708
2025-11-11 04:00:00,9.51709,9.51938,9.51469,9.51909
2025-11-11 04:30:00,9.51898,9.52336,9.51898,9.52231
2025-11-11 05:00:00,9.52234,9.5225,9.51879,9.51911
2025-11-11 05:30:00,9.51925,9.52099,9.51742,9.51948
2025-11-11 06:00:00,9.51947,9.51972,9.51398,9.51727
2025-11-11 06:30:00,9.51724,9.51947,9.51656,9.5189
2025-11-11 07:00:00,9.51888,9.52023,9.51609,9.51933
2025-11-11 07:30:00,9.51919,9.51962,9.51401,9.51541
2025-11-11 08:00:00,9.5154,9.51624,9.51356,9.51434
2025-11-11 08:30:00,9.51436,9.52582,9.51394,9.52363
2025-11-11 09:00:00,9.52362,9.52793,9.51615,9.51775
2025-11-11 09:30:00,9.51779,9.51921,9.512,9.51358
2025-11-11 10:00:00,9.51341,9.51478,9.5045,9.50878
2025-11-11 10:30:00,9.50894,9.5101,9.49772,9.50218
2025-11-11 11:00:00,9.50221,9.50671,9.49268,9.49318
2025-11-11 11:30:00,9.49313,9.49467,9.48947,9.49278
2025-11-11 12:00:00,9.49295,9.49515,9.48367,9.48471
2025-11-11 12:30:00,9.48469,9.49148,9.48304,9.48795
2025-11-11 13:00:00,9.48793,9.48793,9.48295,9.48576
2025-11-11 13:30:00,9.48577,9.48976,9.48286,9.48473
2025-11-11 14:00:00,9.48475,9.48702,9.48045,9.48387
2025-11-11 14:30:00,9.48389,9.48642,9.47929,9.48185
2025-11-11 15:00:00,9.48184,9.48184,9.45326,9.45665
2025-11-11 15:30:00,9.45681,9.45886,9.44908,9.45369
2025-11-11 16:00:00,9.45363,9.46214,9.44945,9.45208
2025-11-11 16:30:00,9.45205,9.45205,9.4445,9.44862
2025-11-11 17:00:00,9.44868,9.45902,9.44647,9.45437
2025-11-11 17:30:00,9.45438,9.45923,9.45057,9.45416
2025-11-11 18:00:00,9.45412,9.45781,9.44672,9.4554
2025-11-11 18:30:00,9.45539,9.45649,9.44848,9.45047
2025-11-11 19:00:00,9.45,9.45335,9.44465,9.44672
2025-11-11 19:30:00,9.44669,9.44866,9.44356,9.44606
2025-11-11 20:00:00,9.44623,9.44829,9.44215,9.44485
2025-11-11 20:30:00,9.44484,9.4464,9.43905,9.44609
2025-11-11 21:00:00,9.4461,9.44916,9.44534,9.44732
2025-11-11 21:30:00,9.4473,9.45345,9.44606,9.45193
2025-11-11 22:00:00,9.45194,9.45361,9.44803,9.45218
2025-11-11 22:30:00,9.45216,9.45756,9.44948,9.45476
2025-11-11 23:00:00,9.45464,9.45801,9.4528,9.45769
2025-11-11 23:30:00,9.45755,9.45842,9.45433,9.45433
2025-11-12 00:00:00,9.45075,9.46162,9.43818,9.45981
2025-11-12 00:30:00,9.46027,9.46145,9.44898,9.44928
2025-11-12 01:00:00,9.45098,9.4565,9.44819,9.45215
2025-11-12 01:30:00,9.45199,9.45207,9.44879,9.44949
2025-11-12 02:00:00,9.44943,9.45386,9.44936,9.45314
2025-11-12 02:30:00,9.45496,9.46011,9.45332,9.46002
2025-11-12 03:00:00,9.46001,9.46307,9.45741,9.46248
2025-11-12 03:30:00,9.46241,9.46454,9.4579,9.46071
2025-11-12 04:00:00,9.46076,9.46076,9.45715,9.45826
2025-11-12 04:30:00,9.45829,9.46193,9.45828,9.46023
2025-11-12 05:00:00,9.46023,9.46319,9.45872,9.4603
2025-11-12 05:30:00,9.46027,9.46304,9.46017,9.46233
2025-11-12 06:00:00,9.46254,9.47108,9.46176,9.4691
2025-11-12 06:30:00,9.46909,9.47199,9.46817,9.46842
2025-11-12 07:00:00,9.46841,9.47035,9.46444,9.46527
2025-11-12 07:30:00,9.4653,9.46631,9.46228,9.46427
2025-11-12 08:00:00,9.4643,9.4656,9.45846,9.45909
2025-11-12 08:30:00,9.45908,9.46025,9.45556,9.45632
2025-11-12 09:00:00,9.45615,9.45616,9.44784,9.45372
2025-11-12 09:30:00,9.45375,9.45712,9.45168,9.45343
2025-11-12 10:00:00,9.45298,9.45693,9.45201,9.45331
2025-11-12 10:30:00,9.45332,9.45536,9.44942,9.45341
2025-11-12 11:00:00,9.45338,9.45927,9.44994,9.45462
2025-11-12 11:30:00,9.45461,9.45493,9.45029,9.45182
2025-11-12 12:00:00,9.45179,9.45255,9.44583,9.45203
2025-11-12 12:30:00,9.45203,9.45203,9.44256,9.44521
2025-11-12 13:00:00,9.44522,9.44955,9.44111,9.44196
2025-11-12 13:30:00,9.44188,9.44367,9.43745,9.43753
2025-11-12 14:00:00,9.43752,9.44084,9.43504,9.43843
2025-11-12 14:30:00,9.43845,9.44756,9.4382,9.44289
2025-11-12 15:00:00,9.44282,9.4586,9.44056,9.45723
2025-11-12 15:30:00,9.45727,9.46362,9.45687,9.45828
2025-11-12 16:00:00,9.45835,9.47068,9.4573,9.46861
2025-11-12 16:30:00,9.4686,9.46965,9.45684,9.45756
2025-11-12 17:00:00,9.45755,9.46166,9.4524,9.45607
2025-11-12 17:30:00,9.45626,9.46067,9.44408,9.44529
2025-11-12 18:00:00,9.44531,9.45041,9.44132,9.44817
2025-11-12 18:30:00,9.44814,9.45138,9.44379,9.44836
2025-11-12 19:00:00,9.44835,9.4516,9.44442,9.44938
2025-11-12 19:30:00,9.4494,9.45231,9.44532,9.44641
2025-11-12 20:00:00,9.44645,9.45118,9.44561,9.44876
2025-11-12 20:30:00,9.44875,9.44913,9.44611,9.44827
2025-11-12 21:00:00,9.44828,9.45242,9.44661,9.45124
2025-11-12 21:30:00,9.4513,9.45283,9.44739,9.44848
2025-11-12 22:00:00,9.44847,9.45114,9.44752,9.45003
2025-11-12 22:30:00,9.45004,9.45078,9.4472,9.44785
2025-11-12 23:00:00,9.44779,9.45116,9.44757,9.45057
2025-11-12 23:30:00,9.45059,9.45404,9.43686,9.43686
2025-11-13 00:00:00,9.43559,9.44168,9.43327,9.43854
2025-11-13 00:30:00,9.43878,9.44742,9.43816,9.44563
2025-11-13 01:00:00,9.4425,9.44875,9.43938,9.44234
2025-11-13 01:30:00,9.44228,9.44537,9.44172,9.445
2025-11-13 02:00:00,9.44524,9.45065,9.44489,9.45029
2025-11-13 02:30:00,9.45027,9.45508,9.44721,9.45493
2025-11-13 03:00:00,9.45499,9.45832,9.45353,9.45611
2025-11-13 03:30:00,9.45613,9.45656,9.44844,9.44852
2025-11-13 04:00:00,9.44856,9.45307,9.44458,9.45228
2025-11-13 04:30:00,9.45234,9.45257,9.44952,9.44967
2025-11-13 05:00:00,9.44958,9.45045,9.44787,9.45045
2025-11-13 05:30:00,9.45049,9.45168,9.44885,9.44957
2025-11-13 06:00:00,9.44956,9.45181,9.44791,9.45095
2025-11-13 06:30:00,9.45098,9.45129,9.44807,9.44819
2025-11-13 07:00:00,9.4482,9.45337,9.44736,9.45329
2025-11-13 07:30:00,9.4533,9.45527,9.45189,9.45369
2025-11-13 08:00:00,9.45383,9.45418,9.44908,9.44988
2025-11-13 08:30:00,9.44985,9.45328,9.44943,9.45004
2025-11-13 09:00:00,9.44947,9.45292,9.43536,9.43594
2025-11-13 09:30:00,9.43593,9.43734,9.41975,9.42201
2025-11-13 10:00:00,9.42198,9.4226,9.41239,9.41626
2025-11-13 10:30:00,9.41628,9.41791,9.39954,9.40018
2025-11-13 11:00:00,9.40005,9.40537,9.39662,9.40107
2025-11-13 11:30:00,9.40102,9.41565,9.39813,9.40345
2025-11-13 12:00:00,9.40346,9.40651,9.39767,9.40373
2025-11-13 12:30:00,9.40372,9.41113,9.40371,9.40721
2025-11-13 13:00:00,9.40729,9.41165,9.40215,9.40577
2025-11-13 13:30:00,9.40575,9.42083,9.40232,9.41681
2025-11-13 14:00:00,9.41679,9.41838,9.40749,9.41182
2025-11-13 14:30:00,9.41185,9.41559,9.40686,9.40798
2025-11-13 15:00:00,9.40799,9.41834,9.40601,9.41587
2025-11-13 15:30:00,9.41586,9.42775,9.41438,9.41961
2025-11-13 16:00:00,9.41949,9.42227,9.41466,9.41596
2025-11-13 16:30:00,9.4158,9.41617,9.40722,9.40831
2025-11-13 17:00:00,9.40838,9.41409,9.39716,9.39855
2025-11-13 17:30:00,9.39853,9.40033,9.38939,9.3954
2025-11-13 18:00:00,9.39545,9.39835,9.38584,9.38891
2025-11-13 18:30:00,9.38887,9.39001,9.38119,9.3812
2025-11-13 19:00:00,9.38034,9.38917,9.37784,9.37906
2025-11-13 19:30:00,9.37904,9.38391,9.37248,9.38057
2025-11-13 20:00:00,9.38062,9.38367,9.37798,9.38294
2025-11-13 20:30:00,9.38299,9.39838,9.38295,9.39563
2025-11-13 21:00:00,9.39606,9.39829,9.39416,9.39691
2025-11-13 21:30:00,9.39695,9.39981,9.39282,9.39739
2025-11-13 22:00:00,9.39726,9.40317,9.39645,9.40017
2025-11-13 22:30:00,9.40016,9.40684,9.39714,9.40565
2025-11-13 23:00:00,9.40567,9.40675,9.40258,9.40296
2025-11-13 23:30:00,9.40293,9.40321,9.39565,9.39817
2025-11-14 00:00:00,9.39264,9.40189,9.37546,9.40023
2025-11-14 00:30:00,9.39996,9.40202,9.39859,9.40126
2025-11-14 01:00:00,9.401,9.40685,9.39517,9.40582
2025-11-14 01:30:00,9.40583,9.40691,9.404,9.40512
2025-11-14 02:00:00,9.40506,9.40756,9.40076,9.40122
2025-11-14 02:30:00,9.40125,9.40556,9.4011,9.40126
2025-11-14 03:00:00,9.40125,9.40334,9.39395,9.39777
2025-11-14 03:30:00,9.39772,9.39876,9.39159,9.39643
2025-11-14 04:00:00,9.39667,9.39881,9.39222,9.39489
2025-11-14 04:30:00,9.39487,9.39704,9.39302,9.39397
2025-11-14 05:00:00,9.39396,9.39484,9.39184,9.39184
2025-11-14 05:30:00,9.39183,9.39562,9.38862,9.3955
2025-11-14 06:00:00,9.39547,9.39576,9.39195,9.39561
2025-11-14 06:30:00,9.39559,9.39743,9.39215,9.39233
2025-11-14 07:00:00,9.39235,9.39763,9.3905,9.39701
2025-11-14 07:30:00,9.39699,9.40054,9.39015,9.39099
2025-11-14 08:00:00,9.39097,9.39804,9.39,9.39762
2025-11-14 08:30:00,9.39759,9.40186,9.39369,9.39798
2025-11-14 09:00:00,9.39819,9.41669,9.39746,9.415
2025-11-14 09:30:00,9.41499,9.43071,9.40943,9.42952
2025-11-14 10:00:00,9.4295,9.44889,9.4295,9.44136
2025-11-14 10:30:00,9.44134,9.4414,9.42563,9.43529
2025-11-14 11:00:00,9.43531,9.45291,9.43499,9.45205
2025-11-14 11:30:00,9.45202,9.45773,9.4463,9.45545
2025-11-14 12:00:00,9.45571,9.46284,9.45304,9.46283
2025-11-14 12:30:00,9.46286,9.46692,9.46121,9.46509
2025-11-14 13:00:00,9.46512,9.47147,9.46439,9.46988
2025-11-14 13:30:00,9.46987,9.47214,9.46336,9.46347
2025-11-14 14:00:00,9.46352,9.46574,9.44897,9.4506
2025-11-14 14:30:00,9.45061,9.45075,9.42665,9.42665
2025-11-14 15:00:00,9.42667,9.43272,9.42072,9.43263
2025-11-14 15:30:00,9.43263,9.44662,9.42962,9.44093
2025-11-14 16:00:00,9.44092,9.4455,9.4301,9.4364
2025-11-14 16:30:00,9.43638,9.44286,9.43091,9.43716
2025-11-14 17:00:00,9.43717,9.44631,9.43685,9.44327
2025-11-14 17:30:00,9.44327,9.45126,9.44142,9.44295
2025-11-14 18:00:00,9.44303,9.45123,9.43751,9.44179
2025-11-14 18:30:00,9.44179,9.45289,9.43935,9.44895
2025-11-14 19:00:00,9.44854,9.45931,9.44806,9.4541
2025-11-14 19:30:00,9.45405,9.45976,9.45317,9.45717
2025-11-14 20:00:00,9.45722,9.46244,9.45633,9.45712
2025-11-14 20:30:00,9.45715,9.46072,9.45395,9.45718
2025-11-14 21:00:00,9.45754,9.45787,9.45466,9.45471
2025-11-14 21:30:00,9.45472,9.45986,9.45356,9.4579
2025-11-14 22:00:00,9.45789,9.4613,9.45495,9.45532
2025-11-14 22:30:00,9.45533,9.45741,9.45422,9.45508
2025-11-14 23:00:00,9.45493,9.45631,9.44543,9.44646
2025-11-14 23:30:00,9.44643,9.45686,9.44414,9.44728
2025-11-17 00:00:00,9.42646,9.43802,9.42316,9.43719
2025-11-17 00:30:00,9.43726,9.44272,9.4359,9.43889
2025-11-17 01:00:00,9.43869,9.4485,9.43769,9.4446
2025-11-17 01:30:00,9.445,9.45301,9.44394,9.45011
2025-11-17 02:00:00,9.4499,9.46179,9.4499,9.45859
2025-11-17 02:30:00,9.45852,9.46385,9.45826,9.46323
2025-11-17 03:00:00,9.46322,9.46425,9.46026,9.46193
2025-11-17 03:30:00,9.46194,9.46558,9.46079,9.46463
2025-11-17 04:00:00,9.46462,9.46824,9.46446,9.46562
2025-11-17 04:30:00,9.46565,9.46877,9.46564,9.46803
2025-11-17 05:00:00,9.46809,9.47129,9.46809,9.47044
2025-11-17 05:30:00,9.47045,9.47412,9.47043,9.47323
2025-11-17 06:00:00,9.47324,9.47398,9.47121,9.4715
2025-11-17 06:30:00,9.47137,9.47175,9.46791,9.46829
2025-11-17 07:00:00,9.46827,9.46945,9.46644,9.46856
2025-11-17 07:30:00,9.46855,9.4722,9.46833,9.47149
2025-11-17 08:00:00,9.47147,9.47645,9.47037,9.47042
2025-11-17 08:30:00,9.47049,9.47116,9.46386,9.46554
2025-11-17 09:00:00,9.46585,9.46755,9.4521,9.45223
2025-11-17 09:30:00,9.45225,9.45446,9.43975,9.44362
2025-11-17 10:00:00,9.44312,9.45054,9.43749,9.44683
2025-11-17 10:30:00,9.44672,9.4519,9.44473,9.4474
2025-11-17 11:00:00,9.44737,9.45582,9.44729,9.45009
2025-11-17 11:30:00,9.4501,9.4501,9.43536,9.43852
2025-11-17 12:00:00,9.4385,9.4412,9.43408,9.43437
2025-11-17 12:30:00,9.43442,9.44283,9.42894,9.44211
2025-11-17 13:00:00,9.44209,9.44648,9.43596,9.43658
2025-11-17 13:30:00,9.43657,9.44099,9.43461,9.43744
2025-11-17 14:00:00,9.43752,9.44385,9.43626,9.43685
2025-11-17 14:30:00,9.43684,9.4484,9.43524,9.44455
2025-11-17 15:00:00,9.44453,9.46154,9.44407,9.45427
2025-11-17 15:30:00,9.45385,9.46876,9.45271,9.46098
2025-11-17 16:00:00,9.46096,9.46319,9.45633,9.46238
2025-11-17 16:30:00,9.46238,9.46798,9.45903,9.46736
2025-11-17 17:00:00,9.46736,9.47325,9.46229,9.46355
2025-11-17 17:30:00,9.46355,9.47367,9.46186,9.46346
2025-11-17 18:00:00,9.46345,9.46541,9.45853,9.45892
2025-11-17 18:30:00,9.45891,9.45947,9.45367,9.45486
2025-11-17 19:00:00,9.45462,9.45812,9.45261,9.45504
2025-11-17 19:30:00,9.45502,9.46322,9.45413,9.46135
2025-11-17 20:00:00,9.46131,9.46864,9.46106,9.46777
2025-11-17 20:30:00,9.46779,9.47514,9.46736,9.47276
2025-11-17 21:00:00,9.47278,9.47322,9.4694,9.46995
2025-11-17 21:30:00,9.46996,9.48737,9.46978,9.48587
2025-11-17 22:00:00,9.48724,9.48796,9.47931,9.47946
2025-11-17 22:30:00,9.47947,9.48159,9.4774,9.4796
2025-11-17 23:00:00,9.47954,9.47966,9.47422,9.47521
2025-11-17 23:30:00,9.47524,9.47636,9.46761,9.46761
2025-11-18 00:00:00,9.46174,9.46766,9.45208,9.46353
2025-11-18 00:30:00,9.46338,9.4727,9.46161,9.47211
2025-11-18 01:00:00,9.47154,9.47565,9.46712,9.47545
2025-11-18 01:30:00,9.47561,9.47861,9.47434,9.47814
2025-11-18 02:00:00,9.47812,9.48096,9.47797,9.47847
2025-11-18 02:30:00,9.47848,9.48038,9.47742,9.47903
2025-11-18 03:00:00,9.47902,9.48013,9.47405,9.47406
2025-11-18 03:30:00,9.47407,9.47462,9.47102,9.4731
2025-11-18 04:00:00,9.47307,9.47758,9.4726,9.47599
2025-11-18 04:30:00,9.47594,9.47829,9.47495,9.47656
2025-11-18 05:00:00,9.4765,9.47803,9.47346,9.47775
2025-11-18 05:30:00,9.47776,9.48289,9.47639,9.47857
2025-11-18 06:00:00,9.47858,9.48388,9.47706,9.47934
2025-11-18 06:30:00,9.47933,9.48172,9.47603,9.4762
2025-11-18 07:00:00,9.4762,9.48014,9.47619,9.4789
2025-11-18 07:30:00,9.47889,9.48263,9.47825,9.47946
2025-11-18 08:00:00,9.47942,9.4834,9.47797,9.48002
2025-11-18 08:30:00,9.47994,9.48685,9.47391,9.48566
2025-11-18 09:00:00,9.48575,9.48978,9.47921,9.48914
2025-11-18 09:30:00,9.48925,9.49033,9.48203,9.48913
2025-11-18 10:00:00,9.48903,9.48903,9.47188,9.47477
2025-11-18 10:30:00,9.47499,9.47649,9.46928,9.47484
2025-11-18 11:00:00,9.47485,9.48535,9.47303,9.48436
2025-11-18 11:30:00,9.4846,9.49092,9.4825,9.48896
2025-11-18 12:00:00,9.48908,9.50021,9.4855,9.49859
2025-11-18 12:30:00,9.49861,9.49949,9.49386,9.49459
2025-11-18 13:00:00,9.4946,9.49866,9.49234,9.49644
2025-11-18 13:30:00,9.4965,9.4965,9.48886,9.49087
2025-11-18 14:00:00,9.49088,9.49422,9.48477,9.49003
2025-11-18 14:30:00,9.49005,9.49047,9.48337,9.48445
2025-11-18 15:00:00,9.48435,9.48987,9.47164,9.47385
2025-11-18 15:30:00,9.47375,9.47881,9.46826,9.4746
2025-11-18 16:00:00,9.47461,9.47635,9.46878,9.47336
2025-11-18 16:30:00,9.47339,9.47916,9.46603,9.47582
2025-11-18 17:00:00,9.47576,9.48371,9.46754,9.47005
2025-11-18 17:30:00,9.47001,9.49469,9.46741,9.49385
2025-11-18 18:00:00,9.49382,9.50033,9.48287,9.48766
2025-11-18 18:30:00,9.48784,9.48784,9.47836,9.47918
2025-11-18 19:00:00,9.47875,9.48829,9.477,9.48471
2025-11-18 19:30:00,9.48473,9.48518,9.47677,9.47856
2025-11-18 20:00:00,9.47854,9.47893,9.46797,9.46981
2025-11-18 20:30:00,9.46982,9.47159,9.463,9.47115
2025-11-18 21:00:00,9.47099,9.47199,9.46358,9.46532
2025-11-18 21:30:00,9.46527,9.46649,9.46169,9.46257
2025-11-18 22:00:00,9.46238,9.46749,9.46171,9.46719
2025-11-18 22:30:00,9.46724,9.4748,9.46687,9.47292
2025-11-18 23:00:00,9.47292,9.47343,9.46858,9.47191
2025-11-18 23:30:00,9.47193,9.47255,9.46516,9.46516
2025-11-19 00:00:00,9.46407,9.47047,9.45157,9.46719
2025-11-19 00:30:00,9.46489,9.47001,9.46431,9.46973
2025-11-19 01:00:00,9.46919,9.47358,9.46768,9.47024
2025-11-19 01:30:00,9.4702,9.47282,9.46954,9.47066
2025-11-19 02:00:00,9.47073,9.47236,9.46815,9.47023
2025-11-19 02:30:00,9.47023,9.47811,9.46967,9.47386
2025-11-19 03:00:00,9.47387,9.47747,9.47201,9.47574
2025-11-19 03:30:00,9.47573,9.48534,9.474,9.48459
2025-11-19 04:00:00,9.48458,9.48472,9.4793,9.47971
2025-11-19 04:30:00,9.4797,9.48012,9.47682,9.47925
2025-11-19 05:00:00,9.47926,9.48333,9.47841,9.47982
2025-11-19 05:30:00,9.47981,9.48132,9.47631,9.48109
2025-11-19 06:00:00,9.4811,9.48572,9.48082,9.48349
2025-11-19 06:30:00,9.4835,9.48371,9.47941,9.47948
2025-11-19 07:00:00,9.47942,9.47942,9.47608,9.47647
2025-11-19 07:30:00,9.47648,9.47714,9.47089,9.4721
2025-11-19 08:00:00,9.47209,9.47246,9.46948,9.47028
2025-11-19 08:30:00,9.47031,9.47509,9.46972,9.47505
2025-11-19 09:00:00,9.47535,9.47908,9.47083,9.47284
2025-11-19 09:30:00,9.47285,9.47836,9.46273,9.47502
2025-11-19 10:00:00,9.47513,9.4779,9.46821,9.47343
2025-11-19 10:30:00,9.47354,9.48653,9.4735,9.48485
2025-11-19 11:00:00,9.48484,9.49489,9.48136,9.49181
2025-11-19 11:30:00,9.49169,9.49649,9.48452,9.48453
2025-11-19 12:00:00,9.48382,9.49851,9.48382,9.49474
2025-11-19 12:30:00,9.49476,9.50084,9.49263,9.49973
2025-11-19 13:00:00,9.49931,9.50261,9.49013,9.49226
2025-11-19 13:30:00,9.49226,9.49277,9.48548,9.48641
2025-11-19 14:00:00,9.48602,9.49773,9.48398,9.49632
2025-11-19 14:30:00,9.49633,9.50077,9.49282,9.49713
2025-11-19 15:00:00,9.49716,9.49874,9.48244,9.4874
2025-11-19 15:30:00,9.48719,9.49919,9.4868,9.49611
2025-11-19 16:00:00,9.49599,9.51263,9.4938,9.51215
2025-11-19 16:30:00,9.51216,9.51696,9.50378,9.51336
2025-11-19 17:00:00,9.51337,9.52372,9.51312,9.52305
2025-11-19 17:30:00,9.52302,9.54115,9.52298,9.53862
2025-11-19 18:00:00,9.53857,9.55195,9.53747,9.55148
2025-11-19 18:30:00,9.55157,9.55531,9.54522,9.54735
2025-11-19 19:00:00,9.54713,9.56027,9.54413,9.55631
2025-11-19 19:30:00,9.5563,9.56503,9.55562,9.55734
2025-11-19 20:00:00,9.55809,9.56196,9.55086,9.55503
2025-11-19 20:30:00,9.55506,9.55882,9.54793,9.5541
2025-11-19 21:00:00,9.5539,9.56802,9.55139,9.56269
2025-11-19 21:30:00,9.56267,9.5654,9.55791,9.56143
2025-11-19 22:00:00,9.56117,9.5635,9.55117,9.55534
2025-11-19 22:30:00,9.55533,9.55916,9.55385,9.55736
2025-11-19 23:00:00,9.5573,9.55975,9.55254,9.55355
2025-11-19 23:30:00,9.55377,9.55565,9.53799,9.53799
2025-11-20 00:00:00,9.53776,9.54147,9.53633,9.54117
2025-11-20 00:30:00,9.5413,9.5423,9.53895,9.53946
2025-11-20 01:00:00,9.53905,9.54598,9.53683,9.54522
2025-11-20 01:30:00,9.54515,9.54701,9.53718,9.53721
2025-11-20 02:00:00,9.53738,9.54622,9.53719,9.5458
2025-11-20 02:30:00,9.54578,9.54712,9.54128,9.5415
2025-11-20 03:00:00,9.54148,9.5485,9.54076,9.54732
2025-11-20 03:30:00,9.5473,9.55356,9.54489,9.55327
2025-11-20 04:00:00,9.55322,9.56012,9.55268,9.55783
2025-11-20 04:30:00,9.55761,9.55773,9.55381,9.55511
2025-11-20 05:00:00,9.55508,9.55811,9.55211,9.55476
2025-11-20 05:30:00,9.55478,9.56453,9.55464,9.56119
2025-11-20 06:00:00,9.56117,9.56168,9.55521,9.55571
2025-11-20 06:30:00,9.55558,9.55606,9.55412,9.55482
2025-11-20 07:00:00,9.55483,9.5565,9.55122,9.55125
2025-11-20 07:30:00,9.55123,9.55535,9.54971,9.55292
2025-11-20 08:00:00,9.55301,9.55631,9.54592,9.54955
2025-11-20 08:30:00,9.54958,9.55364,9.54684,9.54903
2025-11-20 09:00:00,9.54898,9.55643,9.54634,9.5489
2025-11-20 09:30:00,9.54889,9.5526,9.54694,9.55069
2025-11-20 10:00:00,9.55069,9.55802,9.54671,9.55509
2025-11-20 10:30:00,9.55508,9.55779,9.54877,9.55571
2025-11-20 11:00:00,9.55582,9.55892,9.55348,9.55566
2025-11-20 11:30:00,9.55573,9.55739,9.54357,9.544
2025-11-20 12:00:00,9.54405,9.5487,9.54172,9.54306
2025-11-20 12:30:00,9.54301,9.54309,9.53015,9.53349
2025-11-20 13:00:00,9.53333,9.54767,9.53322,9.54618
2025-11-20 13:30:00,9.54621,9.5509,9.54306,9.54833
2025-11-20 14:00:00,9.54834,9.55578,9.54664,9.55491
2025-11-20 14:30:00,9.55487,9.56101,9.55315,9.55607
2025-11-20 15:00:00,9.55608,9.55638,9.54776,9.54776
2025-11-20 15:30:00,9.54783,9.55446,9.52124,9.53491
2025-11-20 16:00:00,9.53497,9.54087,9.52679,9.52801
2025-11-20 16:30:00,9.528,9.5298,9.51385,9.52258
2025-11-20 17:00:00,9.52269,9.53727,9.5219,9.53014
2025-11-20 17:30:00,9.53013,9.54903,9.53004,9.53284
2025-11-20 18:00:00,9.53288,9.53565,9.5266,9.53001
2025-11-20 18:30:00,9.5301,9.54501,9.5297,9.54296
2025-11-20 19:00:00,9.54249,9.55298,9.53526,9.54999
2025-11-20 19:30:00,9.55,9.55837,9.54834,9.55106
2025-11-20 20:00:00,9.55099,9.55239,9.54042,9.54567
2025-11-20 20:30:00,9.54559,9.55099,9.54038,9.54604
2025-11-20 21:00:00,9.54606,9.55089,9.5434,9.54533
2025-11-20 21:30:00,9.54534,9.54646,9.54062,9.5431
2025-11-20 22:00:00,9.54309,9.55181,9.54139,9.55038
2025-11-20 22:30:00,9.55041,9.55492,9.54912,9.55413
2025-11-20 23:00:00,9.5535,9.5574,9.55327,9.55735
2025-11-20 23:30:00,9.55729,9.55746,9.55056,9.55059
2025-11-21 00:00:00,9.55047,9.55155,9.52087,9.53736
2025-11-21 00:30:00,9.53865,9.54917,9.5342,9.54474
2025-11-21 01:00:00,9.54473,9.55437,9.543,9.54534
2025-11-21 01:30:00,9.54558,9.5511,9.53548,9.5384
2025-11-21 02:00:00,9.53824,9.54648,9.53564,9.54248
2025-11-21 02:30:00,9.54238,9.5431,9.53701,9.53856
2025-11-21 03:00:00,9.53846,9.54041,9.53665,9.53931
2025-11-21 03:30:00,9.53932,9.54327,9.53932,9.54323
2025-11-21 04:00:00,9.54324,9.54338,9.53738,9.53932
2025-11-21 04:30:00,9.53924,9.54422,9.53847,9.54153
2025-11-21 05:00:00,9.54146,9.54351,9.54078,9.541
2025-11-21 05:30:00,9.54097,9.54341,9.53898,9.54005
2025-11-21 06:00:00,9.54006,9.54085,9.53533,9.54009
2025-11-21 06:30:00,9.54005,9.54435,9.53996,9.54304
2025-11-21 07:00:00,9.54316,9.54329,9.5338,9.53592
2025-11-21 07:30:00,9.53595,9.54348,9.53347,9.5422
2025-11-21 08:00:00,9.54219,9.54239,9.53271,9.53393
2025-11-21 08:30:00,9.53398,9.54178,9.53398,9.54061
2025-11-21 09:00:00,9.54094,9.54439,9.53589,9.54357
2025-11-21 09:30:00,9.54359,9.55015,9.53944,9.54968
2025-11-21 10:00:00,9.54964,9.56447,9.54481,9.54569
2025-11-21 10:30:00,9.54614,9.55254,9.54426,9.54866
2025-11-21 11:00:00,9.54871,9.5608,9.54871,9.5585
2025-11-21 11:30:00,9.55935,9.57689,9.55767,9.57624
2025-11-21 12:00:00,9.57692,9.59612,9.57596,9.59548
2025-11-21 12:30:00,9.59581,9.59633,9.57879,9.57897
2025-11-21 13:00:00,9.57887,9.58493,9.5762,9.58023
2025-11-21 13:30:00,9.58024,9.59066,9.57603,9.58911
2025-11-21 14:00:00,9.58915,9.59773,9.58621,9.59433
2025-11-21 14:30:00,9.59434,9.59483,9.56181,9.56605
2025-11-21 15:00:00,9.56606,9.57809,9.56554,9.57012
2025-11-21 15:30:00,9.57012,9.57222,9.56017,9.56793
2025-11-21 16:00:00,9.56795,9.58693,9.56555,9.58538
2025-11-21 16:30:00,9.58535,9.58792,9.57526,9.5801
2025-11-21 17:00:00,9.57542,9.58718,9.57312,9.5853
2025-11-21 17:30:00,9.58527,9.59432,9.5797,9.58347
2025-11-21 18:00:00,9.58344,9.59159,9.57032,9.57039
2025-11-21 18:30:00,9.57042,9.57991,9.56152,9.56262
2025-11-21 19:00:00,9.56166,9.56843,9.55123,9.56611
2025-11-21 19:30:00,9.56612,9.56896,9.56132,9.568
2025-11-21 20:00:00,9.56768,9.57432,9.56653,9.56819
2025-11-21 20:30:00,9.56818,9.56818,9.55062,9.5586
2025-11-21 21:00:00,9.55864,9.5587,9.55047,9.55122
2025-11-21 21:30:00,9.55133,9.55333,9.54358,9.55333
2025-11-21 22:00:00,9.55341,9.55687,9.55148,9.55412
2025-11-21 22:30:00,9.55411,9.55507,9.54628,9.54637
2025-11-21 23:00:00,9.5463,9.54806,9.54022,9.54788
2025-11-21 23:30:00,9.54792,9.55024,9.53959,9.54447
2025-11-24 00:00:00,9.52425,9.53523,9.51954,9.52828
2025-11-24 00:30:00,9.52768,9.53572,9.52763,9.53421
2025-11-24 01:00:00,9.53405,9.55277,9.5323,9.54956
2025-11-24 01:30:00,9.54951,9.5517,9.53969,9.54048
2025-11-24 02:00:00,9.54052,9.55175,9.54052,9.54897
2025-11-24 02:30:00,9.54898,9.55139,9.54805,9.54828
2025-11-24 03:00:00,9.54847,9.54988,9.54656,9.5467
2025-11-24 03:30:00,9.54669,9.54719,9.54362,9.54569
2025-11-24 04:00:00,9.54567,9.54669,9.54418,9.54643
2025-11-24 04:30:00,9.54646,9.54733,9.5431,9.54657
2025-11-24 05:00:00,9.54656,9.54956,9.54489,9.54654
2025-11-24 05:30:00,9.54666,9.5481,9.54402,9.54797
2025-11-24 06:00:00,9.54794,9.54984,9.54406,9.54482
2025-11-24 06:30:00,9.5448,9.54526,9.54212,9.5431
2025-11-24 07:00:00,9.54309,9.54325,9.53213,9.53357
2025-11-24 07:30:00,9.53355,9.53664,9.5332,9.53576
2025-11-24 08:00:00,9.53577,9.53776,9.53017,9.53707
2025-11-24 08:30:00,9.53708,9.54318,9.53583,9.54268
2025-11-24 09:00:00,9.54324,9.54638,9.53909,9.54438
2025-11-24 09:30:00,9.54438,9.55347,9.54103,9.55137
2025-11-24 10:00:00,9.55148,9.55677,9.53577,9.53745
2025-11-24 10:30:00,9.53742,9.54353,9.53463,9.5352
2025-11-24 11:00:00,9.53489,9.54557,9.52503,9.54531
2025-11-24 11:30:00,9.54532,9.54532,9.53909,9.54342
2025-11-24 12:00:00,9.54343,9.54356,9.53224,9.54021
2025-11-24 12:30:00,9.5402,9.54292,9.53363,9.53997
2025-11-24 13:00:00,9.54004,9.54628,9.53842,9.54189
2025-11-24 13:30:00,9.54187,9.54587,9.53695,9.54027
2025-11-24 14:00:00,9.54029,9.54414,9.53132,9.53286
2025-11-24 14:30:00,9.53287,9.53553,9.52411,9.53215
2025-11-24 15:00:00,9.53214,9.53599,9.52498,9.53431
2025-11-24 15:30:00,9.53452,9.53884,9.52913,9.53458
2025-11-24 16:00:00,9.53457,9.54265,9.53318,9.54252
2025-11-24 16:30:00,9.54253,9.54771,9.5305,9.5421
2025-11-24 17:00:00,9.54209,9.56027,9.53783,9.55629
2025-11-24 17:30:00,9.5563,9.56376,9.54873,9.54998
2025-11-24 18:00:00,9.54984,9.55464,9.54598,9.55463
2025-11-24 18:30:00,9.55462,9.55905,9.54872,9.55763
2025-11-24 19:00:00,9.55713,9.56399,9.55596,9.56139
2025-11-24 19:30:00,9.56155,9.56284,9.55502,9.55607
2025-11-24 20:00:00,9.55606,9.55622,9.55107,9.55305
2025-11-24 20:30:00,9.55308,9.55363,9.54272,9.54531
2025-11-24 21:00:00,9.54519,9.55235,9.54206,9.54902
2025-11-24 21:30:00,9.54901,9.55032,9.5434,9.54343
2025-11-24 22:00:00,9.54344,9.5471,9.54227,9.54691
2025-11-24 22:30:00,9.54693,9.54885,9.54631,9.54872
2025-11-24 23:00:00,9.54878,9.55356,9.54679,9.55352
2025-11-24 23:30:00,9.55351,9.554,9.54018,9.54018
2025-11-25 00:00:00,9.53748,9.53748,9.50103,9.51657
2025-11-25 00:30:00,9.52427,9.55095,9.51668,9.5393
2025-11-25 01:00:00,9.53941,9.54635,9.53892,9.54434
2025-11-25 01:30:00,9.54436,9.54878,9.54396,9.54687
2025-11-25 02:00:00,9.54789,9.54895,9.54597,9.54787
2025-11-25 02:30:00,9.5478,9.55296,9.54705,9.55109
2025-11-25 03:00:00,9.55104,9.55276,9.54537,9.54586
2025-11-25 03:30:00,9.54587,9.54926,9.54355,9.54863
2025-11-25 04:00:00,9.54852,9.5507,9.54699,9.55053
2025-11-25 04:30:00,9.55054,9.55289,9.54767,9.54768
2025-11-25 05:00:00,9.54767,9.55365,9.54467,9.55363
2025-11-25 05:30:00,9.55362,9.55926,9.55233,9.55835
2025-11-25 06:00:00,9.55834,9.55957,9.55804,9.55911
2025-11-25 06:30:00,9.55913,9.55926,9.55714,9.55901
2025-11-25 07:00:00,9.55899,9.56131,9.55675,9.56114
2025-11-25 07:30:00,9.56115,9.56228,9.55559,9.55704
2025-11-25 08:00:00,9.55708,9.55961,9.55521,9.55613
2025-11-25 08:30:00,9.55612,9.55869,9.55405,9.55425
2025-11-25 09:00:00,9.5543,9.55689,9.54799,9.55234
2025-11-25 09:30:00,9.55212,9.5762,9.55036,9.57273
2025-11-25 10:00:00,9.57284,9.57884,9.5619,9.56377
2025-11-25 10:30:00,9.56371,9.57738,9.55665,9.57218
2025-11-25 11:00:00,9.57218,9.57303,9.5598,9.56109
2025-11-25 11:30:00,9.56108,9.56549,9.55786,9.56095
2025-11-25 12:00:00,9.56104,9.56374,9.55478,9.55969
2025-11-25 12:30:00,9.55967,9.5655,9.5589,9.5636
2025-11-25 13:00:00,9.56359,9.57904,9.56359,9.57889
2025-11-25 13:30:00,9.57845,9.58961,9.5779,9.5867
2025-11-25 14:00:00,9.58671,9.5986,9.58125,9.58338
2025-11-25 14:30:00,9.58344,9.58648,9.56594,9.57273
2025-11-25 15:00:00,9.57249,9.57396,9.55008,9.55527
2025-11-25 15:30:00,9.55467,9.56623,9.54727,9.5522
2025-11-25 16:00:00,9.55209,9.56486,9.54835,9.56202
2025-11-25 16:30:00,9.56204,9.56243,9.55135,9.55552
2025-11-25 17:00:00,9.55551,9.55889,9.54721,9.54808
2025-11-25 17:30:00,9.54809,9.55503,9.53239,9.55383
2025-11-25 18:00:00,9.55383,9.55452,9.54128,9.54362
2025-11-25 18:30:00,9.54364,9.55365,9.54364,9.55263
2025-11-25 19:00:00,9.55219,9.55251,9.5253,9.5311
2025-11-25 19:30:00,9.53105,9.53365,9.51826,9.52262
2025-11-25 20:00:00,9.52256,9.5272,9.51757,9.52273
2025-11-25 20:30:00,9.52274,9.52511,9.51878,9.52415
2025-11-25 21:00:00,9.52414,9.52925,9.5212,9.52643
2025-11-25 21:30:00,9.52642,9.52727,9.51651,9.51745
2025-11-25 22:00:00,9.51732,9.5321,9.5148,9.5321
2025-11-25 22:30:00,9.53211,9.53783,9.52913,9.52913
2025-11-25 23:00:00,9.5293,9.52988,9.51952,9.52229
2025-11-25 23:30:00,9.52226,9.53304,9.52106,9.52106
2025-11-26 00:00:00,9.51421,9.53252,9.51086,9.52753
2025-11-26 00:30:00,9.52828,9.53239,9.52365,9.52413
2025-11-26 01:00:00,9.52383,9.52737,9.519,9.52543
2025-11-26 01:30:00,9.52563,9.53388,9.52403,9.52821
2025-11-26 02:00:00,9.52818,9.53343,9.52685,9.52748
2025-11-26 02:30:00,9.52746,9.5332,9.52529,9.5292
2025-11-26 03:00:00,9.52916,9.52916,9.52256,9.52295
2025-11-26 03:30:00,9.52294,9.52294,9.5146,9.5207
2025-11-26 04:00:00,9.52071,9.52322,9.51249,9.5126
2025-11-26 04:30:00,9.51256,9.51531,9.51071,9.51374
2025-11-26 05:00:00,9.51378,9.51436,9.50342,9.50401
2025-11-26 05:30:00,9.50402,9.50431,9.50004,9.50045
2025-11-26 06:00:00,9.50044,9.50748,9.49927,9.50692
2025-11-26 06:30:00,9.50693,9.51081,9.50482,9.50972
2025-11-26 07:00:00,9.50971,9.51052,9.50619,9.50645
2025-11-26 07:30:00,9.50644,9.5092,9.50039,9.50071
2025-11-26 08:00:00,9.50121,9.50494,9.49675,9.49705
2025-11-26 08:30:00,9.49702,9.50676,9.49648,9.50429
2025-11-26 09:00:00,9.50444,9.50984,9.49942,9.50982
2025-11-26 09:30:00,9.50984,9.52703,9.50483,9.52292
2025-11-26 10:00:00,9.52325,9.52625,9.51286,9.51946
2025-11-26 10:30:00,9.51948,9.52776,9.51453,9.5221
2025-11-26 11:00:00,9.52206,9.52661,9.51842,9.51963
2025-11-26 11:30:00,9.51963,9.52373,9.51365,9.52111
2025-11-26 12:00:00,9.52105,9.52465,9.51982,9.52403
2025-11-26 12:30:00,9.52401,9.53465,9.52222,9.5335
2025-11-26 13:00:00,9.53349,9.53478,9.52818,9.53208
2025-11-26 13:30:00,9.53204,9.53491,9.5214,9.52415
2025-11-26 14:00:00,9.52415,9.53772,9.52299,9.52996
2025-11-26 14:30:00,9.52994,9.54325,9.52845,9.53204
2025-11-26 15:00:00,9.53199,9.53254,9.51578,9.51578
2025-11-26 15:30:00,9.51592,9.53886,9.51335,9.53587
2025-11-26 16:00:00,9.53592,9.54489,9.53326,9.53445
2025-11-26 16:30:00,9.53446,9.53463,9.51098,9.52388
2025-11-26 17:00:00,9.5239,9.5252,9.50402,9.5132
2025-11-26 17:30:00,9.51369,9.51896,9.50745,9.50825
2025-11-26 18:00:00,9.50823,9.50823,9.49034,9.49143
2025-11-26 18:30:00,9.49144,9.50027,9.48805,9.49904
2025-11-26 19:00:00,9.49901,9.50458,9.49409,9.5025
2025-11-26 19:30:00,9.50237,9.50702,9.49805,9.49926
2025-11-26 20:00:00,9.49927,9.49974,9.49207,9.4957
2025-11-26 20:30:00,9.49569,9.5021,9.49435,9.49573
2025-11-26 21:00:00,9.49572,9.50181,9.49452,9.49824
2025-11-26 21:30:00,9.49823,9.50257,9.49707,9.50254
2025-11-26 22:00:00,9.50267,9.50614,9.49167,9.49344
2025-11-26 22:30:00,9.49344,9.50367,9.49344,9.50019
2025-11-26 23:00:00,9.50008,9.50031,9.49416,9.49423
2025-11-26 23:30:00,9.49402,9.49409,9.48923,9.49116
2025-11-27 00:00:00,9.49163,9.49797,9.48419,9.49291
2025-11-27 00:30:00,9.49296,9.49711,9.49296,9.49466
2025-11-27 01:00:00,9.49472,9.49586,9.48847,9.49072
2025-11-27 01:30:00,9.49083,9.49162,9.48613,9.48694
2025-11-27 02:00:00,9.48752,9.48818,9.48403,9.48565
2025-11-27 02:30:00,9.48567,9.48628,9.47967,9.48196
2025-11-27 03:00:00,9.482,9.48223,9.47653,9.47688
2025-11-27 03:30:00,9.47699,9.47898,9.47313,9.47523
2025-11-27 04:00:00,9.47523,9.47573,9.47154,9.47387
2025-11-27 04:30:00,9.47389,9.48292,9.47173,9.48118
2025-11-27 05:00:00,9.48117,9.48257,9.47896,9.4825
2025-11-27 05:30:00,9.48254,9.48329,9.48121,9.48203
2025-11-27 06:00:00,9.48198,9.4843,9.48169,9.48174
2025-11-27 06:30:00,9.48176,9.48451,9.47988,9.48393
2025-11-27 07:00:00,9.48398,9.48409,9.47874,9.4791
2025-11-27 07:30:00,9.47909,9.48276,9.47861,9.48233
2025-11-27 08:00:00,9.48232,9.48962,9.4791,9.48867
2025-11-27 08:30:00,9.48869,9.49541,9.48655,9.4947
2025-11-27 09:00:00,9.49448,9.49716,9.49143,9.49475
2025-11-27 09:30:00,9.49475,9.50661,9.49471,9.49855
2025-11-27 10:00:00,9.49832,9.50281,9.49249,9.49606
2025-11-27 10:30:00,9.49605,9.49883,9.49136,9.49498
2025-11-27 11:00:00,9.495,9.50767,9.49498,9.49966
2025-11-27 11:30:00,9.49967,9.50007,9.48653,9.48984
2025-11-27 12:00:00,9.48952,9.49382,9.48477,9.48606
2025-11-27 12:30:00,9.48615,9.48784,9.47961,9.48091
2025-11-27 13:00:00,9.48096,9.49058,9.47693,9.48998
2025-11-27 13:30:00,9.48998,9.49304,9.48824,9.49176
2025-11-27 14:00:00,9.49177,9.49322,9.48642,9.4872
2025-11-27 14:30:00,9.48721,9.49033,9.4823,9.48971
2025-11-27 15:00:00,9.48993,9.49253,9.48671,9.48972
2025-11-27 15:30:00,9.4897,9.4902,9.48108,9.48378
2025-11-27 16:00:00,9.48377,9.48614,9.47633,9.47845
2025-11-27 16:30:00,9.47847,9.48296,9.478,9.4807
2025-11-27 17:00:00,9.48069,9.48168,9.47355,9.47495
2025-11-27 17:30:00,9.47496,9.4797,9.4747,9.47755
2025-11-27 18:00:00,9.47753,9.48336,9.47753,9.47873
2025-11-27 18:30:00,9.47894,9.48468,9.47894,9.48019
2025-11-27 19:00:00,9.47977,9.48521,9.47738,9.48354
2025-11-27 19:30:00,9.48351,9.48615,9.48282,9.48292
2025-11-27 20:00:00,9.48297,9.48303,9.47928,9.47963
2025-11-27 20:30:00,9.47967,9.48071,9.47819,9.47989
2025-11-27 21:00:00,9.4799,9.48059,9.47683,9.47744
2025-11-27 21:30:00,9.47739,9.47921,9.47644,9.47862
2025-11-27 22:00:00,9.47859,9.47922,9.47498,9.47632
2025-11-27 22:30:00,9.47633,9.48169,9.47516,9.47935
2025-11-27 23:00:00,9.47933,9.47933,9.47826,9.47853
2025-11-27 23:30:00,9.4785,9.4785,9.47445,9.47487
2025-11-28 00:00:00,9.46696,9.46696,9.45075,9.46178
2025-11-28 00:30:00,9.46141,9.47166,9.46141,9.46861
2025-11-28 01:00:00,9.46814,9.47532,9.46157,9.4713
2025-11-28 01:30:00,9.47066,9.47417,9.46153,9.47073
2025-11-28 02:00:00,9.47074,9.47267,9.46863,9.47157
2025-11-28 02:30:00,9.47159,9.47425,9.47006,9.47174
2025-11-28 03:00:00,9.47179,9.47333,9.46809,9.47263
2025-11-28 03:30:00,9.47265,9.48475,9.47238,9.48348
2025-11-28 04:00:00,9.48344,9.48828,9.47594,9.48429
2025-11-28 04:30:00,9.48443,9.48727,9.48329,9.48437
2025-11-28 05:00:00,9.48427,9.48698,9.4737,9.48183
2025-11-28 05:30:00,9.48182,9.48262,9.47606,9.47892
2025-11-28 06:00:00,9.47869,9.48006,9.47556,9.47687
2025-11-28 06:30:00,9.47686,9.47981,9.4743,9.47617
2025-11-28 07:00:00,9.47615,9.48465,9.4734,9.48185
2025-11-28 07:30:00,9.48188,9.48476,9.47677,9.47939
2025-11-28 08:00:00,9.47821,9.48461,9.47821,9.48234
2025-11-28 08:30:00,9.48223,9.4881,9.47965,9.47965
2025-11-28 09:00:00,9.48048,9.48541,9.4772,9.48527
2025-11-28 09:30:00,9.48523,9.50594,9.48271,9.50235
2025-11-28 10:00:00,9.50187,9.50891,9.49159,9.49386
2025-11-28 10:30:00,9.49382,9.50454,9.49234,9.49776
2025-11-28 11:00:00,9.49786,9.50299,9.48873,9.49578
2025-11-28 11:30:00,9.49566,9.50245,9.49362,9.50009
2025-11-28 12:00:00,9.49862,9.50544,9.49862,9.50193
2025-11-28 12:30:00,9.50196,9.50614,9.49777,9.5033
2025-11-28 13:00:00,9.50358,9.50485,9.49861,9.50266
2025-11-28 13:30:00,9.50267,9.50318,9.49234,9.49286
2025-11-28 14:00:00,9.49281,9.49843,9.48193,9.4824
2025-11-28 14:30:00,9.48216,9.48581,9.4708,9.48238
2025-11-28 15:00:00,9.48,9.48706,9.47302,9.47536
2025-11-28 15:30:00,9.47529,9.47734,9.46586,9.47558
2025-11-28 16:00:00,9.4757,9.48401,9.46902,9.48303
2025-11-28 16:30:00,9.48301,9.48328,9.47099,9.47159
2025-11-28 17:00:00,9.47148,9.48087,9.47011,9.47786
2025-11-28 17:30:00,9.47794,9.48069,9.42763,9.42763
2025-11-28 18:00:00,9.42745,9.44965,9.42513,9.44768
2025-11-28 18:30:00,9.44769,9.45071,9.43542,9.44051
2025-11-28 19:00:00,9.44005,9.44646,9.43867,9.44578
2025-11-28 19:30:00,9.44579,9.44985,9.44052,9.441
2025-11-28 20:00:00,9.44082,9.44676,9.43943,9.44031
2025-11-28 20:30:00,9.44025,9.44611,9.43898,9.44322
2025-11-28 21:00:00,9.44323,9.44418,9.44169,9.44177
2025-11-28 21:30:00,9.44176,9.44265,9.44133,9.44223
2025-11-28 22:00:00,9.44224,9.44352,9.43835,9.43914
2025-11-28 22:30:00,9.43915,9.44071,9.43673,9.43899
2025-11-28 23:00:00,9.439,9.4427,9.43806,9.4416
2025-11-28 23:30:00,9.44253,9.44547,9.42813,9.42813
2025-12-01 00:00:00,9.42979,9.43893,9.421,9.43893
2025-12-01 00:30:00,9.43732,9.4491,9.43732,9.44505
2025-12-01 01:00:00,9.44467,9.44603,9.4368,9.44569
2025-12-01 01:30:00,9.44568,9.4502,9.44509,9.44622
2025-12-01 02:00:00,9.44662,9.45021,9.44535,9.4477
2025-12-01 02:30:00,9.44771,9.44799,9.44447,9.44784
2025-12-01 03:00:00,9.44777,9.45043,9.4375,9.43849
2025-12-01 03:30:00,9.43841,9.44288,9.4382,9.44173
2025-12-01 04:00:00,9.44178,9.45278,9.4417,9.45132
2025-12-01 04:30:00,9.45131,9.45504,9.45009,9.45353
2025-12-01 05:00:00,9.45353,9.45975,9.45038,9.45316
2025-12-01 05:30:00,9.45314,9.45509,9.45218,9.45271
2025-12-01 06:00:00,9.45223,9.45408,9.4502,9.45043
2025-12-01 06:30:00,9.45039,9.45118,9.44703,9.45054
2025-12-01 07:00:00,9.45056,9.45271,9.44955,9.45201
2025-12-01 07:30:00,9.45211,9.45804,9.45044,9.45743
2025-12-01 08:00:00,9.45753,9.46304,9.45601,9.46083
2025-12-01 08:30:00,9.46087,9.46551,9.46002,9.46058
2025-12-01 09:00:00,9.46134,9.46409,9.43911,9.43911
2025-12-01 09:30:00,9.43926,9.44642,9.4349,9.44234
2025-12-01 10:00:00,9.44238,9.44896,9.43292,9.437
2025-12-01 10:30:00,9.43703,9.44483,9.43118,9.4348
2025-12-01 11:00:00,9.43481,9.4445,9.43065,9.44177
2025-12-01 11:30:00,9.44173,9.44212,9.43483,9.43974
2025-12-01 12:00:00,9.43974,9.44479,9.43285,9.43535
2025-12-01 12:30:00,9.43533,9.43933,9.4316,9.4317
2025-12-01 13:00:00,9.4317,9.4354,9.42267,9.42274
2025-12-01 13:30:00,9.42271,9.4317,9.42206,9.43059
2025-12-01 14:00:00,9.43058,9.43125,9.42011,9.4207
2025-12-01 14:30:00,9.42072,9.42387,9.40827,9.41082
2025-12-01 15:00:00,9.41081,9.41782,9.40741,9.41602
2025-12-01 15:30:00,9.41601,9.42139,9.40974,9.41594
2025-12-01 16:00:00,9.41598,9.42906,9.41598,9.41812
2025-12-01 16:30:00,9.41775,9.42386,9.41563,9.41909
2025-12-01 17:00:00,9.4159,9.41972,9.41052,9.41297
2025-12-01 17:30:00,9.41298,9.4353,9.41285,9.42668
2025-12-01 18:00:00,9.42667,9.44529,9.42047,9.44215
2025-12-01 18:30:00,9.44214,9.44747,9.43944,9.44148
2025-12-01 19:00:00,9.44105,9.44461,9.43472,9.43474
2025-12-01 19:30:00,9.43419,9.44478,9.43325,9.44274
2025-12-01 20:00:00,9.44277,9.45187,9.44116,9.4505
2025-12-01 20:30:00,9.45051,9.45396,9.44881,9.45257
2025-12-01 21:00:00,9.45255,9.45809,9.4513,9.45759
2025-12-01 21:30:00,9.45761,9.46155,9.45695,9.45779
2025-12-01 22:00:00,9.45749,9.45868,9.45343,9.45461
2025-12-01 22:30:00,9.4546,9.45591,9.45232,9.4526
2025-12-01 23:00:00,9.45259,9.45525,9.45072,9.45337
2025-12-01 23:30:00,9.4533,9.45495,9.44756,9.44756
2025-12-02 00:00:00,9.44781,9.451,9.44609,9.4501
2025-12-02 00:30:00,9.45062,9.45062,9.44793,9.44965
2025-12-02 01:00:00,9.44967,9.45077,9.44876,9.45027
2025-12-02 01:30:00,9.45026,9.45186,9.44986,9.45181
2025-12-02 02:00:00,9.45182,9.45421,9.44959,9.45388
2025-12-02 02:30:00,9.45384,9.45535,9.453,9.45475
2025-12-02 03:00:00,9.45473,9.45579,9.45188,9.45343
2025-12-02 03:30:00,9.45341,9.45342,9.44853,9.44936
2025-12-02 04:00:00,9.44937,9.45032,9.44816,9.44962
2025-12-02 04:30:00,9.44968,9.45034,9.44865,9.44907
2025-12-02 05:00:00,9.44908,9.45059,9.44843,9.44994
2025-12-02 05:30:00,9.44992,9.45092,9.44751,9.44829
2025-12-02 06:00:00,9.4483,9.44895,9.4461,9.44751
2025-12-02 06:30:00,9.44756,9.4498,9.44657,9.44976
2025-12-02 07:00:00,9.44977,9.45278,9.44826,9.45143
2025-12-02 07:30:00,9.45147,9.45185,9.44836,9.44902
2025-12-02 08:00:00,9.44916,9.45479,9.44843,9.45376
2025-12-02 08:30:00,9.45375,9.45482,9.45037,9.4509
2025-12-02 09:00:00,9.45167,9.45222,9.44804,9.45032
2025-12-02 09:30:00,9.45034,9.45291,9.44943,9.45048
2025-12-02 10:00:00,9.45052,9.45537,9.44547,9.44771
2025-12-02 10:30:00,9.4477,9.45229,9.44618,9.44842
2025-12-02 11:00:00,9.4484,9.4561,9.44697,9.45424
2025-12-02 11:30:00,9.45425,9.46184,9.45073,9.45406
2025-12-02 12:00:00,9.45344,9.46635,9.45184,9.4623
2025-12-02 12:30:00,9.46232,9.46391,9.45724,9.45941
2025-12-02 13:00:00,9.45945,9.46186,9.45876,9.45956
2025-12-02 13:30:00,9.45958,9.46155,9.45747,9.4579
2025-12-02 14:00:00,9.45791,9.46711,9.45755,9.45976
2025-12-02 14:30:00,9.45975,9.46066,9.45749,9.45824
2025-12-02 15:00:00,9.45823,9.45932,9.4546,9.4578
2025-12-02 15:30:00,9.45784,9.45969,9.45166,9.453
2025-12-02 16:00:00,9.45293,9.45517,9.44487,9.44981
2025-12-02 16:30:00,9.44973,9.4571,9.44408,9.44422
2025-12-02 17:00:00,9.44416,9.461,9.44262,9.45698
2025-12-02 17:30:00,9.4568,9.4568,9.4374,9.43956
2025-12-02 18:00:00,9.43955,9.44925,9.43805,9.44395
2025-12-02 18:30:00,9.44398,9.46164,9.44326,9.45734
2025-12-02 19:00:00,9.45728,9.46001,9.44327,9.44559
2025-12-02 19:30:00,9.44558,9.44843,9.43717,9.44332
2025-12-02 20:00:00,9.44335,9.44662,9.43963,9.44344
2025-12-02 20:30:00,9.44322,9.447,9.44084,9.4435
2025-12-02 21:00:00,9.44362,9.44482,9.43248,9.43882
2025-12-02 21:30:00,9.43883,9.43916,9.42813,9.42815
2025-12-02 22:00:00,9.42806,9.43198,9.42547,9.43166
2025-12-02 22:30:00,9.43167,9.43186,9.4261,9.42765
2025-12-02 23:00:00,9.4277,9.43229,9.42754,9.4293
2025-12-02 23:30:00,9.4291,9.43288,9.42225,9.42225
2025-12-03 00:00:00,9.4145,9.43053,9.4107,9.42991
2025-12-03 00:30:00,9.42998,9.43302,9.42866,9.42938
2025-12-03 01:00:00,9.42893,9.42922,9.42424,9.42632
2025-12-03 01:30:00,9.4263,9.42892,9.42525,9.42724
2025-12-03 02:00:00,9.42783,9.42846,9.42001,9.42076
2025-12-03 02:30:00,9.42077,9.42168,9.41826,9.41883
2025-12-03 03:00:00,9.41863,9.41936,9.41206,9.41326
2025-12-03 03:30:00,9.41327,9.41466,9.41251,9.41399
2025-12-03 04:00:00,9.41397,9.41587,9.41322,9.4146
2025-12-03 04:30:00,9.41462,9.4157,9.41323,9.41388
2025-12-03 05:00:00,9.41387,9.414,9.4119,9.41196
2025-12-03 05:30:00,9.41197,9.4134,9.41154,9.41303
2025-12-03 06:00:00,9.41304,9.4134,9.41269,9.41295
2025-12-03 06:30:00,9.41294,9.41368,9.41262,9.41284
2025-12-03 07:00:00,9.41285,9.41287,9.40915,9.40971
2025-12-03 07:30:00,9.40972,9.41069,9.40653,9.40685
2025-12-03 08:00:00,9.40694,9.40703,9.40193,9.40456
2025-12-03 08:30:00,9.40458,9.41125,9.40307,9.4065
2025-12-03 09:00:00,9.40658,9.40668,9.39456,9.40095
2025-12-03 09:30:00,9.40105,9.40734,9.39774,9.40665
2025-12-03 10:00:00,9.40658,9.41138,9.40117,9.41059
2025-12-03 10:30:00,9.41057,9.41226,9.39874,9.39901
2025-12-03 11:00:00,9.39891,9.40011,9.39604,9.39849
2025-12-03 11:30:00,9.39847,9.39849,9.39506,9.39748
2025-12-03 12:00:00,9.39739,9.39871,9.38535,9.38828
2025-12-03 12:30:00,9.38828,9.38977,9.38418,9.38546
2025-12-03 13:00:00,9.3855,9.38715,9.3808,9.3826
2025-12-03 13:30:00,9.38259,9.38607,9.37852,9.38368
2025-12-03 14:00:00,9.38369,9.38869,9.3823,9.3836
2025-12-03 14:30:00,9.38361,9.39483,9.38258,9.39308
2025-12-03 15:00:00,9.39328,9.39691,9.37981,9.39078
2025-12-03 15:30:00,9.39101,9.39632,9.38571,9.39376
2025-12-03 16:00:00,9.39375,9.40424,9.39318,9.4034
2025-12-03 16:30:00,9.40335,9.40342,9.38511,9.39245
2025-12-03 17:00:00,9.39236,9.3991,9.37452,9.37896
2025-12-03 17:30:00,9.37884,9.38626,9.37338,9.37691
2025-12-03 18:00:00,9.37693,9.38139,9.37314,9.37461
2025-12-03 18:30:00,9.37462,9.37697,9.37256,9.37498
2025-12-03 19:00:00,9.37461,9.37885,9.37408,9.37476
2025-12-03 19:30:00,9.37476,9.37476,9.37255,9.37325
2025-12-03 20:00:00,9.3732,9.37382,9.36973,9.37002
2025-12-03 20:30:00,9.36999,9.37195,9.36577,9.37172
2025-12-03 21:00:00,9.37164,9.37206,9.36495,9.36765
2025-12-03 21:30:00,9.36766,9.37393,9.36766,9.37251
2025-12-03 22:00:00,9.37254,9.37371,9.36642,9.37288
2025-12-03 22:30:00,9.37291,9.37746,9.3681,9.37355
2025-12-03 23:00:00,9.37359,9.37415,9.36702,9.36707
2025-12-03 23:30:00,9.36706,9.36803,9.3581,9.35855
2025-12-04 00:00:00,9.35536,9.36758,9.35126,9.36509
2025-12-04 00:30:00,9.36558,9.36834,9.36532,9.36764
2025-12-04 01:00:00,9.36747,9.37326,9.36447,9.37252
2025-12-04 01:30:00,9.37269,9.37882,9.3705,9.37761
2025-12-04 02:00:00,9.37762,9.37842,9.37576,9.37731
2025-12-04 02:30:00,9.3773,9.38013,9.37649,9.37665
2025-12-04 03:00:00,9.37664,9.37778,9.37278,9.37676
2025-12-04 03:30:00,9.37679,9.37782,9.37376,9.37437
2025-12-04 04:00:00,9.37437,9.37893,9.37426,9.37773
2025-12-04 04:30:00,9.37768,9.37894,9.37664,9.37743
2025-12-04 05:00:00,9.37742,9.3834,9.37742,9.38266
2025-12-04 05:30:00,9.38272,9.38556,9.38253,9.38446
2025-12-04 06:00:00,9.3845,9.38519,9.38287,9.38291
2025-12-04 06:30:00,9.3829,9.38412,9.38219,9.38316
2025-12-04 07:00:00,9.38317,9.38447,9.38189,9.3834
2025-12-04 07:30:00,9.38342,9.384,9.37966,9.38393
2025-12-04 08:00:00,9.38407,9.38927,9.38245,9.38803
2025-12-04 08:30:00,9.38805,9.38851,9.37956,9.3815
2025-12-04 09:00:00,9.38205,9.3928,9.37962,9.39111
2025-12-04 09:30:00,9.39115,9.39671,9.38934,9.3915
2025-12-04 10:00:00,9.39148,9.39309,9.37822,9.37917
2025-12-04 10:30:00,9.37907,9.39089,9.37846,9.38663
2025-12-04 11:00:00,9.38662,9.39213,9.38293,9.38479
2025-12-04 11:30:00,9.3848,9.38691,9.38087,9.38541
2025-12-04 12:00:00,9.38544,9.3944,9.38492,9.39191
2025-12-04 12:30:00,9.39211,9.39302,9.38788,9.38878
2025-12-04 13:00:00,9.38831,9.39087,9.3806,9.38085
2025-12-04 13:30:00,9.38082,9.38675,9.3773,9.38282
2025-12-04 14:00:00,9.3828,9.39023,9.38268,9.38746
2025-12-04 14:30:00,9.38747,9.39793,9.38737,9.39526
2025-12-04 15:00:00,9.39499,9.40333,9.39208,9.39636
2025-12-04 15:30:00,9.39632,9.40929,9.39632,9.40069
2025-12-04 16:00:00,9.4007,9.40097,9.39009,9.39252
2025-12-04 16:30:00,9.39251,9.40299,9.39153,9.39794
2025-12-04 17:00:00,9.39795,9.4072,9.39442,9.39543
2025-12-04 17:30:00,9.39545,9.39964,9.38836,9.39569
2025-12-04 18:00:00,9.39569,9.40849,9.39254,9.40765
2025-12-04 18:30:00,9.40751,9.41154,9.40549,9.40734
2025-12-04 19:00:00,9.40735,9.41298,9.40599,9.41286
2025-12-04 19:30:00,9.41284,9.41726,9.41241,9.41316
2025-12-04 20:00:00,9.41311,9.41311,9.40849,9.40914
2025-12-04 20:30:00,9.40915,9.41472,9.40845,9.41433
2025-12-04 21:00:00,9.41443,9.42001,9.41317,9.41626
2025-12-04 21:30:00,9.41625,9.41717,9.41105,9.41717
2025-12-04 22:00:00,9.41624,9.41954,9.41613,9.41879
2025-12-04 22:30:00,9.41877,9.42429,9.41805,9.41929
2025-12-04 23:00:00,9.41941,9.42736,9.41923,9.42356
2025-12-04 23:30:00,9.42317,9.42423,9.41931,9.41931
2025-12-05 00:00:00,9.41751,9.42406,9.41559,9.42028
2025-12-05 00:30:00,9.42025,9.42169,9.41987,9.42079
2025-12-05 01:00:00,9.4209,9.42418,9.41884,9.42357
2025-12-05 01:30:00,9.42362,9.42556,9.42226,9.42394
2025-12-05 02:00:00,9.42396,9.42398,9.4199,9.4204
2025-12-05 02:30:00,9.42043,9.42225,9.41924,9.41971
2025-12-05 03:00:00,9.41961,9.41964,9.41571,9.41791
2025-12-05 03:30:00,9.41797,9.418,9.41489,9.41506
2025-12-05 04:00:00,9.41494,9.4155,9.41354,9.415
2025-12-05 04:30:00,9.41498,9.41507,9.41332,9.41479
2025-12-05 05:00:00,9.41479,9.41839,9.41478,9.41831
2025-12-05 05:30:00,9.4184,9.41962,9.41722,9.41791
2025-12-05 06:00:00,9.41792,9.41806,9.41373,9.41459
2025-12-05 06:30:00,9.4146,9.41574,9.41373,9.41429
2025-12-05 07:00:00,9.41431,9.41507,9.4125,9.41405
2025-12-05 07:30:00,9.41404,9.41404,9.41066,9.41068
2025-12-05 08:00:00,9.4107,9.41374,9.41029,9.41204
2025-12-05 08:30:00,9.41201,9.41256,9.4072,9.40965
2025-12-05 09:00:00,9.40968,9.41343,9.40509,9.40544
2025-12-05 09:30:00,9.40545,9.4142,9.40008,9.41268
2025-12-05 10:00:00,9.41256,9.42015,9.40642,9.40833
2025-12-05 10:30:00,9.4083,9.41162,9.40321,9.41104
2025-12-05 11:00:00,9.41105,9.41672,9.40998,9.4103
2025-12-05 11:30:00,9.41003,9.41173,9.40143,9.40495
2025-12-05 12:00:00,9.40499,9.40831,9.40166,9.40822
2025-12-05 12:30:00,9.40827,9.41132,9.40578,9.40741
2025-12-05 13:00:00,9.40742,9.41447,9.40728,9.41385
2025-12-05 13:30:00,9.41386,9.41726,9.41193,9.41309
2025-12-05 14:00:00,9.41313,9.41539,9.40658,9.41243
2025-12-05 14:30:00,9.41243,9.4147,9.40356,9.40356
2025-12-05 15:00:00,9.40354,9.41104,9.40133,9.40538
2025-12-05 15:30:00,9.40539,9.40901,9.40156,9.40701
2025-12-05 16:00:00,9.407,9.41001,9.39616,9.40447
2025-12-05 16:30:00,9.40449,9.40819,9.3951,9.39947
2025-12-05 17:00:00,9.39929,9.40749,9.39015,9.39039
2025-12-05 17:30:00,9.39053,9.40755,9.38771,9.40198
2025-12-05 18:00:00,9.40197,9.42116,9.39975,9.41783
2025-12-05 18:30:00,9.41798,9.42109,9.4055,9.41205
2025-12-05 19:00:00,9.41204,9.41461,9.40546,9.41198
2025-12-05 19:30:00,9.41197,9.41432,9.40449,9.40479
2025-12-05 20:00:00,9.40478,9.40952,9.4025,9.40702
2025-12-05 20:30:00,9.407,9.40706,9.40228,9.40583
2025-12-05 21:00:00,9.40582,9.40753,9.40182,9.40468
2025-12-05 21:30:00,9.40466,9.41024,9.40453,9.40456
2025-12-05 22:00:00,9.40457,9.40782,9.40087,9.40759
2025-12-05 22:30:00,9.40752,9.40914,9.4021,9.40359
2025-12-05 23:00:00,9.40408,9.40493,9.397,9.39931
2025-12-05 23:30:00,9.39917,9.40119,9.39209,9.39298
2025-12-08 00:00:00,9.38998,9.40022,9.38341,9.39903
2025-12-08 00:30:00,9.3991,9.39987,9.39386,9.39523
2025-12-08 01:00:00,9.39438,9.40294,9.39292,9.39834
2025-12-08 01:30:00,9.39835,9.40011,9.39454,9.399
2025-12-08 02:00:00,9.39929,9.40052,9.3936,9.39411
2025-12-08 02:30:00,9.39412,9.39412,9.38859,9.38877
2025-12-08 03:00:00,9.38879,9.39465,9.38837,9.39221
2025-12-08 03:30:00,9.39224,9.39248,9.38673,9.388
2025-12-08 04:00:00,9.38787,9.38979,9.38611,9.3889
2025-12-08 04:30:00,9.38918,9.39305,9.38808,9.38813
2025-12-08 05:00:00,9.38812,9.39003,9.38635,9.38909
2025-12-08 05:30:00,9.38907,9.39335,9.38833,9.39234
2025-12-08 06:00:00,9.39244,9.39262,9.38665,9.38749
2025-12-08 06:30:00,9.38743,9.38777,9.38576,9.38702
2025-12-08 07:00:00,9.38703,9.39247,9.38625,9.3918
2025-12-08 07:30:00,9.39179,9.39212,9.38728,9.39005
2025-12-08 08:00:00,9.39004,9.39004,9.37574,9.38552
2025-12-08 08:30:00,9.38554,9.39263,9.38535,9.38899
2025-12-08 09:00:00,9.38874,9.39491,9.38744,9.39483
2025-12-08 09:30:00,9.39485,9.40419,9.39438,9.40056
2025-12-08 10:00:00,9.40055,9.40075,9.39067,9.39411
2025-12-08 10:30:00,9.39412,9.40002,9.38741,9.38781
2025-12-08 11:00:00,9.38742,9.40119,9.3864,9.3949
2025-12-08 11:30:00,9.39495,9.40063,9.39223,9.40058
2025-12-08 12:00:00,9.40053,9.40118,9.39533,9.39706
2025-12-08 12:30:00,9.39707,9.40242,9.39424,9.39857
2025-12-08 13:00:00,9.39858,9.411,9.39695,9.41036
2025-12-08 13:30:00,9.41037,9.41088,9.4027,9.40734
2025-12-08 14:00:00,9.40734,9.40807,9.40283,9.4039
2025-12-08 14:30:00,9.40392,9.40468,9.3925,9.39344
2025-12-08 15:00:00,9.3934,9.39921,9.39042,9.39856
2025-12-08 15:30:00,9.39859,9.4054,9.39802,9.40033
2025-12-08 16:00:00,9.40031,9.40356,9.39552,9.40027
2025-12-08 16:30:00,9.40029,9.40747,9.39826,9.40601
2025-12-08 17:00:00,9.40608,9.4268,9.40598,9.42227
2025-12-08 17:30:00,9.42227,9.43051,9.41981,9.42287
2025-12-08 18:00:00,9.42287,9.42491,9.41393,9.41598
2025-12-08 18:30:00,9.41599,9.41669,9.40723,9.40723
2025-12-08 19:00:00,9.40709,9.41213,9.40161,9.40352
2025-12-08 19:30:00,9.40353,9.40637,9.39312,9.3935
2025-12-08 20:00:00,9.39348,9.40069,9.39137,9.40054
2025-12-08 20:30:00,9.40068,9.40375,9.39355,9.40247
2025-12-08 21:00:00,9.40248,9.40466,9.39974,9.40259
2025-12-08 21:30:00,9.4026,9.4028,9.39792,9.40123
2025-12-08 22:00:00,9.40128,9.40402,9.39925,9.40167
2025-12-08 22:30:00,9.40168,9.40207,9.39914,9.39998
2025-12-08 23:00:00,9.40003,9.404,9.39909,9.40364
2025-12-08 23:30:00,9.40363,9.40394,9.39864,9.39897
2025-12-09 00:00:00,9.39548,9.39548,9.38051,9.3912
2025-12-09 00:30:00,9.3913,9.39611,9.39089,9.39388
2025-12-09 01:00:00,9.39286,9.3946,9.39155,9.39277
2025-12-09 01:30:00,9.39276,9.39521,9.39251,9.39313
2025-12-09 02:00:00,9.39315,9.39615,9.39202,9.39533
2025-12-09 02:30:00,9.39531,9.39817,9.39502,9.39738
2025-12-09 03:00:00,9.39741,9.39877,9.39494,9.397
2025-12-09 03:30:00,9.3969,9.39712,9.39222,9.39228
2025-12-09 04:00:00,9.39232,9.39488,9.39098,9.39173
2025-12-09 04:30:00,9.39175,9.3934,9.39054,9.392
2025-12-09 05:00:00,9.39212,9.39308,9.39099,9.392
2025-12-09 05:30:00,9.39196,9.3956,9.38604,9.39239
2025-12-09 06:00:00,9.39238,9.39238,9.3882,9.38906
2025-12-09 06:30:00,9.38905,9.39038,9.38714,9.38741
2025-12-09 07:00:00,9.38731,9.38919,9.38581,9.3865
2025-12-09 07:30:00,9.38653,9.38685,9.38536,9.38651
2025-12-09 08:00:00,9.38645,9.39004,9.38637,9.38919
2025-12-09 08:30:00,9.38917,9.38982,9.38302,9.38462
2025-12-09 09:00:00,9.38499,9.39512,9.38499,9.39455
2025-12-09 09:30:00,9.39495,9.39504,9.38844,9.39178
2025-12-09 10:00:00,9.39173,9.39782,9.384,9.38484
2025-12-09 10:30:00,9.38483,9.38706,9.37899,9.3801
2025-12-09 11:00:00,9.38015,9.38085,9.36059,9.36234
2025-12-09 11:30:00,9.36236,9.36395,9.33765,9.34068
2025-12-09 12:00:00,9.34059,9.35344,9.3388,9.3473
2025-12-09 12:30:00,9.34729,9.35956,9.34375,9.35495
2025-12-09 13:00:00,9.35489,9.35824,9.35088,9.35354
2025-12-09 13:30:00,9.35355,9.35961,9.35053,9.35454
2025-12-09 14:00:00,9.35433,9.36616,9.35357,9.36534
2025-12-09 14:30:00,9.36535,9.36619,9.35841,9.3624
2025-12-09 15:00:00,9.36253,9.37574,9.36146,9.37498
2025-12-09 15:30:00,9.375,9.3775,9.35917,9.36254
2025-12-09 16:00:00,9.36249,9.36252,9.34436,9.34595
2025-12-09 16:30:00,9.34596,9.34749,9.33434,9.34162
2025-12-09 17:00:00,9.34203,9.37633,9.34199,9.3494
2025-12-09 17:30:00,9.34933,9.36682,9.34648,9.36202
2025-12-09 18:00:00,9.36195,9.36201,9.34471,9.34685
2025-12-09 18:30:00,9.34671,9.34798,9.34284,9.34724
2025-12-09 19:00:00,9.34725,9.36064,9.34605,9.36001
2025-12-09 19:30:00,9.36,9.3668,9.35689,9.36476
2025-12-09 20:00:00,9.36473,9.37181,9.364,9.3644
2025-12-09 20:30:00,9.36443,9.37121,9.36276,9.36505
2025-12-09 21:00:00,9.36503,9.36884,9.36038,9.36069
2025-12-09 21:30:00,9.36061,9.36506,9.35939,9.36383
2025-12-09 22:00:00,9.36383,9.36659,9.36101,9.36212
2025-12-09 22:30:00,9.36214,9.36539,9.36025,9.36407
2025-12-09 23:00:00,9.36399,9.36433,9.36125,9.36234
2025-12-09 23:30:00,9.36237,9.36471,9.35649,9.35649
2025-12-10 00:00:00,9.35402,9.35688,9.35124,9.35638
2025-12-10 00:30:00,9.35653,9.35932,9.35584,9.35713
2025-12-10 01:00:00,9.35734,9.36514,9.352,9.35933
2025-12-10 01:30:00,9.35933,9.36099,9.3538,9.35492
2025-12-10 02:00:00,9.35498,9.3575,9.35401,9.35717
2025-12-10 02:30:00,9.35718,9.36062,9.35346,9.35969
2025-12-10 03:00:00,9.35968,9.37027,9.35942,9.36952
2025-12-10 03:30:00,9.36951,9.37099,9.36805,9.36981
2025-12-10 04:00:00,9.36979,9.37034,9.3665,9.36812
2025-12-10 04:30:00,9.3681,9.37153,9.36706,9.37029
2025-12-10 05:00:00,9.37027,9.3718,9.36874,9.37116
2025-12-10 05:30:00,9.37119,9.37171,9.36811,9.37047
2025-12-10 06:00:00,9.37049,9.37068,9.36791,9.3693
2025-12-10 06:30:00,9.36929,9.36983,9.36697,9.36832
2025-12-10 07:00:00,9.36828,9.3694,9.36756,9.36887
2025-12-10 07:30:00,9.36888,9.36905,9.36536,9.36566
2025-12-10 08:00:00,9.36573,9.36644,9.36247,9.36535
2025-12-10 08:30:00,9.3652,9.36617,9.36057,9.36057
2025-12-10 09:00:00,9.36097,9.36194,9.3534,9.35399
2025-12-10 09:30:00,9.35398,9.36003,9.35018,9.35035
2025-12-10 10:00:00,9.3505,9.35486,9.32955,9.32955
2025-12-10 10:30:00,9.32952,9.33801,9.32463,9.33743
2025-12-10 11:00:00,9.33734,9.34933,9.33702,9.3454
2025-12-10 11:30:00,9.34515,9.35147,9.34337,9.35
2025-12-10 12:00:00,9.35004,9.35442,9.34512,9.34539
2025-12-10 12:30:00,9.3454,9.35171,9.34341,9.34457
2025-12-10 13:00:00,9.34319,9.34492,9.33146,9.33511
2025-12-10 13:30:00,9.33517,9.34198,9.33342,9.33385
2025-12-10 14:00:00,9.3338,9.33391,9.32371,9.32435
2025-12-10 14:30:00,9.32438,9.32557,9.32003,9.32477
2025-12-10 15:00:00,9.3248,9.33759,9.32363,9.32971
2025-12-10 15:30:00,9.32976,9.33156,9.31321,9.32751
2025-12-10 16:00:00,9.32874,9.33816,9.32753,9.331
2025-12-10 16:30:00,9.33099,9.33916,9.32252,9.32737
2025-12-10 17:00:00,9.32737,9.32737,9.32031,9.32508
2025-12-10 17:30:00,9.32509,9.32574,9.31409,9.31576
2025-12-10 18:00:00,9.31592,9.32341,9.30729,9.30979
2025-12-10 18:30:00,9.30979,9.31395,9.30745,9.30754
2025-12-10 19:00:00,9.30736,9.3114,9.30339,9.30467
2025-12-10 19:30:00,9.30466,9.30607,9.29939,9.30351
2025-12-10 20:00:00,9.30352,9.3078,9.30214,9.30354
2025-12-10 20:30:00,9.30355,9.30841,9.30225,9.30519
2025-12-10 21:00:00,9.30594,9.3182,9.27626,9.29314
2025-12-10 21:30:00,9.29316,9.31799,9.26066,9.28443
2025-12-10 22:00:00,9.28495,9.28544,9.24998,9.25978
2025-12-10 22:30:00,9.26002,9.26942,9.25733,9.26432
2025-12-10 23:00:00,9.26429,9.26724,9.26263,9.26451
2025-12-10 23:30:00,9.26453,9.27205,9.26097,9.26097
2025-12-11 00:00:00,9.26096,9.27292,9.24954,9.26966
2025-12-11 00:30:00,9.26968,9.27285,9.25609,9.26214
2025-12-11 01:00:00,9.26157,9.26669,9.25575,9.26492
2025-12-11 01:30:00,9.26491,9.26591,9.2619,9.26321
2025-12-11 02:00:00,9.26382,9.26618,9.26147,9.26507
2025-12-11 02:30:00,9.2651,9.26842,9.23897,9.24021
2025-12-11 03:00:00,9.24009,9.2467,9.22574,9.24119
2025-12-11 03:30:00,9.24122,9.24454,9.24111,9.24379
2025-12-11 04:00:00,9.24373,9.25275,9.23906,9.2526
2025-12-11 04:30:00,9.25265,9.26371,9.25236,9.26341
2025-12-11 05:00:00,9.2634,9.27269,9.26089,9.2708
2025-12-11 05:30:00,9.27081,9.27287,9.26803,9.27284
2025-12-11 06:00:00,9.27283,9.27767,9.27193,9.27632
2025-12-11 06:30:00,9.27631,9.27667,9.27187,9.27187
2025-12-11 07:00:00,9.27219,9.27421,9.26998,9.2729
2025-12-11 07:30:00,9.27289,9.27859,9.27275,9.27772
2025-12-11 08:00:00,9.27777,9.2878,9.27663,9.28482
2025-12-11 08:30:00,9.28483,9.28698,9.28227,9.28227
2025-12-11 09:00:00,9.28244,9.28597,9.2717,9.27268
2025-12-11 09:30:00,9.27265,9.27759,9.26896,9.27564
2025-12-11 10:00:00,9.2752,9.27774,9.26077,9.26462
2025-12-11 10:30:00,9.26466,9.26795,9.25646,9.26491
2025-12-11 11:00:00,9.2648,9.27516,9.26298,9.27014
2025-12-11 11:30:00,9.27013,9.27015,9.25319,9.25478
2025-12-11 12:00:00,9.25483,9.26174,9.25425,9.25926
2025-12-11 12:30:00,9.25924,9.26602,9.25501,9.25501
2025-12-11 13:00:00,9.25496,9.25609,9.24238,9.24274
2025-12-11 13:30:00,9.24275,9.24783,9.23981,9.24456
2025-12-11 14:00:00,9.24452,9.25051,9.24258,9.24454
2025-12-11 14:30:00,9.24453,9.24725,9.23508,9.2457
2025-12-11 15:00:00,9.24568,9.26005,9.24459,9.2551
2025-12-11 15:30:00,9.25463,9.2693,9.24563,9.25263
2025-12-11 16:00:00,9.25298,9.25629,9.23821,9.23943
2025-12-11 16:30:00,9.23944,9.25669,9.23589,9.25439
2025-12-11 17:00:00,9.25467,9.25847,9.2458,9.25228
2025-12-11 17:30:00,9.25245,9.25535,9.24338,9.24512
2025-12-11 18:00:00,9.24493,9.25405,9.2416,9.25405
2025-12-11 18:30:00,9.2541,9.2543,9.23265,9.23677
2025-12-11 19:00:00,9.23675,9.23675,9.22818,9.23147
2025-12-11 19:30:00,9.2315,9.23997,9.2315,9.23769
2025-12-11 20:00:00,9.23771,9.24144,9.23277,9.2394
2025-12-11 20:30:00,9.23939,9.24261,9.23464,9.23701
2025-12-11 21:00:00,9.23725,9.24315,9.23725,9.23954
2025-12-11 21:30:00,9.23955,9.25319,9.23933,9.25302
2025-12-11 22:00:00,9.25316,9.25603,9.24503,9.24519
2025-12-11 22:30:00,9.24518,9.24895,9.2442,9.24595
2025-12-11 23:00:00,9.24594,9.24879,9.24316,9.24587
2025-12-11 23:30:00,9.24531,9.24737,9.24405,9.24407
2025-12-12 00:00:00,9.2453,9.25118,9.23377,9.24842
2025-12-12 00:30:00,9.24957,9.25068,9.24535,9.2493
2025-12-12 01:00:00,9.24961,9.251,9.24638,9.25019
2025-12-12 01:30:00,9.25006,9.25514,9.24961,9.25
2025-12-12 02:00:00,9.24966,9.24966,9.24404,9.2448
2025-12-12 02:30:00,9.24457,9.24583,9.24246,9.2441
2025-12-12 03:00:00,9.24411,9.24558,9.23929,9.23974
2025-12-12 03:30:00,9.23981,9.25004,9.23965,9.24834
2025-12-12 04:00:00,9.24832,9.25128,9.24647,9.2497
2025-12-12 04:30:00,9.24971,9.2498,9.24601,9.24692
2025-12-12 05:00:00,9.24697,9.24983,9.24607,9.2472
2025-12-12 05:30:00,9.24719,9.24845,9.24627,9.24722
2025-12-12 06:00:00,9.24724,9.25141,9.2472,9.24964
2025-12-12 06:30:00,9.24966,9.253,9.24915,9.253
2025-12-12 07:00:00,9.25301,9.25711,9.2518,9.25352
2025-12-12 07:30:00,9.25353,9.25628,9.25095,9.25136
2025-12-12 08:00:00,9.25135,9.25442,9.24901,9.25307
2025-12-12 08:30:00,9.25309,9.25687,9.25147,9.25147
2025-12-12 09:00:00,9.25131,9.25503,9.24029,9.24471
2025-12-12 09:30:00,9.24469,9.24986,9.23954,9.24633
2025-12-12 10:00:00,9.24597,9.25781,9.24523,9.25381
2025-12-12 10:30:00,9.25382,9.26585,9.25365,9.26585
2025-12-12 11:00:00,9.26591,9.27546,9.26523,9.27448
2025-12-12 11:30:00,9.27444,9.27981,9.27354,9.27458
2025-12-12 12:00:00,9.27456,9.28549,9.27421,9.28464
2025-12-12 12:30:00,9.28469,9.28899,9.28156,9.28534
2025-12-12 13:00:00,9.28519,9.29849,9.28512,9.29842
2025-12-12 13:30:00,9.29843,9.29892,9.28383,9.28786
2025-12-12 14:00:00,9.28788,9.2903,9.28574,9.28921
2025-12-12 14:30:00,9.28922,9.29038,9.28476,9.2851
2025-12-12 15:00:00,9.28509,9.28632,9.27755,9.27866
2025-12-12 15:30:00,9.27872,9.28328,9.27243,9.2819
2025-12-12 16:00:00,9.2819,9.28603,9.27856,9.27894
2025-12-12 16:30:00,9.27888,9.27907,9.26805,9.27191
2025-12-12 17:00:00,9.2719,9.28699,9.26335,9.28556
2025-12-12 17:30:00,9.2856,9.29441,9.28228,9.28765
2025-12-12 18:00:00,9.28767,9.29258,9.28218,9.2871
2025-12-12 18:30:00,9.28739,9.29685,9.28582,9.29329
2025-12-12 19:00:00,9.29332,9.29371,9.27693,9.27693
2025-12-12 19:30:00,9.2771,9.27819,9.26513,9.26686
2025-12-12 20:00:00,9.26729,9.26963,9.26004,9.26216
2025-12-12 20:30:00,9.26212,9.26925,9.26129,9.26857
2025-12-12 21:00:00,9.26853,9.27298,9.26853,9.27192
2025-12-12 21:30:00,9.2719,9.27544,9.26909,9.27233
2025-12-12 22:00:00,9.27235,9.27372,9.26515,9.27096
2025-12-12 22:30:00,9.271,9.27557,9.26886,9.27077
2025-12-12 23:00:00,9.27061,9.27163,9.25645,9.26289
2025-12-12 23:30:00,9.2629,9.26554,9.26036,9.26293
2025-12-15 00:00:00,9.25098,9.27019,9.25048,9.26871
2025-12-15 00:30:00,9.26847,9.27297,9.26081,9.26489
2025-12-15 01:00:00,9.2683,9.27848,9.26613,9.26993
2025-12-15 01:30:00,9.269,9.26994,9.26273,9.26467
2025-12-15 02:00:00,9.26468,9.2718,9.26442,9.27161
2025-12-15 02:30:00,9.27153,9.27189,9.26683,9.26781
2025-12-15 03:00:00,9.26775,9.27122,9.26648,9.26834
2025-12-15 03:30:00,9.26824,9.26899,9.26108,9.26149
2025-12-15 04:00:00,9.26153,9.26589,9.26079,9.26369
2025-12-15 04:30:00,9.26364,9.26496,9.25971,9.26304
2025-12-15 05:00:00,9.26326,9.27001,9.25987,9.26545
2025-12-15 05:30:00,9.26544,9.27063,9.26493,9.26899
2025-12-15 06:00:00,9.26898,9.2729,9.26804,9.2695
2025-12-15 06:30:00,9.26943,9.27117,9.26892,9.27115
2025-12-15 07:00:00,9.27114,9.27135,9.26889,9.26999
2025-12-15 07:30:00,9.26998,9.27117,9.26829,9.26912
2025-12-15 08:00:00,9.26934,9.27323,9.26597,9.26631
2025-12-15 08:30:00,9.26599,9.27047,9.26395,9.26482
2025-12-15 09:00:00,9.26473,9.26516,9.25324,9.25632
2025-12-15 09:30:00,9.25634,9.27256,9.25634,9.27158
2025-12-15 10:00:00,9.2715,9.28602,9.2715,9.27924
2025-12-15 10:30:00,9.27926,9.28884,9.27764,9.28882
2025-12-15 11:00:00,9.28886,9.29177,9.27909,9.286
2025-12-15 11:30:00,9.28599,9.29475,9.28596,9.28741
2025-12-15 12:00:00,9.2874,9.30043,9.28676,9.29883
2025-12-15 12:30:00,9.29885,9.30442,9.29391,9.29556
2025-12-15 13:00:00,9.29557,9.29623,9.28899,9.29094
2025-12-15 13:30:00,9.29095,9.29426,9.28638,9.28907
2025-12-15 14:00:00,9.28908,9.28927,9.28366,9.28422
2025-12-15 14:30:00,9.28421,9.28604,9.27665,9.28328
2025-12-15 15:00:00,9.28331,9.29166,9.27888,9.28844
2025-12-15 15:30:00,9.28822,9.30565,9.28518,9.30276
2025-12-15 16:00:00,9.30287,9.30903,9.30099,9.30166
2025-12-15 16:30:00,9.30167,9.30167,9.276,9.27711
2025-12-15 17:00:00,9.27713,9.27959,9.26493,9.27339
2025-12-15 17:30:00,9.27352,9.27929,9.26751,9.27538
2025-12-15 18:00:00,9.27537,9.27865,9.26791,9.27529
2025-12-15 18:30:00,9.27529,9.28689,9.27503,9.28436
2025-12-15 19:00:00,9.2843,9.29459,9.28186,9.29202
2025-12-15 19:30:00,9.29205,9.29788,9.28971,9.29665
2025-12-15 20:00:00,9.29657,9.30086,9.29247,9.30016
2025-12-15 20:30:00,9.30017,9.30198,9.29571,9.2965
2025-12-15 21:00:00,9.29649,9.30157,9.29641,9.29969
2025-12-15 21:30:00,9.29968,9.29968,9.28857,9.28857
2025-12-15 22:00:00,9.28837,9.29133,9.28837,9.29132
2025-12-15 22:30:00,9.29134,9.2919,9.2853,9.28929
2025-12-15 23:00:00,9.28929,9.29212,9.28914,9.28915
2025-12-15 23:30:00,9.28803,9.29101,9.27818,9.27818
2025-12-16 00:00:00,9.26303,9.28478,9.26299,9.2797
2025-12-16 00:30:00,9.27972,9.28202,9.27695,9.28084
2025-12-16 01:00:00,9.28085,9.28085,9.27459,9.27708
2025-12-16 01:30:00,9.27679,9.28458,9.27515,9.28411
2025-12-16 02:00:00,9.28442,9.28442,9.27993,9.28397
2025-12-16 02:30:00,9.28397,9.29603,9.28383,9.29473
2025-12-16 03:00:00,9.29443,9.2988,9.29151,9.29558
2025-12-16 03:30:00,9.29558,9.29681,9.28964,9.29257
2025-12-16 04:00:00,9.29256,9.29451,9.28923,9.28962
2025-12-16 04:30:00,9.28966,9.28997,9.2879,9.2888
2025-12-16 05:00:00,9.28877,9.29087,9.28597,9.29047
2025-12-16 05:30:00,9.29048,9.29164,9.28935,9.29009
2025-12-16 06:00:00,9.29013,9.29172,9.28696,9.28739
2025-12-16 06:30:00,9.28738,9.29152,9.28721,9.29135
2025-12-16 07:00:00,9.29125,9.29414,9.28901,9.29347
2025-12-16 07:30:00,9.29349,9.29751,9.29275,9.2957
2025-12-16 08:00:00,9.29598,9.29994,9.29502,9.29857
2025-12-16 08:30:00,9.29864,9.29914,9.29341,9.29442
2025-12-16 09:00:00,9.29498,9.29821,9.29225,9.29345
2025-12-16 09:30:00,9.29346,9.29886,9.29195,9.29662
2025-12-16 10:00:00,9.2966,9.29665,9.28438,9.29431
2025-12-16 10:30:00,9.2967,9.30328,9.29539,9.29999
2025-12-16 11:00:00,9.29915,9.30445,9.29825,9.30117
2025-12-16 11:30:00,9.30104,9.30244,9.29565,9.30071
2025-12-16 12:00:00,9.30053,9.31069,9.29749,9.30751
2025-12-16 12:30:00,9.3075,9.31601,9.30663,9.31242
2025-12-16 13:00:00,9.31244,9.31603,9.31141,9.31178
2025-12-16 13:30:00,9.31174,9.31174,9.30474,9.3049
2025-12-16 14:00:00,9.30492,9.30878,9.29891,9.30361
2025-12-16 14:30:00,9.30325,9.30491,9.28887,9.28927
2025-12-16 15:00:00,9.28924,9.29651,9.28552,9.28564
2025-12-16 15:30:00,9.28295,9.29851,9.26201,9.28546
2025-12-16 16:00:00,9.28528,9.28935,9.2746,9.27614
2025-12-16 16:30:00,9.2761,9.28105,9.26586,9.26593
2025-12-16 17:00:00,9.26566,9.29695,9.26265,9.29446
2025-12-16 17:30:00,9.29453,9.29836,9.27799,9.28566
2025-12-16 18:00:00,9.28581,9.29337,9.27913,9.2805
2025-12-16 18:30:00,9.28054,9.28839,9.27992,9.2858
2025-12-16 19:00:00,9.28532,9.28556,9.27414,9.27991
2025-12-16 19:30:00,9.2799,9.29057,9.26973,9.28575
2025-12-16 20:00:00,9.28576,9.30102,9.28553,9.30075
2025-12-16 20:30:00,9.30072,9.30098,9.28947,9.29194
2025-12-16 21:00:00,9.29201,9.31116,9.29198,9.30141
2025-12-16 21:30:00,9.30088,9.30111,9.28291,9.28778
2025-12-16 22:00:00,9.2878,9.28979,9.28241,9.28726
2025-12-16 22:30:00,9.28725,9.30343,9.28426,9.30297
2025-12-16 23:00:00,9.30312,9.30502,9.29742,9.29809
2025-12-16 23:30:00,9.29767,9.29915,9.29617,9.29915
2025-12-17 00:00:00,9.2987,9.30157,9.29188,9.30103
2025-12-17 00:30:00,9.30107,9.30379,9.29886,9.30346
2025-12-17 01:00:00,9.30333,9.30333,9.29755,9.3009
2025-12-17 01:30:00,9.30106,9.30178,9.29791,9.30006
2025-12-17 02:00:00,9.30026,9.3022,9.29747,9.2976
2025-12-17 02:30:00,9.29761,9.30205,9.2947,9.29858
2025-12-17 03:00:00,9.29862,9.30016,9.29375,9.29477
2025-12-17 03:30:00,9.29475,9.29916,9.29463,9.29525
2025-12-17 04:00:00,9.29526,9.30438,9.295,9.30185
2025-12-17 04:30:00,9.3019,9.30414,9.30133,9.3027
2025-12-17 05:00:00,9.30271,9.30302,9.301,9.30187
2025-12-17 05:30:00,9.30186,9.30276,9.30022,9.30153
2025-12-17 06:00:00,9.30155,9.31209,9.30134,9.3115
2025-12-17 06:30:00,9.31147,9.31377,9.3104,9.31122
2025-12-17 07:00:00,9.31121,9.31153,9.31008,9.31123
2025-12-17 07:30:00,9.31107,9.31302,9.30947,9.31043
2025-12-17 08:00:00,9.31044,9.3172,9.30875,9.31603
2025-12-17 08:30:00,9.31602,9.33083,9.31417,9.32925
2025-12-17 09:00:00,9.33004,9.33699,9.32614,9.33244
2025-12-17 09:30:00,9.33243,9.33798,9.33056,9.33466
2025-12-17 10:00:00,9.33471,9.34337,9.32771,9.33435
2025-12-17 10:30:00,9.33439,9.33723,9.32928,9.33133
2025-12-17 11:00:00,9.33141,9.33364,9.32575,9.32846
2025-12-17 11:30:00,9.32844,9.33656,9.32597,9.33634
2025-12-17 12:00:00,9.33709,9.346,9.3337,9.34374
2025-12-17 12:30:00,9.34375,9.34459,9.33225,9.33286
2025-12-17 13:00:00,9.33278,9.34174,9.33149,9.34138
2025-12-17 13:30:00,9.34139,9.34845,9.34135,9.34164
2025-12-17 14:00:00,9.34162,9.34168,9.33268,9.33535
2025-12-17 14:30:00,9.33533,9.33535,9.32473,9.32558
2025-12-17 15:00:00,9.32569,9.33051,9.31959,9.3278
2025-12-17 15:30:00,9.32773,9.33097,9.31598,9.31742
2025-12-17 16:00:00,9.31756,9.31767,9.31037,9.31739
2025-12-17 16:30:00,9.31739,9.31823,9.28684,9.29181
2025-12-17 17:00:00,9.29182,9.29375,9.28303,9.28309
2025-12-17 17:30:00,9.2831,9.29173,9.28034,9.28891
2025-12-17 18:00:00,9.289,9.29428,9.28035,9.28976
2025-12-17 18:30:00,9.28986,9.30576,9.28986,9.30223
2025-12-17 19:00:00,9.30207,9.30226,9.29054,9.2915
2025-12-17 19:30:00,9.29143,9.30075,9.28921,9.29608
2025-12-17 20:00:00,9.29607,9.29756,9.28894,9.2973
2025-12-17 20:30:00,9.29729,9.30137,9.29588,9.29974
2025-12-17 21:00:00,9.29977,9.29995,9.29605,9.29692
2025-12-17 21:30:00,9.29694,9.30148,9.29598,9.29722
2025-12-17 22:00:00,9.29721,9.30109,9.29652,9.30082
2025-12-17 22:30:00,9.30091,9.30454,9.29679,9.30268
2025-12-17 23:00:00,9.30259,9.30313,9.29645,9.29855
2025-12-17 23:30:00,9.29823,9.29827,9.29534,9.29587
2025-12-18 00:00:00,9.29571,9.30158,9.28836,9.29743
2025-12-18 00:30:00,9.29832,9.30229,9.29682,9.30087
2025-12-18 01:00:00,9.30116,9.30726,9.29787,9.29917
2025-12-18 01:30:00,9.29921,9.30109,9.29797,9.30079
2025-12-18 02:00:00,9.30074,9.30136,9.29777,9.29777
2025-12-18 02:30:00,9.29777,9.29821,9.29177,9.29184
2025-12-18 03:00:00,9.29186,9.2984,9.29125,9.29604
2025-12-18 03:30:00,9.29594,9.30137,9.29464,9.29882
2025-12-18 04:00:00,9.29883,9.29975,9.29608,9.29677
2025-12-18 04:30:00,9.2967,9.30056,9.29594,9.29756
2025-12-18 05:00:00,9.29757,9.30435,9.29652,9.30332
2025-12-18 05:30:00,9.30337,9.30461,9.30231,9.30297
2025-12-18 06:00:00,9.30299,9.30496,9.30248,9.30303
2025-12-18 06:30:00,9.30305,9.30419,9.30027,9.30044
2025-12-18 07:00:00,9.30045,9.30045,9.29703,9.29763
2025-12-18 07:30:00,9.29728,9.29957,9.29615,9.29704
2025-12-18 08:00:00,9.29702,9.30017,9.29428,9.29505
2025-12-18 08:30:00,9.29509,9.29615,9.28532,9.28895
2025-12-18 09:00:00,9.2898,9.28999,9.28241,9.28519
2025-12-18 09:30:00,9.28513,9.28704,9.27354,9.27957
2025-12-18 10:00:00,9.27956,9.29293,9.27601,9.28553
2025-12-18 10:30:00,9.28614,9.30233,9.27952,9.296
2025-12-18 11:00:00,9.29591,9.30313,9.29393,9.29972
2025-12-18 11:30:00,9.29971,9.31216,9.29804,9.30807
2025-12-18 12:00:00,9.30823,9.30946,9.30279,9.30638
2025-12-18 12:30:00,9.30641,9.30769,9.29996,9.30389
2025-12-18 13:00:00,9.30387,9.30586,9.29765,9.30318
2025-12-18 13:30:00,9.30319,9.30416,9.29942,9.30171
2025-12-18 14:00:00,9.30178,9.30885,9.29651,9.30332
2025-12-18 14:30:00,9.30329,9.31133,9.302,9.30779
2025-12-18 15:00:00,9.30778,9.31006,9.28348,9.29149
2025-12-18 15:30:00,9.2915,9.29153,9.2628,9.27858
2025-12-18 16:00:00,9.27892,9.29119,9.26438,9.2875
2025-12-18 16:30:00,9.2875,9.29992,9.28641,9.29901
2025-12-18 17:00:00,9.29903,9.30908,9.294,9.30126
2025-12-18 17:30:00,9.30126,9.30672,9.28118,9.28555
2025-12-18 18:00:00,9.28565,9.28688,9.2652,9.27637
2025-12-18 18:30:00,9.27638,9.28776,9.27426,9.2828
2025-12-18 19:00:00,9.28279,9.30189,9.28054,9.29374
2025-12-18 19:30:00,9.29371,9.2955,9.28283,9.29136
2025-12-18 20:00:00,9.29076,9.29552,9.2836,9.28618
2025-12-18 20:30:00,9.28617,9.29106,9.28416,9.28861
2025-12-18 21:00:00,9.28863,9.29053,9.28506,9.28569
2025-12-18 21:30:00,9.2857,9.28651,9.28214,9.2837
2025-12-18 22:00:00,9.28368,9.28399,9.27922,9.27936
2025-12-18 22:30:00,9.27935,9.28275,9.27758,9.28148
2025-12-18 23:00:00,9.28142,9.28162,9.2755,9.27703
2025-12-18 23:30:00,9.27655,9.27837,9.27478,9.27699
2025-12-19 00:00:00,9.2775,9.28175,9.26418,9.27851
2025-12-19 00:30:00,9.27852,9.28111,9.27773,9.27829
2025-12-19 01:00:00,9.2783,9.28332,9.2751,9.28044
2025-12-19 01:30:00,9.28045,9.28343,9.27847,9.28084
2025-12-19 02:00:00,9.28094,9.28094,9.27617,9.27645
2025-12-19 02:30:00,9.27637,9.27637,9.27213,9.27293
2025-12-19 03:00:00,9.27294,9.27887,9.27122,9.27839
2025-12-19 03:30:00,9.2784,9.28143,9.27776,9.27886
2025-12-19 04:00:00,9.27885,9.28044,9.27637,9.27925
2025-12-19 04:30:00,9.27924,9.28361,9.27903,9.28283
2025-12-19 05:00:00,9.28281,9.28786,9.28093,9.28328
2025-12-19 05:30:00,9.28329,9.28716,9.28329,9.2847
2025-12-19 06:00:00,9.28468,9.29024,9.28335,9.28953
2025-12-19 06:30:00,9.28951,9.29003,9.28703,9.28837
2025-12-19 07:00:00,9.28835,9.28964,9.28705,9.28884
2025-12-19 07:30:00,9.28883,9.29091,9.28825,9.28901
2025-12-19 08:00:00,9.28903,9.29161,9.28736,9.29144
2025-12-19 08:30:00,9.29123,9.30096,9.28984,9.29384
2025-12-19 09:00:00,9.29458,9.30145,9.2925,9.29923
2025-12-19 09:30:00,9.29907,9.32251,9.29756,9.31611
2025-12-19 10:00:00,9.31664,9.32232,9.3036,9.31072
2025-12-19 10:30:00,9.31087,9.31763,9.30516,9.30966
2025-12-19 11:00:00,9.30967,9.31618,9.30676,9.31125
2025-12-19 11:30:00,9.31124,9.31549,9.30519,9.30848
2025-12-19 12:00:00,9.30847,9.3099,9.30494,9.3061
2025-12-19 12:30:00,9.30609,9.31649,9.30569,9.31332
2025-12-19 13:00:00,9.31345,9.31684,9.31219,9.3143
2025-12-19 13:30:00,9.31431,9.3186,9.31106,9.31453
2025-12-19 14:00:00,9.31493,9.31859,9.3132,9.31573
2025-12-19 14:30:00,9.31573,9.31645,9.30545,9.30983
2025-12-19 15:00:00,9.30984,9.31479,9.30097,9.30114
2025-12-19 15:30:00,9.30143,9.30461,9.29581,9.29735
2025-12-19 16:00:00,9.29731,9.29791,9.27798,9.2816
2025-12-19 16:30:00,9.28176,9.2829,9.272,9.27698
2025-12-19 17:00:00,9.27666,9.28307,9.27297,9.28256
2025-12-19 17:30:00,9.28254,9.28658,9.276,9.28423
2025-12-19 18:00:00,9.28428,9.28466,9.26951,9.27467
2025-12-19 18:30:00,9.27468,9.27702,9.26272,9.26337
2025-12-19 19:00:00,9.2631,9.27094,9.26183,9.26511
2025-12-19 19:30:00,9.26509,9.26867,9.26299,9.26305
2025-12-19 20:00:00,9.26316,9.26379,9.25429,9.25615
2025-12-19 20:30:00,9.25616,9.26015,9.25562,9.25829
2025-12-19 21:00:00,9.25843,9.26064,9.25653,9.25697
2025-12-19 21:30:00,9.25698,9.25917,9.25384,9.25469
2025-12-19 22:00:00,9.25466,9.25695,9.25241,9.25688
2025-12-19 22:30:00,9.25689,9.27378,9.25688,9.26855
2025-12-19 23:00:00,9.26826,9.27198,9.26467,9.27022
2025-12-19 23:30:00,9.27014,9.27274,9.25873,9.26059
2025-12-22 00:00:00,9.25216,9.26742,9.24162,9.26734
2025-12-22 00:30:00,9.26766,9.26832,9.26321,9.26698
2025-12-22 01:00:00,9.26556,9.26922,9.264,9.26596
2025-12-22 01:30:00,9.26597,9.27178,9.26406,9.26755
2025-12-22 02:00:00,9.26758,9.26897,9.26062,9.26596
2025-12-22 02:30:00,9.26586,9.26863,9.26159,9.26216
2025-12-22 03:00:00,9.26217,9.26402,9.25856,9.26246
2025-12-22 03:30:00,9.26242,9.26599,9.26085,9.26431
2025-12-22 04:00:00,9.26428,9.26502,9.26107,9.26345
2025-12-22 04:30:00,9.26343,9.26648,9.26247,9.2659
2025-12-22 05:00:00,9.26577,9.26786,9.26358,9.2669
2025-12-22 05:30:00,9.26691,9.26705,9.26178,9.26456
2025-12-22 06:00:00,9.26482,9.26561,9.26255,9.26285
2025-12-22 06:30:00,9.26284,9.26384,9.2594,9.26044
2025-12-22 07:00:00,9.26037,9.26259,9.25969,9.26075
2025-12-22 07:30:00,9.26074,9.26538,9.26014,9.26482
2025-12-22 08:00:00,9.26484,9.2659,9.2621,9.26376
2025-12-22 08:30:00,9.26377,9.26663,9.26191,9.26208
2025-12-22 09:00:00,9.26228,9.26332,9.25512,9.25586
2025-12-22 09:30:00,9.25587,9.2568,9.2449,9.24955
2025-12-22 10:00:00,9.24955,9.2549,9.2471,9.25455
2025-12-22 10:30:00,9.25454,9.26004,9.24843,9.25375
2025-12-22 11:00:00,9.2534,9.26912,9.25333,9.26106
2025-12-22 11:30:00,9.26106,9.26496,9.25624,9.25635
2025-12-22 12:00:00,9.25633,9.25703,9.24828,9.25334
2025-12-22 12:30:00,9.25332,9.2569,9.2494,9.25595
2025-12-22 13:00:00,9.25574,9.25606,9.24901,9.25153
2025-12-22 13:30:00,9.25152,9.2541,9.24482,9.24535
2025-12-22 14:00:00,9.24536,9.24935,9.23869,9.24744
2025-12-22 14:30:00,9.24745,9.24775,9.23948,9.24073
2025-12-22 15:00:00,9.24072,9.24171,9.2286,9.23143
2025-12-22 15:30:00,9.23144,9.23296,9.22572,9.23167
2025-12-22 16:00:00,9.23168,9.23345,9.21953,9.22119
2025-12-22 16:30:00,9.2212,9.2242,9.2152,9.22401
2025-12-22 17:00:00,9.22402,9.23008,9.22037,9.22707
2025-12-22 17:30:00,9.22703,9.22883,9.22192,9.22213
2025-12-22 18:00:00,9.22208,9.22973,9.21986,9.22713
2025-12-22 18:30:00,9.22721,9.23914,9.22695,9.23537
2025-12-22 19:00:00,9.23541,9.23541,9.22377,9.22382
2025-12-22 19:30:00,9.22429,9.22511,9.21988,9.22379
2025-12-22 20:00:00,9.22379,9.23404,9.22375,9.23402
2025-12-22 20:30:00,9.23403,9.23875,9.23075,9.23246
2025-12-22 21:00:00,9.23247,9.23959,9.23133,9.23729
2025-12-22 21:30:00,9.2373,9.23805,9.23451,9.23805
2025-12-22 22:00:00,9.2381,9.24013,9.23429,9.23438
2025-12-22 22:30:00,9.23439,9.23752,9.23308,9.23721
2025-12-22 23:00:00,9.23719,9.23752,9.23327,9.23514
2025-12-22 23:30:00,9.23515,9.23515,9.22892,9.22903
2025-12-23 00:00:00,9.22851,9.23481,9.22596,9.23279
2025-12-23 00:30:00,9.2327,9.23395,9.23199,9.23327
2025-12-23 01:00:00,9.23334,9.23594,9.2293,9.23034
2025-12-23 01:30:00,9.23035,9.23163,9.22957,9.23096
2025-12-23 02:00:00,9.23097,9.2315,9.22523,9.2253
2025-12-23 02:30:00,9.22531,9.2259,9.22303,9.22429
2025-12-23 03:00:00,9.22441,9.22742,9.22253,9.22683
2025-12-23 03:30:00,9.22682,9.2271,9.21894,9.2217
2025-12-23 04:00:00,9.22169,9.22342,9.21797,9.22167
2025-12-23 04:30:00,9.22165,9.22165,9.21668,9.22003
2025-12-23 05:00:00,9.22018,9.22484,9.21833,9.22361
2025-12-23 05:30:00,9.22353,9.22381,9.21746,9.21777
2025-12-23 06:00:00,9.21767,9.21845,9.21556,9.21814
2025-12-23 06:30:00,9.21803,9.21958,9.21602,9.21858
2025-12-23 07:00:00,9.21888,9.21922,9.2108,9.21259
2025-12-23 07:30:00,9.21258,9.21682,9.21258,9.21668
2025-12-23 08:00:00,9.21694,9.22388,9.216,9.22376
2025-12-23 08:30:00,9.22377,9.22786,9.22112,9.2219
2025-12-23 09:00:00,9.22221,9.22746,9.22029,9.22398
2025-12-23 09:30:00,9.22399,9.22613,9.21938,9.22345
2025-12-23 10:00:00,9.22362,9.22618,9.21042,9.21108
2025-12-23 10:30:00,9.2111,9.21643,9.20585,9.2061
2025-12-23 11:00:00,9.20609,9.20817,9.20251,9.20488
2025-12-23 11:30:00,9.20489,9.20553,9.18478,9.18516
2025-12-23 12:00:00,9.1851,9.18779,9.18445,9.18465
2025-12-23 12:30:00,9.18465,9.18606,9.17483,9.17883
2025-12-23 13:00:00,9.17886,9.18261,9.17297,9.17457
2025-12-23 13:30:00,9.17441,9.17953,9.172,9.17794
2025-12-23 14:00:00,9.17793,9.18061,9.17575,9.17643
2025-12-23 14:30:00,9.17639,9.17996,9.1728,9.17823
2025-12-23 15:00:00,9.17833,9.18175,9.17296,9.17458
2025-12-23 15:30:00,9.17452,9.20212,9.17421,9.20209
2025-12-23 16:00:00,9.20208,9.21508,9.1969,9.2123
2025-12-23 16:30:00,9.21244,9.21337,9.19096,9.19596
2025-12-23 17:00:00,9.19589,9.20714,9.18427,9.18827
2025-12-23 17:30:00,9.18826,9.19251,9.18167,9.1819
2025-12-23 18:00:00,9.18213,9.18641,9.1809,9.18349
2025-12-23 18:30:00,9.18348,9.18701,9.17745,9.18228
2025-12-23 19:00:00,9.18215,9.18796,9.17837,9.18571
2025-12-23 19:30:00,9.18569,9.18839,9.18177,9.18403
2025-12-23 20:00:00,9.18404,9.18464,9.17732,9.1778
2025-12-23 20:30:00,9.17764,9.17832,9.17424,9.17483
2025-12-23 21:00:00,9.17458,9.17492,9.16806,9.17199
2025-12-23 21:30:00,9.17191,9.172,9.1668,9.16756
2025-12-23 22:00:00,9.16754,9.16834,9.16406,9.16616
2025-12-23 22:30:00,9.16617,9.16866,9.16492,9.16808
2025-12-23 23:00:00,9.16805,9.17182,9.16679,9.16999
2025-12-23 23:30:00,9.16915,9.16915,9.16182,9.16376
2025-12-24 00:00:00,9.15985,9.16932,9.14956,9.16717
2025-12-24 00:30:00,9.16765,9.16878,9.1645,9.16607
2025-12-24 01:00:00,9.16635,9.16812,9.16262,9.16276
2025-12-24 01:30:00,9.16275,9.16458,9.16134,9.16302
2025-12-24 02:00:00,9.16305,9.16563,9.16044,9.16477
2025-12-24 02:30:00,9.16475,9.16662,9.16024,9.16037
2025-12-24 03:00:00,9.16038,9.16189,9.15675,9.15833
2025-12-24 03:30:00,9.15817,9.15874,9.15445,9.15547
2025-12-24 04:00:00,9.15546,9.15749,9.15312,9.15744
2025-12-24 04:30:00,9.15743,9.16042,9.15741,9.16029
2025-12-24 05:00:00,9.16026,9.16669,9.16018,9.16644
2025-12-24 05:30:00,9.16643,9.16927,9.16504,9.16886
2025-12-24 06:00:00,9.16885,9.17039,9.16745,9.16746
2025-12-24 06:30:00,9.16745,9.16781,9.16423,9.166
2025-12-24 07:00:00,9.16601,9.1662,9.16294,9.16294
2025-12-24 07:30:00,9.16293,9.16345,9.15736,9.15972
2025-12-24 08:00:00,9.15974,9.1616,9.15687,9.15996
2025-12-24 08:30:00,9.16002,9.1606,9.15618,9.1597
2025-12-24 09:00:00,9.16009,9.16439,9.15737,9.16364
2025-12-24 09:30:00,9.16329,9.16895,9.16271,9.16672
2025-12-24 10:00:00,9.16686,9.17123,9.16284,9.16562
2025-12-24 10:30:00,9.16562,9.16562,9.14329,9.14537
2025-12-24 11:00:00,9.14537,9.14912,9.14218,9.14797
2025-12-24 11:30:00,9.14796,9.1541,9.14783,9.15231
2025-12-24 12:00:00,9.15233,9.16203,9.15233,9.15978
2025-12-24 12:30:00,9.15978,9.16665,9.15854,9.16416
2025-12-24 13:00:00,9.16413,9.16759,9.16017,9.16153
2025-12-24 13:30:00,9.16152,9.16452,9.15845,9.15854
2025-12-24 14:00:00,9.15845,9.16126,9.15612,9.15975
2025-12-24 14:30:00,9.15976,9.16565,9.15749,9.16519
2025-12-24 15:00:00,9.16515,9.16961,9.15955,9.16358
2025-12-24 15:30:00,9.16165,9.16727,9.15749,9.15982
2025-12-24 16:00:00,9.15978,9.16288,9.15909,9.16234
2025-12-24 16:30:00,9.16238,9.16733,9.15718,9.16577
2025-12-24 17:00:00,9.16612,9.17077,9.16214,9.1663
2025-12-24 17:30:00,9.16629,9.16958,9.16294,9.16466
2025-12-24 18:00:00,9.16489,9.17383,9.16458,9.17275
2025-12-24 18:30:00,9.1727,9.17357,9.16764,9.16955
2025-12-24 19:00:00,9.16954,9.17064,9.16485,9.16751
2025-12-24 19:30:00,9.16755,9.17474,9.16589,9.16981
2025-12-24 20:00:00,9.16974,9.17199,9.16672,9.16764
2025-12-24 20:30:00,9.16771,9.16782,9.1632,9.16405
2025-12-24 21:00:00,9.16408,9.16429,9.16202,9.1629
2025-12-24 21:30:00,9.16291,9.16924,9.16284,9.16807
2025-12-24 22:00:00,9.16781,9.16939,9.16539,9.16671
2025-12-24 22:30:00,9.16664,9.16728,9.16171,9.16275
2025-12-24 23:00:00,9.16272,9.16721,9.16272,9.16518
2025-12-24 23:30:00,9.16521,9.16678,9.14926,9.15045
2025-12-26 00:00:00,9.15149,9.17365,9.14848,9.16992
2025-12-26 00:30:00,9.16879,9.17299,9.16879,9.17154
2025-12-26 01:00:00,9.17085,9.17349,9.15867,9.17208
2025-12-26 01:30:00,9.17228,9.17713,9.1711,9.17234
2025-12-26 02:00:00,9.17212,9.17783,9.16788,9.16834
2025-12-26 02:30:00,9.16829,9.17095,9.1655,9.17023
2025-12-26 03:00:00,9.17022,9.17283,9.16711,9.16833
2025-12-26 03:30:00,9.16815,9.16937,9.16515,9.16845
2025-12-26 04:00:00,9.16844,9.17176,9.1672,9.17026
2025-12-26 04:30:00,9.17027,9.1703,9.16446,9.1658
2025-12-26 05:00:00,9.16579,9.17052,9.16465,9.16901
2025-12-26 05:30:00,9.16884,9.17173,9.16768,9.17081
2025-12-26 06:00:00,9.1708,9.17322,9.16988,9.17089
2025-12-26 06:30:00,9.17084,9.1714,9.16738,9.1708
2025-12-26 07:00:00,9.17079,9.17295,9.17027,9.17196
2025-12-26 07:30:00,9.17181,9.17241,9.16765,9.16855
2025-12-26 08:00:00,9.16848,9.17271,9.16724,9.17166
2025-12-26 08:30:00,9.1716,9.18137,9.16913,9.17592
2025-12-26 09:00:00,9.17602,9.18404,9.17381,9.1806
2025-12-26 09:30:00,9.18071,9.1858,9.17458,9.18072
2025-12-26 10:00:00,9.18059,9.19018,9.17913,9.18401
2025-12-26 10:30:00,9.18404,9.18854,9.17596,9.1779
2025-12-26 11:00:00,9.17803,9.19028,9.17409,9.18796
2025-12-26 11:30:00,9.18794,9.19024,9.18285,9.18643
2025-12-26 12:00:00,9.18635,9.18762,9.17329,9.17703
2025-12-26 12:30:00,9.17704,9.17706,9.17295,9.17632
2025-12-26 13:00:00,9.17628,9.17775,9.16968,9.17262
2025-12-26 13:30:00,9.17258,9.17426,9.16968,9.17112
2025-12-26 14:00:00,9.17103,9.17857,9.16988,9.17817
2025-12-26 14:30:00,9.17822,9.18325,9.17693,9.18045
2025-12-26 15:00:00,9.18043,9.18148,9.16688,9.16885
2025-12-26 15:30:00,9.16884,9.16902,9.15737,9.15931
2025-12-26 16:00:00,9.1593,9.1593,9.1464,9.15247
2025-12-26 16:30:00,9.15249,9.16098,9.15203,9.15674
2025-12-26 17:00:00,9.15675,9.15789,9.14772,9.14833
2025-12-26 17:30:00,9.14798,9.16288,9.147,9.15607
2025-12-26 18:00:00,9.15593,9.17068,9.15453,9.1703
2025-12-26 18:30:00,9.17031,9.1716,9.16638,9.16761
2025-12-26 19:00:00,9.16753,9.16967,9.16463,9.16781
2025-12-26 19:30:00,9.16784,9.17022,9.16281,9.16485
2025-12-26 20:00:00,9.16483,9.16572,9.16276,9.16363
2025-12-26 20:30:00,9.16362,9.16893,9.16321,9.16818
2025-12-26 21:00:00,9.16819,9.16989,9.16359,9.16564
2025-12-26 21:30:00,9.16556,9.16615,9.15806,9.15806
2025-12-26 22:00:00,9.15811,9.15867,9.15544,9.157
2025-12-26 22:30:00,9.15698,9.15795,9.14137,9.14236
2025-12-26 23:00:00,9.14225,9.15,9.13786,9.1484
2025-12-26 23:30:00,9.14838,9.15635,9.14838,9.15106
2025-12-29 00:00:00,9.12987,9.14128,9.12705,9.14128
2025-12-29 00:30:00,9.14132,9.15229,9.138,9.14495
2025-12-29 01:00:00,9.1447,9.16264,9.13888,9.15428
2025-12-29 01:30:00,9.15431,9.15952,9.14192,9.14727
2025-12-29 02:00:00,9.14718,9.15401,9.14412,9.15108
2025-12-29 02:30:00,9.15107,9.15403,9.15056,9.15261
2025-12-29 03:00:00,9.15266,9.1535,9.14896,9.15136
2025-12-29 03:30:00,9.15132,9.15253,9.1495,9.15135
2025-12-29 04:00:00,9.15146,9.15551,9.15079,9.15437
2025-12-29 04:30:00,9.15438,9.15492,9.1526,9.15408
2025-12-29 05:00:00,9.15418,9.15787,9.15377,9.1577
2025-12-29 05:30:00,9.15774,9.15917,9.15526,9.15908
2025-12-29 06:00:00,9.15905,9.16371,9.15903,9.16113
2025-12-29 06:30:00,9.16112,9.1678,9.16042,9.16756
2025-12-29 07:00:00,9.16762,9.17644,9.16754,9.17424
2025-12-29 07:30:00,9.17425,9.1748,9.1706,9.17419
2025-12-29 08:00:00,9.17452,9.17454,9.1677,9.16777
2025-12-29 08:30:00,9.16779,9.16854,9.15983,9.16026
2025-12-29 09:00:00,9.16024,9.17242,9.15965,9.16848
2025-12-29 09:30:00,9.16844,9.17361,9.16526,9.16827
2025-12-29 10:00:00,9.16894,9.18195,9.16386,9.17392
2025-12-29 10:30:00,9.1739,9.17648,9.1666,9.16914
2025-12-29 11:00:00,9.16921,9.17631,9.16384,9.164
2025-12-29 11:30:00,9.16401,9.16422,9.15498,9.16206
2025-12-29 12:00:00,9.16242,9.16539,9.1562,9.16367
2025-12-29 12:30:00,9.16366,9.17003,9.16065,9.16877
2025-12-29 13:00:00,9.16876,9.18449,9.1676,9.18139
2025-12-29 13:30:00,9.1814,9.1817,9.1722,9.17543
2025-12-29 14:00:00,9.1754,9.18618,9.17248,9.18358
2025-12-29 14:30:00,9.18365,9.19557,9.18345,9.19094
2025-12-29 15:00:00,9.19099,9.19278,9.18449,9.19096
2025-12-29 15:30:00,9.19098,9.19323,9.1849,9.19184
2025-12-29 16:00:00,9.19202,9.19965,9.18487,9.18642
2025-12-29 16:30:00,9.18641,9.18803,9.1775,9.18063
2025-12-29 17:00:00,9.18062,9.18927,9.17778,9.17829
2025-12-29 17:30:00,9.1783,9.1977,9.17749,9.18979
2025-12-29 18:00:00,9.19012,9.19163,9.18422,9.19109
2025-12-29 18:30:00,9.19106,9.19504,9.18826,9.19469
2025-12-29 19:00:00,9.1947,9.1991,9.19313,9.19515
2025-12-29 19:30:00,9.19516,9.19876,9.1936,9.19708
2025-12-29 20:00:00,9.19707,9.19789,9.19173,9.19199
2025-12-29 20:30:00,9.192,9.19397,9.18845,9.1908
2025-12-29 21:00:00,9.19079,9.19157,9.18767,9.18795
2025-12-29 21:30:00,9.18806,9.18812,9.17848,9.17878
2025-12-29 22:00:00,9.1788,9.18388,9.17699,9.18255
2025-12-29 22:30:00,9.18251,9.18259,9.17665,9.17665
2025-12-29 23:00:00,9.17667,9.1768,9.17437,9.17556
2025-12-29 23:30:00,9.17558,9.17843,9.17346,9.17823
2025-12-30 00:00:00,9.17721,9.18029,9.16601,9.17936
2025-12-30 00:30:00,9.17928,9.1803,9.17474,9.17755
2025-12-30 01:00:00,9.17813,9.17886,9.17482,9.1773
2025-12-30 01:30:00,9.17729,9.17821,9.17477,9.17783
2025-12-30 02:00:00,9.17802,9.17926,9.17731,9.17861
2025-12-30 02:30:00,9.17858,9.18154,9.17832,9.17937
2025-12-30 03:00:00,9.17939,9.18023,9.17674,9.17852
2025-12-30 03:30:00,9.17851,9.17854,9.16814,9.16872
2025-12-30 04:00:00,9.16874,9.17224,9.16438,9.17168
2025-12-30 04:30:00,9.17166,9.17195,9.17003,9.17123
2025-12-30 05:00:00,9.17122,9.174,9.17038,9.17044
2025-12-30 05:30:00,9.17036,9.17179,9.16862,9.17175
2025-12-30 06:00:00,9.17177,9.17299,9.17153,9.17169
2025-12-30 06:30:00,9.17171,9.17214,9.1683,9.16875
2025-12-30 07:00:00,9.16874,9.16918,9.16731,9.16816
2025-12-30 07:30:00,9.16815,9.16871,9.16542,9.16804
2025-12-30 08:00:00,9.16805,9.16965,9.16537,9.16719
2025-12-30 08:30:00,9.16721,9.16876,9.16188,9.16807
2025-12-30 09:00:00,9.16808,9.18221,9.16808,9.17735
2025-12-30 09:30:00,9.17725,9.18073,9.16984,9.17343
2025-12-30 10:00:00,9.17277,9.17715,9.16713,9.17715
2025-12-30 10:30:00,9.1772,9.18456,9.17343,9.18267
2025-12-30 11:00:00,9.18281,9.18694,9.17581,9.17791
2025-12-30 11:30:00,9.17787,9.17948,9.17153,9.17941
2025-12-30 12:00:00,9.17948,9.17948,9.16751,9.17478
2025-12-30 12:30:00,9.17479,9.18662,9.17269,9.18382
2025-12-30 13:00:00,9.18398,9.19194,9.18385,9.18852
2025-12-30 13:30:00,9.18857,9.19116,9.18676,9.19056
2025-12-30 14:00:00,9.19057,9.19343,9.18621,9.18986
2025-12-30 14:30:00,9.18983,9.19873,9.18719,9.19873
2025-12-30 15:00:00,9.19872,9.20539,9.19364,9.19554
2025-12-30 15:30:00,9.19557,9.20143,9.18808,9.19537
2025-12-30 16:00:00,9.195,9.2052,9.19038,9.20269
2025-12-30 16:30:00,9.20274,9.20998,9.19087,9.20809
2025-12-30 17:00:00,9.20812,9.21876,9.20512,9.21807
2025-12-30 17:30:00,9.21805,9.22139,9.19018,9.19173
2025-12-30 18:00:00,9.19172,9.19972,9.18781,9.19008
2025-12-30 18:30:00,9.19007,9.19196,9.18613,9.18735
2025-12-30 19:00:00,9.18709,9.19183,9.18479,9.19181
2025-12-30 19:30:00,9.19182,9.1961,9.19151,9.19359
2025-12-30 20:00:00,9.19358,9.19386,9.18884,9.19174
2025-12-30 20:30:00,9.19176,9.1994,9.19165,9.19684
2025-12-30 21:00:00,9.19639,9.2003,9.19482,9.19521
2025-12-30 21:30:00,9.19516,9.20053,9.19414,9.19877
2025-12-30 22:00:00,9.19868,9.19903,9.19132,9.19292
2025-12-30 22:30:00,9.19296,9.19741,9.19185,9.19642
2025-12-30 23:00:00,9.19641,9.19641,9.18458,9.19144
2025-12-30 23:30:00,9.19127,9.1928,9.18874,9.19202
2025-12-31 00:00:00,9.19095,9.19769,9.18273,9.19632
2025-12-31 00:30:00,9.19506,9.19602,9.19261,9.19388
2025-12-31 01:00:00,9.19411,9.19844,9.19167,9.19732
2025-12-31 01:30:00,9.19725,9.19815,9.19442,9.19492
2025-12-31 02:00:00,9.19565,9.19688,9.19446,9.19572
2025-12-31 02:30:00,9.19573,9.19958,9.19564,9.196
2025-12-31 03:00:00,9.19612,9.1981,9.19509,9.19683
2025-12-31 03:30:00,9.1968,9.20178,9.19648,9.20109
2025-12-31 04:00:00,9.20111,9.2044,9.20111,9.20289
2025-12-31 04:30:00,9.2029,9.20352,9.20152,9.20331
2025-12-31 05:00:00,9.20332,9.20437,9.20138,9.20267
2025-12-31 05:30:00,9.20271,9.20271,9.20116,9.20211
2025-12-31 06:00:00,9.20212,9.2052,9.20196,9.20511
2025-12-31 06:30:00,9.20513,9.20906,9.20447,9.20761
2025-12-31 07:00:00,9.20767,9.21007,9.20693,9.20917
2025-12-31 07:30:00,9.2092,9.21108,9.20875,9.20897
2025-12-31 08:00:00,9.20897,9.2157,9.20897,9.2129
2025-12-31 08:30:00,9.213,9.21406,9.21208,9.21378
2025-12-31 09:00:00,9.21445,9.22104,9.21242,9.21954
2025-12-31 09:30:00,9.21953,9.22066,9.21352,9.2156
2025-12-31 10:00:00,9.21557,9.21701,9.20773,9.21596
2025-12-31 10:30:00,9.21596,9.22134,9.21446,9.21721
2025-12-31 11:00:00,9.21717,9.22083,9.21308,9.21727
2025-12-31 11:30:00,9.2174,9.21812,9.21002,9.21659
2025-12-31 12:00:00,9.21578,9.21588,9.20948,9.21092
2025-12-31 12:30:00,9.2109,9.21091,9.20404,9.20644
2025-12-31 13:00:00,9.20645,9.20763,9.20054,9.20183
2025-12-31 13:30:00,9.20182,9.20241,9.19057,9.19235
2025-12-31 14:00:00,9.19236,9.1942,9.18791,9.18909
2025-12-31 14:30:00,9.18963,9.19834,9.18847,9.19695
2025-12-31 15:00:00,9.19694,9.21198,9.19358,9.20741
2025-12-31 15:30:00,9.2078,9.21782,9.20559,9.21146
2025-12-31 16:00:00,9.21142,9.21759,9.20814,9.21443
2025-12-31 16:30:00,9.21452,9.22342,9.20881,9.2205
2025-12-31 17:00:00,9.22053,9.22987,9.21789,9.21789
2025-12-31 17:30:00,9.21789,9.23131,9.20403,9.21537
2025-12-31 18:00:00,9.21532,9.21875,9.20527,9.21611
2025-12-31 18:30:00,9.21599,9.22886,9.21599,9.22302
2025-12-31 19:00:00,9.22301,9.22743,9.21776,9.2248
2025-12-31 19:30:00,9.22477,9.22613,9.2188,9.22151
2025-12-31 20:00:00,9.22154,9.22715,9.21852,9.22073
2025-12-31 20:30:00,9.22072,9.22366,9.21863,9.22174
2025-12-31 21:00:00,9.22177,9.22177,9.21634,9.21694
2025-12-31 21:30:00,9.21693,9.22026,9.21487,9.21675
2025-12-31 22:00:00,9.2168,9.21695,9.21121,9.21152
2025-12-31 22:30:00,9.21149,9.21441,9.20571,9.2058
2025-12-31 23:00:00,9.20575,9.20593,9.20189,9.20448
2025-12-31 23:30:00,9.20455,9.20507,9.20094,9.20473
2026-01-02 00:00:00,9.18823,9.19631,9.18812,9.19318
2026-01-02 00:30:00,9.19319,9.195,9.19127,9.19405
2026-01-02 01:00:00,9.1944,9.2001,9.18451,9.18622
2026-01-02 01:30:00,9.18627,9.19778,9.18441,9.19537
2026-01-02 02:00:00,9.19532,9.21112,9.1936,9.2094
2026-01-02 02:30:00,9.20916,9.21014,9.20688,9.20825
2026-01-02 03:00:00,9.20823,9.20823,9.20223,9.2024
2026-01-02 03:30:00,9.20243,9.2037,9.19996,9.20151
2026-01-02 04:00:00,9.20152,9.20295,9.19977,9.20223
2026-01-02 04:30:00,9.20225,9.20362,9.2009,9.20112
2026-01-02 05:00:00,9.20111,9.20114,9.19682,9.19692
2026-01-02 05:30:00,9.1969,9.1986,9.19423,9.19448
2026-01-02 06:00:00,9.19449,9.19929,9.19444,9.1987
2026-01-02 06:30:00,9.19872,9.20129,9.19868,9.20114
2026-01-02 07:00:00,9.20113,9.20296,9.19373,9.19473
2026-01-02 07:30:00,9.19463,9.20238,9.19423,9.20238
2026-01-02 08:00:00,9.20287,9.20756,9.20245,9.20639
2026-01-02 08:30:00,9.20638,9.20767,9.20443,9.20602
2026-01-02 09:00:00,9.20609,9.21393,9.20502,9.21087
2026-01-02 09:30:00,9.21111,9.22273,9.21102,9.21529
2026-01-02 10:00:00,9.21562,9.21988,9.20737,9.21603
2026-01-02 10:30:00,9.216,9.21721,9.20959,9.21073
2026-01-02 11:00:00,9.21069,9.21641,9.20574,9.21452
2026-01-02 11:30:00,9.21451,9.23176,9.21424,9.22999
2026-01-02 12:00:00,9.23002,9.23782,9.22955,9.2377
2026-01-02 12:30:00,9.23774,9.23787,9.225,9.22901
2026-01-02 13:00:00,9.22902,9.23392,9.22733,9.22899
2026-01-02 13:30:00,9.22901,9.23412,9.22772,9.23082
2026-01-02 14:00:00,9.23087,9.23186,9.22499,9.2259
2026-01-02 14:30:00,9.22589,9.22789,9.22164,9.22278
2026-01-02 15:00:00,9.22279,9.22285,9.21468,9.22105
2026-01-02 15:30:00,9.22107,9.22629,9.21773,9.21955
2026-01-02 16:00:00,9.21881,9.22033,9.20899,9.20954
2026-01-02 16:30:00,9.20955,9.21317,9.20389,9.20973
2026-01-02 17:00:00,9.20986,9.21265,9.20362,9.2098
2026-01-02 17:30:00,9.20983,9.21267,9.19291,9.19564
2026-01-02 18:00:00,9.19565,9.20572,9.19375,9.20033
2026-01-02 18:30:00,9.20032,9.21188,9.19839,9.20904
2026-01-02 19:00:00,9.20903,9.21215,9.20426,9.20728
2026-01-02 19:30:00,9.20725,9.21828,9.20303,9.21602
2026-01-02 20:00:00,9.21604,9.2228,9.21555,9.22233
2026-01-02 20:30:00,9.22236,9.23211,9.22234,9.22849
2026-01-02 21:00:00,9.2285,9.23027,9.22367,9.22518
2026-01-02 21:30:00,9.2252,9.22683,9.21472,9.21509
2026-01-02 22:00:00,9.21504,9.22195,9.21368,9.21794
2026-01-02 22:30:00,9.21792,9.22121,9.21569,9.2157
2026-01-02 23:00:00,9.21542,9.21542,9.21138,9.21248
2026-01-02 23:30:00,9.21216,9.21512,9.20768,9.20986
2026-01-05 00:00:00,9.21344,9.21723,9.20651,9.21487
2026-01-05 00:30:00,9.21559,9.22095,9.21333,9.21902
2026-01-05 01:00:00,9.21863,9.23276,9.21724,9.22431
2026-01-05 01:30:00,9.22433,9.22939,9.22428,9.22884
2026-01-05 02:00:00,9.22847,9.22882,9.22284,9.22548
2026-01-05 02:30:00,9.22547,9.23189,9.22385,9.23108
2026-01-05 03:00:00,9.23101,9.23515,9.22858,9.23513
2026-01-05 03:30:00,9.23512,9.23545,9.23003,9.23188
2026-01-05 04:00:00,9.23185,9.23828,9.23095,9.2365
2026-01-05 04:30:00,9.23694,9.243,9.23554,9.23938
2026-01-05 05:00:00,9.23934,9.25157,9.23767,9.25072
2026-01-05 05:30:00,9.25075,9.2545,9.24904,9.25424
2026-01-05 06:00:00,9.25449,9.25498,9.25153,9.25487
2026-01-05 06:30:00,9.25486,9.25659,9.251,9.25191
2026-01-05 07:00:00,9.25196,9.25299,9.24925,9.24925
2026-01-05 07:30:00,9.24927,9.24937,9.24559,9.24639
2026-01-05 08:00:00,9.24629,9.25369,9.24589,9.24767
2026-01-05 08:30:00,9.24769,9.24801,9.24136,9.24194
2026-01-05 09:00:00,9.24201,9.24716,9.23729,9.23897
2026-01-05 09:30:00,9.23888,9.24115,9.23106,9.23697
2026-01-05 10:00:00,9.23696,9.24151,9.22153,9.22161
2026-01-05 10:30:00,9.22155,9.23688,9.22121,9.22803
2026-01-05 11:00:00,9.22757,9.23434,9.21857,9.22468
2026-01-05 11:30:00,9.22458,9.24121,9.22458,9.2295
2026-01-05 12:00:00,9.22952,9.22964,9.21662,9.22296
2026-01-05 12:30:00,9.22297,9.22593,9.21516,9.21529
2026-01-05 13:00:00,9.21526,9.22358,9.21288,9.22296
2026-01-05 13:30:00,9.22297,9.2252,9.21987,9.22415
2026-01-05 14:00:00,9.22417,9.22797,9.22219,9.22533
2026-01-05 14:30:00,9.22534,9.23961,9.22162,9.2392
2026-01-05 15:00:00,9.23902,9.2495,9.23731,9.24745
2026-01-05 15:30:00,9.24747,9.25589,9.24181,9.24247
2026-01-05 16:00:00,9.24219,9.24312,9.23078,9.23618
2026-01-05 16:30:00,9.23619,9.2378,9.22824,9.23147
2026-01-05 17:00:00,9.23412,9.25317,9.21712,9.21803
2026-01-05 17:30:00,9.21802,9.21991,9.20197,9.20303
2026-01-05 18:00:00,9.20302,9.20371,9.18705,9.18969
2026-01-05 18:30:00,9.18967,9.19016,9.18068,9.18404
2026-01-05 19:00:00,9.18381,9.18699,9.17817,9.18113
2026-01-05 19:30:00,9.18114,9.1873,9.18082,9.18323
2026-01-05 20:00:00,9.18326,9.18463,9.17991,9.18374
2026-01-05 20:30:00,9.18375,9.18664,9.18064,9.18086
2026-01-05 21:00:00,9.18083,9.18207,9.174,9.17435
2026-01-05 21:30:00,9.17462,9.17513,9.17092,9.17416
2026-01-05 22:00:00,9.17415,9.17526,9.17248,9.17251
2026-01-05 22:30:00,9.17255,9.1726,9.16668,9.16978
2026-01-05 23:00:00,9.16985,9.17283,9.16653,9.17183
2026-01-05 23:30:00,9.17146,9.17409,9.16997,9.17409
2026-01-06 00:00:00,9.17302,9.17924,9.1641,9.17479
2026-01-06 00:30:00,9.17481,9.17899,9.17436,9.17589
2026-01-06 01:00:00,9.17569,9.17795,9.17223,9.17648
2026-01-06 01:30:00,9.1765,9.179,9.17473,9.17671
2026-01-06 02:00:00,9.17672,9.17922,9.1747,9.17889
2026-01-06 02:30:00,9.17888,9.18089,9.17433,9.17464
2026-01-06 03:00:00,9.17462,9.17479,9.16642,9.1725
2026-01-06 03:30:00,9.17249,9.17296,9.16426,9.16426
2026-01-06 04:00:00,9.16424,9.16732,9.16214,9.16595
2026-01-06 04:30:00,9.16596,9.16596,9.15419,9.15517
2026-01-06 05:00:00,9.1551,9.15914,9.15483,9.15656
2026-01-06 05:30:00,9.15653,9.15684,9.15305,9.15652
2026-01-06 06:00:00,9.15648,9.1592,9.15626,9.15861
2026-01-06 06:30:00,9.15864,9.16047,9.15667,9.15925
2026-01-06 07:00:00,9.15928,9.1595,9.15604,9.15685
2026-01-06 07:30:00,9.15684,9.16561,9.15612,9.16522
2026-01-06 08:00:00,9.16521,9.16535,9.1599,9.16001
2026-01-06 08:30:00,9.16002,9.1605,9.15389,9.1562
2026-01-06 09:00:00,9.15618,9.16116,9.15009,9.15846
2026-01-06 09:30:00,9.15845,9.16794,9.15531,9.16543
2026-01-06 10:00:00,9.16558,9.1711,9.15746,9.17093
2026-01-06 10:30:00,9.17093,9.17173,9.16066,9.16841
2026-01-06 11:00:00,9.16817,9.1912,9.16812,9.18803
2026-01-06 11:30:00,9.18801,9.1909,9.18166,9.18906
2026-01-06 12:00:00,9.18908,9.19409,9.18679,9.18895
2026-01-06 12:30:00,9.18883,9.191,9.18582,9.18825
2026-01-06 13:00:00,9.18822,9.1978,9.18767,9.19225
2026-01-06 13:30:00,9.19224,9.19728,9.1912,9.196
2026-01-06 14:00:00,9.19595,9.19595,9.18802,9.19464
2026-01-06 14:30:00,9.19472,9.20964,9.19472,9.20487
2026-01-06 15:00:00,9.20481,9.20814,9.19364,9.20161
2026-01-06 15:30:00,9.20159,9.20355,9.19635,9.19658
2026-01-06 16:00:00,9.19659,9.19659,9.18095,9.19203
2026-01-06 16:30:00,9.19202,9.19547,9.18459,9.19192
2026-01-06 17:00:00,9.19196,9.22312,9.19196,9.22141
2026-01-06 17:30:00,9.22143,9.23114,9.2102,9.21172
2026-01-06 18:00:00,9.21165,9.21862,9.20767,9.2117
2026-01-06 18:30:00,9.21214,9.21285,9.20466,9.2075
2026-01-06 19:00:00,9.20751,9.20848,9.19681,9.19975
2026-01-06 19:30:00,9.19973,9.20043,9.19557,9.19563
2026-01-06 20:00:00,9.19572,9.20162,9.18821,9.19171
2026-01-06 20:30:00,9.19165,9.1979,9.19162,9.19666
2026-01-06 21:00:00,9.19665,9.19993,9.19421,9.19988
2026-01-06 21:30:00,9.19986,9.2014,9.1938,9.19574
2026-01-06 22:00:00,9.19574,9.19579,9.19171,9.19304
2026-01-06 22:30:00,9.19302,9.19375,9.18858,9.19225
2026-01-06 23:00:00,9.19224,9.20376,9.19218,9.20256
2026-01-06 23:30:00,9.20237,9.20262,9.19613,9.19613
2026-01-07 00:00:00,9.19658,9.20471,9.16855,9.20176
2026-01-07 00:30:00,9.2022,9.2052,9.19771,9.19821
2026-01-07 01:00:00,9.19779,9.20031,9.19748,9.1989
2026-01-07 01:30:00,9.19929,9.20281,9.19865,9.20281
2026-01-07 02:00:00,9.20282,9.20402,9.20111,9.20228
2026-01-07 02:30:00,9.20221,9.20316,9.1968,9.19823
2026-01-07 03:00:00,9.19824,9.19938,9.19679,9.19855
2026-01-07 03:30:00,9.19856,9.19864,9.18916,9.19464
2026-01-07 04:00:00,9.19467,9.19515,9.18887,9.19365
2026-01-07 04:30:00,9.19366,9.19477,9.1921,9.19453
2026-01-07 05:00:00,9.19454,9.19457,9.1913,9.19256
2026-01-07 05:30:00,9.19255,9.19331,9.19122,9.19293
2026-01-07 06:00:00,9.1929,9.19532,9.18964,9.19518
2026-01-07 06:30:00,9.19521,9.19841,9.19372,9.1983
2026-01-07 07:00:00,9.19831,9.20075,9.1973,9.20053
2026-01-07 07:30:00,9.20026,9.20304,9.19848,9.19957
2026-01-07 08:00:00,9.19955,9.20042,9.19795,9.19796
2026-01-07 08:30:00,9.19797,9.19966,9.19517,9.19762
2026-01-07 09:00:00,9.19764,9.21151,9.19764,9.20982
2026-01-07 09:30:00,9.20976,9.22148,9.20784,9.21786
2026-01-07 10:00:00,9.21788,9.22251,9.21,9.21083
2026-01-07 10:30:00,9.2105,9.2105,9.19238,9.19398
2026-01-07 11:00:00,9.19399,9.20538,9.19342,9.19914
2026-01-07 11:30:00,9.19908,9.20588,9.1986,9.20245
2026-01-07 12:00:00,9.20245,9.20303,9.18766,9.18846
2026-01-07 12:30:00,9.18846,9.19834,9.18691,9.1967
2026-01-07 13:00:00,9.19672,9.19681,9.18848,9.19072
2026-01-07 13:30:00,9.19073,9.19591,9.18939,9.19368
2026-01-07 14:00:00,9.19366,9.19664,9.18902,9.19222
2026-01-07 14:30:00,9.19221,9.19308,9.17887,9.18366
2026-01-07 15:00:00,9.18367,9.19279,9.18262,9.18736
2026-01-07 15:30:00,9.18737,9.18874,9.17294,9.17496
2026-01-07 16:00:00,9.17487,9.18208,9.17293,9.17929
2026-01-07 16:30:00,9.17917,9.18044,9.17311,9.17364
2026-01-07 17:00:00,9.1797,9.19814,9.17641,9.18796
2026-01-07 17:30:00,9.18807,9.18807,9.17388,9.17979
2026-01-07 18:00:00,9.17991,9.19023,9.17539,9.18839
2026-01-07 18:30:00,9.18845,9.18894,9.17756,9.17756
2026-01-07 19:00:00,9.1773,9.18128,9.16874,9.17699
2026-01-07 19:30:00,9.17696,9.18473,9.17542,9.18182
2026-01-07 20:00:00,9.18184,9.18592,9.18099,9.18535
2026-01-07 20:30:00,9.18535,9.18678,9.1797,9.18446
2026-01-07 21:00:00,9.18444,9.18835,9.18145,9.1873
2026-01-07 21:30:00,9.18731,9.18787,9.17487,9.18115
2026-01-07 22:00:00,9.18108,9.1829,9.17713,9.18283
2026-01-07 22:30:00,9.18276,9.1845,9.17968,9.18202
2026-01-07 23:00:00,9.1823,9.18504,9.18056,9.18397
2026-01-07 23:30:00,9.18398,9.18618,9.18245,9.18255
2026-01-08 00:00:00,9.1842,9.18651,9.17312,9.18451
2026-01-08 00:30:00,9.18401,9.18653,9.1821,9.18351
2026-01-08 01:00:00,9.18336,9.18686,9.18128,9.18478
2026-01-08 01:30:00,9.18479,9.18726,9.18353,9.18505
2026-01-08 02:00:00,9.1851,9.18661,9.1849,9.18558
2026-01-08 02:30:00,9.18533,9.18959,9.18209,9.18301
2026-01-08 03:00:00,9.18302,9.18302,9.17693,9.17885
2026-01-08 03:30:00,9.17886,9.18149,9.17862,9.17928
2026-01-08 04:00:00,9.17934,9.18291,9.17847,9.18117
2026-01-08 04:30:00,9.18114,9.18126,9.1771,9.17763
2026-01-08 05:00:00,9.17755,9.17774,9.17529,9.1765
2026-01-08 05:30:00,9.17649,9.18423,9.17577,9.18338
2026-01-08 06:00:00,9.18332,9.18509,9.18236,9.1845
2026-01-08 06:30:00,9.18449,9.18556,9.1835,9.18428
2026-01-08 07:00:00,9.18429,9.18685,9.18429,9.18655
2026-01-08 07:30:00,9.18654,9.18707,9.18302,9.18335
2026-01-08 08:00:00,9.18331,9.19352,9.18321,9.19274
2026-01-08 08:30:00,9.19275,9.19283,9.1877,9.1885
2026-01-08 09:00:00,9.18859,9.20358,9.18532,9.20115
2026-01-08 09:30:00,9.20105,9.20774,9.19832,9.20774
2026-01-08 10:00:00,9.20775,9.21405,9.20482,9.21101
2026-01-08 10:30:00,9.21143,9.23052,9.21066,9.22409
2026-01-08 11:00:00,9.22427,9.22578,9.21495,9.22061
2026-01-08 11:30:00,9.2206,9.22879,9.21705,9.22092
2026-01-08 12:00:00,9.22048,9.22577,9.20858,9.20885
2026-01-08 12:30:00,9.20879,9.20915,9.20328,9.20623
2026-01-08 13:00:00,9.20622,9.20807,9.20261,9.20766
2026-01-08 13:30:00,9.20763,9.20969,9.20417,9.2096
2026-01-08 14:00:00,9.20967,9.21922,9.2088,9.21852
2026-01-08 14:30:00,9.21853,9.22181,9.21652,9.21794
2026-01-08 15:00:00,9.21793,9.22342,9.21645,9.21884
2026-01-08 15:30:00,9.21936,9.23847,9.2119,9.23019
2026-01-08 16:00:00,9.23014,9.23815,9.2257,9.23279
2026-01-08 16:30:00,9.23259,9.23438,9.21618,9.2174
2026-01-08 17:00:00,9.21739,9.223,9.20158,9.21249
2026-01-08 17:30:00,9.21248,9.22314,9.21248,9.21711
2026-01-08 18:00:00,9.21707,9.23003,9.21489,9.22419
2026-01-08 18:30:00,9.22408,9.2289,9.2217,9.2256
2026-01-08 19:00:00,9.22539,9.22865,9.22267,9.22711
2026-01-08 19:30:00,9.2271,9.23495,9.22655,9.22707
2026-01-08 20:00:00,9.22708,9.23002,9.22457,9.22634
2026-01-08 20:30:00,9.22632,9.22761,9.22151,9.22739
2026-01-08 21:00:00,9.22739,9.22932,9.22616,9.22695
2026-01-08 21:30:00,9.22685,9.227,9.22072,9.22402
2026-01-08 22:00:00,9.22397,9.22453,9.22015,9.22062
2026-01-08 22:30:00,9.22061,9.22396,9.22039,9.22349
2026-01-08 23:00:00,9.22366,9.22411,9.21926,9.21947
2026-01-08 23:30:00,9.21946,9.21961,9.21142,9.21311
2026-01-09 00:00:00,9.21262,9.21837,9.19414,9.21835
2026-01-09 00:30:00,9.2184,9.22323,9.21126,9.21206
2026-01-09 01:00:00,9.21231,9.2173,9.21151,9.21645
2026-01-09 01:30:00,9.21641,9.21946,9.21624,9.21813
2026-01-09 02:00:00,9.21891,9.22449,9.21891,9.22372
2026-01-09 02:30:00,9.2237,9.22855,9.2237,9.22763
2026-01-09 03:00:00,9.22764,9.23074,9.22522,9.22955
2026-01-09 03:30:00,9.22991,9.23295,9.22888,9.23229
2026-01-09 04:00:00,9.23228,9.23402,9.22902,9.23122
2026-01-09 04:30:00,9.2312,9.23359,9.22879,9.22937
2026-01-09 05:00:00,9.22938,9.2306,9.22622,9.22838
2026-01-09 05:30:00,9.22841,9.23017,9.22681,9.22849
2026-01-09 06:00:00,9.2285,9.23128,9.22789,9.22912
2026-01-09 06:30:00,9.2291,9.23096,9.22907,9.23091
2026-01-09 07:00:00,9.23092,9.23349,9.22976,9.2331
2026-01-09 07:30:00,9.23311,9.23634,9.23257,9.23474
2026-01-09 08:00:00,9.23471,9.23552,9.23201,9.23273
2026-01-09 08:30:00,9.23271,9.23533,9.22473,9.23486
2026-01-09 09:00:00,9.23514,9.23553,9.22565,9.23297
2026-01-09 09:30:00,9.23298,9.23805,9.22809,9.22827
2026-01-09 10:00:00,9.22816,9.23137,9.22297,9.22669
2026-01-09 10:30:00,9.22668,9.23262,9.22243,9.22332
2026-01-09 11:00:00,9.22325,9.22982,9.2183,9.22976
2026-01-09 11:30:00,9.22978,9.23349,9.22545,9.22866
2026-01-09 12:00:00,9.22825,9.23008,9.22241,9.22532
2026-01-09 12:30:00,9.22531,9.2279,9.2201,9.2214
2026-01-09 13:00:00,9.22144,9.22529,9.21979,9.22348
2026-01-09 13:30:00,9.22349,9.22621,9.21548,9.21802
2026-01-09 14:00:00,9.21802,9.22677,9.21726,9.22091
2026-01-09 14:30:00,9.22091,9.23348,9.21975,9.22866
2026-01-09 15:00:00,9.2286,9.23255,9.22407,9.22953
2026-01-09 15:30:00,9.22969,9.24275,9.19755,9.21694
2026-01-09 16:00:00,9.21742,9.22891,9.21143,9.22706
2026-01-09 16:30:00,9.22705,9.23081,9.21829,9.21908
2026-01-09 17:00:00,9.21912,9.23667,9.21781,9.22759
2026-01-09 17:30:00,9.22785,9.23008,9.20829,9.20984
2026-01-09 18:00:00,9.20988,9.21318,9.20094,9.213
2026-01-09 18:30:00,9.21307,9.21581,9.2074,9.20744
2026-01-09 19:00:00,9.2074,9.21093,9.20337,9.2096
2026-01-09 19:30:00,9.20963,9.21077,9.20434,9.20919
2026-01-09 20:00:00,9.20921,9.20944,9.20575,9.20655
2026-01-09 20:30:00,9.20657,9.20668,9.19907,9.20615
2026-01-09 21:00:00,9.20613,9.2071,9.19815,9.1991
2026-01-09 21:30:00,9.1991,9.20418,9.1991,9.20173
2026-01-09 22:00:00,9.20174,9.20285,9.19878,9.1999
2026-01-09 22:30:00,9.19988,9.2053,9.19947,9.20486
2026-01-09 23:00:00,9.20456,9.20705,9.20171,9.20628
2026-01-09 23:30:00,9.20626,9.21327,9.19817,9.19821
