2025-10-04 16:43:08,146 - opt_console_ui - INFO - FilterBuilder: open
2025-10-04 16:43:24,556 - opt_console_ui - INFO - FilterBuilder: cancelled
2025-10-04 16:43:30,387 - opt_console_ui - INFO - Preset filter loaded: max_drawdown < 8% and profit_factor >= 1.5...
2025-10-04 16:43:32,851 - opt_console_ui - INFO - FilterBuilder: open
2025-10-04 16:43:55,606 - opt_console_ui - INFO - FilterBuilder: apply
2025-10-04 16:43:55,613 - opt_console_ui - INFO - FilterBuilder: applied expression
2025-10-04 16:43:58,036 - opt_console_ui - INFO - FilterBuilder: open
2025-10-04 16:44:00,138 - opt_console_ui - INFO - FilterBuilder: cancelled
2025-10-04 16:44:01,604 - opt_console_ui - INFO - Preset filter loaded: profit_factor >= 1.6 and calmar_ratio > 0 and max_...
2025-10-04 16:44:02,786 - opt_console_ui - INFO - FilterBuilder: open
2025-10-04 16:44:07,452 - opt_console_ui - INFO - FilterBuilder: cancelled
2025-10-04 16:44:10,876 - opt_console_ui - INFO - SortBuilder: open
2025-10-04 16:44:16,775 - opt_console_ui - INFO - SortBuilder: cancelled
2025-10-04 16:44:44,189 - opt_console_ui - INFO - Loading 62 JSON files from: C:/Users/frank/OneDrive/Desktop/opt_4/4.2/4.2.5 - After trying to fix ratios 090925/outputs/runs
2025-10-04 16:44:50,874 - opt_console_ui - ERROR - Load JSONs failed: module 'PySide6.QtWidgets' has no attribute 'QAction'
2025-10-04 16:45:28,828 - opt_console_ui - ERROR - Query/Sort/Limit failed: module 'PySide6.QtWidgets' has no attribute 'QAction'
2025-10-04 16:45:31,722 - opt_console_ui - ERROR - Query/Sort/Limit failed: module 'PySide6.QtWidgets' has no attribute 'QAction'
2025-10-04 16:48:07,406 - opt_console_ui - ERROR - Query/Sort/Limit failed: module 'PySide6.QtWidgets' has no attribute 'QAction'
2025-10-04 16:48:32,100 - opt_console_ui - INFO - Loading 62 JSON files from: C:/Users/frank/OneDrive/Desktop/opt_4/4.2/4.2.5 - After trying to fix ratios 090925/outputs/runs
2025-10-04 16:48:37,509 - opt_console_ui - ERROR - Load JSONs failed: module 'PySide6.QtWidgets' has no attribute 'QAction'
2025-10-04 16:48:51,910 - opt_console_ui - ERROR - Query/Sort/Limit failed: module 'PySide6.QtWidgets' has no attribute 'QAction'
2025-10-04 18:05:09,976 - opt_console_ui - INFO - App state loaded successfully
2025-10-04 18:45:33,945 - opt_console_ui - INFO - App state loaded successfully
2025-10-04 18:45:53,724 - opt_console_ui - INFO - App state loaded successfully
2025-10-04 18:46:31,017 - opt_console_ui - INFO - App state loaded successfully
2025-10-04 18:56:08,630 - opt_console_ui - INFO - FilterBuilder: open
2025-10-04 18:56:18,072 - opt_console_ui - INFO - FilterBuilder: cancel
2025-10-04 18:56:18,082 - opt_console_ui - INFO - FilterBuilder: cancelled
2025-10-04 18:56:19,307 - opt_console_ui - INFO - Preset filter loaded: max_drawdown < 8% and profit_factor >= 1.5...
2025-10-04 18:56:31,569 - opt_console_ui - INFO - Loading 62 JSON files from: C:/Users/frank/OneDrive/Desktop/opt_4/4.2/4.2.5 - After trying to fix ratios 090925/outputs/runs
2025-10-04 18:56:38,979 - opt_console_ui - INFO - Columns: skip action for 'total_return': module 'PySide6.QtWidgets' has no attribute 'QAction'
2025-10-04 18:56:38,979 - opt_console_ui - INFO - Columns: skip action for 'sharpe_ratio': module 'PySide6.QtWidgets' has no attribute 'QAction'
2025-10-04 18:56:38,979 - opt_console_ui - INFO - Columns: skip action for 'sortino_ratio': module 'PySide6.QtWidgets' has no attribute 'QAction'
2025-10-04 18:56:38,979 - opt_console_ui - INFO - Columns: skip action for 'calmar_ratio': module 'PySide6.QtWidgets' has no attribute 'QAction'
2025-10-04 18:56:38,979 - opt_console_ui - INFO - Columns: skip action for 'max_drawdown': module 'PySide6.QtWidgets' has no attribute 'QAction'
2025-10-04 18:56:38,979 - opt_console_ui - INFO - Columns: skip action for 'win_rate': module 'PySide6.QtWidgets' has no attribute 'QAction'
2025-10-04 18:56:38,979 - opt_console_ui - INFO - Columns: skip action for 'total_trades': module 'PySide6.QtWidgets' has no attribute 'QAction'
2025-10-04 18:56:38,979 - opt_console_ui - INFO - Columns: skip action for 'profit_factor': module 'PySide6.QtWidgets' has no attribute 'QAction'
2025-10-04 18:56:38,980 - opt_console_ui - INFO - Columns: skip action for 'expectancy': module 'PySide6.QtWidgets' has no attribute 'QAction'
2025-10-04 18:56:38,980 - opt_console_ui - INFO - Columns: skip action for 'start_capital': module 'PySide6.QtWidgets' has no attribute 'QAction'
2025-10-04 18:56:38,980 - opt_console_ui - INFO - Columns: skip action for 'end_capital': module 'PySide6.QtWidgets' has no attribute 'QAction'
2025-10-04 18:56:38,980 - opt_console_ui - INFO - Columns: skip action for 'avg_hold_hours': module 'PySide6.QtWidgets' has no attribute 'QAction'
2025-10-04 18:56:38,980 - opt_console_ui - INFO - Columns: skip action for 'ulcer_index': module 'PySide6.QtWidgets' has no attribute 'QAction'
2025-10-04 18:56:38,980 - opt_console_ui - INFO - Columns: skip action for 'omega_0': module 'PySide6.QtWidgets' has no attribute 'QAction'
2025-10-04 18:56:38,980 - opt_console_ui - INFO - Columns: skip action for 'omega_fees': module 'PySide6.QtWidgets' has no attribute 'QAction'
2025-10-04 18:56:38,980 - opt_console_ui - INFO - Columns: skip action for 'calmar_robust': module 'PySide6.QtWidgets' has no attribute 'QAction'
2025-10-04 18:56:38,980 - opt_console_ui - INFO - Columns: skip action for 'val_days': module 'PySide6.QtWidgets' has no attribute 'QAction'
2025-10-04 18:56:38,980 - opt_console_ui - INFO - Columns: skip action for 'cagr_adj': module 'PySide6.QtWidgets' has no attribute 'QAction'
2025-10-04 18:56:38,981 - opt_console_ui - INFO - Columns: skip action for 'maxdd_obs_frac': module 'PySide6.QtWidgets' has no attribute 'QAction'
2025-10-04 18:56:38,981 - opt_console_ui - INFO - Columns: skip action for 'dd_floor': module 'PySide6.QtWidgets' has no attribute 'QAction'
2025-10-04 18:56:38,981 - opt_console_ui - INFO - Columns: skip action for 'dd_adj': module 'PySide6.QtWidgets' has no attribute 'QAction'
2025-10-04 18:56:38,981 - opt_console_ui - INFO - Columns: skip action for 'chart': module 'PySide6.QtWidgets' has no attribute 'QAction'
2025-10-04 18:56:38,981 - opt_console_ui - INFO - Columns: skip action for 'trial_id': module 'PySide6.QtWidgets' has no attribute 'QAction'
2025-10-04 18:56:38,981 - opt_console_ui - INFO - Columns: skip action for 'method': module 'PySide6.QtWidgets' has no attribute 'QAction'
2025-10-04 18:56:38,981 - opt_console_ui - INFO - Columns: skip action for 'param_fast_min_len': module 'PySide6.QtWidgets' has no attribute 'QAction'
2025-10-04 18:56:38,981 - opt_console_ui - INFO - Columns: skip action for 'param_fast_max_len': module 'PySide6.QtWidgets' has no attribute 'QAction'
2025-10-04 18:56:38,981 - opt_console_ui - INFO - Columns: skip action for 'param_slow_min_len': module 'PySide6.QtWidgets' has no attribute 'QAction'
2025-10-04 18:56:38,981 - opt_console_ui - INFO - Columns: skip action for 'param_slow_max_len': module 'PySide6.QtWidgets' has no attribute 'QAction'
2025-10-04 18:56:38,981 - opt_console_ui - INFO - Columns: skip action for 'param_dma_atr_len': module 'PySide6.QtWidgets' has no attribute 'QAction'
2025-10-04 18:56:38,981 - opt_console_ui - INFO - Columns: skip action for 'param_atr_len': module 'PySide6.QtWidgets' has no attribute 'QAction'
2025-10-04 18:56:38,982 - opt_console_ui - INFO - Columns: skip action for 'param_upper_outer_mult': module 'PySide6.QtWidgets' has no attribute 'QAction'
2025-10-04 18:56:38,982 - opt_console_ui - INFO - Columns: skip action for 'param_lower_outer_mult': module 'PySide6.QtWidgets' has no attribute 'QAction'
2025-10-04 18:56:38,982 - opt_console_ui - INFO - Columns: skip action for 'param_upper_inner_mult': module 'PySide6.QtWidgets' has no attribute 'QAction'
2025-10-04 18:56:38,982 - opt_console_ui - INFO - Columns: skip action for 'param_lower_inner_mult': module 'PySide6.QtWidgets' has no attribute 'QAction'
2025-10-04 18:56:38,982 - opt_console_ui - INFO - Columns: skip action for 'param_momentum_len': module 'PySide6.QtWidgets' has no attribute 'QAction'
2025-10-04 18:56:38,982 - opt_console_ui - INFO - Columns: skip action for 'param_momentum_threshold': module 'PySide6.QtWidgets' has no attribute 'QAction'
2025-10-04 18:56:38,982 - opt_console_ui - INFO - Columns: skip action for '_source_file': module 'PySide6.QtWidgets' has no attribute 'QAction'
2025-10-04 18:56:38,982 - opt_console_ui - INFO - Columns: skip action for 'fold_id': module 'PySide6.QtWidgets' has no attribute 'QAction'
2025-10-04 18:56:38,982 - opt_console_ui - INFO - Columns: skip action for 'bars_total': module 'PySide6.QtWidgets' has no attribute 'QAction'
2025-10-04 18:56:38,982 - opt_console_ui - INFO - Columns: skip action for 'bars_train': module 'PySide6.QtWidgets' has no attribute 'QAction'
2025-10-04 18:56:38,983 - opt_console_ui - INFO - Columns: skip action for 'bars_embargo': module 'PySide6.QtWidgets' has no attribute 'QAction'
2025-10-04 18:56:38,983 - opt_console_ui - INFO - Columns: skip action for 'bars_val': module 'PySide6.QtWidgets' has no attribute 'QAction'
2025-10-04 18:56:38,983 - opt_console_ui - INFO - Columns: skip action for 'val_start': module 'PySide6.QtWidgets' has no attribute 'QAction'
2025-10-04 18:56:38,983 - opt_console_ui - INFO - Columns: skip action for 'val_end': module 'PySide6.QtWidgets' has no attribute 'QAction'
2025-10-04 18:56:38,983 - opt_console_ui - INFO - Columns: skip action for 'param_momentum_lookback': module 'PySide6.QtWidgets' has no attribute 'QAction'
2025-10-04 18:56:38,983 - opt_console_ui - INFO - Columns: skip action for 'param_slope_lookback': module 'PySide6.QtWidgets' has no attribute 'QAction'
2025-10-04 18:56:38,983 - opt_console_ui - INFO - Columns: skip action for 'param_trailing_atr_mult': module 'PySide6.QtWidgets' has no attribute 'QAction'
2025-10-04 18:56:38,983 - opt_console_ui - INFO - Columns: skip action for 'trial_uid': module 'PySide6.QtWidgets' has no attribute 'QAction'
2025-10-04 18:56:38,984 - opt_console_ui - INFO - Columns: skip action for 'param_rsi_len': module 'PySide6.QtWidgets' has no attribute 'QAction'
2025-10-04 18:56:38,984 - opt_console_ui - INFO - Columns: skip action for 'param_rsi_oversold': module 'PySide6.QtWidgets' has no attribute 'QAction'
2025-10-04 18:56:38,984 - opt_console_ui - INFO - Columns: skip action for 'param_base_fast_len': module 'PySide6.QtWidgets' has no attribute 'QAction'
2025-10-04 18:56:38,984 - opt_console_ui - INFO - Columns: skip action for 'param_base_slow_len': module 'PySide6.QtWidgets' has no attribute 'QAction'
2025-10-04 18:56:38,984 - opt_console_ui - INFO - Columns: skip action for 'param_volatility_atr_short': module 'PySide6.QtWidgets' has no attribute 'QAction'
2025-10-04 18:56:38,984 - opt_console_ui - INFO - Columns: skip action for 'param_volatility_atr_long': module 'PySide6.QtWidgets' has no attribute 'QAction'
2025-10-04 18:56:38,984 - opt_console_ui - INFO - Columns: skip action for 'param_max_holding_period': module 'PySide6.QtWidgets' has no attribute 'QAction'
2025-10-04 18:56:38,984 - opt_console_ui - INFO - Columns: skip action for 'param_adx_period': module 'PySide6.QtWidgets' has no attribute 'QAction'
2025-10-04 18:56:38,984 - opt_console_ui - INFO - Columns: skip action for 'param_adx_threshold': module 'PySide6.QtWidgets' has no attribute 'QAction'
2025-10-04 18:56:38,984 - opt_console_ui - INFO - Columns: skip action for 'param_chandelier_atr_period': module 'PySide6.QtWidgets' has no attribute 'QAction'
2025-10-04 18:56:38,984 - opt_console_ui - INFO - Columns: skip action for 'param_chandelier_atr_multiplier': module 'PySide6.QtWidgets' has no attribute 'QAction'
2025-10-04 18:56:38,985 - opt_console_ui - INFO - Columns: skip action for 'param_ranging_trigger_window': module 'PySide6.QtWidgets' has no attribute 'QAction'
2025-10-04 18:56:38,985 - opt_console_ui - INFO - Columns: skip action for 'param_stoch_k': module 'PySide6.QtWidgets' has no attribute 'QAction'
2025-10-04 18:56:38,985 - opt_console_ui - INFO - Columns: skip action for 'param_stoch_d': module 'PySide6.QtWidgets' has no attribute 'QAction'
2025-10-04 18:56:38,985 - opt_console_ui - INFO - Columns: skip action for 'param_stoch_smooth': module 'PySide6.QtWidgets' has no attribute 'QAction'
2025-10-04 18:56:38,985 - opt_console_ui - INFO - Columns: skip action for 'param_catastrophic_stop_atr_mult': module 'PySide6.QtWidgets' has no attribute 'QAction'
2025-10-04 18:56:38,985 - opt_console_ui - INFO - Columns: skip action for 'param_slope_len': module 'PySide6.QtWidgets' has no attribute 'QAction'
2025-10-04 18:56:38,985 - opt_console_ui - INFO - Columns: skip action for 'param_adx_floor': module 'PySide6.QtWidgets' has no attribute 'QAction'
2025-10-04 18:56:38,985 - opt_console_ui - INFO - Columns: skip action for 'param_cooldown_bars': module 'PySide6.QtWidgets' has no attribute 'QAction'
2025-10-04 18:56:38,985 - opt_console_ui - INFO - Columns: skip action for 'param_atr_pct_floor': module 'PySide6.QtWidgets' has no attribute 'QAction'
2025-10-04 18:56:38,985 - opt_console_ui - INFO - Columns: skip action for 'param_atr_pct_cap': module 'PySide6.QtWidgets' has no attribute 'QAction'
2025-10-04 18:56:38,985 - opt_console_ui - INFO - Columns: skip action for 'param_init_atr_mult': module 'PySide6.QtWidgets' has no attribute 'QAction'
2025-10-04 18:56:38,986 - opt_console_ui - INFO - Columns: skip action for 'param_dma_buffer_mult': module 'PySide6.QtWidgets' has no attribute 'QAction'
2025-10-04 18:56:38,986 - opt_console_ui - INFO - Columns: skip action for 'param_partial_pct': module 'PySide6.QtWidgets' has no attribute 'QAction'
2025-10-04 18:56:38,986 - opt_console_ui - INFO - Columns: skip action for 'param_be_buffer': module 'PySide6.QtWidgets' has no attribute 'QAction'
2025-10-04 18:56:38,986 - opt_console_ui - INFO - Columns: skip action for 'param_trail_dma_buffer': module 'PySide6.QtWidgets' has no attribute 'QAction'
2025-10-04 18:56:38,986 - opt_console_ui - INFO - Columns: skip action for 'param_dead_bars': module 'PySide6.QtWidgets' has no attribute 'QAction'
2025-10-04 18:56:38,986 - opt_console_ui - INFO - Columns: skip action for 'param_adx_dead_threshold': module 'PySide6.QtWidgets' has no attribute 'QAction'
2025-10-04 18:56:38,986 - opt_console_ui - INFO - Columns: skip action for 'param_max_equity_heat_pct': module 'PySide6.QtWidgets' has no attribute 'QAction'
2025-10-04 18:56:38,986 - opt_console_ui - INFO - Columns: skip action for 'param_max_consec_losses': module 'PySide6.QtWidgets' has no attribute 'QAction'
2025-10-04 18:56:38,986 - opt_console_ui - INFO - Columns: skip action for 'param_friday_cutoff_bars': module 'PySide6.QtWidgets' has no attribute 'QAction'
2025-10-04 18:56:38,986 - opt_console_ui - INFO - Columns: skip action for 'param_min_addon_distance_ATR': module 'PySide6.QtWidgets' has no attribute 'QAction'
2025-10-04 18:56:38,986 - opt_console_ui - INFO - Columns: skip action for 'param_ranging_confirm_bar': module 'PySide6.QtWidgets' has no attribute 'QAction'
2025-10-04 18:56:38,986 - opt_console_ui - INFO - Columns: skip action for 'gtp_proxy': module 'PySide6.QtWidgets' has no attribute 'QAction'
2025-10-04 18:56:38,987 - opt_console_ui - INFO - Columns: skip action for 'exp_per_trade': module 'PySide6.QtWidgets' has no attribute 'QAction'
2025-10-04 18:56:38,987 - opt_console_ui - INFO - Columns: skip action for 'loss_streak_cap': module 'PySide6.QtWidgets' has no attribute 'QAction'
2025-10-04 18:56:38,990 - opt_console_ui - INFO - Columns: skip action for 'total_return': module 'PySide6.QtWidgets' has no attribute 'QAction'
2025-10-04 18:56:38,990 - opt_console_ui - INFO - Columns: skip action for 'sharpe_ratio': module 'PySide6.QtWidgets' has no attribute 'QAction'
2025-10-04 18:56:38,990 - opt_console_ui - INFO - Columns: skip action for 'sortino_ratio': module 'PySide6.QtWidgets' has no attribute 'QAction'
2025-10-04 18:56:38,990 - opt_console_ui - INFO - Columns: skip action for 'calmar_ratio': module 'PySide6.QtWidgets' has no attribute 'QAction'
2025-10-04 18:56:38,991 - opt_console_ui - INFO - Columns: skip action for 'max_drawdown': module 'PySide6.QtWidgets' has no attribute 'QAction'
2025-10-04 18:56:38,991 - opt_console_ui - INFO - Columns: skip action for 'win_rate': module 'PySide6.QtWidgets' has no attribute 'QAction'
2025-10-04 18:56:38,991 - opt_console_ui - INFO - Columns: skip action for 'total_trades': module 'PySide6.QtWidgets' has no attribute 'QAction'
2025-10-04 18:56:38,991 - opt_console_ui - INFO - Columns: skip action for 'profit_factor': module 'PySide6.QtWidgets' has no attribute 'QAction'
2025-10-04 18:56:38,991 - opt_console_ui - INFO - Columns: skip action for 'expectancy': module 'PySide6.QtWidgets' has no attribute 'QAction'
2025-10-04 18:56:38,991 - opt_console_ui - INFO - Columns: skip action for 'start_capital': module 'PySide6.QtWidgets' has no attribute 'QAction'
2025-10-04 18:56:38,991 - opt_console_ui - INFO - Columns: skip action for 'end_capital': module 'PySide6.QtWidgets' has no attribute 'QAction'
2025-10-04 18:56:38,991 - opt_console_ui - INFO - Columns: skip action for 'avg_hold_hours': module 'PySide6.QtWidgets' has no attribute 'QAction'
2025-10-04 18:56:38,991 - opt_console_ui - INFO - Columns: skip action for 'ulcer_index': module 'PySide6.QtWidgets' has no attribute 'QAction'
2025-10-04 18:56:38,992 - opt_console_ui - INFO - Columns: skip action for 'omega_0': module 'PySide6.QtWidgets' has no attribute 'QAction'
2025-10-04 18:56:38,992 - opt_console_ui - INFO - Columns: skip action for 'omega_fees': module 'PySide6.QtWidgets' has no attribute 'QAction'
2025-10-04 18:56:38,992 - opt_console_ui - INFO - Columns: skip action for 'calmar_robust': module 'PySide6.QtWidgets' has no attribute 'QAction'
2025-10-04 18:56:38,992 - opt_console_ui - INFO - Columns: skip action for 'val_days': module 'PySide6.QtWidgets' has no attribute 'QAction'
2025-10-04 18:56:38,992 - opt_console_ui - INFO - Columns: skip action for 'cagr_adj': module 'PySide6.QtWidgets' has no attribute 'QAction'
2025-10-04 18:56:38,992 - opt_console_ui - INFO - Columns: skip action for 'maxdd_obs_frac': module 'PySide6.QtWidgets' has no attribute 'QAction'
2025-10-04 18:56:38,992 - opt_console_ui - INFO - Columns: skip action for 'dd_floor': module 'PySide6.QtWidgets' has no attribute 'QAction'
2025-10-04 18:56:38,993 - opt_console_ui - INFO - Columns: skip action for 'dd_adj': module 'PySide6.QtWidgets' has no attribute 'QAction'
2025-10-04 18:56:38,993 - opt_console_ui - INFO - Columns: skip action for 'chart': module 'PySide6.QtWidgets' has no attribute 'QAction'
2025-10-04 18:56:38,993 - opt_console_ui - INFO - Columns: skip action for 'trial_id': module 'PySide6.QtWidgets' has no attribute 'QAction'
2025-10-04 18:56:38,993 - opt_console_ui - INFO - Columns: skip action for 'method': module 'PySide6.QtWidgets' has no attribute 'QAction'
2025-10-04 18:56:38,993 - opt_console_ui - INFO - Columns: skip action for 'param_fast_min_len': module 'PySide6.QtWidgets' has no attribute 'QAction'
2025-10-04 18:56:38,994 - opt_console_ui - INFO - Columns: skip action for 'param_fast_max_len': module 'PySide6.QtWidgets' has no attribute 'QAction'
2025-10-04 18:56:38,994 - opt_console_ui - INFO - Columns: skip action for 'param_slow_min_len': module 'PySide6.QtWidgets' has no attribute 'QAction'
2025-10-04 18:56:38,994 - opt_console_ui - INFO - Columns: skip action for 'param_slow_max_len': module 'PySide6.QtWidgets' has no attribute 'QAction'
2025-10-04 18:56:38,994 - opt_console_ui - INFO - Columns: skip action for 'param_dma_atr_len': module 'PySide6.QtWidgets' has no attribute 'QAction'
2025-10-04 18:56:38,994 - opt_console_ui - INFO - Columns: skip action for 'param_atr_len': module 'PySide6.QtWidgets' has no attribute 'QAction'
2025-10-04 18:56:38,994 - opt_console_ui - INFO - Columns: skip action for 'param_upper_outer_mult': module 'PySide6.QtWidgets' has no attribute 'QAction'
2025-10-04 18:56:38,994 - opt_console_ui - INFO - Columns: skip action for 'param_lower_outer_mult': module 'PySide6.QtWidgets' has no attribute 'QAction'
2025-10-04 18:56:38,994 - opt_console_ui - INFO - Columns: skip action for 'param_upper_inner_mult': module 'PySide6.QtWidgets' has no attribute 'QAction'
2025-10-04 18:56:38,994 - opt_console_ui - INFO - Columns: skip action for 'param_lower_inner_mult': module 'PySide6.QtWidgets' has no attribute 'QAction'
2025-10-04 18:56:38,994 - opt_console_ui - INFO - Columns: skip action for 'param_momentum_len': module 'PySide6.QtWidgets' has no attribute 'QAction'
2025-10-04 18:56:38,995 - opt_console_ui - INFO - Columns: skip action for 'param_momentum_threshold': module 'PySide6.QtWidgets' has no attribute 'QAction'
2025-10-04 18:56:38,995 - opt_console_ui - INFO - Columns: skip action for '_source_file': module 'PySide6.QtWidgets' has no attribute 'QAction'
2025-10-04 18:56:38,995 - opt_console_ui - INFO - Columns: skip action for 'fold_id': module 'PySide6.QtWidgets' has no attribute 'QAction'
2025-10-04 18:56:38,995 - opt_console_ui - INFO - Columns: skip action for 'bars_total': module 'PySide6.QtWidgets' has no attribute 'QAction'
2025-10-04 18:56:38,995 - opt_console_ui - INFO - Columns: skip action for 'bars_train': module 'PySide6.QtWidgets' has no attribute 'QAction'
2025-10-04 18:56:38,995 - opt_console_ui - INFO - Columns: skip action for 'bars_embargo': module 'PySide6.QtWidgets' has no attribute 'QAction'
2025-10-04 18:56:38,995 - opt_console_ui - INFO - Columns: skip action for 'bars_val': module 'PySide6.QtWidgets' has no attribute 'QAction'
2025-10-04 18:56:38,995 - opt_console_ui - INFO - Columns: skip action for 'val_start': module 'PySide6.QtWidgets' has no attribute 'QAction'
2025-10-04 18:56:38,995 - opt_console_ui - INFO - Columns: skip action for 'val_end': module 'PySide6.QtWidgets' has no attribute 'QAction'
2025-10-04 18:56:38,995 - opt_console_ui - INFO - Columns: skip action for 'param_momentum_lookback': module 'PySide6.QtWidgets' has no attribute 'QAction'
2025-10-04 18:56:38,996 - opt_console_ui - INFO - Columns: skip action for 'param_slope_lookback': module 'PySide6.QtWidgets' has no attribute 'QAction'
2025-10-04 18:56:38,996 - opt_console_ui - INFO - Columns: skip action for 'param_trailing_atr_mult': module 'PySide6.QtWidgets' has no attribute 'QAction'
2025-10-04 18:56:38,996 - opt_console_ui - INFO - Columns: skip action for 'trial_uid': module 'PySide6.QtWidgets' has no attribute 'QAction'
2025-10-04 18:56:38,996 - opt_console_ui - INFO - Columns: skip action for 'param_rsi_len': module 'PySide6.QtWidgets' has no attribute 'QAction'
2025-10-04 18:56:38,996 - opt_console_ui - INFO - Columns: skip action for 'param_rsi_oversold': module 'PySide6.QtWidgets' has no attribute 'QAction'
2025-10-04 18:56:38,996 - opt_console_ui - INFO - Columns: skip action for 'param_base_fast_len': module 'PySide6.QtWidgets' has no attribute 'QAction'
2025-10-04 18:56:38,996 - opt_console_ui - INFO - Columns: skip action for 'param_base_slow_len': module 'PySide6.QtWidgets' has no attribute 'QAction'
2025-10-04 18:56:38,996 - opt_console_ui - INFO - Columns: skip action for 'param_volatility_atr_short': module 'PySide6.QtWidgets' has no attribute 'QAction'
2025-10-04 18:56:38,996 - opt_console_ui - INFO - Columns: skip action for 'param_volatility_atr_long': module 'PySide6.QtWidgets' has no attribute 'QAction'
2025-10-04 18:56:38,996 - opt_console_ui - INFO - Columns: skip action for 'param_max_holding_period': module 'PySide6.QtWidgets' has no attribute 'QAction'
2025-10-04 18:56:38,996 - opt_console_ui - INFO - Columns: skip action for 'param_adx_period': module 'PySide6.QtWidgets' has no attribute 'QAction'
2025-10-04 18:56:38,996 - opt_console_ui - INFO - Columns: skip action for 'param_adx_threshold': module 'PySide6.QtWidgets' has no attribute 'QAction'
2025-10-04 18:56:38,997 - opt_console_ui - INFO - Columns: skip action for 'param_chandelier_atr_period': module 'PySide6.QtWidgets' has no attribute 'QAction'
2025-10-04 18:56:38,997 - opt_console_ui - INFO - Columns: skip action for 'param_chandelier_atr_multiplier': module 'PySide6.QtWidgets' has no attribute 'QAction'
2025-10-04 18:56:38,997 - opt_console_ui - INFO - Columns: skip action for 'param_ranging_trigger_window': module 'PySide6.QtWidgets' has no attribute 'QAction'
2025-10-04 18:56:38,997 - opt_console_ui - INFO - Columns: skip action for 'param_stoch_k': module 'PySide6.QtWidgets' has no attribute 'QAction'
2025-10-04 18:56:38,997 - opt_console_ui - INFO - Columns: skip action for 'param_stoch_d': module 'PySide6.QtWidgets' has no attribute 'QAction'
2025-10-04 18:56:38,997 - opt_console_ui - INFO - Columns: skip action for 'param_stoch_smooth': module 'PySide6.QtWidgets' has no attribute 'QAction'
2025-10-04 18:56:38,997 - opt_console_ui - INFO - Columns: skip action for 'param_catastrophic_stop_atr_mult': module 'PySide6.QtWidgets' has no attribute 'QAction'
2025-10-04 18:56:38,997 - opt_console_ui - INFO - Columns: skip action for 'param_slope_len': module 'PySide6.QtWidgets' has no attribute 'QAction'
2025-10-04 18:56:38,997 - opt_console_ui - INFO - Columns: skip action for 'param_adx_floor': module 'PySide6.QtWidgets' has no attribute 'QAction'
2025-10-04 18:56:38,997 - opt_console_ui - INFO - Columns: skip action for 'param_cooldown_bars': module 'PySide6.QtWidgets' has no attribute 'QAction'
2025-10-04 18:56:38,997 - opt_console_ui - INFO - Columns: skip action for 'param_atr_pct_floor': module 'PySide6.QtWidgets' has no attribute 'QAction'
2025-10-04 18:56:38,997 - opt_console_ui - INFO - Columns: skip action for 'param_atr_pct_cap': module 'PySide6.QtWidgets' has no attribute 'QAction'
2025-10-04 18:56:38,998 - opt_console_ui - INFO - Columns: skip action for 'param_init_atr_mult': module 'PySide6.QtWidgets' has no attribute 'QAction'
2025-10-04 18:56:38,998 - opt_console_ui - INFO - Columns: skip action for 'param_dma_buffer_mult': module 'PySide6.QtWidgets' has no attribute 'QAction'
2025-10-04 18:56:38,998 - opt_console_ui - INFO - Columns: skip action for 'param_partial_pct': module 'PySide6.QtWidgets' has no attribute 'QAction'
2025-10-04 18:56:38,998 - opt_console_ui - INFO - Columns: skip action for 'param_be_buffer': module 'PySide6.QtWidgets' has no attribute 'QAction'
2025-10-04 18:56:38,998 - opt_console_ui - INFO - Columns: skip action for 'param_trail_dma_buffer': module 'PySide6.QtWidgets' has no attribute 'QAction'
2025-10-04 18:56:38,998 - opt_console_ui - INFO - Columns: skip action for 'param_dead_bars': module 'PySide6.QtWidgets' has no attribute 'QAction'
2025-10-04 18:56:38,998 - opt_console_ui - INFO - Columns: skip action for 'param_adx_dead_threshold': module 'PySide6.QtWidgets' has no attribute 'QAction'
2025-10-04 18:56:38,998 - opt_console_ui - INFO - Columns: skip action for 'param_max_equity_heat_pct': module 'PySide6.QtWidgets' has no attribute 'QAction'
2025-10-04 18:56:38,998 - opt_console_ui - INFO - Columns: skip action for 'param_max_consec_losses': module 'PySide6.QtWidgets' has no attribute 'QAction'
2025-10-04 18:56:38,998 - opt_console_ui - INFO - Columns: skip action for 'param_friday_cutoff_bars': module 'PySide6.QtWidgets' has no attribute 'QAction'
2025-10-04 18:56:38,998 - opt_console_ui - INFO - Columns: skip action for 'param_min_addon_distance_ATR': module 'PySide6.QtWidgets' has no attribute 'QAction'
2025-10-04 18:56:38,998 - opt_console_ui - INFO - Columns: skip action for 'param_ranging_confirm_bar': module 'PySide6.QtWidgets' has no attribute 'QAction'
2025-10-04 18:56:38,999 - opt_console_ui - INFO - Columns: skip action for 'gtp_proxy': module 'PySide6.QtWidgets' has no attribute 'QAction'
2025-10-04 18:56:38,999 - opt_console_ui - INFO - Columns: skip action for 'exp_per_trade': module 'PySide6.QtWidgets' has no attribute 'QAction'
2025-10-04 18:56:38,999 - opt_console_ui - INFO - Columns: skip action for 'loss_streak_cap': module 'PySide6.QtWidgets' has no attribute 'QAction'
2025-10-04 18:56:38,999 - opt_console_ui - INFO - QC filter applied: 82262 -> 9072 rows in 114ms
2025-10-04 18:56:39,000 - opt_console_ui - INFO - Successfully loaded 82262 rows from 62 files in 7433ms (QC base shown)
2025-10-04 18:57:21,125 - opt_console_ui - INFO - Preset filter loaded: profit_factor >= 1.6 and calmar_ratio > 0 and max_...
2025-10-04 18:57:23,804 - opt_console_ui - INFO - Query/Sort/Limit applied: 9072 -> 0 rows in 78ms
2025-10-04 18:57:36,598 - opt_console_ui - INFO - Loading 62 JSON files from: C:/Users/frank/OneDrive/Desktop/opt_4/4.2/4.2.5 - After trying to fix ratios 090925/outputs/runs
2025-10-04 18:57:43,814 - opt_console_ui - INFO - Columns: skip action for 'total_return': module 'PySide6.QtWidgets' has no attribute 'QAction'
2025-10-04 18:57:43,814 - opt_console_ui - INFO - Columns: skip action for 'sharpe_ratio': module 'PySide6.QtWidgets' has no attribute 'QAction'
2025-10-04 18:57:43,814 - opt_console_ui - INFO - Columns: skip action for 'sortino_ratio': module 'PySide6.QtWidgets' has no attribute 'QAction'
2025-10-04 18:57:43,814 - opt_console_ui - INFO - Columns: skip action for 'calmar_ratio': module 'PySide6.QtWidgets' has no attribute 'QAction'
2025-10-04 18:57:43,815 - opt_console_ui - INFO - Columns: skip action for 'max_drawdown': module 'PySide6.QtWidgets' has no attribute 'QAction'
2025-10-04 18:57:43,815 - opt_console_ui - INFO - Columns: skip action for 'win_rate': module 'PySide6.QtWidgets' has no attribute 'QAction'
2025-10-04 18:57:43,815 - opt_console_ui - INFO - Columns: skip action for 'total_trades': module 'PySide6.QtWidgets' has no attribute 'QAction'
2025-10-04 18:57:43,815 - opt_console_ui - INFO - Columns: skip action for 'profit_factor': module 'PySide6.QtWidgets' has no attribute 'QAction'
2025-10-04 18:57:43,815 - opt_console_ui - INFO - Columns: skip action for 'expectancy': module 'PySide6.QtWidgets' has no attribute 'QAction'
2025-10-04 18:57:43,815 - opt_console_ui - INFO - Columns: skip action for 'start_capital': module 'PySide6.QtWidgets' has no attribute 'QAction'
2025-10-04 18:57:43,815 - opt_console_ui - INFO - Columns: skip action for 'end_capital': module 'PySide6.QtWidgets' has no attribute 'QAction'
2025-10-04 18:57:43,815 - opt_console_ui - INFO - Columns: skip action for 'avg_hold_hours': module 'PySide6.QtWidgets' has no attribute 'QAction'
2025-10-04 18:57:43,815 - opt_console_ui - INFO - Columns: skip action for 'ulcer_index': module 'PySide6.QtWidgets' has no attribute 'QAction'
2025-10-04 18:57:43,815 - opt_console_ui - INFO - Columns: skip action for 'omega_0': module 'PySide6.QtWidgets' has no attribute 'QAction'
2025-10-04 18:57:43,815 - opt_console_ui - INFO - Columns: skip action for 'omega_fees': module 'PySide6.QtWidgets' has no attribute 'QAction'
2025-10-04 18:57:43,816 - opt_console_ui - INFO - Columns: skip action for 'calmar_robust': module 'PySide6.QtWidgets' has no attribute 'QAction'
2025-10-04 18:57:43,816 - opt_console_ui - INFO - Columns: skip action for 'val_days': module 'PySide6.QtWidgets' has no attribute 'QAction'
2025-10-04 18:57:43,816 - opt_console_ui - INFO - Columns: skip action for 'cagr_adj': module 'PySide6.QtWidgets' has no attribute 'QAction'
2025-10-04 18:57:43,816 - opt_console_ui - INFO - Columns: skip action for 'maxdd_obs_frac': module 'PySide6.QtWidgets' has no attribute 'QAction'
2025-10-04 18:57:43,816 - opt_console_ui - INFO - Columns: skip action for 'dd_floor': module 'PySide6.QtWidgets' has no attribute 'QAction'
2025-10-04 18:57:43,816 - opt_console_ui - INFO - Columns: skip action for 'dd_adj': module 'PySide6.QtWidgets' has no attribute 'QAction'
2025-10-04 18:57:43,816 - opt_console_ui - INFO - Columns: skip action for 'chart': module 'PySide6.QtWidgets' has no attribute 'QAction'
2025-10-04 18:57:43,816 - opt_console_ui - INFO - Columns: skip action for 'trial_id': module 'PySide6.QtWidgets' has no attribute 'QAction'
2025-10-04 18:57:43,816 - opt_console_ui - INFO - Columns: skip action for 'method': module 'PySide6.QtWidgets' has no attribute 'QAction'
2025-10-04 18:57:43,816 - opt_console_ui - INFO - Columns: skip action for 'param_fast_min_len': module 'PySide6.QtWidgets' has no attribute 'QAction'
2025-10-04 18:57:43,817 - opt_console_ui - INFO - Columns: skip action for 'param_fast_max_len': module 'PySide6.QtWidgets' has no attribute 'QAction'
2025-10-04 18:57:43,817 - opt_console_ui - INFO - Columns: skip action for 'param_slow_min_len': module 'PySide6.QtWidgets' has no attribute 'QAction'
2025-10-04 18:57:43,817 - opt_console_ui - INFO - Columns: skip action for 'param_slow_max_len': module 'PySide6.QtWidgets' has no attribute 'QAction'
2025-10-04 18:57:43,817 - opt_console_ui - INFO - Columns: skip action for 'param_dma_atr_len': module 'PySide6.QtWidgets' has no attribute 'QAction'
2025-10-04 18:57:43,817 - opt_console_ui - INFO - Columns: skip action for 'param_atr_len': module 'PySide6.QtWidgets' has no attribute 'QAction'
2025-10-04 18:57:43,817 - opt_console_ui - INFO - Columns: skip action for 'param_upper_outer_mult': module 'PySide6.QtWidgets' has no attribute 'QAction'
2025-10-04 18:57:43,817 - opt_console_ui - INFO - Columns: skip action for 'param_lower_outer_mult': module 'PySide6.QtWidgets' has no attribute 'QAction'
2025-10-04 18:57:43,817 - opt_console_ui - INFO - Columns: skip action for 'param_upper_inner_mult': module 'PySide6.QtWidgets' has no attribute 'QAction'
2025-10-04 18:57:43,818 - opt_console_ui - INFO - Columns: skip action for 'param_lower_inner_mult': module 'PySide6.QtWidgets' has no attribute 'QAction'
2025-10-04 18:57:43,818 - opt_console_ui - INFO - Columns: skip action for 'param_momentum_len': module 'PySide6.QtWidgets' has no attribute 'QAction'
2025-10-04 18:57:43,818 - opt_console_ui - INFO - Columns: skip action for 'param_momentum_threshold': module 'PySide6.QtWidgets' has no attribute 'QAction'
2025-10-04 18:57:43,818 - opt_console_ui - INFO - Columns: skip action for '_source_file': module 'PySide6.QtWidgets' has no attribute 'QAction'
2025-10-04 18:57:43,818 - opt_console_ui - INFO - Columns: skip action for 'fold_id': module 'PySide6.QtWidgets' has no attribute 'QAction'
2025-10-04 18:57:43,818 - opt_console_ui - INFO - Columns: skip action for 'bars_total': module 'PySide6.QtWidgets' has no attribute 'QAction'
2025-10-04 18:57:43,818 - opt_console_ui - INFO - Columns: skip action for 'bars_train': module 'PySide6.QtWidgets' has no attribute 'QAction'
2025-10-04 18:57:43,818 - opt_console_ui - INFO - Columns: skip action for 'bars_embargo': module 'PySide6.QtWidgets' has no attribute 'QAction'
2025-10-04 18:57:43,818 - opt_console_ui - INFO - Columns: skip action for 'bars_val': module 'PySide6.QtWidgets' has no attribute 'QAction'
2025-10-04 18:57:43,818 - opt_console_ui - INFO - Columns: skip action for 'val_start': module 'PySide6.QtWidgets' has no attribute 'QAction'
2025-10-04 18:57:43,818 - opt_console_ui - INFO - Columns: skip action for 'val_end': module 'PySide6.QtWidgets' has no attribute 'QAction'
2025-10-04 18:57:43,819 - opt_console_ui - INFO - Columns: skip action for 'param_momentum_lookback': module 'PySide6.QtWidgets' has no attribute 'QAction'
2025-10-04 18:57:43,819 - opt_console_ui - INFO - Columns: skip action for 'param_slope_lookback': module 'PySide6.QtWidgets' has no attribute 'QAction'
2025-10-04 18:57:43,819 - opt_console_ui - INFO - Columns: skip action for 'param_trailing_atr_mult': module 'PySide6.QtWidgets' has no attribute 'QAction'
2025-10-04 18:57:43,819 - opt_console_ui - INFO - Columns: skip action for 'trial_uid': module 'PySide6.QtWidgets' has no attribute 'QAction'
2025-10-04 18:57:43,819 - opt_console_ui - INFO - Columns: skip action for 'param_rsi_len': module 'PySide6.QtWidgets' has no attribute 'QAction'
2025-10-04 18:57:43,819 - opt_console_ui - INFO - Columns: skip action for 'param_rsi_oversold': module 'PySide6.QtWidgets' has no attribute 'QAction'
2025-10-04 18:57:43,819 - opt_console_ui - INFO - Columns: skip action for 'param_base_fast_len': module 'PySide6.QtWidgets' has no attribute 'QAction'
2025-10-04 18:57:43,819 - opt_console_ui - INFO - Columns: skip action for 'param_base_slow_len': module 'PySide6.QtWidgets' has no attribute 'QAction'
2025-10-04 18:57:43,819 - opt_console_ui - INFO - Columns: skip action for 'param_volatility_atr_short': module 'PySide6.QtWidgets' has no attribute 'QAction'
2025-10-04 18:57:43,819 - opt_console_ui - INFO - Columns: skip action for 'param_volatility_atr_long': module 'PySide6.QtWidgets' has no attribute 'QAction'
2025-10-04 18:57:43,819 - opt_console_ui - INFO - Columns: skip action for 'param_max_holding_period': module 'PySide6.QtWidgets' has no attribute 'QAction'
2025-10-04 18:57:43,820 - opt_console_ui - INFO - Columns: skip action for 'param_adx_period': module 'PySide6.QtWidgets' has no attribute 'QAction'
2025-10-04 18:57:43,820 - opt_console_ui - INFO - Columns: skip action for 'param_adx_threshold': module 'PySide6.QtWidgets' has no attribute 'QAction'
2025-10-04 18:57:43,820 - opt_console_ui - INFO - Columns: skip action for 'param_chandelier_atr_period': module 'PySide6.QtWidgets' has no attribute 'QAction'
2025-10-04 18:57:43,820 - opt_console_ui - INFO - Columns: skip action for 'param_chandelier_atr_multiplier': module 'PySide6.QtWidgets' has no attribute 'QAction'
2025-10-04 18:57:43,820 - opt_console_ui - INFO - Columns: skip action for 'param_ranging_trigger_window': module 'PySide6.QtWidgets' has no attribute 'QAction'
2025-10-04 18:57:43,820 - opt_console_ui - INFO - Columns: skip action for 'param_stoch_k': module 'PySide6.QtWidgets' has no attribute 'QAction'
2025-10-04 18:57:43,820 - opt_console_ui - INFO - Columns: skip action for 'param_stoch_d': module 'PySide6.QtWidgets' has no attribute 'QAction'
2025-10-04 18:57:43,820 - opt_console_ui - INFO - Columns: skip action for 'param_stoch_smooth': module 'PySide6.QtWidgets' has no attribute 'QAction'
2025-10-04 18:57:43,820 - opt_console_ui - INFO - Columns: skip action for 'param_catastrophic_stop_atr_mult': module 'PySide6.QtWidgets' has no attribute 'QAction'
2025-10-04 18:57:43,820 - opt_console_ui - INFO - Columns: skip action for 'param_slope_len': module 'PySide6.QtWidgets' has no attribute 'QAction'
2025-10-04 18:57:43,821 - opt_console_ui - INFO - Columns: skip action for 'param_adx_floor': module 'PySide6.QtWidgets' has no attribute 'QAction'
2025-10-04 18:57:43,821 - opt_console_ui - INFO - Columns: skip action for 'param_cooldown_bars': module 'PySide6.QtWidgets' has no attribute 'QAction'
2025-10-04 18:57:43,821 - opt_console_ui - INFO - Columns: skip action for 'param_atr_pct_floor': module 'PySide6.QtWidgets' has no attribute 'QAction'
2025-10-04 18:57:43,821 - opt_console_ui - INFO - Columns: skip action for 'param_atr_pct_cap': module 'PySide6.QtWidgets' has no attribute 'QAction'
2025-10-04 18:57:43,821 - opt_console_ui - INFO - Columns: skip action for 'param_init_atr_mult': module 'PySide6.QtWidgets' has no attribute 'QAction'
2025-10-04 18:57:43,821 - opt_console_ui - INFO - Columns: skip action for 'param_dma_buffer_mult': module 'PySide6.QtWidgets' has no attribute 'QAction'
2025-10-04 18:57:43,821 - opt_console_ui - INFO - Columns: skip action for 'param_partial_pct': module 'PySide6.QtWidgets' has no attribute 'QAction'
2025-10-04 18:57:43,821 - opt_console_ui - INFO - Columns: skip action for 'param_be_buffer': module 'PySide6.QtWidgets' has no attribute 'QAction'
2025-10-04 18:57:43,821 - opt_console_ui - INFO - Columns: skip action for 'param_trail_dma_buffer': module 'PySide6.QtWidgets' has no attribute 'QAction'
2025-10-04 18:57:43,821 - opt_console_ui - INFO - Columns: skip action for 'param_dead_bars': module 'PySide6.QtWidgets' has no attribute 'QAction'
2025-10-04 18:57:43,821 - opt_console_ui - INFO - Columns: skip action for 'param_adx_dead_threshold': module 'PySide6.QtWidgets' has no attribute 'QAction'
2025-10-04 18:57:43,822 - opt_console_ui - INFO - Columns: skip action for 'param_max_equity_heat_pct': module 'PySide6.QtWidgets' has no attribute 'QAction'
2025-10-04 18:57:43,822 - opt_console_ui - INFO - Columns: skip action for 'param_max_consec_losses': module 'PySide6.QtWidgets' has no attribute 'QAction'
2025-10-04 18:57:43,822 - opt_console_ui - INFO - Columns: skip action for 'param_friday_cutoff_bars': module 'PySide6.QtWidgets' has no attribute 'QAction'
2025-10-04 18:57:43,822 - opt_console_ui - INFO - Columns: skip action for 'param_min_addon_distance_ATR': module 'PySide6.QtWidgets' has no attribute 'QAction'
2025-10-04 18:57:43,822 - opt_console_ui - INFO - Columns: skip action for 'param_ranging_confirm_bar': module 'PySide6.QtWidgets' has no attribute 'QAction'
2025-10-04 18:57:43,822 - opt_console_ui - INFO - Columns: skip action for 'gtp_proxy': module 'PySide6.QtWidgets' has no attribute 'QAction'
2025-10-04 18:57:43,822 - opt_console_ui - INFO - Columns: skip action for 'exp_per_trade': module 'PySide6.QtWidgets' has no attribute 'QAction'
2025-10-04 18:57:43,822 - opt_console_ui - INFO - Columns: skip action for 'loss_streak_cap': module 'PySide6.QtWidgets' has no attribute 'QAction'
2025-10-04 18:57:43,822 - opt_console_ui - INFO - Columns: skip action for 'total_return': module 'PySide6.QtWidgets' has no attribute 'QAction'
2025-10-04 18:57:43,822 - opt_console_ui - INFO - Columns: skip action for 'sharpe_ratio': module 'PySide6.QtWidgets' has no attribute 'QAction'
2025-10-04 18:57:43,823 - opt_console_ui - INFO - Columns: skip action for 'sortino_ratio': module 'PySide6.QtWidgets' has no attribute 'QAction'
2025-10-04 18:57:43,823 - opt_console_ui - INFO - Columns: skip action for 'calmar_ratio': module 'PySide6.QtWidgets' has no attribute 'QAction'
2025-10-04 18:57:43,823 - opt_console_ui - INFO - Columns: skip action for 'max_drawdown': module 'PySide6.QtWidgets' has no attribute 'QAction'
2025-10-04 18:57:43,823 - opt_console_ui - INFO - Columns: skip action for 'win_rate': module 'PySide6.QtWidgets' has no attribute 'QAction'
2025-10-04 18:57:43,823 - opt_console_ui - INFO - Columns: skip action for 'total_trades': module 'PySide6.QtWidgets' has no attribute 'QAction'
2025-10-04 18:57:43,823 - opt_console_ui - INFO - Columns: skip action for 'profit_factor': module 'PySide6.QtWidgets' has no attribute 'QAction'
2025-10-04 18:57:43,823 - opt_console_ui - INFO - Columns: skip action for 'expectancy': module 'PySide6.QtWidgets' has no attribute 'QAction'
2025-10-04 18:57:43,823 - opt_console_ui - INFO - Columns: skip action for 'start_capital': module 'PySide6.QtWidgets' has no attribute 'QAction'
2025-10-04 18:57:43,823 - opt_console_ui - INFO - Columns: skip action for 'end_capital': module 'PySide6.QtWidgets' has no attribute 'QAction'
2025-10-04 18:57:43,823 - opt_console_ui - INFO - Columns: skip action for 'avg_hold_hours': module 'PySide6.QtWidgets' has no attribute 'QAction'
2025-10-04 18:57:43,824 - opt_console_ui - INFO - Columns: skip action for 'ulcer_index': module 'PySide6.QtWidgets' has no attribute 'QAction'
2025-10-04 18:57:43,824 - opt_console_ui - INFO - Columns: skip action for 'omega_0': module 'PySide6.QtWidgets' has no attribute 'QAction'
2025-10-04 18:57:43,824 - opt_console_ui - INFO - Columns: skip action for 'omega_fees': module 'PySide6.QtWidgets' has no attribute 'QAction'
2025-10-04 18:57:43,824 - opt_console_ui - INFO - Columns: skip action for 'calmar_robust': module 'PySide6.QtWidgets' has no attribute 'QAction'
2025-10-04 18:57:43,824 - opt_console_ui - INFO - Columns: skip action for 'val_days': module 'PySide6.QtWidgets' has no attribute 'QAction'
2025-10-04 18:57:43,824 - opt_console_ui - INFO - Columns: skip action for 'cagr_adj': module 'PySide6.QtWidgets' has no attribute 'QAction'
2025-10-04 18:57:43,824 - opt_console_ui - INFO - Columns: skip action for 'maxdd_obs_frac': module 'PySide6.QtWidgets' has no attribute 'QAction'
2025-10-04 18:57:43,824 - opt_console_ui - INFO - Columns: skip action for 'dd_floor': module 'PySide6.QtWidgets' has no attribute 'QAction'
2025-10-04 18:57:43,825 - opt_console_ui - INFO - Columns: skip action for 'dd_adj': module 'PySide6.QtWidgets' has no attribute 'QAction'
2025-10-04 18:57:43,825 - opt_console_ui - INFO - Columns: skip action for 'chart': module 'PySide6.QtWidgets' has no attribute 'QAction'
2025-10-04 18:57:43,825 - opt_console_ui - INFO - Columns: skip action for 'trial_id': module 'PySide6.QtWidgets' has no attribute 'QAction'
2025-10-04 18:57:43,825 - opt_console_ui - INFO - Columns: skip action for 'method': module 'PySide6.QtWidgets' has no attribute 'QAction'
2025-10-04 18:57:43,825 - opt_console_ui - INFO - Columns: skip action for 'param_fast_min_len': module 'PySide6.QtWidgets' has no attribute 'QAction'
2025-10-04 18:57:43,825 - opt_console_ui - INFO - Columns: skip action for 'param_fast_max_len': module 'PySide6.QtWidgets' has no attribute 'QAction'
2025-10-04 18:57:43,825 - opt_console_ui - INFO - Columns: skip action for 'param_slow_min_len': module 'PySide6.QtWidgets' has no attribute 'QAction'
2025-10-04 18:57:43,825 - opt_console_ui - INFO - Columns: skip action for 'param_slow_max_len': module 'PySide6.QtWidgets' has no attribute 'QAction'
2025-10-04 18:57:43,825 - opt_console_ui - INFO - Columns: skip action for 'param_dma_atr_len': module 'PySide6.QtWidgets' has no attribute 'QAction'
2025-10-04 18:57:43,825 - opt_console_ui - INFO - Columns: skip action for 'param_atr_len': module 'PySide6.QtWidgets' has no attribute 'QAction'
2025-10-04 18:57:43,826 - opt_console_ui - INFO - Columns: skip action for 'param_upper_outer_mult': module 'PySide6.QtWidgets' has no attribute 'QAction'
2025-10-04 18:57:43,826 - opt_console_ui - INFO - Columns: skip action for 'param_lower_outer_mult': module 'PySide6.QtWidgets' has no attribute 'QAction'
2025-10-04 18:57:43,826 - opt_console_ui - INFO - Columns: skip action for 'param_upper_inner_mult': module 'PySide6.QtWidgets' has no attribute 'QAction'
2025-10-04 18:57:43,826 - opt_console_ui - INFO - Columns: skip action for 'param_lower_inner_mult': module 'PySide6.QtWidgets' has no attribute 'QAction'
2025-10-04 18:57:43,826 - opt_console_ui - INFO - Columns: skip action for 'param_momentum_len': module 'PySide6.QtWidgets' has no attribute 'QAction'
2025-10-04 18:57:43,826 - opt_console_ui - INFO - Columns: skip action for 'param_momentum_threshold': module 'PySide6.QtWidgets' has no attribute 'QAction'
2025-10-04 18:57:43,826 - opt_console_ui - INFO - Columns: skip action for '_source_file': module 'PySide6.QtWidgets' has no attribute 'QAction'
2025-10-04 18:57:43,826 - opt_console_ui - INFO - Columns: skip action for 'fold_id': module 'PySide6.QtWidgets' has no attribute 'QAction'
2025-10-04 18:57:43,826 - opt_console_ui - INFO - Columns: skip action for 'bars_total': module 'PySide6.QtWidgets' has no attribute 'QAction'
2025-10-04 18:57:43,826 - opt_console_ui - INFO - Columns: skip action for 'bars_train': module 'PySide6.QtWidgets' has no attribute 'QAction'
2025-10-04 18:57:43,826 - opt_console_ui - INFO - Columns: skip action for 'bars_embargo': module 'PySide6.QtWidgets' has no attribute 'QAction'
2025-10-04 18:57:43,827 - opt_console_ui - INFO - Columns: skip action for 'bars_val': module 'PySide6.QtWidgets' has no attribute 'QAction'
2025-10-04 18:57:43,827 - opt_console_ui - INFO - Columns: skip action for 'val_start': module 'PySide6.QtWidgets' has no attribute 'QAction'
2025-10-04 18:57:43,827 - opt_console_ui - INFO - Columns: skip action for 'val_end': module 'PySide6.QtWidgets' has no attribute 'QAction'
2025-10-04 18:57:43,827 - opt_console_ui - INFO - Columns: skip action for 'param_momentum_lookback': module 'PySide6.QtWidgets' has no attribute 'QAction'
2025-10-04 18:57:43,827 - opt_console_ui - INFO - Columns: skip action for 'param_slope_lookback': module 'PySide6.QtWidgets' has no attribute 'QAction'
2025-10-04 18:57:43,827 - opt_console_ui - INFO - Columns: skip action for 'param_trailing_atr_mult': module 'PySide6.QtWidgets' has no attribute 'QAction'
2025-10-04 18:57:43,827 - opt_console_ui - INFO - Columns: skip action for 'trial_uid': module 'PySide6.QtWidgets' has no attribute 'QAction'
2025-10-04 18:57:43,827 - opt_console_ui - INFO - Columns: skip action for 'param_rsi_len': module 'PySide6.QtWidgets' has no attribute 'QAction'
2025-10-04 18:57:43,828 - opt_console_ui - INFO - Columns: skip action for 'param_rsi_oversold': module 'PySide6.QtWidgets' has no attribute 'QAction'
2025-10-04 18:57:43,828 - opt_console_ui - INFO - Columns: skip action for 'param_base_fast_len': module 'PySide6.QtWidgets' has no attribute 'QAction'
2025-10-04 18:57:43,828 - opt_console_ui - INFO - Columns: skip action for 'param_base_slow_len': module 'PySide6.QtWidgets' has no attribute 'QAction'
2025-10-04 18:57:43,828 - opt_console_ui - INFO - Columns: skip action for 'param_volatility_atr_short': module 'PySide6.QtWidgets' has no attribute 'QAction'
2025-10-04 18:57:43,828 - opt_console_ui - INFO - Columns: skip action for 'param_volatility_atr_long': module 'PySide6.QtWidgets' has no attribute 'QAction'
2025-10-04 18:57:43,828 - opt_console_ui - INFO - Columns: skip action for 'param_max_holding_period': module 'PySide6.QtWidgets' has no attribute 'QAction'
2025-10-04 18:57:43,828 - opt_console_ui - INFO - Columns: skip action for 'param_adx_period': module 'PySide6.QtWidgets' has no attribute 'QAction'
2025-10-04 18:57:43,828 - opt_console_ui - INFO - Columns: skip action for 'param_adx_threshold': module 'PySide6.QtWidgets' has no attribute 'QAction'
2025-10-04 18:57:43,828 - opt_console_ui - INFO - Columns: skip action for 'param_chandelier_atr_period': module 'PySide6.QtWidgets' has no attribute 'QAction'
2025-10-04 18:57:43,828 - opt_console_ui - INFO - Columns: skip action for 'param_chandelier_atr_multiplier': module 'PySide6.QtWidgets' has no attribute 'QAction'
2025-10-04 18:57:43,829 - opt_console_ui - INFO - Columns: skip action for 'param_ranging_trigger_window': module 'PySide6.QtWidgets' has no attribute 'QAction'
2025-10-04 18:57:43,829 - opt_console_ui - INFO - Columns: skip action for 'param_stoch_k': module 'PySide6.QtWidgets' has no attribute 'QAction'
2025-10-04 18:57:43,829 - opt_console_ui - INFO - Columns: skip action for 'param_stoch_d': module 'PySide6.QtWidgets' has no attribute 'QAction'
2025-10-04 18:57:43,829 - opt_console_ui - INFO - Columns: skip action for 'param_stoch_smooth': module 'PySide6.QtWidgets' has no attribute 'QAction'
2025-10-04 18:57:43,829 - opt_console_ui - INFO - Columns: skip action for 'param_catastrophic_stop_atr_mult': module 'PySide6.QtWidgets' has no attribute 'QAction'
2025-10-04 18:57:43,829 - opt_console_ui - INFO - Columns: skip action for 'param_slope_len': module 'PySide6.QtWidgets' has no attribute 'QAction'
2025-10-04 18:57:43,829 - opt_console_ui - INFO - Columns: skip action for 'param_adx_floor': module 'PySide6.QtWidgets' has no attribute 'QAction'
2025-10-04 18:57:43,829 - opt_console_ui - INFO - Columns: skip action for 'param_cooldown_bars': module 'PySide6.QtWidgets' has no attribute 'QAction'
2025-10-04 18:57:43,829 - opt_console_ui - INFO - Columns: skip action for 'param_atr_pct_floor': module 'PySide6.QtWidgets' has no attribute 'QAction'
2025-10-04 18:57:43,829 - opt_console_ui - INFO - Columns: skip action for 'param_atr_pct_cap': module 'PySide6.QtWidgets' has no attribute 'QAction'
2025-10-04 18:57:43,829 - opt_console_ui - INFO - Columns: skip action for 'param_init_atr_mult': module 'PySide6.QtWidgets' has no attribute 'QAction'
2025-10-04 18:57:43,830 - opt_console_ui - INFO - Columns: skip action for 'param_dma_buffer_mult': module 'PySide6.QtWidgets' has no attribute 'QAction'
2025-10-04 18:57:43,830 - opt_console_ui - INFO - Columns: skip action for 'param_partial_pct': module 'PySide6.QtWidgets' has no attribute 'QAction'
2025-10-04 18:57:43,830 - opt_console_ui - INFO - Columns: skip action for 'param_be_buffer': module 'PySide6.QtWidgets' has no attribute 'QAction'
2025-10-04 18:57:43,830 - opt_console_ui - INFO - Columns: skip action for 'param_trail_dma_buffer': module 'PySide6.QtWidgets' has no attribute 'QAction'
2025-10-04 18:57:43,830 - opt_console_ui - INFO - Columns: skip action for 'param_dead_bars': module 'PySide6.QtWidgets' has no attribute 'QAction'
2025-10-04 18:57:43,830 - opt_console_ui - INFO - Columns: skip action for 'param_adx_dead_threshold': module 'PySide6.QtWidgets' has no attribute 'QAction'
2025-10-04 18:57:43,830 - opt_console_ui - INFO - Columns: skip action for 'param_max_equity_heat_pct': module 'PySide6.QtWidgets' has no attribute 'QAction'
2025-10-04 18:57:43,830 - opt_console_ui - INFO - Columns: skip action for 'param_max_consec_losses': module 'PySide6.QtWidgets' has no attribute 'QAction'
2025-10-04 18:57:43,830 - opt_console_ui - INFO - Columns: skip action for 'param_friday_cutoff_bars': module 'PySide6.QtWidgets' has no attribute 'QAction'
2025-10-04 18:57:43,830 - opt_console_ui - INFO - Columns: skip action for 'param_min_addon_distance_ATR': module 'PySide6.QtWidgets' has no attribute 'QAction'
2025-10-04 18:57:43,831 - opt_console_ui - INFO - Columns: skip action for 'param_ranging_confirm_bar': module 'PySide6.QtWidgets' has no attribute 'QAction'
2025-10-04 18:57:43,831 - opt_console_ui - INFO - Columns: skip action for 'gtp_proxy': module 'PySide6.QtWidgets' has no attribute 'QAction'
2025-10-04 18:57:43,831 - opt_console_ui - INFO - Columns: skip action for 'exp_per_trade': module 'PySide6.QtWidgets' has no attribute 'QAction'
2025-10-04 18:57:43,831 - opt_console_ui - INFO - Columns: skip action for 'loss_streak_cap': module 'PySide6.QtWidgets' has no attribute 'QAction'
2025-10-04 18:57:43,831 - opt_console_ui - INFO - QC filter applied: 82262 -> 9072 rows in 74ms
2025-10-04 18:57:43,832 - opt_console_ui - INFO - Successfully loaded 82262 rows from 62 files in 7236ms (QC base shown)
2025-10-04 18:57:48,928 - opt_console_ui - INFO - FilterBuilder: open
2025-10-04 18:57:56,251 - opt_console_ui - INFO - FilterBuilder: apply
2025-10-04 18:57:56,272 - opt_console_ui - INFO - FilterBuilder: applied expression
2025-10-05 10:36:55,406 - opt_console_ui - INFO - App state loaded successfully
2025-10-05 10:37:19,242 - opt_console_ui - INFO - Loading 62 JSON files from: C:/Users/frank/OneDrive/Desktop/opt_4/4.2/4.2.5 - After trying to fix ratios 090925/outputs/runs
2025-10-05 10:37:27,303 - opt_console_ui - INFO - Columns: skip action for 'total_return': module 'PySide6.QtWidgets' has no attribute 'QAction'
2025-10-05 10:37:27,304 - opt_console_ui - INFO - Columns: skip action for 'sharpe_ratio': module 'PySide6.QtWidgets' has no attribute 'QAction'
2025-10-05 10:37:27,304 - opt_console_ui - INFO - Columns: skip action for 'sortino_ratio': module 'PySide6.QtWidgets' has no attribute 'QAction'
2025-10-05 10:37:27,305 - opt_console_ui - INFO - Columns: skip action for 'calmar_ratio': module 'PySide6.QtWidgets' has no attribute 'QAction'
2025-10-05 10:37:27,305 - opt_console_ui - INFO - Columns: skip action for 'max_drawdown': module 'PySide6.QtWidgets' has no attribute 'QAction'
2025-10-05 10:37:27,305 - opt_console_ui - INFO - Columns: skip action for 'win_rate': module 'PySide6.QtWidgets' has no attribute 'QAction'
2025-10-05 10:37:27,306 - opt_console_ui - INFO - Columns: skip action for 'total_trades': module 'PySide6.QtWidgets' has no attribute 'QAction'
2025-10-05 10:37:27,306 - opt_console_ui - INFO - Columns: skip action for 'profit_factor': module 'PySide6.QtWidgets' has no attribute 'QAction'
2025-10-05 10:37:27,307 - opt_console_ui - INFO - Columns: skip action for 'expectancy': module 'PySide6.QtWidgets' has no attribute 'QAction'
2025-10-05 10:37:27,307 - opt_console_ui - INFO - Columns: skip action for 'start_capital': module 'PySide6.QtWidgets' has no attribute 'QAction'
2025-10-05 10:37:27,307 - opt_console_ui - INFO - Columns: skip action for 'end_capital': module 'PySide6.QtWidgets' has no attribute 'QAction'
2025-10-05 10:37:27,308 - opt_console_ui - INFO - Columns: skip action for 'avg_hold_hours': module 'PySide6.QtWidgets' has no attribute 'QAction'
2025-10-05 10:37:27,308 - opt_console_ui - INFO - Columns: skip action for 'ulcer_index': module 'PySide6.QtWidgets' has no attribute 'QAction'
2025-10-05 10:37:27,308 - opt_console_ui - INFO - Columns: skip action for 'omega_0': module 'PySide6.QtWidgets' has no attribute 'QAction'
2025-10-05 10:37:27,309 - opt_console_ui - INFO - Columns: skip action for 'omega_fees': module 'PySide6.QtWidgets' has no attribute 'QAction'
2025-10-05 10:37:27,310 - opt_console_ui - INFO - Columns: skip action for 'calmar_robust': module 'PySide6.QtWidgets' has no attribute 'QAction'
2025-10-05 10:37:27,310 - opt_console_ui - INFO - Columns: skip action for 'val_days': module 'PySide6.QtWidgets' has no attribute 'QAction'
2025-10-05 10:37:27,311 - opt_console_ui - INFO - Columns: skip action for 'cagr_adj': module 'PySide6.QtWidgets' has no attribute 'QAction'
2025-10-05 10:37:27,311 - opt_console_ui - INFO - Columns: skip action for 'maxdd_obs_frac': module 'PySide6.QtWidgets' has no attribute 'QAction'
2025-10-05 10:37:27,311 - opt_console_ui - INFO - Columns: skip action for 'dd_floor': module 'PySide6.QtWidgets' has no attribute 'QAction'
2025-10-05 10:37:27,311 - opt_console_ui - INFO - Columns: skip action for 'dd_adj': module 'PySide6.QtWidgets' has no attribute 'QAction'
2025-10-05 10:37:27,312 - opt_console_ui - INFO - Columns: skip action for 'chart': module 'PySide6.QtWidgets' has no attribute 'QAction'
2025-10-05 10:37:27,312 - opt_console_ui - INFO - Columns: skip action for 'trial_id': module 'PySide6.QtWidgets' has no attribute 'QAction'
2025-10-05 10:37:27,312 - opt_console_ui - INFO - Columns: skip action for 'method': module 'PySide6.QtWidgets' has no attribute 'QAction'
2025-10-05 10:37:27,312 - opt_console_ui - INFO - Columns: skip action for 'param_fast_min_len': module 'PySide6.QtWidgets' has no attribute 'QAction'
2025-10-05 10:37:27,312 - opt_console_ui - INFO - Columns: skip action for 'param_fast_max_len': module 'PySide6.QtWidgets' has no attribute 'QAction'
2025-10-05 10:37:27,312 - opt_console_ui - INFO - Columns: skip action for 'param_slow_min_len': module 'PySide6.QtWidgets' has no attribute 'QAction'
2025-10-05 10:37:27,312 - opt_console_ui - INFO - Columns: skip action for 'param_slow_max_len': module 'PySide6.QtWidgets' has no attribute 'QAction'
2025-10-05 10:37:27,312 - opt_console_ui - INFO - Columns: skip action for 'param_dma_atr_len': module 'PySide6.QtWidgets' has no attribute 'QAction'
2025-10-05 10:37:27,312 - opt_console_ui - INFO - Columns: skip action for 'param_atr_len': module 'PySide6.QtWidgets' has no attribute 'QAction'
2025-10-05 10:37:27,312 - opt_console_ui - INFO - Columns: skip action for 'param_upper_outer_mult': module 'PySide6.QtWidgets' has no attribute 'QAction'
2025-10-05 10:37:27,313 - opt_console_ui - INFO - Columns: skip action for 'param_lower_outer_mult': module 'PySide6.QtWidgets' has no attribute 'QAction'
2025-10-05 10:37:27,313 - opt_console_ui - INFO - Columns: skip action for 'param_upper_inner_mult': module 'PySide6.QtWidgets' has no attribute 'QAction'
2025-10-05 10:37:27,313 - opt_console_ui - INFO - Columns: skip action for 'param_lower_inner_mult': module 'PySide6.QtWidgets' has no attribute 'QAction'
2025-10-05 10:37:27,313 - opt_console_ui - INFO - Columns: skip action for 'param_momentum_len': module 'PySide6.QtWidgets' has no attribute 'QAction'
2025-10-05 10:37:27,313 - opt_console_ui - INFO - Columns: skip action for 'param_momentum_threshold': module 'PySide6.QtWidgets' has no attribute 'QAction'
2025-10-05 10:37:27,313 - opt_console_ui - INFO - Columns: skip action for '_source_file': module 'PySide6.QtWidgets' has no attribute 'QAction'
2025-10-05 10:37:27,313 - opt_console_ui - INFO - Columns: skip action for 'fold_id': module 'PySide6.QtWidgets' has no attribute 'QAction'
2025-10-05 10:37:27,313 - opt_console_ui - INFO - Columns: skip action for 'bars_total': module 'PySide6.QtWidgets' has no attribute 'QAction'
2025-10-05 10:37:27,314 - opt_console_ui - INFO - Columns: skip action for 'bars_train': module 'PySide6.QtWidgets' has no attribute 'QAction'
2025-10-05 10:37:27,314 - opt_console_ui - INFO - Columns: skip action for 'bars_embargo': module 'PySide6.QtWidgets' has no attribute 'QAction'
2025-10-05 10:37:27,314 - opt_console_ui - INFO - Columns: skip action for 'bars_val': module 'PySide6.QtWidgets' has no attribute 'QAction'
2025-10-05 10:37:27,314 - opt_console_ui - INFO - Columns: skip action for 'val_start': module 'PySide6.QtWidgets' has no attribute 'QAction'
2025-10-05 10:37:27,314 - opt_console_ui - INFO - Columns: skip action for 'val_end': module 'PySide6.QtWidgets' has no attribute 'QAction'
2025-10-05 10:37:27,314 - opt_console_ui - INFO - Columns: skip action for 'param_momentum_lookback': module 'PySide6.QtWidgets' has no attribute 'QAction'
2025-10-05 10:37:27,314 - opt_console_ui - INFO - Columns: skip action for 'param_slope_lookback': module 'PySide6.QtWidgets' has no attribute 'QAction'
2025-10-05 10:37:27,315 - opt_console_ui - INFO - Columns: skip action for 'param_trailing_atr_mult': module 'PySide6.QtWidgets' has no attribute 'QAction'
2025-10-05 10:37:27,315 - opt_console_ui - INFO - Columns: skip action for 'trial_uid': module 'PySide6.QtWidgets' has no attribute 'QAction'
2025-10-05 10:37:27,315 - opt_console_ui - INFO - Columns: skip action for 'param_rsi_len': module 'PySide6.QtWidgets' has no attribute 'QAction'
2025-10-05 10:37:27,315 - opt_console_ui - INFO - Columns: skip action for 'param_rsi_oversold': module 'PySide6.QtWidgets' has no attribute 'QAction'
2025-10-05 10:37:27,315 - opt_console_ui - INFO - Columns: skip action for 'param_base_fast_len': module 'PySide6.QtWidgets' has no attribute 'QAction'
2025-10-05 10:37:27,315 - opt_console_ui - INFO - Columns: skip action for 'param_base_slow_len': module 'PySide6.QtWidgets' has no attribute 'QAction'
2025-10-05 10:37:27,315 - opt_console_ui - INFO - Columns: skip action for 'param_volatility_atr_short': module 'PySide6.QtWidgets' has no attribute 'QAction'
2025-10-05 10:37:27,315 - opt_console_ui - INFO - Columns: skip action for 'param_volatility_atr_long': module 'PySide6.QtWidgets' has no attribute 'QAction'
2025-10-05 10:37:27,316 - opt_console_ui - INFO - Columns: skip action for 'param_max_holding_period': module 'PySide6.QtWidgets' has no attribute 'QAction'
2025-10-05 10:37:27,316 - opt_console_ui - INFO - Columns: skip action for 'param_adx_period': module 'PySide6.QtWidgets' has no attribute 'QAction'
2025-10-05 10:37:27,316 - opt_console_ui - INFO - Columns: skip action for 'param_adx_threshold': module 'PySide6.QtWidgets' has no attribute 'QAction'
2025-10-05 10:37:27,316 - opt_console_ui - INFO - Columns: skip action for 'param_chandelier_atr_period': module 'PySide6.QtWidgets' has no attribute 'QAction'
2025-10-05 10:37:27,316 - opt_console_ui - INFO - Columns: skip action for 'param_chandelier_atr_multiplier': module 'PySide6.QtWidgets' has no attribute 'QAction'
2025-10-05 10:37:27,316 - opt_console_ui - INFO - Columns: skip action for 'param_ranging_trigger_window': module 'PySide6.QtWidgets' has no attribute 'QAction'
2025-10-05 10:37:27,316 - opt_console_ui - INFO - Columns: skip action for 'param_stoch_k': module 'PySide6.QtWidgets' has no attribute 'QAction'
2025-10-05 10:37:27,316 - opt_console_ui - INFO - Columns: skip action for 'param_stoch_d': module 'PySide6.QtWidgets' has no attribute 'QAction'
2025-10-05 10:37:27,316 - opt_console_ui - INFO - Columns: skip action for 'param_stoch_smooth': module 'PySide6.QtWidgets' has no attribute 'QAction'
2025-10-05 10:37:27,317 - opt_console_ui - INFO - Columns: skip action for 'param_catastrophic_stop_atr_mult': module 'PySide6.QtWidgets' has no attribute 'QAction'
2025-10-05 10:37:27,317 - opt_console_ui - INFO - Columns: skip action for 'param_slope_len': module 'PySide6.QtWidgets' has no attribute 'QAction'
2025-10-05 10:37:27,317 - opt_console_ui - INFO - Columns: skip action for 'param_adx_floor': module 'PySide6.QtWidgets' has no attribute 'QAction'
2025-10-05 10:37:27,317 - opt_console_ui - INFO - Columns: skip action for 'param_cooldown_bars': module 'PySide6.QtWidgets' has no attribute 'QAction'
2025-10-05 10:37:27,317 - opt_console_ui - INFO - Columns: skip action for 'param_atr_pct_floor': module 'PySide6.QtWidgets' has no attribute 'QAction'
2025-10-05 10:37:27,317 - opt_console_ui - INFO - Columns: skip action for 'param_atr_pct_cap': module 'PySide6.QtWidgets' has no attribute 'QAction'
2025-10-05 10:37:27,317 - opt_console_ui - INFO - Columns: skip action for 'param_init_atr_mult': module 'PySide6.QtWidgets' has no attribute 'QAction'
2025-10-05 10:37:27,317 - opt_console_ui - INFO - Columns: skip action for 'param_dma_buffer_mult': module 'PySide6.QtWidgets' has no attribute 'QAction'
2025-10-05 10:37:27,317 - opt_console_ui - INFO - Columns: skip action for 'param_partial_pct': module 'PySide6.QtWidgets' has no attribute 'QAction'
2025-10-05 10:37:27,317 - opt_console_ui - INFO - Columns: skip action for 'param_be_buffer': module 'PySide6.QtWidgets' has no attribute 'QAction'
2025-10-05 10:37:27,318 - opt_console_ui - INFO - Columns: skip action for 'param_trail_dma_buffer': module 'PySide6.QtWidgets' has no attribute 'QAction'
2025-10-05 10:37:27,318 - opt_console_ui - INFO - Columns: skip action for 'param_dead_bars': module 'PySide6.QtWidgets' has no attribute 'QAction'
2025-10-05 10:37:27,318 - opt_console_ui - INFO - Columns: skip action for 'param_adx_dead_threshold': module 'PySide6.QtWidgets' has no attribute 'QAction'
2025-10-05 10:37:27,318 - opt_console_ui - INFO - Columns: skip action for 'param_max_equity_heat_pct': module 'PySide6.QtWidgets' has no attribute 'QAction'
2025-10-05 10:37:27,318 - opt_console_ui - INFO - Columns: skip action for 'param_max_consec_losses': module 'PySide6.QtWidgets' has no attribute 'QAction'
2025-10-05 10:37:27,318 - opt_console_ui - INFO - Columns: skip action for 'param_friday_cutoff_bars': module 'PySide6.QtWidgets' has no attribute 'QAction'
2025-10-05 10:37:27,318 - opt_console_ui - INFO - Columns: skip action for 'param_min_addon_distance_ATR': module 'PySide6.QtWidgets' has no attribute 'QAction'
2025-10-05 10:37:27,318 - opt_console_ui - INFO - Columns: skip action for 'param_ranging_confirm_bar': module 'PySide6.QtWidgets' has no attribute 'QAction'
2025-10-05 10:37:27,318 - opt_console_ui - INFO - Columns: skip action for 'gtp_proxy': module 'PySide6.QtWidgets' has no attribute 'QAction'
2025-10-05 10:37:27,318 - opt_console_ui - INFO - Columns: skip action for 'exp_per_trade': module 'PySide6.QtWidgets' has no attribute 'QAction'
2025-10-05 10:37:27,318 - opt_console_ui - INFO - Columns: skip action for 'loss_streak_cap': module 'PySide6.QtWidgets' has no attribute 'QAction'
2025-10-05 10:37:27,323 - opt_console_ui - INFO - Columns: skip action for 'total_return': module 'PySide6.QtWidgets' has no attribute 'QAction'
2025-10-05 10:37:27,323 - opt_console_ui - INFO - Columns: skip action for 'sharpe_ratio': module 'PySide6.QtWidgets' has no attribute 'QAction'
2025-10-05 10:37:27,323 - opt_console_ui - INFO - Columns: skip action for 'sortino_ratio': module 'PySide6.QtWidgets' has no attribute 'QAction'
2025-10-05 10:37:27,323 - opt_console_ui - INFO - Columns: skip action for 'calmar_ratio': module 'PySide6.QtWidgets' has no attribute 'QAction'
2025-10-05 10:37:27,323 - opt_console_ui - INFO - Columns: skip action for 'max_drawdown': module 'PySide6.QtWidgets' has no attribute 'QAction'
2025-10-05 10:37:27,323 - opt_console_ui - INFO - Columns: skip action for 'win_rate': module 'PySide6.QtWidgets' has no attribute 'QAction'
2025-10-05 10:37:27,323 - opt_console_ui - INFO - Columns: skip action for 'total_trades': module 'PySide6.QtWidgets' has no attribute 'QAction'
2025-10-05 10:37:27,324 - opt_console_ui - INFO - Columns: skip action for 'profit_factor': module 'PySide6.QtWidgets' has no attribute 'QAction'
2025-10-05 10:37:27,324 - opt_console_ui - INFO - Columns: skip action for 'expectancy': module 'PySide6.QtWidgets' has no attribute 'QAction'
2025-10-05 10:37:27,324 - opt_console_ui - INFO - Columns: skip action for 'start_capital': module 'PySide6.QtWidgets' has no attribute 'QAction'
2025-10-05 10:37:27,324 - opt_console_ui - INFO - Columns: skip action for 'end_capital': module 'PySide6.QtWidgets' has no attribute 'QAction'
2025-10-05 10:37:27,324 - opt_console_ui - INFO - Columns: skip action for 'avg_hold_hours': module 'PySide6.QtWidgets' has no attribute 'QAction'
2025-10-05 10:37:27,324 - opt_console_ui - INFO - Columns: skip action for 'ulcer_index': module 'PySide6.QtWidgets' has no attribute 'QAction'
2025-10-05 10:37:27,324 - opt_console_ui - INFO - Columns: skip action for 'omega_0': module 'PySide6.QtWidgets' has no attribute 'QAction'
2025-10-05 10:37:27,324 - opt_console_ui - INFO - Columns: skip action for 'omega_fees': module 'PySide6.QtWidgets' has no attribute 'QAction'
2025-10-05 10:37:27,324 - opt_console_ui - INFO - Columns: skip action for 'calmar_robust': module 'PySide6.QtWidgets' has no attribute 'QAction'
2025-10-05 10:37:27,324 - opt_console_ui - INFO - Columns: skip action for 'val_days': module 'PySide6.QtWidgets' has no attribute 'QAction'
2025-10-05 10:37:27,325 - opt_console_ui - INFO - Columns: skip action for 'cagr_adj': module 'PySide6.QtWidgets' has no attribute 'QAction'
2025-10-05 10:37:27,325 - opt_console_ui - INFO - Columns: skip action for 'maxdd_obs_frac': module 'PySide6.QtWidgets' has no attribute 'QAction'
2025-10-05 10:37:27,325 - opt_console_ui - INFO - Columns: skip action for 'dd_floor': module 'PySide6.QtWidgets' has no attribute 'QAction'
2025-10-05 10:37:27,325 - opt_console_ui - INFO - Columns: skip action for 'dd_adj': module 'PySide6.QtWidgets' has no attribute 'QAction'
2025-10-05 10:37:27,325 - opt_console_ui - INFO - Columns: skip action for 'chart': module 'PySide6.QtWidgets' has no attribute 'QAction'
2025-10-05 10:37:27,325 - opt_console_ui - INFO - Columns: skip action for 'trial_id': module 'PySide6.QtWidgets' has no attribute 'QAction'
2025-10-05 10:37:27,325 - opt_console_ui - INFO - Columns: skip action for 'method': module 'PySide6.QtWidgets' has no attribute 'QAction'
2025-10-05 10:37:27,325 - opt_console_ui - INFO - Columns: skip action for 'param_fast_min_len': module 'PySide6.QtWidgets' has no attribute 'QAction'
2025-10-05 10:37:27,325 - opt_console_ui - INFO - Columns: skip action for 'param_fast_max_len': module 'PySide6.QtWidgets' has no attribute 'QAction'
2025-10-05 10:37:27,326 - opt_console_ui - INFO - Columns: skip action for 'param_slow_min_len': module 'PySide6.QtWidgets' has no attribute 'QAction'
2025-10-05 10:37:27,326 - opt_console_ui - INFO - Columns: skip action for 'param_slow_max_len': module 'PySide6.QtWidgets' has no attribute 'QAction'
2025-10-05 10:37:27,326 - opt_console_ui - INFO - Columns: skip action for 'param_dma_atr_len': module 'PySide6.QtWidgets' has no attribute 'QAction'
2025-10-05 10:37:27,326 - opt_console_ui - INFO - Columns: skip action for 'param_atr_len': module 'PySide6.QtWidgets' has no attribute 'QAction'
2025-10-05 10:37:27,326 - opt_console_ui - INFO - Columns: skip action for 'param_upper_outer_mult': module 'PySide6.QtWidgets' has no attribute 'QAction'
2025-10-05 10:37:27,326 - opt_console_ui - INFO - Columns: skip action for 'param_lower_outer_mult': module 'PySide6.QtWidgets' has no attribute 'QAction'
2025-10-05 10:37:27,326 - opt_console_ui - INFO - Columns: skip action for 'param_upper_inner_mult': module 'PySide6.QtWidgets' has no attribute 'QAction'
2025-10-05 10:37:27,326 - opt_console_ui - INFO - Columns: skip action for 'param_lower_inner_mult': module 'PySide6.QtWidgets' has no attribute 'QAction'
2025-10-05 10:37:27,326 - opt_console_ui - INFO - Columns: skip action for 'param_momentum_len': module 'PySide6.QtWidgets' has no attribute 'QAction'
2025-10-05 10:37:27,326 - opt_console_ui - INFO - Columns: skip action for 'param_momentum_threshold': module 'PySide6.QtWidgets' has no attribute 'QAction'
2025-10-05 10:37:27,326 - opt_console_ui - INFO - Columns: skip action for '_source_file': module 'PySide6.QtWidgets' has no attribute 'QAction'
2025-10-05 10:37:27,327 - opt_console_ui - INFO - Columns: skip action for 'fold_id': module 'PySide6.QtWidgets' has no attribute 'QAction'
2025-10-05 10:37:27,327 - opt_console_ui - INFO - Columns: skip action for 'bars_total': module 'PySide6.QtWidgets' has no attribute 'QAction'
2025-10-05 10:37:27,327 - opt_console_ui - INFO - Columns: skip action for 'bars_train': module 'PySide6.QtWidgets' has no attribute 'QAction'
2025-10-05 10:37:27,327 - opt_console_ui - INFO - Columns: skip action for 'bars_embargo': module 'PySide6.QtWidgets' has no attribute 'QAction'
2025-10-05 10:37:27,327 - opt_console_ui - INFO - Columns: skip action for 'bars_val': module 'PySide6.QtWidgets' has no attribute 'QAction'
2025-10-05 10:37:27,327 - opt_console_ui - INFO - Columns: skip action for 'val_start': module 'PySide6.QtWidgets' has no attribute 'QAction'
2025-10-05 10:37:27,327 - opt_console_ui - INFO - Columns: skip action for 'val_end': module 'PySide6.QtWidgets' has no attribute 'QAction'
2025-10-05 10:37:27,327 - opt_console_ui - INFO - Columns: skip action for 'param_momentum_lookback': module 'PySide6.QtWidgets' has no attribute 'QAction'
2025-10-05 10:37:27,327 - opt_console_ui - INFO - Columns: skip action for 'param_slope_lookback': module 'PySide6.QtWidgets' has no attribute 'QAction'
2025-10-05 10:37:27,327 - opt_console_ui - INFO - Columns: skip action for 'param_trailing_atr_mult': module 'PySide6.QtWidgets' has no attribute 'QAction'
2025-10-05 10:37:27,328 - opt_console_ui - INFO - Columns: skip action for 'trial_uid': module 'PySide6.QtWidgets' has no attribute 'QAction'
2025-10-05 10:37:27,328 - opt_console_ui - INFO - Columns: skip action for 'param_rsi_len': module 'PySide6.QtWidgets' has no attribute 'QAction'
2025-10-05 10:37:27,328 - opt_console_ui - INFO - Columns: skip action for 'param_rsi_oversold': module 'PySide6.QtWidgets' has no attribute 'QAction'
2025-10-05 10:37:27,328 - opt_console_ui - INFO - Columns: skip action for 'param_base_fast_len': module 'PySide6.QtWidgets' has no attribute 'QAction'
2025-10-05 10:37:27,328 - opt_console_ui - INFO - Columns: skip action for 'param_base_slow_len': module 'PySide6.QtWidgets' has no attribute 'QAction'
2025-10-05 10:37:27,328 - opt_console_ui - INFO - Columns: skip action for 'param_volatility_atr_short': module 'PySide6.QtWidgets' has no attribute 'QAction'
2025-10-05 10:37:27,328 - opt_console_ui - INFO - Columns: skip action for 'param_volatility_atr_long': module 'PySide6.QtWidgets' has no attribute 'QAction'
2025-10-05 10:37:27,328 - opt_console_ui - INFO - Columns: skip action for 'param_max_holding_period': module 'PySide6.QtWidgets' has no attribute 'QAction'
2025-10-05 10:37:27,328 - opt_console_ui - INFO - Columns: skip action for 'param_adx_period': module 'PySide6.QtWidgets' has no attribute 'QAction'
2025-10-05 10:37:27,328 - opt_console_ui - INFO - Columns: skip action for 'param_adx_threshold': module 'PySide6.QtWidgets' has no attribute 'QAction'
2025-10-05 10:37:27,329 - opt_console_ui - INFO - Columns: skip action for 'param_chandelier_atr_period': module 'PySide6.QtWidgets' has no attribute 'QAction'
2025-10-05 10:37:27,329 - opt_console_ui - INFO - Columns: skip action for 'param_chandelier_atr_multiplier': module 'PySide6.QtWidgets' has no attribute 'QAction'
2025-10-05 10:37:27,329 - opt_console_ui - INFO - Columns: skip action for 'param_ranging_trigger_window': module 'PySide6.QtWidgets' has no attribute 'QAction'
2025-10-05 10:37:27,329 - opt_console_ui - INFO - Columns: skip action for 'param_stoch_k': module 'PySide6.QtWidgets' has no attribute 'QAction'
2025-10-05 10:37:27,329 - opt_console_ui - INFO - Columns: skip action for 'param_stoch_d': module 'PySide6.QtWidgets' has no attribute 'QAction'
2025-10-05 10:37:27,329 - opt_console_ui - INFO - Columns: skip action for 'param_stoch_smooth': module 'PySide6.QtWidgets' has no attribute 'QAction'
2025-10-05 10:37:27,329 - opt_console_ui - INFO - Columns: skip action for 'param_catastrophic_stop_atr_mult': module 'PySide6.QtWidgets' has no attribute 'QAction'
2025-10-05 10:37:27,329 - opt_console_ui - INFO - Columns: skip action for 'param_slope_len': module 'PySide6.QtWidgets' has no attribute 'QAction'
2025-10-05 10:37:27,329 - opt_console_ui - INFO - Columns: skip action for 'param_adx_floor': module 'PySide6.QtWidgets' has no attribute 'QAction'
2025-10-05 10:37:27,329 - opt_console_ui - INFO - Columns: skip action for 'param_cooldown_bars': module 'PySide6.QtWidgets' has no attribute 'QAction'
2025-10-05 10:37:27,329 - opt_console_ui - INFO - Columns: skip action for 'param_atr_pct_floor': module 'PySide6.QtWidgets' has no attribute 'QAction'
2025-10-05 10:37:27,329 - opt_console_ui - INFO - Columns: skip action for 'param_atr_pct_cap': module 'PySide6.QtWidgets' has no attribute 'QAction'
2025-10-05 10:37:27,330 - opt_console_ui - INFO - Columns: skip action for 'param_init_atr_mult': module 'PySide6.QtWidgets' has no attribute 'QAction'
2025-10-05 10:37:27,330 - opt_console_ui - INFO - Columns: skip action for 'param_dma_buffer_mult': module 'PySide6.QtWidgets' has no attribute 'QAction'
2025-10-05 10:37:27,330 - opt_console_ui - INFO - Columns: skip action for 'param_partial_pct': module 'PySide6.QtWidgets' has no attribute 'QAction'
2025-10-05 10:37:27,330 - opt_console_ui - INFO - Columns: skip action for 'param_be_buffer': module 'PySide6.QtWidgets' has no attribute 'QAction'
2025-10-05 10:37:27,330 - opt_console_ui - INFO - Columns: skip action for 'param_trail_dma_buffer': module 'PySide6.QtWidgets' has no attribute 'QAction'
2025-10-05 10:37:27,330 - opt_console_ui - INFO - Columns: skip action for 'param_dead_bars': module 'PySide6.QtWidgets' has no attribute 'QAction'
2025-10-05 10:37:27,330 - opt_console_ui - INFO - Columns: skip action for 'param_adx_dead_threshold': module 'PySide6.QtWidgets' has no attribute 'QAction'
2025-10-05 10:37:27,330 - opt_console_ui - INFO - Columns: skip action for 'param_max_equity_heat_pct': module 'PySide6.QtWidgets' has no attribute 'QAction'
2025-10-05 10:37:27,331 - opt_console_ui - INFO - Columns: skip action for 'param_max_consec_losses': module 'PySide6.QtWidgets' has no attribute 'QAction'
2025-10-05 10:37:27,331 - opt_console_ui - INFO - Columns: skip action for 'param_friday_cutoff_bars': module 'PySide6.QtWidgets' has no attribute 'QAction'
2025-10-05 10:37:27,331 - opt_console_ui - INFO - Columns: skip action for 'param_min_addon_distance_ATR': module 'PySide6.QtWidgets' has no attribute 'QAction'
2025-10-05 10:37:27,331 - opt_console_ui - INFO - Columns: skip action for 'param_ranging_confirm_bar': module 'PySide6.QtWidgets' has no attribute 'QAction'
2025-10-05 10:37:27,331 - opt_console_ui - INFO - Columns: skip action for 'gtp_proxy': module 'PySide6.QtWidgets' has no attribute 'QAction'
2025-10-05 10:37:27,332 - opt_console_ui - INFO - Columns: skip action for 'exp_per_trade': module 'PySide6.QtWidgets' has no attribute 'QAction'
2025-10-05 10:37:27,332 - opt_console_ui - INFO - Columns: skip action for 'loss_streak_cap': module 'PySide6.QtWidgets' has no attribute 'QAction'
2025-10-05 10:37:27,332 - opt_console_ui - INFO - QC filter applied: 82262 -> 11007 rows in 90ms
2025-10-05 10:37:27,334 - opt_console_ui - INFO - Successfully loaded 82262 rows from 62 files in 8093ms (QC base shown)
2025-10-05 10:37:42,358 - opt_console_ui - INFO - Preset filter loaded: max_drawdown < 8% and profit_factor >= 1.5...
2025-10-05 10:37:43,234 - opt_console_ui - INFO - Preset filter loaded: calmar_ratio >= 0.5 and total_trades >= 30...
2025-10-05 10:37:44,642 - opt_console_ui - INFO - Columns: skip action for 'total_return': module 'PySide6.QtWidgets' has no attribute 'QAction'
2025-10-05 10:37:44,642 - opt_console_ui - INFO - Columns: skip action for 'sharpe_ratio': module 'PySide6.QtWidgets' has no attribute 'QAction'
2025-10-05 10:37:44,643 - opt_console_ui - INFO - Columns: skip action for 'sortino_ratio': module 'PySide6.QtWidgets' has no attribute 'QAction'
2025-10-05 10:37:44,643 - opt_console_ui - INFO - Columns: skip action for 'calmar_ratio': module 'PySide6.QtWidgets' has no attribute 'QAction'
2025-10-05 10:37:44,643 - opt_console_ui - INFO - Columns: skip action for 'max_drawdown': module 'PySide6.QtWidgets' has no attribute 'QAction'
2025-10-05 10:37:44,643 - opt_console_ui - INFO - Columns: skip action for 'win_rate': module 'PySide6.QtWidgets' has no attribute 'QAction'
2025-10-05 10:37:44,643 - opt_console_ui - INFO - Columns: skip action for 'total_trades': module 'PySide6.QtWidgets' has no attribute 'QAction'
2025-10-05 10:37:44,643 - opt_console_ui - INFO - Columns: skip action for 'profit_factor': module 'PySide6.QtWidgets' has no attribute 'QAction'
2025-10-05 10:37:44,643 - opt_console_ui - INFO - Columns: skip action for 'expectancy': module 'PySide6.QtWidgets' has no attribute 'QAction'
2025-10-05 10:37:44,643 - opt_console_ui - INFO - Columns: skip action for 'start_capital': module 'PySide6.QtWidgets' has no attribute 'QAction'
2025-10-05 10:37:44,643 - opt_console_ui - INFO - Columns: skip action for 'end_capital': module 'PySide6.QtWidgets' has no attribute 'QAction'
2025-10-05 10:37:44,643 - opt_console_ui - INFO - Columns: skip action for 'avg_hold_hours': module 'PySide6.QtWidgets' has no attribute 'QAction'
2025-10-05 10:37:44,643 - opt_console_ui - INFO - Columns: skip action for 'ulcer_index': module 'PySide6.QtWidgets' has no attribute 'QAction'
2025-10-05 10:37:44,643 - opt_console_ui - INFO - Columns: skip action for 'omega_0': module 'PySide6.QtWidgets' has no attribute 'QAction'
2025-10-05 10:37:44,644 - opt_console_ui - INFO - Columns: skip action for 'omega_fees': module 'PySide6.QtWidgets' has no attribute 'QAction'
2025-10-05 10:37:44,644 - opt_console_ui - INFO - Columns: skip action for 'calmar_robust': module 'PySide6.QtWidgets' has no attribute 'QAction'
2025-10-05 10:37:44,644 - opt_console_ui - INFO - Columns: skip action for 'val_days': module 'PySide6.QtWidgets' has no attribute 'QAction'
2025-10-05 10:37:44,644 - opt_console_ui - INFO - Columns: skip action for 'cagr_adj': module 'PySide6.QtWidgets' has no attribute 'QAction'
2025-10-05 10:37:44,644 - opt_console_ui - INFO - Columns: skip action for 'maxdd_obs_frac': module 'PySide6.QtWidgets' has no attribute 'QAction'
2025-10-05 10:37:44,644 - opt_console_ui - INFO - Columns: skip action for 'dd_floor': module 'PySide6.QtWidgets' has no attribute 'QAction'
2025-10-05 10:37:44,644 - opt_console_ui - INFO - Columns: skip action for 'dd_adj': module 'PySide6.QtWidgets' has no attribute 'QAction'
2025-10-05 10:37:44,644 - opt_console_ui - INFO - Columns: skip action for 'chart': module 'PySide6.QtWidgets' has no attribute 'QAction'
2025-10-05 10:37:44,644 - opt_console_ui - INFO - Columns: skip action for 'trial_id': module 'PySide6.QtWidgets' has no attribute 'QAction'
2025-10-05 10:37:44,645 - opt_console_ui - INFO - Columns: skip action for 'method': module 'PySide6.QtWidgets' has no attribute 'QAction'
2025-10-05 10:37:44,645 - opt_console_ui - INFO - Columns: skip action for 'param_fast_min_len': module 'PySide6.QtWidgets' has no attribute 'QAction'
2025-10-05 10:37:44,645 - opt_console_ui - INFO - Columns: skip action for 'param_fast_max_len': module 'PySide6.QtWidgets' has no attribute 'QAction'
2025-10-05 10:37:44,645 - opt_console_ui - INFO - Columns: skip action for 'param_slow_min_len': module 'PySide6.QtWidgets' has no attribute 'QAction'
2025-10-05 10:37:44,645 - opt_console_ui - INFO - Columns: skip action for 'param_slow_max_len': module 'PySide6.QtWidgets' has no attribute 'QAction'
2025-10-05 10:37:44,645 - opt_console_ui - INFO - Columns: skip action for 'param_dma_atr_len': module 'PySide6.QtWidgets' has no attribute 'QAction'
2025-10-05 10:37:44,645 - opt_console_ui - INFO - Columns: skip action for 'param_atr_len': module 'PySide6.QtWidgets' has no attribute 'QAction'
2025-10-05 10:37:44,645 - opt_console_ui - INFO - Columns: skip action for 'param_upper_outer_mult': module 'PySide6.QtWidgets' has no attribute 'QAction'
2025-10-05 10:37:44,646 - opt_console_ui - INFO - Columns: skip action for 'param_lower_outer_mult': module 'PySide6.QtWidgets' has no attribute 'QAction'
2025-10-05 10:37:44,646 - opt_console_ui - INFO - Columns: skip action for 'param_upper_inner_mult': module 'PySide6.QtWidgets' has no attribute 'QAction'
2025-10-05 10:37:44,646 - opt_console_ui - INFO - Columns: skip action for 'param_lower_inner_mult': module 'PySide6.QtWidgets' has no attribute 'QAction'
2025-10-05 10:37:44,646 - opt_console_ui - INFO - Columns: skip action for 'param_momentum_len': module 'PySide6.QtWidgets' has no attribute 'QAction'
2025-10-05 10:37:44,646 - opt_console_ui - INFO - Columns: skip action for 'param_momentum_threshold': module 'PySide6.QtWidgets' has no attribute 'QAction'
2025-10-05 10:37:44,646 - opt_console_ui - INFO - Columns: skip action for '_source_file': module 'PySide6.QtWidgets' has no attribute 'QAction'
2025-10-05 10:37:44,646 - opt_console_ui - INFO - Columns: skip action for 'fold_id': module 'PySide6.QtWidgets' has no attribute 'QAction'
2025-10-05 10:37:44,646 - opt_console_ui - INFO - Columns: skip action for 'bars_total': module 'PySide6.QtWidgets' has no attribute 'QAction'
2025-10-05 10:37:44,647 - opt_console_ui - INFO - Columns: skip action for 'bars_train': module 'PySide6.QtWidgets' has no attribute 'QAction'
2025-10-05 10:37:44,647 - opt_console_ui - INFO - Columns: skip action for 'bars_embargo': module 'PySide6.QtWidgets' has no attribute 'QAction'
2025-10-05 10:37:44,647 - opt_console_ui - INFO - Columns: skip action for 'bars_val': module 'PySide6.QtWidgets' has no attribute 'QAction'
2025-10-05 10:37:44,647 - opt_console_ui - INFO - Columns: skip action for 'val_start': module 'PySide6.QtWidgets' has no attribute 'QAction'
2025-10-05 10:37:44,647 - opt_console_ui - INFO - Columns: skip action for 'val_end': module 'PySide6.QtWidgets' has no attribute 'QAction'
2025-10-05 10:37:44,647 - opt_console_ui - INFO - Columns: skip action for 'param_momentum_lookback': module 'PySide6.QtWidgets' has no attribute 'QAction'
2025-10-05 10:37:44,647 - opt_console_ui - INFO - Columns: skip action for 'param_slope_lookback': module 'PySide6.QtWidgets' has no attribute 'QAction'
2025-10-05 10:37:44,647 - opt_console_ui - INFO - Columns: skip action for 'param_trailing_atr_mult': module 'PySide6.QtWidgets' has no attribute 'QAction'
2025-10-05 10:37:44,647 - opt_console_ui - INFO - Columns: skip action for 'trial_uid': module 'PySide6.QtWidgets' has no attribute 'QAction'
2025-10-05 10:37:44,647 - opt_console_ui - INFO - Columns: skip action for 'param_rsi_len': module 'PySide6.QtWidgets' has no attribute 'QAction'
2025-10-05 10:37:44,647 - opt_console_ui - INFO - Columns: skip action for 'param_rsi_oversold': module 'PySide6.QtWidgets' has no attribute 'QAction'
2025-10-05 10:37:44,647 - opt_console_ui - INFO - Columns: skip action for 'param_base_fast_len': module 'PySide6.QtWidgets' has no attribute 'QAction'
2025-10-05 10:37:44,648 - opt_console_ui - INFO - Columns: skip action for 'param_base_slow_len': module 'PySide6.QtWidgets' has no attribute 'QAction'
2025-10-05 10:37:44,648 - opt_console_ui - INFO - Columns: skip action for 'param_volatility_atr_short': module 'PySide6.QtWidgets' has no attribute 'QAction'
2025-10-05 10:37:44,648 - opt_console_ui - INFO - Columns: skip action for 'param_volatility_atr_long': module 'PySide6.QtWidgets' has no attribute 'QAction'
2025-10-05 10:37:44,648 - opt_console_ui - INFO - Columns: skip action for 'param_max_holding_period': module 'PySide6.QtWidgets' has no attribute 'QAction'
2025-10-05 10:37:44,648 - opt_console_ui - INFO - Columns: skip action for 'param_adx_period': module 'PySide6.QtWidgets' has no attribute 'QAction'
2025-10-05 10:37:44,648 - opt_console_ui - INFO - Columns: skip action for 'param_adx_threshold': module 'PySide6.QtWidgets' has no attribute 'QAction'
2025-10-05 10:37:44,648 - opt_console_ui - INFO - Columns: skip action for 'param_chandelier_atr_period': module 'PySide6.QtWidgets' has no attribute 'QAction'
2025-10-05 10:37:44,648 - opt_console_ui - INFO - Columns: skip action for 'param_chandelier_atr_multiplier': module 'PySide6.QtWidgets' has no attribute 'QAction'
2025-10-05 10:37:44,648 - opt_console_ui - INFO - Columns: skip action for 'param_ranging_trigger_window': module 'PySide6.QtWidgets' has no attribute 'QAction'
2025-10-05 10:37:44,648 - opt_console_ui - INFO - Columns: skip action for 'param_stoch_k': module 'PySide6.QtWidgets' has no attribute 'QAction'
2025-10-05 10:37:44,648 - opt_console_ui - INFO - Columns: skip action for 'param_stoch_d': module 'PySide6.QtWidgets' has no attribute 'QAction'
2025-10-05 10:37:44,649 - opt_console_ui - INFO - Columns: skip action for 'param_stoch_smooth': module 'PySide6.QtWidgets' has no attribute 'QAction'
2025-10-05 10:37:44,649 - opt_console_ui - INFO - Columns: skip action for 'param_catastrophic_stop_atr_mult': module 'PySide6.QtWidgets' has no attribute 'QAction'
2025-10-05 10:37:44,649 - opt_console_ui - INFO - Columns: skip action for 'param_slope_len': module 'PySide6.QtWidgets' has no attribute 'QAction'
2025-10-05 10:37:44,649 - opt_console_ui - INFO - Columns: skip action for 'param_adx_floor': module 'PySide6.QtWidgets' has no attribute 'QAction'
2025-10-05 10:37:44,649 - opt_console_ui - INFO - Columns: skip action for 'param_cooldown_bars': module 'PySide6.QtWidgets' has no attribute 'QAction'
2025-10-05 10:37:44,649 - opt_console_ui - INFO - Columns: skip action for 'param_atr_pct_floor': module 'PySide6.QtWidgets' has no attribute 'QAction'
2025-10-05 10:37:44,649 - opt_console_ui - INFO - Columns: skip action for 'param_atr_pct_cap': module 'PySide6.QtWidgets' has no attribute 'QAction'
2025-10-05 10:37:44,649 - opt_console_ui - INFO - Columns: skip action for 'param_init_atr_mult': module 'PySide6.QtWidgets' has no attribute 'QAction'
2025-10-05 10:37:44,649 - opt_console_ui - INFO - Columns: skip action for 'param_dma_buffer_mult': module 'PySide6.QtWidgets' has no attribute 'QAction'
2025-10-05 10:37:44,650 - opt_console_ui - INFO - Columns: skip action for 'param_partial_pct': module 'PySide6.QtWidgets' has no attribute 'QAction'
2025-10-05 10:37:44,650 - opt_console_ui - INFO - Columns: skip action for 'param_be_buffer': module 'PySide6.QtWidgets' has no attribute 'QAction'
2025-10-05 10:37:44,650 - opt_console_ui - INFO - Columns: skip action for 'param_trail_dma_buffer': module 'PySide6.QtWidgets' has no attribute 'QAction'
2025-10-05 10:37:44,650 - opt_console_ui - INFO - Columns: skip action for 'param_dead_bars': module 'PySide6.QtWidgets' has no attribute 'QAction'
2025-10-05 10:37:44,650 - opt_console_ui - INFO - Columns: skip action for 'param_adx_dead_threshold': module 'PySide6.QtWidgets' has no attribute 'QAction'
2025-10-05 10:37:44,650 - opt_console_ui - INFO - Columns: skip action for 'param_max_equity_heat_pct': module 'PySide6.QtWidgets' has no attribute 'QAction'
2025-10-05 10:37:44,650 - opt_console_ui - INFO - Columns: skip action for 'param_max_consec_losses': module 'PySide6.QtWidgets' has no attribute 'QAction'
2025-10-05 10:37:44,650 - opt_console_ui - INFO - Columns: skip action for 'param_friday_cutoff_bars': module 'PySide6.QtWidgets' has no attribute 'QAction'
2025-10-05 10:37:44,650 - opt_console_ui - INFO - Columns: skip action for 'param_min_addon_distance_ATR': module 'PySide6.QtWidgets' has no attribute 'QAction'
2025-10-05 10:37:44,650 - opt_console_ui - INFO - Columns: skip action for 'param_ranging_confirm_bar': module 'PySide6.QtWidgets' has no attribute 'QAction'
2025-10-05 10:37:44,651 - opt_console_ui - INFO - Columns: skip action for 'gtp_proxy': module 'PySide6.QtWidgets' has no attribute 'QAction'
2025-10-05 10:37:44,651 - opt_console_ui - INFO - Columns: skip action for 'exp_per_trade': module 'PySide6.QtWidgets' has no attribute 'QAction'
2025-10-05 10:37:44,651 - opt_console_ui - INFO - Columns: skip action for 'loss_streak_cap': module 'PySide6.QtWidgets' has no attribute 'QAction'
2025-10-05 10:37:44,651 - opt_console_ui - INFO - Columns: skip action for 'total_return': module 'PySide6.QtWidgets' has no attribute 'QAction'
2025-10-05 10:37:44,651 - opt_console_ui - INFO - Columns: skip action for 'sharpe_ratio': module 'PySide6.QtWidgets' has no attribute 'QAction'
2025-10-05 10:37:44,651 - opt_console_ui - INFO - Columns: skip action for 'sortino_ratio': module 'PySide6.QtWidgets' has no attribute 'QAction'
2025-10-05 10:37:44,651 - opt_console_ui - INFO - Columns: skip action for 'calmar_ratio': module 'PySide6.QtWidgets' has no attribute 'QAction'
2025-10-05 10:37:44,651 - opt_console_ui - INFO - Columns: skip action for 'max_drawdown': module 'PySide6.QtWidgets' has no attribute 'QAction'
2025-10-05 10:37:44,652 - opt_console_ui - INFO - Columns: skip action for 'win_rate': module 'PySide6.QtWidgets' has no attribute 'QAction'
2025-10-05 10:37:44,652 - opt_console_ui - INFO - Columns: skip action for 'total_trades': module 'PySide6.QtWidgets' has no attribute 'QAction'
2025-10-05 10:37:44,652 - opt_console_ui - INFO - Columns: skip action for 'profit_factor': module 'PySide6.QtWidgets' has no attribute 'QAction'
2025-10-05 10:37:44,652 - opt_console_ui - INFO - Columns: skip action for 'expectancy': module 'PySide6.QtWidgets' has no attribute 'QAction'
2025-10-05 10:37:44,652 - opt_console_ui - INFO - Columns: skip action for 'start_capital': module 'PySide6.QtWidgets' has no attribute 'QAction'
2025-10-05 10:37:44,652 - opt_console_ui - INFO - Columns: skip action for 'end_capital': module 'PySide6.QtWidgets' has no attribute 'QAction'
2025-10-05 10:37:44,653 - opt_console_ui - INFO - Columns: skip action for 'avg_hold_hours': module 'PySide6.QtWidgets' has no attribute 'QAction'
2025-10-05 10:37:44,653 - opt_console_ui - INFO - Columns: skip action for 'ulcer_index': module 'PySide6.QtWidgets' has no attribute 'QAction'
2025-10-05 10:37:44,653 - opt_console_ui - INFO - Columns: skip action for 'omega_0': module 'PySide6.QtWidgets' has no attribute 'QAction'
2025-10-05 10:37:44,653 - opt_console_ui - INFO - Columns: skip action for 'omega_fees': module 'PySide6.QtWidgets' has no attribute 'QAction'
2025-10-05 10:37:44,653 - opt_console_ui - INFO - Columns: skip action for 'calmar_robust': module 'PySide6.QtWidgets' has no attribute 'QAction'
2025-10-05 10:37:44,653 - opt_console_ui - INFO - Columns: skip action for 'val_days': module 'PySide6.QtWidgets' has no attribute 'QAction'
2025-10-05 10:37:44,653 - opt_console_ui - INFO - Columns: skip action for 'cagr_adj': module 'PySide6.QtWidgets' has no attribute 'QAction'
2025-10-05 10:37:44,653 - opt_console_ui - INFO - Columns: skip action for 'maxdd_obs_frac': module 'PySide6.QtWidgets' has no attribute 'QAction'
2025-10-05 10:37:44,653 - opt_console_ui - INFO - Columns: skip action for 'dd_floor': module 'PySide6.QtWidgets' has no attribute 'QAction'
2025-10-05 10:37:44,653 - opt_console_ui - INFO - Columns: skip action for 'dd_adj': module 'PySide6.QtWidgets' has no attribute 'QAction'
2025-10-05 10:37:44,653 - opt_console_ui - INFO - Columns: skip action for 'chart': module 'PySide6.QtWidgets' has no attribute 'QAction'
2025-10-05 10:37:44,653 - opt_console_ui - INFO - Columns: skip action for 'trial_id': module 'PySide6.QtWidgets' has no attribute 'QAction'
2025-10-05 10:37:44,654 - opt_console_ui - INFO - Columns: skip action for 'method': module 'PySide6.QtWidgets' has no attribute 'QAction'
2025-10-05 10:37:44,654 - opt_console_ui - INFO - Columns: skip action for 'param_fast_min_len': module 'PySide6.QtWidgets' has no attribute 'QAction'
2025-10-05 10:37:44,654 - opt_console_ui - INFO - Columns: skip action for 'param_fast_max_len': module 'PySide6.QtWidgets' has no attribute 'QAction'
2025-10-05 10:37:44,654 - opt_console_ui - INFO - Columns: skip action for 'param_slow_min_len': module 'PySide6.QtWidgets' has no attribute 'QAction'
2025-10-05 10:37:44,654 - opt_console_ui - INFO - Columns: skip action for 'param_slow_max_len': module 'PySide6.QtWidgets' has no attribute 'QAction'
2025-10-05 10:37:44,654 - opt_console_ui - INFO - Columns: skip action for 'param_dma_atr_len': module 'PySide6.QtWidgets' has no attribute 'QAction'
2025-10-05 10:37:44,654 - opt_console_ui - INFO - Columns: skip action for 'param_atr_len': module 'PySide6.QtWidgets' has no attribute 'QAction'
2025-10-05 10:37:44,654 - opt_console_ui - INFO - Columns: skip action for 'param_upper_outer_mult': module 'PySide6.QtWidgets' has no attribute 'QAction'
2025-10-05 10:37:44,654 - opt_console_ui - INFO - Columns: skip action for 'param_lower_outer_mult': module 'PySide6.QtWidgets' has no attribute 'QAction'
2025-10-05 10:37:44,654 - opt_console_ui - INFO - Columns: skip action for 'param_upper_inner_mult': module 'PySide6.QtWidgets' has no attribute 'QAction'
2025-10-05 10:37:44,654 - opt_console_ui - INFO - Columns: skip action for 'param_lower_inner_mult': module 'PySide6.QtWidgets' has no attribute 'QAction'
2025-10-05 10:37:44,654 - opt_console_ui - INFO - Columns: skip action for 'param_momentum_len': module 'PySide6.QtWidgets' has no attribute 'QAction'
2025-10-05 10:37:44,655 - opt_console_ui - INFO - Columns: skip action for 'param_momentum_threshold': module 'PySide6.QtWidgets' has no attribute 'QAction'
2025-10-05 10:37:44,655 - opt_console_ui - INFO - Columns: skip action for '_source_file': module 'PySide6.QtWidgets' has no attribute 'QAction'
2025-10-05 10:37:44,655 - opt_console_ui - INFO - Columns: skip action for 'fold_id': module 'PySide6.QtWidgets' has no attribute 'QAction'
2025-10-05 10:37:44,655 - opt_console_ui - INFO - Columns: skip action for 'bars_total': module 'PySide6.QtWidgets' has no attribute 'QAction'
2025-10-05 10:37:44,655 - opt_console_ui - INFO - Columns: skip action for 'bars_train': module 'PySide6.QtWidgets' has no attribute 'QAction'
2025-10-05 10:37:44,655 - opt_console_ui - INFO - Columns: skip action for 'bars_embargo': module 'PySide6.QtWidgets' has no attribute 'QAction'
2025-10-05 10:37:44,655 - opt_console_ui - INFO - Columns: skip action for 'bars_val': module 'PySide6.QtWidgets' has no attribute 'QAction'
2025-10-05 10:37:44,655 - opt_console_ui - INFO - Columns: skip action for 'val_start': module 'PySide6.QtWidgets' has no attribute 'QAction'
2025-10-05 10:37:44,655 - opt_console_ui - INFO - Columns: skip action for 'val_end': module 'PySide6.QtWidgets' has no attribute 'QAction'
2025-10-05 10:37:44,655 - opt_console_ui - INFO - Columns: skip action for 'param_momentum_lookback': module 'PySide6.QtWidgets' has no attribute 'QAction'
2025-10-05 10:37:44,656 - opt_console_ui - INFO - Columns: skip action for 'param_slope_lookback': module 'PySide6.QtWidgets' has no attribute 'QAction'
2025-10-05 10:37:44,656 - opt_console_ui - INFO - Columns: skip action for 'param_trailing_atr_mult': module 'PySide6.QtWidgets' has no attribute 'QAction'
2025-10-05 10:37:44,656 - opt_console_ui - INFO - Columns: skip action for 'trial_uid': module 'PySide6.QtWidgets' has no attribute 'QAction'
2025-10-05 10:37:44,656 - opt_console_ui - INFO - Columns: skip action for 'param_rsi_len': module 'PySide6.QtWidgets' has no attribute 'QAction'
2025-10-05 10:37:44,656 - opt_console_ui - INFO - Columns: skip action for 'param_rsi_oversold': module 'PySide6.QtWidgets' has no attribute 'QAction'
2025-10-05 10:37:44,656 - opt_console_ui - INFO - Columns: skip action for 'param_base_fast_len': module 'PySide6.QtWidgets' has no attribute 'QAction'
2025-10-05 10:37:44,656 - opt_console_ui - INFO - Columns: skip action for 'param_base_slow_len': module 'PySide6.QtWidgets' has no attribute 'QAction'
2025-10-05 10:37:44,656 - opt_console_ui - INFO - Columns: skip action for 'param_volatility_atr_short': module 'PySide6.QtWidgets' has no attribute 'QAction'
2025-10-05 10:37:44,656 - opt_console_ui - INFO - Columns: skip action for 'param_volatility_atr_long': module 'PySide6.QtWidgets' has no attribute 'QAction'
2025-10-05 10:37:44,656 - opt_console_ui - INFO - Columns: skip action for 'param_max_holding_period': module 'PySide6.QtWidgets' has no attribute 'QAction'
2025-10-05 10:37:44,656 - opt_console_ui - INFO - Columns: skip action for 'param_adx_period': module 'PySide6.QtWidgets' has no attribute 'QAction'
2025-10-05 10:37:44,656 - opt_console_ui - INFO - Columns: skip action for 'param_adx_threshold': module 'PySide6.QtWidgets' has no attribute 'QAction'
2025-10-05 10:37:44,656 - opt_console_ui - INFO - Columns: skip action for 'param_chandelier_atr_period': module 'PySide6.QtWidgets' has no attribute 'QAction'
2025-10-05 10:37:44,657 - opt_console_ui - INFO - Columns: skip action for 'param_chandelier_atr_multiplier': module 'PySide6.QtWidgets' has no attribute 'QAction'
2025-10-05 10:37:44,657 - opt_console_ui - INFO - Columns: skip action for 'param_ranging_trigger_window': module 'PySide6.QtWidgets' has no attribute 'QAction'
2025-10-05 10:37:44,657 - opt_console_ui - INFO - Columns: skip action for 'param_stoch_k': module 'PySide6.QtWidgets' has no attribute 'QAction'
2025-10-05 10:37:44,657 - opt_console_ui - INFO - Columns: skip action for 'param_stoch_d': module 'PySide6.QtWidgets' has no attribute 'QAction'
2025-10-05 10:37:44,657 - opt_console_ui - INFO - Columns: skip action for 'param_stoch_smooth': module 'PySide6.QtWidgets' has no attribute 'QAction'
2025-10-05 10:37:44,657 - opt_console_ui - INFO - Columns: skip action for 'param_catastrophic_stop_atr_mult': module 'PySide6.QtWidgets' has no attribute 'QAction'
2025-10-05 10:37:44,657 - opt_console_ui - INFO - Columns: skip action for 'param_slope_len': module 'PySide6.QtWidgets' has no attribute 'QAction'
2025-10-05 10:37:44,657 - opt_console_ui - INFO - Columns: skip action for 'param_adx_floor': module 'PySide6.QtWidgets' has no attribute 'QAction'
2025-10-05 10:37:44,657 - opt_console_ui - INFO - Columns: skip action for 'param_cooldown_bars': module 'PySide6.QtWidgets' has no attribute 'QAction'
2025-10-05 10:37:44,658 - opt_console_ui - INFO - Columns: skip action for 'param_atr_pct_floor': module 'PySide6.QtWidgets' has no attribute 'QAction'
2025-10-05 10:37:44,658 - opt_console_ui - INFO - Columns: skip action for 'param_atr_pct_cap': module 'PySide6.QtWidgets' has no attribute 'QAction'
2025-10-05 10:37:44,658 - opt_console_ui - INFO - Columns: skip action for 'param_init_atr_mult': module 'PySide6.QtWidgets' has no attribute 'QAction'
2025-10-05 10:37:44,658 - opt_console_ui - INFO - Columns: skip action for 'param_dma_buffer_mult': module 'PySide6.QtWidgets' has no attribute 'QAction'
2025-10-05 10:37:44,658 - opt_console_ui - INFO - Columns: skip action for 'param_partial_pct': module 'PySide6.QtWidgets' has no attribute 'QAction'
2025-10-05 10:37:44,658 - opt_console_ui - INFO - Columns: skip action for 'param_be_buffer': module 'PySide6.QtWidgets' has no attribute 'QAction'
2025-10-05 10:37:44,658 - opt_console_ui - INFO - Columns: skip action for 'param_trail_dma_buffer': module 'PySide6.QtWidgets' has no attribute 'QAction'
2025-10-05 10:37:44,658 - opt_console_ui - INFO - Columns: skip action for 'param_dead_bars': module 'PySide6.QtWidgets' has no attribute 'QAction'
2025-10-05 10:37:44,658 - opt_console_ui - INFO - Columns: skip action for 'param_adx_dead_threshold': module 'PySide6.QtWidgets' has no attribute 'QAction'
2025-10-05 10:37:44,658 - opt_console_ui - INFO - Columns: skip action for 'param_max_equity_heat_pct': module 'PySide6.QtWidgets' has no attribute 'QAction'
2025-10-05 10:37:44,659 - opt_console_ui - INFO - Columns: skip action for 'param_max_consec_losses': module 'PySide6.QtWidgets' has no attribute 'QAction'
2025-10-05 10:37:44,659 - opt_console_ui - INFO - Columns: skip action for 'param_friday_cutoff_bars': module 'PySide6.QtWidgets' has no attribute 'QAction'
2025-10-05 10:37:44,659 - opt_console_ui - INFO - Columns: skip action for 'param_min_addon_distance_ATR': module 'PySide6.QtWidgets' has no attribute 'QAction'
2025-10-05 10:37:44,659 - opt_console_ui - INFO - Columns: skip action for 'param_ranging_confirm_bar': module 'PySide6.QtWidgets' has no attribute 'QAction'
2025-10-05 10:37:44,659 - opt_console_ui - INFO - Columns: skip action for 'gtp_proxy': module 'PySide6.QtWidgets' has no attribute 'QAction'
2025-10-05 10:37:44,659 - opt_console_ui - INFO - Columns: skip action for 'exp_per_trade': module 'PySide6.QtWidgets' has no attribute 'QAction'
2025-10-05 10:37:44,659 - opt_console_ui - INFO - Columns: skip action for 'loss_streak_cap': module 'PySide6.QtWidgets' has no attribute 'QAction'
2025-10-05 10:37:44,660 - opt_console_ui - INFO - Query/Sort/Limit applied: 11007 -> 172 rows in 76ms
2025-10-05 10:37:55,687 - opt_console_ui - INFO - Columns: skip action for 'total_return': module 'PySide6.QtWidgets' has no attribute 'QAction'
2025-10-05 10:37:55,687 - opt_console_ui - INFO - Columns: skip action for 'sharpe_ratio': module 'PySide6.QtWidgets' has no attribute 'QAction'
2025-10-05 10:37:55,687 - opt_console_ui - INFO - Columns: skip action for 'sortino_ratio': module 'PySide6.QtWidgets' has no attribute 'QAction'
2025-10-05 10:37:55,687 - opt_console_ui - INFO - Columns: skip action for 'calmar_ratio': module 'PySide6.QtWidgets' has no attribute 'QAction'
2025-10-05 10:37:55,687 - opt_console_ui - INFO - Columns: skip action for 'max_drawdown': module 'PySide6.QtWidgets' has no attribute 'QAction'
2025-10-05 10:37:55,687 - opt_console_ui - INFO - Columns: skip action for 'win_rate': module 'PySide6.QtWidgets' has no attribute 'QAction'
2025-10-05 10:37:55,687 - opt_console_ui - INFO - Columns: skip action for 'total_trades': module 'PySide6.QtWidgets' has no attribute 'QAction'
2025-10-05 10:37:55,688 - opt_console_ui - INFO - Columns: skip action for 'profit_factor': module 'PySide6.QtWidgets' has no attribute 'QAction'
2025-10-05 10:37:55,688 - opt_console_ui - INFO - Columns: skip action for 'expectancy': module 'PySide6.QtWidgets' has no attribute 'QAction'
2025-10-05 10:37:55,688 - opt_console_ui - INFO - Columns: skip action for 'start_capital': module 'PySide6.QtWidgets' has no attribute 'QAction'
2025-10-05 10:37:55,688 - opt_console_ui - INFO - Columns: skip action for 'end_capital': module 'PySide6.QtWidgets' has no attribute 'QAction'
2025-10-05 10:37:55,688 - opt_console_ui - INFO - Columns: skip action for 'avg_hold_hours': module 'PySide6.QtWidgets' has no attribute 'QAction'
2025-10-05 10:37:55,688 - opt_console_ui - INFO - Columns: skip action for 'ulcer_index': module 'PySide6.QtWidgets' has no attribute 'QAction'
2025-10-05 10:37:55,688 - opt_console_ui - INFO - Columns: skip action for 'omega_0': module 'PySide6.QtWidgets' has no attribute 'QAction'
2025-10-05 10:37:55,688 - opt_console_ui - INFO - Columns: skip action for 'omega_fees': module 'PySide6.QtWidgets' has no attribute 'QAction'
2025-10-05 10:37:55,688 - opt_console_ui - INFO - Columns: skip action for 'calmar_robust': module 'PySide6.QtWidgets' has no attribute 'QAction'
2025-10-05 10:37:55,688 - opt_console_ui - INFO - Columns: skip action for 'val_days': module 'PySide6.QtWidgets' has no attribute 'QAction'
2025-10-05 10:37:55,688 - opt_console_ui - INFO - Columns: skip action for 'cagr_adj': module 'PySide6.QtWidgets' has no attribute 'QAction'
2025-10-05 10:37:55,689 - opt_console_ui - INFO - Columns: skip action for 'maxdd_obs_frac': module 'PySide6.QtWidgets' has no attribute 'QAction'
2025-10-05 10:37:55,689 - opt_console_ui - INFO - Columns: skip action for 'dd_floor': module 'PySide6.QtWidgets' has no attribute 'QAction'
2025-10-05 10:37:55,689 - opt_console_ui - INFO - Columns: skip action for 'dd_adj': module 'PySide6.QtWidgets' has no attribute 'QAction'
2025-10-05 10:37:55,689 - opt_console_ui - INFO - Columns: skip action for 'chart': module 'PySide6.QtWidgets' has no attribute 'QAction'
2025-10-05 10:37:55,689 - opt_console_ui - INFO - Columns: skip action for 'trial_id': module 'PySide6.QtWidgets' has no attribute 'QAction'
2025-10-05 10:37:55,689 - opt_console_ui - INFO - Columns: skip action for 'method': module 'PySide6.QtWidgets' has no attribute 'QAction'
2025-10-05 10:37:55,689 - opt_console_ui - INFO - Columns: skip action for 'param_fast_min_len': module 'PySide6.QtWidgets' has no attribute 'QAction'
2025-10-05 10:37:55,689 - opt_console_ui - INFO - Columns: skip action for 'param_fast_max_len': module 'PySide6.QtWidgets' has no attribute 'QAction'
2025-10-05 10:37:55,689 - opt_console_ui - INFO - Columns: skip action for 'param_slow_min_len': module 'PySide6.QtWidgets' has no attribute 'QAction'
2025-10-05 10:37:55,689 - opt_console_ui - INFO - Columns: skip action for 'param_slow_max_len': module 'PySide6.QtWidgets' has no attribute 'QAction'
2025-10-05 10:37:55,689 - opt_console_ui - INFO - Columns: skip action for 'param_dma_atr_len': module 'PySide6.QtWidgets' has no attribute 'QAction'
2025-10-05 10:37:55,690 - opt_console_ui - INFO - Columns: skip action for 'param_atr_len': module 'PySide6.QtWidgets' has no attribute 'QAction'
2025-10-05 10:37:55,690 - opt_console_ui - INFO - Columns: skip action for 'param_upper_outer_mult': module 'PySide6.QtWidgets' has no attribute 'QAction'
2025-10-05 10:37:55,690 - opt_console_ui - INFO - Columns: skip action for 'param_lower_outer_mult': module 'PySide6.QtWidgets' has no attribute 'QAction'
2025-10-05 10:37:55,690 - opt_console_ui - INFO - Columns: skip action for 'param_upper_inner_mult': module 'PySide6.QtWidgets' has no attribute 'QAction'
2025-10-05 10:37:55,690 - opt_console_ui - INFO - Columns: skip action for 'param_lower_inner_mult': module 'PySide6.QtWidgets' has no attribute 'QAction'
2025-10-05 10:37:55,690 - opt_console_ui - INFO - Columns: skip action for 'param_momentum_len': module 'PySide6.QtWidgets' has no attribute 'QAction'
2025-10-05 10:37:55,690 - opt_console_ui - INFO - Columns: skip action for 'param_momentum_threshold': module 'PySide6.QtWidgets' has no attribute 'QAction'
2025-10-05 10:37:55,690 - opt_console_ui - INFO - Columns: skip action for '_source_file': module 'PySide6.QtWidgets' has no attribute 'QAction'
2025-10-05 10:37:55,690 - opt_console_ui - INFO - Columns: skip action for 'fold_id': module 'PySide6.QtWidgets' has no attribute 'QAction'
2025-10-05 10:37:55,690 - opt_console_ui - INFO - Columns: skip action for 'bars_total': module 'PySide6.QtWidgets' has no attribute 'QAction'
2025-10-05 10:37:55,690 - opt_console_ui - INFO - Columns: skip action for 'bars_train': module 'PySide6.QtWidgets' has no attribute 'QAction'
2025-10-05 10:37:55,690 - opt_console_ui - INFO - Columns: skip action for 'bars_embargo': module 'PySide6.QtWidgets' has no attribute 'QAction'
2025-10-05 10:37:55,691 - opt_console_ui - INFO - Columns: skip action for 'bars_val': module 'PySide6.QtWidgets' has no attribute 'QAction'
2025-10-05 10:37:55,691 - opt_console_ui - INFO - Columns: skip action for 'val_start': module 'PySide6.QtWidgets' has no attribute 'QAction'
2025-10-05 10:37:55,691 - opt_console_ui - INFO - Columns: skip action for 'val_end': module 'PySide6.QtWidgets' has no attribute 'QAction'
2025-10-05 10:37:55,691 - opt_console_ui - INFO - Columns: skip action for 'param_momentum_lookback': module 'PySide6.QtWidgets' has no attribute 'QAction'
2025-10-05 10:37:55,691 - opt_console_ui - INFO - Columns: skip action for 'param_slope_lookback': module 'PySide6.QtWidgets' has no attribute 'QAction'
2025-10-05 10:37:55,691 - opt_console_ui - INFO - Columns: skip action for 'param_trailing_atr_mult': module 'PySide6.QtWidgets' has no attribute 'QAction'
2025-10-05 10:37:55,691 - opt_console_ui - INFO - Columns: skip action for 'trial_uid': module 'PySide6.QtWidgets' has no attribute 'QAction'
2025-10-05 10:37:55,691 - opt_console_ui - INFO - Columns: skip action for 'param_rsi_len': module 'PySide6.QtWidgets' has no attribute 'QAction'
2025-10-05 10:37:55,691 - opt_console_ui - INFO - Columns: skip action for 'param_rsi_oversold': module 'PySide6.QtWidgets' has no attribute 'QAction'
2025-10-05 10:37:55,691 - opt_console_ui - INFO - Columns: skip action for 'param_base_fast_len': module 'PySide6.QtWidgets' has no attribute 'QAction'
2025-10-05 10:37:55,691 - opt_console_ui - INFO - Columns: skip action for 'param_base_slow_len': module 'PySide6.QtWidgets' has no attribute 'QAction'
2025-10-05 10:37:55,691 - opt_console_ui - INFO - Columns: skip action for 'param_volatility_atr_short': module 'PySide6.QtWidgets' has no attribute 'QAction'
2025-10-05 10:37:55,692 - opt_console_ui - INFO - Columns: skip action for 'param_volatility_atr_long': module 'PySide6.QtWidgets' has no attribute 'QAction'
2025-10-05 10:37:55,692 - opt_console_ui - INFO - Columns: skip action for 'param_max_holding_period': module 'PySide6.QtWidgets' has no attribute 'QAction'
2025-10-05 10:37:55,692 - opt_console_ui - INFO - Columns: skip action for 'param_adx_period': module 'PySide6.QtWidgets' has no attribute 'QAction'
2025-10-05 10:37:55,692 - opt_console_ui - INFO - Columns: skip action for 'param_adx_threshold': module 'PySide6.QtWidgets' has no attribute 'QAction'
2025-10-05 10:37:55,692 - opt_console_ui - INFO - Columns: skip action for 'param_chandelier_atr_period': module 'PySide6.QtWidgets' has no attribute 'QAction'
2025-10-05 10:37:55,692 - opt_console_ui - INFO - Columns: skip action for 'param_chandelier_atr_multiplier': module 'PySide6.QtWidgets' has no attribute 'QAction'
2025-10-05 10:37:55,692 - opt_console_ui - INFO - Columns: skip action for 'param_ranging_trigger_window': module 'PySide6.QtWidgets' has no attribute 'QAction'
2025-10-05 10:37:55,692 - opt_console_ui - INFO - Columns: skip action for 'param_stoch_k': module 'PySide6.QtWidgets' has no attribute 'QAction'
2025-10-05 10:37:55,692 - opt_console_ui - INFO - Columns: skip action for 'param_stoch_d': module 'PySide6.QtWidgets' has no attribute 'QAction'
2025-10-05 10:37:55,692 - opt_console_ui - INFO - Columns: skip action for 'param_stoch_smooth': module 'PySide6.QtWidgets' has no attribute 'QAction'
2025-10-05 10:37:55,693 - opt_console_ui - INFO - Columns: skip action for 'param_catastrophic_stop_atr_mult': module 'PySide6.QtWidgets' has no attribute 'QAction'
2025-10-05 10:37:55,693 - opt_console_ui - INFO - Columns: skip action for 'param_slope_len': module 'PySide6.QtWidgets' has no attribute 'QAction'
2025-10-05 10:37:55,693 - opt_console_ui - INFO - Columns: skip action for 'param_adx_floor': module 'PySide6.QtWidgets' has no attribute 'QAction'
2025-10-05 10:37:55,693 - opt_console_ui - INFO - Columns: skip action for 'param_cooldown_bars': module 'PySide6.QtWidgets' has no attribute 'QAction'
2025-10-05 10:37:55,693 - opt_console_ui - INFO - Columns: skip action for 'param_atr_pct_floor': module 'PySide6.QtWidgets' has no attribute 'QAction'
2025-10-05 10:37:55,693 - opt_console_ui - INFO - Columns: skip action for 'param_atr_pct_cap': module 'PySide6.QtWidgets' has no attribute 'QAction'
2025-10-05 10:37:55,693 - opt_console_ui - INFO - Columns: skip action for 'param_init_atr_mult': module 'PySide6.QtWidgets' has no attribute 'QAction'
2025-10-05 10:37:55,693 - opt_console_ui - INFO - Columns: skip action for 'param_dma_buffer_mult': module 'PySide6.QtWidgets' has no attribute 'QAction'
2025-10-05 10:37:55,693 - opt_console_ui - INFO - Columns: skip action for 'param_partial_pct': module 'PySide6.QtWidgets' has no attribute 'QAction'
2025-10-05 10:37:55,694 - opt_console_ui - INFO - Columns: skip action for 'param_be_buffer': module 'PySide6.QtWidgets' has no attribute 'QAction'
2025-10-05 10:37:55,694 - opt_console_ui - INFO - Columns: skip action for 'param_trail_dma_buffer': module 'PySide6.QtWidgets' has no attribute 'QAction'
2025-10-05 10:37:55,694 - opt_console_ui - INFO - Columns: skip action for 'param_dead_bars': module 'PySide6.QtWidgets' has no attribute 'QAction'
2025-10-05 10:37:55,694 - opt_console_ui - INFO - Columns: skip action for 'param_adx_dead_threshold': module 'PySide6.QtWidgets' has no attribute 'QAction'
2025-10-05 10:37:55,694 - opt_console_ui - INFO - Columns: skip action for 'param_max_equity_heat_pct': module 'PySide6.QtWidgets' has no attribute 'QAction'
2025-10-05 10:37:55,694 - opt_console_ui - INFO - Columns: skip action for 'param_max_consec_losses': module 'PySide6.QtWidgets' has no attribute 'QAction'
2025-10-05 10:37:55,694 - opt_console_ui - INFO - Columns: skip action for 'param_friday_cutoff_bars': module 'PySide6.QtWidgets' has no attribute 'QAction'
2025-10-05 10:37:55,694 - opt_console_ui - INFO - Columns: skip action for 'param_min_addon_distance_ATR': module 'PySide6.QtWidgets' has no attribute 'QAction'
2025-10-05 10:37:55,694 - opt_console_ui - INFO - Columns: skip action for 'param_ranging_confirm_bar': module 'PySide6.QtWidgets' has no attribute 'QAction'
2025-10-05 10:37:55,694 - opt_console_ui - INFO - Columns: skip action for 'gtp_proxy': module 'PySide6.QtWidgets' has no attribute 'QAction'
2025-10-05 10:37:55,694 - opt_console_ui - INFO - Columns: skip action for 'exp_per_trade': module 'PySide6.QtWidgets' has no attribute 'QAction'
2025-10-05 10:37:55,695 - opt_console_ui - INFO - Columns: skip action for 'loss_streak_cap': module 'PySide6.QtWidgets' has no attribute 'QAction'
2025-10-05 10:37:55,695 - opt_console_ui - INFO - Columns: skip action for 'total_return': module 'PySide6.QtWidgets' has no attribute 'QAction'
2025-10-05 10:37:55,695 - opt_console_ui - INFO - Columns: skip action for 'sharpe_ratio': module 'PySide6.QtWidgets' has no attribute 'QAction'
2025-10-05 10:37:55,695 - opt_console_ui - INFO - Columns: skip action for 'sortino_ratio': module 'PySide6.QtWidgets' has no attribute 'QAction'
2025-10-05 10:37:55,695 - opt_console_ui - INFO - Columns: skip action for 'calmar_ratio': module 'PySide6.QtWidgets' has no attribute 'QAction'
2025-10-05 10:37:55,696 - opt_console_ui - INFO - Columns: skip action for 'max_drawdown': module 'PySide6.QtWidgets' has no attribute 'QAction'
2025-10-05 10:37:55,696 - opt_console_ui - INFO - Columns: skip action for 'win_rate': module 'PySide6.QtWidgets' has no attribute 'QAction'
2025-10-05 10:37:55,696 - opt_console_ui - INFO - Columns: skip action for 'total_trades': module 'PySide6.QtWidgets' has no attribute 'QAction'
2025-10-05 10:37:55,696 - opt_console_ui - INFO - Columns: skip action for 'profit_factor': module 'PySide6.QtWidgets' has no attribute 'QAction'
2025-10-05 10:37:55,696 - opt_console_ui - INFO - Columns: skip action for 'expectancy': module 'PySide6.QtWidgets' has no attribute 'QAction'
2025-10-05 10:37:55,696 - opt_console_ui - INFO - Columns: skip action for 'start_capital': module 'PySide6.QtWidgets' has no attribute 'QAction'
2025-10-05 10:37:55,696 - opt_console_ui - INFO - Columns: skip action for 'end_capital': module 'PySide6.QtWidgets' has no attribute 'QAction'
2025-10-05 10:37:55,697 - opt_console_ui - INFO - Columns: skip action for 'avg_hold_hours': module 'PySide6.QtWidgets' has no attribute 'QAction'
2025-10-05 10:37:55,697 - opt_console_ui - INFO - Columns: skip action for 'ulcer_index': module 'PySide6.QtWidgets' has no attribute 'QAction'
2025-10-05 10:37:55,697 - opt_console_ui - INFO - Columns: skip action for 'omega_0': module 'PySide6.QtWidgets' has no attribute 'QAction'
2025-10-05 10:37:55,697 - opt_console_ui - INFO - Columns: skip action for 'omega_fees': module 'PySide6.QtWidgets' has no attribute 'QAction'
2025-10-05 10:37:55,697 - opt_console_ui - INFO - Columns: skip action for 'calmar_robust': module 'PySide6.QtWidgets' has no attribute 'QAction'
2025-10-05 10:37:55,697 - opt_console_ui - INFO - Columns: skip action for 'val_days': module 'PySide6.QtWidgets' has no attribute 'QAction'
2025-10-05 10:37:55,698 - opt_console_ui - INFO - Columns: skip action for 'cagr_adj': module 'PySide6.QtWidgets' has no attribute 'QAction'
2025-10-05 10:37:55,698 - opt_console_ui - INFO - Columns: skip action for 'maxdd_obs_frac': module 'PySide6.QtWidgets' has no attribute 'QAction'
2025-10-05 10:37:55,698 - opt_console_ui - INFO - Columns: skip action for 'dd_floor': module 'PySide6.QtWidgets' has no attribute 'QAction'
2025-10-05 10:37:55,698 - opt_console_ui - INFO - Columns: skip action for 'dd_adj': module 'PySide6.QtWidgets' has no attribute 'QAction'
2025-10-05 10:37:55,698 - opt_console_ui - INFO - Columns: skip action for 'chart': module 'PySide6.QtWidgets' has no attribute 'QAction'
2025-10-05 10:37:55,698 - opt_console_ui - INFO - Columns: skip action for 'trial_id': module 'PySide6.QtWidgets' has no attribute 'QAction'
2025-10-05 10:37:55,699 - opt_console_ui - INFO - Columns: skip action for 'method': module 'PySide6.QtWidgets' has no attribute 'QAction'
2025-10-05 10:37:55,699 - opt_console_ui - INFO - Columns: skip action for 'param_fast_min_len': module 'PySide6.QtWidgets' has no attribute 'QAction'
2025-10-05 10:37:55,699 - opt_console_ui - INFO - Columns: skip action for 'param_fast_max_len': module 'PySide6.QtWidgets' has no attribute 'QAction'
2025-10-05 10:37:55,699 - opt_console_ui - INFO - Columns: skip action for 'param_slow_min_len': module 'PySide6.QtWidgets' has no attribute 'QAction'
2025-10-05 10:37:55,699 - opt_console_ui - INFO - Columns: skip action for 'param_slow_max_len': module 'PySide6.QtWidgets' has no attribute 'QAction'
2025-10-05 10:37:55,699 - opt_console_ui - INFO - Columns: skip action for 'param_dma_atr_len': module 'PySide6.QtWidgets' has no attribute 'QAction'
2025-10-05 10:37:55,699 - opt_console_ui - INFO - Columns: skip action for 'param_atr_len': module 'PySide6.QtWidgets' has no attribute 'QAction'
2025-10-05 10:37:55,699 - opt_console_ui - INFO - Columns: skip action for 'param_upper_outer_mult': module 'PySide6.QtWidgets' has no attribute 'QAction'
2025-10-05 10:37:55,699 - opt_console_ui - INFO - Columns: skip action for 'param_lower_outer_mult': module 'PySide6.QtWidgets' has no attribute 'QAction'
2025-10-05 10:37:55,700 - opt_console_ui - INFO - Columns: skip action for 'param_upper_inner_mult': module 'PySide6.QtWidgets' has no attribute 'QAction'
2025-10-05 10:37:55,700 - opt_console_ui - INFO - Columns: skip action for 'param_lower_inner_mult': module 'PySide6.QtWidgets' has no attribute 'QAction'
2025-10-05 10:37:55,700 - opt_console_ui - INFO - Columns: skip action for 'param_momentum_len': module 'PySide6.QtWidgets' has no attribute 'QAction'
2025-10-05 10:37:55,701 - opt_console_ui - INFO - Columns: skip action for 'param_momentum_threshold': module 'PySide6.QtWidgets' has no attribute 'QAction'
2025-10-05 10:37:55,701 - opt_console_ui - INFO - Columns: skip action for '_source_file': module 'PySide6.QtWidgets' has no attribute 'QAction'
2025-10-05 10:37:55,701 - opt_console_ui - INFO - Columns: skip action for 'fold_id': module 'PySide6.QtWidgets' has no attribute 'QAction'
2025-10-05 10:37:55,701 - opt_console_ui - INFO - Columns: skip action for 'bars_total': module 'PySide6.QtWidgets' has no attribute 'QAction'
2025-10-05 10:37:55,701 - opt_console_ui - INFO - Columns: skip action for 'bars_train': module 'PySide6.QtWidgets' has no attribute 'QAction'
2025-10-05 10:37:55,701 - opt_console_ui - INFO - Columns: skip action for 'bars_embargo': module 'PySide6.QtWidgets' has no attribute 'QAction'
2025-10-05 10:37:55,701 - opt_console_ui - INFO - Columns: skip action for 'bars_val': module 'PySide6.QtWidgets' has no attribute 'QAction'
2025-10-05 10:37:55,701 - opt_console_ui - INFO - Columns: skip action for 'val_start': module 'PySide6.QtWidgets' has no attribute 'QAction'
2025-10-05 10:37:55,701 - opt_console_ui - INFO - Columns: skip action for 'val_end': module 'PySide6.QtWidgets' has no attribute 'QAction'
2025-10-05 10:37:55,701 - opt_console_ui - INFO - Columns: skip action for 'param_momentum_lookback': module 'PySide6.QtWidgets' has no attribute 'QAction'
2025-10-05 10:37:55,702 - opt_console_ui - INFO - Columns: skip action for 'param_slope_lookback': module 'PySide6.QtWidgets' has no attribute 'QAction'
2025-10-05 10:37:55,702 - opt_console_ui - INFO - Columns: skip action for 'param_trailing_atr_mult': module 'PySide6.QtWidgets' has no attribute 'QAction'
2025-10-05 10:37:55,702 - opt_console_ui - INFO - Columns: skip action for 'trial_uid': module 'PySide6.QtWidgets' has no attribute 'QAction'
2025-10-05 10:37:55,702 - opt_console_ui - INFO - Columns: skip action for 'param_rsi_len': module 'PySide6.QtWidgets' has no attribute 'QAction'
2025-10-05 10:37:55,702 - opt_console_ui - INFO - Columns: skip action for 'param_rsi_oversold': module 'PySide6.QtWidgets' has no attribute 'QAction'
2025-10-05 10:37:55,702 - opt_console_ui - INFO - Columns: skip action for 'param_base_fast_len': module 'PySide6.QtWidgets' has no attribute 'QAction'
2025-10-05 10:37:55,702 - opt_console_ui - INFO - Columns: skip action for 'param_base_slow_len': module 'PySide6.QtWidgets' has no attribute 'QAction'
2025-10-05 10:37:55,702 - opt_console_ui - INFO - Columns: skip action for 'param_volatility_atr_short': module 'PySide6.QtWidgets' has no attribute 'QAction'
2025-10-05 10:37:55,702 - opt_console_ui - INFO - Columns: skip action for 'param_volatility_atr_long': module 'PySide6.QtWidgets' has no attribute 'QAction'
2025-10-05 10:37:55,702 - opt_console_ui - INFO - Columns: skip action for 'param_max_holding_period': module 'PySide6.QtWidgets' has no attribute 'QAction'
2025-10-05 10:37:55,702 - opt_console_ui - INFO - Columns: skip action for 'param_adx_period': module 'PySide6.QtWidgets' has no attribute 'QAction'
2025-10-05 10:37:55,702 - opt_console_ui - INFO - Columns: skip action for 'param_adx_threshold': module 'PySide6.QtWidgets' has no attribute 'QAction'
2025-10-05 10:37:55,703 - opt_console_ui - INFO - Columns: skip action for 'param_chandelier_atr_period': module 'PySide6.QtWidgets' has no attribute 'QAction'
2025-10-05 10:37:55,703 - opt_console_ui - INFO - Columns: skip action for 'param_chandelier_atr_multiplier': module 'PySide6.QtWidgets' has no attribute 'QAction'
2025-10-05 10:37:55,703 - opt_console_ui - INFO - Columns: skip action for 'param_ranging_trigger_window': module 'PySide6.QtWidgets' has no attribute 'QAction'
2025-10-05 10:37:55,703 - opt_console_ui - INFO - Columns: skip action for 'param_stoch_k': module 'PySide6.QtWidgets' has no attribute 'QAction'
2025-10-05 10:37:55,703 - opt_console_ui - INFO - Columns: skip action for 'param_stoch_d': module 'PySide6.QtWidgets' has no attribute 'QAction'
2025-10-05 10:37:55,703 - opt_console_ui - INFO - Columns: skip action for 'param_stoch_smooth': module 'PySide6.QtWidgets' has no attribute 'QAction'
2025-10-05 10:37:55,703 - opt_console_ui - INFO - Columns: skip action for 'param_catastrophic_stop_atr_mult': module 'PySide6.QtWidgets' has no attribute 'QAction'
2025-10-05 10:37:55,703 - opt_console_ui - INFO - Columns: skip action for 'param_slope_len': module 'PySide6.QtWidgets' has no attribute 'QAction'
2025-10-05 10:37:55,703 - opt_console_ui - INFO - Columns: skip action for 'param_adx_floor': module 'PySide6.QtWidgets' has no attribute 'QAction'
2025-10-05 10:37:55,703 - opt_console_ui - INFO - Columns: skip action for 'param_cooldown_bars': module 'PySide6.QtWidgets' has no attribute 'QAction'
2025-10-05 10:37:55,703 - opt_console_ui - INFO - Columns: skip action for 'param_atr_pct_floor': module 'PySide6.QtWidgets' has no attribute 'QAction'
2025-10-05 10:37:55,703 - opt_console_ui - INFO - Columns: skip action for 'param_atr_pct_cap': module 'PySide6.QtWidgets' has no attribute 'QAction'
2025-10-05 10:37:55,704 - opt_console_ui - INFO - Columns: skip action for 'param_init_atr_mult': module 'PySide6.QtWidgets' has no attribute 'QAction'
2025-10-05 10:37:55,704 - opt_console_ui - INFO - Columns: skip action for 'param_dma_buffer_mult': module 'PySide6.QtWidgets' has no attribute 'QAction'
2025-10-05 10:37:55,704 - opt_console_ui - INFO - Columns: skip action for 'param_partial_pct': module 'PySide6.QtWidgets' has no attribute 'QAction'
2025-10-05 10:37:55,704 - opt_console_ui - INFO - Columns: skip action for 'param_be_buffer': module 'PySide6.QtWidgets' has no attribute 'QAction'
2025-10-05 10:37:55,704 - opt_console_ui - INFO - Columns: skip action for 'param_trail_dma_buffer': module 'PySide6.QtWidgets' has no attribute 'QAction'
2025-10-05 10:37:55,704 - opt_console_ui - INFO - Columns: skip action for 'param_dead_bars': module 'PySide6.QtWidgets' has no attribute 'QAction'
2025-10-05 10:37:55,704 - opt_console_ui - INFO - Columns: skip action for 'param_adx_dead_threshold': module 'PySide6.QtWidgets' has no attribute 'QAction'
2025-10-05 10:37:55,704 - opt_console_ui - INFO - Columns: skip action for 'param_max_equity_heat_pct': module 'PySide6.QtWidgets' has no attribute 'QAction'
2025-10-05 10:37:55,704 - opt_console_ui - INFO - Columns: skip action for 'param_max_consec_losses': module 'PySide6.QtWidgets' has no attribute 'QAction'
2025-10-05 10:37:55,704 - opt_console_ui - INFO - Columns: skip action for 'param_friday_cutoff_bars': module 'PySide6.QtWidgets' has no attribute 'QAction'
2025-10-05 10:37:55,704 - opt_console_ui - INFO - Columns: skip action for 'param_min_addon_distance_ATR': module 'PySide6.QtWidgets' has no attribute 'QAction'
2025-10-05 10:37:55,704 - opt_console_ui - INFO - Columns: skip action for 'param_ranging_confirm_bar': module 'PySide6.QtWidgets' has no attribute 'QAction'
2025-10-05 10:37:55,705 - opt_console_ui - INFO - Columns: skip action for 'gtp_proxy': module 'PySide6.QtWidgets' has no attribute 'QAction'
2025-10-05 10:37:55,705 - opt_console_ui - INFO - Columns: skip action for 'exp_per_trade': module 'PySide6.QtWidgets' has no attribute 'QAction'
2025-10-05 10:37:55,705 - opt_console_ui - INFO - Columns: skip action for 'loss_streak_cap': module 'PySide6.QtWidgets' has no attribute 'QAction'
2025-10-05 10:37:55,705 - opt_console_ui - INFO - Query/Sort/Limit applied: 172 -> 172 rows in 18ms
