fold_id,bars_total,bars_train,bars_embargo,bars_val,val_start,val_end,total_return,sharpe_ratio,sortino_ratio,calmar_ratio,max_drawdown,win_rate,total_trades,profit_factor,expectancy,avg_hold_hours,ulcer_index,omega_0,omega_fees,calmar_robust,val_days,cagr_adj,maxdd_obs_frac,dd_floor,dd_adj,chart,trial_id,trial_uid,method,param_fast_min_len,param_fast_max_len,param_slow_min_len,param_slow_max_len,param_dma_atr_len,param_atr_len,param_upper_outer_mult,param_lower_outer_mult,param_upper_inner_mult,param_lower_inner_mult,param_momentum_len,param_momentum_threshold
6,2108,885,360,249,2023-06-09 19:00:00,2023-06-30 11:00:00,15.99068376060452,4.786330578181565,7.404147817254209,177.7285596097443,7.08394725411652,100.0,3,inf,25.392963242590596,,0.02678120422670012,1.2279391944880655,1.0441313564872232,2.54823180494389,20,0.18051539697484653,0.0708394725411652,0.04017180634005018,0.0708394725411652,chart_cl_1.csv,124,20250831_165524:124,sobol,13,25,35,120,17,20,2.2,2.2,1.4000000000000001,1.2000000000000002,45,0.6
6,2108,893,357,250,2023-06-10 05:00:00,2023-06-30 23:00:00,12.848742767878822,4.393760274219598,6.51304530226075,122.02688554492488,5.992703842658428,100.0,4,inf,24.304948759188353,,0.023650187675333167,1.2114152298005736,1.0049869422222848,2.412903219996798,20,0.14459814398437706,0.059927038426584284,0.03547528151299975,0.059927038426584284,chart_cl_1.csv,78,20250831_165524:78,sobol,10,24,50,119,10,20,2.2,2.3,1.2000000000000002,0.9,34,0.85
6,2108,860,375,247,2023-06-08 23:00:00,2023-06-29 11:00:00,12.365217052363391,4.305539898152273,6.5255773289834025,124.92099621271747,5.526664028114077,100.0,3,inf,24.648754168059273,,0.022877529803067415,1.2024483691312515,1.0006173268925618,2.516711222666441,20,0.13909017383461617,0.05526664028114077,0.034316294704601125,0.05526664028114077,chart_cl_1.csv,152,20250831_165524:152,sobol,9,23,39,125,19,19,1.9000000000000001,1.9000000000000001,0.9,0.8,44,0.65
6,2108,860,375,247,2023-06-08 23:00:00,2023-06-29 11:00:00,12.067060034944177,4.267738540471855,6.4186948910531445,118.78256943529075,5.506025492111729,100.0,3,inf,25.894685612913673,,0.022701268666721692,1.2015149778548861,0.9963170463115832,2.4645068874146805,20,0.13569637747590163,0.055060254921117296,0.03405190300008254,0.055060254921117296,chart_cl_1.csv,59,20250831_165524:59,sobol,6,28,46,125,28,22,2.6,2.4000000000000004,1.5,1.6,48,0.85
6,2108,796,414,242,2023-06-06 21:00:00,2023-06-26 23:00:00,11.80003948698004,5.4122160007007265,8.385541212754278,154.61617620117698,4.222962373808767,100.0,2,inf,12.185881424523068,,0.015915595159892413,1.2812233004668137,0.9888886683253265,3.141365221333442,20,0.13265867132082576,0.04222962373808767,0.02387339273983862,0.04222962373808767,chart_cl_1.csv,17,20250831_165524:17,sobol,6,17,34,138,11,25,2.0,2.9000000000000004,1.4000000000000001,1.2000000000000002,45,0.8
6,2108,893,357,250,2023-06-10 05:00:00,2023-06-30 23:00:00,10.328085825736439,3.709992157555179,5.504989053701951,79.60152392987332,5.773475112755996,100.0,4,inf,19.658404404656668,,0.024922422619763924,1.1709573834409805,0.9710659376874436,2.0081791639580424,20,0.11594172425066901,0.05773475112755996,0.03738363392964589,0.05773475112755996,chart_cl_1.csv,185,20250831_165524:185,sobol,8,18,36,119,15,13,3.0,2.5,1.3,1.6,30,0.7
6,2108,990,300,258,2023-06-13 13:00:00,2023-07-04 23:00:00,9.760220674493826,3.8565601535843577,6.067302695517831,60.88907265917987,6.33917024355513,100.0,5,inf,18.72117554522582,,0.0323321068891692,1.1998980114490299,0.9466826460264985,1.7368285683649252,21,0.1101005197873539,0.0633917024355513,0.0484981603337538,0.0633917024355513,chart_cl_1.csv,171,20250831_165524:171,sobol,8,28,55,95,10,17,2.4000000000000004,2.8,1.5,1.3,14,0.6
7,5623,3984,450,739,2025-03-09 22:00:00,2025-06-04 12:00:00,9.449651064485092,13.450929495461391,20.13728839703613,1836.7545724068762,3.8839167315488816,95.65217391304348,24,311.5050509490159,3.659823996866034,,0.014355952635159977,1.301535274211906,0.4986572332585978,3.7053112456445074,86,0.1439112034255493,0.038839167315488816,0.021533928952739964,0.038839167315488816,chart_cl_4.csv,768,20250831_165524:768,sobol,10,17,43,109,23,30,2.0,2.7,1.4000000000000001,1.2000000000000002,34,0.75
7,5623,3984,450,739,2025-03-09 22:00:00,2025-06-04 12:00:00,8.86368379631647,12.042197659900141,18.080739052179084,1351.361511477978,4.076046083126455,95.23809523809523,22,144.46390962431843,3.7796070846031977,,0.015328974811758909,1.255042536180784,0.5174847614943878,3.3056349845714843,86,0.13473920531108377,0.04076046083126455,0.022993462217638365,0.04076046083126455,chart_cl_4.csv,810,20250831_165524:810,sobol,12,22,42,71,30,26,2.3,2.1,1.3,1.2000000000000002,36,0.7
6,2775,1379,351,346,2025-03-25 22:00:00,2025-05-06 16:00:00,8.828097757950298,18.138208507724524,27.61723396698794,97145.60029991377,5.411538763768397,100.0,7,inf,8.314761725330078,,0.023146521712877746,1.3750766112745636,0.7403353189940058,2.0357354988004315,41,0.11016461564537929,0.05411538763768397,0.03471978256931662,0.05411538763768397,chart_cl_3.csv,671,20250831_165524:671,sobol,10,21,47,117,29,13,2.0,2.1,1.5,1.3,23,0.8
6,2775,1418,327,349,2025-03-27 04:00:00,2025-05-08 04:00:00,8.734481604984262,17.90649937490151,27.27607857364621,95748.94427333403,4.678283004766839,90.9090909090909,12,152.3751254161082,5.329459399433329,,0.021992571714832508,1.3640816487383955,0.7350989725932597,2.340717743904689,42,0.10950540040265486,0.04678283004766839,0.03298885757224876,0.04678283004766839,chart_cl_3.csv,501,20250831_165524:501,sobol,10,17,43,109,23,30,2.0,2.7,1.4000000000000001,1.2000000000000002,34,0.75
6,2108,990,300,258,2023-06-13 13:00:00,2023-07-04 23:00:00,8.624655559008419,2.970796200287354,4.664519748930939,37.79791137912063,8.130899052534652,85.71428571428571,8,81.53107587397128,11.037919569783428,,0.039718129719353804,1.1614475154694692,0.9401313561535531,1.1951504307460608,21,0.09717647504989527,0.08130899052534651,0.059577194579030705,0.08130899052534651,chart_cl_1.csv,209,20250831_165524:209,sobol,6,24,30,76,28,13,2.0,1.8,0.9,1.6,35,0.6
7,5623,3984,450,739,2025-03-09 22:00:00,2025-06-04 12:00:00,8.43668664056587,9.785206929539157,14.176699387404046,834.342354649956,5.459090026621811,80.95238095238095,22,13.783948465370479,3.631147554486823,,0.021583873171813518,1.2113829332392685,0.5521920391505637,2.346108805286518,86,0.12807619180309243,0.054590900266218115,0.03237580975772028,0.054590900266218115,chart_cl_4.csv,924,20250831_165524:924,sobol,12,19,34,98,18,30,2.4000000000000004,2.3,1.1,1.5,49,0.85
6,2108,832,393,245,2023-06-08 03:00:00,2023-06-28 11:00:00,8.329592303546116,6.313660894879604,9.757915699163684,121.25101532851113,2.62279281557232,100.0,2,inf,10.28637040996119,,0.009419484574911662,1.338325645353122,0.8680318550118898,3.5581132200514287,20,0.0933219379054378,0.0262279281557232,0.02,0.0262279281557232,chart_cl_1.csv,114,20250831_165524:114,sobol,8,28,45,131,27,10,1.9000000000000001,2.6,1.1,1.0,15,0.85
6,2775,1465,300,353,2025-03-28 20:00:00,2025-05-12 04:00:00,8.281336097633872,16.86669781601411,25.735407525522582,62070.67391779178,4.33373615420216,92.3076923076923,14,143.66276894469752,6.071424291744406,,0.020959947924945613,1.3246030313402102,0.7278588841182395,2.4166916527020996,44,0.1047330398887366,0.043337361542021606,0.03143992188741842,0.043337361542021606,chart_cl_3.csv,426,20250831_165524:426,sobol,9,26,54,74,16,27,2.7,2.5,1.5,0.9,31,0.8
6,2775,1368,357,345,2025-03-25 12:00:00,2025-05-06 04:00:00,8.251269589461698,17.880376170628807,27.49897588207437,62313.40553327906,5.040518893808259,100.0,7,inf,8.721861418845217,,0.022245333773444804,1.380069306811152,0.7132214765748116,2.0406241155260965,41,0.10285804409470056,0.05040518893808259,0.03336800066016721,0.05040518893808259,chart_cl_3.csv,506,20250831_165524:506,sobol,10,24,50,119,10,20,2.2,2.3,1.2000000000000002,0.9,34,0.85
7,5623,3984,450,739,2025-03-09 22:00:00,2025-06-04 12:00:00,8.225276017094036,9.746614787243294,14.009469953317161,732.8392774615884,5.653847629590192,93.75,17,44.58558324256017,4.586091027494657,,0.022252549168463864,1.1999187829159186,0.5560322132311055,2.2070583217338067,86,0.12478371460701991,0.056538476295901925,0.033378823752695796,0.056538476295901925,chart_cl_4.csv,774,20250831_165524:774,sobol,10,24,50,119,10,20,2.2,2.3,1.2000000000000002,0.9,34,0.85
6,2775,1393,342,347,2025-03-26 08:00:00,2025-05-07 04:00:00,8.218594675417512,16.41790564929958,24.539355103485303,51407.41966681943,5.65749012611624,88.88888888888889,10,133.74134048275914,5.711958150052205,,0.024460512561797487,1.326385230990374,0.7336153472713652,1.8107784297363454,41,0.10244461086817644,0.0565749012611624,0.03669076884269623,0.0565749012611624,chart_cl_3.csv,636,20250831_165524:636,sobol,13,23,54,114,13,22,1.9000000000000001,2.0,0.8,1.4000000000000001,33,0.75
6,2775,1465,300,353,2025-03-28 20:00:00,2025-05-12 04:00:00,8.091409282563472,15.316402975962308,22.989704587221155,49544.293281758546,4.560825287286241,100.0,13,inf,6.494093078563654,,0.022256817781404075,1.2912184358777432,0.7391526694400794,2.242872434933696,44,0.10229349317402867,0.045608252872862416,0.03338522667210611,0.045608252872862416,chart_cl_3.csv,631,20250831_165524:631,sobol,12,19,34,98,18,30,2.4000000000000004,2.3,1.1,1.5,49,0.85
6,2775,1465,300,353,2025-03-28 20:00:00,2025-05-12 04:00:00,8.05980329745995,16.552720825427528,25.119034999492825,51732.85887799314,4.242851472331178,100.0,11,inf,7.6302764830925485,,0.020193551318686807,1.3239073278092452,0.718125920343199,2.4013967171686867,44,0.10188769597090419,0.04242851472331178,0.030290326978030212,0.04242851472331178,chart_cl_3.csv,476,20250831_165524:476,sobol,13,26,39,85,11,13,2.5,2.7,1.6,1.4000000000000001,40,0.7
6,2775,1404,336,348,2025-03-26 18:00:00,2025-05-07 16:00:00,8.024867062957446,15.66514127070702,23.324674605168298,40649.91796684193,5.837827124909397,87.5,9,93.67652076705829,6.409188156694807,,0.025318617714179755,1.3029922625732122,0.7367231489715848,1.712869992233403,41,0.0999943890210351,0.05837827124909398,0.03797792657126963,0.05837827124909398,chart_cl_3.csv,481,20250831_165524:481,sobol,7,19,59,112,27,25,2.3,1.8,1.1,0.8,24,0.85
4,5623,1767,450,739,2024-06-19 10:00:00,2024-09-13 04:00:00,7.985178662920328,11.675549726098906,16.615563584226802,1246.9109504482174,2.9827525356373,100.0,6,inf,6.812866591469183,,0.010459705360244488,1.2276085565379469,0.485953663420609,4.042259878121316,85,0.12057060901171276,0.029827525356372998,0.02,0.029827525356372998,chart_cl_4.csv,801,20250831_165524:801,sobol,13,19,47,138,25,23,2.9000000000000004,1.8,1.5,0.8,43,0.6
6,2775,1465,300,353,2025-03-28 20:00:00,2025-05-12 04:00:00,7.891398388851814,15.599278438203172,23.63675926872493,43515.51390642326,4.320270089817915,92.85714285714286,15,203.78012827419172,5.609429382074709,,0.019679358156619968,1.2884747077868977,0.7311103544823111,2.3083354563196252,44,0.09972632629203863,0.043202700898179146,0.029519037234929952,0.043202700898179146,chart_cl_3.csv,536,20250831_165524:536,sobol,12,22,42,71,30,26,2.3,2.1,1.3,1.2000000000000002,36,0.7
6,2775,1365,360,345,2025-03-25 12:00:00,2025-05-06 04:00:00,7.73972997147996,16.285132625653564,24.668551593699238,35222.0239624869,5.510938664459646,90.9090909090909,12,201.9574940994832,4.952573033447616,,0.02364772940661934,1.3409693318876128,0.7066244337585843,1.7490877200480186,41,0.09639115143944194,0.055109386644596456,0.03547159410992901,0.055109386644596456,chart_cl_3.csv,556,20250831_165524:556,sobol,13,25,35,120,17,20,2.2,2.2,1.4000000000000001,1.2000000000000002,45,0.6
7,5623,3984,450,739,2025-03-09 22:00:00,2025-06-04 12:00:00,7.684935279690569,8.583408633724352,12.303122009050712,503.5205365038032,6.448365589031687,81.81818181818183,23,7.824006706989326,3.0677288382163517,,0.0248299792491335,1.1785748569121457,0.5634820014419799,1.8049214982292512,86,0.11638793680085022,0.06448365589031688,0.037244968873700254,0.06448365589031688,chart_cl_4.csv,906,20250831_165524:906,sobol,12,24,45,84,20,28,1.8,2.0,0.8,1.0,46,0.85
7,5623,3984,450,739,2025-03-09 22:00:00,2025-06-04 12:00:00,7.681784178616101,8.72174003041242,12.448927497665709,496.2864880763635,6.533008640066231,89.47368421052632,20,22.73085639013508,3.595396572173859,,0.026359141333635937,1.1748074197333753,0.5667843358155851,1.7807883540249347,86,0.1163390570297422,0.0653300864006623,0.039538712000453904,0.0653300864006623,chart_cl_4.csv,930,20250831_165524:930,sobol,13,23,54,114,13,22,1.9000000000000001,2.0,0.8,1.4000000000000001,33,0.75
7,5623,3984,450,739,2025-03-09 22:00:00,2025-06-04 12:00:00,7.676006569540124,12.566137865244347,18.628756490397322,963.2059741876395,3.3572794875863954,100.0,28,inf,2.7217787194940284,,0.01205025952923471,1.2486564415736872,0.4410499677923447,3.462608277079586,86,0.11624943742186164,0.033572794875863954,0.02,0.033572794875863954,chart_cl_4.csv,942,20250831_165524:942,sobol,6,24,30,76,28,13,2.0,1.8,0.9,1.6,35,0.6
7,5623,3984,450,739,2025-03-09 22:00:00,2025-06-04 12:00:00,7.556531088758309,10.507162219326805,14.987983428226721,597.1474511669259,5.1290515336966065,88.88888888888889,28,11.473964382143997,2.50341571331385,,0.018807170852900783,1.1960978965339348,0.4999546439626978,2.230371504018344,86,0.11439690383398493,0.05129051533696607,0.028210756279351174,0.05129051533696607,chart_cl_4.csv,792,20250831_165524:792,sobol,6,21,37,92,15,11,2.8,2.0,1.6,1.0,50,0.75
4,2775,639,384,341,2024-12-31 21:00:00,2025-02-11 07:00:00,7.55013949804478,28.81877535544319,44.91275647135459,165263.14985481472,1.0710635957143897,100.0,2,inf,6.978093404830997,,0.0032477337399112027,1.5740017517154927,0.5605264080278487,4.69986866030076,41,0.0939973732060152,0.010710635957143897,0.02,0.02,chart_cl_3.csv,429,20250831_165524:429,sobol,11,20,44,128,21,14,2.2,1.9000000000000001,1.1,1.4000000000000001,14,0.6
7,5623,3984,450,739,2025-03-09 22:00:00,2025-06-04 12:00:00,7.299570561612074,9.46799572002046,13.612488648711208,542.986147015558,5.0161248227686865,88.23529411764706,18,112.08618200115447,3.7221679117497253,,0.018123383668509532,1.1892400422347844,0.5238760023804906,2.20124525930799,86,0.11041720986216702,0.05016124822768687,0.0271850755027643,0.05016124822768687,chart_cl_4.csv,900,20250831_165524:900,sobol,13,22,42,149,25,24,2.5,2.3,1.2000000000000002,0.9,30,0.8
6,2775,1465,300,353,2025-03-28 20:00:00,2025-05-12 04:00:00,7.231521080682331,14.694396512019663,22.09941199509276,20398.553406819123,5.010588659660763,93.33333333333333,16,189.42301129456874,4.864788999902465,,0.02217865743621701,1.2737614259015284,0.7092288149203628,1.8215540776686903,44,0.0912705820452556,0.05010588659660763,0.03326798615432552,0.05010588659660763,chart_cl_3.csv,646,20250831_165524:646,sobol,6,24,30,76,28,13,2.0,1.8,0.9,1.6,35,0.6
6,2775,1465,300,353,2025-03-28 20:00:00,2025-05-12 04:00:00,7.104663761018924,13.485520255460681,20.100389098073943,18038.86977116562,5.037279228681418,92.3076923076923,14,188.86274172359273,5.596527359142444,,0.022342777804377753,1.2440947851354889,0.7254941690725424,1.7796801253227519,44,0.0896474572898544,0.050372792286814176,0.03351416670656663,0.050372792286814176,chart_cl_3.csv,616,20250831_165524:616,sobol,12,24,45,84,20,28,1.8,2.0,0.8,1.0,46,0.85
4,5623,1767,450,739,2024-06-19 10:00:00,2024-09-13 04:00:00,6.850516072845414,10.48906130634763,14.750540862129112,729.6511704981532,3.035002512666157,77.77777777777779,10,38.053612702765406,4.339235393229325,,0.010591100356536392,1.202556542947363,0.4587353505305248,3.3960742416667666,85,0.10307093856659451,0.03035002512666157,0.02,0.03035002512666157,chart_cl_4.csv,831,20250831_165524:831,sobol,13,25,35,120,17,20,2.2,2.2,1.4000000000000001,1.2000000000000002,45,0.6
4,1581,249,300,183,2025-03-27 00:00:00,2025-04-17 04:00:00,6.8392027149184065,29.953675265671528,51.34709891171469,19468379.927960116,1.6288443635250287,66.66666666666666,4,0.9296911017254256,-0.009076331828353254,,0.0042907578625967285,1.704283947772004,0.8384814115042605,3.8458400871986265,21,0.07691680174397253,0.016288443635250286,0.02,0.02,chart_cl_2.csv,235,20250831_165524:235,sobol,9,26,54,74,16,27,2.7,2.5,1.5,0.9,31,0.8
6,2775,1443,312,351,2025-03-28 00:00:00,2025-05-09 04:00:00,6.820371210015781,13.389776911998336,19.85559132167573,12775.842920220679,5.66919486002037,92.3076923076923,14,161.88813488126544,4.792939996314997,,0.025401560671351936,1.2461447333417717,0.711760009809491,1.5029174543175192,42,0.08520331907051779,0.0566919486002037,0.038102341007027904,0.0566919486002037,chart_cl_3.csv,436,20250831_165524:436,sobol,14,23,49,104,26,16,2.8,2.2,0.8,1.5,29,0.7
4,5623,1767,450,739,2024-06-19 10:00:00,2024-09-13 04:00:00,6.817627864211079,13.481990538706906,19.41461447799242,1033.2734464650237,2.110723840346556,100.0,11,inf,2.8317181454304423,,0.006212235644924606,1.2837024172517888,0.3589602831251674,4.859258313208845,85,0.102565523680921,0.02110723840346556,0.02,0.02110723840346556,chart_cl_4.csv,927,20250831_165524:927,sobol,13,23,54,114,13,22,1.9000000000000001,2.0,0.8,1.4000000000000001,33,0.75
6,2775,1382,348,346,2025-03-25 22:00:00,2025-05-06 16:00:00,6.8078051666481665,23.344223852281768,39.46565377782598,27167.32031860701,2.897842056087425,90.9090909090909,12,76.84592431793922,2.6703051320605957,,0.012189306656257757,1.543224039853511,0.5459611274222246,2.920807312875189,41,0.08464038268977424,0.02897842056087425,0.02,0.02897842056087425,chart_cl_3.csv,456,20250831_165524:456,sobol,12,28,30,116,25,18,2.6,2.6,1.6,1.0,39,0.65
4,1581,249,300,183,2025-03-27 00:00:00,2025-04-17 04:00:00,6.738940839783049,28.371513358803096,47.06056285676911,15614372.98146423,1.6967216275823958,66.66666666666666,4,2.67642954243879,0.21641401284097905,,0.004501820441180884,1.6748714285216828,0.8355642847578264,3.789066407670097,21,0.07578132815340194,0.016967216275823958,0.02,0.02,chart_cl_2.csv,388,20250831_165524:388,sobol,12,19,34,98,18,30,2.4000000000000004,2.3,1.1,1.5,49,0.85
4,1581,249,300,183,2025-03-27 00:00:00,2025-04-17 04:00:00,6.733416904893795,27.635164717571744,45.585298765933295,13913345.639267385,1.8853844958812445,50.0,3,1.1063346176248163,0.029414939891437453,,0.005139652189767992,1.6463051143380347,0.839677577497228,3.785938798774504,21,0.07571877597549008,0.018853844958812444,0.02,0.02,chart_cl_2.csv,284,20250831_165524:284,sobol,14,21,37,78,13,19,2.1,2.0,1.2000000000000002,1.1,26,0.65
4,1581,249,300,183,2025-03-27 00:00:00,2025-04-17 04:00:00,6.7328211845774835,30.47472119238381,52.05871341810255,17810453.398434743,1.4712700605910922,,1,,,,0.0037819595652111887,1.7685846427444036,0.8237527647160784,3.785601508699463,21,0.07571203017398927,0.014712700605910923,0.02,0.02,chart_cl_2.csv,272,20250831_165524:272,sobol,13,26,39,85,11,13,2.5,2.7,1.6,1.4000000000000001,40,0.7
4,1581,249,300,183,2025-03-27 00:00:00,2025-04-17 04:00:00,6.72669940721671,28.296679040117365,47.06982762202422,13703236.242294073,1.891361431726905,50.0,3,1.1063346176248163,0.029414939891437453,,0.005140530934389135,1.6556389398199174,0.8375916757895939,3.7821354518964405,21,0.07564270903792882,0.01891361431726905,0.02,0.02,chart_cl_2.csv,400,20250831_165524:400,sobol,6,24,30,76,28,13,2.0,1.8,0.9,1.6,35,0.6
4,5623,1767,450,739,2024-06-19 10:00:00,2024-09-13 04:00:00,6.724290531602731,10.775056000650384,15.282631685577263,796.5264223499805,2.6218119885107534,83.33333333333334,13,221.67738753184236,2.4294818493862733,,0.007948151921931077,1.226308654605495,0.42764223307942134,3.8573209621020035,85,0.10113170341972866,0.026218119885107534,0.02,0.026218119885107534,chart_cl_4.csv,825,20250831_165524:825,sobol,12,21,53,107,12,29,3.0,1.9000000000000001,1.4000000000000001,1.5,39,0.65
4,1581,249,300,183,2025-03-27 00:00:00,2025-04-17 04:00:00,6.666872392349887,28.041825064195965,46.46619764004137,13062285.70072895,1.7821763528713668,66.66666666666666,4,0.9296911017254256,-0.009076331828353254,,0.004806999014811915,1.6604948335766374,0.832412105543818,3.7482646117679486,21,0.07496529223535897,0.017821763528713667,0.02,0.02,chart_cl_2.csv,317,20250831_165524:317,sobol,12,22,42,71,30,26,2.3,2.1,1.3,1.2000000000000002,36,0.7
4,1581,249,300,183,2025-03-27 00:00:00,2025-04-17 04:00:00,6.666872392349887,28.041825064195965,46.46619764004137,13062285.70072895,1.7821763528713668,66.66666666666666,4,0.9296911017254256,-0.009076331828353254,,0.004806999014811915,1.6604948335766374,0.832412105543818,3.7482646117679486,21,0.07496529223535897,0.017821763528713667,0.02,0.02,chart_cl_2.csv,377,20250831_165524:377,sobol,12,24,45,84,20,28,1.8,2.0,0.8,1.0,46,0.85
6,2775,1238,432,334,2025-03-18 22:00:00,2025-04-28 16:00:00,6.645907194557623,14.855553439295921,21.733555966835805,18518.501498997684,4.6080355923335965,90.0,11,113.13440842347298,4.02809948792546,,0.01570366354432852,1.3113402719945233,0.6744507561862032,1.7840415052349456,40,0.08220926754323034,0.04608035592333597,0.02355549531649278,0.04608035592333597,chart_cl_3.csv,581,20250831_165524:581,sobol,9,20,31,144,29,17,2.8,2.0,1.6,1.4000000000000001,31,0.8
7,5623,3984,450,739,2025-03-09 22:00:00,2025-06-04 12:00:00,6.621722584580368,8.069412526947703,11.530643768569739,348.80500535788036,5.707528215866039,86.66666666666667,16,35.335967106342046,3.6855352121557656,,0.021999052480004506,1.1552478075142831,0.5443728420929913,1.7511830574594223,86,0.09994926711596211,0.05707528215866039,0.03299857872000676,0.05707528215866039,chart_cl_4.csv,864,20250831_165524:864,sobol,9,20,31,144,29,17,2.8,2.0,1.6,1.4000000000000001,31,0.8
6,2775,1429,321,350,2025-03-27 14:00:00,2025-05-08 16:00:00,6.585697905216113,12.856252269430259,18.901498140963902,10467.443595542423,5.655686220498138,90.9090909090909,12,154.54583109689673,5.405883367784014,,0.02502519072408492,1.2361321496332618,0.709936166573364,1.4540341175090878,42,0.08223560722530318,0.05655686220498138,0.03753778608612738,0.05655686220498138,chart_cl_3.csv,551,20250831_165524:551,sobol,12,21,53,107,12,29,3.0,1.9000000000000001,1.4000000000000001,1.5,39,0.65
7,5623,3984,450,739,2025-03-09 22:00:00,2025-06-04 12:00:00,6.456396740490539,10.57437775331954,15.538814903724914,428.3397926344008,4.30148809347594,95.23809523809523,22,145.16838463141823,2.6587167082572907,,0.01353265880925496,1.233035275200478,0.4210015129953265,2.2643981254590093,86,0.09740281575551166,0.0430148809347594,0.02029898821388244,0.0430148809347594,chart_cl_4.csv,678,20250831_165524:678,sobol,9,26,54,74,16,27,2.7,2.5,1.5,0.9,31,0.8
6,2775,1465,300,353,2025-03-28 20:00:00,2025-05-12 04:00:00,6.340824555543227,15.62327573320442,23.583086300117916,12770.400882764916,3.492685465758026,100.0,11,inf,5.952699635641898,,0.016312097978303134,1.3024933616258958,0.6340970857384389,2.2873761293415007,44,0.0798908536167291,0.03492685465758026,0.024468146967454703,0.03492685465758026,chart_cl_3.csv,591,20250831_165524:591,sobol,11,17,59,71,25,20,2.7,2.6,1.2000000000000002,1.3,22,0.85
4,5623,1767,450,739,2024-06-19 10:00:00,2024-09-13 04:00:00,6.2254627766279445,13.042301379821257,18.682873709686827,773.7634924463189,2.135580655313136,100.0,9,inf,3.2902497543463323,,0.006504969567357574,1.26991494413786,0.3306002168979133,4.377395389414035,85,0.09348280914289525,0.021355806553131358,0.02,0.021355806553131358,chart_cl_4.csv,741,20250831_165524:741,sobol,7,19,59,112,27,25,2.3,1.8,1.1,0.8,24,0.85
6,2775,1465,300,353,2025-03-28 20:00:00,2025-05-12 04:00:00,6.213243910672599,13.119039545341785,19.623833716832063,8123.906854532689,4.872196418792025,100.0,12,inf,5.6511587573840965,,0.021039168876727417,1.2389813481544478,0.6797766185570494,1.606339832129757,44,0.07826403177465585,0.04872196418792025,0.03155875331509113,0.04872196418792025,chart_cl_3.csv,521,20250831_165524:521,sobol,6,21,37,92,15,11,2.8,2.0,1.6,1.0,50,0.75
4,1581,231,312,181,2025-03-26 12:00:00,2025-04-16 12:00:00,6.1564974957466125,28.80331315700975,48.97052791727942,7158732.592932807,1.4729515963195823,,1,,,,0.0037935896359747997,1.7649960506227853,0.7865592575762749,3.4594875376173486,21,0.06918975075234697,0.014729515963195822,0.02,0.02,chart_cl_2.csv,243,20250831_165524:243,sobol,14,23,49,104,26,16,2.8,2.2,0.8,1.5,29,0.7
4,5623,1767,450,739,2024-06-19 10:00:00,2024-09-13 04:00:00,6.129432463691546,10.642006898471488,14.868258570788411,611.1074120671555,2.5836235173806994,100.0,8,inf,4.606154535944045,,0.00794323535406007,1.2142279554023174,0.3951171975515266,3.561393615324158,85,0.09201300299200968,0.025836235173806996,0.02,0.025836235173806996,chart_cl_4.csv,747,20250831_165524:747,sobol,6,28,46,125,28,22,2.6,2.4000000000000004,1.5,1.6,48,0.85
6,2775,1465,300,353,2025-03-28 20:00:00,2025-05-12 04:00:00,6.1286260272910456,12.454906682907337,18.387681018937034,7521.95921234609,4.860827649639765,100.0,12,inf,5.882584377574113,,0.02131432426662435,1.2241947278663987,0.690775676512364,1.5879082001468643,44,0.07718548084363591,0.048608276496397644,0.03197148639993652,0.048608276496397644,chart_cl_3.csv,491,20250831_165524:491,sobol,14,21,37,78,13,19,2.1,2.0,1.2000000000000002,1.1,26,0.65
4,5623,1767,450,739,2024-06-19 10:00:00,2024-09-13 04:00:00,6.079465541124852,12.999264043641166,18.59381571912368,724.4350575366502,2.128278340864743,100.0,7,inf,4.110025688198614,,0.006403064226897971,1.2752777710203638,0.318072589086804,4.287435980887202,85,0.09124857135966416,0.02128278340864743,0.02,0.02128278340864743,chart_cl_4.csv,969,20250831_165524:969,sobol,10,21,47,117,29,13,2.0,2.1,1.5,1.3,23,0.8
7,5623,3984,450,739,2025-03-09 22:00:00,2025-06-04 12:00:00,5.969583421933964,10.3954422298732,15.259570776488223,340.84002255809304,4.292543653764726,100.0,19,inf,2.8338574472712015,,0.012642345893328,1.238154931654069,0.388557949966187,2.0947901722740503,86,0.08991978259963693,0.042925436537647264,0.02,0.042925436537647264,chart_cl_4.csv,876,20250831_165524:876,sobol,11,17,59,71,25,20,2.7,2.6,1.2000000000000002,1.3,22,0.85
6,5623,3245,450,739,2024-12-10 01:00:00,2025-03-07 21:00:00,5.8739822958481,10.963898710750664,15.09254294467746,623.4427121276447,2.241728877806361,70.0,11,10.067254136189991,5.009822858141581,,0.006885615280495086,1.1880856643712376,0.40373530452837486,3.9611576384094485,87,0.08879841467565708,0.02241728877806361,0.02,0.02241728877806361,chart_cl_4.csv,803,20250831_165524:803,sobol,13,19,47,138,25,23,2.9000000000000004,1.8,1.5,0.8,43,0.6
4,1581,219,321,180,2025-03-26 06:00:00,2025-04-16 04:00:00,5.768733058845555,25.593995368710097,43.18664152788101,3094541.2919605174,1.7821763528713668,66.66666666666666,4,0.9296911017254256,-0.009076331828353254,,0.004817264324363526,1.6307298633947818,0.7806431345904451,3.2233396333054283,20,0.06446679266610857,0.017821763528713667,0.02,0.02,chart_cl_2.csv,328,20250831_165524:328,sobol,12,21,53,107,12,29,3.0,1.9000000000000001,1.4000000000000001,1.5,39,0.65
6,2775,1271,414,337,2025-03-20 04:00:00,2025-04-30 04:00:00,5.735596405059565,14.25897496590287,20.74816699079821,8118.597966937465,4.051655334094452,100.0,12,inf,4.661525833723186,,0.016960330104362528,1.2515099467386062,0.6450319371646438,1.7565585983367114,41,0.0711697001460041,0.04051655334094452,0.025440495156543792,0.04051655334094452,chart_cl_3.csv,531,20250831_165524:531,sobol,13,19,47,138,25,23,2.9000000000000004,1.8,1.5,0.8,43,0.6
6,2775,1299,396,339,2025-03-21 00:00:00,2025-05-01 04:00:00,5.722871257352302,13.216607261486754,19.29808363697951,6344.982324873047,4.947197855832599,100.0,16,inf,4.040466494563443,,0.0196568082688201,1.2502149149302468,0.6487134736439374,1.435360873690785,41,0.07101014236669058,0.04947197855832599,0.029485212403230147,0.04947197855832599,chart_cl_3.csv,661,20250831_165524:661,sobol,10,20,58,132,22,16,2.6,2.1,1.0,1.2000000000000002,41,0.7
6,2775,1213,447,332,2025-03-18 02:00:00,2025-04-25 16:00:00,5.7192446267250485,13.521880289257982,19.769888162728584,7873.879691448404,4.485949638434176,80.0,6,74.79051314038652,5.715468734251007,,0.013122708553550785,1.3083533561000635,0.6357784491534151,1.5594679419783954,38,0.06995694650467672,0.044859496384341765,0.02,0.044859496384341765,chart_cl_3.csv,611,20250831_165524:611,sobol,13,22,42,149,25,24,2.5,2.3,1.2000000000000002,0.9,30,0.8
4,5623,1767,450,739,2024-06-19 10:00:00,2024-09-13 04:00:00,5.665668766984061,12.570710647068342,17.77165849651778,599.0506656062132,2.1101204488433742,100.0,10,inf,3.4029311028834766,,0.006034548411818339,1.2629760886890038,0.3062874925496489,4.024749330408294,85,0.08492705863563221,0.021101204488433743,0.02,0.021101204488433743,chart_cl_4.csv,897,20250831_165524:897,sobol,13,22,42,149,25,24,2.5,2.3,1.2000000000000002,0.9,30,0.8
4,5623,1767,450,739,2024-06-19 10:00:00,2024-09-13 04:00:00,5.659842880379938,9.425111179524219,13.265214904102875,461.67946448540476,2.7302656767268227,80.0,6,24.790338669658727,3.466361047419387,,0.008080596317499375,1.208011671912995,0.4061324870876322,3.1073229827122915,85,0.08483817286203783,0.027302656767268226,0.02,0.027302656767268226,chart_cl_4.csv,867,20250831_165524:867,sobol,9,23,39,125,19,19,1.9000000000000001,1.9000000000000001,0.9,0.8,44,0.65
4,1581,249,300,183,2025-03-27 00:00:00,2025-04-17 04:00:00,5.6535236075691495,29.899821152780987,51.30440824401478,2984027.7462678323,1.2542423827771982,66.66666666666666,4,2.67642954243879,0.21641401284097905,,0.003286629658185702,1.7087695377029688,0.7374480453451199,3.175195372915221,21,0.06350390745830442,0.012542423827771982,0.02,0.02,chart_cl_2.csv,306,20250831_165524:306,sobol,6,21,37,92,15,11,2.8,2.0,1.6,1.0,50,0.75
6,2108,990,300,258,2023-06-13 13:00:00,2023-07-04 23:00:00,5.636670692590053,3.8842111662373173,6.389499710048811,47.436500560493364,3.239821628700301,100.0,7,inf,7.995328196064395,,0.014216314894726436,1.2074005975397555,0.7980472739052522,1.954227855185433,21,0.06331349672638366,0.03239821628700301,0.021324472342089652,0.03239821628700301,chart_cl_1.csv,41,20250831_165524:41,sobol,9,23,33,95,22,23,3.0,2.1,0.9,1.1,20,0.8
6,5623,3245,450,739,2024-12-10 01:00:00,2025-03-07 21:00:00,5.628329962601359,9.918294191763925,13.395737502012878,488.08907681982015,2.5433890708715228,50.0,13,6.242250498442271,4.0190793296000225,,0.009378263821373283,1.1770154671598303,0.40925622546891094,3.342705349214898,87,0.08501800252336948,0.025433890708715226,0.02,0.025433890708715226,chart_cl_4.csv,761,20250831_165524:761,sobol,10,24,55,135,18,12,2.8,2.4000000000000004,0.8,1.0,12,0.65
4,5623,1767,450,739,2024-06-19 10:00:00,2024-09-13 04:00:00,5.570059391139421,11.19231595775783,15.793529371707416,534.3592407646112,2.2583287666415535,100.0,12,inf,2.566456536874416,,0.006454476414582266,1.2407017285822213,0.3373671419603956,3.6960406007176485,85,0.08346874811275794,0.022583287666415534,0.02,0.022583287666415534,chart_cl_4.csv,771,20250831_165524:771,sobol,10,24,50,119,10,20,2.2,2.3,1.2000000000000002,0.9,34,0.85
4,1581,249,300,183,2025-03-27 00:00:00,2025-04-17 04:00:00,5.5394150621782385,30.48252972350145,52.643138241558084,2226734.14232934,1.366637557867477,66.66666666666666,4,0.9296911017254256,-0.009076331828353254,,0.0036590909326455687,1.7168463558267033,0.7257949083140061,3.110739729267659,21,0.06221479458535318,0.01366637557867477,0.02,0.02,chart_cl_2.csv,261,20250831_165524:261,sobol,8,22,52,82,19,21,2.4000000000000004,1.9000000000000001,1.0,1.6,17,0.75
4,5623,1767,450,739,2024-06-19 10:00:00,2024-09-13 04:00:00,5.493606635090998,12.308539446986192,17.357601881452887,546.2789250195448,2.128278340864743,100.0,9,inf,4.042933779431563,,0.006353574929409306,1.2607090215217132,0.2958538089491539,3.867128150371367,85,0.08230325083783716,0.02128278340864743,0.02,0.02128278340864743,chart_cl_4.csv,687,20250831_165524:687,sobol,14,23,49,104,26,16,2.8,2.2,0.8,1.5,29,0.7
4,5623,1767,450,739,2024-06-19 10:00:00,2024-09-13 04:00:00,5.373963293621614,12.383294213871597,17.514429271930165,526.345590221111,2.083216936581253,100.0,11,inf,2.8101108455988406,,0.005970098552446784,1.2710091602216942,0.28616070668807586,3.863276728491159,85,0.08048043511492997,0.02083216936581253,0.02,0.02083216936581253,chart_cl_4.csv,699,20250831_165524:699,sobol,7,25,39,146,14,28,2.9000000000000004,2.2,1.0,1.3,21,0.85
4,2775,609,405,338,2024-12-31 03:00:00,2025-02-10 07:00:00,5.36852645387255,28.237326147351126,43.87612642614451,25205.28566513351,0.8932902018694973,100.0,2,inf,3.428302455409323,,0.0020878237964272327,1.650620157798599,0.3754466088073489,3.3285027432862955,41,0.06657005486572591,0.008932902018694972,0.02,0.02,chart_cl_3.csv,594,20250831_165524:594,sobol,14,26,33,135,30,29,2.2,2.9000000000000004,1.6,1.4000000000000001,17,0.75
7,5623,3984,450,739,2025-03-09 22:00:00,2025-06-04 12:00:00,5.3350958925935945,8.82026229633922,12.861256857735105,282.4979797742048,3.807972012890573,94.44444444444444,19,119.79729891770117,2.555967859331982,,0.014312810779720062,1.1765105581677548,0.4245553898189038,2.1061281962924103,86,0.08020077227041202,0.03807972012890573,0.021469216169580092,0.03807972012890573,chart_cl_4.csv,828,20250831_165524:828,sobol,12,21,53,107,12,29,3.0,1.9000000000000001,1.4000000000000001,1.5,39,0.65
4,5623,1767,450,739,2024-06-19 10:00:00,2024-09-13 04:00:00,5.321688765392866,12.293129630613219,17.71200805464594,568.0920432100426,1.881155762699185,93.33333333333333,16,65.50313696362953,2.1456429483219748,,0.0052036195270784786,1.2430686610534778,0.3068814669831486,3.9842217734651615,85,0.07968443546930323,0.01881155762699185,0.02,0.02,chart_cl_4.csv,921,20250831_165524:921,sobol,12,19,34,98,18,30,2.4000000000000004,2.3,1.1,1.5,49,0.85
7,5623,3984,450,739,2025-03-09 22:00:00,2025-06-04 12:00:00,5.159548182421309,7.172486612566319,10.146948492868635,180.9062656596204,5.452218532387885,90.0,21,20.007621402143442,2.261822989972634,,0.017794236321801524,1.1426765750987082,0.47769279486163363,1.4217798726635889,86,0.07751854570712506,0.05452218532387885,0.02669135448270229,0.05452218532387885,chart_cl_4.csv,702,20250831_165524:702,sobol,7,25,39,146,14,28,2.9000000000000004,2.2,1.0,1.3,21,0.85
4,5623,1767,450,739,2024-06-19 10:00:00,2024-09-13 04:00:00,5.101957977716324,11.449717469503046,16.38306414959429,451.88624034273664,2.121080745047837,88.23529411764706,18,48.12347619738451,1.9866362399715456,,0.005730651024201122,1.218343992131145,0.31751934309911733,3.599172382675717,85,0.07634135239001408,0.021210807450478368,0.02,0.021210807450478368,chart_cl_4.csv,903,20250831_165524:903,sobol,12,24,45,84,20,28,1.8,2.0,0.8,1.0,46,0.85
4,5623,1767,450,739,2024-06-19 10:00:00,2024-09-13 04:00:00,5.093120521880405,11.172939694455978,15.886235789004195,509.4515981564616,1.8731422992476328,86.66666666666667,16,36.182923284518985,1.686781757291491,,0.0059488231843993844,1.2208418783185406,0.3173282704532764,3.810349537364291,85,0.07620699074728582,0.018731422992476328,0.02,0.02,chart_cl_4.csv,789,20250831_165524:789,sobol,6,21,37,92,15,11,2.8,2.0,1.6,1.0,50,0.75
7,5623,3984,450,739,2025-03-09 22:00:00,2025-06-04 12:00:00,5.063427172852476,10.450393112784525,15.72968165703156,284.10645743119056,3.3094760897618154,84.21052631578947,20,99.16591977342854,2.275727281696665,,0.01476374532511739,1.2492147042669806,0.324531180612244,2.297981319100215,86,0.07605114230281479,0.033094760897618154,0.022145617987676086,0.033094760897618154,chart_cl_4.csv,738,20250831_165524:738,sobol,13,26,39,85,11,13,2.5,2.7,1.6,1.4000000000000001,40,0.7
7,5623,3984,450,739,2025-03-09 22:00:00,2025-06-04 12:00:00,5.045281502849995,11.115431150889128,17.031632564282432,318.2822328396555,2.9274610167422304,96.0,26,132.41912037931414,1.9945853571964087,,0.01337573191285549,1.263359048195517,0.2874411291655001,2.588394016063542,86,0.07577422577994883,0.029274610167422305,0.020063597869283235,0.029274610167422305,chart_cl_4.csv,888,20250831_165524:888,sobol,6,20,50,101,14,10,2.7,2.2,1.0,1.1,38,0.65
4,1581,249,300,183,2025-03-27 00:00:00,2025-04-17 04:00:00,5.034281054457187,30.60400600335089,51.91019899737869,1053250.7405538217,1.1529415195173567,,1,,,,0.0029643717197161477,1.7565572217280387,0.6688227589716838,2.8255909137508306,21,0.05651181827501661,0.011529415195173566,0.02,0.02,chart_cl_2.csv,359,20250831_165524:359,sobol,11,17,59,71,25,20,2.7,2.6,1.2000000000000002,1.3,22,0.85
7,5623,3984,450,739,2025-03-09 22:00:00,2025-06-04 12:00:00,5.022594639691351,8.210323943649296,11.857241773093829,210.1299846564267,4.384171903715508,100.0,23,inf,1.789545864954914,,0.011181930661075918,1.1631761344153417,0.4044726965970649,1.720462909811582,86,0.07542805150580566,0.04384171903715508,0.02,0.04384171903715508,chart_cl_4.csv,972,20250831_165524:972,sobol,10,21,47,117,29,13,2.0,2.1,1.5,1.3,23,0.8
7,5623,3984,450,739,2025-03-09 22:00:00,2025-06-04 12:00:00,5.0065028167401495,7.203714067103757,10.241409949477287,180.8522539447448,5.0530353548128595,89.47368421052632,20,27.468034074077362,2.195467206959612,,0.016295949629490925,1.1420211550455837,0.46740457794310836,1.4878688581533928,86,0.07518253943574134,0.0505303535481286,0.02444392444423639,0.0505303535481286,chart_cl_4.csv,744,20250831_165524:744,sobol,7,19,59,112,27,25,2.3,1.8,1.1,0.8,24,0.85
7,5623,3984,450,739,2025-03-09 22:00:00,2025-06-04 12:00:00,5.000816452326592,8.747539159354286,12.233255047044844,256.96629468847954,3.54619608789107,100.0,18,inf,2.4133984928189998,,0.011279897358765247,1.1819498239619568,0.3920196543125353,2.1176434392737655,86,0.07509578879900819,0.0354619608789107,0.02,0.0354619608789107,chart_cl_4.csv,948,20250831_165524:948,sobol,14,17,52,122,11,26,2.8,2.7,1.3,1.0,19,0.75
4,5623,1767,450,739,2024-06-19 10:00:00,2024-09-13 04:00:00,4.980590612435272,11.189609500567553,15.880278413683918,469.7905307058203,1.9201277582750385,100.0,12,inf,3.371966720657102,,0.006126428519820984,1.2546508650885826,0.2887204750251389,3.7248384797686827,85,0.07449676959537366,0.019201277582750385,0.02,0.02,chart_cl_4.csv,765,20250831_165524:765,sobol,10,17,43,109,23,30,2.0,2.7,1.4000000000000001,1.2000000000000002,34,0.75
4,5623,1767,450,739,2024-06-19 10:00:00,2024-09-13 04:00:00,4.969720375370571,9.409021208653947,13.215134675230509,371.91704138521914,2.412231221508922,83.33333333333334,7,1645.7466683278942,3.764700296169142,,0.006947169192371274,1.2101077769672468,0.3553571356982711,3.081447053069058,85,0.07433162788839842,0.02412231221508922,0.02,0.02412231221508922,chart_cl_4.csv,957,20250831_165524:957,sobol,10,20,58,132,22,16,2.6,2.1,1.0,1.2000000000000002,41,0.7
7,5623,3984,450,739,2025-03-09 22:00:00,2025-06-04 12:00:00,4.935720353867225,8.159048536433728,11.630630488718266,172.18912557989253,5.121985596696839,85.0,21,9.158358792808352,2.077318627606275,,0.016422669237436068,1.1799438375787608,0.39894710367139413,1.4467613708277138,86,0.07410290903236924,0.05121985596696839,0.0246340038561541,0.05121985596696839,chart_cl_4.csv,846,20250831_165524:846,sobol,6,23,57,89,24,14,2.1,2.3,1.3,1.5,48,0.8
7,5623,3984,450,739,2025-03-09 22:00:00,2025-06-04 12:00:00,4.897916368723048,7.719209035336863,11.01670896298432,181.74734178694965,4.761094180512006,90.0,21,17.349408004074174,2.036527037991189,,0.016565150779427024,1.1530289334500061,0.4365236613523009,1.5443191403667702,86,0.07352648872053534,0.047610941805120065,0.024847726169140535,0.047610941805120065,chart_cl_4.csv,834,20250831_165524:834,sobol,13,25,35,120,17,20,2.2,2.2,1.4000000000000001,1.2000000000000002,45,0.6
7,5623,3984,450,739,2025-03-09 22:00:00,2025-06-04 12:00:00,4.8022225305752775,8.635582190308016,12.834045811180902,229.53777924342484,3.5917108687587755,80.95238095238095,22,95.80178220469732,2.2700293172606427,,0.017516035753842574,1.2083963388722478,0.3681511087214419,2.006508866285217,86,0.07206799703297463,0.035917108687587754,0.026274053630763863,0.035917108687587754,chart_cl_4.csv,714,20250831_165524:714,sobol,12,28,30,116,25,18,2.6,2.6,1.6,1.0,39,0.65
4,5623,1767,450,739,2024-06-19 10:00:00,2024-09-13 04:00:00,4.744206782598406,15.234454003689635,23.235059040017237,548.7910175458815,1.4586208277882655,100.0,15,inf,1.9050825802606328,,0.003923548665521488,1.311669722819171,0.1972799638768943,3.5454060296811605,85,0.07090812059362321,0.014586208277882656,0.02,0.02,chart_cl_4.csv,723,20250831_165524:723,sobol,9,23,33,95,22,23,3.0,2.1,0.9,1.1,20,0.8
7,5623,3984,450,739,2025-03-09 22:00:00,2025-06-04 12:00:00,4.700972810705087,7.245169950862473,10.316239609897018,164.2754677101192,4.7665208877586895,88.88888888888889,19,16.420722508450254,2.1281881299987564,,0.01675510242520723,1.1421155982061852,0.44328558487128716,1.4796070604352416,86,0.07052577959239813,0.04766520887758689,0.025132653637810847,0.04766520887758689,chart_cl_4.csv,870,20250831_165524:870,sobol,9,23,39,125,19,19,1.9000000000000001,1.9000000000000001,0.9,0.8,44,0.65
6,2775,1335,375,342,2025-03-24 06:00:00,2025-05-02 16:00:00,4.680562466227525,10.404797669740022,15.096906872722895,1886.1217884267166,5.699112840270882,90.0,11,191.87314266266878,5.174449958864513,,0.022489478436657523,1.2076653452282056,0.633040381887279,1.00755171942477,39,0.05742150941410712,0.05699112840270882,0.033734217654986284,0.05699112840270882,chart_cl_3.csv,586,20250831_165524:586,sobol,9,23,39,125,19,19,1.9000000000000001,1.9000000000000001,0.9,0.8,44,0.65
4,1581,165,357,174,2025-03-24 18:00:00,2025-04-14 04:00:00,4.666280371855884,24.121877739344686,41.82242893646946,662126.2921029712,1.4712700605910922,,1,,,,0.003511278764464235,1.7046492147312706,0.6911718209254554,2.604474746869249,20,0.052089494937384975,0.014712700605910923,0.02,0.02,chart_cl_2.csv,295,20250831_165524:295,sobol,10,24,50,119,10,20,2.2,2.3,1.2000000000000002,0.9,34,0.85
6,2775,1285,405,338,2025-03-20 14:00:00,2025-04-30 16:00:00,4.663840807706171,12.393428485981326,17.410764334646217,3115.2630764480286,3.588652855675753,100.0,10,inf,4.6468236214480285,,0.01595458169858363,1.2187552660259084,0.597210525760372,1.6094354109655697,41,0.05775704983587271,0.03588652855675753,0.023931872547875446,0.03588652855675753,chart_cl_3.csv,596,20250831_165524:596,sobol,14,26,33,135,30,29,2.2,2.9000000000000004,1.6,1.4000000000000001,17,0.75
4,5623,1767,450,739,2024-06-19 10:00:00,2024-09-13 04:00:00,4.622614061486115,9.585112231228456,13.404339242411378,316.56390348514583,2.3762206704579962,100.0,9,inf,2.988916886651583,,0.007906488735808088,1.1979848633105215,0.3104977768629448,2.9064734283412563,85,0.0690642223856141,0.02376220670457996,0.02,0.02376220670457996,chart_cl_4.csv,861,20250831_165524:861,sobol,9,20,31,144,29,17,2.8,2.0,1.6,1.4000000000000001,31,0.8
4,5623,1767,450,739,2024-06-19 10:00:00,2024-09-13 04:00:00,4.573288131893423,10.380182954522718,14.439014351333887,341.82143844065894,2.145510222015491,100.0,15,inf,2.299554976637188,,0.006268311084891065,1.21691802916112,0.28823796600469886,3.184166384139455,85,0.06831661525769306,0.021455102220154912,0.02,0.021455102220154912,chart_cl_4.csv,783,20250831_165524:783,sobol,14,27,60,149,21,30,1.9000000000000001,2.5,1.0,1.6,26,0.65
4,1581,210,327,179,2025-03-26 00:00:00,2025-04-15 20:00:00,4.572018474928575,21.953849117287184,37.662294049708805,387896.0743127993,1.6288443635250287,66.66666666666666,4,0.9296911017254256,-0.009076331828353254,,0.0043050800166356245,1.5259793359699718,0.7043429943297679,2.551623237702029,20,0.05103246475404058,0.016288443635250286,0.02,0.02,chart_cl_2.csv,291,20250831_165524:291,sobol,10,17,43,109,23,30,2.0,2.7,1.4000000000000001,1.2000000000000002,34,0.75
4,1581,162,360,174,2025-03-24 18:00:00,2025-04-14 04:00:00,4.50148912299486,21.535257108047112,35.919491232566486,397978.62529334566,1.7821763528713668,66.66666666666666,4,0.9296911017254256,-0.009076331828353254,,0.004616738511666246,1.5744457224917787,0.7020779240340326,2.5120847373996127,20,0.050241694747992255,0.017821763528713667,0.02,0.02,chart_cl_2.csv,332,20250831_165524:332,sobol,13,25,35,120,17,20,2.2,2.2,1.4000000000000001,1.2000000000000002,45,0.6
6,2108,846,384,246,2023-06-08 13:00:00,2023-06-28 23:00:00,4.457979569261954,3.490228247107266,5.629356546055723,37.4483762615401,3.1348984415845242,100.0,2,inf,15.690572915059256,,0.00825306771777183,1.2292709531630208,0.7322368195058881,1.5870984284895793,20,0.0497539239011323,0.031348984415845244,0.02,0.031348984415845244,chart_cl_1.csv,8,20250831_165524:8,sobol,11,20,44,128,21,14,2.2,1.9000000000000001,1.1,1.4000000000000001,14,0.6
4,5623,1767,450,739,2024-06-19 10:00:00,2024-09-13 04:00:00,4.3158294008586555,8.13948454464712,11.279971965868137,247.24383544828987,2.594412181655565,85.71428571428571,8,32.640650768798054,3.292990992895328,,0.007503646788397147,1.1836181960656478,0.34470999723010554,2.4829585362362576,85,0.06441817872957017,0.02594412181655565,0.02,0.02594412181655565,chart_cl_4.csv,711,20250831_165524:711,sobol,12,28,30,116,25,18,2.6,2.6,1.6,1.0,39,0.65
4,1581,189,342,177,2025-03-25 12:00:00,2025-04-15 04:00:00,4.284791207905175,19.871877551045852,32.806089478641354,227027.03537015288,1.7821763528713668,66.66666666666666,4,0.9296911017254256,-0.009076331828353254,,0.004791445295835433,1.4878470951426974,0.6963773303577594,2.390639246444728,20,0.047812784928894556,0.017821763528713667,0.02,0.02,chart_cl_2.csv,392,20250831_165524:392,sobol,13,23,54,114,13,22,1.9000000000000001,2.0,0.8,1.4000000000000001,33,0.75
6,5623,3245,450,739,2024-12-10 01:00:00,2025-03-07 21:00:00,4.283168895842129,8.354174036973113,11.079210950278434,253.53238855472378,2.4869597744096215,50.0,17,5.2450636155065675,2.3442671788478098,,0.008040869353155098,1.1484090984226807,0.35745751343522664,2.590326289729229,87,0.06442037285152316,0.024869597744096215,0.02,0.024869597744096215,chart_cl_4.csv,683,20250831_165524:683,sobol,11,20,44,128,21,14,2.2,1.9000000000000001,1.1,1.4000000000000001,14,0.6
4,1581,195,336,177,2025-03-25 12:00:00,2025-04-15 04:00:00,4.277948828680576,20.449997933444394,34.116892877941126,223308.86363977124,1.788461671319976,66.66666666666666,4,0.9296911017254256,-0.009076331828353254,,0.004792469027652407,1.4962828179520147,0.6925414679555454,2.3868053749229805,20,0.04773610749845961,0.01788461671319976,0.02,0.02,chart_cl_2.csv,276,20250831_165524:276,sobol,7,19,59,112,27,25,2.3,1.8,1.1,0.8,24,0.85
6,2775,1465,300,353,2025-03-28 20:00:00,2025-05-12 04:00:00,4.248846725323029,13.343135687811262,20.287952809693223,2199.984515175541,2.782002206785459,100.0,13,inf,3.4928278771113774,,0.011677805512327954,1.2678097921796407,0.5017803525155377,1.9164551732432884,44,0.05331582521168238,0.02782002206785459,0.02,0.02782002206785459,chart_cl_3.csv,566,20250831_165524:566,sobol,6,23,57,89,24,14,2.1,2.3,1.3,1.5,48,0.8
4,5623,1767,450,739,2024-06-19 10:00:00,2024-09-13 04:00:00,4.243827984406357,10.951722599893108,15.63506596421048,271.9888386332122,2.2705760292788297,100.0,9,inf,2.7986217698939573,,0.008140880225496451,1.2222596509496522,0.26063585768515607,2.7891184286267023,85,0.06332905446859627,0.0227057602927883,0.02,0.0227057602927883,chart_cl_4.csv,855,20250831_165524:855,sobol,11,27,51,99,12,24,2.0,2.5,1.0,0.8,12,0.7
4,5623,1767,450,739,2024-06-19 10:00:00,2024-09-13 04:00:00,4.177553355356679,10.77371495485577,15.588198525827007,461.6443629881357,1.291592062431234,100.0,5,inf,2.257371919656216,,0.004321991283332098,1.2514889901879842,0.24907128723703736,3.1163494400023417,85,0.062326988800046834,0.01291592062431234,0.02,0.02,chart_cl_4.csv,681,20250831_165524:681,sobol,11,20,44,128,21,14,2.2,1.9000000000000001,1.1,1.4000000000000001,14,0.6
6,5623,3245,450,739,2024-12-10 01:00:00,2025-03-07 21:00:00,4.142109356599574,8.731420983544178,11.728912023727833,251.30605993254855,2.3282861606174587,62.5,17,4.975979612279415,2.3657957509454715,,0.008395410733451516,1.1533463782725555,0.33593098155765927,2.674522926881593,87,0.062270547169125126,0.023282861606174588,0.02,0.023282861606174588,chart_cl_4.csv,857,20250831_165524:857,sobol,11,27,51,99,12,24,2.0,2.5,1.0,0.8,12,0.7
4,2108,402,351,251,2023-04-29 19:00:00,2023-05-20 15:00:00,4.125707154877591,2.283546164858438,3.4731487753515013,11.899238194832575,8.612623032709553,100.0,6,inf,7.934786611852154,,0.05759515525163714,1.114067429608238,0.8205876319148503,0.5328031236508021,20,0.046030317937837746,0.08612623032709553,0.0863927328774557,0.0863927328774557,chart_cl_1.csv,231,20250831_165524:231,sobol,10,21,47,117,29,13,2.0,2.1,1.5,1.3,23,0.8
4,2775,759,300,353,2025-01-06 21:00:00,2025-02-17 07:00:00,4.119052532110788,22.593505533307344,33.73817150820434,5972.703096034465,0.903575445599343,100.0,4,inf,5.518474907639534,,0.002827860926426138,1.4432942663317365,0.3257770301639704,2.5479636473306257,41,0.05095927294661252,0.00903575445599343,0.02,0.02,chart_cl_3.csv,574,20250831_165524:574,sobol,11,27,51,99,12,24,2.0,2.5,1.0,0.8,12,0.7
4,5623,1767,450,739,2024-06-19 10:00:00,2024-09-13 04:00:00,4.111480133959599,9.63530047185096,13.39653144947927,273.9579377675047,2.101137205348634,100.0,6,inf,3.8044762237804406,,0.006082366182327954,1.2278841968619008,0.27055664694015125,2.918818494118695,85,0.061328381336524636,0.02101137205348634,0.02,0.02101137205348634,chart_cl_4.csv,819,20250831_165524:819,sobol,8,28,45,131,27,10,1.9000000000000001,2.6,1.1,1.0,15,0.85
4,5623,1767,450,739,2024-06-19 10:00:00,2024-09-13 04:00:00,4.09219974212383,14.914449430909775,23.419739902877627,613.4570431029538,0.9286976117212556,100.0,22,inf,0.9402196443847229,,0.0025773219496154545,1.3413906889107663,0.16023874296544977,3.051853098841213,85,0.061037061976824264,0.009286976117212556,0.02,0.02,chart_cl_4.csv,753,20250831_165524:753,sobol,14,21,37,78,13,19,2.1,2.0,1.2000000000000002,1.1,26,0.65
6,2775,1465,300,353,2025-03-28 20:00:00,2025-05-12 04:00:00,4.086707439523969,11.289823013327263,16.74346913596978,1423.5679822679608,3.6737595311654063,92.3076923076923,14,75.59467964776272,3.174591054123458,,0.014826245226081811,1.205661899618732,0.5540958579523938,1.39543849474395,44,0.051265054702206936,0.03673759531165406,0.02223936783912272,0.03673759531165406,chart_cl_3.csv,466,20250831_165524:466,sobol,9,23,33,95,22,23,3.0,2.1,0.9,1.1,20,0.8
4,5623,1767,450,739,2024-06-19 10:00:00,2024-09-13 04:00:00,4.036133880574417,9.252824873486748,12.854024386904936,254.4040599267995,2.1730173288147703,70.0,11,28.665410615039146,3.0271885828828977,,0.007095728204054384,1.1973112537618862,0.2741153535841503,2.7698871471949174,85,0.06019012769715863,0.021730173288147702,0.02,0.021730173288147702,chart_cl_4.csv,849,20250831_165524:849,sobol,14,16,41,113,17,27,2.6,2.8,0.9,1.1,29,0.6
6,2775,1462,303,353,2025-03-28 20:00:00,2025-05-12 04:00:00,4.019642495889393,12.634408686835286,19.062350515421876,1723.6823007718976,2.842480514838405,100.0,13,inf,3.236780294911849,,0.011785411690924202,1.2517489086496036,0.4942074206009715,1.773703608699654,44,0.050417179468273295,0.02842480514838405,0.02,0.02842480514838405,chart_cl_3.csv,601,20250831_165524:601,sobol,6,20,50,101,14,10,2.7,2.2,1.0,1.1,38,0.65
4,5623,1767,450,739,2024-06-19 10:00:00,2024-09-13 04:00:00,4.006191764596238,10.136381249620069,15.033288376556275,201.19968500766382,2.7036571950421915,92.3076923076923,14,446.93456859878665,2.431696200741945,,0.012540299357124205,1.2026058479018455,0.25285284004525593,2.2095235301943923,85,0.05973794190025091,0.027036571950421914,0.02,0.027036571950421914,chart_cl_4.csv,933,20250831_165524:933,sobol,7,16,44,88,28,20,3.0,2.4000000000000004,1.4000000000000001,0.8,11,0.65
4,5623,1767,450,739,2024-06-19 10:00:00,2024-09-13 04:00:00,3.989585772455234,8.441104274488591,11.674484847163104,260.9056736048025,2.066332130704603,71.42857142857143,8,18.044249718418175,2.7898993866045667,,0.0062817387004179305,1.1845963769763856,0.31384541287733647,2.8788786587649615,85,0.05948719473005813,0.020663321307046033,0.02,0.020663321307046033,chart_cl_4.csv,885,20250831_165524:885,sobol,6,20,50,101,14,10,2.7,2.2,1.0,1.1,38,0.65
4,5623,1767,450,739,2024-06-19 10:00:00,2024-09-13 04:00:00,3.9635963341243614,9.899491051673518,14.297368002866147,304.7193861779006,1.744516010614014,63.1578947368421,20,7.742419017132707,0.9964386571112968,,0.005227370127582821,1.18970621484217,0.2695505674608379,2.95474058349404,85,0.0590948116698808,0.01744516010614014,0.02,0.02,chart_cl_4.csv,939,20250831_165524:939,sobol,6,24,30,76,28,13,2.0,1.8,0.9,1.6,35,0.6
4,5623,1767,450,739,2024-06-19 10:00:00,2024-09-13 04:00:00,3.947239257456175,10.904510063225711,15.725182817193396,300.48863641076304,1.7534550240361906,76.19047619047619,22,24.00693872777909,1.1769118104038236,,0.004348689704726609,1.2085602452801,0.24165133400040426,2.942394434217079,85,0.05884788868434158,0.017534550240361907,0.02,0.02,chart_cl_4.csv,807,20250831_165524:807,sobol,12,22,42,71,30,26,2.3,2.1,1.3,1.2000000000000002,36,0.7
6,2775,1465,300,353,2025-03-28 20:00:00,2025-05-12 04:00:00,3.903849544529075,12.316386215897051,18.37623734030249,1877.4389846005251,2.330965381296068,100.0,12,inf,3.2689050557740047,,0.010736686336560696,1.2433077368294194,0.49080287584744514,2.1001501571511105,44,0.04895377311842736,0.02330965381296068,0.02,0.02330965381296068,chart_cl_3.csv,666,20250831_165524:666,sobol,10,27,35,80,14,26,2.8,3.0,1.1,0.9,42,0.6
6,2775,1465,300,353,2025-03-28 20:00:00,2025-05-12 04:00:00,3.874455084184558,10.380642305926195,15.337959062059046,1215.4584842938966,3.4984954606846532,92.85714285714286,15,106.42275669582602,2.916269527896061,,0.013608142095164718,1.1838305410067302,0.5634018276589742,1.388665127072018,44,0.048582386434725316,0.03498495460684653,0.020412213142747077,0.03498495460684653,chart_cl_3.csv,461,20250831_165524:461,sobol,8,22,52,82,19,21,2.4000000000000004,1.9000000000000001,1.0,1.6,17,0.75
4,5623,1767,450,739,2024-06-19 10:00:00,2024-09-13 04:00:00,3.8598222380509015,9.508863983282748,13.158216285154241,300.7263014711105,1.6705474243448248,100.0,6,inf,2.9244950119588564,,0.005295758647268912,1.2079459339874814,0.26891699105482103,2.876434407323441,85,0.05752868814646882,0.01670547424344825,0.02,0.02,chart_cl_4.csv,759,20250831_165524:759,sobol,10,24,55,135,18,12,2.8,2.4000000000000004,0.8,1.0,12,0.65
4,5623,1767,450,739,2024-06-19 10:00:00,2024-09-13 04:00:00,3.8571307168865303,13.555375291938365,19.91498025635904,473.4206829112516,1.0596026519624968,100.0,17,inf,1.434901994492814,,0.003225977729118919,1.2759052837667362,0.16884301795666723,2.8744041076028064,85,0.05748808215205613,0.010596026519624968,0.02,0.02,chart_cl_4.csv,717,20250831_165524:717,sobol,8,22,52,82,19,21,2.4000000000000004,1.9000000000000001,1.0,1.6,17,0.75
4,1581,174,351,175,2025-03-25 00:00:00,2025-04-14 12:00:00,3.839597990341861,19.315770799533887,31.82359137130931,128209.8374917488,1.4729515963195823,,1,,,,0.0035969602850291806,1.5210444478072247,0.6495954688229095,2.1413002794829543,20,0.042826005589659086,0.014729515963195822,0.02,0.02,chart_cl_2.csv,419,20250831_165524:419,sobol,10,21,47,117,29,13,2.0,2.1,1.5,1.3,23,0.8
3,2108,189,321,255,2023-04-09 13:00:00,2023-04-30 17:00:00,3.820649259523413,1.8562542547399927,2.6121629605814265,14.089344331883204,6.41713754010209,0.0,2,0.0,-5.699141330484459,,0.02130035217063876,1.1140689387961338,0.8155655215551161,0.6674972915246796,21,0.0428342192735949,0.0641713754010209,0.03195052825595814,0.0641713754010209,chart_cl_1.csv,116,20250831_165524:116,sobol,12,21,53,107,12,29,3.0,1.9000000000000001,1.4000000000000001,1.5,39,0.65
7,5623,3984,450,739,2025-03-09 22:00:00,2025-06-04 12:00:00,3.7979237689604073,5.838786942282668,8.287998881782318,87.42692973549681,5.554220916857468,94.11764705882352,18,16.518221339112387,1.9965975745926847,,0.01990635085355214,1.1195200465674036,0.42406527336376604,1.022898291940663,86,0.05681403088914608,0.055542209168574684,0.02985952628032821,0.055542209168574684,chart_cl_4.csv,960,20250831_165524:960,sobol,10,20,58,132,22,16,2.6,2.1,1.0,1.2000000000000002,41,0.7
7,2108,990,438,238,2023-06-25 01:00:00,2023-07-14 19:00:00,3.794645047237901,4.887381479906343,8.092869072215342,58.34313179880357,1.6876055842154192,100.0,3,inf,4.228284319461151,,0.004762066076132854,1.4072445372275277,0.5751941133304779,2.105195103602506,19,0.042103902072050114,0.01687605584215419,0.02,0.02,chart_cl_1.csv,22,20250831_165524:22,sobol,7,25,39,146,14,28,2.9000000000000004,2.2,1.0,1.3,21,0.85
7,5623,3984,450,739,2025-03-09 22:00:00,2025-06-04 12:00:00,3.7906083643117183,7.145580850350552,9.72352316487207,121.53123576656174,3.97951034174064,95.65217391304348,24,13.05968134343368,1.5402985044244017,,0.009349520979276443,1.1315210595402359,0.35034993000812586,1.4248806586480214,86,0.05670327316836016,0.0397951034174064,0.02,0.0397951034174064,chart_cl_4.csv,762,20250831_165524:762,sobol,10,24,55,135,18,12,2.8,2.4000000000000004,0.8,1.0,12,0.65
6,2775,1401,339,348,2025-03-26 18:00:00,2025-05-07 16:00:00,3.785553730015749,17.36617183232108,26.20811207069212,1625.8191992302684,2.5311630702637133,100.0,9,inf,2.793507148417684,,0.01122720988018785,1.3465692779579597,0.3825894096062704,1.849134220852838,41,0.04680460251783569,0.025311630702637134,0.02,0.025311630702637134,chart_cl_3.csv,571,20250831_165524:571,sobol,14,16,41,113,17,27,2.6,2.8,0.9,1.1,29,0.6
4,5623,1767,450,739,2024-06-19 10:00:00,2024-09-13 04:00:00,3.785368406330537,10.906922171360735,15.353690542959185,291.5267569172804,1.654185503910855,100.0,9,inf,2.8940981532620595,,0.005801354437576204,1.2251267725911448,0.20487412205631447,2.820284137648577,85,0.056405682752971545,0.01654185503910855,0.02,0.02,chart_cl_4.csv,879,20250831_165524:879,sobol,14,26,33,135,30,29,2.2,2.9000000000000004,1.6,1.4000000000000001,17,0.75
4,5623,1767,450,739,2024-06-19 10:00:00,2024-09-13 04:00:00,3.7681568325531654,9.576995440859562,13.28741026487385,278.7835929686149,1.7134386995365212,92.85714285714286,15,457.4440967990329,1.6826464025491983,,0.0051419327716484406,1.191328934575553,0.2546658535688658,2.8073075434836183,85,0.05614615086967237,0.017134386995365212,0.02,0.02,chart_cl_4.csv,843,20250831_165524:843,sobol,6,23,57,89,24,14,2.1,2.3,1.3,1.5,48,0.8
6,2108,990,300,258,2023-06-13 13:00:00,2023-07-04 23:00:00,3.7599206904062354,2.4636040299645523,3.811462232823611,18.3574626700171,4.746005929489796,100.0,6,inf,6.703892162733389,,0.024489154724852576,1.1432538008014572,0.7492060108814882,0.8881302168125627,21,0.0421507127515148,0.04746005929489796,0.03673373208727886,0.04746005929489796,chart_cl_1.csv,83,20250831_165524:83,sobol,10,18,32,82,26,22,2.7,2.8,0.9,1.3,10,0.7
2,5623,289,450,739,2023-12-27 01:00:00,2024-03-22 16:00:00,3.7307448027606354,9.633908902077986,13.803030156148273,293.3496938231444,1.5949749491649512,72.72727272727273,23,36.28176237354973,1.5270355292759763,,0.005176808970027695,1.2114668619729163,0.24042558041638257,2.7898555287999685,86,0.05579711057599937,0.015949749491649512,0.02,0.02,chart_cl_4.csv,823,20250831_165524:823,sobol,12,21,53,107,12,29,3.0,1.9000000000000001,1.4000000000000001,1.5,39,0.65
6,2108,824,396,244,2023-06-07 17:00:00,2023-06-27 23:00:00,3.72908830162159,1.4051338973805148,1.800475512364409,7.11446823750236,13.063884034617073,0.0,2,0.0,-19.12476235776245,,0.064377906229151,1.0697405642293847,0.8967068157667119,0.3183496314695273,20,0.04158882667980987,0.13063884034617074,0.0965668593437265,0.13063884034617074,chart_cl_1.csv,223,20250831_165524:223,sobol,10,20,58,132,22,16,2.6,2.1,1.0,1.2000000000000002,41,0.7
7,2775,1818,300,353,2025-05-12 06:00:00,2025-06-20 18:00:00,3.700488809830244,12.039608134166423,17.08834433485098,2242.6412597648346,1.5986356860255617,100.0,17,inf,2.2312589247948362,,0.006053145687170994,1.2215961974964047,0.48806261427651193,2.265965444864386,39,0.04531930889728772,0.015986356860255617,0.02,0.02,chart_cl_3.csv,522,20250831_165524:522,sobol,6,21,37,92,15,11,2.8,2.0,1.6,1.0,50,0.75
6,2775,1354,366,344,2025-03-25 02:00:00,2025-05-05 16:00:00,3.6663508669724703,12.674289827691004,18.609288722882628,1224.346240882978,3.1170014512435866,100.0,7,inf,3.109908795703312,,0.012044079464469516,1.2726157162744878,0.4565806402707888,1.4539878703584466,41,0.0453208230199785,0.031170014512435867,0.02,0.031170014512435867,chart_cl_3.csv,651,20250831_165524:651,sobol,14,17,52,122,11,26,2.8,2.7,1.3,1.0,19,0.75
3,2108,216,300,258,2023-04-10 01:00:00,2023-05-01 11:00:00,3.617937637774088,1.4629857609324641,2.072557876237012,7.044277645590413,11.757741501046109,100.0,4,inf,6.698249275686815,,0.06137682123820105,1.0681738068350475,0.8771591891404077,0.3449047942891829,21,0.04055301413723697,0.1175774150104611,0.09206523185730157,0.1175774150104611,chart_cl_1.csv,168,20250831_165524:168,sobol,8,28,55,95,10,17,2.4000000000000004,2.8,1.5,1.3,14,0.6
4,2775,759,300,353,2025-01-06 21:00:00,2025-02-17 07:00:00,3.6132239628565572,22.38085333737351,33.731257269310795,3944.266096288073,0.8340530657477304,100.0,4,inf,5.026638926124019,,0.002663099448065323,1.4369667192939193,0.2724519600469841,2.232986679521275,41,0.04465973359042551,0.008340530657477304,0.02,0.02,chart_cl_3.csv,604,20250831_165524:604,sobol,8,28,55,95,10,17,2.4000000000000004,2.8,1.5,1.3,14,0.6
3,2108,162,342,252,2023-04-09 01:00:00,2023-04-29 23:00:00,3.600461369242839,2.2751716067609005,3.211937060817417,19.15594303603846,4.433464828487676,0.0,2,0.0,-2.6127264656098115,,0.014031176089160264,1.1488369649495926,0.7494947062037087,0.9055933629797276,20,0.04014916323682496,0.04433464828487676,0.021046764133740396,0.04433464828487676,chart_cl_1.csv,196,20250831_165524:196,sobol,13,23,54,114,13,22,1.9000000000000001,2.0,0.8,1.4000000000000001,33,0.75
6,1581,499,366,173,2025-05-05 08:00:00,2025-05-23 16:00:00,3.5977964914251968,21.59510503425147,32.09164112324829,82243.69111233529,1.5620858495199756,,1,,,,0.0035469308207789854,1.5484387452757844,0.598681219574808,1.9852601400807146,18,0.03970520280161429,0.015620858495199756,0.02,0.02,chart_cl_2.csv,406,20250831_165524:406,sobol,14,17,52,122,11,26,2.8,2.7,1.3,1.0,19,0.75
4,1581,249,300,183,2025-03-27 00:00:00,2025-04-17 04:00:00,3.5972190460294255,27.25418805912662,45.067093380573745,61989.88116574328,1.399465231532544,50.0,3,1.1063346176248163,0.029414939891437453,,0.0041400114670364545,1.6080684499986526,0.5303310497584162,2.0159956252044178,21,0.040319912504088354,0.01399465231532544,0.02,0.02,chart_cl_2.csv,265,20250831_165524:265,sobol,9,23,33,95,22,23,3.0,2.1,0.9,1.1,20,0.8
7,2775,1818,300,353,2025-05-12 06:00:00,2025-06-20 18:00:00,3.566765263159794,13.615077964711773,19.299078056031348,1993.3378364861726,1.576316856422634,100.0,18,inf,2.061173917134436,,0.004887090670234453,1.2615890886716186,0.42396674886308194,2.1835641674015673,39,0.043671283348031345,0.01576316856422634,0.02,0.02,chart_cl_3.csv,632,20250831_165524:632,sobol,12,19,34,98,18,30,2.4000000000000004,2.3,1.1,1.5,49,0.85
7,5623,3984,450,739,2025-03-09 22:00:00,2025-06-04 12:00:00,3.558393191482645,6.37834448491772,9.22152142831296,94.78411665140418,4.482067032401927,94.73684210526315,20,79.48252856921776,1.599707986741114,,0.010790247433603553,1.144641414051429,0.3528264432909609,1.1867317782713236,86,0.053190113796936125,0.04482067032401927,0.02,0.04482067032401927,chart_cl_4.csv,750,20250831_165524:750,sobol,6,28,46,125,28,22,2.6,2.4000000000000004,1.5,1.6,48,0.85
4,2775,759,300,353,2025-01-06 21:00:00,2025-02-17 07:00:00,3.549059624648794,22.830959424579646,34.63839566663151,3701.8901057891703,0.8340530657477304,100.0,3,inf,6.631458826710855,,0.0025450502504451777,1.4491109968973857,0.25818016060856475,2.1930735138258406,41,0.04386147027651681,0.008340530657477304,0.02,0.02,chart_cl_3.csv,639,20250831_165524:639,sobol,7,16,44,88,28,20,3.0,2.4000000000000004,1.4000000000000001,0.8,11,0.65
2,5623,289,450,739,2023-12-27 01:00:00,2024-03-22 16:00:00,3.478294276151153,7.631117043417477,10.890598575867532,227.01223582791775,1.7881087558807038,63.63636363636363,23,6.807358391016134,1.3854787955519345,,0.006355302999542094,1.1512542476003365,0.2934710307492836,2.598975039382509,86,0.05197950078765018,0.01788108755880704,0.02,0.02,chart_cl_4.csv,739,20250831_165524:739,sobol,7,19,59,112,27,25,2.3,1.8,1.1,0.8,24,0.85
7,2775,1818,300,353,2025-05-12 06:00:00,2025-06-20 18:00:00,3.47170198243424,11.859196264432148,16.958450137026386,1829.7857350245565,1.5628413247424169,100.0,18,inf,1.9402874355780217,,0.0050203617657603086,1.216865153858701,0.46594319851795307,2.1250091468569097,39,0.04250018293713819,0.01562841324742417,0.02,0.02,chart_cl_3.csv,617,20250831_165524:617,sobol,12,24,45,84,20,28,1.8,2.0,0.8,1.0,46,0.85
6,2775,1227,438,333,2025-03-18 12:00:00,2025-04-28 04:00:00,3.423596435154272,12.835372624694502,18.413520074141037,1200.7994791919784,2.793351962478193,90.0,11,581.4061481936137,2.3980802443637805,,0.00894599638534681,1.2380931021182382,0.450826034459772,1.5073082067997818,40,0.042104423375236566,0.02793351962478193,0.02,0.02793351962478193,chart_cl_3.csv,446,20250831_165524:446,sobol,7,25,39,146,14,28,2.9000000000000004,2.2,1.0,1.3,21,0.85
4,1581,141,375,172,2025-03-24 06:00:00,2025-04-11 12:00:00,3.3920611339678777,22.545652620937176,38.531130395661584,63943.55200188851,1.3965665996947696,75.0,5,2.9496514160970952,0.13213453643990392,,0.0035790733054420903,1.6326254231697546,0.5613551105868209,1.8713866630506237,18,0.03742773326101247,0.013965665996947697,0.02,0.02,chart_cl_2.csv,355,20250831_165524:355,sobol,9,23,39,125,19,19,1.9000000000000001,1.9000000000000001,0.9,0.8,44,0.65
2,5623,289,450,739,2023-12-27 01:00:00,2024-03-22 16:00:00,3.389482084891901,7.876606840799632,11.446543576592976,212.64400848480062,1.8140119460482127,55.00000000000001,21,5.141144830816712,1.1128811512174075,,0.006635487426949465,1.1605685792943647,0.2724473285015811,2.5318956137569835,86,0.05063791227513967,0.018140119460482128,0.02,0.02,chart_cl_4.csv,799,20250831_165524:799,sobol,13,19,47,138,25,23,2.9000000000000004,1.8,1.5,0.8,43,0.6
5,2775,1079,321,350,2025-02-14 09:00:00,2025-03-27 12:00:00,3.3343506082899466,14.186312059812781,21.539209185338443,1764.3333279499325,1.455206457913234,25.0,5,5.478716873183539,1.7435518545611508,,0.004595195164020396,1.2763654646440987,0.398236860719999,2.059582836009641,41,0.041191656720192815,0.01455206457913234,0.02,0.02,chart_cl_3.csv,550,20250831_165524:550,sobol,12,21,53,107,12,29,3.0,1.9000000000000001,1.4000000000000001,1.5,39,0.65
5,5623,2506,450,739,2024-09-13 06:00:00,2024-12-09 23:00:00,3.2774562178259483,6.209437041452049,8.236922805294748,72.5653050865677,4.98035176998622,73.91304347826086,24,4.997950194488956,1.2688069306994707,,0.017338227936180783,1.1089455321638766,0.3604856187890226,0.9865725541332463,87,0.049134783661973394,0.0498035176998622,0.026007341904271175,0.0498035176998622,chart_cl_4.csv,826,20250831_165524:826,sobol,12,21,53,107,12,29,3.0,1.9000000000000001,1.4000000000000001,1.5,39,0.65
4,1581,249,300,183,2025-03-27 00:00:00,2025-04-17 04:00:00,3.277440687596999,33.34202190258643,59.55740400884859,70918.64383355805,0.676141171731264,,1,,,,0.001732803693136869,1.881029339103152,0.41532052777576123,1.8361703274270824,21,0.03672340654854165,0.00676141171731264,0.02,0.02,chart_cl_2.csv,340,20250831_165524:340,sobol,6,23,57,89,24,14,2.1,2.3,1.3,1.5,48,0.8
7,5623,3984,450,739,2025-03-09 22:00:00,2025-06-04 12:00:00,3.2575276492276615,8.957580002785635,12.804659537184818,139.31783799158782,2.563907706423081,80.76923076923077,27,19.92736118706432,1.166484491302324,,0.005846983942309894,1.1979206937683367,0.21522781992941833,1.8973386920989088,86,0.04864601294367081,0.025639077064230808,0.02,0.025639077064230808,chart_cl_4.csv,912,20250831_165524:912,sobol,8,18,36,119,15,13,3.0,2.5,1.3,1.6,30,0.7
4,5623,1767,450,739,2024-06-19 10:00:00,2024-09-13 04:00:00,3.2456793085050353,8.908487581839,12.222264554238006,186.48714497671983,1.9021000594439088,75.0,9,41.05210236154491,2.4792721996320197,,0.0056913573809776585,1.1958846064746127,0.21394191602410023,2.4140535716706735,85,0.04828107143341347,0.019021000594439088,0.02,0.02,chart_cl_4.csv,729,20250831_165524:729,sobol,11,16,49,142,16,15,1.9000000000000001,3.0,1.2000000000000002,1.5,36,0.6
6,5623,3245,450,739,2024-12-10 01:00:00,2025-03-07 21:00:00,3.234869086418732,11.366353274797152,15.883353499475314,257.0908663533665,1.3709752200636818,100.0,10,inf,1.792104389649734,,0.003601566554049632,1.2473521433221855,0.17006600599335564,2.4244834859423827,87,0.048489669718847654,0.013709752200636818,0.02,0.02,chart_cl_4.csv,881,20250831_165524:881,sobol,14,26,33,135,30,29,2.2,2.9000000000000004,1.6,1.4000000000000001,17,0.75
5,5623,2506,450,739,2024-09-13 06:00:00,2024-12-09 23:00:00,3.222952615888934,7.636133759921291,10.41047247601311,92.20969111625915,3.795646587572468,85.18518518518519,28,8.46822650657628,1.0603723157022222,,0.01290096472853806,1.1342797598120309,0.28846683450211663,1.2727525642876445,87,0.04830918927462506,0.03795646587572468,0.02,0.03795646587572468,chart_cl_4.csv,802,20250831_165524:802,sobol,13,19,47,138,25,23,2.9000000000000004,1.8,1.5,0.8,43,0.6
2,5623,289,450,739,2023-12-27 01:00:00,2024-03-22 16:00:00,3.208788722140673,7.4875822298516574,10.776749888045021,198.2688070022548,1.7505373530862476,50.0,19,3.961728709544781,0.8765040559591466,,0.0063801011260717876,1.1530524176622288,0.261839540663835,2.3955351101218993,86,0.04791070220243799,0.017505373530862477,0.02,0.02,chart_cl_4.csv,895,20250831_165524:895,sobol,13,22,42,149,25,24,2.5,2.3,1.2000000000000002,0.9,30,0.8
7,5623,3984,450,739,2025-03-09 22:00:00,2025-06-04 12:00:00,3.1895497641300548,5.053712686303442,7.299834661261653,63.57856333988565,5.397140755976616,88.88888888888889,19,13.063216575298696,1.2516093888677506,,0.01632345033369785,1.1100986453640662,0.39497461613822776,0.8823285141299199,86,0.047620511837708795,0.053971407559766156,0.024485175500546776,0.053971407559766156,chart_cl_4.csv,804,20250831_165524:804,sobol,13,19,47,138,25,23,2.9000000000000004,1.8,1.5,0.8,43,0.6
4,1581,180,348,176,2025-03-25 06:00:00,2025-04-14 20:00:00,3.180589617845226,18.3805078944834,30.384812987815586,30346.067227194086,1.6760376676330755,50.0,3,1.1063346176248163,0.029414939891437453,,0.004655899175660923,1.4355417652568816,0.5929009950505093,1.7726143156457583,20,0.035452286312915166,0.016760376676330756,0.02,0.02,chart_cl_2.csv,257,20250831_165524:257,sobol,12,28,30,116,25,18,2.6,2.6,1.6,1.0,39,0.65
4,1581,243,303,182,2025-03-26 18:00:00,2025-04-16 20:00:00,3.1678875694535065,32.22348035969648,55.19640777145239,59967.575003162805,0.6740717869520041,,1,,,,0.001739025484451205,1.860964526770059,0.4045592005823568,1.7745912747422765,21,0.03549182549484553,0.006740717869520041,0.02,0.02,chart_cl_2.csv,366,20250831_165524:366,sobol,6,20,50,101,14,10,2.7,2.2,1.0,1.1,38,0.65
5,2775,1056,336,348,2025-02-13 17:00:00,2025-03-26 16:00:00,3.1604733328761423,13.732082925887898,20.463505948283156,1193.5075438681743,1.8385390923472749,75.0,9,41.531049988140495,1.5045265926375126,,0.005009079892781048,1.2378575628153174,0.3985970845342813,1.9424988052996688,40,0.038849976105993375,0.018385390923472748,0.02,0.02,chart_cl_3.csv,480,20250831_165524:480,sobol,7,19,59,112,27,25,2.3,1.8,1.1,0.8,24,0.85
7,2775,1698,366,344,2025-05-05 18:00:00,2025-06-13 10:00:00,3.1531795344539337,11.339882379665054,16.1436135079981,1285.5682277108954,1.7598122243067327,100.0,9,inf,3.1589572982427545,,0.006252015090601886,1.229912011145018,0.43393785987136085,1.9199202893278657,38,0.038398405786557316,0.017598122243067327,0.02,0.02,chart_cl_3.csv,652,20250831_165524:652,sobol,14,17,52,122,11,26,2.8,2.7,1.3,1.0,19,0.75
7,5623,3984,450,739,2025-03-09 22:00:00,2025-06-04 12:00:00,3.1490303738387153,7.125148921375086,10.44331703540824,86.41265062102723,3.8763596240763247,81.81818181818183,23,8.973616418227273,1.104390999571682,,0.01526382303482079,1.1729518136246007,0.2650851922374797,1.2127216983565483,86,0.04700945426750592,0.03876359624076325,0.022895734552231185,0.03876359624076325,chart_cl_4.csv,966,20250831_165524:966,sobol,10,27,35,80,14,26,2.8,3.0,1.1,0.9,42,0.6
6,5623,3245,450,739,2024-12-10 01:00:00,2025-03-07 21:00:00,3.1457743768712416,9.602421469233185,13.375863012288747,189.4495219381659,1.7646704154409356,50.0,15,6.909873946111733,1.9681741312261236,,0.005621563690637175,1.1771717824775345,0.21186553148321097,2.3570310792191065,87,0.04714062158438213,0.017646704154409356,0.02,0.02,chart_cl_4.csv,893,20250831_165524:893,sobol,8,28,55,95,10,17,2.4000000000000004,2.8,1.5,1.3,14,0.6
3,2108,216,300,258,2023-04-10 01:00:00,2023-05-01 11:00:00,3.145276715755924,1.3502751314333943,1.894320338917696,5.879224371818317,11.765339289775396,100.0,4,inf,6.083565341225158,,0.06342317740421934,1.0648371786020179,0.8598486904089854,0.2995040890047446,21,0.03523767225815909,0.11765339289775395,0.09513476610632901,0.11765339289775395,chart_cl_1.csv,141,20250831_165524:141,sobol,11,27,51,99,12,24,2.0,2.5,1.0,0.8,12,0.7
5,1581,356,348,176,2025-04-14 22:00:00,2025-05-06 12:00:00,3.114890169045475,25.01130876883089,56.71976432389482,65751.30667581805,0.6812295275988405,,1,,,,0.0013835702817882342,2.25756259028644,0.43172859109135375,1.7448068264967629,21,0.03489613652993526,0.006812295275988405,0.02,0.02,chart_cl_2.csv,258,20250831_165524:258,sobol,12,28,30,116,25,18,2.6,2.6,1.6,1.0,39,0.65
7,5623,3984,450,739,2025-03-09 22:00:00,2025-06-04 12:00:00,3.112191660008841,5.60961871325244,8.035130085557412,82.99213412520429,3.9481032962134446,71.42857142857143,22,12.427716574895301,1.018525963011852,,0.010700049669214572,1.1248382468441656,0.3437831532686675,1.176616624610784,86,0.04645403974005374,0.03948103296213445,0.02,0.03948103296213445,chart_cl_4.csv,690,20250831_165524:690,sobol,14,23,49,104,26,16,2.8,2.2,0.8,1.5,29,0.7
4,5623,1767,450,739,2024-06-19 10:00:00,2024-09-13 04:00:00,3.109152457800536,14.32908013261444,21.75023811161331,372.7579332962145,0.877417264113133,100.0,24,inf,0.8708311843367843,,0.0025082156898365193,1.3368827248174913,0.10779015090313851,2.3115061277003197,85,0.046230122554006395,0.00877417264113133,0.02,0.02,chart_cl_4.csv,675,20250831_165524:675,sobol,9,26,54,74,16,27,2.7,2.5,1.5,0.9,31,0.8
4,5623,1767,450,739,2024-06-19 10:00:00,2024-09-13 04:00:00,3.1004378468634037,9.291274525585543,12.97482968665454,181.11943128332152,1.7963624806762077,100.0,13,inf,2.0454766355727063,,0.005383009758453073,1.2356423144127886,0.17521952262147666,2.3049634362075673,85,0.04609926872415135,0.017963624806762078,0.02,0.02,chart_cl_4.csv,951,20250831_165524:951,sobol,11,27,40,106,16,23,2.1,3.0,1.6,0.9,24,0.8
4,5623,1767,450,739,2024-06-19 10:00:00,2024-09-13 04:00:00,3.0999246959877778,8.224790766059852,11.338224380717882,160.9975517617567,2.0202529582604414,100.0,5,inf,4.591744091769663,,0.005804301830932145,1.2128372852909122,0.21631811336125284,2.2814748799901023,85,0.046091563754968895,0.020202529582604413,0.02,0.020202529582604413,chart_cl_4.csv,945,20250831_165524:945,sobol,14,17,52,122,11,26,2.8,2.7,1.3,1.0,19,0.75
2,5623,289,450,739,2023-12-27 01:00:00,2024-03-22 16:00:00,3.084314692526371,7.676950866287505,11.318548563624729,189.19606406110034,1.703066978920119,50.0,19,4.076070950807642,0.8163718248129488,,0.00612163736349627,1.1550296235027346,0.24800941920226371,2.3016913492705364,86,0.04603382698541073,0.01703066978920119,0.02,0.02,chart_cl_4.csv,697,20250831_165524:697,sobol,7,25,39,146,14,28,2.9000000000000004,2.2,1.0,1.3,21,0.85
6,2775,1437,318,351,2025-03-28 00:00:00,2025-05-09 04:00:00,3.059073027429599,10.495719506135796,15.70594641735953,801.9541514567806,2.4001609882027273,100.0,12,inf,2.0122157545301875,,0.009305424247866774,1.2130402936593538,0.4295267793797282,1.5810155724212647,42,0.03794691898666523,0.024001609882027274,0.02,0.024001609882027274,chart_cl_3.csv,656,20250831_165524:656,sobol,11,27,40,106,16,23,2.1,3.0,1.6,0.9,24,0.8
3,2108,200,312,256,2023-04-09 17:00:00,2023-04-30 23:00:00,3.0368911379826784,1.8458242610996058,2.5950867526276085,13.397116031636372,4.9890644119399,0.0,2,0.0,-4.196631278937393,,0.016559497795132265,1.112063915844283,0.7538935983194184,0.6818823428470904,21,0.034019549298286204,0.049890644119399,0.024839246692698397,0.049890644119399,chart_cl_1.csv,10,20250831_165524:10,sobol,14,23,49,104,26,16,2.8,2.2,0.8,1.5,29,0.7
4,1581,249,300,183,2025-03-27 00:00:00,2025-04-17 04:00:00,3.0326443135958527,29.714626009082295,49.474072795544494,45105.735719501274,0.6740717869520041,,1,,,,0.0017507542456788232,1.7434868442946674,0.4071592781129538,1.6985912851518041,21,0.033971825703036085,0.006740717869520041,0.02,0.02,chart_cl_2.csv,253,20250831_165524:253,sobol,12,19,58,92,30,11,1.8,3.0,1.3,0.9,43,0.7
2,5623,289,450,739,2023-12-27 01:00:00,2024-03-22 16:00:00,3.00244766566247,7.153345195943416,10.165731025577932,154.14598161711217,1.989050660510196,50.0,19,4.863157313849682,1.2176244766112068,,0.006329139946731686,1.1469405263543568,0.25787773570546635,2.2400103171481978,86,0.04480020634296396,0.01989050660510196,0.02,0.02,chart_cl_4.csv,865,20250831_165524:865,sobol,9,23,39,125,19,19,1.9000000000000001,1.9000000000000001,0.9,0.8,44,0.65
4,2775,609,405,338,2024-12-31 03:00:00,2025-02-10 07:00:00,2.9753267195513673,24.563734392640924,38.390204225617275,3171.873736797106,0.6272149650063246,,1,,,,0.0011375089871560422,1.8679186951750195,0.187831784468922,1.8366021065193403,41,0.036732042130386805,0.006272149650063246,0.02,0.02,chart_cl_3.csv,494,20250831_165524:494,sobol,10,24,55,135,18,12,2.8,2.4000000000000004,0.8,1.0,12,0.65
2,5623,289,450,739,2023-12-27 01:00:00,2024-03-22 16:00:00,2.961487539098873,7.618512742776269,10.822521881098394,163.99620179895314,1.8232608467246916,63.63636363636363,23,5.788330436304224,1.011170912860013,,0.006473975036995785,1.1565319972918398,0.2362560736983859,2.2091617685065232,86,0.04418323537013046,0.018232608467246916,0.02,0.02,chart_cl_4.csv,925,20250831_165524:925,sobol,13,23,54,114,13,22,1.9000000000000001,2.0,0.8,1.4000000000000001,33,0.75
5,2775,1112,300,353,2025-02-17 09:00:00,2025-03-28 18:00:00,2.922046618361881,15.852355261573221,24.932236742518274,1610.9060616057764,1.0207478271541712,63.63636363636363,12,19.190461874738062,2.277867082754115,,0.00424715420316115,1.3431593757930802,0.29335233071101174,1.7868282456466829,39,0.03573656491293366,0.010207478271541712,0.02,0.02,chart_cl_3.csv,645,20250831_165524:645,sobol,6,24,30,76,28,13,2.0,1.8,0.9,1.6,35,0.6
6,5623,3245,450,739,2024-12-10 01:00:00,2025-03-07 21:00:00,2.891637138895032,8.568555784560974,11.63983558158151,140.65707739102513,2.0359650471572617,54.54545454545454,12,5.929027265101752,1.9313169810264281,,0.005815812768731414,1.1533469282689166,0.21241173405719554,2.1265964239240356,87,0.043296759885189634,0.020359650471572618,0.02,0.020359650471572618,chart_cl_4.csv,935,20250831_165524:935,sobol,7,16,44,88,28,20,3.0,2.4000000000000004,1.4000000000000001,0.8,11,0.65
6,5623,3245,450,739,2024-12-10 01:00:00,2025-03-07 21:00:00,2.8818053496879106,7.850982210177127,10.448708064806114,175.1277557838104,1.6252489571303503,72.72727272727273,12,10.35655199050052,2.2023875377432427,,0.004591167312399949,1.1501273229600797,0.21909514912673944,2.157408906029469,87,0.04314817812058938,0.016252489571303503,0.02,0.02,chart_cl_4.csv,743,20250831_165524:743,sobol,7,19,59,112,27,25,2.3,1.8,1.1,0.8,24,0.85
7,5623,3984,450,739,2025-03-09 22:00:00,2025-06-04 12:00:00,2.875268602514535,4.513663793840989,6.137414228358047,55.243858738591676,5.13123426761833,90.47619047619048,22,6.548598193329323,0.9522423030873592,,0.015045185353819232,1.0818701579672456,0.4137494339706691,0.8357651436611893,86,0.04288506744835251,0.0513123426761833,0.022567778030728847,0.0513123426761833,chart_cl_4.csv,684,20250831_165524:684,sobol,11,20,44,128,21,14,2.2,1.9000000000000001,1.1,1.4000000000000001,14,0.6
2,5623,289,450,739,2023-12-27 01:00:00,2024-03-22 16:00:00,2.872198950822354,8.218541233428763,11.757785141684156,177.7076756366433,1.5920922939732365,65.0,21,6.792710414212553,0.9549502021492667,,0.004916599065689762,1.1688350138286858,0.20889846910467125,2.1419430943833806,86,0.04283886188766761,0.015920922939732365,0.02,0.02,chart_cl_4.csv,955,20250831_165524:955,sobol,10,20,58,132,22,16,2.6,2.1,1.0,1.2000000000000002,41,0.7
4,5623,1767,450,739,2024-06-19 10:00:00,2024-09-13 04:00:00,2.86638270900836,7.348571782956076,10.031923099813605,134.9065308347163,2.0896083758213426,100.0,6,inf,3.218667959229299,,0.006072566754876731,1.1736621851167233,0.22980385130366268,2.0380617039072004,85,0.04258750806925203,0.020896083758213425,0.02,0.020896083758213425,chart_cl_4.csv,693,20250831_165524:693,sobol,6,17,34,138,11,25,2.0,2.9000000000000004,1.4000000000000001,1.2000000000000002,45,0.8
5,2775,1112,300,353,2025-02-17 09:00:00,2025-03-28 18:00:00,2.860792326221089,14.246211239141912,21.381112153034625,975.2610345549438,1.5834071584171965,87.5,9,40.43129366387966,2.711098401531531,,0.0042646204906685,1.2937034951762785,0.31983353511089335,1.749181475579413,39,0.03498362951158826,0.015834071584171966,0.02,0.02,chart_cl_3.csv,520,20250831_165524:520,sobol,6,21,37,92,15,11,2.8,2.0,1.6,1.0,50,0.75
6,2108,904,351,251,2023-06-10 15:00:00,2023-07-01 11:00:00,2.8400981302687,3.2010586766640543,4.472147262896383,23.21118299971924,2.715019658697684,100.0,6,inf,3.079494810600747,,0.0058642213280955076,1.1900107032299012,0.5658210554365002,1.1656000265592608,20,0.03164626986286935,0.027150196586976837,0.02,0.027150196586976837,chart_cl_1.csv,233,20250831_165524:233,sobol,10,21,47,117,29,13,2.0,2.1,1.5,1.3,23,0.8
2,5623,289,450,739,2023-12-27 01:00:00,2024-03-22 16:00:00,2.8081494327604517,7.180644497047384,10.229493398586698,153.11290013394907,1.7750580112623162,45.0,21,5.103657402886163,1.1190410122302388,,0.005527543727769448,1.1503506994780337,0.23078015713752212,2.0937484830495996,86,0.041874969660991995,0.017750580112623163,0.02,0.02,chart_cl_4.csv,829,20250831_165524:829,sobol,13,25,35,120,17,20,2.2,2.2,1.4000000000000001,1.2000000000000002,45,0.6
4,5623,1767,450,739,2024-06-19 10:00:00,2024-09-13 04:00:00,2.7819426334636974,9.75415209512606,13.806711034956658,155.90260089119462,1.7146419101243717,93.33333333333333,16,54.81282864697082,1.281018480069559,,0.0063849668639870474,1.2195100716375813,0.1546458669615831,2.066092005448276,85,0.041321840108965516,0.017146419101243718,0.02,0.02,chart_cl_4.csv,777,20250831_165524:777,sobol,10,18,32,82,26,22,2.7,2.8,0.9,1.3,10,0.7
6,2108,796,414,242,2023-06-06 21:00:00,2023-06-26 23:00:00,2.77996938492488,1.1240671058626597,1.4537180643337984,4.9146007196993295,13.075470880194546,0.0,3,0.0,-14.022585050842721,,0.06494551536932565,1.056424632046196,0.8862853935726921,0.23688950268012807,20,0.03097441794117782,0.13075470880194545,0.09741827305398848,0.13075470880194545,chart_cl_1.csv,101,20250831_165524:101,sobol,13,19,47,138,25,23,2.9000000000000004,1.8,1.5,0.8,43,0.6
2,5623,289,450,739,2023-12-27 01:00:00,2024-03-22 16:00:00,2.779506800557563,6.649486774013894,9.436927731489746,133.24190366760368,2.003158156386289,50.0,19,3.6541825972467548,1.0966980328367555,,0.0076575917839604235,1.1326575151096432,0.25469070193034676,2.068935419404662,86,0.04144404860416936,0.020031581563862887,0.02,0.020031581563862887,chart_cl_4.csv,859,20250831_165524:859,sobol,9,20,31,144,29,17,2.8,2.0,1.6,1.4000000000000001,31,0.8
6,2775,1465,300,353,2025-03-28 20:00:00,2025-05-12 04:00:00,2.7759276530749006,14.738467073935832,21.883500330787673,727.1046612867849,1.945927748585272,100.0,13,inf,2.2843677160028233,,0.012218458947051774,1.3481880588256305,0.2889976171648562,1.7366620416561804,44,0.03473324083312361,0.01945927748585272,0.02,0.02,chart_cl_3.csv,451,20250831_165524:451,sobol,12,19,58,92,30,11,1.8,3.0,1.3,0.9,43,0.7
4,2775,666,366,344,2025-01-02 15:00:00,2025-02-12 07:00:00,2.7683972486719766,20.626498555405515,31.351955927030108,2270.085752169264,0.6671302520750249,,1,,,,0.001470924357647181,1.6097189997662118,0.20637038931674978,1.7003139001067102,40,0.0340062780021342,0.006671302520750249,0.02,0.02,chart_cl_3.csv,649,20250831_165524:649,sobol,14,17,52,122,11,26,2.8,2.7,1.3,1.0,19,0.75
5,1581,366,342,177,2025-04-15 06:00:00,2025-05-06 22:00:00,2.761669963601082,16.884068824685208,29.159245875280064,10561.462973220066,2.0723518091202724,100.0,3,inf,0.6651960167845069,,0.0057095218587074024,1.463721883170437,0.5211330004885885,1.492392718695738,21,0.030927627505070342,0.020723518091202722,0.02,0.020723518091202722,chart_cl_2.csv,393,20250831_165524:393,sobol,13,23,54,114,13,22,1.9000000000000001,2.0,0.8,1.4000000000000001,33,0.75
5,1581,389,327,179,2025-04-15 22:00:00,2025-05-07 18:00:00,2.7328857318710447,18.33008568076194,31.70176035858561,16321.942084042354,1.1945038615156194,,1,,,,0.0027181460585241186,1.6181227321152127,0.47161514244509695,1.5302179212083562,21,0.030604358424167127,0.011945038615156193,0.02,0.02,chart_cl_2.csv,292,20250831_165524:292,sobol,10,17,43,109,23,30,2.0,2.7,1.4000000000000001,1.2000000000000002,34,0.75
5,2775,1046,342,347,2025-02-13 09:00:00,2025-03-26 06:00:00,2.7261513806318534,13.676530134662917,20.764335949123044,970.2979297467155,1.455206457913234,33.33333333333333,4,10.895260537853515,2.189859249713647,,0.0038215705117299096,1.2761513170943481,0.3309009972205205,1.674239067441826,40,0.03348478134883652,0.01455206457913234,0.02,0.02,chart_cl_3.csv,635,20250831_165524:635,sobol,13,23,54,114,13,22,1.9000000000000001,2.0,0.8,1.4000000000000001,33,0.75
7,2775,1818,300,353,2025-05-12 06:00:00,2025-06-20 18:00:00,2.720135878159057,14.306460275394402,20.6551706528681,1482.1801393754101,0.9009717329527404,100.0,13,inf,2.102392905997127,,0.003643327108672189,1.2667164989929431,0.30522534354357017,1.6627650600087183,39,0.033255301200174364,0.009009717329527404,0.02,0.02,chart_cl_3.csv,567,20250831_165524:567,sobol,6,23,57,89,24,14,2.1,2.3,1.3,1.5,48,0.8
6,5623,3245,450,739,2024-12-10 01:00:00,2025-03-07 21:00:00,2.7186578607755054,9.036836331878304,12.456856660210237,193.18532440741063,1.3290102928181111,40.0,21,5.194031696556836,1.229481498285954,,0.004972009027807663,1.172992710922322,0.1809886327112739,2.034199739771404,87,0.04068399479542808,0.013290102928181112,0.02,0.02,chart_cl_4.csv,779,20250831_165524:779,sobol,10,18,32,82,26,22,2.7,2.8,0.9,1.3,10,0.7
5,2775,934,414,337,2025-02-10 01:00:00,2025-03-20 02:00:00,2.7159241536949477,19.80400270836269,34.52899842500447,1650.7221520562337,0.9220247469527758,0.0,5,0.0,-0.49663157463494423,,0.002382151212840116,1.4846841972269014,0.23706507772898938,1.6524289950799322,38,0.033048579901598645,0.009220247469527758,0.02,0.02,chart_cl_3.csv,530,20250831_165524:530,sobol,13,19,47,138,25,23,2.9000000000000004,1.8,1.5,0.8,43,0.6
6,2775,1285,405,338,2025-03-20 14:00:00,2025-04-30 16:00:00,2.706210348967062,11.771568417972489,16.736407610809433,690.7163974327216,2.161517747020141,100.0,13,inf,2.0218711627272334,,0.009887562655559998,1.2103478985401197,0.3735387865038744,1.5448896536705103,41,0.03339306403596608,0.021615177470201412,0.02,0.021615177470201412,chart_cl_3.csv,496,20250831_165524:496,sobol,10,24,55,135,18,12,2.8,2.4000000000000004,0.8,1.0,12,0.65
7,5623,3984,450,739,2025-03-09 22:00:00,2025-06-04 12:00:00,2.7052542579408536,4.578156284600077,6.354752700786328,46.97243649261503,5.4190229809255825,85.0,21,3.544767565693057,0.9788196311772148,,0.016895741384372512,1.099383404863363,0.36481301008700595,0.7441803313207171,86,0.040327303173797804,0.05419022980925583,0.025343612076558768,0.05419022980925583,chart_cl_4.csv,726,20250831_165524:726,sobol,9,23,33,95,22,23,3.0,2.1,0.9,1.1,20,0.8
7,5623,3984,450,739,2025-03-09 22:00:00,2025-06-04 12:00:00,2.6752636392985494,5.400695600142714,7.836643433553988,59.594121580450164,4.189489411249696,95.23809523809523,22,46.04303509681716,1.1866745790615378,,0.011494649720952944,1.1308460171271293,0.29195030793092347,0.9518200166591229,86,0.03987639881208904,0.04189489411249696,0.02,0.04189489411249696,chart_cl_4.csv,756,20250831_165524:756,sobol,14,21,37,78,13,19,2.1,2.0,1.2000000000000002,1.1,26,0.65
5,2775,993,375,342,2025-02-11 17:00:00,2025-03-24 04:00:00,2.6454951455164863,12.834695186847238,18.877748337589757,682.3587718315198,1.9807507761660879,57.14285714285714,8,1.722542772272515,0.16274134953655708,,0.005257130384453399,1.2284193768300153,0.3482452454844332,1.6244677495544775,40,0.03248935499108955,0.01980750776166088,0.02,0.02,chart_cl_3.csv,585,20250831_165524:585,sobol,9,23,39,125,19,19,1.9000000000000001,1.9000000000000001,0.9,0.8,44,0.65
3,2108,151,351,251,2023-04-08 21:00:00,2023-04-29 17:00:00,2.640441799120543,1.6847129036357658,2.3525289387704547,11.541911553932671,4.9890644119399,0.0,2,0.0,-4.196631278937393,,0.016471742204667322,1.1081292025957448,0.7331233907420717,0.5896036952961154,20,0.029415708133501063,0.049890644119399,0.024707613307000983,0.049890644119399,chart_cl_1.csv,230,20250831_165524:230,sobol,10,21,47,117,29,13,2.0,2.1,1.5,1.3,23,0.8
7,5623,3984,450,739,2025-03-09 22:00:00,2025-06-04 12:00:00,2.6348800927240785,5.115598492863966,6.926403374979986,56.93077345497912,4.271979452900949,95.0,21,10.787401840405124,1.205526320405877,,0.009991838438841487,1.1011992153560306,0.3144173112748624,0.9192313442701326,86,0.03926937415184525,0.04271979452900949,0.02,0.04271979452900949,chart_cl_4.csv,822,20250831_165524:822,sobol,8,28,45,131,27,10,1.9000000000000001,2.6,1.1,1.0,15,0.85
5,2775,1112,300,353,2025-02-17 09:00:00,2025-03-28 18:00:00,2.6073158907029295,12.485711580512497,18.466358150662497,620.8340640991469,1.912043476101624,62.5,9,13.57522561157348,2.4142817507846095,,0.005069650025614629,1.2506780030979716,0.3268859926114739,1.5934817710110092,39,0.031869635420220185,0.01912043476101624,0.02,0.02,chart_cl_3.csv,615,20250831_165524:615,sobol,12,24,45,84,20,28,1.8,2.0,0.8,1.0,46,0.85
7,5623,3984,450,739,2025-03-09 22:00:00,2025-06-04 12:00:00,2.5971236714878727,5.8815173006095485,8.527173813900385,64.98144886430828,3.651371912141219,70.58823529411765,18,12.482476530040962,1.0598759861938745,,0.008349890617087088,1.1636872680728079,0.2529843395774745,1.0599298284346834,86,0.03870198004387065,0.03651371912141219,0.02,0.03651371912141219,chart_cl_4.csv,798,20250831_165524:798,sobol,7,25,36,101,20,16,1.8,2.7,1.2000000000000002,1.3,23,0.75
6,2108,990,300,258,2023-06-13 13:00:00,2023-07-04 23:00:00,2.5894000732972415,2.014780309635644,3.264367538147978,16.814071249646048,3.23193610825789,100.0,4,inf,5.849173294102879,,0.0076523926968212865,1.167163216203035,0.6288326683636452,0.8970843305462493,21,0.028993192400447794,0.0323193610825789,0.02,0.0323193610825789,chart_cl_1.csv,180,20250831_165524:180,sobol,12,24,45,84,20,28,1.8,2.0,0.8,1.0,46,0.85
7,2775,1545,447,332,2025-04-25 18:00:00,2025-06-04 10:00:00,2.5784546711285485,7.025705393913175,9.97628843608933,276.60172065063665,4.947746576041564,85.71428571428571,8,38.80115977067797,2.464928250396572,,0.018650384785954804,1.1205566221329086,0.5532842409668207,0.6369616409884384,39,0.03151524778270363,0.049477465760415645,0.027975577178932204,0.049477465760415645,chart_cl_3.csv,612,20250831_165524:612,sobol,13,22,42,149,25,24,2.5,2.3,1.2000000000000002,0.9,30,0.8
4,5623,1767,450,739,2024-06-19 10:00:00,2024-09-13 04:00:00,2.546923479016718,8.433230788195468,11.845895714086307,141.70824027788407,1.6197710455934238,100.0,11,inf,1.8726161072916745,,0.006315050799113361,1.1780643282823986,0.1692122749495195,1.8901347729616633,85,0.03780269545923327,0.01619771045593424,0.02,0.02,chart_cl_4.csv,891,20250831_165524:891,sobol,8,28,55,95,10,17,2.4000000000000004,2.8,1.5,1.3,14,0.6
2,5623,289,450,739,2023-12-27 01:00:00,2024-03-22 16:00:00,2.5226467845418545,6.706580674465882,9.309235914732213,127.66739230051823,1.7690979626990617,64.28571428571429,29,5.685131797165099,0.8597893207765197,,0.0064731753119565754,1.1336097863202534,0.2270150909016793,1.8791579637104183,86,0.03758315927420837,0.017690979626990618,0.02,0.02,chart_cl_4.csv,901,20250831_165524:901,sobol,12,24,45,84,20,28,1.8,2.0,0.8,1.0,46,0.85
7,5623,3984,450,739,2025-03-09 22:00:00,2025-06-04 12:00:00,2.5093215107449724,7.014822875023849,9.888368980358601,94.53539862517846,2.367938316755086,85.0,21,55.45872496582793,1.2466299974024933,,0.011119897330319675,1.1678508665631169,0.21523899298147264,1.5787167031406661,86,0.037383037726680474,0.023679383167550857,0.02,0.023679383167550857,chart_cl_4.csv,780,20250831_165524:780,sobol,10,18,32,82,26,22,2.7,2.8,0.9,1.3,10,0.7
5,5623,2506,450,739,2024-09-13 06:00:00,2024-12-09 23:00:00,2.5004977867725615,5.083428375066602,6.691862631478197,48.95403920695684,4.54579149153739,58.620689655172406,30,3.037224399942289,0.7774113583274348,,0.014393512567520615,1.0928365780090437,0.3179857231022484,0.8225832813460864,87,0.037392920814239464,0.0454579149153739,0.021590268851280923,0.0454579149153739,chart_cl_4.csv,808,20250831_165524:808,sobol,12,22,42,71,30,26,2.3,2.1,1.3,1.2000000000000002,36,0.7
7,2775,1713,357,345,2025-05-06 06:00:00,2025-06-16 00:00:00,2.4925956506916975,7.75736255016614,10.603383509060428,349.6559427803922,3.200140762691844,100.0,8,inf,1.5492904951179154,,0.009077548438129444,1.1306041213705702,0.49233805380549617,0.9563056010350638,40,0.030603125354628315,0.03200140762691844,0.02,0.03200140762691844,chart_cl_3.csv,507,20250831_165524:507,sobol,10,24,50,119,10,20,2.2,2.3,1.2000000000000002,0.9,34,0.85
6,5623,3245,450,739,2024-12-10 01:00:00,2025-03-07 21:00:00,2.4745949939284713,9.337424633333363,12.596878000660123,134.8631859822451,1.6215894827511872,100.0,11,inf,1.8575111858687634,,0.004095199514143955,1.191109563578048,0.1414217728222644,1.8501233697582136,87,0.037002467395164274,0.016215894827511873,0.02,0.02,chart_cl_4.csv,947,20250831_165524:947,sobol,14,17,52,122,11,26,2.8,2.7,1.3,1.0,19,0.75
4,5623,1767,450,739,2024-06-19 10:00:00,2024-09-13 04:00:00,2.470421638112929,5.832121794381842,7.928601866435814,108.7124888329878,2.0060059579795966,68.75,17,8.390384061208962,1.2477442788720268,,0.006980897877380736,1.1225464346903806,0.2602204369647736,1.8274269134553776,85,0.03665829276163752,0.020060059579795966,0.02,0.020060059579795966,chart_cl_4.csv,963,20250831_165524:963,sobol,10,27,35,80,14,26,2.8,3.0,1.1,0.9,42,0.6
7,2775,1818,300,353,2025-05-12 06:00:00,2025-06-20 18:00:00,2.4174117834284004,9.612548922640382,13.343072621238473,582.011903705417,1.6681364527374585,94.73684210526315,20,24.39137164367706,1.2781372225672718,,0.008163186460708582,1.182559312511307,0.3829027715762795,1.4769230379604912,39,0.029538460759209826,0.016681364527374586,0.02,0.02,chart_cl_3.csv,537,20250831_165524:537,sobol,12,22,42,71,30,26,2.3,2.1,1.3,1.2000000000000002,36,0.7
5,1581,402,318,180,2025-04-16 06:00:00,2025-05-08 04:00:00,2.3982103994911426,14.216276677641643,22.639008804178257,6744.914907532924,1.4800467564175672,,1,,,,0.0032417211380064074,1.4278189745921048,0.490246199784014,1.3423557973693592,21,0.026847115947387184,0.014800467564175673,0.02,0.02,chart_cl_2.csv,409,20250831_165524:409,sobol,11,27,40,106,16,23,2.1,3.0,1.6,0.9,24,0.8
6,1581,615,300,183,2025-05-09 12:00:00,2025-05-30 18:00:00,2.396481963057181,14.363770577064981,20.435530993523276,5896.38822397763,1.5633617220735652,100.0,7,inf,3.181045914079355,,0.00485517806515409,1.2858213879920177,0.5159307480748891,1.3413859194231554,21,0.02682771838846311,0.01563361722073565,0.02,0.02,chart_cl_2.csv,237,20250831_165524:237,sobol,9,26,54,74,16,27,2.7,2.5,1.5,0.9,31,0.8
7,2775,1818,300,353,2025-05-12 06:00:00,2025-06-20 18:00:00,2.3944656382891596,9.42520683580587,13.228064630034194,531.5992913613659,1.7820185307250436,94.44444444444444,19,22.17348576710079,1.2676520792235575,,0.008561296931404309,1.1811773194354538,0.38408947272958466,1.462844517793263,39,0.02925689035586526,0.017820185307250436,0.02,0.02,chart_cl_3.csv,647,20250831_165524:647,sobol,6,24,30,76,28,13,2.0,1.8,0.9,1.6,35,0.6
5,5623,2506,450,739,2024-09-13 06:00:00,2024-12-09 23:00:00,2.372138197618335,4.691499107954308,6.104201818162711,39.53256409785328,5.158524951795164,54.166666666666664,25,2.8223110382727756,0.8416201582441352,,0.018166109635172727,1.0855972903698565,0.3277560625520887,0.6873804141960159,87,0.03545869018005443,0.05158524951795165,0.02724916445275909,0.05158524951795165,chart_cl_4.csv,928,20250831_165524:928,sobol,13,23,54,114,13,22,1.9000000000000001,2.0,0.8,1.4000000000000001,33,0.75
5,2775,1112,300,353,2025-02-17 09:00:00,2025-03-28 18:00:00,2.3507090553487338,12.864408128184397,19.21796729905203,576.387909605381,1.5680653492463916,54.54545454545454,12,11.857633232199682,1.7358982393564393,,0.004648653259804198,1.2623959377639702,0.28291408539491636,1.4360009944886183,39,0.028720019889772366,0.015680653492463916,0.02,0.02,chart_cl_3.csv,490,20250831_165524:490,sobol,14,21,37,78,13,19,2.1,2.0,1.2000000000000002,1.1,26,0.65
4,2775,759,300,353,2025-01-06 21:00:00,2025-02-17 07:00:00,2.3289938386244673,17.18857904552454,23.985444662927414,1220.2542235196233,0.7235313928438983,40.0,6,16.681875442302616,2.2636588427761524,,0.002035287127536965,1.3606765264397103,0.1775832487254876,1.4359210149420825,41,0.02871842029884165,0.007235313928438983,0.02,0.02,chart_cl_3.csv,509,20250831_165524:509,sobol,10,18,32,82,26,22,2.7,2.8,0.9,1.3,10,0.7
7,5623,3984,450,739,2025-03-09 22:00:00,2025-06-04 12:00:00,2.3150583403627336,4.658239175750727,6.728108923655956,45.51877922356658,4.305863978103915,60.0,16,9.12607815123796,1.274372295447528,,0.010956480967456847,1.1289410591801856,0.28153076369239427,0.8004777354453165,86,0.03446748246328184,0.043058639781039146,0.02,0.043058639781039146,chart_cl_4.csv,954,20250831_165524:954,sobol,11,27,40,106,16,23,2.1,3.0,1.6,0.9,24,0.8
6,5623,3245,450,739,2024-12-10 01:00:00,2025-03-07 21:00:00,2.3121748021442556,5.662455912255386,7.592419527092784,95.84337520542734,2.0408545358048626,71.42857142857143,8,4.206522564909939,2.0421833073832447,,0.005951152214166899,1.1026828424670212,0.2552770732783975,1.6931954884984446,87,0.034555656927063805,0.020408545358048626,0.02,0.020408545358048626,chart_cl_4.csv,929,20250831_165524:929,sobol,13,23,54,114,13,22,1.9000000000000001,2.0,0.8,1.4000000000000001,33,0.75
5,2775,1112,300,353,2025-02-17 09:00:00,2025-03-28 18:00:00,2.309109715487934,14.570239529052596,22.561833632970075,937.1913761469812,0.9220247469527758,63.63636363636363,12,15.548958749244369,1.821866561248514,,0.0037566605510229653,1.3096172243046569,0.24005012124220992,1.4104847302398273,39,0.028209694604796547,0.009220247469527758,0.02,0.02,chart_cl_3.csv,535,20250831_165524:535,sobol,12,22,42,71,30,26,2.3,2.1,1.3,1.2000000000000002,36,0.7
3,2108,216,300,258,2023-04-10 01:00:00,2023-05-01 11:00:00,2.3006120548724254,1.4780408268106218,2.1026516252701635,10.778196988964718,4.372684575163864,100.0,3,inf,4.367889894377167,,0.011517851835126847,1.0878961244658263,0.729947905924601,0.5889269399929795,21,0.02575191746405756,0.043726845751638634,0.02,0.043726845751638634,chart_cl_1.csv,89,20250831_165524:89,sobol,6,21,37,92,15,11,2.8,2.0,1.6,1.0,50,0.75
5,2775,960,396,339,2025-02-10 17:00:00,2025-03-20 22:00:00,2.2946591125972304,8.692014652356299,12.033142219451006,317.17474108796927,2.974226264054879,100.0,5,inf,1.152719569329207,,0.009799840348990344,1.1494543704726454,0.42774575351809985,0.9381273890444571,38,0.027902031195252537,0.02974226264054879,0.02,0.02974226264054879,chart_cl_3.csv,660,20250831_165524:660,sobol,10,20,58,132,22,16,2.6,2.1,1.0,1.2000000000000002,41,0.7
7,2775,1545,447,332,2025-04-25 18:00:00,2025-06-04 10:00:00,2.2865142521840314,9.055762838342938,12.742475797855686,554.0043560653369,1.7816803997364012,100.0,5,inf,3.756236491263558,,0.006881536409256483,1.2130889272388616,0.3820174346009808,1.3966266631228414,39,0.02793253326245683,0.017816803997364013,0.02,0.02,chart_cl_3.csv,517,20250831_165524:517,sobol,14,27,60,149,21,30,1.9000000000000001,2.5,1.0,1.6,26,0.65
2,5623,289,450,739,2023-12-27 01:00:00,2024-03-22 16:00:00,2.2654631491000314,6.432856438315963,8.992055572659718,105.79774932020007,1.7889844397212675,66.66666666666666,25,6.317457064896393,0.8775402302660112,,0.006540829710082807,1.1323537405742647,0.20191599442683714,1.6861860991148585,86,0.03372372198229717,0.017889844397212674,0.02,0.02,chart_cl_4.csv,685,20250831_165524:685,sobol,14,23,49,104,26,16,2.8,2.2,0.8,1.5,29,0.7
4,5623,1767,450,739,2024-06-19 10:00:00,2024-09-13 04:00:00,2.2467398000607375,8.403115943495918,11.701116886138779,135.6476378757182,1.3768760559676307,100.0,7,inf,2.5190653880745875,,0.004172393291893641,1.2164299817394664,0.13027901877225617,1.6657686410719346,85,0.03331537282143869,0.013768760559676307,0.02,0.02,chart_cl_4.csv,909,20250831_165524:909,sobol,8,18,36,119,15,13,3.0,2.5,1.3,1.6,30,0.7
2,5623,289,450,739,2023-12-27 01:00:00,2024-03-22 16:00:00,2.244481126007646,6.210610884328748,8.690461209929088,104.31296567515082,1.7875991422093414,59.09090909090909,23,4.072249009989574,0.8780546074652162,,0.0066687826614787995,1.122244353832227,0.21269432998375692,1.6704566601931548,86,0.033409133203863094,0.017875991422093413,0.02,0.02,chart_cl_4.csv,967,20250831_165524:967,sobol,10,21,47,117,29,13,2.0,2.1,1.5,1.3,23,0.8
7,2775,1815,303,353,2025-05-12 06:00:00,2025-06-20 18:00:00,2.2401180602103183,12.052424624314137,17.454346202099085,739.856813645648,1.0835476943319076,93.33333333333333,16,112.25068394507468,1.4032457680339734,,0.005706408826324355,1.2349329441017185,0.2803291251050564,1.3681747929619288,39,0.027363495859238574,0.010835476943319076,0.02,0.02,chart_cl_3.csv,602,20250831_165524:602,sobol,6,20,50,101,14,10,2.7,2.2,1.0,1.1,38,0.65
4,5623,1767,450,739,2024-06-19 10:00:00,2024-09-13 04:00:00,2.2212111881726058,8.79596391017877,12.197648903850796,167.3365639363277,1.0959628058198425,100.0,5,inf,2.627292898143158,,0.003910290813393872,1.2067036308269516,0.12965499495340416,1.6467074364912047,85,0.03293414872982409,0.010959628058198424,0.02,0.02,chart_cl_4.csv,915,20250831_165524:915,sobol,9,26,48,145,23,11,2.3,2.8,1.4000000000000001,1.1,27,0.7
5,5623,2506,450,739,2024-09-13 06:00:00,2024-12-09 23:00:00,2.2059241209859923,4.532644945911588,5.815459983234612,35.05318532661939,5.174767351079078,50.0,25,2.451571018596183,0.7738251712485912,,0.018668721568665562,1.0830097510620247,0.3098001252533474,0.6368673304785004,87,0.03295640268729033,0.05174767351079078,0.028003082352998344,0.05174767351079078,chart_cl_4.csv,742,20250831_165524:742,sobol,7,19,59,112,27,25,2.3,1.8,1.1,0.8,24,0.85
7,2775,1677,375,342,2025-05-02 18:00:00,2025-06-12 06:00:00,2.185057216135931,13.397357171685995,19.13357388483045,833.6655169243729,0.9785581815213089,100.0,9,inf,2.044010398754025,,0.0024139927932734246,1.290996687573809,0.24462354010053008,1.3406177154583896,40,0.026812354309167792,0.00978558181521309,0.02,0.02,chart_cl_3.csv,587,20250831_165524:587,sobol,9,23,39,125,19,19,1.9000000000000001,1.9000000000000001,0.9,0.8,44,0.65
2,5623,289,450,739,2023-12-27 01:00:00,2024-03-22 16:00:00,2.166859809536368,9.189252599920337,15.227878002128403,173.1085328171192,1.0186526098266753,31.25,17,3.5781585451762576,0.3223326604471143,,0.0026402439137971495,1.2432779800129845,0.10791318229100756,1.6122851426946458,86,0.032245702853892916,0.010186526098266752,0.02,0.02,chart_cl_4.csv,727,20250831_165524:727,sobol,11,16,49,142,16,15,1.9000000000000001,3.0,1.2000000000000002,1.5,36,0.6
4,5623,1767,450,739,2024-06-19 10:00:00,2024-09-13 04:00:00,2.1668296407159118,10.5641520648645,15.038012403813187,186.67068328669708,0.9446239044038551,100.0,8,inf,1.6334223453331969,,0.002760420601153813,1.2830963252439198,0.0879555341192042,1.606113146882825,85,0.0321222629376565,0.009446239044038551,0.02,0.02,chart_cl_4.csv,795,20250831_165524:795,sobol,7,25,36,101,20,16,1.8,2.7,1.2000000000000002,1.3,23,0.75
7,2775,1677,375,342,2025-05-02 18:00:00,2025-06-12 06:00:00,2.162681942720118,11.655150454111812,16.519381244832758,653.5594693790031,1.2171369001524408,100.0,11,inf,1.8317384901673432,,0.003566997017497307,1.2588188187480656,0.27058444363407114,1.3268358463126992,40,0.026536716926253985,0.012171369001524409,0.02,0.02,chart_cl_3.csv,487,20250831_165524:487,sobol,6,28,46,125,28,22,2.6,2.4000000000000004,1.5,1.6,48,0.85
5,1581,372,336,177,2025-04-15 06:00:00,2025-05-06 22:00:00,2.141598366642654,13.59613618014649,22.76582946092446,3110.1165685972674,2.101068642842181,0.0,7,0.0,-0.30087789340244714,,0.005910147780311517,1.3723939273602193,0.4624244168561194,1.1407539531883508,21,0.02396802360242301,0.02101068642842181,0.02,0.02101068642842181,chart_cl_2.csv,277,20250831_165524:277,sobol,7,19,59,112,27,25,2.3,1.8,1.1,0.8,24,0.85
3,2108,170,336,253,2023-04-09 05:00:00,2023-04-30 05:00:00,2.1348252510065095,1.3790178342681951,1.919972457175465,8.849711717298886,4.9890644119399,0.0,2,0.0,-4.196631278937393,,0.01644466317639262,1.0855306473814754,0.7259791571170255,0.4788884364572312,21,0.023892052556183145,0.049890644119399,0.02466699476458893,0.049890644119399,chart_cl_1.csv,52,20250831_165524:52,sobol,7,19,59,112,27,25,2.3,1.8,1.1,0.8,24,0.85
5,1581,432,300,183,2025-04-17 06:00:00,2025-05-09 10:00:00,2.117333831820929,9.366604814162242,14.401701706121289,2137.394102761241,2.5380895658440545,100.0,6,inf,2.5223240617257328,,0.00962432768087193,1.1783641811252212,0.6076374788480527,0.9383429401192332,22,0.023815984255000585,0.025380895658440546,0.02,0.025380895658440546,chart_cl_2.csv,389,20250831_165524:389,sobol,12,19,34,98,18,30,2.4000000000000004,2.3,1.1,1.5,49,0.85
7,1581,687,357,174,2025-05-26 06:00:00,2025-06-13 18:00:00,2.1108372104290822,23.426186268054614,36.072385572750484,10380.047252772933,0.6370335041280895,100.0,6,inf,1.7143803223549292,,0.00221179528827766,1.4534474796353536,0.3473529288280995,1.1631882826004625,18,0.02326376565200925,0.006370335041280895,0.02,0.02,chart_cl_2.csv,298,20250831_165524:298,sobol,10,24,50,119,10,20,2.2,2.3,1.2000000000000002,0.9,34,0.85
4,1581,192,339,177,2025-03-25 12:00:00,2025-04-15 04:00:00,2.095429216859577,19.270388046222827,32.30235083118694,4693.690055709389,1.2711858728652274,66.66666666666666,4,0.9296911017254256,-0.009076331828353254,,0.003762740964770808,1.4476886416929446,0.39963060344648244,1.1665666891457982,20,0.023331333782915964,0.012711858728652275,0.02,0.02,chart_cl_2.csv,344,20250831_165524:344,sobol,14,16,41,113,17,27,2.6,2.8,0.9,1.1,29,0.6
4,1581,165,357,174,2025-03-24 18:00:00,2025-04-14 04:00:00,2.090208184369163,23.273806821757496,39.10175546525374,9412.65371948407,0.6740717869520041,,1,,,,0.0016211644619061672,1.6727801308212542,0.3316935018428695,1.1636539747906447,20,0.023273079495812893,0.006740717869520041,0.02,0.02,chart_cl_2.csv,381,20250831_165524:381,sobol,8,18,36,119,15,13,3.0,2.5,1.3,1.6,30,0.7
7,5623,3984,450,739,2025-03-09 22:00:00,2025-06-04 12:00:00,2.084750139222385,4.6498134416200365,6.524317172448919,62.71624469967314,2.6468601297525205,58.333333333333336,13,8.118364034450405,1.072446229031307,,0.008135196586894078,1.1263815800125783,0.2559600215071246,1.1717893553712908,86,0.031015625252006768,0.026468601297525204,0.02,0.026468601297525204,chart_cl_4.csv,786,20250831_165524:786,sobol,14,27,60,149,21,30,1.9000000000000001,2.5,1.0,1.6,26,0.65
5,2775,1020,360,345,2025-02-12 17:00:00,2025-03-25 10:00:00,2.0802498534154323,11.232406051456714,16.40616091026402,489.63322379843777,1.4488585432977465,62.5,9,8.896308051176591,1.2880299176462933,,0.004355905817721202,1.1947942049932738,0.29504784591685773,1.2760720653679194,40,0.025521441307358388,0.014488585432977465,0.02,0.02,chart_cl_3.csv,555,20250831_165524:555,sobol,13,25,35,120,17,20,2.2,2.2,1.4000000000000001,1.2000000000000002,45,0.6
2,5623,289,450,739,2023-12-27 01:00:00,2024-03-22 16:00:00,2.062606761967878,5.355737970647892,7.228979643588299,79.27858172346336,2.0595606006523135,54.166666666666664,25,3.610274319937493,0.7328677375009567,,0.007571267905416101,1.1069289198028984,0.22271519092250647,1.4898327143485735,86,0.030684007600352146,0.020595606006523135,0.02,0.020595606006523135,chart_cl_4.csv,787,20250831_165524:787,sobol,6,21,37,92,15,11,2.8,2.0,1.6,1.0,50,0.75
5,2775,1033,351,346,2025-02-13 01:00:00,2025-03-25 20:00:00,2.049622032307576,12.054858380033876,17.459542572438053,329.7590419707023,2.063477582165592,62.5,9,6.429298831848058,0.9964809189038963,,0.0059948379731336095,1.2090503193564641,0.26533554387778013,1.2185395481275025,40,0.025144290405432916,0.020634775821655918,0.02,0.020634775821655918,chart_cl_3.csv,670,20250831_165524:670,sobol,10,21,47,117,29,13,2.0,2.1,1.5,1.3,23,0.8
5,2775,1112,300,353,2025-02-17 09:00:00,2025-03-28 18:00:00,2.043358768150024,11.561744210922356,17.068858920279393,411.16851018952053,1.5680653492463916,71.42857142857143,8,51.87696562587586,2.1895012675228025,,0.004123994124359268,1.2295964031437703,0.26367246141502926,1.247566508601256,39,0.02495133017202512,0.015680653492463916,0.02,0.02,chart_cl_3.csv,465,20250831_165524:465,sobol,9,23,33,95,22,23,3.0,2.1,0.9,1.1,20,0.8
4,2108,414,342,252,2023-04-30 01:00:00,2023-05-20 23:00:00,2.042399358106701,5.2521041700622835,10.17495783366192,47.42728950109849,0.8878276600880611,100.0,2,inf,4.963092085902957,,0.0008544675893281489,2.1867425085591217,0.22647322824379726,1.1369837518026116,20,0.02273967503605223,0.008878276600880612,0.02,0.02,chart_cl_1.csv,197,20250831_165524:197,sobol,13,23,54,114,13,22,1.9000000000000001,2.0,0.8,1.4000000000000001,33,0.75
3,2108,165,339,252,2023-04-09 01:00:00,2023-04-29 23:00:00,2.039141630483462,2.095755787963943,2.9274244194896974,14.21905709746093,2.955781508630878,0.0,2,0.0,-1.7538746860335854,,0.009762238895649922,1.1355134409759937,0.5880112737765781,0.7680990714887281,20,0.02270333032302929,0.029557815086308777,0.02,0.029557815086308777,chart_cl_1.csv,136,20250831_165524:136,sobol,14,16,41,113,17,27,2.6,2.8,0.9,1.1,29,0.6
4,2775,627,393,340,2024-12-31 15:00:00,2025-02-10 23:00:00,2.016700956715977,27.119344893426213,43.23470164522246,1840.7823174861317,0.37092982769678917,,1,,,,0.0006741636710130903,1.9548910262528598,0.0787833661370128,1.2426622648923535,41,0.02485324529784707,0.0037092982769678915,0.02,0.02,chart_cl_3.csv,544,20250831_165524:544,sobol,8,28,45,131,27,10,1.9000000000000001,2.6,1.1,1.0,15,0.85
5,5623,2506,450,739,2024-09-13 06:00:00,2024-12-09 23:00:00,1.995815070653907,8.72790008176622,12.01883336458729,96.11107378943005,1.6151361242707303,100.0,19,inf,0.914227493220172,,0.005749230826333908,1.186622159688909,0.10925053742234637,1.4898557654092568,87,0.029797115308185136,0.0161513612427073,0.02,0.02,chart_cl_4.csv,844,20250831_165524:844,sobol,6,23,57,89,24,14,2.1,2.3,1.3,1.5,48,0.8
7,1581,684,360,174,2025-05-26 06:00:00,2025-06-13 18:00:00,1.9874422611647333,19.36704115689329,28.504715049420266,5374.268258296301,0.9604527196721567,100.0,6,inf,1.4602213553488101,,0.0028176543770623286,1.3602946637283078,0.3835510803421204,1.0950682070113393,18,0.021901364140226788,0.009604527196721568,0.02,0.02,chart_cl_2.csv,335,20250831_165524:335,sobol,13,25,35,120,17,20,2.2,2.2,1.4000000000000001,1.2000000000000002,45,0.6
6,2108,810,405,243,2023-06-07 07:00:00,2023-06-27 11:00:00,1.9837370891651855,0.8998158666622407,1.1453694366178437,3.2633675926322154,13.018568427015568,0.0,2,0.0,-19.952198681898725,,0.06418642868921101,1.0459712704792892,0.8688919784271579,0.1696442118337334,20,0.022085247800045824,0.13018568427015567,0.09627964303381652,0.13018568427015567,chart_cl_1.csv,161,20250831_165524:161,sobol,14,26,33,135,30,29,2.2,2.9000000000000004,1.6,1.4000000000000001,17,0.75
5,1581,432,300,183,2025-04-17 06:00:00,2025-05-09 10:00:00,1.9781494888908242,11.239306365737754,17.372584624679533,1818.2991729904256,2.2851351113509533,100.0,3,inf,5.126471232698527,,0.006493599274405219,1.2889803242954783,0.48957199607111385,0.9735555468784498,22,0.022247059630224247,0.022851351113509534,0.02,0.022851351113509534,chart_cl_2.csv,236,20250831_165524:236,sobol,9,26,54,74,16,27,2.7,2.5,1.5,0.9,31,0.8
6,2775,1465,300,353,2025-03-28 20:00:00,2025-05-12 04:00:00,1.9693023622470662,8.630362523358043,12.022044539840143,296.8882295374062,1.9972419673037571,100.0,14,inf,1.4176323693254735,,0.00959531753687986,1.1637656468893849,0.32311115164156784,1.230083655368571,44,0.024601673107371422,0.019972419673037572,0.02,0.02,chart_cl_3.csv,576,20250831_165524:576,sobol,11,27,51,99,12,24,2.0,2.5,1.0,0.8,12,0.7
6,1581,513,357,174,2025-05-05 18:00:00,2025-05-26 04:00:00,1.9676327331733148,16.811902612270956,24.17318662272881,4081.1000785924593,1.2153273245462364,100.0,2,inf,1.9051142644884635,,0.002536686543547392,1.4187313306763072,0.3884413961548355,1.095280173192201,20,0.02190560346384402,0.012153273245462363,0.02,0.02,chart_cl_2.csv,383,20250831_165524:383,sobol,8,18,36,119,15,13,3.0,2.5,1.3,1.6,30,0.7
7,5623,3984,450,739,2025-03-09 22:00:00,2025-06-04 12:00:00,1.9664194023319739,3.1689505300567604,4.421049233693081,27.335864245869583,5.551968395355436,82.6086956521739,24,2.4677648409555055,0.4660438345969622,,0.016301647659932826,1.0686943321020577,0.37781178052459313,0.5267331192436109,86,0.02924405630827514,0.05551968395355436,0.02445247148989924,0.05551968395355436,chart_cl_4.csv,720,20250831_165524:720,sobol,8,22,52,82,19,21,2.4000000000000004,1.9000000000000001,1.0,1.6,17,0.75
4,5623,1767,450,739,2024-06-19 10:00:00,2024-09-13 04:00:00,1.9541296162271067,6.499184494308107,8.868730818677378,89.36603467201257,1.6822168526263614,76.92307692307693,14,10.014933748888831,0.863327005893479,,0.004507861820031796,1.1503443410529293,0.1647271774991894,1.4474727152045688,85,0.028949454304091377,0.016822168526263614,0.02,0.02,chart_cl_4.csv,735,20250831_165524:735,sobol,13,26,39,85,11,13,2.5,2.7,1.6,1.4000000000000001,40,0.7
4,1581,153,366,173,2025-03-24 12:00:00,2025-04-11 20:00:00,1.9475004774647005,24.64352160767202,43.54525567340656,7113.001090401904,0.6850877432882043,,1,,,,0.0016342196465563086,1.7737479188250465,0.29285985979564455,1.0730216416604499,18,0.021460432833209,0.006850877432882044,0.02,0.02,chart_cl_2.csv,404,20250831_165524:404,sobol,14,17,52,122,11,26,2.8,2.7,1.3,1.0,19,0.75
3,2108,216,300,258,2023-04-10 01:00:00,2023-05-01 11:00:00,1.9373842732107844,1.3428650345781712,1.8985880845138001,8.847839647444351,4.352270144515012,66.66666666666666,4,12.849925746511845,3.7403875932428123,,0.012242335346991266,1.0822104921184876,0.698803785925034,0.49808293156536737,21,0.021677914725444624,0.04352270144515012,0.02,0.04352270144515012,chart_cl_1.csv,206,20250831_165524:206,sobol,6,24,30,76,28,13,2.0,1.8,0.9,1.6,35,0.6
2,5623,289,450,739,2023-12-27 01:00:00,2024-03-22 16:00:00,1.9293781974247792,7.535825583464936,10.220063934369241,132.72511237161885,1.1110755645866162,75.0,25,23.378093622049594,0.7890538104654795,,0.0027160221684097716,1.1760944990117028,0.11936045798412062,1.4344887519768657,86,0.028689775039537315,0.01111075564586616,0.02,0.02,chart_cl_4.csv,883,20250831_165524:883,sobol,6,20,50,101,14,10,2.7,2.2,1.0,1.1,38,0.65
6,1581,399,426,165,2025-04-30 00:00:00,2025-05-19 16:00:00,1.9290283496955625,12.917896444982002,19.551217392103478,2475.6139706698327,2.295676520267538,100.0,5,inf,3.0729636636485234,,0.01295897865309268,1.2400703998828109,0.5149816491318904,0.9306955361164593,19,0.02136575889780364,0.02295676520267538,0.02,0.02295676520267538,chart_cl_2.csv,270,20250831_165524:270,sobol,11,16,49,142,16,15,1.9000000000000001,3.0,1.2000000000000002,1.5,36,0.6
5,1581,399,321,180,2025-04-16 06:00:00,2025-05-08 04:00:00,1.9264479105973806,8.564387236405258,13.116174994380865,1557.0615175400783,2.571351511178338,100.0,4,inf,1.108845494758296,,0.009114556919478439,1.1700507861918514,0.5986742535108954,0.8382867502196286,21,0.0215552990197802,0.025713515111783377,0.02,0.025713515111783377,chart_cl_2.csv,329,20250831_165524:329,sobol,12,21,53,107,12,29,3.0,1.9000000000000001,1.4000000000000001,1.5,39,0.65
2,5623,289,450,739,2023-12-27 01:00:00,2024-03-22 16:00:00,1.9243161407237437,6.549494693616701,9.305041549058199,89.95917816168618,1.632802517212548,30.0,21,6.950802495734085,0.7650048067402733,,0.006390953031613131,1.150451361971856,0.14805820688256235,1.4307018529906748,86,0.028614037059813496,0.01632802517212548,0.02,0.02,chart_cl_4.csv,817,20250831_165524:817,sobol,8,28,45,131,27,10,1.9000000000000001,2.6,1.1,1.0,15,0.85
5,5623,2506,450,739,2024-09-13 06:00:00,2024-12-09 23:00:00,1.9185057705025315,4.533191958741237,5.90299177595609,35.30391554596853,4.141725394900055,35.0,21,4.136046393353466,0.7870099531788387,,0.013534182759843782,1.0936718369836436,0.2609033353866238,0.6913962574623709,87,0.028635734374707584,0.04141725394900055,0.020301274139765672,0.04141725394900055,chart_cl_4.csv,970,20250831_165524:970,sobol,10,21,47,117,29,13,2.0,2.1,1.5,1.3,23,0.8
5,1581,432,300,183,2025-04-17 06:00:00,2025-05-09 10:00:00,1.9115116015266835,10.847444470534867,16.723190423756414,1555.5915501077852,2.349249137580046,100.0,3,inf,4.793281795877851,,0.00664231031393363,1.276851792233709,0.487326473967138,0.9150185955433887,22,0.02149606646450011,0.02349249137580046,0.02,0.02349249137580046,chart_cl_2.csv,360,20250831_165524:360,sobol,11,17,59,71,25,20,2.7,2.6,1.2000000000000002,1.3,22,0.85
3,2108,143,357,250,2023-04-08 17:00:00,2023-04-29 11:00:00,1.909660916295104,1.987612737199521,2.7733849141620874,13.29401521879182,2.955781508630878,0.0,2,0.0,-1.7538746860335854,,0.009788183913079432,1.1311944318216272,0.5800905648163129,0.7192336313400501,20,0.02125897467900358,0.029557815086308777,0.02,0.029557815086308777,chart_cl_1.csv,75,20250831_165524:75,sobol,10,24,50,119,10,20,2.2,2.3,1.2000000000000002,0.9,34,0.85
6,1581,485,375,172,2025-05-04 22:00:00,2025-05-23 04:00:00,1.9091414865827459,12.639279919399568,17.886710886061312,2534.680064660004,1.8194898821217567,100.0,2,inf,1.614144022364428,,0.004101467102996213,1.274205726647467,0.4797355268623895,1.051850228228405,18,0.0210370045645681,0.018194898821217567,0.02,0.02,chart_cl_2.csv,282,20250831_165524:282,sobol,6,28,46,125,28,22,2.6,2.4000000000000004,1.5,1.6,48,0.85
6,5623,3245,450,739,2024-12-10 01:00:00,2025-03-07 21:00:00,1.8986550727986065,15.357782689149357,22.306047583939034,274.352495380784,0.5247100414810971,100.0,5,inf,2.613817004591562,,0.0014943454303182131,1.2962773373649326,0.024366560232312096,1.4168809991155051,87,0.028337619982310103,0.005247100414810971,0.02,0.02,chart_cl_4.csv,899,20250831_165524:899,sobol,13,22,42,149,25,24,2.5,2.3,1.2000000000000002,0.9,30,0.8
6,2108,810,405,243,2023-06-07 07:00:00,2023-06-27 11:00:00,1.8846448141060363,0.8717966170008822,1.1063013939768,3.0633895598080207,13.060528116006909,0.0,3,0.0,-14.895842232776172,,0.0645344727593464,1.043620160614865,0.8687579494809456,0.16063640879602495,20,0.020979963335348635,0.1306052811600691,0.0968017091390196,0.1306052811600691,chart_cl_1.csv,68,20250831_165524:68,sobol,10,24,55,135,18,12,2.8,2.4000000000000004,0.8,1.0,12,0.65
6,5623,3245,450,739,2024-12-10 01:00:00,2025-03-07 21:00:00,1.882476967377579,5.2288743109151286,6.876595308006745,75.60120996558203,1.8799403592952333,63.63636363636363,12,3.0525456221896605,1.2041283726800236,,0.004917158919560542,1.0978003710073687,0.20555034122520296,1.4047344063424148,87,0.028094688126848295,0.018799403592952332,0.02,0.02,chart_cl_4.csv,869,20250831_165524:869,sobol,9,23,39,125,19,19,1.9000000000000001,1.9000000000000001,0.9,0.8,44,0.65
7,2775,1560,438,333,2025-04-28 06:00:00,2025-06-05 00:00:00,1.8779763303971322,6.280091876711411,8.599636746559181,163.28339378838936,3.7257760352686056,90.0,11,5.140663965178512,0.8176520095758771,,0.010591749274581135,1.1074279659541726,0.462058751528525,0.6096057036354802,37,0.02271254321568128,0.037257760352686055,0.02,0.037257760352686055,chart_cl_3.csv,447,20250831_165524:447,sobol,7,25,39,146,14,28,2.9000000000000004,2.2,1.0,1.3,21,0.85
5,2775,1112,300,353,2025-02-17 09:00:00,2025-03-28 18:00:00,1.869946789204859,17.281660689630723,27.64107869942247,793.2186055963707,0.666959761585471,80.0,6,28.822034252575133,2.4089073935379695,,0.0024489182145159072,1.4674165571827573,0.13238808837598598,1.1413390561769585,39,0.02282678112353917,0.00666959761585471,0.02,0.02,chart_cl_3.csv,565,20250831_165524:565,sobol,6,23,57,89,24,14,2.1,2.3,1.3,1.5,48,0.8
5,5623,2506,450,739,2024-09-13 06:00:00,2024-12-09 23:00:00,1.8698831099515416,3.374776107573058,4.336292999352144,23.64169639957757,5.951802453097878,47.82608695652174,24,2.223992681981748,0.6617464263921963,,0.021549425414121966,1.0606484695560168,0.35554066196864187,0.4688595662970303,87,0.027905595168450724,0.059518024530978784,0.03232413812118295,0.059518024530978784,chart_cl_4.csv,904,20250831_165524:904,sobol,12,24,45,84,20,28,1.8,2.0,0.8,1.0,46,0.85
5,1581,349,351,175,2025-04-14 14:00:00,2025-05-06 02:00:00,1.8583416173469685,13.734472889158871,26.29623449626672,2206.9319254758425,1.763357097832803,,1,,,,0.00450936131115377,1.5099920668174023,0.3924339933318682,1.0395885725993377,21,0.020791771451986754,0.01763357097832803,0.02,0.02,chart_cl_2.csv,420,20250831_165524:420,sobol,10,21,47,117,29,13,2.0,2.1,1.5,1.3,23,0.8
6,1581,568,327,179,2025-05-07 20:00:00,2025-05-28 18:00:00,1.8581054388838143,9.75636732978214,13.736715980456376,1659.7997948906618,2.1534342460202613,100.0,4,inf,4.040289415095541,,0.006682909418420983,1.1693759784667284,0.566194254254294,0.9605112279225309,20,0.020683977718953507,0.021534342460202614,0.02,0.021534342460202614,chart_cl_2.csv,293,20250831_165524:293,sobol,10,17,43,109,23,30,2.0,2.7,1.4000000000000001,1.2000000000000002,34,0.75
5,5623,2506,450,739,2024-09-13 06:00:00,2024-12-09 23:00:00,1.857933950084191,4.927081261493783,6.559505244250468,36.551592827430945,3.8131189857667005,42.10526315789473,20,3.4650599688398227,0.7976070619130214,,0.01330194301017695,1.09666347127893,0.235277498618939,0.7271264397189996,87,0.027726196323454633,0.038131189857667,0.02,0.038131189857667,chart_cl_4.csv,958,20250831_165524:958,sobol,10,20,58,132,22,16,2.6,2.1,1.0,1.2000000000000002,41,0.7
5,1581,432,300,183,2025-04-17 06:00:00,2025-05-09 10:00:00,1.851854868029585,10.336118851304718,15.710560819484659,1279.7616148562363,2.5444326730827256,100.0,3,inf,4.916531982518604,,0.006843596121036905,1.259814970073817,0.4917027332082668,0.8184080306579136,22,0.020823841331192843,0.025444326730827256,0.02,0.025444326730827256,chart_cl_2.csv,273,20250831_165524:273,sobol,13,26,39,85,11,13,2.5,2.7,1.6,1.4000000000000001,40,0.7
5,1581,432,300,183,2025-04-17 06:00:00,2025-05-09 10:00:00,1.851854868029585,10.336118851304718,15.710560819484659,1279.7616148562363,2.5444326730827256,100.0,3,inf,4.916531982518604,,0.006843596121036905,1.259814970073817,0.4917027332082668,0.8184080306579136,22,0.020823841331192843,0.025444326730827256,0.02,0.025444326730827256,chart_cl_2.csv,416,20250831_165524:416,sobol,10,27,35,80,14,26,2.8,3.0,1.1,0.9,42,0.6
4,2108,474,300,258,2023-05-01 13:00:00,2023-05-22 23:00:00,1.8476281027615074,3.42878298108279,5.671404104346898,20.52160215628493,1.776287084545814,100.0,4,inf,2.6846975096858934,,0.0037410164805420105,1.4045159948002213,0.32238908657499316,1.0335836996454106,21,0.020671673992908212,0.01776287084545814,0.02,0.02,chart_cl_1.csv,62,20250831_165524:62,sobol,14,21,37,78,13,19,2.1,2.0,1.2000000000000002,1.1,26,0.65
2,5623,289,450,739,2023-12-27 01:00:00,2024-03-22 16:00:00,1.8437685967186157,5.567941187725954,7.438290372169393,78.67911029093229,1.7514458590211006,42.857142857142854,22,3.4679468731058916,0.6184171626349393,,0.0061389357670266305,1.1196569769404512,0.17000974766132884,1.370461116100125,86,0.0274092223220025,0.017514458590211005,0.02,0.02,chart_cl_4.csv,745,20250831_165524:745,sobol,6,28,46,125,28,22,2.6,2.4000000000000004,1.5,1.6,48,0.85
5,5623,2506,450,739,2024-09-13 06:00:00,2024-12-09 23:00:00,1.8313201449693937,4.678866535347803,6.114594604927204,35.76743417752718,3.8143046652579136,48.0,26,4.495488238601809,0.6456179489016057,,0.013072527204515879,1.0897971495964132,0.24103645978635518,0.7164262340436561,87,0.027326679268258755,0.038143046652579136,0.02,0.038143046652579136,chart_cl_4.csv,946,20250831_165524:946,sobol,14,17,52,122,11,26,2.8,2.7,1.3,1.0,19,0.75
6,5623,3245,450,739,2024-12-10 01:00:00,2025-03-07 21:00:00,1.8312745485269062,10.44156982650304,14.36880093755766,151.26751580106801,0.901864956205439,100.0,4,inf,3.9619625714469087,,0.0023802598461213254,1.2558521103353981,0.06680202909554245,1.3662997424649785,87,0.02732599484929957,0.009018649562054391,0.02,0.02,chart_cl_4.csv,815,20250831_165524:815,sobol,9,16,57,127,15,12,2.5,3.0,0.8,1.4000000000000001,17,0.8
6,5623,3245,450,739,2024-12-10 01:00:00,2025-03-07 21:00:00,1.8169949391153124,11.009246888569539,15.219380983153103,206.50608288781456,0.653036484013798,85.71428571428571,8,30.335886875610758,2.3656406763553077,,0.0019662390594998064,1.2170065241429369,0.051793755911705826,1.3555831338150504,87,0.02711166267630101,0.00653036484013798,0.02,0.02,chart_cl_4.csv,731,20250831_165524:731,sobol,11,16,49,142,16,15,1.9000000000000001,3.0,1.2000000000000002,1.5,36,0.6
3,2108,154,348,251,2023-04-08 21:00:00,2023-04-29 17:00:00,1.8108466870460915,1.8819486805072039,2.625096711589083,12.44182318846962,2.955781508630878,0.0,2,0.0,-1.7538746860335854,,0.00977714289074597,1.1224584351151683,0.5790650440595916,0.681950065010195,20,0.02015695391966759,0.029557815086308777,0.02,0.029557815086308777,chart_cl_1.csv,28,20250831_165524:28,sobol,12,28,30,116,25,18,2.6,2.6,1.6,1.0,39,0.65
6,5623,3245,450,739,2024-12-10 01:00:00,2025-03-07 21:00:00,1.8093026113166943,7.252149976120097,9.28854374936339,106.18955723868795,1.2620465497794593,54.54545454545454,12,5.380033739199141,1.160976082023062,,0.003820406447337566,1.1558008764757695,0.10234138225289034,1.3498105785798942,87,0.026996211571597886,0.012620465497794593,0.02,0.02,chart_cl_4.csv,821,20250831_165524:821,sobol,8,28,45,131,27,10,1.9000000000000001,2.6,1.1,1.0,15,0.85
2,5623,289,450,739,2023-12-27 01:00:00,2024-03-22 16:00:00,1.7999652795170646,6.487598886497043,9.314349029180432,98.75771066429614,1.346737088623748,39.285714285714285,29,4.110393610057433,0.574436186411367,,0.004574576883106028,1.1378489633961706,0.1418120472890402,1.337714046827674,86,0.026754280936553482,0.01346737088623748,0.02,0.02,chart_cl_4.csv,853,20250831_165524:853,sobol,11,27,51,99,12,24,2.0,2.5,1.0,0.8,12,0.7
4,2775,687,351,346,2025-01-03 03:00:00,2025-02-12 23:00:00,1.7961101818058296,16.62599194098718,23.983880444267072,799.4910747952762,0.6337360365462057,100.0,6,inf,1.3036523970987093,,0.002083457257490678,1.3792836579709125,0.11537054685104484,1.1012073464204384,40,0.022024146928408768,0.006337360365462057,0.02,0.02,chart_cl_3.csv,669,20250831_165524:669,sobol,10,21,47,117,29,13,2.0,2.1,1.5,1.3,23,0.8
4,2775,645,381,342,2025-01-02 03:00:00,2025-02-11 15:00:00,1.795397907336235,23.08559180415462,35.494061084846884,1399.5907229314969,0.37092982769678917,,1,,,,0.000740881965971391,1.7231491892414914,0.0794856166986747,1.1007692252006571,40,0.022015384504013143,0.0037092982769678915,0.02,0.02,chart_cl_3.csv,539,20250831_165524:539,sobol,9,16,57,127,15,12,2.5,3.0,0.8,1.4000000000000001,17,0.8
6,5623,3245,450,739,2024-12-10 01:00:00,2025-03-07 21:00:00,1.7927216845708798,8.595171394342298,11.763717981146144,133.48019699081306,0.9905278939881051,90.0,11,34.535233909835185,1.5218209861973702,,0.002615043062935829,1.1591565066651188,0.08387619246507007,1.3373687227326978,87,0.026747374454653958,0.009905278939881051,0.02,0.02,chart_cl_4.csv,701,20250831_165524:701,sobol,7,25,39,146,14,28,2.9000000000000004,2.2,1.0,1.3,21,0.85
2,5623,289,450,739,2023-12-27 01:00:00,2024-03-22 16:00:00,1.7662415972037364,5.090665702455398,7.445462641894188,77.53546466862687,1.6685114542649613,10.0,21,1.0080489633852487,0.0031657723523167425,,0.0068767516969237925,1.112912865304147,0.17455226506822002,1.3125086914520263,86,0.026250173829040525,0.016685114542649614,0.02,0.02,chart_cl_4.csv,757,20250831_165524:757,sobol,10,24,55,135,18,12,2.8,2.4000000000000004,0.8,1.0,12,0.65
6,5623,3245,450,739,2024-12-10 01:00:00,2025-03-07 21:00:00,1.7519943854058397,4.323362701770491,5.800280267181437,62.6458990586224,2.0408545358048626,75.0,13,3.593567649397695,1.2652792560740445,,0.00593306245567689,1.0812460071576917,0.25394787723765766,1.2806535040803164,87,0.02613627512596705,0.020408545358048626,0.02,0.020408545358048626,chart_cl_4.csv,827,20250831_165524:827,sobol,12,21,53,107,12,29,3.0,1.9000000000000001,1.4000000000000001,1.5,39,0.65
5,5623,2506,450,739,2024-09-13 06:00:00,2024-12-09 23:00:00,1.7518683117038094,7.623794571588597,10.155122565487744,72.7373763233982,1.7575253334461107,100.0,22,inf,0.7599874740595739,,0.006614404464699138,1.158608118994754,0.10397373527226225,1.306719184085749,87,0.02613438368171498,0.017575253334461107,0.02,0.02,chart_cl_4.csv,880,20250831_165524:880,sobol,14,26,33,135,30,29,2.2,2.9000000000000004,1.6,1.4000000000000001,17,0.75
6,5623,3245,450,739,2024-12-10 01:00:00,2025-03-07 21:00:00,1.7481108483173444,4.898838638570237,6.361508065076511,68.43591686561416,1.8621682608489554,60.0,11,3.831030346286438,1.474035918774774,,0.0051782686708133595,1.0889624210749786,0.19882406463330426,1.3039006170522047,87,0.026078012341044093,0.018621682608489554,0.02,0.02,chart_cl_4.csv,959,20250831_165524:959,sobol,10,20,58,132,22,16,2.6,2.1,1.0,1.2000000000000002,41,0.7
4,5623,1767,450,739,2024-06-19 10:00:00,2024-09-13 04:00:00,1.7387034294663435,9.798302417677272,14.362838608958633,179.91290805953213,0.7028081099331008,100.0,17,inf,0.7136699876521815,,0.00213001125107505,1.276445687179715,0.07206792671798053,1.2870167638385297,85,0.025740335276770596,0.007028081099331008,0.02,0.02,chart_cl_4.csv,873,20250831_165524:873,sobol,11,17,59,71,25,20,2.7,2.6,1.2000000000000002,1.3,22,0.85
6,1581,513,357,174,2025-05-05 18:00:00,2025-05-26 04:00:00,1.7347929930816919,8.070222251328108,11.03488373023644,894.2801745405179,3.4586886845186147,100.0,2,inf,0.8600384597322694,,0.011205306785130252,1.1422732897571657,0.606456751887759,0.5582727566950445,20,0.01930891666456164,0.03458688684518615,0.02,0.03458688684518615,chart_cl_2.csv,297,20250831_165524:297,sobol,10,24,50,119,10,20,2.2,2.3,1.2000000000000002,0.9,34,0.85
6,1581,582,318,180,2025-05-08 06:00:00,2025-05-29 06:00:00,1.7279684272686835,10.848386143083072,15.191441667055033,1733.5596473072626,1.5620858495199756,100.0,4,inf,3.4394759963665233,,0.004837070824464547,1.2207247049707481,0.4690965163981293,0.9665241322416335,21,0.01933048264483267,0.015620858495199756,0.02,0.02,chart_cl_2.csv,410,20250831_165524:410,sobol,11,27,40,106,16,23,2.1,3.0,1.6,0.9,24,0.8
6,1581,615,300,183,2025-05-09 12:00:00,2025-05-30 18:00:00,1.7276603292251478,8.481456970701675,11.857283700791589,972.5656008754742,2.629158535233371,100.0,7,inf,2.2788877070576503,,0.008629548514483712,1.1395187038594574,0.578937097440716,0.7351032483016776,21,0.019327029795501317,0.02629158535233371,0.02,0.02629158535233371,chart_cl_2.csv,342,20250831_165524:342,sobol,6,23,57,89,24,14,2.1,2.3,1.3,1.5,48,0.8
6,2108,990,300,258,2023-06-13 13:00:00,2023-07-04 23:00:00,1.7201106498718528,2.171774194846819,3.579923027458845,16.451479052348965,2.0411971596029073,100.0,4,inf,3.8525914529254806,,0.004442108330893595,1.1836658942272815,0.46617909347764747,0.9427027307937,21,0.019242421364460048,0.020411971596029074,0.02,0.020411971596029074,chart_cl_1.csv,194,20250831_165524:194,sobol,12,19,34,98,18,30,2.4000000000000004,2.3,1.1,1.5,49,0.85
6,2108,990,300,258,2023-06-13 13:00:00,2023-07-04 23:00:00,1.7201106498718528,2.171774194846819,3.579923027458845,16.451479052348965,2.0411971596029073,100.0,4,inf,3.8525914529254806,,0.004442108330893595,1.1836658942272815,0.46617909347764747,0.9427027307937,21,0.019242421364460048,0.020411971596029074,0.02,0.020411971596029074,chart_cl_1.csv,92,20250831_165524:92,sobol,6,21,37,92,15,11,2.8,2.0,1.6,1.0,50,0.75
6,5623,3245,450,739,2024-12-10 01:00:00,2025-03-07 21:00:00,1.7173739047131555,11.364595587254518,16.1002297309524,197.1032966902047,0.6301475836373347,100.0,5,inf,3.212129744093283,,0.0018650854846490802,1.2902649183560388,0.0498067430810219,1.28084663105635,87,0.025616932621127003,0.006301475836373347,0.02,0.02,chart_cl_4.csv,797,20250831_165524:797,sobol,7,25,36,101,20,16,1.8,2.7,1.2000000000000002,1.3,23,0.75
5,5623,2506,450,739,2024-09-13 06:00:00,2024-12-09 23:00:00,1.7048092898636185,3.8817616693428425,5.050206407822417,28.6722795080189,4.286187442735667,55.00000000000001,21,2.598720493177223,0.677219872368661,,0.015238414332571016,1.0770973650737385,0.2755244240027869,0.5932656838722625,87,0.025428479244192795,0.042861874427356665,0.022857621498856524,0.042861874427356665,chart_cl_4.csv,868,20250831_165524:868,sobol,9,23,39,125,19,19,1.9000000000000001,1.9000000000000001,0.9,0.8,44,0.65
5,2775,1023,357,345,2025-02-12 17:00:00,2025-03-25 10:00:00,1.6939134591936325,7.831153033080031,11.056663566024296,187.77621078487172,2.4001919513151706,100.0,5,inf,1.6696085942192875,,0.006323523145141369,1.1358003361954616,0.33185433361667743,0.8652287116283602,40,0.02076714989697185,0.024001919513151705,0.02,0.024001919513151705,chart_cl_3.csv,505,20250831_165524:505,sobol,10,24,50,119,10,20,2.2,2.3,1.2000000000000002,0.9,34,0.85
5,1581,432,300,183,2025-04-17 06:00:00,2025-05-09 10:00:00,1.6746154616535138,7.158630127354796,10.776102655383946,877.0466875387682,2.627561869809669,100.0,6,inf,1.7916317912184074,,0.01103560825976796,1.1304616577350497,0.6081908065796214,0.7165266893650432,22,0.01882718207676545,0.026275618698096692,0.02,0.026275618698096692,chart_cl_2.csv,378,20250831_165524:378,sobol,12,24,45,84,20,28,1.8,2.0,0.8,1.0,46,0.85
7,5623,3984,450,739,2025-03-09 22:00:00,2025-06-04 12:00:00,1.6745927619549037,4.901221898946017,6.839540605167382,67.65032644753583,1.7705216605736835,53.333333333333336,16,7.399443467427808,0.7389686790502755,,0.00438791473161003,1.1564023967721853,0.17045513490045028,1.2440370529717373,86,0.024880741059434747,0.017705216605736835,0.02,0.02,chart_cl_4.csv,918,20250831_165524:918,sobol,9,26,48,145,23,11,2.3,2.8,1.4000000000000001,1.1,27,0.7
6,1581,524,351,175,2025-05-06 04:00:00,2025-05-26 16:00:00,1.6711517378962413,9.258974464855696,13.045454456392136,982.5026685605351,2.709214412372642,,1,,,,0.008377229233879482,1.1589041965193776,0.5515675623007216,0.6865231150823758,20,0.018599383178081345,0.02709214412372642,0.02,0.02709214412372642,chart_cl_2.csv,421,20250831_165524:421,sobol,10,21,47,117,29,13,2.0,2.1,1.5,1.3,23,0.8
6,5623,3245,450,739,2024-12-10 01:00:00,2025-03-07 21:00:00,1.669690651699375,5.001764681458683,6.524248022547822,70.96393498679633,1.6807763698567375,60.0,11,3.5806539304734315,1.0591612319245918,,0.00409785136255942,1.1068518349059908,0.16554276676920232,1.2450912449519327,87,0.024901824899038656,0.016807763698567374,0.02,0.02,chart_cl_4.csv,725,20250831_165524:725,sobol,9,23,33,95,22,23,3.0,2.1,0.9,1.1,20,0.8
7,2108,1053,405,243,2023-06-27 13:00:00,2023-07-17 17:00:00,1.6533590232799127,1.7710407372049186,2.6701975275107737,13.592118241745887,2.530145142532567,100.0,9,inf,2.0932928256766505,,0.010280848392061065,1.0999307997845422,0.5843424747431275,0.7272716807604447,20,0.018401029103775352,0.025301451425325673,0.02,0.025301451425325673,chart_cl_1.csv,162,20250831_165524:162,sobol,14,26,33,135,30,29,2.2,2.9000000000000004,1.6,1.4000000000000001,17,0.75
7,2108,1197,327,254,2023-07-03 01:00:00,2023-07-24 03:00:00,1.6508251372958513,3.597487150556206,5.36466876983835,19.751408319114933,1.6517156734161424,100.0,5,inf,2.3119374749626025,,0.009057535608697835,1.2377792039819604,0.32955500107509467,0.9233004154433028,21,0.018466008308866057,0.016517156734161424,0.02,0.02,chart_cl_1.csv,74,20250831_165524:74,sobol,10,17,43,109,23,30,2.0,2.7,1.4000000000000001,1.2000000000000002,34,0.75
7,2775,1569,435,334,2025-04-28 18:00:00,2025-06-05 14:00:00,1.6491185337947314,4.635218071154655,6.618228632306567,107.76692267088998,4.2333375525921255,100.0,9,inf,1.4734033806328881,,0.015397708793812588,1.0814731016470258,0.513176070338916,0.4709509359307141,37,0.019936942825039,0.04233337552592126,0.023096563190718882,0.04233337552592126,chart_cl_3.csv,627,20250831_165524:627,sobol,9,26,48,145,23,11,2.3,2.8,1.4000000000000001,1.1,27,0.7
4,2775,756,303,353,2025-01-06 21:00:00,2025-02-17 07:00:00,1.643032790831964,18.006483728817756,26.01194832235113,703.589338456222,0.5743932043223053,100.0,2,inf,4.51855834307709,,0.0012617075569499325,1.4689351921911777,0.09300649704915709,1.0117140695613442,41,0.020234281391226884,0.005743932043223054,0.02,0.02,chart_cl_3.csv,524,20250831_165524:524,sobol,7,25,36,101,20,16,1.8,2.7,1.2000000000000002,1.3,23,0.75
7,2775,1818,300,353,2025-05-12 06:00:00,2025-06-20 18:00:00,1.6321638050314378,8.129391356660891,11.360326801704735,305.23784709863736,1.3065672499012118,94.73684210526315,20,15.238211192878616,0.8491338618141543,,0.004532968612787677,1.1747665861371683,0.2718299524940566,0.995785603304452,39,0.01991571206608904,0.013065672499012117,0.02,0.02,chart_cl_3.csv,477,20250831_165524:477,sobol,13,26,39,85,11,13,2.5,2.7,1.6,1.4000000000000001,40,0.7
7,2108,1143,357,250,2023-07-01 01:00:00,2023-07-21 19:00:00,1.6280456692476262,1.9752698878370083,2.8793128919809443,14.818105348872933,2.2069020309000478,100.0,7,inf,1.3899168919674159,,0.012409410893577638,1.1152711874696277,0.5341923625328995,0.821008202205081,20,0.018118846688319902,0.022069020309000476,0.02,0.022069020309000476,chart_cl_1.csv,79,20250831_165524:79,sobol,10,24,50,119,10,20,2.2,2.3,1.2000000000000002,0.9,34,0.85
6,2108,954,321,255,2023-06-12 07:00:00,2023-07-03 11:00:00,1.6261764064503494,1.619734525491024,2.217193171423539,7.930666964619324,4.025671129221182,0.0,2,0.0,-1.326389310682354,,0.011635856531711574,1.1763082547964108,0.4790200155905673,0.45184569731039553,21,0.018189821785252726,0.040256711292211825,0.02,0.040256711292211825,chart_cl_1.csv,119,20250831_165524:119,sobol,12,21,53,107,12,29,3.0,1.9000000000000001,1.4000000000000001,1.5,39,0.65
2,5623,289,450,739,2023-12-27 01:00:00,2024-03-22 16:00:00,1.619743245973642,4.738416451467885,6.363667540851022,55.50438920958269,2.0579374979819596,60.0,26,3.335015510691809,0.5973466973211707,,0.007833614630843571,1.0989776226465824,0.18161830552530897,1.1692072294360976,86,0.024061554003681415,0.020579374979819594,0.02,0.020579374979819594,chart_cl_4.csv,721,20250831_165524:721,sobol,9,23,33,95,22,23,3.0,2.1,0.9,1.1,20,0.8
6,5623,3245,450,739,2024-12-10 01:00:00,2025-03-07 21:00:00,1.6101751904431294,6.67844017594767,8.645870059024949,89.74859077649798,1.2620840155060005,55.55555555555556,10,3.6970402619123415,0.9884828720834864,,0.0029346834661592423,1.1364046476026137,0.09686607661302833,1.2004788712597925,87,0.024009577425195848,0.012620840155060004,0.02,0.02,chart_cl_4.csv,863,20250831_165524:863,sobol,9,20,31,144,29,17,2.8,2.0,1.6,1.4000000000000001,31,0.8
7,2775,1608,414,337,2025-04-30 06:00:00,2025-06-09 08:00:00,1.6002245076830603,5.302424846089188,7.2986217549691,111.58350115727059,3.7734326973960037,88.88888888888889,10,7.223029825658074,1.2616089308192395,,0.01261369651715625,1.0848606463102461,0.4723092741760882,0.5198238836188744,40,0.019615204393348358,0.037734326973960036,0.02,0.037734326973960036,chart_cl_3.csv,532,20250831_165524:532,sobol,13,19,47,138,25,23,2.9000000000000004,1.8,1.5,0.8,43,0.6
7,2775,1740,342,347,2025-05-07 06:00:00,2025-06-17 04:00:00,1.599387564429367,5.145951383591692,6.950696390906025,124.70169372867863,3.1790546678969562,100.0,8,inf,0.9844415571223689,,0.010504166654940778,1.0878948234670338,0.455179285049111,0.6166901052737718,40,0.019604915578164496,0.031790546678969564,0.02,0.031790546678969564,chart_cl_3.csv,637,20250831_165524:637,sobol,13,23,54,114,13,22,1.9000000000000001,2.0,0.8,1.4000000000000001,33,0.75
2,5623,289,450,739,2023-12-27 01:00:00,2024-03-22 16:00:00,1.5887978608988242,5.021271583271638,6.758697570166413,62.15340803758098,1.788367466308163,47.82608695652174,24,3.477240629292463,0.4943271943263682,,0.006750897907518079,1.1077188808259395,0.16579052969410935,1.1799753073108155,86,0.02359950614621631,0.01788367466308163,0.02,0.02,chart_cl_4.csv,769,20250831_165524:769,sobol,10,24,50,119,10,20,2.2,2.3,1.2000000000000002,0.9,34,0.85
7,2775,1752,336,348,2025-05-07 18:00:00,2025-06-17 18:00:00,1.575897890162378,4.996068588706221,6.757424470407004,126.90664411136909,3.0162412657797857,100.0,10,inf,1.0865779878574937,,0.008998367780874818,1.0839591830968047,0.462923207539304,0.6433534307424973,41,0.01940509166286518,0.030162412657797857,0.02,0.030162412657797857,chart_cl_3.csv,482,20250831_165524:482,sobol,7,19,59,112,27,25,2.3,1.8,1.1,0.8,24,0.85
5,1581,432,300,183,2025-04-17 06:00:00,2025-05-09 10:00:00,1.574713083678364,8.793136639703263,13.48049373292228,806.6688947473949,2.3453742739299717,100.0,3,inf,3.934849429592921,,0.007026801110046467,1.208335463622706,0.4876536715778904,0.7547660116670855,22,0.01770208786600711,0.02345374273929972,0.02,0.02345374273929972,chart_cl_2.csv,341,20250831_165524:341,sobol,6,23,57,89,24,14,2.1,2.3,1.3,1.5,48,0.8
5,1581,425,303,182,2025-04-16 22:00:00,2025-05-09 00:00:00,1.5614295845954644,8.982514279181222,13.832286995597917,820.3468863186858,2.2851351113509533,100.0,3,inf,5.126471232698527,,0.005621805108884628,1.2301292937856825,0.4688308551867786,0.768116871308766,22,0.01755250832248703,0.022851351113509534,0.02,0.022851351113509534,chart_cl_2.csv,311,20250831_165524:311,sobol,7,25,36,101,20,16,1.8,2.7,1.2000000000000002,1.3,23,0.75
5,1581,432,300,183,2025-04-17 06:00:00,2025-05-09 10:00:00,1.5595563667210057,8.213960948221054,12.563097873511078,777.1118575407576,2.362374241691166,33.33333333333333,7,7.165612900384864,1.142283557364251,,0.0074084823210192755,1.1685139831012308,0.5189830669153269,0.7421099879612655,22,0.01753141520061435,0.02362374241691166,0.02,0.02362374241691166,chart_cl_2.csv,318,20250831_165524:318,sobol,12,22,42,71,30,26,2.3,2.1,1.3,1.2000000000000002,36,0.7
7,1581,699,351,175,2025-05-26 18:00:00,2025-06-16 08:00:00,1.5558318962136581,9.425475193032883,13.243301515172668,1151.0528236614655,1.82478408017375,100.0,5,inf,1.216421837845829,,0.007132884035097509,1.1506549188316546,0.533049672028762,0.8656958383905233,20,0.017313916767810467,0.0182478408017375,0.02,0.02,chart_cl_2.csv,422,20250831_165524:422,sobol,10,21,47,117,29,13,2.0,2.1,1.5,1.3,23,0.8
5,5623,2506,450,739,2024-09-13 06:00:00,2024-12-09 23:00:00,1.551623730084259,3.3952227935417714,4.380838164406568,22.54157677848003,4.769872141867886,36.36363636363637,23,2.528290245777803,0.5468457933001065,,0.01625916499919718,1.0662819699969768,0.2857952001478959,0.48496302537883945,87,0.023132116245904947,0.047698721418678855,0.02438874749879577,0.047698721418678855,chart_cl_4.csv,724,20250831_165524:724,sobol,9,23,33,95,22,23,3.0,2.1,0.9,1.1,20,0.8
2,5623,289,450,739,2023-12-27 01:00:00,2024-03-22 16:00:00,1.5515785515759226,5.1315437193432185,7.151270793680426,64.46781611441429,1.6677478490956077,54.166666666666664,25,4.224145684541196,0.581887216902384,,0.006911443824708545,1.1050659624896324,0.1635122043179988,1.1521951535574118,86,0.023043903071148238,0.016677478490956077,0.02,0.02,chart_cl_4.csv,919,20250831_165524:919,sobol,12,19,34,98,18,30,2.4000000000000004,2.3,1.1,1.5,49,0.85
7,2775,1794,312,351,2025-05-09 06:00:00,2025-06-19 12:00:00,1.5511792293146685,5.548995804449915,7.618039893984833,138.83747068002867,2.6282129986188756,91.66666666666666,13,36.65259613667472,1.1775577494759828,,0.006958966991996818,1.097856033852638,0.40231570791170856,0.7267234729660311,41,0.019099840780507762,0.026282129986188757,0.02,0.026282129986188757,chart_cl_3.csv,437,20250831_165524:437,sobol,14,23,49,104,26,16,2.8,2.2,0.8,1.5,29,0.7
7,2775,1623,405,338,2025-04-30 18:00:00,2025-06-09 22:00:00,1.543701976323044,4.204144592274633,5.805682852391177,72.63316280099114,5.361850026086266,90.9090909090909,12,8.443054306109547,1.2874811783046753,,0.02288701626560194,1.0736876841713119,0.5176167174569881,0.3528711995661026,40,0.01892042450598599,0.05361850026086266,0.03433052439840291,0.05361850026086266,chart_cl_3.csv,497,20250831_165524:497,sobol,10,24,55,135,18,12,2.8,2.4000000000000004,0.8,1.0,12,0.65
6,1581,615,300,183,2025-05-09 12:00:00,2025-05-30 18:00:00,1.5372601609174184,10.77301954365439,15.20905765721913,1124.2226233573992,1.5620858495199756,100.0,10,inf,1.3495393468540475,,0.003308130981838874,1.2559819134475507,0.3863335856577037,0.85968210498026,21,0.0171936420996052,0.015620858495199756,0.02,0.02,chart_cl_2.csv,390,20250831_165524:390,sobol,12,19,34,98,18,30,2.4000000000000004,2.3,1.1,1.5,49,0.85
5,2775,1112,300,353,2025-02-17 09:00:00,2025-03-28 18:00:00,1.5336420484666766,16.165479853718626,24.72973937901493,569.2766079866084,0.6201397041976862,80.0,11,25.564618112475905,1.1573832249229232,,0.0020066446105954554,1.3677728570400196,0.10034293064412785,0.9355136422444477,39,0.018710272844888954,0.006201397041976861,0.02,0.02,chart_cl_3.csv,460,20250831_165524:460,sobol,8,22,52,82,19,21,2.4000000000000004,1.9000000000000001,1.0,1.6,17,0.75
5,2775,1036,348,346,2025-02-13 01:00:00,2025-03-25 20:00:00,1.5280653036026821,10.03745884102915,14.524857080022882,237.30210189384272,1.5360200106967417,77.77777777777779,10,19.078952066672347,1.2793636884527877,,0.004881318503757066,1.1710145147329136,0.22407556213806143,0.9364121117261629,40,0.018728242234523258,0.015360200106967417,0.02,0.02,chart_cl_3.csv,455,20250831_165524:455,sobol,12,28,30,116,25,18,2.6,2.6,1.6,1.0,39,0.65
2,5623,289,450,739,2023-12-27 01:00:00,2024-03-22 16:00:00,1.5223531280920952,6.3968126505016905,10.430728713372341,99.98675134002286,1.0471707705467201,29.629629629629626,28,5.316313726711683,0.6329653858309038,,0.003685914597718344,1.1610300938081342,0.11131441754527618,1.1303862023682925,86,0.02260772404736585,0.010471707705467202,0.02,0.02,chart_cl_4.csv,931,20250831_165524:931,sobol,7,16,44,88,28,20,3.0,2.4000000000000004,1.4000000000000001,0.8,11,0.65
7,2775,1818,300,353,2025-05-12 06:00:00,2025-06-20 18:00:00,1.5177973281698514,11.271637479876757,16.139744356040477,574.5825693556235,0.6022927361131678,94.73684210526315,20,24.282906083588244,0.765155316719087,,0.0025642125624416316,1.2189411179155032,0.1787929713910477,0.9258223924268446,39,0.018516447848536892,0.006022927361131678,0.02,0.02,chart_cl_3.csv,427,20250831_165524:427,sobol,9,26,54,74,16,27,2.7,2.5,1.5,0.9,31,0.8
5,2775,914,426,335,2025-02-07 09:00:00,2025-03-19 06:00:00,1.5109053815999118,16.492167142639953,26.52561789002307,550.9110936052017,0.6897020257830424,0.0,3,0.0,-0.5998401442863877,,0.0014280876702529887,1.5127528818441753,0.11687117240783891,0.9216071784681004,39,0.018432143569362007,0.006897020257830424,0.02,0.02,chart_cl_3.csv,470,20250831_165524:470,sobol,11,16,49,142,16,15,1.9000000000000001,3.0,1.2000000000000002,1.5,36,0.6
4,2108,405,348,251,2023-04-29 19:00:00,2023-05-20 15:00:00,1.505704993497696,0.9589275315297378,1.4311561769135517,3.4524056352863144,8.63036266256377,100.0,6,inf,7.48256338254717,,0.058532143638411846,1.0476777941256101,0.7629399376658075,0.19083811583253127,20,0.016755246011390397,0.0863036266256377,0.08779821545761776,0.08779821545761776,chart_cl_1.csv,29,20250831_165524:29,sobol,12,28,30,116,25,18,2.6,2.6,1.6,1.0,39,0.65
2,5623,289,450,739,2023-12-27 01:00:00,2024-03-22 16:00:00,1.5054380309812132,3.9511672715872175,5.344864613583712,46.23495671928506,2.2297472052987697,51.515151515151516,34,2.7917373911729664,0.5058276504298113,,0.010422676141705799,1.0842513301422583,0.20417008958958371,1.0025939035120706,86,0.022355309544056234,0.022297472052987696,0.02,0.022297472052987696,chart_cl_4.csv,937,20250831_165524:937,sobol,6,24,30,76,28,13,2.0,1.8,0.9,1.6,35,0.6
7,1581,657,375,172,2025-05-23 06:00:00,2025-06-12 14:00:00,1.4986181372000202,12.587370858134463,17.855905587922734,1966.9114569863525,1.0017962558762445,100.0,7,inf,1.0742649279776513,,0.0034398301329379467,1.2127925591112687,0.41943380618851334,0.8338133297339838,20,0.016676266594679676,0.010017962558762446,0.02,0.02,chart_cl_2.csv,358,20250831_165524:358,sobol,9,23,39,125,19,19,1.9000000000000001,1.9000000000000001,0.9,0.8,44,0.65
7,2775,1572,432,334,2025-04-28 18:00:00,2025-06-05 14:00:00,1.4964545098958353,3.9353037803387916,5.540598523823643,77.03619163984754,4.868814438526694,85.71428571428571,8,4.362725439580104,0.8638431836197378,,0.0183212877660575,1.0630852759520346,0.5558873979779045,0.37147897765685184,37,0.018086622100248154,0.04868814438526694,0.02748193164908625,0.04868814438526694,chart_cl_3.csv,582,20250831_165524:582,sobol,9,20,31,144,29,17,2.8,2.0,1.6,1.4000000000000001,31,0.8
5,1581,369,339,177,2025-04-15 06:00:00,2025-05-06 22:00:00,1.4831635696229342,23.66544444701415,45.45213769177467,5391.349865014707,0.32350774264652954,,1,,,,0.0006914420941595142,2.004130731702705,0.18565653253290662,0.8293828613077827,21,0.016587657226155655,0.003235077426465295,0.02,0.02,chart_cl_2.csv,345,20250831_165524:345,sobol,14,16,41,113,17,27,2.6,2.8,0.9,1.1,29,0.6
5,5623,2506,450,739,2024-09-13 06:00:00,2024-12-09 23:00:00,1.475999601167865,7.798271589277971,11.055560185528993,68.57861998976074,1.4628201908849447,80.0,21,19.11812283236647,0.5652369988682769,,0.0067423912581185946,1.1613185875182293,0.07615362690647483,1.0999645933542297,87,0.021999291867084592,0.014628201908849447,0.02,0.02,chart_cl_4.csv,790,20250831_165524:790,sobol,6,21,37,92,15,11,2.8,2.0,1.6,1.0,50,0.75
4,2775,678,357,345,2025-01-02 21:00:00,2025-02-12 15:00:00,1.4735029454732838,13.93189482320609,20.22104622282296,539.8306552367687,0.6331292119651375,100.0,7,inf,1.1926740543518832,,0.002083504176290172,1.2971329379457923,0.11624211859162685,0.9028864788229135,40,0.01805772957645827,0.006331292119651375,0.02,0.02,chart_cl_3.csv,619,20250831_165524:619,sobol,8,18,36,119,15,13,3.0,2.5,1.3,1.6,30,0.7
5,5623,2506,450,739,2024-09-13 06:00:00,2024-12-09 23:00:00,1.4658948117789237,3.8436824888896663,4.984090043427814,30.70091866002695,3.236859567069985,82.35294117647058,18,133.8819350548008,0.731937372388457,,0.011394432692596526,1.0842045371616442,0.20956083763615152,0.6749742115563008,87,0.02184796734201532,0.03236859567069985,0.02,0.03236859567069985,chart_cl_4.csv,874,20250831_165524:874,sobol,11,17,59,71,25,20,2.7,2.6,1.2000000000000002,1.3,22,0.85
7,2775,1818,300,353,2025-05-12 06:00:00,2025-06-20 18:00:00,1.4501474460025408,8.906880515236118,13.446382040211843,320.77036477232326,0.9898238394820812,100.0,12,inf,1.1796056106598254,,0.003456575587781514,1.1944194184850072,0.23338118994230575,0.8844512012346206,39,0.017689024024692412,0.009898238394820812,0.02,0.02,chart_cl_3.csv,462,20250831_165524:462,sobol,8,22,52,82,19,21,2.4000000000000004,1.9000000000000001,1.0,1.6,17,0.75
5,5623,2506,450,739,2024-09-13 06:00:00,2024-12-09 23:00:00,1.438022969307795,3.8100644580610314,5.026758404002789,22.770715205957487,4.250822520456872,33.33333333333333,22,3.038078416844264,0.6122354621623862,,0.014334980649939023,1.0766982859537901,0.2268319032231478,0.504152382929286,87,0.021430623030978056,0.04250822520456872,0.021502470974908535,0.04250822520456872,chart_cl_4.csv,712,20250831_165524:712,sobol,12,28,30,116,25,18,2.6,2.6,1.6,1.0,39,0.65
5,5623,2506,450,739,2024-09-13 06:00:00,2024-12-09 23:00:00,1.421576702302562,9.778126323060897,13.852785072974896,89.10068666811115,1.0694315757436819,100.0,19,inf,0.6685161574121905,,0.0052896746706307994,1.2193091921047938,0.04567245006333358,1.0592198483156818,87,0.021184396966313638,0.01069431575743682,0.02,0.02,chart_cl_4.csv,796,20250831_165524:796,sobol,7,25,36,101,20,16,1.8,2.7,1.2000000000000002,1.3,23,0.75
6,2108,982,303,257,2023-06-13 03:00:00,2023-07-04 11:00:00,1.3992563835384317,3.1601665200457667,5.812524876967508,35.32797222690585,0.7563760684357429,,1,,,,0.001434460410899483,1.343455497150842,0.2787267000689446,0.7823935998913045,21,0.01564787199782609,0.007563760684357429,0.02,0.02,chart_cl_1.csv,97,20250831_165524:97,sobol,7,25,36,101,20,16,1.8,2.7,1.2000000000000002,1.3,23,0.75
7,2108,1014,426,240,2023-06-26 01:00:00,2023-07-15 23:00:00,1.3914339566496046,4.046930555760476,6.080756725407439,32.758886233154364,0.8755965243625827,100.0,6,inf,2.2295412244406045,,0.0024732392032518593,1.3890973130377924,0.24382260257384922,0.7701755949440477,19,0.015403511898880956,0.008755965243625827,0.02,0.02,chart_cl_1.csv,46,20250831_165524:46,sobol,11,16,49,142,16,15,1.9000000000000001,3.0,1.2000000000000002,1.5,36,0.6
3,2108,216,300,258,2023-04-10 01:00:00,2023-05-01 11:00:00,1.3887598085826085,0.7538872628301393,1.0607803360547625,2.505982794327597,10.527868816526748,80.0,6,2.3357429667030756,2.246367097529329,,0.04504429597408495,1.0346732304846034,0.8276738288369974,0.1475162646327383,21,0.01553031882357513,0.10527868816526748,0.06756644396112743,0.10527868816526748,chart_cl_1.csv,61,20250831_165524:61,sobol,14,21,37,78,13,19,2.1,2.0,1.2000000000000002,1.1,26,0.65
6,2775,1465,300,353,2025-03-28 20:00:00,2025-05-12 04:00:00,1.3675433066245701,7.767714312910125,10.930218510691855,174.9565299341957,1.6294148252476583,92.3076923076923,14,23.78800249505215,0.9698089622978271,,0.007585437757305382,1.1448654706244759,0.232660857091819,0.8532016043053309,44,0.017064032086106618,0.016294148252476583,0.02,0.02,chart_cl_3.csv,511,20250831_165524:511,sobol,10,18,32,82,26,22,2.7,2.8,0.9,1.3,10,0.7
6,1581,615,300,183,2025-05-09 12:00:00,2025-05-30 18:00:00,1.359801635701632,7.834434636274037,10.801909722216058,554.7241293225427,2.2134328671259156,85.71428571428571,8,31.278483828355274,1.4300888198484045,,0.006057521363316483,1.1424296401493432,0.48835546072131475,0.6869882613958956,21,0.015206023971033652,0.022134328671259154,0.02,0.022134328671259154,chart_cl_2.csv,379,20250831_165524:379,sobol,12,24,45,84,20,28,1.8,2.0,0.8,1.0,46,0.85
4,5623,1767,450,739,2024-06-19 10:00:00,2024-09-13 04:00:00,1.3358724218169882,4.865901766594472,6.454467977460259,56.049678770658645,1.5631478780030086,70.0,11,7.319007793083294,0.898118904626751,,0.004641777274203067,1.1187390018902992,0.1283194541161608,0.9875640656660183,85,0.019751281313320365,0.015631478780030086,0.02,0.02,chart_cl_4.csv,705,20250831_165524:705,sobol,12,19,58,92,30,11,1.8,3.0,1.3,0.9,43,0.7
7,2108,999,435,239,2023-06-25 13:00:00,2023-07-15 09:00:00,1.3326646083039386,3.9152109725875452,5.855047054380839,31.359067080644515,0.8755965243625827,100.0,5,inf,2.4502428005270787,,0.0021555426402356083,1.386537780803595,0.2374471022399974,0.7376047113737331,19,0.014752094227474661,0.008755965243625827,0.02,0.02,chart_cl_1.csv,190,20250831_165524:190,sobol,9,26,48,145,23,11,2.3,2.8,1.4000000000000001,1.1,27,0.7
6,5623,3245,450,739,2024-12-10 01:00:00,2025-03-07 21:00:00,1.304471946410939,13.017406923534605,18.765546667706694,234.96808171864362,0.36122850097643683,100.0,9,inf,1.40581535250357,,0.0011122464656470883,1.2625138805923783,0.015293784044075439,0.9715956739806377,87,0.019431913479612754,0.0036122850097643684,0.02,0.02,chart_cl_4.csv,785,20250831_165524:785,sobol,14,27,60,149,21,30,1.9000000000000001,2.5,1.0,1.6,26,0.65
5,1581,432,300,183,2025-04-17 06:00:00,2025-05-09 10:00:00,1.298345420940393,6.085125971313908,9.073498366481704,403.59370515700954,2.681555516077392,100.0,4,inf,2.036961106865986,,0.009510489069940595,1.1224415001037413,0.549907805071662,0.5441216397604635,22,0.014590923845167464,0.02681555516077392,0.02,0.02681555516077392,chart_cl_2.csv,262,20250831_165524:262,sobol,8,22,52,82,19,21,2.4000000000000004,1.9000000000000001,1.0,1.6,17,0.75
7,1581,672,366,173,2025-05-23 18:00:00,2025-06-13 04:00:00,1.294126924245927,17.240289669873178,26.704668006657478,1602.620806422298,0.7813741552081536,100.0,6,inf,1.7306587116262822,,0.0038589145547136845,1.3507137649175394,0.23725929877489216,0.7198898270788826,20,0.014397796541577652,0.007813741552081536,0.02,0.02,chart_cl_2.csv,407,20250831_165524:407,sobol,14,17,52,122,11,26,2.8,2.7,1.3,1.0,19,0.75
6,2775,1462,303,353,2025-03-28 20:00:00,2025-05-12 04:00:00,1.2936444628914672,5.106629571966778,7.77426774423463,109.06301634463674,2.367306935002112,37.5,9,7.806380036545986,1.3350410350405322,,0.005994748610100083,1.1462474941622913,0.3127565538191292,0.6817702672806027,44,0.01613959481811614,0.023673069350021118,0.02,0.023673069350021118,chart_cl_3.csv,526,20250831_165524:526,sobol,7,25,36,101,20,16,1.8,2.7,1.2000000000000002,1.3,23,0.75
5,1581,339,357,174,2025-04-14 06:00:00,2025-05-05 16:00:00,1.2869496688271964,12.412186019829996,23.668508574984607,942.5991153951046,1.2871679192578065,,1,,,,0.002725670332007646,1.470325119771664,0.2981933712596455,0.7195130381077339,21,0.014390260762154678,0.012871679192578065,0.02,0.02,chart_cl_2.csv,296,20250831_165524:296,sobol,10,24,50,119,10,20,2.2,2.3,1.2000000000000002,0.9,34,0.85
5,5623,2506,450,739,2024-09-13 06:00:00,2024-12-09 23:00:00,1.2862253493995126,3.6434721905507397,4.7673920888956145,19.285684535330176,4.319517103821505,71.42857142857143,22,1.7076146532942642,0.4431064945638924,,0.016781427865985455,1.071678864553851,0.20364209498386324,0.4435442754052015,87,0.01915897083914884,0.043195171038215054,0.025172141798978184,0.043195171038215054,chart_cl_4.csv,700,20250831_165524:700,sobol,7,25,39,146,14,28,2.9000000000000004,2.2,1.0,1.3,21,0.85
7,2775,1818,300,353,2025-05-12 06:00:00,2025-06-20 18:00:00,1.2773790868404789,8.70932638269256,12.167675574020612,204.8426248845306,1.2327570432905866,63.1578947368421,20,5.825528791241288,0.7182503725879088,,0.004970872846937016,1.2322939434709699,0.1668958038696661,0.7788399499370868,39,0.015576798998741736,0.012327570432905865,0.02,0.02,chart_cl_3.csv,667,20250831_165524:667,sobol,10,27,35,80,14,26,2.8,3.0,1.1,0.9,42,0.6
7,2775,1638,396,339,2025-05-01 06:00:00,2025-06-10 12:00:00,1.2744489144540239,12.037495425955992,18.316133684979253,414.53679776694077,0.6519098476861088,100.0,5,inf,1.0027452561622288,,0.001408857882490772,1.40768526472452,0.1295042623384091,0.7806345810947425,40,0.01561269162189485,0.006519098476861088,0.02,0.02,chart_cl_3.csv,662,20250831_165524:662,sobol,10,20,58,132,22,16,2.6,2.1,1.0,1.2000000000000002,41,0.7
3,2775,406,300,353,2024-11-22 03:00:00,2025-01-06 19:00:00,1.2715439875804635,7.62614218520775,11.989982687807766,257.17091081788,0.9741023658144339,80.0,16,32.28255176921857,0.7230881820016767,,0.005227257564839816,1.1442826369782146,0.24067861893336848,0.7967360223782194,45,0.015934720447564388,0.009741023658144339,0.02,0.02,chart_cl_3.csv,488,20250831_165524:488,sobol,14,21,37,78,13,19,2.1,2.0,1.2000000000000002,1.1,26,0.65
5,5623,2506,450,739,2024-09-13 06:00:00,2024-12-09 23:00:00,1.261616055636952,5.683362286428155,7.516805678697016,39.31211091612968,2.0656473764611305,40.909090909090914,23,4.60593900667421,0.4750044693668807,,0.00680896259924469,1.1152713117381474,0.09611163327094328,0.9096858770709619,87,0.01879090245375375,0.020656473764611306,0.02,0.020656473764611306,chart_cl_4.csv,748,20250831_165524:748,sobol,6,28,46,125,28,22,2.6,2.4000000000000004,1.5,1.6,48,0.85
6,1581,615,300,183,2025-05-09 12:00:00,2025-05-30 18:00:00,1.2467348346758529,6.283146096417841,8.689459246855149,369.9578851807428,2.6282565092006633,100.0,7,inf,1.8385492917859374,,0.00922597378668151,1.1047267339081916,0.5453566037381434,0.5303898736218324,21,0.013940006377606983,0.026282565092006632,0.02,0.026282565092006632,chart_cl_2.csv,255,20250831_165524:255,sobol,12,19,58,92,30,11,1.8,3.0,1.3,0.9,43,0.7
5,5623,2506,450,739,2024-09-13 06:00:00,2024-12-09 23:00:00,1.2444855370243857,3.1737414325594826,4.1126719697541825,18.488242074035433,4.313939054825384,42.857142857142854,22,1.8709735434814454,0.4799649724220153,,0.016114377685617784,1.0628310259593559,0.2361393094326405,0.4296473486484768,87,0.018534724771368423,0.04313939054825384,0.024171566528426676,0.04313939054825384,chart_cl_4.csv,862,20250831_165524:862,sobol,9,20,31,144,29,17,2.8,2.0,1.6,1.4000000000000001,31,0.8
7,2775,1767,327,349,2025-05-08 06:00:00,2025-06-18 08:00:00,1.2359250621121725,12.209639231902472,17.532437176141084,336.402326405721,0.723080747542494,100.0,12,inf,1.0849083980380942,,0.003117428063447357,1.310494330742563,0.10260597146827145,0.7604603281612422,41,0.015209206563224845,0.0072308074754249396,0.02,0.02,chart_cl_3.csv,502,20250831_165524:502,sobol,10,17,43,109,23,30,2.0,2.7,1.4000000000000001,1.2000000000000002,34,0.75
7,2775,1710,360,345,2025-05-06 06:00:00,2025-06-16 00:00:00,1.2293021524904701,3.8026270126808672,4.9965843096522375,57.83911732226359,4.25116099363724,55.55555555555556,10,0.6734466172365152,-0.32429011014628695,,0.013783735410581607,1.0637698252249206,0.46531307608752037,0.35421819993073494,40,0.015058385947819376,0.042511609936372395,0.02067560311587241,0.042511609936372395,chart_cl_3.csv,557,20250831_165524:557,sobol,13,25,35,120,17,20,2.2,2.2,1.4000000000000001,1.2000000000000002,45,0.6
6,2108,990,300,258,2023-06-13 13:00:00,2023-07-04 23:00:00,1.2189449179657146,1.8407248805090763,2.9640934164953308,14.49838347784126,1.5751242140788875,100.0,3,inf,3.390787601819379,,0.003145535227441352,1.165386716272958,0.3952455764020203,0.6814443114467876,21,0.013628886228935754,0.015751242140788876,0.02,0.02,chart_cl_1.csv,36,20250831_165524:36,sobol,8,22,52,82,19,21,2.4000000000000004,1.9000000000000001,1.0,1.6,17,0.75
4,2108,468,303,257,2023-05-01 07:00:00,2023-05-22 15:00:00,1.216790140742006,2.936739629100951,5.1106936849702755,14.933543970160649,1.5328250362843772,100.0,4,inf,3.4719090592037603,,0.0034123841274931854,1.3827798275624859,0.2235771680908584,0.6802381658914749,21,0.013604763317829498,0.015328250362843772,0.02,0.02,chart_cl_1.csv,164,20250831_165524:164,sobol,6,20,50,101,14,10,2.7,2.2,1.0,1.1,38,0.65
7,2108,975,447,237,2023-06-24 13:00:00,2023-07-14 05:00:00,1.2133161947454512,1.2155041241651117,1.7452150855711375,6.251875814365532,3.9936049546814534,0.0,4,0.0,-0.9656151364308675,,0.012328756095952426,1.0809020843517305,0.5925420661105972,0.33627321593347526,19,0.01342942381278593,0.03993604954681453,0.02,0.03993604954681453,chart_cl_1.csv,176,20250831_165524:176,sobol,13,22,42,149,25,24,2.5,2.3,1.2000000000000002,0.9,30,0.8
6,1581,615,300,183,2025-05-09 12:00:00,2025-05-30 18:00:00,1.2049599279847325,8.700339804545067,12.091194729376596,570.3073518516234,1.5620858495199756,100.0,9,inf,1.347686357781524,,0.003673305755575799,1.2079191125861048,0.34963443916317094,0.6736162513745015,21,0.013472325027490031,0.015620858495199756,0.02,0.02,chart_cl_2.csv,417,20250831_165524:417,sobol,10,27,35,80,14,26,2.8,3.0,1.1,0.9,42,0.6
7,2775,1818,300,353,2025-05-12 06:00:00,2025-06-20 18:00:00,1.201792441937863,8.013925838518361,11.6352400109099,227.91744009209054,0.9974665895759478,86.66666666666667,16,31.58462978453172,0.7880463589377524,,0.003053184257896836,1.170536440584062,0.20612255425708428,0.7326550660084991,39,0.014653101320169983,0.009974665895759478,0.02,0.02,chart_cl_3.csv,467,20250831_165524:467,sobol,9,23,33,95,22,23,3.0,2.1,0.9,1.1,20,0.8
6,5623,3245,450,739,2024-12-10 01:00:00,2025-03-07 21:00:00,1.1979768360520098,7.569212847376118,10.065199122963621,102.21641836805816,0.7423784791023279,77.77777777777779,10,7.675162500916526,1.0009416396106439,,0.001944047354723523,1.1541294497176162,0.04355061634873084,0.8919677622795555,87,0.01783935524559111,0.007423784791023279,0.02,0.02,chart_cl_4.csv,749,20250831_165524:749,sobol,6,28,46,125,28,22,2.6,2.4000000000000004,1.5,1.6,48,0.85
3,2108,181,327,254,2023-04-09 09:00:00,2023-04-30 11:00:00,1.1941096010436383,1.2512159499668078,1.7361799312884063,7.6849082729930895,2.955781508630878,0.0,2,0.0,-1.7538746860335854,,0.009828251958154169,1.0766165195137753,0.5703909287395348,0.4516862735950274,21,0.013350859351945694,0.029557815086308777,0.02,0.029557815086308777,chart_cl_1.csv,70,20250831_165524:70,sobol,10,17,43,109,23,30,2.0,2.7,1.4000000000000001,1.2000000000000002,34,0.75
7,2108,1038,414,242,2023-06-27 01:00:00,2023-07-17 03:00:00,1.1919700284745538,3.596462179073502,5.40527911002678,24.64319835817196,0.9706284974435838,100.0,6,inf,2.1812154440172358,,0.003171956772415161,1.3376517692772951,0.21940323745811677,0.6629949005685192,20,0.013259898011370385,0.009706284974435838,0.02,0.02,chart_cl_1.csv,18,20250831_165524:18,sobol,6,17,34,138,11,25,2.0,2.9000000000000004,1.4000000000000001,1.2000000000000002,45,0.8
7,5623,3984,450,739,2025-03-09 22:00:00,2025-06-04 12:00:00,1.183835155107514,4.635546205928642,6.245178159474711,45.550100298626504,1.6404276738872954,71.42857142857143,22,6.317115601208014,0.473902222957026,,0.005989212224566452,1.1036514955917434,0.12016295058829804,0.878070588162895,86,0.0175614117632579,0.016404276738872955,0.02,0.02,chart_cl_4.csv,852,20250831_165524:852,sobol,14,16,41,113,17,27,2.6,2.8,0.9,1.1,29,0.6
2,5623,289,450,739,2023-12-27 01:00:00,2024-03-22 16:00:00,1.183743753067563,3.690421844524847,4.943998089290218,37.58912206374865,1.9876538084297928,44.0,26,3.64263516464207,0.5572897710128578,,0.007882687219048667,1.080388446947756,0.1616768009057158,0.8780025352519052,86,0.017560050705038105,0.01987653808429793,0.02,0.02,chart_cl_4.csv,715,20250831_165524:715,sobol,8,22,52,82,19,21,2.4000000000000004,1.9000000000000001,1.0,1.6,17,0.75
5,5623,2506,450,739,2024-09-13 06:00:00,2024-12-09 23:00:00,1.1785670902708716,2.4911341508446183,3.2262986245240692,14.64397619145048,5.073133018245563,33.33333333333333,19,1.7747704770607713,0.4664704537278179,,0.017600932323545013,1.0501009079116395,0.29379374869419467,0.34592458797955705,87,0.01754921449102083,0.050731330182455625,0.026401398485317522,0.050731330182455625,chart_cl_4.csv,922,20250831_165524:922,sobol,12,19,34,98,18,30,2.4000000000000004,2.3,1.1,1.5,49,0.85
6,5623,3245,450,739,2024-12-10 01:00:00,2025-03-07 21:00:00,1.17816301015597,5.888289436767823,7.985946343650162,71.83798232159116,1.0336849016786025,77.77777777777779,10,5.3648029895182,0.9122097828051189,,0.002602120567573551,1.1136398495435846,0.07740969337301659,0.8771587303887161,87,0.017543174607774322,0.010336849016786024,0.02,0.02,chart_cl_4.csv,923,20250831_165524:923,sobol,12,19,34,98,18,30,2.4000000000000004,2.3,1.1,1.5,49,0.85
4,1581,249,300,183,2025-03-27 00:00:00,2025-04-17 04:00:00,1.1579134803100772,18.896287345439642,27.74288766520463,987.5884666114345,0.8165997294648569,50.0,3,1.1063346176248163,0.029414939891437453,,0.0028922665611204527,1.4178402817522866,0.1513895570040837,0.6472838052893873,21,0.012945676105787746,0.008165997294648569,0.02,0.02,chart_cl_2.csv,415,20250831_165524:415,sobol,10,27,35,80,14,26,2.8,3.0,1.1,0.9,42,0.6
4,1581,249,300,183,2025-03-27 00:00:00,2025-04-17 04:00:00,1.1579134803100772,18.896287345439642,27.74288766520463,987.5884666114345,0.8165997294648569,50.0,3,1.1063346176248163,0.029414939891437453,,0.0028922665611204527,1.4178402817522866,0.1513895570040837,0.6472838052893873,21,0.012945676105787746,0.008165997294648569,0.02,0.02,chart_cl_2.csv,299,20250831_165524:299,sobol,10,18,32,82,26,22,2.7,2.8,0.9,1.3,10,0.7
2,5623,289,450,739,2023-12-27 01:00:00,2024-03-22 16:00:00,1.143698128798991,6.033920415706195,8.222637722124984,84.69865789423103,0.8437615209040789,31.57894736842105,20,2.9131498779208727,0.28473782607786347,,0.0028019806439265726,1.1308441406273477,0.07169202074721087,0.848190614758269,86,0.01696381229516538,0.008437615209040789,0.02,0.02,chart_cl_4.csv,913,20250831_165524:913,sobol,9,26,48,145,23,11,2.3,2.8,1.4000000000000001,1.1,27,0.7
3,5623,1028,450,739,2024-03-22 18:00:00,2024-06-19 08:00:00,1.1424557439898948,4.454202611993224,6.677123184865648,40.19517925917956,1.7754773857614221,100.0,9,inf,1.2740368388817709,,0.007507852419877505,1.095743706494978,0.14542267062501832,0.8536853330584223,88,0.017073706661168447,0.01775477385761422,0.02,0.02,chart_cl_4.csv,692,20250831_165524:692,sobol,6,17,34,138,11,25,2.0,2.9000000000000004,1.4000000000000001,1.2000000000000002,45,0.8
6,5623,3245,450,739,2024-12-10 01:00:00,2025-03-07 21:00:00,1.139789689690906,3.7534989501741753,4.792379783527703,43.77888228486294,1.6252489571303503,72.72727272727273,12,3.598782153372049,0.7308757413327438,,0.003830029834273043,1.08293792944509,0.13664210679855496,0.8484835611511775,87,0.01696967122302355,0.016252489571303503,0.02,0.02,chart_cl_4.csv,971,20250831_165524:971,sobol,10,21,47,117,29,13,2.0,2.1,1.5,1.3,23,0.8
5,1581,432,300,183,2025-04-17 06:00:00,2025-05-09 10:00:00,1.1362048954820183,6.310268500074925,9.447241527820387,338.3471960276065,2.2756747468152523,100.0,3,inf,2.978490040951481,,0.007710849340350233,1.1443993962890626,0.4726258046410337,0.5609994250744488,22,0.012766522246197985,0.022756747468152524,0.02,0.022756747468152524,chart_cl_2.csv,266,20250831_165524:266,sobol,9,23,33,95,22,23,3.0,2.1,0.9,1.1,20,0.8
5,5623,2506,450,739,2024-09-13 06:00:00,2024-12-09 23:00:00,1.124485380344575,3.5849948389967716,4.631706500022503,23.38012200485294,2.990912644448709,35.294117647058826,18,5.042336584164819,0.533504154427823,,0.009903657216559232,1.0757482958663482,0.16285740032173546,0.559728229746066,87,0.016740982398024004,0.029909126444487087,0.02,0.029909126444487087,chart_cl_4.csv,952,20250831_165524:952,sobol,11,27,40,106,16,23,2.1,3.0,1.6,0.9,24,0.8
7,2775,1788,318,351,2025-05-09 06:00:00,2025-06-19 12:00:00,1.1228334865448457,5.997668942451338,8.316260961768897,131.1423033378005,1.5620858495199756,100.0,16,inf,0.736712558355309,,0.00307184099851326,1.1965831471380797,0.19117229631968993,0.6907308613672198,41,0.013814617227344396,0.015620858495199756,0.02,0.02,chart_cl_3.csv,657,20250831_165524:657,sobol,11,27,40,106,16,23,2.1,3.0,1.6,0.9,24,0.8
7,2108,1248,300,258,2023-07-05 01:00:00,2023-07-26 11:00:00,1.1168948073290152,0.8862979487544216,1.1946102539204968,3.9413841651252017,5.26492983005269,71.42857142857143,8,14.273690830503831,2.366290096077329,,0.029816408113516227,1.044121507541786,0.6855478399351586,0.2371645216242732,21,0.012486545645298122,0.0526492983005269,0.04472461217027434,0.0526492983005269,chart_cl_1.csv,107,20250831_165524:107,sobol,12,22,42,71,30,26,2.3,2.1,1.3,1.2000000000000002,36,0.7
7,1581,540,438,163,2025-05-16 18:00:00,2025-06-05 08:00:00,1.1067726334520018,19.527567809506944,31.96488141928555,1297.994413055375,0.7439404018476864,100.0,3,inf,0.6817043082131444,,0.0017557435957371353,1.5554103571191065,0.1843270185954128,0.6124458159243298,19,0.012248916318486597,0.007439404018476864,0.02,0.02,chart_cl_2.csv,252,20250831_165524:252,sobol,7,25,39,146,14,28,2.9000000000000004,2.2,1.0,1.3,21,0.85
4,2775,690,348,346,2025-01-03 03:00:00,2025-02-12 23:00:00,1.0998936103841557,15.98592078527847,23.56449387145863,456.3101434813355,0.4443663255533441,100.0,8,inf,0.7877668507568035,,0.0014688850236099437,1.3809745274006637,0.052761493188231166,0.6735013907393925,40,0.01347002781478785,0.004443663255533441,0.02,0.02,chart_cl_3.csv,454,20250831_165524:454,sobol,12,28,30,116,25,18,2.6,2.6,1.6,1.0,39,0.65
3,2775,333,357,345,2024-11-20 19:00:00,2025-01-02 19:00:00,1.0967631389707322,4.594485464973504,6.1933088217969035,80.19466047748224,2.528707891240885,87.5,9,3.8480357252220307,0.5971100444635106,,0.009653420006432633,1.0825288504615127,0.3472635743182244,0.538473123136095,43,0.01361641235695368,0.025287078912408847,0.02,0.025287078912408847,chart_cl_3.csv,503,20250831_165524:503,sobol,10,24,50,119,10,20,2.2,2.3,1.2000000000000002,0.9,34,0.85
7,2108,1143,357,250,2023-07-01 01:00:00,2023-07-21 19:00:00,1.0913990926077801,3.1630533100153686,4.710110182642398,18.552544876137762,1.129030545345752,100.0,6,inf,2.0398057778119485,,0.005721854526159482,1.2419266538749951,0.21549263813111325,0.6069945803261811,20,0.012139891606523623,0.01129030545345752,0.02,0.02,chart_cl_1.csv,186,20250831_165524:186,sobol,8,18,36,119,15,13,3.0,2.5,1.3,1.6,30,0.7
7,2775,1749,339,348,2025-05-07 18:00:00,2025-06-17 18:00:00,1.0877934704977938,8.066957685197035,11.139169233769259,199.32772799779104,0.9895430986608025,100.0,10,inf,1.0231689864805242,,0.0027647997665016266,1.1532803061139223,0.16344635541643526,0.6691319660559407,41,0.013382639321118816,0.009895430986608025,0.02,0.02,chart_cl_3.csv,572,20250831_165524:572,sobol,14,16,41,113,17,27,2.6,2.8,0.9,1.1,29,0.6
5,2775,1109,303,353,2025-02-17 09:00:00,2025-03-28 18:00:00,1.0711927921848754,11.94664660531117,17.574218195959865,335.29157923064383,0.5605840589028724,66.66666666666666,7,7.267999034896223,1.073347886649733,,0.0020423815162887732,1.2871092728660056,0.0854272162684252,0.6528853570770022,39,0.013057707141540045,0.005605840589028724,0.02,0.02,chart_cl_3.csv,600,20250831_165524:600,sobol,6,20,50,101,14,10,2.7,2.2,1.0,1.1,38,0.65
7,2108,975,447,237,2023-06-24 13:00:00,2023-07-14 05:00:00,1.067412831011353,1.9828361964103005,2.8480040796323123,9.38707659603525,2.3095431322481903,33.33333333333333,10,0.8732782942779411,-0.09682835426678038,,0.014534309554306252,1.1209324055778254,0.38623683467188247,0.5114807501947582,19,0.011812868538894562,0.023095431322481902,0.02180146433145938,0.023095431322481902,chart_cl_1.csv,88,20250831_165524:88,sobol,14,27,60,149,21,30,1.9000000000000001,2.5,1.0,1.6,26,0.65
7,2108,1155,351,251,2023-07-01 13:00:00,2023-07-22 09:00:00,1.0610615143350857,0.8749209090619737,1.1975841983475473,3.6300543902943287,5.571115417318132,100.0,6,inf,3.64493235395069,,0.022017747662519543,1.0487998298429508,0.6688133330662506,0.21184414536338741,20,0.01180208184302551,0.055711154173181315,0.033026621493779315,0.055711154173181315,chart_cl_1.csv,234,20250831_165524:234,sobol,10,21,47,117,29,13,2.0,2.1,1.5,1.3,23,0.8
5,1581,412,312,181,2025-04-16 14:00:00,2025-05-08 14:00:00,1.0474832637155544,5.9295958668980795,8.906805213089667,332.12670449241006,1.962476494993751,100.0,3,inf,2.6494456206099986,,0.0060980779765070995,1.1411990393608016,0.4629461243651142,0.588425022032917,22,0.01176850044065834,0.01962476494993751,0.02,0.02,chart_cl_2.csv,244,20250831_165524:244,sobol,14,23,49,104,26,16,2.8,2.2,0.8,1.5,29,0.7
7,2775,1623,405,338,2025-04-30 18:00:00,2025-06-09 22:00:00,1.0444455295037187,9.987540146956821,14.148128071289529,270.20760689178616,0.7165936845628944,100.0,7,inf,1.0678678612576364,,0.0026113395003082044,1.2358670655463615,0.11413082446865631,0.6394843418790461,40,0.012789686837580923,0.007165936845628944,0.02,0.02,chart_cl_3.csv,597,20250831_165524:597,sobol,14,26,33,135,30,29,2.2,2.9000000000000004,1.6,1.4000000000000001,17,0.75
4,5623,1767,450,739,2024-06-19 10:00:00,2024-09-13 04:00:00,1.0438028962343762,5.929894743047554,8.635317459039847,67.91536423071227,0.9367106362167685,76.47058823529412,18,6.458786994743363,0.5647054385527069,,0.003238349695548618,1.151316149043924,0.0681094249895258,0.7709273980982478,85,0.015418547961964957,0.009367106362167685,0.02,0.02,chart_cl_4.csv,837,20250831_165524:837,sobol,7,18,48,76,22,18,2.4000000000000004,2.9000000000000004,0.9,0.9,21,0.75
7,2108,1068,396,244,2023-06-28 01:00:00,2023-07-18 07:00:00,1.040827480934206,0.6996105622012929,0.9846569200930235,3.4520162333759434,5.9173366406381485,50.0,9,1.2303468142281282,0.2611088809270645,,0.029220538999998335,1.0338633919376126,0.7758108963373168,0.19564184701006118,20,0.011576786697547579,0.05917336640638148,0.0438308084999975,0.05917336640638148,chart_cl_1.csv,224,20250831_165524:224,sobol,10,20,58,132,22,16,2.6,2.1,1.0,1.2000000000000002,41,0.7
5,2108,613,375,247,2023-05-19 09:00:00,2023-06-08 21:00:00,1.0323437655707903,1.373260734306379,2.285014572157569,7.29928168113114,2.736763255583034,68.75,17,11.824385069786997,0.8114872406172244,,0.01181264761052657,1.0826774362154996,0.47548052291957243,0.41955867924269147,20,0.011482327769123463,0.027367632555830343,0.02,0.027367632555830343,chart_cl_1.csv,151,20250831_165524:151,sobol,9,23,39,125,19,19,1.9000000000000001,1.9000000000000001,0.9,0.8,44,0.65
3,2775,352,342,347,2024-11-21 03:00:00,2025-01-03 07:00:00,1.0319782186883004,4.123606709542654,5.529892409640426,60.36101854701518,3.0152497532286384,77.77777777777779,10,2.3361701720446693,0.44871052460072314,,0.012223520557098149,1.0712746804289832,0.3688280396073095,0.4248571661240735,43,0.012810504653130312,0.030152497532286385,0.02,0.030152497532286385,chart_cl_3.csv,633,20250831_165524:633,sobol,13,23,54,114,13,22,1.9000000000000001,2.0,0.8,1.4000000000000001,33,0.75
6,1581,474,381,171,2025-05-02 12:00:00,2025-05-22 16:00:00,1.029992087850087,8.721443255484067,12.145701632321567,440.52972639730166,1.626317915693289,100.0,2,inf,0.8132687492641906,,0.003542020004502219,1.1822486908143355,0.36359184330353406,0.572807206417288,20,0.01145614412834576,0.01626317915693289,0.02,0.02,chart_cl_2.csv,323,20250831_165524:323,sobol,9,16,57,127,15,12,2.5,3.0,0.8,1.4000000000000001,17,0.8
6,622,205,300,101,2025-07-14 14:00:00,2025-07-24 22:00:00,1.0267043218264689,16.04463848623518,27.971360685221335,2899.0481627814274,1.1589266004700318,100.0,3,inf,2.277676289465005,,0.004072508365570984,1.299144865236126,0.41857887678998246,0.5421645370096564,10,0.010843290740193127,0.011589266004700317,0.02,0.02,chart_cl_6.csv,1077,20250831_165524:1077,sobol,6,24,30,76,28,13,2.0,1.8,0.9,1.6,35,0.6
6,622,205,300,101,2025-07-14 14:00:00,2025-07-24 22:00:00,1.0267043218264689,16.04463848623518,27.971360685221335,2899.0481627814274,1.1589266004700318,100.0,3,inf,2.277676289465005,,0.004072508365570984,1.299144865236126,0.41857887678998246,0.5421645370096564,10,0.010843290740193127,0.011589266004700317,0.02,0.02,chart_cl_5.csv,1022,20250831_165524:1022,sobol,6,24,30,76,28,13,2.0,1.8,0.9,1.6,35,0.6
6,5623,3245,450,739,2024-12-10 01:00:00,2025-03-07 21:00:00,1.0266051630259767,2.7843470100427345,3.656310709526303,31.339111996403933,1.9879897497816692,70.0,11,2.6651911364511065,0.7067268023175453,,0.005347307732001463,1.0558633574397023,0.20275026718654698,0.7639457981327464,87,0.015278915962654929,0.01987989749781669,0.02,0.02,chart_cl_4.csv,905,20250831_165524:905,sobol,12,24,45,84,20,28,1.8,2.0,0.8,1.0,46,0.85
6,2108,990,300,258,2023-06-13 13:00:00,2023-07-04 23:00:00,1.025667831613208,1.9103510492675146,2.940921206007709,10.369041586031322,1.8241724255983762,100.0,4,inf,2.5835594148318397,,0.005190070295040437,1.1783574097764744,0.3112052689776386,0.5732782027761849,21,0.011465564055523698,0.018241724255983763,0.02,0.02,chart_cl_1.csv,4,20250831_165524:4,sobol,9,26,54,74,16,27,2.7,2.5,1.5,0.9,31,0.8
4,2775,678,357,345,2025-01-02 21:00:00,2025-02-12 15:00:00,1.0227676639028203,22.132068107965086,33.77910453207039,621.4740052809905,0.291385763819353,100.0,5,inf,0.7132029826967123,,0.0008994157822974243,1.4354118738269355,0.01732405539290031,0.6261869653787463,40,0.012523739307574926,0.00291385763819353,0.02,0.02,chart_cl_3.csv,504,20250831_165524:504,sobol,10,24,50,119,10,20,2.2,2.3,1.2000000000000002,0.9,34,0.85
5,1581,432,300,183,2025-04-17 06:00:00,2025-05-09 10:00:00,1.0191287159162754,5.504165878732905,8.193478751925698,262.4590044068952,2.2743466315065,100.0,3,inf,2.6798036028206385,,0.008424657647958482,1.1248717103207437,0.4771780128232597,0.5034229633122442,22,0.011449583208322229,0.022743466315065,0.02,0.022743466315065,chart_cl_2.csv,307,20250831_165524:307,sobol,6,21,37,92,15,11,2.8,2.0,1.6,1.0,50,0.75
6,1581,615,300,183,2025-05-09 12:00:00,2025-05-30 18:00:00,1.0140710319476511,12.794903251516304,18.300496036344292,823.7212471523113,0.7165936845628944,100.0,7,inf,1.294418777243153,,0.002344732422857624,1.243805182706132,0.22206822704730828,0.5667895245378483,21,0.011335790490756965,0.007165936845628944,0.02,0.02,chart_cl_2.csv,350,20250831_165524:350,sobol,11,27,51,99,12,24,2.0,2.5,1.0,0.8,12,0.7
3,2108,216,300,258,2023-04-10 01:00:00,2023-05-01 11:00:00,1.0090732652795908,0.8154167331699768,1.128314222118821,4.400064662864983,4.223516695867017,33.33333333333333,4,1.5477305045065526,0.6226896096971088,,0.018560315285131457,1.0462070816473286,0.6634103216603354,0.26707279607295886,21,0.01127986413226029,0.042235166958670176,0.027840472927697188,0.042235166958670176,chart_cl_1.csv,33,20250831_165524:33,sobol,8,22,52,82,19,21,2.4000000000000004,1.9000000000000001,1.0,1.6,17,0.75
4,2108,474,300,258,2023-05-01 13:00:00,2023-05-22 23:00:00,1.0045297887713645,2.2292428056472047,3.6192148122798633,10.489292856325841,1.7630573753124854,100.0,4,inf,2.6846975096858934,,0.004328228934804391,1.2643190234189867,0.23815995199569218,0.5614510954536568,21,0.011229021909073137,0.017630573753124854,0.02,0.02,chart_cl_1.csv,2,20250831_165524:2,sobol,9,26,54,74,16,27,2.7,2.5,1.5,0.9,31,0.8
5,1581,425,303,182,2025-04-16 22:00:00,2025-05-09 00:00:00,1.0019495839971455,5.648135257166354,8.50684028507279,228.00213631162595,2.551318324981305,100.0,3,inf,3.9503338666463907,,0.006282826798034269,1.132530525901875,0.46228951583913974,0.4411982112164207,22,0.011256370812254266,0.02551318324981305,0.02,0.02551318324981305,chart_cl_2.csv,367,20250831_165524:367,sobol,6,20,50,101,14,10,2.7,2.2,1.0,1.1,38,0.65
5,2775,1112,300,353,2025-02-17 09:00:00,2025-03-28 18:00:00,0.9911863768870077,6.646142176813565,9.453421751531154,105.98437700912166,1.5680653492463916,71.42857142857143,8,25.378413102828723,1.0491303035118673,,0.0036065609413553296,1.1369683669941169,0.18352038919008454,0.6040360339094611,39,0.012080720678189223,0.015680653492463916,0.02,0.02,chart_cl_3.csv,630,20250831_165524:630,sobol,12,19,34,98,18,30,2.4000000000000004,2.3,1.1,1.5,49,0.85
5,5623,2506,450,739,2024-09-13 06:00:00,2024-12-09 23:00:00,0.9851272750352962,2.465067560963288,3.2009543711989785,14.772837195245213,4.005473730630945,26.31578947368421,20,2.380024014119807,0.3390738264587362,,0.012932358077069722,1.0501242566185653,0.2334530086318577,0.36598985688189,87,0.014659627574177898,0.04005473730630946,0.02,0.04005473730630946,chart_cl_4.csv,886,20250831_165524:886,sobol,6,20,50,101,14,10,2.7,2.2,1.0,1.1,38,0.65
2,5623,289,450,739,2023-12-27 01:00:00,2024-03-22 16:00:00,0.981608597344544,5.099879793645628,7.932710762366332,73.14029707012966,0.8054308572724834,25.0,29,4.758073172341215,0.3725231097829396,,0.0035841570641160767,1.1375403806541833,0.07910060367130071,0.7276015126962717,86,0.014552030253925435,0.008054308572724834,0.02,0.02,chart_cl_4.csv,775,20250831_165524:775,sobol,10,18,32,82,26,22,2.7,2.8,0.9,1.3,10,0.7
7,2775,1713,357,345,2025-05-06 06:00:00,2025-06-16 00:00:00,0.9724628415660836,9.435016179708402,13.214650045837871,232.8115705717144,0.7182751787952147,100.0,9,inf,1.0397088923706792,,0.002960566848551339,1.228972383457195,0.10292775612609321,0.595333607599529,40,0.01190667215199058,0.007182751787952147,0.02,0.02,chart_cl_3.csv,622,20250831_165524:622,sobol,8,18,36,119,15,13,3.0,2.5,1.3,1.6,30,0.7
5,2775,1112,300,353,2025-02-17 09:00:00,2025-03-28 18:00:00,0.9720249069975708,10.295509563810187,14.451225963006005,201.87966851962747,0.7986120551020043,66.66666666666666,10,5.296694402142607,0.6547049653977166,,0.0032205423679532883,1.181819638814716,0.0788867840900148,0.5923387202116656,39,0.011846774404233311,0.007986120551020043,0.02,0.02,chart_cl_3.csv,640,20250831_165524:640,sobol,7,16,44,88,28,20,3.0,2.4000000000000004,1.4000000000000001,0.8,11,0.65
5,2775,980,384,341,2025-02-11 09:00:00,2025-03-21 18:00:00,0.968946567482817,5.184021526827702,6.944859385419445,70.24077913654412,2.4110781825498346,12.5,9,0.6198378892161038,-0.14766981379168242,,0.009303076311395497,1.0907356870054954,0.2706915123809458,0.48753457886797236,38,0.0117548398634719,0.024110781825498348,0.02,0.024110781825498348,chart_cl_3.csv,430,20250831_165524:430,sobol,11,20,44,128,21,14,2.2,1.9000000000000001,1.1,1.4000000000000001,14,0.6
5,5623,2506,450,739,2024-09-13 06:00:00,2024-12-09 23:00:00,0.966277511152174,3.846110976032467,5.366556505928097,31.732172523555544,1.8205353537724913,89.65517241379311,30,16.846786029146866,0.26503371814098003,,0.005227805133496234,1.0906173965196249,0.11524339587968345,0.7189122436568727,87,0.014378244873137453,0.018205353537724914,0.02,0.02,chart_cl_4.csv,760,20250831_165524:760,sobol,10,24,55,135,18,12,2.8,2.4000000000000004,0.8,1.0,12,0.65
6,1581,615,300,183,2025-05-09 12:00:00,2025-05-30 18:00:00,0.9538738487507828,5.370805385204186,7.373031571210291,204.00271714743332,2.5284758034097066,85.71428571428571,8,5.127841807941707,0.8993755257809385,,0.0070884715002515995,1.0916020847540624,0.49091878490556456,0.42168513175926264,21,0.010662206523109296,0.025284758034097066,0.02,0.025284758034097066,chart_cl_2.csv,263,20250831_165524:263,sobol,8,22,52,82,19,21,2.4000000000000004,1.9000000000000001,1.0,1.6,17,0.75
7,1581,720,342,177,2025-05-27 20:00:00,2025-06-17 12:00:00,0.9484419396364047,11.199041267873417,15.890795840516295,942.9716187407597,0.5811587314075319,100.0,3,inf,0.868487910098878,,0.0018426117383844802,1.2766414670907473,0.24717508190429038,0.5274119343051529,20,0.010548238686103058,0.00581158731407532,0.02,0.02,chart_cl_2.csv,395,20250831_165524:395,sobol,13,23,54,114,13,22,1.9000000000000001,2.0,0.8,1.4000000000000001,33,0.75
5,5623,2506,450,739,2024-09-13 06:00:00,2024-12-09 23:00:00,0.9387744513186818,2.524805830970772,3.258433968545714,15.319342979936225,3.6388399342521667,33.33333333333333,19,2.7700409113218454,0.40144276077576924,,0.01181816184611729,1.0544043191345769,0.20448856168989515,0.3838517400601985,87,0.013967750405632324,0.036388399342521666,0.02,0.036388399342521666,chart_cl_4.csv,766,20250831_165524:766,sobol,10,17,43,109,23,30,2.0,2.7,1.4000000000000001,1.2000000000000002,34,0.75
5,5623,2506,450,739,2024-09-13 06:00:00,2024-12-09 23:00:00,0.937992800643093,2.5325536256446854,3.269228231465128,15.300187122163875,3.639658857337124,35.294117647058826,18,2.682990225561342,0.42481005056440196,,0.011801620540477984,1.0549378582496878,0.20266759919446167,0.383444865680696,87,0.013956085016751892,0.03639658857337124,0.02,0.03639658857337124,chart_cl_4.csv,736,20250831_165524:736,sobol,13,26,39,85,11,13,2.5,2.7,1.6,1.4000000000000001,40,0.7
6,5623,3245,450,739,2024-12-10 01:00:00,2025-03-07 21:00:00,0.9369622613706895,8.33191587262053,11.651310976691505,168.56229702956333,0.3299202317154498,92.85714285714286,15,19.797416684949276,0.5891917191612492,,0.0010566606932049527,1.175138465512237,0.02420974204544212,0.6970352646914135,87,0.013940705293828272,0.003299202317154498,0.02,0.02,chart_cl_4.csv,713,20250831_165524:713,sobol,12,28,30,116,25,18,2.6,2.6,1.6,1.0,39,0.65
6,1581,546,339,177,2025-05-07 00:00:00,2025-05-27 18:00:00,0.9155790549787185,12.755749728639074,17.900345728757994,706.6441179764813,0.7182751787952147,100.0,3,inf,1.7619627222075391,,0.0017560923877906196,1.2826182586768373,0.18964926707722896,0.5091207444359092,20,0.010182414888718183,0.007182751787952147,0.02,0.02,chart_cl_2.csv,346,20250831_165524:346,sobol,14,16,41,113,17,27,2.6,2.8,0.9,1.1,29,0.6
5,2108,732,300,258,2023-05-23 01:00:00,2023-06-13 11:00:00,0.9070637275819369,1.1600248659432704,1.6465442639005883,8.667867697603,1.9113074955304197,84.61538461538461,14,42.93563118641881,0.814309568976026,,0.01257770688856042,1.07766646676113,0.46176658768371875,0.506923860586686,21,0.01013847721173372,0.019113074955304198,0.02,0.02,chart_cl_1.csv,25,20250831_165524:25,sobol,12,19,58,92,30,11,1.8,3.0,1.3,0.9,43,0.7
3,2775,406,300,353,2024-11-22 03:00:00,2025-01-06 19:00:00,0.9010800388893984,3.997317540510367,5.4823950358917175,53.77095044614838,2.6709496890813704,73.33333333333333,16,2.381516345873776,0.5223740374033217,,0.011828414289673595,1.0697682626303073,0.3231192702789876,0.42246393345246896,45,0.011283799117029647,0.026709496890813703,0.02,0.026709496890813703,chart_cl_3.csv,533,20250831_165524:533,sobol,12,22,42,71,30,26,2.3,2.1,1.3,1.2000000000000002,36,0.7
5,5623,2506,450,739,2024-09-13 06:00:00,2024-12-09 23:00:00,0.8953602272524706,2.2497166150928485,2.930422188875455,14.471078293879879,3.6348323333721364,61.53846153846154,27,2.3435066838757947,0.2679774859001418,,0.011957053886804956,1.0420232764296078,0.23388168887022187,0.36645222840730335,87,0.013319924084511376,0.036348323333721365,0.02,0.036348323333721365,chart_cl_4.csv,682,20250831_165524:682,sobol,11,20,44,128,21,14,2.2,1.9000000000000001,1.1,1.4000000000000001,14,0.6
6,2775,1368,357,345,2025-03-25 12:00:00,2025-05-06 04:00:00,0.8863830597453954,8.850379690299809,15.566681565712543,164.41847720665646,0.882197666744174,0.0,6,0.0,-0.4556392479504591,,0.0022474679558801814,1.3286656485164179,0.10270574652676902,0.545035508123501,41,0.010900710162470021,0.00882197666744174,0.02,0.02,chart_cl_3.csv,621,20250831_165524:621,sobol,8,18,36,119,15,13,3.0,2.5,1.3,1.6,30,0.7
7,2775,1818,300,353,2025-05-12 06:00:00,2025-06-20 18:00:00,0.8839061596825104,4.865208722355853,6.7623234848095235,106.78954964490963,1.3066610648890857,80.0,21,8.957437967394625,0.49978133733373364,,0.004367493491374869,1.0976059322178124,0.21883732782208284,0.5385559780809077,39,0.010771119561618154,0.013066610648890857,0.02,0.02,chart_cl_3.csv,492,20250831_165524:492,sobol,14,21,37,78,13,19,2.1,2.0,1.2000000000000002,1.1,26,0.65
7,1581,708,348,176,2025-05-27 08:00:00,2025-06-16 22:00:00,0.8795837184429103,14.561518346402273,21.03141286582343,1034.3921422297014,0.45605551466994415,100.0,4,inf,1.222207237351605,,0.0011797026132060893,1.3906539663687973,0.16427700953775912,0.48908743664480586,20,0.009781748732896117,0.004560555146699442,0.02,0.02,chart_cl_2.csv,260,20250831_165524:260,sobol,12,28,30,116,25,18,2.6,2.6,1.6,1.0,39,0.65
6,2108,990,300,258,2023-06-13 13:00:00,2023-07-04 23:00:00,0.8738797023775476,1.9465394655295951,3.431058678362556,16.925167467887462,0.9404859717802101,100.0,3,inf,2.395405303213489,,0.0018796781068971037,1.1864494424451943,0.27117809779968466,0.488361638839101,21,0.00976723277678202,0.0094048597178021,0.02,0.02,chart_cl_1.csv,50,20250831_165524:50,sobol,13,26,39,85,11,13,2.5,2.7,1.6,1.4000000000000001,40,0.7
6,2108,990,300,258,2023-06-13 13:00:00,2023-07-04 23:00:00,0.8738797023775476,1.9465394655295951,3.431058678362556,16.925167467887462,0.9404859717802101,100.0,3,inf,2.395405303213489,,0.0018796781068971037,1.1864494424451943,0.27117809779968466,0.488361638839101,21,0.00976723277678202,0.0094048597178021,0.02,0.02,chart_cl_1.csv,129,20250831_165524:129,sobol,7,18,48,76,22,18,2.4000000000000004,2.9000000000000004,0.9,0.9,21,0.75
5,1581,432,300,183,2025-04-17 06:00:00,2025-05-09 10:00:00,0.8720111492856092,10.678107472279132,16.418791912881538,401.28752877619957,1.064624885315905,100.0,3,inf,2.26112017251442,,0.0030290722176875436,1.2709169181730717,0.21532164988925254,0.4897598358707741,22,0.009795196717415482,0.010646248853159051,0.02,0.02,chart_cl_2.csv,337,20250831_165524:337,sobol,7,18,48,76,22,18,2.4000000000000004,2.9000000000000004,0.9,0.9,21,0.75
6,5623,3245,450,739,2024-12-10 01:00:00,2025-03-07 21:00:00,0.853705152696358,5.242418164638452,7.464285786299744,47.92093720409136,1.0358967441229585,81.25,17,11.83531425513579,0.5263118066181744,,0.001729761088054317,1.1299363431913836,0.05951744994639387,0.6349259517618394,87,0.012698519035236788,0.010358967441229584,0.02,0.02,chart_cl_4.csv,809,20250831_165524:809,sobol,12,22,42,71,30,26,2.3,2.1,1.3,1.2000000000000002,36,0.7
7,1581,798,300,183,2025-05-30 20:00:00,2025-06-23 02:00:00,0.8511767497937399,8.45545983614876,12.021856134802611,449.1446009476091,0.905666163650831,100.0,10,inf,0.8190731097864883,,0.0034623806667428963,1.1849920495334472,0.28288538028952503,0.4804319878771895,23,0.00960863975754379,0.00905666163650831,0.02,0.02,chart_cl_2.csv,380,20250831_165524:380,sobol,12,24,45,84,20,28,1.8,2.0,0.8,1.0,46,0.85
5,5623,2506,450,739,2024-09-13 06:00:00,2024-12-09 23:00:00,0.8486961927745966,1.8905765719187069,2.398960695572251,9.625682860699394,5.120588028758533,38.88888888888889,19,1.452199308916684,0.356211165416743,,0.018362015691543953,1.0386708538956038,0.2722996793041772,0.24653042270262807,87,0.012623807312158583,0.05120588028758533,0.027543023537315928,0.05120588028758533,chart_cl_4.csv,772,20250831_165524:772,sobol,10,24,50,119,10,20,2.2,2.3,1.2000000000000002,0.9,34,0.85
6,1581,579,321,180,2025-05-08 06:00:00,2025-05-29 06:00:00,0.8442497463168408,16.634100342702247,25.975554316618002,745.1137738294944,0.5552895341971272,100.0,4,inf,1.691193133442056,,0.0018678059325685599,1.3838436405813843,0.11085887306519757,0.4717885503134863,21,0.009435771006269727,0.005552895341971272,0.02,0.02,chart_cl_2.csv,330,20250831_165524:330,sobol,12,21,53,107,12,29,3.0,1.9000000000000001,1.4000000000000001,1.5,39,0.65
3,2775,360,336,348,2024-11-21 07:00:00,2025-01-03 13:00:00,0.8378188995415484,3.5772137879927,4.7165938272474905,46.191925071593246,2.850191833281793,75.0,13,1.53174611686447,0.15114589006717455,,0.011235811555047088,1.0646855001674465,0.3278777239314544,0.3647618982289071,43,0.010396413834243955,0.02850191833281793,0.02,0.02850191833281793,chart_cl_3.csv,478,20250831_165524:478,sobol,7,19,59,112,27,25,2.3,1.8,1.1,0.8,24,0.85
7,2108,1002,432,239,2023-06-25 13:00:00,2023-07-15 09:00:00,0.834402786018768,0.7413426482958518,1.0300393017746754,3.9741940458133,4.13889364280332,75.0,9,2.7860896066078715,0.7863234486430537,,0.013459034953433785,1.041730177791463,0.6636270110170089,0.22305804948685257,19,0.009232135429972425,0.0413889364280332,0.020188552430150677,0.0413889364280332,chart_cl_1.csv,149,20250831_165524:149,sobol,9,20,31,144,29,17,2.8,2.0,1.6,1.4000000000000001,31,0.8
7,5623,3984,450,739,2025-03-09 22:00:00,2025-06-04 12:00:00,0.8292167313415519,1.837601866658912,2.4510705766726706,11.561676698940113,4.145419208168067,80.0,16,2.3751635018726467,0.2703191594379093,,0.011229255782463535,1.0380515117819993,0.2724327195280442,0.2963954183375856,86,0.012286832603896371,0.04145419208168067,0.02,0.04145419208168067,chart_cl_4.csv,882,20250831_165524:882,sobol,14,26,33,135,30,29,2.2,2.9000000000000004,1.6,1.4000000000000001,17,0.75
4,2108,393,357,250,2023-04-29 13:00:00,2023-05-20 07:00:00,0.8276033122251419,4.49970890665514,8.888581086193266,44.94903354125416,0.3456035474256139,,1,,,,0.00038887037106186676,2.0345530514190187,0.09113078562675833,0.46016013303752257,20,0.009203202660750451,0.003456035474256139,0.02,0.02,chart_cl_1.csv,183,20250831_165524:183,sobol,8,18,36,119,15,13,3.0,2.5,1.3,1.6,30,0.7
3,5623,1028,450,739,2024-03-22 18:00:00,2024-06-19 08:00:00,0.8274230256855417,3.12509371784804,4.600974453110401,44.50646923608514,1.0740746661692016,76.47058823529412,18,18.50070493546629,0.40411402723483175,,0.0033470207609936006,1.0758495926543314,0.13358678782773545,0.6176440118987471,88,0.012352880237974942,0.010740746661692016,0.02,0.02,chart_cl_4.csv,764,20250831_165524:764,sobol,10,17,43,109,23,30,2.0,2.7,1.4000000000000001,1.2000000000000002,34,0.75
7,5623,3984,450,739,2025-03-09 22:00:00,2025-06-04 12:00:00,0.8274180132774674,5.514236345706343,7.7011160735282616,66.70854589240126,0.7165936845628944,100.0,6,inf,1.15055349126994,,0.001562626789914062,1.2064466254211015,0.04895822957936523,0.6130054589468964,86,0.012260109178937929,0.007165936845628944,0.02,0.02,chart_cl_4.csv,696,20250831_165524:696,sobol,6,17,34,138,11,25,2.0,2.9000000000000004,1.4000000000000001,1.2000000000000002,45,0.8
7,2108,1248,300,258,2023-07-05 01:00:00,2023-07-26 11:00:00,0.8238479455063612,0.9187585439399335,1.2580619045982182,4.772947518593668,3.131333540717448,100.0,7,inf,1.8893274578398922,,0.011518156163978034,1.0512595481546463,0.5426785335940081,0.2940457710810784,21,0.009207553854923053,0.03131333540717448,0.02,0.03131333540717448,chart_cl_1.csv,195,20250831_165524:195,sobol,12,19,34,98,18,30,2.4000000000000004,2.3,1.1,1.5,49,0.85
6,622,205,300,101,2025-07-14 14:00:00,2025-07-24 22:00:00,0.8238216804808303,15.041003538642666,26.33372658067276,1569.1907247191486,1.0339943370815456,100.0,4,inf,1.7413529683292313,,0.0037593800256757125,1.277324649269303,0.3512557554142963,0.4349832986318907,10,0.008699665972637815,0.010339943370815457,0.02,0.02,chart_cl_5.csv,993,20250831_165524:993,sobol,6,21,37,92,15,11,2.8,2.0,1.6,1.0,50,0.75
6,622,205,300,101,2025-07-14 14:00:00,2025-07-24 22:00:00,0.8238216804808303,15.041003538642666,26.33372658067276,1569.1907247191486,1.0339943370815456,100.0,4,inf,1.7413529683292313,,0.0037593800256757125,1.277324649269303,0.3512557554142963,0.4349832986318907,10,0.008699665972637815,0.010339943370815457,0.02,0.02,chart_cl_6.csv,1048,20250831_165524:1048,sobol,6,21,37,92,15,11,2.8,2.0,1.6,1.0,50,0.75
5,2775,904,432,334,2025-02-07 01:00:00,2025-03-18 20:00:00,0.8093296193873726,8.992037947153538,13.00291128750166,144.1930335197257,0.9220247469527758,0.0,2,0.0,-0.810883111990022,,0.0020552311117113687,1.20180224515477,0.0948580830841576,0.4930517840962073,39,0.009861035681924146,0.009220247469527758,0.02,0.02,chart_cl_3.csv,580,20250831_165524:580,sobol,9,20,31,144,29,17,2.8,2.0,1.6,1.4000000000000001,31,0.8
3,2775,379,321,350,2024-11-21 15:00:00,2025-01-06 01:00:00,0.806350678294848,3.5056243857557745,4.711854562043657,43.374473419900255,2.8462337084141893,70.0,11,1.6701486272614072,0.22755784561600872,,0.012047843056287717,1.0600706596622333,0.3340280035334617,0.3547016706410968,45,0.010095638514095173,0.028462337084141892,0.02,0.028462337084141892,chart_cl_3.csv,548,20250831_165524:548,sobol,12,21,53,107,12,29,3.0,1.9000000000000001,1.4000000000000001,1.5,39,0.65
4,1581,249,300,183,2025-03-27 00:00:00,2025-04-17 04:00:00,0.8036984450837451,17.471035685536926,26.12772506066114,551.5890627453928,0.6582471718655547,66.66666666666666,4,0.9296911017254256,-0.009076331828353254,,0.0024509741839799392,1.3901201377158745,0.08323915597250914,0.44910842503295856,21,0.00898216850065917,0.006582471718655547,0.02,0.02,chart_cl_2.csv,396,20250831_165524:396,sobol,7,16,44,88,28,20,3.0,2.4000000000000004,1.4000000000000001,0.8,11,0.65
6,2108,990,300,258,2023-06-13 13:00:00,2023-07-04 23:00:00,0.7986142716062773,1.1993396751494045,1.7052938822291972,6.063410851533114,2.3845124413189773,100.0,3,inf,2.2030713068624155,,0.0064591969974854965,1.1075873636756042,0.36737891307089865,0.37430294066625364,21,0.008925300188409608,0.023845124413189773,0.02,0.023845124413189773,chart_cl_1.csv,134,20250831_165524:134,sobol,6,23,57,89,24,14,2.1,2.3,1.3,1.5,48,0.8
3,2108,216,300,258,2023-04-10 01:00:00,2023-05-01 11:00:00,0.7979521688814032,0.5962614946349697,0.8195541599315587,2.311360689753867,6.249788606473601,50.0,3,1.3083461284765665,0.578357967503653,,0.02465946339061191,1.032351772479156,0.7189909685722681,0.14269113624125118,21,0.00891789437525344,0.06249788606473601,0.036989195085917866,0.06249788606473601,chart_cl_1.csv,154,20250831_165524:154,sobol,11,17,59,71,25,20,2.7,2.6,1.2000000000000002,1.3,22,0.85
6,1581,510,360,174,2025-05-05 18:00:00,2025-05-26 04:00:00,0.7931431517858868,3.766032486457396,4.9907380705819255,95.61992965531343,4.087316073709669,50.0,3,0.22346744096389368,-1.482054350817707,,0.014361559521397286,1.0656908437035388,0.5639741000545658,0.21578197676541525,20,0.00881969142050128,0.04087316073709669,0.02154233928209593,0.04087316073709669,chart_cl_2.csv,334,20250831_165524:334,sobol,13,25,35,120,17,20,2.2,2.2,1.4000000000000001,1.2000000000000002,45,0.6
6,5623,3245,450,739,2024-12-10 01:00:00,2025-03-07 21:00:00,0.7921138275310624,3.0707281673987783,4.031078168029215,35.00822375482339,1.2959496429081014,66.66666666666666,22,2.3552022056044644,0.3702259134056087,,0.003367338103543748,1.0665423837876744,0.11727257669434496,0.5890007458486377,87,0.011780014916972755,0.012959496429081015,0.02,0.02,chart_cl_4.csv,941,20250831_165524:941,sobol,6,24,30,76,28,13,2.0,1.8,0.9,1.6,35,0.6
6,1581,435,405,168,2025-05-01 06:00:00,2025-05-21 04:00:00,0.7919905255522167,5.433003824755189,7.514050950453697,183.1187417046988,2.284239210703622,20.0,6,0.07190443093628263,-0.31417240732496504,,0.005296581041495778,1.1142780956836305,0.41699488289215264,0.3836076438599063,19,0.008762516216304285,0.02284239210703622,0.02,0.02284239210703622,chart_cl_2.csv,364,20250831_165524:364,sobol,14,26,33,135,30,29,2.2,2.9000000000000004,1.6,1.4000000000000001,17,0.75
6,1581,615,300,183,2025-05-09 12:00:00,2025-05-30 18:00:00,0.7905275915424455,4.562392175716854,6.225750267122739,133.82907918948177,2.627527562503747,83.33333333333334,7,12.95313160074614,1.0888609441011035,,0.007856122981859793,1.0801006383356397,0.46440220339076965,0.33624191528265696,21,0.00883484900074231,0.026275275625037467,0.02,0.026275275625037467,chart_cl_2.csv,338,20250831_165524:338,sobol,7,18,48,76,22,18,2.4000000000000004,2.9000000000000004,0.9,0.9,21,0.75
6,1581,449,396,169,2025-05-01 16:00:00,2025-05-21 16:00:00,0.7879306242678354,6.737021348754587,9.183206674658571,223.05754734695572,1.8335928874573106,0.0,2,0.0,-0.5450156344637479,,0.0044073190752881115,1.1447074429974498,0.3472807207704328,0.43808414385360456,20,0.008761682877072092,0.018335928874573106,0.02,0.02,chart_cl_2.csv,413,20250831_165524:413,sobol,10,20,58,132,22,16,2.6,2.1,1.0,1.2000000000000002,41,0.7
5,5623,2506,450,739,2024-09-13 06:00:00,2024-12-09 23:00:00,0.7869442821860617,1.9495010959479109,2.490379553152654,10.475622955912595,4.29719486184279,52.38095238095239,22,1.5223599224491862,0.2082306760107509,,0.013597208630701208,1.0396961267218998,0.23444993326886387,0.2723390294911078,87,0.011702938782084404,0.0429719486184279,0.020395812946051813,0.0429719486184279,chart_cl_4.csv,718,20250831_165524:718,sobol,8,22,52,82,19,21,2.4000000000000004,1.9000000000000001,1.0,1.6,17,0.75
7,2775,1608,414,337,2025-04-30 06:00:00,2025-06-09 08:00:00,0.7841298586520032,7.710227813389948,10.762565788551617,174.8129890234829,0.7165936845628944,100.0,7,inf,1.075754422871879,,0.002613266238219392,1.1853450553609814,0.10374605664048875,0.4798736465486971,40,0.009597472930973941,0.007165936845628944,0.02,0.02,chart_cl_3.csv,442,20250831_165524:442,sobol,6,17,34,138,11,25,2.0,2.9000000000000004,1.4000000000000001,1.2000000000000002,45,0.8
5,5623,2506,450,739,2024-09-13 06:00:00,2024-12-09 23:00:00,0.7699134684010289,2.5160094256093903,3.271713374195806,18.93715071385911,2.3160002150649586,100.0,16,inf,0.3664360818902295,,0.00823943546353414,1.0794045121979718,0.1490208549227019,0.49434509690466766,87,0.01144903350747518,0.023160002150649586,0.02,0.023160002150649586,chart_cl_4.csv,820,20250831_165524:820,sobol,8,28,45,131,27,10,1.9000000000000001,2.6,1.1,1.0,15,0.85
3,2775,406,300,353,2024-11-22 03:00:00,2025-01-06 19:00:00,0.7631827763783448,5.687975244674781,9.18867832000868,130.15267629179212,0.8658618384215346,85.71428571428571,15,32.246686075009116,0.5407358883877885,,0.005127507617099302,1.121635029783789,0.15981977219152635,0.47771729517416817,45,0.009554345903483363,0.008658618384215347,0.02,0.02,chart_cl_3.csv,558,20250831_165524:558,sobol,7,18,48,76,22,18,2.4000000000000004,2.9000000000000004,0.9,0.9,21,0.75
2,5623,289,450,739,2023-12-27 01:00:00,2024-03-22 16:00:00,0.7625737539595788,4.863866059517526,6.429296493151712,55.6105260634127,0.779752723962914,57.14285714285714,22,5.701224408310726,0.33405311620602784,,0.0024750672245383715,1.1288403046286914,0.04747042435464764,0.564846457392346,86,0.01129692914784692,0.00779752723962914,0.02,0.02,chart_cl_4.csv,709,20250831_165524:709,sobol,12,28,30,116,25,18,2.6,2.6,1.6,1.0,39,0.65
6,622,205,300,101,2025-07-14 14:00:00,2025-07-24 22:00:00,0.7617085399410541,18.528152218599335,34.24227249750909,1689.3217929501645,0.7641947752469133,100.0,4,inf,1.547564508931745,,0.0028092402668003255,1.392507147365412,0.26280219808459604,0.40217400716328927,10,0.008043480143265785,0.007641947752469133,0.02,0.02,chart_cl_5.csv,982,20250831_165524:982,sobol,9,23,33,95,22,23,3.0,2.1,0.9,1.1,20,0.8
6,622,205,300,101,2025-07-14 14:00:00,2025-07-24 22:00:00,0.7617085399410541,18.528152218599335,34.24227249750909,1689.3217929501645,0.7641947752469133,100.0,4,inf,1.547564508931745,,0.0028092402668003255,1.392507147365412,0.26280219808459604,0.40217400716328927,10,0.008043480143265785,0.007641947752469133,0.02,0.02,chart_cl_6.csv,1037,20250831_165524:1037,sobol,9,23,33,95,22,23,3.0,2.1,0.9,1.1,20,0.8
5,2108,636,360,249,2023-05-20 01:00:00,2023-06-09 17:00:00,0.7562112337138903,1.5009903917766079,2.687491936668832,18.017183008231974,0.7864807861541976,88.88888888888889,10,18.683428770441147,1.0645506830400564,,0.0032737648844224673,1.141038825943752,0.28612771657016983,0.4204350495243862,20,0.008408700990487725,0.007864807861541976,0.02,0.02,chart_cl_1.csv,123,20250831_165524:123,sobol,13,25,35,120,17,20,2.2,2.2,1.4000000000000001,1.2000000000000002,45,0.6
7,1581,798,300,183,2025-05-30 20:00:00,2025-06-23 02:00:00,0.7530240084804901,9.039481111259937,12.821028398009494,395.11227966103445,0.8113532570435376,100.0,10,inf,0.8235167873938036,,0.004165596578157773,1.2000418283968601,0.22961693846087156,0.42498415029925146,23,0.00849968300598503,0.008113532570435376,0.02,0.02,chart_cl_2.csv,275,20250831_165524:275,sobol,13,26,39,85,11,13,2.5,2.7,1.6,1.4000000000000001,40,0.7
5,2775,1112,300,353,2025-02-17 09:00:00,2025-03-28 18:00:00,0.741900687289391,7.660434030566229,10.764662735190187,150.12779093654314,0.7212587858535795,50.0,13,2.6506994090995604,0.4488954008098859,,0.002739899853836489,1.1472536430442088,0.08464230531659227,0.4519192027833283,39,0.009038384055666567,0.007212587858535795,0.02,0.02,chart_cl_3.csv,665,20250831_165524:665,sobol,10,27,35,80,14,26,2.8,3.0,1.1,0.9,42,0.6
6,5623,3245,450,739,2024-12-10 01:00:00,2025-03-07 21:00:00,0.7332104419677649,5.427513644248978,7.580521818934934,43.534477367059175,0.9508533717733386,75.0,13,7.538195625980457,0.5926787001702882,,0.0016982273842308746,1.129457567633706,0.04071987336609641,0.5450969385439369,87,0.01090193877087874,0.009508533717733386,0.02,0.02,chart_cl_4.csv,689,20250831_165524:689,sobol,14,23,49,104,26,16,2.8,2.2,0.8,1.5,29,0.7
7,2775,1779,321,350,2025-05-08 18:00:00,2025-06-18 22:00:00,0.7315361754039955,5.930165777005362,8.216878225856435,158.5446053362301,0.677709282327229,100.0,7,inf,0.9824449881796777,,0.0018872707508537905,1.1878136553975747,0.13794742398796767,0.44969140079559217,41,0.008993828015911844,0.006777092823272291,0.02,0.02,chart_cl_3.csv,552,20250831_165524:552,sobol,12,21,53,107,12,29,3.0,1.9000000000000001,1.4000000000000001,1.5,39,0.65
6,1581,615,300,183,2025-05-09 12:00:00,2025-05-30 18:00:00,0.7255048191484491,4.361544705031409,5.98651086605159,113.81785317650582,2.6282565092006633,66.66666666666666,10,3.8168038919056366,0.4934705500008747,,0.006760125704896549,1.079873660507964,0.43961618863783125,0.30847869249466814,21,0.008107611314988213,0.026282565092006632,0.02,0.026282565092006632,chart_cl_2.csv,308,20250831_165524:308,sobol,6,21,37,92,15,11,2.8,2.0,1.6,1.0,50,0.75
3,2775,341,351,346,2024-11-20 23:00:00,2025-01-03 01:00:00,0.7218573110005764,3.827612439841322,4.8340537145070845,48.59464752963435,2.20556418899888,60.0,6,0.7234376645155901,-0.1307234745073083,,0.00763496190841472,1.0954815213943705,0.21285169386141237,0.40603932717954183,43,0.00895545799352397,0.0220556418899888,0.02,0.0220556418899888,chart_cl_3.csv,668,20250831_165524:668,sobol,10,21,47,117,29,13,2.0,2.1,1.5,1.3,23,0.8
6,5623,3245,450,739,2024-12-10 01:00:00,2025-03-07 21:00:00,0.7207974634184324,2.3457278315022636,3.002315381372722,21.581065968876256,1.8799403592952333,66.66666666666666,13,1.8242221771353095,0.4197389704090866,,0.004770088341681569,1.0481843529903423,0.15455691079378242,0.535847028744917,87,0.01071694057489834,0.018799403592952332,0.02,0.02,chart_cl_4.csv,833,20250831_165524:833,sobol,13,25,35,120,17,20,2.2,2.2,1.4000000000000001,1.2000000000000002,45,0.6
3,2775,406,300,353,2024-11-22 03:00:00,2025-01-06 19:00:00,0.7187416155559972,8.350140484404315,12.48241085616859,120.80616667384564,0.8574186990669191,83.33333333333334,13,25.473600990292184,0.4898462649609287,,0.004279460392452559,1.1660853229232075,0.08072353829536648,0.4498592466099183,45,0.008997184932198365,0.008574186990669192,0.02,0.02,chart_cl_3.csv,423,20250831_165524:423,sobol,9,26,54,74,16,27,2.7,2.5,1.5,0.9,31,0.8
7,1581,798,300,183,2025-05-30 20:00:00,2025-06-23 02:00:00,0.7161160628504973,10.865874430538062,15.607343949918398,554.713538670671,0.5265449576280484,100.0,8,inf,0.9178994805121594,,0.0027478635490269148,1.2521192747296541,0.16794044407492578,0.40413752741169023,23,0.008082750548233805,0.0052654495762804844,0.02,0.02,chart_cl_2.csv,238,20250831_165524:238,sobol,9,26,54,74,16,27,2.7,2.5,1.5,0.9,31,0.8
5,2775,993,375,342,2025-02-11 17:00:00,2025-03-24 04:00:00,0.7156750005016846,12.86313068630688,19.297970616318697,286.0996720602823,0.37623684049985257,0.0,2,0.0,-0.4329135985653183,,0.0008629210059527627,1.3604749956355653,0.03301991058247453,0.4379260455358599,40,0.008758520910717198,0.0037623684049985255,0.02,0.02,chart_cl_3.csv,485,20250831_165524:485,sobol,6,28,46,125,28,22,2.6,2.4000000000000004,1.5,1.6,48,0.85
7,1581,726,336,177,2025-05-27 20:00:00,2025-06-17 12:00:00,0.7153565624176054,8.157358174800775,11.337804617608757,534.1454213798444,0.5804701147974054,100.0,3,inf,0.2795410515955844,,0.0018932927484310994,1.1912325943071957,0.24882973206160372,0.397704609682782,20,0.00795409219365564,0.005804701147974054,0.02,0.02,chart_cl_2.csv,279,20250831_165524:279,sobol,7,19,59,112,27,25,2.3,1.8,1.1,0.8,24,0.85
6,1581,363,447,162,2025-04-28 18:00:00,2025-05-16 04:00:00,0.7106105281777331,4.2122258877505665,6.069177603021788,83.50425971128628,4.341718977227887,100.0,4,inf,3.4503150392669997,,0.01626586883489371,1.07038575951471,0.5282069727415557,0.17923791530315156,17,0.0077820065831045795,0.043417189772278875,0.024398803252340562,0.043417189772278875,chart_cl_2.csv,304,20250831_165524:304,sobol,14,27,60,149,21,30,1.9000000000000001,2.5,1.0,1.6,26,0.65
7,1581,759,321,180,2025-05-29 08:00:00,2025-06-19 06:00:00,0.7098699355398139,8.019054011165801,11.120216661128921,434.01012655917634,0.6827003528956296,100.0,7,inf,0.9824449881796777,,0.0028153172287095547,1.1811943763130108,0.24458908737118512,0.39465213936955074,20,0.007893042787391015,0.006827003528956296,0.02,0.02,chart_cl_2.csv,331,20250831_165524:331,sobol,12,21,53,107,12,29,3.0,1.9000000000000001,1.4000000000000001,1.5,39,0.65
5,1581,339,357,174,2025-04-14 06:00:00,2025-05-05 16:00:00,0.7096905727136232,15.828815863073832,31.911030890376924,975.0032317235494,0.32350774264652954,,1,,,,0.0006365461255931786,1.7238109619203228,0.10313269317137536,0.39653770517868575,21,0.007930754103573716,0.003235077426465295,0.02,0.02,chart_cl_2.csv,382,20250831_165524:382,sobol,8,18,36,119,15,13,3.0,2.5,1.3,1.6,30,0.7
6,622,205,300,101,2025-07-14 14:00:00,2025-07-24 22:00:00,0.7041794916152014,16.9255373863751,30.757332120026057,1237.542212307523,0.8411494904990133,100.0,3,inf,1.3963318347794,,0.002955172407444229,1.344439338756146,0.26085451971611257,0.371788028562574,10,0.00743576057125148,0.008411494904990133,0.02,0.02,chart_cl_5.csv,980,20250831_165524:980,sobol,8,22,52,82,19,21,2.4000000000000004,1.9000000000000001,1.0,1.6,17,0.75
6,622,205,300,101,2025-07-14 14:00:00,2025-07-24 22:00:00,0.7041794916152014,16.9255373863751,30.757332120026057,1237.542212307523,0.8411494904990133,100.0,3,inf,1.3963318347794,,0.002955172407444229,1.344439338756146,0.26085451971611257,0.371788028562574,10,0.00743576057125148,0.008411494904990133,0.02,0.02,chart_cl_6.csv,1035,20250831_165524:1035,sobol,8,22,52,82,19,21,2.4000000000000004,1.9000000000000001,1.0,1.6,17,0.75
6,622,205,300,101,2025-07-14 14:00:00,2025-07-24 22:00:00,0.7037654692528691,14.127999035481219,24.522661603683243,1177.0908796214835,0.8829664702392538,100.0,3,inf,1.527443162386875,,0.003349816675704986,1.2697460913956062,0.30502517334758433,0.37156935483781833,10,0.007431387096756367,0.008829664702392537,0.02,0.02,chart_cl_5.csv,1003,20250831_165524:1003,sobol,6,23,57,89,24,14,2.1,2.3,1.3,1.5,48,0.8
6,622,205,300,101,2025-07-14 14:00:00,2025-07-24 22:00:00,0.7037654692528691,14.127999035481219,24.522661603683243,1177.0908796214835,0.8829664702392538,100.0,3,inf,1.527443162386875,,0.003349816675704986,1.2697460913956062,0.30502517334758433,0.37156935483781833,10,0.007431387096756367,0.008829664702392537,0.02,0.02,chart_cl_6.csv,1058,20250831_165524:1058,sobol,6,23,57,89,24,14,2.1,2.3,1.3,1.5,48,0.8
3,2775,406,300,353,2024-11-22 03:00:00,2025-01-06 19:00:00,0.7014634248122604,3.372623676973634,4.48747453892619,41.044685588133596,2.439873207858776,60.0,11,2.5496803376668336,0.4717008346404962,,0.010180342182819203,1.066243613799642,0.27430921428829225,0.35987911401624545,45,0.00878059408356191,0.02439873207858776,0.02,0.02439873207858776,chart_cl_3.csv,463,20250831_165524:463,sobol,9,23,33,95,22,23,3.0,2.1,0.9,1.1,20,0.8
7,1581,687,357,174,2025-05-26 06:00:00,2025-06-13 18:00:00,0.6939878627148445,9.273134904627877,13.237714258315094,308.5564932135966,0.9806271916549395,100.0,7,inf,0.6126694743196069,,0.0032655491281282766,1.1629768649300523,0.20442102270585372,0.38193413406996,18,0.007638682681399201,0.009806271916549395,0.02,0.02,chart_cl_2.csv,384,20250831_165524:384,sobol,8,18,36,119,15,13,3.0,2.5,1.3,1.6,30,0.7
5,2775,934,414,337,2025-02-10 01:00:00,2025-03-20 02:00:00,0.6933350112503547,19.14285726047841,32.50095797222323,397.7776434317457,0.2642637009441414,0.0,3,0.0,-0.16853013555601876,,0.0005297945690733612,1.6370910294748844,0.0138765792459451,0.42036028766374994,38,0.008407205753274999,0.0026426370094414144,0.02,0.02,chart_cl_3.csv,440,20250831_165524:440,sobol,6,17,34,138,11,25,2.0,2.9000000000000004,1.4000000000000001,1.2000000000000002,45,0.8
7,1581,603,405,168,2025-05-21 06:00:00,2025-06-10 06:00:00,0.6861357143024123,7.915270941880487,11.658998012751235,355.73144798831504,0.8891069023218777,60.0,6,4.348842332381469,0.7425142620700957,,0.003704128101410556,1.1472354525703439,0.2679112778838196,0.38144805362270406,20,0.007628961072454081,0.008891069023218777,0.02,0.02,chart_cl_2.csv,365,20250831_165524:365,sobol,14,26,33,135,30,29,2.2,2.9000000000000004,1.6,1.4000000000000001,17,0.75
6,5623,3245,450,739,2024-12-10 01:00:00,2025-03-07 21:00:00,0.6850130180920587,2.1469413070667467,2.770971773400985,20.33175538546288,1.8799403592952333,55.55555555555556,10,1.472228743863162,0.2909622779492522,,0.004759902601519071,1.0447811765823949,0.15697583365341874,0.5091853252694126,87,0.010183706505388253,0.018799403592952332,0.02,0.02,chart_cl_4.csv,773,20250831_165524:773,sobol,10,24,50,119,10,20,2.2,2.3,1.2000000000000002,0.9,34,0.85
6,2775,1465,300,353,2025-03-28 20:00:00,2025-05-12 04:00:00,0.6830577979821683,5.984093932263089,9.125001357500144,89.69300550622789,1.0763946976919185,100.0,4,inf,1.900279738073565,,0.0026635120865825704,1.1954718869467122,0.11872101933715826,0.4255839906899288,44,0.008511679813798577,0.010763946976919186,0.02,0.02,chart_cl_3.csv,561,20250831_165524:561,sobol,7,18,48,76,22,18,2.4000000000000004,2.9000000000000004,0.9,0.9,21,0.75
7,2108,1077,393,245,2023-06-28 13:00:00,2023-07-18 21:00:00,0.6821783647837264,0.8223498269799815,1.206770674023294,5.025071923855037,2.571855079894107,100.0,8,inf,1.84577455842013,,0.010367837146355325,1.0413610887940246,0.5596553676112961,0.29492059704373674,20,0.007584930356723374,0.025718550798941073,0.02,0.025718550798941073,chart_cl_1.csv,115,20250831_165524:115,sobol,8,28,45,131,27,10,1.9000000000000001,2.6,1.1,1.0,15,0.85
3,5623,1028,450,739,2024-03-22 18:00:00,2024-06-19 08:00:00,0.6761591821956472,2.5054560282941867,3.5807855950184666,19.732890589139682,1.9078472160549766,68.96551724137932,30,4.403183210875614,0.22417943526696638,,0.008570492448093901,1.0489275318568068,0.15374466224490918,0.5044805253315077,88,0.010089610506630153,0.019078472160549767,0.02,0.02,chart_cl_4.csv,962,20250831_165524:962,sobol,10,27,35,80,14,26,2.8,3.0,1.1,0.9,42,0.6
3,5623,1028,450,739,2024-03-22 18:00:00,2024-06-19 08:00:00,0.67368506047938,4.114904673104623,5.929962893658023,38.97297999790517,0.9618725618057824,100.0,9,inf,0.6383038802789849,,0.0025215852521614326,1.104282578934188,0.05754203160156927,0.502630515505281,88,0.010052610310105622,0.009618725618057824,0.02,0.02,chart_cl_4.csv,728,20250831_165524:728,sobol,11,16,49,142,16,15,1.9000000000000001,3.0,1.2000000000000002,1.5,36,0.6
5,622,116,336,113,2025-07-08 04:00:00,2025-07-21 12:00:00,0.6707278738830098,25.661345240390308,58.779162878394224,2502.1150212819134,0.27768050673527417,100.0,3,inf,0.3596230240030388,,0.000549148775807905,1.9253973794323762,0.12170203465943942,0.35974712089980126,13,0.007194942417996025,0.0027768050673527417,0.02,0.02,chart_cl_6.csv,1040,20250831_165524:1040,sobol,7,19,59,112,27,25,2.3,1.8,1.1,0.8,24,0.85
5,622,116,336,113,2025-07-08 04:00:00,2025-07-21 12:00:00,0.6707278738830098,25.661345240390308,58.779162878394224,2502.1150212819134,0.27768050673527417,100.0,3,inf,0.3596230240030388,,0.000549148775807905,1.9253973794323762,0.12170203465943942,0.35974712089980126,13,0.007194942417996025,0.0027768050673527417,0.02,0.02,chart_cl_5.csv,985,20250831_165524:985,sobol,7,19,59,112,27,25,2.3,1.8,1.1,0.8,24,0.85
7,5623,3984,450,739,2025-03-09 22:00:00,2025-06-04 12:00:00,0.6661322252243793,2.2694475898773496,3.0350355321203493,16.843232044171945,2.1966577185334146,45.0,21,1.0942495823548755,0.02128303902231546,,0.010996062280244264,1.0525568579581952,0.13025146633585932,0.4490983937733141,86,0.009865154530631092,0.021966577185334145,0.02,0.021966577185334145,chart_cl_4.csv,894,20250831_165524:894,sobol,8,28,55,95,10,17,2.4000000000000004,2.8,1.5,1.3,14,0.6
3,2775,406,300,353,2024-11-22 03:00:00,2025-01-06 19:00:00,0.6637846457995389,5.993922162078159,9.57802974367596,110.95365280742176,0.8367939905568984,85.71428571428571,15,29.748112549133857,0.4697702506887285,,0.00483199215854884,1.124911389734007,0.12159285029226287,0.41541616619470145,45,0.008308323323894029,0.008367939905568984,0.02,0.02,chart_cl_3.csv,588,20250831_165524:588,sobol,11,17,59,71,25,20,2.7,2.6,1.2000000000000002,1.3,22,0.85
7,1581,657,375,172,2025-05-23 06:00:00,2025-06-12 14:00:00,0.6595390107322274,6.675866785115568,9.392016397821118,220.4950318267088,1.2771345792715065,100.0,6,inf,0.7117388644105739,,0.004294219717619862,1.1148275394231026,0.29801880077188087,0.3666522235771734,20,0.007333044471543469,0.012771345792715065,0.02,0.02,chart_cl_2.csv,283,20250831_165524:283,sobol,6,28,46,125,28,22,2.6,2.4000000000000004,1.5,1.6,48,0.85
5,2775,1112,300,353,2025-02-17 09:00:00,2025-03-28 18:00:00,0.6515629704096355,7.010769136566662,9.728519074806783,97.37912953917692,0.929717207908813,70.0,11,4.829389460579351,0.4316075509891644,,0.0031688406163417767,1.1225584821725112,0.07760016338873452,0.39682738582896426,39,0.007936547716579286,0.00929717207908813,0.02,0.02,chart_cl_3.csv,510,20250831_165524:510,sobol,10,18,32,82,26,22,2.7,2.8,0.9,1.3,10,0.7
5,2108,732,300,258,2023-05-23 01:00:00,2023-06-13 11:00:00,0.6510499828509825,0.8853011317192218,1.2466750387654735,6.6684025497204455,1.746543793712522,75.0,13,15.3228929577565,0.7229448810506972,,0.011008557744927547,1.0596718861845096,0.428927636040803,0.3637501623052371,21,0.007275003246104742,0.01746543793712522,0.02,0.02,chart_cl_1.csv,128,20250831_165524:128,sobol,7,18,48,76,22,18,2.4000000000000004,2.9000000000000004,0.9,0.9,21,0.75
7,1581,798,300,183,2025-05-30 20:00:00,2025-06-23 02:00:00,0.6474096602717001,10.137519952692683,14.290191297970184,500.33341240249564,0.48778710574154027,100.0,10,inf,0.6835705243082797,,0.0026702181288584806,1.239409581981855,0.15795972635085773,0.3653348974079017,23,0.007306697948158035,0.004877871057415403,0.02,0.02,chart_cl_2.csv,391,20250831_165524:391,sobol,12,19,34,98,18,30,2.4000000000000004,2.3,1.1,1.5,49,0.85
6,1581,615,300,183,2025-05-09 12:00:00,2025-05-30 18:00:00,0.6465225936643691,3.7672007070875098,5.128511755643036,95.11404388618132,2.5598327956760687,85.71428571428571,8,3.8157834613054136,0.6594279983478026,,0.00732392940962068,1.0651136918954305,0.46281090908603567,0.282220732354211,21,0.007224378863000276,0.02559832795676069,0.02,0.02559832795676069,chart_cl_2.csv,398,20250831_165524:398,sobol,7,16,44,88,28,20,3.0,2.4000000000000004,1.4000000000000001,0.8,11,0.65
3,2108,216,300,258,2023-04-10 01:00:00,2023-05-01 11:00:00,0.6434155883699134,0.509178282048573,0.7069669842533596,2.3056383201696997,4.9890644119399,50.0,3,1.0898982209965948,0.18863484307756817,,0.016772407573509094,1.0290216535626395,0.7096872477990213,0.1441079252284292,21,0.007189637212356522,0.049890644119399,0.025158611360263643,0.049890644119399,chart_cl_1.csv,1,20250831_165524:1,sobol,9,26,54,74,16,27,2.7,2.5,1.5,0.9,31,0.8
4,2108,456,312,256,2023-05-01 01:00:00,2023-05-22 07:00:00,0.6376178517668052,0.4776939819424965,0.6950098704547464,0.9444417340872908,12.163720344749947,71.42857142857143,8,2.750968811009996,5.497429880172317,,0.08002007851810569,1.0215717668251334,0.7872878538844014,0.058574259921456505,21,0.007124809170852919,0.12163720344749947,0.12003011777715854,0.12163720344749947,chart_cl_1.csv,11,20250831_165524:11,sobol,14,23,49,104,26,16,2.8,2.2,0.8,1.5,29,0.7
5,2775,1010,366,344,2025-02-12 09:00:00,2025-03-25 00:00:00,0.6347039675392011,4.323872183210466,5.6879948393807505,50.79725073060011,1.7815449496221394,33.33333333333333,4,0.16194126002190667,-0.10488013968105475,,0.006687256069420403,1.0771976263934404,0.1820997433817325,0.38832225696996525,40,0.007766445139399305,0.017815449496221394,0.02,0.02,chart_cl_3.csv,650,20250831_165524:650,sobol,14,17,52,122,11,26,2.8,2.7,1.3,1.0,19,0.75
2,5623,289,450,739,2023-12-27 01:00:00,2024-03-22 16:00:00,0.6278547127613251,2.688085069006479,3.6897482738210186,28.5980128209808,1.2081429742053198,41.66666666666667,25,2.337192350471186,0.22500730732870994,,0.005214379404410547,1.0520370529837086,0.10402976322864833,0.46485657477555936,86,0.009297131495511188,0.012081429742053198,0.02,0.02,chart_cl_4.csv,679,20250831_165524:679,sobol,11,20,44,128,21,14,2.2,1.9000000000000001,1.1,1.4000000000000001,14,0.6
3,2775,403,303,353,2024-11-22 03:00:00,2025-01-06 19:00:00,0.6276778799611624,4.405460983638086,6.921573263130686,87.04620150391938,0.9891160708127604,81.81818181818183,12,18.395866006462565,0.5646765446129485,,0.005734682893788961,1.0895785265786466,0.17465540373975424,0.392791149376967,45,0.00785582298753934,0.009891160708127605,0.02,0.02,chart_cl_3.csv,523,20250831_165524:523,sobol,7,25,36,101,20,16,1.8,2.7,1.2000000000000002,1.3,23,0.75
3,2108,216,300,258,2023-04-10 01:00:00,2023-05-01 11:00:00,0.6265332755700115,0.6785513497513785,0.9410666624629276,3.7844039662600903,2.955781508630878,50.0,3,1.8398816016252981,0.7365235401779774,,0.009962253709369073,1.0390814505074921,0.5688641997362324,0.23685336357865092,21,0.007000867923228026,0.029557815086308777,0.02,0.029557815086308777,chart_cl_1.csv,131,20250831_165524:131,sobol,6,23,57,89,24,14,2.1,2.3,1.3,1.5,48,0.8
5,2775,967,393,340,2025-02-11 01:00:00,2025-03-21 08:00:00,0.6234461012342883,5.341874351251885,7.180984002806152,76.28834119923103,1.1764188187212294,55.55555555555556,10,6.553865538230827,0.4811160962746336,,0.006450649201627882,1.1096961592797276,0.13020249011047108,0.37794152884641136,38,0.007558830576928227,0.011764188187212294,0.02,0.02,chart_cl_3.csv,545,20250831_165524:545,sobol,8,28,45,131,27,10,1.9000000000000001,2.6,1.1,1.0,15,0.85
5,1581,432,300,183,2025-04-17 06:00:00,2025-05-09 10:00:00,0.6060056780646107,3.1243818119034814,4.603646119295151,92.37550689023053,2.359825863810963,25.0,9,1.512831522391233,0.20827391736688183,,0.00908388408017946,1.0586467597118554,0.5070032761347869,0.2883780119390266,22,0.006805218911281018,0.02359825863810963,0.02,0.02359825863810963,chart_cl_2.csv,401,20250831_165524:401,sobol,6,24,30,76,28,13,2.0,1.8,0.9,1.6,35,0.6
5,2775,1112,300,353,2025-02-17 09:00:00,2025-03-28 18:00:00,0.6014366559782388,14.285307735370054,21.491604655355133,307.8089943869688,0.2642637009441414,60.0,6,9.863571320990461,0.5975115504947851,,0.0009140247677990283,1.3593450283932662,0.013160848919525804,0.36626583560885234,39,0.007325316712177047,0.0026426370094414144,0.02,0.02,chart_cl_3.csv,450,20250831_165524:450,sobol,12,19,58,92,30,11,1.8,3.0,1.3,0.9,43,0.7
6,1581,388,432,164,2025-04-29 14:00:00,2025-05-19 04:00:00,0.5905136655701085,2.654653902564429,3.6897514563789233,47.50653879664953,5.300912521755137,100.0,4,inf,4.311486438893646,,0.02303508499360594,1.0417824401949531,0.6278849543087187,0.12322665953986126,19,0.006532137425689076,0.05300912521755137,0.03455262749040891,0.05300912521755137,chart_cl_2.csv,353,20250831_165524:353,sobol,9,20,31,144,29,17,2.8,2.0,1.6,1.4000000000000001,31,0.8
6,1581,615,300,183,2025-05-09 12:00:00,2025-05-30 18:00:00,0.5877772480588532,3.4245318525897823,4.662870012953668,79.48479161350167,2.6061133025442245,83.33333333333334,7,3.1478212661870937,0.6465779045753857,,0.007504009769963621,1.0582950062564693,0.46585422861238757,0.2520052839350658,21,0.006567543227746094,0.026061133025442246,0.02,0.026061133025442246,chart_cl_2.csv,361,20250831_165524:361,sobol,11,17,59,71,25,20,2.7,2.6,1.2000000000000002,1.3,22,0.85
7,5623,3984,450,739,2025-03-09 22:00:00,2025-06-04 12:00:00,0.5830141398774685,1.3387402022836488,1.7983749024106936,7.85376148157658,4.0409700475117525,55.00000000000001,21,1.0717056290178835,0.035544079353178326,,0.0170485176448548,1.0253449721832604,0.2887863151410893,0.21360943604529123,86,0.00863189332924899,0.04040970047511752,0.0255727764672822,0.04040970047511752,chart_cl_4.csv,936,20250831_165524:936,sobol,7,16,44,88,28,20,3.0,2.4000000000000004,1.4000000000000001,0.8,11,0.65
7,5623,3984,450,739,2025-03-09 22:00:00,2025-06-04 12:00:00,0.5828367928113124,2.3216526405235793,3.0757650928580915,18.193221082960836,1.743825444237734,33.33333333333333,19,1.0653077004688967,0.02486960838430563,,0.00601803297032263,1.0613310146427288,0.11281934921363623,0.4314631327585535,86,0.00862926265517107,0.01743825444237734,0.02,0.02,chart_cl_4.csv,858,20250831_165524:858,sobol,11,27,51,99,12,24,2.0,2.5,1.0,0.8,12,0.7
3,5623,1028,450,739,2024-03-22 18:00:00,2024-06-19 08:00:00,0.5813984990396635,3.4802144325077533,5.375116081744043,43.05143194167205,0.734854037029163,100.0,14,inf,0.38260457147950255,,0.0021740579288636757,1.0938957190098397,0.06860792943574355,0.4336451640320928,88,0.008672903280641856,0.00734854037029163,0.02,0.02,chart_cl_4.csv,950,20250831_165524:950,sobol,11,27,40,106,16,23,2.1,3.0,1.6,0.9,24,0.8
3,5623,1028,450,739,2024-03-22 18:00:00,2024-06-19 08:00:00,0.5813984990396635,3.4802144325077533,5.375116081744043,43.05143194167205,0.734854037029163,100.0,14,inf,0.38260457147950255,,0.0021740579288636757,1.0938957190098397,0.06860792943574355,0.4336451640320928,88,0.008672903280641856,0.00734854037029163,0.02,0.02,chart_cl_4.csv,704,20250831_165524:704,sobol,12,19,58,92,30,11,1.8,3.0,1.3,0.9,43,0.7
6,1581,452,393,169,2025-05-01 16:00:00,2025-05-21 16:00:00,0.5793516393342258,4.522948241392998,6.1331647202779775,113.54167857165068,2.036820996208443,0.0,2,0.0,-1.1590371932269568,,0.005224775451618935,1.0919623573725556,0.3774055781833819,0.31622660385163137,20,0.006440969862846924,0.020368209962084428,0.02,0.020368209962084428,chart_cl_2.csv,326,20250831_165524:326,sobol,8,28,45,131,27,10,1.9000000000000001,2.6,1.1,1.0,15,0.85
6,622,205,300,101,2025-07-14 14:00:00,2025-07-24 22:00:00,0.5789994497899101,20.716880999615075,38.6277783265824,1167.8776700955493,0.5489244989205573,100.0,3,inf,1.49048614411367,,0.0017848225593546795,1.4622466568387869,0.15394091248303632,0.305676165267695,10,0.0061135233053539,0.005489244989205572,0.02,0.02,chart_cl_5.csv,987,20250831_165524:987,sobol,14,21,37,78,13,19,2.1,2.0,1.2000000000000002,1.1,26,0.65
6,622,205,300,101,2025-07-14 14:00:00,2025-07-24 22:00:00,0.5789994497899101,20.716880999615075,38.6277783265824,1167.8776700955493,0.5489244989205573,100.0,3,inf,1.49048614411367,,0.0017848225593546795,1.4622466568387869,0.15394091248303632,0.305676165267695,10,0.0061135233053539,0.005489244989205572,0.02,0.02,chart_cl_6.csv,1042,20250831_165524:1042,sobol,14,21,37,78,13,19,2.1,2.0,1.2000000000000002,1.1,26,0.65
5,1581,432,300,183,2025-04-17 06:00:00,2025-05-09 10:00:00,0.5701435201001913,2.74473044351308,4.006473820382139,77.54395913847597,2.5405802073740333,28.57142857142857,8,1.1432192961897383,0.07693148680409778,,0.009936016108945586,1.0486938923599376,0.5392252961739614,0.25199953390595325,22,0.006402250281089465,0.025405802073740335,0.02,0.025405802073740335,chart_cl_2.csv,285,20250831_165524:285,sobol,14,21,37,78,13,19,2.1,2.0,1.2000000000000002,1.1,26,0.65
7,1581,618,396,169,2025-05-21 18:00:00,2025-06-10 20:00:00,0.5695055284510431,6.692945664052285,9.123081286136827,294.63850043625405,0.7623166666158543,100.0,6,inf,0.6732076438887935,,0.0022875166942455025,1.1283719102235419,0.24591933718863132,0.31657214722110577,20,0.006331442944422116,0.007623166666158543,0.02,0.02,chart_cl_2.csv,414,20250831_165524:414,sobol,10,20,58,132,22,16,2.6,2.1,1.0,1.2000000000000002,41,0.7
7,1581,552,432,164,2025-05-19 06:00:00,2025-06-05 22:00:00,0.566433618080066,16.914735814638163,27.17567563977898,653.571278761858,0.3584665540583526,100.0,3,inf,0.6535235338722991,,0.0009864420920920327,1.439854190827957,0.07038113762899514,0.31011657433111156,17,0.006202331486622231,0.0035846655405835258,0.02,0.02,chart_cl_2.csv,354,20250831_165524:354,sobol,9,20,31,144,29,17,2.8,2.0,1.6,1.4000000000000001,31,0.8
5,1581,326,366,173,2025-04-13 22:00:00,2025-05-05 06:00:00,0.5632803327557326,7.7055477377739265,12.114214800515514,311.0995004934839,0.681306276120024,,1,,,,0.0013276538692512793,1.2877287795362165,0.19028754444420753,0.31468326854968515,21,0.006293665370993703,0.00681306276120024,0.02,0.02,chart_cl_2.csv,405,20250831_165524:405,sobol,14,17,52,122,11,26,2.8,2.7,1.3,1.0,19,0.75
7,1581,774,312,181,2025-05-29 20:00:00,2025-06-19 22:00:00,0.5525329508663788,8.022045845666065,11.097385119142082,358.5219333272333,0.5315729659584599,100.0,7,inf,0.7572926567708621,,0.0024143739543996314,1.1821062322649505,0.16993888449316932,0.308675651619781,21,0.00617351303239562,0.0053157296595845996,0.02,0.02,chart_cl_2.csv,246,20250831_165524:246,sobol,14,23,49,104,26,16,2.8,2.2,0.8,1.5,29,0.7
6,2108,990,300,258,2023-06-13 13:00:00,2023-07-04 23:00:00,0.5507026844243057,1.0265782974996902,1.6217725947021107,6.242245208929815,1.5654552679116207,100.0,3,inf,1.6831550540410054,,0.0026228369620139337,1.0936300973942277,0.3115412695961747,0.3076525749807679,21,0.006153051499615358,0.015654552679116206,0.02,0.02,chart_cl_1.csv,64,20250831_165524:64,sobol,14,21,37,78,13,19,2.1,2.0,1.2000000000000002,1.1,26,0.65
6,622,205,300,101,2025-07-14 14:00:00,2025-07-24 22:00:00,0.550696237148577,20.102141638253265,37.291602493931364,1059.4544420083778,0.5400303882369347,100.0,3,inf,1.49048614411367,,0.0018216311268567718,1.44974489295374,0.1459089255725441,0.2907294769244222,10,0.005814589538488444,0.005400303882369347,0.02,0.02,chart_cl_6.csv,1052,20250831_165524:1052,sobol,12,22,42,71,30,26,2.3,2.1,1.3,1.2000000000000002,36,0.7
6,622,205,300,101,2025-07-14 14:00:00,2025-07-24 22:00:00,0.550696237148577,20.102141638253265,37.291602493931364,1059.4544420083778,0.5400303882369347,100.0,3,inf,1.49048614411367,,0.0018216311268567718,1.44974489295374,0.1459089255725441,0.2907294769244222,10,0.005814589538488444,0.005400303882369347,0.02,0.02,chart_cl_5.csv,997,20250831_165524:997,sobol,12,22,42,71,30,26,2.3,2.1,1.3,1.2000000000000002,36,0.7
5,1581,432,300,183,2025-04-17 06:00:00,2025-05-09 10:00:00,0.5341621134416499,5.094347643521043,7.403823767383603,139.37068216139744,1.2724203173342905,33.33333333333333,7,1.3379203447693069,0.17947779631051497,,0.005080475764642029,1.0982151367643347,0.27813558183952325,0.29989866480880967,22,0.005997973296176193,0.012724203173342906,0.02,0.02,chart_cl_2.csv,349,20250831_165524:349,sobol,11,27,51,99,12,24,2.0,2.5,1.0,0.8,12,0.7
5,2775,1112,300,353,2025-02-17 09:00:00,2025-03-28 18:00:00,0.5339912996893901,11.157279790819851,15.730021181791788,202.44354756514048,0.3441141597135129,66.66666666666666,7,2.1239312908800136,0.236068551702989,,0.001040140225707387,1.2677711738874706,0.014195430013613907,0.3251536162448643,39,0.006503072324897286,0.003441141597135129,0.02,0.02,chart_cl_3.csv,605,20250831_165524:605,sobol,8,28,55,95,10,17,2.4000000000000004,2.8,1.5,1.3,14,0.6
6,5623,3245,450,739,2024-12-10 01:00:00,2025-03-07 21:00:00,0.5321418835104723,3.1248288206335353,4.291292163320705,18.08557278663054,1.5821656091797172,86.66666666666667,16,5.231225669533692,0.3313962826569494,,0.0026980519134646424,1.091522598272809,0.06062107246202103,0.3953562364820499,87,0.007907124729640998,0.01582165609179717,0.02,0.02,chart_cl_4.csv,677,20250831_165524:677,sobol,9,26,54,74,16,27,2.7,2.5,1.5,0.9,31,0.8
5,2775,1092,312,351,2025-02-14 17:00:00,2025-03-27 22:00:00,0.5263187636167374,5.836459377681756,8.113413054918402,74.70936578112907,0.9220247469527758,42.857142857142854,8,1.8598364837929742,0.27565230600049373,,0.0025723281601115968,1.1119420537453928,0.07890648688509189,0.32341672625022283,41,0.006468334525004457,0.009220247469527758,0.02,0.02,chart_cl_3.csv,435,20250831_165524:435,sobol,14,23,49,104,26,16,2.8,2.2,0.8,1.5,29,0.7
3,2775,309,375,342,2024-11-20 07:00:00,2025-01-02 01:00:00,0.5070393376595461,11.666265652360744,20.31965398602362,154.34044305579326,0.43991692896527024,71.42857142857143,8,67.7314459768062,0.17589314403599346,,0.00201208452831721,1.3310081904561812,0.025408775376507518,0.3129741952616416,42,0.006259483905232832,0.0043991692896527025,0.02,0.02,chart_cl_3.csv,483,20250831_165524:483,sobol,6,28,46,125,28,22,2.6,2.4000000000000004,1.5,1.6,48,0.85
7,2775,1818,300,353,2025-05-12 06:00:00,2025-06-20 18:00:00,0.4998059862158137,9.726422598492192,15.185203150618968,178.62646189674376,0.3584665540583526,100.0,12,inf,0.4377870888327134,,0.0014561536500491464,1.2675113933943791,0.03260164735571282,0.30431926480713484,39,0.006086385296142697,0.0035846655405835258,0.02,0.02,chart_cl_3.csv,592,20250831_165524:592,sobol,11,17,59,71,25,20,2.7,2.6,1.2000000000000002,1.3,22,0.85
6,2108,929,336,253,2023-06-11 11:00:00,2023-07-02 11:00:00,0.4960773373301208,0.6905595760042326,1.0322562720699942,3.7350443239233235,2.3947930554691297,,1,,,,0.004455482590908181,1.0804614562648436,0.34938492186526204,0.2314355027872949,21,0.005542401348640202,0.023947930554691296,0.02,0.023947930554691296,chart_cl_1.csv,55,20250831_165524:55,sobol,7,19,59,112,27,25,2.3,1.8,1.1,0.8,24,0.85
7,5623,3984,450,739,2025-03-09 22:00:00,2025-06-04 12:00:00,0.4928986094056091,4.659057444400929,6.7129319613177785,43.592262506995574,0.6022927361131678,100.0,10,inf,0.4803994344940533,,0.0007153619701886224,1.228380111386383,0.02562505699298615,0.364777684098782,86,0.00729555368197564,0.006022927361131678,0.02,0.02,chart_cl_4.csv,840,20250831_165524:840,sobol,7,18,48,76,22,18,2.4000000000000004,2.9000000000000004,0.9,0.9,21,0.75
3,2775,322,366,344,2024-11-20 15:00:00,2025-01-02 13:00:00,0.48952737252883477,5.465454325282342,7.6601664116474915,59.70948020330412,1.0793434086549958,100.0,4,inf,0.5701493931036029,,0.004196641071963628,1.115037363591399,0.08540568831650105,0.3021547896159774,42,0.006043095792319549,0.010793434086549957,0.02,0.02,chart_cl_3.csv,648,20250831_165524:648,sobol,14,17,52,122,11,26,2.8,2.7,1.3,1.0,19,0.75
7,2775,1647,393,340,2025-05-01 18:00:00,2025-06-11 02:00:00,0.48705374339316165,1.9115417873878076,2.53767222326017,22.964348495990627,2.8301735954874165,85.71428571428571,8,1.504899045887136,0.17857144491450683,,0.007799058238431851,1.0377217355467843,0.35141549109772907,0.21052244572378376,40,0.0059581506714488554,0.028301735954874164,0.02,0.028301735954874164,chart_cl_3.csv,547,20250831_165524:547,sobol,8,28,45,131,27,10,1.9000000000000001,2.6,1.1,1.0,15,0.85
6,622,205,300,101,2025-07-14 14:00:00,2025-07-24 22:00:00,0.4827379706846614,17.743310334453927,32.29176287887668,760.2706177048752,0.5677035331194515,100.0,2,inf,1.6684508045018145,,0.0019539877075373325,1.3892542721360068,0.14029118007709512,0.2548431056247734,10,0.005096862112495468,0.005677035331194516,0.02,0.02,chart_cl_5.csv,1014,20250831_165524:1014,sobol,12,24,45,84,20,28,1.8,2.0,0.8,1.0,46,0.85
6,622,205,300,101,2025-07-14 14:00:00,2025-07-24 22:00:00,0.4827379706846614,17.743310334453927,32.29176287887668,760.2706177048752,0.5677035331194515,100.0,2,inf,1.6684508045018145,,0.0019539877075373325,1.3892542721360068,0.14029118007709512,0.2548431056247734,10,0.005096862112495468,0.005677035331194516,0.02,0.02,chart_cl_6.csv,1069,20250831_165524:1069,sobol,12,24,45,84,20,28,1.8,2.0,0.8,1.0,46,0.85
5,2775,1053,339,348,2025-02-13 17:00:00,2025-03-26 16:00:00,0.4698294311453296,3.3626666727125625,4.621258351784286,36.00638765723262,1.6750809233152173,20.0,11,1.091852998106687,0.033957227855680394,,0.004366974400790986,1.0607126179017896,0.16442571432307443,0.28736325202700147,40,0.005747265040540029,0.016750809233152173,0.02,0.02,chart_cl_3.csv,570,20250831_165524:570,sobol,14,16,41,113,17,27,2.6,2.8,0.9,1.1,29,0.6
3,2775,406,300,353,2024-11-22 03:00:00,2025-01-06 19:00:00,0.4646564870720681,1.9694583970554087,2.5980129989242906,19.59986384093588,2.981330283088421,75.0,13,2.397935919850585,0.4010639768632111,,0.01262975735394842,1.0339726754090672,0.3340588113779879,0.19500032460854097,45,0.005813603729675154,0.02981330283088421,0.02,0.02981330283088421,chart_cl_3.csv,613,20250831_165524:613,sobol,12,24,45,84,20,28,1.8,2.0,0.8,1.0,46,0.85
4,2775,675,360,345,2025-01-02 21:00:00,2025-02-12 15:00:00,0.46391659961536813,16.901932390953153,27.629359104189987,419.59181213638476,0.14302841900903873,100.0,10,inf,0.3777413871821746,,0.0005136873349891655,1.439713851705922,0.007287481612328572,0.283743720444285,40,0.0056748744088856995,0.0014302841900903874,0.02,0.02,chart_cl_3.csv,554,20250831_165524:554,sobol,13,25,35,120,17,20,2.2,2.2,1.4000000000000001,1.2000000000000002,45,0.6
7,1581,798,300,183,2025-05-30 20:00:00,2025-06-23 02:00:00,0.4635814502791597,8.11434343091986,11.160795878295433,334.75987806117064,0.4255057333086125,100.0,8,inf,0.5683927762173151,,0.002074189701749838,1.1841169324756107,0.12087653743510537,0.2615457310880813,23,0.005230914621761627,0.004255057333086125,0.02,0.02,chart_cl_2.csv,343,20250831_165524:343,sobol,6,23,57,89,24,14,2.1,2.3,1.3,1.5,48,0.8
5,2775,1069,327,349,2025-02-14 01:00:00,2025-03-27 02:00:00,0.46059652831269776,4.4124277499511475,6.133599279738772,53.05884503724963,1.1049343506429516,33.33333333333333,13,1.9399606520164812,0.20914725791293748,,0.0031551182706248105,1.0777417448687818,0.10542376772384006,0.2829967053152278,41,0.0056599341063045564,0.011049343506429516,0.02,0.02,chart_cl_3.csv,500,20250831_165524:500,sobol,10,17,43,109,23,30,2.0,2.7,1.4000000000000001,1.2000000000000002,34,0.75
6,1581,615,300,183,2025-05-09 12:00:00,2025-05-30 18:00:00,0.45151310349664864,3.035947451437076,4.084153471275598,56.52411343983864,2.4224896651258883,62.5,9,1.5254670278897335,0.2128757927943481,,0.005795946970811601,1.0586295616027186,0.3784056401541344,0.20822688365997363,21,0.005044274736676568,0.024224896651258883,0.02,0.024224896651258883,chart_cl_2.csv,267,20250831_165524:267,sobol,9,23,33,95,22,23,3.0,2.1,0.9,1.1,20,0.8
4,1581,141,375,172,2025-03-24 06:00:00,2025-04-11 12:00:00,0.4511808474302512,10.845203273932464,16.036185435572964,228.17876347703896,0.6582471718655547,66.66666666666666,4,0.9296911017254256,-0.009076331828353254,,0.002513534398024273,1.2762791301455867,0.07854510860731297,0.24825124816518443,18,0.004965024963303689,0.006582471718655547,0.02,0.02,chart_cl_2.csv,280,20250831_165524:280,sobol,6,28,46,125,28,22,2.6,2.4000000000000004,1.5,1.6,48,0.85
5,2108,580,396,244,2023-05-18 09:00:00,2023-06-07 15:00:00,0.4469741426548094,0.6491815759286392,1.005555881302358,2.6229673190979734,3.177642865801289,73.33333333333333,16,2.03713273453715,0.3795218445997602,,0.0155710254523996,1.034605236329088,0.48226105515599565,0.15636115875269238,20,0.004968599205989157,0.03177642865801289,0.0233565381785994,0.03177642865801289,chart_cl_1.csv,222,20250831_165524:222,sobol,10,20,58,132,22,16,2.6,2.1,1.0,1.2000000000000002,41,0.7
5,622,118,342,115,2025-07-08 20:00:00,2025-07-22 08:00:00,0.44694915230886073,28.080380977820045,72.19593728735379,3440.3908994329095,0.08404631906130812,100.0,2,inf,0.3307512245173346,,0.00019411535626194683,2.2756719019609566,0.04706088278601946,0.23968654349008348,13,0.0047937308698016694,0.0008404631906130812,0.02,0.02,chart_cl_5.csv,1018,20250831_165524:1018,sobol,13,23,54,114,13,22,1.9000000000000001,2.0,0.8,1.4000000000000001,33,0.75
5,622,118,342,115,2025-07-08 20:00:00,2025-07-22 08:00:00,0.44694915230886073,28.080380977820045,72.19593728735379,3440.3908994329095,0.08404631906130812,100.0,2,inf,0.3307512245173346,,0.00019411535626194683,2.2756719019609566,0.04706088278601946,0.23968654349008348,13,0.0047937308698016694,0.0008404631906130812,0.02,0.02,chart_cl_6.csv,1073,20250831_165524:1073,sobol,13,23,54,114,13,22,1.9000000000000001,2.0,0.8,1.4000000000000001,33,0.75
5,2108,669,339,252,2023-05-21 01:00:00,2023-06-10 23:00:00,0.4465701515390507,1.218904357291104,1.728603497714006,9.099037195447892,0.8849637429915024,84.61538461538461,14,49.1108465484048,0.3950199664243185,,0.005349023007179974,1.0807713610259937,0.23035446210757518,0.24820532024404615,20,0.004964106404880923,0.008849637429915024,0.02,0.02,chart_cl_1.csv,138,20250831_165524:138,sobol,14,16,41,113,17,27,2.6,2.8,0.9,1.1,29,0.6
7,1581,798,300,183,2025-05-30 20:00:00,2025-06-23 02:00:00,0.4457768043370024,4.9976900613830955,6.862731322512839,165.77309655724792,0.8104601070132608,100.0,10,inf,0.49587165258519644,,0.004188594391023159,1.1065394225688154,0.23437024896056088,0.2514955449473488,23,0.005029910898946976,0.008104601070132608,0.02,0.02,chart_cl_2.csv,309,20250831_165524:309,sobol,6,21,37,92,15,11,2.8,2.0,1.6,1.0,50,0.75
3,5623,1028,450,739,2024-03-22 18:00:00,2024-06-19 08:00:00,0.44316217312393463,4.009745893047994,6.064991224893579,33.176872608473126,0.7030873161335282,100.0,9,inf,0.5247477982720532,,0.003513607911750797,1.0910252691102074,0.029233822105077096,0.33038968884306535,88,0.006607793776861307,0.007030873161335282,0.02,0.02,chart_cl_4.csv,812,20250831_165524:812,sobol,9,16,57,127,15,12,2.5,3.0,0.8,1.4000000000000001,17,0.8
5,2775,1112,300,353,2025-02-17 09:00:00,2025-03-28 18:00:00,0.43807142641229363,5.2625591711155275,7.268492541889207,58.92000657216494,0.9220247469527758,50.0,11,2.155583955451151,0.26423612847150246,,0.002584726651715557,1.101604069542691,0.06459499308458932,0.2667013498566743,39,0.005334026997133486,0.009220247469527758,0.02,0.02,chart_cl_3.csv,475,20250831_165524:475,sobol,13,26,39,85,11,13,2.5,2.7,1.6,1.4000000000000001,40,0.7
5,2108,689,327,254,2023-05-21 17:00:00,2023-06-11 19:00:00,0.4348407430405198,1.2318859289395123,1.7385957353179038,9.675403119602311,0.8029854220910666,80.0,16,52.47041120213514,0.3148161688390395,,0.004608595626549613,1.0863825239062164,0.20847189437081604,0.24289638197284613,21,0.004857927639456923,0.008029854220910666,0.02,0.02,chart_cl_1.csv,72,20250831_165524:72,sobol,10,17,43,109,23,30,2.0,2.7,1.4000000000000001,1.2000000000000002,34,0.75
7,2775,1818,300,353,2025-05-12 06:00:00,2025-06-20 18:00:00,0.43451967142778614,4.288984985385419,5.949866781132683,81.16595466263166,0.6626537900440213,80.0,16,35.744186732868,0.3077163344640123,,0.0027381509562867915,1.0783372893406573,0.0930445591963318,0.2645373414088296,39,0.005290746828176592,0.006626537900440213,0.02,0.02,chart_cl_3.csv,577,20250831_165524:577,sobol,11,27,51,99,12,24,2.0,2.5,1.0,0.8,12,0.7
3,2775,390,312,351,2024-11-21 19:00:00,2025-01-06 07:00:00,0.4344171577838097,2.1464372349981082,2.9340099240002426,24.338284294195827,2.2247589089156,75.0,13,1.7943485621483073,0.28908753351589433,,0.00911509771955477,1.0370205229058493,0.2853683149449814,0.24429309653247516,45,0.005434932428972028,0.022247589089156,0.02,0.022247589089156,chart_cl_3.csv,433,20250831_165524:433,sobol,14,23,49,104,26,16,2.8,2.2,0.8,1.5,29,0.7
5,5623,2506,450,739,2024-09-13 06:00:00,2024-12-09 23:00:00,0.4297710876951717,2.297272138501512,2.9176293633445645,14.204140736815232,1.5874982018064718,100.0,15,inf,0.3014777567498372,,0.005458409987854951,1.078046463458849,0.06638515091105869,0.3191932560778138,87,0.006383865121556276,0.01587498201806472,0.02,0.02,chart_cl_4.csv,694,20250831_165524:694,sobol,6,17,34,138,11,25,2.0,2.9000000000000004,1.4000000000000001,1.2000000000000002,45,0.8
5,2775,947,405,338,2025-02-10 09:00:00,2025-03-20 12:00:00,0.4205522126070861,4.344931861272288,5.672634702444505,45.753280061839426,1.1913154322653807,20.0,6,0.7389169457225956,-0.05213706000884799,,0.0049127597198920375,1.0775433589816747,0.08017301959874298,0.2548544186957914,38,0.0050970883739158285,0.011913154322653807,0.02,0.02,chart_cl_3.csv,495,20250831_165524:495,sobol,10,24,55,135,18,12,2.8,2.4000000000000004,0.8,1.0,12,0.65
5,622,104,300,101,2025-07-02 00:00:00,2025-07-14 12:00:00,0.4154881845960176,18.685027227475892,35.85019385149106,1303.192798366418,0.2466436366467633,100.0,4,inf,0.4269641327918991,,0.0005402669622957196,1.5141320420380857,0.08496594288324134,0.22165124192839264,12,0.004433024838567853,0.002466436366467633,0.02,0.02,chart_cl_5.csv,986,20250831_165524:986,sobol,14,21,37,78,13,19,2.1,2.0,1.2000000000000002,1.1,26,0.65
5,622,104,300,101,2025-07-02 00:00:00,2025-07-14 12:00:00,0.4154881845960176,18.685027227475892,35.85019385149106,1303.192798366418,0.2466436366467633,100.0,4,inf,0.4269641327918991,,0.0005402669622957196,1.5141320420380857,0.08496594288324134,0.22165124192839264,12,0.004433024838567853,0.002466436366467633,0.02,0.02,chart_cl_6.csv,1041,20250831_165524:1041,sobol,14,21,37,78,13,19,2.1,2.0,1.2000000000000002,1.1,26,0.65
6,622,205,300,101,2025-07-14 14:00:00,2025-07-24 22:00:00,0.4111628519587612,11.800443552892661,20.09219938278827,490.843850510688,0.6421048427767276,100.0,3,inf,0.9518184117792949,,0.002481844372413868,1.2275023744898448,0.19271686987594558,0.21704957600346964,10,0.004340991520069393,0.006421048427767276,0.02,0.02,chart_cl_6.csv,1046,20250831_165524:1046,sobol,10,18,32,82,26,22,2.7,2.8,0.9,1.3,10,0.7
6,622,205,300,101,2025-07-14 14:00:00,2025-07-24 22:00:00,0.4111628519587612,11.800443552892661,20.09219938278827,490.843850510688,0.6421048427767276,100.0,3,inf,0.9518184117792949,,0.002481844372413868,1.2275023744898448,0.19271686987594558,0.21704957600346964,10,0.004340991520069393,0.006421048427767276,0.02,0.02,chart_cl_5.csv,991,20250831_165524:991,sobol,10,18,32,82,26,22,2.7,2.8,0.9,1.3,10,0.7
6,1581,593,312,181,2025-05-08 16:00:00,2025-05-29 18:00:00,0.4065700606768545,2.6205926697872015,3.578621814488062,45.34964504913216,2.631723115924154,83.33333333333334,7,6.401787625455892,0.3005998439109897,,0.006789188697674201,1.0524830184120015,0.39366370246320187,0.1725850568236071,21,0.004541960835057705,0.02631723115924154,0.02,0.02631723115924154,chart_cl_2.csv,245,20250831_165524:245,sobol,14,23,49,104,26,16,2.8,2.2,0.8,1.5,29,0.7
3,2775,228,438,333,2024-11-18 19:00:00,2024-12-27 19:00:00,0.40640874351625483,3.8592078391894984,5.6493513331988465,46.5257029879807,1.1441251140451565,85.71428571428571,15,32.5052379496985,0.3364905258015371,,0.005008964543476358,1.0705799094092798,0.1214062355364564,0.24741091771142568,39,0.004948218354228514,0.011441251140451565,0.02,0.02,chart_cl_3.csv,443,20250831_165524:443,sobol,7,25,39,146,14,28,2.9000000000000004,2.2,1.0,1.3,21,0.85
6,1581,435,405,168,2025-05-01 06:00:00,2025-05-21 04:00:00,0.40461367163273965,2.9869923168360657,3.9886366448558332,51.7462152548612,2.5537753874686984,0.0,4,0.0,-1.0118432345884443,,0.007728461971448353,1.0591775855443506,0.39386888370547796,0.17522907537990137,19,0.004474956998740893,0.025537753874686982,0.02,0.025537753874686982,chart_cl_2.csv,289,20250831_165524:289,sobol,10,24,55,135,18,12,2.8,2.4000000000000004,0.8,1.0,12,0.65
5,622,104,300,101,2025-07-02 00:00:00,2025-07-14 12:00:00,0.40261162527866073,8.389486319620689,12.798823062520238,313.3869676691198,0.9671292557689383,100.0,5,inf,0.16453664339396243,,0.0028601945408888887,1.1623530058732112,0.2502182048138324,0.21478023218888842,12,0.004295604643777769,0.009671292557689382,0.02,0.02,chart_cl_5.csv,1013,20250831_165524:1013,sobol,12,24,45,84,20,28,1.8,2.0,0.8,1.0,46,0.85
5,622,104,300,101,2025-07-02 00:00:00,2025-07-14 12:00:00,0.40261162527866073,8.389486319620689,12.798823062520238,313.3869676691198,0.9671292557689383,100.0,5,inf,0.16453664339396243,,0.0028601945408888887,1.1623530058732112,0.2502182048138324,0.21478023218888842,12,0.004295604643777769,0.009671292557689382,0.02,0.02,chart_cl_6.csv,1068,20250831_165524:1068,sobol,12,24,45,84,20,28,1.8,2.0,0.8,1.0,46,0.85
5,2775,881,447,332,2025-02-06 09:00:00,2025-03-18 00:00:00,0.4000396606278002,9.602581689718617,14.313715170932435,153.99626427749251,0.340297502659071,0.0,3,0.0,-0.34282720030551195,,0.0008729950828190618,1.3092433894719064,0.018694777836624106,0.2435308279228282,39,0.004870616558456564,0.00340297502659071,0.02,0.02,chart_cl_3.csv,515,20250831_165524:515,sobol,14,27,60,149,21,30,1.9000000000000001,2.5,1.0,1.6,26,0.65
7,1581,798,300,183,2025-05-30 20:00:00,2025-06-23 02:00:00,0.39959853227881015,5.0012383123996145,6.794967839338589,142.1957515685962,0.8059351957072712,100.0,12,inf,0.4030174655570763,,0.0033969411808683356,1.1053041421279224,0.19677323072841563,0.22543118949890625,23,0.004508623789978125,0.008059351957072712,0.02,0.02,chart_cl_2.csv,320,20250831_165524:320,sobol,12,22,42,71,30,26,2.3,2.1,1.3,1.2000000000000002,36,0.7
5,5623,2506,450,739,2024-09-13 06:00:00,2024-12-09 23:00:00,0.39402315340340405,2.1856307653614215,2.8288453884816303,14.334813720530953,1.4299258336636427,86.66666666666667,16,24.351681514461365,0.11679966988378561,,0.004914474189597896,1.0668745604990082,0.0648478553861532,0.2926090365339473,87,0.005852180730678946,0.014299258336636428,0.02,0.02,chart_cl_4.csv,730,20250831_165524:730,sobol,11,16,49,142,16,15,1.9000000000000001,3.0,1.2000000000000002,1.5,36,0.6
5,2108,725,303,257,2023-05-22 17:00:00,2023-06-13 01:00:00,0.39358548786194886,1.118281716390315,1.5759645567588112,8.622584345799696,0.8029854220910666,85.71428571428571,15,60.77154955649567,0.3189950328325196,,0.004812347533466491,1.0790302250228978,0.2011641021256345,0.21984226128573667,21,0.004396845225714733,0.008029854220910666,0.02,0.02,chart_cl_1.csv,165,20250831_165524:165,sobol,6,20,50,101,14,10,2.7,2.2,1.0,1.1,38,0.65
3,2775,406,300,353,2024-11-22 03:00:00,2025-01-06 19:00:00,0.39329230744827015,2.220465802201386,3.2120587616027527,23.581598203116016,2.0203642716436407,63.63636363636363,12,2.7203789356074903,0.4143816521211416,,0.0103578181043197,1.0397113769971673,0.23550894733649178,0.24352147200059887,45,0.004920020814080772,0.020203642716436408,0.02,0.020203642716436408,chart_cl_3.csv,563,20250831_165524:563,sobol,6,23,57,89,24,14,2.1,2.3,1.3,1.5,48,0.8
5,5623,2506,450,739,2024-09-13 06:00:00,2024-12-09 23:00:00,0.3894555804092761,1.267529713056256,1.654500896756121,5.245001203274435,3.8585411417541127,36.36363636363637,23,1.0402346690775424,0.02209689556710226,,0.013776458370672795,1.0257253762423417,0.16117827095219825,0.14990783355533124,87,0.005784255432444733,0.03858541141754113,0.02066468755600919,0.03858541141754113,chart_cl_4.csv,898,20250831_165524:898,sobol,13,22,42,149,25,24,2.5,2.3,1.2000000000000002,0.9,30,0.8
2,5623,289,450,739,2023-12-27 01:00:00,2024-03-22 16:00:00,0.38798707472620325,1.5632335753267563,2.056820034988782,11.819001268321705,1.705278138941977,56.25,33,2.6282773451724784,0.1846480780902223,,0.0071553974807007335,1.0365318383013848,0.10829158271280849,0.287038947476395,86,0.005740778949527901,0.01705278138941977,0.02,0.02,chart_cl_4.csv,805,20250831_165524:805,sobol,12,22,42,71,30,26,2.3,2.1,1.3,1.2000000000000002,36,0.7
3,2775,357,339,348,2024-11-21 07:00:00,2025-01-03 13:00:00,0.3863154332686243,4.392587551906216,6.54655134287617,57.8045062793365,0.8206440434503656,80.0,11,23.91852925988892,0.3442953724541414,,0.004478047282423817,1.083115539014074,0.08141105224966665,0.23947920736920347,43,0.00478958414738407,0.008206440434503656,0.02,0.02,chart_cl_3.csv,568,20250831_165524:568,sobol,14,16,41,113,17,27,2.6,2.8,0.9,1.1,29,0.6
3,5623,1028,450,739,2024-03-22 18:00:00,2024-06-19 08:00:00,0.376542041588489,2.9456399237021857,4.249920228392111,24.21286413712908,0.8056409709737808,100.0,9,inf,0.35988689968964604,,0.002481269885001027,1.067483486100663,0.03628516207421886,0.28066121384920184,88,0.005613224276984037,0.008056409709737809,0.02,0.02,chart_cl_4.csv,914,20250831_165524:914,sobol,9,26,48,145,23,11,2.3,2.8,1.4000000000000001,1.1,27,0.7
5,622,104,300,101,2025-07-02 00:00:00,2025-07-14 12:00:00,0.3667308578271616,14.715808900966689,24.42775169992521,648.4328691283744,0.3949155506287084,100.0,5,inf,0.1894928265266387,,0.0010145756518504015,1.2849900753352663,0.09525670731397626,0.19563462134850607,12,0.003912692426970121,0.0039491555062870845,0.02,0.02,chart_cl_5.csv,1002,20250831_165524:1002,sobol,6,23,57,89,24,14,2.1,2.3,1.3,1.5,48,0.8
5,622,104,300,101,2025-07-02 00:00:00,2025-07-14 12:00:00,0.3667308578271616,14.715808900966689,24.42775169992521,648.4328691283744,0.3949155506287084,100.0,5,inf,0.1894928265266387,,0.0010145756518504015,1.2849900753352663,0.09525670731397626,0.19563462134850607,12,0.003912692426970121,0.0039491555062870845,0.02,0.02,chart_cl_6.csv,1057,20250831_165524:1057,sobol,6,23,57,89,24,14,2.1,2.3,1.3,1.5,48,0.8
7,2775,1671,381,342,2025-05-02 18:00:00,2025-06-12 06:00:00,0.3661179887857564,2.557459697671983,3.459890556328365,28.7332454589917,1.5805926176184797,70.0,11,2.6721201516492563,0.28836599497088333,,0.004837039077919698,1.050889833233184,0.16584800419656145,0.22388770690431326,40,0.004477754138086265,0.015805926176184797,0.02,0.02,chart_cl_3.csv,542,20250831_165524:542,sobol,9,16,57,127,15,12,2.5,3.0,0.8,1.4000000000000001,17,0.8
5,1581,432,300,183,2025-04-17 06:00:00,2025-05-09 10:00:00,0.36330285860472034,3.7902967800069884,5.438755087602447,89.27684723357201,1.1228636465743311,22.22222222222222,10,0.9330975410244923,-0.03393667956094093,,0.005012651615930737,1.0745401423972372,0.2432868727513902,0.20393393058586465,22,0.004078678611717293,0.011228636465743312,0.02,0.02,chart_cl_2.csv,300,20250831_165524:300,sobol,10,18,32,82,26,22,2.7,2.8,0.9,1.3,10,0.7
5,622,104,300,101,2025-07-02 00:00:00,2025-07-14 12:00:00,0.3611961459839705,11.00547227251508,17.59125516510578,432.09265701634183,0.5770256221950724,100.0,6,inf,0.25950311602909226,,0.0016409124927830815,1.2191094086210328,0.15027891797817577,0.19268143207674596,12,0.0038536286415349194,0.005770256221950724,0.02,0.02,chart_cl_5.csv,979,20250831_165524:979,sobol,8,22,52,82,19,21,2.4000000000000004,1.9000000000000001,1.0,1.6,17,0.75
5,622,104,300,101,2025-07-02 00:00:00,2025-07-14 12:00:00,0.3611961459839705,11.00547227251508,17.59125516510578,432.09265701634183,0.5770256221950724,100.0,6,inf,0.25950311602909226,,0.0016409124927830815,1.2191094086210328,0.15027891797817577,0.19268143207674596,12,0.0038536286415349194,0.005770256221950724,0.02,0.02,chart_cl_6.csv,1034,20250831_165524:1034,sobol,8,22,52,82,19,21,2.4000000000000004,1.9000000000000001,1.0,1.6,17,0.75
3,5623,1028,450,739,2024-03-22 18:00:00,2024-06-19 08:00:00,0.3570087474769472,1.2914163151283329,1.9014458631905409,10.747826306626015,1.7128249197853853,46.15384615384615,14,2.910300243553672,0.2598151015477601,,0.008921344382515487,1.0250015790008835,0.16489027001970974,0.26608473594473575,88,0.0053216947188947155,0.017128249197853853,0.02,0.02,chart_cl_4.csv,818,20250831_165524:818,sobol,8,28,45,131,27,10,1.9000000000000001,2.6,1.1,1.0,15,0.85
3,2775,403,303,353,2024-11-22 03:00:00,2025-01-06 19:00:00,0.3550234473953669,3.5620188044274297,5.1547901272744765,33.93660806239813,1.2423223596535309,62.5,9,30.87008111984497,0.43599661273867313,,0.006760351441221399,1.0872083226730676,0.09361604305510123,0.22204720668236033,45,0.004440944133647207,0.01242322359653531,0.02,0.02,chart_cl_3.csv,598,20250831_165524:598,sobol,6,20,50,101,14,10,2.7,2.2,1.0,1.1,38,0.65
5,622,104,300,101,2025-07-02 00:00:00,2025-07-14 12:00:00,0.33481860700897814,7.514225505858311,11.271882173705531,246.42062883373478,0.8882419386414762,75.0,5,44.86238491274492,0.1336094680832735,,0.002809057396685077,1.1471029512079631,0.2187177471788621,0.1786072915713281,12,0.003572145831426562,0.008882419386414762,0.02,0.02,chart_cl_6.csv,1047,20250831_165524:1047,sobol,6,21,37,92,15,11,2.8,2.0,1.6,1.0,50,0.75
5,622,104,300,101,2025-07-02 00:00:00,2025-07-14 12:00:00,0.33481860700897814,7.514225505858311,11.271882173705531,246.42062883373478,0.8882419386414762,75.0,5,44.86238491274492,0.1336094680832735,,0.002809057396685077,1.1471029512079631,0.2187177471788621,0.1786072915713281,12,0.003572145831426562,0.008882419386414762,0.02,0.02,chart_cl_5.csv,992,20250831_165524:992,sobol,6,21,37,92,15,11,2.8,2.0,1.6,1.0,50,0.75
6,622,207,303,102,2025-07-15 00:00:00,2025-07-25 10:00:00,0.3342596994280939,6.196589580567093,10.353145995789948,175.52818874195205,1.2230145984687892,100.0,4,inf,1.3481304951856414,,0.003961560830557188,1.1058275161895756,0.3011266762575909,0.1764458773500066,10,0.003528917547000132,0.012230145984687892,0.02,0.02,chart_cl_5.csv,1010,20250831_165524:1010,sobol,6,20,50,101,14,10,2.7,2.2,1.0,1.1,38,0.65
6,622,207,303,102,2025-07-15 00:00:00,2025-07-25 10:00:00,0.3342596994280939,6.196589580567093,10.353145995789948,175.52818874195205,1.2230145984687892,100.0,4,inf,1.3481304951856414,,0.003961560830557188,1.1058275161895756,0.3011266762575909,0.1764458773500066,10,0.003528917547000132,0.012230145984687892,0.02,0.02,chart_cl_6.csv,1065,20250831_165524:1065,sobol,6,20,50,101,14,10,2.7,2.2,1.0,1.1,38,0.65
6,622,205,300,101,2025-07-14 14:00:00,2025-07-24 22:00:00,0.32827857322992027,14.809027133089014,26.84833941078482,532.4907879547118,0.39766088474016,100.0,3,inf,0.7369122580708021,,0.0015170420474310599,1.298438279810614,0.0956028782874437,0.17328807109958222,10,0.0034657614219916447,0.0039766088474016,0.02,0.02,chart_cl_6.csv,1063,20250831_165524:1063,sobol,11,17,59,71,25,20,2.7,2.6,1.2000000000000002,1.3,22,0.85
6,622,205,300,101,2025-07-14 14:00:00,2025-07-24 22:00:00,0.32827857322992027,14.809027133089014,26.84833941078482,532.4907879547118,0.39766088474016,100.0,3,inf,0.7369122580708021,,0.0015170420474310599,1.298438279810614,0.0956028782874437,0.17328807109958222,10,0.0034657614219916447,0.0039766088474016,0.02,0.02,chart_cl_5.csv,1008,20250831_165524:1008,sobol,11,17,59,71,25,20,2.7,2.6,1.2000000000000002,1.3,22,0.85
5,2108,643,357,250,2023-05-20 09:00:00,2023-06-10 03:00:00,0.3280969275437583,0.4674238670547049,0.6516317589399953,3.1007088591340994,1.9049568416351002,30.76923076923077,14,3.7480069278830417,0.3127077622918757,,0.011195050401319236,1.0299045014019106,0.45878507136672636,0.18233587507645957,20,0.0036467175015291913,0.019049568416351,0.02,0.02,chart_cl_1.csv,184,20250831_165524:184,sobol,8,18,36,119,15,13,3.0,2.5,1.3,1.6,30,0.7
3,2775,330,360,345,2024-11-20 19:00:00,2025-01-02 19:00:00,0.32521827880882487,1.4333358674963015,1.8316828155605929,11.31265602446188,3.453229715320183,76.92307692307693,14,0.8218388908485698,-0.11006373595739072,,0.014482052899101323,1.026584463740937,0.3151822701894674,0.1167492494728612,43,0.004031619775210135,0.03453229715320183,0.021723079348651985,0.03453229715320183,chart_cl_3.csv,553,20250831_165524:553,sobol,13,25,35,120,17,20,2.2,2.2,1.4000000000000001,1.2000000000000002,45,0.6
5,622,104,300,101,2025-07-02 00:00:00,2025-07-14 12:00:00,0.3228346980651537,21.34503136255765,39.376279709704406,1057.11925254674,0.1948095130081954,100.0,3,inf,0.3794561076483557,,0.000401399392298273,1.5475878435204933,0.036044321479318034,0.17221324638217425,12,0.003444264927643485,0.001948095130081954,0.02,0.02,chart_cl_5.csv,1005,20250831_165524:1005,sobol,11,27,51,99,12,24,2.0,2.5,1.0,0.8,12,0.7
5,622,104,300,101,2025-07-02 00:00:00,2025-07-14 12:00:00,0.3228346980651537,21.34503136255765,39.376279709704406,1057.11925254674,0.1948095130081954,100.0,3,inf,0.3794561076483557,,0.000401399392298273,1.5475878435204933,0.036044321479318034,0.17221324638217425,12,0.003444264927643485,0.001948095130081954,0.02,0.02,chart_cl_6.csv,1060,20250831_165524:1060,sobol,11,27,51,99,12,24,2.0,2.5,1.0,0.8,12,0.7
6,622,205,300,101,2025-07-14 14:00:00,2025-07-24 22:00:00,0.31938702435484456,14.386633976783951,26.003132545192383,497.7009849118886,0.4064909284473584,100.0,3,inf,0.6924545136954232,,0.0015377248302831678,1.2880714658109276,0.09544089273297318,0.16859370954041922,10,0.0033718741908083842,0.004064909284473584,0.02,0.02,chart_cl_6.csv,1032,20250831_165524:1032,sobol,12,19,58,92,30,11,1.8,3.0,1.3,0.9,43,0.7
6,622,205,300,101,2025-07-14 14:00:00,2025-07-24 22:00:00,0.31938702435484456,14.386633976783951,26.003132545192383,497.7009849118886,0.4064909284473584,100.0,3,inf,0.6924545136954232,,0.0015377248302831678,1.2880714658109276,0.09544089273297318,0.16859370954041922,10,0.0033718741908083842,0.004064909284473584,0.02,0.02,chart_cl_5.csv,977,20250831_165524:977,sobol,12,19,58,92,30,11,1.8,3.0,1.3,0.9,43,0.7
5,2775,901,435,334,2025-02-07 01:00:00,2025-03-18 20:00:00,0.3178532588914919,8.251428384447472,11.629997288451218,116.04782817508207,0.3404215855278884,0.0,4,0.0,-0.37079274697453357,,0.0009554531964433473,1.2647995248959578,0.013589314482342341,0.19347018241102557,39,0.0038694036482205115,0.003404215855278884,0.02,0.02,chart_cl_3.csv,625,20250831_165524:625,sobol,9,26,48,145,23,11,2.3,2.8,1.4000000000000001,1.1,27,0.7
6,2775,1465,300,353,2025-03-28 20:00:00,2025-05-12 04:00:00,0.3141105752869521,2.113044338162443,2.8575413792831093,27.095183187532534,1.347878351010855,92.3076923076923,14,12.3549593675151,0.3382700591890081,,0.006429788789072438,1.044676966729692,0.14295170863755943,0.19556717128838344,44,0.003911343425767669,0.01347878351010855,0.02,0.02,chart_cl_3.csv,641,20250831_165524:641,sobol,7,16,44,88,28,20,3.0,2.4000000000000004,1.4000000000000001,0.8,11,0.65
6,5623,3245,450,739,2024-12-10 01:00:00,2025-03-07 21:00:00,0.3111462089981785,1.070144925530042,1.3550631217360654,7.776357109968758,2.0408545358048626,54.54545454545454,12,1.0738168793804599,0.05220456726337219,,0.005663035473126509,1.023503997594061,0.13375796118236455,0.22637648089640122,87,0.004620014678369633,0.020408545358048626,0.02,0.020408545358048626,chart_cl_4.csv,791,20250831_165524:791,sobol,6,21,37,92,15,11,2.8,2.0,1.6,1.0,50,0.75
5,622,104,300,101,2025-07-02 00:00:00,2025-07-14 12:00:00,0.3081024746940102,20.195918000476876,36.58189881257091,979.1096357884421,0.1948095130081954,100.0,3,inf,0.3057949907926383,,0.00041214137091660416,1.509930970656573,0.03594024323038063,0.16435296221511297,12,0.0032870592443022596,0.001948095130081954,0.02,0.02,chart_cl_5.csv,981,20250831_165524:981,sobol,9,23,33,95,22,23,3.0,2.1,0.9,1.1,20,0.8
5,622,104,300,101,2025-07-02 00:00:00,2025-07-14 12:00:00,0.3081024746940102,20.195918000476876,36.58189881257091,979.1096357884421,0.1948095130081954,100.0,3,inf,0.3057949907926383,,0.00041214137091660416,1.509930970656573,0.03594024323038063,0.16435296221511297,12,0.0032870592443022596,0.001948095130081954,0.02,0.02,chart_cl_6.csv,1036,20250831_165524:1036,sobol,9,23,33,95,22,23,3.0,2.1,0.9,1.1,20,0.8
3,5623,1028,450,739,2024-03-22 18:00:00,2024-06-19 08:00:00,0.28435370661024134,1.5354222388568033,2.052576335408343,10.736763849415414,1.342308254951409,100.0,5,inf,0.4054668214579863,,0.002523933511580913,1.0552317801775803,0.06612461653570849,0.211883187662087,88,0.00423766375324174,0.01342308254951409,0.02,0.02,chart_cl_4.csv,782,20250831_165524:782,sobol,14,27,60,149,21,30,1.9000000000000001,2.5,1.0,1.6,26,0.65
7,1581,789,303,182,2025-05-30 08:00:00,2025-06-20 12:00:00,0.2834171903010674,7.711530171487386,10.48127717608367,288.97262678366315,0.2506841703726958,100.0,8,inf,0.3416506924993709,,0.0011565848701995125,1.1820107524292889,0.047412083078813214,0.15828812101195688,21,0.0031657624202391377,0.002506841703726958,0.02,0.02,chart_cl_2.csv,369,20250831_165524:369,sobol,6,20,50,101,14,10,2.7,2.2,1.0,1.1,38,0.65
3,2775,333,357,345,2024-11-20 19:00:00,2025-01-02 19:00:00,0.2831877613911679,4.82684892732301,6.985973380166938,45.25279320013524,0.7352233222944202,60.0,6,20.2530587728242,0.43878876161736086,,0.0038199141375287573,1.1202039529284986,0.034964645098700384,0.1755148743687759,43,0.0035102974873755183,0.007352233222944202,0.02,0.02,chart_cl_3.csv,618,20250831_165524:618,sobol,8,18,36,119,15,13,3.0,2.5,1.3,1.6,30,0.7
3,5623,1028,450,739,2024-03-22 18:00:00,2024-06-19 08:00:00,0.276422800594662,2.178616314528373,3.0509497010969615,21.046581858182428,0.664421893129622,100.0,4,inf,0.4367902620593194,,0.0011267937654472415,1.1050440615058528,0.034203009254101815,0.20596819715637177,88,0.0041193639431274355,0.006644218931296219,0.02,0.02,chart_cl_4.csv,848,20250831_165524:848,sobol,14,16,41,113,17,27,2.6,2.8,0.9,1.1,29,0.6
3,5623,1028,450,739,2024-03-22 18:00:00,2024-06-19 08:00:00,0.2762803753805454,0.822597454354913,1.1925281602675029,4.947715586663747,2.8247649827761747,27.27272727272727,23,1.6673289312944084,0.12895500163390536,,0.015936563638519637,1.0183010253493667,0.20542558026111277,0.14575511826881574,88,0.004117239541461506,0.028247649827761748,0.023904845457779454,0.028247649827761748,chart_cl_4.csv,932,20250831_165524:932,sobol,7,16,44,88,28,20,3.0,2.4000000000000004,1.4000000000000001,0.8,11,0.65
6,622,207,303,102,2025-07-15 00:00:00,2025-07-25 10:00:00,0.2704067007316368,11.041313777591041,19.983297599743793,358.66960280304176,0.4261910923177004,100.0,4,inf,0.7722374459638024,,0.001770046436236973,1.214564082384712,0.1091297520656883,0.1427349586594215,10,0.00285469917318843,0.004261910923177004,0.02,0.02,chart_cl_6.csv,1050,20250831_165524:1050,sobol,7,25,36,101,20,16,1.8,2.7,1.2000000000000002,1.3,23,0.75
6,622,207,303,102,2025-07-15 00:00:00,2025-07-25 10:00:00,0.2704067007316368,11.041313777591041,19.983297599743793,358.66960280304176,0.4261910923177004,100.0,4,inf,0.7722374459638024,,0.001770046436236973,1.214564082384712,0.1091297520656883,0.1427349586594215,10,0.00285469917318843,0.004261910923177004,0.02,0.02,chart_cl_5.csv,995,20250831_165524:995,sobol,7,25,36,101,20,16,1.8,2.7,1.2000000000000002,1.3,23,0.75
5,622,104,300,101,2025-07-02 00:00:00,2025-07-14 12:00:00,0.2684233664389836,10.132422785939607,16.03329268604546,320.2675788664595,0.4791298661510002,100.0,5,inf,0.12912604678918352,,0.001257612078508937,1.194913185422556,0.09890285627424879,0.14318314580200314,12,0.0028636629160400627,0.004791298661510002,0.02,0.02,chart_cl_5.csv,1016,20250831_165524:1016,sobol,12,19,34,98,18,30,2.4000000000000004,2.3,1.1,1.5,49,0.85
5,622,104,300,101,2025-07-02 00:00:00,2025-07-14 12:00:00,0.2684233664389836,10.132422785939607,16.03329268604546,320.2675788664595,0.4791298661510002,100.0,5,inf,0.12912604678918352,,0.001257612078508937,1.194913185422556,0.09890285627424879,0.14318314580200314,12,0.0028636629160400627,0.004791298661510002,0.02,0.02,chart_cl_6.csv,1071,20250831_165524:1071,sobol,12,19,34,98,18,30,2.4000000000000004,2.3,1.1,1.5,49,0.85
3,5623,1028,450,739,2024-03-22 18:00:00,2024-06-19 08:00:00,0.2583021864387433,1.1429719177372095,1.6734915467898661,12.841174796723386,1.013244444639929,56.25,17,3.094607010395402,0.11000827104689892,,0.0033305563322268326,1.0268112798775524,0.10694108935023201,0.19245472106321843,88,0.003849094421264369,0.01013244444639929,0.02,0.02,chart_cl_4.csv,908,20250831_165524:908,sobol,8,18,36,119,15,13,3.0,2.5,1.3,1.6,30,0.7
5,622,104,300,101,2025-07-02 00:00:00,2025-07-14 12:00:00,0.2553997056477314,17.774597221133707,31.961191293186552,730.3625589683252,0.1948095130081954,100.0,4,inf,0.27513090690964465,,0.00040984472448566404,1.4600080633483645,0.031404124088162955,0.1362349193486767,12,0.002724698386973534,0.001948095130081954,0.02,0.02,chart_cl_5.csv,1007,20250831_165524:1007,sobol,11,17,59,71,25,20,2.7,2.6,1.2000000000000002,1.3,22,0.85
5,622,104,300,101,2025-07-02 00:00:00,2025-07-14 12:00:00,0.2553997056477314,17.774597221133707,31.961191293186552,730.3625589683252,0.1948095130081954,100.0,4,inf,0.27513090690964465,,0.00040984472448566404,1.4600080633483645,0.031404124088162955,0.1362349193486767,12,0.002724698386973534,0.001948095130081954,0.02,0.02,chart_cl_6.csv,1062,20250831_165524:1062,sobol,11,17,59,71,25,20,2.7,2.6,1.2000000000000002,1.3,22,0.85
5,622,104,300,101,2025-07-02 00:00:00,2025-07-14 12:00:00,0.2553997056477314,17.774597221133707,31.961191293186552,730.3625589683252,0.1948095130081954,100.0,4,inf,0.27513090690964465,,0.00040984472448566404,1.4600080633483645,0.031404124088162955,0.1362349193486767,12,0.002724698386973534,0.001948095130081954,0.02,0.02,chart_cl_6.csv,1028,20250831_165524:1028,sobol,9,26,54,74,16,27,2.7,2.5,1.5,0.9,31,0.8
5,622,104,300,101,2025-07-02 00:00:00,2025-07-14 12:00:00,0.2553997056477314,17.774597221133707,31.961191293186552,730.3625589683252,0.1948095130081954,100.0,4,inf,0.27513090690964465,,0.00040984472448566404,1.4600080633483645,0.031404124088162955,0.1362349193486767,12,0.002724698386973534,0.001948095130081954,0.02,0.02,chart_cl_5.csv,973,20250831_165524:973,sobol,9,26,54,74,16,27,2.7,2.5,1.5,0.9,31,0.8
6,1581,615,300,183,2025-05-09 12:00:00,2025-05-30 18:00:00,0.25141445251145633,1.6854580970557524,2.2876756931460935,23.489572457593546,2.6282129986188756,66.66666666666666,10,2.155263713547983,0.2247653633981532,,0.006825740200319747,1.032862269787106,0.3839066926251601,0.10684822078098825,21,0.002808198827358928,0.026282129986188757,0.02,0.026282129986188757,chart_cl_2.csv,274,20250831_165524:274,sobol,13,26,39,85,11,13,2.5,2.7,1.6,1.4000000000000001,40,0.7
4,1581,129,384,171,2025-03-24 00:00:00,2025-04-11 04:00:00,0.24862190592680236,4.940471215912102,6.650452374544062,80.99518247169752,0.8189806680910692,0.0,3,0.0,-0.7819810183514064,,0.002981108070590313,1.1268242239414954,0.09734184124638225,0.13677295468579542,18,0.0027354590937159087,0.008189806680910692,0.02,0.02,chart_cl_2.csv,239,20250831_165524:239,sobol,11,20,44,128,21,14,2.2,1.9000000000000001,1.1,1.4000000000000001,14,0.6
6,5623,3245,450,739,2024-12-10 01:00:00,2025-03-07 21:00:00,0.24605039630501294,1.0246446630165225,1.25146471801716,7.606524922773959,1.6246952339939793,64.28571428571429,15,1.4236630654589866,0.11634072889796176,,0.003912079581200819,1.0278446068833424,0.08072567613921772,0.1826336841868925,87,0.00365267368373785,0.016246952339939794,0.02,0.02,chart_cl_4.csv,719,20250831_165524:719,sobol,8,22,52,82,19,21,2.4000000000000004,1.9000000000000001,1.0,1.6,17,0.75
6,1581,485,375,172,2025-05-04 22:00:00,2025-05-23 04:00:00,0.23998201112713102,1.464453457401819,1.903083099514503,20.395954157844493,3.086673457410658,0.0,2,0.0,-3.2917842161683306,,0.009562309361998568,1.027585251382997,0.47073207983561804,0.085541216862963,18,0.002640378036055169,0.03086673457410658,0.02,0.03086673457410658,chart_cl_2.csv,357,20250831_165524:357,sobol,9,23,39,125,19,19,1.9000000000000001,1.9000000000000001,0.9,0.8,44,0.65
7,1581,642,384,171,2025-05-22 18:00:00,2025-06-12 00:00:00,0.23959670560544452,2.800351479975625,3.852597816330726,62.43157387163901,1.013797659803799,42.857142857142854,8,0.9736690334054868,-0.007938464470123752,,0.004507507788502935,1.045961879554881,0.2504877849667363,0.13314117343710377,20,0.0026628234687420755,0.01013797659803799,0.02,0.02,chart_cl_2.csv,242,20250831_165524:242,sobol,11,20,44,128,21,14,2.2,1.9000000000000001,1.1,1.4000000000000001,14,0.6
6,2108,738,447,237,2023-06-04 19:00:00,2023-06-24 11:00:00,0.2382711037262993,0.3603586124640698,0.4431914638137257,0.34360461742042525,13.086001156755561,0.0,3,0.0,-13.319438116276881,,0.06537426709859565,1.0195221254602813,0.8258567177965254,0.020134635973035123,19,0.0026348186963398973,0.1308600115675556,0.09806140064789347,0.1308600115675556,chart_cl_1.csv,87,20250831_165524:87,sobol,14,27,60,149,21,30,1.9000000000000001,2.5,1.0,1.6,26,0.65
6,1581,615,300,183,2025-05-09 12:00:00,2025-05-30 18:00:00,0.23698751370048754,1.596114633166988,2.1660837942506084,21.816930934935286,2.6282129986188756,62.5,9,1.8567779899641408,0.20851006095932567,,0.006831389261025249,1.0307313538107263,0.3835370695631739,0.10071542173328758,21,0.0026470158056080845,0.026282129986188757,0.02,0.026282129986188757,chart_cl_2.csv,402,20250831_165524:402,sobol,6,24,30,76,28,13,2.0,1.8,0.9,1.6,35,0.6
6,1581,416,414,166,2025-04-30 10:00:00,2025-05-20 04:00:00,0.2360245856786406,4.037577162437021,5.577875723018384,89.98242915261761,0.7165936845628944,100.0,2,inf,0.9943778850824587,,0.0014076768717371155,1.1193777831670004,0.13625750228343458,0.1304985472083552,19,0.0026099709441671035,0.007165936845628944,0.02,0.02,chart_cl_2.csv,248,20250831_165524:248,sobol,6,17,34,138,11,25,2.0,2.9000000000000004,1.4000000000000001,1.2000000000000002,45,0.8
5,622,111,321,108,2025-07-04 08:00:00,2025-07-17 10:00:00,0.23395121759604648,14.119200260833281,23.67643005536034,537.832878027808,0.21090848985302063,100.0,6,inf,0.3782479844997193,,0.000912061514981328,1.2806396088457104,0.028566875053373752,0.1254436119678434,13,0.002508872239356868,0.002109084898530206,0.02,0.02,chart_cl_6.csv,1053,20250831_165524:1053,sobol,12,21,53,107,12,29,3.0,1.9000000000000001,1.4000000000000001,1.5,39,0.65
5,622,111,321,108,2025-07-04 08:00:00,2025-07-17 10:00:00,0.23395121759604648,14.119200260833281,23.67643005536034,537.832878027808,0.21090848985302063,100.0,6,inf,0.3782479844997193,,0.000912061514981328,1.2806396088457104,0.028566875053373752,0.1254436119678434,13,0.002508872239356868,0.002109084898530206,0.02,0.02,chart_cl_5.csv,998,20250831_165524:998,sobol,12,21,53,107,12,29,3.0,1.9000000000000001,1.4000000000000001,1.5,39,0.65
5,1581,336,360,174,2025-04-14 06:00:00,2025-05-05 16:00:00,0.2328017578768254,1.991289053879973,3.134887455063492,28.814210373390168,2.0726861305606232,0.0,5,0.0,-0.8924582535914598,,0.006492227247392126,1.0472172258268542,0.30745180920193516,0.1254532408758931,21,0.0026002519239734473,0.020726861305606234,0.02,0.020726861305606234,chart_cl_2.csv,333,20250831_165524:333,sobol,13,25,35,120,17,20,2.2,2.2,1.4000000000000001,1.2000000000000002,45,0.6
3,2775,406,300,353,2024-11-22 03:00:00,2025-01-06 19:00:00,0.23193100282972098,1.1512682097128162,1.4781781395440534,9.966369852316554,2.5941726108960137,54.54545454545454,12,1.8169406346720758,0.22392663630944948,,0.010624802710144977,1.0227256817004944,0.26446864953720045,0.11180760767193297,45,0.0029004823351233555,0.025941726108960138,0.02,0.025941726108960138,chart_cl_3.csv,458,20250831_165524:458,sobol,8,22,52,82,19,21,2.4000000000000004,1.9000000000000001,1.0,1.6,17,0.75
2,5623,289,450,739,2023-12-27 01:00:00,2024-03-22 16:00:00,0.23100581158561193,2.299991139739101,3.294594849408764,19.431787461744175,0.5949801495169555,35.294117647058826,18,1.1509493171751901,0.019719916454497638,,0.0022574702890234147,1.0510384939887765,0.021689111090242998,0.1708151073635062,86,0.003416302147270124,0.005949801495169556,0.02,0.02,chart_cl_4.csv,781,20250831_165524:781,sobol,14,27,60,149,21,30,1.9000000000000001,2.5,1.0,1.6,26,0.65
5,2775,1023,357,345,2025-02-12 17:00:00,2025-03-25 10:00:00,0.23042903073562274,5.703700143398539,8.230625707609235,56.057148407859216,0.46978751829207704,77.77777777777779,10,49.307510035926484,0.1936442297884792,,0.0019466769817022393,1.113131483599442,0.007322381063516372,0.14087673826977706,40,0.0028175347653955412,0.00469787518292077,0.02,0.02,chart_cl_3.csv,620,20250831_165524:620,sobol,8,18,36,119,15,13,3.0,2.5,1.3,1.6,30,0.7
5,622,108,312,105,2025-07-03 08:00:00,2025-07-16 04:00:00,0.22951319980890902,4.350237114968793,6.23254030373054,112.0423776401356,1.0255779484747503,100.0,4,inf,0.26116904057057005,,0.003491864613704044,1.0722615731179692,0.26074407793863036,0.12242459866771194,12,0.002448491973354239,0.010255779484747502,0.02,0.02,chart_cl_5.csv,975,20250831_165524:975,sobol,14,23,49,104,26,16,2.8,2.2,0.8,1.5,29,0.7
5,622,108,312,105,2025-07-03 08:00:00,2025-07-16 04:00:00,0.22951319980890902,4.350237114968793,6.23254030373054,112.0423776401356,1.0255779484747503,100.0,4,inf,0.26116904057057005,,0.003491864613704044,1.0722615731179692,0.26074407793863036,0.12242459866771194,12,0.002448491973354239,0.010255779484747502,0.02,0.02,chart_cl_6.csv,1030,20250831_165524:1030,sobol,14,23,49,104,26,16,2.8,2.2,0.8,1.5,29,0.7
5,5623,2506,450,739,2024-09-13 06:00:00,2024-12-09 23:00:00,0.22577293747504257,0.6101874360932398,0.7764719776357331,2.4649011685398574,4.578558753636839,35.294117647058826,18,1.013574135700943,0.009507816244073597,,0.014572049675781433,1.01292343203743,0.2348581541135262,0.07319833892743832,87,0.003351428954478989,0.04578558753636839,0.021858074513672148,0.04578558753636839,chart_cl_4.csv,676,20250831_165524:676,sobol,9,26,54,74,16,27,2.7,2.5,1.5,0.9,31,0.8
7,2775,1728,348,346,2025-05-06 18:00:00,2025-06-16 14:00:00,0.2225473312940835,0.8172510227187948,1.0602219570358404,5.673691350050681,4.450044143876678,37.5,9,0.22665474139331895,-0.6854201844965917,,0.015239415956975637,1.0137644947321975,0.44626147221451906,0.06114823711975013,40,0.002721123545031265,0.044500441438766775,0.022859123935463455,0.044500441438766775,chart_cl_3.csv,457,20250831_165524:457,sobol,12,28,30,116,25,18,2.6,2.6,1.6,1.0,39,0.65
6,1581,607,303,182,2025-05-09 02:00:00,2025-05-30 06:00:00,0.2218278387241398,1.4914476435451058,2.0197941276366826,20.243448115231708,2.6282565092006633,57.14285714285714,8,1.6285821968051881,0.17295711452777723,,0.006817620952842611,1.028013544110229,0.39169545237090764,0.0942697796922186,21,0.00247765162096986,0.026282565092006632,0.02,0.026282565092006632,chart_cl_2.csv,312,20250831_165524:312,sobol,7,25,36,101,20,16,1.8,2.7,1.2000000000000002,1.3,23,0.75
5,622,105,303,102,2025-07-02 08:00:00,2025-07-14 22:00:00,0.22176727406649377,8.26603387047272,12.981328275801674,238.01461400661108,0.4791298661510002,100.0,5,inf,0.12912604678918352,,0.0012805355441528159,1.1518813938327301,0.0971356833970158,0.1182922730767418,12,0.002365845461534836,0.004791298661510002,0.02,0.02,chart_cl_5.csv,994,20250831_165524:994,sobol,7,25,36,101,20,16,1.8,2.7,1.2000000000000002,1.3,23,0.75
5,622,105,303,102,2025-07-02 08:00:00,2025-07-14 22:00:00,0.22176727406649377,8.26603387047272,12.981328275801674,238.01461400661108,0.4791298661510002,100.0,5,inf,0.12912604678918352,,0.0012805355441528159,1.1518813938327301,0.0971356833970158,0.1182922730767418,12,0.002365845461534836,0.004791298661510002,0.02,0.02,chart_cl_6.csv,1049,20250831_165524:1049,sobol,7,25,36,101,20,16,1.8,2.7,1.2000000000000002,1.3,23,0.75
7,2775,1818,300,353,2025-05-12 06:00:00,2025-06-20 18:00:00,0.22175720639244645,2.3163931728159386,3.033994485273248,34.60186292553226,0.710734582947797,58.82352941176471,18,1.9334753924359913,0.16389584046693004,,0.003539603793734877,1.0446809367934473,0.07734604374058968,0.1349555748355354,39,0.0026991114967107083,0.00710734582947797,0.02,0.02,chart_cl_3.csv,642,20250831_165524:642,sobol,7,16,44,88,28,20,3.0,2.4000000000000004,1.4000000000000001,0.8,11,0.65
3,5623,1028,450,739,2024-03-22 18:00:00,2024-06-19 08:00:00,0.21933869707367465,0.9743842560961582,1.443231137127038,7.863245965595995,1.3922305077402581,50.0,17,2.4042778528733746,0.13398083073338968,,0.00659855989055573,1.0219133034101162,0.1029769900337955,0.16340307540025983,88,0.003268061508005197,0.013922305077402582,0.02,0.02,chart_cl_4.csv,878,20250831_165524:878,sobol,14,26,33,135,30,29,2.2,2.9000000000000004,1.6,1.4000000000000001,17,0.75
7,1581,798,300,183,2025-05-30 20:00:00,2025-06-23 02:00:00,0.21922659125622204,2.3732804260992952,3.3268691897830567,51.60435812126071,1.0094206020752066,66.66666666666666,10,85.13082221808281,0.2906441233194074,,0.003638786634226123,1.0461484810528967,0.24130666579965818,0.1236501441489562,23,0.002473002882979124,0.010094206020752066,0.02,0.02,chart_cl_2.csv,403,20250831_165524:403,sobol,6,24,30,76,28,13,2.0,1.8,0.9,1.6,35,0.6
7,2775,1662,384,341,2025-05-02 06:00:00,2025-06-11 16:00:00,0.21738302236757362,0.8754339227851562,1.1648401863467965,7.91906998271084,3.1567691866340897,60.0,11,1.1639750647395246,0.062283504433338466,,0.009321262957416114,1.0144236512671354,0.41315861444336693,0.08419854506591999,40,0.00265795372623518,0.0315676918663409,0.02,0.0315676918663409,chart_cl_3.csv,432,20250831_165524:432,sobol,11,20,44,128,21,14,2.2,1.9000000000000001,1.1,1.4000000000000001,14,0.6
6,2775,1335,375,342,2025-03-24 06:00:00,2025-05-02 16:00:00,0.2165849293528254,1.7008003638681488,2.43940489904864,15.075223612326456,1.646096159136209,88.88888888888889,10,16.5037248420743,0.6671367574395947,,0.00433509664682296,1.037092145473752,0.13960136184687652,0.1318066501405542,39,0.0026361330028110844,0.01646096159136209,0.02,0.02,chart_cl_3.csv,486,20250831_165524:486,sobol,6,28,46,125,28,22,2.6,2.4000000000000004,1.5,1.6,48,0.85
7,2108,1182,336,253,2023-07-02 13:00:00,2023-07-23 13:00:00,0.21165137191538863,0.272789349927231,0.37724680548639,0.8007020462233516,4.656043303881745,100.0,8,inf,2.7478601933529525,,0.018435785400735868,1.0134173343721942,0.6587492635557758,0.050771927771563696,21,0.0023639629432595675,0.04656043303881745,0.0276536781011038,0.04656043303881745,chart_cl_1.csv,56,20250831_165524:56,sobol,7,19,59,112,27,25,2.3,1.8,1.1,0.8,24,0.85
6,5623,3245,450,739,2024-12-10 01:00:00,2025-03-07 21:00:00,0.2074098548252948,1.1237823125178228,1.3705604290771887,7.7890451122941355,1.32532545319739,66.66666666666666,13,1.7618275104138224,0.17701302249318807,,0.0029600132307749287,1.0308120955696496,0.04779004193142704,0.15393293787780796,87,0.003078658757556159,0.0132532545319739,0.02,0.02,chart_cl_4.csv,845,20250831_165524:845,sobol,6,23,57,89,24,14,2.1,2.3,1.3,1.5,48,0.8
5,622,104,300,101,2025-07-02 00:00:00,2025-07-14 12:00:00,0.20347549329978562,6.490729413733068,9.487519491333693,161.55152031034714,0.6340113583095436,33.33333333333333,4,0.8405137244424793,-0.01321228454913674,,0.002326341203196392,1.1277691244937087,0.11950241327579074,0.10853406385201714,12,0.0021706812770403427,0.006340113583095436,0.02,0.02,chart_cl_6.csv,1076,20250831_165524:1076,sobol,6,24,30,76,28,13,2.0,1.8,0.9,1.6,35,0.6
5,622,104,300,101,2025-07-02 00:00:00,2025-07-14 12:00:00,0.20347549329978562,6.490729413733068,9.487519491333693,161.55152031034714,0.6340113583095436,33.33333333333333,4,0.8405137244424793,-0.01321228454913674,,0.002326341203196392,1.1277691244937087,0.11950241327579074,0.10853406385201714,12,0.0021706812770403427,0.006340113583095436,0.02,0.02,chart_cl_5.csv,1021,20250831_165524:1021,sobol,6,24,30,76,28,13,2.0,1.8,0.9,1.6,35,0.6
5,2775,1112,300,353,2025-02-17 09:00:00,2025-03-28 18:00:00,0.20050678567291558,3.361364774745508,4.339544277103954,27.54471357344801,0.7986120551020043,55.55555555555556,10,0.48100338559221967,-0.09791984550321682,,0.0036027703244163314,1.0634951939007593,0.01888879004831589,0.12201851450305001,39,0.0024403702900610003,0.007986120551020043,0.02,0.02,chart_cl_3.csv,575,20250831_165524:575,sobol,11,27,51,99,12,24,2.0,2.5,1.0,0.8,12,0.7
3,2775,406,300,353,2024-11-22 03:00:00,2025-01-06 19:00:00,0.18602140335829345,1.1123392238710825,1.45245967213674,8.190033282435673,2.473648287792857,70.0,11,1.2055487158438443,0.09331308967157514,,0.011103100754731195,1.0214549745364516,0.20997466997302697,0.09403651491282623,45,0.002326132641041201,0.02473648287792857,0.02,0.02473648287792857,chart_cl_3.csv,628,20250831_165524:628,sobol,12,19,34,98,18,30,2.4000000000000004,2.3,1.1,1.5,49,0.85
5,1581,201,447,162,2025-04-08 06:00:00,2025-04-28 16:00:00,0.18417434254851345,2.272066817004538,3.269908292002587,43.50156951368589,1.123724770336611,0.0,4,0.0,-0.13447859556862693,,0.003538988768544326,1.0786054414796593,0.1839747947795293,0.10233792374276053,20,0.002046758474855211,0.011237247703366109,0.02,0.02,chart_cl_2.csv,303,20250831_165524:303,sobol,14,27,60,149,21,30,1.9000000000000001,2.5,1.0,1.6,26,0.65
3,2775,371,327,349,2024-11-21 11:00:00,2025-01-03 19:00:00,0.18110679700905338,4.0598496833704605,6.046754176521016,38.62399556802838,0.515785576161182,57.14285714285714,8,14.195747776890917,0.2431545488907708,,0.002769227271396145,1.1056249009972365,0.01845965128433526,0.11222477664428873,43,0.0022444955328857746,0.005157855761611821,0.02,0.02,chart_cl_3.csv,498,20250831_165524:498,sobol,10,17,43,109,23,30,2.0,2.7,1.4000000000000001,1.2000000000000002,34,0.75
3,2775,384,318,351,2024-11-21 19:00:00,2025-01-06 07:00:00,0.17878931465453488,3.996886332403529,5.953827196597107,37.84768460705302,0.515785576161182,62.5,9,21.394302187949876,0.21943028816155538,,0.0028011908137424556,1.1037801473534234,0.018352917403709555,0.11178327868287818,45,0.0022356655736575637,0.005157855761611821,0.02,0.02,chart_cl_3.csv,653,20250831_165524:653,sobol,11,27,40,106,16,23,2.1,3.0,1.6,0.9,24,0.8
3,5623,1028,450,739,2024-03-22 18:00:00,2024-06-19 08:00:00,0.1743648642142567,0.7642813297983206,1.1276480444634631,6.19144497737541,1.3908135969351032,31.57894736842105,20,1.8544329580616228,0.0969658730727174,,0.00884206348056421,1.0177235825953004,0.10907799332262802,0.12987927317385256,88,0.0025975854634770514,0.013908135969351032,0.02,0.02,chart_cl_4.csv,854,20250831_165524:854,sobol,11,27,51,99,12,24,2.0,2.5,1.0,0.8,12,0.7
6,1581,615,300,183,2025-05-09 12:00:00,2025-05-30 18:00:00,0.17235169331458947,1.251108930847823,1.6569280116848906,15.44167898709422,2.5294432847969657,71.42857142857143,8,1.3337173629404826,0.13943287009731647,,0.006737162948861913,1.02402792188778,0.3589074062814832,0.07610134925031105,21,0.0019249404682518789,0.02529443284796966,0.02,0.02529443284796966,chart_cl_2.csv,319,20250831_165524:319,sobol,12,22,42,71,30,26,2.3,2.1,1.3,1.2000000000000002,36,0.7
3,5623,1028,450,739,2024-03-22 18:00:00,2024-06-19 08:00:00,0.16301322108872868,0.9735613059060341,1.4611722297462408,6.812490263092257,1.1785857016397443,73.33333333333333,16,2.328478956762556,0.10242636841873051,,0.005239112675095315,1.0230172123200092,0.06678863219747136,0.12141924379111532,88,0.0024283848758223066,0.011785857016397443,0.02,0.02,chart_cl_4.csv,944,20250831_165524:944,sobol,14,17,52,122,11,26,2.8,2.7,1.3,1.0,19,0.75
5,622,104,300,101,2025-07-02 00:00:00,2025-07-14 12:00:00,0.14987740322901574,4.849023197742595,7.022248906315202,107.4623923176791,0.6340113583095436,25.0,5,1.2879295951453993,0.011674945409619289,,0.002367462366352257,1.0966397329178963,0.1118331966647397,0.0799421028008133,12,0.0015988420560162661,0.006340113583095436,0.02,0.02,chart_cl_6.csv,1051,20250831_165524:1051,sobol,12,22,42,71,30,26,2.3,2.1,1.3,1.2000000000000002,36,0.7
5,622,104,300,101,2025-07-02 00:00:00,2025-07-14 12:00:00,0.14987740322901574,4.849023197742595,7.022248906315202,107.4623923176791,0.6340113583095436,25.0,5,1.2879295951453993,0.011674945409619289,,0.002367462366352257,1.0966397329178963,0.1118331966647397,0.0799421028008133,12,0.0015988420560162661,0.006340113583095436,0.02,0.02,chart_cl_5.csv,996,20250831_165524:996,sobol,12,22,42,71,30,26,2.3,2.1,1.3,1.2000000000000002,36,0.7
7,1581,564,426,165,2025-05-19 18:00:00,2025-06-06 12:00:00,0.14567338464913177,3.1687653771146294,4.298767880123368,75.47338187174577,0.47996051614579754,0.0,4,0.0,-0.3027963379154251,,0.0013966780256051245,1.069277916311718,0.09093563595850467,0.07972573416896389,17,0.0015945146833792779,0.004799605161457976,0.02,0.02,chart_cl_2.csv,271,20250831_165524:271,sobol,11,16,49,142,16,15,1.9000000000000001,3.0,1.2000000000000002,1.5,36,0.6
2,5623,289,450,739,2023-12-27 01:00:00,2024-03-22 16:00:00,0.13495926628604027,0.5199964164141023,0.6733831961626469,3.8518943248903526,1.7144124719744798,53.333333333333336,31,1.4739562461879168,0.13441073437005507,,0.007753687605937768,1.010442730502476,0.1370171135479904,0.09976341354206923,86,0.0019952682708413846,0.0171441247197448,0.02,0.02,chart_cl_4.csv,751,20250831_165524:751,sobol,14,21,37,78,13,19,2.1,2.0,1.2000000000000002,1.1,26,0.65
2,5623,289,450,739,2023-12-27 01:00:00,2024-03-22 16:00:00,0.13485338442339867,1.3672937500933002,1.6950034220472976,10.899208114892554,0.6054009590754911,65.38461538461539,27,2.230761874813365,0.0492101382719511,,0.0013949708952915184,1.0491210691575006,0.016069495192093365,0.09968511036382262,86,0.0019937022072764525,0.006054009590754911,0.02,0.02,chart_cl_4.csv,733,20250831_165524:733,sobol,13,26,39,85,11,13,2.5,2.7,1.6,1.4000000000000001,40,0.7
3,2775,406,300,353,2024-11-22 03:00:00,2025-01-06 19:00:00,0.13225537553021807,0.6215189068498526,0.8293629162027568,5.010471881236252,2.7979310639141817,46.666666666666664,16,0.9682198380085888,-0.015121358194133794,,0.01289967311099506,1.0104144670762776,0.3583450096493172,0.05910186646711681,45,0.0016536294812365404,0.027979310639141816,0.02,0.027979310639141816,chart_cl_3.csv,643,20250831_165524:643,sobol,6,24,30,76,28,13,2.0,1.8,0.9,1.6,35,0.6
6,622,205,300,101,2025-07-14 14:00:00,2025-07-24 22:00:00,0.12877867344696484,5.367599083966099,8.709518360561855,87.69542428324338,0.6417777726975017,100.0,4,inf,0.6132917727267765,,0.0021026999679114753,1.0940879743993357,0.09428110137197135,0.0679711287488776,10,0.0013594225749775522,0.006417777726975017,0.02,0.02,chart_cl_5.csv,1020,20250831_165524:1020,sobol,7,16,44,88,28,20,3.0,2.4000000000000004,1.4000000000000001,0.8,11,0.65
6,622,205,300,101,2025-07-14 14:00:00,2025-07-24 22:00:00,0.12877867344696484,5.367599083966099,8.709518360561855,87.69542428324338,0.6417777726975017,100.0,4,inf,0.6132917727267765,,0.0021026999679114753,1.0940879743993357,0.09428110137197135,0.0679711287488776,10,0.0013594225749775522,0.006417777726975017,0.02,0.02,chart_cl_6.csv,1075,20250831_165524:1075,sobol,7,16,44,88,28,20,3.0,2.4000000000000004,1.4000000000000001,0.8,11,0.65
7,2108,1095,381,246,2023-06-29 01:00:00,2023-07-19 11:00:00,0.1279278698022381,0.3265754049130637,0.4525260518663057,0.9564541121294583,2.407213742548943,100.0,7,inf,1.8260853935842727,,0.008000057376648603,1.0201388385984829,0.2890408184246019,0.05905593632109837,20,0.0014216026149124327,0.02407213742548943,0.02,0.02407213742548943,chart_cl_1.csv,111,20250831_165524:111,sobol,9,16,57,127,15,12,2.5,3.0,0.8,1.4000000000000001,17,0.8
3,2775,271,405,338,2024-11-19 15:00:00,2024-12-31 01:00:00,0.12754263946815456,1.9944091060710034,2.817388959260395,19.14362255544228,0.7379230264995102,83.33333333333334,7,40.46437858016542,0.31148781953479565,,0.0024634322972412284,1.0449340818207817,0.04227671774057136,0.07831553567684045,41,0.001566310713536809,0.007379230264995103,0.02,0.02,chart_cl_3.csv,593,20250831_165524:593,sobol,14,26,33,135,30,29,2.2,2.9000000000000004,1.6,1.4000000000000001,17,0.75
4,2775,759,300,353,2025-01-06 21:00:00,2025-02-17 07:00:00,0.12384180857753221,7.147634203525718,24.88060525207512,269.653945896734,0.048476529591107466,100.0,2,inf,0.2577744190937362,,3.6869977677887395e-05,2.5132595647261344,0.006365505124347235,0.07604257716940929,41,0.001520851543388186,0.0004847652959110747,0.02,0.02,chart_cl_3.csv,644,20250831_165524:644,sobol,6,24,30,76,28,13,2.0,1.8,0.9,1.6,35,0.6
4,2775,759,300,353,2025-01-06 21:00:00,2025-02-17 07:00:00,0.12384180857753221,7.147634203525718,24.88060525207512,269.653945896734,0.048476529591107466,100.0,2,inf,0.2577744190937362,,3.6869977677887395e-05,2.5132595647261344,0.006365505124347235,0.07604257716940929,41,0.001520851543388186,0.0004847652959110747,0.02,0.02,chart_cl_3.csv,534,20250831_165524:534,sobol,12,22,42,71,30,26,2.3,2.1,1.3,1.2000000000000002,36,0.7
3,2775,217,447,332,2024-11-18 15:00:00,2024-12-27 13:00:00,0.12360812115213378,0.708681396421363,0.9158477949688676,5.753382376126219,2.4204733853074174,75.0,17,1.8546531523374796,0.1946887181176482,,0.007772496822957459,1.0143789307482933,0.25307214643449266,0.061862041308995884,38,0.0014973542454921255,0.024204733853074173,0.02,0.024204733853074173,chart_cl_3.csv,608,20250831_165524:608,sobol,13,22,42,149,25,24,2.5,2.3,1.2000000000000002,0.9,30,0.8
6,5623,3245,450,739,2024-12-10 01:00:00,2025-03-07 21:00:00,0.1216824119434932,1.6082634873047714,1.9665760528722893,13.65110381599801,0.4348072005783356,63.63636363636363,12,2.0501043120079214,0.14814209062063258,,0.0005133471220441139,1.0492033255945428,0.007236994307462737,0.09028357149742372,87,0.0018056714299484744,0.004348072005783356,0.02,0.02,chart_cl_4.csv,965,20250831_165524:965,sobol,10,27,35,80,14,26,2.8,3.0,1.1,0.9,42,0.6
3,2108,216,300,258,2023-04-10 01:00:00,2023-05-01 11:00:00,0.11788038813108132,0.21773656656543314,0.30137698923168815,0.39450830444655094,5.120757954022065,50.0,3,0.6019171806275708,-1.1367032714003247,,0.0173703963805547,1.0122502054596312,0.6996112907556299,0.02570895031789615,21,0.0013164931182992482,0.05120757954022065,0.02605559457083205,0.05120757954022065,chart_cl_1.csv,177,20250831_165524:177,sobol,12,24,45,84,20,28,1.8,2.0,0.8,1.0,46,0.85
3,2108,216,300,258,2023-04-10 01:00:00,2023-05-01 11:00:00,0.11788038813108132,0.21773656656543314,0.30137698923168815,0.39450830444655094,5.120757954022065,50.0,3,0.6019171806275708,-1.1367032714003247,,0.0173703963805547,1.0122502054596312,0.6996112907556299,0.02570895031789615,21,0.0013164931182992482,0.05120757954022065,0.02605559457083205,0.05120757954022065,chart_cl_1.csv,38,20250831_165524:38,sobol,9,23,33,95,22,23,3.0,2.1,0.9,1.1,20,0.8
3,2108,216,300,258,2023-04-10 01:00:00,2023-05-01 11:00:00,0.11788038813108132,0.21773656656543314,0.30137698923168815,0.39450830444655094,5.120757954022065,50.0,3,0.6019171806275708,-1.1367032714003247,,0.0173703963805547,1.0122502054596312,0.6996112907556299,0.02570895031789615,21,0.0013164931182992482,0.05120757954022065,0.02605559457083205,0.05120757954022065,chart_cl_1.csv,191,20250831_165524:191,sobol,12,19,34,98,18,30,2.4000000000000004,2.3,1.1,1.5,49,0.85
3,2775,233,435,334,2024-11-18 23:00:00,2024-12-30 01:00:00,0.1119328451742298,2.3595415014468446,3.349152939183577,19.8419620391055,0.6275985739352129,60.0,6,40.02476695301653,0.23393097345494637,,0.0027534646109934166,1.0574124695435485,0.020327222910660032,0.06872859904959784,41,0.0013745719809919567,0.006275985739352129,0.02,0.02,chart_cl_3.csv,623,20250831_165524:623,sobol,9,26,48,145,23,11,2.3,2.8,1.4000000000000001,1.1,27,0.7
7,5623,3984,450,739,2025-03-09 22:00:00,2025-06-04 12:00:00,0.10522025569384966,0.4534766595030411,0.6088515460152492,2.4617408722568475,2.0769268631313778,28.57142857142857,15,0.7203962323968424,-0.08838163966064863,,0.00541143690457055,1.0112788552536778,0.11733518600764388,0.07489192547858792,86,0.001555450518581125,0.020769268631313776,0.02,0.020769268631313776,chart_cl_4.csv,816,20250831_165524:816,sobol,9,16,57,127,15,12,2.5,3.0,0.8,1.4000000000000001,17,0.8
7,2775,1815,303,353,2025-05-12 06:00:00,2025-06-20 18:00:00,0.10075244239144249,1.5924608205131985,2.179935460631186,14.012924499601512,0.750212575825271,73.33333333333333,16,2.153319685535446,0.06388303390662617,,0.0025219502663656568,1.0405191412528156,0.03967020171385084,0.06130206609733384,39,0.0012260413219466768,0.00750212575825271,0.02,0.02,chart_cl_3.csv,527,20250831_165524:527,sobol,7,25,36,101,20,16,1.8,2.7,1.2000000000000002,1.3,23,0.75
6,1581,543,342,177,2025-05-07 00:00:00,2025-05-27 18:00:00,0.10050947965531803,0.6727814902000798,0.8796853190227538,5.489653740965416,4.008070166558404,0.0,2,0.0,-0.10183818379162925,,0.015755574645901146,1.0106839570624484,0.5395523333051799,0.027865885474292553,20,0.0011168842423424517,0.04008070166558404,0.02363336196885172,0.04008070166558404,chart_cl_2.csv,394,20250831_165524:394,sobol,13,23,54,114,13,22,1.9000000000000001,2.0,0.8,1.4000000000000001,33,0.75
3,5623,1028,450,739,2024-03-22 18:00:00,2024-06-19 08:00:00,0.09306605035364725,0.3294111671992164,0.45383697698242453,3.070344948927941,1.4687054535593698,50.0,17,0.9084106014728351,-0.012052556521483154,,0.004971895304807907,1.0070762723932571,0.2125940015851371,0.06930367619371121,88,0.0013860735238742242,0.014687054535593698,0.02,0.02,chart_cl_4.csv,770,20250831_165524:770,sobol,10,24,50,119,10,20,2.2,2.3,1.2000000000000002,0.9,34,0.85
5,622,105,303,102,2025-07-02 08:00:00,2025-07-14 22:00:00,0.08913523332318078,5.573855445769518,8.438413811247589,127.6281976414279,0.28056221077814053,75.0,5,6.682711056910923,0.07696332021897523,,0.0010823131648465692,1.111098345266945,0.031073032653806842,0.04754143946897438,12,0.0009508287893794876,0.002805622107781405,0.02,0.02,chart_cl_5.csv,1009,20250831_165524:1009,sobol,6,20,50,101,14,10,2.7,2.2,1.0,1.1,38,0.65
5,622,105,303,102,2025-07-02 08:00:00,2025-07-14 22:00:00,0.08913523332318078,5.573855445769518,8.438413811247589,127.6281976414279,0.28056221077814053,75.0,5,6.682711056910923,0.07696332021897523,,0.0010823131648465692,1.111098345266945,0.031073032653806842,0.04754143946897438,12,0.0009508287893794876,0.002805622107781405,0.02,0.02,chart_cl_6.csv,1064,20250831_165524:1064,sobol,6,20,50,101,14,10,2.7,2.2,1.0,1.1,38,0.65
5,5623,2506,450,739,2024-09-13 06:00:00,2024-12-09 23:00:00,0.08871542493498907,0.7073244769552365,0.9764724950947088,3.5884053785883396,1.1967044911475113,54.54545454545454,23,0.3163944100380523,-0.05756697234729048,,0.002895449986969789,1.0193685222052342,0.0348924691019047,0.06581629369111366,87,0.0013163258738222734,0.011967044911475114,0.02,0.02,chart_cl_4.csv,916,20250831_165524:916,sobol,9,26,48,145,23,11,2.3,2.8,1.4000000000000001,1.1,27,0.7
3,2775,217,447,332,2024-11-18 15:00:00,2024-12-27 13:00:00,0.08790997377133039,1.8601932499570046,2.6350029020504095,15.484084945141921,0.6275985739352129,75.0,5,55.634820831129524,0.2945161157692236,,0.002681675287882055,1.0448661352618052,0.020418886722624874,0.05324253051187568,38,0.0010648506102375135,0.006275985739352129,0.02,0.02,chart_cl_3.csv,513,20250831_165524:513,sobol,14,27,60,149,21,30,1.9000000000000001,2.5,1.0,1.6,26,0.65
5,2775,881,447,332,2025-02-06 09:00:00,2025-03-18 00:00:00,0.0821395289553891,1.2222434504482416,1.6756231285927643,9.81771419692025,0.9220247469527758,0.0,5,0.0,-0.3811973779961054,,0.0022107686846048256,1.028543418619231,0.05128719499294183,0.04997552259193294,39,0.0009995104518386588,0.009220247469527758,0.02,0.02,chart_cl_3.csv,610,20250831_165524:610,sobol,13,22,42,149,25,24,2.5,2.3,1.2000000000000002,0.9,30,0.8
6,1581,615,300,183,2025-05-09 12:00:00,2025-05-30 18:00:00,0.08153272079327749,0.6663000246737955,0.8958341567200891,6.671612563763454,2.531418027707164,62.5,9,1.0690816379576624,0.025560203407605564,,0.006360865735637049,1.0131599688780426,0.3547471230090006,0.0359690205533865,21,0.000910526270678121,0.025314180277071642,0.02,0.025314180277071642,chart_cl_2.csv,286,20250831_165524:286,sobol,14,21,37,78,13,19,2.1,2.0,1.2000000000000002,1.1,26,0.65
5,1581,217,435,163,2025-04-08 14:00:00,2025-04-29 02:00:00,0.08086368239407875,1.040767598326067,1.4967475809371757,16.88778361799831,1.123724770336611,0.0,4,0.0,-0.13447859556862693,,0.0038007721955024857,1.0336806505948732,0.1842870373871499,0.0449279007384525,20,0.0008985580147690501,0.011237247703366109,0.02,0.02,chart_cl_2.csv,385,20250831_165524:385,sobol,9,26,48,145,23,11,2.3,2.8,1.4000000000000001,1.1,27,0.7
5,622,104,300,101,2025-07-02 00:00:00,2025-07-14 12:00:00,0.07812935963730894,4.992773338187821,7.53522916346127,110.92301475228106,0.28056221077814053,40.0,6,2.618907229830661,0.04397436920660341,,0.0011199494906624704,1.1047951744048121,0.031309095620312054,0.0416710265388461,12,0.0008334205307769221,0.002805622107781405,0.02,0.02,chart_cl_6.csv,1038,20250831_165524:1038,sobol,13,26,39,85,11,13,2.5,2.7,1.6,1.4000000000000001,40,0.7
5,622,104,300,101,2025-07-02 00:00:00,2025-07-14 12:00:00,0.07812935963730894,4.992773338187821,7.53522916346127,110.92301475228106,0.28056221077814053,40.0,6,2.618907229830661,0.04397436920660341,,0.0011199494906624704,1.1047951744048121,0.031309095620312054,0.0416710265388461,12,0.0008334205307769221,0.002805622107781405,0.02,0.02,chart_cl_5.csv,983,20250831_165524:983,sobol,13,26,39,85,11,13,2.5,2.7,1.6,1.4000000000000001,40,0.7
3,2108,216,300,258,2023-04-10 01:00:00,2023-05-01 11:00:00,0.06885781608718702,0.15413959715843525,0.21249226631819448,0.379497737953574,3.0973407481197457,66.66666666666666,4,0.8888278711098914,-0.13461629528419228,,0.01065752177580472,1.0087272778289202,0.5469807279610657,0.024826703242993423,21,0.0007689675959600017,0.03097340748119746,0.02,0.03097340748119746,chart_cl_1.csv,103,20250831_165524:103,sobol,12,22,42,71,30,26,2.3,2.1,1.3,1.2000000000000002,36,0.7
5,2775,1112,300,353,2025-02-17 09:00:00,2025-03-28 18:00:00,0.06837198683368743,0.670247994646123,0.906115955601402,4.4768309838678775,1.5680653492463916,54.54545454545454,12,1.0374580459826357,0.006104970776687285,,0.004266994126919448,1.016398075080932,0.1000323513235892,0.04159802294646279,39,0.0008319604589292558,0.015680653492463916,0.02,0.02,chart_cl_3.csv,425,20250831_165524:425,sobol,9,26,54,74,16,27,2.7,2.5,1.5,0.9,31,0.8
3,5623,1028,450,739,2024-03-22 18:00:00,2024-06-19 08:00:00,0.06548223781854859,0.26162188556243426,0.36717314668069745,1.3991067928843768,2.253240324013943,26.666666666666668,16,1.1099219301211571,0.03687666256750716,,0.012280905242328973,1.0049051009221104,0.22224441825645885,0.043278445911755246,88,0.000975167394890233,0.022532403240139432,0.02,0.022532403240139432,chart_cl_4.csv,680,20250831_165524:680,sobol,11,20,44,128,21,14,2.2,1.9000000000000001,1.1,1.4000000000000001,14,0.6
2,5623,289,450,739,2023-12-27 01:00:00,2024-03-22 16:00:00,0.05659889603121391,0.32549213198824745,0.42535675480842633,1.878827809301477,1.4472935864897125,54.166666666666664,25,1.0633800995369955,0.009680015334993908,,0.005255056075990892,1.008020137517317,0.07271824059488402,0.041827948051188245,86,0.000836558961023765,0.014472935864897125,0.02,0.02,chart_cl_4.csv,841,20250831_165524:841,sobol,6,23,57,89,24,14,2.1,2.3,1.3,1.5,48,0.8
7,2775,1818,300,353,2025-05-12 06:00:00,2025-06-20 18:00:00,0.05484829489088838,0.48246555248274453,0.6600186377291577,6.018864947242471,0.9293764198065999,50.0,13,1.544936855188751,0.07985540793873314,,0.003938114957914985,1.0091639259197498,0.1449856269037059,0.033369305088695,39,0.0006673861017738999,0.009293764198065999,0.02,0.02,chart_cl_3.csv,607,20250831_165524:607,sobol,8,28,55,95,10,17,2.4000000000000004,2.8,1.5,1.3,14,0.6
5,2108,524,432,239,2023-05-16 17:00:00,2023-06-05 13:00:00,0.05126102121460559,0.13994483017442394,0.18981733200890372,0.2415191650027109,3.9069836345980344,26.666666666666668,16,1.2090835732083618,0.0388457284489645,,0.016298972008536746,1.0087226496578219,0.4973797610998849,0.014505993821057397,19,0.0005667468046245146,0.039069836345980345,0.024448458012805117,0.039069836345980345,chart_cl_1.csv,147,20250831_165524:147,sobol,9,20,31,144,29,17,2.8,2.0,1.6,1.4000000000000001,31,0.8
5,5623,2506,450,739,2024-09-13 06:00:00,2024-12-09 23:00:00,0.04734785105418382,0.2155526209507165,0.27728130660858336,0.6907789493228923,3.2859503813710997,71.875,33,0.5885146229830508,-0.07750192403238965,,0.010593647034466842,1.0053763053384714,0.1797351108816201,0.021376914754127924,87,0.0007024348118886414,0.032859503813711,0.02,0.032859503813711,chart_cl_4.csv,940,20250831_165524:940,sobol,6,24,30,76,28,13,2.0,1.8,0.9,1.6,35,0.6
5,2775,894,438,333,2025-02-06 17:00:00,2025-03-18 10:00:00,0.03752114815743823,0.9011878003955519,1.2194853767476714,6.12642790664721,0.6572144843763955,16.666666666666664,7,0.20716198708278746,-0.1716688415608417,,0.001787729861373261,1.0229361956770555,0.018896426807209595,0.022826890285386387,39,0.00045653780570772777,0.006572144843763955,0.02,0.02,chart_cl_3.csv,445,20250831_165524:445,sobol,7,25,39,146,14,28,2.9000000000000004,2.2,1.0,1.3,21,0.85
6,2108,907,348,251,2023-06-10 15:00:00,2023-07-01 11:00:00,0.025110799061710053,0.09364272349266634,0.12393632367376062,0.18995498304922545,2.3115721391274913,0.0,2,0.0,-0.309140895178926,,0.003725043246219492,1.013998215919232,0.20481050180769417,0.012070394857098066,20,0.00027901588459935646,0.023115721391274914,0.02,0.023115721391274914,chart_cl_1.csv,31,20250831_165524:31,sobol,12,28,30,116,25,18,2.6,2.6,1.6,1.0,39,0.65
5,2108,643,357,250,2023-05-20 09:00:00,2023-06-10 03:00:00,0.01845048607470563,0.10144309938840619,0.1423932102649168,0.14663627829740258,2.207813990131846,73.33333333333333,16,1.5573956116237162,0.07188679757559241,,0.009151690457958722,1.0059266461993428,0.5093246684983318,0.009285618453175859,20,0.00020500918327948092,0.02207813990131846,0.02,0.02207813990131846,chart_cl_1.csv,77,20250831_165524:77,sobol,10,24,50,119,10,20,2.2,2.3,1.2000000000000002,0.9,34,0.85
5,1581,267,405,168,2025-04-10 06:00:00,2025-05-01 04:00:00,0.018139069703931907,1.5699061068387457,2.603966784673842,33.45702332276281,0.11523478745693864,,1,,,,8.96548653796328e-05,1.1585938203379704,0.009867130840130722,0.010077443738770113,20,0.00020154887477540225,0.0011523478745693865,0.02,0.02,chart_cl_2.csv,363,20250831_165524:363,sobol,14,26,33,135,30,29,2.2,2.9000000000000004,1.6,1.4000000000000001,17,0.75
3,5623,1028,450,739,2024-03-22 18:00:00,2024-06-19 08:00:00,0.014309855105953062,0.1183477579357467,0.16842756464738703,0.40401603703631306,1.6849976835845195,69.23076923076923,14,1.0153639330158688,0.002897495971084546,,0.006910005007565954,1.0027145118329608,0.07482837938837301,0.010653392688094607,88,0.00021306785376189215,0.016849976835845194,0.02,0.02,chart_cl_4.csv,758,20250831_165524:758,sobol,10,24,55,135,18,12,2.8,2.4000000000000004,0.8,1.0,12,0.65
6,622,205,300,101,2025-07-14 14:00:00,2025-07-24 22:00:00,0.00908121644908988,2.6090131373461474,4.777802919752707,76.89688759079655,0.041621454934644087,,1,,,,6.0416623702360645e-05,1.1505744244648917,0.0004359870572135119,0.00479288714493505,10,9.5857742898701e-05,0.0004162145493464409,0.02,0.02,chart_cl_6.csv,1072,20250831_165524:1072,sobol,12,19,34,98,18,30,2.4000000000000004,2.3,1.1,1.5,49,0.85
6,622,205,300,101,2025-07-14 14:00:00,2025-07-24 22:00:00,0.00908121644908988,2.6090131373461474,4.777802919752707,76.89688759079655,0.041621454934644087,,1,,,,6.0416623702360645e-05,1.1505744244648917,0.0004359870572135119,0.00479288714493505,10,9.5857742898701e-05,0.0004162145493464409,0.02,0.02,chart_cl_5.csv,1017,20250831_165524:1017,sobol,12,19,34,98,18,30,2.4000000000000004,2.3,1.1,1.5,49,0.85
5,5623,2506,450,739,2024-09-13 06:00:00,2024-12-09 23:00:00,0.0024040301902061856,0.10976458767443621,0.13917171641282441,0.025274453319588826,4.51253026933846,55.55555555555556,28,0.7790209053132887,-0.12474400384316858,,0.014623493458787187,1.0023875393857662,0.23367017618824137,0.0007902453471133283,87,3.566006049052772e-05,0.0451253026933846,0.021935240188180778,0.0451253026933846,chart_cl_4.csv,754,20250831_165524:754,sobol,14,21,37,78,13,19,2.1,2.0,1.2000000000000002,1.1,26,0.65
7,1581,789,303,182,2025-05-30 08:00:00,2025-06-20 12:00:00,0.0,inf,inf,,,,0,,,,0.0,,0.0,,21,0.0,,0.02,,chart_cl_2.csv,313,20250831_165524:313,sobol,7,25,36,101,20,16,1.8,2.7,1.2000000000000002,1.3,23,0.75
4,1581,132,381,171,2025-03-24 00:00:00,2025-04-11 04:00:00,0.0,inf,inf,,,,0,,,,0.0,,0.0,,18,0.0,,0.02,,chart_cl_2.csv,321,20250831_165524:321,sobol,9,16,57,127,15,12,2.5,3.0,0.8,1.4000000000000001,17,0.8
4,2775,567,435,334,2024-12-30 03:00:00,2025-02-06 23:00:00,0.0,inf,inf,,,,0,,,,0.0,,0.0,,38,0.0,,0.02,,chart_cl_3.csv,624,20250831_165524:624,sobol,9,26,48,145,23,11,2.3,2.8,1.4000000000000001,1.1,27,0.7
4,2108,276,438,238,2023-04-26 13:00:00,2023-05-16 07:00:00,0.0,inf,inf,,,,0,,,,0.0,,0.0,,19,0.0,,0.02,,chart_cl_1.csv,19,20250831_165524:19,sobol,7,25,39,146,14,28,2.9000000000000004,2.2,1.0,1.3,21,0.85
7,1581,747,327,179,2025-05-28 20:00:00,2025-06-18 16:00:00,0.0,inf,inf,,,,0,,,,0.0,,0.0,,20,0.0,,0.02,,chart_cl_2.csv,294,20250831_165524:294,sobol,10,17,43,109,23,30,2.0,2.7,1.4000000000000001,1.2000000000000002,34,0.75
7,1581,603,405,168,2025-05-21 06:00:00,2025-06-10 06:00:00,0.0,inf,inf,,,,0,,,,0.0,,0.0,,20,0.0,,0.02,,chart_cl_2.csv,290,20250831_165524:290,sobol,10,24,55,135,18,12,2.8,2.4000000000000004,0.8,1.0,12,0.65
5,2775,947,405,338,2025-02-10 09:00:00,2025-03-20 12:00:00,0.0,inf,inf,,,,0,,,,0.0,,0.0,,38,0.0,,0.02,,chart_cl_3.csv,595,20250831_165524:595,sobol,14,26,33,135,30,29,2.2,2.9000000000000004,1.6,1.4000000000000001,17,0.75
4,2775,756,303,353,2025-01-06 21:00:00,2025-02-17 07:00:00,0.0,inf,inf,,,,0,,,,0.0,,0.0,,41,0.0,,0.02,,chart_cl_3.csv,599,20250831_165524:599,sobol,6,20,50,101,14,10,2.7,2.2,1.0,1.1,38,0.65
4,2775,759,300,353,2025-01-06 21:00:00,2025-02-17 07:00:00,0.0,inf,inf,,,,0,,,,0.0,,0.0,,41,0.0,,0.02,,chart_cl_3.csv,589,20250831_165524:589,sobol,11,17,59,71,25,20,2.7,2.6,1.2000000000000002,1.3,22,0.85
4,2775,651,375,342,2025-01-02 03:00:00,2025-02-11 15:00:00,0.0,inf,inf,,,,0,,,,0.0,,0.0,,40,0.0,,0.02,,chart_cl_3.csv,584,20250831_165524:584,sobol,9,23,39,125,19,19,1.9000000000000001,1.9000000000000001,0.9,0.8,44,0.65
7,1581,525,447,162,2025-05-16 06:00:00,2025-06-04 18:00:00,0.0,inf,inf,,,,0,,,,0.0,,0.0,,19,0.0,,0.02,,chart_cl_2.csv,305,20250831_165524:305,sobol,14,27,60,149,21,30,1.9000000000000001,2.5,1.0,1.6,26,0.65
4,2775,549,447,332,2024-12-27 15:00:00,2025-02-06 07:00:00,0.0,inf,inf,,,,0,,,,0.0,,0.0,,40,0.0,,0.02,,chart_cl_3.csv,609,20250831_165524:609,sobol,13,22,42,149,25,24,2.5,2.3,1.2000000000000002,0.9,30,0.8
4,2775,570,432,334,2024-12-30 03:00:00,2025-02-06 23:00:00,0.0,inf,inf,,,,0,,,,0.0,,0.0,,38,0.0,,0.02,,chart_cl_3.csv,579,20250831_165524:579,sobol,9,20,31,144,29,17,2.8,2.0,1.6,1.4000000000000001,31,0.8
3,2108,216,300,258,2023-04-10 01:00:00,2023-05-01 11:00:00,0.0,inf,inf,,,,0,,,,0.0,,0.0,,21,0.0,,0.02,,chart_cl_1.csv,23,20250831_165524:23,sobol,12,19,58,92,30,11,1.8,3.0,1.3,0.9,43,0.7
6,2108,990,300,258,2023-06-13 13:00:00,2023-07-04 23:00:00,0.0,inf,inf,,,,0,,,,0.0,,0.0,,21,0.0,,0.02,,chart_cl_1.csv,26,20250831_165524:26,sobol,12,19,58,92,30,11,1.8,3.0,1.3,0.9,43,0.7
4,2108,474,300,258,2023-05-01 13:00:00,2023-05-22 23:00:00,0.0,inf,inf,,,,0,,,,0.0,,0.0,,21,0.0,,0.02,,chart_cl_1.csv,24,20250831_165524:24,sobol,12,19,58,92,30,11,1.8,3.0,1.3,0.9,43,0.7
5,622,117,339,114,2025-07-08 12:00:00,2025-07-21 22:00:00,0.0,inf,inf,,,,0,,,,0.0,,0.0,,13,0.0,,0.02,,chart_cl_5.csv,1004,20250831_165524:1004,sobol,14,16,41,113,17,27,2.6,2.8,0.9,1.1,29,0.6
5,622,104,300,101,2025-07-02 00:00:00,2025-07-14 12:00:00,0.0,inf,inf,,,,0,,,,0.0,,0.0,,12,0.0,,0.02,,chart_cl_5.csv,1011,20250831_165524:1011,sobol,8,28,55,95,10,17,2.4000000000000004,2.8,1.5,1.3,14,0.6
5,622,104,300,101,2025-07-02 00:00:00,2025-07-14 12:00:00,0.0,inf,inf,,,,0,,,,0.0,,0.0,,12,0.0,,0.02,,chart_cl_6.csv,1045,20250831_165524:1045,sobol,10,18,32,82,26,22,2.7,2.8,0.9,1.3,10,0.7
6,622,205,300,101,2025-07-14 14:00:00,2025-07-24 22:00:00,0.0,inf,inf,,,,0,,,,0.0,,0.0,,10,0.0,,0.02,,chart_cl_6.csv,1056,20250831_165524:1056,sobol,7,18,48,76,22,18,2.4000000000000004,2.9000000000000004,0.9,0.9,21,0.75
5,622,104,300,101,2025-07-02 00:00:00,2025-07-14 12:00:00,0.0,inf,inf,,,,0,,,,0.0,,0.0,,12,0.0,,0.02,,chart_cl_6.csv,1055,20250831_165524:1055,sobol,7,18,48,76,22,18,2.4000000000000004,2.9000000000000004,0.9,0.9,21,0.75
4,2775,759,300,353,2025-01-06 21:00:00,2025-02-17 07:00:00,0.0,inf,inf,,,,0,,,,0.0,,0.0,,41,0.0,,0.02,,chart_cl_3.csv,424,20250831_165524:424,sobol,9,26,54,74,16,27,2.7,2.5,1.5,0.9,31,0.8
4,2775,759,300,353,2025-01-06 21:00:00,2025-02-17 07:00:00,0.0,inf,inf,,,,0,,,,0.0,,0.0,,41,0.0,,0.02,,chart_cl_3.csv,614,20250831_165524:614,sobol,12,24,45,84,20,28,1.8,2.0,0.8,1.0,46,0.85
5,622,104,300,101,2025-07-02 00:00:00,2025-07-14 12:00:00,0.0,inf,inf,,,,0,,,,0.0,,0.0,,12,0.0,,0.02,,chart_cl_6.csv,1080,20250831_165524:1080,sobol,10,27,35,80,14,26,2.8,3.0,1.1,0.9,42,0.6
5,622,126,366,123,2025-07-11 12:00:00,2025-07-25 16:00:00,0.0,inf,inf,,,,0,,,,0.0,,0.0,,14,0.0,,0.02,,chart_cl_6.csv,1078,20250831_165524:1078,sobol,14,17,52,122,11,26,2.8,2.7,1.3,1.0,19,0.75
5,622,104,300,101,2025-07-02 00:00:00,2025-07-14 12:00:00,0.0,inf,inf,,,,0,,,,0.0,,0.0,,12,0.0,,0.02,,chart_cl_6.csv,1074,20250831_165524:1074,sobol,7,16,44,88,28,20,3.0,2.4000000000000004,1.4000000000000001,0.8,11,0.65
5,2775,1109,303,353,2025-02-17 09:00:00,2025-03-28 18:00:00,0.0,inf,inf,,,,0,,,,0.0,,0.0,,39,0.0,,0.02,,chart_cl_3.csv,525,20250831_165524:525,sobol,7,25,36,101,20,16,1.8,2.7,1.2000000000000002,1.3,23,0.75
4,2775,759,300,353,2025-01-06 21:00:00,2025-02-17 07:00:00,0.0,inf,inf,,,,0,,,,0.0,,0.0,,41,0.0,,0.02,,chart_cl_3.csv,489,20250831_165524:489,sobol,14,21,37,78,13,19,2.1,2.0,1.2000000000000002,1.1,26,0.65
5,2108,626,366,248,2023-05-19 17:00:00,2023-06-09 07:00:00,0.0,inf,inf,,,,0,,,,0.0,,0.0,,20,0.0,,0.02,,chart_cl_1.csv,213,20250831_165524:213,sobol,14,17,52,122,11,26,2.8,2.7,1.3,1.0,19,0.75
3,2108,130,366,248,2023-04-08 09:00:00,2023-04-28 23:00:00,0.0,inf,inf,,,,0,,,,0.0,,0.0,,20,0.0,,0.02,,chart_cl_1.csv,211,20250831_165524:211,sobol,14,17,52,122,11,26,2.8,2.7,1.3,1.0,19,0.75
6,2108,874,366,248,2023-06-09 09:00:00,2023-06-29 23:00:00,0.0,inf,inf,,,,0,,,,0.0,,0.0,,20,0.0,,0.02,,chart_cl_1.csv,214,20250831_165524:214,sobol,14,17,52,122,11,26,2.8,2.7,1.3,1.0,19,0.75
6,2108,990,300,258,2023-06-13 13:00:00,2023-07-04 23:00:00,0.0,inf,inf,,,,0,,,,0.0,,0.0,,21,0.0,,0.02,,chart_cl_1.csv,228,20250831_165524:228,sobol,10,27,35,80,14,26,2.8,3.0,1.1,0.9,42,0.6
5,2108,732,300,258,2023-05-23 01:00:00,2023-06-13 11:00:00,0.0,inf,inf,,,,0,,,,0.0,,0.0,,21,0.0,,0.02,,chart_cl_1.csv,227,20250831_165524:227,sobol,10,27,35,80,14,26,2.8,3.0,1.1,0.9,42,0.6
4,2108,474,300,258,2023-05-01 13:00:00,2023-05-22 23:00:00,0.0,inf,inf,,,,0,,,,0.0,,0.0,,21,0.0,,0.02,,chart_cl_1.csv,226,20250831_165524:226,sobol,10,27,35,80,14,26,2.8,3.0,1.1,0.9,42,0.6
7,1581,582,414,166,2025-05-20 06:00:00,2025-06-09 02:00:00,0.0,inf,inf,,,,0,,,,0.0,,0.0,,19,0.0,,0.02,,chart_cl_2.csv,249,20250831_165524:249,sobol,6,17,34,138,11,25,2.0,2.9000000000000004,1.4000000000000001,1.2000000000000002,45,0.8
5,1581,250,414,166,2025-04-09 14:00:00,2025-04-30 08:00:00,0.0,inf,inf,,,,0,,,,0.0,,0.0,,20,0.0,,0.02,,chart_cl_2.csv,247,20250831_165524:247,sobol,6,17,34,138,11,25,2.0,2.9000000000000004,1.4000000000000001,1.2000000000000002,45,0.8
3,2775,303,381,342,2024-11-20 07:00:00,2025-01-02 01:00:00,0.0,inf,inf,,,,0,,,,0.0,,0.0,,42,0.0,,0.02,,chart_cl_3.csv,538,20250831_165524:538,sobol,9,16,57,127,15,12,2.5,3.0,0.8,1.4000000000000001,17,0.8
5,1581,224,432,164,2025-04-08 22:00:00,2025-04-29 12:00:00,0.0,inf,inf,,,,0,,,,0.0,,0.0,,20,0.0,,0.02,,chart_cl_2.csv,352,20250831_165524:352,sobol,9,20,31,144,29,17,2.8,2.0,1.6,1.4000000000000001,31,0.8
4,1581,249,300,183,2025-03-27 00:00:00,2025-04-17 04:00:00,0.0,inf,inf,,,,0,,,,0.0,,0.0,,21,0.0,,0.02,,chart_cl_2.csv,348,20250831_165524:348,sobol,11,27,51,99,12,24,2.0,2.5,1.0,0.8,12,0.7
7,1581,723,339,177,2025-05-27 20:00:00,2025-06-17 12:00:00,0.0,inf,inf,,,,0,,,,0.0,,0.0,,20,0.0,,0.02,,chart_cl_2.csv,347,20250831_165524:347,sobol,14,16,41,113,17,27,2.6,2.8,0.9,1.1,29,0.6
4,2775,597,414,337,2024-12-30 21:00:00,2025-02-09 23:00:00,0.0,inf,inf,,,,0,,,,0.0,,0.0,,41,0.0,,0.02,,chart_cl_3.csv,529,20250831_165524:529,sobol,13,19,47,138,25,23,2.9000000000000004,1.8,1.5,0.8,43,0.6
7,1581,645,381,171,2025-05-22 18:00:00,2025-06-12 00:00:00,0.0,inf,inf,,,,0,,,,0.0,,0.0,,20,0.0,,0.02,,chart_cl_2.csv,324,20250831_165524:324,sobol,9,16,57,127,15,12,2.5,3.0,0.8,1.4000000000000001,17,0.8
5,622,104,300,101,2025-07-02 00:00:00,2025-07-14 12:00:00,0.0,inf,inf,,,,0,,,,0.0,,0.0,,12,0.0,,0.02,,chart_cl_5.csv,990,20250831_165524:990,sobol,10,18,32,82,26,22,2.7,2.8,0.9,1.3,10,0.7
5,622,123,357,120,2025-07-10 12:00:00,2025-07-24 10:00:00,0.0,inf,inf,,,,0,,,,0.0,,0.0,,13,0.0,,0.02,,chart_cl_5.csv,989,20250831_165524:989,sobol,10,24,50,119,10,20,2.2,2.3,1.2000000000000002,0.9,34,0.85
5,622,113,327,110,2025-07-07 04:00:00,2025-07-18 06:00:00,0.0,inf,inf,,,,0,,,,0.0,,0.0,,11,0.0,,0.02,,chart_cl_5.csv,988,20250831_165524:988,sobol,10,17,43,109,23,30,2.0,2.7,1.4000000000000001,1.2000000000000002,34,0.75
6,622,205,300,101,2025-07-14 14:00:00,2025-07-24 22:00:00,0.0,inf,inf,,,,0,,,,0.0,,0.0,,10,0.0,,0.02,,chart_cl_5.csv,984,20250831_165524:984,sobol,13,26,39,85,11,13,2.5,2.7,1.6,1.4000000000000001,40,0.7
5,2775,987,381,342,2025-02-11 17:00:00,2025-03-24 04:00:00,0.0,inf,inf,,,,0,,,,0.0,,0.0,,40,0.0,,0.02,,chart_cl_3.csv,540,20250831_165524:540,sobol,9,16,57,127,15,12,2.5,3.0,0.8,1.4000000000000001,17,0.8
4,2775,720,327,349,2025-01-03 21:00:00,2025-02-13 23:00:00,0.0,inf,inf,,,,0,,,,0.0,,0.0,,41,0.0,,0.02,,chart_cl_3.csv,499,20250831_165524:499,sobol,10,17,43,109,23,30,2.0,2.7,1.4000000000000001,1.2000000000000002,34,0.75
4,2775,759,300,353,2025-01-06 21:00:00,2025-02-17 07:00:00,0.0,inf,inf,,,,0,,,,0.0,,0.0,,41,0.0,,0.02,,chart_cl_3.csv,664,20250831_165524:664,sobol,10,27,35,80,14,26,2.8,3.0,1.1,0.9,42,0.6
5,622,123,357,120,2025-07-10 12:00:00,2025-07-24 10:00:00,0.0,inf,inf,,,,0,,,,0.0,,0.0,,13,0.0,,0.02,,chart_cl_5.csv,1015,20250831_165524:1015,sobol,8,18,36,119,15,13,3.0,2.5,1.3,1.6,30,0.7
4,2775,735,318,351,2025-01-06 09:00:00,2025-02-14 15:00:00,0.0,inf,inf,,,,0,,,,0.0,,0.0,,39,0.0,,0.02,,chart_cl_3.csv,654,20250831_165524:654,sobol,11,27,40,106,16,23,2.1,3.0,1.6,0.9,24,0.8
5,2775,1086,318,351,2025-02-14 17:00:00,2025-03-27 22:00:00,0.0,inf,inf,,,,0,,,,0.0,,0.0,,41,0.0,,0.02,,chart_cl_3.csv,655,20250831_165524:655,sobol,11,27,40,106,16,23,2.1,3.0,1.6,0.9,24,0.8
4,2775,621,396,339,2024-12-31 09:00:00,2025-02-10 15:00:00,0.0,inf,inf,,,,0,,,,0.0,,0.0,,41,0.0,,0.02,,chart_cl_3.csv,659,20250831_165524:659,sobol,10,20,58,132,22,16,2.6,2.1,1.0,1.2000000000000002,41,0.7
5,1581,303,381,171,2025-04-11 06:00:00,2025-05-02 10:00:00,0.0,inf,inf,,,,0,,,,0.0,,0.0,,21,0.0,,0.02,,chart_cl_2.csv,322,20250831_165524:322,sobol,9,16,57,127,15,12,2.5,3.0,0.8,1.4000000000000001,17,0.8
5,2775,1112,300,353,2025-02-17 09:00:00,2025-03-28 18:00:00,0.0,inf,inf,,,,0,,,,0.0,,0.0,,39,0.0,,0.02,,chart_cl_3.csv,560,20250831_165524:560,sobol,7,18,48,76,22,18,2.4000000000000004,2.9000000000000004,0.9,0.9,21,0.75
4,2775,759,300,353,2025-01-06 21:00:00,2025-02-17 07:00:00,0.0,inf,inf,,,,0,,,,0.0,,0.0,,41,0.0,,0.02,,chart_cl_3.csv,559,20250831_165524:559,sobol,7,18,48,76,22,18,2.4000000000000004,2.9000000000000004,0.9,0.9,21,0.75
4,2775,729,321,350,2025-01-06 03:00:00,2025-02-14 07:00:00,0.0,inf,inf,,,,0,,,,0.0,,0.0,,39,0.0,,0.02,,chart_cl_3.csv,549,20250831_165524:549,sobol,12,21,53,107,12,29,3.0,1.9000000000000001,1.4000000000000001,1.5,39,0.65
4,2775,705,339,348,2025-01-03 15:00:00,2025-02-13 15:00:00,0.0,inf,inf,,,,0,,,,0.0,,0.0,,41,0.0,,0.02,,chart_cl_3.csv,569,20250831_165524:569,sobol,14,16,41,113,17,27,2.6,2.8,0.9,1.1,29,0.6
5,622,104,300,101,2025-07-02 00:00:00,2025-07-14 12:00:00,0.0,inf,inf,,,,0,,,,0.0,,0.0,,12,0.0,,0.02,,chart_cl_5.csv,1000,20250831_165524:1000,sobol,7,18,48,76,22,18,2.4000000000000004,2.9000000000000004,0.9,0.9,21,0.75
6,622,205,300,101,2025-07-14 14:00:00,2025-07-24 22:00:00,0.0,inf,inf,,,,0,,,,0.0,,0.0,,10,0.0,,0.02,,chart_cl_5.csv,1001,20250831_165524:1001,sobol,7,18,48,76,22,18,2.4000000000000004,2.9000000000000004,0.9,0.9,21,0.75
4,1581,243,303,182,2025-03-26 18:00:00,2025-04-16 20:00:00,0.0,inf,inf,,,,0,,,,0.0,,0.0,,21,0.0,,0.02,,chart_cl_2.csv,310,20250831_165524:310,sobol,7,25,36,101,20,16,1.8,2.7,1.2000000000000002,1.3,23,0.75
4,2775,759,300,353,2025-01-06 21:00:00,2025-02-17 07:00:00,0.0,inf,inf,,,,0,,,,0.0,,0.0,,41,0.0,,0.02,,chart_cl_3.csv,629,20250831_165524:629,sobol,12,19,34,98,18,30,2.4000000000000004,2.3,1.1,1.5,49,0.85
7,2775,1818,300,353,2025-05-12 06:00:00,2025-06-20 18:00:00,0.0,inf,inf,,,,0,,,,0.0,,0.0,,39,0.0,,0.02,,chart_cl_3.csv,562,20250831_165524:562,sobol,7,18,48,76,22,18,2.4000000000000004,2.9000000000000004,0.9,0.9,21,0.75
4,2775,759,300,353,2025-01-06 21:00:00,2025-02-17 07:00:00,0.0,inf,inf,,,,0,,,,0.0,,0.0,,41,0.0,,0.02,,chart_cl_3.csv,564,20250831_165524:564,sobol,6,23,57,89,24,14,2.1,2.3,1.3,1.5,48,0.8
4,1581,249,300,183,2025-03-27 00:00:00,2025-04-17 04:00:00,0.0,inf,inf,,,,0,,,,0.0,,0.0,,21,0.0,,0.02,,chart_cl_2.csv,336,20250831_165524:336,sobol,7,18,48,76,22,18,2.4000000000000004,2.9000000000000004,0.9,0.9,21,0.75
7,1581,621,393,169,2025-05-21 18:00:00,2025-06-10 20:00:00,0.0,inf,inf,,,,0,,,,0.0,,0.0,,20,0.0,,0.02,,chart_cl_2.csv,327,20250831_165524:327,sobol,8,28,45,131,27,10,1.9000000000000001,2.6,1.1,1.0,15,0.85
4,2775,699,342,347,2025-01-03 09:00:00,2025-02-13 07:00:00,0.0,inf,inf,,,,0,,,,0.0,,0.0,,40,0.0,,0.02,,chart_cl_3.csv,634,20250831_165524:634,sobol,13,23,54,114,13,22,1.9000000000000001,2.0,0.8,1.4000000000000001,33,0.75
5,622,123,357,120,2025-07-10 12:00:00,2025-07-24 10:00:00,0.0,inf,inf,,,,0,,,,0.0,,0.0,,13,0.0,,0.02,,chart_cl_6.csv,1044,20250831_165524:1044,sobol,10,24,50,119,10,20,2.2,2.3,1.2000000000000002,0.9,34,0.85
5,622,113,327,110,2025-07-07 04:00:00,2025-07-18 06:00:00,0.0,inf,inf,,,,0,,,,0.0,,0.0,,11,0.0,,0.02,,chart_cl_6.csv,1043,20250831_165524:1043,sobol,10,17,43,109,23,30,2.0,2.7,1.4000000000000001,1.2000000000000002,34,0.75
6,622,205,300,101,2025-07-14 14:00:00,2025-07-24 22:00:00,0.0,inf,inf,,,,0,,,,0.0,,0.0,,10,0.0,,0.02,,chart_cl_6.csv,1039,20250831_165524:1039,sobol,13,26,39,85,11,13,2.5,2.7,1.6,1.4000000000000001,40,0.7
5,622,110,318,107,2025-07-04 00:00:00,2025-07-17 00:00:00,0.0,inf,inf,,,,0,,,,0.0,,0.0,,13,0.0,,0.02,,chart_cl_6.csv,1079,20250831_165524:1079,sobol,11,27,40,106,16,23,2.1,3.0,1.6,0.9,24,0.8
6,2775,1235,435,334,2025-03-18 22:00:00,2025-04-28 16:00:00,0.0,inf,inf,,,,0,,,,0.0,,0.0,,40,0.0,,0.02,,chart_cl_3.csv,626,20250831_165524:626,sobol,9,26,48,145,23,11,2.3,2.8,1.4000000000000001,1.1,27,0.7
3,2108,192,318,255,2023-04-09 13:00:00,2023-04-30 17:00:00,0.0,inf,inf,,,,0,,,,0.0,,0.0,,21,0.0,,0.02,,chart_cl_1.csv,216,20250831_165524:216,sobol,11,27,40,106,16,23,2.1,3.0,1.6,0.9,24,0.8
4,2108,474,300,258,2023-05-01 13:00:00,2023-05-22 23:00:00,0.0,inf,inf,,,,0,,,,0.0,,0.0,,21,0.0,,0.02,,chart_cl_1.csv,48,20250831_165524:48,sobol,13,26,39,85,11,13,2.5,2.7,1.6,1.4000000000000001,40,0.7
5,622,104,300,101,2025-07-02 00:00:00,2025-07-14 12:00:00,0.0,inf,inf,,,,0,,,,0.0,,0.0,,12,0.0,,0.02,,chart_cl_5.csv,1019,20250831_165524:1019,sobol,7,16,44,88,28,20,3.0,2.4000000000000004,1.4000000000000001,0.8,11,0.65
5,622,104,300,101,2025-07-02 00:00:00,2025-07-14 12:00:00,0.0,inf,inf,,,,0,,,,0.0,,0.0,,12,0.0,,0.02,,chart_cl_5.csv,1025,20250831_165524:1025,sobol,10,27,35,80,14,26,2.8,3.0,1.1,0.9,42,0.6
5,622,110,318,107,2025-07-04 00:00:00,2025-07-17 00:00:00,0.0,inf,inf,,,,0,,,,0.0,,0.0,,13,0.0,,0.02,,chart_cl_5.csv,1024,20250831_165524:1024,sobol,11,27,40,106,16,23,2.1,3.0,1.6,0.9,24,0.8
5,622,126,366,123,2025-07-11 12:00:00,2025-07-25 16:00:00,0.0,inf,inf,,,,0,,,,0.0,,0.0,,14,0.0,,0.02,,chart_cl_5.csv,1023,20250831_165524:1023,sobol,14,17,52,122,11,26,2.8,2.7,1.3,1.0,19,0.75
5,622,121,351,118,2025-07-09 20:00:00,2025-07-23 14:00:00,0.0,inf,inf,,,,0,,,,0.0,,0.0,,13,0.0,,0.02,,chart_cl_5.csv,1027,20250831_165524:1027,sobol,10,21,47,117,29,13,2.0,2.1,1.5,1.3,23,0.8
6,2108,774,426,240,2023-06-06 01:00:00,2023-06-25 23:00:00,0.0,inf,inf,,,,0,,,,0.0,,0.0,,19,0.0,,0.02,,chart_cl_1.csv,45,20250831_165524:45,sobol,11,16,49,142,16,15,1.9000000000000001,3.0,1.2000000000000002,1.5,36,0.6
4,2108,294,426,240,2023-04-27 01:00:00,2023-05-16 23:00:00,0.0,inf,inf,,,,0,,,,0.0,,0.0,,19,0.0,,0.02,,chart_cl_1.csv,43,20250831_165524:43,sobol,11,16,49,142,16,15,1.9000000000000001,3.0,1.2000000000000002,1.5,36,0.6
6,622,205,300,101,2025-07-14 14:00:00,2025-07-24 22:00:00,0.0,inf,inf,,,,0,,,,0.0,,0.0,,10,0.0,,0.02,,chart_cl_6.csv,1029,20250831_165524:1029,sobol,9,26,54,74,16,27,2.7,2.5,1.5,0.9,31,0.8
6,2108,957,318,255,2023-06-12 07:00:00,2023-07-03 11:00:00,0.0,inf,inf,,,,0,,,,0.0,,0.0,,21,0.0,,0.02,,chart_cl_1.csv,219,20250831_165524:219,sobol,11,27,40,106,16,23,2.1,3.0,1.6,0.9,24,0.8
4,2108,336,396,244,2023-04-28 01:00:00,2023-05-18 07:00:00,0.0,inf,inf,,,,0,,,,0.0,,0.0,,20,0.0,,0.02,,chart_cl_1.csv,221,20250831_165524:221,sobol,10,20,58,132,22,16,2.6,2.1,1.0,1.2000000000000002,41,0.7
5,5623,2506,450,739,2024-09-13 06:00:00,2024-12-09 23:00:00,0.0,inf,inf,,,,0,,,,0.0,,0.0,,87,0.0,,0.02,,chart_cl_4.csv,706,20250831_165524:706,sobol,12,19,58,92,30,11,1.8,3.0,1.3,0.9,43,0.7
6,622,205,300,101,2025-07-14 14:00:00,2025-07-24 22:00:00,0.0,inf,inf,,,,0,,,,0.0,,0.0,,10,0.0,,0.02,,chart_cl_5.csv,974,20250831_165524:974,sobol,9,26,54,74,16,27,2.7,2.5,1.5,0.9,31,0.8
5,622,104,300,101,2025-07-02 00:00:00,2025-07-14 12:00:00,0.0,inf,inf,,,,0,,,,0.0,,0.0,,12,0.0,,0.02,,chart_cl_5.csv,976,20250831_165524:976,sobol,12,19,58,92,30,11,1.8,3.0,1.3,0.9,43,0.7
5,622,120,348,117,2025-07-09 12:00:00,2025-07-23 04:00:00,0.0,inf,inf,,,,0,,,,0.0,,0.0,,13,0.0,,0.02,,chart_cl_5.csv,978,20250831_165524:978,sobol,12,28,30,116,25,18,2.6,2.6,1.6,1.0,39,0.65
4,2775,759,300,353,2025-01-06 21:00:00,2025-02-17 07:00:00,0.0,inf,inf,,,,0,,,,0.0,,0.0,,41,0.0,,0.02,,chart_cl_3.csv,519,20250831_165524:519,sobol,6,21,37,92,15,11,2.8,2.0,1.6,1.0,50,0.75
4,2775,549,447,332,2024-12-27 15:00:00,2025-02-06 07:00:00,0.0,inf,inf,,,,0,,,,0.0,,0.0,,40,0.0,,0.02,,chart_cl_3.csv,514,20250831_165524:514,sobol,14,27,60,149,21,30,1.9000000000000001,2.5,1.0,1.6,26,0.65
6,2108,982,303,257,2023-06-13 03:00:00,2023-07-04 11:00:00,0.0,inf,inf,,,,0,,,,0.0,,0.0,,21,0.0,,0.02,,chart_cl_1.csv,166,20250831_165524:166,sobol,6,20,50,101,14,10,2.7,2.2,1.0,1.1,38,0.65
5,2108,732,300,258,2023-05-23 01:00:00,2023-06-13 11:00:00,0.0,inf,inf,,,,0,,,,0.0,,0.0,,21,0.0,,0.02,,chart_cl_1.csv,170,20250831_165524:170,sobol,8,28,55,95,10,17,2.4000000000000004,2.8,1.5,1.3,14,0.6
5,622,120,348,117,2025-07-09 12:00:00,2025-07-23 04:00:00,0.0,inf,inf,,,,0,,,,0.0,,0.0,,13,0.0,,0.02,,chart_cl_6.csv,1033,20250831_165524:1033,sobol,12,28,30,116,25,18,2.6,2.6,1.6,1.0,39,0.65
5,622,104,300,101,2025-07-02 00:00:00,2025-07-14 12:00:00,0.0,inf,inf,,,,0,,,,0.0,,0.0,,12,0.0,,0.02,,chart_cl_6.csv,1031,20250831_165524:1031,sobol,12,19,58,92,30,11,1.8,3.0,1.3,0.9,43,0.7
4,2775,708,336,348,2025-01-03 15:00:00,2025-02-13 15:00:00,0.0,inf,inf,,,,0,,,,0.0,,0.0,,41,0.0,,0.02,,chart_cl_3.csv,479,20250831_165524:479,sobol,7,19,59,112,27,25,2.3,1.8,1.1,0.8,24,0.85
4,1581,249,300,183,2025-03-27 00:00:00,2025-04-17 04:00:00,0.0,inf,inf,,,,0,,,,0.0,,0.0,,21,0.0,,0.02,,chart_cl_2.csv,370,20250831_165524:370,sobol,8,28,55,95,10,17,2.4000000000000004,2.8,1.5,1.3,14,0.6
5,1581,201,447,162,2025-04-08 06:00:00,2025-04-28 16:00:00,0.0,inf,inf,,,,0,,,,0.0,,0.0,,20,0.0,,0.02,,chart_cl_2.csv,374,20250831_165524:374,sobol,13,22,42,149,25,24,2.5,2.3,1.2000000000000002,0.9,30,0.8
5,1581,432,300,183,2025-04-17 06:00:00,2025-05-09 10:00:00,0.0,inf,inf,,,,0,,,,0.0,,0.0,,22,0.0,,0.02,,chart_cl_2.csv,371,20250831_165524:371,sobol,8,28,55,95,10,17,2.4000000000000004,2.8,1.5,1.3,14,0.6
6,2108,943,327,254,2023-06-11 21:00:00,2023-07-02 23:00:00,0.0,inf,inf,,,,0,,,,0.0,,0.0,,21,0.0,,0.02,,chart_cl_1.csv,73,20250831_165524:73,sobol,10,17,43,109,23,30,2.0,2.7,1.4000000000000001,1.2000000000000002,34,0.75
4,2108,435,327,254,2023-04-30 13:00:00,2023-05-21 15:00:00,0.0,inf,inf,,,,0,,,,0.0,,0.0,,21,0.0,,0.02,,chart_cl_1.csv,71,20250831_165524:71,sobol,10,17,43,109,23,30,2.0,2.7,1.4000000000000001,1.2000000000000002,34,0.75
7,1581,525,447,162,2025-05-16 06:00:00,2025-06-04 18:00:00,0.0,inf,inf,,,,0,,,,0.0,,0.0,,19,0.0,,0.02,,chart_cl_2.csv,376,20250831_165524:376,sobol,13,22,42,149,25,24,2.5,2.3,1.2000000000000002,0.9,30,0.8
3,2108,216,300,258,2023-04-10 01:00:00,2023-05-01 11:00:00,0.0,inf,inf,,,,0,,,,0.0,,0.0,,21,0.0,,0.02,,chart_cl_1.csv,201,20250831_165524:201,sobol,7,16,44,88,28,20,3.0,2.4000000000000004,1.4000000000000001,0.8,11,0.65
5,2108,521,435,239,2023-05-16 17:00:00,2023-06-05 13:00:00,0.0,inf,inf,,,,0,,,,0.0,,0.0,,19,0.0,,0.02,,chart_cl_1.csv,188,20250831_165524:188,sobol,9,26,48,145,23,11,2.3,2.8,1.4000000000000001,1.1,27,0.7
4,2108,282,435,239,2023-04-26 19:00:00,2023-05-16 15:00:00,0.0,inf,inf,,,,0,,,,0.0,,0.0,,19,0.0,,0.02,,chart_cl_1.csv,187,20250831_165524:187,sobol,9,26,48,145,23,11,2.3,2.8,1.4000000000000001,1.1,27,0.7
3,2108,143,357,250,2023-04-08 17:00:00,2023-04-29 11:00:00,0.0,inf,inf,,,,0,,,,0.0,,0.0,,20,0.0,,0.02,,chart_cl_1.csv,182,20250831_165524:182,sobol,8,18,36,119,15,13,3.0,2.5,1.3,1.6,30,0.7
3,2108,216,300,258,2023-04-10 01:00:00,2023-05-01 11:00:00,0.0,inf,inf,,,,0,,,,0.0,,0.0,,21,0.0,,0.02,,chart_cl_1.csv,80,20250831_165524:80,sobol,10,18,32,82,26,22,2.7,2.8,0.9,1.3,10,0.7
5,2108,732,300,258,2023-05-23 01:00:00,2023-06-13 11:00:00,0.0,inf,inf,,,,0,,,,0.0,,0.0,,21,0.0,,0.02,,chart_cl_1.csv,203,20250831_165524:203,sobol,7,16,44,88,28,20,3.0,2.4000000000000004,1.4000000000000001,0.8,11,0.65
7,1581,798,300,183,2025-05-30 20:00:00,2025-06-23 02:00:00,0.0,inf,inf,,,,0,,,,0.0,,0.0,,23,0.0,,0.02,,chart_cl_2.csv,362,20250831_165524:362,sobol,11,17,59,71,25,20,2.7,2.6,1.2000000000000002,1.3,22,0.85
3,2108,216,300,258,2023-04-10 01:00:00,2023-05-01 11:00:00,0.0,inf,inf,,,,0,,,,0.0,,0.0,,21,0.0,,0.02,,chart_cl_1.csv,225,20250831_165524:225,sobol,10,27,35,80,14,26,2.8,3.0,1.1,0.9,42,0.6
6,5623,3245,450,739,2024-12-10 01:00:00,2025-03-07 21:00:00,0.0,inf,inf,,,,0,,,,0.0,,0.0,,87,0.0,,0.02,,chart_cl_4.csv,953,20250831_165524:953,sobol,11,27,40,106,16,23,2.1,3.0,1.6,0.9,24,0.8
3,2108,216,300,258,2023-04-10 01:00:00,2023-05-01 11:00:00,0.0,inf,inf,,,,0,,,,0.0,,0.0,,21,0.0,,0.02,,chart_cl_1.csv,47,20250831_165524:47,sobol,13,26,39,85,11,13,2.5,2.7,1.6,1.4000000000000001,40,0.7
4,2108,447,318,255,2023-04-30 19:00:00,2023-05-21 23:00:00,0.0,inf,inf,,,,0,,,,0.0,,0.0,,21,0.0,,0.02,,chart_cl_1.csv,217,20250831_165524:217,sobol,11,27,40,106,16,23,2.1,3.0,1.6,0.9,24,0.8
4,2775,759,300,353,2025-01-06 21:00:00,2025-02-17 07:00:00,0.0,inf,inf,,,,0,,,,0.0,,0.0,,41,0.0,,0.02,,chart_cl_3.csv,474,20250831_165524:474,sobol,13,26,39,85,11,13,2.5,2.7,1.6,1.4000000000000001,40,0.7
5,2108,732,300,258,2023-05-23 01:00:00,2023-06-13 11:00:00,0.0,inf,inf,,,,0,,,,0.0,,0.0,,21,0.0,,0.02,,chart_cl_1.csv,82,20250831_165524:82,sobol,10,18,32,82,26,22,2.7,2.8,0.9,1.3,10,0.7
5,2108,587,393,245,2023-05-18 17:00:00,2023-06-08 01:00:00,0.0,inf,inf,,,,0,,,,0.0,,0.0,,20,0.0,,0.02,,chart_cl_1.csv,113,20250831_165524:113,sobol,8,28,45,131,27,10,1.9000000000000001,2.6,1.1,1.0,15,0.85
4,2775,651,375,342,2025-01-02 03:00:00,2025-02-11 15:00:00,0.0,inf,inf,,,,0,,,,0.0,,0.0,,40,0.0,,0.02,,chart_cl_3.csv,484,20250831_165524:484,sobol,6,28,46,125,28,22,2.6,2.4000000000000004,1.5,1.6,48,0.85
4,2775,579,426,335,2024-12-30 09:00:00,2025-02-07 07:00:00,0.0,inf,inf,,,,0,,,,0.0,,0.0,,38,0.0,,0.02,,chart_cl_3.csv,469,20250831_165524:469,sobol,11,16,49,142,16,15,1.9000000000000001,3.0,1.2000000000000002,1.5,36,0.6
7,1581,543,435,163,2025-05-16 18:00:00,2025-06-05 08:00:00,0.0,inf,inf,,,,0,,,,0.0,,0.0,,19,0.0,,0.02,,chart_cl_2.csv,387,20250831_165524:387,sobol,9,26,48,145,23,11,2.3,2.8,1.4000000000000001,1.1,27,0.7
6,2775,1271,414,337,2025-03-20 04:00:00,2025-04-30 04:00:00,0.0,inf,inf,,,,0,,,,0.0,,0.0,,41,0.0,,0.02,,chart_cl_3.csv,441,20250831_165524:441,sobol,6,17,34,138,11,25,2.0,2.9000000000000004,1.4000000000000001,1.2000000000000002,45,0.8
4,2775,561,438,333,2024-12-27 21:00:00,2025-02-06 15:00:00,0.0,inf,inf,,,,0,,,,0.0,,0.0,,40,0.0,,0.02,,chart_cl_3.csv,444,20250831_165524:444,sobol,7,25,39,146,14,28,2.9000000000000004,2.2,1.0,1.3,21,0.85
4,2108,468,303,257,2023-05-01 07:00:00,2023-05-22 15:00:00,0.0,inf,inf,,,,0,,,,0.0,,0.0,,21,0.0,,0.02,,chart_cl_1.csv,95,20250831_165524:95,sobol,7,25,36,101,20,16,1.8,2.7,1.2000000000000002,1.3,23,0.75
3,2108,211,303,257,2023-04-09 21:00:00,2023-05-01 05:00:00,0.0,inf,inf,,,,0,,,,0.0,,0.0,,21,0.0,,0.02,,chart_cl_1.csv,163,20250831_165524:163,sobol,6,20,50,101,14,10,2.7,2.2,1.0,1.1,38,0.65
4,2775,759,300,353,2025-01-06 21:00:00,2025-02-17 07:00:00,0.0,inf,inf,,,,0,,,,0.0,,0.0,,41,0.0,,0.02,,chart_cl_3.csv,459,20250831_165524:459,sobol,8,22,52,82,19,21,2.4000000000000004,1.9000000000000001,1.0,1.6,17,0.75
4,2775,759,300,353,2025-01-06 21:00:00,2025-02-17 07:00:00,0.0,inf,inf,,,,0,,,,0.0,,0.0,,41,0.0,,0.02,,chart_cl_3.csv,464,20250831_165524:464,sobol,9,23,33,95,22,23,3.0,2.1,0.9,1.1,20,0.8
4,1581,222,318,180,2025-03-26 06:00:00,2025-04-16 04:00:00,0.0,inf,inf,,,,0,,,,0.0,,0.0,,20,0.0,,0.02,,chart_cl_2.csv,408,20250831_165524:408,sobol,11,27,40,106,16,23,2.1,3.0,1.6,0.9,24,0.8
7,1581,762,318,180,2025-05-29 08:00:00,2025-06-19 06:00:00,0.0,inf,inf,,,,0,,,,0.0,,0.0,,20,0.0,,0.02,,chart_cl_2.csv,411,20250831_165524:411,sobol,11,27,40,106,16,23,2.1,3.0,1.6,0.9,24,0.8
5,2108,603,381,246,2023-05-19 01:00:00,2023-06-08 11:00:00,0.0,inf,inf,,,,0,,,,0.0,,0.0,,20,0.0,,0.02,,chart_cl_1.csv,109,20250831_165524:109,sobol,9,16,57,127,15,12,2.5,3.0,0.8,1.4000000000000001,17,0.8
4,2108,357,381,246,2023-04-28 13:00:00,2023-05-18 23:00:00,0.0,inf,inf,,,,0,,,,0.0,,0.0,,20,0.0,,0.02,,chart_cl_1.csv,108,20250831_165524:108,sobol,9,16,57,127,15,12,2.5,3.0,0.8,1.4000000000000001,17,0.8
6,2108,990,300,258,2023-06-13 13:00:00,2023-07-04 23:00:00,0.0,inf,inf,,,,0,,,,0.0,,0.0,,21,0.0,,0.02,,chart_cl_1.csv,106,20250831_165524:106,sobol,12,22,42,71,30,26,2.3,2.1,1.3,1.2000000000000002,36,0.7
4,5623,1767,450,739,2024-06-19 10:00:00,2024-09-13 04:00:00,0.0,inf,inf,,,,0,,,,0.0,,0.0,,85,0.0,,0.02,,chart_cl_4.csv,813,20250831_165524:813,sobol,9,16,57,127,15,12,2.5,3.0,0.8,1.4000000000000001,17,0.8
4,2108,342,393,245,2023-04-28 07:00:00,2023-05-18 15:00:00,0.0,inf,inf,,,,0,,,,0.0,,0.0,,20,0.0,,0.02,,chart_cl_1.csv,112,20250831_165524:112,sobol,8,28,45,131,27,10,1.9000000000000001,2.6,1.1,1.0,15,0.85
6,2108,849,381,246,2023-06-08 13:00:00,2023-06-28 23:00:00,0.0,inf,inf,,,,0,,,,0.0,,0.0,,20,0.0,,0.02,,chart_cl_1.csv,110,20250831_165524:110,sobol,9,16,57,127,15,12,2.5,3.0,0.8,1.4000000000000001,17,0.8
4,2108,324,405,243,2023-04-27 19:00:00,2023-05-17 23:00:00,0.0,inf,inf,,,,0,,,,0.0,,0.0,,20,0.0,,0.02,,chart_cl_1.csv,159,20250831_165524:159,sobol,14,26,33,135,30,29,2.2,2.9000000000000004,1.6,1.4000000000000001,17,0.75
4,2108,474,300,258,2023-05-01 13:00:00,2023-05-22 23:00:00,0.0,inf,inf,,,,0,,,,0.0,,0.0,,21,0.0,,0.02,,chart_cl_1.csv,127,20250831_165524:127,sobol,7,18,48,76,22,18,2.4000000000000004,2.9000000000000004,0.9,0.9,21,0.75
4,2108,474,300,258,2023-05-01 13:00:00,2023-05-22 23:00:00,0.0,inf,inf,,,,0,,,,0.0,,0.0,,21,0.0,,0.02,,chart_cl_1.csv,155,20250831_165524:155,sobol,11,17,59,71,25,20,2.7,2.6,1.2000000000000002,1.3,22,0.85
6,2108,990,300,258,2023-06-13 13:00:00,2023-07-04 23:00:00,0.0,inf,inf,,,,0,,,,0.0,,0.0,,21,0.0,,0.02,,chart_cl_1.csv,157,20250831_165524:157,sobol,11,17,59,71,25,20,2.7,2.6,1.2000000000000002,1.3,22,0.85
4,2775,759,300,353,2025-01-06 21:00:00,2025-02-17 07:00:00,0.0,inf,inf,,,,0,,,,0.0,,0.0,,41,0.0,,0.02,,chart_cl_3.csv,449,20250831_165524:449,sobol,12,19,58,92,30,11,1.8,3.0,1.3,0.9,43,0.7
7,2775,1818,300,353,2025-05-12 06:00:00,2025-06-20 18:00:00,0.0,inf,inf,,,,0,,,,0.0,,0.0,,39,0.0,,0.02,,chart_cl_3.csv,452,20250831_165524:452,sobol,12,19,58,92,30,11,1.8,3.0,1.3,0.9,43,0.7
5,622,104,300,101,2025-07-02 00:00:00,2025-07-14 12:00:00,0.0,inf,inf,,,,0,,,,0.0,,0.0,,12,0.0,,0.02,,chart_cl_6.csv,1066,20250831_165524:1066,sobol,8,28,55,95,10,17,2.4000000000000004,2.8,1.5,1.3,14,0.6
5,622,123,357,120,2025-07-10 12:00:00,2025-07-24 10:00:00,0.0,inf,inf,,,,0,,,,0.0,,0.0,,13,0.0,,0.02,,chart_cl_6.csv,1070,20250831_165524:1070,sobol,8,18,36,119,15,13,3.0,2.5,1.3,1.6,30,0.7
3,2108,138,360,249,2023-04-08 13:00:00,2023-04-29 05:00:00,0.0,inf,inf,,,,0,,,,0.0,,0.0,,20,0.0,,0.02,,chart_cl_1.csv,121,20250831_165524:121,sobol,13,25,35,120,17,20,2.2,2.2,1.4000000000000001,1.2000000000000002,45,0.6
6,2108,990,300,258,2023-06-13 13:00:00,2023-07-04 23:00:00,0.0,inf,inf,,,,0,,,,0.0,,0.0,,21,0.0,,0.02,,chart_cl_1.csv,144,20250831_165524:144,sobol,11,27,51,99,12,24,2.0,2.5,1.0,0.8,12,0.7
5,2108,732,300,258,2023-05-23 01:00:00,2023-06-13 11:00:00,0.0,inf,inf,,,,0,,,,0.0,,0.0,,21,0.0,,0.02,,chart_cl_1.csv,143,20250831_165524:143,sobol,11,27,51,99,12,24,2.0,2.5,1.0,0.8,12,0.7
4,2775,741,312,351,2025-01-06 09:00:00,2025-02-14 15:00:00,0.0,inf,inf,,,,0,,,,0.0,,0.0,,39,0.0,,0.02,,chart_cl_3.csv,434,20250831_165524:434,sobol,14,23,49,104,26,16,2.8,2.2,0.8,1.5,29,0.7
4,2775,597,414,337,2024-12-30 21:00:00,2025-02-09 23:00:00,0.0,inf,inf,,,,0,,,,0.0,,0.0,,41,0.0,,0.02,,chart_cl_3.csv,439,20250831_165524:439,sobol,6,17,34,138,11,25,2.0,2.9000000000000004,1.4000000000000001,1.2000000000000002,45,0.8
3,2775,260,414,337,2024-11-19 11:00:00,2024-12-30 19:00:00,0.0,inf,inf,,,,0,,,,0.0,,0.0,,41,0.0,,0.02,,chart_cl_3.csv,438,20250831_165524:438,sobol,6,17,34,138,11,25,2.0,2.9000000000000004,1.4000000000000001,1.2000000000000002,45,0.8
6,2108,921,339,252,2023-06-11 01:00:00,2023-07-01 23:00:00,0.0,inf,inf,,,,0,,,,0.0,,0.0,,20,0.0,,0.02,,chart_cl_1.csv,139,20250831_165524:139,sobol,14,16,41,113,17,27,2.6,2.8,0.9,1.1,29,0.6
4,2108,417,339,252,2023-04-30 01:00:00,2023-05-20 23:00:00,0.0,inf,inf,,,,0,,,,0.0,,0.0,,20,0.0,,0.02,,chart_cl_1.csv,137,20250831_165524:137,sobol,14,16,41,113,17,27,2.6,2.8,0.9,1.1,29,0.6
3,5623,1028,450,739,2024-03-22 18:00:00,2024-06-19 08:00:00,0.0,inf,inf,,,,0,,,,0.0,,0.0,,88,0.0,,0.02,,chart_cl_4.csv,836,20250831_165524:836,sobol,7,18,48,76,22,18,2.4000000000000004,2.9000000000000004,0.9,0.9,21,0.75
6,5623,3245,450,739,2024-12-10 01:00:00,2025-03-07 21:00:00,0.0,inf,inf,,,,0,,,,0.0,,0.0,,87,0.0,,0.02,,chart_cl_4.csv,839,20250831_165524:839,sobol,7,18,48,76,22,18,2.4000000000000004,2.9000000000000004,0.9,0.9,21,0.75
5,622,117,339,114,2025-07-08 12:00:00,2025-07-21 22:00:00,0.0,inf,inf,,,,0,,,,0.0,,0.0,,13,0.0,,0.02,,chart_cl_6.csv,1059,20250831_165524:1059,sobol,14,16,41,113,17,27,2.6,2.8,0.9,1.1,29,0.6
5,2108,554,414,242,2023-05-17 17:00:00,2023-06-06 19:00:00,0.0,inf,inf,,,,0,,,,0.0,,0.0,,20,0.0,,0.02,,chart_cl_1.csv,16,20250831_165524:16,sobol,6,17,34,138,11,25,2.0,2.9000000000000004,1.4000000000000001,1.2000000000000002,45,0.8
6,2108,968,312,256,2023-06-12 17:00:00,2023-07-03 23:00:00,0.0,inf,inf,,,,0,,,,0.0,,0.0,,21,0.0,,0.02,,chart_cl_1.csv,13,20250831_165524:13,sobol,14,23,49,104,26,16,2.8,2.2,0.8,1.5,29,0.7
5,622,121,351,118,2025-07-09 20:00:00,2025-07-23 14:00:00,0.0,inf,inf,,,,0,,,,0.0,,0.0,,13,0.0,,0.02,,chart_cl_6.csv,1082,20250831_165524:1082,sobol,10,21,47,117,29,13,2.0,2.1,1.5,1.3,23,0.8
3,2775,344,348,346,2024-11-20 23:00:00,2025-01-03 01:00:00,-0.006367143647545958,-0.08915822609724301,-0.11979155127509533,-0.78278216961656,0.8211189336499093,55.55555555555556,10,0.9822947235894713,-0.00357518133853707,,0.0040825808991947704,0.9979282597531871,0.021953326037613945,-0.00394404333605439,43,-7.888086672108781e-05,0.008211189336499093,0.02,0.02,chart_cl_3.csv,453,20250831_165524:453,sobol,12,28,30,116,25,18,2.6,2.6,1.6,1.0,39,0.65
6,5623,3245,450,739,2024-12-10 01:00:00,2025-03-07 21:00:00,-0.006406812565182917,-0.0644840377138747,-0.08795408381139966,-0.7156540697571248,0.423850731654009,0.0,2,0.0,-0.25957500840045666,,0.00031896243864660856,0.9946782924626901,0.013778058897730814,-0.0047516201216660225,87,-9.503240243332045e-05,0.00423850731654009,0.02,0.02,chart_cl_4.csv,695,20250831_165524:695,sobol,6,17,34,138,11,25,2.0,2.9000000000000004,1.4000000000000001,1.2000000000000002,45,0.8
6,5623,3245,450,739,2024-12-10 01:00:00,2025-03-07 21:00:00,-0.006406812565182917,-0.0644840377138747,-0.08795408381139966,-0.7156540697571248,0.423850731654009,0.0,2,0.0,-0.25957500840045666,,0.00031896243864660856,0.9946782924626901,0.013778058897730814,-0.0047516201216660225,87,-9.503240243332045e-05,0.00423850731654009,0.02,0.02,chart_cl_4.csv,707,20250831_165524:707,sobol,12,19,58,92,30,11,1.8,3.0,1.3,0.9,43,0.7
2,5623,289,450,739,2023-12-27 01:00:00,2024-03-22 16:00:00,-0.006872594845637181,-0.10622714540040297,-0.12975382296491722,-0.9130524213753617,0.35632982069660757,58.82352941176471,18,0.6292582912000195,-0.006738953678456448,,0.0010824625169030436,0.9954407623968998,0.003521738766770899,-0.005077971135941661,86,-0.00010155942271883323,0.0035632982069660757,0.02,0.02,chart_cl_4.csv,691,20250831_165524:691,sobol,6,17,34,138,11,25,2.0,2.9000000000000004,1.4000000000000001,1.2000000000000002,45,0.8
4,2108,354,384,246,2023-04-28 13:00:00,2023-05-18 23:00:00,-0.014992503748123909,-4.219582686567534,-4.219582686567534,-17.782466309229978,0.014992503748123909,,1,,,,9.55887126031862e-06,0.0,0.0,-0.00832904387386393,20,-0.0001665808774772786,0.00014992503748123909,0.02,0.02,chart_cl_1.csv,6,20250831_165524:6,sobol,11,20,44,128,21,14,2.2,1.9000000000000001,1.1,1.4000000000000001,14,0.6
2,5623,289,450,739,2023-12-27 01:00:00,2024-03-22 16:00:00,-0.023052025887569317,-0.23379795392872316,-0.32093743434089,-1.82727858853917,0.5949801495169555,48.0,26,0.8629151079233609,-0.014680730500935463,,0.002850884358264677,0.9942103276626215,0.015404949022342905,-0.01703161634895065,86,-0.000340632326979013,0.005949801495169556,0.02,0.02,chart_cl_4.csv,703,20250831_165524:703,sobol,12,19,58,92,30,11,1.8,3.0,1.3,0.9,43,0.7
6,1581,380,435,163,2025-04-29 04:00:00,2025-05-16 16:00:00,-0.02850166921218715,0.11138144560630481,0.1560017655750756,-1.4021383127846236,4.239155071746854,100.0,4,inf,1.992545026708063,,0.01894226326672651,1.0017801031951916,0.5693697080278649,-0.007358241391003785,17,-0.0003119272631181132,0.04239155071746854,0.028413394900089765,0.04239155071746854,chart_cl_2.csv,386,20250831_165524:386,sobol,9,26,48,145,23,11,2.3,2.8,1.4000000000000001,1.1,27,0.7
7,2775,1818,300,353,2025-05-12 06:00:00,2025-06-20 18:00:00,-0.030595930618407863,-0.35930958179692335,-0.49454759146859884,-3.9854091918390337,0.7507016797244552,33.33333333333333,16,0.9541191314555144,-0.004844234571365166,,0.0020947244053080272,0.9918917029763541,0.057479402703945644,-0.01861151033931086,39,-0.00037223020678621714,0.0075070167972445525,0.02,0.02,chart_cl_3.csv,512,20250831_165524:512,sobol,10,18,32,82,26,22,2.7,2.8,0.9,1.3,10,0.7
5,2775,1112,300,353,2025-02-17 09:00:00,2025-03-28 18:00:00,-0.03957766662304722,-0.5795879115453881,-0.778171024703709,-4.179057302635472,0.9220247469527758,45.45454545454545,12,0.5738692075515563,-0.06743103778529862,,0.0025090071662379346,0.9859519796009789,0.039042027568328065,-0.024074716938017326,39,-0.00048149433876034655,0.009220247469527758,0.02,0.02,chart_cl_3.csv,590,20250831_165524:590,sobol,11,17,59,71,25,20,2.7,2.6,1.2000000000000002,1.3,22,0.85
5,1581,234,426,165,2025-04-09 06:00:00,2025-04-29 22:00:00,-0.046966554176916024,-1.9232974074388676,-2.687304878054014,-41.080811643868905,0.23112589193531352,0.0,4,0.0,-0.23954479535816017,,0.0006781607822764579,0.9427183986583741,0.027788946483171633,-0.02609130462205381,20,-0.0005218260924410763,0.0023112589193531353,0.02,0.02,chart_cl_2.csv,269,20250831_165524:269,sobol,11,16,49,142,16,15,1.9000000000000001,3.0,1.2000000000000002,1.5,36,0.6
6,2775,1249,426,335,2025-03-19 08:00:00,2025-04-29 04:00:00,-0.06054948467520944,-1.809179590844438,-2.524205702727291,-26.560028647165268,0.23112589193531352,0.0,3,0.0,-0.3286532213652097,,0.00037676714553905815,0.9166910394829039,0.013595189182018052,-0.03699838925696722,40,-0.0007399677851393444,0.0023112589193531353,0.02,0.02,chart_cl_3.csv,471,20250831_165524:471,sobol,11,16,49,142,16,15,1.9000000000000001,3.0,1.2000000000000002,1.5,36,0.6
7,2108,1248,300,258,2023-07-05 01:00:00,2023-07-26 11:00:00,-0.06248187038698916,0.10286382965121203,0.14091047584405791,-0.21715520654705872,4.860398130707821,85.71428571428571,8,4.843240606479055,0.6603969344451406,,0.02063697809411084,1.0046970357362408,0.7106889794370389,-0.014354146596181816,21,-0.0006976686728398813,0.04860398130707821,0.03095546714116626,0.04860398130707821,chart_cl_1.csv,158,20250831_165524:158,sobol,11,17,59,71,25,20,2.7,2.6,1.2000000000000002,1.3,22,0.85
7,2108,1248,300,258,2023-07-05 01:00:00,2023-07-26 11:00:00,-0.0698770476475147,0.10954919487114204,0.14347461703899653,-0.19362883722288604,6.092511506709246,83.33333333333334,7,5.284104682415549,1.8140192698124986,,0.02112308481933755,1.005894840081418,0.6904289371099858,-0.012806487634048827,21,-0.0007802367327097215,0.06092511506709246,0.03168462722900632,0.06092511506709246,chart_cl_1.csv,181,20250831_165524:181,sobol,12,24,45,84,20,28,1.8,2.0,0.8,1.0,46,0.85
6,5623,3245,450,739,2024-12-10 01:00:00,2025-03-07 21:00:00,-0.07181673354174337,-1.4877829790967763,-1.9881587841351156,-12.206431947057334,0.27436996348343046,0.0,2,0.0,-0.46449039511037465,,0.00031768833196355685,0.903507002988303,0.004804676737921793,-0.053251613072350094,87,-0.001065032261447002,0.0027436996348343045,0.02,0.02,chart_cl_4.csv,917,20250831_165524:917,sobol,9,26,48,145,23,11,2.3,2.8,1.4000000000000001,1.1,27,0.7
6,5623,3245,450,739,2024-12-10 01:00:00,2025-03-07 21:00:00,-0.07181673354174337,-1.4877829790967763,-1.9881587841351156,-12.206431947057334,0.27436996348343046,0.0,2,0.0,-0.46449039511037465,,0.00031768833196355685,0.903507002988303,0.004804676737921793,-0.053251613072350094,87,-0.001065032261447002,0.0027436996348343045,0.02,0.02,chart_cl_4.csv,767,20250831_165524:767,sobol,10,17,43,109,23,30,2.0,2.7,1.4000000000000001,1.2000000000000002,34,0.75
6,5623,3245,450,739,2024-12-10 01:00:00,2025-03-07 21:00:00,-0.07181673354174337,-1.4877829790967763,-1.9881587841351156,-12.206431947057334,0.27436996348343046,0.0,2,0.0,-0.46449039511037465,,0.00031768833196355685,0.903507002988303,0.004804676737921793,-0.053251613072350094,87,-0.001065032261447002,0.0027436996348343045,0.02,0.02,chart_cl_4.csv,911,20250831_165524:911,sobol,8,18,36,119,15,13,3.0,2.5,1.3,1.6,30,0.7
6,5623,3245,450,739,2024-12-10 01:00:00,2025-03-07 21:00:00,-0.07181673354174337,-1.4877829790967763,-1.9881587841351156,-12.206431947057334,0.27436996348343046,0.0,2,0.0,-0.46449039511037465,,0.00031768833196355685,0.903507002988303,0.004804676737921793,-0.053251613072350094,87,-0.001065032261447002,0.0027436996348343045,0.02,0.02,chart_cl_4.csv,851,20250831_165524:851,sobol,14,16,41,113,17,27,2.6,2.8,0.9,1.1,29,0.6
5,2108,732,300,258,2023-05-23 01:00:00,2023-06-13 11:00:00,-0.07267651248857164,0.039307297571513584,0.05646020894217214,-0.3263367266138462,3.7589191983975505,81.81818181818183,12,5.947250244006305,1.6212052978377642,,0.017744802970390845,1.0020339122824071,0.5849373869250529,-0.021588459999916113,21,-0.0008114927675752226,0.037589191983975506,0.02661720445558627,0.037589191983975506,chart_cl_1.csv,105,20250831_165524:105,sobol,12,22,42,71,30,26,2.3,2.1,1.3,1.2000000000000002,36,0.7
2,5623,289,450,739,2023-12-27 01:00:00,2024-03-22 16:00:00,-0.08148219450848572,-0.3243953528565592,-0.4303398412260494,-2.35773217946,1.608047978539275,52.17391304347826,24,0.7284116055045072,-0.044329652953307236,,0.0073709133560191,0.9913228349911627,0.07812994056307199,-0.060190427499886186,86,-0.0012038085499977238,0.01608047978539275,0.02,0.02,chart_cl_4.csv,949,20250831_165524:949,sobol,11,27,40,106,16,23,2.1,3.0,1.6,0.9,24,0.8
7,1581,582,414,166,2025-05-20 06:00:00,2025-06-09 02:00:00,-0.09009533531370835,-1.9444748235848617,-2.4985398938159733,-27.228548197569165,0.6363108804453169,33.33333333333333,4,0.38998120933355596,-0.20242938298833726,,0.0013562192839539392,0.9554678178439869,0.06785518935821826,-0.049798415181205286,19,-0.0009959683036241057,0.006363108804453169,0.02,0.02,chart_cl_2.csv,316,20250831_165524:316,sobol,13,19,47,138,25,23,2.9000000000000004,1.8,1.5,0.8,43,0.6
5,2108,656,348,251,2023-05-20 17:00:00,2023-06-10 13:00:00,-0.09750923097130855,0.01537914162077285,0.02197675605713728,-0.33586391350371186,5.025776389889866,14.285714285714285,15,1.4027475452685858,0.16266037993136,,0.030858004937731606,1.000795555430585,0.5887139687462775,-0.021555480599157947,20,-0.0010833302546797707,0.05025776389889866,0.04628700740659741,0.05025776389889866,chart_cl_1.csv,30,20250831_165524:30,sobol,12,28,30,116,25,18,2.6,2.6,1.6,1.0,39,0.65
7,1581,798,300,183,2025-05-30 20:00:00,2025-06-23 02:00:00,-0.10182162433771964,-1.6972159357246877,-2.336770136635391,-21.87274518097487,0.8102180518607444,44.44444444444444,10,2.4859119638700906,0.11026470070400707,,0.0025462405822608094,0.9687307362713378,0.1027694535192572,-0.05740945884062348,23,-0.0011481891768124696,0.008102180518607444,0.02,0.02,chart_cl_2.csv,287,20250831_165524:287,sobol,14,21,37,78,13,19,2.1,2.0,1.2000000000000002,1.1,26,0.65
5,1581,214,438,163,2025-04-08 14:00:00,2025-04-29 02:00:00,-0.10970506150020184,-2.204772155206113,-3.017670225266664,-32.13308970287768,0.6541203070873414,0.0,3,0.0,-0.5012714204304922,,0.002108518652303968,0.9345433321378409,0.08051621852532445,-0.06094057016648878,20,-0.0012188114033297756,0.006541203070873414,0.02,0.02,chart_cl_2.csv,250,20250831_165524:250,sobol,7,25,39,146,14,28,2.9000000000000004,2.2,1.0,1.3,21,0.85
3,2775,406,300,353,2024-11-22 03:00:00,2025-01-06 19:00:00,-0.11128626808101956,-0.5137392347672759,-0.7340784659208078,-6.885107993223987,1.5197849850429053,50.0,9,1.0856190343351617,0.025805345585525663,,0.008315642013309081,0.9912316148984492,0.23325332301798882,-0.06953843675880367,45,-0.0013907687351760734,0.015197849850429053,0.02,0.02,chart_cl_3.csv,448,20250831_165524:448,sobol,12,19,58,92,30,11,1.8,3.0,1.3,0.9,43,0.7
3,5623,1028,450,739,2024-03-22 18:00:00,2024-06-19 08:00:00,-0.11206165774857481,-0.220926448827325,-0.30153674523667146,-3.4850909118507785,1.4856369940897367,27.27272727272727,23,0.5069655326573526,-0.06503064908267518,,0.004340998828313823,0.9948779441148302,0.18499496928209067,-0.08339298166471314,88,-0.0016678596332942628,0.014856369940897366,0.02,0.02,chart_cl_4.csv,674,20250831_165524:674,sobol,9,26,54,74,16,27,2.7,2.5,1.5,0.9,31,0.8
3,5623,1028,450,739,2024-03-22 18:00:00,2024-06-19 08:00:00,-0.12068332609092068,-0.42016559305547013,-0.6081058194344603,-2.8288801775698555,1.9671644967094233,27.77777777777778,19,0.7351407636226107,-0.061312052597829375,,0.010504490615361685,0.9903436406300274,0.10488666261955618,-0.08980642961942786,88,-0.0017961285923885572,0.019671644967094233,0.02,0.02,chart_cl_4.csv,890,20250831_165524:890,sobol,8,28,55,95,10,17,2.4000000000000004,2.8,1.5,1.3,14,0.6
6,622,205,300,101,2025-07-14 14:00:00,2025-07-24 22:00:00,-0.12152852134806837,-21.742465540189812,-24.34151144608536,-206.4649348569583,0.16670372561676458,0.0,2,0.0,-0.21483525139724896,,0.00040149275297088306,0.387673439172674,0.0,-0.064135950383286,10,-0.00128271900766572,0.0016670372561676458,0.02,0.02,chart_cl_6.csv,1067,20250831_165524:1067,sobol,8,28,55,95,10,17,2.4000000000000004,2.8,1.5,1.3,14,0.6
6,622,205,300,101,2025-07-14 14:00:00,2025-07-24 22:00:00,-0.12152852134806837,-21.742465540189812,-24.34151144608536,-206.4649348569583,0.16670372561676458,0.0,2,0.0,-0.21483525139724896,,0.00040149275297088306,0.387673439172674,0.0,-0.064135950383286,10,-0.00128271900766572,0.0016670372561676458,0.02,0.02,chart_cl_5.csv,1012,20250831_165524:1012,sobol,8,28,55,95,10,17,2.4000000000000004,2.8,1.5,1.3,14,0.6
6,2775,1213,447,332,2025-03-18 02:00:00,2025-04-25 16:00:00,-0.12228733414009979,-0.7701183813222006,-1.070929816618462,-8.71094057027549,1.3908064081350835,0.0,3,0.0,-0.33900381132553564,,0.0020943421277159046,0.9569607644922392,0.10356410457888593,-0.07403598958207722,38,-0.0014807197916415443,0.013908064081350835,0.02,0.02,chart_cl_3.csv,516,20250831_165524:516,sobol,14,27,60,149,21,30,1.9000000000000001,2.5,1.0,1.6,26,0.65
3,2775,287,393,340,2024-11-19 23:00:00,2024-12-31 13:00:00,-0.12250305759369128,-1.2298886027021771,-1.5207351684707466,-9.637601937516587,1.2313636384890922,50.0,7,1.0088052436325192,0.0017451349716667564,,0.004255743543751645,0.9688714871974365,0.062420446264193165,-0.07518617460713006,41,-0.0015037234921426014,0.012313636384890922,0.02,0.02,chart_cl_3.csv,543,20250831_165524:543,sobol,8,28,45,131,27,10,1.9000000000000001,2.6,1.1,1.0,15,0.85
3,2775,282,396,339,2024-11-19 19:00:00,2024-12-31 07:00:00,-0.1385081845093282,-0.5543961889294473,-0.7111078948959444,-5.25458134762244,2.5401792051131453,91.66666666666666,13,3.092923543695341,0.3575612503698734,,0.009655860623248096,0.9898856236902798,0.2568768946639502,-0.06692975541716441,41,-0.0017001357291398993,0.025401792051131453,0.02,0.025401792051131453,chart_cl_3.csv,658,20250831_165524:658,sobol,10,20,58,132,22,16,2.6,2.1,1.0,1.2000000000000002,41,0.7
6,1581,615,300,183,2025-05-09 12:00:00,2025-05-30 18:00:00,-0.14526238643391734,-0.7969902632696408,-1.0661779094388986,-9.603198908913713,2.5300279448426464,60.0,11,0.5471856876514316,-0.17217076076246146,,0.0061768935052079355,0.9829500330860641,0.3250061698648027,-0.06410405353852018,21,-0.0016218504683014519,0.025300279448426465,0.02,0.025300279448426465,chart_cl_2.csv,301,20250831_165524:301,sobol,10,18,32,82,26,22,2.7,2.8,0.9,1.3,10,0.7
7,1581,798,300,183,2025-05-30 20:00:00,2025-06-23 02:00:00,-0.14865222778339698,-10.654166806764385,-13.277193886799852,-125.70197631954144,0.19718750765710152,0.0,5,0.0,-0.23328223353322008,,0.0006473733492078975,0.7089502448928118,0.0023019140509175306,-0.08380922171811038,23,-0.0016761844343622077,0.0019718750765710153,0.02,0.02,chart_cl_2.csv,256,20250831_165524:256,sobol,12,19,58,92,30,11,1.8,3.0,1.3,0.9,43,0.7
7,1581,798,300,183,2025-05-30 20:00:00,2025-06-23 02:00:00,-0.14956862416458136,-10.241831952273252,-12.882080740633896,-115.50570048951495,0.21573753374545457,0.0,5,0.0,-0.23502466547152948,,0.0007346038023817272,0.729672998827927,0.0023014121218736285,-0.0843257928542828,23,-0.001686515857085656,0.0021573753374545456,0.02,0.02,chart_cl_2.csv,351,20250831_165524:351,sobol,11,27,51,99,12,24,2.0,2.5,1.0,0.8,12,0.7
6,622,205,300,101,2025-07-14 14:00:00,2025-07-24 22:00:00,-0.1532578635928928,-32.69968848755361,-36.07025725538315,-223.29412789942822,0.18479374204922577,0.0,3,0.0,-0.21542717046125714,,0.0005169937336882929,0.3268128361624147,0.0,-0.08087957023715663,10,-0.0016175914047431325,0.0018479374204922578,0.02,0.02,chart_cl_6.csv,1081,20250831_165524:1081,sobol,10,27,35,80,14,26,2.8,3.0,1.1,0.9,42,0.6
6,622,205,300,101,2025-07-14 14:00:00,2025-07-24 22:00:00,-0.1532578635928928,-32.69968848755361,-36.07025725538315,-223.29412789942822,0.18479374204922577,0.0,3,0.0,-0.21542717046125714,,0.0005169937336882929,0.3268128361624147,0.0,-0.08087957023715663,10,-0.0016175914047431325,0.0018479374204922578,0.02,0.02,chart_cl_5.csv,1026,20250831_165524:1026,sobol,10,27,35,80,14,26,2.8,3.0,1.1,0.9,42,0.6
6,5623,3245,450,739,2024-12-10 01:00:00,2025-03-07 21:00:00,-0.15814697540230896,-0.9567482307742395,-1.2896861059838327,-4.610691135601076,1.5680653492463916,20.0,6,0.013617666941693014,-0.35274280504326033,,0.0023497998631746204,0.9621430887844252,0.04985784397019742,-0.11723189813096722,87,-0.0023446379626193446,0.015680653492463916,0.02,0.02,chart_cl_4.csv,875,20250831_165524:875,sobol,11,17,59,71,25,20,2.7,2.6,1.2000000000000002,1.3,22,0.85
6,5623,3245,450,739,2024-12-10 01:00:00,2025-03-07 21:00:00,-0.1643272371496238,-0.6152115748265417,-0.7783122451908523,-4.4778719364744415,1.6752953857762998,47.05882352941176,18,0.7540793067282426,-0.10231759926136497,,0.0048023665260867165,0.9864848013749595,0.09361891225853912,-0.12181077590386798,87,-0.0024362155180773595,0.016752953857762997,0.02,0.02,chart_cl_4.csv,755,20250831_165524:755,sobol,14,21,37,78,13,19,2.1,2.0,1.2000000000000002,1.1,26,0.65
7,1581,798,300,183,2025-05-30 20:00:00,2025-06-23 02:00:00,-0.1671454413489414,-5.254204740989046,-7.5293864708583635,-73.51762505703356,0.37280334970791956,0.0,4,0.0,-0.1542158621600588,,0.0007169020957459561,0.8298173217590413,0.032084330413184585,-0.09423360818379063,23,-0.0018846721636758127,0.0037280334970791955,0.02,0.02,chart_cl_2.csv,268,20250831_165524:268,sobol,9,23,33,95,22,23,3.0,2.1,0.9,1.1,20,0.8
5,5623,2506,450,739,2024-09-13 06:00:00,2024-12-09 23:00:00,-0.17824827971821788,-0.7533986996272588,-0.9330156765624922,-3.898955499252918,2.080388817409344,43.75,33,0.8059470974423252,-0.05527629149320562,,0.011020748382169423,0.9847942166063053,0.07363536929479852,-0.12701858703821958,87,-0.0026424804807744745,0.02080388817409344,0.02,0.02080388817409344,chart_cl_4.csv,778,20250831_165524:778,sobol,10,18,32,82,26,22,2.7,2.8,0.9,1.3,10,0.7
3,2775,309,375,342,2024-11-20 07:00:00,2025-01-02 01:00:00,-0.18174057447208725,-0.5934314486675101,-0.7611115846419769,-5.221872055640045,3.256240125187912,86.66666666666667,16,1.0005686303502292,0.0002657996900712334,,0.013163904076851418,0.9891569775220213,0.31268543314166136,-0.06881238199563804,42,-0.0022406963936395484,0.03256240125187912,0.02,0.03256240125187912,chart_cl_3.csv,583,20250831_165524:583,sobol,9,23,39,125,19,19,1.9000000000000001,1.9000000000000001,0.9,0.8,44,0.65
5,2108,732,300,258,2023-05-23 01:00:00,2023-06-13 11:00:00,-0.18452278152316878,-0.17602543524934344,-0.2394048373439288,-1.2858340360845202,2.4006543541543,83.33333333333334,13,5.5640996343190405,0.8832167724829854,,0.011266776697167923,0.9903889912663285,0.4172067359124904,-0.08581440121856727,21,-0.002060107159344976,0.024006543541543,0.02,0.024006543541543,chart_cl_1.csv,49,20250831_165524:49,sobol,13,26,39,85,11,13,2.5,2.7,1.6,1.4000000000000001,40,0.7
3,5623,1028,450,739,2024-03-22 18:00:00,2024-06-19 08:00:00,-0.18635499273857475,-0.3262089207450263,-0.43711396007544445,-3.6212793110718677,2.3374371145941457,25.0,17,0.5991119937104399,-0.12341578016283011,,0.006593540453102482,0.9926845778113834,0.22889935508993442,-0.11863082609434314,88,-0.002772920958478813,0.023374371145941458,0.02,0.023374371145941458,chart_cl_4.csv,926,20250831_165524:926,sobol,13,23,54,114,13,22,1.9000000000000001,2.0,0.8,1.4000000000000001,33,0.75
6,2108,918,342,252,2023-06-11 01:00:00,2023-07-01 23:00:00,-0.18734745936970967,-0.11312010967155572,-0.1488857077240535,-0.829768271955958,3.8646784544618242,0.0,2,0.0,-1.326389310682354,,0.008263932666735144,0.9852503841323889,0.33737068409255355,-0.05385308175809165,20,-0.002081248447768679,0.03864678454461824,0.02,0.03864678454461824,chart_cl_1.csv,199,20250831_165524:199,sobol,13,23,54,114,13,22,1.9000000000000001,2.0,0.8,1.4000000000000001,33,0.75
7,1581,798,300,183,2025-05-30 20:00:00,2025-06-23 02:00:00,-0.19589008313337786,-13.146333070821406,-16.454814903540086,-125.65645193361918,0.24910728655557932,0.0,7,0.0,-0.19475754593699623,,0.0008222120992668544,0.6726519696444724,0.004006642543735663,-0.11043572528722592,23,-0.0022087145057445184,0.0024910728655557933,0.02,0.02,chart_cl_2.csv,339,20250831_165524:339,sobol,7,18,48,76,22,18,2.4000000000000004,2.9000000000000004,0.9,0.9,21,0.75
2,5623,289,450,739,2023-12-27 01:00:00,2024-03-22 16:00:00,-0.19893515692737104,-1.0821828883433409,-1.4164394751853187,-6.840772320910732,1.3170937712774926,50.0,23,0.18956680159324213,-0.09151913199801921,,0.006029904622941294,0.9657929113326502,0.05625506061937205,-0.14689643631542065,86,-0.002937928726308413,0.013170937712774927,0.02,0.02,chart_cl_4.csv,763,20250831_165524:763,sobol,10,17,43,109,23,30,2.0,2.7,1.4000000000000001,1.2000000000000002,34,0.75
3,2775,236,432,334,2024-11-18 23:00:00,2024-12-30 01:00:00,-0.20036505024575604,-0.855349349496517,-1.0997354534805313,-7.544996993538976,2.5149305028849085,86.66666666666667,16,1.3722874271585694,0.1249244729710785,,0.008764794689062742,0.9834639436282036,0.2511454162607602,-0.09778095730159958,41,-0.0024591231211907962,0.025149305028849087,0.02,0.025149305028849087,chart_cl_3.csv,578,20250831_165524:578,sobol,9,20,31,144,29,17,2.8,2.0,1.6,1.4000000000000001,31,0.8
6,1581,615,300,183,2025-05-09 12:00:00,2025-05-30 18:00:00,-0.2066715029569764,-5.6120863224253865,-7.259434530245608,-56.090517726778565,0.5831357883287905,0.0,5,0.0,-0.30639351385142694,,0.0014343860986033004,0.8453537954296433,0.046753592775546304,-0.1153666731700681,21,-0.002307333463401362,0.005831357883287905,0.02,0.02,chart_cl_2.csv,372,20250831_165524:372,sobol,8,28,55,95,10,17,2.4000000000000004,2.8,1.5,1.3,14,0.6
5,622,124,360,121,2025-07-10 20:00:00,2025-07-24 20:00:00,-0.21640194873917837,-25.675263294453696,-31.590208206894577,-187.47890596626357,0.24855874269945843,0.0,2,0.0,-0.4611830276093194,,0.0005768096590832227,0.37414477891139086,0.004390691947138896,-0.11659839411922632,14,-0.0023319678823845265,0.0024855874269945843,0.02,0.02,chart_cl_5.csv,999,20250831_165524:999,sobol,13,25,35,120,17,20,2.2,2.2,1.4000000000000001,1.2000000000000002,45,0.6
5,622,124,360,121,2025-07-10 20:00:00,2025-07-24 20:00:00,-0.21640194873917837,-25.675263294453696,-31.590208206894577,-187.47890596626357,0.24855874269945843,0.0,2,0.0,-0.4611830276093194,,0.0005768096590832227,0.37414477891139086,0.004390691947138896,-0.11659839411922632,14,-0.0023319678823845265,0.0024855874269945843,0.02,0.02,chart_cl_6.csv,1054,20250831_165524:1054,sobol,13,25,35,120,17,20,2.2,2.2,1.4000000000000001,1.2000000000000002,45,0.6
7,1581,798,300,183,2025-05-30 20:00:00,2025-06-23 02:00:00,-0.2171046494717757,-3.534715305329732,-5.159975548949699,-53.37834758866194,0.6377515956530725,0.0,5,0.0,-0.4045484692408026,,0.001374547863962448,0.8884726083278784,0.09093571767653964,-0.12239278590039378,23,-0.0024478557180078755,0.006377515956530725,0.02,0.02,chart_cl_2.csv,264,20250831_165524:264,sobol,8,22,52,82,19,21,2.4000000000000004,1.9000000000000001,1.0,1.6,17,0.75
5,1581,432,300,183,2025-04-17 06:00:00,2025-05-09 10:00:00,-0.21981879874778087,-5.347881699772903,-6.300497741172067,-48.142649327028586,0.7142266287190759,0.0,3,0.0,-0.52037121781979,,0.0012246561144321564,0.7710166547756223,0.039533450721937716,-0.12331324133363894,22,-0.002466264826672779,0.0071422662871907594,0.02,0.02,chart_cl_2.csv,254,20250831_165524:254,sobol,12,19,58,92,30,11,1.8,3.0,1.3,0.9,43,0.7
5,1581,250,414,166,2025-04-09 14:00:00,2025-04-30 08:00:00,-0.22603902819438418,-7.979253811153502,-11.371236832308844,-102.02759202403747,0.3722277939167005,0.0,5,0.0,-0.2886479938868445,,0.0010161337937722296,0.7688300293838347,0.03840132017117891,-0.12554885252895176,20,-0.0025109770505790355,0.0037222779391670054,0.02,0.02,chart_cl_2.csv,314,20250831_165524:314,sobol,13,19,47,138,25,23,2.9000000000000004,1.8,1.5,0.8,43,0.6
3,5623,1028,450,739,2024-03-22 18:00:00,2024-06-19 08:00:00,-0.2387003699284719,-0.39862179009340054,-0.5482785963879152,-3.4746149729615903,3.0832658091650234,36.84210526315789,20,0.39897189454460236,-0.1937672827666826,,0.013326370508462903,0.9923586618285328,0.27288551065124406,-0.11517650182660773,88,-0.003551197701012125,0.030832658091650235,0.02,0.030832658091650235,chart_cl_4.csv,716,20250831_165524:716,sobol,8,22,52,82,19,21,2.4000000000000004,1.9000000000000001,1.0,1.6,17,0.75
3,5623,1028,450,739,2024-03-22 18:00:00,2024-06-19 08:00:00,-0.24051624876695998,-0.7612550288349016,-1.0579817986544813,-7.137876351788337,1.5116806427522094,23.52941176470588,18,0.23843599948542177,-0.22185690960119853,,0.005543663023031912,0.9847260633120912,0.1472381606850174,-0.1789095788098226,88,-0.003578191576196452,0.015116806427522094,0.02,0.02,chart_cl_4.csv,884,20250831_165524:884,sobol,6,20,50,101,14,10,2.7,2.2,1.0,1.1,38,0.65
3,2775,244,426,335,2024-11-19 03:00:00,2024-12-30 07:00:00,-0.24433156730051592,-3.241942038544745,-3.990988869448699,-33.66290157377262,0.670655861542059,23.076923076923077,14,0.3572114846845648,-0.15291279427526222,,0.003952454303087367,0.9326841603929334,0.03324497848047261,-0.1499244450787621,41,-0.002998488901575242,0.00670655861542059,0.02,0.02,chart_cl_3.csv,468,20250831_165524:468,sobol,11,16,49,142,16,15,1.9000000000000001,3.0,1.2000000000000002,1.5,36,0.6
2,5623,289,450,739,2023-12-27 01:00:00,2024-03-22 16:00:00,-0.25099083746465284,-9.48678920213378,-9.481029853536988,-44.755594070726154,0.25099083746465567,0.0,2,0.0,-0.5828367323734529,,0.00011457926953803741,0.0,0.0,-0.1853038496143795,86,-0.00370607699228759,0.0025099083746465568,0.02,0.02,chart_cl_4.csv,877,20250831_165524:877,sobol,14,26,33,135,30,29,2.2,2.9000000000000004,1.6,1.4000000000000001,17,0.75
6,2108,990,300,258,2023-06-13 13:00:00,2023-07-04 23:00:00,-0.2515880297446927,-0.07509648166525708,-0.10365219544360191,-0.8132479388491964,5.147721346482256,33.33333333333333,4,1.1222377382951851,0.08595332364384967,,0.021681325634142233,0.9954366028889488,0.5953096814862481,-0.05456125180137863,21,-0.0028086612058875024,0.05147721346482256,0.032521988451213346,0.05147721346482256,chart_cl_1.csv,204,20250831_165524:204,sobol,7,16,44,88,28,20,3.0,2.4000000000000004,1.4000000000000001,0.8,11,0.65
5,5623,2506,450,739,2024-09-13 06:00:00,2024-12-09 23:00:00,-0.25791665217880677,-0.6704461058095431,-0.860576504809138,-3.8848789804356754,2.966632610737023,15.384615384615385,14,0.06673310190223974,-0.3617361277756839,,0.009904296967792702,0.9818782561283356,0.1645041867856451,-0.12885142833358135,87,-0.0038225484923444684,0.02966632610737023,0.02,0.02966632610737023,chart_cl_4.csv,910,20250831_165524:910,sobol,8,18,36,119,15,13,3.0,2.5,1.3,1.6,30,0.7
2,5623,289,450,739,2023-12-27 01:00:00,2024-03-22 16:00:00,-0.27172371292295094,-2.3872722416256686,-3.0652268928533797,-14.345121936267981,0.8437615209040789,21.052631578947366,20,0.045938226328364036,-0.14532586186385513,,0.003824385676912901,0.9274066231592264,0.02350370912331525,-0.20059725163889466,86,-0.0040119450327778935,0.008437615209040789,0.02,0.02,chart_cl_4.csv,907,20250831_165524:907,sobol,8,18,36,119,15,13,3.0,2.5,1.3,1.6,30,0.7
3,5623,1028,450,739,2024-03-22 18:00:00,2024-06-19 08:00:00,-0.2720120577716287,-0.8358859287536581,-1.1493740680261524,-6.909891915329677,1.7534154136609592,35.0,21,0.49276495726260333,-0.14623400115795138,,0.005407257958465609,0.9824161280452122,0.15243173628154558,-0.20231699941770084,88,-0.004046339988354017,0.01753415413660959,0.02,0.02,chart_cl_4.csv,734,20250831_165524:734,sobol,13,26,39,85,11,13,2.5,2.7,1.6,1.4000000000000001,40,0.7
5,1581,313,375,172,2025-04-11 14:00:00,2025-05-02 20:00:00,-0.2755029388509911,-3.56068106669117,-5.187480028260848,-33.40281282129482,1.2871679192578065,,1,,,,0.0027051752756750984,0.8909578501858612,0.16224483990049351,-0.15377819810136942,21,-0.0030755639620273886,0.012871679192578065,0.02,0.02,chart_cl_2.csv,281,20250831_165524:281,sobol,6,28,46,125,28,22,2.6,2.4000000000000004,1.5,1.6,48,0.85
6,622,205,300,101,2025-07-14 14:00:00,2025-07-24 22:00:00,-0.28857745270549917,-28.59030711405816,-31.835264623592966,-173.3271835432814,0.3652513506311834,0.0,2,0.0,-0.6115677035873732,,0.0009485521788813715,0.357115586406759,0.0022219620045254157,-0.15228163422062024,10,-0.003045632684412405,0.003652513506311834,0.02,0.02,chart_cl_5.csv,1006,20250831_165524:1006,sobol,11,27,51,99,12,24,2.0,2.5,1.0,0.8,12,0.7
6,622,205,300,101,2025-07-14 14:00:00,2025-07-24 22:00:00,-0.28857745270549917,-28.59030711405816,-31.835264623592966,-173.3271835432814,0.3652513506311834,0.0,2,0.0,-0.6115677035873732,,0.0009485521788813715,0.357115586406759,0.0022219620045254157,-0.15228163422062024,10,-0.003045632684412405,0.003652513506311834,0.02,0.02,chart_cl_6.csv,1061,20250831_165524:1061,sobol,11,27,51,99,12,24,2.0,2.5,1.0,0.8,12,0.7
7,2775,1584,426,335,2025-04-29 06:00:00,2025-06-06 04:00:00,-0.29197434406049666,-5.510274907581793,-6.866850825138013,-33.48088758741137,0.7870098251000115,0.0,10,0.0,-0.33303919232323037,,0.0033174227250925056,0.8940976011000558,0.0142392771750598,-0.17590802923505489,37,-0.0035181605847010976,0.007870098251000116,0.02,0.02,chart_cl_3.csv,472,20250831_165524:472,sobol,11,16,49,142,16,15,1.9000000000000001,3.0,1.2000000000000002,1.5,36,0.6
7,1581,798,300,183,2025-05-30 20:00:00,2025-06-23 02:00:00,-0.3049400501685227,-11.120044163123987,-14.61133723296508,-92.63379935687507,0.4779789298054961,0.0,8,0.0,-0.3386302317862896,,0.0020876383716540493,0.7115857849827633,0.02508803844485728,-0.17189289678984665,23,-0.0034378579357969333,0.004779789298054961,0.02,0.02,chart_cl_2.csv,399,20250831_165524:399,sobol,7,16,44,88,28,20,3.0,2.4000000000000004,1.4000000000000001,0.8,11,0.65
7,5623,3984,450,739,2025-03-09 22:00:00,2025-06-04 12:00:00,-0.30667749612527095,-5.11797743389955,-6.228384984880065,-22.52589408689124,0.6016523715086698,0.0,13,0.0,-0.25640793417458757,,0.0019813277533725815,0.8280229345472857,0.0031333719963808804,-0.2263759167633921,86,-0.0045275183352678425,0.0060165237150866975,0.02,0.02,chart_cl_4.csv,708,20250831_165524:708,sobol,12,19,58,92,30,11,1.8,3.0,1.3,0.9,43,0.7
5,5623,2506,450,739,2024-09-13 06:00:00,2024-12-09 23:00:00,-0.30923877060296545,-0.9043576501561139,-1.1433973997350866,-5.300834941598561,2.5765757394980406,15.384615384615385,14,0.059722701799200986,-0.4007464354895414,,0.009605786241424179,0.9753329596047342,0.14399904794785884,-0.1778492145161308,87,-0.004582419714110454,0.025765757394980406,0.02,0.025765757394980406,chart_cl_4.csv,850,20250831_165524:850,sobol,14,16,41,113,17,27,2.6,2.8,0.9,1.1,29,0.6
3,5623,1028,450,739,2024-03-22 18:00:00,2024-06-19 08:00:00,-0.31177549403225274,-0.5808669999768292,-0.7771109173236271,-5.019133626288354,2.7419304579073818,8.333333333333332,13,0.4422271884805948,-0.23760385873300466,,0.009557161625206942,0.9885147677661124,0.2580413856692937,-0.1691231257166343,88,-0.004637238495389388,0.02741930457907382,0.02,0.02741930457907382,chart_cl_4.csv,956,20250831_165524:956,sobol,10,20,58,132,22,16,2.6,2.1,1.0,1.2000000000000002,41,0.7
2,5623,289,450,739,2023-12-27 01:00:00,2024-03-22 16:00:00,-0.3134927171994158,-2.774983296397912,-3.554624677505911,-15.729959703664264,0.8793744189933349,30.434782608695656,24,0.03431582200098385,-0.13675349688833774,,0.004148158960415799,0.9155031125024581,0.02300888753785107,-0.23140151101953033,86,-0.004628030220390607,0.00879374418993335,0.02,0.02,chart_cl_4.csv,793,20250831_165524:793,sobol,7,25,36,101,20,16,1.8,2.7,1.2000000000000002,1.3,23,0.75
7,1581,798,300,183,2025-05-30 20:00:00,2025-06-23 02:00:00,-0.3178846552594706,-10.282948662473137,-12.844854368959433,-105.70651655135505,0.4318122874665826,0.0,5,0.0,-0.4963163220406545,,0.0014187986671742139,0.724586620910598,0.02569788570412224,-0.17918706490900282,23,-0.0035837412981800567,0.0043181228746658265,0.02,0.02,chart_cl_2.csv,373,20250831_165524:373,sobol,8,28,55,95,10,17,2.4000000000000004,2.8,1.5,1.3,14,0.6
6,1581,549,336,177,2025-05-07 00:00:00,2025-05-27 18:00:00,-0.33123412128264246,-1.2651564150624137,-1.639653106078879,-11.318137840244619,4.254253706139146,0.0,2,0.0,-1.394422336000721,,0.017502988178759466,0.9801049628833586,0.5258322779760671,-0.08648191462836034,20,-0.003679160058217112,0.04254253706139146,0.0262544822681392,0.04254253706139146,chart_cl_2.csv,278,20250831_165524:278,sobol,7,19,59,112,27,25,2.3,1.8,1.1,0.8,24,0.85
3,5623,1028,450,739,2024-03-22 18:00:00,2024-06-19 08:00:00,-0.3337818563317626,-0.6344181182195735,-0.8507536365959907,-5.739184617107836,2.554398066372885,7.6923076923076925,14,0.04437285135556487,-0.2792748814138431,,0.008959046004573165,0.9870865945752374,0.24867882918050396,-0.1943391012651224,88,-0.0049641942449227296,0.02554398066372885,0.02,0.02554398066372885,chart_cl_4.csv,860,20250831_165524:860,sobol,9,20,31,144,29,17,2.8,2.0,1.6,1.4000000000000001,31,0.8
7,2108,1239,303,257,2023-07-04 13:00:00,2023-07-25 21:00:00,-0.33589826315523513,-0.33055493407462117,-0.40433488145562635,-1.3644130279288125,4.084519430970308,71.42857142857143,8,3.2807413429660355,0.8209970618998246,,0.022698442232148692,0.9799493559310387,0.4198970595730883,-0.09179899078536786,21,-0.0037495476160629925,0.04084519430970308,0.03404766334822304,0.04084519430970308,chart_cl_1.csv,167,20250831_165524:167,sobol,6,20,50,101,14,10,2.7,2.2,1.0,1.1,38,0.65
7,5623,3984,450,739,2025-03-09 22:00:00,2025-06-04 12:00:00,-0.36264293721895074,-3.552205761781628,-4.571637325622061,-16.116168057638248,0.9818757654085783,0.0,16,0.0,-0.24491248363901455,,0.003138100612327072,0.9150364455270401,0.014856062203043158,-0.2676386744064278,86,-0.005352773488128556,0.009818757654085783,0.02,0.02,chart_cl_4.csv,732,20250831_165524:732,sobol,11,16,49,142,16,15,1.9000000000000001,3.0,1.2000000000000002,1.5,36,0.6
3,5623,1028,450,739,2024-03-22 18:00:00,2024-06-19 08:00:00,-0.36341420501951804,-0.6252739670332904,-0.8332200214852792,-5.425292669363802,2.9224164356893607,18.181818181818183,12,0.45726362030791107,-0.2600132529067738,,0.010104222655354732,0.9874599637158145,0.27639680286656926,-0.18492836624086506,88,-0.005404376969274856,0.02922416435689361,0.02,0.02922416435689361,chart_cl_4.csv,896,20250831_165524:896,sobol,13,22,42,149,25,24,2.5,2.3,1.2000000000000002,0.9,30,0.8
3,5623,1028,450,739,2024-03-22 18:00:00,2024-06-19 08:00:00,-0.3718343139367846,-0.8990018798246011,-1.2319862142736826,-9.143818012745957,1.7707562143429025,5.88235294117647,18,0.20633370326238681,-0.24784779429316428,,0.005800843825612285,0.9813278178211272,0.20134331839572656,-0.2764720185246631,88,-0.005529440370493262,0.017707562143429025,0.02,0.02,chart_cl_4.csv,686,20250831_165524:686,sobol,14,23,49,104,26,16,2.8,2.2,0.8,1.5,29,0.7
7,1581,798,300,183,2025-05-30 20:00:00,2025-06-23 02:00:00,-0.3761228986953014,-10.143605192610735,-12.781351662607614,-83.80149411409792,0.6133507389156406,8.333333333333332,13,0.07503665622002252,-0.26327917726163735,,0.0034962962378053556,0.8307834842478835,0.029137729689483225,-0.21200114081976437,23,-0.004240022816395288,0.006133507389156407,0.02,0.02,chart_cl_2.csv,302,20250831_165524:302,sobol,10,18,32,82,26,22,2.7,2.8,0.9,1.3,10,0.7
3,5623,1028,450,739,2024-03-22 18:00:00,2024-06-19 08:00:00,-0.3794343315585905,-1.5340851734980467,-2.109720791291305,-10.466429568166895,1.5759026877849556,50.0,19,0.4754701391256349,-0.2002907161655936,,0.005819295474298419,0.9650897188186495,0.11079465164821599,-0.28211585248659216,88,-0.005642317049731843,0.015759026877849556,0.02,0.02,chart_cl_4.csv,872,20250831_165524:872,sobol,11,17,59,71,25,20,2.7,2.6,1.2000000000000002,1.3,22,0.85
3,5623,1028,450,739,2024-03-22 18:00:00,2024-06-19 08:00:00,-0.38068418903251594,-0.8383189056975229,-1.1290041792736225,-6.8359355046874475,2.4201129784994277,8.333333333333332,13,0.424612058931858,-0.2552760200029141,,0.009463527620103277,0.9836970330959328,0.2309164425822446,-0.23390972416118552,88,-0.0056608795923970626,0.024201129784994276,0.02,0.024201129784994276,chart_cl_4.csv,698,20250831_165524:698,sobol,7,25,39,146,14,28,2.9000000000000004,2.2,1.0,1.3,21,0.85
3,5623,1028,450,739,2024-03-22 18:00:00,2024-06-19 08:00:00,-0.3836154722679261,-2.856721773064307,-3.775070356869789,-20.066961276929668,0.830225065723643,31.25,17,0.2110265276795934,-0.22593961019947584,,0.0033803447446733035,0.9345485461116939,0.03492639740141897,-0.2852206806580718,88,-0.005704413613161437,0.008302250657236429,0.02,0.02,chart_cl_4.csv,794,20250831_165524:794,sobol,7,25,36,101,20,16,1.8,2.7,1.2000000000000002,1.3,23,0.75
5,1581,300,384,171,2025-04-11 06:00:00,2025-05-02 10:00:00,-0.38425061557599066,-3.377300520102796,-4.843618102316564,-23.842461858770516,2.28857521659498,100.0,2,inf,0.8599292289049301,,0.0056036693102700956,0.9141098716535521,0.24743950666365783,-0.18741249766444817,21,-0.004289075974350207,0.0228857521659498,0.02,0.0228857521659498,chart_cl_2.csv,240,20250831_165524:240,sobol,11,20,44,128,21,14,2.2,1.9000000000000001,1.1,1.4000000000000001,14,0.6
5,1581,283,393,169,2025-04-10 14:00:00,2025-05-01 14:00:00,-0.3883297226642753,-9.944054004199643,-14.07348509954187,-90.48679707021633,0.6118906508044005,,1,,,,0.0006589473478980601,0.5435439376690042,0.0392926635378547,-0.2167294618363408,21,-0.004334589236726816,0.006118906508044006,0.02,0.02,chart_cl_2.csv,325,20250831_165524:325,sobol,8,28,45,131,27,10,1.9000000000000001,2.6,1.1,1.0,15,0.85
5,5623,2506,450,739,2024-09-13 06:00:00,2024-12-09 23:00:00,-0.402696010965857,-5.603607871792526,-6.77486633579118,-22.850729725454748,0.7620600841551116,25.0,29,0.10075130014281516,-0.14321168126736797,,0.003624626609744522,0.8765367158515222,0.002740213019107053,-0.2982743116130008,87,-0.005965486232260016,0.007620600841551116,0.02,0.02,chart_cl_4.csv,814,20250831_165524:814,sobol,9,16,57,127,15,12,2.5,3.0,0.8,1.4000000000000001,17,0.8
3,2775,406,300,353,2024-11-22 03:00:00,2025-01-06 19:00:00,-0.40292130338344806,-5.424052064358242,-6.724377552614881,-31.97653036235266,1.0326018035328601,36.36363636363637,12,0.33670170173077757,-0.2592791738100336,,0.005210985226944448,0.8834652434157602,0.03248670391000085,-0.25162288264375804,45,-0.005032457652875161,0.0103260180353286,0.02,0.02,chart_cl_3.csv,663,20250831_165524:663,sobol,10,27,35,80,14,26,2.8,3.0,1.1,0.9,42,0.6
3,2108,211,303,257,2023-04-09 21:00:00,2023-05-01 05:00:00,-0.4037247544623028,-0.4208984736005251,-0.5454796452542545,-1.5778831272306284,4.222254682736419,0.0,3,0.0,-2.7438662456447127,,0.019867977341038283,0.9773071461092901,0.46593401013936964,-0.10672871496086958,21,-0.004506358165259721,0.04222254682736419,0.029801966011557424,0.04222254682736419,chart_cl_1.csv,94,20250831_165524:94,sobol,7,25,36,101,20,16,1.8,2.7,1.2000000000000002,1.3,23,0.75
3,2775,298,384,341,2024-11-20 03:00:00,2024-12-31 19:00:00,-0.4040250469105786,-2.0076563487467527,-2.4544357566327495,-14.01536988009932,2.428205147909862,73.33333333333333,16,0.5083493172155314,-0.17826760397535016,,0.00829090370859659,0.9547488802149826,0.1802148261100703,-0.20413479429959003,41,-0.004956811583857852,0.024282051479098617,0.02,0.024282051479098617,chart_cl_3.csv,428,20250831_165524:428,sobol,11,20,44,128,21,14,2.2,1.9000000000000001,1.1,1.4000000000000001,14,0.6
5,2108,501,447,237,2023-05-16 01:00:00,2023-06-04 17:00:00,-0.4086296521109826,-0.541065523065732,-0.7508328320854063,-2.48343492428217,2.9346952104012303,23.076923076923077,14,0.09175279688107506,-0.28755349658770873,,0.01752657893047101,0.9721257976597433,0.4218726525245182,-0.15387851034637762,19,-0.0045158652729719055,0.0293469521040123,0.026289868395706517,0.0293469521040123,chart_cl_1.csv,86,20250831_165524:86,sobol,14,27,60,149,21,30,1.9000000000000001,2.5,1.0,1.6,26,0.65
7,1581,798,300,183,2025-05-30 20:00:00,2025-06-23 02:00:00,-0.4266823037115429,-12.86358105338335,-16.483599549336198,-92.85615648997076,0.6020202812609768,0.0,8,0.0,-0.47168655396176706,,0.0026560799605110895,0.6667755635626745,0.03138180217093586,-0.2404850954503676,23,-0.004809701909007352,0.006020202812609768,0.02,0.02,chart_cl_2.csv,418,20250831_165524:418,sobol,10,27,35,80,14,26,2.8,3.0,1.1,0.9,42,0.6
3,2775,406,300,353,2024-11-22 03:00:00,2025-01-06 19:00:00,-0.42955180161703765,-2.198453413885767,-2.7037505897329708,-13.557910327650836,2.564822353325419,42.857142857142854,8,0.15874605503895103,-0.6679060776605377,,0.010251771890688134,0.9527798070723227,0.18295090109257028,-0.2091678842591345,45,-0.005364784651456123,0.025648223533254192,0.02,0.025648223533254192,chart_cl_3.csv,573,20250831_165524:573,sobol,11,27,51,99,12,24,2.0,2.5,1.0,0.8,12,0.7
6,1581,471,384,171,2025-05-02 12:00:00,2025-05-22 16:00:00,-0.4419522365062619,-2.167615642612339,-2.7864078020010647,-16.719308548783783,3.56783438049139,0.0,2,0.0,-4.181392175676923,,0.012758349315829389,0.9608793166433636,0.44503257007585656,-0.13757393533935292,20,-0.004908410163632427,0.0356783438049139,0.02,0.0356783438049139,chart_cl_2.csv,241,20250831_165524:241,sobol,11,20,44,128,21,14,2.2,1.9000000000000001,1.1,1.4000000000000001,14,0.6
5,2108,699,321,255,2023-05-22 01:00:00,2023-06-12 05:00:00,-0.45175498904780687,-0.30040411904682335,-0.43387567037389796,-2.4404624110028488,3.065979144610851,84.61538461538461,14,3.2694114243670156,0.22196495831066995,,0.009565614358640466,0.9830292133444565,0.5446519555764809,-0.16445697040194304,21,-0.005042216414382413,0.03065979144610851,0.02,0.03065979144610851,chart_cl_1.csv,118,20250831_165524:118,sobol,12,21,53,107,12,29,3.0,1.9000000000000001,1.4000000000000001,1.5,39,0.65
2,5623,289,450,739,2023-12-27 01:00:00,2024-03-22 16:00:00,-0.4654382831054534,-4.826418415640809,-5.857750006232174,-28.06514984977914,0.7070956005755741,31.03448275862069,30,0.1613418922607845,-0.10966264195795555,,0.0031636917205266186,0.8489042661258499,0.01134998278757459,-0.34338966417229083,86,-0.006867793283445817,0.007070956005755741,0.02,0.02,chart_cl_4.csv,961,20250831_165524:961,sobol,10,27,35,80,14,26,2.8,3.0,1.1,0.9,42,0.6
3,5623,1028,450,739,2024-03-22 18:00:00,2024-06-19 08:00:00,-0.4679493116706589,-1.4658405072953196,-2.0186740331776534,-8.784668180242003,2.2699284446931927,23.333333333333332,31,0.4647234933530673,-0.1555270014377359,,0.012842449223596264,0.9634946039406352,0.12904554167787868,-0.3064651576454895,88,-0.0069565397864688,0.022699284446931926,0.02,0.022699284446931926,chart_cl_4.csv,776,20250831_165524:776,sobol,10,18,32,82,26,22,2.7,2.8,0.9,1.3,10,0.7
7,2108,1158,348,251,2023-07-01 13:00:00,2023-07-22 09:00:00,-0.4723118786788689,-0.3951421184531418,-0.5034768538174678,-1.6345181755306353,4.85122147234929,75.0,5,5.909660188097379,1.4390943549640642,,0.021506691654530216,0.9775182269155308,0.509905705366394,-0.10812598729777412,20,-0.005245431112979284,0.0485122147234929,0.032260037481795324,0.0485122147234929,chart_cl_1.csv,32,20250831_165524:32,sobol,12,28,30,116,25,18,2.6,2.6,1.6,1.0,39,0.65
6,1581,607,303,182,2025-05-09 02:00:00,2025-05-30 06:00:00,-0.4772292611390175,-3.20112531415866,-4.079173904802267,-25.100753596419548,2.397848376938604,62.5,9,0.12874830209760796,-0.6153409528872635,,0.007959424659510267,0.9409298720186198,0.3063318781594183,-0.22213260340629892,21,-0.005326403025429405,0.02397848376938604,0.02,0.02397848376938604,chart_cl_2.csv,368,20250831_165524:368,sobol,6,20,50,101,14,10,2.7,2.2,1.0,1.1,38,0.65
6,2775,1321,384,341,2025-03-21 20:00:00,2025-05-02 04:00:00,-0.47842250059590014,-2.224167309299991,-2.905397555872036,-15.065533350512865,2.582588419307723,88.88888888888889,10,5.689126886359621,0.2017766013041699,,0.006731514232261207,0.9518598392586926,0.21757511770964,-0.22724300706611944,41,-0.005868751584176232,0.02582588419307723,0.02,0.02582588419307723,chart_cl_3.csv,431,20250831_165524:431,sobol,11,20,44,128,21,14,2.2,1.9000000000000001,1.1,1.4000000000000001,14,0.6
7,2108,1248,300,258,2023-07-05 01:00:00,2023-07-26 11:00:00,-0.48565477474676866,-0.2015715038535002,-0.2671088874852968,-1.490387119490289,5.322507176529799,80.0,6,4.744840188189537,2.1573664667588925,,0.021266832608856822,0.9899739377295262,0.6550780161586667,-0.10183909759742356,21,-0.005420393278136054,0.053225071765297984,0.03190024891328523,0.053225071765297984,chart_cl_1.csv,42,20250831_165524:42,sobol,9,23,33,95,22,23,3.0,2.1,0.9,1.1,20,0.8
3,5623,1028,450,739,2024-03-22 18:00:00,2024-06-19 08:00:00,-0.4930131866839332,-1.0292722210272054,-1.4030749291381113,-8.564655748976294,2.4392006542476556,35.714285714285715,15,0.41998362101299996,-0.30162545159820453,,0.008923626761624451,0.9796309539628134,0.24642087473128632,-0.30044824370275863,88,-0.00732853552607328,0.024392006542476558,0.02,0.024392006542476558,chart_cl_4.csv,746,20250831_165524:746,sobol,6,28,46,125,28,22,2.6,2.4000000000000004,1.5,1.6,48,0.85
5,5623,2506,450,739,2024-09-13 06:00:00,2024-12-09 23:00:00,-0.5103547586478016,-2.6865563504395693,-3.353333428283862,-10.972176134357575,1.9633279980849163,14.285714285714285,15,0.04590159046925677,-0.5140070471673858,,0.006371426923283567,0.9283142984196797,0.057479876949070044,-0.37788366287957365,87,-0.007557673257591473,0.019633279980849162,0.02,0.02,chart_cl_4.csv,838,20250831_165524:838,sobol,7,18,48,76,22,18,2.4000000000000004,2.9000000000000004,0.9,0.9,21,0.75
2,5623,289,450,739,2023-12-27 01:00:00,2024-03-22 16:00:00,-0.5150389355113475,-4.648048404851092,-5.994926358581022,-33.66631598005077,0.6450643510780364,5.263157894736842,20,0.0034855044165155225,-0.15061013943707144,,0.003428742717523056,0.8473264712152874,0.019330339452161695,-0.3799228579323294,86,-0.007598457158646588,0.006450643510780364,0.02,0.02,chart_cl_4.csv,811,20250831_165524:811,sobol,9,16,57,127,15,12,2.5,3.0,0.8,1.4000000000000001,17,0.8
3,2775,406,300,353,2024-11-22 03:00:00,2025-01-06 19:00:00,-0.5182599032393626,-8.144771024622186,-9.779579977819168,-46.055612438016496,0.8749541823431822,0.0,6,0.0,-0.835080118752343,,0.00382552384734306,0.8082347176218975,0.01930923388223464,-0.32357669786547416,45,-0.006471533957309483,0.008749541823431822,0.02,0.02,chart_cl_3.csv,603,20250831_165524:603,sobol,8,28,55,95,10,17,2.4000000000000004,2.8,1.5,1.3,14,0.6
6,2775,1465,300,353,2025-03-28 20:00:00,2025-05-12 04:00:00,-0.5214667092915215,-4.594380254984054,-5.759579784865693,-35.02628760051692,1.155911417920748,0.0,13,0.0,-0.4222065995513606,,0.0058261599243313155,0.8400790116477632,0.05930924370388687,-0.3241358188016226,44,-0.006482716376032453,0.01155911417920748,0.02,0.02,chart_cl_3.csv,606,20250831_165524:606,sobol,8,28,55,95,10,17,2.4000000000000004,2.8,1.5,1.3,14,0.6
7,2775,1725,351,346,2025-05-06 18:00:00,2025-06-16 14:00:00,-0.5222672020097037,-1.2427860568800813,-1.5971153751947977,-7.606560368616377,5.410704289344408,25.0,9,0.04573222890068567,-1.6848281200045603,,0.02357572990247547,0.9794989768225587,0.45221764384711693,-0.11786274134822881,40,-0.006377204401667521,0.05410704289344408,0.0353635948537132,0.05410704289344408,chart_cl_3.csv,672,20250831_165524:672,sobol,10,21,47,117,29,13,2.0,2.1,1.5,1.3,23,0.8
3,5623,1028,450,739,2024-03-22 18:00:00,2024-06-19 08:00:00,-0.5232345859590154,-1.4197785528367002,-1.9294541249002866,-9.2196787467994,2.388601605508921,40.0,16,0.3877475818365088,-0.3486516871272224,,0.008467110647795085,0.9691760401904967,0.18421314453502022,-0.3255878697999426,88,-0.007776997085383724,0.02388601605508921,0.02,0.02388601605508921,chart_cl_4.csv,710,20250831_165524:710,sobol,12,28,30,116,25,18,2.6,2.6,1.6,1.0,39,0.65
7,2108,1248,300,258,2023-07-05 01:00:00,2023-07-26 11:00:00,-0.5317418892552723,-0.09796590022627588,-0.12991075103756797,-0.9110187918655369,9.49901766766042,83.33333333333334,7,3.7402771458898925,2.5051314514838463,,0.04537550709312614,0.9954542300176792,0.7413947799632026,-0.06247473048494402,21,-0.005934485686588063,0.0949901766766042,0.0680632606396892,0.0949901766766042,chart_cl_1.csv,37,20250831_165524:37,sobol,8,22,52,82,19,21,2.4000000000000004,1.9000000000000001,1.0,1.6,17,0.75
6,2775,1329,381,342,2025-03-24 06:00:00,2025-05-02 16:00:00,-0.5389747558773706,-4.535782855947653,-5.9449646748420175,-43.25054870567484,0.9830731907645176,0.0,7,0.0,-0.5670343492817155,,0.003702766194158064,0.8531180383809064,0.08776526899624809,-0.3275616082223078,39,-0.006551232164446156,0.009830731907645177,0.02,0.02,chart_cl_3.csv,541,20250831_165524:541,sobol,9,16,57,127,15,12,2.5,3.0,0.8,1.4000000000000001,17,0.8
2,5623,289,450,739,2023-12-27 01:00:00,2024-03-22 16:00:00,-0.5398175210566446,-2.389425144292943,-3.1461797604460777,-14.085482663758672,1.6070528916315674,28.57142857142857,29,0.008485537231379275,-0.1928945612639298,,0.008488696874673983,0.9302198756121436,0.08199660357903762,-0.39816903905243095,86,-0.007963380781048619,0.016070528916315673,0.02,0.02,chart_cl_4.csv,871,20250831_165524:871,sobol,11,17,59,71,25,20,2.7,2.6,1.2000000000000002,1.3,22,0.85
5,2108,600,384,246,2023-05-19 01:00:00,2023-06-08 11:00:00,-0.5528117196429843,-1.433430150913386,-1.8576114005614945,-6.806657442883725,1.3807951853575902,0.0,16,0.0,-0.35096445508572494,,0.005469128623700107,0.905580383165944,0.1860114259685934,-0.30694784380311807,20,-0.006138956876062362,0.013807951853575902,0.02,0.02,chart_cl_1.csv,7,20250831_165524:7,sobol,11,20,44,128,21,14,2.2,1.9000000000000001,1.1,1.4000000000000001,14,0.6
3,2775,406,300,353,2024-11-22 03:00:00,2025-01-06 19:00:00,-0.5581946309263998,-2.957182604322165,-3.8816929567444083,-18.21593648303852,2.340216996986738,50.0,11,0.5490116996417805,-0.36951530911582575,,0.011546294131952973,0.9500501463902551,0.20434738797043864,-0.2978203886393542,45,-0.006969643355430127,0.023402169969867378,0.02,0.023402169969867378,chart_cl_3.csv,638,20250831_165524:638,sobol,7,16,44,88,28,20,3.0,2.4000000000000004,1.4000000000000001,0.8,11,0.65
2,5623,289,450,739,2023-12-27 01:00:00,2024-03-22 16:00:00,-0.5631592340806777,-4.767654413501181,-6.281550249118288,-33.893498294395414,0.6931217571081094,3.571428571428571,29,0.005021165419539481,-0.14420889034002038,,0.0036472907517827286,0.8697512335001298,0.02347662826243087,-0.4153544686326045,86,-0.00830708937265209,0.006931217571081094,0.02,0.02,chart_cl_4.csv,835,20250831_165524:835,sobol,7,18,48,76,22,18,2.4000000000000004,2.9000000000000004,0.9,0.9,21,0.75
6,1581,363,447,162,2025-04-28 18:00:00,2025-05-16 04:00:00,-0.5936797412512647,-2.367295263651542,-3.2687403706725684,-13.697177712184732,5.286928349726798,100.0,4,inf,1.937961830793966,,0.021153938859222884,0.9637221732240197,0.5639547531997692,-0.12283439019154993,17,-0.0064941661982510866,0.05286928349726798,0.03173090828883433,0.05286928349726798,chart_cl_2.csv,375,20250831_165524:375,sobol,13,22,42,149,25,24,2.5,2.3,1.2000000000000002,0.9,30,0.8
2,5623,289,450,739,2023-12-27 01:00:00,2024-03-22 16:00:00,-0.6073783217479928,-3.215096498440277,-4.344329687528108,-19.26711754629113,1.3021657148554135,9.523809523809524,22,0.007087560995070871,-0.19884162134993177,,0.0074718669641060135,0.9058997151817257,0.058419818411408406,-0.4479038120523249,86,-0.008958076241046498,0.013021657148554135,0.02,0.02,chart_cl_4.csv,943,20250831_165524:943,sobol,14,17,52,122,11,26,2.8,2.7,1.3,1.0,19,0.75
5,2108,501,447,237,2023-05-16 01:00:00,2023-06-04 17:00:00,-0.6183829078624786,-0.6118443902705325,-0.8295385061502868,-4.016285924505832,2.6968034791040667,10.0,11,0.04024886183623278,-0.5815354302034859,,0.012117599627389026,0.9644068797280135,0.48922239038927223,-0.25335662120736163,19,-0.006832530175260639,0.026968034791040665,0.02,0.026968034791040665,chart_cl_1.csv,174,20250831_165524:174,sobol,13,22,42,149,25,24,2.5,2.3,1.2000000000000002,0.9,30,0.8
2,5623,289,450,739,2023-12-27 01:00:00,2024-03-22 16:00:00,-0.6205109774261359,-2.5617515645808027,-3.3511049081059374,-15.003340119857544,1.7034112234543857,42.857142857142854,29,0.279106792497649,-0.1642075048598351,,0.008057313200455416,0.9343179326329044,0.08914870180556546,-0.4575688635124476,86,-0.009151377270248952,0.017034112234543857,0.02,0.02,chart_cl_4.csv,673,20250831_165524:673,sobol,9,26,54,74,16,27,2.7,2.5,1.5,0.9,31,0.8
6,5623,3245,450,739,2024-12-10 01:00:00,2025-03-07 21:00:00,-0.6234242772680887,-2.205492625322,-2.7059404550427804,-13.776752025247651,1.8625770358814429,40.0,16,0.3239014258209934,-0.39778653223316063,,0.006549416593083304,0.9469428790254516,0.0999748375581081,-0.46143374921923985,87,-0.009228674984384797,0.01862577035881443,0.02,0.02,chart_cl_4.csv,737,20250831_165524:737,sobol,13,26,39,85,11,13,2.5,2.7,1.6,1.4000000000000001,40,0.7
3,2775,260,414,337,2024-11-19 11:00:00,2024-12-30 19:00:00,-0.6382075416745465,-2.6261347507814645,-3.350435431518634,-16.461945622634836,2.952821972230388,81.25,17,1.0581356968507225,0.02176703230903615,,0.01082927000449989,0.9520080501984685,0.28104871727175074,-0.2650512917996187,41,-0.007826492781939622,0.029528219722303878,0.02,0.029528219722303878,chart_cl_3.csv,528,20250831_165524:528,sobol,13,19,47,138,25,23,2.9000000000000004,1.8,1.5,0.8,43,0.6
6,5623,3245,450,739,2024-12-10 01:00:00,2025-03-07 21:00:00,-0.6530238846461713,-2.5134371988318858,-3.0308290359792456,-12.714954337968477,2.100119563744786,56.25,17,0.3580592965321029,-0.36785300866159043,,0.007807950923076138,0.929627023057771,0.076468906112477,-0.4602552086277409,87,-0.009665909679545566,0.02100119563744786,0.02,0.02100119563744786,chart_cl_4.csv,887,20250831_165524:887,sobol,6,20,50,101,14,10,2.7,2.2,1.0,1.1,38,0.65
2,5623,289,450,739,2023-12-27 01:00:00,2024-03-22 16:00:00,-0.6649702427643235,-6.074640424634473,-7.599225598914275,-32.153585458591834,0.8434416899645544,9.090909090909092,23,0.04217904053331564,-0.2256295282063302,,0.004323098476619334,0.8520142666019124,0.0185818209211691,-0.49028279197464686,86,-0.009805655839492937,0.008434416899645544,0.02,0.02,chart_cl_4.csv,847,20250831_165524:847,sobol,14,16,41,113,17,27,2.6,2.8,0.9,1.1,29,0.6
6,1581,416,414,166,2025-04-30 10:00:00,2025-05-20 04:00:00,-0.6865521676677871,-2.1391300466353482,-2.8577890114833964,-12.406150410474494,6.177687880928922,75.0,5,2.37053563194468,1.5087042259990648,,0.02778111963964669,0.9669084477906806,0.6141224740995418,-0.12278445229969066,19,-0.007585240229382944,0.061776878809289226,0.041671679459470035,0.061776878809289226,chart_cl_2.csv,315,20250831_165524:315,sobol,13,19,47,138,25,23,2.9000000000000004,1.8,1.5,0.8,43,0.6
3,5623,1028,450,739,2024-03-22 18:00:00,2024-06-19 08:00:00,-0.7347264415743012,-2.0844610602980334,-2.8272018244048334,-13.868302871147,2.1276728607711384,8.333333333333332,13,0.1337227097207594,-0.5951241707551079,,0.008275660023239003,0.9561382129029525,0.17939671807611685,-0.5129016405485796,88,-0.010912869008402062,0.021276728607711383,0.02,0.021276728607711383,chart_cl_4.csv,830,20250831_165524:830,sobol,13,25,35,120,17,20,2.2,2.2,1.4000000000000001,1.2000000000000002,45,0.6
5,2108,514,438,238,2023-05-16 09:00:00,2023-06-05 03:00:00,-0.7405582469280605,-0.9835488500624252,-1.3041843941866238,-6.262995957376991,2.0413679537040026,0.0,12,0.0,-0.670062394426992,,0.009861509762113429,0.9420956842811308,0.40270070900843835,-0.4007848697547925,19,-0.00818149389446866,0.020413679537040028,0.02,0.020413679537040028,chart_cl_1.csv,20,20250831_165524:20,sobol,7,25,39,146,14,28,2.9000000000000004,2.2,1.0,1.3,21,0.85
3,5623,1028,450,739,2024-03-22 18:00:00,2024-06-19 08:00:00,-0.7436611108318573,-1.5955588144454764,-2.1146465770338136,-9.63401628469434,3.093977635815923,8.333333333333332,13,0.22628759538887666,-0.6126963740636167,,0.011365886175571846,0.9687419542334857,0.24380097357701905,-0.35699193199543366,88,-0.011045250537605907,0.030939776358159234,0.02,0.030939776358159234,chart_cl_4.csv,800,20250831_165524:800,sobol,13,19,47,138,25,23,2.9000000000000004,1.8,1.5,0.8,43,0.6
6,2775,1307,393,340,2025-03-21 10:00:00,2025-05-01 16:00:00,-0.7527709556586502,-8.439319594650254,-10.87232486954698,-51.67247923647678,1.0470025676185557,0.0,7,0.0,-0.37964616022321734,,0.0018517288601366537,0.725891535024264,0.048041872223101294,-0.46147235809659076,41,-0.009229447161931815,0.010470025676185556,0.02,0.02,chart_cl_3.csv,546,20250831_165524:546,sobol,8,28,45,131,27,10,1.9000000000000001,2.6,1.1,1.0,15,0.85
5,5623,2506,450,739,2024-09-13 06:00:00,2024-12-09 23:00:00,-0.753984064716434,-1.9675828201860264,-2.5033345128045883,-9.620599836621354,3.1341850879297453,15.384615384615385,14,0.02687047550517122,-0.8335065923825298,,0.010400260229511295,0.9487926908487175,0.17492940571706656,-0.35596557111608956,87,-0.011156619848084432,0.03134185087929745,0.02,0.03134185087929745,chart_cl_4.csv,832,20250831_165524:832,sobol,13,25,35,120,17,20,2.2,2.2,1.4000000000000001,1.2000000000000002,45,0.6
3,2775,406,300,353,2024-11-22 03:00:00,2025-01-06 19:00:00,-0.7640130786823988,-3.8936134416567265,-4.735327340826718,-21.357651357595127,2.4953121786017443,44.44444444444444,10,0.2924293849574472,-0.6772564866864466,,0.010139843017055379,0.9158721460871095,0.17559272463648545,-0.38213938382905493,45,-0.009535570583920072,0.024953121786017444,0.02,0.024953121786017444,chart_cl_3.csv,473,20250831_165524:473,sobol,13,26,39,85,11,13,2.5,2.7,1.6,1.4000000000000001,40,0.7
5,5623,2506,450,739,2024-09-13 06:00:00,2024-12-09 23:00:00,-0.7827469882604219,-3.523483291087871,-4.265453821662646,-15.843573425062015,1.9633279980849163,15.384615384615385,14,0.028113857778976643,-0.7600750475556847,,0.007102602509888097,0.9046693521368037,0.07021071397410086,-0.5790566752447043,87,-0.011581133504894085,0.019633279980849162,0.02,0.02,chart_cl_4.csv,964,20250831_165524:964,sobol,10,27,35,80,14,26,2.8,3.0,1.1,0.9,42,0.6
3,2775,406,300,353,2024-11-22 03:00:00,2025-01-06 19:00:00,-0.7835071901595797,-2.8029098151285106,-3.5799716903362206,-15.506737545896554,3.4949980211719223,35.714285714285715,15,0.36164558839085453,-0.4976341415385815,,0.015872536649195152,0.9539617020151987,0.32382284687884716,-0.2797853598151712,45,-0.009778492789068977,0.034949980211719224,0.02380880497379273,0.034949980211719224,chart_cl_3.csv,518,20250831_165524:518,sobol,6,21,37,92,15,11,2.8,2.0,1.6,1.0,50,0.75
5,1581,432,300,183,2025-04-17 06:00:00,2025-05-09 10:00:00,-0.7861354227258097,-6.796405492387937,-8.613802248905499,-49.22543736918897,1.5832379662268574,0.0,10,0.0,-0.8534360300231263,,0.010684125819065983,0.8578689969746451,0.1962401203712238,-0.44073164842217577,22,-0.008814632968443516,0.015832379662268574,0.02,0.02,chart_cl_2.csv,397,20250831_165524:397,sobol,7,16,44,88,28,20,3.0,2.4000000000000004,1.4000000000000001,0.8,11,0.65
5,1581,313,375,172,2025-04-11 14:00:00,2025-05-02 20:00:00,-0.8796942790925527,-9.114350727524313,-12.187358436704534,-40.44650702787138,2.063736822534494,,1,,,,0.005458867224446411,0.7354862362543586,0.17012528654450776,-0.47555600528847947,21,-0.009814224392912437,0.02063736822534494,0.02,0.02063736822534494,chart_cl_2.csv,356,20250831_165524:356,sobol,9,23,39,125,19,19,1.9000000000000001,1.9000000000000001,0.9,0.8,44,0.65
3,2775,271,405,338,2024-11-19 15:00:00,2024-12-31 01:00:00,-0.8890195578611155,-5.429339849123467,-6.6538464916971485,-29.015926819737963,2.080816237961815,21.428571428571427,15,0.31146690794508336,-0.21462170217470095,,0.008401598821609992,0.8948168632845045,0.15103809751984146,-0.5236974714307054,41,-0.010897182023325557,0.02080816237961815,0.02,0.02080816237961815,chart_cl_3.csv,493,20250831_165524:493,sobol,10,24,55,135,18,12,2.8,2.4000000000000004,0.8,1.0,12,0.65
5,1581,267,405,168,2025-04-10 06:00:00,2025-05-01 04:00:00,-0.8907879093154918,-8.316696527406647,-10.315760023550787,-68.813302403032,1.228393092268796,0.0,8,0.0,-0.6412852396591694,,0.0044322369942129715,0.7835512293688797,0.1756361337078109,-0.49444133678672225,20,-0.009888826735734445,0.01228393092268796,0.02,0.02,chart_cl_2.csv,288,20250831_165524:288,sobol,10,24,55,135,18,12,2.8,2.4000000000000004,0.8,1.0,12,0.65
7,2108,1107,375,247,2023-06-29 13:00:00,2023-07-20 01:00:00,-0.8988182840535159,-0.49831527256628133,-0.6971293989191212,-3.4975698333993823,4.229985827719223,50.0,9,2.042980712995151,0.33330005455539274,,0.01700298170990899,0.9768124015883125,0.6640384798822256,-0.23588479602541917,20,-0.009977893441619628,0.04229985827719223,0.025504472564863483,0.04229985827719223,chart_cl_1.csv,60,20250831_165524:60,sobol,6,28,46,125,28,22,2.6,2.4000000000000004,1.5,1.6,48,0.85
2,5623,289,450,739,2023-12-27 01:00:00,2024-03-22 16:00:00,-0.9371827732193992,-6.063107795481624,-7.64589900580877,-33.76097124162537,1.066656452851903,17.391304347826086,24,0.09824836397330271,-0.2731980057572735,,0.005599440967906812,0.8537400546699935,0.035245416348419184,-0.6903757492861118,86,-0.013807514985722236,0.010666564528519029,0.02,0.02,chart_cl_4.csv,889,20250831_165524:889,sobol,8,28,55,95,10,17,2.4000000000000004,2.8,1.5,1.3,14,0.6
3,5623,1028,450,739,2024-03-22 18:00:00,2024-06-19 08:00:00,-0.9599605984793029,-2.1045520916345812,-2.8105632267725027,-14.385780115374553,2.5514971127058685,26.31578947368421,20,0.15982280991658995,-0.49087878787253514,,0.008892873000323003,0.9564080251646273,0.23256631899923377,-0.5584052717885876,88,-0.01424769438688317,0.025514971127058684,0.02,0.025514971127058684,chart_cl_4.csv,920,20250831_165524:920,sobol,12,19,34,98,18,30,2.4000000000000004,2.3,1.1,1.5,49,0.85
3,5623,1028,450,739,2024-03-22 18:00:00,2024-06-19 08:00:00,-0.9695224362322307,-2.368808800259479,-3.1180903534416085,-17.644481232338578,2.0966541251543616,15.0,21,0.018017616034386744,-0.4692691188960973,,0.00788050420124932,0.949722818816916,0.20025950776093013,-0.6862914289619353,88,-0.01438915755591123,0.020966541251543614,0.02,0.020966541251543614,chart_cl_4.csv,722,20250831_165524:722,sobol,9,23,33,95,22,23,3.0,2.1,0.9,1.1,20,0.8
5,2108,613,375,247,2023-05-19 09:00:00,2023-06-08 21:00:00,-0.9733100023345628,-1.260513938318579,-1.663154613998755,-3.616831422512584,4.402550025373971,68.75,17,8.425453234604165,0.3495125274734733,,0.008305802225341854,0.9316734679719135,0.4052955781237886,-0.2454039046486268,20,-0.010804029666376835,0.04402550025373971,0.02,0.04402550025373971,chart_cl_1.csv,58,20250831_165524:58,sobol,6,28,46,125,28,22,2.6,2.4000000000000004,1.5,1.6,48,0.85
3,5623,1028,450,739,2024-03-22 18:00:00,2024-06-19 08:00:00,-1.011658520190673,-2.2876263366873673,-3.0368708162546096,-16.29474814061853,2.3475672150010864,0.0,19,0.0,-0.5491718995509163,,0.00819770392810902,0.9519585493115449,0.22027208862522193,-0.6394890730527274,88,-0.015012435822500177,0.023475672150010864,0.02,0.023475672150010864,chart_cl_4.csv,788,20250831_165524:788,sobol,6,21,37,92,15,11,2.8,2.0,1.6,1.0,50,0.75
3,5623,1028,450,739,2024-03-22 18:00:00,2024-06-19 08:00:00,-1.0133924444248947,-2.1954147175786134,-2.912216095439277,-15.015692146192103,2.5509499826648794,37.5,25,0.08933627672718261,-0.4101335394186372,,0.008667880591579667,0.951710840561385,0.23303457377068193,-0.5895090247608843,88,-0.015038080364945677,0.025509499826648793,0.02,0.025509499826648793,chart_cl_4.csv,806,20250831_165524:806,sobol,12,22,42,71,30,26,2.3,2.1,1.3,1.2000000000000002,36,0.7
3,2775,406,300,353,2024-11-22 03:00:00,2025-01-06 19:00:00,-1.0239604351202083,-7.816444224248066,-9.329686383905782,-31.447384623864366,2.0351533279586493,46.666666666666664,16,0.17550764670948718,-0.6329784392076048,,0.009480740146613079,0.8370082499219754,0.08284079428869619,-0.6276329596010092,45,-0.012773293064685304,0.020351533279586494,0.02,0.020351533279586494,chart_cl_3.csv,508,20250831_165524:508,sobol,10,18,32,82,26,22,2.7,2.8,0.9,1.3,10,0.7
3,5623,1028,450,739,2024-03-22 18:00:00,2024-06-19 08:00:00,-1.02897890334887,-2.038376747566975,-2.6884633276778604,-14.203295749873831,2.7291710431310126,15.789473684210526,20,0.024740774599757032,-0.5232752957020965,,0.008864125267512304,0.9568886214029005,0.25198245750076137,-0.5594588570028897,88,-0.015268589123554603,0.027291710431310127,0.02,0.027291710431310127,chart_cl_4.csv,902,20250831_165524:902,sobol,12,24,45,84,20,28,1.8,2.0,0.8,1.0,46,0.85
7,2108,1248,300,258,2023-07-05 01:00:00,2023-07-26 11:00:00,-1.0605576880430476,-0.6833620097256292,-0.9091628077514197,-3.289213985265783,5.033809265265457,66.66666666666666,7,1.0360195562335996,0.0325599060777203,,0.03121757952016747,0.9657697032637459,0.5985700979103172,-0.2350063559419372,21,-0.011829771719367953,0.05033809265265457,0.046826369280251204,0.05033809265265457,chart_cl_1.csv,84,20250831_165524:84,sobol,10,18,32,82,26,22,2.7,2.8,0.9,1.3,10,0.7
3,5623,1028,450,739,2024-03-22 18:00:00,2024-06-19 08:00:00,-1.0829109581444414,-2.4442693229595096,-3.237928285349046,-15.982540331385097,2.5231040631467283,6.25,17,0.09621958063701162,-0.6235458773703884,,0.00827685998520194,0.9504731671397785,0.2270881485479123,-0.6367557072096016,88,-0.016066009120924145,0.025231040631467284,0.02,0.025231040631467284,chart_cl_4.csv,824,20250831_165524:824,sobol,12,21,53,107,12,29,3.0,1.9000000000000001,1.4000000000000001,1.5,39,0.65
3,5623,1028,450,739,2024-03-22 18:00:00,2024-06-19 08:00:00,-1.0890072359010545,-2.729863051800285,-3.6343792486843127,-20.492655358978457,1.9763053792588463,5.555555555555555,19,0.06920680649665423,-0.5744097822269509,,0.008002804258485999,0.9424716097688342,0.19682669435951605,-0.8078064302022743,88,-0.016156128604045486,0.019763053792588463,0.02,0.02,chart_cl_4.csv,842,20250831_165524:842,sobol,6,23,57,89,24,14,2.1,2.3,1.3,1.5,48,0.8
3,5623,1028,450,739,2024-03-22 18:00:00,2024-06-19 08:00:00,-1.1078860574905833,-2.836462845265497,-3.812963324704093,-19.98640201083035,2.0531882469272915,6.25,17,0.09347035470956197,-0.6404688051582151,,0.00845118187690514,0.94366287534005,0.2014933810446405,-0.8004714448797975,88,-0.016435185626281074,0.020531882469272913,0.02,0.020531882469272913,chart_cl_4.csv,968,20250831_165524:968,sobol,10,21,47,117,29,13,2.0,2.1,1.5,1.3,23,0.8
5,5623,2506,450,739,2024-09-13 06:00:00,2024-12-09 23:00:00,-1.1217532476986631,-5.307655773819043,-6.41017198607865,-14.739758489784512,2.8105356248912283,11.11111111111111,19,0.0700182532321612,-0.6199154743788784,,0.011813020022511521,0.8812324308505073,0.06163055201875978,-0.589870499909315,87,-0.016578520540675278,0.028105356248912285,0.02,0.028105356248912285,chart_cl_4.csv,934,20250831_165524:934,sobol,7,16,44,88,28,20,3.0,2.4000000000000004,1.4000000000000001,0.8,11,0.65
3,5623,1028,450,739,2024-03-22 18:00:00,2024-06-19 08:00:00,-1.1778513137515971,-2.629162773720902,-3.448088077388315,-14.19284267176648,3.0284083666209853,7.142857142857142,15,0.13134753939612479,-0.7158922786457818,,0.01036078607576224,0.9474611679979811,0.23059643276481864,-0.5768400433265762,88,-0.017469072134122153,0.030284083666209854,0.02,0.030284083666209854,chart_cl_4.csv,866,20250831_165524:866,sobol,9,23,39,125,19,19,1.9000000000000001,1.9000000000000001,0.9,0.8,44,0.65
7,2108,1248,300,258,2023-07-05 01:00:00,2023-07-26 11:00:00,-1.1873850019292662,-0.7047529964531292,-0.9313953277532211,-3.364011968382056,5.456186225863503,66.66666666666666,7,0.6254617320772308,-0.26769718790039915,,0.031624640752427984,0.9666746328855039,0.6344169863251451,-0.2427095289032509,21,-0.013242683884877373,0.054561862258635026,0.04743696112864197,0.054561862258635026,chart_cl_1.csv,27,20250831_165524:27,sobol,12,19,58,92,30,11,1.8,3.0,1.3,0.9,43,0.7
7,2108,1248,300,258,2023-07-05 01:00:00,2023-07-26 11:00:00,-1.1922139106199607,-0.8421036931478026,-1.0698831699139237,-3.0192926622153196,6.1015568289177695,60.0,6,1.5838027685156433,0.46635955711032717,,0.03064525838168974,0.9582075580616922,0.5866175092229484,-0.21791934437897867,21,-0.013296472638488405,0.061015568289177695,0.04596788757253461,0.061015568289177695,chart_cl_1.csv,51,20250831_165524:51,sobol,13,26,39,85,11,13,2.5,2.7,1.6,1.4000000000000001,40,0.7
5,5623,2506,450,739,2024-09-13 06:00:00,2024-12-09 23:00:00,-1.1962871183891253,-4.9463931137201245,-6.164271175988911,-13.599275510047013,3.197516443655756,28.57142857142857,29,0.10466627924231692,-0.5009849550426905,,0.012653842173907436,0.8961825971518157,0.08309888116045197,-0.552796394604246,87,-0.017675755617406926,0.03197516443655756,0.02,0.03197516443655756,chart_cl_4.csv,784,20250831_165524:784,sobol,14,27,60,149,21,30,1.9000000000000001,2.5,1.0,1.6,26,0.65
7,2108,1122,366,248,2023-06-30 01:00:00,2023-07-20 15:00:00,-1.2047133631066003,-4.165868765398983,-5.299391156493359,-11.008784696278612,1.7504202881707898,0.0,2,0.0,-0.6743486706333844,,0.005346836325887354,0.7268936828837266,0.12745229563285962,-0.6684789048996411,20,-0.013369578097992822,0.017504202881707898,0.02,0.02,chart_cl_1.csv,215,20250831_165524:215,sobol,14,17,52,122,11,26,2.8,2.7,1.3,1.0,19,0.75
5,1581,280,396,169,2025-04-10 14:00:00,2025-05-01 14:00:00,-1.2313524290813007,-18.911222545006652,-23.02095021719173,-52.447313926362014,1.7605864936947717,,1,,,,0.003057578242988633,0.42090983214645983,0.07163924974901402,-0.6866206394343735,21,-0.013732412788687469,0.017605864936947716,0.02,0.02,chart_cl_2.csv,412,20250831_165524:412,sobol,10,20,58,132,22,16,2.6,2.1,1.0,1.2000000000000002,41,0.7
6,1581,532,348,176,2025-05-06 14:00:00,2025-05-27 06:00:00,-1.287738566673744,-5.737670056669641,-7.2631859299804304,-20.76963393181371,4.450044143876678,0.0,2,0.0,-6.668070179447843,,0.019742905297090114,0.912793953134538,0.48124845081202083,-0.32111549021305774,20,-0.014289781067307062,0.044500441438766775,0.029614357945635172,0.044500441438766775,chart_cl_2.csv,259,20250831_165524:259,sobol,12,28,30,116,25,18,2.6,2.6,1.6,1.0,39,0.65
5,2108,534,426,240,2023-05-17 01:00:00,2023-06-05 23:00:00,-1.300964498155501,-3.849829793990722,-4.81928586609925,-11.980624536873714,1.7743022350761746,0.0,17,0.0,-0.7953393771528137,,0.010366052386041012,0.8009122282700557,0.16869834476396245,-0.7182509958169634,19,-0.014365019916339268,0.017743022350761747,0.02,0.02,chart_cl_1.csv,44,20250831_165524:44,sobol,11,16,49,142,16,15,1.9000000000000001,3.0,1.2000000000000002,1.5,36,0.6
7,2108,1170,342,252,2023-07-02 01:00:00,2023-07-22 23:00:00,-1.348901983383587,-0.9356686338580542,-1.2973170698802274,-5.266000127011788,3.992725895921673,33.33333333333333,7,0.07495659946506975,-0.7467115226128631,,0.017118953091697642,0.9554760851997489,0.6102380980714412,-0.3748712817417334,20,-0.014967582742475683,0.03992725895921673,0.025678429637546463,0.03992725895921673,chart_cl_1.csv,200,20250831_165524:200,sobol,13,23,54,114,13,22,1.9000000000000001,2.0,0.8,1.4000000000000001,33,0.75
3,5623,1028,450,739,2024-03-22 18:00:00,2024-06-19 08:00:00,-1.3573371324044046,-2.8293493091425974,-3.7386650518976534,-17.458616983187063,2.7316392898635247,6.25,17,0.07869929585158382,-0.7762960428820218,,0.009651718295456746,0.9427038196216898,0.2473993907194066,-0.7365236944149904,88,-0.02011917061579424,0.027316392898635248,0.02,0.027316392898635248,chart_cl_4.csv,740,20250831_165524:740,sobol,7,19,59,112,27,25,2.3,1.8,1.1,0.8,24,0.85
7,2108,1248,300,258,2023-07-05 01:00:00,2023-07-26 11:00:00,-1.3724848743344806,-0.9831897606939508,-1.2791779738156392,-3.328898784615268,6.282146561108471,85.71428571428571,8,2.0824866463717373,0.6906853966685139,,0.030528344419648315,0.9527810019252663,0.5932232304935076,-0.2436126613095369,21,-0.015304104424881898,0.0628214656110847,0.04579251662947247,0.0628214656110847,chart_cl_1.csv,5,20250831_165524:5,sobol,9,26,54,74,16,27,2.7,2.5,1.5,0.9,31,0.8
5,5623,2506,450,739,2024-09-13 06:00:00,2024-12-09 23:00:00,-1.4040700974004068,-3.1650079460444176,-3.950242688091502,-10.726881501763296,4.554247198294725,23.809523809523807,22,0.04906815178724269,-0.7636744304069724,,0.014603757430686724,0.9277764039659355,0.20159398965383948,-0.4552180398115408,87,-0.02073175482424926,0.045542471982947245,0.021905636146030086,0.045542471982947245,chart_cl_4.csv,856,20250831_165524:856,sobol,11,27,51,99,12,24,2.0,2.5,1.0,0.8,12,0.7
3,5623,1028,450,739,2024-03-22 18:00:00,2024-06-19 08:00:00,-1.4319699076976575,-3.6892754466332036,-4.785505347290827,-17.921198218185797,2.764024664756599,24.137931034482758,30,0.04837945346086638,-0.4846291965080322,,0.009147732679770376,0.9189132768095611,0.18233662875562603,-0.7677280381409247,88,-0.021220192332467108,0.02764024664756599,0.02,0.02764024664756599,chart_cl_4.csv,752,20250831_165524:752,sobol,14,21,37,78,13,19,2.1,2.0,1.2000000000000002,1.1,26,0.65
3,2108,216,300,258,2023-04-10 01:00:00,2023-05-01 11:00:00,-1.433137976933213,-1.0490105620970842,-1.357597494196058,-3.4733924813405492,6.257362287646625,0.0,5,0.0,-2.477667616721546,,0.029576997437898513,0.9459632702925027,0.5753219522132702,-0.25536977652586035,21,-0.01597941209037665,0.06257362287646626,0.04436549615684777,0.06257362287646626,chart_cl_1.csv,126,20250831_165524:126,sobol,7,18,48,76,22,18,2.4000000000000004,2.9000000000000004,0.9,0.9,21,0.75
6,1581,377,438,163,2025-04-29 04:00:00,2025-05-16 16:00:00,-1.4673202983248756,-10.152853597982574,-12.537967713073293,-35.60764256077844,2.6913235983858588,,1,,,,0.0069458396996488255,0.7799398121397358,0.288386739044918,-0.5959399061267149,17,-0.01603867132578681,0.02691323598385859,0.02,0.02691323598385859,chart_cl_2.csv,251,20250831_165524:251,sobol,7,25,39,146,14,28,2.9000000000000004,2.2,1.0,1.3,21,0.85
5,5623,2506,450,739,2024-09-13 06:00:00,2024-12-09 23:00:00,-1.5096651344382253,-4.493831870738482,-5.509684940771371,-13.021807287148095,3.946200885109146,13.333333333333334,16,0.018131045909341188,-1.1434801533959067,,0.012792999110072936,0.8794603109050704,0.13356947914502604,-0.5646750089529241,87,-0.02228321020129044,0.03946200885109146,0.02,0.03946200885109146,chart_cl_4.csv,688,20250831_165524:688,sobol,14,23,49,104,26,16,2.8,2.2,0.8,1.5,29,0.7
7,2108,1038,414,242,2023-06-27 01:00:00,2023-07-17 03:00:00,-1.5204234672120038,-0.4845963643442447,-0.6590451309495589,-3.4065282607280447,7.109026610805204,50.0,7,1.0135052226894818,0.019006997794265734,,0.03582616738932238,0.9777631329882989,0.764126309468106,-0.2372745185340904,20,-0.016867908663248412,0.07109026610805204,0.05373925108398357,0.07109026610805204,chart_cl_1.csv,102,20250831_165524:102,sobol,13,19,47,138,25,23,2.9000000000000004,1.8,1.5,0.8,43,0.6
7,2108,1212,318,255,2023-07-03 13:00:00,2023-07-24 17:00:00,-1.631743733401845,-1.649550607189668,-1.9601362819584511,-6.227492265164634,3.9529489773646636,100.0,6,inf,2.126078647561047,,0.009518130660753335,0.9013649818525336,0.42448725212126576,-0.46016467549534096,21,-0.0181900748341865,0.039529489773646634,0.02,0.039529489773646634,chart_cl_1.csv,220,20250831_165524:220,sobol,11,27,40,106,16,23,2.1,3.0,1.6,0.9,24,0.8
7,2108,1092,384,246,2023-06-29 01:00:00,2023-07-19 11:00:00,-1.6784092713306225,-0.9719755894035473,-1.3207053355344867,-3.785661223353292,6.87329631096912,87.5,9,2.5649830825489706,0.47964973397703764,,0.028102354506327712,0.9555213755724739,0.666144736014058,-0.27086990608930245,20,-0.018617691262761544,0.0687329631096912,0.04215353175949157,0.0687329631096912,chart_cl_1.csv,9,20250831_165524:9,sobol,11,20,44,128,21,14,2.2,1.9000000000000001,1.1,1.4000000000000001,14,0.6
3,5623,1028,450,739,2024-03-22 18:00:00,2024-06-19 08:00:00,-1.6795668475972776,-3.3590656720472434,-4.4302603581362225,-17.57209552063933,3.141791294208794,12.0,26,0.043328662144192176,-0.716699933557075,,0.012892417259388325,0.9317895629939962,0.25787581703461815,-0.7915538936181595,88,-0.024868971318666076,0.03141791294208794,0.02,0.03141791294208794,chart_cl_4.csv,938,20250831_165524:938,sobol,6,24,30,76,28,13,2.0,1.8,0.9,1.6,35,0.6
7,2108,1248,300,258,2023-07-05 01:00:00,2023-07-26 11:00:00,-1.7386380912786479,-1.6074694143525077,-1.9873638463785062,-4.832742689566738,5.328664218217186,0.0,5,0.0,-1.597615951610404,,0.02981875100241939,0.9101985496275933,0.47166411849020373,-0.3636844900994144,21,-0.01937952529113312,0.05328664218217186,0.04472812650362908,0.05328664218217186,chart_cl_1.csv,130,20250831_165524:130,sobol,7,18,48,76,22,18,2.4000000000000004,2.9000000000000004,0.9,0.9,21,0.75
5,5623,2506,450,739,2024-09-13 06:00:00,2024-12-09 23:00:00,-1.7405579453808682,-7.269466526942991,-8.695480407705935,-17.94626179386888,3.1486527762854677,17.391304347826086,24,0.04584860384265225,-0.7532783590794909,,0.012659065321831411,0.8417920409939329,0.07162796025209543,-0.8153280197076023,87,-0.02567184832835674,0.031486527762854676,0.02,0.031486527762854676,chart_cl_4.csv,892,20250831_165524:892,sobol,8,28,55,95,10,17,2.4000000000000004,2.8,1.5,1.3,14,0.6
6,2108,738,447,237,2023-06-04 19:00:00,2023-06-24 11:00:00,-1.8182233542986863,-0.2811593552832762,-0.3528044721574896,-1.6880475606414074,17.037550912559983,0.0,2,0.0,-27.687100284475004,,0.0991861958668986,0.986233147653632,0.8206030561065605,-0.11777850828431086,19,-0.02006657331299314,0.17037550912559982,0.1487792938003479,0.17037550912559982,chart_cl_1.csv,175,20250831_165524:175,sobol,13,22,42,149,25,24,2.5,2.3,1.2000000000000002,0.9,30,0.8
7,2108,1107,375,247,2023-06-29 13:00:00,2023-07-20 01:00:00,-1.8356412247426648,-0.8431714286642952,-1.1294778275384199,-4.111049168298102,6.811457670366479,50.0,9,1.03807149799143,0.028210522631016532,,0.029951049094192703,0.9605290283260194,0.7049889436092602,-0.2988871814240722,20,-0.02035857384485214,0.06811457670366479,0.044926573641289054,0.06811457670366479,chart_cl_1.csv,153,20250831_165524:153,sobol,9,23,39,125,19,19,1.9000000000000001,1.9000000000000001,0.9,0.8,44,0.65
4,2108,474,300,258,2023-05-01 13:00:00,2023-05-22 23:00:00,-1.8614768482305522,-2.299732703287995,-3.166228916276068,-7.261613725638636,3.7611735481989728,0.0,9,0.0,-2.180943904907132,,0.023064722299780512,0.8770859717135132,0.387770608133615,-0.5515848999093069,21,-0.020746065351248632,0.037611735481989726,0.03459708344967077,0.037611735481989726,chart_cl_1.csv,207,20250831_165524:207,sobol,6,24,30,76,28,13,2.0,1.8,0.9,1.6,35,0.6
7,2108,1053,405,243,2023-06-27 13:00:00,2023-07-17 17:00:00,-1.9177827111416492,-2.6791263757310757,-3.393541390229408,-7.296792115006478,4.037794629500852,75.0,5,3.408977729541178,0.38637023745617827,,0.009591731512453117,0.8559987591663104,0.37793667832208494,-0.5267189961761413,20,-0.021267831340161032,0.04037794629500852,0.02,0.04037794629500852,chart_cl_1.csv,69,20250831_165524:69,sobol,10,24,55,135,18,12,2.8,2.4000000000000004,0.8,1.0,12,0.65
7,2108,1248,300,258,2023-07-05 01:00:00,2023-07-26 11:00:00,-2.014012591255079,-1.1639862401469978,-1.5355493592089378,-4.846315525346687,6.0265487294321165,71.42857142857143,8,0.2775007333989828,-0.6462008763268128,,0.031007843767623788,0.9479956767954129,0.6551841206107524,-0.3723936434967849,21,-0.022442484390641455,0.060265487294321164,0.04651176565143568,0.060265487294321164,chart_cl_1.csv,205,20250831_165524:205,sobol,7,16,44,88,28,20,3.0,2.4000000000000004,1.4000000000000001,0.8,11,0.65
7,2108,1248,300,258,2023-07-05 01:00:00,2023-07-26 11:00:00,-2.0624742214991274,-1.0502858400233792,-1.4058742759355982,-5.974278273870562,4.987818839635262,14.285714285714285,8,0.11231068231017574,-0.618478696671856,,0.022617487865653974,0.9541430137038168,0.6892924647536045,-0.4607491814214884,21,-0.02298133447440625,0.049878188396352614,0.03392623179848096,0.049878188396352614,chart_cl_1.csv,135,20250831_165524:135,sobol,6,23,57,89,24,14,2.1,2.3,1.3,1.5,48,0.8
7,2108,1134,360,249,2023-06-30 13:00:00,2023-07-21 05:00:00,-2.3257714319407,-1.152983359745875,-1.5612882916281103,-5.704618216537689,5.941890180533902,33.33333333333333,10,1.4834880389654213,0.5361164352014582,,0.028529617729363833,0.9497638802951803,0.7015150060165746,-0.4338990060751226,20,-0.02578180243541191,0.05941890180533902,0.042794426594045754,0.05941890180533902,chart_cl_1.csv,125,20250831_165524:125,sobol,13,25,35,120,17,20,2.2,2.2,1.4000000000000001,1.2000000000000002,45,0.6
4,2108,474,300,258,2023-05-01 13:00:00,2023-05-22 23:00:00,-2.3381798435664134,-3.908640351849889,-5.807206626203584,-7.8935347625911305,4.190676454759696,14.285714285714285,8,0.010467458343454738,-2.217604950647645,,0.028988815853420623,0.7638479325162777,0.23617565264260668,-0.5989871494674278,21,-0.0260458922617149,0.04190676454759697,0.043483223780130933,0.043483223780130933,chart_cl_1.csv,202,20250831_165524:202,sobol,7,16,44,88,28,20,3.0,2.4000000000000004,1.4000000000000001,0.8,11,0.65
4,2108,474,300,258,2023-05-01 13:00:00,2023-05-22 23:00:00,-2.3523757219458843,-2.2286624580886953,-3.0599217595644888,-4.684841104209389,7.096120884778355,40.0,6,0.18962243373582008,-3.235992181095865,,0.04469930091640882,0.8837445025915428,0.47456610421097,-0.3692670472492973,21,-0.026203636060461742,0.07096120884778355,0.06704895137461322,0.07096120884778355,chart_cl_1.csv,39,20250831_165524:39,sobol,9,23,33,95,22,23,3.0,2.1,0.9,1.1,20,0.8
5,2108,554,414,242,2023-05-17 17:00:00,2023-06-06 19:00:00,-2.433190679204151,-2.343505090393498,-2.8623694445576833,-9.761314306166133,3.685054304610476,66.66666666666666,16,0.48119585149764404,-0.5588146240326024,,0.011069809717790034,0.838416959349528,0.38658642991984793,-0.7318662725708495,20,-0.026969669581364326,0.03685054304610476,0.02,0.03685054304610476,chart_cl_1.csv,100,20250831_165524:100,sobol,13,19,47,138,25,23,2.9000000000000004,1.8,1.5,0.8,43,0.6
5,2108,567,405,243,2023-05-18 01:00:00,2023-06-07 05:00:00,-2.4539345020399366,-3.252452112049706,-4.058861567632869,-7.586232886535044,4.7584582998051275,14.285714285714285,15,0.14064865708781987,-1.3360344825242654,,0.02682380840184588,0.8418116001283711,0.35808364798486353,-0.5715933264444756,20,-0.027199030083329367,0.047584582998051274,0.04023571260276882,0.047584582998051274,chart_cl_1.csv,67,20250831_165524:67,sobol,10,24,55,135,18,12,2.8,2.4000000000000004,0.8,1.0,12,0.65
4,2108,474,300,258,2023-05-01 13:00:00,2023-05-22 23:00:00,-2.459861178010493,-2.5402825365828092,-3.412096062174792,-4.841302330411243,7.122208249381112,33.33333333333333,7,0.13900769385235906,-3.632244932883592,,0.045040895775930304,0.8694106722482025,0.44743768268142087,-0.38468203722708144,21,-0.027397855789274516,0.07122208249381112,0.06756134366389546,0.07122208249381112,chart_cl_1.csv,104,20250831_165524:104,sobol,12,22,42,71,30,26,2.3,2.1,1.3,1.2000000000000002,36,0.7
4,2108,444,321,255,2023-04-30 19:00:00,2023-05-21 23:00:00,-2.6024427960352,-2.622905082193441,-3.580437615628417,-5.132884008023066,7.096120884778355,50.0,5,0.3059463223916651,-2.1471758090881403,,0.04352485731781659,0.858981753783985,0.4429372251257298,-0.4084146361145433,21,-0.028981596289815628,0.07096120884778355,0.0652872859767249,0.07096120884778355,chart_cl_1.csv,117,20250831_165524:117,sobol,12,21,53,107,12,29,3.0,1.9000000000000001,1.4000000000000001,1.5,39,0.65
7,2108,1248,300,258,2023-07-05 01:00:00,2023-07-26 11:00:00,-2.6741525036178246,-0.9981525228489734,-1.2950156703476605,-3.774225748485741,9.772076839787958,28.57142857142857,8,0.2537148362635786,-2.045329937290999,,0.04960837000878729,0.9562398818047729,0.7436716827448766,-0.3047247858340768,21,-0.02977794022158528,0.09772076839787959,0.07441255501318093,0.09772076839787959,chart_cl_1.csv,210,20250831_165524:210,sobol,6,24,30,76,28,13,2.0,1.8,0.9,1.6,35,0.6
4,2108,285,432,239,2023-04-26 19:00:00,2023-05-16 15:00:00,-2.934915150596379,-2.5365613513631247,-3.408628512273531,-5.057514753249924,8.318075875119932,100.0,7,inf,3.105501865318006,,0.04066583136465171,0.8856509085124279,0.5493863847722688,-0.38898653138969214,19,-0.0323561948249918,0.08318075875119932,0.06099874704697757,0.08318075875119932,chart_cl_1.csv,146,20250831_165524:146,sobol,9,20,31,144,29,17,2.8,2.0,1.6,1.4000000000000001,31,0.8
5,2108,567,405,243,2023-05-18 01:00:00,2023-06-07 05:00:00,-2.943825487820515,-4.813640617239827,-5.734917263915693,-12.345522263302778,3.3730857948563195,0.0,20,0.0,-1.5448524880891288,,0.026263739595727927,0.7296123146401221,0.24141322082271097,-0.8278303723288655,20,-0.032612881992419726,0.033730857948563196,0.03939560939359189,0.03939560939359189,chart_cl_1.csv,160,20250831_165524:160,sobol,14,26,33,135,30,29,2.2,2.9000000000000004,1.6,1.4000000000000001,17,0.75
5,2108,732,300,258,2023-05-23 01:00:00,2023-06-13 11:00:00,-2.9569079327305303,-2.0437042385614586,-2.681490648295212,-9.438590297926035,4.229857509015526,30.0,11,0.2501600754209017,-1.0243614162138026,,0.021635355559480977,0.90009889832039,0.5637693637067193,-0.77820115593101,21,-0.03291680002939345,0.042298575090155256,0.03245303333922146,0.042298575090155256,chart_cl_1.csv,208,20250831_165524:208,sobol,6,24,30,76,28,13,2.0,1.8,0.9,1.6,35,0.6
7,2108,1248,300,258,2023-07-05 01:00:00,2023-07-26 11:00:00,-3.0311411160506396,-1.326618662053577,-1.7222489360426882,-3.9437268001666306,10.320013428232162,60.0,6,0.48660935994949456,-0.8431186446726298,,0.053827697303966374,0.94137109279561,0.7105187355549297,-0.32694290085094213,21,-0.033740551270468995,0.10320013428232162,0.08074154595594957,0.10320013428232162,chart_cl_1.csv,65,20250831_165524:65,sobol,14,21,37,78,13,19,2.1,2.0,1.2000000000000002,1.1,26,0.65
6,2108,752,438,238,2023-06-05 05:00:00,2023-06-24 23:00:00,-3.26246336989945,-0.8208270025894346,-1.0051014046201971,-3.3243575420271982,13.743248335507957,0.0,3,0.0,-18.030378717467066,,0.07133859552110998,0.9578250278630851,0.7794660393934405,-0.26162661355775857,19,-0.035955995213022486,0.13743248335507957,0.10700789328166496,0.13743248335507957,chart_cl_1.csv,21,20250831_165524:21,sobol,7,25,39,146,14,28,2.9000000000000004,2.2,1.0,1.3,21,0.85
4,2108,324,405,243,2023-04-27 19:00:00,2023-05-17 23:00:00,-3.3897755404983,-4.830530153395406,-6.703563999851206,-8.577727261876545,5.3966686325428554,0.0,4,0.0,-0.6265618215627137,,0.029548216670000512,0.7175718331085484,0.2918459100704907,-0.6955494609132437,20,-0.03753649958092595,0.05396668632542855,0.044322325005000766,0.05396668632542855,chart_cl_1.csv,66,20250831_165524:66,sobol,10,24,55,135,18,12,2.8,2.4000000000000004,0.8,1.0,12,0.65
7,2108,1248,300,258,2023-07-05 01:00:00,2023-07-26 11:00:00,-3.468313138804871,-3.863609066627827,-4.884885182227637,-9.894186216159788,4.556029401778249,0.0,4,0.0,-3.4739265892896243,,0.021809702591345504,0.8096928207261512,0.41648362132371086,-0.8469909364776416,21,-0.038589156096318286,0.04556029401778249,0.03271455388701826,0.04556029401778249,chart_cl_1.csv,172,20250831_165524:172,sobol,8,28,55,95,10,17,2.4000000000000004,2.8,1.5,1.3,14,0.6
7,2108,1239,303,257,2023-07-04 13:00:00,2023-07-25 21:00:00,-3.4902959567622758,-1.7769709025367348,-2.3040163484195544,-6.407013440881894,7.088855173412142,16.666666666666664,7,0.05588506688085248,-1.348556580541208,,0.03543175016864757,0.9247831092254042,0.6829209071888926,-0.5478013769330919,21,-0.03883284624874444,0.07088855173412142,0.053147625252971356,0.07088855173412142,chart_cl_1.csv,98,20250831_165524:98,sobol,7,25,36,101,20,16,1.8,2.7,1.2000000000000002,1.3,23,0.75
7,2108,1248,300,258,2023-07-05 01:00:00,2023-07-26 11:00:00,-3.5665858202999066,-1.6710660632859051,-2.1905683496947894,-6.006217283618275,7.66201592107347,0.0,7,0.0,-2.127942999094035,,0.03867572671507078,0.9304206553384663,0.7042130207104693,-0.5178593880155363,21,-0.03967846875852403,0.0766201592107347,0.058013590072606175,0.0766201592107347,chart_cl_1.csv,93,20250831_165524:93,sobol,6,21,37,92,15,11,2.8,2.0,1.6,1.0,50,0.75
4,2108,264,447,237,2023-04-26 07:00:00,2023-05-15 23:00:00,-3.6149688668795448,-6.351638910676166,-7.7178398134146615,-9.923637999052959,4.974130724612073,0.0,4,0.0,-1.4875518805536858,,0.022942261575694445,0.6229910595693078,0.21944756581118333,-0.8006936557434837,19,-0.039827549140356244,0.04974130724612073,0.03441339236354167,0.04974130724612073,chart_cl_1.csv,85,20250831_165524:85,sobol,14,27,60,149,21,30,1.9000000000000001,2.5,1.0,1.6,26,0.65
4,2108,312,414,242,2023-04-27 13:00:00,2023-05-17 15:00:00,-3.752210400294356,-4.738272821359295,-6.041269734164515,-7.013557765082511,7.122208249381112,100.0,3,inf,1.7592839843814492,,0.0371062298669335,0.7216683863180027,0.32336936331053673,-0.5831729564947022,20,-0.04153479241562541,0.07122208249381112,0.05565934480040025,0.07122208249381112,chart_cl_1.csv,99,20250831_165524:99,sobol,13,19,47,138,25,23,2.9000000000000004,1.8,1.5,0.8,43,0.6
7,2108,1248,300,258,2023-07-05 01:00:00,2023-07-26 11:00:00,-3.789208211365786,-3.2939710696892925,-4.110412840593497,-7.4129354303858275,6.488219183190432,0.0,4,0.0,-4.211459835162324,,0.033149149413216734,0.8381091293963143,0.488840303645936,-0.6495667406340807,21,-0.04214531387344526,0.06488219183190432,0.049723724119825105,0.06488219183190432,chart_cl_1.csv,229,20250831_165524:229,sobol,10,27,35,80,14,26,2.8,3.0,1.1,0.9,42,0.6
6,2108,760,435,239,2023-06-05 15:00:00,2023-06-25 11:00:00,-3.8261475235044147,-0.9698185093150093,-1.186649901857131,-2.840476658661151,17.9824897250415,0.0,3,0.0,-22.62905752257389,,0.11079924294507568,0.9532753441455019,0.7873116423736105,-0.23437054658644887,19,-0.042145659458431774,0.179824897250415,0.1661988644176135,0.179824897250415,chart_cl_1.csv,189,20250831_165524:189,sobol,9,26,48,145,23,11,2.3,2.8,1.4000000000000001,1.1,27,0.7
4,2108,312,414,242,2023-04-27 13:00:00,2023-05-17 15:00:00,-3.9523108195284635,-3.3434218787006444,-4.256423824864162,-7.9657608192645375,6.5031003735689525,,1,,,,0.02536139233964483,0.77709836732356,0.4248861427641029,-0.6726176460409711,20,-0.04374100065238109,0.06503100373568953,0.03804208850946725,0.06503100373568953,chart_cl_1.csv,15,20250831_165524:15,sobol,6,17,34,138,11,25,2.0,2.9000000000000004,1.4000000000000001,1.2000000000000002,45,0.8
5,2108,666,342,252,2023-05-21 01:00:00,2023-06-10 23:00:00,-3.9728512150677604,-2.4901611247542954,-3.1170092728949643,-8.469860592651088,5.970569774646233,71.42857142857143,15,0.9812760277001373,-0.006018706122598583,,0.01515032103212661,0.8646075640191317,0.5559557719200653,-0.7364023903257785,20,-0.0439674185365633,0.059705697746462325,0.022725481548189916,0.059705697746462325,chart_cl_1.csv,198,20250831_165524:198,sobol,13,23,54,114,13,22,1.9000000000000001,2.0,0.8,1.4000000000000001,33,0.75
7,2108,1209,321,255,2023-07-03 13:00:00,2023-07-24 17:00:00,-4.08906496076238,-2.505145001734944,-3.067719348530304,-7.30020172967963,7.011371738165165,57.14285714285714,8,0.7153571700523564,-0.16317152450168465,,0.026942585804392905,0.8798657145365026,0.590695372674208,-0.6484630276374784,21,-0.04546615345222432,0.07011371738165165,0.04041387870658936,0.07011371738165165,chart_cl_1.csv,120,20250831_165524:120,sobol,12,21,53,107,12,29,3.0,1.9000000000000001,1.4000000000000001,1.5,39,0.65
4,2108,423,336,253,2023-04-30 07:00:00,2023-05-21 07:00:00,-4.180726178752877,-1.2456108084851611,-1.6871382751224548,-2.7425636229941777,19.054159327930183,66.66666666666666,7,1.122789871427455,0.92176610441265,,0.11496299879651542,0.946981089383059,0.7820200076986576,-0.24394075520904307,21,-0.046480860163287216,0.19054159327930184,0.17244449819477314,0.19054159327930184,chart_cl_1.csv,53,20250831_165524:53,sobol,7,19,59,112,27,25,2.3,1.8,1.1,0.8,24,0.85
4,2108,387,360,249,2023-04-29 07:00:00,2023-05-19 23:00:00,-4.311360714174123,-1.9541551917459425,-2.682651116737172,-4.130585371982743,13.058599308378238,100.0,7,inf,3.6935130575469555,,0.07905038539606464,0.9181460778854081,0.7081842964732353,-0.36525721749347384,20,-0.04769747647740437,0.13058599308378238,0.11857557809409697,0.13058599308378238,chart_cl_1.csv,122,20250831_165524:122,sobol,13,25,35,120,17,20,2.2,2.2,1.4000000000000001,1.2000000000000002,45,0.6
7,2108,1173,339,252,2023-07-02 01:00:00,2023-07-22 23:00:00,-4.509611425912925,-3.1927724838267446,-4.035854512828743,-7.025077446628033,7.851661866787787,0.0,7,0.0,-0.9142739115264288,,0.0387928063778649,0.8569101490658562,0.5645183413596143,-0.6352901118070099,20,-0.049880831452224494,0.07851661866787787,0.05818920956679735,0.07851661866787787,chart_cl_1.csv,140,20250831_165524:140,sobol,14,16,41,113,17,27,2.6,2.8,0.9,1.1,29,0.6
6,2108,763,432,239,2023-06-05 15:00:00,2023-06-25 11:00:00,-4.564021685121844,-1.1692467471527923,-1.4578675443749571,-3.2930467557228758,17.466730265246476,0.0,2,0.0,-35.781395850652885,,0.10448047338346228,0.9449666882417014,0.7879375056773685,-0.28762063196016097,19,-0.05023791997167861,0.17466730265246475,0.15672071007519342,0.17466730265246475,chart_cl_1.csv,148,20250831_165524:148,sobol,9,20,31,144,29,17,2.8,2.0,1.6,1.4000000000000001,31,0.8
4,2108,474,300,258,2023-05-01 13:00:00,2023-05-22 23:00:00,-5.039235438482012,-3.1945101358697627,-4.10240926475405,-7.17908111090652,8.139009313077441,0.0,4,0.0,-10.673786732818643,,0.04338202745299254,0.8304128732303109,0.5391187359367621,-0.6877397254240569,21,-0.055975200301997215,0.08139009313077442,0.06507304117948881,0.08139009313077442,chart_cl_1.csv,90,20250831_165524:90,sobol,6,21,37,92,15,11,2.8,2.0,1.6,1.0,50,0.75
4,2108,474,300,258,2023-05-01 13:00:00,2023-05-22 23:00:00,-5.054313835330781,-5.637901304089078,-7.496665850277477,-9.420290846861942,6.214513326753105,0.0,9,0.0,-5.093676967199772,,0.04207489680507794,0.6925507331657245,0.31651800609054015,-0.8895533820808573,21,-0.05614180013049021,0.062145133267531044,0.06311234520761691,0.06311234520761691,chart_cl_1.csv,81,20250831_165524:81,sobol,10,18,32,82,26,22,2.7,2.8,0.9,1.3,10,0.7
7,2108,1248,300,258,2023-07-05 01:00:00,2023-07-26 11:00:00,-5.273136290309014,-3.3898505322624635,-4.288106042687911,-7.182792391430998,8.372104148148452,0.0,5,0.0,-4.626511225785617,,0.04200696002403015,0.8364107701522504,0.5606998681102001,-0.6994532230484253,21,-0.058558952301195254,0.08372104148148451,0.06301044003604522,0.08372104148148451,chart_cl_1.csv,145,20250831_165524:145,sobol,11,27,51,99,12,24,2.0,2.5,1.0,0.8,12,0.7
4,2108,474,300,258,2023-05-01 13:00:00,2023-05-22 23:00:00,-5.417079837813655,-4.300190354084672,-5.977624921675162,-6.7174346266925715,9.10334155234416,0.0,7,0.0,-5.8790472123249105,,0.06169571385674796,0.7631643276889153,0.430775083905741,-0.6499464942007749,21,-0.060148369392611256,0.0910334155234416,0.09254357078512193,0.09254357078512193,chart_cl_1.csv,142,20250831_165524:142,sobol,11,27,51,99,12,24,2.0,2.5,1.0,0.8,12,0.7
4,2108,393,357,250,2023-04-29 13:00:00,2023-05-20 07:00:00,-5.4622135637475475,-4.21938574753726,-5.180503824024644,-7.6941513316723,8.139009313077441,,1,,,,0.04054173251510671,0.7546730045260098,0.4416305791294409,-0.7416105678724633,20,-0.060359753185906286,0.08139009313077442,0.06081259877266007,0.08139009313077442,chart_cl_1.csv,76,20250831_165524:76,sobol,10,24,50,119,10,20,2.2,2.3,1.2000000000000002,0.9,34,0.85
4,2108,474,300,258,2023-05-01 13:00:00,2023-05-22 23:00:00,-5.4939990257714575,-4.360484495278756,-6.058102005044225,-6.7759722571735495,9.10334155234416,0.0,6,0.0,-5.588993736060895,,0.06176331953699283,0.7618468286942303,0.43070779559113315,-0.6584005877411866,21,-0.06099750882600419,0.0910334155234416,0.09264497930548925,0.09264497930548925,chart_cl_1.csv,169,20250831_165524:169,sobol,8,28,55,95,10,17,2.4000000000000004,2.8,1.5,1.3,14,0.6
4,2108,474,300,258,2023-05-01 13:00:00,2023-05-22 23:00:00,-5.588428573462412,-3.824345178795054,-5.157790561941747,-5.9964756116484,10.394235985969331,33.33333333333333,7,0.03813100495524082,-5.757794640761623,,0.06695891908815009,0.8117745990165853,0.5204339046018952,-0.5968669840188348,21,-0.062039762841255536,0.10394235985969331,0.10043837863222513,0.10394235985969331,chart_cl_1.csv,34,20250831_165524:34,sobol,8,22,52,82,19,21,2.4000000000000004,1.9000000000000001,1.0,1.6,17,0.75
4,2108,378,366,248,2023-04-29 01:00:00,2023-05-19 15:00:00,-5.9473775692443365,-5.5686534094525495,-7.220715142860505,-8.046919497457637,8.219207691655562,0.0,4,0.0,-1.0913479928470282,,0.048021136391157196,0.7061753355682352,0.3868080939578992,-0.7992127831785041,20,-0.0656889585477021,0.08219207691655563,0.0720317045867358,0.08219207691655563,chart_cl_1.csv,212,20250831_165524:212,sobol,14,17,52,122,11,26,2.8,2.7,1.3,1.0,19,0.75
4,2108,264,447,237,2023-04-26 07:00:00,2023-05-15 23:00:00,-5.982452123691843,-5.175742239976526,-6.2195994495717155,-8.35732545713649,8.139009313077441,,1,,,,0.031026633342400696,0.641079741560857,0.34749976368498997,-0.8079798015086636,19,-0.06576155129257476,0.08139009313077442,0.04653995001360105,0.08139009313077442,chart_cl_1.csv,173,20250831_165524:173,sobol,13,22,42,149,25,24,2.5,2.3,1.2000000000000002,0.9,30,0.8
4,2108,366,375,247,2023-04-28 19:00:00,2023-05-19 07:00:00,-6.325959821400868,-5.761190583958052,-7.3052808971201175,-7.37483401595101,9.303860603428877,0.0,5,0.0,-1.9855895035174478,,0.0532139589709623,0.7022769265780469,0.3959196123507088,-0.750696980255254,20,-0.06984380059709883,0.09303860603428876,0.07982093845644345,0.09303860603428876,chart_cl_1.csv,150,20250831_165524:150,sobol,9,23,39,125,19,19,1.9000000000000001,1.9000000000000001,0.9,0.8,44,0.65
5,2108,712,312,256,2023-05-22 09:00:00,2023-06-12 15:00:00,-6.526698522406309,-3.0928847512098447,-3.5846818791505455,-7.017683187531811,9.759275051498749,92.3076923076923,14,26.701969146256143,1.5683753922099881,,0.027574247443199137,0.8122785957167192,0.5457086873509553,-0.7416994827267054,21,-0.07238449257484263,0.09759275051498749,0.0413613711647987,0.09759275051498749,chart_cl_1.csv,12,20250831_165524:12,sobol,14,23,49,104,26,16,2.8,2.2,0.8,1.5,29,0.7
7,2108,1224,312,256,2023-07-04 01:00:00,2023-07-25 07:00:00,-6.587424347133252,-3.192527915509723,-4.01895715799109,-7.291772241883807,9.44022127577362,0.0,6,0.0,-1.2021082871385615,,0.03937219362680341,0.8653191122069972,0.6535599305654678,-0.7738516349112512,21,-0.07305330668181394,0.0944022127577362,0.05905829044020511,0.0944022127577362,chart_cl_1.csv,14,20250831_165524:14,sobol,14,23,49,104,26,16,2.8,2.2,0.8,1.5,29,0.7
5,2108,732,300,258,2023-05-23 01:00:00,2023-06-13 11:00:00,-7.8410688060703535,-3.622103489061796,-4.207742403537988,-5.940375633332396,12.625260692613093,100.0,14,inf,0.7339243175865799,,0.04453111678570041,0.8056062258498738,0.5670579391878526,-0.6878377372306009,21,-0.0868413074675344,0.12625260692613094,0.06679667517855062,0.12625260692613094,chart_cl_1.csv,156,20250831_165524:156,sobol,11,17,59,71,25,20,2.7,2.6,1.2000000000000002,1.3,22,0.85
5,2108,725,303,257,2023-05-22 17:00:00,2023-06-13 01:00:00,-8.080952104818858,-4.2572621961991155,-4.738654387475221,-7.474347228046642,10.19669876097724,75.0,13,19.17350165938838,0.39088037430682226,,0.03128142889297668,0.6832624096295482,0.4058507293669627,-0.877494240248573,21,-0.08947544432307289,0.1019669876097724,0.04692214333946502,0.1019669876097724,chart_cl_1.csv,96,20250831_165524:96,sobol,7,25,36,101,20,16,1.8,2.7,1.2000000000000002,1.3,23,0.75
5,2108,732,300,258,2023-05-23 01:00:00,2023-06-13 11:00:00,-8.286218753104025,-3.0691525332331673,-3.484939046284399,-5.025593403683226,15.315943396821845,100.0,14,inf,1.5283278436171825,,0.05186376536791683,0.797025048398748,0.5611682823012417,-0.5989078860643068,21,-0.09172839282871151,0.15315943396821846,0.07779564805187525,0.15315943396821846,chart_cl_1.csv,3,20250831_165524:3,sobol,9,26,54,74,16,27,2.7,2.5,1.5,0.9,31,0.8
5,2108,732,300,258,2023-05-23 01:00:00,2023-06-13 11:00:00,-8.52538579436973,-3.8839373342247447,-4.496469614093612,-6.1068360938514905,12.767696576399686,66.66666666666666,13,1.3652835687056193,0.05745528346082171,,0.045190517424076496,0.7960302053616253,0.5652791861970252,-0.738991420821616,21,-0.09435218233612887,0.12767696576399687,0.06778577613611475,0.12767696576399687,chart_cl_1.csv,133,20250831_165524:133,sobol,6,23,57,89,24,14,2.1,2.3,1.3,1.5,48,0.8
5,2108,732,300,258,2023-05-23 01:00:00,2023-06-13 11:00:00,-9.317078418553546,-3.784575965887081,-4.247075252154912,-5.828191518511058,13.896705332064553,80.0,11,19.352953043841207,1.0462644360064224,,0.04607156958933566,0.7167870740035132,0.48114127597623385,-0.7413839980458481,21,-0.10302794958751073,0.13896705332064552,0.06910735438400349,0.13896705332064552,chart_cl_1.csv,35,20250831_165524:35,sobol,8,22,52,82,19,21,2.4000000000000004,1.9000000000000001,1.0,1.6,17,0.75
5,2108,732,300,258,2023-05-23 01:00:00,2023-06-13 11:00:00,-9.635022184111858,-3.2659122616783978,-3.7730282514059605,-5.200188850028884,15.78651901714299,83.33333333333334,13,3.5181022758625984,1.0620100244050106,,0.054395377887889736,0.8134510024354489,0.6153831828655648,-0.6746770561719496,21,-0.10650802177688531,0.1578651901714299,0.08159306683183461,0.1578651901714299,chart_cl_1.csv,63,20250831_165524:63,sobol,14,21,37,78,13,19,2.1,2.0,1.2000000000000002,1.1,26,0.65
4,2108,474,300,258,2023-05-01 13:00:00,2023-05-22 23:00:00,-10.190925951920587,-3.376929661408305,-4.37724434061353,-5.467814409163142,15.339566364000143,0.0,4,0.0,-21.45020506061604,,0.07841874291705214,0.8156863212897852,0.6400721257140785,-0.7339648926245732,21,-0.11258703179260879,0.15339566364000143,0.11762811437557821,0.15339566364000143,chart_cl_1.csv,192,20250831_165524:192,sobol,12,19,34,98,18,30,2.4000000000000004,2.3,1.1,1.5,49,0.85
4,2108,474,300,258,2023-05-01 13:00:00,2023-05-22 23:00:00,-10.291815830005682,-3.4668925950164535,-4.444729234442644,-5.305772768898894,15.865493654284979,0.0,4,0.0,-22.72880302801795,,0.08249693144893017,0.813903238748491,0.6389776575696527,-0.7165836041820177,21,-0.1136895262491446,0.1586549365428498,0.12374539717339525,0.1586549365428498,chart_cl_1.csv,132,20250831_165524:132,sobol,6,23,57,89,24,14,2.1,2.3,1.3,1.5,48,0.8
4,2108,366,375,247,2023-04-28 19:00:00,2023-05-19 07:00:00,-10.70050840068394,-3.8442474264729887,-4.9075121956065955,-5.642891342452198,15.339566364000143,,1,,,,0.06848284054275819,0.7718581894375486,0.5933815015627705,-0.7667902924625865,20,-0.11762230578500923,0.15339566364000143,0.10272426081413728,0.15339566364000143,chart_cl_1.csv,57,20250831_165524:57,sobol,6,28,46,125,28,22,2.6,2.4000000000000004,1.5,1.6,48,0.85
5,2108,732,300,258,2023-05-23 01:00:00,2023-06-13 11:00:00,-11.138110666671356,-4.07293853036736,-4.6330960428365024,-5.329015696348458,16.2375825152785,77.77777777777779,10,2.371860928575769,0.6251415261172966,,0.05644749455474809,0.7574558611133912,0.5519256089565467,-0.7570599341859796,21,-0.12292823150356155,0.162375825152785,0.08467124183212213,0.162375825152785,chart_cl_1.csv,40,20250831_165524:40,sobol,9,23,33,95,22,23,3.0,2.1,0.9,1.1,20,0.8
5,2108,732,300,258,2023-05-23 01:00:00,2023-06-13 11:00:00,-11.687155321069815,-3.769966086865463,-4.268527651531537,-4.805679256343829,18.28577630267124,100.0,5,inf,2.749190088263588,,0.06274597993585931,0.7405384772837705,0.5472108285818844,-0.7049907003709116,21,-0.12891302242446018,0.18285776302671242,0.09411896990378897,0.18285776302671242,chart_cl_1.csv,193,20250831_165524:193,sobol,12,19,34,98,18,30,2.4000000000000004,2.3,1.1,1.5,49,0.85
5,2108,702,318,255,2023-05-22 01:00:00,2023-06-12 05:00:00,-11.757037490640482,-4.35236401661714,-4.849127896692232,-6.089555380761443,14.505584857099205,84.61538461538461,14,43.10415815926201,0.8449624842683893,,0.04045533201586085,0.7045169262064995,0.49324602536628365,-0.8939609173510679,21,-0.12967425945566163,0.14505584857099205,0.060682998023791276,0.14505584857099205,chart_cl_1.csv,218,20250831_165524:218,sobol,11,27,40,106,16,23,2.1,3.0,1.6,0.9,24,0.8
4,2108,474,300,258,2023-05-01 13:00:00,2023-05-22 23:00:00,-11.909755202916676,-3.5871211689900138,-4.640433558669904,-4.432729367506099,19.938974853308085,40.0,6,0.04291769566669359,-15.693103216211865,,0.11191194922281252,0.8188454460153735,0.6653001783838015,-0.6586970540222611,21,-0.13133743996097982,0.19938974853308086,0.16786792383421878,0.19938974853308086,chart_cl_1.csv,178,20250831_165524:178,sobol,12,24,45,84,20,28,1.8,2.0,0.8,1.0,46,0.85
5,2108,732,300,258,2023-05-23 01:00:00,2023-06-13 11:00:00,-12.221718639068376,-3.8464555808657974,-4.395623699543138,-4.633389030574601,19.222006673980392,100.0,7,inf,2.8410880507455296,,0.0672942918665749,0.7511723454196436,0.569790453180214,-0.700932039401642,21,-0.13473320339385048,0.1922200667398039,0.10094143779986235,0.1922200667398039,chart_cl_1.csv,179,20250831_165524:179,sobol,12,24,45,84,20,28,1.8,2.0,0.8,1.0,46,0.85
5,2108,732,300,258,2023-05-23 01:00:00,2023-06-13 11:00:00,-12.236266595742507,-4.149250219956317,-4.707828894753873,-5.105597756766627,17.450212716433725,36.36363636363637,12,4.390461757388084,0.5260353984765156,,0.06022198702143348,0.7526887683029975,0.5603259101737058,-0.7730077942816882,21,-0.134891504416767,0.17450212716433725,0.09033298053215022,0.17450212716433725,chart_cl_1.csv,91,20250831_165524:91,sobol,6,21,37,92,15,11,2.8,2.0,1.6,1.0,50,0.75
5,2108,653,351,251,2023-05-20 17:00:00,2023-06-10 13:00:00,-12.79790958223948,-4.950265552563037,-5.584423695734907,-5.878842022237566,15.450992565891708,6.666666666666667,16,0.2645829219011264,-0.8014485872064918,,0.038838028144892164,0.736555373808329,0.5536713527681084,-0.9085445150159852,20,-0.14037914547293676,0.15450992565891708,0.05825704221733825,0.15450992565891708,chart_cl_1.csv,232,20250831_165524:232,sobol,10,21,47,117,29,13,2.0,2.1,1.5,1.3,23,0.8
5,2108,676,336,253,2023-05-21 09:00:00,2023-06-11 09:00:00,-13.050710470087006,-4.852852364049055,-5.589979542549604,-6.099779500345421,14.937757707899518,0.0,11,0.0,-0.741546906105285,,0.03740245981545729,0.7463850349024598,0.5692406556425378,-0.9622987435563423,21,-0.14374585473860774,0.14937757707899518,0.05610368972318594,0.14937757707899518,chart_cl_1.csv,54,20250831_165524:54,sobol,7,19,59,112,27,25,2.3,1.8,1.1,0.8,24,0.85
