fold_id,bars_total,bars_train,bars_embargo,bars_val,val_start,val_end,total_return,sharpe_ratio,sortino_ratio,calmar_ratio,max_drawdown,win_rate,total_trades,profit_factor,expectancy,avg_hold_hours,ulcer_index,omega_0,omega_fees,calmar_robust,val_days,cagr_adj,maxdd_obs_frac,dd_floor,dd_adj,chart,trial_id,trial_uid,method,param_fast_min_len,param_fast_max_len,param_slow_min_len,param_slow_max_len,param_dma_atr_len,param_atr_len,param_upper_outer_mult,param_lower_outer_mult,param_upper_inner_mult,param_lower_inner_mult,param_momentum_len,param_momentum_threshold
5,2775,1348,300,412,2025-03-17 02:00:00,2025-05-05 08:00:00,7.582650827251143,15.828518989549698,24.58787664412091,10972.894393516952,4.554514001319944,100.0,8,inf,3.443760337071087,,0.018258338880122297,1.3668285173230934,0.6211477385374166,2.15244379260936,49,0.09803335390493532,0.045545140013199446,0.027387508320183447,0.045545140013199446,chart_cl_3.csv,1039,20250830_150755:1039,random,6,24,29,56,12,16,2.8,2.4,1.2,2.1,18,0.9
5,2775,1348,300,412,2025-03-17 02:00:00,2025-05-05 08:00:00,7.2668654047894705,13.172565592178625,19.940890130678657,7992.466695140343,4.866964370142671,100.0,15,inf,1.8170725413754165,,0.01796556389878857,1.2667230724235445,0.6641202898938405,1.9290917776887482,49,0.09388820948746324,0.04866964370142671,0.026948345848182856,0.04866964370142671,chart_cl_3.csv,889,20250830_150755:889,random,14,24,29,57,14,12,5.0,1.8,2.2,2.4,8,0.9
5,2775,1348,300,412,2025-03-17 02:00:00,2025-05-05 08:00:00,7.03329055094337,13.600539508322393,20.562947080446666,6692.927128384743,4.825906621320206,93.33333333333333,16,38.71876375148192,1.7325150994895233,,0.01790754791341463,1.2831384489997142,0.6383253438779267,1.882044119924977,49,0.09082569179962706,0.048259066213202056,0.026861321870121947,0.048259066213202056,chart_cl_3.csv,854,20250830_150755:854,random,8,20,34,42,12,14,2.2,1.8,0.8,1.2,12,0.95
5,2775,1348,300,412,2025-03-17 02:00:00,2025-05-05 08:00:00,6.7163481212891725,13.4081703170501,20.117967497088667,4965.114260966438,5.050611465892964,92.85714285714286,15,46.04770305641149,1.7413202648625807,,0.018893043613511445,1.2784709985674634,0.6243362728764477,1.7161258625518034,49,0.08667484958319592,0.050506114658929645,0.028339565420267165,0.050506114658929645,chart_cl_3.csv,859,20250830_150755:859,random,8,22,35,51,14,16,3.0,2.0,1.3,2.0,16,0.9
5,2775,1348,300,412,2025-03-17 02:00:00,2025-05-05 08:00:00,6.501762959277784,13.501041979417248,20.238736695582183,4182.5830544905875,5.048464059113132,93.33333333333333,16,63.65905444219597,1.5537251895182038,,0.01931229005486049,1.292074958241208,0.6025790408907611,1.661250532584249,49,0.0838676360693413,0.05048464059113132,0.028968435082290737,0.05048464059113132,chart_cl_3.csv,834,20250830_150755:834,random,12,24,31,53,10,16,5.0,2.2,3.0,2.7,8,0.9
5,2775,1348,300,412,2025-03-17 02:00:00,2025-05-05 08:00:00,6.412149752758381,17.11775849131536,26.929192826372955,6034.278423705158,3.2563703158076134,100.0,10,inf,2.3212377332962877,,0.01320217792019278,1.4109815131294758,0.5274665896252393,2.5395162653904495,49,0.08269605383128069,0.032563703158076135,0.02,0.032563703158076135,chart_cl_3.csv,904,20250830_150755:904,random,6,22,29,51,10,16,2.6,2.6,2.4,2.1,16,0.95
5,2775,1348,300,412,2025-03-17 02:00:00,2025-05-05 08:00:00,6.338866230327255,12.146721089281336,17.895863026204754,3643.6238562597814,5.084478578624821,93.33333333333333,16,36.71998888361395,1.5338839204114227,,0.019282381222298074,1.2446073506897768,0.6317802913751877,1.6076041189600696,49,0.08173828705761502,0.05084478578624821,0.028923571833447112,0.05084478578624821,chart_cl_3.csv,1069,20250830_150755:1069,random,12,26,29,53,8,8,3.4,1.8,1.2,2.7,18,0.75
5,2775,1348,300,412,2025-03-17 02:00:00,2025-05-05 08:00:00,5.91776176575263,16.80818675861366,25.703644143266658,4084.860834907949,3.229255769901479,100.0,9,inf,2.6190288680548246,,0.014257519767323243,1.4165808133996596,0.48980894579825784,2.360927882212866,49,0.07624039985957178,0.03229255769901479,0.021386279650984864,0.03229255769901479,chart_cl_3.csv,1159,20250830_150755:1159,random,14,20,31,51,12,14,2.2,2.8,0.8,2.2,14,0.9
5,2775,1348,300,412,2025-03-17 02:00:00,2025-05-05 08:00:00,5.683053586158351,13.743642552376695,20.791399543622234,2392.7813075104077,4.557778597515191,93.75,17,26.98043229704313,1.3003486957756893,,0.016207901376738075,1.2796965917898036,0.5525922086117514,1.6056126430627355,49,0.07318026940451135,0.04557778597515191,0.024311852065107113,0.04557778597515191,chart_cl_3.csv,924,20250830_150755:924,random,10,24,28,52,6,14,2.4,1.8,1.1,1.0,10,0.8500000000000001
5,2775,1348,300,412,2025-03-17 02:00:00,2025-05-05 08:00:00,4.12385058219941,14.730003533073024,23.143087452995797,1239.5587948071998,2.4274763641467056,100.0,8,inf,1.388695079016887,,0.009198043253976093,1.3597981243599895,0.37947855071594233,2.180350314449723,49,0.052927488538865405,0.024274763641467058,0.02,0.024274763641467058,chart_cl_3.csv,879,20250830_150755:879,random,12,24,35,54,12,6,3.0,2.4,1.8,0.7,16,0.95
5,2775,1348,300,412,2025-03-17 02:00:00,2025-05-05 08:00:00,3.9525176752763893,13.936927546091027,21.22209164342822,807.0711860922116,3.224835166041299,93.75,17,163.84287039814623,0.7870694342655447,,0.011049047155104378,1.3005310574889903,0.3894541811170734,1.572486093892614,49,0.050710084536958216,0.03224835166041299,0.02,0.03224835166041299,chart_cl_3.csv,994,20250830_150755:994,random,8,22,33,46,6,10,1.8,2.4,2.9,2.4,10,0.95
5,2775,1348,300,412,2025-03-17 02:00:00,2025-05-05 08:00:00,3.89187010415543,14.880445654605033,22.79074240074368,1098.8396737956996,2.2494673252305595,100.0,11,inf,1.1185087323428615,,0.008497992107054628,1.359160357847889,0.360948982706557,2.219439300872954,49,0.049925561876462674,0.022494673252305596,0.02,0.022494673252305596,chart_cl_3.csv,1194,20250830_150755:1194,random,8,24,30,47,18,18,2.4,2.8,1.5,0.5,18,0.8500000000000001
5,2775,1348,300,412,2025-03-17 02:00:00,2025-05-05 08:00:00,3.690412444420353,15.175833785514719,22.912775250675974,1076.1005415718616,1.9333186050789257,100.0,10,inf,1.2290316344363479,,0.008445202286851828,1.3654734143026084,0.3363396616627686,2.3660495287142527,49,0.04732099057428506,0.019333186050789257,0.02,0.02,chart_cl_3.csv,964,20250830_150755:964,random,6,20,35,44,12,6,3.6,2.2,1.0,1.1,14,0.8
5,2775,1348,300,412,2025-03-17 02:00:00,2025-05-05 08:00:00,3.337079055524349,13.31914307733802,19.98773969580815,676.4992114931956,2.2631966735291353,100.0,10,inf,1.1777991286496976,,0.008839088400773886,1.3070284557665612,0.3413408219763724,1.8892839104337984,49,0.04275821061445889,0.022631966735291352,0.02,0.022631966735291352,chart_cl_3.csv,1139,20250830_150755:1139,random,10,18,32,45,12,6,3.0,2.0,2.8,0.9,14,0.7
5,2775,1348,300,412,2025-03-17 02:00:00,2025-05-05 08:00:00,3.264233202376339,10.438162614122826,15.263253576186747,417.0770167318646,3.4432597521460946,91.66666666666666,13,18.950492579425962,0.9133442870128762,,0.011006074644437085,1.2125735679630947,0.4042856168292086,1.2144991060526584,49,0.0418183589088853,0.034432597521460946,0.02,0.034432597521460946,chart_cl_3.csv,1224,20250830_150755:1224,random,6,24,29,43,18,18,3.4,2.0,1.8,1.8,14,0.75
5,2775,1348,300,412,2025-03-17 02:00:00,2025-05-05 08:00:00,2.9744617138160745,12.880311546562723,18.777831844492393,636.0207661097717,1.744536893033088,100.0,17,inf,0.7264822606994289,,0.008915141015094883,1.3021314633957322,0.2961657672311295,1.9041304707846978,49,0.038082609415693955,0.01744536893033088,0.02,0.02,chart_cl_3.csv,1289,20250830_150755:1289,random,8,18,35,47,10,16,1.8,2.4,1.7,2.7,16,0.55
5,2775,1348,300,412,2025-03-17 02:00:00,2025-05-05 08:00:00,2.921717907034349,10.430289890282209,14.994160042222441,329.68649996353446,3.209075592062379,92.85714285714286,15,17.205269102370423,0.7396793798691694,,0.01096576040179859,1.2158835083265067,0.3641543868735682,1.1655420433656962,49,0.037403125228873665,0.03209075592062379,0.02,0.03209075592062379,chart_cl_3.csv,954,20250830_150755:954,random,10,26,33,53,18,16,3.6,2.2,2.3,2.1,16,0.65
4,2775,936,300,412,2025-01-27 17:00:00,2025-03-17 00:00:00,2.9022203857994384,15.275294393148116,22.205486109130977,1052.1251924003786,0.9879808821566385,76.92307692307693,14,14.297150633665447,0.7168259835747967,,0.004822215550435411,1.333256900286837,0.23648123658918818,1.849303421896642,48,0.03698606843793284,0.009879808821566385,0.02,0.02,chart_cl_3.csv,828,20250830_150755:828,random,12,20,36,56,6,8,3.4,3.2,1.8,3.0,8,0.55
4,2775,936,300,412,2025-01-27 17:00:00,2025-03-17 00:00:00,2.8924115480143655,12.17758050364651,18.606485772215525,460.7425594011678,2.2361266862480926,100.0,11,inf,0.3272865131634291,,0.004549556321470861,1.2865208424503174,0.3080922131555084,1.6483997838711002,48,0.03686030746319755,0.022361266862480925,0.02,0.022361266862480925,chart_cl_3.csv,853,20250830_150755:853,random,8,20,34,42,12,14,2.2,1.8,0.8,1.2,12,0.95
5,2775,1348,300,412,2025-03-17 02:00:00,2025-05-05 08:00:00,2.8051277490068296,11.74068371609821,16.847004907234886,483.86728760437387,1.966598493054382,100.0,16,inf,0.72075738141939,,0.009645825028966689,1.2678357635558442,0.30134160708515706,1.7950831609716829,49,0.03590166321943366,0.01966598493054382,0.02,0.02,chart_cl_3.csv,869,20250830_150755:869,random,14,18,30,52,10,18,2.8,2.6,3.0,0.8,16,0.65
4,2775,936,300,412,2025-01-27 17:00:00,2025-03-17 00:00:00,2.798884263458561,13.005491503505338,20.973694199279286,661.5725770897792,1.4301605995113107,100.0,7,inf,0.1624911926258916,,0.00239065598762617,1.4199840889933921,0.260581644601882,1.7830717043507347,48,0.03566143408701469,0.014301605995113107,0.02,0.02,chart_cl_3.csv,923,20250830_150755:923,random,10,24,28,52,6,14,2.4,1.8,1.1,1.0,10,0.8500000000000001
4,2775,936,300,412,2025-01-27 17:00:00,2025-03-17 00:00:00,2.6822583677575693,12.190044795352316,19.504757633948362,494.29734074311887,1.719366842165299,100.0,6,inf,0.09599840715538227,,0.0029938546404142865,1.3718770843609374,0.26867113278870114,1.708356312848336,48,0.03416712625696672,0.01719366842165299,0.02,0.02,chart_cl_3.csv,888,20250830_150755:888,random,14,24,29,57,14,12,5.0,1.8,2.2,2.4,8,0.9
6,2775,1760,300,412,2025-05-05 10:00:00,2025-06-20 20:00:00,2.6276119701201095,11.044709620332194,16.138633790095298,621.8440582203848,1.2990920285980252,100.0,16,inf,0.6806761047485803,,0.0031798513442290494,1.2476681838999772,0.28700173090811326,1.6583786216480128,46,0.03316757243296026,0.012990920285980251,0.02,0.02,chart_cl_3.csv,905,20250830_150755:905,random,6,22,29,51,10,16,2.6,2.6,2.4,2.1,16,0.95
5,2775,1348,300,412,2025-03-17 02:00:00,2025-05-05 08:00:00,2.601698653127272,9.04000020797622,12.39972976357652,270.3733093400411,2.9164961576220225,100.0,16,inf,0.5573083196726123,,0.012786509891581367,1.1902997272918592,0.35316312443043335,1.1412204705949742,49,0.033283651174898385,0.029164961576220224,0.02,0.029164961576220224,chart_cl_3.csv,1249,20250830_150755:1249,random,12,20,28,55,12,14,4.6,2.4,1.7,2.7,10,0.8
4,2775,936,300,412,2025-01-27 17:00:00,2025-03-17 00:00:00,2.4658663017477935,14.14075603298932,20.58547707281581,712.7863986356133,0.9734550219000946,100.0,15,inf,0.6994819652824126,,0.005228132499390674,1.4055370378492285,0.20018006814087602,1.5698226532643924,48,0.03139645306528785,0.009734550219000946,0.02,0.02,chart_cl_3.csv,928,20250830_150755:928,random,10,24,34,56,18,14,3.6,4.0,2.8,1.8,8,0.7
4,2775,936,300,412,2025-01-27 17:00:00,2025-03-17 00:00:00,2.339248571156375,10.981145721091618,16.864753625611698,346.14795200064486,1.7756055185898485,100.0,14,inf,0.10636257641748365,,0.0031443860154517452,1.293069888176757,0.250158818385223,1.488820206902579,48,0.029776404138051583,0.017756055185898484,0.02,0.02,chart_cl_3.csv,1068,20250830_150755:1068,random,12,26,29,53,8,8,3.4,1.8,1.2,2.7,18,0.75
6,2775,1760,300,412,2025-05-05 10:00:00,2025-06-20 20:00:00,2.2939477117434848,6.451851983135531,9.047040651650361,206.89966202573964,2.842987593061039,86.66666666666667,16,4.718501108084734,0.5458951463449775,,0.006218184224367691,1.11459345947349,0.4501106311031041,1.0178119085656943,46,0.028936266281220452,0.028429875930610388,0.02,0.028429875930610388,chart_cl_3.csv,1225,20250830_150755:1225,random,6,24,29,43,18,18,3.4,2.0,1.8,1.8,14,0.75
4,2775,936,300,412,2025-01-27 17:00:00,2025-03-17 00:00:00,1.9709247267034542,13.640470049239998,19.983818178800945,444.44423823189527,0.9582719306936432,100.0,15,inf,0.5586323702249034,,0.005143112626538748,1.3720906979206868,0.1490372571285919,1.2534317192833007,48,0.025068634385666016,0.009582719306936433,0.02,0.02,chart_cl_3.csv,1098,20250830_150755:1098,random,14,20,33,46,6,10,4.4,4.2,1.9,2.7,8,0.65
4,2775,936,300,412,2025-01-27 17:00:00,2025-03-17 00:00:00,1.9669596110265883,14.648409217164215,21.26790543260659,443.5810885498289,0.9562221952656031,78.57142857142857,15,8.177693549755123,0.40616468059023786,,0.004407406806968045,1.3605045791985868,0.13746362298582712,1.2508996604653921,48,0.025017993209307844,0.009562221952656031,0.02,0.02,chart_cl_3.csv,1163,20250830_150755:1163,random,6,26,30,58,14,16,2.4,2.6,0.9,1.3,8,0.55
6,2775,1760,300,412,2025-05-05 10:00:00,2025-06-20 20:00:00,1.9298933130806872,9.829384929424773,14.42667375042337,390.4949112387039,1.0453453657776777,100.0,16,inf,0.5045684971999796,,0.0038957359665452935,1.2285892512777892,0.22071832226855156,1.2163032036893826,46,0.024326064073787654,0.010453453657776777,0.02,0.02,chart_cl_3.csv,1195,20250830_150755:1195,random,8,24,30,47,18,18,2.4,2.8,1.5,0.5,18,0.8500000000000001
6,2775,1760,300,412,2025-05-05 10:00:00,2025-06-20 20:00:00,1.8826064461956449,8.09855402256422,11.400403920001168,250.11030581623044,1.5534613757773128,81.25,17,4.265874902334133,0.3694706865443558,,0.004640396653167965,1.1447752083991227,0.29784335497620207,1.1863872002072045,46,0.02372774400414409,0.015534613757773128,0.02,0.02,chart_cl_3.csv,955,20250830_150755:955,random,10,26,33,53,18,16,3.6,2.2,2.3,2.1,16,0.65
4,2775,936,300,412,2025-01-27 17:00:00,2025-03-17 00:00:00,1.8490704701961889,9.059594790261029,13.424515522248246,203.15092693096898,1.846152895146947,100.0,14,inf,0.1766027382028783,,0.0033665335307687494,1.2291440119968586,0.22575406513615062,1.1756367132625816,48,0.023512734265251634,0.01846152895146947,0.02,0.02,chart_cl_3.csv,858,20250830_150755:858,random,8,22,35,51,14,16,3.0,2.0,1.3,2.0,16,0.9
4,2775,936,300,412,2025-01-27 17:00:00,2025-03-17 00:00:00,1.82830466891423,11.567864394187263,16.44163966231521,252.3741396301839,1.4537161039028466,61.111111111111114,19,5.4061519878031135,0.35377981895005917,,0.007813720351305039,1.228204643409425,0.1642962372841097,1.1623832209288494,48,0.02324766441857699,0.014537161039028466,0.02,0.02,chart_cl_3.csv,1143,20250830_150755:1143,random,6,18,30,51,12,8,2.2,3.8,1.9,1.5,8,0.5
6,2775,1760,300,412,2025-05-05 10:00:00,2025-06-20 20:00:00,1.80713552043094,6.970851583279286,9.828799907478558,180.6012950512942,1.9861277308586267,80.0,16,4.4134819980331015,0.43919922494386543,,0.004467349273353073,1.1235955854827326,0.33114233919468766,1.1386524096122832,46,0.022773048192245664,0.019861277308586268,0.02,0.02,chart_cl_3.csv,965,20250830_150755:965,random,6,20,35,44,12,6,3.6,2.2,1.0,1.1,14,0.8
4,2775,936,300,412,2025-01-27 17:00:00,2025-03-17 00:00:00,1.800863766634372,11.17851076666857,15.889242352827646,267.1152099861821,1.3338820157220248,100.0,15,inf,0.4815994427915169,,0.004809999276824379,1.2351914459894153,0.17560861073138928,1.1448711992764071,48,0.022897423985528142,0.013338820157220248,0.02,0.02,chart_cl_3.csv,908,20250830_150755:908,random,14,24,32,45,16,18,3.0,2.2,0.5,2.8,8,0.65
6,2775,1760,300,412,2025-05-05 10:00:00,2025-06-20 20:00:00,1.7896054104953267,4.99932291300769,6.930071448717943,117.62032877008052,2.9929200884333587,81.25,17,3.302351517406741,0.3805115335834376,,0.006527248095571702,1.0888656073568623,0.4409242636040469,0.7534894332838888,46,0.02255133661297618,0.029929200884333585,0.02,0.029929200884333585,chart_cl_3.csv,860,20250830_150755:860,random,8,22,35,51,14,16,3.0,2.0,1.3,2.0,16,0.9
4,2775,936,300,412,2025-01-27 17:00:00,2025-03-17 00:00:00,1.7754337498318764,10.03957194547631,14.967991139329293,199.91368626603358,1.7342835906801393,100.0,10,inf,0.19299027856737117,,0.003391846790143822,1.2364653982247993,0.19990254776285601,1.128644261560239,48,0.02257288523120478,0.017342835906801392,0.02,0.02,chart_cl_3.csv,1223,20250830_150755:1223,random,6,24,29,43,18,18,3.4,2.0,1.8,1.8,14,0.75
4,2775,936,300,412,2025-01-27 17:00:00,2025-03-17 00:00:00,1.7472350546584006,11.470911134361614,16.118574094815255,256.8708788771502,1.3092272536739293,56.25,17,5.956950299675521,0.3751107527280798,,0.006330530478735793,1.2137096681683288,0.1517477733626153,1.1106526417319655,48,0.022213052834639313,0.013092272536739294,0.02,0.02,chart_cl_3.csv,943,20250830_150755:943,random,6,18,34,43,12,8,3.8,3.4,1.1,2.6,8,0.5
6,2775,1760,300,412,2025-05-05 10:00:00,2025-06-20 20:00:00,1.6738477512281094,5.694352014029421,7.961316764973104,118.89238259088171,2.6102053327584116,85.71428571428571,15,3.5164517174080054,0.41214081457749435,,0.006566999533920813,1.1113476816526544,0.35044885659271235,0.8078938795205354,46,0.02108768912627383,0.026102053327584116,0.02,0.026102053327584116,chart_cl_3.csv,1005,20250830_150755:1005,random,14,20,32,44,12,12,4.8,1.8,2.5,0.7,14,0.55
4,2775,936,300,412,2025-01-27 17:00:00,2025-03-17 00:00:00,1.6243939780151997,13.662132010892739,20.113821648669234,386.29287958993814,0.7603077858073589,100.0,18,inf,0.381288280766199,,0.004726306911858582,1.4118013341812192,0.11264022612889098,1.0323010604707195,48,0.02064602120941439,0.007603077858073589,0.02,0.02,chart_cl_3.csv,1123,20250830_150755:1123,random,12,22,27,54,18,8,2.6,5.0,2.9,2.7,8,0.75
2,2775,112,300,412,2024-10-18 14:00:00,2024-12-06 01:00:00,1.5973266384727651,7.440092515362664,10.228360788970887,140.67018812436527,2.02517882128763,100.0,15,inf,0.46015066413880923,,0.008994650349408297,1.204187427961158,0.2364886384046174,1.0024222357220522,48,0.020300842817720963,0.0202517882128763,0.02,0.0202517882128763,chart_cl_3.csv,1176,20250830_150755:1176,random,10,26,27,44,12,8,3.2,2.6,1.1,2.5,14,0.7
6,2775,1760,300,412,2025-05-05 10:00:00,2025-06-20 20:00:00,1.561911346218937,10.688028759158598,16.05869104788056,336.2135621530222,0.8138796347580577,92.3076923076923,14,32.3748222118742,0.469103647564243,,0.0037281480164233225,1.254352580467632,0.14995285337400935,0.9836504585835074,46,0.01967300917167015,0.008138796347580577,0.02,0.02,chart_cl_3.csv,870,20250830_150755:870,random,14,18,30,52,10,18,2.8,2.6,3.0,0.8,16,0.65
4,2775,936,300,412,2025-01-27 17:00:00,2025-03-17 00:00:00,1.5530581572155056,11.995836259066802,17.10887317980036,304.128340689296,0.890668240236565,100.0,16,inf,0.41066746926450787,,0.005234718153912873,1.3286583546102306,0.12004299249454471,0.9868194857560711,48,0.019736389715121424,0.00890668240236565,0.02,0.02,chart_cl_3.csv,933,20250830_150755:933,random,8,26,28,46,10,18,2.6,5.0,2.3,2.3,8,0.7
4,2775,936,300,412,2025-01-27 17:00:00,2025-03-17 00:00:00,1.5089146225228172,12.564068620631232,18.235737515195495,296.66756245200645,0.8676845450014363,75.0,17,8.216307643763168,0.3398736615757228,,0.005131514921741473,1.335943022288396,0.10976146338244319,0.958681692048542,48,0.01917363384097084,0.008676845450014363,0.02,0.02,chart_cl_3.csv,863,20250830_150755:863,random,12,24,32,51,8,8,4.0,5.0,1.8,1.8,8,0.55
6,2775,1760,300,412,2025-05-05 10:00:00,2025-06-20 20:00:00,1.4906960015604398,6.003481918426838,8.42489457413912,109.19533659873426,2.3077827635112556,82.35294117647058,18,5.632960850757885,0.3395657218495488,,0.0042541438021056295,1.1218746588102415,0.2837660649012866,0.8134780130313203,46,0.018773305369690654,0.023077827635112555,0.02,0.023077827635112555,chart_cl_3.csv,1040,20250830_150755:1040,random,6,24,29,56,12,16,2.8,2.4,1.2,2.1,18,0.9
6,2775,1760,300,412,2025-05-05 10:00:00,2025-06-20 20:00:00,1.4783876336368849,4.705708065140251,6.41358741573799,81.81327115745061,3.0360223708949623,82.35294117647058,18,2.645436095654044,0.30977413850207913,,0.006627358901513555,1.0890645571552486,0.3728045757101999,0.6132310892707454,46,0.01861783305554269,0.030360223708949623,0.02,0.030360223708949623,chart_cl_3.csv,880,20250830_150755:880,random,12,24,35,54,12,6,3.0,2.4,1.8,0.7,16,0.95
6,2775,1760,300,412,2025-05-05 10:00:00,2025-06-20 20:00:00,1.385203770246477,4.198059418660579,5.759304750889061,72.7258695489502,3.055346219647319,81.25,17,2.6138827779171256,0.2864927265413965,,0.00662843853315468,1.0770540698288782,0.3955745577334566,0.5708367356938614,46,0.017441038624380553,0.030553462196473192,0.02,0.030553462196473192,chart_cl_3.csv,1070,20250830_150755:1070,random,12,26,29,53,8,8,3.4,1.8,1.2,2.7,18,0.75
6,2775,1760,300,412,2025-05-05 10:00:00,2025-06-20 20:00:00,1.3717237380072027,5.6194833325396925,7.776535310051413,94.71409108064466,2.3077827635112556,80.0,16,5.144249583249722,0.3442459007975652,,0.00393025578615901,1.1116886299907127,0.2760199505193702,0.7483737148321085,46,0.017270839597544274,0.023077827635112555,0.02,0.023077827635112555,chart_cl_3.csv,1160,20250830_150755:1160,random,14,20,31,51,12,14,2.2,2.8,0.8,2.2,14,0.9
2,2775,112,300,412,2024-10-18 14:00:00,2024-12-06 01:00:00,1.3438311575569841,10.529610893038281,15.22901123277903,189.05282184072175,1.1172006948087283,100.0,14,inf,0.4163804565022273,,0.0048467142886249185,1.319319226916604,0.11578637209123917,0.8535009093594526,48,0.017070018187189052,0.011172006948087282,0.02,0.02,chart_cl_3.csv,1201,20250830_150755:1201,random,6,24,27,58,6,6,3.2,2.8,0.7,0.9,16,0.8
4,2775,936,300,412,2025-01-27 17:00:00,2025-03-17 00:00:00,1.3419295072171487,8.709671231427922,11.994964795386258,148.93529397478832,1.414800186093594,57.14285714285714,15,4.73026625241187,0.31314998160950336,,0.007119697177126886,1.1648927503906388,0.14973536340686172,0.8522897209739784,48,0.01704579441947957,0.01414800186093594,0.02,0.02,chart_cl_3.csv,1253,20250830_150755:1253,random,8,20,34,43,18,10,3.4,4.0,2.1,1.9,8,0.5
2,2775,112,300,412,2024-10-18 14:00:00,2024-12-06 01:00:00,1.3352381489251166,5.7591904512712695,7.906580823357102,95.02724149478854,2.1990924283972952,86.66666666666667,16,10.526609275958304,0.35485102950525943,,0.01059925640924477,1.1306150386057712,0.257602463847374,0.7712526900530593,48,0.016960559510767286,0.02199092428397295,0.02,0.02199092428397295,chart_cl_3.csv,1256,20250830_150755:1256,random,8,26,36,47,6,18,3.2,3.4,1.0,0.9,14,0.9
2,2775,112,300,412,2024-10-18 14:00:00,2024-12-06 01:00:00,1.3127090456609887,13.318830585222118,18.92892079730678,206.68326882525497,0.9830781129275077,100.0,15,inf,0.37401292496531774,,0.004243739254942664,1.4308826453238495,0.07750015946545172,0.8336800023033712,48,0.016673600046067424,0.009830781129275077,0.02,0.02,chart_cl_3.csv,1081,20250830_150755:1081,random,10,24,27,48,14,14,5.0,3.6,1.5,2.6,18,0.9
2,2775,112,300,412,2024-10-18 14:00:00,2024-12-06 01:00:00,1.2885189619399477,13.038838521179574,18.536359762748646,195.87651320229796,1.0061974656784094,100.0,14,inf,0.3947847973443791,,0.004352805859809,1.4117548836546427,0.07763244098446119,0.8182757173823293,48,0.016365514347646586,0.010061974656784094,0.02,0.02,chart_cl_3.csv,836,20250830_150755:836,random,8,26,31,49,16,16,3.0,4.0,1.5,2.6,18,0.9
6,2775,1760,300,412,2025-05-05 10:00:00,2025-06-20 20:00:00,1.245638694319174,9.095232844541993,13.879335395623674,188.68346409880692,0.9888612738541118,100.0,17,inf,0.31001424704070807,,0.002403221522174477,1.2976612265092609,0.11399819615141749,0.7839669115673731,46,0.015679338231347463,0.009888612738541119,0.02,0.02,chart_cl_3.csv,960,20250830_150755:960,random,8,24,30,56,14,18,4.4,3.4,1.2,3.0,14,0.95
6,2775,1760,300,412,2025-05-05 10:00:00,2025-06-20 20:00:00,1.1825370783926883,13.533145852803296,21.11966463012838,270.9401309515141,0.6340223628275794,100.0,15,inf,0.33539699968542785,,0.0019864467828067125,1.4210214968981771,0.06248402325289624,0.7441573359165645,46,0.01488314671833129,0.006340223628275794,0.02,0.02,chart_cl_3.csv,805,20250830_150755:805,random,12,26,29,46,12,6,2.6,3.2,1.7,1.2,8,0.8
4,2775,936,300,412,2025-01-27 17:00:00,2025-03-17 00:00:00,1.1099518824890566,8.439688890130276,11.718460722660778,115.22271843042832,1.351213240828075,62.5,17,3.409660077683235,0.21848886338125575,,0.006688540145109254,1.161084406169602,0.11532081600319422,0.7046121831516575,48,0.014092243663033152,0.01351213240828075,0.02,0.02,chart_cl_3.csv,1238,20250830_150755:1238,random,14,24,28,48,10,18,4.4,3.0,2.5,1.1,8,0.5
6,2775,1760,300,412,2025-05-05 10:00:00,2025-06-20 20:00:00,1.052571123181048,5.268425244899313,7.230409585402371,89.36107782348252,1.6074013684402075,81.25,17,2.8900794829727765,0.24541552011944717,,0.004524785085590525,1.1002299589770461,0.2278048093292197,0.6621964182911657,46,0.013243928365823315,0.016074013684402075,0.02,0.02,chart_cl_3.csv,1250,20250830_150755:1250,random,12,20,28,55,12,14,4.6,2.4,1.7,2.7,10,0.8
2,2775,112,300,412,2024-10-18 14:00:00,2024-12-06 01:00:00,1.0520102530501632,10.533483161645325,14.707246146309407,146.68046602468976,0.978481602078405,100.0,15,inf,0.3045377738840526,,0.00422881097160286,1.3195005279100562,0.07591319254229531,0.667748794361791,48,0.013354975887235821,0.00978481602078405,0.02,0.02,chart_cl_3.csv,1101,20250830_150755:1101,random,8,20,28,45,16,6,2.4,2.6,2.3,1.9,14,0.8500000000000001
4,2775,936,300,412,2025-01-27 17:00:00,2025-03-17 00:00:00,1.0494255815855875,14.02160375773493,20.84771832286498,362.60272142029146,0.3943571021512656,100.0,16,inf,0.27827273383980766,,0.0019167986936364963,1.4520912397533963,0.041849507080025446,0.6661045937392519,48,0.013322091874785037,0.003943571021512656,0.02,0.02,chart_cl_3.csv,803,20250830_150755:803,random,12,26,29,46,12,6,2.6,3.2,1.7,1.2,8,0.8
4,2775,936,300,412,2025-01-27 17:00:00,2025-03-17 00:00:00,0.9924158353420136,8.02086808719709,11.021995854490543,147.7270727513661,0.8908836974731235,75.0,13,6.019132709165679,0.24963419064668,,0.003581479025624512,1.1793122775703917,0.10686192737356963,0.6298432146369307,48,0.012596864292738616,0.008908836974731235,0.02,0.02,chart_cl_3.csv,1013,20250830_150755:1013,random,6,24,28,43,10,12,4.6,3.0,1.0,1.3,14,0.5
4,2775,936,300,412,2025-01-27 17:00:00,2025-03-17 00:00:00,0.9766982135142827,14.858532331967155,26.408297757601968,339.8476434101645,0.37829301058807235,91.66666666666666,13,3.7492731450485257,0.04048207589316473,,0.0012590895192626027,1.4757381499169473,0.03762911887970688,0.6198474544260939,48,0.012396949088521878,0.0037829301058807233,0.02,0.02,chart_cl_3.csv,1228,20250830_150755:1228,random,10,22,34,44,16,12,4.2,4.2,0.6,1.7,16,0.6
6,2775,1760,300,412,2025-05-05 10:00:00,2025-06-20 20:00:00,0.9650835598234266,2.269188645568662,3.0498915364923023,25.811171372724267,4.8946574846567215,86.66666666666667,16,1.5699782723802802,0.19158143246425868,,0.012921055307241665,1.0382280337718377,0.5092991725081782,0.24804518769559475,46,0.012140962344873241,0.04894657484656721,0.02,0.04894657484656721,chart_cl_3.csv,855,20250830_150755:855,random,8,20,34,42,12,14,2.2,1.8,0.8,1.2,12,0.95
6,2775,1760,300,412,2025-05-05 10:00:00,2025-06-20 20:00:00,0.9537932357534816,3.2480605528877,4.363404879585584,43.02377965184127,2.8866445087231405,80.0,16,2.0891105334021653,0.23131946291058825,,0.0063020460111838615,1.061775987089099,0.3413046737632244,0.41566089496040015,46,0.011998652399283851,0.028866445087231404,0.02,0.028866445087231404,chart_cl_3.csv,995,20250830_150755:995,random,8,22,33,46,6,10,1.8,2.4,2.9,2.4,10,0.95
4,2775,936,300,412,2025-01-27 17:00:00,2025-03-17 00:00:00,0.9364180004724147,9.606135166415676,14.033003648442818,148.47785245145838,0.8145071676013967,42.857142857142854,15,1.2364272664933567,0.008361026948639674,,0.003950630205402641,1.2750593514019952,0.07040980488377042,0.5942339051946766,48,0.011884678103893532,0.008145071676013967,0.02,0.02,chart_cl_3.csv,1093,20250830_150755:1093,random,10,26,27,49,12,10,4.0,3.2,1.2,2.5,16,0.5
6,2775,1760,300,412,2025-05-05 10:00:00,2025-06-20 20:00:00,0.8749786634356547,6.6752642351225715,9.06017531221952,93.81389904635063,1.1702577174707218,92.3076923076923,14,12.055289236441554,0.2643817270277482,,0.0050901935495106,1.163398498639558,0.11292529671185698,0.5502704118353782,46,0.011005408236707563,0.011702577174707218,0.02,0.02,chart_cl_3.csv,1095,20250830_150755:1095,random,10,26,27,49,12,10,4.0,3.2,1.2,2.5,16,0.5
6,2775,1760,300,412,2025-05-05 10:00:00,2025-06-20 20:00:00,0.8733324671889425,6.662887913078377,9.043446308077087,93.56526355411157,1.1702577174707218,92.3076923076923,14,12.034108701704962,0.26387520510568274,,0.005098450246490697,1.1630451166272635,0.11291700764876256,0.5492332888885972,46,0.010984665777771945,0.011702577174707218,0.02,0.02,chart_cl_3.csv,1290,20250830_150755:1290,random,8,18,35,47,10,16,1.8,2.4,1.7,2.7,16,0.55
5,2775,1348,300,412,2025-03-17 02:00:00,2025-05-05 08:00:00,0.8553005359786887,13.901393067310554,28.988889126708763,307.93226913691785,0.3453171544864477,100.0,2,inf,0.6204466154184726,,0.00035090037484861517,2.3626339250102513,0.043023063208572646,0.5450618801457611,49,0.010901237602915222,0.0034531715448644766,0.02,0.02,chart_cl_3.csv,1154,20250830_150755:1154,random,10,22,30,55,16,10,3.6,2.8,1.9,2.5,18,0.95
2,2775,112,300,412,2024-10-18 14:00:00,2024-12-06 01:00:00,0.8135636762658318,7.9894359965059145,10.974729789597061,99.49420423747515,0.9970138732465026,100.0,14,inf,0.24943910947296116,,0.004357781687356677,1.224647911014447,0.0751215904662906,0.5161395094421506,48,0.010322790188843012,0.009970138732465026,0.02,0.02,chart_cl_3.csv,1286,20250830_150755:1286,random,8,18,35,47,10,16,1.8,2.4,1.7,2.7,16,0.55
2,2775,112,300,412,2024-10-18 14:00:00,2024-12-06 01:00:00,0.8135636762658318,7.9894359965059145,10.974729789597061,99.49420423747515,0.9970138732465026,100.0,14,inf,0.24943910947296116,,0.004357781687356677,1.224647911014447,0.0751215904662906,0.5161395094421506,48,0.010322790188843012,0.009970138732465026,0.02,0.02,chart_cl_3.csv,1031,20250830_150755:1031,random,10,20,29,50,12,12,4.2,3.0,1.8,1.3,12,0.8
4,2775,936,300,412,2025-01-27 17:00:00,2025-03-17 00:00:00,0.7950088671406776,4.785045589470072,7.060231953906928,92.13033067422437,1.043120270091876,100.0,8,inf,0.3583146189442331,,0.0023679898442355786,1.1746540408087753,0.14616769127540732,0.5043483346542047,48,0.010086966693084095,0.010431202700918761,0.02,0.02,chart_cl_3.csv,833,20250830_150755:833,random,12,24,31,53,10,16,5.0,2.2,3.0,2.7,8,0.9
6,2775,1760,300,412,2025-05-05 10:00:00,2025-06-20 20:00:00,0.7855174913833736,2.686458647472306,3.598707068375732,30.7375571529232,3.0756738903593086,80.0,16,1.5521775077020974,0.1450991945060019,,0.006582241079674816,1.049650474309569,0.3403428990796415,0.3211776539723092,46,0.00987837724489488,0.030756738903593085,0.02,0.030756738903593085,chart_cl_3.csv,1140,20250830_150755:1140,random,10,18,32,45,12,6,3.0,2.0,2.8,0.9,14,0.7
2,2775,112,300,412,2024-10-18 14:00:00,2024-12-06 01:00:00,0.7800288105738054,2.9935359820770806,3.956473660084057,36.61903745300787,2.5571323079801944,100.0,15,inf,0.22338165579882743,,0.01224852980500619,1.0694489102568614,0.2865410411689934,0.38701908781145783,48,0.009896590132477026,0.025571323079801943,0.02,0.025571323079801943,chart_cl_3.csv,801,20250830_150755:801,random,12,26,29,46,12,6,2.6,3.2,1.7,1.2,8,0.8
4,2775,936,300,412,2025-01-27 17:00:00,2025-03-17 00:00:00,0.7743283044390363,4.7049402878756315,6.476115064000389,63.39140660942604,1.4625073367741999,63.63636363636363,12,3.3150042110107694,0.16839416854037653,,0.004556579100315923,1.0984878505094342,0.16860964369874176,0.491207371908801,48,0.00982414743817602,0.014625073367741999,0.02,0.02,chart_cl_3.csv,1003,20250830_150755:1003,random,14,20,32,44,12,12,4.8,1.8,2.5,0.7,14,0.55
6,2775,1760,300,412,2025-05-05 10:00:00,2025-06-20 20:00:00,0.7595860083961767,5.385048542395582,7.420135549794474,87.51705767044054,1.0321121650287008,71.42857142857143,15,13.408205436865183,0.23690008381056066,,0.0035248893080497327,1.1066436892850828,0.12793773272522,0.47758845698179836,46,0.009551769139635968,0.010321121650287009,0.02,0.02,chart_cl_3.csv,910,20250830_150755:910,random,14,24,32,45,16,18,3.0,2.2,0.5,2.8,8,0.65
6,2775,1760,300,412,2025-05-05 10:00:00,2025-06-20 20:00:00,0.7496595094035996,2.4615658004171603,3.3699280423982008,23.57802422592694,3.763644782033536,75.0,17,1.5225890270885962,0.13571986711506223,,0.01023804830361428,1.046456721713234,0.35318389475275414,0.25046873748263954,46,0.009426753568890637,0.03763644782033536,0.02,0.03763644782033536,chart_cl_3.csv,1265,20250830_150755:1265,random,14,24,35,42,10,10,3.4,2.0,1.6,0.8,14,0.55
5,2775,1348,300,412,2025-03-17 02:00:00,2025-05-05 08:00:00,0.7417127033102373,3.5642451271645386,4.72744995825213,37.51077925209653,2.332059408573808,70.0,11,29.64880948013415,0.29737553323365334,,0.010323094106999813,1.0769364893438553,0.21287519165024862,0.4052731149757793,49,0.009451209808212806,0.023320594085738076,0.02,0.023320594085738076,chart_cl_3.csv,1254,20250830_150755:1254,random,8,20,34,43,18,10,3.4,4.0,2.1,1.9,8,0.5
4,2775,936,300,412,2025-01-27 17:00:00,2025-03-17 00:00:00,0.7115656566529633,5.613860941246913,7.41761304901673,74.35704806917458,1.1130810059220064,64.28571428571429,15,3.091602130433866,0.13432256553259042,,0.006325796188615613,1.1205188746172379,0.09107307220953777,0.45133335012517817,48,0.009026667002503564,0.011130810059220064,0.02,0.02,chart_cl_3.csv,1018,20250830_150755:1018,random,10,24,36,56,16,18,2.2,4.4,2.4,1.8,14,0.5
6,2775,1760,300,412,2025-05-05 10:00:00,2025-06-20 20:00:00,0.7054658062208814,4.664450931285712,6.223029858517342,68.56059082122536,1.1934896069908392,68.75,17,7.150486552423385,0.18812251731428323,,0.005465480878765389,1.1035155369559182,0.13873056955019814,0.4435116831323416,46,0.008870233662646833,0.011934896069908392,0.02,0.02,chart_cl_3.csv,1030,20250830_150755:1030,random,10,22,30,58,6,16,2.8,4.8,2.9,2.3,18,0.6
6,2775,1760,300,412,2025-05-05 10:00:00,2025-06-20 20:00:00,0.6884295945483814,1.8211206843836278,2.4279149614504973,17.376427074740864,4.55955804354196,82.35294117647058,18,1.4156573995030022,0.12729087973174275,,0.014324972626399887,1.0317387298958745,0.4571460111055854,0.18983698897658197,46,0.008655727700499606,0.0455955804354196,0.02148745893959983,0.0455955804354196,chart_cl_3.csv,890,20250830_150755:890,random,14,24,29,57,14,12,5.0,1.8,2.2,2.4,8,0.9
4,2775,936,300,412,2025-01-27 17:00:00,2025-03-17 00:00:00,0.6709078714662293,4.585949644259665,6.290818256773663,50.80649862376239,1.5075932011358963,100.0,16,inf,0.15852441178664758,,0.004629882747975145,1.0949008560414755,0.13590641373227916,0.42550847509126594,48,0.008510169501825319,0.015075932011358963,0.02,0.02,chart_cl_3.csv,978,20250830_150755:978,random,12,24,32,53,8,18,4.8,2.2,1.7,0.7,12,0.55
4,2775,936,300,412,2025-01-27 17:00:00,2025-03-17 00:00:00,0.6514291495616618,7.088584117844749,9.60276822377942,111.39505749246021,0.6617258197136224,100.0,14,inf,0.19469420276507196,,0.002463924229645049,1.168601476898995,0.0590357042141092,0.4131376079715876,48,0.008262752159431752,0.006617258197136224,0.02,0.02,chart_cl_3.csv,1173,20250830_150755:1173,random,12,22,33,45,10,6,2.2,4.2,1.9,0.6,12,0.65
5,2775,1348,300,412,2025-03-17 02:00:00,2025-05-05 08:00:00,0.6353902994425522,3.043406618682588,4.017488721136785,30.59420496421869,2.332939608405067,66.66666666666666,10,6.489581825458075,0.2835095552738733,,0.010515251512486173,1.0648844461659808,0.21234146906629664,0.34696855145375227,49,0.0080945667655739,0.023329396084050668,0.02,0.023329396084050668,chart_cl_3.csv,944,20250830_150755:944,random,6,18,34,43,12,8,3.8,3.4,1.1,2.6,8,0.5
2,2775,112,300,412,2024-10-18 14:00:00,2024-12-06 01:00:00,0.6302281760672201,2.9132952276203854,3.9157369654141587,34.2025826505253,2.0650021088113686,100.0,14,inf,0.19892367482442153,,0.010068933255328637,1.0704102865353633,0.23014721691060144,0.387093159090771,48,0.007993481898288968,0.020650021088113688,0.02,0.020650021088113688,chart_cl_3.csv,961,20250830_150755:961,random,6,20,35,44,12,6,3.6,2.2,1.0,1.1,14,0.8
6,2775,1760,300,412,2025-05-05 10:00:00,2025-06-20 20:00:00,0.6221364083641092,9.456449496321367,13.813215112493111,142.82848705532987,0.48635564548225163,92.3076923076923,14,13.637088664308266,0.1889446367851031,,0.0022389162244516223,1.2502790026775714,0.03171829331324837,0.3910579805476936,46,0.007821159610953872,0.004863556454822516,0.02,0.02,chart_cl_3.csv,1230,20250830_150755:1230,random,10,22,34,44,16,12,4.2,4.2,0.6,1.7,16,0.6
6,2775,1760,300,412,2025-05-05 10:00:00,2025-06-20 20:00:00,0.6221364083641092,9.456449496321367,13.813215112493111,142.82848705532987,0.48635564548225163,92.3076923076923,14,13.637088664308266,0.1889446367851031,,0.0022389162244516223,1.2502790026775714,0.03171829331324837,0.3910579805476936,46,0.007821159610953872,0.004863556454822516,0.02,0.02,chart_cl_3.csv,1295,20250830_150755:1295,random,6,24,28,44,12,16,4.0,4.0,2.5,1.2,18,0.75
6,2775,1760,300,412,2025-05-05 10:00:00,2025-06-20 20:00:00,0.6221364083641092,9.456449496321367,13.813215112493111,142.82848705532987,0.48635564548225163,92.3076923076923,14,13.637088664308266,0.1889446367851031,,0.0022389162244516223,1.2502790026775714,0.03171829331324837,0.3910579805476936,46,0.007821159610953872,0.004863556454822516,0.02,0.02,chart_cl_3.csv,940,20250830_150755:940,random,12,18,35,42,8,14,2.4,3.6,2.9,1.1,18,0.8
3,2775,524,300,412,2024-12-06 03:00:00,2025-01-27 15:00:00,0.6215407336731307,6.838481240756251,10.395992433589036,115.94897165929741,0.5983678745186902,44.44444444444444,10,3.600333340029975,0.20446877929825186,,0.001364690547542184,1.1820644548005814,0.06577887434965785,0.40110648031012963,52,0.008022129606202593,0.005983678745186902,0.02,0.02,chart_cl_3.csv,1012,20250830_150755:1012,random,6,24,28,43,10,12,4.6,3.0,1.0,1.3,14,0.5
4,2775,936,300,412,2025-01-27 17:00:00,2025-03-17 00:00:00,0.6126390841723535,6.433735553459456,8.632959578107116,85.05216963735786,0.8008079884411068,100.0,15,inf,0.17199595094205106,,0.004056772833168493,1.187793343238737,0.06225790537271257,0.38850518883909524,48,0.007770103776781905,0.008008079884411068,0.02,0.02,chart_cl_3.csv,1188,20250830_150755:1188,random,10,24,31,58,12,6,4.4,4.0,1.0,2.1,12,0.6
6,2775,1760,300,412,2025-05-05 10:00:00,2025-06-20 20:00:00,0.5979674769689203,8.968000418172847,12.870125811105911,120.84122727336785,0.546487950374978,93.33333333333333,16,38.10993169072495,0.1584923993269278,,0.002645057308413951,1.2469616390885376,0.031662606786511394,0.3758475826183098,46,0.007516951652366196,0.00546487950374978,0.02,0.02,chart_cl_3.csv,1215,20250830_150755:1215,random,6,22,34,56,10,10,3.2,5.0,1.2,1.1,18,0.8
3,2775,524,300,412,2024-12-06 03:00:00,2025-01-27 15:00:00,0.5976929806062294,8.78621944252399,12.548046611734437,232.47010372038542,0.2839063857794772,55.55555555555556,10,4.790953216053236,0.17261283762465424,,0.0008311893311965773,1.2264636516751974,0.029772270820251905,0.3856959296893366,52,0.007713918593786732,0.002839063857794772,0.02,0.02,chart_cl_3.csv,812,20250830_150755:812,random,10,24,29,52,8,14,2.6,3.2,1.4,1.0,14,0.5
6,2775,1760,300,412,2025-05-05 10:00:00,2025-06-20 20:00:00,0.5887799981087385,8.827581974798802,12.6644121614546,116.56026547344868,0.5555369221674504,92.85714285714286,15,37.42492543231702,0.16667872888695628,,0.0027042305134897917,1.2421759563412977,0.031649099190478376,0.3700659556672595,46,0.007401319113345191,0.005555369221674504,0.02,0.02,chart_cl_3.csv,1245,20250830_150755:1245,random,6,26,31,58,18,18,3.6,3.6,0.8,1.2,18,0.65
2,2775,112,300,412,2024-10-18 14:00:00,2024-12-06 01:00:00,0.5857316709990883,3.22515908639729,4.411686077683313,36.81745929638439,1.747253607114794,92.85714285714286,15,4.405411889939857,0.17149626569861276,,0.006953567250409244,1.0817142481530713,0.1798404627450962,0.37142083375330426,48,0.007428416675066086,0.01747253607114794,0.02,0.02,chart_cl_3.csv,816,20250830_150755:816,random,6,18,28,56,8,10,5.0,2.4,0.8,1.8,8,0.9
2,2775,112,300,412,2024-10-18 14:00:00,2024-12-06 01:00:00,0.5648927708255513,2.29899615049933,3.080173412246025,23.491892947125525,2.616180113201948,92.85714285714286,15,14.088407355864453,0.18208828418639478,,0.01150191036231743,1.0502686430018686,0.27301815094937953,0.27382739552629104,48,0.0071638178662576674,0.02616180113201948,0.02,0.02616180113201948,chart_cl_3.csv,1261,20250830_150755:1261,random,14,24,35,42,10,10,3.4,2.0,1.6,0.8,14,0.55
4,2775,936,300,412,2025-01-27 17:00:00,2025-03-17 00:00:00,0.5639831088370606,4.340532069002709,5.991525024060282,51.819211634233156,1.1836316420222932,63.63636363636363,12,2.279379356691798,0.09445261656008931,,0.003123794371004669,1.0910537404061693,0.11287832103071582,0.3576134048595529,48,0.007152268097191058,0.011836316420222932,0.02,0.02,chart_cl_3.csv,1263,20250830_150755:1263,random,14,24,35,42,10,10,3.4,2.0,1.6,0.8,14,0.55
6,2775,1760,300,412,2025-05-05 10:00:00,2025-06-20 20:00:00,0.5615509193240025,8.353722542860208,11.88779910907251,111.59193911085393,0.5466643901663899,93.33333333333333,16,12.481768071298308,0.1487813172882835,,0.00265767350918913,1.2297756608199069,0.03163084967949652,0.35293212196479035,46,0.007058642439295807,0.005466643901663899,0.02,0.02,chart_cl_3.csv,1285,20250830_150755:1285,random,10,20,29,53,6,12,3.0,3.4,1.7,2.2,16,0.65
6,2775,1760,300,412,2025-05-05 10:00:00,2025-06-20 20:00:00,0.5612846056043914,8.323111264702156,11.836690418523558,111.5256115195879,0.5466643901663899,92.3076923076923,14,12.38480547223036,0.17022100516672817,,0.002665749559495121,1.220554627967943,0.03163046382942286,0.35276455404026663,46,0.007055291080805333,0.005466643901663899,0.02,0.02,chart_cl_3.csv,985,20250830_150755:985,random,10,18,27,49,14,12,4.8,3.8,0.9,0.8,18,0.75
2,2775,112,300,412,2024-10-18 14:00:00,2024-12-06 01:00:00,0.5547984278997102,3.185306606192969,4.421451728586716,36.98663110256064,1.6245455502237685,92.85714285714286,15,3.8847069607011373,0.1579798851731823,,0.0068678679838412105,1.0773375471799918,0.17508676925403374,0.3517827393972876,48,0.007035654787945752,0.016245455502237684,0.02,0.02,chart_cl_3.csv,1296,20250830_150755:1296,random,6,24,31,52,10,14,5.0,3.6,2.5,1.6,16,0.95
4,2775,936,300,412,2025-01-27 17:00:00,2025-03-17 00:00:00,0.548611658436648,5.229906250609576,6.998590831067389,67.34425208406012,0.8798217921750864,64.28571428571429,15,9.693390750246738,0.1464789023113749,,0.004599325768307825,1.115473205269384,0.06890229825489816,0.34785535001224055,48,0.006957107000244811,0.008798217921750864,0.02,0.02,chart_cl_3.csv,1048,20250830_150755:1048,random,12,20,35,55,16,6,4.8,5.0,2.0,1.6,12,0.55
4,2775,936,300,412,2025-01-27 17:00:00,2025-03-17 00:00:00,0.5410359651289696,11.103221416715888,17.590866580604327,141.81560884640737,0.410629740994451,78.57142857142857,15,0.48224373476764854,-0.01579140822942617,,0.001299033135488874,1.3664036163154993,0.017141101040087082,0.3430464044691021,48,0.006860928089382042,0.00410629740994451,0.02,0.02,chart_cl_3.csv,1268,20250830_150755:1268,random,10,26,29,58,16,12,2.6,5.0,3.0,2.7,10,0.5
6,2775,1760,300,412,2025-05-05 10:00:00,2025-06-20 20:00:00,0.532545700391266,5.999794101928101,8.575708839834881,86.18777432449987,0.6625220097244835,100.0,16,inf,0.14082578509734428,,0.0015114198261831746,1.1873979186836983,0.05423909614832477,0.3346827404250294,46,0.006693654808500588,0.006625220097244835,0.02,0.02,chart_cl_3.csv,1260,20250830_150755:1260,random,8,26,36,47,6,18,3.2,3.4,1.0,0.9,14,0.9
6,2775,1760,300,412,2025-05-05 10:00:00,2025-06-20 20:00:00,0.5322448475155263,5.996428455359925,8.57089864001303,86.12742961327307,0.6625220097244835,100.0,16,inf,0.1407455576638137,,0.001512059012434491,1.1872733442032206,0.05423833111397108,0.3344934623451514,46,0.006689869246903029,0.006625220097244835,0.02,0.02,chart_cl_3.csv,1110,20250830_150755:1110,random,12,18,27,53,8,10,4.6,3.4,1.1,0.6,16,0.9
6,2775,1760,300,412,2025-05-05 10:00:00,2025-06-20 20:00:00,0.5322448475155263,5.996428455359925,8.57089864001303,86.12742961327307,0.6625220097244835,100.0,16,inf,0.1407455576638137,,0.001512059012434491,1.1872733442032206,0.05423833111397108,0.3344934623451514,46,0.006689869246903029,0.006625220097244835,0.02,0.02,chart_cl_3.csv,1035,20250830_150755:1035,random,10,20,29,50,12,12,4.2,3.0,1.8,1.3,12,0.8
6,2775,1760,300,412,2025-05-05 10:00:00,2025-06-20 20:00:00,0.5292262507234891,7.9231162955712495,11.495811438465354,116.71499260744713,0.48546238752100923,92.3076923076923,14,7.641281748420542,0.16051758445399356,,0.0022412033988219245,1.200734311236885,0.03223459513667425,0.33259436016321775,46,0.006651887203264355,0.0048546238752100925,0.02,0.02,chart_cl_3.csv,1105,20250830_150755:1105,random,8,20,28,45,16,6,2.4,2.6,2.3,1.9,14,0.8500000000000001
6,2775,1760,300,412,2025-05-05 10:00:00,2025-06-20 20:00:00,0.5282302415793009,7.983763334589191,11.614293743579259,116.44318498059134,0.48546238752100923,92.85714285714286,15,7.660295334174254,0.14947876964089535,,0.002247814745583253,1.2092766795312033,0.032232999366212794,0.33196774195403744,46,0.006639354839080749,0.0048546238752100925,0.02,0.02,chart_cl_3.csv,845,20250830_150755:845,random,12,26,28,43,14,14,4.6,4.6,2.3,2.7,14,0.75
4,2775,936,300,412,2025-01-27 17:00:00,2025-03-17 00:00:00,0.5262429796922152,2.8694182746991146,4.083708147084119,32.381474155263746,1.737593532711318,100.0,6,inf,0.16812094983222234,,0.003285143088018428,1.0843315856683884,0.1743007717247237,0.333656462703303,48,0.006673129254066061,0.01737593532711318,0.02,0.02,chart_cl_3.csv,878,20250830_150755:878,random,12,24,35,54,12,6,3.0,2.4,1.8,0.7,16,0.95
3,2775,524,300,412,2024-12-06 03:00:00,2025-01-27 15:00:00,0.5247231999363073,9.637135158419547,14.37875876727745,222.170786224756,0.2523511055462924,50.0,11,4.799017609806587,0.13438781012026163,,0.0006289383049627366,1.2477464622894747,0.019154477553668982,0.338552656367306,52,0.006771053127346121,0.002523511055462924,0.02,0.02,chart_cl_3.csv,1207,20250830_150755:1207,random,8,26,32,52,10,16,3.6,3.6,2.5,2.0,14,0.55
5,2775,1348,300,412,2025-03-17 02:00:00,2025-05-05 08:00:00,0.5148697242989542,7.970848959946565,14.273126591474625,157.31254844759405,0.34815628837382917,100.0,2,inf,0.17619165198441603,,0.00044632110404031484,1.5400767679839142,0.04190259474263201,0.327875170479541,49,0.006557503409590821,0.003481562883738292,0.02,0.02,chart_cl_3.csv,1279,20250830_150755:1279,random,12,18,35,53,14,8,5.0,2.6,2.6,2.0,14,0.9
5,2775,1348,300,412,2025-03-17 02:00:00,2025-05-05 08:00:00,0.5069639169486528,7.659164334500718,13.47958179957209,151.00794650346128,0.35585851691118364,100.0,2,inf,0.16587474166130237,,0.0004563908624083049,1.4821124997759376,0.04374881194733532,0.32283520295458973,49,0.006456704059091795,0.0035585851691118365,0.02,0.02,chart_cl_3.csv,1104,20250830_150755:1104,random,8,20,28,45,16,6,2.4,2.6,2.3,1.9,14,0.8500000000000001
4,2775,936,300,412,2025-01-27 17:00:00,2025-03-17 00:00:00,0.5054010666624293,6.044766837125587,8.089988834871178,80.90100286565144,0.6617258197136224,100.0,17,inf,0.12494623049951514,,0.003369064028134571,1.1750045496259298,0.04956092884383752,0.3204279158704537,48,0.006408558317409075,0.006617258197136224,0.02,0.02,chart_cl_3.csv,1088,20250830_150755:1088,random,6,26,27,50,6,14,3.0,3.4,1.1,1.7,12,0.6
4,2775,936,300,412,2025-01-27 17:00:00,2025-03-17 00:00:00,0.5032641643691231,5.998249796918862,8.027258613590911,80.4818220090525,0.6617258197136224,100.0,16,inf,0.13196849570664554,,0.00338879734772778,1.167234786351455,0.049555994876820435,0.31907167052596036,48,0.006381433410519208,0.006617258197136224,0.02,0.02,chart_cl_3.csv,1008,20250830_150755:1008,random,6,22,28,52,6,18,4.8,5.0,0.9,1.6,12,0.6
4,2775,936,300,412,2025-01-27 17:00:00,2025-03-17 00:00:00,0.49446791424937864,5.405037448362846,7.277253136631037,69.70832637019323,0.7476911542129417,60.0,16,2.133917346125415,0.07049962730574,,0.003659573643928497,1.1062445465883097,0.05106321657804633,0.3134890103822411,48,0.006269780207644822,0.007476911542129417,0.02,0.02,chart_cl_3.csv,813,20250830_150755:813,random,10,24,29,52,8,14,2.6,3.2,1.4,1.0,14,0.5
2,2775,112,300,412,2024-10-18 14:00:00,2024-12-06 01:00:00,0.48683908921995317,4.515393901956992,6.1094158236258425,51.624230328103664,0.9906451676725903,100.0,14,inf,0.14945493984468433,,0.004570668448754086,1.1131999386785079,0.08103623405902938,0.30864743957102964,48,0.006172948791420593,0.009906451676725903,0.02,0.02,chart_cl_3.csv,971,20250830_150755:971,random,12,26,31,49,18,6,4.6,4.6,2.0,1.8,10,0.95
6,2775,1760,300,412,2025-05-05 10:00:00,2025-06-20 20:00:00,0.4725833501246369,6.929963595507613,9.809729686334338,90.40150726358135,0.545660367033987,92.85714285714286,15,6.951881820417308,0.13357965779670555,,0.002647208635223925,1.1814229656813537,0.03215206625022177,0.2969626978851728,46,0.005939253957703457,0.00545660367033987,0.02,0.02,chart_cl_3.csv,920,20250830_150755:920,random,12,20,32,51,6,14,2.8,4.0,1.3,1.7,14,0.8500000000000001
6,2775,1760,300,412,2025-05-05 10:00:00,2025-06-20 20:00:00,0.46724494587918997,6.831888903902528,9.665219175305477,89.16760222452372,0.545660367033987,92.3076923076923,14,6.8522278982560145,0.14144641373267075,,0.0026712189831455692,1.1733086685555056,0.032143871347337725,0.2936049554856806,46,0.005872099109713612,0.00545660367033987,0.02,0.02,chart_cl_3.csv,1115,20250830_150755:1115,random,8,20,29,52,14,8,4.4,3.4,2.9,1.1,14,0.6
6,2775,1760,300,412,2025-05-05 10:00:00,2025-06-20 20:00:00,0.46158851407583557,6.759546007269138,9.562931917574458,86.43496240326577,0.5546956353617911,93.33333333333333,16,6.833146416370841,0.12218719120682743,,0.0027184868403420256,1.1737376623156128,0.032135643031131776,0.29004726000292363,46,0.005800945200058473,0.0055469563536179115,0.02,0.02,chart_cl_3.csv,990,20250830_150755:990,random,10,18,33,57,6,18,4.2,4.2,0.6,0.8,14,0.75
5,2775,1348,300,412,2025-03-17 02:00:00,2025-05-05 08:00:00,0.43077130141230224,1.9884161260341078,2.567941536607513,16.67272551479781,2.64711785114019,40.0,11,3.157434653638031,0.18403710325865377,,0.01172904121814724,1.0433281714813547,0.21508245555867875,0.20722234498427156,49,0.005485419685629961,0.0264711785114019,0.02,0.0264711785114019,chart_cl_3.csv,1239,20250830_150755:1239,random,14,24,28,48,10,18,4.4,3.0,2.5,1.1,8,0.5
5,2775,1348,300,412,2025-03-17 02:00:00,2025-05-05 08:00:00,0.42782635134209596,11.399553582957356,16.835708707109145,207.48015392611606,0.21098719319321682,100.0,16,inf,0.11195885343872944,,0.0009786807445505668,1.250322358770073,0.005920402000740133,0.2723942272136669,49,0.005447884544273338,0.0021098719319321683,0.02,0.02,chart_cl_3.csv,1064,20250830_150755:1064,random,12,18,29,49,14,10,2.8,2.4,2.7,1.1,14,0.65
4,2775,936,300,412,2025-01-27 17:00:00,2025-03-17 00:00:00,0.41066243600068025,2.923591996607828,4.1733815374478,37.48302012466552,1.1125236725148384,100.0,7,inf,0.15836898039475145,,0.002144646615636074,1.0967361140869873,0.11721363616004794,0.260311067648884,48,0.0052062213529776805,0.011125236725148384,0.02,0.02,chart_cl_3.csv,963,20250830_150755:963,random,6,20,35,44,12,6,3.6,2.2,1.0,1.1,14,0.8
4,2775,936,300,412,2025-01-27 17:00:00,2025-03-17 00:00:00,0.394890971063913,4.38753724463218,5.867513530984716,55.290770043615936,0.720197461003201,56.25,17,1.937426250525599,0.06018194553062621,,0.0037236056447273397,1.0871704539023501,0.049079676005340606,0.250305533512513,48,0.00500611067025026,0.00720197461003201,0.02,0.02,chart_cl_3.csv,1273,20250830_150755:1273,random,12,22,35,51,18,18,3.8,4.2,0.9,0.5,14,0.5
2,2775,112,300,412,2024-10-18 14:00:00,2024-12-06 01:00:00,0.39372113937763237,1.5861740643511748,2.109581284580547,14.35694016871262,2.7639438544928634,82.35294117647058,18,3.646191235681169,0.09661771825331202,,0.012613711273663949,1.0335452222635826,0.27970661360354576,0.18058500692596885,48,0.004991268201065827,0.027639438544928632,0.02,0.027639438544928632,chart_cl_3.csv,1191,20250830_150755:1191,random,8,24,30,47,18,18,2.4,2.8,1.5,0.5,18,0.8500000000000001
3,2775,524,300,412,2024-12-06 03:00:00,2025-01-27 15:00:00,0.3758382934799229,5.004673534535742,6.841112340873844,81.40453507455236,0.46166268935848453,55.55555555555556,10,3.0010957073771927,0.09907674427806885,,0.0008682734462113507,1.1281194475211953,0.0340981373867452,0.2424109344089426,52,0.004848218688178852,0.004616626893584845,0.02,0.02,chart_cl_3.csv,1272,20250830_150755:1272,random,12,22,35,51,18,18,3.8,4.2,0.9,0.5,14,0.5
3,2775,524,300,412,2024-12-06 03:00:00,2025-01-27 15:00:00,0.37225285595793256,8.936782007356541,12.804525685207787,215.24410380720187,0.17266023986582496,55.55555555555556,10,4.9727382108931995,0.10759970027151264,,0.0005055918243245908,1.230217305047072,0.007356351103008379,0.24009644477889572,52,0.004801928895577914,0.0017266023986582497,0.02,0.02,chart_cl_3.csv,1112,20250830_150755:1112,random,8,20,29,52,14,8,4.4,3.4,2.9,1.1,14,0.6
6,2775,1760,300,412,2025-05-05 10:00:00,2025-06-20 20:00:00,0.3537346725968362,2.2299822231774593,3.0062666095971493,23.37647292790898,1.498449063822926,46.15384615384615,14,2.557854343396483,0.13508700396744563,,0.00642095982873859,1.0427060784276023,0.15330613731774995,0.22222665274288364,46,0.004444533054857673,0.014984490638229259,0.02,0.02,chart_cl_3.csv,1255,20250830_150755:1255,random,8,20,34,43,18,10,3.4,4.0,2.1,1.9,8,0.5
6,2775,1760,300,412,2025-05-05 10:00:00,2025-06-20 20:00:00,0.3537346725968362,2.2299822231774593,3.0062666095971493,23.37647292790898,1.498449063822926,46.15384615384615,14,2.557854343396483,0.13508700396744563,,0.00642095982873859,1.0427060784276023,0.15330613731774995,0.22222665274288364,46,0.004444533054857673,0.014984490638229259,0.02,0.02,chart_cl_3.csv,945,20250830_150755:945,random,6,18,34,43,12,8,3.8,3.4,1.1,2.6,8,0.5
3,2775,524,300,412,2024-12-06 03:00:00,2025-01-27 15:00:00,0.35250294133827254,3.275876822647822,4.424512576518121,43.78554638298941,0.7967828757588051,50.0,17,2.570248221327096,0.0972684896810281,,0.004590004594767118,1.0645817587648323,0.06939374588274194,0.2273480464410449,52,0.004546960928820898,0.007967828757588051,0.02,0.02,chart_cl_3.csv,1142,20250830_150755:1142,random,6,18,30,51,12,8,2.2,3.8,1.9,1.5,8,0.5
5,2775,1348,300,412,2025-03-17 02:00:00,2025-05-05 08:00:00,0.3494661359851108,2.0171168375832638,2.7977647904137948,14.939921651490275,2.311983768777482,57.14285714285714,15,1.5462168765824362,0.04870467954052013,,0.005904001329202101,1.044119778213611,0.14728082126200812,0.19244557241862334,49,0.0044493103980494855,0.023119837687774817,0.02,0.023119837687774817,chart_cl_3.csv,1004,20250830_150755:1004,random,14,20,32,44,12,12,4.8,1.8,2.5,0.7,14,0.55
3,2775,524,300,412,2024-12-06 03:00:00,2025-01-27 15:00:00,0.3366778057970098,6.302815321307907,9.672573247327843,90.79430695864052,0.36445488910529583,100.0,14,inf,0.10063576346528369,,0.001174429602797032,1.2314845596431723,0.024539070198156647,0.21713387210072665,52,0.004342677442014533,0.0036445488910529585,0.02,0.02,chart_cl_3.csv,1152,20250830_150755:1152,random,10,22,30,55,16,10,3.6,2.8,1.9,2.5,18,0.95
4,2775,936,300,412,2025-01-27 17:00:00,2025-03-17 00:00:00,0.3329070780657837,3.934378245526278,5.654443305120406,48.94061183455525,0.6674562679999901,100.0,7,inf,0.1473732810217228,,0.00129013353034907,1.1336280137165182,0.05539679389382931,0.21098891893850244,48,0.004219778378770049,0.006674562679999901,0.02,0.02,chart_cl_3.csv,1278,20250830_150755:1278,random,12,18,35,53,14,8,5.0,2.6,2.6,2.0,14,0.9
4,2775,936,300,412,2025-01-27 17:00:00,2025-03-17 00:00:00,0.3265466435395643,2.361409701139796,3.344629754928019,27.538762186620623,1.1602682712465082,100.0,7,inf,0.10750176171844532,,0.002219268629303071,1.0775720851393051,0.1130217146779622,0.20695505118892252,48,0.004139101023778451,0.011602682712465083,0.02,0.02,chart_cl_3.csv,1138,20250830_150755:1138,random,10,18,32,45,12,6,3.0,2.0,2.8,0.9,14,0.7
6,2775,1760,300,412,2025-05-05 10:00:00,2025-06-20 20:00:00,0.3200381273482531,4.369165542925838,6.140869215309096,46.100168467145004,0.6773576500378456,76.92307692307693,14,4.820652679441089,0.14503001340336677,,0.0030180273839645988,1.0974056060048005,0.03691835837852791,0.20104370001685595,46,0.004020874000337119,0.0067735765003784565,0.02,0.02,chart_cl_3.csv,1275,20250830_150755:1275,random,12,22,35,51,18,18,3.8,4.2,0.9,0.5,14,0.5
6,2775,1760,300,412,2025-05-05 10:00:00,2025-06-20 20:00:00,0.31519377644108815,4.297837876771706,6.038673230380021,44.98759117660773,0.682153879840523,76.92307692307693,14,4.781450617586762,0.14353706585262602,,0.003038238941836798,1.0948351477546643,0.03690991022961299,0.19799859208158815,46,0.003959971841631763,0.00682153879840523,0.02,0.02,chart_cl_3.csv,815,20250830_150755:815,random,10,24,29,52,8,14,2.6,3.2,1.4,1.0,14,0.5
6,2775,1760,300,412,2025-05-05 10:00:00,2025-06-20 20:00:00,0.31484444038208537,2.0759592355137664,2.7828210717041912,22.1360601696212,1.3846076975513029,46.15384615384615,14,3.106348021845523,0.12365710097344543,,0.006816085335698253,1.0405270960631299,0.13932486647466458,0.19777900543417795,46,0.003955580108683559,0.013846076975513029,0.02,0.02,chart_cl_3.csv,1145,20250830_150755:1145,random,6,18,30,51,12,8,2.2,3.8,1.9,1.5,8,0.5
6,2775,1760,300,412,2025-05-05 10:00:00,2025-06-20 20:00:00,0.31484444038208537,2.0759592355137664,2.7828210717041912,22.1360601696212,1.3846076975513029,46.15384615384615,14,3.106348021845523,0.12365710097344543,,0.006816085335698253,1.0405270960631299,0.13932486647466458,0.19777900543417795,46,0.003955580108683559,0.013846076975513029,0.02,0.02,chart_cl_3.csv,1240,20250830_150755:1240,random,14,24,28,48,10,18,4.4,3.0,2.5,1.1,8,0.5
2,2775,112,300,412,2024-10-18 14:00:00,2024-12-06 01:00:00,0.2991394126854098,2.2249113653655925,2.7724798658476493,19.51703145921484,1.4818624803999707,76.92307692307693,14,65.43603428362599,0.09262860199778652,,0.00614273845358074,1.056965612744497,0.10183228177904936,0.18957427388504922,48,0.0037914854777009845,0.014818624803999708,0.02,0.02,chart_cl_3.csv,871,20250830_150755:871,random,12,20,34,44,8,14,2.8,3.2,1.1,2.5,10,0.75
6,2775,1760,300,412,2025-05-05 10:00:00,2025-06-20 20:00:00,0.28562980758473344,1.1522951593066786,1.5176424411883278,9.656401649964495,2.842987593061039,82.35294117647058,18,1.0310966847743728,0.005062975028832101,,0.005759823235279825,1.0244503122115722,0.2711222562941224,0.1262167256918334,46,0.003588325851786708,0.028429875930610388,0.02,0.028429875930610388,chart_cl_3.csv,835,20250830_150755:835,random,12,24,31,53,10,16,5.0,2.2,3.0,2.7,8,0.9
4,2775,936,300,412,2025-01-27 17:00:00,2025-03-17 00:00:00,0.2536607342125574,3.0279673039967654,4.3000376741630175,35.24636228997011,0.682153674617453,100.0,6,inf,0.08330705842267884,,0.0012718843542183268,1.0988581004703972,0.05167872393542585,0.16073759002539342,48,0.0032147518005078684,0.006821536746174531,0.02,0.02,chart_cl_3.csv,1178,20250830_150755:1178,random,10,26,27,44,12,8,3.2,2.6,1.1,2.5,14,0.7
6,2775,1760,300,412,2025-05-05 10:00:00,2025-06-20 20:00:00,0.24536044603810733,1.0908608033090577,1.4338153560347526,8.949686190266569,2.589255760495192,80.0,16,1.2579518329284674,0.05871478934464952,,0.006124151426891292,1.0218828549935612,0.252113990112565,0.11903710894538119,46,0.0030821752004952198,0.02589255760495192,0.02,0.02589255760495192,chart_cl_3.csv,1065,20250830_150755:1065,random,12,18,29,49,14,10,2.8,2.4,2.7,1.1,14,0.65
4,2775,936,300,412,2025-01-27 17:00:00,2025-03-17 00:00:00,0.23931958832437064,2.705554721314686,3.781900604020764,33.04731897762604,0.682153674617453,50.0,7,0.6045893643122774,-0.034722782002330886,,0.0017946495977059032,1.080148146976875,0.055058075483832444,0.1516454377592417,48,0.003032908755184834,0.006821536746174531,0.02,0.02,chart_cl_3.csv,1063,20250830_150755:1063,random,12,18,29,49,14,10,2.8,2.4,2.7,1.1,14,0.65
6,2775,1760,300,412,2025-05-05 10:00:00,2025-06-20 20:00:00,0.2263969786263721,0.9866508127979899,1.3046283689600031,7.346594677369815,2.8866445087231405,81.25,17,1.2914775056851096,0.05270850065210175,,0.00585435550432574,1.0221790125801788,0.24465819606937791,0.09851748974584643,46,0.002843849707880359,0.028866445087231404,0.02,0.028866445087231404,chart_cl_3.csv,1280,20250830_150755:1280,random,12,18,35,53,14,8,5.0,2.6,2.6,2.0,14,0.9
6,2775,1760,300,412,2025-05-05 10:00:00,2025-06-20 20:00:00,0.22201772914235995,3.000258516830929,4.1981712006829115,30.427528835459473,0.6821920713314427,76.92307692307693,14,3.428346023320112,0.1149830351795996,,0.003040218280255514,1.0640983336985976,0.037388460091573185,0.13944078068699695,46,0.002788815613739939,0.006821920713314427,0.02,0.02,chart_cl_3.csv,1175,20250830_150755:1175,random,12,22,33,45,10,6,2.2,4.2,1.9,0.6,12,0.65
6,2775,1760,300,412,2025-05-05 10:00:00,2025-06-20 20:00:00,0.22153313534423094,0.6952615163664001,0.9223984978567352,4.3035638548893145,4.811772521902198,81.25,17,0.9920398763368632,-0.0032869770296881096,,0.01443182260465209,1.0120165616154686,0.4600636577591942,0.05783161535083054,46,0.0027827257764234375,0.04811772521902198,0.021647733906978134,0.04811772521902198,chart_cl_3.csv,925,20250830_150755:925,random,10,24,28,52,6,14,2.4,1.8,1.1,1.0,10,0.8500000000000001
3,2775,524,300,412,2024-12-06 03:00:00,2025-01-27 15:00:00,0.218045842444468,4.752570356839694,7.447789242920019,49.11769237290497,0.41433292815326844,100.0,3,inf,0.3453692763016123,,0.00045630222839615215,1.2069594038183524,0.020013395949917287,0.14058710644891378,52,0.002811742128978276,0.004143329281532685,0.02,0.02,chart_cl_3.csv,1062,20250830_150755:1062,random,12,18,29,49,14,10,2.8,2.4,2.7,1.1,14,0.65
4,2775,936,300,412,2025-01-27 17:00:00,2025-03-17 00:00:00,0.208502393366909,2.515959146083326,3.570524295047868,28.41039555500252,0.682153674617453,100.0,7,inf,0.07221290858232847,,0.0013095235137069493,1.0844157556822311,0.05157029507446984,0.13210948012976584,48,0.002642189602595317,0.006821536746174531,0.02,0.02,chart_cl_3.csv,993,20250830_150755:993,random,8,22,33,46,6,10,1.8,2.4,2.9,2.4,10,0.95
3,2775,524,300,412,2024-12-06 03:00:00,2025-01-27 15:00:00,0.20843478480570532,3.564836274248349,5.306621887178198,45.89470913132773,0.42212721667559405,57.14285714285714,8,1.8004548785552277,0.08379897528897377,,0.001194722641498232,1.1075510428967819,0.02761221848424916,0.13438739307186395,52,0.002687747861437279,0.0042212721667559405,0.02,0.02,chart_cl_3.csv,807,20250830_150755:807,random,10,18,29,44,6,14,3.2,4.4,0.8,1.5,14,0.6
4,2775,936,300,412,2025-01-27 17:00:00,2025-03-17 00:00:00,0.2029100192956757,4.043413573445956,5.253449023621404,33.342094902488746,0.5643005857295962,100.0,13,inf,0.06438687142800503,,0.0028280689121796833,1.1423007626898345,0.015961314347174616,0.12856457552182934,48,0.002571291510436587,0.005643005857295962,0.02,0.02,chart_cl_3.csv,1028,20250830_150755:1028,random,10,22,30,58,6,16,2.8,4.8,2.9,2.3,18,0.6
4,2775,936,300,412,2025-01-27 17:00:00,2025-03-17 00:00:00,0.2029100192956757,4.043413573445956,5.253449023621404,33.342094902488746,0.5643005857295962,100.0,13,inf,0.06438687142800503,,0.0028280689121796833,1.1423007626898345,0.015961314347174616,0.12856457552182934,48,0.002571291510436587,0.005643005857295962,0.02,0.02,chart_cl_3.csv,1198,20250830_150755:1198,random,10,22,35,58,10,14,4.4,4.6,1.9,0.8,16,0.6
3,2775,524,300,412,2024-12-06 03:00:00,2025-01-27 15:00:00,0.18622976984394057,2.1057645753314804,2.7411512730153698,26.361923515388725,0.6503525619452616,37.5,9,1.8612725968937849,0.05893691584156678,,0.0010973097219926246,1.0550877679783341,0.04209526803494909,0.12006483610535554,52,0.002401296722107111,0.0065035256194526155,0.02,0.02,chart_cl_3.csv,1162,20250830_150755:1162,random,6,26,30,58,14,16,2.4,2.6,0.9,1.3,8,0.55
4,2775,936,300,412,2025-01-27 17:00:00,2025-03-17 00:00:00,0.18027192075680043,2.183284578237061,3.0966969229694468,24.266595345802514,0.682153674617453,100.0,8,inf,0.06465673732926482,,0.0013297534733081446,1.0741239500020163,0.051502772807651816,0.1142155470998607,48,0.002284310941997214,0.006821536746174531,0.02,0.02,chart_cl_3.csv,1248,20250830_150755:1248,random,12,20,28,55,12,14,4.6,2.4,1.7,2.7,10,0.8
2,2775,112,300,412,2024-10-18 14:00:00,2024-12-06 01:00:00,0.17108109591607448,0.9858303725083354,1.3329860261759745,7.941480180822012,1.9703662052910995,92.85714285714286,15,1.54033647298881,0.04874717460898999,,0.007348319842677693,1.0235695186220097,0.17793451828434834,0.10839038573535742,48,0.0021678077147071484,0.019703662052910995,0.02,0.02,chart_cl_3.csv,956,20250830_150755:956,random,8,24,30,56,14,18,4.4,3.4,1.2,3.0,14,0.95
4,2775,936,300,412,2025-01-27 17:00:00,2025-03-17 00:00:00,0.16130975966531436,1.7311574850296534,2.4528173687083825,14.444193729466251,1.0171638981036593,100.0,7,inf,0.0436741770531697,,0.0020556088442740357,1.0499116450497428,0.06823636515711555,0.1021975422394461,48,0.002043950844788922,0.010171638981036592,0.02,0.02,chart_cl_3.csv,903,20250830_150755:903,random,6,22,29,51,10,16,2.6,2.6,2.4,2.1,16,0.95
4,2775,936,300,412,2025-01-27 17:00:00,2025-03-17 00:00:00,0.16130975966531436,1.7311574850296534,2.4528173687083825,14.444193729466251,1.0171638981036593,100.0,7,inf,0.0436741770531697,,0.0020556088442740357,1.0499116450497428,0.06823636515711555,0.1021975422394461,48,0.002043950844788922,0.010171638981036592,0.02,0.02,chart_cl_3.csv,1193,20250830_150755:1193,random,8,24,30,47,18,18,2.4,2.8,1.5,0.5,18,0.8500000000000001
4,2775,936,300,412,2025-01-27 17:00:00,2025-03-17 00:00:00,0.16017439960309998,1.719256207569292,2.4359416698354717,14.335542098533448,1.0171638981036593,100.0,7,inf,0.04291727034502676,,0.0020571923745440024,1.0495518283003449,0.06823283865992631,0.10147799419967758,48,0.0020295598839935518,0.010171638981036592,0.02,0.02,chart_cl_3.csv,1153,20250830_150755:1153,random,10,22,30,55,16,10,3.6,2.8,1.9,2.5,18,0.95
4,2775,936,300,412,2025-01-27 17:00:00,2025-03-17 00:00:00,0.16017439960309998,1.719256207569292,2.4359416698354717,14.335542098533448,1.0171638981036593,100.0,7,inf,0.04291727034502676,,0.0020571923745440024,1.0495518283003449,0.06823283865992631,0.10147799419967758,48,0.0020295598839935518,0.010171638981036592,0.02,0.02,chart_cl_3.csv,1038,20250830_150755:1038,random,6,24,29,56,12,16,2.8,2.4,1.2,2.1,18,0.9
4,2775,936,300,412,2025-01-27 17:00:00,2025-03-17 00:00:00,0.15433716277196385,1.48064910816039,2.0718662139618838,12.032000280042727,1.164815103123991,36.36363636363637,12,1.6926928263607715,0.023262759033329472,,0.0025385153361764026,1.0352901620598178,0.077439205913064,0.09777862970199003,48,0.0019555725940398005,0.01164815103123991,0.02,0.02,chart_cl_3.csv,868,20250830_150755:868,random,14,18,30,52,10,18,2.8,2.6,3.0,0.8,16,0.65
3,2775,524,300,412,2024-12-06 03:00:00,2025-01-27 15:00:00,0.15225564395226598,1.9874689547337017,2.6025120344099877,25.678932653652787,0.5379390867030419,50.0,11,2.707340562743171,0.08837960984359904,,0.0009705094075359216,1.050896647954429,0.030984694905964824,0.0981537886752812,52,0.001963075773505624,0.005379390867030419,0.02,0.02,chart_cl_3.csv,862,20250830_150755:862,random,12,24,32,51,8,8,4.0,5.0,1.8,1.8,8,0.55
4,2775,936,300,412,2025-01-27 17:00:00,2025-03-17 00:00:00,0.15187487509661146,3.0602031775361613,3.9506387339355373,28.495597004032035,0.48347491176301904,66.66666666666666,13,0.6960606120310779,-0.022523463250782055,,0.001746237455814708,1.0707743012245359,0.008025379056115686,0.09621817553142917,48,0.0019243635106285834,0.0048347491176301905,0.02,0.02,chart_cl_3.csv,808,20250830_150755:808,random,10,18,29,44,6,14,3.2,4.4,0.8,1.5,14,0.6
4,2775,936,300,412,2025-01-27 17:00:00,2025-03-17 00:00:00,0.1496441990530064,1.0851547679539992,1.5293791278088609,9.222483420417879,1.4704913911192419,50.0,7,1.0711420370206715,0.0004066203070053993,,0.0028609945830425196,1.031932683053335,0.1201541701650466,0.09480451724863966,48,0.0018960903449727932,0.014704913911192418,0.02,0.02,chart_cl_3.csv,953,20250830_150755:953,random,10,26,33,53,18,16,3.6,2.2,2.3,2.1,16,0.65
6,2775,1760,300,412,2025-05-05 10:00:00,2025-06-20 20:00:00,0.14859607357306354,1.0255059689838115,1.3536033027220986,11.135544766860145,1.2087911196414132,70.58823529411765,18,1.1993542427459454,0.03148175708836676,,0.006356913942145114,1.0193315187507828,0.13527574464055653,0.09331352720091964,46,0.0018662705440183928,0.012087911196414131,0.02,0.02,chart_cl_3.csv,1075,20250830_150755:1075,random,6,20,27,53,16,8,3.2,3.6,0.5,2.9,16,0.5
3,2775,524,300,412,2024-12-06 03:00:00,2025-01-27 15:00:00,0.14835856012697235,2.038657950148153,2.6199410884130145,29.13395129592345,0.4612372880951958,50.0,9,1.57469974573507,0.037775601896856886,,0.0010096201041707423,1.0541494605420358,0.026337604264653754,0.09564064246080287,52,0.0019128128492160573,0.004612372880951958,0.02,0.02,chart_cl_3.csv,927,20250830_150755:927,random,10,24,34,56,18,14,3.6,4.0,2.8,1.8,8,0.7
4,2775,936,300,412,2025-01-27 17:00:00,2025-03-17 00:00:00,0.14544986413660155,3.1951442948696327,4.1103715763081885,23.078981757927963,0.5701204570407922,71.42857142857143,15,0.648125017460237,-0.020113577329965694,,0.0023095022702670554,1.0904914630423685,0.009352187794905955,0.092146454837152,48,0.00184292909674304,0.005701204570407922,0.02,0.02,chart_cl_3.csv,1043,20250830_150755:1043,random,6,24,35,55,10,14,2.2,3.4,1.8,1.3,14,0.65
3,2775,524,300,412,2024-12-06 03:00:00,2025-01-27 15:00:00,0.13921220085406816,1.0662353061693446,1.4516361778223679,13.291294107948492,0.9449742728229894,15.384615384615385,14,0.6070928767610669,-0.0928199350311403,,0.005061083584617817,1.0214310891566811,0.10685510577894407,0.08974252282587204,52,0.0017948504565174408,0.009449742728229894,0.02,0.02,chart_cl_3.csv,1267,20250830_150755:1267,random,10,26,29,58,16,12,2.6,5.0,3.0,2.7,10,0.5
4,2775,936,300,412,2025-01-27 17:00:00,2025-03-17 00:00:00,0.1181192244323288,1.4955204594393008,1.907635312877348,12.966418429101983,0.8145071676013967,46.666666666666664,16,1.265789932455163,0.009037593875554403,,0.004145237034302932,1.043355658167729,0.03599979236456396,0.07482744500872644,48,0.001496548900174529,0.008145071676013967,0.02,0.02,chart_cl_3.csv,1073,20250830_150755:1073,random,6,20,27,53,16,8,3.2,3.6,0.5,2.9,16,0.5
2,2775,112,300,412,2024-10-18 14:00:00,2024-12-06 01:00:00,0.10140834463746984,0.6144278608970027,0.8283097662743765,4.388129069993734,2.0516070766010377,92.85714285714286,15,1.352621123068693,0.03360347656842212,,0.007514951905328926,1.014573467187842,0.17839917133319314,0.06262309894150438,48,0.0012847799294707734,0.020516070766010377,0.02,0.020516070766010377,chart_cl_3.csv,876,20250830_150755:876,random,12,24,35,54,12,6,3.0,2.4,1.8,0.7,16,0.95
3,2775,524,300,412,2024-12-06 03:00:00,2025-01-27 15:00:00,0.09990464652760743,3.436822490361222,4.478764163784047,56.93078815812856,0.15568983614333679,62.5,9,1.8776018574903381,0.02583625877460407,,0.0005002878653604828,1.1156654818082787,0.002873419673694566,0.0643974113399199,52,0.001287948226798398,0.0015568983614333677,0.02,0.02,chart_cl_3.csv,817,20250830_150755:817,random,6,18,28,56,8,10,5.0,2.4,0.8,1.8,8,0.9
3,2775,524,300,412,2024-12-06 03:00:00,2025-01-27 15:00:00,0.09376773495801416,1.3902688853371137,1.9561052442555968,14.712951379856795,0.5639503970602872,36.36363636363637,12,1.558877031699355,0.043717268351863736,,0.001376664536013629,1.0357579799180476,0.03360395947800864,0.06044079597800609,52,0.0012088159195601219,0.005639503970602871,0.02,0.02,chart_cl_3.csv,932,20250830_150755:932,random,8,26,28,46,10,18,2.6,5.0,2.3,2.3,8,0.7
3,2775,524,300,412,2024-12-06 03:00:00,2025-01-27 15:00:00,0.08386185716181094,2.9414685468948956,3.8300774150184145,47.46716288778425,0.15567869369117507,70.0,11,2.015289308226394,0.024910824950247105,,0.0005292011034931718,1.1065306662051397,0.0028704533331160957,0.05405446645362157,52,0.0010810893290724316,0.0015567869369117508,0.02,0.02,chart_cl_3.csv,1247,20250830_150755:1247,random,12,20,28,55,12,14,4.6,2.4,1.7,2.7,10,0.8
4,2775,936,300,412,2025-01-27 17:00:00,2025-03-17 00:00:00,0.06914132180931887,1.5631950642370676,1.9717381479099723,10.7910940431097,0.5610688531052482,73.33333333333333,16,0.3549371576267019,-0.03871182795599035,,0.002271233932030201,1.043515937548941,0.00764678974748394,0.04379587784241857,48,0.0008759175568483714,0.005610688531052482,0.02,0.02,chart_cl_3.csv,1113,20250830_150755:1113,random,8,20,29,52,14,8,4.4,3.4,2.9,1.1,14,0.6
2,2775,112,300,412,2024-10-18 14:00:00,2024-12-06 01:00:00,0.05349910540061841,0.3781489326623975,0.5058704437036616,2.2089656845081524,2.106800104858267,86.66666666666667,16,1.1960715271987894,0.018580811629644256,,0.007960999380583084,1.0084733162154746,0.16226423749830032,0.03216876900783288,48,0.0006777316591886369,0.021068001048582672,0.02,0.021068001048582672,chart_cl_3.csv,866,20250830_150755:866,random,14,18,30,52,10,18,2.8,2.6,3.0,0.8,16,0.65
3,2775,524,300,412,2024-12-06 03:00:00,2025-01-27 15:00:00,0.03980407654106699,0.3035104922418353,0.3903723227281976,2.2402111282290718,1.536700989289642,38.46153846153847,14,0.6165220184438197,-0.10584678551510968,,0.006528373256905649,1.0061056434392066,0.14371778552158546,0.02565380451963343,52,0.0005130760903926686,0.01536700989289642,0.02,0.02,chart_cl_3.csv,977,20250830_150755:977,random,12,24,32,53,8,18,4.8,2.2,1.7,0.7,12,0.55
4,2775,936,300,412,2025-01-27 17:00:00,2025-03-17 00:00:00,0.011839611875604117,0.16613266996161583,0.23196673562539374,0.9979013565418697,1.0140964848352343,0.0,7,0.0,-0.04671468419086344,,0.0020494102668390047,1.004720156344264,0.06323817180756276,0.007498607756429483,48,0.00014997215512858967,0.010140964848352342,0.02,0.02,chart_cl_3.csv,1158,20250830_150755:1158,random,14,20,31,51,12,14,2.2,2.8,0.8,2.2,14,0.9
2,2775,112,300,412,2024-10-18 14:00:00,2024-12-06 01:00:00,0.0062012789234557894,0.13932824546515687,0.18282463526071144,0.15584384578391886,3.3930538185988874,50.0,19,1.123856417413519,0.006111261339161851,,0.013718131707611244,1.0027416356569203,0.28539447154643494,0.0023150401590890978,48,7.855055852007039e-05,0.03393053818598887,0.020577197561416866,0.03393053818598887,chart_cl_3.csv,1136,20250830_150755:1136,random,10,18,32,45,12,6,3.0,2.0,2.8,0.9,14,0.7
3,2775,524,300,412,2024-12-06 03:00:00,2025-01-27 15:00:00,0.0,inf,inf,,,,0,,,,0.0,,0.0,,52,0.0,,0.02,,chart_cl_3.csv,802,20250830_150755:802,random,12,26,29,46,12,6,2.6,3.2,1.7,1.2,8,0.8
2,2775,112,300,412,2024-10-18 14:00:00,2024-12-06 01:00:00,0.0,inf,inf,,,,0,,,,0.0,,0.0,,48,0.0,,0.02,,chart_cl_3.csv,806,20250830_150755:806,random,10,18,29,44,6,14,3.2,4.4,0.8,1.5,14,0.6
3,2775,524,300,412,2024-12-06 03:00:00,2025-01-27 15:00:00,0.0,inf,inf,,,,0,,,,0.0,,0.0,,52,0.0,,0.02,,chart_cl_3.csv,837,20250830_150755:837,random,8,26,31,49,16,16,3.0,4.0,1.5,2.6,18,0.9
6,2775,1760,300,412,2025-05-05 10:00:00,2025-06-20 20:00:00,0.0,inf,inf,,,,0,,,,0.0,,0.0,,46,0.0,,0.02,,chart_cl_3.csv,825,20250830_150755:825,random,6,20,33,51,14,12,4.0,3.2,0.6,2.6,16,0.7
5,2775,1348,300,412,2025-03-17 02:00:00,2025-05-05 08:00:00,0.0,inf,inf,,,,0,,,,0.0,,0.0,,49,0.0,,0.02,,chart_cl_3.csv,824,20250830_150755:824,random,6,20,33,51,14,12,4.0,3.2,0.6,2.6,16,0.7
4,2775,936,300,412,2025-01-27 17:00:00,2025-03-17 00:00:00,0.0,inf,inf,,,,0,,,,0.0,,0.0,,48,0.0,,0.02,,chart_cl_3.csv,823,20250830_150755:823,random,6,20,33,51,14,12,4.0,3.2,0.6,2.6,16,0.7
2,2775,112,300,412,2024-10-18 14:00:00,2024-12-06 01:00:00,0.0,inf,inf,,,,0,,,,0.0,,0.0,,48,0.0,,0.02,,chart_cl_3.csv,821,20250830_150755:821,random,6,20,33,51,14,12,4.0,3.2,0.6,2.6,16,0.7
4,2775,936,300,412,2025-01-27 17:00:00,2025-03-17 00:00:00,0.0,inf,inf,,,,0,,,,0.0,,0.0,,48,0.0,,0.02,,chart_cl_3.csv,818,20250830_150755:818,random,6,18,28,56,8,10,5.0,2.4,0.8,1.8,8,0.9
2,2775,112,300,412,2024-10-18 14:00:00,2024-12-06 01:00:00,0.0,inf,inf,,,,0,,,,0.0,,0.0,,48,0.0,,0.02,,chart_cl_3.csv,811,20250830_150755:811,random,10,24,29,52,8,14,2.6,3.2,1.4,1.0,14,0.5
5,2775,1348,300,412,2025-03-17 02:00:00,2025-05-05 08:00:00,0.0,inf,inf,,,,0,,,,0.0,,0.0,,49,0.0,,0.02,,chart_cl_3.csv,849,20250830_150755:849,random,10,26,27,44,18,16,3.0,4.0,1.9,2.9,16,0.8500000000000001
4,2775,936,300,412,2025-01-27 17:00:00,2025-03-17 00:00:00,0.0,inf,inf,,,,0,,,,0.0,,0.0,,48,0.0,,0.02,,chart_cl_3.csv,848,20250830_150755:848,random,10,26,27,44,18,16,3.0,4.0,1.9,2.9,16,0.8500000000000001
3,2775,524,300,412,2024-12-06 03:00:00,2025-01-27 15:00:00,0.0,inf,inf,,,,0,,,,0.0,,0.0,,52,0.0,,0.02,,chart_cl_3.csv,847,20250830_150755:847,random,10,26,27,44,18,16,3.0,4.0,1.9,2.9,16,0.8500000000000001
2,2775,112,300,412,2024-10-18 14:00:00,2024-12-06 01:00:00,0.0,inf,inf,,,,0,,,,0.0,,0.0,,48,0.0,,0.02,,chart_cl_3.csv,846,20250830_150755:846,random,10,26,27,44,18,16,3.0,4.0,1.9,2.9,16,0.8500000000000001
5,2775,1348,300,412,2025-03-17 02:00:00,2025-05-05 08:00:00,0.0,inf,inf,,,,0,,,,0.0,,0.0,,49,0.0,,0.02,,chart_cl_3.csv,844,20250830_150755:844,random,12,26,28,43,14,14,4.6,4.6,2.3,2.7,14,0.75
4,2775,936,300,412,2025-01-27 17:00:00,2025-03-17 00:00:00,0.0,inf,inf,,,,0,,,,0.0,,0.0,,48,0.0,,0.02,,chart_cl_3.csv,843,20250830_150755:843,random,12,26,28,43,14,14,4.6,4.6,2.3,2.7,14,0.75
3,2775,524,300,412,2024-12-06 03:00:00,2025-01-27 15:00:00,0.0,inf,inf,,,,0,,,,0.0,,0.0,,52,0.0,,0.02,,chart_cl_3.csv,842,20250830_150755:842,random,12,26,28,43,14,14,4.6,4.6,2.3,2.7,14,0.75
2,2775,112,300,412,2024-10-18 14:00:00,2024-12-06 01:00:00,0.0,inf,inf,,,,0,,,,0.0,,0.0,,48,0.0,,0.02,,chart_cl_3.csv,841,20250830_150755:841,random,12,26,28,43,14,14,4.6,4.6,2.3,2.7,14,0.75
6,2775,1760,300,412,2025-05-05 10:00:00,2025-06-20 20:00:00,0.0,inf,inf,,,,0,,,,0.0,,0.0,,46,0.0,,0.02,,chart_cl_3.csv,840,20250830_150755:840,random,8,26,31,49,16,16,3.0,4.0,1.5,2.6,18,0.9
5,2775,1348,300,412,2025-03-17 02:00:00,2025-05-05 08:00:00,0.0,inf,inf,,,,0,,,,0.0,,0.0,,49,0.0,,0.02,,chart_cl_3.csv,839,20250830_150755:839,random,8,26,31,49,16,16,3.0,4.0,1.5,2.6,18,0.9
4,2775,936,300,412,2025-01-27 17:00:00,2025-03-17 00:00:00,0.0,inf,inf,,,,0,,,,0.0,,0.0,,48,0.0,,0.02,,chart_cl_3.csv,838,20250830_150755:838,random,8,26,31,49,16,16,3.0,4.0,1.5,2.6,18,0.9
5,2775,1348,300,412,2025-03-17 02:00:00,2025-05-05 08:00:00,0.0,inf,inf,,,,0,,,,0.0,,0.0,,49,0.0,,0.02,,chart_cl_3.csv,809,20250830_150755:809,random,10,18,29,44,6,14,3.2,4.4,0.8,1.5,14,0.6
6,2775,1760,300,412,2025-05-05 10:00:00,2025-06-20 20:00:00,0.0,inf,inf,,,,0,,,,0.0,,0.0,,46,0.0,,0.02,,chart_cl_3.csv,850,20250830_150755:850,random,10,26,27,44,18,16,3.0,4.0,1.9,2.9,16,0.8500000000000001
6,2775,1760,300,412,2025-05-05 10:00:00,2025-06-20 20:00:00,0.0,inf,inf,,,,0,,,,0.0,,0.0,,46,0.0,,0.02,,chart_cl_3.csv,885,20250830_150755:885,random,12,24,34,43,16,8,5.0,4.4,2.3,2.6,16,0.95
5,2775,1348,300,412,2025-03-17 02:00:00,2025-05-05 08:00:00,0.0,inf,inf,,,,0,,,,0.0,,0.0,,49,0.0,,0.02,,chart_cl_3.csv,884,20250830_150755:884,random,12,24,34,43,16,8,5.0,4.4,2.3,2.6,16,0.95
4,2775,936,300,412,2025-01-27 17:00:00,2025-03-17 00:00:00,0.0,inf,inf,,,,0,,,,0.0,,0.0,,48,0.0,,0.02,,chart_cl_3.csv,883,20250830_150755:883,random,12,24,34,43,16,8,5.0,4.4,2.3,2.6,16,0.95
3,2775,524,300,412,2024-12-06 03:00:00,2025-01-27 15:00:00,0.0,inf,inf,,,,0,,,,0.0,,0.0,,52,0.0,,0.02,,chart_cl_3.csv,882,20250830_150755:882,random,12,24,34,43,16,8,5.0,4.4,2.3,2.6,16,0.95
2,2775,112,300,412,2024-10-18 14:00:00,2024-12-06 01:00:00,0.0,inf,inf,,,,0,,,,0.0,,0.0,,48,0.0,,0.02,,chart_cl_3.csv,881,20250830_150755:881,random,12,24,34,43,16,8,5.0,4.4,2.3,2.6,16,0.95
6,2775,1760,300,412,2025-05-05 10:00:00,2025-06-20 20:00:00,0.0,inf,inf,,,,0,,,,0.0,,0.0,,46,0.0,,0.02,,chart_cl_3.csv,875,20250830_150755:875,random,12,20,34,44,8,14,2.8,3.2,1.1,2.5,10,0.75
4,2775,936,300,412,2025-01-27 17:00:00,2025-03-17 00:00:00,0.0,inf,inf,,,,0,,,,0.0,,0.0,,48,0.0,,0.02,,chart_cl_3.csv,873,20250830_150755:873,random,12,20,34,44,8,14,2.8,3.2,1.1,2.5,10,0.75
2,2775,112,300,412,2024-10-18 14:00:00,2024-12-06 01:00:00,0.0,inf,inf,,,,0,,,,0.0,,0.0,,48,0.0,,0.02,,chart_cl_3.csv,896,20250830_150755:896,random,6,20,31,51,8,10,4.2,3.8,2.1,2.6,16,0.75
6,2775,1760,300,412,2025-05-05 10:00:00,2025-06-20 20:00:00,0.0,inf,inf,,,,0,,,,0.0,,0.0,,46,0.0,,0.02,,chart_cl_3.csv,895,20250830_150755:895,random,12,26,27,58,16,12,4.8,4.6,1.9,1.0,18,0.8
5,2775,1348,300,412,2025-03-17 02:00:00,2025-05-05 08:00:00,0.0,inf,inf,,,,0,,,,0.0,,0.0,,49,0.0,,0.02,,chart_cl_3.csv,894,20250830_150755:894,random,12,26,27,58,16,12,4.8,4.6,1.9,1.0,18,0.8
4,2775,936,300,412,2025-01-27 17:00:00,2025-03-17 00:00:00,0.0,inf,inf,,,,0,,,,0.0,,0.0,,48,0.0,,0.02,,chart_cl_3.csv,893,20250830_150755:893,random,12,26,27,58,16,12,4.8,4.6,1.9,1.0,18,0.8
3,2775,524,300,412,2024-12-06 03:00:00,2025-01-27 15:00:00,0.0,inf,inf,,,,0,,,,0.0,,0.0,,52,0.0,,0.02,,chart_cl_3.csv,892,20250830_150755:892,random,12,26,27,58,16,12,4.8,4.6,1.9,1.0,18,0.8
2,2775,112,300,412,2024-10-18 14:00:00,2024-12-06 01:00:00,0.0,inf,inf,,,,0,,,,0.0,,0.0,,48,0.0,,0.02,,chart_cl_3.csv,891,20250830_150755:891,random,12,26,27,58,16,12,4.8,4.6,1.9,1.0,18,0.8
3,2775,524,300,412,2024-12-06 03:00:00,2025-01-27 15:00:00,0.0,inf,inf,,,,0,,,,0.0,,0.0,,52,0.0,,0.02,,chart_cl_3.csv,917,20250830_150755:917,random,12,20,32,51,6,14,2.8,4.0,1.3,1.7,14,0.8500000000000001
2,2775,112,300,412,2024-10-18 14:00:00,2024-12-06 01:00:00,0.0,inf,inf,,,,0,,,,0.0,,0.0,,48,0.0,,0.02,,chart_cl_3.csv,916,20250830_150755:916,random,12,20,32,51,6,14,2.8,4.0,1.3,1.7,14,0.8500000000000001
6,2775,1760,300,412,2025-05-05 10:00:00,2025-06-20 20:00:00,0.0,inf,inf,,,,0,,,,0.0,,0.0,,46,0.0,,0.02,,chart_cl_3.csv,915,20250830_150755:915,random,6,24,35,45,14,16,4.0,3.6,2.6,1.1,12,0.8
4,2775,936,300,412,2025-01-27 17:00:00,2025-03-17 00:00:00,0.0,inf,inf,,,,0,,,,0.0,,0.0,,48,0.0,,0.02,,chart_cl_3.csv,913,20250830_150755:913,random,6,24,35,45,14,16,4.0,3.6,2.6,1.1,12,0.8
6,2775,1760,300,412,2025-05-05 10:00:00,2025-06-20 20:00:00,0.0,inf,inf,,,,0,,,,0.0,,0.0,,46,0.0,,0.02,,chart_cl_3.csv,900,20250830_150755:900,random,6,20,31,51,8,10,4.2,3.8,2.1,2.6,16,0.75
5,2775,1348,300,412,2025-03-17 02:00:00,2025-05-05 08:00:00,0.0,inf,inf,,,,0,,,,0.0,,0.0,,49,0.0,,0.02,,chart_cl_3.csv,899,20250830_150755:899,random,6,20,31,51,8,10,4.2,3.8,2.1,2.6,16,0.75
4,2775,936,300,412,2025-01-27 17:00:00,2025-03-17 00:00:00,0.0,inf,inf,,,,0,,,,0.0,,0.0,,48,0.0,,0.02,,chart_cl_3.csv,898,20250830_150755:898,random,6,20,31,51,8,10,4.2,3.8,2.1,2.6,16,0.75
3,2775,524,300,412,2024-12-06 03:00:00,2025-01-27 15:00:00,0.0,inf,inf,,,,0,,,,0.0,,0.0,,52,0.0,,0.02,,chart_cl_3.csv,897,20250830_150755:897,random,6,20,31,51,8,10,4.2,3.8,2.1,2.6,16,0.75
3,2775,524,300,412,2024-12-06 03:00:00,2025-01-27 15:00:00,0.0,inf,inf,,,,0,,,,0.0,,0.0,,52,0.0,,0.02,,chart_cl_3.csv,902,20250830_150755:902,random,6,22,29,51,10,16,2.6,2.6,2.4,2.1,16,0.95
2,2775,112,300,412,2024-10-18 14:00:00,2024-12-06 01:00:00,0.0,inf,inf,,,,0,,,,0.0,,0.0,,48,0.0,,0.02,,chart_cl_3.csv,911,20250830_150755:911,random,6,24,35,45,14,16,4.0,3.6,2.6,1.1,12,0.8
2,2775,112,300,412,2024-10-18 14:00:00,2024-12-06 01:00:00,0.0,inf,inf,,,,0,,,,0.0,,0.0,,48,0.0,,0.02,,chart_cl_3.csv,936,20250830_150755:936,random,12,18,35,42,8,14,2.4,3.6,2.9,1.1,18,0.8
3,2775,524,300,412,2024-12-06 03:00:00,2025-01-27 15:00:00,0.0,inf,inf,,,,0,,,,0.0,,0.0,,52,0.0,,0.02,,chart_cl_3.csv,962,20250830_150755:962,random,6,20,35,44,12,6,3.6,2.2,1.0,1.1,14,0.8
5,2775,1348,300,412,2025-03-17 02:00:00,2025-05-05 08:00:00,0.0,inf,inf,,,,0,,,,0.0,,0.0,,49,0.0,,0.02,,chart_cl_3.csv,919,20250830_150755:919,random,12,20,32,51,6,14,2.8,4.0,1.3,1.7,14,0.8500000000000001
4,2775,936,300,412,2025-01-27 17:00:00,2025-03-17 00:00:00,0.0,inf,inf,,,,0,,,,0.0,,0.0,,48,0.0,,0.02,,chart_cl_3.csv,918,20250830_150755:918,random,12,20,32,51,6,14,2.8,4.0,1.3,1.7,14,0.8500000000000001
5,2775,1348,300,412,2025-03-17 02:00:00,2025-05-05 08:00:00,0.0,inf,inf,,,,0,,,,0.0,,0.0,,49,0.0,,0.02,,chart_cl_3.csv,939,20250830_150755:939,random,12,18,35,42,8,14,2.4,3.6,2.9,1.1,18,0.8
4,2775,936,300,412,2025-01-27 17:00:00,2025-03-17 00:00:00,0.0,inf,inf,,,,0,,,,0.0,,0.0,,48,0.0,,0.02,,chart_cl_3.csv,938,20250830_150755:938,random,12,18,35,42,8,14,2.4,3.6,2.9,1.1,18,0.8
3,2775,524,300,412,2024-12-06 03:00:00,2025-01-27 15:00:00,0.0,inf,inf,,,,0,,,,0.0,,0.0,,52,0.0,,0.02,,chart_cl_3.csv,937,20250830_150755:937,random,12,18,35,42,8,14,2.4,3.6,2.9,1.1,18,0.8
6,2775,1760,300,412,2025-05-05 10:00:00,2025-06-20 20:00:00,0.0,inf,inf,,,,0,,,,0.0,,0.0,,46,0.0,,0.02,,chart_cl_3.csv,975,20250830_150755:975,random,12,26,31,49,18,6,4.6,4.6,2.0,1.8,10,0.95
4,2775,936,300,412,2025-01-27 17:00:00,2025-03-17 00:00:00,0.0,inf,inf,,,,0,,,,0.0,,0.0,,48,0.0,,0.02,,chart_cl_3.csv,973,20250830_150755:973,random,12,26,31,49,18,6,4.6,4.6,2.0,1.8,10,0.95
3,2775,524,300,412,2024-12-06 03:00:00,2025-01-27 15:00:00,0.0,inf,inf,,,,0,,,,0.0,,0.0,,52,0.0,,0.02,,chart_cl_3.csv,972,20250830_150755:972,random,12,26,31,49,18,6,4.6,4.6,2.0,1.8,10,0.95
6,2775,1760,300,412,2025-05-05 10:00:00,2025-06-20 20:00:00,0.0,inf,inf,,,,0,,,,0.0,,0.0,,46,0.0,,0.02,,chart_cl_3.csv,970,20250830_150755:970,random,6,22,28,52,10,14,3.8,4.0,1.4,1.2,14,0.9
5,2775,1348,300,412,2025-03-17 02:00:00,2025-05-05 08:00:00,0.0,inf,inf,,,,0,,,,0.0,,0.0,,49,0.0,,0.02,,chart_cl_3.csv,969,20250830_150755:969,random,6,22,28,52,10,14,3.8,4.0,1.4,1.2,14,0.9
4,2775,936,300,412,2025-01-27 17:00:00,2025-03-17 00:00:00,0.0,inf,inf,,,,0,,,,0.0,,0.0,,48,0.0,,0.02,,chart_cl_3.csv,968,20250830_150755:968,random,6,22,28,52,10,14,3.8,4.0,1.4,1.2,14,0.9
3,2775,524,300,412,2024-12-06 03:00:00,2025-01-27 15:00:00,0.0,inf,inf,,,,0,,,,0.0,,0.0,,52,0.0,,0.02,,chart_cl_3.csv,967,20250830_150755:967,random,6,22,28,52,10,14,3.8,4.0,1.4,1.2,14,0.9
2,2775,112,300,412,2024-10-18 14:00:00,2024-12-06 01:00:00,0.0,inf,inf,,,,0,,,,0.0,,0.0,,48,0.0,,0.02,,chart_cl_3.csv,966,20250830_150755:966,random,6,22,28,52,10,14,3.8,4.0,1.4,1.2,14,0.9
3,2775,524,300,412,2024-12-06 03:00:00,2025-01-27 15:00:00,0.0,inf,inf,,,,0,,,,0.0,,0.0,,52,0.0,,0.02,,chart_cl_3.csv,997,20250830_150755:997,random,14,22,35,47,8,16,4.0,3.8,0.6,1.9,14,0.9
2,2775,112,300,412,2024-10-18 14:00:00,2024-12-06 01:00:00,0.0,inf,inf,,,,0,,,,0.0,,0.0,,48,0.0,,0.02,,chart_cl_3.csv,996,20250830_150755:996,random,14,22,35,47,8,16,4.0,3.8,0.6,1.9,14,0.9
5,2775,1348,300,412,2025-03-17 02:00:00,2025-05-05 08:00:00,0.0,inf,inf,,,,0,,,,0.0,,0.0,,49,0.0,,0.02,,chart_cl_3.csv,989,20250830_150755:989,random,10,18,33,57,6,18,4.2,4.2,0.6,0.8,14,0.75
4,2775,936,300,412,2025-01-27 17:00:00,2025-03-17 00:00:00,0.0,inf,inf,,,,0,,,,0.0,,0.0,,48,0.0,,0.02,,chart_cl_3.csv,988,20250830_150755:988,random,10,18,33,57,6,18,4.2,4.2,0.6,0.8,14,0.75
2,2775,112,300,412,2024-10-18 14:00:00,2024-12-06 01:00:00,0.0,inf,inf,,,,0,,,,0.0,,0.0,,48,0.0,,0.02,,chart_cl_3.csv,986,20250830_150755:986,random,10,18,33,57,6,18,4.2,4.2,0.6,0.8,14,0.75
5,2775,1348,300,412,2025-03-17 02:00:00,2025-05-05 08:00:00,0.0,inf,inf,,,,0,,,,0.0,,0.0,,49,0.0,,0.02,,chart_cl_3.csv,984,20250830_150755:984,random,10,18,27,49,14,12,4.8,3.8,0.9,0.8,18,0.75
4,2775,936,300,412,2025-01-27 17:00:00,2025-03-17 00:00:00,0.0,inf,inf,,,,0,,,,0.0,,0.0,,48,0.0,,0.02,,chart_cl_3.csv,983,20250830_150755:983,random,10,18,27,49,14,12,4.8,3.8,0.9,0.8,18,0.75
3,2775,524,300,412,2024-12-06 03:00:00,2025-01-27 15:00:00,0.0,inf,inf,,,,0,,,,0.0,,0.0,,52,0.0,,0.02,,chart_cl_3.csv,982,20250830_150755:982,random,10,18,27,49,14,12,4.8,3.8,0.9,0.8,18,0.75
5,2775,1348,300,412,2025-03-17 02:00:00,2025-05-05 08:00:00,0.0,inf,inf,,,,0,,,,0.0,,0.0,,49,0.0,,0.02,,chart_cl_3.csv,959,20250830_150755:959,random,8,24,30,56,14,18,4.4,3.4,1.2,3.0,14,0.95
4,2775,936,300,412,2025-01-27 17:00:00,2025-03-17 00:00:00,0.0,inf,inf,,,,0,,,,0.0,,0.0,,48,0.0,,0.02,,chart_cl_3.csv,958,20250830_150755:958,random,8,24,30,56,14,18,4.4,3.4,1.2,3.0,14,0.95
3,2775,524,300,412,2024-12-06 03:00:00,2025-01-27 15:00:00,0.0,inf,inf,,,,0,,,,0.0,,0.0,,52,0.0,,0.02,,chart_cl_3.csv,957,20250830_150755:957,random,8,24,30,56,14,18,4.4,3.4,1.2,3.0,14,0.95
2,2775,112,300,412,2024-10-18 14:00:00,2024-12-06 01:00:00,0.0,inf,inf,,,,0,,,,0.0,,0.0,,48,0.0,,0.02,,chart_cl_3.csv,981,20250830_150755:981,random,10,18,27,49,14,12,4.8,3.8,0.9,0.8,18,0.75
6,2775,1760,300,412,2025-05-05 10:00:00,2025-06-20 20:00:00,0.0,inf,inf,,,,0,,,,0.0,,0.0,,46,0.0,,0.02,,chart_cl_3.csv,1000,20250830_150755:1000,random,14,22,35,47,8,16,4.0,3.8,0.6,1.9,14,0.9
5,2775,1348,300,412,2025-03-17 02:00:00,2025-05-05 08:00:00,0.0,inf,inf,,,,0,,,,0.0,,0.0,,49,0.0,,0.02,,chart_cl_3.csv,999,20250830_150755:999,random,14,22,35,47,8,16,4.0,3.8,0.6,1.9,14,0.9
4,2775,936,300,412,2025-01-27 17:00:00,2025-03-17 00:00:00,0.0,inf,inf,,,,0,,,,0.0,,0.0,,48,0.0,,0.02,,chart_cl_3.csv,998,20250830_150755:998,random,14,22,35,47,8,16,4.0,3.8,0.6,1.9,14,0.9
6,2775,1760,300,412,2025-05-05 10:00:00,2025-06-20 20:00:00,0.0,inf,inf,,,,0,,,,0.0,,0.0,,46,0.0,,0.02,,chart_cl_3.csv,1025,20250830_150755:1025,random,6,22,28,42,16,10,2.0,4.4,1.0,1.8,14,0.7
5,2775,1348,300,412,2025-03-17 02:00:00,2025-05-05 08:00:00,0.0,inf,inf,,,,0,,,,0.0,,0.0,,49,0.0,,0.02,,chart_cl_3.csv,1024,20250830_150755:1024,random,6,22,28,42,16,10,2.0,4.4,1.0,1.8,14,0.7
4,2775,936,300,412,2025-01-27 17:00:00,2025-03-17 00:00:00,0.0,inf,inf,,,,0,,,,0.0,,0.0,,48,0.0,,0.02,,chart_cl_3.csv,1023,20250830_150755:1023,random,6,22,28,42,16,10,2.0,4.4,1.0,1.8,14,0.7
3,2775,524,300,412,2024-12-06 03:00:00,2025-01-27 15:00:00,0.0,inf,inf,,,,0,,,,0.0,,0.0,,52,0.0,,0.02,,chart_cl_3.csv,1022,20250830_150755:1022,random,6,22,28,42,16,10,2.0,4.4,1.0,1.8,14,0.7
2,2775,112,300,412,2024-10-18 14:00:00,2024-12-06 01:00:00,0.0,inf,inf,,,,0,,,,0.0,,0.0,,48,0.0,,0.02,,chart_cl_3.csv,1021,20250830_150755:1021,random,6,22,28,42,16,10,2.0,4.4,1.0,1.8,14,0.7
2,2775,112,300,412,2024-10-18 14:00:00,2024-12-06 01:00:00,0.0,inf,inf,,,,0,,,,0.0,,0.0,,48,0.0,,0.02,,chart_cl_3.csv,1016,20250830_150755:1016,random,10,24,36,56,16,18,2.2,4.4,2.4,1.8,14,0.5
2,2775,112,300,412,2024-10-18 14:00:00,2024-12-06 01:00:00,0.0,inf,inf,,,,0,,,,0.0,,0.0,,48,0.0,,0.02,,chart_cl_3.csv,1011,20250830_150755:1011,random,6,24,28,43,10,12,4.6,3.0,1.0,1.3,14,0.5
5,2775,1348,300,412,2025-03-17 02:00:00,2025-05-05 08:00:00,0.0,inf,inf,,,,0,,,,0.0,,0.0,,49,0.0,,0.02,,chart_cl_3.csv,1029,20250830_150755:1029,random,10,22,30,58,6,16,2.8,4.8,2.9,2.3,18,0.6
2,2775,112,300,412,2024-10-18 14:00:00,2024-12-06 01:00:00,0.0,inf,inf,,,,0,,,,0.0,,0.0,,48,0.0,,0.02,,chart_cl_3.csv,1026,20250830_150755:1026,random,10,22,30,58,6,16,2.8,4.8,2.9,2.3,18,0.6
5,2775,1348,300,412,2025-03-17 02:00:00,2025-05-05 08:00:00,0.0,inf,inf,,,,0,,,,0.0,,0.0,,49,0.0,,0.02,,chart_cl_3.csv,1059,20250830_150755:1059,random,14,18,30,44,6,8,1.8,3.2,1.7,2.7,14,0.75
5,2775,1348,300,412,2025-03-17 02:00:00,2025-05-05 08:00:00,0.0,inf,inf,,,,0,,,,0.0,,0.0,,49,0.0,,0.02,,chart_cl_3.csv,1014,20250830_150755:1014,random,6,24,28,43,10,12,4.6,3.0,1.0,1.3,14,0.5
6,2775,1760,300,412,2025-05-05 10:00:00,2025-06-20 20:00:00,0.0,inf,inf,,,,0,,,,0.0,,0.0,,46,0.0,,0.02,,chart_cl_3.csv,1045,20250830_150755:1045,random,6,24,35,55,10,14,2.2,3.4,1.8,1.3,14,0.65
5,2775,1348,300,412,2025-03-17 02:00:00,2025-05-05 08:00:00,0.0,inf,inf,,,,0,,,,0.0,,0.0,,49,0.0,,0.02,,chart_cl_3.csv,1044,20250830_150755:1044,random,6,24,35,55,10,14,2.2,3.4,1.8,1.3,14,0.65
2,2775,112,300,412,2024-10-18 14:00:00,2024-12-06 01:00:00,0.0,inf,inf,,,,0,,,,0.0,,0.0,,48,0.0,,0.02,,chart_cl_3.csv,1041,20250830_150755:1041,random,6,24,35,55,10,14,2.2,3.4,1.8,1.3,14,0.65
4,2775,936,300,412,2025-01-27 17:00:00,2025-03-17 00:00:00,0.0,inf,inf,,,,0,,,,0.0,,0.0,,48,0.0,,0.02,,chart_cl_3.csv,1033,20250830_150755:1033,random,10,20,29,50,12,12,4.2,3.0,1.8,1.3,12,0.8
6,2775,1760,300,412,2025-05-05 10:00:00,2025-06-20 20:00:00,0.0,inf,inf,,,,0,,,,0.0,,0.0,,46,0.0,,0.02,,chart_cl_3.csv,1085,20250830_150755:1085,random,10,24,27,48,14,14,5.0,3.6,1.5,2.6,18,0.9
5,2775,1348,300,412,2025-03-17 02:00:00,2025-05-05 08:00:00,0.0,inf,inf,,,,0,,,,0.0,,0.0,,49,0.0,,0.02,,chart_cl_3.csv,1084,20250830_150755:1084,random,10,24,27,48,14,14,5.0,3.6,1.5,2.6,18,0.9
4,2775,936,300,412,2025-01-27 17:00:00,2025-03-17 00:00:00,0.0,inf,inf,,,,0,,,,0.0,,0.0,,48,0.0,,0.02,,chart_cl_3.csv,1058,20250830_150755:1058,random,14,18,30,44,6,8,1.8,3.2,1.7,2.7,14,0.75
3,2775,524,300,412,2024-12-06 03:00:00,2025-01-27 15:00:00,0.0,inf,inf,,,,0,,,,0.0,,0.0,,52,0.0,,0.02,,chart_cl_3.csv,1057,20250830_150755:1057,random,14,18,30,44,6,8,1.8,3.2,1.7,2.7,14,0.75
2,2775,112,300,412,2024-10-18 14:00:00,2024-12-06 01:00:00,0.0,inf,inf,,,,0,,,,0.0,,0.0,,48,0.0,,0.02,,chart_cl_3.csv,1056,20250830_150755:1056,random,14,18,30,44,6,8,1.8,3.2,1.7,2.7,14,0.75
6,2775,1760,300,412,2025-05-05 10:00:00,2025-06-20 20:00:00,0.0,inf,inf,,,,0,,,,0.0,,0.0,,46,0.0,,0.02,,chart_cl_3.csv,1055,20250830_150755:1055,random,14,26,31,57,12,14,2.2,4.0,0.5,2.5,16,0.9
5,2775,1348,300,412,2025-03-17 02:00:00,2025-05-05 08:00:00,0.0,inf,inf,,,,0,,,,0.0,,0.0,,49,0.0,,0.02,,chart_cl_3.csv,1054,20250830_150755:1054,random,14,26,31,57,12,14,2.2,4.0,0.5,2.5,16,0.9
4,2775,936,300,412,2025-01-27 17:00:00,2025-03-17 00:00:00,0.0,inf,inf,,,,0,,,,0.0,,0.0,,48,0.0,,0.02,,chart_cl_3.csv,1053,20250830_150755:1053,random,14,26,31,57,12,14,2.2,4.0,0.5,2.5,16,0.9
3,2775,524,300,412,2024-12-06 03:00:00,2025-01-27 15:00:00,0.0,inf,inf,,,,0,,,,0.0,,0.0,,52,0.0,,0.02,,chart_cl_3.csv,1052,20250830_150755:1052,random,14,26,31,57,12,14,2.2,4.0,0.5,2.5,16,0.9
2,2775,112,300,412,2024-10-18 14:00:00,2024-12-06 01:00:00,0.0,inf,inf,,,,0,,,,0.0,,0.0,,48,0.0,,0.02,,chart_cl_3.csv,1051,20250830_150755:1051,random,14,26,31,57,12,14,2.2,4.0,0.5,2.5,16,0.9
3,2775,524,300,412,2024-12-06 03:00:00,2025-01-27 15:00:00,0.0,inf,inf,,,,0,,,,0.0,,0.0,,52,0.0,,0.02,,chart_cl_3.csv,1077,20250830_150755:1077,random,10,22,30,58,14,14,2.8,5.0,1.8,2.1,18,0.8500000000000001
2,2775,112,300,412,2024-10-18 14:00:00,2024-12-06 01:00:00,0.0,inf,inf,,,,0,,,,0.0,,0.0,,48,0.0,,0.02,,chart_cl_3.csv,1076,20250830_150755:1076,random,10,22,30,58,14,14,2.8,5.0,1.8,2.1,18,0.8500000000000001
6,2775,1760,300,412,2025-05-05 10:00:00,2025-06-20 20:00:00,0.0,inf,inf,,,,0,,,,0.0,,0.0,,46,0.0,,0.02,,chart_cl_3.csv,1060,20250830_150755:1060,random,14,18,30,44,6,8,1.8,3.2,1.7,2.7,14,0.75
5,2775,1348,300,412,2025-03-17 02:00:00,2025-05-05 08:00:00,0.0,inf,inf,,,,0,,,,0.0,,0.0,,49,0.0,,0.02,,chart_cl_3.csv,1079,20250830_150755:1079,random,10,22,30,58,14,14,2.8,5.0,1.8,2.1,18,0.8500000000000001
4,2775,936,300,412,2025-01-27 17:00:00,2025-03-17 00:00:00,0.0,inf,inf,,,,0,,,,0.0,,0.0,,48,0.0,,0.02,,chart_cl_3.csv,1078,20250830_150755:1078,random,10,22,30,58,14,14,2.8,5.0,1.8,2.1,18,0.8500000000000001
5,2775,1348,300,412,2025-03-17 02:00:00,2025-05-05 08:00:00,0.0,inf,inf,,,,0,,,,0.0,,0.0,,49,0.0,,0.02,,chart_cl_3.csv,1109,20250830_150755:1109,random,12,18,27,53,8,10,4.6,3.4,1.1,0.6,16,0.9
4,2775,936,300,412,2025-01-27 17:00:00,2025-03-17 00:00:00,0.0,inf,inf,,,,0,,,,0.0,,0.0,,48,0.0,,0.02,,chart_cl_3.csv,1108,20250830_150755:1108,random,12,18,27,53,8,10,4.6,3.4,1.1,0.6,16,0.9
3,2775,524,300,412,2024-12-06 03:00:00,2025-01-27 15:00:00,0.0,inf,inf,,,,0,,,,0.0,,0.0,,52,0.0,,0.02,,chart_cl_3.csv,1107,20250830_150755:1107,random,12,18,27,53,8,10,4.6,3.4,1.1,0.6,16,0.9
2,2775,112,300,412,2024-10-18 14:00:00,2024-12-06 01:00:00,0.0,inf,inf,,,,0,,,,0.0,,0.0,,48,0.0,,0.02,,chart_cl_3.csv,1106,20250830_150755:1106,random,12,18,27,53,8,10,4.6,3.4,1.1,0.6,16,0.9
4,2775,936,300,412,2025-01-27 17:00:00,2025-03-17 00:00:00,0.0,inf,inf,,,,0,,,,0.0,,0.0,,48,0.0,,0.02,,chart_cl_3.csv,1103,20250830_150755:1103,random,8,20,28,45,16,6,2.4,2.6,2.3,1.9,14,0.8500000000000001
3,2775,524,300,412,2024-12-06 03:00:00,2025-01-27 15:00:00,0.0,inf,inf,,,,0,,,,0.0,,0.0,,52,0.0,,0.02,,chart_cl_3.csv,1102,20250830_150755:1102,random,8,20,28,45,16,6,2.4,2.6,2.3,1.9,14,0.8500000000000001
6,2775,1760,300,412,2025-05-05 10:00:00,2025-06-20 20:00:00,0.0,inf,inf,,,,0,,,,0.0,,0.0,,46,0.0,,0.02,,chart_cl_3.csv,1125,20250830_150755:1125,random,12,22,27,54,18,8,2.6,5.0,2.9,2.7,8,0.75
6,2775,1760,300,412,2025-05-05 10:00:00,2025-06-20 20:00:00,0.0,inf,inf,,,,0,,,,0.0,,0.0,,46,0.0,,0.02,,chart_cl_3.csv,1120,20250830_150755:1120,random,12,22,31,43,14,16,2.2,4.8,1.2,0.6,8,0.9
5,2775,1348,300,412,2025-03-17 02:00:00,2025-05-05 08:00:00,0.0,inf,inf,,,,0,,,,0.0,,0.0,,49,0.0,,0.02,,chart_cl_3.csv,1119,20250830_150755:1119,random,12,22,31,43,14,16,2.2,4.8,1.2,0.6,8,0.9
4,2775,936,300,412,2025-01-27 17:00:00,2025-03-17 00:00:00,0.0,inf,inf,,,,0,,,,0.0,,0.0,,48,0.0,,0.02,,chart_cl_3.csv,1118,20250830_150755:1118,random,12,22,31,43,14,16,2.2,4.8,1.2,0.6,8,0.9
3,2775,524,300,412,2024-12-06 03:00:00,2025-01-27 15:00:00,0.0,inf,inf,,,,0,,,,0.0,,0.0,,52,0.0,,0.02,,chart_cl_3.csv,1117,20250830_150755:1117,random,12,22,31,43,14,16,2.2,4.8,1.2,0.6,8,0.9
2,2775,112,300,412,2024-10-18 14:00:00,2024-12-06 01:00:00,0.0,inf,inf,,,,0,,,,0.0,,0.0,,48,0.0,,0.02,,chart_cl_3.csv,1116,20250830_150755:1116,random,12,22,31,43,14,16,2.2,4.8,1.2,0.6,8,0.9
4,2775,936,300,412,2025-01-27 17:00:00,2025-03-17 00:00:00,0.0,inf,inf,,,,0,,,,0.0,,0.0,,48,0.0,,0.02,,chart_cl_3.csv,1083,20250830_150755:1083,random,10,24,27,48,14,14,5.0,3.6,1.5,2.6,18,0.9
3,2775,524,300,412,2024-12-06 03:00:00,2025-01-27 15:00:00,0.0,inf,inf,,,,0,,,,0.0,,0.0,,52,0.0,,0.02,,chart_cl_3.csv,1082,20250830_150755:1082,random,10,24,27,48,14,14,5.0,3.6,1.5,2.6,18,0.9
6,2775,1760,300,412,2025-05-05 10:00:00,2025-06-20 20:00:00,0.0,inf,inf,,,,0,,,,0.0,,0.0,,46,0.0,,0.02,,chart_cl_3.csv,1080,20250830_150755:1080,random,10,22,30,58,14,14,2.8,5.0,1.8,2.1,18,0.8500000000000001
2,2775,112,300,412,2024-10-18 14:00:00,2024-12-06 01:00:00,0.0,inf,inf,,,,0,,,,0.0,,0.0,,48,0.0,,0.02,,chart_cl_3.csv,1111,20250830_150755:1111,random,8,20,29,52,14,8,4.4,3.4,2.9,1.1,14,0.6
3,2775,524,300,412,2024-12-06 03:00:00,2025-01-27 15:00:00,0.0,inf,inf,,,,0,,,,0.0,,0.0,,52,0.0,,0.02,,chart_cl_3.csv,1137,20250830_150755:1137,random,10,18,32,45,12,6,3.0,2.0,2.8,0.9,14,0.7
6,2775,1760,300,412,2025-05-05 10:00:00,2025-06-20 20:00:00,0.0,inf,inf,,,,0,,,,0.0,,0.0,,46,0.0,,0.02,,chart_cl_3.csv,1135,20250830_150755:1135,random,8,24,28,44,10,12,4.0,4.6,1.3,2.7,12,0.95
5,2775,1348,300,412,2025-03-17 02:00:00,2025-05-05 08:00:00,0.0,inf,inf,,,,0,,,,0.0,,0.0,,49,0.0,,0.02,,chart_cl_3.csv,1134,20250830_150755:1134,random,8,24,28,44,10,12,4.0,4.6,1.3,2.7,12,0.95
4,2775,936,300,412,2025-01-27 17:00:00,2025-03-17 00:00:00,0.0,inf,inf,,,,0,,,,0.0,,0.0,,48,0.0,,0.02,,chart_cl_3.csv,1133,20250830_150755:1133,random,8,24,28,44,10,12,4.0,4.6,1.3,2.7,12,0.95
3,2775,524,300,412,2024-12-06 03:00:00,2025-01-27 15:00:00,0.0,inf,inf,,,,0,,,,0.0,,0.0,,52,0.0,,0.02,,chart_cl_3.csv,1132,20250830_150755:1132,random,8,24,28,44,10,12,4.0,4.6,1.3,2.7,12,0.95
2,2775,112,300,412,2024-10-18 14:00:00,2024-12-06 01:00:00,0.0,inf,inf,,,,0,,,,0.0,,0.0,,48,0.0,,0.02,,chart_cl_3.csv,1131,20250830_150755:1131,random,8,24,28,44,10,12,4.0,4.6,1.3,2.7,12,0.95
6,2775,1760,300,412,2025-05-05 10:00:00,2025-06-20 20:00:00,0.0,inf,inf,,,,0,,,,0.0,,0.0,,46,0.0,,0.02,,chart_cl_3.csv,1130,20250830_150755:1130,random,12,26,32,52,8,12,2.2,4.2,2.7,1.3,16,0.75
5,2775,1348,300,412,2025-03-17 02:00:00,2025-05-05 08:00:00,0.0,inf,inf,,,,0,,,,0.0,,0.0,,49,0.0,,0.02,,chart_cl_3.csv,1129,20250830_150755:1129,random,12,26,32,52,8,12,2.2,4.2,2.7,1.3,16,0.75
4,2775,936,300,412,2025-01-27 17:00:00,2025-03-17 00:00:00,0.0,inf,inf,,,,0,,,,0.0,,0.0,,48,0.0,,0.02,,chart_cl_3.csv,1128,20250830_150755:1128,random,12,26,32,52,8,12,2.2,4.2,2.7,1.3,16,0.75
6,2775,1760,300,412,2025-05-05 10:00:00,2025-06-20 20:00:00,0.0,inf,inf,,,,0,,,,0.0,,0.0,,46,0.0,,0.02,,chart_cl_3.csv,1150,20250830_150755:1150,random,14,20,30,53,16,6,2.4,5.0,1.7,2.2,16,0.8500000000000001
5,2775,1348,300,412,2025-03-17 02:00:00,2025-05-05 08:00:00,0.0,inf,inf,,,,0,,,,0.0,,0.0,,49,0.0,,0.02,,chart_cl_3.csv,1149,20250830_150755:1149,random,14,20,30,53,16,6,2.4,5.0,1.7,2.2,16,0.8500000000000001
4,2775,936,300,412,2025-01-27 17:00:00,2025-03-17 00:00:00,0.0,inf,inf,,,,0,,,,0.0,,0.0,,48,0.0,,0.02,,chart_cl_3.csv,1148,20250830_150755:1148,random,14,20,30,53,16,6,2.4,5.0,1.7,2.2,16,0.8500000000000001
3,2775,524,300,412,2024-12-06 03:00:00,2025-01-27 15:00:00,0.0,inf,inf,,,,0,,,,0.0,,0.0,,52,0.0,,0.02,,chart_cl_3.csv,1147,20250830_150755:1147,random,14,20,30,53,16,6,2.4,5.0,1.7,2.2,16,0.8500000000000001
2,2775,112,300,412,2024-10-18 14:00:00,2024-12-06 01:00:00,0.0,inf,inf,,,,0,,,,0.0,,0.0,,48,0.0,,0.02,,chart_cl_3.csv,1146,20250830_150755:1146,random,14,20,30,53,16,6,2.4,5.0,1.7,2.2,16,0.8500000000000001
2,2775,112,300,412,2024-10-18 14:00:00,2024-12-06 01:00:00,0.0,inf,inf,,,,0,,,,0.0,,0.0,,48,0.0,,0.02,,chart_cl_3.csv,1166,20250830_150755:1166,random,14,26,33,44,8,8,4.2,5.0,2.5,1.8,14,0.7
6,2775,1760,300,412,2025-05-05 10:00:00,2025-06-20 20:00:00,0.0,inf,inf,,,,0,,,,0.0,,0.0,,46,0.0,,0.02,,chart_cl_3.csv,1185,20250830_150755:1185,random,6,26,30,43,10,16,4.2,4.6,1.6,2.6,16,0.75
3,2775,524,300,412,2024-12-06 03:00:00,2025-01-27 15:00:00,0.0,inf,inf,,,,0,,,,0.0,,0.0,,52,0.0,,0.02,,chart_cl_3.csv,1127,20250830_150755:1127,random,12,26,32,52,8,12,2.2,4.2,2.7,1.3,16,0.75
2,2775,112,300,412,2024-10-18 14:00:00,2024-12-06 01:00:00,0.0,inf,inf,,,,0,,,,0.0,,0.0,,48,0.0,,0.02,,chart_cl_3.csv,1126,20250830_150755:1126,random,12,26,32,52,8,12,2.2,4.2,2.7,1.3,16,0.75
4,2775,936,300,412,2025-01-27 17:00:00,2025-03-17 00:00:00,0.0,inf,inf,,,,0,,,,0.0,,0.0,,48,0.0,,0.02,,chart_cl_3.csv,1183,20250830_150755:1183,random,6,26,30,43,10,16,4.2,4.6,1.6,2.6,16,0.75
3,2775,524,300,412,2024-12-06 03:00:00,2025-01-27 15:00:00,0.0,inf,inf,,,,0,,,,0.0,,0.0,,52,0.0,,0.02,,chart_cl_3.csv,1182,20250830_150755:1182,random,6,26,30,43,10,16,4.2,4.6,1.6,2.6,16,0.75
2,2775,112,300,412,2024-10-18 14:00:00,2024-12-06 01:00:00,0.0,inf,inf,,,,0,,,,0.0,,0.0,,48,0.0,,0.02,,chart_cl_3.csv,1181,20250830_150755:1181,random,6,26,30,43,10,16,4.2,4.6,1.6,2.6,16,0.75
5,2775,1348,300,412,2025-03-17 02:00:00,2025-05-05 08:00:00,0.0,inf,inf,,,,0,,,,0.0,,0.0,,49,0.0,,0.02,,chart_cl_3.csv,1179,20250830_150755:1179,random,10,26,27,44,12,8,3.2,2.6,1.1,2.5,14,0.7
6,2775,1760,300,412,2025-05-05 10:00:00,2025-06-20 20:00:00,0.0,inf,inf,,,,0,,,,0.0,,0.0,,46,0.0,,0.02,,chart_cl_3.csv,1205,20250830_150755:1205,random,6,24,27,58,6,6,3.2,2.8,0.7,0.9,16,0.8
5,2775,1348,300,412,2025-03-17 02:00:00,2025-05-05 08:00:00,0.0,inf,inf,,,,0,,,,0.0,,0.0,,49,0.0,,0.02,,chart_cl_3.csv,1169,20250830_150755:1169,random,14,26,33,44,8,8,4.2,5.0,2.5,1.8,14,0.7
4,2775,936,300,412,2025-01-27 17:00:00,2025-03-17 00:00:00,0.0,inf,inf,,,,0,,,,0.0,,0.0,,48,0.0,,0.02,,chart_cl_3.csv,1168,20250830_150755:1168,random,14,26,33,44,8,8,4.2,5.0,2.5,1.8,14,0.7
3,2775,524,300,412,2024-12-06 03:00:00,2025-01-27 15:00:00,0.0,inf,inf,,,,0,,,,0.0,,0.0,,52,0.0,,0.02,,chart_cl_3.csv,1167,20250830_150755:1167,random,14,26,33,44,8,8,4.2,5.0,2.5,1.8,14,0.7
5,2775,1348,300,412,2025-03-17 02:00:00,2025-05-05 08:00:00,0.0,inf,inf,,,,0,,,,0.0,,0.0,,49,0.0,,0.02,,chart_cl_3.csv,1199,20250830_150755:1199,random,10,22,35,58,10,14,4.4,4.6,1.9,0.8,16,0.6
2,2775,112,300,412,2024-10-18 14:00:00,2024-12-06 01:00:00,0.0,inf,inf,,,,0,,,,0.0,,0.0,,48,0.0,,0.02,,chart_cl_3.csv,1196,20250830_150755:1196,random,10,22,35,58,10,14,4.4,4.6,1.9,0.8,16,0.6
3,2775,524,300,412,2024-12-06 03:00:00,2025-01-27 15:00:00,0.0,inf,inf,,,,0,,,,0.0,,0.0,,52,0.0,,0.02,,chart_cl_3.csv,1192,20250830_150755:1192,random,8,24,30,47,18,18,2.4,2.8,1.5,0.5,18,0.8500000000000001
6,2775,1760,300,412,2025-05-05 10:00:00,2025-06-20 20:00:00,0.0,inf,inf,,,,0,,,,0.0,,0.0,,46,0.0,,0.02,,chart_cl_3.csv,1220,20250830_150755:1220,random,10,18,30,46,6,18,2.6,4.2,1.2,1.2,16,0.9
5,2775,1348,300,412,2025-03-17 02:00:00,2025-05-05 08:00:00,0.0,inf,inf,,,,0,,,,0.0,,0.0,,49,0.0,,0.02,,chart_cl_3.csv,1219,20250830_150755:1219,random,10,18,30,46,6,18,2.6,4.2,1.2,1.2,16,0.9
4,2775,936,300,412,2025-01-27 17:00:00,2025-03-17 00:00:00,0.0,inf,inf,,,,0,,,,0.0,,0.0,,48,0.0,,0.02,,chart_cl_3.csv,1218,20250830_150755:1218,random,10,18,30,46,6,18,2.6,4.2,1.2,1.2,16,0.9
3,2775,524,300,412,2024-12-06 03:00:00,2025-01-27 15:00:00,0.0,inf,inf,,,,0,,,,0.0,,0.0,,52,0.0,,0.02,,chart_cl_3.csv,1217,20250830_150755:1217,random,10,18,30,46,6,18,2.6,4.2,1.2,1.2,16,0.9
2,2775,112,300,412,2024-10-18 14:00:00,2024-12-06 01:00:00,0.0,inf,inf,,,,0,,,,0.0,,0.0,,48,0.0,,0.02,,chart_cl_3.csv,1216,20250830_150755:1216,random,10,18,30,46,6,18,2.6,4.2,1.2,1.2,16,0.9
5,2775,1348,300,412,2025-03-17 02:00:00,2025-05-05 08:00:00,0.0,inf,inf,,,,0,,,,0.0,,0.0,,49,0.0,,0.02,,chart_cl_3.csv,1184,20250830_150755:1184,random,6,26,30,43,10,16,4.2,4.6,1.6,2.6,16,0.75
6,2775,1760,300,412,2025-05-05 10:00:00,2025-06-20 20:00:00,0.0,inf,inf,,,,0,,,,0.0,,0.0,,46,0.0,,0.02,,chart_cl_3.csv,1210,20250830_150755:1210,random,8,26,32,52,10,16,3.6,3.6,2.5,2.0,14,0.55
2,2775,112,300,412,2024-10-18 14:00:00,2024-12-06 01:00:00,0.0,inf,inf,,,,0,,,,0.0,,0.0,,48,0.0,,0.02,,chart_cl_3.csv,1206,20250830_150755:1206,random,8,26,32,52,10,16,3.6,3.6,2.5,2.0,14,0.55
6,2775,1760,300,412,2025-05-05 10:00:00,2025-06-20 20:00:00,0.0,inf,inf,,,,0,,,,0.0,,0.0,,46,0.0,,0.02,,chart_cl_3.csv,1235,20250830_150755:1235,random,10,20,34,58,18,8,3.6,4.8,1.0,0.6,10,0.95
4,2775,936,300,412,2025-01-27 17:00:00,2025-03-17 00:00:00,0.0,inf,inf,,,,0,,,,0.0,,0.0,,48,0.0,,0.02,,chart_cl_3.csv,1233,20250830_150755:1233,random,10,20,34,58,18,8,3.6,4.8,1.0,0.6,10,0.95
3,2775,524,300,412,2024-12-06 03:00:00,2025-01-27 15:00:00,0.0,inf,inf,,,,0,,,,0.0,,0.0,,52,0.0,,0.02,,chart_cl_3.csv,1232,20250830_150755:1232,random,10,20,34,58,18,8,3.6,4.8,1.0,0.6,10,0.95
2,2775,112,300,412,2024-10-18 14:00:00,2024-12-06 01:00:00,0.0,inf,inf,,,,0,,,,0.0,,0.0,,48,0.0,,0.02,,chart_cl_3.csv,1231,20250830_150755:1231,random,10,20,34,58,18,8,3.6,4.8,1.0,0.6,10,0.95
5,2775,1348,300,412,2025-03-17 02:00:00,2025-05-05 08:00:00,0.0,inf,inf,,,,0,,,,0.0,,0.0,,49,0.0,,0.02,,chart_cl_3.csv,1229,20250830_150755:1229,random,10,22,34,44,16,12,4.2,4.2,0.6,1.7,16,0.6
2,2775,112,300,412,2024-10-18 14:00:00,2024-12-06 01:00:00,0.0,inf,inf,,,,0,,,,0.0,,0.0,,48,0.0,,0.02,,chart_cl_3.csv,1226,20250830_150755:1226,random,10,22,34,44,16,12,4.2,4.2,0.6,1.7,16,0.6
5,2775,1348,300,412,2025-03-17 02:00:00,2025-05-05 08:00:00,0.0,inf,inf,,,,0,,,,0.0,,0.0,,49,0.0,,0.02,,chart_cl_3.csv,1204,20250830_150755:1204,random,6,24,27,58,6,6,3.2,2.8,0.7,0.9,16,0.8
4,2775,936,300,412,2025-01-27 17:00:00,2025-03-17 00:00:00,0.0,inf,inf,,,,0,,,,0.0,,0.0,,48,0.0,,0.02,,chart_cl_3.csv,1203,20250830_150755:1203,random,6,24,27,58,6,6,3.2,2.8,0.7,0.9,16,0.8
3,2775,524,300,412,2024-12-06 03:00:00,2025-01-27 15:00:00,0.0,inf,inf,,,,0,,,,0.0,,0.0,,52,0.0,,0.02,,chart_cl_3.csv,1202,20250830_150755:1202,random,6,24,27,58,6,6,3.2,2.8,0.7,0.9,16,0.8
5,2775,1348,300,412,2025-03-17 02:00:00,2025-05-05 08:00:00,0.0,inf,inf,,,,0,,,,0.0,,0.0,,49,0.0,,0.02,,chart_cl_3.csv,1214,20250830_150755:1214,random,6,22,34,56,10,10,3.2,5.0,1.2,1.1,18,0.8
4,2775,936,300,412,2025-01-27 17:00:00,2025-03-17 00:00:00,0.0,inf,inf,,,,0,,,,0.0,,0.0,,48,0.0,,0.02,,chart_cl_3.csv,1213,20250830_150755:1213,random,6,22,34,56,10,10,3.2,5.0,1.2,1.1,18,0.8
3,2775,524,300,412,2024-12-06 03:00:00,2025-01-27 15:00:00,0.0,inf,inf,,,,0,,,,0.0,,0.0,,52,0.0,,0.02,,chart_cl_3.csv,1212,20250830_150755:1212,random,6,22,34,56,10,10,3.2,5.0,1.2,1.1,18,0.8
2,2775,112,300,412,2024-10-18 14:00:00,2024-12-06 01:00:00,0.0,inf,inf,,,,0,,,,0.0,,0.0,,48,0.0,,0.02,,chart_cl_3.csv,1211,20250830_150755:1211,random,6,22,34,56,10,10,3.2,5.0,1.2,1.1,18,0.8
5,2775,1348,300,412,2025-03-17 02:00:00,2025-05-05 08:00:00,0.0,inf,inf,,,,0,,,,0.0,,0.0,,49,0.0,,0.02,,chart_cl_3.csv,1259,20250830_150755:1259,random,8,26,36,47,6,18,3.2,3.4,1.0,0.9,14,0.9
5,2775,1348,300,412,2025-03-17 02:00:00,2025-05-05 08:00:00,0.0,inf,inf,,,,0,,,,0.0,,0.0,,49,0.0,,0.02,,chart_cl_3.csv,1284,20250830_150755:1284,random,10,20,29,53,6,12,3.0,3.4,1.7,2.2,16,0.65
4,2775,936,300,412,2025-01-27 17:00:00,2025-03-17 00:00:00,0.0,inf,inf,,,,0,,,,0.0,,0.0,,48,0.0,,0.02,,chart_cl_3.csv,1283,20250830_150755:1283,random,10,20,29,53,6,12,3.0,3.4,1.7,2.2,16,0.65
2,2775,112,300,412,2024-10-18 14:00:00,2024-12-06 01:00:00,0.0,inf,inf,,,,0,,,,0.0,,0.0,,48,0.0,,0.02,,chart_cl_3.csv,1281,20250830_150755:1281,random,10,20,29,53,6,12,3.0,3.4,1.7,2.2,16,0.65
3,2775,524,300,412,2024-12-06 03:00:00,2025-01-27 15:00:00,0.0,inf,inf,,,,0,,,,0.0,,0.0,,52,0.0,,0.02,,chart_cl_3.csv,1277,20250830_150755:1277,random,12,18,35,53,14,8,5.0,2.6,2.6,2.0,14,0.9
5,2775,1348,300,412,2025-03-17 02:00:00,2025-05-05 08:00:00,0.0,inf,inf,,,,0,,,,0.0,,0.0,,49,0.0,,0.02,,chart_cl_3.csv,1244,20250830_150755:1244,random,6,26,31,58,18,18,3.6,3.6,0.8,1.2,18,0.65
4,2775,936,300,412,2025-01-27 17:00:00,2025-03-17 00:00:00,0.0,inf,inf,,,,0,,,,0.0,,0.0,,48,0.0,,0.02,,chart_cl_3.csv,1243,20250830_150755:1243,random,6,26,31,58,18,18,3.6,3.6,0.8,1.2,18,0.65
2,2775,112,300,412,2024-10-18 14:00:00,2024-12-06 01:00:00,0.0,inf,inf,,,,0,,,,0.0,,0.0,,48,0.0,,0.02,,chart_cl_3.csv,1241,20250830_150755:1241,random,6,26,31,58,18,18,3.6,3.6,0.8,1.2,18,0.65
3,2775,524,300,412,2024-12-06 03:00:00,2025-01-27 15:00:00,0.0,inf,inf,,,,0,,,,0.0,,0.0,,52,0.0,,0.02,,chart_cl_3.csv,1297,20250830_150755:1297,random,6,24,31,52,10,14,5.0,3.6,2.5,1.6,16,0.95
4,2775,936,300,412,2025-01-27 17:00:00,2025-03-17 00:00:00,0.0,inf,inf,,,,0,,,,0.0,,0.0,,48,0.0,,0.02,,chart_cl_3.csv,1258,20250830_150755:1258,random,8,26,36,47,6,18,3.2,3.4,1.0,0.9,14,0.9
3,2775,524,300,412,2024-12-06 03:00:00,2025-01-27 15:00:00,0.0,inf,inf,,,,0,,,,0.0,,0.0,,52,0.0,,0.02,,chart_cl_3.csv,1257,20250830_150755:1257,random,8,26,36,47,6,18,3.2,3.4,1.0,0.9,14,0.9
2,2775,112,300,412,2024-10-18 14:00:00,2024-12-06 01:00:00,0.0,inf,inf,,,,0,,,,0.0,,0.0,,48,0.0,,0.02,,chart_cl_3.csv,1271,20250830_150755:1271,random,12,22,35,51,18,18,3.8,4.2,0.9,0.5,14,0.5
6,2775,1760,300,412,2025-05-05 10:00:00,2025-06-20 20:00:00,0.0,inf,inf,,,,0,,,,0.0,,0.0,,46,0.0,,0.02,,chart_cl_3.csv,1300,20250830_150755:1300,random,6,24,31,52,10,14,5.0,3.6,2.5,1.6,16,0.95
5,2775,1348,300,412,2025-03-17 02:00:00,2025-05-05 08:00:00,0.0,inf,inf,,,,0,,,,0.0,,0.0,,49,0.0,,0.02,,chart_cl_3.csv,1299,20250830_150755:1299,random,6,24,31,52,10,14,5.0,3.6,2.5,1.6,16,0.95
4,2775,936,300,412,2025-01-27 17:00:00,2025-03-17 00:00:00,0.0,inf,inf,,,,0,,,,0.0,,0.0,,48,0.0,,0.02,,chart_cl_3.csv,1298,20250830_150755:1298,random,6,24,31,52,10,14,5.0,3.6,2.5,1.6,16,0.95
2,2775,112,300,412,2024-10-18 14:00:00,2024-12-06 01:00:00,0.0,inf,inf,,,,0,,,,0.0,,0.0,,48,0.0,,0.02,,chart_cl_3.csv,1291,20250830_150755:1291,random,6,24,28,44,12,16,4.0,4.0,2.5,1.2,18,0.75
5,2775,1348,300,412,2025-03-17 02:00:00,2025-05-05 08:00:00,0.0,inf,inf,,,,0,,,,0.0,,0.0,,49,0.0,,0.02,,chart_cl_3.csv,1294,20250830_150755:1294,random,6,24,28,44,12,16,4.0,4.0,2.5,1.2,18,0.75
4,2775,936,300,412,2025-01-27 17:00:00,2025-03-17 00:00:00,0.0,inf,inf,,,,0,,,,0.0,,0.0,,48,0.0,,0.02,,chart_cl_3.csv,1293,20250830_150755:1293,random,6,24,28,44,12,16,4.0,4.0,2.5,1.2,18,0.75
3,2775,524,300,412,2024-12-06 03:00:00,2025-01-27 15:00:00,0.0,inf,inf,,,,0,,,,0.0,,0.0,,52,0.0,,0.02,,chart_cl_3.csv,1292,20250830_150755:1292,random,6,24,28,44,12,16,4.0,4.0,2.5,1.2,18,0.75
3,2775,524,300,412,2024-12-06 03:00:00,2025-01-27 15:00:00,-0.008716164371247004,-0.04187504763404456,-0.054987360656285095,-0.7815962265451618,0.9449742728229894,42.857142857142854,15,0.7289894606492654,-0.05531440144543731,,0.004987736439171218,0.9991942710350494,0.057134371120417825,-0.00561697396927315,52,-0.000112339479385463,0.009449742728229894,0.02,0.02,chart_cl_3.csv,1007,20250830_150755:1007,random,6,22,28,52,6,18,4.8,5.0,0.9,1.6,12,0.6
4,2775,936,300,412,2025-01-27 17:00:00,2025-03-17 00:00:00,-0.010361659793410194,-0.2729752033653025,-0.3646899315917374,-3.113488053927511,0.2818118278141322,0.0,7,0.0,-0.06014042634744868,,0.0009493084622951968,0.9874737370985863,0.008830024856256235,-0.006562241383829549,48,-0.00013124482767659098,0.002818118278141322,0.02,0.02,chart_cl_3.csv,1288,20250830_150755:1288,random,8,18,35,47,10,16,1.8,2.4,1.7,2.7,16,0.55
4,2775,936,300,412,2025-01-27 17:00:00,2025-03-17 00:00:00,-0.013803843303167472,-0.5087103072049955,-0.6323001528345973,-4.600301453615504,0.25372520018192596,86.66666666666667,16,0.7630749524057517,-0.0044058482989840775,,0.0012553327043637273,0.983508529742722,0.0005432241275787459,-0.00874218003054909,48,-0.00017484360061098179,0.0025372520018192594,0.02,0.02,chart_cl_3.csv,948,20250830_150755:948,random,8,20,27,51,14,14,2.0,4.8,2.9,0.6,10,0.55
2,2775,112,300,412,2024-10-18 14:00:00,2024-12-06 01:00:00,-0.015987055044931253,-0.07780968975084575,-0.1029914285202566,-0.9149350640097942,1.476149722256802,81.25,17,1.0001975507397458,1.5896283665328692e-05,,0.006099371665882146,0.9984282508501525,0.08788683256188694,-0.010124794080550448,48,-0.00020249588161100896,0.014761497222568021,0.02,0.02,chart_cl_3.csv,1276,20250830_150755:1276,random,12,18,35,53,14,8,5.0,2.6,2.6,2.0,14,0.9
3,2775,524,300,412,2024-12-06 03:00:00,2025-01-27 15:00:00,-0.01614941537859238,-0.15998845479863238,-0.21498612126352362,-1.903651094808329,0.7166252301085947,36.36363636363637,12,1.6090246437690663,0.04718884503365332,,0.001502757371574332,0.9959286948401487,0.0421515360883141,-0.010407024305425875,52,-0.0002081404861085175,0.007166252301085947,0.02,0.02,chart_cl_3.csv,1252,20250830_150755:1252,random,8,20,34,43,18,10,3.4,4.0,2.1,1.9,8,0.5
3,2775,524,300,412,2024-12-06 03:00:00,2025-01-27 15:00:00,-0.017645300377587603,-0.22333174403535672,-0.3075185600245168,-2.3031359179274173,0.6467846919626716,50.0,7,1.1299206287392631,0.015868166743369175,,0.001226756307108087,0.9933393295985375,0.032936086608915914,-0.011370966061536375,52,-0.0002274193212307275,0.006467846919626716,0.02,0.02,chart_cl_3.csv,1097,20250830_150755:1097,random,14,20,33,46,6,10,4.4,4.2,1.9,2.7,8,0.65
3,2775,524,300,412,2024-12-06 03:00:00,2025-01-27 15:00:00,-0.02715381491547575,-0.28545645615882337,-0.37355548179993914,-2.4161890459536166,0.9449742728229894,21.428571428571427,15,0.633945905657423,-0.07180863960499186,,0.00505308138301625,0.9940360409622587,0.03878265114478551,-0.01749806013601788,52,-0.0003499612027203576,0.009449742728229894,0.02,0.02,chart_cl_3.csv,1072,20250830_150755:1072,random,6,20,27,53,16,8,3.2,3.6,0.5,2.9,16,0.5
3,2775,524,300,412,2024-12-06 03:00:00,2025-01-27 15:00:00,-0.055881915329969445,-0.5459418469878622,-0.732000346383512,-4.972778024260621,0.9336372549547987,31.57894736842105,20,1.2660141611420157,0.020674937996453646,,0.005528384910682023,0.9894045798540457,0.05390548094436143,-0.0360082791848626,52,-0.000720165583697252,0.009336372549547986,0.02,0.02,chart_cl_3.csv,942,20250830_150755:942,random,6,18,34,43,12,8,3.8,3.4,1.1,2.6,8,0.5
2,2775,112,300,412,2024-10-18 14:00:00,2024-12-06 01:00:00,-0.07642940851015767,-2.7115700868004957,-3.5464636976875052,-19.694475622583656,0.3196723449208484,15.0,21,0.2967841723982773,-0.015199800964788514,,0.002090626314442666,0.9403229140199547,0.0017218413156757067,-0.04839750345044617,48,-0.0009679500690089234,0.003196723449208484,0.02,0.02,chart_cl_3.csv,1091,20250830_150755:1091,random,10,26,27,49,12,10,4.0,3.2,1.2,2.5,16,0.5
3,2775,524,300,412,2024-12-06 03:00:00,2025-01-27 15:00:00,-0.0782703636414297,-1.053445341738472,-1.4356209944337122,-9.112069878753086,0.7070282717584295,57.14285714285714,8,1.482362970991339,0.05049819017828659,,0.0012388995084551197,0.9680013646403527,0.03410729504644615,-0.050432051985835516,52,-0.0010086410397167104,0.007070282717584296,0.02,0.02,chart_cl_3.csv,1237,20250830_150755:1237,random,14,24,28,48,10,18,4.4,3.0,2.5,1.1,8,0.5
3,2775,524,300,412,2024-12-06 03:00:00,2025-01-27 15:00:00,-0.07891289149470859,-0.32521335852817745,-0.3953961496964211,-3.4085906086257105,1.9050814481483536,66.66666666666666,13,0.7663520872748998,-0.051932300081388216,,0.00595586721995427,0.9913814035265092,0.1347930154614435,-0.05084597961017037,52,-0.0010169195922034074,0.019050814481483536,0.02,0.02,chart_cl_3.csv,857,20250830_150755:857,random,8,22,35,51,14,16,3.0,2.0,1.3,2.0,16,0.9
3,2775,524,300,412,2024-12-06 03:00:00,2025-01-27 15:00:00,-0.08362133088261103,-1.4289659643223422,-1.8115874606736475,-17.662453862411702,0.38882704413562535,55.55555555555556,10,1.6682043312784087,0.030922569821084385,,0.0007932719402633723,0.9558835005995903,0.015765072547973328,-0.05387920180760224,52,-0.0010775840361520448,0.0038882704413562537,0.02,0.02,chart_cl_3.csv,1122,20250830_150755:1122,random,12,22,27,54,18,8,2.6,5.0,2.9,2.7,8,0.75
4,2775,936,300,412,2025-01-27 17:00:00,2025-03-17 00:00:00,-0.08650315241479323,-1.390397355352839,-1.7659101164166533,-11.599696413785779,0.6117243356626879,46.666666666666664,16,0.25093295313500424,-0.0635427260112117,,0.00282043046457331,0.9720521077974118,0.012758436907450677,-0.05477535280220065,48,-0.001095507056044013,0.006117243356626879,0.02,0.02,chart_cl_3.csv,1208,20250830_150755:1208,random,8,26,32,52,10,16,3.6,3.6,2.5,2.0,14,0.55
6,2775,1760,300,412,2025-05-05 10:00:00,2025-06-20 20:00:00,-0.08812157003371723,-0.649562202512842,-0.8553471514844811,-6.200191439294416,1.1650797195257199,46.15384615384615,14,1.3736339375475466,0.03753827866071745,,0.0048658417595672035,0.9881096572899067,0.09329386802482448,-0.055310840940309934,46,-0.0011062168188061988,0.011650797195257198,0.02,0.02,chart_cl_3.csv,950,20250830_150755:950,random,8,20,27,51,14,14,2.0,4.8,2.9,0.6,10,0.55
2,2775,112,300,412,2024-10-18 14:00:00,2024-12-06 01:00:00,-0.09300335186132672,-3.3323807030361126,-4.356431053577983,-23.80081665687023,0.3196723449208484,14.285714285714285,22,0.2570289230407051,-0.017659996455535468,,0.002167355583586649,0.9245256714147193,0.0017204629125229728,-0.05889059001423335,48,-0.001177811800284667,0.003196723449208484,0.02,0.02,chart_cl_3.csv,1071,20250830_150755:1071,random,6,20,27,53,16,8,3.2,3.6,0.5,2.9,16,0.5
2,2775,112,300,412,2024-10-18 14:00:00,2024-12-06 01:00:00,-0.10393331064160094,-0.4049960713187849,-0.5405971853929931,-3.243681744102301,2.609433749892096,86.66666666666667,16,0.8136052313785893,-0.023248657326124703,,0.00941155739526605,0.9910070576202438,0.20093058511858422,-0.05044008281999646,48,-0.0013162005445785125,0.026094337498920962,0.02,0.026094337498920962,chart_cl_3.csv,951,20250830_150755:951,random,10,26,33,53,18,16,3.6,2.2,2.3,2.1,16,0.65
3,2775,524,300,412,2024-12-06 03:00:00,2025-01-27 15:00:00,-0.130008507907859,-0.5106763982051222,-0.6340425499292842,-4.679368241438661,2.238358925754987,63.63636363636363,12,0.6980622357556074,-0.11668037410124482,,0.0075969573190197235,0.988552370787019,0.17876071540692978,-0.07483951334308442,52,-0.0016751769269065246,0.022383589257549873,0.02,0.022383589257549873,chart_cl_3.csv,887,20250830_150755:887,random,14,24,29,57,14,12,5.0,1.8,2.2,2.4,8,0.9
5,2775,1348,300,412,2025-03-17 02:00:00,2025-05-05 08:00:00,-0.15372145180094066,-0.851840530719252,-1.1699830062916703,-5.681809863864896,2.1584758801813178,50.0,15,0.3925012262781924,-0.09081707671769342,,0.005111405610490083,0.9784686992587793,0.12330160341368457,-0.0905747995250979,49,-0.0019550352012718208,0.021584758801813177,0.02,0.021584758801813177,chart_cl_3.csv,1264,20250830_150755:1264,random,14,24,35,42,10,10,3.4,2.0,1.6,0.8,14,0.55
3,2775,524,300,412,2024-12-06 03:00:00,2025-01-27 15:00:00,-0.16146331927615076,-0.675851797404646,-0.8363907738283978,-5.736676714346096,2.238358925754987,66.66666666666666,13,0.7450181842478979,-0.09032355585475799,,0.007628811592706617,0.9843919564892784,0.1689203023854386,-0.09293994867649315,52,-0.0020803296367923885,0.022383589257549873,0.02,0.022383589257549873,chart_cl_3.csv,922,20250830_150755:922,random,10,24,28,52,6,14,2.4,1.8,1.1,1.0,10,0.8500000000000001
6,2775,1760,300,412,2025-05-05 10:00:00,2025-06-20 20:00:00,-0.16748841551728466,-0.5552929208820254,-0.7258982061158338,-4.673589727749167,2.842987593061039,75.0,17,0.7172567248273701,-0.05034319380466032,,0.005752642647565429,0.9877366348280079,0.22253060270208358,-0.07394310186886215,46,-0.002102193212056236,0.028429875930610388,0.02,0.028429875930610388,chart_cl_3.csv,820,20250830_150755:820,random,6,18,28,56,8,10,5.0,2.4,0.8,1.8,8,0.9
3,2775,524,300,412,2024-12-06 03:00:00,2025-01-27 15:00:00,-0.1893544215568852,-1.1891251297100955,-1.538148882286654,-9.596438860088986,1.5513528860097843,30.76923076923077,14,0.4219829029840899,-0.19674458595108757,,0.008220803183130242,0.9768178694592722,0.11393628145926055,-0.12197661430771267,52,-0.0024395322861542534,0.015513528860097842,0.02,0.02,chart_cl_3.csv,1047,20250830_150755:1047,random,12,20,35,55,16,6,4.8,5.0,2.0,1.6,12,0.55
3,2775,524,300,412,2024-12-06 03:00:00,2025-01-27 15:00:00,-0.22168617363236362,-2.1743739843103436,-2.759014441721189,-18.511805501689995,0.9291727382260054,30.76923076923077,14,0.4371351460072996,-0.119968862586184,,0.00480890814458381,0.9587163848190045,0.04658650405986173,-0.14279343613257434,52,-0.0028558687226514865,0.009291727382260055,0.02,0.02,chart_cl_3.csv,1017,20250830_150755:1017,random,10,24,36,56,16,18,2.2,4.4,2.4,1.8,14,0.5
6,2775,1760,300,412,2025-05-05 10:00:00,2025-06-20 20:00:00,-0.23514809321102526,-1.9748845687349352,-2.59681054994785,-18.049354138939062,1.0053206151962748,30.76923076923077,14,0.4083433798337341,-0.041776174181836795,,0.005089612997686345,0.9592531023896264,0.07312546816111916,-0.14755009316069673,46,-0.0029510018632139348,0.010053206151962748,0.02,0.02,chart_cl_3.csv,865,20250830_150755:865,random,12,24,32,51,8,8,4.0,5.0,1.8,1.8,8,0.55
6,2775,1760,300,412,2025-05-05 10:00:00,2025-06-20 20:00:00,-0.24511445761773487,-8.331090702111394,-10.993870303795278,-54.33636325723365,0.3466910633164275,0.0,3,0.0,-0.1719328669388525,,0.0007343695929182618,0.6941951832878132,0.005726322700427594,-0.15380063921343026,46,-0.0030760127842686053,0.003466910633164275,0.02,0.02,chart_cl_3.csv,1190,20250830_150755:1190,random,10,24,31,58,12,6,4.4,4.0,1.0,2.1,12,0.6
6,2775,1760,300,412,2025-05-05 10:00:00,2025-06-20 20:00:00,-0.2560029314629251,-3.735343897896539,-4.800810495425193,-27.190627494851757,0.7203928296842463,20.0,11,0.08738231537523827,-0.059814808584219094,,0.0029858445599933374,0.8894416587683475,0.025773856933605534,-0.16062920905611086,46,-0.003212584181122217,0.007203928296842463,0.02,0.02,chart_cl_3.csv,930,20250830_150755:930,random,10,24,34,56,18,14,3.6,4.0,2.8,1.8,8,0.7
6,2775,1760,300,412,2025-05-05 10:00:00,2025-06-20 20:00:00,-0.2630352222413208,-4.746007963563481,-5.889164279674828,-45.97702680363509,0.43649353641937694,57.14285714285714,15,0.2452970097212053,-0.0538653019984357,,0.0014308339691855726,0.8878967906275272,0.011150393416564926,-0.1650392610099797,46,-0.0033007852201995943,0.004364935364193769,0.02,0.02,chart_cl_3.csv,1200,20250830_150755:1200,random,10,22,35,58,10,14,4.4,4.6,1.9,0.8,16,0.6
6,2775,1760,300,412,2025-05-05 10:00:00,2025-06-20 20:00:00,-0.2730660687848321,-3.721147405478752,-4.785650500573717,-28.087027025675557,0.7387571843132953,22.22222222222222,10,0.14019683919251502,-0.07517956382388705,,0.0031100294481564254,0.9004174642699951,0.02758271387445178,-0.17132953224868908,46,-0.0034265906449737816,0.007387571843132953,0.02,0.02,chart_cl_3.csv,935,20250830_150755:935,random,8,26,28,46,10,18,2.6,5.0,2.3,2.3,8,0.7
6,2775,1760,300,412,2025-05-05 10:00:00,2025-06-20 20:00:00,-0.2761024814339432,-3.7631871302381756,-4.83992002299702,-28.248890962345712,0.7417795452820009,22.22222222222222,10,0.1104037785688641,-0.07653059064874844,,0.0031310726663626013,0.8994132147533623,0.027579168040172297,-0.1732335939365363,46,-0.003464671878730726,0.0074177954528200085,0.02,0.02,chart_cl_3.csv,1100,20250830_150755:1100,random,14,20,33,46,6,10,4.4,4.2,1.9,2.7,8,0.65
3,2775,524,300,412,2024-12-06 03:00:00,2025-01-27 15:00:00,-0.2908480615965283,-3.403411976339028,-4.346371723004616,-22.35217476506559,0.9816648746308516,25.0,17,0.5098421181965945,-0.10298049224476898,,0.0055564946967782605,0.9326411166362696,0.034409719857783856,-0.1873132281695304,52,-0.0037462645633906076,0.009816648746308516,0.02,0.02,chart_cl_3.csv,1092,20250830_150755:1092,random,10,26,27,49,12,10,4.0,3.2,1.2,2.5,16,0.5
3,2775,524,300,412,2024-12-06 03:00:00,2025-01-27 15:00:00,-0.31136360844917377,-3.6423966701742136,-4.622929764535138,-24.653091675752755,0.9449742728229894,40.0,16,0.4371783417051413,-0.10343229767676962,,0.005266644054942055,0.9253148321802349,0.035908471982119015,-0.2005165126831675,52,-0.00401033025366335,0.009449742728229894,0.02,0.02,chart_cl_3.csv,1087,20250830_150755:1087,random,6,26,27,50,6,14,3.0,3.4,1.1,1.7,12,0.6
6,2775,1760,300,412,2025-05-05 10:00:00,2025-06-20 20:00:00,-0.3174559453465218,-3.08940165272824,-4.124554873549085,-22.746363011891862,1.041669439983825,57.89473684210527,20,0.7349915088639118,-0.03446167104106958,,0.004968344563991289,0.9467423905927236,0.057400573048635245,-0.19916301566884967,46,-0.003983260313376993,0.010416694399838252,0.02,0.02,chart_cl_3.csv,1010,20250830_150755:1010,random,6,22,28,52,6,18,4.8,5.0,0.9,1.6,12,0.6
3,2775,524,300,412,2024-12-06 03:00:00,2025-01-27 15:00:00,-0.31779158419629283,-2.134602418364873,-2.7193734201019164,-15.287327376133394,1.5513528860097843,38.46153846153847,14,0.3751309129793552,-0.21134644342872558,,0.00828986597705042,0.9578421512022082,0.1006486232932874,-0.2046531443284162,52,-0.004093062886568324,0.015513528860097842,0.02,0.02,chart_cl_3.csv,1187,20250830_150755:1187,random,10,24,31,58,12,6,4.4,4.0,1.0,2.1,12,0.6
3,2775,524,300,412,2024-12-06 03:00:00,2025-01-27 15:00:00,-0.3194172809339534,-3.6605284123081003,-4.344514764518599,-25.40146105526048,0.9378112447294067,46.15384615384615,14,0.06315213316690566,-0.10007503297503287,,0.0043259459358630506,0.8870603540995418,0.030684609019414565,-0.20569931924724424,52,-0.004113986384944885,0.009378112447294067,0.02,0.02,chart_cl_3.csv,1157,20250830_150755:1157,random,14,20,31,51,12,14,2.2,2.8,0.8,2.2,14,0.9
6,2775,1760,300,412,2025-05-05 10:00:00,2025-06-20 20:00:00,-0.3203880937811556,-3.0761996549758917,-4.0102128304813665,-25.796827504457998,0.9258831930424705,30.76923076923077,14,0.19473271802319003,-0.07824079812431492,,0.004122037360841428,0.9269104184317223,0.057492452738501634,-0.2010013635290293,46,-0.004020027270580586,0.009258831930424705,0.02,0.02,chart_cl_3.csv,830,20250830_150755:830,random,12,20,36,56,6,8,3.4,3.2,1.8,3.0,8,0.55
3,2775,524,300,412,2024-12-06 03:00:00,2025-01-27 15:00:00,-0.3349662703967513,-1.598556752937142,-1.9381644901155832,-11.407532899353185,2.176263962205212,64.28571428571429,15,0.6134733117507283,-0.12405190227164764,,0.008101269101867535,0.9625433612060509,0.14114379672496674,-0.19823430028977512,52,-0.004314101637936038,0.02176263962205212,0.02,0.02176263962205212,chart_cl_3.csv,852,20250830_150755:852,random,8,20,34,42,12,14,2.2,1.8,0.8,1.2,12,0.95
3,2775,524,300,412,2024-12-06 03:00:00,2025-01-27 15:00:00,-0.33848980445095833,-2.965194582660741,-3.799427161352315,-26.510245524903134,0.9449742728229894,40.0,16,0.6031032602831604,-0.07993761736403733,,0.005173346001347406,0.9420168627445934,0.06017608189183559,-0.21797237625502638,52,-0.004359447525100528,0.009449742728229894,0.02,0.02,chart_cl_3.csv,947,20250830_150755:947,random,8,20,27,51,14,14,2.0,4.8,2.9,0.6,10,0.55
6,2775,1760,300,412,2025-05-05 10:00:00,2025-06-20 20:00:00,-0.3386193590951585,-8.403369234501815,-11.142860572225638,-55.39315186560761,0.4523986249096623,0.0,4,0.0,-0.23814880141824699,,0.0010225520692567207,0.6882887128792219,0.011496479898856861,-0.21243119484206477,46,-0.004248623896841296,0.004523986249096623,0.02,0.02,chart_cl_3.csv,1020,20250830_150755:1020,random,10,24,36,56,16,18,2.2,4.4,2.4,1.8,14,0.5
6,2775,1760,300,412,2025-05-05 10:00:00,2025-06-20 20:00:00,-0.3494246468352493,-3.2347790312809144,-4.186348646133295,-25.209419635972136,1.0213510687590608,25.0,13,0.20155315617610578,-0.08402246963155603,,0.0045326628990357805,0.9288169131479777,0.06291664111493415,-0.21920501471169818,46,-0.004384100294233964,0.010213510687590608,0.02,0.02,chart_cl_3.csv,1165,20250830_150755:1165,random,6,26,30,58,14,16,2.4,2.6,0.9,1.3,8,0.55
3,2775,524,300,412,2024-12-06 03:00:00,2025-01-27 15:00:00,-0.35130475691013086,-5.0947358578109325,-6.104674971738387,-27.37293520297616,0.9449742728229894,21.428571428571427,15,0.3091956591191466,-0.1304281622149019,,0.005279340149109948,0.8893079512785788,0.014608186771216796,-0.2262181327399716,52,-0.004524362654799432,0.009449742728229894,0.02,0.02,chart_cl_3.csv,867,20250830_150755:867,random,14,18,30,52,10,18,2.8,2.6,3.0,0.8,16,0.65
3,2775,524,300,412,2024-12-06 03:00:00,2025-01-27 15:00:00,-0.354256621961464,-5.142598196665268,-6.159381224310075,-27.57033398238383,0.9449742728229894,20.0,16,0.30740427812713456,-0.12242980250619911,,0.005284537952438029,0.8882232341617798,0.014548466267251937,-0.22811743739687512,52,-0.004562348747937503,0.009449742728229894,0.02,0.02,chart_cl_3.csv,1282,20250830_150755:1282,random,10,20,29,53,6,12,3.0,3.4,1.7,2.2,16,0.65
3,2775,524,300,412,2024-12-06 03:00:00,2025-01-27 15:00:00,-0.3570079468666343,-5.187171472137201,-6.211928711781839,-27.75388011772954,0.9449742728229894,20.0,16,0.3061291515576489,-0.12316272212112764,,0.0052960593691677845,0.8863295928524566,0.01454657821841572,-0.22988768678475593,52,-0.004597753735695119,0.009449742728229894,0.02,0.02,chart_cl_3.csv,1287,20250830_150755:1287,random,8,18,35,47,10,16,1.8,2.4,1.7,2.7,16,0.55
2,2775,112,300,412,2024-10-18 14:00:00,2024-12-06 01:00:00,-0.3593645657616763,-1.1170947074676416,-1.4302399673748694,-8.629654911207343,3.0563153385974435,20.0,21,0.41794303203460104,-0.07051504541622192,,0.014255743442986236,0.9770628710324953,0.28476054231708264,-0.14882323490781868,48,-0.004548507355884568,0.030563153385974436,0.021383615164479355,0.030563153385974436,chart_cl_3.csv,906,20250830_150755:906,random,14,24,32,45,16,18,3.0,2.2,0.5,2.8,8,0.65
3,2775,524,300,412,2024-12-06 03:00:00,2025-01-27 15:00:00,-0.3725497618045104,-4.816833111955582,-6.061676032021679,-28.78274262565199,0.9449742728229894,25.0,17,0.3648069260315899,-0.1008929985525612,,0.005471930040392011,0.886413811823704,0.029612830737390707,-0.23988714502676417,52,-0.004797742900535283,0.009449742728229894,0.02,0.02,chart_cl_3.csv,1172,20250830_150755:1172,random,12,22,33,45,10,6,2.2,4.2,1.9,0.6,12,0.65
6,2775,1760,300,412,2025-05-05 10:00:00,2025-06-20 20:00:00,-0.3905120589546911,-3.0927954927539347,-4.079127603965156,-17.941870245788643,1.5776979482966622,62.5,17,0.6642199997407797,-0.0598658037392136,,0.006907690849937519,0.9452152370128272,0.08308617312669112,-0.24495993187887266,46,-0.004899198637577453,0.01577697948296662,0.02,0.02,chart_cl_3.csv,1015,20250830_150755:1015,random,6,24,28,43,10,12,4.6,3.0,1.0,1.3,14,0.5
3,2775,524,300,412,2024-12-06 03:00:00,2025-01-27 15:00:00,-0.39911891942091776,-2.0354050341897407,-2.4508942302868046,-16.675896147826997,1.7289502797083978,25.0,17,0.4228055562358613,-0.11594402129059228,,0.007319118513321468,0.9445739752344161,0.11909172954054695,-0.25697987619859863,52,-0.005139597523971973,0.017289502797083977,0.02,0.02,chart_cl_3.csv,1002,20250830_150755:1002,random,14,20,32,44,12,12,4.8,1.8,2.5,0.7,14,0.55
3,2775,524,300,412,2024-12-06 03:00:00,2025-01-27 15:00:00,-0.4154483347465554,-5.301421567911862,-6.665740014149801,-31.553587975861227,0.9449742728229894,20.0,16,0.27323868668613094,-0.12313337977549435,,0.005472180382256742,0.8764705547571437,0.03085166973599509,-0.2674840640427864,52,-0.005349681280855729,0.009449742728229894,0.02,0.02,chart_cl_3.csv,1032,20250830_150755:1032,random,10,20,29,50,12,12,4.2,3.0,1.8,1.3,12,0.8
3,2775,524,300,412,2024-12-06 03:00:00,2025-01-27 15:00:00,-0.4154483347465554,-5.301421567911862,-6.665740014149801,-31.553587975861227,0.9449742728229894,20.0,16,0.27323868668613094,-0.12313337977549435,,0.005472180382256742,0.8764705547571437,0.03085166973599509,-0.2674840640427864,52,-0.005349681280855729,0.009449742728229894,0.02,0.02,chart_cl_3.csv,912,20250830_150755:912,random,6,24,35,45,14,16,4.0,3.6,2.6,1.1,12,0.8
2,2775,112,300,412,2024-10-18 14:00:00,2024-12-06 01:00:00,-0.45105250765901417,-1.8583736221765392,-2.4349134740653273,-10.607449987598006,3.009171441359422,81.25,17,0.3651063049517366,-0.10838814481847367,,0.011267033369809703,0.9622226111726103,0.2182615767563976,-0.18968365828228792,48,-0.005707906473956404,0.03009171441359422,0.02,0.03009171441359422,chart_cl_3.csv,1156,20250830_150755:1156,random,14,20,31,51,12,14,2.2,2.8,0.8,2.2,14,0.9
2,2775,112,300,412,2024-10-18 14:00:00,2024-12-06 01:00:00,-0.45105250765901417,-1.8583736221765392,-2.4349134740653273,-10.607449987598006,3.009171441359422,81.25,17,0.3651063049517366,-0.10838814481847367,,0.011267033369809703,0.9622226111726103,0.2182615767563976,-0.18968365828228792,48,-0.005707906473956404,0.03009171441359422,0.02,0.03009171441359422,chart_cl_3.csv,1036,20250830_150755:1036,random,6,24,29,56,12,16,2.8,2.4,1.2,2.1,18,0.9
3,2775,524,300,412,2024-12-06 03:00:00,2025-01-27 15:00:00,-0.45170496253313586,-2.447117604113772,-2.8972926613862495,-18.478209619716726,1.7294735242139931,41.66666666666667,13,0.08783430305088834,-0.1573398441005739,,0.006856402446264863,0.915159219344293,0.09582316030041031,-0.2908040329823228,52,-0.005816080659646457,0.01729473524213993,0.02,0.02,chart_cl_3.csv,1037,20250830_150755:1037,random,6,24,29,56,12,16,2.8,2.4,1.2,2.1,18,0.9
3,2775,524,300,412,2024-12-06 03:00:00,2025-01-27 15:00:00,-0.4574318221872775,-2.173625548243477,-2.645758883510535,-14.837208747143961,2.176263962205212,66.66666666666666,13,0.4670497877063553,-0.1858071317263874,,0.007938313956707152,0.9484504101840341,0.15066024944289158,-0.2706355115800477,52,-0.005889743107446292,0.02176263962205212,0.02,0.02176263962205212,chart_cl_3.csv,832,20250830_150755:832,random,12,24,31,53,10,16,5.0,2.2,3.0,2.7,8,0.9
5,2775,1348,300,412,2025-03-17 02:00:00,2025-05-05 08:00:00,-0.47193995702752317,-6.154404148044473,-7.3645013634511765,-48.13081216138311,0.6882052294017843,0.0,8,0.0,-0.24681484937225234,,0.002592914182421501,0.737958402605821,0.021341552497242677,-0.2999030938083779,49,-0.005998061876167558,0.006882052294017843,0.02,0.02,chart_cl_3.csv,819,20250830_150755:819,random,6,18,28,56,8,10,5.0,2.4,0.8,1.8,8,0.9
3,2775,524,300,412,2024-12-06 03:00:00,2025-01-27 15:00:00,-0.4806982222040297,-2.460472005598015,-2.9628521348207095,-19.45365779819291,1.7283401402528795,25.0,17,0.38334630047475016,-0.13629146630223082,,0.007318501560619269,0.9338634526312928,0.11985888369195496,-0.3094495298480598,52,-0.006188990596961196,0.017283401402528795,0.02,0.02,chart_cl_3.csv,1262,20250830_150755:1262,random,14,24,35,42,10,10,3.4,2.0,1.6,0.8,14,0.55
2,2775,112,300,412,2024-10-18 14:00:00,2024-12-06 01:00:00,-0.49528626694815453,-7.538963849291478,-8.311459032414803,-47.46165232838956,0.725743345743372,0.0,13,0.0,-0.16328555147614657,,0.0026054163806369266,0.677707498648683,0.01001961457588992,-0.3133542244188636,48,-0.006267084488377273,0.00725743345743372,0.02,0.02,chart_cl_3.csv,931,20250830_150755:931,random,8,26,28,46,10,18,2.6,5.0,2.3,2.3,8,0.7
3,2775,524,300,412,2024-12-06 03:00:00,2025-01-27 15:00:00,-0.4988847291130393,-3.4715221426112426,-4.103847010546616,-25.41497891594479,1.3632235607285326,40.0,16,0.0480023381207186,-0.13428537116505437,,0.0059679206130052,0.8776277642120854,0.06952075377468882,-0.3211439901341584,52,-0.006422879802683168,0.013632235607285326,0.02,0.02,chart_cl_3.csv,1177,20250830_150755:1177,random,10,26,27,44,12,8,3.2,2.6,1.1,2.5,14,0.7
2,2775,112,300,412,2024-10-18 14:00:00,2024-12-06 01:00:00,-0.5346866391933958,-2.19309602242214,-2.8275274861863076,-13.593830705807381,2.6935960476311567,6.666666666666667,16,0.3299517672659549,-0.11979882881626897,,0.010597985455894875,0.9530259846841755,0.21939886519839422,-0.2511539808530525,48,-0.0067650737017261355,0.02693596047631157,0.02,0.02693596047631157,chart_cl_3.csv,1246,20250830_150755:1246,random,12,20,28,55,12,14,4.6,2.4,1.7,2.7,10,0.8
3,2775,524,300,412,2024-12-06 03:00:00,2025-01-27 15:00:00,-0.5398691544729779,-4.578008818029185,-5.493355785933173,-23.783466757564593,1.5513528860097843,38.46153846153847,14,0.2556943634483976,-0.2364376346616793,,0.0081241095630802,0.9071621075967147,0.05254025763074705,-0.34749468142132556,52,-0.006949893628426512,0.015513528860097842,0.02,0.02,chart_cl_3.csv,1027,20250830_150755:1027,random,10,22,30,58,6,16,2.8,4.8,2.9,2.3,18,0.6
2,2775,112,300,412,2024-10-18 14:00:00,2024-12-06 01:00:00,-0.5464551247092018,-7.272763199078478,-8.274728260954145,-39.615160407372684,0.9403203332075518,10.0,21,0.0599170381027883,-0.10824713869436987,,0.0041628526184266075,0.8213961620912122,0.013716589021780773,-0.3456900947113984,48,-0.0069138018942279675,0.009403203332075519,0.02,0.02,chart_cl_3.csv,1186,20250830_150755:1186,random,10,24,31,58,12,6,4.4,4.0,1.0,2.1,12,0.6
6,2775,1760,300,412,2025-05-05 10:00:00,2025-06-20 20:00:00,-0.5475881313948555,-1.9883377931208908,-2.5949688592407454,-12.32804503274353,3.0265714652271725,82.35294117647058,18,0.33254513449207973,-0.12938751344829388,,0.007138810542791588,0.9491713487105136,0.21466131185246087,-0.2269105613492211,46,-0.006867610301382323,0.030265714652271725,0.02,0.030265714652271725,chart_cl_3.csv,1155,20250830_150755:1155,random,10,22,30,55,16,10,3.6,2.8,1.9,2.5,18,0.95
5,2775,1348,300,412,2025-03-17 02:00:00,2025-05-05 08:00:00,-0.5496491723907604,-7.066163674672451,-8.433189339482388,-45.87058014585914,0.8158192777677159,0.0,7,0.0,-0.32398314265821315,,0.00282284292140754,0.7294796788640975,0.02108728952842923,-0.34922673475904054,49,-0.006984534695180811,0.008158192777677159,0.02,0.02,chart_cl_3.csv,1019,20250830_150755:1019,random,10,24,36,56,16,18,2.2,4.4,2.4,1.8,14,0.5
5,2775,1348,300,412,2025-03-17 02:00:00,2025-05-05 08:00:00,-0.5496491723907604,-7.066163674672451,-8.433189339482388,-45.87058014585914,0.8158192777677159,0.0,7,0.0,-0.32398314265821315,,0.00282284292140754,0.7294796788640975,0.02108728952842923,-0.34922673475904054,49,-0.006984534695180811,0.008158192777677159,0.02,0.02,chart_cl_3.csv,1234,20250830_150755:1234,random,10,20,34,58,18,8,3.6,4.8,1.0,0.6,10,0.95
5,2775,1348,300,412,2025-03-17 02:00:00,2025-05-05 08:00:00,-0.5496491723907604,-7.066163674672451,-8.433189339482388,-45.87058014585914,0.8158192777677159,0.0,7,0.0,-0.32398314265821315,,0.00282284292140754,0.7294796788640975,0.02108728952842923,-0.34922673475904054,49,-0.006984534695180811,0.008158192777677159,0.02,0.02,chart_cl_3.csv,829,20250830_150755:829,random,12,20,36,56,6,8,3.4,3.2,1.8,3.0,8,0.55
2,2775,112,300,412,2024-10-18 14:00:00,2024-12-06 01:00:00,-0.5587828666615451,-5.137591165032911,-6.32395296893037,-24.28867781734644,1.5607691155950276,0.0,15,0.0,-0.15391062264760036,,0.006822042838419276,0.8850110006651061,0.05446956840678067,-0.35347949782954635,48,-0.007069589956590927,0.015607691155950277,0.02,0.02,chart_cl_3.csv,1061,20250830_150755:1061,random,12,18,29,49,14,10,2.8,2.4,2.7,1.1,14,0.65
5,2775,1348,300,412,2025-03-17 02:00:00,2025-05-05 08:00:00,-0.5612155040214615,-7.245710424324702,-8.631477363462697,-46.625606686537964,0.8158192777677159,0.0,9,0.0,-0.26631601982207814,,0.002793694773521714,0.7151028256396251,0.021075922891205,-0.3565667184121034,49,-0.007131334368242068,0.008158192777677159,0.02,0.02,chart_cl_3.csv,804,20250830_150755:804,random,12,26,29,46,12,6,2.6,3.2,1.7,1.2,8,0.8
5,2775,1348,300,412,2025-03-17 02:00:00,2025-05-05 08:00:00,-0.5659325180610011,-7.283479696020493,-8.684861582005011,-46.931411095423506,0.8158192777677159,0.0,8,0.0,-0.29901178910325454,,0.002823929510275138,0.721468602610706,0.021071314593401738,-0.3595600267350586,49,-0.007191200534701172,0.008158192777677159,0.02,0.02,chart_cl_3.csv,914,20250830_150755:914,random,6,24,35,45,14,16,4.0,3.6,2.6,1.1,12,0.8
5,2775,1348,300,412,2025-03-17 02:00:00,2025-05-05 08:00:00,-0.5659325180610011,-7.283479696020493,-8.684861582005011,-46.931411095423506,0.8158192777677159,0.0,8,0.0,-0.29901178910325454,,0.002823929510275138,0.721468602610706,0.021071314593401738,-0.3595600267350586,49,-0.007191200534701172,0.008158192777677159,0.02,0.02,chart_cl_3.csv,1114,20250830_150755:1114,random,8,20,29,52,14,8,4.4,3.4,2.9,1.1,14,0.6
5,2775,1348,300,412,2025-03-17 02:00:00,2025-05-05 08:00:00,-0.5659325180610011,-7.283479696020493,-8.684861582005011,-46.931411095423506,0.8158192777677159,0.0,8,0.0,-0.29901178910325454,,0.002823929510275138,0.721468602610706,0.021071314593401738,-0.3595600267350586,49,-0.007191200534701172,0.008158192777677159,0.02,0.02,chart_cl_3.csv,974,20250830_150755:974,random,12,26,31,49,18,6,4.6,4.6,2.0,1.8,10,0.95
5,2775,1348,300,412,2025-03-17 02:00:00,2025-05-05 08:00:00,-0.5659325180610011,-7.283479696020493,-8.684861582005011,-46.931411095423506,0.8158192777677159,0.0,8,0.0,-0.29901178910325454,,0.002823929510275138,0.721468602610706,0.021071314593401738,-0.3595600267350586,49,-0.007191200534701172,0.008158192777677159,0.02,0.02,chart_cl_3.csv,1034,20250830_150755:1034,random,10,20,29,50,12,12,4.2,3.0,1.8,1.3,12,0.8
3,2775,524,300,412,2024-12-06 03:00:00,2025-01-27 15:00:00,-0.5709146156125791,-2.9956548583957456,-3.5689970253489802,-21.133392251047265,1.8241261430481797,50.0,15,0.27458724650054034,-0.17424919302932862,,0.006927074936061573,0.9141436661757565,0.10633039044610494,-0.3674519450083129,52,-0.007349038900166259,0.018241261430481798,0.02,0.02,chart_cl_3.csv,1067,20250830_150755:1067,random,12,26,29,53,8,8,3.4,1.8,1.2,2.7,18,0.75
3,2775,524,300,412,2024-12-06 03:00:00,2025-01-27 15:00:00,-0.6147209445641697,-3.358114213293578,-3.9682179951959924,-23.60416291669768,1.7289502797083978,42.857142857142854,15,0.07129346940662344,-0.17816346869211522,,0.007483496960595318,0.8825500152925176,0.0956505386509705,-0.3956076682840318,52,-0.007912153365680637,0.017289502797083977,0.02,0.02,chart_cl_3.csv,1222,20250830_150755:1222,random,6,24,29,43,18,18,3.4,2.0,1.8,1.8,14,0.75
5,2775,1348,300,412,2025-03-17 02:00:00,2025-05-05 08:00:00,-0.6169258391892409,-4.6254581896382625,-5.573878043625723,-29.584823598966288,1.383209216037296,46.666666666666664,16,0.12908952412085767,-0.15086992617976136,,0.005084097117585991,0.8689870943837279,0.055408074870145305,-0.3919153455658737,49,-0.007838306911317474,0.01383209216037296,0.02,0.02,chart_cl_3.csv,979,20250830_150755:979,random,12,24,32,53,8,18,4.8,2.2,1.7,0.7,12,0.55
3,2775,524,300,412,2024-12-06 03:00:00,2025-01-27 15:00:00,-0.6240462789863781,-9.924583627278285,-11.42097186966045,-43.68468783244816,0.9449742728229894,15.384615384615385,14,0.0032744388271245426,-0.19291276103138816,,0.005769204716577071,0.7321545876328268,0.011609345475610797,-0.4016006421403201,52,-0.008032012842806403,0.009449742728229894,0.02,0.02,chart_cl_3.csv,1242,20250830_150755:1242,random,6,26,31,58,18,18,3.6,3.6,0.8,1.2,18,0.65
3,2775,524,300,412,2024-12-06 03:00:00,2025-01-27 15:00:00,-0.6257024323228111,-9.951852880993492,-11.45206377425994,-43.77269972272511,0.9449742728229894,20.0,16,0.0036989686602778727,-0.16720354868627832,,0.005773461214860407,0.73026277714158,0.011608444416836311,-0.40266495128140967,52,-0.008053299025628194,0.009449742728229894,0.02,0.02,chart_cl_3.csv,822,20250830_150755:822,random,6,20,33,51,14,12,4.0,3.2,0.6,2.6,16,0.7
2,2775,112,300,412,2024-10-18 14:00:00,2024-12-06 01:00:00,-0.6309037007297922,-8.44901312716008,-9.522945920064581,-42.36390848812522,0.9825466658363325,10.526315789473683,20,0.03802837175995648,-0.13156413092798097,,0.004312243133669423,0.7922876619813928,0.012632588826425218,-0.3990416244894079,48,-0.007980832489788158,0.009825466658363325,0.02,0.02,chart_cl_3.csv,1236,20250830_150755:1236,random,14,24,28,48,10,18,4.4,3.0,2.5,1.1,8,0.5
3,2775,524,300,412,2024-12-06 03:00:00,2025-01-27 15:00:00,-0.6314755998352921,-10.053251991765482,-11.565531038846759,-44.078537328281,0.9449742728229894,25.0,17,0.00472080667758022,-0.15808847156332057,,0.005809832008001213,0.7247395845792688,0.01160530327144727,-0.4063749533792542,52,-0.008127499067585085,0.009449742728229894,0.02,0.02,chart_cl_3.csv,872,20250830_150755:872,random,12,20,34,44,8,14,2.8,3.2,1.1,2.5,10,0.75
3,2775,524,300,412,2024-12-06 03:00:00,2025-01-27 15:00:00,-0.6314755998352921,-10.053251991765482,-11.565531038846759,-44.078537328281,0.9449742728229894,25.0,17,0.00472080667758022,-0.15808847156332057,,0.005809832008001213,0.7247395845792688,0.01160530327144727,-0.4063749533792542,52,-0.008127499067585085,0.009449742728229894,0.02,0.02,chart_cl_3.csv,1227,20250830_150755:1227,random,10,22,34,44,16,12,4.2,4.2,0.6,1.7,16,0.6
2,2775,112,300,412,2024-10-18 14:00:00,2024-12-06 01:00:00,-0.6411490255738528,-7.404831120606966,-8.625289480403957,-36.811705971777094,1.14458671669309,10.0,21,0.07462550089578923,-0.12713637980178555,,0.00573365321537188,0.8413869800529055,0.021762949972950463,-0.4055129534327795,48,-0.00811025906865559,0.011445867166930902,0.02,0.02,chart_cl_3.csv,1046,20250830_150755:1046,random,12,20,35,55,16,6,4.8,5.0,2.0,1.6,12,0.55
3,2775,524,300,412,2024-12-06 03:00:00,2025-01-27 15:00:00,-0.6577561972490749,-3.366825928965988,-4.05077753241871,-24.13747721767497,1.7794327822866742,26.666666666666668,16,0.3301307753605204,-0.16650198698154403,,0.007689828339772473,0.9140098935692361,0.12055827264001516,-0.4232623980277067,52,-0.008465247960554135,0.017794327822866742,0.02,0.02,chart_cl_3.csv,907,20250830_150755:907,random,14,24,32,45,16,18,3.0,2.2,0.5,2.8,8,0.65
2,2775,112,300,412,2024-10-18 14:00:00,2024-12-06 01:00:00,-0.6629418568812184,-1.720475381525656,-2.1979568817674435,-9.256296440280368,4.667496806899842,68.42105263157895,20,0.41420178500072957,-0.10982888064555131,,0.018275876174060485,0.9690664765159969,0.35958427495864204,-0.17965826401744514,48,-0.00838554373634594,0.04667496806899842,0.027413814261090727,0.04667496806899842,chart_cl_3.csv,1001,20250830_150755:1001,random,14,20,32,44,12,12,4.8,1.8,2.5,0.7,14,0.55
2,2775,112,300,412,2024-10-18 14:00:00,2024-12-06 01:00:00,-0.678831469612561,-3.08268038055808,-4.068460659178593,-14.313603968243026,3.0719882765724997,6.25,17,0.15892554266154896,-0.16510057395161334,,0.010863229749713169,0.9393022399645938,0.19891051376274363,-0.2795011846083193,48,-0.008586243624048829,0.030719882765724998,0.02,0.030719882765724998,chart_cl_3.csv,901,20250830_150755:901,random,6,22,29,51,10,16,2.6,2.6,2.4,2.1,16,0.95
3,2775,524,300,412,2024-12-06 03:00:00,2025-01-27 15:00:00,-0.6835205158914804,-3.6561360949206643,-4.3382709806086694,-22.275537634504513,1.9840484454769844,41.66666666666667,13,0.04499533309257208,-0.23395269487099182,,0.00909467324878972,0.8868272665020198,0.10351132175018947,-0.43981615425858495,52,-0.0087963230851717,0.019840484454769845,0.02,0.02,chart_cl_3.csv,877,20250830_150755:877,random,12,24,35,54,12,6,3.0,2.4,1.8,0.7,16,0.95
6,2775,1760,300,412,2025-05-05 10:00:00,2025-06-20 20:00:00,-0.71696762120391,-10.204258602045657,-12.858481662008021,-43.940698371781046,1.041669439983825,11.76470588235294,18,0.0007677186594970767,-0.1314453994291282,,0.0068376290721149134,0.7979641916716722,0.021248241836548516,-0.44943950780541253,46,-0.008988790156108251,0.010416694399838252,0.02,0.02,chart_cl_3.csv,1090,20250830_150755:1090,random,6,26,27,50,6,14,3.0,3.4,1.1,1.7,12,0.6
6,2775,1760,300,412,2025-05-05 10:00:00,2025-06-20 20:00:00,-0.7546419213411403,-8.298881447726622,-10.285224568230504,-30.62147132425574,1.5510086364912743,23.52941176470588,18,0.0005743064931575052,-0.17753737738181732,,0.010204514945155055,0.7921712885600756,0.03535259629279821,-0.4730197538487624,46,-0.009460395076975247,0.015510086364912743,0.02,0.02,chart_cl_3.csv,810,20250830_150755:810,random,10,18,29,44,6,14,3.2,4.4,0.8,1.5,14,0.6
2,2775,112,300,412,2024-10-18 14:00:00,2024-12-06 01:00:00,-0.7553568932928159,-6.84978158968999,-7.570672045062256,-39.19713347501605,1.212494963190748,0.0,13,0.0,-0.24895063227848224,,0.004348797215673217,0.7054421999574844,0.031828753364872474,-0.47763194703712153,48,-0.00955263894074243,0.01212494963190748,0.02,0.02,chart_cl_3.csv,1086,20250830_150755:1086,random,6,26,27,50,6,14,3.0,3.4,1.1,1.7,12,0.6
2,2775,112,300,412,2024-10-18 14:00:00,2024-12-06 01:00:00,-0.7553568932928159,-6.84978158968999,-7.570672045062256,-39.19713347501605,1.212494963190748,0.0,13,0.0,-0.24895063227848224,,0.004348797215673217,0.7054421999574844,0.031828753364872474,-0.47763194703712153,48,-0.00955263894074243,0.01212494963190748,0.02,0.02,chart_cl_3.csv,1006,20250830_150755:1006,random,6,22,28,52,6,18,4.8,5.0,0.9,1.6,12,0.6
2,2775,112,300,412,2024-10-18 14:00:00,2024-12-06 01:00:00,-0.758033287951059,-6.874204445586654,-7.5975953825865385,-39.296280431716674,1.212494963190748,0.0,13,0.0,-0.24984276383122972,,0.004352839608676469,0.7046990255667168,0.03182486224901694,-0.47932159641481936,48,-0.009586431928296387,0.01212494963190748,0.02,0.02,chart_cl_3.csv,1171,20250830_150755:1171,random,12,22,33,45,10,6,2.2,4.2,1.9,0.6,12,0.65
3,2775,524,300,412,2024-12-06 03:00:00,2025-01-27 15:00:00,-0.7869098034158063,-3.8387312728497225,-4.552515748937974,-22.70328728096098,2.155035905537517,28.57142857142857,15,0.13724308067177693,-0.2716252104631647,,0.009349825873787038,0.8939776061663202,0.11162835406391422,-0.46980675424803164,52,-0.010124504240685485,0.021550359055375168,0.02,0.021550359055375168,chart_cl_3.csv,952,20250830_150755:952,random,10,26,33,53,18,16,3.6,2.2,2.3,2.1,16,0.65
3,2775,524,300,412,2024-12-06 03:00:00,2025-01-27 15:00:00,-0.8011034432839493,-5.73746265498257,-6.94321350066361,-31.928737798277012,1.5517087608715392,23.076923076923077,14,0.21839523955820517,-0.2664898927911251,,0.0084294615698559,0.8881477933201858,0.07554860675321659,-0.5153396670664391,52,-0.010306793341328783,0.015517087608715391,0.02,0.02,chart_cl_3.csv,827,20250830_150755:827,random,12,20,36,56,6,8,3.4,3.2,1.8,3.0,8,0.55
2,2775,112,300,412,2024-10-18 14:00:00,2024-12-06 01:00:00,-0.808439278298387,-3.311796802377697,-4.3759125248954955,-14.866921572722582,3.3537847993128436,6.25,17,0.10013772239762449,-0.19728428754188393,,0.011777573130729467,0.9359642070424573,0.228502028420283,-0.3048138991733197,48,-0.010222802216667574,0.033537847993128436,0.02,0.033537847993128436,chart_cl_3.csv,1151,20250830_150755:1151,random,10,22,30,55,16,10,3.6,2.8,1.9,2.5,18,0.95
6,2775,1760,300,412,2025-05-05 10:00:00,2025-06-20 20:00:00,-0.8142055693531985,-3.277537893704812,-4.22265899631207,-19.352181223303937,2.589255760495192,56.25,17,0.2905204981456403,-0.17640490182851853,,0.00786937304577331,0.9359414663248821,0.21798968361853327,-0.39416197707472805,46,-0.010205861697089133,0.02589255760495192,0.02,0.02589255760495192,chart_cl_3.csv,980,20250830_150755:980,random,12,24,32,53,8,18,4.8,2.2,1.7,0.7,12,0.55
2,2775,112,300,412,2024-10-18 14:00:00,2024-12-06 01:00:00,-0.8211968679813709,-2.50600314444759,-3.1738184382951293,-11.774890122580528,4.2808006199499475,53.333333333333336,16,0.17820122869159202,-0.19540406223901916,,0.016335847587456265,0.9484350295418864,0.30176537513301627,-0.2425678014095218,48,-0.010383843946537767,0.042808006199499475,0.024503771381184397,0.042808006199499475,chart_cl_3.csv,1221,20250830_150755:1221,random,6,24,29,43,18,18,3.4,2.0,1.8,1.8,14,0.75
3,2775,524,300,412,2024-12-06 03:00:00,2025-01-27 15:00:00,-0.8482628353293241,-6.070122636605623,-7.146541402211899,-26.183979945070693,1.9685289831974202,16.666666666666664,13,0.15778486613881512,-0.361374139920582,,0.010985168856910317,0.8614534560831175,0.06546271915231591,-0.5456189218909653,52,-0.010912378437819305,0.019685289831974203,0.02,0.02,chart_cl_3.csv,1197,20250830_150755:1197,random,10,22,35,58,10,14,4.4,4.6,1.9,0.8,16,0.6
2,2775,112,300,412,2024-10-18 14:00:00,2024-12-06 01:00:00,-0.8657484015047545,-6.1061841855764065,-6.802767095246081,-33.96919601136904,1.5386095488893432,0.0,13,0.0,-0.28524636372295925,,0.005523784275702308,0.7412533760446294,0.053224825233931135,-0.5473079605600718,48,-0.010946159211201435,0.015386095488893432,0.02,0.02,chart_cl_3.csv,926,20250830_150755:926,random,10,24,34,56,18,14,3.6,4.0,2.8,1.8,8,0.7
2,2775,112,300,412,2024-10-18 14:00:00,2024-12-06 01:00:00,-0.8827279058785606,-3.7848689755611025,-4.8722698078143605,-16.030768522918873,3.3033784834128137,60.0,16,0.14230339483530993,-0.2298376928996918,,0.011475860854538512,0.9212636877224224,0.20443190709453898,-0.3378493049569228,48,-0.011160441246306729,0.03303378483412814,0.02,0.03303378483412814,chart_cl_3.csv,831,20250830_150755:831,random,12,24,31,53,10,16,5.0,2.2,3.0,2.7,8,0.9
5,2775,1348,300,412,2025-03-17 02:00:00,2025-05-05 08:00:00,-0.8993301856158444,-7.143069538979262,-8.514733172984727,-40.55082186000782,1.3223204606015329,0.0,8,0.0,-0.46274566959320335,,0.004781805858447826,0.7337935414684095,0.04844199108744763,-0.5709730640624331,49,-0.011419461281248662,0.013223204606015329,0.02,0.02,chart_cl_3.csv,929,20250830_150755:929,random,10,24,34,56,18,14,3.6,4.0,2.8,1.8,8,0.7
5,2775,1348,300,412,2025-03-17 02:00:00,2025-05-05 08:00:00,-0.8993301856158444,-7.143069538979262,-8.514733172984727,-40.55082186000782,1.3223204606015329,0.0,8,0.0,-0.46274566959320335,,0.004781805858447826,0.7337935414684095,0.04844199108744763,-0.5709730640624331,49,-0.011419461281248662,0.013223204606015329,0.02,0.02,chart_cl_3.csv,1164,20250830_150755:1164,random,6,26,30,58,14,16,2.4,2.6,0.9,1.3,8,0.55
5,2775,1348,300,412,2025-03-17 02:00:00,2025-05-05 08:00:00,-0.8993301856158444,-7.143069538979262,-8.514733172984727,-40.55082186000782,1.3223204606015329,0.0,8,0.0,-0.46274566959320335,,0.004781805858447826,0.7337935414684095,0.04844199108744763,-0.5709730640624331,49,-0.011419461281248662,0.013223204606015329,0.02,0.02,chart_cl_3.csv,1189,20250830_150755:1189,random,10,24,31,58,12,6,4.4,4.0,1.0,2.1,12,0.6
5,2775,1348,300,412,2025-03-17 02:00:00,2025-05-05 08:00:00,-0.8993301856158444,-7.143069538979262,-8.514733172984727,-40.55082186000782,1.3223204606015329,0.0,8,0.0,-0.46274566959320335,,0.004781805858447826,0.7337935414684095,0.04844199108744763,-0.5709730640624331,49,-0.011419461281248662,0.013223204606015329,0.02,0.02,chart_cl_3.csv,1049,20250830_150755:1049,random,12,20,35,55,16,6,4.8,5.0,2.0,1.6,12,0.55
5,2775,1348,300,412,2025-03-17 02:00:00,2025-05-05 08:00:00,-0.8993301856158444,-7.143069538979262,-8.514733172984727,-40.55082186000782,1.3223204606015329,0.0,8,0.0,-0.46274566959320335,,0.004781805858447826,0.7337935414684095,0.04844199108744763,-0.5709730640624331,49,-0.011419461281248662,0.013223204606015329,0.02,0.02,chart_cl_3.csv,1269,20250830_150755:1269,random,10,26,29,58,16,12,2.6,5.0,3.0,2.7,10,0.5
2,2775,112,300,412,2024-10-18 14:00:00,2024-12-06 01:00:00,-0.9107145912084065,-7.053063121752103,-7.760753746745938,-37.79219917467901,1.4307748540315435,0.0,15,0.0,-0.2583073755313297,,0.0051533920914767686,0.6894707725706839,0.04072299502333811,-0.5756800396764705,48,-0.011513600793529411,0.014307748540315435,0.02,0.02,chart_cl_3.csv,1121,20250830_150755:1121,random,12,22,27,54,18,8,2.6,5.0,2.9,2.7,8,0.75
2,2775,112,300,412,2024-10-18 14:00:00,2024-12-06 01:00:00,-0.9123082993662901,-6.980330079210467,-7.726232918060901,-37.83607855593245,1.4307748540315435,0.0,14,0.0,-0.277661439139683,,0.005136737400657065,0.7061221115978167,0.04359624236508136,-0.5766855143545216,48,-0.011533710287090434,0.014307748540315435,0.02,0.02,chart_cl_3.csv,941,20250830_150755:941,random,6,18,34,43,12,8,3.8,3.4,1.1,2.6,8,0.5
2,2775,112,300,412,2024-10-18 14:00:00,2024-12-06 01:00:00,-0.9123082993662901,-6.980330079210467,-7.726232918060901,-37.83607855593245,1.4307748540315435,0.0,14,0.0,-0.277661439139683,,0.005136737400657065,0.7061221115978167,0.04359624236508136,-0.5766855143545216,48,-0.011533710287090434,0.014307748540315435,0.02,0.02,chart_cl_3.csv,1141,20250830_150755:1141,random,6,18,30,51,12,8,2.2,3.8,1.9,1.5,8,0.5
2,2775,112,300,412,2024-10-18 14:00:00,2024-12-06 01:00:00,-0.9123082993662901,-6.980330079210467,-7.726232918060901,-37.83607855593245,1.4307748540315435,0.0,14,0.0,-0.277661439139683,,0.005136737400657065,0.7061221115978167,0.04359624236508136,-0.5766855143545216,48,-0.011533710287090434,0.014307748540315435,0.02,0.02,chart_cl_3.csv,1161,20250830_150755:1161,random,6,26,30,58,14,16,2.4,2.6,0.9,1.3,8,0.55
5,2775,1348,300,412,2025-03-17 02:00:00,2025-05-05 08:00:00,-0.9229162128710411,-7.337958413406989,-8.740756585083398,-41.25371809987433,1.3223204606015329,0.0,9,0.0,-0.43146714305322653,,0.004783381772514814,0.7267806293013186,0.04811784146948508,-0.5859178981189931,49,-0.011718357962379862,0.013223204606015329,0.02,0.02,chart_cl_3.csv,1274,20250830_150755:1274,random,12,22,35,51,18,18,3.8,4.2,0.9,0.5,14,0.5
5,2775,1348,300,412,2025-03-17 02:00:00,2025-05-05 08:00:00,-0.9229162128710411,-7.337958413406989,-8.740756585083398,-41.25371809987433,1.3223204606015329,0.0,9,0.0,-0.43146714305322653,,0.004783381772514814,0.7267806293013186,0.04811784146948508,-0.5859178981189931,49,-0.011718357962379862,0.013223204606015329,0.02,0.02,chart_cl_3.csv,1209,20250830_150755:1209,random,8,26,32,52,10,16,3.6,3.6,2.5,2.0,14,0.55
2,2775,112,300,412,2024-10-18 14:00:00,2024-12-06 01:00:00,-0.9650261833434653,-7.759462470364642,-8.911241520526003,-32.17474174126777,1.7456089152138352,5.0,21,0.06363990618663251,-0.19136401479307885,,0.009095105192630399,0.836113165261815,0.047169606679415006,-0.6099415487381435,48,-0.012198830974762872,0.01745608915213835,0.02,0.02,chart_cl_3.csv,946,20250830_150755:946,random,8,20,27,51,14,14,2.0,4.8,2.9,0.6,10,0.55
3,2775,524,300,412,2024-12-06 03:00:00,2025-01-27 15:00:00,-0.9710471093149196,-9.310263692197552,-10.717376152418383,-36.34096515018146,1.5517087608715392,15.384615384615385,14,0.0039024983727331806,-0.3003814031032136,,0.009277060522200207,0.7445090196179331,0.03606476445436697,-0.6244239012973284,52,-0.012488478025946569,0.015517087608715391,0.02,0.02,chart_cl_3.csv,987,20250830_150755:987,random,10,18,33,57,6,18,4.2,4.2,0.6,0.8,14,0.75
2,2775,112,300,412,2024-10-18 14:00:00,2024-12-06 01:00:00,-0.9716605333690317,-3.7217847711815613,-4.675778278510658,-17.450225466630002,3.232827140781871,50.0,21,0.19157734656888367,-0.19261238677859396,,0.01305029535148083,0.9298606650525532,0.23010112633243424,-0.37993133902135184,48,-0.012282523444218246,0.03232827140781871,0.02,0.03232827140781871,chart_cl_3.csv,976,20250830_150755:976,random,12,24,32,53,8,18,4.8,2.2,1.7,0.7,12,0.55
3,2775,524,300,412,2024-12-06 03:00:00,2025-01-27 15:00:00,-0.9763476248580887,-9.36321100244058,-10.778745992584536,-36.4686138032424,1.5517087608715392,15.384615384615385,14,0.0038815058897352615,-0.30201233096264946,,0.009316676189256103,0.7434650549720078,0.036056271128706956,-0.6278248792530682,52,-0.012556497585061364,0.015517087608715391,0.02,0.02,chart_cl_3.csv,1042,20250830_150755:1042,random,6,24,35,55,10,14,2.2,3.4,1.8,1.3,14,0.65
5,2775,1348,300,412,2025-03-17 02:00:00,2025-05-05 08:00:00,-0.9764006356304233,-7.781797325249726,-9.258264098017538,-42.29384687797394,1.3380349190444036,0.0,9,0.0,-0.45713111792254335,,0.004861511872235537,0.7106196791570406,0.047781559503905585,-0.6198016667798614,49,-0.012396033335597228,0.013380349190444037,0.02,0.02,chart_cl_3.csv,1174,20250830_150755:1174,random,12,22,33,45,10,6,2.2,4.2,1.9,0.6,12,0.65
5,2775,1348,300,412,2025-03-17 02:00:00,2025-05-05 08:00:00,-0.9764006356304233,-7.781797325249726,-9.258264098017538,-42.29384687797394,1.3380349190444036,0.0,9,0.0,-0.45713111792254335,,0.004861511872235537,0.7106196791570406,0.047781559503905585,-0.6198016667798614,49,-0.012396033335597228,0.013380349190444037,0.02,0.02,chart_cl_3.csv,1094,20250830_150755:1094,random,10,26,27,49,12,10,4.0,3.2,1.2,2.5,16,0.5
5,2775,1348,300,412,2025-03-17 02:00:00,2025-05-05 08:00:00,-0.9764006356304233,-7.781797325249726,-9.258264098017538,-42.29384687797394,1.3380349190444036,0.0,9,0.0,-0.45713111792254335,,0.004861511872235537,0.7106196791570406,0.047781559503905585,-0.6198016667798614,49,-0.012396033335597228,0.013380349190444037,0.02,0.02,chart_cl_3.csv,1009,20250830_150755:1009,random,6,22,28,52,6,18,4.8,5.0,0.9,1.6,12,0.6
5,2775,1348,300,412,2025-03-17 02:00:00,2025-05-05 08:00:00,-0.9764006356304233,-7.781797325249726,-9.258264098017538,-42.29384687797394,1.3380349190444036,0.0,9,0.0,-0.45713111792254335,,0.004861511872235537,0.7106196791570406,0.047781559503905585,-0.6198016667798614,49,-0.012396033335597228,0.013380349190444037,0.02,0.02,chart_cl_3.csv,949,20250830_150755:949,random,8,20,27,51,14,14,2.0,4.8,2.9,0.6,10,0.55
5,2775,1348,300,412,2025-03-17 02:00:00,2025-05-05 08:00:00,-0.9764006356304233,-7.781797325249726,-9.258264098017538,-42.29384687797394,1.3380349190444036,0.0,9,0.0,-0.45713111792254335,,0.004861511872235537,0.7106196791570406,0.047781559503905585,-0.6198016667798614,49,-0.012396033335597228,0.013380349190444037,0.02,0.02,chart_cl_3.csv,874,20250830_150755:874,random,12,20,34,44,8,14,2.8,3.2,1.1,2.5,10,0.75
5,2775,1348,300,412,2025-03-17 02:00:00,2025-05-05 08:00:00,-0.9764006356304233,-7.781797325249726,-9.258264098017538,-42.29384687797394,1.3380349190444036,0.0,9,0.0,-0.45713111792254335,,0.004861511872235537,0.7106196791570406,0.047781559503905585,-0.6198016667798614,49,-0.012396033335597228,0.013380349190444037,0.02,0.02,chart_cl_3.csv,1089,20250830_150755:1089,random,6,26,27,50,6,14,3.0,3.4,1.1,1.7,12,0.6
5,2775,1348,300,412,2025-03-17 02:00:00,2025-05-05 08:00:00,-0.9764006356304233,-7.781797325249726,-9.258264098017538,-42.29384687797394,1.3380349190444036,0.0,9,0.0,-0.45713111792254335,,0.004861511872235537,0.7106196791570406,0.047781559503905585,-0.6198016667798614,49,-0.012396033335597228,0.013380349190444037,0.02,0.02,chart_cl_3.csv,1074,20250830_150755:1074,random,6,20,27,53,16,8,3.2,3.6,0.5,2.9,16,0.5
6,2775,1760,300,412,2025-05-05 10:00:00,2025-06-20 20:00:00,-0.9884935326854017,-10.624369325254776,-13.04852717285182,-48.824066025068575,1.1682598922945004,11.11111111111111,19,0.0516280783272336,-0.18723037051919741,,0.007172301556515362,0.816599831626366,0.038574667002256736,-0.6193057317594053,46,-0.012386114635188105,0.011682598922945004,0.02,0.02,chart_cl_3.csv,1050,20250830_150755:1050,random,12,20,35,55,16,6,4.8,5.0,2.0,1.6,12,0.55
2,2775,112,300,412,2024-10-18 14:00:00,2024-12-06 01:00:00,-1.0072203185454827,-7.493532090168432,-8.344798921670487,-37.14423131480808,1.5540716183951773,15.0,21,0.024962205137506476,-0.199403860911789,,0.005982318970804653,0.7694384243783737,0.04538296549568489,-0.6365535447186811,48,-0.012731070894373621,0.015540716183951774,0.02,0.02,chart_cl_3.csv,1251,20250830_150755:1251,random,8,20,34,43,18,10,3.4,4.0,2.1,1.9,8,0.5
2,2775,112,300,412,2024-10-18 14:00:00,2024-12-06 01:00:00,-1.032654332322299,-7.635321095933579,-8.506109860545742,-36.93432775266408,1.5876466673409941,10.526315789473683,20,0.02359527496090684,-0.21522256276086957,,0.006215980633269886,0.7739669724757551,0.04556182892191143,-0.6525925771773666,48,-0.013051851543547334,0.01587646667340994,0.02,0.02,chart_cl_3.csv,1096,20250830_150755:1096,random,14,20,33,46,6,10,4.4,4.2,1.9,2.7,8,0.65
2,2775,112,300,412,2024-10-18 14:00:00,2024-12-06 01:00:00,-1.054492855758995,-7.186250269182019,-8.049361880865133,-36.28814035233752,1.6371117839924467,11.76470588235294,18,0.02323476883682074,-0.24436527098527291,,0.006388712699315543,0.7879345287808399,0.055364939620285346,-0.6663628684035667,48,-0.013327257368071336,0.016371117839924468,0.02,0.02,chart_cl_3.csv,826,20250830_150755:826,random,12,20,36,56,6,8,3.4,3.2,1.8,3.0,8,0.55
5,2775,1348,300,412,2025-03-17 02:00:00,2025-05-05 08:00:00,-1.0559906172677362,-8.56176232921041,-10.229685486059653,-41.770371289708706,1.423496262854485,0.0,10,0.0,-0.44832581056128606,,0.00524687071926242,0.6893277378483627,0.047440987165574544,-0.6702095678452002,49,-0.013404191356904006,0.01423496262854485,0.02,0.02,chart_cl_3.csv,934,20250830_150755:934,random,8,26,28,46,10,18,2.6,5.0,2.3,2.3,8,0.7
2,2775,112,300,412,2024-10-18 14:00:00,2024-12-06 01:00:00,-1.065403137998119,-7.909610041852546,-8.808946971647817,-37.01754524355721,1.6150896657688332,10.0,21,0.022876411190396136,-0.2110416518927936,,0.00636274401298732,0.7642766130224851,0.04526575380398441,-0.6732418756035357,48,-0.013464837512070713,0.016150896657688332,0.02,0.02,chart_cl_3.csv,861,20250830_150755:861,random,12,24,32,51,8,8,4.0,5.0,1.8,1.8,8,0.55
6,2775,1760,300,412,2025-05-05 10:00:00,2025-06-20 20:00:00,-1.1342972901336645,-7.304326774085172,-9.092666988549057,-23.999840210448305,2.5875129374240036,23.52941176470588,18,0.0011063331861283418,-0.2668824280037584,,0.01697208328843984,0.8173117071850878,0.09349826820788329,-0.5491316346321377,46,-0.014208852089594472,0.025875129374240035,0.02545812493265976,0.025875129374240035,chart_cl_3.csv,1170,20250830_150755:1170,random,14,26,33,44,8,8,4.2,5.0,2.5,1.8,14,0.7
6,2775,1760,300,412,2025-05-05 10:00:00,2025-06-20 20:00:00,-1.154710790790066,-8.488683852448546,-10.737344304847724,-48.035051666591094,1.306539710323264,22.22222222222222,19,0.06960727178368606,-0.20906377312458088,,0.007540015545657361,0.8628259628763314,0.09092346195492178,-0.7231980402605127,46,-0.014463960805210254,0.01306539710323264,0.02,0.02,chart_cl_3.csv,1270,20250830_150755:1270,random,10,26,29,58,16,12,2.6,5.0,3.0,2.7,10,0.5
3,2775,524,300,412,2024-12-06 03:00:00,2025-01-27 15:00:00,-1.1875155810227631,-6.284889719351374,-7.401589803512259,-28.501379760106378,2.238358925754987,28.57142857142857,15,0.01073201503456156,-0.3411061596282944,,0.011450073179688863,0.8165659150465311,0.10263225089702448,-0.6819736229844139,52,-0.015265017461366295,0.022383589257549873,0.02,0.022383589257549873,chart_cl_3.csv,992,20250830_150755:992,random,8,22,33,46,6,10,1.8,2.4,2.9,2.4,10,0.95
5,2775,1348,300,412,2025-03-17 02:00:00,2025-05-05 08:00:00,-1.197929851642551,-7.249745130909343,-8.638497876382525,-38.59800106189162,1.6612104071056386,0.0,9,0.0,-0.5624493306995498,,0.00609759632790069,0.7204234782507251,0.06850009800460478,-0.7600632456130862,49,-0.015201264912261725,0.016612104071056386,0.02,0.02,chart_cl_3.csv,814,20250830_150755:814,random,10,24,29,52,8,14,2.6,3.2,1.4,1.0,14,0.5
6,2775,1760,300,412,2025-05-05 10:00:00,2025-06-20 20:00:00,-1.2366843316463942,-4.078602230112644,-5.203831301538569,-14.325880257495227,4.557964299972675,64.70588235294117,18,0.06829370493338872,-0.3166129236263756,,0.02061446565286629,0.9132034451005998,0.25845820503839273,-0.33980464628222345,46,-0.01548817446719217,0.04557964299972675,0.030921698479299438,0.04557964299972675,chart_cl_3.csv,1180,20250830_150755:1180,random,10,26,27,44,12,8,3.2,2.6,1.1,2.5,14,0.7
5,2775,1348,300,412,2025-03-17 02:00:00,2025-05-05 08:00:00,-1.2533910183489816,-8.451513973396718,-10.510174953190054,-30.779061728418313,2.1375759591467727,0.0,10,0.0,-0.5298973493694055,,0.00644747965495936,0.7531925703679081,0.08619960110499822,-0.7439807313435851,49,-0.015903153253884812,0.021375759591467727,0.02,0.021375759591467727,chart_cl_3.csv,909,20250830_150755:909,random,14,24,32,45,16,18,3.0,2.2,0.5,2.8,8,0.65
2,2775,112,300,412,2024-10-18 14:00:00,2024-12-06 01:00:00,-1.3008116419922544,-3.93088232191662,-4.992189157165142,-14.533822664369213,4.621074237531823,0.0,16,0.0,-0.34006505968435113,,0.018370710250697374,0.9242562638984717,0.30792691515390014,-0.3555845169874,48,-0.01643182450715671,0.04621074237531823,0.02755606537604606,0.04621074237531823,chart_cl_3.csv,991,20250830_150755:991,random,8,22,33,46,6,10,1.8,2.4,2.9,2.4,10,0.95
5,2775,1348,300,412,2025-03-17 02:00:00,2025-05-05 08:00:00,-1.3965226445171965,-9.07198305909749,-10.717593904768107,-38.60404176434402,1.8071343622584664,0.0,10,0.0,-0.5867164784507639,,0.006944350842248713,0.6705738807517417,0.06071746169460238,-0.885689029447443,49,-0.01771378058894886,0.018071343622584665,0.02,0.02,chart_cl_3.csv,1144,20250830_150755:1144,random,6,18,30,51,12,8,2.2,3.8,1.9,1.5,8,0.5
5,2775,1348,300,412,2025-03-17 02:00:00,2025-05-05 08:00:00,-1.3965226445171965,-9.07198305909749,-10.717593904768107,-38.60404176434402,1.8071343622584664,0.0,10,0.0,-0.5867164784507639,,0.006944350842248713,0.6705738807517417,0.06071746169460238,-0.885689029447443,49,-0.01771378058894886,0.018071343622584665,0.02,0.02,chart_cl_3.csv,1099,20250830_150755:1099,random,14,20,33,46,6,10,4.4,4.2,1.9,2.7,8,0.65
2,2775,112,300,412,2024-10-18 14:00:00,2024-12-06 01:00:00,-1.4160256381900953,-9.09080590093444,-10.303594514210898,-30.566065557964865,2.298860984093681,5.0,21,0.044359541054521306,-0.2810246037114331,,0.011543321138312353,0.8042348663687354,0.06523460746549911,-0.7779006550604628,48,-0.017882854654194147,0.02298860984093681,0.02,0.02298860984093681,chart_cl_3.csv,1266,20250830_150755:1266,random,10,26,29,58,16,12,2.6,5.0,3.0,2.7,10,0.5
5,2775,1348,300,412,2025-03-17 02:00:00,2025-05-05 08:00:00,-1.5976061988074763,-8.212540219512103,-9.743892187679592,-35.64394029783015,2.09241656966293,0.0,10,0.0,-0.6830002331428999,,0.007936200545923089,0.6827257132727431,0.0823914848742675,-0.968049138030546,49,-0.020255620566630314,0.0209241656966293,0.02,0.0209241656966293,chart_cl_3.csv,1124,20250830_150755:1124,random,12,22,27,54,18,8,2.6,5.0,2.9,2.7,8,0.75
5,2775,1348,300,412,2025-03-17 02:00:00,2025-05-05 08:00:00,-1.6067734920957568,-8.244025520671304,-9.787128495499616,-35.7398134127699,2.09241656966293,0.0,9,0.0,-0.7579720637822371,,0.007993937440903319,0.6884269113661294,0.08295846646601729,-0.9735847793552697,49,-0.02037144924294594,0.0209241656966293,0.02,0.0209241656966293,chart_cl_3.csv,864,20250830_150755:864,random,12,24,32,51,8,8,4.0,5.0,1.8,1.8,8,0.55
2,2775,112,300,412,2024-10-18 14:00:00,2024-12-06 01:00:00,-1.9093851694052262,-4.7175459899959025,-5.8863870781108885,-13.740100713006834,5.8656328542426195,22.22222222222222,19,0.1131167099924928,-0.388966548014396,,0.02456132697792651,0.9180424483596769,0.37170628516348836,-0.410668823496274,48,-0.024088325433129082,0.058656328542426195,0.03684199046688976,0.058656328542426195,chart_cl_3.csv,851,20250830_150755:851,random,8,20,34,42,12,14,2.2,1.8,0.8,1.2,12,0.95
2,2775,112,300,412,2024-10-18 14:00:00,2024-12-06 01:00:00,-2.0906502418021518,-6.217014087516156,-7.731647453962495,-15.46286920116422,5.394799355337061,65.0,21,0.13229359277103758,-0.38907275442566325,,0.023395178622989565,0.8905019751400547,0.3057532170159068,-0.48871168016996064,48,-0.026365014571265957,0.05394799355337061,0.03509276793448435,0.05394799355337061,chart_cl_3.csv,886,20250830_150755:886,random,14,24,29,57,14,12,5.0,1.8,2.2,2.4,8,0.9
2,2775,112,300,412,2024-10-18 14:00:00,2024-12-06 01:00:00,-2.463261460203327,-7.262370574327268,-8.871732475841949,-15.680867508649213,5.612652227632225,35.0,21,0.09806605045114451,-0.4632750939193642,,0.02568291941257584,0.8703601497642341,0.2901662975986275,-0.5530274526754583,48,-0.03103950764200686,0.05612652227632225,0.038524379118863764,0.05612652227632225,chart_cl_3.csv,921,20250830_150755:921,random,10,24,28,52,6,14,2.4,1.8,1.1,1.0,10,0.8500000000000001
2,2775,112,300,412,2024-10-18 14:00:00,2024-12-06 01:00:00,-2.4839226959235816,-7.227189859415021,-8.83317220853294,-15.159210561883508,5.81991599123453,57.89473684210527,20,0.07999165926698816,-0.5039343365432659,,0.027184412600074134,0.8718600661054592,0.2969670762312511,-0.5377825202847578,48,-0.0312984908961167,0.0581991599123453,0.0407766189001112,0.0581991599123453,chart_cl_3.csv,1066,20250830_150755:1066,random,12,26,29,53,8,8,3.4,1.8,1.2,2.7,18,0.75
2,2775,112,300,412,2024-10-18 14:00:00,2024-12-06 01:00:00,-2.535041847306303,-7.81518354219803,-9.538970089560985,-16.380315479054214,5.4174102803967585,0.0,17,0.0,-0.6115929085755475,,0.024689162302606954,0.852096675275943,0.2711799236649118,-0.589565064393429,48,-0.031939158408077394,0.05417410280396759,0.03703374345391043,0.05417410280396759,chart_cl_3.csv,856,20250830_150755:856,random,8,22,35,51,14,16,3.0,2.0,1.3,2.0,16,0.9
