fold_id,bars_total,bars_train,bars_embargo,bars_val,val_start,val_end,total_return,sharpe_ratio,sortino_ratio,calmar_ratio,max_drawdown,win_rate,total_trades,profit_factor,expectancy,avg_hold_hours,ulcer_index,omega_0,omega_fees,calmar_robust,val_days,cagr_adj,maxdd_obs_frac,dd_floor,dd_adj,chart,trial_id,trial_uid,method,param_fast_min_len,param_fast_max_len,param_slow_min_len,param_slow_max_len,param_dma_atr_len,param_atr_len,param_upper_outer_mult,param_lower_outer_mult,param_upper_inner_mult,param_lower_inner_mult,param_momentum_len,param_momentum_threshold
4,5683,2680,455,1045,2018-09-12 00:00:00,2021-07-22 00:00:00,22.4577772208361,1.1005495204590887,1.5807452089126124,0.9018772829349981,8.13049291872843,90.0,21,276.23619786736157,10.935361937229526,,0.027586413902197612,1.270249474854826,0.7276522106148121,0.9018772829349863,1044,0.07332706862464944,0.08130492918728431,0.04137962085329642,0.08130492918728431,XAUUSDT_1d_cl_1.csv,185,20250901_234702:185,sobol,13,19,47,138,17,17,2.9000000000000004,1.8,1.5,0.8,42,0.6
4,5683,2680,455,1045,2018-09-12 00:00:00,2021-07-22 00:00:00,18.925424085024417,0.966030222905628,1.328217745973023,0.5960253856493735,10.4710195528102,92.5925925925926,28,61.326502443411414,6.913053398997498,,0.04037091726228947,1.2280063230398908,0.6992332101982849,0.5960253856493647,1044,0.06240993467105738,0.104710195528102,0.0605563758934342,0.104710195528102,XAUUSDT_1d_cl_1.csv,105,20250901_234702:105,sobol,11,20,44,128,15,12,2.2,1.9000000000000001,1.1,1.4000000000000001,13,0.6
5,5683,3725,455,1045,2021-07-23 00:00:00,2024-06-01 00:00:00,17.212658984460898,0.8252405360197329,1.273019780679855,0.6678211320586553,8.541266097966025,90.9090909090909,23,31.815780711692536,3.2994028940936464,,0.02583748331615378,1.1740612728422932,0.7282898852221404,0.6678211320586512,1044,0.05704037994757849,0.08541266097966024,0.038756224974230674,0.08541266097966024,XAUUSDT_1d_cl_1.csv,186,20250901_234702:186,sobol,13,19,47,138,17,17,2.9000000000000004,1.8,1.5,0.8,42,0.6
4,5683,2680,455,1045,2018-09-12 00:00:00,2021-07-22 00:00:00,16.625857729182414,0.9793734223870866,1.3551219383564752,1.0349868086095677,5.332339364190531,100.0,24,inf,6.820822106532098,,0.022868497669381024,1.2579092472906366,0.6352112766627664,1.0349868086095695,1044,0.05518900900966739,0.05332339364190531,0.034302746504071537,0.05332339364190531,XAUUSDT_1d_cl_1.csv,153,20250901_234702:153,sobol,14,21,37,78,11,14,2.1,2.0,1.2000000000000002,1.1,25,0.65
5,5683,3725,455,1045,2021-07-23 00:00:00,2024-06-01 00:00:00,16.135370260300483,1.008445890206991,1.5977561284970045,0.954038113135416,5.622087116527329,96.15384615384616,27,31.351446292532447,2.7943807432471552,,0.015715957935285848,1.2442436723433448,0.6371930602869237,0.9540381131354322,1044,0.053636853845347554,0.05622087116527329,0.02357393690292877,0.05622087116527329,XAUUSDT_1d_cl_1.csv,166,20250901_234702:166,sobol,10,24,50,119,10,15,2.2,2.3,1.2000000000000002,0.9,33,0.85
5,5683,3725,455,1045,2021-07-23 00:00:00,2024-06-01 00:00:00,16.06462925550913,0.840051354230093,1.3006209427985034,0.7895779789459463,6.764707540663685,57.14285714285714,22,7.851944355799222,2.01124890324383,,0.020349563418452867,1.1926054246234623,0.6918424929467404,0.7895779789459566,1044,0.05341264108117705,0.06764707540663685,0.0305243451276793,0.06764707540663685,XAUUSDT_1d_cl_1.csv,118,20250901_234702:118,sobol,7,25,39,146,12,19,2.9000000000000004,2.2,1.0,1.3,20,0.85
5,4838,3173,387,890,2022-03-05 00:00:00,2024-08-10 00:00:00,15.312145205293628,1.0331487452308923,1.6125110351356446,1.073812231823886,5.603448862553374,94.73684210526315,20,49.841114398592325,6.112240405604384,,0.017068709088499757,1.2342249109907564,0.6858019269739992,1.0738122318238938,889,0.06017051929009498,0.056034488625533736,0.025603063632749636,0.056034488625533736,XAUUSDT_1d_cl_2.csv,266,20250901_234702:266,sobol,10,24,50,119,10,15,2.2,2.3,1.2000000000000002,0.9,33,0.85
5,4838,3082,438,880,2022-01-24 00:00:00,2024-06-21 00:00:00,14.431945180841621,0.8054067371628334,1.2120151015362672,0.7178232317098208,8.011495265701182,84.61538461538461,14,48.90435375140778,6.747847065992735,,0.02606696817198765,1.1669200897873189,0.7429427524185218,0.7178232317098285,879,0.05750837422453614,0.08011495265701182,0.03910045225798148,0.08011495265701182,XAUUSDT_1d_cl_2.csv,218,20250901_234702:218,sobol,7,25,39,146,12,19,2.9000000000000004,2.2,1.0,1.3,20,0.85
5,4838,3122,414,884,2022-02-09 00:00:00,2024-07-11 00:00:00,13.864373395442458,0.7490188477919347,1.1340485522528612,0.6387094974320734,8.62247006237938,86.66666666666667,16,16.98769323845604,6.603160335049245,,0.02854004643471175,1.1521178794100728,0.7473707726778652,0.6387094974320942,883,0.055072535201656114,0.0862247006237938,0.04281006965206762,0.0862247006237938,XAUUSDT_1d_cl_2.csv,286,20250901_234702:286,sobol,13,19,47,138,17,17,2.9000000000000004,1.8,1.5,0.8,42,0.6
4,4838,2238,414,884,2019-09-09 00:00:00,2022-02-08 00:00:00,13.345004812547035,0.8142070475876504,1.131991516503885,0.715489996600176,7.419084757094306,92.3076923076923,27,96.12026893569183,5.044469113934058,,0.028522702715099563,1.1888595270656555,0.6873528202312071,0.7154899966001825,883,0.053082809276298715,0.07419084757094306,0.04278405407264935,0.07419084757094306,XAUUSDT_1d_cl_2.csv,285,20250901_234702:285,sobol,13,19,47,138,17,17,2.9000000000000004,1.8,1.5,0.8,42,0.6
4,5683,2680,455,1045,2018-09-12 00:00:00,2021-07-22 00:00:00,13.286385853981214,1.0099548590437168,1.4161180962216726,0.8050660666291484,5.531940430953621,100.0,25,inf,5.249548584439751,,0.017000406558731765,1.2519641997871649,0.5598219397374797,0.8050660666291432,1044,0.04453577523574559,0.05531940430953621,0.025500609838097647,0.05531940430953621,XAUUSDT_1d_cl_1.csv,129,20250901_234702:129,sobol,8,22,52,82,15,15,2.4000000000000004,1.9000000000000001,1.0,1.6,15,0.75
4,4838,2283,387,890,2019-09-27 00:00:00,2022-03-04 00:00:00,13.187913847935349,0.8276470518846397,1.148772419393981,0.7077301131230201,7.363975504169602,96.15384615384616,27,39.997947903280874,4.871249947383562,,0.02345214140791615,1.1745936704418016,0.6952180225423493,0.7077301131229976,889,0.05211707216600936,0.07363975504169602,0.035178212111874226,0.07363975504169602,XAUUSDT_1d_cl_2.csv,245,20250901_234702:245,sobol,7,19,59,112,19,18,2.3,1.8,1.1,0.8,23,0.85
4,5683,2680,455,1045,2018-09-12 00:00:00,2021-07-22 00:00:00,13.111949328656571,0.8334692504975731,1.1213463719428243,0.5587841055685072,7.8695370458992695,87.5,25,72.78562767998653,5.45892040405778,,0.03882459938433044,1.2132727803583199,0.5879651769543572,0.5587841055684967,1044,0.04397372219430973,0.07869537045899269,0.05823689907649565,0.07869537045899269,XAUUSDT_1d_cl_1.csv,157,20250901_234702:157,sobol,10,24,55,135,14,11,2.8,2.4000000000000004,0.8,1.0,10,0.65
5,4838,3173,387,890,2022-03-05 00:00:00,2024-08-10 00:00:00,13.084130407594238,0.7239127508638675,1.097618911219527,0.5868487803190242,8.813399915913426,82.35294117647058,18,7.434245668242816,5.610796535213452,,0.03048342359289778,1.1448621246899235,0.736106867432318,0.5868487803190368,889,0.05172132991117695,0.08813399915913425,0.045725135389346666,0.08813399915913425,XAUUSDT_1d_cl_2.csv,206,20250901_234702:206,sobol,11,20,44,128,15,12,2.2,1.9000000000000001,1.1,1.4000000000000001,13,0.6
5,5683,3725,455,1045,2021-07-23 00:00:00,2024-06-01 00:00:00,12.991707724803794,0.7192017204392394,1.0995880605127306,0.5034010620766532,8.65829768057463,92.85714285714286,29,5.1588664594659575,2.448029397375071,,0.02470946777077976,1.1573855132732478,0.6643511489549203,0.5034010620766483,1044,0.04358596248177049,0.08658297680574631,0.03706420165616964,0.08658297680574631,XAUUSDT_1d_cl_1.csv,146,20250901_234702:146,sobol,7,19,59,112,19,18,2.3,1.8,1.1,0.8,23,0.85
3,4838,1354,414,884,2017-04-08 00:00:00,2019-09-08 00:00:00,12.718808436171866,0.9112169002337872,1.3928098794741934,0.5725201010616567,8.851512834191887,85.0,21,2.359581721620372,1.8807246512922033,,0.040475230394345335,1.178455012830713,0.6790309094188173,0.5725201010616572,883,0.050676690223800946,0.08851512834191887,0.060712845591518,0.08851512834191887,XAUUSDT_1d_cl_2.csv,284,20250901_234702:284,sobol,13,19,47,138,17,17,2.9000000000000004,1.8,1.5,0.8,42,0.6
5,5683,3725,455,1045,2021-07-23 00:00:00,2024-06-01 00:00:00,12.524566129147734,0.905109823234514,1.4241455503924587,0.747971324379564,5.625476792675572,96.0,26,33.85729368017058,3.1660968277113772,,0.014815256336744024,1.2147493944412515,0.578359474839211,0.7479713243795567,1044,0.04207695326884009,0.056254767926755725,0.022222884505116038,0.056254767926755725,XAUUSDT_1d_cl_1.csv,150,20250901_234702:150,sobol,6,28,46,125,19,16,2.6,2.4000000000000004,1.5,1.6,48,0.85
5,5683,3725,455,1045,2021-07-23 00:00:00,2024-06-01 00:00:00,12.508931066969978,0.770595373335508,1.1927120205097603,0.8355557155866871,5.029751582553554,85.71428571428571,15,8.107121550883438,3.561933071749152,,0.02009994834478397,1.190311808433176,0.6196585688301517,0.8355557155867112,1044,0.042026376827839274,0.05029751582553554,0.030149922517175957,0.05029751582553554,XAUUSDT_1d_cl_1.csv,106,20250901_234702:106,sobol,11,20,44,128,15,12,2.2,1.9000000000000001,1.1,1.4000000000000001,13,0.6
3,5683,1635,455,1045,2015-11-02 00:00:00,2018-09-11 00:00:00,12.482172087635547,0.6225451918644488,0.9632757470383373,0.4669804202135485,8.98106306179053,95.45454545454545,23,228.12950898567018,8.262284770898255,,0.033865787854131184,1.1247704333766044,0.7061345184696258,0.46698042021354735,1044,0.04193980602559311,0.08981063061790531,0.05079868178119677,0.08981063061790531,XAUUSDT_1d_cl_1.csv,184,20250901_234702:184,sobol,13,19,47,138,17,17,2.9000000000000004,1.8,1.5,0.8,42,0.6
4,5683,2680,455,1045,2018-09-12 00:00:00,2021-07-22 00:00:00,12.464156586017019,0.8293095898428647,1.1440355331879277,0.7869049845631706,5.32230897568383,100.0,15,inf,8.315269836422802,,0.022091294407510537,1.2377007279068637,0.566122940930474,0.7869049845631393,1044,0.04188151462350742,0.0532230897568383,0.033136941611265805,0.0532230897568383,XAUUSDT_1d_cl_1.csv,133,20250901_234702:133,sobol,9,23,33,95,16,17,3.0,2.1,0.9,1.1,18,0.8
5,5683,3725,455,1045,2021-07-23 00:00:00,2024-06-01 00:00:00,12.280308153138265,0.9059417232014613,1.3553944784463268,0.7491074074969515,5.5113995646668945,100.0,13,inf,2.1966525722216144,,0.024127888480848746,1.2106966513615465,0.577585849872321,0.7491074074969715,1044,0.041286302395675545,0.055113995646668947,0.03619183272127312,0.055113995646668947,XAUUSDT_1d_cl_1.csv,158,20250901_234702:158,sobol,10,24,55,135,14,11,2.8,2.4000000000000004,0.8,1.0,10,0.65
4,5683,2680,455,1045,2018-09-12 00:00:00,2021-07-22 00:00:00,11.81281794310122,0.7323658857289391,1.0085933973247405,0.5397441055825729,7.3682941368784896,93.33333333333333,16,36.63251127726953,7.70954295292446,,0.019615335724472886,1.1877507699272316,0.6048624535201866,0.5397441055825755,1044,0.03976993328578815,0.0736829413687849,0.02942300358670933,0.0736829413687849,XAUUSDT_1d_cl_1.csv,145,20250901_234702:145,sobol,7,19,59,112,19,18,2.3,1.8,1.1,0.8,23,0.85
3,5683,1635,455,1045,2015-11-02 00:00:00,2018-09-11 00:00:00,11.689046780200465,0.6200066883144485,0.9238875977873738,0.46051551317802686,8.548631434234295,90.0,31,10.908625248536579,5.542186191596883,,0.03124646524968911,1.1178916701161348,0.6984798189558344,0.4605155131780311,1044,0.03936777391906254,0.08548631434234295,0.04686969787453367,0.08548631434234295,XAUUSDT_1d_cl_1.csv,188,20250901_234702:188,sobol,12,22,42,71,20,18,2.3,2.1,1.3,1.2000000000000002,36,0.7
4,5683,2680,455,1045,2018-09-12 00:00:00,2021-07-22 00:00:00,11.393665582427403,0.6364138911366549,0.8786430200454777,0.4947010195343133,7.763647433639267,80.0,31,31.33739269047256,3.779798421480441,,0.03221759110942686,1.1943465025865652,0.5788085755316115,0.4947010195343081,1044,0.0384068430072626,0.07763647433639267,0.04832638666414029,0.07763647433639267,XAUUSDT_1d_cl_1.csv,169,20250901_234702:169,sobol,10,18,32,82,18,16,2.7,2.8,0.9,1.3,8,0.7
5,5683,3725,455,1045,2021-07-23 00:00:00,2024-06-01 00:00:00,11.322359778021205,1.0813897495227829,1.7738053249580263,1.3377740750407423,2.8535927002821495,88.0,26,29.038683846263588,1.5869757908473063,,0.007306166543931547,1.3421747605282799,0.4463039589272702,1.3377740750407314,1044,0.038174623351629355,0.028535927002821496,0.02,0.028535927002821496,XAUUSDT_1d_cl_1.csv,198,20250901_234702:198,sobol,8,28,45,131,18,10,1.9000000000000001,2.6,1.1,1.0,13,0.85
4,4838,2283,387,890,2019-09-27 00:00:00,2022-03-04 00:00:00,10.759368978159609,0.8055786074366313,1.1114729863917072,0.8686147588832744,4.927374135723216,92.3076923076923,27,17.326293555608057,3.899157792416432,,0.023819001418568412,1.2087591919949472,0.5948633012980499,0.8686147588832906,889,0.04279989896828984,0.04927374135723216,0.03572850212785262,0.04927374135723216,XAUUSDT_1d_cl_2.csv,253,20250901_234702:253,sobol,14,21,37,78,11,14,2.1,2.0,1.2000000000000002,1.1,25,0.65
5,4838,3173,387,890,2022-03-05 00:00:00,2024-08-10 00:00:00,10.690966056675029,0.8781391859665701,1.3867865061118558,1.0051916726909143,4.231604179450334,90.9090909090909,23,73.57286400354229,4.49583202644563,,0.015850447819953584,1.22736533411139,0.5717506646762203,1.005191672690943,889,0.042535732833076656,0.04231604179450334,0.023775671729930378,0.04231604179450334,XAUUSDT_1d_cl_2.csv,226,20250901_234702:226,sobol,12,28,30,116,18,14,2.6,2.6,1.6,1.0,38,0.65
5,4838,3163,393,889,2022-03-01 00:00:00,2024-08-05 00:00:00,10.346104510479632,1.0570890664298949,1.6780086321032068,1.4455826027725802,2.8535020167079774,86.66666666666667,16,51.29378818312708,4.926921957852755,,0.008071347633339712,1.3140595202430734,0.49541109585946186,1.4455826027725216,888,0.04124972872329358,0.028535020167079775,0.02,0.028535020167079775,XAUUSDT_1d_cl_2.csv,298,20250901_234702:298,sobol,8,28,45,131,18,10,1.9000000000000001,2.6,1.1,1.0,13,0.85
3,5683,1635,455,1045,2015-11-02 00:00:00,2018-09-11 00:00:00,10.137339432754155,0.7209717391422139,1.1091805939376633,0.8043809231599179,4.264291605309837,95.65217391304348,24,34.13816385849986,4.408600223803644,,0.015125814083120264,1.1761343662461325,0.5623474331098292,0.8043809231599308,1044,0.0343011481810227,0.04264291605309837,0.022688721124680396,0.04264291605309837,XAUUSDT_1d_cl_1.csv,120,20250901_234702:120,sobol,12,19,58,92,20,10,1.8,3.0,1.3,0.9,42,0.7
5,4838,3173,387,890,2022-03-05 00:00:00,2024-08-10 00:00:00,9.970432953841355,0.7835476413108821,1.2076879826223355,0.6004560717551641,6.619506323446542,94.11764705882352,18,21.884543855694005,5.085047683001937,,0.017814308524380856,1.177150178004804,0.6071067859155066,0.6004560717551373,889,0.03974722763935001,0.06619506323446542,0.02672146278657128,0.06619506323446542,XAUUSDT_1d_cl_2.csv,250,20250901_234702:250,sobol,6,28,46,125,19,16,2.6,2.4000000000000004,1.5,1.6,48,0.85
5,4838,3139,405,886,2022-02-17 00:00:00,2024-07-21 00:00:00,9.917751213349117,0.832708109379423,1.2041672584242196,1.2697135367075891,3.1286543105013,60.0,21,7.038158921446509,3.042434879030515,,0.017868739678442627,1.1901107249973348,0.582255656691089,1.269713536707548,885,0.039724947297219204,0.031286543105013,0.026803109517663938,0.031286543105013,XAUUSDT_1d_cl_2.csv,258,20250901_234702:258,sobol,10,24,55,135,14,11,2.8,2.4000000000000004,0.8,1.0,10,0.65
3,5683,1635,455,1045,2015-11-02 00:00:00,2018-09-11 00:00:00,9.570609832112996,0.5093331168436526,0.7876529262519425,0.42721998956275303,7.593064453889413,87.5,25,37.584243262261666,6.121452189806635,,0.03380141036730646,1.1036829000622055,0.6732424256014595,0.42721998956272816,1044,0.03243908916739757,0.07593064453889413,0.05070211555095969,0.07593064453889413,XAUUSDT_1d_cl_1.csv,176,20250901_234702:176,sobol,6,21,37,92,12,11,2.8,2.0,1.6,1.0,50,0.75
4,4838,2283,387,890,2019-09-27 00:00:00,2022-03-04 00:00:00,9.381889683392151,0.6542596359110263,0.8694204864855123,0.3617764190625517,10.354882587840121,88.46153846153845,27,46.81421547341852,3.594378249733642,,0.05275269581692981,1.1920217276217262,0.5824458569951912,0.36177641906252905,889,0.03746152342441733,0.10354882587840121,0.07912904372539471,0.10354882587840121,XAUUSDT_1d_cl_2.csv,205,20250901_234702:205,sobol,11,20,44,128,15,12,2.2,1.9000000000000001,1.1,1.4000000000000001,13,0.6
5,5683,3725,455,1045,2021-07-23 00:00:00,2024-06-01 00:00:00,9.276196126196131,0.7736530663201167,1.1932698325059294,0.7486299957352777,4.203582942977564,80.95238095238095,22,8.858080677271758,1.8540980616987448,,0.01970102033886143,1.183523776938183,0.5034495186201273,0.7486299957352929,1044,0.03146928280674244,0.04203582942977564,0.029551530508292147,0.04203582942977564,XAUUSDT_1d_cl_1.csv,138,20250901_234702:138,sobol,11,16,49,142,13,12,1.9000000000000001,3.0,1.2000000000000002,1.5,36,0.6
5,5683,3725,455,1045,2021-07-23 00:00:00,2024-06-01 00:00:00,9.184739647876347,0.5919118070699465,0.9087069799299113,0.4807174865332804,6.483574575688896,83.33333333333334,31,3.5829622538847468,2.2893990954035477,,0.026339792533939498,1.1333204464453484,0.5957641034971749,0.48071748653326984,1044,0.031167676737761774,0.06483574575688895,0.03950968880090924,0.06483574575688895,XAUUSDT_1d_cl_1.csv,126,20250901_234702:126,sobol,12,28,30,116,18,14,2.6,2.6,1.6,1.0,38,0.65
5,4838,3173,387,890,2022-03-05 00:00:00,2024-08-10 00:00:00,9.041101721335188,0.6367504736884021,0.9694435486054198,0.6425482935451652,5.623655067023958,82.6086956521739,24,5.35365338442508,3.561084353091076,,0.018521285237553545,1.145510378362647,0.6251506833380674,0.6425482935451429,889,0.036134699668027404,0.05623655067023958,0.027781927856330317,0.05623655067023958,XAUUSDT_1d_cl_2.csv,278,20250901_234702:278,sobol,6,21,37,92,12,11,2.8,2.0,1.6,1.0,50,0.75
5,4838,3173,387,890,2022-03-05 00:00:00,2024-08-10 00:00:00,8.771691292069002,0.5268509982378887,0.779099119317092,0.3237489344300029,10.836806297558923,85.71428571428571,22,3.2542713592182286,2.99533663662264,,0.03562708314919018,1.1086205587713018,0.6873747481060571,0.3237489344299981,889,0.03508404491458994,0.10836806297558922,0.05344062472378527,0.10836806297558922,XAUUSDT_1d_cl_2.csv,246,20250901_234702:246,sobol,7,19,59,112,19,18,2.3,1.8,1.1,0.8,23,0.85
3,5683,1635,455,1045,2015-11-02 00:00:00,2018-09-11 00:00:00,8.602739719639994,0.6659240846858865,1.0166371580489806,0.72592450946847,4.028585470612921,91.66666666666666,25,99.25810693992243,3.5870669622424725,,0.022815816136902825,1.180652635125565,0.5046472196477151,0.7259245094684627,1044,0.029244489316064604,0.04028585470612921,0.03422372420535424,0.04028585470612921,XAUUSDT_1d_cl_1.csv,124,20250901_234702:124,sobol,12,28,30,116,18,14,2.6,2.6,1.6,1.0,38,0.65
5,5683,3725,455,1045,2021-07-23 00:00:00,2024-06-01 00:00:00,8.507212561770697,0.9561250042622206,1.573045516237878,0.9534636891306392,3.034010107437291,100.0,4,inf,10.305179062424548,,0.0055652982776192884,1.4221448149876257,0.34794462710077867,0.9534636891306358,1044,0.028928184698967963,0.03034010107437291,0.02,0.03034010107437291,XAUUSDT_1d_cl_1.csv,162,20250901_234702:162,sobol,10,17,43,109,17,20,2.0,2.7,1.4000000000000001,1.2000000000000002,33,0.75
5,4838,3173,387,890,2022-03-05 00:00:00,2024-08-10 00:00:00,8.486308329528109,1.0096094491350163,1.6220350737142248,1.1196213316165307,3.034010107437291,100.0,9,inf,9.207931702007526,,0.006884039597585872,1.3809663149311215,0.40390411123570485,1.1196213316165256,889,0.033969424366269374,0.03034010107437291,0.02,0.03034010107437291,XAUUSDT_1d_cl_2.csv,262,20250901_234702:262,sobol,10,17,43,109,17,20,2.0,2.7,1.4000000000000001,1.2000000000000002,33,0.75
5,5683,3725,455,1045,2021-07-23 00:00:00,2024-06-01 00:00:00,8.319352570802373,0.5244456922602332,0.7815292617307233,0.33933866213377006,8.34140831699582,87.5,33,3.5569206428117086,2.36545475967807,,0.026808107434730975,1.1093167915221116,0.6124230939659193,0.3393386621337592,1044,0.028305623386007728,0.08341408316995819,0.040212161152096464,0.08341408316995819,XAUUSDT_1d_cl_1.csv,190,20250901_234702:190,sobol,12,22,42,71,20,18,2.3,2.1,1.3,1.2000000000000002,36,0.7
5,4838,3173,387,890,2022-03-05 00:00:00,2024-08-10 00:00:00,8.174268036311764,0.8168371158567483,1.3475874335646958,0.7545328309975757,4.340262690494491,91.66666666666666,25,16.418001793003935,3.2863489627396723,,0.011613950879848546,1.2149298012598833,0.49064297369834975,0.754532830997557,889,0.03274870695131882,0.04340262690494491,0.02,0.04340262690494491,XAUUSDT_1d_cl_2.csv,202,20250901_234702:202,sobol,9,26,54,74,13,19,2.7,2.5,1.5,0.9,30,0.8
5,5683,3725,455,1045,2021-07-23 00:00:00,2024-06-01 00:00:00,8.132770625555679,0.5464431300928133,0.8472062683326121,0.4361476110021839,6.347988833584668,76.47058823529412,18,3.2902336226772557,2.908589142541433,,0.016215798692235737,1.1351840043932007,0.5662993101578865,0.436147611002197,1044,0.02768660164436576,0.06347988833584668,0.024323698038353606,0.06347988833584668,XAUUSDT_1d_cl_1.csv,130,20250901_234702:130,sobol,8,22,52,82,15,15,2.4000000000000004,1.9000000000000001,1.0,1.6,15,0.75
3,5683,1635,455,1045,2015-11-02 00:00:00,2018-09-11 00:00:00,8.132675777601776,0.5221896497912321,0.7756276862856818,0.4581675779890347,6.042829768257829,91.66666666666666,25,94.02105344851643,4.7467373940892825,,0.02809862516540799,1.1154229270940241,0.5966869832304545,0.4581675779890166,1044,0.0276862867912262,0.06042829768257829,0.042147937748111985,0.06042829768257829,XAUUSDT_1d_cl_1.csv,108,20250901_234702:108,sobol,14,23,49,104,18,13,2.8,2.2,0.8,1.5,28,0.7
5,4838,3173,387,890,2022-03-05 00:00:00,2024-08-10 00:00:00,8.116774318828364,0.8826508098815454,1.4131290733508732,0.9739905822299603,3.3392070400356273,100.0,11,inf,7.040437872741667,,0.009462296691512733,1.3322859975047083,0.4196364087589305,0.9739905822299809,889,0.032523562091107516,0.03339207040035627,0.02,0.03339207040035627,XAUUSDT_1d_cl_2.csv,242,20250901_234702:242,sobol,13,26,39,85,10,11,2.5,2.7,1.6,1.4000000000000001,40,0.7
5,5683,3725,455,1045,2021-07-23 00:00:00,2024-06-01 00:00:00,8.090028347972202,0.5259397827703391,0.7969219204884246,0.3678667597174233,7.487683325982799,86.20689655172413,30,2.742269292809491,1.8854008706680996,,0.02210411516673541,1.123379195179337,0.5799423746393686,0.367866759717417,1044,0.027544698029194237,0.07487683325982798,0.033156172750103116,0.07487683325982798,XAUUSDT_1d_cl_1.csv,178,20250901_234702:178,sobol,6,21,37,92,12,11,2.8,2.0,1.6,1.0,50,0.75
5,4838,3102,426,882,2022-02-01 00:00:00,2024-07-01 00:00:00,7.919646379627514,0.7728003967021633,1.1970796857751975,0.7672785662125741,4.1762709317792,85.71428571428571,15,13.206103820560067,4.337820647464772,,0.018183474940798385,1.2193432922968899,0.4948059766935862,0.7672785662125973,881,0.032043631726508925,0.041762709317792,0.027275212411197576,0.041762709317792,XAUUSDT_1d_cl_2.csv,238,20250901_234702:238,sobol,11,16,49,142,13,12,1.9000000000000001,3.0,1.2000000000000002,1.5,36,0.6
2,4838,503,387,890,2014-11-12 00:00:00,2017-04-19 00:00:00,7.772079571407881,0.44854241857466753,0.6753789405567002,0.3238706997148714,9.624908149409404,46.666666666666664,16,3.2071602737522498,4.153532079759375,,0.03433350224674356,1.0962148414742345,0.691973921155327,0.32387069971487076,889,0.031172257370405854,0.09624908149409403,0.05150025337011534,0.09624908149409403,XAUUSDT_1d_cl_2.csv,275,20250901_234702:275,sobol,6,21,37,92,12,11,2.8,2.0,1.6,1.0,50,0.75
2,4838,503,387,890,2014-11-12 00:00:00,2017-04-19 00:00:00,7.680463218768188,0.44580181690517684,0.6697298150228663,0.3127491253175963,9.85219881041147,61.904761904761905,22,2.5895989868174345,2.8183309709762048,,0.036641660082333494,1.0894576661556161,0.70173666069683,0.3127491253175856,889,0.030812665604111444,0.09852198810411471,0.05496249012350024,0.09852198810411471,XAUUSDT_1d_cl_2.csv,243,20250901_234702:243,sobol,7,19,59,112,19,18,2.3,1.8,1.1,0.8,23,0.85
3,5683,1635,455,1045,2015-11-02 00:00:00,2018-09-11 00:00:00,7.657634638150341,0.5074177218540284,0.7435531835939925,0.3719966230970843,7.018101615587176,90.9090909090909,23,18.933276305334996,4.680900386338536,,0.02391996681444196,1.1033194064861964,0.6022651335896052,0.37199662309708537,1044,0.026107101015506284,0.07018101615587176,0.03587995022166294,0.07018101615587176,XAUUSDT_1d_cl_1.csv,148,20250901_234702:148,sobol,6,28,46,125,19,16,2.6,2.4000000000000004,1.5,1.6,48,0.85
4,4838,2274,393,889,2019-09-24 00:00:00,2022-02-28 00:00:00,7.528743518058999,0.872829220275555,1.2157747007557707,0.7723784318501238,3.9166385340477428,96.15384615384616,27,75.0881063005221,2.8589317255578743,,0.017400539996120585,1.244260327172005,0.430669595698141,0.7723784318501465,888,0.030251271290516524,0.03916638534047743,0.02610080999418088,0.03916638534047743,XAUUSDT_1d_cl_2.csv,297,20250901_234702:297,sobol,8,28,45,131,18,10,1.9000000000000001,2.6,1.1,1.0,13,0.85
3,4838,1393,387,890,2017-04-20 00:00:00,2019-09-26 00:00:00,7.369031786982762,1.060853605651947,1.7106731760571467,1.1354123415789734,2.606009562667416,82.75862068965517,30,58.66555847031596,2.5370585149830815,,0.019531244306321364,1.3443219124287322,0.36546706480800967,1.009969931022311,889,0.029588954197252937,0.02606009562667416,0.029296866459482047,0.029296866459482047,XAUUSDT_1d_cl_2.csv,288,20250901_234702:288,sobol,12,22,42,71,20,18,2.3,2.1,1.3,1.2000000000000002,36,0.7
4,4838,2283,387,890,2019-09-27 00:00:00,2022-03-04 00:00:00,7.336969538029174,0.6403452949809997,0.8889588231990296,0.5037334351317289,5.848897598482873,96.0,26,30854.445369271147,2.8580622530984776,,0.02438596664977185,1.1616524321506563,0.5327501511270147,0.5037334351317145,889,0.029462852790174132,0.05848897598482873,0.03657894997465777,0.05848897598482873,XAUUSDT_1d_cl_2.csv,229,20250901_234702:229,sobol,8,22,52,82,15,15,2.4000000000000004,1.9000000000000001,1.0,1.6,15,0.75
2,4838,503,387,890,2014-11-12 00:00:00,2017-04-19 00:00:00,7.332871397531989,0.4912388217364872,0.7348069754317968,0.32916075106159265,8.946003748257784,46.15384615384615,14,5.008574074754765,4.981772505064317,,0.029845790669962634,1.1101178917551309,0.6400733259705313,0.32916075106158427,889,0.029446733127762803,0.08946003748257784,0.04476868600494395,0.08946003748257784,XAUUSDT_1d_cl_2.csv,199,20250901_234702:199,sobol,9,26,54,74,13,19,2.7,2.5,1.5,0.9,30,0.8
5,5683,3725,455,1045,2021-07-23 00:00:00,2024-06-01 00:00:00,7.321769416073138,0.7979099459967409,1.3537109589819338,0.9201616289196839,2.7155926335559877,89.47368421052632,20,20.449169057146115,3.127370103077317,,0.007694875051356793,1.2440359585420593,0.376582407740316,0.920161628919675,1044,0.024987841411751477,0.027155926335559875,0.02,0.027155926335559875,XAUUSDT_1d_cl_1.csv,102,20250901_234702:102,sobol,9,26,54,74,13,19,2.7,2.5,1.5,0.9,30,0.8
5,5683,3725,455,1045,2021-07-23 00:00:00,2024-06-01 00:00:00,7.289332590513277,0.7062246120213429,1.1198131882862323,0.6188574838191442,4.020251317781043,75.0,29,2.892256256049144,1.0880590861397441,,0.019411112753632782,1.2018512362706857,0.4120824344144434,0.6188574838191582,1044,0.024879626148426315,0.040202513177810435,0.029116669130449174,0.040202513177810435,XAUUSDT_1d_cl_1.csv,142,20250901_234702:142,sobol,13,26,39,85,10,11,2.5,2.7,1.6,1.4000000000000001,40,0.7
4,4838,2283,387,890,2019-09-27 00:00:00,2022-03-04 00:00:00,6.983150241663274,0.63840867490891,0.8904440657914778,0.8071868837788165,3.4774842875631817,88.0,26,62.04783600327786,2.4983557348350383,,0.016449029670170125,1.1520194078256503,0.5164775581536141,0.807186883778805,889,0.028069797054678824,0.03477484287563182,0.024673544505255187,0.03477484287563182,XAUUSDT_1d_cl_2.csv,289,20250901_234702:289,sobol,12,22,42,71,20,18,2.3,2.1,1.3,1.2000000000000002,36,0.7
5,4838,3065,447,878,2022-01-16 00:00:00,2024-06-11 00:00:00,6.908837053865299,0.9445973053789039,1.4524533337511982,0.9912936825853286,2.8409140052507538,83.33333333333334,13,8.527219234657927,2.71143762622444,,0.008755034049830137,1.266781210611253,0.4037675488190309,0.9912936825854242,877,0.02816180106173527,0.02840914005250754,0.02,0.02840914005250754,XAUUSDT_1d_cl_2.csv,274,20250901_234702:274,sobol,14,27,60,149,16,20,1.9000000000000001,2.5,1.0,1.6,25,0.65
3,4838,1393,387,890,2017-04-20 00:00:00,2019-09-26 00:00:00,6.770286556814989,0.6117424073204092,0.8824438582648473,0.34429826672058694,7.908956867577734,65.38461538461539,27,1.2283116179842475,0.37499123166984094,,0.03972483633878729,1.1187543844051036,0.5713734314927772,0.3442982667205671,889,0.027230401410747396,0.07908956867577734,0.059587254508180934,0.07908956867577734,XAUUSDT_1d_cl_2.csv,252,20250901_234702:252,sobol,14,21,37,78,11,14,2.1,2.0,1.2000000000000002,1.1,25,0.65
2,4838,503,387,890,2014-11-12 00:00:00,2017-04-19 00:00:00,6.732713033431327,0.46529029512642156,0.6958927716444878,0.2792692497758095,9.69749926647844,54.166666666666664,25,3.1160498161280863,2.3409602210467284,,0.030983590111148866,1.098962144105629,0.6334012939605226,0.2792692497758163,889,0.027082133448509627,0.0969749926647844,0.046475385166723296,0.0969749926647844,XAUUSDT_1d_cl_2.csv,231,20250901_234702:231,sobol,9,23,33,95,16,17,3.0,2.1,0.9,1.1,18,0.8
5,5683,3725,455,1045,2021-07-23 00:00:00,2024-06-01 00:00:00,6.672789006621977,0.9129641614238421,1.453300902737873,0.8104326288449794,2.815614891002498,96.42857142857143,29,3169.5837910014757,1.2639430154229736,,0.006450152501930308,1.349989798588942,0.28604533950403915,0.8104326288449244,1044,0.022818661779300697,0.02815614891002498,0.02,0.02815614891002498,XAUUSDT_1d_cl_1.csv,122,20250901_234702:122,sobol,12,19,58,92,20,10,1.8,3.0,1.3,0.9,42,0.7
5,5683,3725,455,1045,2021-07-23 00:00:00,2024-06-01 00:00:00,6.552995261651024,0.4953646051902448,0.7508733433675331,0.31726191425471645,7.065871732777156,89.65517241379311,30,3.6792336222654614,1.9101421592667993,,0.0219385225281477,1.1098911562921758,0.5337733934761593,0.3172619142547153,1044,0.022417319918191625,0.07065871732777156,0.03290778379222155,0.07065871732777156,XAUUSDT_1d_cl_1.csv,134,20250901_234702:134,sobol,9,23,33,95,16,17,3.0,2.1,0.9,1.1,18,0.8
4,5683,2680,455,1045,2018-09-12 00:00:00,2021-07-22 00:00:00,6.501180376865551,0.5725993762548455,0.7834835586678051,0.5413490546212123,4.108926524361495,87.5,17,64.56734164742005,3.4403786631426523,,0.014618553596480616,1.1726906366207273,0.4303695113214532,0.5413490546211924,1044,0.022243634894710373,0.04108926524361495,0.021927830394720925,0.04108926524361495,XAUUSDT_1d_cl_1.csv,189,20250901_234702:189,sobol,12,22,42,71,20,18,2.3,2.1,1.3,1.2000000000000002,36,0.7
3,5683,1635,455,1045,2015-11-02 00:00:00,2018-09-11 00:00:00,6.45424581891848,0.417430430297609,0.6047918271577448,0.26709638874484154,8.269022844758071,93.33333333333333,31,17.286932003112035,4.0301389690763,,0.02946512379600258,1.0779816867257983,0.6259905514824217,0.26709638874484143,1044,0.02208626140283476,0.08269022844758071,0.04419768569400387,0.08269022844758071,XAUUSDT_1d_cl_1.csv,152,20250901_234702:152,sobol,14,21,37,78,11,14,2.1,2.0,1.2000000000000002,1.1,25,0.65
3,4838,1393,387,890,2017-04-20 00:00:00,2019-09-26 00:00:00,6.433649074289949,0.5732183248949051,0.8438457883267568,0.33643765069244747,7.698575069477355,91.30434782608695,24,2.0237092063666426,0.8951342835074614,,0.033094050297691406,1.110822998101778,0.5740442207314126,0.336437650692445,889,0.02590090510054388,0.07698575069477355,0.049641075446537106,0.07698575069477355,XAUUSDT_1d_cl_2.csv,276,20250901_234702:276,sobol,6,21,37,92,12,11,2.8,2.0,1.6,1.0,50,0.75
4,4838,2283,387,890,2019-09-27 00:00:00,2022-03-04 00:00:00,6.358134898054765,0.4663522753607228,0.648632931995976,0.36152203457878196,7.081818230114894,57.692307692307686,27,9.219336093652513,2.384663874506986,,0.03649502969847111,1.1468439514339244,0.5285224164275788,0.3615220345787703,889,0.025602333350681628,0.07081818230114895,0.05474254454770667,0.07081818230114895,XAUUSDT_1d_cl_2.csv,269,20250901_234702:269,sobol,10,18,32,82,18,16,2.7,2.8,0.9,1.3,8,0.7
4,4838,2283,387,890,2019-09-27 00:00:00,2022-03-04 00:00:00,6.348907087071659,0.6341548738092183,0.8678978190867077,0.6804005847788304,3.7574687568159257,100.0,23,inf,2.616954222868233,,0.01644351005707414,1.1561354969095923,0.4846561483820019,0.6804005847788386,889,0.025565839394257717,0.03757468756815926,0.024665265085611208,0.03757468756815926,XAUUSDT_1d_cl_2.csv,233,20250901_234702:233,sobol,9,23,33,95,16,17,3.0,2.1,0.9,1.1,18,0.8
5,4838,3173,387,890,2022-03-05 00:00:00,2024-08-10 00:00:00,6.340097565369786,0.5967020925234711,0.9448377872859883,0.5060529181367807,5.045124140532358,88.0,26,4.897858348068861,2.477667141644681,,0.01571741804934228,1.1345845929410634,0.5222557164835692,0.5060529181367692,889,0.025530997936786592,0.050451241405323574,0.023576127074013423,0.050451241405323574,XAUUSDT_1d_cl_2.csv,234,20250901_234702:234,sobol,9,23,33,95,16,17,3.0,2.1,0.9,1.1,18,0.8
3,4838,1393,387,890,2017-04-20 00:00:00,2019-09-26 00:00:00,6.2940188879268515,0.6480678842167032,0.9723455851957449,0.48303420854484086,5.247812602110673,88.23529411764706,18,6.019270357449545,2.6534979007128463,,0.018066577822970612,1.1364243888852088,0.506771711933048,0.4830342085448466,889,0.025348730068522007,0.05247812602110673,0.02709986673445592,0.05247812602110673,XAUUSDT_1d_cl_2.csv,248,20250901_234702:248,sobol,6,28,46,125,19,16,2.6,2.4000000000000004,1.5,1.6,48,0.85
5,4838,3173,387,890,2022-03-05 00:00:00,2024-08-10 00:00:00,6.200035256035837,0.4436379432225399,0.663803205057907,0.2874705560974997,8.688481405606025,88.88888888888889,28,2.9878693804523637,2.2287633718112545,,0.02934824830939339,1.093442492541301,0.6195436922369072,0.2874705560975131,889,0.02497682581312466,0.08688481405606024,0.04402237246409008,0.08688481405606024,XAUUSDT_1d_cl_2.csv,290,20250901_234702:290,sobol,12,22,42,71,20,18,2.3,2.1,1.3,1.2000000000000002,36,0.7
2,4838,503,387,890,2014-11-12 00:00:00,2017-04-19 00:00:00,6.19191973420601,0.3931267291889802,0.5688705295226234,0.26327838195028325,9.474649020540193,52.63157894736842,20,1.7135453897915458,1.7478479433080927,,0.03402476160019062,1.0811975713790787,0.6680173452282104,0.2632783819502886,889,0.024944702636747085,0.09474649020540193,0.05103714240028593,0.09474649020540193,XAUUSDT_1d_cl_2.csv,287,20250901_234702:287,sobol,12,22,42,71,20,18,2.3,2.1,1.3,1.2000000000000002,36,0.7
3,4838,1393,387,890,2017-04-20 00:00:00,2019-09-26 00:00:00,6.002197156327108,0.7979003382873955,1.2296216449344175,0.6729362154863784,3.595188029752356,90.9090909090909,23,16.123685417521376,2.4336966162226634,,0.01713939201177945,1.1827275774829897,0.4109591297870666,0.6729362154863214,889,0.024193322267032746,0.03595188029752356,0.025709088017669173,0.03595188029752356,XAUUSDT_1d_cl_2.csv,208,20250901_234702:208,sobol,14,23,49,104,18,13,2.8,2.2,0.8,1.5,28,0.7
3,5683,1635,455,1045,2015-11-02 00:00:00,2018-09-11 00:00:00,5.8341525232722,0.320846708566672,0.483169035801997,0.18094688738711195,11.05452076793628,91.30434782608695,24,61.235013264985035,5.518610915059665,,0.04290206807431133,1.0702519646950184,0.6381711279323506,0.18094688738709705,1044,0.020002811245140917,0.1105452076793628,0.064353102111467,0.1105452076793628,XAUUSDT_1d_cl_1.csv,104,20250901_234702:104,sobol,11,20,44,128,15,12,2.2,1.9000000000000001,1.1,1.4000000000000001,13,0.6
3,4838,1393,387,890,2017-04-20 00:00:00,2019-09-26 00:00:00,5.796808098891889,0.49592577776676067,0.7236347244619986,0.25864262899283524,9.039113702537756,83.33333333333334,19,2.560476887326703,2.363104476776737,,0.04300766024868667,1.0984050806151575,0.5753624225646642,0.2586426289928342,889,0.023379001317895165,0.09039113702537756,0.06451149037303,0.09039113702537756,XAUUSDT_1d_cl_2.csv,244,20250901_234702:244,sobol,7,19,59,112,19,18,2.3,1.8,1.1,0.8,23,0.85
3,4838,1393,387,890,2017-04-20 00:00:00,2019-09-26 00:00:00,5.74126904880053,0.567550054134062,0.8220898418515344,0.29839032018048356,7.761190590380046,84.0,26,2.5527283318720237,1.8863067426788613,,0.03819868345612665,1.1200580077260263,0.5162784804022261,0.29839032018049966,889,0.023158641452453832,0.07761190590380046,0.05729802518418997,0.07761190590380046,XAUUSDT_1d_cl_2.csv,232,20250901_234702:232,sobol,9,23,33,95,16,17,3.0,2.1,0.9,1.1,18,0.8
3,5683,1635,455,1045,2015-11-02 00:00:00,2018-09-11 00:00:00,5.6536374345495455,0.3342527883217007,0.47396602714810304,0.1978649898765264,9.802040659059234,86.95652173913044,24,10.303169177860536,4.630970899881232,,0.03620623783598002,1.0598131475750265,0.6625739360222888,0.19786498987652382,1044,0.0193948067577403,0.09802040659059234,0.05430935675397003,0.09802040659059234,XAUUSDT_1d_cl_1.csv,144,20250901_234702:144,sobol,7,19,59,112,19,18,2.3,1.8,1.1,0.8,23,0.85
5,4838,3173,387,890,2022-03-05 00:00:00,2024-08-10 00:00:00,5.625712650875231,0.85495920280186,1.3351091797769254,0.8062429409473388,2.815520399043074,100.0,10,inf,5.210550088929458,,0.005983073434859825,1.3327381223063384,0.30322045362289707,0.8062429409473361,889,0.022699934468217053,0.02815520399043074,0.02,0.02815520399043074,XAUUSDT_1d_cl_2.csv,222,20250901_234702:222,sobol,12,19,58,92,20,10,1.8,3.0,1.3,0.9,42,0.7
5,4838,3173,387,890,2022-03-05 00:00:00,2024-08-10 00:00:00,5.548524510955933,0.39007559318089385,0.5802476244112689,0.23643871675659664,9.471108457903378,78.26086956521739,24,2.1700761463188356,2.0456898749277554,,0.03145398131239807,1.0786680996217297,0.6315068668837414,0.23643871675659786,889,0.02239336730049235,0.09471108457903378,0.04718097196859711,0.09471108457903378,XAUUSDT_1d_cl_2.csv,230,20250901_234702:230,sobol,8,22,52,82,15,15,2.4000000000000004,1.9000000000000001,1.0,1.6,15,0.75
4,5683,2680,455,1045,2018-09-12 00:00:00,2021-07-22 00:00:00,5.213164721973511,0.7039615955456259,0.9497840398018289,0.4978232982118606,3.5973366064097645,100.0,14,inf,3.9795283122797835,,0.01874222924156714,1.2978838888205912,0.26611801301700905,0.4978232982118696,1044,0.01790837974181203,0.035973366064097644,0.02811334386235071,0.035973366064097644,XAUUSDT_1d_cl_1.csv,173,20250901_234702:173,sobol,14,27,60,149,16,20,1.9000000000000001,2.5,1.0,1.6,25,0.65
4,4838,2187,447,878,2019-08-22 00:00:00,2022-01-15 00:00:00,5.210509706880868,0.7676494328446067,1.0356728315571895,0.5932182245868205,3.5973366064097645,100.0,24,inf,2.264926267810044,,0.02561415339213995,1.2971697940630165,0.30593146014219313,0.5554235587971138,877,0.021340056348956304,0.035973366064097644,0.038421230088209926,0.038421230088209926,XAUUSDT_1d_cl_2.csv,273,20250901_234702:273,sobol,14,27,60,149,16,20,1.9000000000000001,2.5,1.0,1.6,25,0.65
2,4838,503,387,890,2014-11-12 00:00:00,2017-04-19 00:00:00,5.172657878036426,0.5190013096392189,0.7526402430829326,0.3087646161940352,6.768472884048824,70.0,11,3.832999261522765,3.6728916589731604,,0.018256795059094725,1.1258747213626805,0.4940762254552035,0.3087646161940244,889,0.02089864932262997,0.06768472884048825,0.02738519258864209,0.06768472884048825,XAUUSDT_1d_cl_2.csv,239,20250901_234702:239,sobol,13,26,39,85,10,11,2.5,2.7,1.6,1.4000000000000001,40,0.7
2,4838,503,387,890,2014-11-12 00:00:00,2017-04-19 00:00:00,4.9044782860469835,0.40517736847832414,0.5912839522766984,0.28643647643869463,6.923086773540659,69.23076923076923,14,3.7104933192111207,3.234623282915943,,0.02260920826570547,1.0872145289609614,0.5746958914310756,0.2864364764386839,889,0.01983024581492243,0.06923086773540658,0.0339138123985582,0.06923086773540658,XAUUSDT_1d_cl_2.csv,247,20250901_234702:247,sobol,6,28,46,125,19,16,2.6,2.4000000000000004,1.5,1.6,48,0.85
4,5683,2680,455,1045,2018-09-12 00:00:00,2021-07-22 00:00:00,4.881631493314627,0.5779246777419768,0.7766076801600952,0.3438399904314738,4.882186259746405,73.33333333333333,16,31.81199549829743,3.2704642364269683,,0.020306294473376542,1.1868196812033631,0.3297167348794266,0.3438399904314781,1044,0.016786908768358977,0.048821862597464044,0.030459441710064813,0.048821862597464044,XAUUSDT_1d_cl_1.csv,197,20250901_234702:197,sobol,8,28,45,131,18,10,1.9000000000000001,2.6,1.1,1.0,13,0.85
5,5683,3725,455,1045,2021-07-23 00:00:00,2024-06-01 00:00:00,4.796045052565691,0.5778050727050701,0.8439280222499994,0.34621894752911375,4.764910408381945,81.48148148148148,28,2.64774312844447,0.8413272771602285,,0.017057813681881414,1.1298087802931898,0.37676256123196494,0.34621894752910143,1044,0.016497022666604577,0.04764910408381945,0.02558672052282212,0.04764910408381945,XAUUSDT_1d_cl_1.csv,110,20250901_234702:110,sobol,14,23,49,104,18,13,2.8,2.2,0.8,1.5,28,0.7
3,4838,1393,387,890,2017-04-20 00:00:00,2019-09-26 00:00:00,4.6175058308851815,0.8347352575618171,1.2930587241386615,0.9807590385779639,1.90517614489687,39.285714285714285,29,3.3494748204371727,0.8041320012928642,,0.01248640063336144,1.246221794930989,0.281362061512474,0.9342593620952799,889,0.0186851872419056,0.0190517614489687,0.02,0.02,XAUUSDT_1d_cl_2.csv,268,20250901_234702:268,sobol,10,18,32,82,18,16,2.7,2.8,0.9,1.3,8,0.7
4,4838,2253,405,886,2019-09-15 00:00:00,2022-02-16 00:00:00,4.504160471076796,0.5333248606633946,0.691517400045646,0.3232893212492413,5.665351467259704,33.33333333333333,25,12.773258587091842,1.442900657895783,,0.03748023408863313,1.1655299019043808,0.3809344528889711,0.3232893212492374,885,0.018315476304887612,0.05665351467259704,0.056220351132949695,0.05665351467259704,XAUUSDT_1d_cl_2.csv,257,20250901_234702:257,sobol,10,24,55,135,14,11,2.8,2.4000000000000004,0.8,1.0,10,0.65
2,4838,470,414,884,2014-11-06 00:00:00,2017-04-07 00:00:00,4.490791225596881,0.3085178453165303,0.46973421147253497,0.24715274889086625,7.405743444183252,45.83333333333333,25,2.1827444783236993,1.653859123097408,,0.03326955508807023,1.0688707775225574,0.6204514523283686,0.24715274889085512,883,0.0183034984981032,0.07405743444183252,0.04990433263210535,0.07405743444183252,XAUUSDT_1d_cl_2.csv,283,20250901_234702:283,sobol,13,19,47,138,17,17,2.9000000000000004,1.8,1.5,0.8,42,0.6
4,5683,2680,455,1045,2018-09-12 00:00:00,2021-07-22 00:00:00,4.411787665863807,0.3522758807644545,0.4835155640393039,0.22621201032378926,6.716539582155566,75.0,21,7.317554366891537,2.0033162491593295,,0.0179703992530528,1.0918316475786771,0.4814916501982696,0.22621201032379556,1044,0.015193619212987564,0.06716539582155566,0.0269555988795792,0.06716539582155566,XAUUSDT_1d_cl_1.csv,177,20250901_234702:177,sobol,6,21,37,92,12,11,2.8,2.0,1.6,1.0,50,0.75
4,4838,2283,387,890,2019-09-27 00:00:00,2022-03-04 00:00:00,4.316911145795239,0.6054714548827572,0.8033784648543921,0.37780138417697057,4.627771706482822,37.5,25,45.1029981089718,1.7980009159446217,,0.0324911343203391,1.205806048364878,0.3185985021266833,0.35873961578287344,889,0.017483785563642273,0.046277717064828215,0.048736701480508654,0.048736701480508654,XAUUSDT_1d_cl_2.csv,293,20250901_234702:293,sobol,9,16,57,127,12,11,2.5,3.0,0.8,1.4000000000000001,16,0.8
2,4838,481,405,886,2014-11-08 00:00:00,2017-04-11 00:00:00,4.223553610770985,0.3664858028325872,0.5372843370352688,0.389207140282572,4.416196114009608,45.0,21,3.0507505920249396,1.9464762920427714,,0.021286234522089834,1.0795486528146898,0.551990878314687,0.3892071402825898,885,0.017188150604607655,0.04416196114009608,0.03192935178313475,0.04416196114009608,XAUUSDT_1d_cl_2.csv,255,20250901_234702:255,sobol,10,24,55,135,14,11,2.8,2.4000000000000004,0.8,1.0,10,0.65
4,5683,2680,455,1045,2018-09-12 00:00:00,2021-07-22 00:00:00,4.130301372415207,0.5382739654462133,0.7282569005301376,0.4693642752611475,3.0332163366134854,100.0,12,inf,3.7161092093659196,,0.014700213040668533,1.209530397405979,0.2704943266647894,0.46936427526118385,1044,0.014236833875449717,0.030332163366134854,0.0220503195610028,0.030332163366134854,XAUUSDT_1d_cl_1.csv,181,20250901_234702:181,sobol,7,25,36,101,15,13,1.8,2.7,1.2000000000000002,1.3,22,0.75
3,5683,1635,455,1045,2015-11-02 00:00:00,2018-09-11 00:00:00,4.119704263811002,0.3203023281686105,0.4799731322859193,0.21467968672686247,6.614869417622689,66.66666666666666,22,12.728606200454415,3.42085902084067,,0.022884939782266227,1.0806954980640173,0.4938109427535083,0.21467968672687002,1044,0.01420078094314392,0.06614869417622689,0.03432740967339934,0.06614869417622689,XAUUSDT_1d_cl_1.csv,196,20250901_234702:196,sobol,8,28,45,131,18,10,1.9000000000000001,2.6,1.1,1.0,13,0.85
5,4838,3173,387,890,2022-03-05 00:00:00,2024-08-10 00:00:00,4.018591666315348,0.36443865158448796,0.515431779740975,0.20711436672805486,7.864957349951952,76.19047619047619,22,1.8656045289885586,1.3282933283897385,,0.03419044018960876,1.077076817858191,0.5338710262388503,0.20711436672805444,889,0.016289456608784558,0.07864957349951952,0.05128566028441314,0.07864957349951952,XAUUSDT_1d_cl_2.csv,210,20250901_234702:210,sobol,14,23,49,104,18,13,2.8,2.2,0.8,1.5,28,0.7
3,5683,1635,455,1045,2015-11-02 00:00:00,2018-09-11 00:00:00,3.998003936378984,0.2806314180441925,0.3935367577505507,0.14828575791535523,9.297296874932018,80.0,26,6.25970519735871,3.635265631074061,,0.03623786644742108,1.0507695299343711,0.6042179172179307,0.1482857579153521,1044,0.013786567136633288,0.09297296874932018,0.05435679967113162,0.09297296874932018,XAUUSDT_1d_cl_1.csv,132,20250901_234702:132,sobol,9,23,33,95,16,17,3.0,2.1,0.9,1.1,18,0.8
3,4838,1393,387,890,2017-04-20 00:00:00,2019-09-26 00:00:00,3.8768623063364887,0.3164193901379833,0.45810936921999834,0.17322179214322453,9.075839478935897,31.57894736842105,20,0.08507725601499412,-1.9313352027323347,,0.03757500771744643,1.0608185248558932,0.5905897433506216,0.1732217921432184,889,0.015721331797454496,0.09075839478935897,0.056362511576169644,0.09075839478935897,XAUUSDT_1d_cl_2.csv,204,20250901_234702:204,sobol,11,20,44,128,15,12,2.2,1.9000000000000001,1.1,1.4000000000000001,13,0.6
4,4838,2202,438,880,2019-08-28 00:00:00,2022-01-23 00:00:00,3.7997575283804035,0.5906085571526847,0.8975665917018412,0.4652078017049664,3.350880807100619,100.0,18,inf,2.1240941127358948,,0.007893967775973641,1.1865463775347123,0.3113935544107549,0.46520780170492265,879,0.015588558940464958,0.03350880807100619,0.02,0.03350880807100619,XAUUSDT_1d_cl_2.csv,217,20250901_234702:217,sobol,7,25,39,146,12,19,2.9000000000000004,2.2,1.0,1.3,20,0.85
3,4838,1393,387,890,2017-04-20 00:00:00,2019-09-26 00:00:00,3.7977272994944418,0.3927401828136491,0.5698285370577763,0.18898650563975147,8.150803483400242,84.21052631578947,20,2.0384979302661588,1.4452798836207428,,0.037648246026494615,1.0810461909251639,0.49143749983809853,0.18898650563975278,889,0.015403918684841367,0.08150803483400243,0.056472369039741926,0.08150803483400243,XAUUSDT_1d_cl_2.csv,264,20250901_234702:264,sobol,10,24,50,119,10,15,2.2,2.3,1.2000000000000002,0.9,33,0.85
5,4838,3173,387,890,2022-03-05 00:00:00,2024-08-10 00:00:00,3.7092514342483813,0.6924447516846466,1.1250447233749263,0.8481996433378192,1.7742131979994116,86.36363636363636,23,10.969451509174041,0.7927248171788944,,0.005468197159995876,1.233495763747884,0.23940688821637532,0.7524435008741448,889,0.015048870017482896,0.017742131979994115,0.02,0.02,XAUUSDT_1d_cl_2.csv,270,20250901_234702:270,sobol,10,18,32,82,18,16,2.7,2.8,0.9,1.3,8,0.7
4,5683,2680,455,1045,2018-09-12 00:00:00,2021-07-22 00:00:00,3.646860748396207,0.44599408858946316,0.5811286210707876,0.23177826134437823,5.431769565367312,53.84615384615385,14,16.46573157388442,2.840856974652256,,0.025478915247336552,1.154932885863327,0.2981043737079803,0.23177826134436932,1044,0.012589661058840962,0.05431769565367312,0.038218372871004824,0.05431769565367312,XAUUSDT_1d_cl_1.csv,193,20250901_234702:193,sobol,9,16,57,127,12,11,2.5,3.0,0.8,1.4000000000000001,16,0.8
2,4838,496,393,889,2014-11-11 00:00:00,2017-04-17 00:00:00,3.4915919195798097,0.3541244441737671,0.5194307005739349,0.3748419040380967,3.7857855331411137,36.84210526315789,20,3.448220812576237,1.6187114448238402,,0.012769029906125511,1.0800235908724667,0.4885415257408625,0.37484190403811024,888,0.014190710575225474,0.03785785533141114,0.02,0.03785785533141114,XAUUSDT_1d_cl_2.csv,295,20250901_234702:295,sobol,8,28,45,131,18,10,1.9000000000000001,2.6,1.1,1.0,13,0.85
3,4838,1393,387,890,2017-04-20 00:00:00,2019-09-26 00:00:00,3.4730798800689437,0.3934048511270847,0.5833571331930941,0.23229679300275224,6.069929234219567,90.47619047619048,22,3.142119298244494,1.116636332711343,,0.02467416148292336,1.0906050684830577,0.43868039857783386,0.23229679300276643,889,0.014100250948629434,0.060699292342195676,0.03701124222438504,0.060699292342195676,XAUUSDT_1d_cl_2.csv,240,20250901_234702:240,sobol,13,26,39,85,10,11,2.5,2.7,1.6,1.4000000000000001,40,0.7
2,4838,503,387,890,2014-11-12 00:00:00,2017-04-19 00:00:00,3.3552486829051023,0.29674247019448713,0.42303037825813905,0.18043722393072123,7.551926408235123,53.84615384615385,14,2.6184052409580976,2.1361225054915534,,0.02354753883876985,1.063303250144104,0.5501997151682246,0.18043722393071587,889,0.013626486364310075,0.07551926408235123,0.03532130825815477,0.07551926408235123,XAUUSDT_1d_cl_2.csv,263,20250901_234702:263,sobol,10,24,50,119,10,15,2.2,2.3,1.2000000000000002,0.9,33,0.85
3,4838,1393,387,890,2017-04-20 00:00:00,2019-09-26 00:00:00,3.342559029876128,0.652580596124672,1.024920148296435,0.6089657567496305,2.2292626230196353,90.9090909090909,23,18.190738767351267,1.2423315984794856,,0.009123275419532695,1.173490726536763,0.2503632558739543,0.6089657567496994,889,0.013575446002209723,0.022292626230196354,0.02,0.022292626230196354,XAUUSDT_1d_cl_2.csv,280,20250901_234702:280,sobol,7,25,36,101,15,13,1.8,2.7,1.2000000000000002,1.3,22,0.75
3,4838,1393,387,890,2017-04-20 00:00:00,2019-09-26 00:00:00,3.2992538040908417,0.3507092950462202,0.5032171424200459,0.16688910717871522,8.030024231305266,70.0,21,0.596697276927853,-0.45994204488079105,,0.0335258606955817,1.0710293333676704,0.487930209363713,0.16688910717872743,889,0.013401235745860829,0.08030024231305266,0.050288791043372555,0.08030024231305266,XAUUSDT_1d_cl_2.csv,228,20250901_234702:228,sobol,8,22,52,82,15,15,2.4000000000000004,1.9000000000000001,1.0,1.6,15,0.75
2,4838,442,438,880,2014-11-02 00:00:00,2017-03-30 00:00:00,3.0738185232402544,0.2675896492535454,0.37422239035743426,0.15274245687601054,8.27308563981334,50.0,21,2.6885595062100545,1.2364207862375474,,0.025155587676137767,1.052904900056802,0.5738026786478284,0.15274245687602556,879,0.012636514265708554,0.0827308563981334,0.03773338151420665,0.0827308563981334,XAUUSDT_1d_cl_2.csv,215,20250901_234702:215,sobol,7,25,39,146,12,19,2.9000000000000004,2.2,1.0,1.3,20,0.85
4,4838,2283,387,890,2019-09-27 00:00:00,2022-03-04 00:00:00,2.987220405076289,0.40046842370628294,0.5819391023079802,0.23873117616546258,5.087185569724905,100.0,19,inf,1.583872926627182,,0.015537925352054801,1.1283236948355322,0.3351131812291488,0.23873117616546874,889,0.012144697944324268,0.05087185569724905,0.0233068880280822,0.05087185569724905,XAUUSDT_1d_cl_2.csv,249,20250901_234702:249,sobol,6,28,46,125,19,16,2.6,2.4000000000000004,1.5,1.6,48,0.85
3,4838,1393,387,890,2017-04-20 00:00:00,2019-09-26 00:00:00,2.9864758442356822,0.5004686326205411,0.7533515637058481,0.3576056690069752,3.395275303398141,90.47619047619048,22,410.131500811373,1.4170844983145785,,0.026423963826624788,1.1775825422624508,0.2656831719569005,0.3063304466862181,889,0.01214169696334566,0.03395275303398141,0.03963594573993718,0.03963594573993718,XAUUSDT_1d_cl_2.csv,200,20250901_234702:200,sobol,9,26,54,74,13,19,2.7,2.5,1.5,0.9,30,0.8
4,4838,2283,387,890,2019-09-27 00:00:00,2022-03-04 00:00:00,2.9712581976044765,0.32083594110660774,0.4453829561276706,0.22543151780842416,5.358771022444317,95.65217391304348,24,700.5219950505821,1.222767334850974,,0.023850028495329342,1.0925245455384622,0.41698479466203203,0.225431517808398,889,0.012080358851772832,0.05358771022444317,0.035775042742994013,0.05358771022444317,XAUUSDT_1d_cl_2.csv,209,20250901_234702:209,sobol,14,23,49,104,18,13,2.8,2.2,0.8,1.5,28,0.7
3,5683,1635,455,1045,2015-11-02 00:00:00,2018-09-11 00:00:00,2.8289376012063263,0.3203640533273243,0.473153570207429,0.2406624410209611,4.068529080543698,51.61290322580645,32,2.7309060620006678,1.0395004980574871,,0.025789677896680397,1.0783933727940205,0.3631739884546995,0.24066244102097167,1044,0.009791421398884559,0.04068529080543698,0.0386845168450206,0.04068529080543698,XAUUSDT_1d_cl_1.csv,168,20250901_234702:168,sobol,10,18,32,82,18,16,2.7,2.8,0.9,1.3,8,0.7
4,5683,2680,455,1045,2018-09-12 00:00:00,2021-07-22 00:00:00,2.805852800953187,0.29580433253267346,0.4098940780864656,0.19119900549780605,5.0796472223055,91.66666666666666,13,492.59331499520357,1.6470053589912284,,0.01273778741320766,1.1078789139452219,0.3400834678944652,0.19119900549779711,1044,0.009712234971844591,0.050796472223055,0.02,0.050796472223055,XAUUSDT_1d_cl_1.csv,109,20250901_234702:109,sobol,14,23,49,104,18,13,2.8,2.2,0.8,1.5,28,0.7
4,4838,2283,387,890,2019-09-27 00:00:00,2022-03-04 00:00:00,2.801894044785389,0.39458497520286845,0.5605959286665582,0.3571621586362104,3.1910821002911414,73.91304347826086,24,9.826398835195471,1.1324680708011094,,0.013825202668828243,1.1150190334090944,0.3267380059610752,0.3571621586361865,889,0.011397337713252798,0.03191082100291141,0.020737804003242363,0.03191082100291141,XAUUSDT_1d_cl_2.csv,201,20250901_234702:201,sobol,9,26,54,74,13,19,2.7,2.5,1.5,0.9,30,0.8
3,4838,1393,387,890,2017-04-20 00:00:00,2019-09-26 00:00:00,2.3218513892937596,0.553751205228701,0.9014442328150821,0.3955950656771377,2.3907731298103063,90.9090909090909,23,731.1629111199838,1.052759490293016,,0.010314218809941511,1.2290496137825115,0.16571143656858958,0.3955950656771288,889,0.00945778053306423,0.023907731298103065,0.02,0.023907731298103065,XAUUSDT_1d_cl_2.csv,224,20250901_234702:224,sobol,12,28,30,116,18,14,2.6,2.6,1.6,1.0,38,0.65
4,5683,2680,455,1045,2018-09-12 00:00:00,2021-07-22 00:00:00,2.214380816250764,0.3653688638447937,0.5381451336137056,0.22917512071858914,3.350880807100619,100.0,9,inf,2.335836797725558,,0.006110644744015387,1.1499355480871079,0.21351156053300002,0.22917512071855742,1044,0.007679385134807815,0.03350880807100619,0.02,0.03350880807100619,XAUUSDT_1d_cl_1.csv,117,20250901_234702:117,sobol,7,25,39,146,12,19,2.9000000000000004,2.2,1.0,1.3,20,0.85
3,4838,1393,387,890,2017-04-20 00:00:00,2019-09-26 00:00:00,2.1939169719229836,0.4854798742780501,0.6974794992795895,0.4372565465901622,2.0445596101669588,40.909090909090914,23,1.8316914040523484,0.24169816960953938,,0.012796013812237304,1.1264567297986874,0.2062109735648134,0.4372565465902174,889,0.008939970744394454,0.020445596101669586,0.02,0.020445596101669586,XAUUSDT_1d_cl_2.csv,292,20250901_234702:292,sobol,9,16,57,127,12,11,2.5,3.0,0.8,1.4000000000000001,16,0.8
3,4838,1393,387,890,2017-04-20 00:00:00,2019-09-26 00:00:00,2.098115740419538,0.6460980065291355,1.0584171280773809,0.45656186488200834,1.8731236779470337,90.9090909090909,23,1989.2117030064342,0.9515882018362056,,0.008054094099377405,1.280203152657744,0.1217480280697281,0.42759841977898505,889,0.008551968395579701,0.018731236779470337,0.02,0.02,XAUUSDT_1d_cl_2.csv,260,20250901_234702:260,sobol,10,17,43,109,17,20,2.0,2.7,1.4000000000000001,1.2000000000000002,33,0.75
4,3435,1521,336,619,2025-06-28 06:00:00,2025-07-24 00:00:00,2.08944966296566,4.881534779989943,7.201592646654742,39.02951498627031,0.8710651893205271,100.0,15,inf,1.0004011201036551,,0.0025465020642736627,1.1946033128103473,0.1519655357103153,1.1928573080041096,25,0.023857146160082193,0.008710651893205272,0.02,0.02,XAUUSDT_1h_cl_1.csv,345,20250901_234702:345,sobol,7,19,59,112,19,18,2.3,1.8,1.1,0.8,23,0.85
3,4838,1322,438,880,2017-03-31 00:00:00,2019-08-27 00:00:00,2.058850832383372,0.27135723526563055,0.3934157350652216,0.11165880380410442,7.602318373568581,81.25,17,1.4080085296363047,0.5459709432910433,,0.03599695367598926,1.063680704526064,0.37936396620837615,0.11165880380411192,879,0.008488657757306894,0.07602318373568581,0.053995430513983894,0.07602318373568581,XAUUSDT_1d_cl_2.csv,216,20250901_234702:216,sobol,7,25,39,146,12,19,2.9000000000000004,2.2,1.0,1.3,20,0.85
3,4838,1385,393,889,2017-04-18 00:00:00,2019-09-23 00:00:00,2.0231429146050828,0.2588721140393241,0.37609594503987187,0.1666623543850159,4.95462165540395,73.68421052631578,20,1.2467346950612186,0.16907924589368406,,0.014998116431420301,1.0566411449815964,0.39435622314997687,0.16666235438499521,888,0.008257489101765048,0.0495462165540395,0.02249717464713045,0.0495462165540395,XAUUSDT_1d_cl_2.csv,296,20250901_234702:296,sobol,8,28,45,131,18,10,1.9000000000000001,2.6,1.1,1.0,13,0.85
4,4838,2283,387,890,2019-09-27 00:00:00,2022-03-04 00:00:00,2.0211940523771386,0.321449502689416,0.46494439361738193,0.18923382428792274,4.354546130534049,88.23529411764706,18,14.063768785665198,1.1145872398264827,,0.01838692634003465,1.1134638359135576,0.25724938495644994,0.18923382428793165,889,0.00824027417319173,0.043545461305340497,0.027580389510051977,0.043545461305340497,XAUUSDT_1d_cl_2.csv,265,20250901_234702:265,sobol,10,24,50,119,10,15,2.2,2.3,1.2000000000000002,0.9,33,0.85
2,3435,150,447,597,2025-05-06 18:00:00,2025-05-31 14:00:00,2.0098578648014893,4.077504015782012,6.302535533675301,28.353024643025915,1.1959522692003333,100.0,6,inf,3.4721582487615663,,0.0039057653096912365,1.2305737524251767,0.17694569778130667,1.1416124758119734,24,0.02283224951623947,0.011959522692003333,0.02,0.02,XAUUSDT_1h_cl_1.csv,371,20250901_234702:371,sobol,14,27,60,149,16,20,1.9000000000000001,2.5,1.0,1.6,25,0.65
4,5683,2680,455,1045,2018-09-12 00:00:00,2021-07-22 00:00:00,1.9471988045390218,0.25538601386119025,0.3668908091866428,0.1329048108175489,5.085284803735474,100.0,8,inf,2.426209501197294,,0.012355307895505015,1.1014907695849268,0.2671103234902474,0.13290481081754843,1044,0.0067585881479381715,0.05085284803735474,0.02,0.05085284803735474,XAUUSDT_1d_cl_1.csv,149,20250901_234702:149,sobol,6,28,46,125,19,16,2.6,2.4000000000000004,1.5,1.6,48,0.85
5,4838,3173,387,890,2022-03-05 00:00:00,2024-08-10 00:00:00,1.8498215086312435,0.40476808923193697,0.6353564574879143,0.41911956929284655,1.8002874482385336,86.66666666666667,16,5.994686082912798,1.16615332607491,,0.011468688430444159,1.17730107791138,0.17280074111197424,0.37726784995452123,889,0.0075453569990904246,0.018002874482385335,0.02,0.02,XAUUSDT_1d_cl_2.csv,294,20250901_234702:294,sobol,9,16,57,127,12,11,2.5,3.0,0.8,1.4000000000000001,16,0.8
5,5683,3725,455,1045,2021-07-23 00:00:00,2024-06-01 00:00:00,1.8423157177566336,0.37215769722577235,0.5842112946345369,0.3553153348999248,1.8002874482385336,83.33333333333334,13,5.569862958471074,1.3337076645715127,,0.009877278963878883,1.1786034107360777,0.1501896864637514,0.31983486879353373,1044,0.006396697375870675,0.018002874482385335,0.02,0.02,XAUUSDT_1d_cl_1.csv,194,20250901_234702:194,sobol,9,16,57,127,12,11,2.5,3.0,0.8,1.4000000000000001,16,0.8
2,4838,503,387,890,2014-11-12 00:00:00,2017-04-19 00:00:00,1.7908775032178939,0.18225626717574886,0.25310398256445865,0.09499503551796808,7.6911167988366556,52.94117647058824,18,1.8290325094913562,0.8954036269582004,,0.02392514963043658,1.0396162339628698,0.502855254271493,0.09499503551797062,889,0.007306179134783486,0.07691116798836656,0.03588772444565487,0.07691116798836656,XAUUSDT_1d_cl_2.csv,223,20250901_234702:223,sobol,12,28,30,116,18,14,2.6,2.6,1.6,1.0,38,0.65
2,4838,503,387,890,2014-11-12 00:00:00,2017-04-19 00:00:00,1.7880969555944888,0.16347142661849748,0.2293454194874522,0.1009967765155266,7.222898298566433,45.83333333333333,25,1.0290835688957347,0.04391071209035258,,0.030027458521487322,1.0313175802327053,0.5740393685691543,0.10099677651550393,889,0.007294894452545275,0.07222898298566433,0.045041187782230985,0.07222898298566433,XAUUSDT_1d_cl_2.csv,227,20250901_234702:227,sobol,8,22,52,82,15,15,2.4000000000000004,1.9000000000000001,1.0,1.6,15,0.75
4,3435,1461,375,612,2025-06-27 09:00:00,2025-07-22 20:00:00,1.7848254796374023,5.153521097500527,7.5067355979108426,33.7134617209204,0.8547597090479406,100.0,17,inf,0.6915297048904595,,0.002341256137239074,1.2204620471730157,0.10391602839469753,1.0185711772884989,25,0.020371423545769977,0.008547597090479406,0.02,0.02,XAUUSDT_1h_cl_1.csv,349,20250901_234702:349,sobol,6,28,46,125,19,16,2.6,2.4000000000000004,1.5,1.6,48,0.85
3,5683,1635,455,1045,2015-11-02 00:00:00,2018-09-11 00:00:00,1.7760616379984642,0.15624979262013144,0.21440261137323247,0.07360631632214437,8.379672064104753,85.71428571428571,22,6.8241950864071,3.164471912836447,,0.028381519426073355,1.0275229463404452,0.5465902608121014,0.07360631632215336,1044,0.006167967926264062,0.08379672064104753,0.042572279139110034,0.08379672064104753,XAUUSDT_1d_cl_1.csv,164,20250901_234702:164,sobol,10,24,50,119,10,15,2.2,2.3,1.2000000000000002,0.9,33,0.85
2,5683,590,455,1045,2012-12-22 00:00:00,2015-11-01 00:00:00,1.7380994810142176,0.3687797630584643,0.5852167144012806,0.492329413611532,1.226184554188273,100.0,16,inf,1.0280400153506157,,0.0039581154376694665,1.160547858281177,0.15151285288335484,0.30184336127149214,1044,0.006036867225429843,0.01226184554188273,0.02,0.02,XAUUSDT_1d_cl_1.csv,111,20250901_234702:111,sobol,6,17,34,138,10,18,2.0,2.9000000000000004,1.4000000000000001,1.2000000000000002,45,0.8
2,4838,503,387,890,2014-11-12 00:00:00,2017-04-19 00:00:00,1.5934678498842063,0.27819431815878765,0.3906739582336391,0.1260722019487558,5.159386255078368,33.33333333333333,4,0.24013533503641857,-2.1554944099490365,,0.012649994860536922,1.1015603923980128,0.24939425791115152,0.12607220194875932,889,0.00650455185881893,0.05159386255078368,0.02,0.05159386255078368,XAUUSDT_1d_cl_2.csv,219,20250901_234702:219,sobol,12,19,58,92,20,10,1.8,3.0,1.3,0.9,42,0.7
5,5683,3725,455,1045,2021-07-23 00:00:00,2024-06-01 00:00:00,1.5632621700080607,0.31250608292166654,0.4846710102767916,0.2754716487191648,1.9721313421125017,81.81818181818183,12,3.8265500246510102,1.1107345730434264,,0.010772691453809546,1.1431680157106683,0.15281281344230435,0.2716331361513169,1044,0.005432662723026338,0.019721313421125018,0.02,0.02,XAUUSDT_1d_cl_1.csv,174,20250901_234702:174,sobol,14,27,60,149,16,20,1.9000000000000001,2.5,1.0,1.6,25,0.65
3,4838,1393,387,890,2017-04-20 00:00:00,2019-09-26 00:00:00,1.5398156078175735,0.307297846755888,0.4651634628376037,0.18571567900024175,3.3850269725487423,90.0,21,177.33146538302154,0.7644244904154353,,0.015089943248281817,1.1133856978904675,0.2057860512340582,0.18571567900024777,889,0.006286525826410427,0.03385026972548742,0.022634914872422723,0.03385026972548742,XAUUSDT_1d_cl_2.csv,220,20250901_234702:220,sobol,12,19,58,92,20,10,1.8,3.0,1.3,0.9,42,0.7
4,3435,1581,300,627,2025-06-29 06:00:00,2025-07-25 08:00:00,1.5361012279266675,3.5522754710655255,5.135254954882339,25.280210628233643,0.9389233652940261,100.0,13,inf,0.991733050724041,,0.0030190326873186686,1.1416695346586103,0.14093458872013023,0.8806954188009095,26,0.01761390837601819,0.009389233652940261,0.02,0.02,XAUUSDT_1h_cl_1.csv,353,20250901_234702:353,sobol,14,21,37,78,11,14,2.1,2.0,1.2000000000000002,1.1,25,0.65
3,5683,1635,455,1045,2015-11-02 00:00:00,2018-09-11 00:00:00,1.5134131389440542,0.1311749936121699,0.19237642153896073,0.055530576007316555,9.472745190972255,82.6086956521739,24,59.12043947375208,2.6748739354151243,,0.0374051170354666,1.0279648177716076,0.5136279685956681,0.05553057600731857,1044,0.005260269968252462,0.09472745190972255,0.0561076755531999,0.09472745190972255,XAUUSDT_1d_cl_1.csv,156,20250901_234702:156,sobol,10,24,55,135,14,11,2.8,2.4000000000000004,0.8,1.0,10,0.65
4,3435,1488,357,615,2025-06-27 18:00:00,2025-07-23 08:00:00,1.468559930065851,4.76267116394154,7.071763075889719,28.280308436593643,0.8160928707088462,100.0,10,inf,0.5499660452305885,,0.001883072841312975,1.23916341740037,0.08833149684151603,0.8377609798070766,25,0.016755219596141534,0.008160928707088462,0.02,0.02,XAUUSDT_1h_cl_1.csv,365,20250901_234702:365,sobol,10,24,50,119,10,15,2.2,2.3,1.2000000000000002,0.9,33,0.85
3,4838,1309,447,878,2017-03-27 00:00:00,2019-08-21 00:00:00,1.4309487915784806,0.3500016603434352,0.5267049915371443,0.22830084732628023,2.59483198062333,85.71428571428571,22,60.05377465290578,0.6761009587244508,,0.01602788214498435,1.1175135841133388,0.17535082901561405,0.22830084732627018,877,0.005924023398456102,0.025948319806233303,0.024041823217476527,0.025948319806233303,XAUUSDT_1d_cl_2.csv,272,20250901_234702:272,sobol,14,27,60,149,16,20,1.9000000000000001,2.5,1.0,1.6,25,0.65
4,3435,1503,348,617,2025-06-28 00:00:00,2025-07-23 16:00:00,1.419094279294997,5.706473501719859,8.420645699540323,42.80603110357431,0.5174029906117036,100.0,16,inf,0.7390699272467545,,0.002080920470887539,1.2571139908653217,0.049321532186961184,0.8094938455523726,25,0.01618987691104745,0.005174029906117036,0.02,0.02,XAUUSDT_1h_cl_1.csv,325,20250901_234702:325,sobol,12,28,30,116,18,14,2.6,2.6,1.6,1.0,38,0.65
2,3435,327,300,627,2025-05-08 00:00:00,2025-06-03 02:00:00,1.4094368032856324,1.7050835647678668,2.315276199062818,6.874943599819939,3.141400747644877,66.66666666666666,13,1.435178813599405,0.3253072861536077,,0.008746302629370754,1.0758541333573959,0.3052948631650467,0.5143856691628492,26,0.01615891525685985,0.03141400747644877,0.02,0.03141400747644877,XAUUSDT_1h_cl_1.csv,299,20250901_234702:299,sobol,9,26,54,74,13,19,2.7,2.5,1.5,0.9,30,0.8
4,5683,2680,455,1045,2018-09-12 00:00:00,2021-07-22 00:00:00,1.328851950787616,0.21226585253564073,0.30447512860025483,0.1448261893239736,3.1910821002911414,50.0,13,5.325671197298635,1.0637572012230243,,0.010744779196856624,1.0810894212107804,0.2099010467034258,0.14482618932399605,1044,0.004621522604051798,0.03191082100291141,0.02,0.03191082100291141,XAUUSDT_1d_cl_1.csv,101,20250901_234702:101,sobol,9,26,54,74,13,19,2.7,2.5,1.5,0.9,30,0.8
2,3435,294,327,621,2025-05-07 18:00:00,2025-06-02 14:00:00,1.299896185276532,1.8348198241756704,2.5529971717130957,8.216507096212704,2.432136478915061,66.66666666666666,13,2.0850174203719,0.63455285347946,,0.006724147794224591,1.0819490778205847,0.26225300563075327,0.6096632250393391,25,0.014827841694711786,0.024321364789150608,0.02,0.024321364789150608,XAUUSDT_1h_cl_1.csv,359,20250901_234702:359,sobol,10,17,43,109,17,20,2.0,2.7,1.4000000000000001,1.2000000000000002,33,0.75
4,3435,1581,300,627,2025-06-29 06:00:00,2025-07-25 08:00:00,1.2752507183901272,3.7023792395489616,5.170902114447198,19.043585337811507,1.0170450534955122,100.0,18,inf,0.661410673587659,,0.002798043497140333,1.1558851972631228,0.08474038495990768,0.7309013242527796,26,0.014618026485055594,0.010170450534955123,0.02,0.02,XAUUSDT_1h_cl_1.csv,301,20250901_234702:301,sobol,9,26,54,74,13,19,2.7,2.5,1.5,0.9,30,0.8
4,3435,1581,300,627,2025-06-29 06:00:00,2025-07-25 08:00:00,1.2705990788503414,2.652191769522771,3.7682360431368536,14.95728999604672,1.289779582055251,100.0,13,inf,1.0791967812437984,,0.004080248902697108,1.1044826423788006,0.16058816836877624,0.7282309999115457,26,0.014564619998230914,0.01289779582055251,0.02,0.02,XAUUSDT_1h_cl_1.csv,389,20250901_234702:389,sobol,12,22,42,71,20,18,2.3,2.1,1.3,1.2000000000000002,36,0.7
4,3435,1560,312,624,2025-06-28 21:00:00,2025-07-24 20:00:00,1.2705518545011913,4.02432194862778,5.862502429872619,27.4966719774256,0.7052503477565013,100.0,19,inf,0.626183058379882,,0.0022264020081494097,1.1700443685147432,0.07641221881816997,0.7246297379902504,25,0.01449259475980501,0.0070525034775650135,0.02,0.02,XAUUSDT_1h_cl_1.csv,309,20250901_234702:309,sobol,14,23,49,104,18,13,2.8,2.2,0.8,1.5,28,0.7
5,3355,1975,393,592,2025-08-22 17:00:00,2025-08-28 20:45:00,1.2538718169979801,11.03883304015946,18.154891862845336,233.33656340796904,0.46747519259609654,100.0,2,inf,1.0854095093150542,,0.0013633368557354555,1.2489300099867209,0.04889419033758282,0.6480958045378701,6,0.012961916090757402,0.0046747519259609654,0.02,0.02,XAUUSDT_15m_cl_1.csv,98,20250901_234702:98,sobol,8,28,45,131,18,10,1.9000000000000001,2.6,1.1,1.0,13,0.85
5,3355,1894,438,583,2025-08-22 08:00:00,2025-08-28 09:30:00,1.1567991951335899,9.322569395978105,17.22601211241712,222.99982503479382,0.4467572279025691,100.0,9,inf,1.2077757629409476,,0.0015480333117352577,1.2345780326273958,0.056412487818846745,0.5979026148819955,6,0.01195805229763991,0.004467572279025691,0.02,0.02,XAUUSDT_15m_cl_1.csv,19,20250901_234702:19,sobol,7,25,39,146,12,19,2.9000000000000004,2.2,1.0,1.3,20,0.85
3,4838,1338,426,882,2017-04-04 00:00:00,2019-09-02 00:00:00,1.1233650550723886,0.4561842777983819,0.642116275571025,0.2514043994526883,1.843098493490473,78.94736842105263,20,2.5302042181437128,0.28603606418839356,,0.00874594060325525,1.1161111426465145,0.09324151259564412,0.23168153494406152,881,0.00463363069888123,0.01843098493490473,0.02,0.02,XAUUSDT_1d_cl_2.csv,236,20250901_234702:236,sobol,11,16,49,142,13,12,1.9000000000000001,3.0,1.2000000000000002,1.5,36,0.6
4,4838,2283,387,890,2019-09-27 00:00:00,2022-03-04 00:00:00,1.1152317876716975,0.6454537707764255,1.1173709152723184,0.5776222906250549,0.7892263572231699,100.0,10,inf,1.0522423537280745,,0.002110957862731,1.3912175805552567,0.043743753044923964,0.22793736814042953,889,0.004558747362808591,0.0078922635722317,0.02,0.02,XAUUSDT_1d_cl_2.csv,221,20250901_234702:221,sobol,12,19,58,92,20,10,1.8,3.0,1.3,0.9,42,0.7
5,5683,3725,455,1045,2021-07-23 00:00:00,2024-06-01 00:00:00,1.0930081886629692,0.2276098886093702,0.3190348153426108,0.15352389987696316,2.477913033207656,70.83333333333334,25,2.026132164164136,0.39613783747152664,,0.012184534065272201,1.0573947745802839,0.18036985283424198,0.15352389987698387,1044,0.003804188724140456,0.02477913033207656,0.02,0.02477913033207656,XAUUSDT_1d_cl_1.csv,170,20250901_234702:170,sobol,10,18,32,82,18,16,2.7,2.8,0.9,1.3,8,0.7
2,3435,327,300,627,2025-05-08 00:00:00,2025-06-03 02:00:00,1.0926782145871528,1.2098329190248596,1.6413795076058317,4.215921207048688,3.8892121063650293,64.28571428571429,15,1.2680098427681308,0.21289021215602966,,0.012092316956819248,1.0500468890939039,0.3421686847898785,0.3219762939659994,26,0.012522341004551105,0.038892121063650295,0.02,0.038892121063650295,XAUUSDT_1h_cl_1.csv,351,20250901_234702:351,sobol,14,21,37,78,11,14,2.1,2.0,1.2000000000000002,1.1,25,0.65
4,3435,1581,300,627,2025-06-29 06:00:00,2025-07-25 08:00:00,1.0670711950248915,3.1105104451200365,4.40700561371469,17.886531480294813,0.893709586374115,92.3076923076923,14,43.137883550771825,0.5968911807975705,,0.002679712834623746,1.1224543391978137,0.08960714898338619,0.6114242022730377,26,0.012228484045460754,0.00893709586374115,0.02,0.02,XAUUSDT_1h_cl_1.csv,333,20250901_234702:333,sobol,9,23,33,95,16,17,3.0,2.1,0.9,1.1,18,0.8
2,4838,503,387,890,2014-11-12 00:00:00,2017-04-19 00:00:00,1.055208021718346,0.15178385136804734,0.20389318611548843,0.06257369622168021,6.8945021827366,54.54545454545454,12,1.1958462943197874,0.2571905010340876,,0.018995387498405125,1.0351712444742807,0.37415846917661283,0.06257369622168953,889,0.004314144851823354,0.068945021827366,0.028493081247607688,0.068945021827366,XAUUSDT_1d_cl_2.csv,259,20250901_234702:259,sobol,10,17,43,109,17,20,2.0,2.7,1.4000000000000001,1.2000000000000002,33,0.75
4,4838,2283,387,890,2019-09-27 00:00:00,2022-03-04 00:00:00,1.05284435083908,0.11787090600548833,0.16183933157985386,0.07377322142809373,5.834787790102318,70.0,21,1.7884452473712344,0.37754576909635734,,0.019677527622701297,1.0293480857920851,0.45978613002747254,0.07377322142810606,889,0.00430451091625228,0.05834787790102318,0.029516291434051947,0.05834787790102318,XAUUSDT_1d_cl_2.csv,277,20250901_234702:277,sobol,6,21,37,92,12,11,2.8,2.0,1.6,1.0,50,0.75
4,5683,2680,455,1045,2018-09-12 00:00:00,2021-07-22 00:00:00,1.050155614414473,0.16742488448489448,0.2388773597777129,0.08394782609954625,4.354546130534049,83.33333333333334,7,8.626711996895125,1.7588820642583294,,0.01345619660486363,1.0756727049366583,0.19414275009535437,0.0839478260995457,1044,0.0036555468130852198,0.043545461305340497,0.020184294907295446,0.043545461305340497,XAUUSDT_1d_cl_1.csv,165,20250901_234702:165,sobol,10,24,50,119,10,15,2.2,2.3,1.2000000000000002,0.9,33,0.85
4,3435,1446,384,610,2025-06-27 03:00:00,2025-07-22 12:00:00,1.0281443301648836,3.367505165469507,4.701477810403387,16.94235576267168,0.9339413198689623,62.5,17,8.378312714552706,0.3582705598293747,,0.004411656704958545,1.1357568003838234,0.07491311565458268,0.5862051607630869,25,0.011724103215261739,0.009339413198689623,0.02,0.02,XAUUSDT_1h_cl_1.csv,305,20250901_234702:305,sobol,11,20,44,128,15,12,2.2,1.9000000000000001,1.1,1.4000000000000001,13,0.6
5,3355,2144,300,611,2025-08-23 12:00:00,2025-08-29 20:30:00,1.0028004424199537,8.980383231808357,14.081083222949228,183.4557815715432,0.420924675074689,100.0,6,inf,1.2166352724207363,,0.0014420890657455157,1.1800688167243938,0.04024287399097926,0.5182811633715209,6,0.010365623267430417,0.00420924675074689,0.02,0.02,XAUUSDT_15m_cl_1.csv,35,20250901_234702:35,sobol,9,23,33,95,16,17,3.0,2.1,0.9,1.1,18,0.8
3,5683,1635,455,1045,2015-11-02 00:00:00,2018-09-11 00:00:00,0.9965531201824773,0.12623418172096285,0.18053609215830999,0.07524156646800342,4.611226569320338,83.33333333333334,25,4.214994263847251,0.6745094797236706,,0.028187116406268708,1.0344124276495412,0.3243607923030075,0.07524156646798842,1044,0.003469559104144704,0.046112265693203376,0.04228067460940306,0.046112265693203376,XAUUSDT_1d_cl_1.csv,180,20250901_234702:180,sobol,7,25,36,101,15,13,1.8,2.7,1.2000000000000002,1.3,22,0.75
4,4838,2238,414,884,2019-09-09 00:00:00,2022-02-08 00:00:00,0.9954490752288464,0.5792346354230988,1.0013641001143425,0.5192706664291676,0.7892263572231699,100.0,11,inf,0.9488774828665812,,0.0020395796524377576,1.3529697833354781,0.04391941104556622,0.20491104823934236,883,0.004098220964786847,0.0078922635722317,0.02,0.02,XAUUSDT_1d_cl_2.csv,213,20250901_234702:213,sobol,6,17,34,138,10,18,2.0,2.9000000000000004,1.4000000000000001,1.2000000000000002,45,0.8
5,4838,3173,387,890,2022-03-05 00:00:00,2024-08-10 00:00:00,0.9832907072715169,0.11485950364609998,0.1613703366228515,0.05383149249448627,7.469534908425484,88.46153846153845,27,1.334939427843565,0.3612615359722877,,0.024135061514007395,1.025760723902174,0.4623338174277853,0.05383149249448545,889,0.004020962123602034,0.07469534908425483,0.036202592271011094,0.07469534908425483,XAUUSDT_1d_cl_2.csv,254,20250901_234702:254,sobol,14,21,37,78,11,14,2.1,2.0,1.2000000000000002,1.1,25,0.65
5,3355,1992,384,594,2025-08-22 19:00:00,2025-08-28 23:15:00,0.9524225412491205,9.593908007543384,15.224502978923072,177.96197077798965,0.4210044573637831,,1,,,,0.0011611052141772672,1.2188587975241192,0.034701737147505816,0.49223616442822554,6,0.00984472328856451,0.004210044573637831,0.02,0.02,XAUUSDT_15m_cl_1.csv,8,20250901_234702:8,sobol,11,20,44,128,15,12,2.2,1.9000000000000001,1.1,1.4000000000000001,13,0.6
5,3355,2009,375,596,2025-08-22 21:00:00,2025-08-29 01:45:00,0.8799962445814913,11.926518386768626,18.692395135605636,217.36085210881967,0.30999703865884487,0.0,2,0.0,-0.21102209794305601,,0.0006022307631225896,1.4189369379964443,0.02141818131802413,0.4547937919321787,6,0.009095875838643575,0.003099970386588449,0.02,0.02,XAUUSDT_15m_cl_1.csv,51,20250901_234702:51,sobol,6,28,46,125,19,16,2.6,2.4000000000000004,1.5,1.6,48,0.85
4,4838,2283,387,890,2019-09-27 00:00:00,2022-03-04 00:00:00,0.8773896469921275,0.1715064897776075,0.2280192534187048,0.09774442145969281,3.671835918739777,54.166666666666664,25,2.205926072093596,0.3032040054768118,,0.014064057146487972,1.060236345828276,0.20484837923148771,0.09774442145969243,889,0.0035890147757213775,0.03671835918739777,0.02109608571973196,0.03671835918739777,XAUUSDT_1d_cl_2.csv,261,20250901_234702:261,sobol,10,17,43,109,17,20,2.0,2.7,1.4000000000000001,1.2000000000000002,33,0.75
4,3435,1581,300,627,2025-06-29 06:00:00,2025-07-25 08:00:00,0.8514235952179806,4.3281759402932325,6.059946427112943,25.94379449380345,0.4847096626774145,100.0,15,inf,0.5817340278455715,,0.0026987053821499025,1.2017220791164493,0.02624214588463791,0.48772705658586146,26,0.00975454113171723,0.004847096626774145,0.02,0.02,XAUUSDT_1h_cl_1.csv,369,20250901_234702:369,sobol,10,18,32,82,18,16,2.7,2.8,0.9,1.3,8,0.7
5,4838,3173,387,890,2022-03-05 00:00:00,2024-08-10 00:00:00,0.834951386584986,0.3337655386356229,0.5076379479736574,0.21476124781097952,1.5905305644420715,91.30434782608695,24,5.436838495462723,0.3616033819441856,,0.004221665694451455,1.1030096986685356,0.09513044341539716,0.17079216435056388,889,0.0034158432870112776,0.015905305644420716,0.02,0.02,XAUUSDT_1d_cl_2.csv,282,20250901_234702:282,sobol,7,25,36,101,15,13,1.8,2.7,1.2000000000000002,1.3,22,0.75
4,3355,1527,303,610,2025-08-17 02:30:00,2025-08-23 10:45:00,0.8288709356170672,7.854873527122562,16.564256103854273,123.85705300158918,0.48981348597523866,85.71428571428571,15,9.869759305961843,0.12275482573398173,,0.0014704371759226348,1.2557393487902324,0.037768883644250496,0.4283644879068079,6,0.008567289758136159,0.004898134859752387,0.02,0.02,XAUUSDT_15m_cl_1.csv,81,20250901_234702:81,sobol,7,25,36,101,15,13,1.8,2.7,1.2000000000000002,1.3,22,0.75
5,3355,1877,447,581,2025-08-22 06:00:00,2025-08-28 07:00:00,0.8246574591024569,8.307596747733617,18.099272056238103,141.3022486779246,0.45364218946788637,100.0,21,inf,0.39867544597859694,,0.0013717104542779444,1.2893213405963972,0.04100600032893164,0.4261863638570755,6,0.00852372727714151,0.004536421894678864,0.02,0.02,XAUUSDT_15m_cl_1.csv,74,20250901_234702:74,sobol,14,27,60,149,16,20,1.9000000000000001,2.5,1.0,1.6,25,0.65
5,3355,2137,303,610,2025-08-23 11:00:00,2025-08-29 19:15:00,0.8098117878960353,7.645174265520518,11.97448398532047,139.9784404667507,0.4210048045540277,,1,,,,0.0013420624523781555,1.1516031883898659,0.03452346961408097,0.41851205626825205,6,0.008370241125365042,0.004210048045540277,0.02,0.02,XAUUSDT_15m_cl_1.csv,82,20250901_234702:82,sobol,7,25,36,101,15,13,1.8,2.7,1.2000000000000002,1.3,22,0.75
4,3435,1377,426,601,2025-06-26 00:00:00,2025-07-21 00:00:00,0.7810326758082994,2.218754582281152,3.068613058522267,10.184542088867401,1.1790269562916083,80.0,16,13.512388763800402,0.4761706971458413,,0.004393557019734911,1.0922280855888107,0.10183906203098624,0.4451783376413048,25,0.008903566752826097,0.011790269562916083,0.02,0.02,XAUUSDT_1h_cl_1.csv,337,20250901_234702:337,sobol,11,16,49,142,13,12,1.9000000000000001,3.0,1.2000000000000002,1.5,36,0.6
4,3435,1398,414,604,2025-06-26 09:00:00,2025-07-21 12:00:00,0.7232686788019009,1.9499324093111312,2.709477657156198,10.150014730214806,1.0854961508674725,53.333333333333336,16,1.349093069620825,0.07242217414839136,,0.004773929408953369,1.075125568803916,0.11227874092233231,0.41222460708284503,25,0.0082444921416569,0.010854961508674725,0.02,0.02,XAUUSDT_1h_cl_1.csv,385,20250901_234702:385,sobol,13,19,47,138,17,17,2.9000000000000004,1.8,1.5,0.8,42,0.6
4,3435,1581,300,627,2025-06-29 06:00:00,2025-07-25 08:00:00,0.7124224641536215,1.7755589410142014,2.4837319367084603,8.37795556522526,1.2445395969914184,100.0,13,inf,0.7252793778721328,,0.0032783600112384747,1.0679051029161886,0.11586288409096163,0.4080305264310467,26,0.008160610528620934,0.012445395969914183,0.02,0.02,XAUUSDT_1h_cl_1.csv,377,20250901_234702:377,sobol,6,21,37,92,12,11,2.8,2.0,1.6,1.0,50,0.75
2,3435,226,384,610,2025-05-07 07:00:00,2025-06-01 16:00:00,0.7108915163086679,1.4051823679031263,1.9314340428190615,6.229458805252496,1.7189579515891764,55.55555555555556,10,2.4698359119590396,0.700617022336218,,0.005477656109793376,1.0675308913550272,0.1694506491276819,0.40516417369517815,25,0.008103283473903563,0.017189579515891763,0.02,0.02,XAUUSDT_1h_cl_1.csv,303,20250901_234702:303,sobol,11,20,44,128,15,12,2.2,1.9000000000000001,1.1,1.4000000000000001,13,0.6
4,3355,1533,300,611,2025-08-17 03:15:00,2025-08-23 11:45:00,0.7083218142875694,10.25079717568953,18.93962836540926,78.27507380780825,0.6374620822023366,69.23076923076923,27,5.090696981641572,0.1127128720919647,,0.002879310822332126,1.2542747559000351,0.01714542323569583,0.3660498906806779,6,0.007320997813613558,0.006374620822023366,0.02,0.02,XAUUSDT_15m_cl_1.csv,89,20250901_234702:89,sobol,12,22,42,71,20,18,2.3,2.1,1.3,1.2000000000000002,36,0.7
4,3435,1536,327,621,2025-06-28 12:00:00,2025-07-24 08:00:00,0.6689031408942683,2.429081567322741,3.4697285174344143,12.463482303934715,0.7911687234648539,100.0,15,inf,0.41561938150410055,,0.003300664360878723,1.1277522522118508,0.05983919857314743,0.38121389371194586,25,0.007624277874238917,0.007911687234648539,0.02,0.02,XAUUSDT_1h_cl_1.csv,361,20250901_234702:361,sobol,10,17,43,109,17,20,2.0,2.7,1.4000000000000001,1.2000000000000002,33,0.75
4,3435,1581,300,627,2025-06-29 06:00:00,2025-07-25 08:00:00,0.6463592844029109,2.226671598459558,3.098993077960421,12.23662565718654,0.7697364114199057,64.70588235294117,18,9.450503918876763,0.3314287943608559,,0.003356271244410485,1.0908895298353574,0.06104117255472895,0.37016287630938277,26,0.007403257526187656,0.007697364114199056,0.02,0.02,XAUUSDT_1h_cl_1.csv,329,20250901_234702:329,sobol,8,22,52,82,15,15,2.4000000000000004,1.9000000000000001,1.0,1.6,15,0.75
2,4838,503,387,890,2014-11-12 00:00:00,2017-04-19 00:00:00,0.64622902945815,0.08959277339481814,0.12682856335754483,0.05909154458187794,4.476496474787955,41.17647058823529,18,1.3502672688621582,0.36342378281101384,,0.0215507907001989,1.021080818543686,0.4037731420782266,0.05909154458188225,889,0.0026452309101057114,0.04476496474787955,0.03232618605029835,0.04476496474787955,XAUUSDT_1d_cl_2.csv,207,20250901_234702:207,sobol,14,23,49,104,18,13,2.8,2.2,0.8,1.5,28,0.7
5,3355,1938,414,588,2025-08-22 13:00:00,2025-08-28 15:45:00,0.6165010100619611,6.729763798802053,10.592168426236514,105.08930089303524,0.42090400053264637,,1,,,,0.0011696535470938894,1.15233539590565,0.027599312565508224,0.3185888674479165,6,0.00637177734895833,0.004209040005326464,0.02,0.02,XAUUSDT_15m_cl_1.csv,16,20250901_234702:16,sobol,6,17,34,138,10,18,2.0,2.9000000000000004,1.4000000000000001,1.2000000000000002,45,0.8
4,3355,1512,312,608,2025-08-17 01:00:00,2025-08-23 08:45:00,0.5959560153704899,9.90424869381508,19.466933649375136,83.80533163359262,0.4872949068157984,66.66666666666666,28,3.0032170818656088,0.0681919635284115,,0.0030317690554570583,1.3161673790922885,0.01611553090162887,0.3079698018701241,6,0.006159396037402483,0.004872949068157984,0.02,0.02,XAUUSDT_15m_cl_1.csv,11,20250901_234702:11,sobol,14,23,49,104,18,13,2.8,2.2,0.8,1.5,28,0.7
4,3435,1359,438,599,2025-06-25 18:00:00,2025-07-20 16:00:00,0.5948062725941667,1.9152211840379243,2.623644076898773,8.857779225259401,1.022842176059811,78.57142857142857,15,6.1247163387011625,0.3359883998325841,,0.003101223274157006,1.0826979804618222,0.07695148438986836,0.3372927508046364,24,0.006745855016092728,0.01022842176059811,0.02,0.02,XAUUSDT_1h_cl_1.csv,317,20250901_234702:317,sobol,7,25,39,146,12,19,2.9000000000000004,2.2,1.0,1.3,20,0.85
4,3435,1398,414,604,2025-06-26 09:00:00,2025-07-21 12:00:00,0.5840492327813672,3.5740922115157923,4.98210489747142,16.077943868231817,0.5481384851685688,93.33333333333333,16,98.80669306456315,0.3721564464438835,,0.002206004112777888,1.180870370189301,0.01697899227101651,0.3328204752687747,25,0.0066564095053754935,0.005481384851685688,0.02,0.02,XAUUSDT_1h_cl_1.csv,313,20250901_234702:313,sobol,6,17,34,138,10,18,2.0,2.9000000000000004,1.4000000000000001,1.2000000000000002,45,0.8
4,4838,2220,426,882,2019-09-03 00:00:00,2022-01-31 00:00:00,0.5837478059247573,0.14551866912900976,0.19627214880040286,0.10951428746937132,2.202101786052743,52.17391304347826,24,2.124257877774013,0.2266715392126442,,0.00721989762332601,1.0443705099542593,0.17070982458793904,0.10951428746939383,881,0.002411616080346457,0.02202101786052743,0.02,0.02202101786052743,XAUUSDT_1d_cl_2.csv,237,20250901_234702:237,sobol,11,16,49,142,13,12,1.9000000000000001,3.0,1.2000000000000002,1.5,36,0.6
4,3435,1449,381,610,2025-06-27 03:00:00,2025-07-22 12:00:00,0.5673899449336796,2.2096805632183494,2.9580255268408964,9.070811711718845,0.9331326599213253,75.0,17,9.404467967507191,0.33766384324901605,,0.004756362448662506,1.104492063522592,0.048490287433900804,0.3233206154133553,25,0.006466412308267106,0.009331326599213253,0.02,0.02,XAUUSDT_1h_cl_1.csv,393,20250901_234702:393,sobol,9,16,57,127,12,11,2.5,3.0,0.8,1.4000000000000001,16,0.8
4,3435,1575,303,626,2025-06-29 03:00:00,2025-07-25 04:00:00,0.5404428624717043,2.5924559745336513,3.4668559545012356,10.991360905381272,0.712751570265334,92.85714285714286,15,49.09817714061707,0.37317156992555195,,0.002180952924246235,1.1179013874500652,0.024633075817366956,0.30946436132207084,26,0.006189287226441417,0.00712751570265334,0.02,0.02,XAUUSDT_1h_cl_1.csv,381,20250901_234702:381,sobol,7,25,36,101,15,13,1.8,2.7,1.2000000000000002,1.3,22,0.75
4,3435,1431,393,608,2025-06-26 21:00:00,2025-07-22 04:00:00,0.5238999197126325,2.773582839404989,3.810116329636064,13.944529672022146,0.5607386830852007,81.25,17,39.39792526305513,0.3157534725187113,,0.0030348254335387874,1.1364039442405875,0.025781043593361825,0.29852250367376704,25,0.005970450073475341,0.005607386830852007,0.02,0.02,XAUUSDT_1h_cl_1.csv,397,20250901_234702:397,sobol,8,28,45,131,18,10,1.9000000000000001,2.6,1.1,1.0,13,0.85
2,3435,258,357,615,2025-05-07 12:00:00,2025-06-02 02:00:00,0.5238114942271068,0.6334806436958874,0.8585255914357329,2.0954449142621714,3.6868233932507106,75.0,9,1.5595939007045765,0.5903762571777365,,0.011489904819498187,1.0256327996006982,0.3352368166256586,0.16191287409226693,25,0.005969441718718266,0.036868233932507107,0.02,0.036868233932507107,XAUUSDT_1h_cl_1.csv,363,20250901_234702:363,sobol,10,24,50,119,10,15,2.2,2.3,1.2000000000000002,0.9,33,0.85
2,4838,470,414,884,2014-11-06 00:00:00,2017-04-07 00:00:00,0.5133829307999491,0.15817308599888574,0.2201222124819741,0.06840285546811943,3.094244101053641,66.66666666666666,16,1.817499801967877,0.3869700384454511,,0.009436434285580322,1.0409240824509751,0.13572200334188686,0.06840285546812001,883,0.002116551320274551,0.030942441010536406,0.02,0.030942441010536406,XAUUSDT_1d_cl_2.csv,211,20250901_234702:211,sobol,6,17,34,138,10,18,2.0,2.9000000000000004,1.4000000000000001,1.2000000000000002,45,0.8
4,3355,1533,300,611,2025-08-17 03:15:00,2025-08-23 11:45:00,0.5122630354658554,5.838988730369701,10.886467882367977,75.90431455231281,0.448561348975296,16.666666666666664,7,0.0005843973127840844,-0.14920228409807848,,0.001447681243700037,1.1644008957116179,0.023702547549612225,0.2647129705602754,6,0.005294259411205508,0.00448561348975296,0.02,0.02,XAUUSDT_15m_cl_1.csv,70,20250901_234702:70,sobol,10,18,32,82,18,16,2.7,2.8,0.9,1.3,8,0.7
4,3355,1455,348,601,2025-08-16 19:45:00,2025-08-23 01:45:00,0.511990506516122,6.129082339181213,10.011217434508167,50.00416136087986,0.693574542717031,100.0,2,inf,0.5343767221278992,,0.00306379284479243,1.11977596737677,0.020466918522977138,0.2645721174131192,6,0.005291442348262384,0.00693574542717031,0.02,0.02,XAUUSDT_15m_cl_1.csv,26,20250901_234702:26,sobol,12,28,30,116,18,14,2.6,2.6,1.6,1.0,38,0.65
5,3355,1955,405,590,2025-08-22 15:00:00,2025-08-28 18:15:00,0.5027366838045965,7.011828143677422,10.454154623491288,76.34331529529172,0.45443141311390534,62.5,9,3.7439597203150394,0.13269471269249594,,0.001467566077425789,1.1558321281291013,0.013626455025114283,0.25978941066125344,6,0.0051957882132250685,0.004544314131139053,0.02,0.02,XAUUSDT_15m_cl_1.csv,59,20250901_234702:59,sobol,10,24,55,135,14,11,2.8,2.4000000000000004,0.8,1.0,10,0.65
5,3355,1914,426,585,2025-08-22 10:00:00,2025-08-28 12:00:00,0.4993372699204153,7.651195048095666,18.323225104980295,122.14705580218228,0.284597884636062,64.28571428571429,29,8.648415804444289,0.17825687744775212,,0.0015573546365944219,1.328892192843776,0.017224513690680395,0.2580324790770716,6,0.005160649581541432,0.00284597884636062,0.02,0.02,XAUUSDT_15m_cl_1.csv,39,20250901_234702:39,sobol,11,16,49,142,13,12,1.9000000000000001,3.0,1.2000000000000002,1.5,36,0.6
2,3355,221,375,596,2025-08-04 06:00:00,2025-08-10 10:45:00,0.4843992432070536,2.8737728485243483,4.0118379652456495,50.38732389019014,0.6520807835059725,30.0,11,0.33402383067812996,-0.1027179327028511,,0.002530146496112688,1.0584518773257339,0.0928273325712926,0.25031204942811003,6,0.005006240988562201,0.006520807835059725,0.02,0.02,XAUUSDT_15m_cl_1.csv,48,20250901_234702:48,sobol,6,28,46,125,19,16,2.6,2.4000000000000004,1.5,1.6,48,0.85
3,5683,1635,455,1045,2015-11-02 00:00:00,2018-09-11 00:00:00,0.45138151691919576,0.06350226031636196,0.08870382363946593,0.02076177008020318,7.582619654447437,77.27272727272727,23,1.429694624951656,0.29328193562569127,,0.037491316724440726,1.0168585404726656,0.3509499287218301,0.020761770080206216,1044,0.0015742860587129037,0.07582619654447437,0.05623697508666109,0.07582619654447437,XAUUSDT_1d_cl_1.csv,100,20250901_234702:100,sobol,9,26,54,74,13,19,2.7,2.5,1.5,0.9,30,0.8
4,3435,1581,300,627,2025-06-29 06:00:00,2025-07-25 08:00:00,0.43368268603350907,3.092459414450747,4.194407723911258,13.804831271945128,0.4514736368457708,88.88888888888889,19,51.90070088004426,0.23759606592466465,,0.0020618558126202376,1.158221825803377,0.008207498480336492,0.24829870638241194,26,0.004965974127648239,0.004514736368457708,0.02,0.02,XAUUSDT_1h_cl_1.csv,321,20250901_234702:321,sobol,12,19,58,92,20,10,1.8,3.0,1.3,0.9,42,0.7
5,3435,2002,414,604,2025-07-21 13:00:00,2025-08-15 16:00:00,0.4268023934128369,1.7938102999353307,2.6133518432434384,10.633478587904687,0.5992050459170963,61.53846153846154,14,6.515163606585478,0.3176141521523335,,0.001967761112770633,1.0847694740142517,0.04473737005963905,0.24316675200107676,25,0.0048633350400215354,0.005992050459170963,0.02,0.02,XAUUSDT_1h_cl_1.csv,314,20250901_234702:314,sobol,6,17,34,138,10,18,2.0,2.9000000000000004,1.4000000000000001,1.2000000000000002,45,0.8
5,3435,1941,447,597,2025-07-20 09:00:00,2025-08-14 05:00:00,0.4243508458825573,0.9152573850879541,1.3604800119129792,4.902197218371932,1.3076950826744065,71.42857142857143,8,2.7690773881964588,0.5406162434971068,,0.0037750537181845487,1.0415715129966028,0.15196329383978266,0.24058552842704492,24,0.004811710568540899,0.013076950826744064,0.02,0.02,XAUUSDT_1h_cl_1.csv,374,20250901_234702:374,sobol,14,27,60,149,16,20,1.9000000000000001,2.5,1.0,1.6,25,0.65
5,3355,2144,300,611,2025-08-23 12:00:00,2025-08-29 20:30:00,0.4187438855535959,5.568263509960556,9.06757241597146,64.32103101969129,0.4210048045540277,40.0,11,1.1481219153132647,0.012486102304799823,,0.0015630030372367726,1.1277770404834402,0.016005079165283202,0.21638023194296713,6,0.004327604638859343,0.004210048045540277,0.02,0.02,XAUUSDT_15m_cl_1.csv,71,20250901_234702:71,sobol,10,18,32,82,18,16,2.7,2.8,0.9,1.3,8,0.7
4,3435,1344,447,597,2025-06-25 12:00:00,2025-07-20 08:00:00,0.40171224762881935,1.5760272920832186,2.2006371921490806,5.783372814323504,1.0476819672050997,68.75,17,1.5294625251173504,0.08684525176482139,,0.00441255274445073,1.0631057192469826,0.04868717142494809,0.2277445221429253,24,0.004554890442858506,0.010476819672050997,0.02,0.02,XAUUSDT_1h_cl_1.csv,373,20250901_234702:373,sobol,14,27,60,149,16,20,1.9000000000000001,2.5,1.0,1.6,25,0.65
4,3355,1533,300,611,2025-08-17 03:15:00,2025-08-23 11:45:00,0.3998488063422144,6.240846598109879,12.931917472297506,69.13426202982892,0.37196330463925176,26.923076923076923,27,0.44667208356016325,-0.04060850362673597,,0.0014856786169629103,1.1786728305965928,0.014380110489907725,0.2066151964548072,6,0.004132303929096144,0.0037196330463925174,0.02,0.02,XAUUSDT_15m_cl_1.csv,54,20250901_234702:54,sobol,14,21,37,78,11,14,2.1,2.0,1.2000000000000002,1.1,25,0.65
4,3355,1533,300,611,2025-08-17 03:15:00,2025-08-23 11:45:00,0.3853866982318664,5.845083463354134,10.504157560777047,48.67257555108124,0.5070844008159883,34.78260869565217,24,0.6049127358611146,-0.030097987535552824,,0.003322677844796787,1.1560708194887532,0.014970488236001748,0.19914121457099584,6,0.003982824291419917,0.005070844008159883,0.02,0.02,XAUUSDT_15m_cl_1.csv,30,20250901_234702:30,sobol,8,22,52,82,15,15,2.4000000000000004,1.9000000000000001,1.0,1.6,15,0.75
4,3355,1473,336,603,2025-08-16 21:15:00,2025-08-23 03:45:00,0.3712426678041339,5.601295590928958,8.9337078566648,54.361368775031735,0.4419833267395307,65.21739130434783,24,9.520619108873603,0.1185019116314077,,0.002564024619213618,1.1699672293089942,0.017148236806433854,0.19183168188519914,6,0.003836633637703983,0.004419833267395307,0.02,0.02,XAUUSDT_15m_cl_1.csv,46,20250901_234702:46,sobol,7,19,59,112,19,18,2.3,1.8,1.1,0.8,23,0.85
2,3355,174,414,588,2025-08-04 04:00:00,2025-08-10 06:45:00,0.36335168012995284,6.045696822017385,9.037023238934477,67.66868018627956,0.356546888743395,100.0,9,inf,0.3720146663863625,,0.0018801466108196569,1.154014056310023,0.011535251612438853,0.1877537054743846,6,0.003755074109487692,0.00356546888743395,0.02,0.02,XAUUSDT_15m_cl_1.csv,13,20250901_234702:13,sobol,6,17,34,138,10,18,2.0,2.9000000000000004,1.4000000000000001,1.2000000000000002,45,0.8
2,3435,327,300,627,2025-05-08 00:00:00,2025-06-03 02:00:00,0.3464354710105056,0.5799296369900904,0.7780947950503153,1.815432569363161,2.7268543409011263,41.66666666666667,13,0.6459756866843775,-0.29331704296984684,,0.009303229912594187,1.023424589827238,0.21563499275443976,0.14546046808201585,26,0.003966495088189546,0.02726854340901126,0.02,0.02726854340901126,XAUUSDT_1h_cl_1.csv,327,20250901_234702:327,sobol,8,22,52,82,15,15,2.4000000000000004,1.9000000000000001,1.0,1.6,15,0.75
2,3355,210,384,594,2025-08-04 05:30:00,2025-08-10 09:45:00,0.32811954508694613,4.62846324851975,6.580382391785703,72.86417581676784,0.29256429860709166,50.0,17,2.5471496765813253,0.06549518684314598,,0.0013458158094978607,1.0907828869520766,0.01050641907840128,0.16954637536757297,6,0.0033909275073514596,0.0029256429860709168,0.02,0.02,XAUUSDT_15m_cl_1.csv,5,20250901_234702:5,sobol,11,20,44,128,15,12,2.2,1.9000000000000001,1.1,1.4000000000000001,13,0.6
3,4838,1367,405,886,2017-04-12 00:00:00,2019-09-14 00:00:00,0.32596630391179815,0.053945437332433836,0.07616612917301739,0.018938471114529253,7.083880475289731,33.33333333333333,19,0.045777902628999195,-1.6745678657552978,,0.027779858800059076,1.0114801744905275,0.4341031998698201,0.018938471114532618,885,0.0013415786576007616,0.0708388047528973,0.04166978820008861,0.0708388047528973,XAUUSDT_1d_cl_2.csv,256,20250901_234702:256,sobol,10,24,55,135,14,11,2.8,2.4000000000000004,0.8,1.0,10,0.65
4,3355,1533,300,611,2025-08-17 03:15:00,2025-08-23 11:45:00,0.2966420262475868,7.0335183688359715,13.09335736847926,62.4074723023737,0.29667712871031177,64.70588235294117,18,7.993254600076195,0.15909381271556053,,0.0022760566362659087,1.2779459637282544,0.008169116649148388,0.15327971297653545,6,0.003065594259530709,0.0029667712871031177,0.02,0.02,XAUUSDT_15m_cl_1.csv,34,20250901_234702:34,sobol,9,23,33,95,16,17,3.0,2.1,0.9,1.1,18,0.8
5,3355,2144,300,611,2025-08-23 12:00:00,2025-08-29 20:30:00,0.29578496327081466,3.8897398537939663,6.358831830037348,61.080327138364865,0.3021726494401644,70.0,11,13.400481650219747,0.14681664451487553,,0.0014870489062711256,1.1009763953340743,0.01901243829115698,0.15283681248067782,6,0.0030567362496135564,0.0030217264944016444,0.02,0.02,XAUUSDT_15m_cl_1.csv,78,20250901_234702:78,sobol,6,21,37,92,12,11,2.8,2.0,1.6,1.0,50,0.75
5,3355,2093,327,605,2025-08-23 06:00:00,2025-08-29 13:00:00,0.2695701139418084,3.9878898859601137,6.7205823420604345,40.07796407974906,0.4210048045540277,66.66666666666666,16,8.846131936261271,0.14607415552962963,,0.001412215267719876,1.1079350181321361,0.015215990769136788,0.1392900035443286,6,0.002785800070886572,0.004210048045540277,0.02,0.02,XAUUSDT_15m_cl_1.csv,63,20250901_234702:63,sobol,10,17,43,109,17,20,2.0,2.7,1.4000000000000001,1.2000000000000002,33,0.75
4,3435,1581,300,627,2025-06-29 06:00:00,2025-07-25 08:00:00,0.2662888077087075,1.2563724021758904,1.758860746704866,5.421647645689583,0.6981899234955299,100.0,12,inf,0.32747616555453035,,0.0019012107568104543,1.06571017230987,0.0344649614882154,0.15242758588210942,26,0.0030485517176421883,0.006981899234955299,0.02,0.02,XAUUSDT_1h_cl_1.csv,341,20250901_234702:341,sobol,13,26,39,85,10,11,2.5,2.7,1.6,1.4000000000000001,40,0.7
4,3355,1440,357,599,2025-08-16 18:15:00,2025-08-22 23:45:00,0.23637323708279467,4.7174012911189855,7.817811456538446,36.1392909367592,0.4098060129567721,68.0,26,4.580548242721907,0.07821188779094056,,0.0029515276991939556,1.1388932189329157,0.009262107395189286,0.12213548454397519,6,0.0024427096908795037,0.004098060129567721,0.02,0.02,XAUUSDT_15m_cl_1.csv,66,20250901_234702:66,sobol,10,24,50,119,10,15,2.2,2.3,1.2000000000000002,0.9,33,0.85
5,3355,2144,300,611,2025-08-23 12:00:00,2025-08-29 20:30:00,0.23507809677781777,2.9038976173800686,4.426368787053674,36.369620494128526,0.39632778290226234,57.89473684210527,20,2.9423494095907663,0.0577958961639402,,0.001572257583220093,1.0637649314444673,0.02051611380705776,0.12146622695379805,6,0.002429324539075961,0.003963277829022623,0.02,0.02,XAUUSDT_15m_cl_1.csv,90,20250901_234702:90,sobol,12,22,42,71,20,18,2.3,2.1,1.3,1.2000000000000002,36,0.7
4,3435,1413,405,606,2025-06-26 15:00:00,2025-07-21 20:00:00,0.2331976126994192,0.9518650112830894,1.2624310353948796,3.877742983452292,0.883085276145605,66.66666666666666,16,1.0453761509596355,0.007390740223355008,,0.005120447716236883,1.0426997570470256,0.042993958738388904,0.13283084968062045,25,0.002656616993612409,0.00883085276145605,0.02,0.02,XAUUSDT_1h_cl_1.csv,357,20250901_234702:357,sobol,10,24,55,135,14,11,2.8,2.4000000000000004,0.8,1.0,10,0.65
5,3355,2120,312,608,2025-08-23 09:00:00,2025-08-29 16:45:00,0.2221738104248857,3.7371069863973934,5.929583545160102,40.942789789635064,0.3332445946498247,100.0,14,inf,0.12921004233510167,,0.0007917958877525708,1.0899834480996395,0.011460143376898787,0.11479802891986432,6,0.0022959605783972863,0.003332445946498247,0.02,0.02,XAUUSDT_15m_cl_1.csv,12,20250901_234702:12,sobol,14,23,49,104,18,13,2.8,2.2,0.8,1.5,28,0.7
2,3355,174,414,588,2025-08-04 04:00:00,2025-08-10 06:45:00,0.21498671469351935,3.9541771005156736,5.56550022528217,42.84822059557822,0.31862905116564666,90.9090909090909,12,25.44321342685697,0.14387532666572245,,0.0011565031211619992,1.087352514114537,0.004936883900207463,0.11108417247289615,6,0.002221683449457923,0.003186290511656467,0.02,0.02,XAUUSDT_15m_cl_1.csv,83,20250901_234702:83,sobol,13,19,47,138,17,17,2.9000000000000004,1.8,1.5,0.8,42,0.6
5,3355,1995,381,594,2025-08-22 19:00:00,2025-08-28 23:15:00,0.21120136059568534,2.9895155258998507,4.9673710809944245,31.472293298998967,0.42110782174026845,100.0,9,inf,0.19192472302243604,,0.0012539352336643776,1.0930803615656337,0.01933683312496902,0.1091281373102156,6,0.002182562746204312,0.0042110782174026844,0.02,0.02,XAUUSDT_15m_cl_1.csv,94,20250901_234702:94,sobol,9,16,57,127,12,11,2.5,3.0,0.8,1.4000000000000001,16,0.8
2,3435,175,426,601,2025-05-06 22:00:00,2025-05-31 22:00:00,0.206095714799827,1.3657966937064414,1.8182834901768257,8.160264939073022,0.3733187952685306,71.42857142857143,8,2.0954447032583645,0.24218802218614108,,0.001050061183439276,1.0849763469227183,0.016927465950269345,0.11738955665243449,25,0.00234779113304869,0.0037331879526853063,0.02,0.02,XAUUSDT_1h_cl_1.csv,335,20250901_234702:335,sobol,11,16,49,142,13,12,1.9000000000000001,3.0,1.2000000000000002,1.5,36,0.6
3,3435,776,426,601,2025-05-31 23:00:00,2025-06-25 23:00:00,0.205194131682639,1.1032910016947934,1.6714297400451217,4.509357834052104,0.6725719096572998,53.333333333333336,16,2.5539962627640573,0.13923809784169877,,0.003545579191946212,1.05379899584929,0.03332872166681707,0.11687589764684074,25,0.002337517952936815,0.0067257190965729985,0.02,0.02,XAUUSDT_1h_cl_1.csv,336,20250901_234702:336,sobol,11,16,49,142,13,12,1.9000000000000001,3.0,1.2000000000000002,1.5,36,0.6
4,3355,1350,414,588,2025-08-16 10:00:00,2025-08-22 12:45:00,0.1924556943725533,4.98101350044574,8.068506082503468,27.678244584173015,0.4386106512541009,53.84615384615385,40,6.9833830486081,0.04934805622069466,,0.0022185610793290806,1.129700436233771,0.003915247951443934,0.09944161529153968,6,0.0019888323058307937,0.0043861065125410095,0.02,0.02,XAUUSDT_15m_cl_1.csv,15,20250901_234702:15,sobol,6,17,34,138,10,18,2.0,2.9000000000000004,1.4000000000000001,1.2000000000000002,45,0.8
2,3355,199,393,592,2025-08-04 05:00:00,2025-08-10 08:45:00,0.18638786080656758,3.1829784781696646,4.378166398262238,47.24782280965136,0.24661943679572737,57.14285714285714,15,1.876084497735161,0.025514420590356492,,0.0012725330876960583,1.0637002061135448,0.005442222278181542,0.09630618482249775,6,0.001926123696449955,0.0024661943679572737,0.02,0.02,XAUUSDT_15m_cl_1.csv,95,20250901_234702:95,sobol,8,28,45,131,18,10,1.9000000000000001,2.6,1.1,1.0,13,0.85
4,3355,1533,300,611,2025-08-17 03:15:00,2025-08-23 11:45:00,0.18471910307505404,4.221909166508383,7.5228149850018475,29.563370441966963,0.37762839671493403,33.33333333333333,28,2.839801404864993,0.06665075920422858,,0.002770644513137949,1.1467475413346915,0.008139333409851414,0.09544389011328185,6,0.001908877802265637,0.0037762839671493403,0.02,0.02,XAUUSDT_15m_cl_1.csv,77,20250901_234702:77,sobol,6,21,37,92,12,11,2.8,2.0,1.6,1.0,50,0.75
5,3355,2144,300,611,2025-08-23 12:00:00,2025-08-29 20:30:00,0.17633831645723727,2.5385124495710825,3.901941163280442,34.04644355669545,0.31227710493592187,80.95238095238095,22,4.259344838735837,0.07782977762953897,,0.0012717492511127792,1.0626866948850764,0.014210022113032947,0.09111331270320822,6,0.0018222662540641644,0.003122771049359219,0.02,0.02,XAUUSDT_15m_cl_1.csv,31,20250901_234702:31,sobol,8,22,52,82,15,15,2.4000000000000004,1.9000000000000001,1.0,1.6,15,0.75
4,3355,1413,375,596,2025-08-16 16:00:00,2025-08-22 20:45:00,0.1757105600787554,3.57276376636222,5.442405186943929,25.87971246825752,0.4201265772961439,85.0,21,1.9765540706678348,0.020956019681303426,,0.00225578795379718,1.0760846250926137,0.004944135147747471,0.09078893507417232,6,0.0018157787014834465,0.004201265772961439,0.02,0.02,XAUUSDT_15m_cl_1.csv,50,20250901_234702:50,sobol,6,28,46,125,19,16,2.6,2.4000000000000004,1.5,1.6,48,0.85
5,3355,1938,414,588,2025-08-22 13:00:00,2025-08-28 15:45:00,0.16949197558353718,5.970156643358953,9.366220431894925,78.87611486077597,0.13462351697943004,0.0,2,0.0,-0.17829391620550017,,0.00037012606319219976,1.1482664682923418,0.0014038335691612743,0.08757564197312438,6,0.0017515128394624878,0.0013462351697943005,0.02,0.02,XAUUSDT_15m_cl_1.csv,86,20250901_234702:86,sobol,13,19,47,138,17,17,2.9000000000000004,1.8,1.5,0.8,42,0.6
4,3355,1533,300,611,2025-08-17 03:15:00,2025-08-23 11:45:00,0.1676929455292296,3.347946660411995,5.099764961413878,19.53274726150043,0.516348590725106,66.66666666666666,25,2.731413849203797,0.05110062737644895,,0.003037543630559413,1.076041682839017,0.006156481218297695,0.08664604201076546,6,0.0017329208402153092,0.00516348590725106,0.02,0.02,XAUUSDT_15m_cl_1.csv,42,20250901_234702:42,sobol,13,26,39,85,10,11,2.5,2.7,1.6,1.4000000000000001,40,0.7
4,3355,1311,438,583,2025-08-16 06:15:00,2025-08-22 07:45:00,0.15945799202199282,3.3229311269419752,5.51877392268916,18.273992569644914,0.5499495763651787,57.14285714285714,22,1.4930830975528393,0.04816554030555058,,0.002846279244545319,1.078915288395233,0.008275208454795728,0.08239086701990028,6,0.0016478173403980056,0.005499495763651787,0.02,0.02,XAUUSDT_15m_cl_1.csv,18,20250901_234702:18,sobol,7,25,39,146,12,19,2.9000000000000004,2.2,1.0,1.3,20,0.85
4,5683,2680,455,1045,2018-09-12 00:00:00,2021-07-22 00:00:00,0.1408707786733004,0.03624642893451095,0.04619387158428654,0.013394153733444996,3.671835918739777,15.384615384615385,14,0.6351374179426508,-0.1693602422316225,,0.007564487146189787,1.0181258643672757,0.12888674362104674,0.01339415373343285,1044,0.0004918113477954122,0.03671835918739777,0.02,0.03671835918739777,XAUUSDT_1d_cl_1.csv,161,20250901_234702:161,sobol,10,17,43,109,17,20,2.0,2.7,1.4000000000000001,1.2000000000000002,33,0.75
3,3435,794,414,604,2025-06-01 05:00:00,2025-06-26 08:00:00,0.13020132130463935,0.33205138543773366,0.4749254933791481,1.2062143467198994,1.5793550440473376,88.88888888888889,19,4.205660501688962,0.2628355198031672,,0.004405406344158772,1.0138675836939361,0.13130087267970658,0.07415419156518784,25,0.0014830838313037568,0.015793550440473376,0.02,0.02,XAUUSDT_1h_cl_1.csv,384,20250901_234702:384,sobol,13,19,47,138,17,17,2.9000000000000004,1.8,1.5,0.8,42,0.6
4,3355,1488,327,605,2025-08-16 22:45:00,2025-08-23 05:45:00,0.12971341275333564,4.628463595963946,8.786330074942713,36.808643767382684,0.21182012895423738,25.0,41,3.051352743871006,0.032424095996151994,,0.0012614892133068867,1.1358788646334463,0.0033058960325203315,0.06702140085080079,6,0.0013404280170160156,0.0021182012895423737,0.02,0.02,XAUUSDT_15m_cl_1.csv,62,20250901_234702:62,sobol,10,17,43,109,17,20,2.0,2.7,1.4000000000000001,1.2000000000000002,33,0.75
5,3355,2144,300,611,2025-08-23 12:00:00,2025-08-29 20:30:00,0.11921097450847354,1.4701370319188143,2.303943785396689,14.237442344763783,0.4966717926069607,57.692307692307686,27,1.1259968003528165,0.008513515041338807,,0.0018281087140024402,1.0342286871943023,0.021323025627315948,0.06159470537211442,6,0.0012318941074422884,0.004966717926069607,0.02,0.02,XAUUSDT_15m_cl_1.csv,43,20250901_234702:43,sobol,13,26,39,85,10,11,2.5,2.7,1.6,1.4000000000000001,40,0.7
5,3435,2157,327,621,2025-07-24 09:00:00,2025-08-19 05:00:00,0.11093018822072197,0.602159194781609,0.8785622014326975,3.1277035197434837,0.5039603814506007,38.88888888888889,19,1.921236894556073,0.09462338782081708,,0.0021849216969603634,1.027291082806724,0.023006325937155434,0.06317712489420368,25,0.0012635424978840737,0.005039603814506007,0.02,0.02,XAUUSDT_1h_cl_1.csv,362,20250901_234702:362,sobol,10,17,43,109,17,20,2.0,2.7,1.4000000000000001,1.2000000000000002,33,0.75
5,3435,2208,300,627,2025-07-25 09:00:00,2025-08-20 11:00:00,0.10847769351689748,0.34601826920015827,0.48699762512316563,1.2836550306726258,1.1890130606416833,47.82608695652174,24,1.6304650287458509,0.11794349802729451,,0.003507509526616399,1.0150293141721862,0.08070093392745982,0.06208184553077231,26,0.0012416369106154463,0.011890130606416834,0.02,0.02,XAUUSDT_1h_cl_1.csv,390,20250901_234702:390,sobol,12,22,42,71,20,18,2.3,2.1,1.3,1.2000000000000002,36,0.7
5,3355,2056,348,601,2025-08-23 02:00:00,2025-08-29 08:00:00,0.10657985998701064,2.165086546747936,3.0676777351137345,17.014170443215473,0.37659850989791643,11.11111111111111,10,0.08557468453646469,-0.19624703460580897,,0.0014803977989886422,1.0537042168830693,0.005600483379796872,0.055068154204381076,6,0.0011013630840876216,0.003765985098979164,0.02,0.02,XAUUSDT_15m_cl_1.csv,27,20250901_234702:27,sobol,12,28,30,116,18,14,2.6,2.6,1.6,1.0,38,0.65
5,3355,2144,300,611,2025-08-23 12:00:00,2025-08-29 20:30:00,0.10603421111956769,1.471698094089484,2.3556329233614046,14.886710586961872,0.420924675074689,86.20689655172413,30,6.015516569360032,0.03629845807273562,,0.0014675362481068402,1.0410245606071122,0.01718805536917708,0.05478621628743019,6,0.0010957243257486038,0.00420924675074689,0.02,0.02,XAUUSDT_15m_cl_1.csv,55,20250901_234702:55,sobol,14,21,37,78,11,14,2.1,2.0,1.2000000000000002,1.1,25,0.65
2,3435,312,312,624,2025-05-07 21:00:00,2025-06-02 20:00:00,0.10565765192449704,0.1777067380195019,0.2323731319289615,0.3348502433263019,4.460295983355091,66.66666666666666,13,0.6098732597269082,-0.5317816195015604,,0.016518294704668177,1.0075218087885847,0.32248408100457626,0.026982027912017346,25,0.0012034783071874593,0.04460295983355091,0.024777442057002268,0.04460295983355091,XAUUSDT_1h_cl_1.csv,307,20250901_234702:307,sobol,14,23,49,104,18,13,2.8,2.2,0.8,1.5,28,0.7
5,3355,2076,336,603,2025-08-23 04:00:00,2025-08-29 10:30:00,0.10353972811037584,1.8741734526646443,2.841260452204221,27.253576674351503,0.22742028597230016,100.0,11,inf,0.06492534649286899,,0.0010002165927460753,1.0506695892698594,0.010355132024779258,0.053497312936240014,6,0.0010699462587248003,0.0022742028597230015,0.02,0.02,XAUUSDT_15m_cl_1.csv,47,20250901_234702:47,sobol,7,19,59,112,19,18,2.3,1.8,1.1,0.8,23,0.85
3,5683,1635,455,1045,2015-11-02 00:00:00,2018-09-11 00:00:00,0.10096177422974542,0.02684183330577029,0.03935478463360034,0.0074412356872452755,4.737463565655955,68.42105263157895,20,1.1458426931261403,0.05492810832262934,,0.029475399101135537,1.0093309160020385,0.20036337586610672,0.0074412356872546985,1044,0.0003525258295182798,0.04737463565655955,0.04421309865170331,0.04737463565655955,XAUUSDT_1d_cl_1.csv,136,20250901_234702:136,sobol,11,16,49,142,13,12,1.9000000000000001,3.0,1.2000000000000002,1.5,36,0.6
5,3435,2059,381,610,2025-07-22 13:00:00,2025-08-16 22:00:00,0.08133351828834545,0.601798090386896,0.8210744819548272,2.720715422434523,0.43164019453836133,77.77777777777779,10,2.627316335926963,0.08874721765462837,,0.0012234637191518955,1.0315761783538147,0.010487428383715929,0.04631951398446941,25,0.0009263902796893882,0.0043164019453836135,0.02,0.02,XAUUSDT_1h_cl_1.csv,394,20250901_234702:394,sobol,9,16,57,127,12,11,2.5,3.0,0.8,1.4000000000000001,16,0.8
4,3355,1383,393,592,2025-08-16 13:00:00,2025-08-22 16:45:00,0.08123187152020143,3.9800321177092197,6.754643190459039,28.732435659503086,0.17135555111785558,57.14285714285714,8,82.5720625143695,0.11678152519813134,,0.0012398076167989289,1.1299987090903525,0.000662060715189534,0.04197090005493065,6,0.0008394180010986129,0.0017135555111785557,0.02,0.02,XAUUSDT_15m_cl_1.csv,97,20250901_234702:97,sobol,8,28,45,131,18,10,1.9000000000000001,2.6,1.1,1.0,13,0.85
2,3355,213,381,594,2025-08-04 05:30:00,2025-08-10 09:45:00,0.06597263041403495,1.060707544920763,1.485467666049734,11.807482374110474,0.33598221613472334,50.0,25,1.3361047868374138,0.01566307633954408,,0.0016355327677204875,1.0243193306332001,0.008314049693526547,0.03408658444524537,6,0.0006817316889049074,0.0033598221613472335,0.02,0.02,XAUUSDT_15m_cl_1.csv,91,20250901_234702:91,sobol,9,16,57,127,12,11,2.5,3.0,0.8,1.4000000000000001,16,0.8
4,3355,1350,414,588,2025-08-16 10:00:00,2025-08-22 12:45:00,0.043567238881919934,0.8675539380148477,1.3506983261145555,4.590472464512744,0.5728533896477075,36.84210526315789,20,0.7896549681808207,-0.011812045061563754,,0.003779092393569927,1.0212543430091992,0.008416804994735537,0.022510056439712194,6,0.0004502011287942439,0.005728533896477075,0.02,0.02,XAUUSDT_15m_cl_1.csv,85,20250901_234702:85,sobol,13,19,47,138,17,17,2.9000000000000004,1.8,1.5,0.8,42,0.6
5,3435,2208,300,627,2025-07-25 09:00:00,2025-08-20 11:00:00,0.04116881300169837,0.16667711491927278,0.24006880469158068,0.6571805481821948,0.877566752026924,35.0,21,1.2913820280955062,0.05669162279604753,,0.004072361036788313,1.0071464948191342,0.056295669914005204,0.023558933735696605,26,0.0004711786747139321,0.00877566752026924,0.02,0.02,XAUUSDT_1h_cl_1.csv,302,20250901_234702:302,sobol,9,26,54,74,13,19,2.7,2.5,1.5,0.9,30,0.8
2,3355,267,336,603,2025-08-04 07:45:00,2025-08-10 14:15:00,0.03847020848853617,0.5479736294560172,0.7595728282508116,5.9188438348166175,0.3818680428735549,41.66666666666667,13,0.5561943310538644,-0.02733163325920005,,0.0013336420624371148,1.0152947723749217,0.01474132872352648,0.019876521045229707,6,0.0003975304209045941,0.0038186804287355493,0.02,0.02,XAUUSDT_15m_cl_1.csv,44,20250901_234702:44,sobol,7,19,59,112,19,18,2.3,1.8,1.1,0.8,23,0.85
5,3355,2039,357,599,2025-08-23 00:00:00,2025-08-29 05:30:00,0.03205128294201556,0.5142306061475488,0.8532880961078271,4.497590432333806,0.42073655149052175,96.96969696969697,34,13.761938125972184,0.009710540483027975,,0.0013306510269617668,1.017890250691176,0.015228507796155234,0.016560000734163378,6,0.0003312000146832676,0.004207365514905218,0.02,0.02,XAUUSDT_15m_cl_1.csv,67,20250901_234702:67,sobol,10,24,50,119,10,15,2.2,2.3,1.2000000000000002,0.9,33,0.85
5,3435,1978,426,601,2025-07-21 01:00:00,2025-08-15 01:00:00,0.031636918218079305,0.2756142435510344,0.36410082436380964,1.2460329111735993,0.37087466014011383,70.0,11,1.4933572054635817,0.029821772399802292,,0.0011193443481418072,1.0154302709920353,0.007822233534352546,0.018016162384319592,25,0.00036032324768639186,0.0037087466014011383,0.02,0.02,XAUUSDT_1h_cl_1.csv,338,20250901_234702:338,sobol,11,16,49,142,13,12,1.9000000000000001,3.0,1.2000000000000002,1.5,36,0.6
4,3355,1533,300,611,2025-08-17 03:15:00,2025-08-23 11:45:00,0.030492994225280092,1.2852187017674488,2.046915760421125,7.594378200250453,0.2322559267141886,59.09090909090909,23,1.9601328782610004,0.013702960338172239,,0.0017636692211745045,1.036085294231551,0.0006403669105831377,0.01575486865351287,6,0.00031509737307025743,0.002322559267141886,0.02,0.02,XAUUSDT_15m_cl_1.csv,3,20250901_234702:3,sobol,9,26,54,74,13,19,2.7,2.5,1.5,0.9,30,0.8
4,3355,1533,300,611,2025-08-17 03:15:00,2025-08-23 11:45:00,0.0281399381081467,1.2346434869932157,1.935659261070053,7.337654598541666,0.2216849312016414,27.27272727272727,23,1.7480172853533902,0.01268879388758281,,0.0018274247404122493,1.0404850265982228,0.000640317324508168,0.014539099998564325,6,0.0002907819999712865,0.002216849312016414,0.02,0.02,XAUUSDT_15m_cl_1.csv,22,20250901_234702:22,sobol,12,19,58,92,20,10,1.8,3.0,1.3,0.9,42,0.7
2,3435,327,300,627,2025-05-08 00:00:00,2025-06-03 02:00:00,0.02292001550799796,0.1656660150215939,0.21649157910634098,0.5648282434953161,0.567780877548229,33.33333333333333,10,0.2975225899021206,-0.1928761824820488,,0.0016754277498335437,1.0106881928872105,0.012671877620409033,0.013115721610261878,26,0.00026231443220523756,0.005677808775482291,0.02,0.02,XAUUSDT_1h_cl_1.csv,367,20250901_234702:367,sobol,10,18,32,82,18,16,2.7,2.8,0.9,1.3,8,0.7
2,3355,242,357,599,2025-08-04 06:45:00,2025-08-10 12:15:00,0.016281761486652613,0.4037147551056253,0.5476318292129113,5.351452153691654,0.17881392607206184,33.33333333333333,7,0.462535377310739,-0.027820364126322234,,0.0006521826161981044,1.013983360592222,0.003076444341869136,0.008412287617393838,6,0.0001682457523478768,0.0017881392607206185,0.02,0.02,XAUUSDT_15m_cl_1.csv,64,20250901_234702:64,sobol,10,24,50,119,10,15,2.2,2.3,1.2000000000000002,0.9,33,0.85
5,3355,2144,300,611,2025-08-23 12:00:00,2025-08-29 20:30:00,0.011666463905658021,0.288481913208202,0.4122036525497306,2.829474846051045,0.23723814528273662,50.0,33,0.5783120918708949,-0.0246725674185716,,0.0008152653555669189,1.0057872828677186,0.001190273720617083,0.006027695702325309,6,0.00012055391404650618,0.002372381452827366,0.02,0.02,XAUUSDT_15m_cl_1.csv,23,20250901_234702:23,sobol,12,19,58,92,20,10,1.8,3.0,1.3,0.9,42,0.7
2,3435,323,303,626,2025-05-07 23:00:00,2025-06-03 00:00:00,0.010841802921891032,0.06469414428686014,0.0853864554778541,0.04955043656130657,3.0640068055360326,66.66666666666666,13,0.5659429522937676,-0.3550729457604974,,0.01077312925543609,1.0026551909114034,0.23588014277374603,0.00404960292062236,26,0.00012408010908505505,0.030640068055360327,0.02,0.030640068055360327,XAUUSDT_1h_cl_1.csv,379,20250901_234702:379,sobol,7,25,36,101,15,13,1.8,2.7,1.2000000000000002,1.3,22,0.75
4,3355,1401,381,594,2025-08-16 14:30:00,2025-08-22 18:45:00,0.00906016207378002,0.4325409475735766,0.7021310702320303,2.2660876747507825,0.23647120395890683,72.0,26,1.7652325279486027,0.01688539664950307,,0.0013024056153557863,1.0135775000309482,0.0006582250095109991,0.0046810974192101895,6,9.362194838420379e-05,0.0023647120395890683,0.02,0.02,XAUUSDT_15m_cl_1.csv,93,20250901_234702:93,sobol,9,16,57,127,12,11,2.5,3.0,0.8,1.4000000000000001,16,0.8
5,3355,2144,300,611,2025-08-23 12:00:00,2025-08-29 20:30:00,0.007946501220468517,0.1718371248225385,0.2563341196985453,1.942433861189349,0.23513932545465632,69.56521739130434,24,1.069621058329397,0.0023303095019397146,,0.0012436256582683972,1.0051286284057432,0.008446158378354017,0.004105702821722105,6,8.211405643444211e-05,0.0023513932545465633,0.02,0.02,XAUUSDT_15m_cl_1.csv,4,20250901_234702:4,sobol,9,26,54,74,13,19,2.7,2.5,1.5,0.9,30,0.8
3,4838,1354,414,884,2017-04-08 00:00:00,2019-09-08 00:00:00,0.0,inf,inf,,,,0,,,,0.0,,0.0,,883,0.0,,0.02,,XAUUSDT_1d_cl_2.csv,212,20250901_234702:212,sobol,6,17,34,138,10,18,2.0,2.9000000000000004,1.4000000000000001,1.2000000000000002,45,0.8
5,4838,3122,414,884,2022-02-09 00:00:00,2024-07-11 00:00:00,0.0,inf,inf,,,,0,,,,0.0,,0.0,,883,0.0,,0.02,,XAUUSDT_1d_cl_2.csv,214,20250901_234702:214,sobol,6,17,34,138,10,18,2.0,2.9000000000000004,1.4000000000000001,1.2000000000000002,45,0.8
4,5683,2680,455,1045,2018-09-12 00:00:00,2021-07-22 00:00:00,0.0,inf,inf,,,,0,,,,0.0,,0.0,,1044,0.0,,0.02,,XAUUSDT_1d_cl_1.csv,121,20250901_234702:121,sobol,12,19,58,92,20,10,1.8,3.0,1.3,0.9,42,0.7
4,5683,2680,455,1045,2018-09-12 00:00:00,2021-07-22 00:00:00,0.0,inf,inf,,,,0,,,,0.0,,0.0,,1044,0.0,,0.02,,XAUUSDT_1d_cl_1.csv,113,20250901_234702:113,sobol,6,17,34,138,10,18,2.0,2.9000000000000004,1.4000000000000001,1.2000000000000002,45,0.8
2,5683,590,455,1045,2012-12-22 00:00:00,2015-11-01 00:00:00,0.0,inf,inf,,,,0,,,,0.0,,0.0,,1044,0.0,,0.02,,XAUUSDT_1d_cl_1.csv,191,20250901_234702:191,sobol,9,16,57,127,12,11,2.5,3.0,0.8,1.4000000000000001,16,0.8
3,3355,807,381,594,2025-08-10 10:00:00,2025-08-16 14:15:00,0.0,inf,inf,,,,0,,,,0.0,,0.0,,6,0.0,,0.02,,XAUUSDT_15m_cl_1.csv,92,20250901_234702:92,sobol,9,16,57,127,12,11,2.5,3.0,0.8,1.4000000000000001,16,0.8
2,5683,590,455,1045,2012-12-22 00:00:00,2015-11-01 00:00:00,-0.025817701476756837,-0.016319992114629932,-0.025019651119084156,-0.012915234117984481,0.698277985271262,25.0,5,0.28439755886805335,-0.17042061086967963,,0.0007722610789573039,0.9892852168251633,0.024951601868838866,-0.0045092118296063965,1044,-9.018423659212793e-05,0.00698277985271262,0.02,0.02,XAUUSDT_1d_cl_1.csv,167,20250901_234702:167,sobol,10,18,32,82,18,16,2.7,2.8,0.9,1.3,8,0.7
2,3355,185,405,590,2025-08-04 04:30:00,2025-08-10 07:45:00,-0.029563960485256755,-0.26162363871112426,-0.3451121817746295,-2.4653198090172705,0.7060866285987879,36.0,26,0.8113008325205262,-0.023797688416024546,,0.0033922811385164735,0.9945235696770943,0.023941126679934584,-0.015274567246089667,6,-0.00030549134492179335,0.007060866285987879,0.02,0.02,XAUUSDT_15m_cl_1.csv,56,20250901_234702:56,sobol,10,24,55,135,14,11,2.8,2.4000000000000004,0.8,1.0,10,0.65
2,3355,311,300,611,2025-08-04 09:45:00,2025-08-10 18:15:00,-0.03299736540463627,-3.7887784645724074,-4.747337373983484,-26.378851252362633,0.07107462039109828,37.5,9,0.1758756063188637,-0.05507821701384075,,0.00032196890599553684,0.8801715849229835,0.0,-0.01704845732137731,6,-0.0003409691464275462,0.0007107462039109829,0.02,0.02,XAUUSDT_15m_cl_1.csv,68,20250901_234702:68,sobol,10,18,32,82,18,16,2.7,2.8,0.9,1.3,8,0.7
3,3355,922,300,611,2025-08-10 18:30:00,2025-08-17 03:00:00,-0.05155467721938079,-5.108837204603818,-6.751433279705733,-37.68667003425558,0.07732308748652486,26.31578947368421,20,0.07198169976296395,-0.02703909393899913,,0.00038726520374962733,0.8241512402346786,0.0,-0.026636140249221747,6,-0.0005327228049844349,0.0007732308748652486,0.02,0.02,XAUUSDT_15m_cl_1.csv,2,20250901_234702:2,sobol,9,26,54,74,13,19,2.7,2.5,1.5,0.9,30,0.8
3,3355,922,300,611,2025-08-10 18:30:00,2025-08-17 03:00:00,-0.05171462734606358,-2.3979723412338765,-3.4542064761198854,-16.242042405358294,0.17996255747642811,11.11111111111111,10,0.21190633245746546,-0.05243494045841696,,0.000865713866468477,0.9120864348155435,0.0009504479254207697,-0.026718778395020862,6,-0.0005343755679004172,0.001799625574764281,0.02,0.02,XAUUSDT_15m_cl_1.csv,41,20250901_234702:41,sobol,13,26,39,85,10,11,2.5,2.7,1.6,1.4000000000000001,40,0.7
2,3355,311,300,611,2025-08-04 09:45:00,2025-08-10 18:15:00,-0.0556663459502829,-1.0405403870796188,-1.399669288489053,-9.910024344188376,0.31713642529930375,10.0,11,0.012730189755224415,-0.03883294793087693,,0.0017618191094497108,0.9643388754347261,0.00639278222558433,-0.028760428950631762,6,-0.0005752085790126353,0.0031713642529930374,0.02,0.02,XAUUSDT_15m_cl_1.csv,40,20250901_234702:40,sobol,13,26,39,85,10,11,2.5,2.7,1.6,1.4000000000000001,40,0.7
2,3355,311,300,611,2025-08-04 09:45:00,2025-08-10 18:15:00,-0.05579770707591933,-2.7970618154525937,-3.369235488390272,-29.117736093568755,0.10818595564153435,53.84615384615385,14,0.1875670150132084,-0.04722401805876446,,0.00047286039256610763,0.9096290864549263,0.0,-0.028828296425207157,6,-0.0005765659285041432,0.0010818595564153436,0.02,0.02,XAUUSDT_15m_cl_1.csv,1,20250901_234702:1,sobol,9,26,54,74,13,19,2.7,2.5,1.5,0.9,30,0.8
3,3435,794,414,604,2025-06-01 05:00:00,2025-06-26 08:00:00,-0.05694387121492301,-0.34059377472360003,-0.49408129196736095,-1.0068831063138148,0.8170829405873744,50.0,17,0.5812759410672717,-0.03543677163629114,,0.004799024300692832,0.9801721292169514,0.021704116973457047,-0.03242411929983718,25,-0.0006484823859967435,0.008170829405873744,0.02,0.02,XAUUSDT_1h_cl_1.csv,312,20250901_234702:312,sobol,6,17,34,138,10,18,2.0,2.9000000000000004,1.4000000000000001,1.2000000000000002,45,0.8
4,4838,2283,387,890,2019-09-27 00:00:00,2022-03-04 00:00:00,-0.063147606250444,-0.0031600238324617025,-0.004159384066967774,-0.00923533771760778,2.804709436268984,39.130434782608695,24,0.7985027238771076,-0.09962815688614096,,0.016415361739886686,0.9988344970609409,0.15377738800488988,-0.00923533771763955,889,-0.00025902438843794506,0.028047094362689838,0.02462304260983003,0.028047094362689838,XAUUSDT_1d_cl_2.csv,241,20250901_234702:241,sobol,13,26,39,85,10,11,2.5,2.7,1.6,1.4000000000000001,40,0.7
2,3355,253,348,601,2025-08-04 07:15:00,2025-08-10 13:15:00,-0.06339627753230843,-0.8769980193841265,-1.1932199804774835,-9.129539160061839,0.3975925713065951,38.46153846153847,14,0.4781406367424863,-0.06336845998952834,,0.0018449729358656366,0.9817727467011316,0.00803187890896702,-0.032754073543694126,6,-0.0006550814708738825,0.003975925713065951,0.02,0.02,XAUUSDT_15m_cl_1.csv,24,20250901_234702:24,sobol,12,28,30,116,18,14,2.6,2.6,1.6,1.0,38,0.65
5,3435,1958,438,599,2025-07-20 17:00:00,2025-08-14 15:00:00,-0.06515333043175531,-0.09522245776128418,-0.13857103528429965,-0.5818980783917259,1.6301982815897473,40.0,11,1.1477663204437725,0.0729204033082162,,0.005703283176983641,0.9960370071003618,0.1577105156320779,-0.03691739060701711,24,-0.0007383478121403423,0.016301982815897474,0.02,0.02,XAUUSDT_1h_cl_1.csv,318,20250901_234702:318,sobol,7,25,39,146,12,19,2.9000000000000004,2.2,1.0,1.3,20,0.85
3,3435,949,303,626,2025-06-03 01:00:00,2025-06-29 02:00:00,-0.06926081688719159,-0.6720839434966029,-1.054340782639245,-3.1662790201391795,0.30472985290134835,35.0,21,0.2145663700919944,-0.03431739351129257,,0.0023348420843293314,0.9509043225703512,0.008753151090798252,-0.03962911400823783,26,-0.0007925822801647565,0.0030472985290134836,0.02,0.02,XAUUSDT_1h_cl_1.csv,380,20250901_234702:380,sobol,7,25,36,101,15,13,1.8,2.7,1.2000000000000002,1.3,22,0.75
3,3355,922,300,611,2025-08-10 18:30:00,2025-08-17 03:00:00,-0.07912637823686665,-8.841362129296837,-10.92118394980258,-53.020447884335034,0.08370518671085847,0.0,6,0.0,-0.12588352145196818,,0.00036176567333552504,0.5823351575339105,0.0,-0.04088091859176136,6,-0.0008176183718352271,0.0008370518671085847,0.02,0.02,XAUUSDT_15m_cl_1.csv,21,20250901_234702:21,sobol,12,19,58,92,20,10,1.8,3.0,1.3,0.9,42,0.7
2,3355,278,327,605,2025-08-04 08:15:00,2025-08-10 15:15:00,-0.08336969548862498,-1.6647108949935587,-2.2764125101865136,-15.441234074617228,0.30539984508061574,39.39393939393939,34,0.36175072714030726,-0.02636167651088195,,0.0016850482303364597,0.9625037376415687,0.004054901356942891,-0.043073184251433694,6,-0.0008614636850286739,0.003053998450806157,0.02,0.02,XAUUSDT_15m_cl_1.csv,60,20250901_234702:60,sobol,10,17,43,109,17,20,2.0,2.7,1.4000000000000001,1.2000000000000002,33,0.75
2,3435,190,414,604,2025-05-07 01:00:00,2025-06-01 04:00:00,-0.08931254734173422,-0.06853759552638103,-0.08917630021876141,-0.41389016122933764,3.1108392286869018,55.55555555555556,10,1.0753294347150149,0.07063561460554424,,0.008319614785803548,0.9970647964355215,0.2510477349854718,-0.032694067914133845,25,-0.0010170598901264132,0.031108392286869017,0.02,0.031108392286869017,XAUUSDT_1h_cl_1.csv,311,20250901_234702:311,sobol,6,17,34,138,10,18,2.0,2.9000000000000004,1.4000000000000001,1.2000000000000002,45,0.8
2,3355,311,300,611,2025-08-04 09:45:00,2025-08-10 18:15:00,-0.09427518749239994,-1.3503606883813375,-1.8258328908306503,-13.770257229319283,0.3823756827755401,0.0,13,0.0,-0.10569681842451412,,0.001747556591971761,0.9635462202271474,0.009804906122692395,-0.04870736556924308,6,-0.0009741473113848617,0.0038237568277554013,0.02,0.02,XAUUSDT_15m_cl_1.csv,28,20250901_234702:28,sobol,8,22,52,82,15,15,2.4000000000000004,1.9000000000000001,1.0,1.6,15,0.75
4,4838,2283,387,890,2019-09-27 00:00:00,2022-03-04 00:00:00,-0.10013629368593514,-0.009354997640980859,-0.012345626416662236,-0.01464653222011546,2.804709436268984,45.45454545454545,23,0.8052109351004181,-0.09824799678142387,,0.01631465240506693,0.9967268647642824,0.168198790536564,-0.01464653222009583,889,-0.00041079267126320484,0.028047094362689838,0.024471978607600395,0.028047094362689838,XAUUSDT_1d_cl_2.csv,225,20250901_234702:225,sobol,12,28,30,116,18,14,2.6,2.6,1.6,1.0,38,0.65
2,3355,159,426,585,2025-08-04 03:15:00,2025-08-10 05:15:00,-0.10111974800514076,-1.2891988582954534,-1.7705685492931234,-13.866548382302495,0.42403636317109833,44.44444444444444,28,0.3381970275558547,-0.043721395366661406,,0.0020989286048505636,0.9707133970411901,0.013867414033416056,-0.052243498935410915,6,-0.0010448699787082183,0.0042403636317109835,0.02,0.02,XAUUSDT_15m_cl_1.csv,36,20250901_234702:36,sobol,11,16,49,142,13,12,1.9000000000000001,3.0,1.2000000000000002,1.5,36,0.6
3,5683,1635,455,1045,2015-11-02 00:00:00,2018-09-11 00:00:00,-0.10209056396352284,-0.031169218582458944,-0.04230164714634052,-0.01453664083143703,2.4538184609883706,80.0,16,0.6954708452231291,-0.06580233386982381,,0.0045070702891253315,0.9890381445528021,0.06853603596671967,-0.014536640831455167,1044,-0.0003567027763298203,0.024538184609883707,0.02,0.024538184609883707,XAUUSDT_1d_cl_1.csv,172,20250901_234702:172,sobol,14,27,60,149,16,20,1.9000000000000001,2.5,1.0,1.6,25,0.65
2,3355,311,300,611,2025-08-04 09:45:00,2025-08-10 18:15:00,-0.10735674214652136,-1.065645704515637,-1.3857207451115572,-13.047897808120556,0.45786467643986795,23.52941176470588,18,0.2590401432712391,-0.08660678633084766,,0.002246896323357918,0.971277099426235,0.02205100870946284,-0.05546572919735722,6,-0.0011093145839471445,0.004578646764398679,0.02,0.02,XAUUSDT_15m_cl_1.csv,87,20250901_234702:87,sobol,12,22,42,71,20,18,2.3,2.1,1.3,1.2000000000000002,36,0.7
3,3435,886,348,617,2025-06-02 07:00:00,2025-06-27 23:00:00,-0.11235208530358705,-0.29267610265682753,-0.4205481686649942,-1.057176493382756,1.4977368496557473,45.45454545454545,23,2.328519129315905,0.1317870289716715,,0.007176906631232049,0.9869931862489609,0.09136216930105072,-0.06396950483185564,25,-0.0012793900966371126,0.014977368496557474,0.02,0.02,XAUUSDT_1h_cl_1.csv,324,20250901_234702:324,sobol,12,28,30,116,18,14,2.6,2.6,1.6,1.0,38,0.65
2,3435,327,300,627,2025-05-08 00:00:00,2025-06-03 02:00:00,-0.11594587636541293,-0.052001565396397234,-0.06802307377914323,-0.36920808995842935,4.3546943167423375,58.333333333333336,13,0.299396698841544,-0.8900339857636552,,0.016323314720714875,0.9978432851651093,0.32450881366809675,-0.030466936620855815,26,-0.0013267419575138982,0.04354694316742338,0.024484972081072313,0.04354694316742338,XAUUSDT_1h_cl_1.csv,387,20250901_234702:387,sobol,12,22,42,71,20,18,2.3,2.1,1.3,1.2000000000000002,36,0.7
4,3355,1398,384,594,2025-08-16 14:30:00,2025-08-22 18:45:00,-0.11971223019994852,-4.22060876557865,-5.870546235616628,-21.113270271815708,0.32312263187683293,37.5,17,0.639754295082657,-0.02785161551425165,,0.001845501501609464,0.9192354463304877,0.0,-0.06184893043362689,6,-0.0012369786086725378,0.0032312263187683292,0.02,0.02,XAUUSDT_15m_cl_1.csv,7,20250901_234702:7,sobol,11,20,44,128,15,12,2.2,1.9000000000000001,1.1,1.4000000000000001,13,0.6
2,3355,307,303,610,2025-08-04 09:30:00,2025-08-10 17:45:00,-0.1234214345822579,-1.1544383525675488,-1.502889122828927,-13.984311547009934,0.4897094437533542,34.61538461538461,27,0.3028874069106379,-0.050587267761759216,,0.002773650073084758,0.9693730139386446,0.028546345211257047,-0.0637652023924155,6,-0.0012753040478483098,0.004897094437533542,0.02,0.02,XAUUSDT_15m_cl_1.csv,79,20250901_234702:79,sobol,7,25,36,101,15,13,1.8,2.7,1.2000000000000002,1.3,22,0.75
2,3355,311,300,611,2025-08-04 09:45:00,2025-08-10 18:15:00,-0.12559682909653191,-7.442285303561229,-9.941724387418516,-52.10123853724556,0.1334657598172157,20.0,16,0.015843111328091408,-0.08537476415380502,,0.0009914851362651136,0.7662721565004091,0.0,-0.06488906593929997,6,-0.0012977813187859994,0.001334657598172157,0.02,0.02,XAUUSDT_15m_cl_1.csv,32,20250901_234702:32,sobol,9,23,33,95,16,17,3.0,2.1,0.9,1.1,18,0.8
2,3355,311,300,611,2025-08-04 09:45:00,2025-08-10 18:15:00,-0.1413039993789198,-2.66608046199667,-3.4687648016170685,-20.05153724202468,0.38846018906351826,0.0,7,0.0,-0.2109466671972999,,0.001828036020293525,0.9063837269569762,0.005976876627514724,-0.0730037385424002,6,-0.0014600747708480041,0.0038846018906351825,0.02,0.02,XAUUSDT_15m_cl_1.csv,20,20250901_234702:20,sobol,12,19,58,92,20,10,1.8,3.0,1.3,0.9,42,0.7
3,3355,791,393,592,2025-08-10 09:00:00,2025-08-16 12:45:00,-0.15875947664949078,-5.1638083566992306,-7.315521462928333,-31.487462205784492,0.28505468571323006,41.37931034482759,30,0.029945859193832452,-0.052557409935039504,,0.0012900295961743421,0.8304457978952683,0.00283164978883159,-0.08202152884033476,6,-0.001640430576806695,0.0028505468571323007,0.02,0.02,XAUUSDT_15m_cl_1.csv,96,20250901_234702:96,sobol,8,28,45,131,18,10,1.9000000000000001,2.6,1.1,1.0,13,0.85
4,3355,1296,447,581,2025-08-16 04:45:00,2025-08-22 05:45:00,-0.1614986360232365,-3.104504630572533,-4.356541454234148,-13.383244101153501,0.6939866997947484,22.22222222222222,19,0.41466226292936686,-0.08235065705210612,,0.0035638827909399793,0.9429844245762055,0.0029108885619177362,-0.08343661497710024,6,-0.0016687322995420047,0.006939866997947484,0.02,0.02,XAUUSDT_15m_cl_1.csv,73,20250901_234702:73,sobol,14,27,60,149,16,20,1.9000000000000001,2.5,1.0,1.6,25,0.65
4,5683,2680,455,1045,2018-09-12 00:00:00,2021-07-22 00:00:00,-0.16619597676765352,-0.046646521614655816,-0.05827654293428275,-0.026375134319978143,2.202101786052743,15.384615384615385,14,0.33189301665594545,-0.23832058114793475,,0.004111416615336404,0.9778241253853117,0.06654000573575564,-0.02637513431995854,1044,-0.000580807303933617,0.02202101786052743,0.02,0.02202101786052743,XAUUSDT_1d_cl_1.csv,137,20250901_234702:137,sobol,11,16,49,142,13,12,1.9000000000000001,3.0,1.2000000000000002,1.5,36,0.6
5,3435,2103,357,615,2025-07-23 09:00:00,2025-08-17 23:00:00,-0.19383488824179837,-0.30435301612484095,-0.4513070275137754,-1.4878176587327945,1.8320828949236208,36.36363636363637,12,0.9336921322494488,-0.04669157815170699,,0.006942802300414219,0.9875596498108073,0.18092130667078124,-0.11035210860720901,25,-0.00220704217214418,0.018320828949236208,0.02,0.02,XAUUSDT_1h_cl_1.csv,366,20250901_234702:366,sobol,10,24,50,119,10,15,2.2,2.3,1.2000000000000002,0.9,33,0.85
3,3355,922,300,611,2025-08-10 18:30:00,2025-08-17 03:00:00,-0.19446906123217644,-4.437275415075809,-6.061741969031815,-31.25160340085307,0.3379934032095803,23.076923076923077,14,0.1690285964681182,-0.10879018542332324,,0.00208143380915115,0.8841600055582797,0.003552189391561513,-0.10046937860066515,6,-0.002009387572013303,0.0033799340320958032,0.02,0.02,XAUUSDT_15m_cl_1.csv,69,20250901_234702:69,sobol,10,18,32,82,18,16,2.7,2.8,0.9,1.3,8,0.7
5,3435,2208,300,627,2025-07-25 09:00:00,2025-08-20 11:00:00,-0.19790376745486357,-0.8719668738970089,-1.2095435922544229,-3.9080160294352266,0.6985029455577191,35.294117647058826,18,0.9330895190329155,-0.008962743040201157,,0.002983221032380086,0.9651442149379745,0.035570917198813556,-0.11321664711499232,26,-0.0022643329422998466,0.006985029455577191,0.02,0.02,XAUUSDT_1h_cl_1.csv,330,20250901_234702:330,sobol,8,22,52,82,15,15,2.4000000000000004,1.9000000000000001,1.0,1.6,15,0.75
2,3435,229,381,610,2025-05-07 07:00:00,2025-06-01 16:00:00,-0.1998133070492315,-0.5009863409216843,-0.6515445386469957,-1.9376665634101047,1.4612739713092764,66.66666666666666,10,0.6647139128965226,-0.19668525366172995,,0.004639048132167431,0.9781242981831912,0.09032128734634452,-0.11375485168242291,25,-0.0022750970336484584,0.014612739713092763,0.02,0.02,XAUUSDT_1h_cl_1.csv,391,20250901_234702:391,sobol,9,16,57,127,12,11,2.5,3.0,0.8,1.4000000000000001,16,0.8
2,3355,296,312,608,2025-08-04 09:00:00,2025-08-10 16:45:00,-0.20002547686028718,-2.8994088675398766,-3.759206267419146,-30.477998778955673,0.35758368117333444,25.0,25,0.09947135162089107,-0.09429389827682703,,0.0018644284443296276,0.9377723198622253,0.006870710787881952,-0.10333982801258337,6,-0.0020667965602516676,0.0035758368117333444,0.02,0.02,XAUUSDT_15m_cl_1.csv,9,20250901_234702:9,sobol,14,23,49,104,18,13,2.8,2.2,0.8,1.5,28,0.7
5,3435,2140,336,619,2025-07-24 01:00:00,2025-08-18 19:00:00,-0.20085983066261406,-0.4714437185920794,-0.6838527480314288,-2.294629799418794,1.22254933493306,33.33333333333333,13,0.8904771032528378,-0.0497657163867416,,0.005877386226321529,0.9822485073378463,0.11508236061890158,-0.11435049754984032,25,-0.0022870099509968065,0.012225493349330601,0.02,0.02,XAUUSDT_1h_cl_1.csv,346,20250901_234702:346,sobol,7,19,59,112,19,18,2.3,1.8,1.1,0.8,23,0.85
3,3435,915,327,621,2025-06-02 15:00:00,2025-06-28 11:00:00,-0.20645085016448092,-4.089646345058624,-4.563198933441737,-11.658062327130374,0.2464543347263661,,1,,,,0.00036959781544784303,0.5092674235942294,0.0,-0.11753269109815631,25,-0.0023506538219631263,0.002464543347263661,0.02,0.02,XAUUSDT_1h_cl_1.csv,360,20250901_234702:360,sobol,10,17,43,109,17,20,2.0,2.7,1.4000000000000001,1.2000000000000002,33,0.75
3,3355,715,447,581,2025-08-10 03:30:00,2025-08-16 04:30:00,-0.20767084254785895,-8.084806690139308,-9.981396223598054,-38.60383727258542,0.30524157630286325,0.0,18,0.0,-0.11863388422865888,,0.001430162622864283,0.7610851243791199,0.0,-0.10728941411991912,6,-0.0021457882823983825,0.0030524157630286326,0.02,0.02,XAUUSDT_15m_cl_1.csv,72,20250901_234702:72,sobol,14,27,60,149,16,20,1.9000000000000001,2.5,1.0,1.6,25,0.65
2,3355,311,300,611,2025-08-04 09:45:00,2025-08-10 18:15:00,-0.2154953604661159,-2.083097850138633,-2.676113491757074,-19.792075787352886,0.5879629641395124,13.333333333333334,16,0.10339533956053319,-0.1631021350996457,,0.002790592093417679,0.9473522888652783,0.023050954784346694,-0.11133152986576039,6,-0.002226630597315208,0.0058796296413951244,0.02,0.02,XAUUSDT_15m_cl_1.csv,52,20250901_234702:52,sobol,14,21,37,78,11,14,2.1,2.0,1.2000000000000002,1.1,25,0.65
2,4838,503,387,890,2014-11-12 00:00:00,2017-04-19 00:00:00,-0.23247626793169474,-0.05625116533503521,-0.0783835497657571,-0.043804199078406277,2.178029654720988,51.61290322580645,32,0.8226260246383262,-0.04569439586121954,,0.010875939899275336,0.9873134473829333,0.15297592703677643,-0.043804199078431624,889,-0.0009540684459412585,0.02178029654720988,0.02,0.02178029654720988,XAUUSDT_1d_cl_2.csv,267,20250901_234702:267,sobol,10,18,32,82,18,16,2.7,2.8,0.9,1.3,8,0.7
3,3435,839,381,610,2025-06-01 17:00:00,2025-06-27 02:00:00,-0.23874771512787446,-1.489962319993048,-2.1031639401157927,-3.811950378444359,0.8852227658185264,29.411764705882355,18,0.06279376588524506,-0.13975887450699848,,0.0063962384069190074,0.9099912356130455,0.019094703610001082,-0.13591397634262373,25,-0.0027182795268524745,0.008852227658185264,0.02,0.02,XAUUSDT_1h_cl_1.csv,392,20250901_234702:392,sobol,9,16,57,127,12,11,2.5,3.0,0.8,1.4000000000000001,16,0.8
5,5683,3725,455,1045,2021-07-23 00:00:00,2024-06-01 00:00:00,-0.2564873444250069,-0.03763310764120603,-0.05238489685123357,-0.021677343595708717,4.1361781402486235,77.77777777777779,28,0.8267238272642043,-0.10261554911828713,,0.020239101147236017,0.9909681693313795,0.20292021694574533,-0.0216773435957005,1044,-0.000896613547191949,0.04136178140248623,0.030358651720854026,0.04136178140248623,XAUUSDT_1d_cl_1.csv,182,20250901_234702:182,sobol,7,25,36,101,15,13,1.8,2.7,1.2000000000000002,1.3,22,0.75
3,3435,747,447,597,2025-05-31 15:00:00,2025-06-25 11:00:00,-0.2623555827627882,-1.1136456639559391,-1.6950020178180556,-3.912697355328948,0.9664305858086425,53.333333333333336,16,0.5443370761112062,-0.08531231697781302,,0.005994455944617174,0.9438078057415515,0.04109447862786093,-0.14862227659771335,24,-0.002972445531954267,0.009664305858086425,0.02,0.02,XAUUSDT_1h_cl_1.csv,372,20250901_234702:372,sobol,14,27,60,149,16,20,1.9000000000000001,2.5,1.0,1.6,25,0.65
2,3435,327,300,627,2025-05-08 00:00:00,2025-06-03 02:00:00,-0.27196314751873274,-0.22569600039322688,-0.29166374424552677,-0.877667779306483,4.253748056278289,50.0,11,0.28416634225882736,-0.9525583238377135,,0.016876697206818805,0.9908190179193485,0.31338034460318137,-0.07314487654959476,26,-0.0031113987644955407,0.042537480562782885,0.025315045810228205,0.042537480562782885,XAUUSDT_1h_cl_1.csv,375,20250901_234702:375,sobol,6,21,37,92,12,11,2.8,2.0,1.6,1.0,50,0.75
2,3435,161,438,599,2025-05-06 20:00:00,2025-05-31 18:00:00,-0.2774565658893721,-0.2804906260627878,-0.3692467804689305,-1.1080680606002888,3.593483389956429,55.55555555555556,10,0.7310534343890178,-0.3351180145927898,,0.01126298365283082,0.9883543976057196,0.28500814089075643,-0.08747727419359327,24,-0.003143481318133416,0.03593483389956429,0.02,0.03593483389956429,XAUUSDT_1h_cl_1.csv,315,20250901_234702:315,sobol,7,25,39,146,12,19,2.9000000000000004,2.2,1.0,1.3,20,0.85
3,3355,854,348,601,2025-08-10 13:30:00,2025-08-16 19:30:00,-0.2920346561827003,-7.2986067095910165,-9.775700613492948,-53.01583697570026,0.2957009801557433,6.25,33,0.07147731574288688,-0.08831801788250085,,0.002097181375022696,0.812239620369363,0.0027360439608856177,-0.15087035832099543,6,-0.003017407166419909,0.0029570098015574333,0.02,0.02,XAUUSDT_15m_cl_1.csv,25,20250901_234702:25,sobol,12,28,30,116,18,14,2.6,2.6,1.6,1.0,38,0.65
3,3435,954,300,627,2025-06-03 03:00:00,2025-06-29 05:00:00,-0.3147952481331579,-0.7584586055886765,-1.0762724148099718,-2.846776721985193,1.5137895372377688,33.33333333333333,22,0.7900362635001416,-0.06518458612249958,,0.008699806417887384,0.9697422839259554,0.11015420819164533,-0.18006126706357387,26,-0.0036012253412714772,0.015137895372377688,0.02,0.02,XAUUSDT_1h_cl_1.csv,368,20250901_234702:368,sobol,10,18,32,82,18,16,2.7,2.8,0.9,1.3,8,0.7
5,3435,2208,300,627,2025-07-25 09:00:00,2025-08-20 11:00:00,-0.3197653815703689,-1.6130869656021112,-2.2489221121489558,-6.929353363394713,0.6315244189540221,31.818181818181817,23,0.6353900064128672,-0.049193935881921946,,0.002667928814701554,0.9365036499130789,0.026349414227978138,-0.18290301008247462,26,-0.003658060201649492,0.006315244189540221,0.02,0.02,XAUUSDT_1h_cl_1.csv,334,20250901_234702:334,sobol,9,23,33,95,16,17,3.0,2.1,0.9,1.1,18,0.8
2,3355,311,300,611,2025-08-04 09:45:00,2025-08-10 18:15:00,-0.3210807610716415,-6.021306781554792,-7.5233110020520195,-35.25913567671176,0.47767245369606737,3.571428571428571,29,3.0813425947088245e-06,-0.11185958009964796,,0.0023779698922665,0.8464858632974008,0.003697596016696301,-0.165874544411162,6,-0.00331749088822324,0.004776724536960673,0.02,0.02,XAUUSDT_15m_cl_1.csv,75,20250901_234702:75,sobol,6,21,37,92,12,11,2.8,2.0,1.6,1.0,50,0.75
4,3355,1329,426,585,2025-08-16 07:45:00,2025-08-22 09:45:00,-0.32402591921888585,-6.196884737023667,-8.910270564089883,-42.64287691066521,0.4143016079906513,12.0,26,0.03716281446786556,-0.12513491949409142,,0.0017722074923681374,0.810155164703775,0.009619334390161736,-0.16739589279703593,6,-0.0033479178559407186,0.004143016079906513,0.02,0.02,XAUUSDT_15m_cl_1.csv,38,20250901_234702:38,sobol,11,16,49,142,13,12,1.9000000000000001,3.0,1.2000000000000002,1.5,36,0.6
3,3435,954,300,627,2025-06-03 03:00:00,2025-06-29 05:00:00,-0.33486643967181634,-0.9565847174821449,-1.4865972027652288,-4.829469329136424,0.9479826094742685,50.0,21,1.0829020296946466,0.013930028324376342,,0.0052206453160166975,0.9621860495063066,0.07417223107529755,-0.19153703148324003,26,-0.0038307406296648008,0.009479826094742684,0.02,0.02,XAUUSDT_1h_cl_1.csv,352,20250901_234702:352,sobol,14,21,37,78,11,14,2.1,2.0,1.2000000000000002,1.1,25,0.65
5,3435,2208,300,627,2025-07-25 09:00:00,2025-08-20 11:00:00,-0.3454721107757422,-1.0729631248448448,-1.444186105249385,-5.319721676455882,0.8872684552590611,31.818181818181817,23,0.6674626656672311,-0.09524285586444459,,0.004155713483156946,0.9570319368048992,0.06603406846149798,-0.19760062101438752,26,-0.00395201242028775,0.008872684552590611,0.02,0.02,XAUUSDT_1h_cl_1.csv,342,20250901_234702:342,sobol,13,26,39,85,10,11,2.5,2.7,1.6,1.4000000000000001,40,0.7
2,3435,327,300,627,2025-05-08 00:00:00,2025-06-03 02:00:00,-0.3472663947152938,-0.37007782310053994,-0.4679319039436043,-1.1152485768976281,4.253748056278289,58.333333333333336,13,0.3125853631852016,-0.8175576446737179,,0.017295591049878906,0.9837117316480263,0.2544665769844972,-0.09338891247410104,26,-0.003972529049146505,0.042537480562782885,0.02594338657481836,0.042537480562782885,XAUUSDT_1h_cl_1.csv,339,20250901_234702:339,sobol,13,26,39,85,10,11,2.5,2.7,1.6,1.4000000000000001,40,0.7
3,5683,1635,455,1045,2015-11-02 00:00:00,2018-09-11 00:00:00,-0.3669529844828617,-0.005590470238032724,-0.007667599684790266,-0.015925709178517253,8.057632702434347,65.0,21,3.659135764738037,1.968982934918512,,0.029263341135367278,0.9988784422939828,0.496673611930426,-0.015925709178513384,1044,-0.0012832351508624829,0.08057632702434347,0.04389501170305092,0.08057632702434347,XAUUSDT_1d_cl_1.csv,116,20250901_234702:116,sobol,7,25,39,146,12,19,2.9000000000000004,2.2,1.0,1.3,20,0.85
3,3435,823,393,608,2025-06-01 13:00:00,2025-06-26 20:00:00,-0.36856434681816735,-1.8502450755662,-2.76941251192333,-7.738464703636147,0.6695137215091371,27.77777777777778,19,0.1587440534030603,-0.1664609227943832,,0.003816288695433081,0.8954454363614227,0.024961200182497208,-0.20978258660635582,25,-0.004195651732127117,0.006695137215091371,0.02,0.02,XAUUSDT_1h_cl_1.csv,396,20250901_234702:396,sobol,8,28,45,131,18,10,1.9000000000000001,2.6,1.1,1.0,13,0.85
3,5683,1635,455,1045,2015-11-02 00:00:00,2018-09-11 00:00:00,-0.3758135539721787,-0.02996684201770978,-0.0410343391991352,-0.021870093944315265,6.009386957810049,78.26086956521739,24,0.679498771442861,-0.16176955768328355,,0.02715631178695195,0.9921066659521833,0.3071222374627772,-0.021870093944318915,1044,-0.0013142585731507062,0.06009386957810049,0.040734467680427926,0.06009386957810049,XAUUSDT_1d_cl_1.csv,160,20250901_234702:160,sobol,10,17,43,109,17,20,2.0,2.7,1.4000000000000001,1.2000000000000002,33,0.75
2,3435,269,348,617,2025-05-07 14:00:00,2025-06-02 06:00:00,-0.3974477860103519,-0.5343025323750231,-0.6897395172684814,-1.663530830894688,3.304553404772973,71.42857142857143,15,0.4335990225244313,-0.37021797986304966,,0.012409653919457166,0.9770382308965773,0.2195602331422166,-0.13691092759202117,25,-0.004524294719248395,0.03304553404772973,0.02,0.03304553404772973,XAUUSDT_1h_cl_1.csv,323,20250901_234702:323,sobol,12,28,30,116,18,14,2.6,2.6,1.6,1.0,38,0.65
3,3355,883,327,605,2025-08-10 15:30:00,2025-08-16 22:30:00,-0.40313002149278515,-12.651929300754345,-15.233412401231897,-47.42118822265924,0.43989173350257715,0.0,33,0.0,-0.12550242071256665,,0.00247394570547532,0.6851960273182995,0.0002471964096172635,-0.20825675880223213,6,-0.004165135176044643,0.0043989173350257715,0.02,0.02,XAUUSDT_15m_cl_1.csv,61,20250901_234702:61,sobol,10,17,43,109,17,20,2.0,2.7,1.4000000000000001,1.2000000000000002,33,0.75
2,3435,283,336,619,2025-05-07 16:00:00,2025-06-02 10:00:00,-0.407297265377315,-0.3625828075894824,-0.47807093273802637,-1.363680575653647,4.11544353014477,55.55555555555556,10,0.5477953443118927,-0.7806368287337168,,0.014936717914535923,0.9854011900939411,0.3245608498937412,-0.1126575841373369,25,-0.004636359257597432,0.041154435301447696,0.022405076871803885,0.041154435301447696,XAUUSDT_1h_cl_1.csv,343,20250901_234702:343,sobol,7,19,59,112,19,18,2.3,1.8,1.1,0.8,23,0.85
3,3355,744,426,585,2025-08-10 05:30:00,2025-08-16 07:30:00,-0.4342009496559612,-11.403079825259281,-13.741985724089005,-43.54584964169659,0.5268995481898184,21.428571428571427,15,0.021880709904372984,-0.2849266929316642,,0.0021694826051758456,0.7163501095506166,0.00045529895948234625,-0.2243057355781327,6,-0.004486114711562654,0.005268995481898184,0.02,0.02,XAUUSDT_15m_cl_1.csv,37,20250901_234702:37,sobol,11,16,49,142,13,12,1.9000000000000001,3.0,1.2000000000000002,1.5,36,0.6
3,3435,849,375,612,2025-06-01 21:00:00,2025-06-27 08:00:00,-0.4363774968245323,-1.549701641688526,-2.3073239798704606,-8.133138439512168,0.7460775593189698,14.285714285714285,15,0.13282501742561775,-0.22077863463056405,,0.002572397089612504,0.9269413276863213,0.04794653577228701,-0.24836050144193378,25,-0.004967210028838676,0.007460775593189698,0.02,0.02,XAUUSDT_1h_cl_1.csv,348,20250901_234702:348,sobol,6,28,46,125,19,16,2.6,2.4000000000000004,1.5,1.6,48,0.85
4,4838,2283,387,890,2019-09-27 00:00:00,2022-03-04 00:00:00,-0.4388413011004688,-0.12150753358141796,-0.1579485892400739,-0.0922102888862268,1.9543126256352228,0.0,21,0.0,-0.2197608099613273,,0.013474349235931538,0.9450420843763293,0.08766804502747014,-0.0891608832102513,889,-0.0018020773178385463,0.01954312625635223,0.02021152385389731,0.02021152385389731,XAUUSDT_1d_cl_2.csv,281,20250901_234702:281,sobol,7,25,36,101,15,13,1.8,2.7,1.2000000000000002,1.3,22,0.75
5,3435,2208,300,627,2025-07-25 09:00:00,2025-08-20 11:00:00,-0.45094601410372626,-2.30678005274583,-2.980541417540858,-9.283059260696728,0.6591911132737196,22.22222222222222,19,0.10529659971608876,-0.22847088624190776,,0.004045573113054864,0.885304833985541,0.02359915334812141,-0.2578944647371726,26,-0.005157889294743452,0.006591911132737196,0.02,0.02,XAUUSDT_1h_cl_1.csv,322,20250901_234702:322,sobol,12,19,58,92,20,10,1.8,3.0,1.3,0.9,42,0.7
3,3355,904,312,608,2025-08-10 17:00:00,2025-08-17 00:45:00,-0.45119054825521016,-8.384178220470416,-11.32913584367009,-45.18648742644685,0.5077263706545607,10.714285714285714,29,0.0028435812458590635,-0.1540121807090416,,0.003025719668723494,0.7870233997814058,0.0071965567284215035,-0.23308118778005796,6,-0.004661623755601159,0.005077263706545607,0.02,0.02,XAUUSDT_15m_cl_1.csv,10,20250901_234702:10,sobol,14,23,49,104,18,13,2.8,2.2,0.8,1.5,28,0.7
3,3435,954,300,627,2025-06-03 03:00:00,2025-06-29 05:00:00,-0.4640106670537705,-1.5974599033297376,-2.4501851747054433,-5.509517745562826,1.141896761313585,43.75,17,0.5318256476266261,-0.06951388206305806,,0.0072750943614894445,0.9029001263145711,0.05087784963835626,-0.2653617163313907,26,-0.005307234326627814,0.011418967613135851,0.02,0.02,XAUUSDT_1h_cl_1.csv,320,20250901_234702:320,sobol,12,19,58,92,20,10,1.8,3.0,1.3,0.9,42,0.7
4,3355,1365,405,590,2025-08-16 11:30:00,2025-08-22 14:45:00,-0.46858875732675354,-5.799749121633553,-7.857450355210605,-22.433676094381994,1.085068986134299,28.000000000000004,26,0.22198419069146855,-0.1588252357904072,,0.004709285807136043,0.8942016229373941,0.015576275488832224,-0.24206759538157704,6,-0.004841351907631541,0.01085068986134299,0.02,0.02,XAUUSDT_15m_cl_1.csv,58,20250901_234702:58,sobol,10,24,55,135,14,11,2.8,2.4000000000000004,0.8,1.0,10,0.65
2,4838,503,387,890,2014-11-12 00:00:00,2017-04-19 00:00:00,-0.4790072954000749,-0.017317879215000945,-0.02358272908637471,-0.029068438439507415,6.76765144589771,50.0,19,0.7569492385690665,-0.48239402506553186,,0.03015947337785428,0.9963642310963033,0.49857154999074554,-0.029068438439502516,889,-0.001967250594350878,0.0676765144589771,0.04523921006678142,0.0676765144589771,XAUUSDT_1d_cl_2.csv,251,20250901_234702:251,sobol,14,21,37,78,11,14,2.1,2.0,1.2000000000000002,1.1,25,0.65
3,3435,954,300,627,2025-06-03 03:00:00,2025-06-29 05:00:00,-0.48279707414282025,-2.2016146059019737,-3.1881252170325864,-7.528460659363649,0.8684514244852739,52.94117647058824,18,1.5685711560785565,0.03919618858053743,,0.002887157833724151,0.884730359774045,0.02927918762892628,-0.2760988696932549,26,-0.0055219773938650985,0.00868451424485274,0.02,0.02,XAUUSDT_1h_cl_1.csv,340,20250901_234702:340,sobol,13,26,39,85,10,11,2.5,2.7,1.6,1.4000000000000001,40,0.7
5,3435,2201,303,626,2025-07-25 05:00:00,2025-08-20 06:00:00,-0.48663130358836176,-1.8736544173312346,-2.4538859685894816,-9.553010644788102,0.6907318704236678,25.0,21,0.3082129377181498,-0.21767871713303277,,0.003828188045189176,0.9227451816658858,0.043281140492036525,-0.2782902164792771,26,-0.005565804329585542,0.006907318704236678,0.02,0.02,XAUUSDT_1h_cl_1.csv,382,20250901_234702:382,sobol,7,25,36,101,15,13,1.8,2.7,1.2000000000000002,1.3,22,0.75
3,3435,760,438,599,2025-05-31 19:00:00,2025-06-25 17:00:00,-0.4943588129464274,-1.656013627222616,-2.399783121795679,-6.4571413781618885,1.08270968163035,35.714285714285715,15,0.6618541831509551,-0.06679199898290622,,0.002796307544082545,0.9150379686472433,0.05910106505361355,-0.27997373357901717,24,-0.0055994746715803435,0.0108270968163035,0.02,0.02,XAUUSDT_1h_cl_1.csv,316,20250901_234702:316,sobol,7,25,39,146,12,19,2.9000000000000004,2.2,1.0,1.3,20,0.85
5,3435,2208,300,627,2025-07-25 09:00:00,2025-08-20 11:00:00,-0.5086551123313313,-1.6864076333886948,-2.2522551141061924,-7.6241605512924755,0.9019772365414205,33.33333333333333,22,0.4559050053996488,-0.16824943830455347,,0.004216573846629355,0.9283414879983568,0.05797979204751482,-0.2908768981505409,26,-0.005817537963010818,0.009019772365414205,0.02,0.02,XAUUSDT_1h_cl_1.csv,378,20250901_234702:378,sobol,6,21,37,92,12,11,2.8,2.0,1.6,1.0,50,0.75
2,3435,237,375,612,2025-05-07 09:00:00,2025-06-01 20:00:00,-0.5115723117919572,-0.559863751145929,-0.73545141843009,-1.919891616425259,3.6868233932507106,50.0,11,0.6917117752933675,-0.3636198131000943,,0.011163893813256904,0.9771294104577826,0.28013291647972766,-0.1579301416915456,25,-0.005822605408877897,0.036868233932507107,0.02,0.036868233932507107,XAUUSDT_1h_cl_1.csv,347,20250901_234702:347,sobol,6,28,46,125,19,16,2.6,2.4000000000000004,1.5,1.6,48,0.85
3,3435,954,300,627,2025-06-03 03:00:00,2025-06-29 05:00:00,-0.5216503703457562,-2.024948972253408,-3.0329636382222502,-7.708263330814861,0.9141637270800773,52.63157894736842,20,0.7662488356003823,-0.048271211343690945,,0.0043357778493206935,0.916367655782944,0.045328819085321756,-0.2983034036747645,26,-0.0059660680734952894,0.009141637270800773,0.02,0.02,XAUUSDT_1h_cl_1.csv,332,20250901_234702:332,sobol,9,23,33,95,16,17,3.0,2.1,0.9,1.1,18,0.8
3,3435,954,300,627,2025-06-03 03:00:00,2025-06-29 05:00:00,-0.528505600476683,-1.3772728773520244,-1.9753434567538997,-4.0791667841413854,1.7493937852681627,50.0,17,1.607026228393951,0.11204255297396654,,0.007244300463814347,0.948459179818581,0.09843739352547917,-0.3022209193724034,26,-0.006044418387448069,0.017493937852681628,0.02,0.02,XAUUSDT_1h_cl_1.csv,328,20250901_234702:328,sobol,8,22,52,82,15,15,2.4000000000000004,1.9000000000000001,1.0,1.6,15,0.75
5,3435,2002,414,604,2025-07-21 13:00:00,2025-08-15 16:00:00,-0.5310752973066314,-1.016059884096958,-1.4731628510997854,-4.359401062128611,1.704865524337913,40.0,11,0.6453949856029464,-0.27611610911020623,,0.006504604282454222,0.9605738192388686,0.15821503287641742,-0.3022220158472397,25,-0.006044440316944794,0.01704865524337913,0.02,0.02,XAUUSDT_1h_cl_1.csv,386,20250901_234702:386,sobol,13,19,47,138,17,17,2.9000000000000004,1.8,1.5,0.8,42,0.6
3,3435,836,384,610,2025-06-01 17:00:00,2025-06-27 02:00:00,-0.5689593039167093,-1.4428388126477862,-2.0578118730039487,-6.337667783325005,1.2413462933814627,11.76470588235294,18,0.3649521044752393,-0.27441444542384563,,0.00684765876791206,0.9466139199602601,0.10123150692557782,-0.32376591286263495,25,-0.006475318257252699,0.012413462933814628,0.02,0.02,XAUUSDT_1h_cl_1.csv,304,20250901_234702:304,sobol,11,20,44,128,15,12,2.2,1.9000000000000001,1.1,1.4000000000000001,13,0.6
3,3355,762,414,588,2025-08-10 07:00:00,2025-08-16 09:45:00,-0.5857803649103098,-9.045096032766287,-12.6157562166291,-42.499097096296474,0.69503825803057,0.0,28,0.0,-0.21693586058552067,,0.005160977564205197,0.7370868023145867,0.014197564211345503,-0.3025959987643382,6,-0.006051919975286764,0.0069503825803057,0.02,0.02,XAUUSDT_15m_cl_1.csv,14,20250901_234702:14,sobol,6,17,34,138,10,18,2.0,2.9000000000000004,1.4000000000000001,1.2000000000000002,45,0.8
5,3435,2056,384,610,2025-07-22 13:00:00,2025-08-16 22:00:00,-0.6063065833986427,-1.3817490511221013,-1.8543331948070831,-7.0270730521459885,1.1901057185443507,30.0,11,0.27614330777335344,-0.47626315411946174,,0.006088607849392414,0.9447918455282536,0.12244407511415249,-0.3450026324401479,25,-0.006900052648802958,0.011901057185443507,0.02,0.02,XAUUSDT_1h_cl_1.csv,306,20250901_234702:306,sobol,11,20,44,128,15,12,2.2,1.9000000000000001,1.1,1.4000000000000001,13,0.6
2,5683,590,455,1045,2012-12-22 00:00:00,2015-11-01 00:00:00,-0.6358497763997648,-0.0784839763230014,-0.10454929979772869,-0.04715951047191609,4.719136031855895,46.15384615384615,27,0.4117971285758992,-0.23687601858245114,,0.01469991004911546,0.9772178678864577,0.2397806639243912,-0.0471595104718864,1044,-0.002225521451125645,0.047191360318558945,0.02204986507367319,0.047191360318558945,XAUUSDT_1d_cl_1.csv,155,20250901_234702:155,sobol,10,24,55,135,14,11,2.8,2.4000000000000004,0.8,1.0,10,0.65
3,3355,775,405,590,2025-08-10 08:00:00,2025-08-16 11:15:00,-0.6509746207993456,-7.632170372076361,-10.97423824290937,-43.78962372014607,0.7342011634658775,7.142857142857142,29,0.011713337336654575,-0.2318107847147289,,0.005389146699262793,0.815051099600575,0.02455581513091771,-0.3362662594201706,6,-0.006725325188403412,0.007342011634658775,0.02,0.02,XAUUSDT_15m_cl_1.csv,57,20250901_234702:57,sobol,10,24,55,135,14,11,2.8,2.4000000000000004,0.8,1.0,10,0.65
3,3355,917,303,610,2025-08-10 18:00:00,2025-08-17 02:15:00,-0.6516621108064214,-10.473336663160582,-13.536997301998296,-45.715007169969596,0.6848808144214444,10.0,21,0.017179323679586005,-0.19165237999370635,,0.003971185106160124,0.7999508554326092,0.004946567736448632,-0.3366213133322053,6,-0.006732426266644106,0.006848808144214445,0.02,0.02,XAUUSDT_15m_cl_1.csv,80,20250901_234702:80,sobol,7,25,36,101,15,13,1.8,2.7,1.2000000000000002,1.3,22,0.75
5,3435,2184,312,624,2025-07-24 21:00:00,2025-08-19 20:00:00,-0.6598028440940598,-3.427688435151004,-4.1716949586971275,-9.138683112560697,0.9710976142534263,21.052631578947366,20,0.01254205550074881,-0.3469448634487179,,0.006450660886328498,0.7826740254181412,0.020380407470851247,-0.3754187446972662,25,-0.007508374893945325,0.009710976142534264,0.02,0.02,XAUUSDT_1h_cl_1.csv,310,20250901_234702:310,sobol,14,23,49,104,18,13,2.8,2.2,0.8,1.5,28,0.7
5,3435,2208,300,627,2025-07-25 09:00:00,2025-08-20 11:00:00,-0.6598425450086096,-3.2255074179769303,-4.2574991745305155,-11.363466922898072,0.7774505770134398,34.78260869565217,24,0.17216663484641528,-0.2340922961959612,,0.004241251755472304,0.8797178983123742,0.02335375473457161,-0.37726211751077643,26,-0.007545242350215528,0.007774505770134398,0.02,0.02,XAUUSDT_1h_cl_1.csv,370,20250901_234702:370,sobol,10,18,32,82,18,16,2.7,2.8,0.9,1.3,8,0.7
3,3355,870,336,603,2025-08-10 14:30:00,2025-08-16 21:00:00,-0.6608986295706281,-7.11454550090733,-10.069891703613088,-39.22940569398502,0.8151196026293861,22.22222222222222,28,0.0632877137930819,-0.24443067559729081,,0.005921259614071264,0.8430027820741602,0.028847868236188175,-0.3413914941117294,6,-0.006827829882234589,0.00815119602629386,0.02,0.02,XAUUSDT_15m_cl_1.csv,45,20250901_234702:45,sobol,7,19,59,112,19,18,2.3,1.8,1.1,0.8,23,0.85
3,5683,1635,455,1045,2015-11-02 00:00:00,2018-09-11 00:00:00,-0.6634529470218428,-0.24573389044171912,-0.3074810177629466,-0.0762296411204635,3.046510752990876,66.66666666666666,19,0.16320179054213163,-0.36707940332074124,,0.012904811243852787,0.9178078554089372,0.05529001272940239,-0.07622964112049199,1044,-0.0023223442137021433,0.03046510752990876,0.02,0.03046510752990876,XAUUSDT_1d_cl_1.csv,112,20250901_234702:112,sobol,6,17,34,138,10,18,2.0,2.9000000000000004,1.4000000000000001,1.2000000000000002,45,0.8
3,3355,804,384,594,2025-08-10 10:00:00,2025-08-16 14:15:00,-0.7153661149560094,-8.376702262940457,-11.105229144327444,-40.9010045654428,0.8441250484594326,0.0,17,0.0,-0.12957779304270942,,0.004161317947949894,0.838742966207885,0.016704076470452887,-0.36952053461419887,6,-0.007390410692283978,0.008441250484594326,0.02,0.02,XAUUSDT_15m_cl_1.csv,6,20250901_234702:6,sobol,11,20,44,128,15,12,2.2,1.9000000000000001,1.1,1.4000000000000001,13,0.6
3,3435,936,312,624,2025-06-02 21:00:00,2025-06-28 20:00:00,-0.750532107698075,-2.59497266721941,-3.866477076065025,-8.513653286593513,1.1788118360596134,47.05882352941176,18,0.6667172933096315,-0.04265683165932163,,0.004626564407785982,0.8855498663123785,0.05698854451151539,-0.42699515963037293,25,-0.00853990319260746,0.011788118360596133,0.02,0.02,XAUUSDT_1h_cl_1.csv,308,20250901_234702:308,sobol,14,23,49,104,18,13,2.8,2.2,0.8,1.5,28,0.7
5,3435,2208,300,627,2025-07-25 09:00:00,2025-08-20 11:00:00,-0.7764471566806265,-2.4964901545803135,-3.386891585416618,-7.63491586686788,1.3514572862829517,50.0,23,0.33440137204289083,-0.19921039035669957,,0.006376251881190684,0.9036348555249129,0.06839948791665192,-0.44386491118766247,26,-0.008877298223753249,0.013514572862829517,0.02,0.02,XAUUSDT_1h_cl_1.csv,354,20250901_234702:354,sobol,14,21,37,78,11,14,2.1,2.0,1.2000000000000002,1.1,25,0.65
3,3355,762,414,588,2025-08-10 07:00:00,2025-08-16 09:45:00,-0.7783388301922145,-11.34153643947178,-15.721393827731191,-47.249173909550514,0.78788115184351,17.24137931034483,30,0.033124826303073916,-0.24801309094634288,,0.004663497514183263,0.798780111515742,0.012506281304799765,-0.4020407603768805,6,-0.00804081520753761,0.0078788115184351,0.02,0.02,XAUUSDT_15m_cl_1.csv,84,20250901_234702:84,sobol,13,19,47,138,17,17,2.9000000000000004,1.8,1.5,0.8,42,0.6
3,3355,817,375,596,2025-08-10 11:00:00,2025-08-16 15:45:00,-0.7813195267525657,-9.52976356327521,-13.297362787520743,-42.07895932504555,0.8779833171911718,0.0,31,0.0,-0.2469132068899481,,0.006693676224347398,0.7078324433939777,0.02180248923843674,-0.40358001212167854,6,-0.008071600242433571,0.008779833171911718,0.02,0.02,XAUUSDT_15m_cl_1.csv,49,20250901_234702:49,sobol,6,28,46,125,19,16,2.6,2.4000000000000004,1.5,1.6,48,0.85
2,3435,327,300,627,2025-05-08 00:00:00,2025-06-03 02:00:00,-0.784781024015632,-0.9088159222762963,-1.153721594508714,-2.596145365250226,4.014969062324881,25.0,13,0.022191627167577027,-1.3551257536156212,,0.018388495762625846,0.9623017681358336,0.25802562278795615,-0.22347586316453288,26,-0.00897248676781948,0.04014969062324881,0.02758274364393877,0.04014969062324881,XAUUSDT_1h_cl_1.csv,331,20250901_234702:331,sobol,9,23,33,95,16,17,3.0,2.1,0.9,1.1,18,0.8
3,3355,841,357,599,2025-08-10 12:30:00,2025-08-16 18:00:00,-0.7868444913702102,-8.717491781889033,-12.050268614909639,-42.36978138014148,0.873366897470214,13.333333333333334,31,0.016557875168508325,-0.2581619798498353,,0.006184693256407087,0.8194625150556941,0.02492833011914325,-0.4064331331656747,6,-0.008128662663313494,0.00873366897470214,0.02,0.02,XAUUSDT_15m_cl_1.csv,65,20250901_234702:65,sobol,10,24,50,119,10,15,2.2,2.3,1.2000000000000002,0.9,33,0.85
5,3435,2039,393,608,2025-07-22 05:00:00,2025-08-16 12:00:00,-0.7941393297225787,-2.791353966406477,-3.5763778328737743,-10.022165228482038,1.0828286318580582,25.0,13,0.04966066396030301,-0.5819424363624683,,0.005982239540567609,0.8786899326487698,0.048026213011894615,-0.451780272984375,25,-0.0090356054596875,0.010828286318580582,0.02,0.02,XAUUSDT_1h_cl_1.csv,398,20250901_234702:398,sobol,8,28,45,131,18,10,1.9000000000000001,2.6,1.1,1.0,13,0.85
3,3355,922,300,611,2025-08-10 18:30:00,2025-08-17 03:00:00,-0.8217778144374341,-8.681660538758836,-12.17175957730174,-40.68125041850159,0.9267420943645676,23.333333333333332,31,0.02802763791480163,-0.27386315865307914,,0.0075607421130457686,0.7875269356813025,0.027120066608191405,-0.42447265099662745,6,-0.00848945301993255,0.009267420943645676,0.02,0.02,XAUUSDT_15m_cl_1.csv,76,20250901_234702:76,sobol,6,21,37,92,12,11,2.8,2.0,1.6,1.0,50,0.75
3,3355,922,300,611,2025-08-10 18:30:00,2025-08-17 03:00:00,-0.8561590284884197,-10.719991892212825,-14.836608480994933,-44.387385723521135,0.8769956366453925,9.375,33,0.023443802681947602,-0.2621096036869958,,0.006173658294783094,0.8162128477675414,0.01568616474800443,-0.44222666333867505,6,-0.0088445332667735,0.008769956366453925,0.02,0.02,XAUUSDT_15m_cl_1.csv,53,20250901_234702:53,sobol,14,21,37,78,11,14,2.1,2.0,1.2000000000000002,1.1,25,0.65
5,3435,2073,375,612,2025-07-22 21:00:00,2025-08-17 08:00:00,-0.8661627214613958,-1.887211367892019,-2.6006733417072496,-6.252875651296624,1.8724118169966046,33.33333333333333,13,0.3430292077923685,-0.5873762449549721,,0.007717615441828383,0.9267380928362736,0.12626371448890142,-0.49271055120714824,25,-0.009854211024142965,0.018724118169966046,0.02,0.02,XAUUSDT_1h_cl_1.csv,350,20250901_234702:350,sobol,6,28,46,125,19,16,2.6,2.4000000000000004,1.5,1.6,48,0.85
2,4838,503,387,890,2014-11-12 00:00:00,2017-04-19 00:00:00,-0.8661849156547817,-0.09742282616182057,-0.13204553822037368,-0.07932975103490739,4.489423696000006,31.57894736842105,20,0.16020626164576382,-1.1750068348165679,,0.022630917957259907,0.9794645210548256,0.3531340044051428,-0.07932975103491344,889,-0.003561448640939213,0.044894236960000056,0.03394637693588986,0.044894236960000056,XAUUSDT_1d_cl_2.csv,203,20250901_234702:203,sobol,11,20,44,128,15,12,2.2,1.9000000000000001,1.1,1.4000000000000001,13,0.6
5,3435,2019,405,606,2025-07-21 21:00:00,2025-08-16 02:00:00,-0.8974062802753764,-1.9370878878825468,-2.6592977978058934,-4.400178061328062,2.776624825123836,12.5,9,0.02564322183741438,-1.000076825638055,,0.015819061092040426,0.9272322623671729,0.13244511026776934,-0.3676865189501909,25,-0.010209275163804658,0.02776624825123836,0.02372859163806064,0.02776624825123836,XAUUSDT_1h_cl_1.csv,358,20250901_234702:358,sobol,10,24,55,135,14,11,2.8,2.4000000000000004,0.8,1.0,10,0.65
3,5683,1635,455,1045,2015-11-02 00:00:00,2018-09-11 00:00:00,-0.938605498010454,-0.16097103992543474,-0.21431627446452453,-0.07696382246246108,4.272717243263901,50.0,21,0.32441925306566544,-0.42594497845779705,,0.018681469484535817,0.9618596709301129,0.20081714958550329,-0.07696382246247509,1044,-0.0032884465134291885,0.04272717243263901,0.028022204226803724,0.04272717243263901,XAUUSDT_1d_cl_1.csv,192,20250901_234702:192,sobol,9,16,57,127,12,11,2.5,3.0,0.8,1.4000000000000001,16,0.8
3,3355,728,438,583,2025-08-10 04:30:00,2025-08-16 06:00:00,-0.9698861813364857,-11.28020143485134,-15.577806815202928,-42.80400268193093,1.0357111323584605,4.3478260869565215,24,0.00037912329664885916,-0.3475471571680949,,0.006429090514946693,0.7890901951726057,0.021803676778901927,-0.5009510804897276,6,-0.010019021609794551,0.010357111323584604,0.02,0.02,XAUUSDT_15m_cl_1.csv,17,20250901_234702:17,sobol,7,25,39,146,12,19,2.9000000000000004,2.2,1.0,1.3,20,0.85
3,3355,922,300,611,2025-08-10 18:30:00,2025-08-17 03:00:00,-0.9906949200638792,-11.483495289361164,-15.81039005378424,-42.63833426262531,1.0202792681085042,6.666666666666667,31,0.006361497317209941,-0.3184136955763711,,0.007865269386735553,0.7866583333566913,0.020931354121144472,-0.5116954626288998,6,-0.010233909252577996,0.010202792681085043,0.02,0.02,XAUUSDT_15m_cl_1.csv,29,20250901_234702:29,sobol,8,22,52,82,15,15,2.4000000000000004,1.9000000000000001,1.0,1.6,15,0.75
3,3355,922,300,611,2025-08-10 18:30:00,2025-08-17 03:00:00,-1.0048954404639054,-11.739515527888138,-16.2093921707867,-41.74917548548248,1.0530948009285794,3.0303030303030303,34,0.002060044213985891,-0.3013135380023172,,0.00808800391409791,0.7678896072617796,0.021768896314937225,-0.5190276750986396,6,-0.010380553501972792,0.010530948009285794,0.02,0.02,XAUUSDT_15m_cl_1.csv,88,20250901_234702:88,sobol,12,22,42,71,20,18,2.3,2.1,1.3,1.2000000000000002,36,0.7
3,3435,807,405,606,2025-06-01 09:00:00,2025-06-26 14:00:00,-1.0076027905889249,-2.4296016928585504,-3.337837475129488,-6.970854955932435,1.9535794622490448,12.5,17,0.2852403753416291,-0.3632823761859337,,0.008922174292990649,0.9108373495101723,0.10818707936172303,-0.5730687672911974,25,-0.011461375345823949,0.019535794622490447,0.02,0.02,XAUUSDT_1h_cl_1.csv,356,20250901_234702:356,sobol,10,24,55,135,14,11,2.8,2.4000000000000004,0.8,1.0,10,0.65
3,3435,954,300,627,2025-06-03 03:00:00,2025-06-29 05:00:00,-1.06400825223551,-3.823393630354296,-5.444913469355336,-10.127790716203478,1.370687934001926,14.285714285714285,15,0.21004330480846486,-0.19228365104280762,,0.004902052880377286,0.838440840845785,0.04066706567022392,-0.608031528985282,26,-0.012160630579705642,0.013706879340019261,0.02,0.02,XAUUSDT_1h_cl_1.csv,300,20250901_234702:300,sobol,9,26,54,74,13,19,2.7,2.5,1.5,0.9,30,0.8
4,5683,2680,455,1045,2018-09-12 00:00:00,2021-07-22 00:00:00,-1.1535275336038502,-0.21604742539345081,-0.2772987605415187,-0.14419624496900624,2.804709436268984,0.0,11,0.0,-1.059805423721936,,0.013092887070823955,0.9037089321944268,0.11569694060125238,-0.14419624496899597,1044,-0.0040442856893909696,0.028047094362689838,0.02,0.028047094362689838,XAUUSDT_1d_cl_1.csv,125,20250901_234702:125,sobol,12,28,30,116,18,14,2.6,2.6,1.6,1.0,38,0.65
4,5683,2680,455,1045,2018-09-12 00:00:00,2021-07-22 00:00:00,-1.1596925133067892,-0.23031635410644483,-0.2939820147332611,-0.14496982992429164,2.804709436268984,0.0,13,0.0,-0.9281405662205408,,0.013209500727658377,0.8897857670085296,0.10233147129522407,-0.1449698299243091,1044,-0.004065982499630194,0.028047094362689838,0.02,0.028047094362689838,XAUUSDT_1d_cl_1.csv,141,20250901_234702:141,sobol,13,26,39,85,10,11,2.5,2.7,1.6,1.4000000000000001,40,0.7
3,3435,954,300,627,2025-06-03 03:00:00,2025-06-29 05:00:00,-1.1892638730923977,-2.7266797450375067,-3.961629395049815,-7.601172842012938,2.02506290095274,30.0,21,0.4215769833183005,-0.21695307961277915,,0.010072803460837216,0.8984953508184873,0.11403865928755934,-0.6710919863180173,26,-0.013590034846193007,0.020250629009527402,0.02,0.020250629009527402,XAUUSDT_1h_cl_1.csv,388,20250901_234702:388,sobol,12,22,42,71,20,18,2.3,2.1,1.3,1.2000000000000002,36,0.7
3,3355,922,300,611,2025-08-10 18:30:00,2025-08-17 03:00:00,-1.2369105190024356,-13.015471665171834,-17.322905977631077,-39.508820871867755,1.2913774912874714,15.384615384615385,27,0.010036324506059848,-0.3489682512568265,,0.00818048389369936,0.7718086520908104,0.02179859283018462,-0.6388154435459201,6,-0.012776308870918403,0.012913774912874714,0.02,0.02,XAUUSDT_15m_cl_1.csv,33,20250901_234702:33,sobol,9,23,33,95,16,17,3.0,2.1,0.9,1.1,18,0.8
2,4838,503,387,890,2014-11-12 00:00:00,2017-04-19 00:00:00,-1.2420050487524577,-0.1374355604258012,-0.18083850954577602,-0.0650445171965235,7.859846251402387,57.14285714285714,8,0.13407331854714846,-1.9277622024964811,,0.023745750670943346,0.9600960049588219,0.3218359645740889,-0.0650445171965224,889,-0.005112399046613647,0.07859846251402387,0.03561862600641502,0.07859846251402387,XAUUSDT_1d_cl_2.csv,279,20250901_234702:279,sobol,7,25,36,101,15,13,1.8,2.7,1.2000000000000002,1.3,22,0.75
2,3435,190,414,604,2025-05-07 01:00:00,2025-06-01 04:00:00,-1.2450344708825583,-1.2958112901711583,-1.665255875739405,-3.0676046201017653,5.416359216760582,60.0,11,0.35591987982577566,-1.3396492258122188,,0.025378550996338754,0.9472351682941527,0.3030390391934613,-0.2613938508873699,25,-0.014158029934583472,0.05416359216760582,0.03806782649450813,0.05416359216760582,XAUUSDT_1h_cl_1.csv,383,20250901_234702:383,sobol,13,19,47,138,17,17,2.9000000000000004,1.8,1.5,0.8,42,0.6
2,3435,215,393,608,2025-05-07 05:00:00,2025-06-01 12:00:00,-1.259994191761774,-1.8072416128787196,-2.255681717246686,-4.575677367400764,3.6491937354933306,36.36363636363637,12,0.23912350779566782,-0.950406982759481,,0.014847590499758688,0.9227934400520107,0.19959894305660486,-0.3926314986938121,25,-0.014327884053908169,0.03649193735493331,0.022271385749638033,0.03649193735493331,XAUUSDT_1h_cl_1.csv,395,20250901_234702:395,sobol,8,28,45,131,18,10,1.9000000000000001,2.6,1.1,1.0,13,0.85
5,3435,2120,348,617,2025-07-23 17:00:00,2025-08-18 09:00:00,-1.2687180499050683,-3.2480542142660838,-4.236676626067028,-8.413520506639372,1.9706326740756934,31.25,17,0.21767362054011236,-0.7352531017502976,,0.011050146696479595,0.8746250409398478,0.09143131785408684,-0.721346635716669,25,-0.01442693271433338,0.019706326740756935,0.02,0.02,XAUUSDT_1h_cl_1.csv,326,20250901_234702:326,sobol,12,28,30,116,18,14,2.6,2.6,1.6,1.0,38,0.65
5,5683,3725,455,1045,2021-07-23 00:00:00,2024-06-01 00:00:00,-1.323168254128909,-0.32636391989238595,-0.42078772250940394,-0.12484132705353675,3.7180274178533272,57.14285714285714,15,0.041650709271018854,-0.9751561791343835,,0.019913637234248303,0.9156601529913894,0.12731798959941915,-0.12484132705353018,1044,-0.004641634768662195,0.03718027417853327,0.029870455851372456,0.03718027417853327,XAUUSDT_1d_cl_1.csv,114,20250901_234702:114,sobol,6,17,34,138,10,18,2.0,2.9000000000000004,1.4000000000000001,1.2000000000000002,45,0.8
3,3435,954,300,627,2025-06-03 03:00:00,2025-06-29 05:00:00,-1.430405450395142,-2.725816086764813,-3.83994295722426,-8.07569678792425,2.2576884919185396,47.05882352941176,18,0.4967040103135763,-0.17477947081698003,,0.00866198893290157,0.9072065963786823,0.16174936830957246,-0.7237775083739089,26,-0.016340641513652485,0.022576884919185396,0.02,0.022576884919185396,XAUUSDT_1h_cl_1.csv,376,20250901_234702:376,sobol,6,21,37,92,12,11,2.8,2.0,1.6,1.0,50,0.75
2,3435,327,300,627,2025-05-08 00:00:00,2025-06-03 02:00:00,-1.4694097593438784,-1.9459207139970576,-2.3751770385439004,-4.392702606044158,4.253258648499128,36.36363636363637,12,0.028750585618195355,-1.3575272575458055,,0.020356877211457566,0.902365297018481,0.19402141889375787,-0.39464777020742936,26,-0.016785390417456456,0.04253258648499128,0.030535315817186347,0.04253258648499128,XAUUSDT_1h_cl_1.csv,319,20250901_234702:319,sobol,12,19,58,92,20,10,1.8,3.0,1.3,0.9,42,0.7
2,4838,456,426,882,2014-11-04 00:00:00,2017-04-03 00:00:00,-1.5056747218069317,-0.3447870886322834,-0.44750401772211607,-0.1348828717256384,4.640088368287617,0.0,7,0.0,-2.108121992722339,,0.01385183367116421,0.9009941180100363,0.16271528752506298,-0.13488287172564187,881,-0.0062586844417538146,0.04640088368287617,0.020777750506746316,0.04640088368287617,XAUUSDT_1d_cl_2.csv,235,20250901_234702:235,sobol,11,16,49,142,13,12,1.9000000000000001,3.0,1.2000000000000002,1.5,36,0.6
3,3435,873,357,615,2025-06-02 03:00:00,2025-06-27 17:00:00,-1.5139620389274342,-3.6703476150718957,-5.032079343428685,-11.26636849507418,1.733553598495359,16.666666666666664,13,0.14391354870534578,-0.37190790284324315,,0.004686346994405514,0.8579138968366664,0.10776660337028128,-0.8605255492119303,25,-0.017210510984238606,0.01733553598495359,0.02,0.02,XAUUSDT_1h_cl_1.csv,364,20250901_234702:364,sobol,10,24,50,119,10,15,2.2,2.3,1.2000000000000002,0.9,33,0.85
5,5683,3725,455,1045,2021-07-23 00:00:00,2024-06-01 00:00:00,-1.5708200895793236,-0.09837956167381906,-0.13339122248011911,-0.0503215755520687,10.959279894053955,90.32258064516128,32,0.5948051623919767,-0.5147304541777615,,0.0471374739716485,0.975684137261186,0.4350012970926555,-0.05032157555207081,1044,-0.005514882311849267,0.10959279894053955,0.07070621095747275,0.10959279894053955,XAUUSDT_1d_cl_1.csv,154,20250901_234702:154,sobol,14,21,37,78,11,14,2.1,2.0,1.2000000000000002,1.1,25,0.65
3,3435,902,336,619,2025-06-02 11:00:00,2025-06-28 05:00:00,-1.6173336812057415,-3.252375490983487,-4.398147869453872,-9.355785964158876,2.202542289166004,42.857142857142854,15,0.3865963403316273,-0.30107988301246946,,0.006660283656468888,0.8789087861256026,0.14153532951347103,-0.8346402049822539,25,-0.01838330347711596,0.022025422891660037,0.02,0.022025422891660037,XAUUSDT_1h_cl_1.csv,344,20250901_234702:344,sobol,7,19,59,112,19,18,2.3,1.8,1.1,0.8,23,0.85
2,4838,431,447,878,2014-10-31 00:00:00,2017-03-26 00:00:00,-1.6969290265677672,-0.23372598060418887,-0.3203270068953463,-0.1413377527410929,5.016154697133014,23.809523809523807,22,0.3709923429681188,-0.908307875854394,,0.026368400213166106,0.9559721993278495,0.3409261333287501,-0.14133775274108748,877,-0.007089720322944304,0.050161546971330136,0.03955260031974916,0.050161546971330136,XAUUSDT_1d_cl_2.csv,271,20250901_234702:271,sobol,14,27,60,149,16,20,1.9000000000000001,2.5,1.0,1.6,25,0.65
2,4838,503,387,890,2014-11-12 00:00:00,2017-04-19 00:00:00,-2.4021949223254566,-0.5264262618865014,-0.6641701838724541,-0.2437633721828969,4.070505499740068,18.181818181818183,23,0.0380995121553094,-1.1196107131902906,,0.020116061353511204,0.8512102771750277,0.14209288031949424,-0.24376337218289537,889,-0.009922401471056608,0.04070505499740068,0.030174092030266806,0.04070505499740068,XAUUSDT_1d_cl_2.csv,291,20250901_234702:291,sobol,9,16,57,127,12,11,2.5,3.0,0.8,1.4000000000000001,16,0.8
3,5683,1635,455,1045,2015-11-02 00:00:00,2018-09-11 00:00:00,-2.5494627110808894,-0.21167314390809067,-0.28768396346488617,-0.10589950398120263,8.479492560921145,68.18181818181817,23,2.979764305081703,1.037082859185735,,0.03167411186545219,0.9526828606619915,0.39488536655478046,-0.10589950398119599,1044,-0.008979740562137906,0.08479492560921145,0.04751116779817828,0.08479492560921145,XAUUSDT_1d_cl_1.csv,128,20250901_234702:128,sobol,8,22,52,82,15,15,2.4000000000000004,1.9000000000000001,1.0,1.6,15,0.75
2,3435,201,405,606,2025-05-07 03:00:00,2025-06-01 08:00:00,-2.5793309885645384,-2.960729608134903,-3.685561168559745,-5.818554421851342,5.406770593822623,25.0,9,0.012833683106941498,-2.910977801275617,,0.029442285593867332,0.8829181259561112,0.2590696009639201,-0.5416044840054742,25,-0.02928331197603273,0.054067705938226227,0.044163428390801,0.054067705938226227,XAUUSDT_1h_cl_1.csv,355,20250901_234702:355,sobol,10,24,55,135,14,11,2.8,2.4000000000000004,0.8,1.0,10,0.65
3,5683,1635,455,1045,2015-11-02 00:00:00,2018-09-11 00:00:00,-2.625358794488136,-0.32640838769625774,-0.4259647998744492,-0.1763732603806832,5.2442150004445685,88.88888888888889,19,1.159152483140739,0.07872389686236686,,0.0172484244943435,0.9178775904417503,0.2702097077486767,-0.17637326038067216,1044,-0.009249392977656368,0.05244215000444569,0.02587263674151525,0.05244215000444569,XAUUSDT_1d_cl_1.csv,140,20250901_234702:140,sobol,13,26,39,85,10,11,2.5,2.7,1.6,1.4000000000000001,40,0.7
2,5683,590,455,1045,2012-12-22 00:00:00,2015-11-01 00:00:00,-4.941970636252486,-0.5399963561125294,-0.6576676394287869,-0.2280073159362874,7.695709723563682,32.35294117647059,35,0.11703913529769944,-1.4527617940588013,,0.0499048384964051,0.8414431569912089,0.24829456011754247,-0.22800731593629842,1044,-0.01754678118294628,0.07695709723563682,0.07485725774460765,0.07695709723563682,XAUUSDT_1d_cl_1.csv,119,20250901_234702:119,sobol,12,19,58,92,20,10,1.8,3.0,1.3,0.9,42,0.7
2,5683,590,455,1045,2012-12-22 00:00:00,2015-11-01 00:00:00,-6.182565059157134,-0.31293529051282654,-0.3932883826172863,-0.176553636176295,12.485952702505266,59.45945945945946,38,0.28077743016854656,-1.6704297006741866,,0.06793244381678284,0.9216927937183581,0.4946734078788906,-0.17655363617628908,1044,-0.02204440350752468,0.12485952702505265,0.10189866572517427,0.12485952702505265,XAUUSDT_1d_cl_1.csv,139,20250901_234702:139,sobol,13,26,39,85,10,11,2.5,2.7,1.6,1.4000000000000001,40,0.7
2,5683,590,455,1045,2012-12-22 00:00:00,2015-11-01 00:00:00,-6.545949841446484,-0.30819660892513917,-0.39190482131058535,-0.18716339069344282,12.485952702505266,30.0,31,0.2169717517855413,-2.1879176996490246,,0.06971264874425247,0.932210042074181,0.5448221318030811,-0.18716339069344223,1044,-0.02336913243838834,0.12485952702505265,0.1045689731163787,0.12485952702505265,XAUUSDT_1d_cl_1.csv,195,20250901_234702:195,sobol,8,28,45,131,18,10,1.9000000000000001,2.6,1.1,1.0,13,0.85
2,5683,590,455,1045,2012-12-22 00:00:00,2015-11-01 00:00:00,-7.7543527446658045,-0.5334162839712191,-0.6313917391528557,-0.22263944280517028,12.485952702505266,38.88888888888889,37,0.11224695209230237,-2.1532610679089066,,0.0767572463823505,0.833950897190098,0.3332481028966349,-0.22263944280516978,1044,-0.027798655525774763,0.12485952702505265,0.11513586957352576,0.12485952702505265,XAUUSDT_1d_cl_1.csv,179,20250901_234702:179,sobol,7,25,36,101,15,13,1.8,2.7,1.2000000000000002,1.3,22,0.75
2,5683,590,455,1045,2012-12-22 00:00:00,2015-11-01 00:00:00,-7.766679530273025,-0.44763628753235707,-0.5540984594795705,-0.2047211309411117,13.600957786968848,32.35294117647059,35,0.1082075984242821,-2.283067677219173,,0.07775431498192918,0.8663740578455909,0.40277363616189105,-0.20472113094110925,1044,-0.02784403460030549,0.13600957786968848,0.11663147247289377,0.13600957786968848,XAUUSDT_1d_cl_1.csv,159,20250901_234702:159,sobol,10,17,43,109,17,20,2.0,2.7,1.4000000000000001,1.2000000000000002,33,0.75
2,5683,590,455,1045,2012-12-22 00:00:00,2015-11-01 00:00:00,-7.934677493344725,-0.2923707626340302,-0.37283750463319676,-0.1784141828428769,15.953264118304055,46.666666666666664,31,0.23613396867850914,-2.750352493573398,,0.09378939650247282,0.9336039004747664,0.5952459115058206,-0.17841418284287458,1044,-0.0284628858134377,0.15953264118304056,0.14068409475370924,0.15953264118304056,XAUUSDT_1d_cl_1.csv,147,20250901_234702:147,sobol,6,28,46,125,19,16,2.6,2.4000000000000004,1.5,1.6,48,0.85
2,5683,590,455,1045,2012-12-22 00:00:00,2015-11-01 00:00:00,-8.154537150166915,-0.3649350165066829,-0.4787291058842268,-0.22968747000541234,12.745096706252337,30.76923076923077,27,0.15089189245664608,-3.1053140987304206,,0.08574254128399056,0.9172809260425154,0.5476436358138445,-0.22761078095702758,1044,-0.029273890174333905,0.12745096706252337,0.12861381192598584,0.12861381192598584,XAUUSDT_1d_cl_1.csv,171,20250901_234702:171,sobol,14,27,60,149,16,20,1.9000000000000001,2.5,1.0,1.6,25,0.65
2,5683,590,455,1045,2012-12-22 00:00:00,2015-11-01 00:00:00,-8.403357991874762,-0.370558266964149,-0.4603301148586107,-0.18926064166035872,15.953264118304055,62.16216216216216,38,0.2307206487674056,-2.277949592661386,,0.09063313032682191,0.9057213488721839,0.5132222021471514,-0.18926064166035914,1044,-0.030193250036074093,0.15953264118304056,0.13594969549023286,0.15953264118304056,XAUUSDT_1d_cl_1.csv,99,20250901_234702:99,sobol,9,26,54,74,13,19,2.7,2.5,1.5,0.9,30,0.8
2,5683,590,455,1045,2012-12-22 00:00:00,2015-11-01 00:00:00,-9.147938022955737,-0.430969639263849,-0.529786534563978,-0.2143862068331295,15.371380449154984,27.77777777777778,37,0.1317472584557783,-2.5462693682870747,,0.09213762618690162,0.8940441523314159,0.5018962439677636,-0.21438620683312537,1044,-0.032954119482832,0.15371380449154984,0.13820643928035242,0.15371380449154984,XAUUSDT_1d_cl_1.csv,123,20250901_234702:123,sobol,12,28,30,116,18,14,2.6,2.6,1.6,1.0,38,0.65
2,5683,590,455,1045,2012-12-22 00:00:00,2015-11-01 00:00:00,-9.623403530491137,-0.9047918895213424,-1.0970351937088658,-0.33864851714742394,10.253945778849795,0.0,32,0.0,-3.0822021312546735,,0.07651371769838333,0.7881042058585542,0.2920049417983624,-0.30255869033455357,1044,-0.03472483532917592,0.10253945778849795,0.114770576547575,0.114770576547575,XAUUSDT_1d_cl_1.csv,135,20250901_234702:135,sobol,11,16,49,142,13,12,1.9000000000000001,3.0,1.2000000000000002,1.5,36,0.6
2,5683,590,455,1045,2012-12-22 00:00:00,2015-11-01 00:00:00,-9.752700369163868,-0.5605843902415523,-0.7363375055003518,-0.3149355594082023,11.17924160308087,6.451612903225806,32,0.002457588115836446,-3.0944655597147106,,0.0717072991995007,0.8837206386913871,0.4953807253928467,-0.3149355594082008,1044,-0.03520740708025705,0.1117924160308087,0.10756094879925104,0.1117924160308087,XAUUSDT_1d_cl_1.csv,103,20250901_234702:103,sobol,11,20,44,128,15,12,2.2,1.9000000000000001,1.1,1.4000000000000001,13,0.6
2,5683,590,455,1045,2012-12-22 00:00:00,2015-11-01 00:00:00,-10.42130275197442,-0.36495875330534866,-0.4722393908653184,-0.22913721889255775,16.4573972653191,32.25806451612903,32,0.1668221420411998,-3.315464923371509,,0.09770230835999026,0.9264376872403639,0.6345723923312543,-0.22913721889255467,1044,-0.03771002239585153,0.164573972653191,0.14655346253998539,0.164573972653191,XAUUSDT_1d_cl_1.csv,115,20250901_234702:115,sobol,7,25,39,146,12,19,2.9000000000000004,2.2,1.0,1.3,20,0.85
2,5683,590,455,1045,2012-12-22 00:00:00,2015-11-01 00:00:00,-11.46392782784949,-0.4362151449525818,-0.5547225708348977,-0.246810554274501,16.8700227946103,16.129032258064516,32,0.10124593922262738,-3.699433442243474,,0.10895893422058758,0.9033471432134748,0.5852825788089135,-0.24681055427449597,1044,-0.0416369967656115,0.168700227946103,0.1634384013308814,0.168700227946103,XAUUSDT_1d_cl_1.csv,163,20250901_234702:163,sobol,10,24,50,119,10,15,2.2,2.3,1.2000000000000002,0.9,33,0.85
2,5683,590,455,1045,2012-12-22 00:00:00,2015-11-01 00:00:00,-13.173345144932954,-0.5541920251792698,-0.6884110354032402,-0.28886120916018393,16.66580233515328,15.789473684210526,39,0.09957577807724631,-3.409215092847179,,0.11059803176951759,0.8749753464889692,0.5460816379087122,-0.2888612091601824,1044,-0.04814103814156967,0.1666580233515328,0.16589704765427638,0.1666580233515328,XAUUSDT_1d_cl_1.csv,151,20250901_234702:151,sobol,14,21,37,78,11,14,2.1,2.0,1.2000000000000002,1.1,25,0.65
2,5683,590,455,1045,2012-12-22 00:00:00,2015-11-01 00:00:00,-13.248411860408865,-0.5799555840279728,-0.7277064902978396,-0.2875326862795163,16.842800456249492,21.21212121212121,34,0.08690179362565985,-3.9841467139519944,,0.1156823473490589,0.8592418927898163,0.5088069101088265,-0.27908929181980885,1044,-0.048428556596552985,0.16842800456249493,0.17352352102358834,0.17352352102358834,XAUUSDT_1d_cl_1.csv,107,20250901_234702:107,sobol,14,23,49,104,18,13,2.8,2.2,0.8,1.5,28,0.7
2,5683,590,455,1045,2012-12-22 00:00:00,2015-11-01 00:00:00,-13.255726542883735,-0.5146369118723708,-0.6321116152882275,-0.26860510528578413,18.04008218466345,31.57894736842105,39,0.1558365460089984,-3.445324065898979,,0.11604245790287712,0.8851464375398816,0.5692024246274828,-0.2686051052857788,1044,-0.04845658174575629,0.1804008218466345,0.17406368685431567,0.1804008218466345,XAUUSDT_1d_cl_1.csv,131,20250901_234702:131,sobol,9,23,33,95,16,17,3.0,2.1,0.9,1.1,18,0.8
2,5683,590,455,1045,2012-12-22 00:00:00,2015-11-01 00:00:00,-13.528027218739977,-0.549626964704904,-0.6882526458359207,-0.30078242440779573,16.4573972653191,27.027027027027028,38,0.1033291148265223,-3.5996599061635868,,0.1116493465316095,0.8794713018087142,0.5618221188589388,-0.29557395558384564,1044,-0.04950095848904901,0.164573972653191,0.16747401979741425,0.16747401979741425,XAUUSDT_1d_cl_1.csv,175,20250901_234702:175,sobol,6,21,37,92,12,11,2.8,2.0,1.6,1.0,50,0.75
2,5683,590,455,1045,2012-12-22 00:00:00,2015-11-01 00:00:00,-13.994435603805632,-0.460397987196476,-0.6032199297240803,-0.2887632944386832,17.76361348572238,35.483870967741936,32,0.11569778751681646,-4.402735545155849,,0.12375476507599786,0.9095176687935091,0.6478789353829542,-0.27632495864556983,1044,-0.05129479551272598,0.17763613485722382,0.1856321476139968,0.1856321476139968,XAUUSDT_1d_cl_1.csv,143,20250901_234702:143,sobol,7,19,59,112,19,18,2.3,1.8,1.1,0.8,23,0.85
2,5683,590,455,1045,2012-12-22 00:00:00,2015-11-01 00:00:00,-15.120693723331113,-0.5392385486364573,-0.6675688603528651,-0.2975136738703078,18.70593474641779,15.789473684210526,39,0.07984111086505266,-3.9395311165891957,,0.12927871869876018,0.8807650510313542,0.5899655353191966,-0.28699084817679543,1044,-0.05565271369584979,0.18705934746417788,0.19391807804814026,0.19391807804814026,XAUUSDT_1d_cl_1.csv,187,20250901_234702:187,sobol,12,22,42,71,20,18,2.3,2.1,1.3,1.2000000000000002,36,0.7
2,5683,590,455,1045,2012-12-22 00:00:00,2015-11-01 00:00:00,-15.507097893408123,-0.6109090349902175,-0.7683872853880058,-0.3142713588652985,18.186997041746636,44.73684210526316,39,0.12148504370364445,-3.981350526273921,,0.1245774189866053,0.8769507085452138,0.588270324879785,-0.3058688228029208,1044,-0.057156522739888804,0.18186997041746636,0.18686612847990797,0.18686612847990797,XAUUSDT_1d_cl_1.csv,127,20250901_234702:127,sobol,8,22,52,82,15,15,2.4000000000000004,1.9000000000000001,1.0,1.6,15,0.75
2,5683,590,455,1045,2012-12-22 00:00:00,2015-11-01 00:00:00,-17.40533947600243,-0.6129118684726326,-0.7899358889475826,-0.3133675349518621,20.617913053321754,16.666666666666664,31,0.050289166001863575,-5.693371392403158,,0.13303367515238243,0.8804694840440066,0.6218586694668584,-0.313367534951863,1044,-0.06460984589371277,0.20617913053321754,0.19955051272857366,0.20617913053321754,XAUUSDT_1d_cl_1.csv,183,20250901_234702:183,sobol,13,19,47,138,17,17,2.9000000000000004,1.8,1.5,0.8,42,0.6
