fold_id,bars_total,bars_train,bars_embargo,bars_val,val_start,val_end,total_return,sharpe_ratio,sortino_ratio,calmar_ratio,max_drawdown,win_rate,total_trades,profit_factor,expectancy,avg_hold_hours,ulcer_index,omega_0,omega_fees,calmar_robust,val_days,cagr_adj,maxdd_obs_frac,dd_floor,dd_adj,chart,trial_id,trial_uid,method,param_fast_min_len,param_fast_max_len,param_slow_min_len,param_slow_max_len,param_dma_atr_len,param_atr_len,param_upper_outer_mult,param_lower_outer_mult,param_upper_inner_mult,param_lower_inner_mult,param_momentum_len,param_momentum_threshold
6,5623,3860,450,862,2025-02-21 15:00:00,2025-06-04 10:00:00,11.944669673973943,10.49691015631702,15.103221660831837,1532.4945026324745,6.340541512728202,90.47619047619048,22,40.30269492266163,5.255032300738278,,0.02378556394803687,1.1844437452586587,0.6313483485343309,3.078886591503131,102,0.19521808246407843,0.06340541512728202,0.03567834592205531,0.06340541512728202,chart_cl_4.csv,726,20250831_170943:726,lhs,14,27,39,149,17,19,3.0,2.1,1.4000000000000001,1.1,48,0.7
6,5623,3860,450,862,2025-02-21 15:00:00,2025-06-04 10:00:00,11.566326183741394,9.963385923466817,14.163371584594767,1101.6643471518532,7.674488009205446,81.81818181818183,23,21.691778925857218,4.833048951322404,,0.02875932387425571,1.1713331716670614,0.6387746160106191,2.459924854021029,102,0.18878663795730846,0.07674488009205446,0.04313898581138356,0.07674488009205446,chart_cl_4.csv,616,20250831_170943:616,lhs,10,27,50,126,26,21,2.7,1.8,0.8,1.1,47,0.7
6,5623,3860,450,862,2025-02-21 15:00:00,2025-06-04 10:00:00,11.34284711610999,10.713001832387349,15.500435489902062,1273.9230987530188,6.1111218071767,85.71428571428571,22,92.63416746754328,4.91708683867943,,0.024397674939164705,1.1892261601297365,0.6046803745680699,3.0271913116634726,102,0.18499534839202486,0.061111218071767004,0.03659651240874706,0.061111218071767004,chart_cl_4.csv,696,20250831_170943:696,lhs,12,26,42,124,27,19,2.3,2.0,0.9,1.0,38,0.85
6,5623,3860,450,862,2025-02-21 15:00:00,2025-06-04 10:00:00,10.946655507149504,10.392008812802848,14.899658554840077,1068.0409712671274,6.293257494710421,95.65217391304348,24,63.97151842750246,4.384598256279576,,0.023460911445570134,1.191428828647347,0.5915413221262195,2.8329990980572624,102,0.17828792806356727,0.0629325749471042,0.0351913671683552,0.0629325749471042,chart_cl_4.csv,791,20250831_170943:791,lhs,13,24,59,119,22,28,2.3,2.2,1.6,1.1,15,0.85
6,5623,3860,450,862,2025-02-21 15:00:00,2025-06-04 10:00:00,10.852630589468598,10.714825727383616,15.365912909607086,1106.4824080152794,5.86576436736198,91.66666666666666,25,45.1844292229939,4.1919893925248255,,0.021630726682546716,1.1833825225478407,0.5951743433882946,3.0123733522580083,102,0.17669872270865783,0.0586576436736198,0.032446090023820075,0.0586576436736198,chart_cl_4.csv,646,20250831_170943:646,lhs,6,17,46,116,21,17,2.1,1.9000000000000001,1.6,1.2000000000000002,32,0.8
6,5623,3860,450,862,2025-02-21 15:00:00,2025-06-04 10:00:00,10.59320494818383,11.336004088262431,16.373175810482213,1290.9741562695494,4.563719827315045,82.6086956521739,24,261.32344540609023,4.072324779855466,,0.01553635128760752,1.1913709463102018,0.5721860413528873,3.775847850790015,102,0.17231911701575292,0.04563719827315045,0.02330452693141128,0.04563719827315045,chart_cl_4.csv,641,20250831_170943:641,lhs,9,28,60,102,30,16,2.3,1.8,1.6,1.4000000000000001,34,0.7
6,5623,3860,450,862,2025-02-21 15:00:00,2025-06-04 10:00:00,10.48477449394078,10.66477495511601,15.301163753871247,1034.7228912247965,5.467582240073578,81.81818181818183,23,256.631608230406,4.180698329307291,,0.01832445315104515,1.1856579931078868,0.5793111445356656,3.118213030362681,102,0.1704908618557701,0.054675822400735784,0.027486679726567723,0.054675822400735784,chart_cl_4.csv,596,20250831_170943:596,lhs,9,28,57,146,26,14,3.0,2.3,1.1,1.2000000000000002,30,0.85
6,5623,3860,450,862,2025-02-21 15:00:00,2025-06-04 10:00:00,10.111396357801791,9.808284031512128,14.10527888065256,852.9214462361417,5.765205118800038,90.9090909090909,23,50.36898187498478,4.403988877101487,,0.022796405076101547,1.1803668820763684,0.5771693004374876,2.848216012193935,102,0.16420549532948706,0.05765205118800038,0.03419460761415232,0.05765205118800038,chart_cl_4.csv,636,20250831_170943:636,lhs,12,17,49,130,25,18,2.7,2.1,1.2000000000000002,0.8,50,0.75
6,5623,3860,450,862,2025-02-21 15:00:00,2025-06-04 10:00:00,9.959899926764512,10.212870149890865,14.753535024500648,746.6307189885312,6.220186998424455,86.20689655172413,30,14.613662298888228,3.1653776486969902,,0.025092726051010567,1.200548525603775,0.5478464643771277,2.5989531064713005,102,0.16165974322387633,0.062201869984244554,0.03763908907651585,0.062201869984244554,chart_cl_4.csv,826,20250831_170943:826,lhs,9,22,30,121,21,30,2.9000000000000004,2.0,1.5,0.8,48,0.75
6,5623,3860,450,862,2025-02-21 15:00:00,2025-06-04 10:00:00,8.769108933824521,9.957495936497441,14.520519855087679,611.5062212711987,4.820008394437933,90.0,31,24.489763163557562,2.6412452700175644,,0.015398114633751032,1.1806934895503598,0.5223261113161374,2.940663315955316,102,0.1417402186812031,0.04820008394437933,0.02309717195062655,0.04820008394437933,chart_cl_4.csv,766,20250831_170943:766,lhs,14,18,35,90,28,10,2.5,1.8,1.3,1.2000000000000002,28,0.75
2,5623,412,450,862,2024-01-11 07:00:00,2024-04-23 04:00:00,8.651045383623318,11.801888654635414,17.299404645919672,1035.7941372149985,2.7185466066339843,65.0,21,20.8235229652787,2.4201850304153365,,0.0056225084678226695,1.2526185024531407,0.42565236159559733,5.141497686865155,102,0.13977401089643746,0.027185466066339842,0.02,0.027185466066339842,chart_cl_4.csv,672,20250831_170943:672,lhs,14,24,33,140,14,22,2.8,2.0,0.8,0.9,34,0.65
6,5623,3860,450,862,2025-02-21 15:00:00,2025-06-04 10:00:00,8.627902709416958,11.197511990234602,16.439590832078924,700.7672221134201,3.982370034078569,100.0,18,inf,4.493369952807956,,0.013605487978242332,1.260644380896,0.45300156119549584,3.500146425720826,102,0.13938878240677827,0.03982370034078569,0.020408231967363497,0.03982370034078569,chart_cl_4.csv,761,20250831_170943:761,lhs,10,22,57,100,24,29,2.2,2.8,0.8,0.9,46,0.85
2,5623,412,450,862,2024-01-11 07:00:00,2024-04-23 04:00:00,8.539052513921211,12.50555257641723,18.325512985999698,1296.994575020367,2.0787629551011393,72.0,26,32.6632695858379,2.5419585395542774,,0.005396100669338577,1.26239539764172,0.4090411981891984,6.634251525585842,102,0.13791036306211066,0.02078762955101139,0.02,0.02078762955101139,chart_cl_4.csv,827,20250831_170943:827,lhs,14,19,39,109,15,11,2.1,1.9000000000000001,1.1,1.4000000000000001,39,0.6
2,5623,412,450,862,2024-01-11 07:00:00,2024-04-23 04:00:00,8.282640471718103,11.813781104693234,16.973236391650147,933.7111225613539,2.6130463045267676,81.48148148148148,28,132.3188203376565,2.4141031824078008,,0.00551747947303229,1.2487985840361855,0.4133475694253455,5.114674828856498,102,0.1336488216039955,0.026130463045267675,0.02,0.026130463045267675,chart_cl_4.csv,637,20250831_170943:637,lhs,9,28,60,102,30,16,2.3,1.8,1.6,1.4000000000000001,34,0.7
6,5623,3860,450,862,2025-02-21 15:00:00,2025-06-04 10:00:00,8.220072492005016,11.08705915719096,16.220276385043462,600.369938353814,3.9656426166659644,91.42857142857143,36,48.189743209694456,2.123246179126648,,0.01345662384319703,1.211363531768368,0.451285523860309,3.3439745347859238,102,0.13261007924192802,0.039656426166659646,0.020184935764795547,0.039656426166659646,chart_cl_4.csv,666,20250831_170943:666,lhs,8,16,50,81,16,25,3.0,1.9000000000000001,1.4000000000000001,0.9,33,0.75
4,5623,2136,450,862,2024-08-01 08:00:00,2024-11-11 05:00:00,8.085165003258883,14.737530025618346,21.0699672356684,1399.5428425716889,1.613523652465681,100.0,21,inf,3.9791144988756293,,0.006188563601294803,1.270419783421592,0.3576689591468625,6.4943193277138045,101,0.1298863865542761,0.016135236524656812,0.02,0.02,chart_cl_4.csv,614,20250831_170943:614,lhs,10,27,50,126,26,21,2.7,1.8,0.8,1.1,47,0.7
6,5623,3860,450,862,2025-02-21 15:00:00,2025-06-04 10:00:00,8.064812290586618,9.911917764556168,14.33056550926908,581.0902829467574,3.8551875946494505,91.30434782608695,24,218.67662975603375,3.386096001177531,,0.012677618987207569,1.1715427121643138,0.49945380188594607,3.3729718863054035,102,0.1300343937318595,0.03855187594649451,0.02,0.03855187594649451,chart_cl_4.csv,676,20250831_170943:676,lhs,14,24,33,140,14,22,2.8,2.0,0.8,0.9,34,0.65
2,5623,412,450,862,2024-01-11 07:00:00,2024-04-23 04:00:00,8.063481222875668,12.091633566754197,17.980194755309288,866.5762919810737,2.58377782322388,61.904761904761905,22,15.532776405662284,2.338714409294141,,0.0050552614580281615,1.2522555303340503,0.3942864698134358,5.0318693293821495,102,0.13001232382618017,0.025837778232238803,0.02,0.025837778232238803,chart_cl_4.csv,742,20250831_170943:742,lhs,7,23,34,134,14,12,2.5,2.1,1.4000000000000001,1.2000000000000002,32,0.6
4,5623,2136,450,862,2024-08-01 08:00:00,2024-11-11 05:00:00,7.798515016231658,13.604488605808964,19.298539855030114,945.371649465531,2.1334350338685724,100.0,16,inf,5.320548948935721,,0.006212779764588519,1.243005698473942,0.3685137984957662,5.866407118151503,101,0.12515598468800387,0.021334350338685724,0.02,0.021334350338685724,chart_cl_4.csv,829,20250831_170943:829,lhs,14,19,39,109,15,11,2.1,1.9000000000000001,1.1,1.4000000000000001,39,0.6
2,5623,412,450,862,2024-01-11 07:00:00,2024-04-23 04:00:00,7.62089262029287,11.499697499358945,16.60112806778628,869.4711670686934,2.1618148615764143,74.07407407407408,28,63.18739782662245,2.0055231686014747,,0.004975753395365099,1.2529910031343057,0.3814593906182899,5.675096118414175,102,0.12268507129662387,0.021618148615764145,0.02,0.021618148615764145,chart_cl_4.csv,782,20250831_170943:782,lhs,13,20,58,84,19,24,2.8,2.3,1.6,0.8,38,0.6
6,5623,3860,450,862,2025-02-21 15:00:00,2025-06-04 10:00:00,7.531856649512178,8.321723628969819,11.847802558446901,317.72441232648384,5.709794441266435,95.83333333333334,25,31.583598280072632,2.782338311219697,,0.020322435457576223,1.1540524560687393,0.5175956021361459,2.1229087039107264,102,0.12121372316905597,0.05709794441266435,0.030483653186364333,0.05709794441266435,chart_cl_4.csv,626,20250831_170943:626,lhs,7,19,54,112,13,16,2.5,2.0,1.3,1.3,43,0.8
4,5623,2136,450,862,2024-08-01 08:00:00,2024-11-11 05:00:00,7.48133701556601,13.269935692279,18.4481180937803,678.8131401871095,2.619165437049599,100.0,21,inf,3.8537890339252683,,0.006629101280272661,1.243963642893898,0.35456741479466836,4.579036636828976,101,0.11993254494166289,0.02619165437049599,0.02,0.02619165437049599,chart_cl_4.csv,764,20250831_170943:764,lhs,14,18,35,90,28,10,2.5,1.8,1.3,1.2000000000000002,28,0.75
4,5623,2136,450,862,2024-08-01 08:00:00,2024-11-11 05:00:00,7.3681134631864325,13.15113884568207,18.35959988585012,690.224940646619,2.461756109644552,100.0,16,inf,5.3887904803015685,,0.006174567337055655,1.2388768691400192,0.3529838843071442,4.796196462705706,101,0.11807065945121359,0.024617561096445518,0.02,0.024617561096445518,chart_cl_4.csv,694,20250831_170943:694,lhs,12,26,42,124,27,19,2.3,2.0,0.9,1.0,38,0.85
6,5623,3860,450,862,2025-02-21 15:00:00,2025-06-04 10:00:00,7.226491607040031,11.099244498307808,16.272958513077654,425.1011878376752,3.775989922958739,100.0,34,inf,2.1461657055804455,,0.013947677598746407,1.2597957410504015,0.37223645195715355,3.076657895480787,102,0.11617429209726893,0.03775989922958739,0.02092151639811961,0.03775989922958739,chart_cl_4.csv,701,20250831_170943:701,lhs,13,21,44,97,20,12,3.0,2.7,0.9,1.4000000000000001,46,0.85
6,5623,3860,450,862,2025-02-21 15:00:00,2025-06-04 10:00:00,6.93777924987769,9.365540711820321,13.521516403047327,380.8687054638535,3.749768821695781,95.45454545454545,23,298.4044127477186,2.947908336811375,,0.011855797656957738,1.1655850063488093,0.4500410737640675,2.971367155282329,102,0.11141939916688565,0.037497688216957814,0.02,0.037497688216957814,chart_cl_4.csv,746,20250831_170943:746,lhs,7,23,34,134,14,12,2.5,2.1,1.4000000000000001,1.2000000000000002,32,0.6
4,5623,2136,450,862,2024-08-01 08:00:00,2024-11-11 05:00:00,6.763563389706746,13.197286505302719,18.475268576160232,584.9403903478293,2.2740257790269123,100.0,16,inf,4.845353150863743,,0.005889797768824569,1.2409465161557738,0.3171557405189896,4.756040484301342,101,0.10815358667396893,0.022740257790269124,0.02,0.022740257790269124,chart_cl_4.csv,624,20250831_170943:624,lhs,7,19,54,112,13,16,2.5,2.0,1.3,1.3,43,0.8
4,5623,2136,450,862,2024-08-01 08:00:00,2024-11-11 05:00:00,6.599911379954087,15.618107989536213,22.50062234136486,1055.3515886809735,1.1784807201220378,100.0,19,inf,3.5985053760976933,,0.004671256483739315,1.284226955805979,0.26029116292161214,5.273804211923841,101,0.10547608423847682,0.011784807201220377,0.02,0.02,chart_cl_4.csv,724,20250831_170943:724,lhs,14,27,39,149,17,19,3.0,2.1,1.4000000000000001,1.1,48,0.7
2,5623,412,450,862,2024-01-11 07:00:00,2024-04-23 04:00:00,6.5078531222924365,11.774006942342124,17.18436448849204,606.4666711578832,1.974287965679815,55.00000000000001,21,19.52481284535129,1.8617258008763184,,0.004364349062256031,1.2530959798155896,0.320281287773082,5.217816043869507,102,0.10435632087739015,0.01974287965679815,0.02,0.02,chart_cl_4.csv,647,20250831_170943:647,lhs,9,28,32,131,10,17,2.2,2.3,1.0,1.0,27,0.65
2,5623,412,450,862,2024-01-11 07:00:00,2024-04-23 04:00:00,6.44225429718073,15.759360631480138,26.3446226670356,1073.2665959755946,1.0857066169829417,100.0,19,inf,2.181333857857799,,0.0034207968337404077,1.3335939516880442,0.23847515586956897,5.164023347341963,102,0.10328046694683927,0.010857066169829416,0.02,0.02,chart_cl_4.csv,732,20250831_170943:732,lhs,12,25,56,147,28,27,2.1,2.5,1.4000000000000001,1.1,41,0.75
4,5623,2136,450,862,2024-08-01 08:00:00,2024-11-11 05:00:00,6.31366768719181,12.863688017427743,17.937111110066443,485.68322227077675,2.274292476854078,100.0,16,inf,4.543782496299404,,0.005437099532414861,1.2361450317036062,0.2964831429838154,4.43215164038769,101,0.10080009132010184,0.02274292476854078,0.02,0.02274292476854078,chart_cl_4.csv,644,20250831_170943:644,lhs,6,17,46,116,21,17,2.1,1.9000000000000001,1.6,1.2000000000000002,32,0.8
4,5623,2136,450,862,2024-08-01 08:00:00,2024-11-11 05:00:00,6.197502837117638,15.404546995553405,22.163869133588115,920.305119079998,1.1433439361688245,100.0,22,inf,2.9008148452849616,,0.004402442128669191,1.2881696261733366,0.23855532080430122,4.945253969611941,101,0.09890507939223883,0.011433439361688245,0.02,0.02,chart_cl_4.csv,634,20250831_170943:634,lhs,12,17,49,130,25,18,2.7,2.1,1.2000000000000002,0.8,50,0.75
4,5623,2136,450,862,2024-08-01 08:00:00,2024-11-11 05:00:00,6.059493634435734,13.641154280067497,19.08170402194443,474.4705123790737,2.092647753327,100.0,16,inf,4.051189815497807,,0.005279384151252756,1.2480593223610843,0.2656533718549781,4.618822537267652,101,0.09665568605629266,0.020926477533269996,0.02,0.020926477533269996,chart_cl_4.csv,784,20250831_170943:784,lhs,13,20,58,84,19,24,2.8,2.3,1.6,0.8,38,0.6
2,5623,412,450,862,2024-01-11 07:00:00,2024-04-23 04:00:00,6.048040046459971,12.048136261003899,17.704619600779377,453.88918379529065,2.1769900846768757,100.0,9,inf,3.8961595680996677,,0.003797332589217404,1.2753568785535985,0.2822724859757736,4.447674157342226,102,0.09682542540407604,0.021769900846768758,0.02,0.021769900846768758,chart_cl_4.csv,592,20250831_170943:592,lhs,9,28,57,146,26,14,3.0,2.3,1.1,1.2000000000000002,30,0.85
5,5623,2998,450,862,2024-11-11 07:00:00,2025-02-21 13:00:00,6.012360286807859,11.854552396907724,16.313195213087287,419.9099012377415,2.317948387794177,95.83333333333334,25,124.98901279097615,0.8687394946438959,,0.01408511302219813,1.270518362687451,0.29837488308263965,4.1520362857296,102,0.09624205814569849,0.023179483877941772,0.021127669533297196,0.023179483877941772,chart_cl_4.csv,805,20250831_170943:805,lhs,8,23,58,107,21,10,2.4000000000000004,3.0,1.0,0.9,17,0.6
6,5623,3860,450,862,2025-02-21 15:00:00,2025-06-04 10:00:00,5.929755214622861,7.972536353809481,11.399407565260766,218.8246406435545,4.2950028424101765,96.0,26,230.52846050953193,2.0021000808217284,,0.011405610262475283,1.143954086510583,0.43467642110227367,2.2093585266906306,102,0.09489201152039418,0.04295002842410176,0.02,0.04295002842410176,chart_cl_4.csv,741,20250831_170943:741,lhs,13,26,37,118,12,15,2.5,2.2,1.5,1.3,29,0.7
6,5623,3860,450,862,2025-02-21 15:00:00,2025-06-04 10:00:00,5.894783911648777,8.884248036426165,12.79485182309605,193.07527980623277,4.79599790795258,96.0,26,72.54621759008647,2.1844967464666167,,0.014195030476064885,1.1791960774238262,0.3857060512390455,1.9666542148287764,102,0.09432069499984935,0.047959979079525795,0.021292545714097326,0.047959979079525795,chart_cl_4.csv,601,20250831_170943:601,lhs,6,18,48,136,16,15,2.4000000000000004,2.4000000000000004,1.2000000000000002,1.3,40,0.85
2,5623,412,450,862,2024-01-11 07:00:00,2024-04-23 04:00:00,5.867886067501791,11.61802135944763,16.83141337860122,582.1385072913954,1.5725608748018507,62.96296296296296,28,20.300923141434943,1.74900047098305,,0.004710299124248598,1.2369586952235188,0.28963204302963613,4.694068332429752,102,0.09388136664859505,0.015725608748018507,0.02,0.02,chart_cl_4.csv,677,20250831_170943:677,lhs,11,26,30,114,18,18,2.7,2.1,1.3,1.6,23,0.7
4,5623,2136,450,862,2024-08-01 08:00:00,2024-11-11 05:00:00,5.85129348339566,11.568776561118765,15.726121054910367,340.9607529578293,2.66599274874372,100.0,19,inf,3.4172322474124677,,0.005562885292801486,1.2062439267701877,0.30187012865061086,3.4983705234265194,101,0.09326630447873874,0.0266599274874372,0.02,0.0266599274874372,chart_cl_4.csv,664,20250831_170943:664,lhs,8,16,50,81,16,25,3.0,1.9000000000000001,1.4000000000000001,0.9,33,0.75
2,5623,412,450,862,2024-01-11 07:00:00,2024-04-23 04:00:00,5.784779036527656,11.551196938638839,18.498044720733358,574.7096061174717,1.537375100557904,93.75,17,433.04152253397314,3.2964135072058727,,0.004786974919851068,1.270755957664395,0.2651776151232255,4.626223972700771,102,0.09252447945401542,0.015373751005579039,0.02,0.02,chart_cl_4.csv,797,20250831_170943:797,lhs,6,17,32,128,23,11,2.2,2.0,1.1,1.0,10,0.8
6,5623,3860,450,862,2025-02-21 15:00:00,2025-06-04 10:00:00,5.714378966331071,10.397893981211505,15.564090499715707,287.2898108094351,2.9840424830623937,100.0,24,inf,2.1632146565742834,,0.01338581439706629,1.2233977834922622,0.3102486347686614,3.0621437703893957,102,0.09137567100086813,0.02984042483062394,0.020078721595599435,0.02984042483062394,chart_cl_4.csv,711,20250831_170943:711,lhs,10,17,41,127,15,18,1.8,2.5,1.6,1.4000000000000001,37,0.8
4,5623,2136,450,862,2024-08-01 08:00:00,2024-11-11 05:00:00,5.625975581400371,15.33920868549552,22.241906099816482,980.2870110941946,0.8418734055207701,100.0,21,inf,2.7751962343501058,,0.0037906544500905443,1.2847214740777388,0.20574150603594724,4.480186821190114,101,0.08960373642380227,0.0084187340552077,0.02,0.02,chart_cl_4.csv,594,20250831_170943:594,lhs,9,28,57,146,26,14,3.0,2.3,1.1,1.2000000000000002,30,0.85
2,5623,412,450,862,2024-01-11 07:00:00,2024-04-23 04:00:00,5.534673516160379,15.415507841713007,27.100338527271546,784.8710802654688,1.0107607898842792,90.9090909090909,12,7702.606737933272,3.4389427489317637,,0.003052345368059883,1.3721490745335518,0.18991645040970456,4.422286651962024,102,0.08844573303924047,0.010107607898842791,0.02,0.02,chart_cl_4.csv,807,20250831_170943:807,lhs,9,20,53,147,30,22,1.8,2.8,0.9,1.3,50,0.8
4,5623,2136,450,862,2024-08-01 08:00:00,2024-11-11 05:00:00,5.517708979380955,13.696263026020585,19.835588995108957,634.297778132141,1.2415276254959255,100.0,13,inf,4.387831384656802,,0.004547684485479314,1.3017832537621048,0.2347518205002005,4.392293851975,101,0.08784587703950002,0.012415276254959256,0.02,0.02,chart_cl_4.csv,824,20250831_170943:824,lhs,9,22,30,121,21,30,2.9000000000000004,2.0,1.5,0.8,48,0.75
5,5623,2998,450,862,2024-11-11 07:00:00,2025-02-21 13:00:00,5.4649588243527,10.836887094512262,14.53179031347749,274.5229498433354,2.803556278766222,92.0,26,25.53179079531993,1.4435036251297653,,0.011890388813873899,1.208314433635162,0.2870090514973573,3.1142617975393225,102,0.08731008216213149,0.02803556278766222,0.02,0.02803556278766222,chart_cl_4.csv,790,20250831_170943:790,lhs,13,24,59,119,22,28,2.3,2.2,1.6,1.1,15,0.85
6,5623,3860,450,862,2025-02-21 15:00:00,2025-06-04 10:00:00,5.399393644958686,7.712935003657781,10.997552969276947,184.298095063062,4.058276229160309,77.41935483870968,32,25.691612260469032,1.6829997147510118,,0.01248619539864404,1.15088455261187,0.39343842305254845,2.125102494244942,102,0.08624252936923531,0.04058276229160309,0.02,0.04058276229160309,chart_cl_4.csv,586,20250831_170943:586,lhs,6,27,37,110,23,28,1.9000000000000001,1.8,1.3,0.9,24,0.65
4,5623,2136,450,862,2024-08-01 08:00:00,2024-11-11 05:00:00,5.3853952101076565,14.684811821885688,21.210419543337103,820.6306059707681,0.9058482308102375,100.0,22,inf,2.539955673136641,,0.0037119036694184286,1.2813374027375866,0.19833766379539017,4.28496822340276,101,0.0856993644680552,0.009058482308102375,0.02,0.02,chart_cl_4.csv,809,20250831_170943:809,lhs,9,20,53,147,30,22,1.8,2.8,0.9,1.3,50,0.8
5,5623,2998,450,862,2024-11-11 07:00:00,2025-02-21 13:00:00,5.3051614237532645,10.04829319798135,13.466884686910875,227.4906523557636,3.1546628530325123,83.33333333333334,25,6.140893923402253,1.1914990334139,,0.01168002114251693,1.1912129466357477,0.3007253217141174,2.6852018125758472,102,0.08470906411028596,0.031546628530325124,0.02,0.031546628530325124,chart_cl_4.csv,675,20250831_170943:675,lhs,14,24,33,140,14,22,2.8,2.0,0.8,0.9,34,0.65
5,5623,2998,450,862,2024-11-11 07:00:00,2025-02-21 13:00:00,5.230599876485098,11.597867838317546,15.865476656755561,299.25388729261215,2.320604165480171,100.0,22,inf,0.9806072492967571,,0.013338416543827218,1.2580718896426997,0.2545543206620085,3.5980465444079814,102,0.08349641798544696,0.02320604165480171,0.020007624815740827,0.02320604165480171,chart_cl_4.csv,730,20250831_170943:730,lhs,14,18,47,144,30,26,2.8,2.9000000000000004,0.8,1.5,15,0.85
5,5623,2998,450,862,2024-11-11 07:00:00,2025-02-21 13:00:00,5.220736448338061,8.595100117851066,11.34129600167748,159.25337521306997,4.341687937897085,78.26086956521739,24,2.738776767645456,0.696230988879369,,0.019021458055507853,1.1539609444363783,0.3575158608138442,1.9194389508464829,102,0.0833360494042001,0.043416879378970846,0.02853218708326178,0.043416879378970846,chart_cl_4.csv,800,20250831_170943:800,lhs,6,17,32,128,23,11,2.2,2.0,1.1,1.0,10,0.8
2,5623,412,450,862,2024-01-11 07:00:00,2024-04-23 04:00:00,5.122555766999415,11.965714679380499,17.925213239256728,361.2018541485177,1.832654904363786,88.88888888888889,10,13545.62320288879,3.2535778263242037,,0.002915500352889057,1.315922597465124,0.2286116669033018,4.0870169873099185,102,0.08174033974619838,0.01832654904363786,0.02,0.02,chart_cl_4.csv,617,20250831_170943:617,lhs,13,23,52,106,12,28,2.8,2.4000000000000004,0.9,1.6,22,0.75
5,5623,2998,450,862,2024-11-11 07:00:00,2025-02-21 13:00:00,5.114076831848934,11.286850690511974,15.221632907679993,346.82680450355883,1.90142196471481,91.66666666666666,25,17.211501568071714,1.174574045043205,,0.005395795542102892,1.2125973637136824,0.2524200123880399,4.0801292335008075,102,0.08160258467001616,0.0190142196471481,0.02,0.02,chart_cl_4.csv,585,20250831_170943:585,lhs,6,27,37,110,23,28,1.9000000000000001,1.8,1.3,0.9,24,0.65
4,5623,2136,450,862,2024-08-01 08:00:00,2024-11-11 05:00:00,5.092332519350952,13.237456792344119,18.624535771781726,343.9250247578749,1.8989718228263692,100.0,21,inf,2.7834845144603353,,0.004829162220144811,1.2425845921363206,0.21543433255989422,4.047601685917035,101,0.08095203371834071,0.018989718228263692,0.02,0.02,chart_cl_4.csv,734,20250831_170943:734,lhs,12,25,56,147,28,27,2.1,2.5,1.4000000000000001,1.1,41,0.75
2,5623,412,450,862,2024-01-11 07:00:00,2024-04-23 04:00:00,5.076695587317087,11.388661603008973,16.550151165634468,455.9930837587161,1.422307320480863,65.38461538461539,27,24.519866924050856,1.5690057967752649,,0.004272736143049789,1.228312122993888,0.24677308578958976,4.049767917976195,102,0.0809953583595239,0.01422307320480863,0.02,0.02,chart_cl_4.csv,582,20250831_170943:582,lhs,6,27,37,110,23,28,1.9000000000000001,1.8,1.3,0.9,24,0.65
5,5623,2998,450,862,2024-11-11 07:00:00,2025-02-21 13:00:00,5.061078133026775,13.797121099434442,20.31796925253057,515.4709442489553,1.2494457821290412,75.0,9,12.963847293627865,0.19933850104777984,,0.0038818567254613992,1.3831605613743374,0.1991637811693758,4.037085654498687,102,0.08074171308997373,0.012494457821290413,0.02,0.02,chart_cl_4.csv,755,20250831_170943:755,lhs,12,20,49,141,15,24,2.1,2.3,0.8,1.5,18,0.6
5,5623,2998,450,862,2024-11-11 07:00:00,2025-02-21 13:00:00,5.003816818864515,9.58850124475934,12.833771899374057,174.03165478688484,3.6070748494680718,70.83333333333334,25,2.3321139177114674,0.520650040669926,,0.019389523654104533,1.190395349706475,0.30174456411779893,2.212650522907683,102,0.07981196051842682,0.03607074849468072,0.0290842854811568,0.03607074849468072,chart_cl_4.csv,660,20250831_170943:660,lhs,11,26,44,122,23,23,2.1,2.9000000000000004,1.0,1.2000000000000002,13,0.65
4,5623,2136,450,862,2024-08-01 08:00:00,2024-11-11 05:00:00,4.926621986128225,10.019360423522008,13.577499196513504,239.87048729723327,2.5276606371471884,100.0,18,inf,3.3092629167101895,,0.0058637566676181105,1.1805841300416298,0.28200349945479153,3.09661624497255,101,0.0782719499076765,0.025276606371471885,0.02,0.025276606371471885,chart_cl_4.csv,639,20250831_170943:639,lhs,9,28,60,102,30,16,2.3,1.8,1.6,1.4000000000000001,34,0.7
6,5623,3860,450,862,2025-02-21 15:00:00,2025-06-04 10:00:00,4.818670996751758,8.096766480735447,11.808757994497785,152.9799857224994,3.7741335307525694,95.65217391304348,24,115.00602664501469,1.866345578365447,,0.016195146015436892,1.1716332107266438,0.33133253036418275,2.035123782271374,102,0.07680828905902383,0.03774133530752569,0.024292719023155336,0.03774133530752569,chart_cl_4.csv,736,20250831_170943:736,lhs,12,25,56,147,28,27,2.1,2.5,1.4000000000000001,1.1,41,0.75
6,5623,3860,450,862,2025-02-21 15:00:00,2025-06-04 10:00:00,4.7980425453525255,6.693515530437573,9.276310237162392,114.94383772866956,4.976074602256119,96.0,26,16.105389982436105,1.7742074108607566,,0.01543648537825849,1.1234562478693975,0.4052646523251457,1.5368312311404562,102,0.07647386857232027,0.04976074602256119,0.023154728067387734,0.04976074602256119,chart_cl_4.csv,801,20250831_170943:801,lhs,6,17,32,128,23,11,2.2,2.0,1.1,1.0,10,0.8
6,5623,3860,450,862,2025-02-21 15:00:00,2025-06-04 10:00:00,4.68072257857248,7.317596107524553,10.223167615336896,153.58033813810314,3.529481568741397,96.0,26,186.5913206122748,1.5346837956057244,,0.008767320122224028,1.1527131060810296,0.3463739467090286,2.1128553366972156,102,0.07457283968289721,0.03529481568741397,0.02,0.03529481568741397,chart_cl_4.csv,621,20250831_170943:621,lhs,13,23,52,106,12,28,2.8,2.4000000000000004,0.9,1.6,22,0.75
2,5623,412,450,862,2024-01-11 07:00:00,2024-04-23 04:00:00,4.628933116232269,9.210871116431532,13.11942184786938,289.54762264891195,1.8279287735939842,86.95652173913044,24,121.13730553514618,1.685526118659199,,0.004266932576914291,1.203000366230443,0.2684446889748924,3.6867075027998393,102,0.07373415005599679,0.018279287735939842,0.02,0.02,chart_cl_4.csv,667,20250831_170943:667,lhs,6,21,46,93,19,11,2.0,2.2,1.1,0.8,11,0.75
2,5623,412,450,862,2024-01-11 07:00:00,2024-04-23 04:00:00,4.626883043022815,10.020800679291106,14.384213453134961,336.02340820741915,1.5736148438660391,63.1578947368421,20,15.511648611120517,1.7353642980371053,,0.004543448326872945,1.2111593132431893,0.23411512544591018,3.6850478493336856,102,0.07370095698667371,0.01573614843866039,0.02,0.02,chart_cl_4.csv,722,20250831_170943:722,lhs,14,27,39,149,17,19,3.0,2.1,1.4000000000000001,1.1,48,0.7
5,5623,2998,450,862,2024-11-11 07:00:00,2025-02-21 13:00:00,4.5295472073283065,8.815820969678123,11.949750154269609,192.13021369950434,2.630645876898725,87.5,25,6.09917530985357,1.002872567294102,,0.007906292365214429,1.1605394871317343,0.29338673223517847,2.741742072902361,102,0.07212552479600359,0.02630645876898725,0.02,0.02630645876898725,chart_cl_4.csv,640,20250831_170943:640,lhs,9,28,60,102,30,16,2.3,1.8,1.6,1.4000000000000001,34,0.7
2,5623,412,450,862,2024-01-11 07:00:00,2024-04-23 04:00:00,4.458538234704673,10.583687831984282,14.938616091017037,337.0730696638788,1.4505206123993668,68.18181818181817,23,29.304768387681424,1.5775902562393034,,0.0036400095766969042,1.2121339756179657,0.2224256342587373,3.548844212891247,102,0.07097688425782495,0.014505206123993667,0.02,0.02,chart_cl_4.csv,737,20250831_170943:737,lhs,13,26,37,118,12,15,2.5,2.2,1.5,1.3,29,0.7
6,5623,3860,450,862,2025-02-21 15:00:00,2025-06-04 10:00:00,4.424243887136687,8.226085848805313,12.095484311926402,146.5633275839483,3.28269552588261,83.87096774193549,32,33.22708224178025,1.416697206158866,,0.013977755253938075,1.1726993517278093,0.29861621624949236,2.1452596888244675,102,0.07042234382360399,0.0328269552588261,0.020966632880907114,0.0328269552588261,chart_cl_4.csv,656,20250831_170943:656,lhs,10,18,31,88,25,13,1.8,2.5,1.0,1.5,36,0.6
6,5623,3860,450,862,2025-02-21 15:00:00,2025-06-04 10:00:00,4.385300316892238,10.62032236035513,15.650215031533792,167.70777612386408,2.816672857381822,83.78378378378379,38,21.933054163595013,1.14795374479441,,0.008952612488020083,1.2737900721761746,0.2202587321379889,2.477844978849091,102,0.06979278696724069,0.02816672857381822,0.02,0.02816672857381822,chart_cl_4.csv,706,20250831_170943:706,lhs,10,22,55,71,27,13,2.4000000000000004,2.8,1.1,1.0,44,0.85
6,5623,3860,450,862,2025-02-21 15:00:00,2025-06-04 10:00:00,4.349157119141006,7.33851258755609,10.203764736697215,102.6749449459368,4.522786510268747,90.0,21,50.21622763607512,1.8509523212348662,,0.013762602710117476,1.1420015841860331,0.3340128657907463,1.5302215616280552,102,0.06920865436653745,0.045227865102687476,0.020643904065176213,0.045227865102687476,chart_cl_4.csv,731,20250831_170943:731,lhs,14,18,47,144,30,26,2.8,2.9000000000000004,0.8,1.5,15,0.85
2,5623,412,450,862,2024-01-11 07:00:00,2024-04-23 04:00:00,4.337852553484595,8.902935984861243,13.5025934368334,269.4539527654695,1.7141957358871411,69.23076923076923,27,79.49479459577576,1.8822878594940136,,0.006383916481579097,1.225938932377735,0.23503251009150233,3.451299233760957,102,0.06902598467521914,0.01714195735887141,0.02,0.02,chart_cl_4.csv,822,20250831_170943:822,lhs,9,22,30,121,21,30,2.9000000000000004,2.0,1.5,0.8,48,0.75
5,5623,2998,450,862,2024-11-11 07:00:00,2025-02-21 13:00:00,4.172228986602663,9.075167296273156,12.18643524483563,171.62621329043859,2.486552985166277,90.47619047619048,22,20.27205401006302,1.140932575534178,,0.01134331931142516,1.171492909856702,0.2483557882089145,2.668406661211016,102,0.06635134549071832,0.024865529851662772,0.02,0.024865529851662772,chart_cl_4.csv,625,20250831_170943:625,lhs,7,19,54,112,13,16,2.5,2.0,1.3,1.3,43,0.8
5,5623,2998,450,862,2024-11-11 07:00:00,2025-02-21 13:00:00,4.16523874338431,8.38728239554421,11.01115882806555,140.94923887698985,3.0175597073399,87.5,25,11.9954709201495,0.9788242445556851,,0.011902014783522876,1.1672015393658992,0.25918838311340753,2.1951025172195124,102,0.06623852909441989,0.030175597073398997,0.02,0.030175597073398997,chart_cl_4.csv,645,20250831_170943:645,lhs,6,17,46,116,21,17,2.1,1.9000000000000001,1.6,1.2000000000000002,32,0.8
5,5623,2998,450,862,2024-11-11 07:00:00,2025-02-21 13:00:00,3.9673723948428234,15.395908848915015,21.74041289171309,356.22710691449754,1.0842812105261237,88.0,26,170.77775321675952,0.799859981021507,,0.004943434456033514,1.3041359919916409,0.11368682689360539,3.1523718331650623,102,0.06304743666330125,0.010842812105261238,0.02,0.02,chart_cl_4.csv,820,20250831_170943:820,lhs,7,19,40,105,17,25,2.0,2.6,1.3,1.5,19,0.65
5,5623,2998,450,862,2024-11-11 07:00:00,2025-02-21 13:00:00,3.9528498878133234,7.231764367470545,9.562528158170972,108.83874540201526,3.5235340293459436,82.6086956521739,24,3.535419009299364,0.8282738332546837,,0.012862530299698182,1.1351969129176767,0.2998985515893163,1.7826817899098035,102,0.06281339950242529,0.035235340293459434,0.02,0.035235340293459434,chart_cl_4.csv,615,20250831_170943:615,lhs,10,27,50,126,26,21,2.7,1.8,0.8,1.1,47,0.7
6,5623,3860,450,862,2025-02-21 15:00:00,2025-06-04 10:00:00,3.8918067683254662,5.604875305177544,7.887312374143925,84.7387122261593,4.391017516423278,86.20689655172413,30,17.547034165539312,1.2821698244309099,,0.013324970242588751,1.1077892620673855,0.3796948341810118,1.4081000937654058,102,0.06182992176601158,0.04391017516423278,0.02,0.04391017516423278,chart_cl_4.csv,681,20250831_170943:681,lhs,11,26,30,114,18,18,2.7,2.1,1.3,1.6,23,0.7
5,5623,2998,450,862,2024-11-11 07:00:00,2025-02-21 13:00:00,3.832474465671319,7.526760782577723,9.925073992522615,114.36919020619266,3.1586552509941237,86.36363636363636,23,4.741276565572549,0.9362120551858122,,0.012418438221310007,1.1435880605496616,0.2720128735317491,1.9272255824603302,102,0.06087441205888531,0.03158655250994124,0.02,0.03158655250994124,chart_cl_4.csv,695,20250831_170943:695,lhs,12,26,42,124,27,19,2.3,2.0,0.9,1.0,38,0.85
6,5623,3860,450,862,2025-02-21 15:00:00,2025-06-04 10:00:00,3.831603186521589,6.014478382639049,8.494345322988291,79.47450506907695,4.543539289579661,64.28571428571429,29,6.958595590834251,1.3320793714724004,,0.016270683457916577,1.1119161773826713,0.35725662929786983,1.3394928434731994,102,0.060860383624312606,0.04543539289579661,0.024406025186874868,0.04543539289579661,chart_cl_4.csv,831,20250831_170943:831,lhs,14,19,39,109,15,11,2.1,1.9000000000000001,1.1,1.4000000000000001,39,0.6
6,5623,3860,450,862,2025-02-21 15:00:00,2025-06-04 10:00:00,3.8169436388356868,7.365490980637227,10.419553373114017,95.83155286734792,3.7404865202946476,75.75757575757575,34,18.268623972651802,1.0265292190833335,,0.010957288657913613,1.150846378029242,0.28985531380745116,1.6207614528630814,102,0.060624363670475245,0.037404865202946475,0.02,0.037404865202946475,chart_cl_4.csv,631,20250831_170943:631,lhs,12,20,33,79,29,21,2.7,2.6,0.8,0.8,21,0.65
2,5623,412,450,862,2024-01-11 07:00:00,2024-04-23 04:00:00,3.8029490878529146,11.752620443817678,18.833979505126038,221.78500544962782,1.604937995437005,100.0,8,inf,4.196418009558513,,0.0024400644737477065,1.2815191979093226,0.15559055576042327,3.019953647151708,102,0.06039907294303416,0.01604937995437005,0.02,0.02,chart_cl_4.csv,727,20250831_170943:727,lhs,14,18,47,144,30,26,2.8,2.9000000000000004,0.8,1.5,15,0.85
5,5623,2998,450,862,2024-11-11 07:00:00,2025-02-21 13:00:00,3.7905854845321727,6.922275934562275,9.138810228824767,97.95237352723865,3.6114371091990227,83.33333333333334,25,3.7109982574736304,0.8846336223808053,,0.014036099889465461,1.12765624679843,0.3031285804001557,1.6669280014746444,102,0.06020005642888494,0.03611437109199023,0.02105414983419819,0.03611437109199023,chart_cl_4.csv,830,20250831_170943:830,lhs,14,19,39,109,15,11,2.1,1.9000000000000001,1.1,1.4000000000000001,39,0.6
4,5623,2136,450,862,2024-08-01 08:00:00,2024-11-11 05:00:00,3.7163701706001797,13.014090100380816,18.211355763634877,273.89691839672093,1.2440636773135414,100.0,21,inf,2.0070909806336568,,0.003118271864706081,1.2443400144782433,0.12283489419562206,2.9395820534889605,101,0.058791641069779216,0.012440636773135415,0.02,0.02,chart_cl_4.csv,709,20250831_170943:709,lhs,10,17,41,127,15,18,1.8,2.5,1.6,1.4000000000000001,37,0.8
5,5623,2998,450,862,2024-11-11 07:00:00,2025-02-21 13:00:00,3.70504615300122,7.01544560735745,9.314926559379545,93.28068382220296,3.6319770827263134,87.5,25,5.365633931099609,1.1528347356595958,,0.013996311161756774,1.1413454102259653,0.28144259799136173,1.6196029284770774,102,0.0588236071934517,0.036319770827263134,0.02099446674263516,0.036319770827263134,chart_cl_4.csv,825,20250831_170943:825,lhs,9,22,30,121,21,30,2.9000000000000004,2.0,1.5,0.8,48,0.75
5,5623,2998,450,862,2024-11-11 07:00:00,2025-02-21 13:00:00,3.6770010634074235,7.197521858053492,9.558478672684107,110.56220280072684,3.0208827311846886,86.36363636363636,23,7.589941296275957,1.1130998079732015,,0.011927410929275899,1.1448938310369399,0.2680756041261174,1.9322995166485057,102,0.05837250241319992,0.030208827311846886,0.02,0.030208827311846886,chart_cl_4.csv,665,20250831_170943:665,lhs,8,16,50,81,16,25,3.0,1.9000000000000001,1.4000000000000001,0.9,33,0.75
3,5623,1274,450,862,2024-04-23 06:00:00,2024-08-01 06:00:00,3.6685766620313642,10.743187316611365,16.834577530909343,227.47854590263827,1.4619587599391293,100.0,22,inf,0.6932201414912581,,0.0034429832388933493,1.2462620400455813,0.167562986551419,2.8907220002610736,100,0.05781444000522148,0.014619587599391293,0.02,0.02,chart_cl_4.csv,743,20250831_170943:743,lhs,7,23,34,134,14,12,2.5,2.1,1.4000000000000001,1.2000000000000002,32,0.6
2,5623,412,450,862,2024-01-11 07:00:00,2024-04-23 04:00:00,3.6386885564682814,9.605445367952447,14.162889131206184,208.72166924245303,1.569188749627828,95.65217391304348,24,169.52772866760603,1.2946380117914282,,0.003331889167011514,1.1970482401003975,0.18730885011442605,2.887819523397919,102,0.057756390467958385,0.01569188749627828,0.02,0.02,chart_cl_4.csv,787,20250831_170943:787,lhs,13,24,59,119,22,28,2.3,2.2,1.6,1.1,15,0.85
4,5623,2136,450,862,2024-08-01 08:00:00,2024-11-11 05:00:00,3.631311822554039,8.445773196414587,11.76096562106385,186.09710580355576,1.7533237147903749,100.0,13,inf,3.5707375163640993,,0.00537519062078663,1.1662799178712324,0.22485881971015062,2.8714358665161908,101,0.057428717330323814,0.01753323714790375,0.02,0.02,chart_cl_4.csv,584,20250831_170943:584,lhs,6,27,37,110,23,28,1.9000000000000001,1.8,1.3,0.9,24,0.65
5,5623,2998,450,862,2024-11-11 07:00:00,2025-02-21 13:00:00,3.575725344538188,11.564518769899884,15.767014906140092,174.14673373836956,1.8208315047924024,90.47619047619048,22,2435.2396550166186,0.6366738577571961,,0.010842737080703324,1.2776757170151893,0.1407273755138191,2.8372113198170337,102,0.05674422639634067,0.018208315047924025,0.02,0.02,chart_cl_4.csv,720,20250831_170943:720,lhs,8,25,51,133,19,26,2.6,2.7,1.5,1.6,21,0.75
2,5623,412,450,862,2024-01-11 07:00:00,2024-04-23 04:00:00,3.558976425197733,7.255661504776508,10.444109564100456,161.9653435021111,1.940902539860067,31.428571428571427,36,6.884574837813357,0.9935686727764369,,0.004568648012542957,1.1825015978178544,0.24789626407760149,2.8237527537910467,102,0.056475055075820936,0.01940902539860067,0.02,0.02,chart_cl_4.csv,747,20250831_170943:747,lhs,11,22,42,87,28,30,2.4000000000000004,2.8,1.3,0.8,14,0.6
4,5623,2136,450,862,2024-08-01 08:00:00,2024-11-11 05:00:00,3.546808592039827,10.503130315037412,14.993282028303605,346.17538571083696,0.9023879282642324,100.0,19,inf,2.173193009290493,,0.0035839357113509537,1.2067411029388542,0.17007283721338184,2.8037746223990068,101,0.05607549244798014,0.009023879282642325,0.02,0.02,chart_cl_4.csv,649,20250831_170943:649,lhs,9,28,32,131,10,17,2.2,2.3,1.0,1.0,27,0.65
6,5623,3860,450,862,2025-02-21 15:00:00,2025-06-04 10:00:00,3.5427388243456903,6.163622249893737,8.966049580550266,72.07824920788683,4.324829575028568,82.75862068965517,30,23.814843519126647,0.9296744031494655,,0.009940051355253575,1.1509082393476315,0.2940800651539068,1.2997999230779886,102,0.05621413148947543,0.04324829575028568,0.02,0.04324829575028568,chart_cl_4.csv,611,20250831_170943:611,lhs,6,24,51,94,11,20,1.9000000000000001,2.6,1.3,0.9,31,0.8
2,5623,412,450,862,2024-01-11 07:00:00,2024-04-23 04:00:00,3.5407073300397203,7.468189058542223,10.671841069993427,117.28802577668391,2.654984609116166,85.71428571428571,15,22.026148733161108,1.2040258863469453,,0.0038432701405489386,1.1836240187424698,0.23725120575781988,2.1160758943842444,102,0.05618148931311895,0.026549846091161663,0.02,0.026549846091161663,chart_cl_4.csv,752,20250831_170943:752,lhs,12,20,49,141,15,24,2.1,2.3,0.8,1.5,18,0.6
2,5623,412,450,862,2024-01-11 07:00:00,2024-04-23 04:00:00,3.53630992394153,8.30178549032398,11.521363178149075,214.85709745419268,1.4460228025512805,71.42857142857143,22,30.679750404965002,1.7045627009163857,,0.0036532692206713174,1.1850172539520885,0.19844749373365544,2.8055416560756785,102,0.056110833121513576,0.014460228025512804,0.02,0.02,chart_cl_4.csv,622,20250831_170943:622,lhs,7,19,54,112,13,16,2.5,2.0,1.3,1.3,43,0.8
5,5623,2998,450,862,2024-11-11 07:00:00,2025-02-21 13:00:00,3.508613964607025,7.397849951972256,9.575054634490932,100.61326464504691,3.0437947747224428,85.18518518518519,28,5.070435211594753,0.626297791740109,,0.014846575829866288,1.155493354645251,0.23242683137771322,1.828831353932813,102,0.05566587318949266,0.030437947747224428,0.02226986374479943,0.030437947747224428,chart_cl_4.csv,680,20250831_170943:680,lhs,11,26,30,114,18,18,2.7,2.1,1.3,1.6,23,0.7
5,5623,2998,450,862,2024-11-11 07:00:00,2025-02-21 13:00:00,3.402353794409676,6.876343196844966,9.02540203180735,85.49795854765607,3.3876116704263604,82.6086956521739,24,5.20038176365139,0.9612058875600221,,0.01374590800501944,1.1369014236453492,0.25299562994036173,1.5928483546745835,102,0.053959516755150455,0.033876116704263604,0.02061886200752916,0.033876116704263604,chart_cl_4.csv,635,20250831_170943:635,lhs,12,17,49,130,25,18,2.7,2.1,1.2000000000000002,0.8,50,0.75
3,5623,1274,450,862,2024-04-23 06:00:00,2024-08-01 06:00:00,3.3964960205808215,9.23210275282562,13.885192576159618,191.1089463949692,1.5108535728839678,95.23809523809523,22,920.4258650053802,0.6393140763293094,,0.003401165634911317,1.221078026773284,0.1788350139634534,2.673764086056818,100,0.05347528172113636,0.015108535728839679,0.02,0.02,chart_cl_4.csv,738,20250831_170943:738,lhs,13,26,37,118,12,15,2.5,2.2,1.5,1.3,29,0.7
6,5623,3860,450,862,2025-02-21 15:00:00,2025-06-04 10:00:00,3.3808948452269347,5.805245626151148,8.125949944932369,95.73919121350235,2.991047105976931,95.65217391304348,24,131.60646052447552,1.2383005679643073,,0.007641511548527002,1.1097202045142376,0.32275020099635265,1.7925186790105982,102,0.05361507807264241,0.02991047105976931,0.02,0.02991047105976931,chart_cl_4.csv,651,20250831_170943:651,lhs,9,28,32,131,10,17,2.2,2.3,1.0,1.0,27,0.65
3,5623,1274,450,862,2024-04-23 06:00:00,2024-08-01 06:00:00,3.3416659096120496,8.785484739528915,13.334810454045323,153.5849362953107,1.82599589994018,66.66666666666666,22,15.470432742292479,0.5453533089507375,,0.004938362733192145,1.2193845648746033,0.18207401411041232,2.630092182618992,100,0.05260184365237983,0.0182599589994018,0.02,0.02,chart_cl_4.csv,788,20250831_170943:788,lhs,13,24,59,119,22,28,2.3,2.2,1.6,1.1,15,0.85
5,5623,2998,450,862,2024-11-11 07:00:00,2025-02-21 13:00:00,3.2623715491559584,8.15957414113658,10.872423028384077,109.3441972786349,2.457907091567912,88.88888888888889,19,16.313112125425622,0.7320690204026631,,0.012788701789563123,1.1739773651226255,0.18300324663952947,2.103968655877487,102,0.05171359479717883,0.02457907091567912,0.02,0.02457907091567912,chart_cl_4.csv,735,20250831_170943:735,lhs,12,25,56,147,28,27,2.1,2.5,1.4000000000000001,1.1,41,0.75
2,5623,412,450,862,2024-01-11 07:00:00,2024-04-23 04:00:00,3.2382226007487587,7.5867598466892865,10.367390275120465,169.23413385849912,1.567464794570075,88.0,26,63.74946131365846,1.4971241262771307,,0.004241370327937291,1.1811235791462797,0.18749074914244362,2.5663182798205235,102,0.051326365596410475,0.01567464794570075,0.02,0.02,chart_cl_4.csv,692,20250831_170943:692,lhs,12,26,42,124,27,19,2.3,2.0,0.9,1.0,38,0.85
2,5623,412,450,862,2024-01-11 07:00:00,2024-04-23 04:00:00,3.2364123030111838,7.262657651724463,10.580779541282006,141.21484951692153,1.8766317824217744,33.33333333333333,7,6.515433351654626,3.1487110293297476,,0.003264354338725852,1.2230660530192163,0.2235631606007935,2.5648670037114982,102,0.051297340074229966,0.018766317824217744,0.02,0.02,chart_cl_4.csv,712,20250831_170943:712,lhs,14,21,60,82,22,29,2.3,2.7,1.1,1.6,26,0.6
2,5623,412,450,862,2024-01-11 07:00:00,2024-04-23 04:00:00,3.2135836418972703,13.04062978194621,21.753395952071806,318.3123793466424,0.8222790815288937,100.0,28,inf,1.2901522856152017,,0.0026904182476396865,1.3487794892283926,0.1042342406168513,2.546567358986032,102,0.05093134717972064,0.008222790815288938,0.02,0.02,chart_cl_4.csv,757,20250831_170943:757,lhs,10,22,57,100,24,29,2.2,2.8,0.8,0.9,46,0.85
4,5623,2136,450,862,2024-08-01 08:00:00,2024-11-11 05:00:00,3.2055682141401447,16.012616737280855,23.143663602714522,517.8287272701258,0.5032579473800443,100.0,24,inf,1.3400369032641728,,0.0019148324448508831,1.3129039705526524,0.06588419140899318,2.5309530345128817,101,0.050619060690257636,0.005032579473800442,0.02,0.02,chart_cl_4.csv,704,20250831_170943:704,lhs,10,22,55,71,27,13,2.4000000000000004,2.8,1.1,1.0,44,0.85
2,5623,412,450,862,2024-01-11 07:00:00,2024-04-23 04:00:00,3.151849553167227,11.465688029986957,17.437139572499824,220.3449441694326,1.1484263804610564,100.0,30,inf,1.2655457850775134,,0.0028458607691193272,1.3134707037816948,0.11522143146331884,2.4970955908640957,102,0.049941911817281914,0.011484263804610564,0.02,0.02,chart_cl_4.csv,697,20250831_170943:697,lhs,13,21,44,97,20,12,3.0,2.7,0.9,1.4000000000000001,46,0.85
4,5623,2136,450,862,2024-08-01 08:00:00,2024-11-11 05:00:00,3.1419102038721065,11.792390545228363,16.105918144320217,211.9888389999628,1.1871839096242387,100.0,25,inf,1.5174303978883243,,0.00262447771662096,1.2291209016309195,0.10065679916060319,2.4801307861515327,101,0.04960261572303065,0.011871839096242388,0.02,0.02,chart_cl_4.csv,814,20250831_170943:814,lhs,9,25,47,72,13,20,2.6,2.7,1.5,1.4000000000000001,43,0.7
4,5623,2136,450,862,2024-08-01 08:00:00,2024-11-11 05:00:00,3.1345041021140845,11.813532349320695,16.228440203395603,188.63070792503956,1.32875888085393,100.0,17,inf,2.06935123195016,,0.003064386258751318,1.2263557927797122,0.1051525933681794,2.474219499499699,101,0.04948438998999398,0.0132875888085393,0.02,0.02,chart_cl_4.csv,609,20250831_170943:609,lhs,6,24,51,94,11,20,1.9000000000000001,2.6,1.3,0.9,31,0.8
2,5623,412,450,862,2024-01-11 07:00:00,2024-04-23 04:00:00,3.1317728918313663,11.60556297379099,18.187803777918433,334.86627700164416,0.7473653809106544,78.26086956521739,24,243.5775625388876,1.2685630002020423,,0.002320394007667383,1.2670670156703625,0.1109605597290236,2.481011436031588,102,0.04962022872063176,0.007473653809106544,0.02,0.02,chart_cl_4.csv,707,20250831_170943:707,lhs,10,17,41,127,15,18,1.8,2.5,1.6,1.4000000000000001,37,0.8
4,5623,2136,450,862,2024-08-01 08:00:00,2024-11-11 05:00:00,3.1262635776421117,8.80985499368909,12.07469175830296,178.25079300878843,1.3997562312383587,100.0,18,inf,2.2885985710121206,,0.0037122463607246136,1.1905375842341395,0.16653003701274288,2.467642568094153,101,0.04935285136188306,0.013997562312383588,0.02,0.02,chart_cl_4.csv,739,20250831_170943:739,lhs,13,26,37,118,12,15,2.5,2.2,1.5,1.3,29,0.7
5,5623,2998,450,862,2024-11-11 07:00:00,2025-02-21 13:00:00,3.1182586195215722,6.426148293644762,8.3381362132466,73.72686100582742,3.36928133920295,77.77777777777779,19,2.7566036837786414,0.33985800423822565,,0.014905192005125275,1.12705289738404,0.24006245888475577,1.4662984125834664,102,0.049403718792203816,0.0336928133920295,0.022357788007687913,0.0336928133920295,chart_cl_4.csv,595,20250831_170943:595,lhs,9,28,57,146,26,14,3.0,2.3,1.1,1.2000000000000002,30,0.85
4,5623,2136,450,862,2024-08-01 08:00:00,2024-11-11 05:00:00,3.0590888034738284,9.659504193293788,14.101060459310334,225.697941805553,1.0650151292619665,100.0,14,inf,2.541487561760497,,0.004866355381078055,1.254055531726765,0.14592724743007768,2.4140432175743376,101,0.04828086435148675,0.010650151292619665,0.02,0.02,chart_cl_4.csv,799,20250831_170943:799,lhs,6,17,32,128,23,11,2.2,2.0,1.1,1.0,10,0.8
5,5623,2998,450,862,2024-11-11 07:00:00,2025-02-21 13:00:00,3.018337730151097,6.80751556406587,9.133019140969996,93.174400829132,2.5215449300578,90.9090909090909,23,21.84609313598509,0.9060583932486426,,0.011215248875738203,1.140003193315447,0.2217793127506978,1.895803815333527,102,0.04780354498938489,0.025215449300578,0.02,0.025215449300578,chart_cl_4.csv,785,20250831_170943:785,lhs,13,20,58,84,19,24,2.8,2.3,1.6,0.8,38,0.6
3,5623,1274,450,862,2024-04-23 06:00:00,2024-08-01 06:00:00,2.959914017394101,6.075486362755311,8.630812668860438,97.47560217385033,2.331948645071736,86.95652173913044,24,6.621311396661069,0.4987658753126069,,0.007187457301317897,1.123095823017533,0.2599744657784511,1.9953198503242684,100,0.04652983421448417,0.023319486450717363,0.02,0.023319486450717363,chart_cl_4.csv,638,20250831_170943:638,lhs,9,28,60,102,30,16,2.3,1.8,1.6,1.4000000000000001,34,0.7
3,5623,1274,450,862,2024-04-23 06:00:00,2024-08-01 06:00:00,2.9343275374887186,7.028063954282112,10.0198052813235,104.72309526902487,2.1391454391388174,62.5,25,3.3133912409869133,0.3293041853743758,,0.00804307582167434,1.1548627427600662,0.20378132198958235,2.156162127496666,100,0.04612344381078342,0.021391454391388173,0.02,0.021391454391388173,chart_cl_4.csv,583,20250831_170943:583,lhs,6,27,37,110,23,28,1.9000000000000001,1.8,1.3,0.9,24,0.65
2,5623,412,450,862,2024-01-11 07:00:00,2024-04-23 04:00:00,2.8898781734402976,7.329876299097134,9.802797934218933,139.79944374833363,1.5620857886822028,60.0,26,14.77023144502136,1.0838455418881898,,0.003780213213443817,1.1652601460968939,0.17309657613426177,2.2874001907906667,102,0.045748003815813336,0.015620857886822027,0.02,0.02,chart_cl_4.csv,612,20250831_170943:612,lhs,10,27,50,126,26,21,2.7,1.8,0.8,1.1,47,0.7
5,5623,2998,450,862,2024-11-11 07:00:00,2025-02-21 13:00:00,2.8865037189068374,5.957749427058322,7.756349018531934,64.59081450281836,3.374389171922433,78.26086956521739,24,3.166664516232676,0.4353246149219802,,0.014512886813198109,1.1208209125956992,0.23759491497591737,1.3541423492931786,102,0.04569403280696507,0.03374389171922433,0.021769330219797163,0.03374389171922433,chart_cl_4.csv,725,20250831_170943:725,lhs,14,27,39,149,17,19,3.0,2.1,1.4000000000000001,1.1,48,0.7
6,5623,3860,450,862,2025-02-21 15:00:00,2025-06-04 10:00:00,2.742329139701856,5.580444812173837,8.091446001348332,57.031008687703796,3.5127788009184813,81.81818181818183,23,57.38926189888853,1.1611194782397123,,0.013818440493508426,1.1245208084426876,0.2358678429688553,1.2351848274717352,102,0.043389310771588634,0.03512778800918481,0.020727660740262638,0.03512778800918481,chart_cl_4.csv,811,20250831_170943:811,lhs,9,20,53,147,30,22,1.8,2.8,0.9,1.3,50,0.8
2,5623,412,450,862,2024-01-11 07:00:00,2024-04-23 04:00:00,2.703728719954756,7.159617269381288,9.24388360566664,135.76925017774215,1.4420388105313808,90.9090909090909,23,18.824764421536894,1.2086169826966342,,0.003442612328600607,1.1661160597716618,0.149538969483975,2.1386329194393587,102,0.042772658388787174,0.014420388105313809,0.02,0.02,chart_cl_4.csv,632,20250831_170943:632,lhs,12,17,49,130,25,18,2.7,2.1,1.2000000000000002,0.8,50,0.75
3,5623,1274,450,862,2024-04-23 06:00:00,2024-08-01 06:00:00,2.6749187800034178,5.854983874654138,8.416871077459854,82.43378420382925,2.334363703823677,73.91304347826086,24,5.5566762829359355,0.3971201063266115,,0.008035723023211122,1.127146337053478,0.23296340932378912,1.799520708891032,100,0.04200735827114278,0.02334363703823677,0.02,0.02334363703823677,chart_cl_4.csv,643,20250831_170943:643,lhs,6,17,46,116,21,17,2.1,1.9000000000000001,1.6,1.2000000000000002,32,0.8
3,5623,1274,450,862,2024-04-23 06:00:00,2024-08-01 06:00:00,2.6729409009737424,5.841459760422098,8.187490056837435,74.67362210242017,2.573887897206004,66.66666666666666,22,4.2601527235326095,0.3604181806678034,,0.008185819681383811,1.1343986123069232,0.22251902330769058,1.6308403981060329,100,0.0419760036295974,0.025738878972060043,0.02,0.025738878972060043,chart_cl_4.csv,673,20250831_170943:673,lhs,14,24,33,140,14,22,2.8,2.0,0.8,0.9,34,0.65
2,5623,412,450,862,2024-01-11 07:00:00,2024-04-23 04:00:00,2.669099889522582,8.98692532358691,13.624211365844173,164.28123059116524,1.1672514690418891,40.74074074074074,28,10.30188425408894,0.8145931128431092,,0.0027875443525785123,1.193673187839246,0.13041501151825757,2.110979847083409,102,0.042219596941668186,0.01167251469041889,0.02,0.02,chart_cl_4.csv,657,20250831_170943:657,lhs,11,26,44,122,23,23,2.1,2.9000000000000004,1.0,1.2000000000000002,13,0.65
4,5623,2136,450,862,2024-08-01 08:00:00,2024-11-11 05:00:00,2.6486065026107966,13.690430012721475,19.518216319715187,276.0731131456922,0.6860485315448076,100.0,19,inf,1.4371731727264145,,0.0024853366865432674,1.2726395399315917,0.0599757583111383,2.08706581889824,101,0.0417413163779648,0.006860485315448076,0.02,0.02,chart_cl_4.csv,604,20250831_170943:604,lhs,11,16,53,139,11,23,2.9000000000000004,2.9000000000000004,1.4000000000000001,1.1,36,0.65
2,5623,412,450,862,2024-01-11 07:00:00,2024-04-23 04:00:00,2.6415238085774035,12.148564063401516,18.77459280716231,218.30406391628526,0.8638820153244693,100.0,7,inf,3.484884305067265,,0.001718382237014847,1.3072536761869364,0.07442016443460796,2.0889636528075983,102,0.041779273056151964,0.008638820153244693,0.02,0.02,chart_cl_4.csv,597,20250831_170943:597,lhs,6,18,48,136,16,15,2.4000000000000004,2.4000000000000004,1.2000000000000002,1.3,40,0.85
2,5623,412,450,862,2024-01-11 07:00:00,2024-04-23 04:00:00,2.633588950960416,6.32124552965985,8.529167295059663,114.32102130474763,1.641723064432889,69.23076923076923,27,29.94189662527906,1.292826555819736,,0.004701567589387683,1.154315906403874,0.17929081486742843,2.0826294187464214,102,0.041652588374928426,0.01641723064432889,0.02,0.02,chart_cl_4.csv,642,20250831_170943:642,lhs,6,17,46,116,21,17,2.1,1.9000000000000001,1.6,1.2000000000000002,32,0.8
3,5623,1274,450,862,2024-04-23 06:00:00,2024-08-01 06:00:00,2.55555707184717,7.6928773293003045,11.654347906459803,136.3025451319989,1.3127054360407553,100.0,22,inf,0.35948285821789144,,0.003449263975201157,1.212706457173286,0.1486909968657634,2.0057968112907734,100,0.04011593622581547,0.013127054360407554,0.02,0.02,chart_cl_4.csv,648,20250831_170943:648,lhs,9,28,32,131,10,17,2.2,2.3,1.0,1.0,27,0.65
4,5623,2136,450,862,2024-08-01 08:00:00,2024-11-11 05:00:00,2.514714038530346,13.723582769161283,19.62706019447113,241.7892729116954,0.7214757132186431,100.0,15,inf,1.7285777370210818,,0.00228596408917721,1.3040191008861721,0.05406526521100743,1.9806157483043416,101,0.03961231496608683,0.0072147571321864315,0.02,0.02,chart_cl_4.csv,599,20250831_170943:599,lhs,6,18,48,136,16,15,2.4000000000000004,2.4000000000000004,1.2000000000000002,1.3,40,0.85
4,5623,2136,450,862,2024-08-01 08:00:00,2024-11-11 05:00:00,2.5096758089098383,6.952455982316342,9.676172244031969,119.60036251666854,1.4539867292511712,94.11764705882352,18,138.35183189793958,1.888222611501329,,0.004212556220074958,1.1334427520579713,0.17787338327885233,1.9766121102670824,101,0.03953224220534165,0.014539867292511712,0.02,0.02,chart_cl_4.csv,754,20250831_170943:754,lhs,12,20,49,141,15,24,2.1,2.3,0.8,1.5,18,0.6
4,5623,2136,450,862,2024-08-01 08:00:00,2024-11-11 05:00:00,2.4860098048626242,8.170613103021923,11.333895344369054,113.07996866140833,1.5151989147456186,75.0,21,24.99107125603478,1.6271567943639909,,0.004044653945165741,1.1722090781770915,0.13239338725612396,1.957807784343803,101,0.03915615568687606,0.015151989147456186,0.02,0.02,chart_cl_4.csv,674,20250831_170943:674,lhs,14,24,33,140,14,22,2.8,2.0,0.8,0.9,34,0.65
2,5623,412,450,862,2024-01-11 07:00:00,2024-04-23 04:00:00,2.4604834465056116,7.893945978816218,11.586148988702696,117.28879190116734,1.4375197248400835,50.0,3,18.22710792436492,4.475439711051775,,0.0021144435558147806,1.256441441031688,0.14139644202479493,1.9445316396692338,102,0.03889063279338468,0.014375197248400836,0.02,0.02,chart_cl_4.csv,717,20250831_170943:717,lhs,8,25,51,133,19,26,2.6,2.7,1.5,1.6,21,0.75
3,5623,1274,450,862,2024-04-23 06:00:00,2024-08-01 06:00:00,2.448455764220307,7.259615929987078,10.545007721723499,96.78108345751589,1.728914315554285,62.5,25,4.521268884950872,0.230922928397531,,0.0079152015321953,1.2009886816934852,0.1414515234024577,1.9210070822528555,100,0.03842014164505711,0.01728914315554285,0.02,0.02,chart_cl_4.csv,678,20250831_170943:678,lhs,11,26,30,114,18,18,2.7,2.1,1.3,1.6,23,0.7
3,5623,1274,450,862,2024-04-23 06:00:00,2024-08-01 06:00:00,2.433125092158241,6.024835628020686,8.673745265408494,82.27384394943863,2.0140652457239145,66.66666666666666,22,3.304301134735143,0.23919517291184622,,0.005795422853216431,1.132652830291073,0.1960585200368373,1.8955446921686585,100,0.03817750686213331,0.020140652457239144,0.02,0.020140652457239144,chart_cl_4.csv,593,20250831_170943:593,lhs,9,28,57,146,26,14,3.0,2.3,1.1,1.2000000000000002,30,0.85
2,5623,412,450,862,2024-01-11 07:00:00,2024-04-23 04:00:00,2.4231373158130625,5.3952386155222465,7.393172747673896,68.72711822349714,2.3957615338987335,72.0,26,8.88898055491494,1.0933569117352926,,0.004162983688205552,1.135383435096701,0.2071259126164847,1.598456597541997,102,0.03829520829997766,0.023957615338987336,0.02,0.023957615338987336,chart_cl_4.csv,682,20250831_170943:682,lhs,8,26,39,77,18,16,2.9000000000000004,2.4000000000000004,1.0,1.2000000000000002,12,0.75
3,5623,1274,450,862,2024-04-23 06:00:00,2024-08-01 06:00:00,2.407875212679005,10.22577335048899,17.917230690925848,189.88670543748577,0.8586985955559913,80.0,16,21.93813071890395,0.3296891262043725,,0.001936077549482318,1.3651563645228282,0.08457864822800307,1.888897007194316,100,0.03777794014388632,0.008586985955559913,0.02,0.02,chart_cl_4.csv,618,20250831_170943:618,lhs,13,23,52,106,12,28,2.8,2.4000000000000004,0.9,1.6,22,0.75
6,5623,3860,450,862,2025-02-21 15:00:00,2025-06-04 10:00:00,2.3885066223581077,4.477300912887531,6.061768267765073,38.231560471169125,4.212242498316635,85.29411764705883,35,3.5308207475362874,0.5711931449228146,,0.011883052987361463,1.0890344070591043,0.28456083657322934,0.8960362178937609,102,0.037743218370430036,0.042122424983166346,0.02,0.042122424983166346,chart_cl_4.csv,686,20250831_170943:686,lhs,8,26,39,77,18,16,2.9000000000000004,2.4000000000000004,1.0,1.2000000000000002,12,0.75
5,5623,2998,450,862,2024-11-11 07:00:00,2025-02-21 13:00:00,2.382812370973818,8.970948220534922,12.280557529963719,123.06888870520882,1.3037504611194428,16.666666666666664,13,0.9653120382054646,-0.022458857743623772,,0.004813246812001708,1.2157299370808619,0.10784596008038094,1.8826234425160813,102,0.03765246885032163,0.013037504611194429,0.02,0.02,chart_cl_4.csv,750,20250831_170943:750,lhs,11,22,42,87,28,30,2.4000000000000004,2.8,1.3,0.8,14,0.6
5,5623,2998,450,862,2024-11-11 07:00:00,2025-02-21 13:00:00,2.350422911150165,5.85988774280739,7.699191805852892,61.11310708971518,2.5710147130261007,84.61538461538461,27,6.75866693527976,0.6124856477618204,,0.013400458432089105,1.129162057558577,0.1821668844916494,1.4444237288364006,102,0.03713634658682408,0.025710147130261006,0.020100687648133657,0.025710147130261006,chart_cl_4.csv,745,20250831_170943:745,lhs,7,23,34,134,14,12,2.5,2.1,1.4000000000000001,1.2000000000000002,32,0.6
6,5623,3860,450,862,2025-02-21 15:00:00,2025-06-04 10:00:00,2.3170764486487845,4.615242687684935,6.7310064908059175,44.75551827619378,3.435091154300518,77.41935483870968,32,10.431385825162184,0.7403770764447821,,0.014428598132260726,1.1033393980248207,0.24640813440057804,1.065622342168134,102,0.036605098814067566,0.03435091154300518,0.02164289719839109,0.03435091154300518,chart_cl_4.csv,786,20250831_170943:786,lhs,13,20,58,84,19,24,2.8,2.3,1.6,0.8,38,0.6
2,5623,412,450,862,2024-01-11 07:00:00,2024-04-23 04:00:00,2.299896159973787,5.611394214056612,8.132219846869802,80.32238283941001,1.8925374989372294,33.33333333333333,7,6.621749224468393,2.4555525225488792,,0.003002763625578201,1.1752843700669382,0.18964344668560357,1.8165723052950153,102,0.036331446105900306,0.018925374989372294,0.02,0.02,chart_cl_4.csv,817,20250831_170943:817,lhs,7,19,40,105,17,25,2.0,2.6,1.3,1.5,19,0.65
4,5623,2136,450,862,2024-08-01 08:00:00,2024-11-11 05:00:00,2.2991597193986992,6.293569841411912,8.586308270551294,78.2817117159398,1.9409308002623866,100.0,11,inf,3.1744759549887602,,0.005000301244999495,1.1561854689940032,0.16445189922781456,1.80945243866803,101,0.0361890487733606,0.019409308002623867,0.02,0.02,chart_cl_4.csv,679,20250831_170943:679,lhs,11,26,30,114,18,18,2.7,2.1,1.3,1.6,23,0.7
2,5623,412,450,862,2024-01-11 07:00:00,2024-04-23 04:00:00,2.2834486579975217,10.126418398992598,15.416854402891445,136.91030813469413,1.0983199163175055,100.0,13,inf,1.68472447705191,,0.0016121792436334858,1.2547816379265775,0.08169014410219694,1.8034748391235713,102,0.03606949678247143,0.010983199163175054,0.02,0.02,chart_cl_4.csv,777,20250831_170943:777,lhs,11,21,43,103,20,27,1.8,3.0,1.2000000000000002,1.5,19,0.8
4,5623,2136,450,862,2024-08-01 08:00:00,2024-11-11 05:00:00,2.253285637233478,10.60183398818253,15.247278692415966,225.53111811453073,0.6535128688186302,100.0,19,inf,1.2412474885225189,,0.002336915567601713,1.2104584992741718,0.07122392234961118,1.7730592588533365,101,0.03546118517706673,0.0065351286881863025,0.02,0.02,chart_cl_4.csv,744,20250831_170943:744,lhs,7,23,34,134,14,12,2.5,2.1,1.4000000000000001,1.2000000000000002,32,0.6
4,5623,2136,450,862,2024-08-01 08:00:00,2024-11-11 05:00:00,2.2418943479364715,6.993193920412241,9.756324797860112,131.48207231937508,1.1124685428397036,88.23529411764706,18,2092.668918787428,1.530805991578568,,0.0036164129096033994,1.1359181519182528,0.1458309718728282,1.7640240637225868,101,0.035280481274451735,0.011124685428397037,0.02,0.02,chart_cl_4.csv,659,20250831_170943:659,lhs,11,26,44,122,23,23,2.1,2.9000000000000004,1.0,1.2000000000000002,13,0.65
4,5623,2136,450,862,2024-08-01 08:00:00,2024-11-11 05:00:00,2.2006498382247224,13.004710371059767,18.45625264854692,184.31118564976018,0.7718654624440735,100.0,15,inf,1.4447581977237596,,0.0021386026692535275,1.2978738107640637,0.045673749879936124,1.7313163690242512,101,0.034626327380485024,0.007718654624440735,0.02,0.02,chart_cl_4.csv,699,20250831_170943:699,lhs,13,21,44,97,20,12,3.0,2.7,0.9,1.4000000000000001,46,0.85
5,5623,2998,450,862,2024-11-11 07:00:00,2025-02-21 13:00:00,2.149738259626741,12.194621587483704,17.597540068493217,218.93899754875875,0.6275985739352129,61.53846153846154,14,25.07045650973696,0.4646791829370655,,0.00309545683736011,1.3182485829417656,0.053141338250138725,1.6970555313648417,102,0.033941110627296836,0.006275985739352129,0.02,0.02,chart_cl_4.csv,690,20250831_170943:690,lhs,8,16,55,96,10,21,2.0,2.4000000000000004,0.9,1.3,17,0.7
6,5623,3860,450,862,2025-02-21 15:00:00,2025-06-04 10:00:00,2.119409434420566,8.19299733888109,11.706967712456038,77.40423371825044,1.738371674999413,95.23809523809523,22,36.629797363748274,0.9386795249874611,,0.0043193039079250485,1.244335922137535,0.09834598307427923,1.6729310966231292,102,0.03345862193246259,0.01738371674999413,0.02,0.02,chart_cl_4.csv,591,20250831_170943:591,lhs,7,23,35,74,10,27,1.9000000000000001,3.0,1.1,1.6,24,0.7
4,5623,2136,450,862,2024-08-01 08:00:00,2024-11-11 05:00:00,2.1119870289280356,7.553225813094724,10.241736208980234,83.48138971846869,1.603534766184124,100.0,18,inf,1.5829051589065775,,0.004194084374494192,1.1497543999754665,0.10837041437439619,1.6610373589756688,101,0.03322074717951338,0.01603534766184124,0.02,0.02,chart_cl_4.csv,669,20250831_170943:669,lhs,6,21,46,93,19,11,2.0,2.2,1.1,0.8,11,0.75
3,5623,1274,450,862,2024-04-23 06:00:00,2024-08-01 06:00:00,2.093039854976354,9.490397997110374,15.112624882999425,155.2778388473482,0.8507834633607877,100.0,26,inf,0.4676764952223777,,0.002150611388554551,1.2184030658111589,0.08931178116981732,1.6400888200774948,100,0.032801776401549895,0.008507834633607877,0.02,0.02,chart_cl_4.csv,608,20250831_170943:608,lhs,6,24,51,94,11,20,1.9000000000000001,2.6,1.3,0.9,31,0.8
2,5623,412,450,862,2024-01-11 07:00:00,2024-04-23 04:00:00,2.047383101612655,10.98992131401347,17.649822610471567,164.97569198714956,0.7754206913621515,100.0,16,inf,1.6138457426959667,,0.0018851921228674954,1.3568027082919998,0.061143855055625924,1.6156601326967557,102,0.032313202653935114,0.007754206913621515,0.02,0.02,chart_cl_4.csv,702,20250831_170943:702,lhs,10,22,55,71,27,13,2.4000000000000004,2.8,1.1,1.0,44,0.85
3,5623,1274,450,862,2024-04-23 06:00:00,2024-08-01 06:00:00,2.041683499044188,4.710044585435059,6.523940963951603,52.209320060583956,2.4403431945187415,80.76923076923077,27,5.889001761038549,0.4303720960298004,,0.007881681029792427,1.093086068434333,0.2215989025500161,1.310926386037369,100,0.03199110284681342,0.024403431945187414,0.02,0.024403431945187414,chart_cl_4.csv,663,20250831_170943:663,lhs,8,16,50,81,16,25,3.0,1.9000000000000001,1.4000000000000001,0.9,33,0.75
3,5623,1274,450,862,2024-04-23 06:00:00,2024-08-01 06:00:00,2.0380275039348814,6.233838324485111,9.14819144466453,55.919190115134896,2.2725238445392644,52.0,26,37.98228720272641,0.5483006474695452,,0.011074577737335715,1.1396556403428197,0.1563489109444266,1.4051955166493653,100,0.031933403178253536,0.022725238445392645,0.02,0.022725238445392645,chart_cl_4.csv,668,20250831_170943:668,lhs,6,21,46,93,19,11,2.0,2.2,1.1,0.8,11,0.75
3,5623,1274,450,862,2024-04-23 06:00:00,2024-08-01 06:00:00,1.9841655857036926,8.495393406792044,13.147106592131127,81.05788065907902,1.5082536709911558,82.35294117647058,18,12.087500604664765,0.5760615616921771,,0.0030031121786200684,1.2338192193396973,0.09231472957815066,1.5541757696347913,100,0.031083515392695826,0.015082536709911559,0.02,0.02,chart_cl_4.csv,713,20250831_170943:713,lhs,14,21,60,82,22,29,2.3,2.7,1.1,1.6,26,0.6
4,5623,2136,450,862,2024-08-01 08:00:00,2024-11-11 05:00:00,1.9688342373515952,6.701218768357292,9.173257991227146,89.47319275444953,1.3512617728443665,87.5,17,168.47487332197463,1.6201989210681913,,0.004281064724831086,1.129498479559086,0.12222862679399726,1.5476597000902939,101,0.030953194001805878,0.013512617728443666,0.02,0.02,chart_cl_4.csv,804,20250831_170943:804,lhs,8,23,58,107,21,10,2.4000000000000004,3.0,1.0,0.9,17,0.6
2,5623,412,450,862,2024-01-11 07:00:00,2024-04-23 04:00:00,1.958681685879577,5.176263487635347,7.4797592357537495,56.24329413625682,2.1337550654058237,20.0,26,2.7822368211211006,0.25875924437352527,,0.0030756933417883784,1.151420914855764,0.1701847352483447,1.4483110785981053,102,0.03090341100242079,0.02133755065405824,0.02,0.02133755065405824,chart_cl_4.csv,802,20250831_170943:802,lhs,8,23,58,107,21,10,2.4000000000000004,3.0,1.0,0.9,17,0.6
6,5623,3860,450,862,2025-02-21 15:00:00,2025-06-04 10:00:00,1.9380171250605858,4.762757129859639,6.575678014457749,54.273935657701095,2.177916238128441,78.125,33,9.199379638188327,0.5475347716407102,,0.005520133950388947,1.1050338255573988,0.1830330273981664,1.403869564802686,102,0.030575103213980777,0.02177916238128441,0.02,0.02177916238128441,chart_cl_4.csv,796,20250831_170943:796,lhs,7,28,44,91,25,24,2.9000000000000004,2.8,1.2000000000000002,1.1,26,0.7
6,5623,3860,450,862,2025-02-21 15:00:00,2025-06-04 10:00:00,1.9306952576510696,4.257229175533736,6.239559908970976,30.423742247119353,3.8643469441874183,84.61538461538461,40,4.475834025978552,0.3255365077768845,,0.014111563252650405,1.1207456391619635,0.2100893986418287,0.7882001602477757,102,0.030458788806615254,0.03864346944187418,0.021167344878975605,0.03864346944187418,chart_cl_4.csv,816,20250831_170943:816,lhs,9,25,47,72,13,20,2.6,2.7,1.5,1.4000000000000001,43,0.7
4,5623,2136,450,862,2024-08-01 08:00:00,2024-11-11 05:00:00,1.9239556469496564,8.037087964960284,11.14735747469239,95.75747804634372,1.2216685161627308,92.0,26,101.4335274194264,0.9228493969678115,,0.003442527034910603,1.1786093336456829,0.08485171569876739,1.5121393282711157,101,0.030242786565422314,0.012216685161627307,0.02,0.02,chart_cl_4.csv,684,20250831_170943:684,lhs,8,26,39,77,18,16,2.9000000000000004,2.4000000000000004,1.0,1.2000000000000002,12,0.75
5,5623,2998,450,862,2024-11-11 07:00:00,2025-02-21 13:00:00,1.922559111966239,9.714604028090873,13.252132321865512,108.55043962822403,1.0765785533211623,87.5,25,511.36914215037103,0.517289694968403,,0.004727512181994425,1.199227533754939,0.05634524097640166,1.5164772994007292,102,0.030329545988014586,0.010765785533211622,0.02,0.02,chart_cl_4.csv,650,20250831_170943:650,lhs,9,28,32,131,10,17,2.2,2.3,1.0,1.0,27,0.65
4,5623,2136,450,862,2024-08-01 08:00:00,2024-11-11 05:00:00,1.9060714153535399,5.853308280051993,7.960984361439169,61.44611975084568,1.8787451216993858,81.25,17,199.30518318343488,1.7789258428478438,,0.00462303937927041,1.1643171824853944,0.1331300660665868,1.4979875195477224,101,0.02995975039095445,0.018787451216993857,0.02,0.02,chart_cl_4.csv,789,20250831_170943:789,lhs,13,24,59,119,22,28,2.3,2.2,1.6,1.1,15,0.85
3,5623,1274,450,862,2024-04-23 06:00:00,2024-08-01 06:00:00,1.8841396358603106,4.160366719491277,5.989700133354595,53.53570757220092,2.121291456553351,45.45454545454545,23,1.7725749350902595,0.10209316029129484,,0.008418843105290655,1.0946632257541755,0.22783621515684868,1.3909479492041952,100,0.029506060011572632,0.02121291456553351,0.02,0.02121291456553351,chart_cl_4.csv,733,20250831_170943:733,lhs,12,25,56,147,28,27,2.1,2.5,1.4000000000000001,1.1,41,0.75
3,5623,1274,450,862,2024-04-23 06:00:00,2024-08-01 06:00:00,1.8811460170862346,4.521653895029055,6.787298283606285,63.23945557249805,1.7917596940910396,77.27272727272727,23,2.834701820883943,0.13301407364414802,,0.005635235145761419,1.1000720134824766,0.21124937547965264,1.4729433197826294,100,0.029458866395652587,0.017917596940910396,0.02,0.02,chart_cl_4.csv,708,20250831_170943:708,lhs,10,17,41,127,15,18,1.8,2.5,1.6,1.4000000000000001,37,0.8
6,5623,3860,450,862,2025-02-21 15:00:00,2025-06-04 10:00:00,1.8653614997556518,4.972685222434725,7.30262568389107,41.556871503895,2.6943949703949106,87.5,25,217.1508113185273,0.7366506894154121,,0.010085065820326804,1.1109387815336544,0.1651557434912917,1.0919398598143664,102,0.029421172662575525,0.026943949703949106,0.02,0.026943949703949106,chart_cl_4.csv,606,20250831_170943:606,lhs,11,16,53,139,11,23,2.9000000000000004,2.9000000000000004,1.4000000000000001,1.1,36,0.65
3,5623,1274,450,862,2024-04-23 06:00:00,2024-08-01 06:00:00,1.8597957315977964,7.545348602900108,11.649898061809147,130.47441602973922,0.8545762791930213,100.0,15,inf,0.3372181505131312,,0.002539574227002794,1.2758989014482625,0.09132412160347787,1.4561156805851472,100,0.029122313611702946,0.008545762791930213,0.02,0.02,chart_cl_4.csv,603,20250831_170943:603,lhs,11,16,53,139,11,23,2.9000000000000004,2.9000000000000004,1.4000000000000001,1.1,36,0.65
3,5623,1274,450,862,2024-04-23 06:00:00,2024-08-01 06:00:00,1.8342916944504537,5.796180490104144,8.745369477768433,49.75663627001257,2.197864388156853,39.130434782608695,24,17.051368436754025,0.6685745129062701,,0.014897227049511588,1.137545553838637,0.14724044189288035,1.2852660400247977,100,0.02872035002591409,0.02197864388156853,0.022345840574267382,0.022345840574267382,chart_cl_4.csv,748,20250831_170943:748,lhs,11,22,42,87,28,30,2.4000000000000004,2.8,1.3,0.8,14,0.6
5,5623,2998,450,862,2024-11-11 07:00:00,2025-02-21 13:00:00,1.8329591808031005,3.9904605413119927,5.129970183855686,32.25082828658669,3.387417154072355,85.71428571428571,29,2.4314028007985256,0.4487162969578539,,0.015409571317376275,1.0831885070861738,0.21524015899530574,0.8533565372901126,102,0.02890674572956313,0.03387417154072355,0.023114356976064412,0.03387417154072355,chart_cl_4.csv,765,20250831_170943:765,lhs,14,18,35,90,28,10,2.5,1.8,1.3,1.2000000000000002,28,0.75
3,5623,1274,450,862,2024-04-23 06:00:00,2024-08-01 06:00:00,1.8304508180595063,9.038901585218259,14.073964874855552,128.350892509894,0.8495273597048664,100.0,18,inf,0.5216201467097493,,0.0017467720703023026,1.290725960809262,0.06916015115907904,1.4329910534833197,100,0.028659821069666393,0.008495273597048663,0.02,0.02,chart_cl_4.csv,793,20250831_170943:793,lhs,7,28,44,91,25,24,2.9000000000000004,2.8,1.2000000000000002,1.1,26,0.7
3,5623,1274,450,862,2024-04-23 06:00:00,2024-08-01 06:00:00,1.7831072345113625,3.85033373117555,5.591402122202815,51.373715490513746,2.0462443665177887,54.54545454545454,23,1.2308877620915202,0.05246499657176129,,0.008110024924374766,1.081562482067705,0.24555749213253822,1.3641509003149856,100,0.027913860948497092,0.02046244366517789,0.02,0.02046244366517789,chart_cl_4.csv,758,20250831_170943:758,lhs,10,22,57,100,24,29,2.2,2.8,0.8,0.9,46,0.85
2,5623,412,450,862,2024-01-11 07:00:00,2024-04-23 04:00:00,1.7742084320094054,8.997109069485575,12.951626415695666,137.14275759210915,0.7612172894949522,70.37037037037037,28,24.4988677973972,0.6277640334654846,,0.0021681244554167985,1.2234508931286305,0.0651045518490985,1.3987154158279647,102,0.027974308316559292,0.007612172894949521,0.02,0.02,chart_cl_4.csv,607,20250831_170943:607,lhs,6,24,51,94,11,20,1.9000000000000001,2.6,1.3,0.9,31,0.8
3,5623,1274,450,862,2024-04-23 06:00:00,2024-08-01 06:00:00,1.7500700313748327,8.515217684510052,16.234270849768137,177.38628274098846,0.5774633341697154,,1,,,,0.0006070770710792008,1.645585653307772,0.06749779392724338,1.3696732052768668,100,0.027393464105537335,0.0057746333416971544,0.02,0.02,chart_cl_4.csv,718,20250831_170943:718,lhs,8,25,51,133,19,26,2.6,2.7,1.5,1.6,21,0.75
3,5623,1274,450,862,2024-04-23 06:00:00,2024-08-01 06:00:00,1.7500700313748327,8.515217684510052,16.234270849768137,177.38628274098846,0.5774633341697154,,1,,,,0.0006070770710792008,1.645585653307772,0.06749779392724338,1.3696732052768668,100,0.027393464105537335,0.0057746333416971544,0.02,0.02,chart_cl_4.csv,728,20250831_170943:728,lhs,14,18,47,144,30,26,2.8,2.9000000000000004,0.8,1.5,15,0.85
5,5623,2998,450,862,2024-11-11 07:00:00,2025-02-21 13:00:00,1.7370760133399512,5.227980117021978,6.908878707693251,43.55330383543541,2.327856924812333,92.5925925925926,28,1347.0864849512634,0.6342526665729887,,0.01617899236265228,1.169039491330576,0.13230218488232193,1.1284253941215265,102,0.0273851787499726,0.02327856924812333,0.02426848854397842,0.02426848854397842,chart_cl_4.csv,760,20250831_170943:760,lhs,10,22,57,100,24,29,2.2,2.8,0.8,0.9,46,0.85
3,5623,1274,450,862,2024-04-23 06:00:00,2024-08-01 06:00:00,1.7366719818854788,7.110457905328885,11.200752939910297,64.61317133045688,1.5686175132380347,100.0,8,inf,2.0835963846135326,,0.004240921544524937,1.2638892751770403,0.09728434103892146,1.3591227347238868,100,0.027182454694477737,0.015686175132380346,0.02,0.02,chart_cl_4.csv,683,20250831_170943:683,lhs,8,26,39,77,18,16,2.9000000000000004,2.4000000000000004,1.0,1.2000000000000002,12,0.75
5,5623,2998,450,862,2024-11-11 07:00:00,2025-02-21 13:00:00,1.714604830706288,3.7781228276628935,4.861840690193991,29.644004581335,3.3593846234808793,88.88888888888889,28,4.147656647925063,0.5174661568602322,,0.015347539275098075,1.0841707061376369,0.21228218490459527,0.8045739918135054,102,0.02702873496550921,0.033593846234808794,0.02302130891264711,0.033593846234808794,chart_cl_4.csv,740,20250831_170943:740,lhs,13,26,37,118,12,15,2.5,2.2,1.5,1.3,29,0.7
3,5623,1274,450,862,2024-04-23 06:00:00,2024-08-01 06:00:00,1.7019728020735443,3.719077329612168,5.011812410940826,38.361628137474526,2.5697688876456786,65.51724137931035,30,2.8992353753733533,0.27460145386521,,0.008640668384533264,1.0742429991630107,0.2301449762166446,1.036515813422776,100,0.02663606088886603,0.025697688876456785,0.02,0.025697688876456785,chart_cl_4.csv,763,20250831_170943:763,lhs,14,18,35,90,28,10,2.5,1.8,1.3,1.2000000000000002,28,0.75
3,5623,1274,450,862,2024-04-23 06:00:00,2024-08-01 06:00:00,1.700822076278348,5.528440731624575,7.416390767188656,54.066311132883456,1.8216372110318135,59.09090909090909,23,4.201132929087897,0.3172736265652174,,0.007379159220689155,1.1351420535851513,0.12040126058471397,1.3308971585919311,100,0.02661794317183862,0.018216372110318135,0.02,0.02,chart_cl_4.csv,798,20250831_170943:798,lhs,6,17,32,128,23,11,2.2,2.0,1.1,1.0,10,0.8
4,5623,2136,450,862,2024-08-01 08:00:00,2024-11-11 05:00:00,1.670236474356764,10.226361345957391,14.583291705773334,179.02756063784904,0.536660846045629,95.45454545454545,23,29.432431789132504,0.753345732189076,,0.002592030710923538,1.2590403646388244,0.04559687942986493,1.3115389890925635,101,0.02623077978185127,0.00536660846045629,0.02,0.02,chart_cl_4.csv,774,20250831_170943:774,lhs,12,24,38,85,29,14,2.6,3.0,1.5,1.4000000000000001,42,0.65
5,5623,2998,450,862,2024-11-11 07:00:00,2025-02-21 13:00:00,1.6602099945117628,3.8289015604152485,4.945624214808528,27.251319782184115,3.4968063627386683,83.87096774193549,32,2.2036154423613032,0.3140253633565642,,0.019626896917533998,1.0858844041499338,0.20202202132555389,0.748286980818807,102,0.02616614675681712,0.034968063627386685,0.029440345376300997,0.034968063627386685,chart_cl_4.csv,685,20250831_170943:685,lhs,8,26,39,77,18,16,2.9000000000000004,2.4000000000000004,1.0,1.2000000000000002,12,0.75
3,5623,1274,450,862,2024-04-23 06:00:00,2024-08-01 06:00:00,1.6428146509927162,3.3735883414437415,4.806056631033795,40.07597697657179,2.3440176135492723,59.09090909090909,23,0.8591279165840021,-0.05397591898063647,,0.009500860506498109,1.0674325335958947,0.2585844365177302,1.0966142053165953,100,0.025704830125304372,0.02344017613549272,0.02,0.02344017613549272,chart_cl_4.csv,633,20250831_170943:633,lhs,12,17,49,130,25,18,2.7,2.1,1.2000000000000002,0.8,50,0.75
5,5623,2998,450,862,2024-11-11 07:00:00,2025-02-21 13:00:00,1.6252098284876522,4.955763487319798,6.541864451524706,39.7932299459156,2.3264766893953284,88.88888888888889,28,198.15470684661463,0.5928344793476182,,0.01607535967398197,1.1715304627470386,0.12910317881259106,1.0621346469915856,102,0.025611294708881415,0.023264766893953282,0.024113039510972954,0.024113039510972954,chart_cl_4.csv,780,20250831_170943:780,lhs,11,21,43,103,20,27,1.8,3.0,1.2000000000000002,1.5,19,0.8
2,5623,412,450,862,2024-01-11 07:00:00,2024-04-23 04:00:00,1.5911761824599464,4.435837905144265,5.6078511585646345,65.00162214849895,1.3841766484728706,73.33333333333333,31,15.164392174864975,0.8145282673459048,,0.003323290558660145,1.1125239514913954,0.1349472958483674,1.2535948942505641,102,0.025071897885011282,0.013841766484728705,0.02,0.02,chart_cl_4.csv,662,20250831_170943:662,lhs,8,16,50,81,16,25,3.0,1.9000000000000001,1.4000000000000001,0.9,33,0.75
6,5623,3860,450,862,2025-02-21 15:00:00,2025-06-04 10:00:00,1.5822066778087192,3.382844647283009,4.550020408601714,23.828958119483524,3.747251973807067,61.53846153846154,27,3.9549413542367797,0.46139448091829494,,0.01258440248118929,1.0642016160058825,0.24320551849223165,0.6652811948142425,102,0.024929762704043942,0.03747251973807067,0.02,0.03747251973807067,chart_cl_4.csv,756,20250831_170943:756,lhs,12,20,49,141,15,24,2.1,2.3,0.8,1.5,18,0.6
3,5623,1274,450,862,2024-04-23 06:00:00,2024-08-01 06:00:00,1.536488854765605,3.145626216906034,4.508106806151638,38.14086612833611,2.251149041204713,47.61904761904761,22,0.7755276381253348,-0.06370188700162824,,0.00957511563995782,1.0608607763423528,0.2617909411377983,1.0675478498050675,100,0.024032093185288303,0.022511490412047128,0.02,0.022511490412047128,chart_cl_4.csv,828,20250831_170943:828,lhs,14,19,39,109,15,11,2.1,1.9000000000000001,1.1,1.4000000000000001,39,0.6
5,5623,2998,450,862,2024-11-11 07:00:00,2025-02-21 13:00:00,1.528718073898611,12.249793589135427,18.282141438159847,135.88851565782304,0.6275985739352129,90.0,11,542.3359822191305,0.8170797880824082,,0.0020389675164624033,1.2717315060118397,0.022057030098015004,1.2041172649107228,102,0.024082345298214455,0.006275985739352129,0.02,0.02,chart_cl_4.csv,715,20250831_170943:715,lhs,14,21,60,82,22,29,2.3,2.7,1.1,1.6,26,0.6
3,5623,1274,450,862,2024-04-23 06:00:00,2024-08-01 06:00:00,1.5120436770780317,4.392027779341726,6.654020802847004,49.381770516637886,1.702055221674261,40.909090909090914,23,1.3544093543767044,0.048759191107514976,,0.00644898614466061,1.096613459415099,0.16691821865554785,1.1823847379534382,100,0.023647694759068767,0.01702055221674261,0.02,0.02,chart_cl_4.csv,598,20250831_170943:598,lhs,6,18,48,136,16,15,2.4000000000000004,2.4000000000000004,1.2000000000000002,1.3,40,0.85
5,5623,2998,450,862,2024-11-11 07:00:00,2025-02-21 13:00:00,1.4981398797503858,3.1043734508650473,3.957219697227718,21.686145489158502,3.8286447645511914,79.16666666666666,25,1.321892980007149,0.12042682460025583,,0.02057968843056576,1.0668615942191764,0.22874356419669248,0.6163549648221923,102,0.023598042091716204,0.038286447645511916,0.030869532645848637,0.038286447645511916,chart_cl_4.csv,670,20250831_170943:670,lhs,6,21,46,93,19,11,2.0,2.2,1.1,0.8,11,0.75
3,5623,1274,450,862,2024-04-23 06:00:00,2024-08-01 06:00:00,1.4536795945317664,7.766539564778255,12.339675534475493,63.35110566240499,1.2596094138693825,45.83333333333333,25,28.690507619606976,0.45487201906266644,,0.007452597574430866,1.1957802551576486,0.06713933192562477,1.1365096412012443,100,0.022730192824024886,0.012596094138693826,0.02,0.02,chart_cl_4.csv,628,20250831_170943:628,lhs,12,20,33,79,29,21,2.7,2.6,0.8,0.8,21,0.65
4,5623,2136,450,862,2024-08-01 08:00:00,2024-11-11 05:00:00,1.4429060962813651,5.420004663541758,7.195120880686231,56.81109692877447,1.3909810476741493,100.0,13,inf,1.8151891217252611,,0.002993619475027137,1.1554139159643741,0.09063626561908403,1.1321094745493836,101,0.02264218949098767,0.013909810476741493,0.02,0.02,chart_cl_4.csv,619,20250831_170943:619,lhs,13,23,52,106,12,28,2.8,2.4000000000000004,0.9,1.6,22,0.75
6,5623,3860,450,862,2025-02-21 15:00:00,2025-06-04 10:00:00,1.4121454467600074,3.376758051374397,4.465459562568984,28.222456352231685,2.7222892787781032,63.1578947368421,20,3.966739817845648,0.6018594782853715,,0.013902333809863452,1.0721645481526694,0.19013685956204257,0.8168350908117524,102,0.02223661410246572,0.027222892787781033,0.02085350071479518,0.027222892787781033,chart_cl_4.csv,806,20250831_170943:806,lhs,8,23,58,107,21,10,2.4000000000000004,3.0,1.0,0.9,17,0.6
2,5623,412,450,862,2024-01-11 07:00:00,2024-04-23 04:00:00,1.4077383124737364,9.256742525306228,12.952302337548483,110.55864607706705,0.6920994924836447,100.0,21,inf,0.6871692324635901,,0.001755927827161263,1.2966866974801343,0.0365752632159915,1.1083432383809122,102,0.022166864767618245,0.006920994924836447,0.02,0.02,chart_cl_4.csv,792,20250831_170943:792,lhs,7,28,44,91,25,24,2.9000000000000004,2.8,1.2000000000000002,1.1,26,0.7
3,5623,1274,450,862,2024-04-23 06:00:00,2024-08-01 06:00:00,1.4051692869011505,2.706188754826768,3.7897059689078367,29.07638154580077,2.6253574793887955,57.14285714285714,22,0.7674027971520573,-0.10288041139721077,,0.011755011296958981,1.0528120849103901,0.27703724566922716,0.8367577963965313,100,0.0219678833920652,0.026253574793887954,0.02,0.026253574793887954,chart_cl_4.csv,693,20250831_170943:693,lhs,12,26,42,124,27,19,2.3,2.0,0.9,1.0,38,0.85
6,5623,3860,450,862,2025-02-21 15:00:00,2025-06-04 10:00:00,1.3990226708994504,3.5352942107143996,4.876931872344747,37.72301704818972,2.012085449236864,58.82352941176471,18,4.280415908135207,0.6674329013342312,,0.004801174460380671,1.1131406826973762,0.1665474041478389,1.0948309130553604,102,0.022028933495334007,0.02012085449236864,0.02,0.02012085449236864,chart_cl_4.csv,721,20250831_170943:721,lhs,8,25,51,133,19,26,2.6,2.7,1.5,1.6,21,0.75
5,5623,2998,450,862,2024-11-11 07:00:00,2025-02-21 13:00:00,1.3602635160119163,3.3429380507624065,4.278271935840209,23.655940900995986,3.0939105661086264,83.33333333333334,25,2.7332377433310606,0.36658109169503306,,0.017946508132223437,1.0770239073414591,0.17477170302442965,0.6921869884017037,102,0.021415646371389402,0.030939105661086264,0.026919762198335154,0.030939105661086264,chart_cl_4.csv,700,20250831_170943:700,lhs,13,21,44,97,20,12,3.0,2.7,0.9,1.4000000000000001,46,0.85
3,5623,1274,450,862,2024-04-23 06:00:00,2024-08-01 06:00:00,1.354051644770368,5.3104206311302855,8.029876427805384,55.87794702954152,1.3020957440298586,100.0,14,inf,0.23435005203410614,,0.0027205154802132855,1.17408082404602,0.09807132991768436,1.058244212201129,100,0.021164884244022582,0.013020957440298585,0.02,0.02,chart_cl_4.csv,808,20250831_170943:808,lhs,9,20,53,147,30,22,1.8,2.8,0.9,1.3,50,0.8
3,5623,1274,450,862,2024-04-23 06:00:00,2024-08-01 06:00:00,1.341679711553627,2.7542556250802996,3.8834395760481697,27.79286815866904,2.5871128977105458,43.47826086956522,24,0.6764072649032985,-0.12703469260040534,,0.012128294507638445,1.0569727203063717,0.257717580730001,0.8105784294176239,100,0.02097057909352292,0.02587112897710546,0.02,0.02587112897710546,chart_cl_4.csv,623,20250831_170943:623,lhs,7,19,54,112,13,16,2.5,2.0,1.3,1.3,43,0.8
3,5623,1274,450,862,2024-04-23 06:00:00,2024-08-01 06:00:00,1.3208417617743975,2.753794087673571,3.908533061903987,26.958658528374478,2.614087452263578,43.47826086956522,24,0.7424768235395308,-0.0885356146124483,,0.011296349183460437,1.0550569695231153,0.25010760310639635,0.7896962622754808,100,0.020643350903137823,0.026140874522635783,0.02,0.026140874522635783,chart_cl_4.csv,823,20250831_170943:823,lhs,9,22,30,121,21,30,2.9000000000000004,2.0,1.5,0.8,48,0.75
5,5623,2998,450,862,2024-11-11 07:00:00,2025-02-21 13:00:00,1.3207279982111664,3.7609428423673212,4.905463651324848,26.093950140731312,2.700415619225995,75.0,29,3.9032570733253604,0.4617708177392861,,0.01952618292695676,1.101461509029169,0.142007824571766,0.7098246944165447,102,0.020790250243872953,0.02700415619225995,0.02928927439043514,0.02928927439043514,chart_cl_4.csv,815,20250831_170943:815,lhs,9,25,47,72,13,20,2.6,2.7,1.5,1.4000000000000001,43,0.7
3,5623,1274,450,862,2024-04-23 06:00:00,2024-08-01 06:00:00,1.2934305136931812,2.569544044811089,3.575978888321721,26.731241991618766,2.5665688378332963,52.38095238095239,22,0.5322979764088654,-0.23448821762840238,,0.011554891869484597,1.052081655705391,0.2628393206951662,0.7875484294757038,100,0.020212972573768948,0.02566568837833296,0.02,0.02566568837833296,chart_cl_4.csv,723,20250831_170943:723,lhs,14,27,39,149,17,19,3.0,2.1,1.4000000000000001,1.1,48,0.7
5,5623,2998,450,862,2024-11-11 07:00:00,2025-02-21 13:00:00,1.275738885195092,3.7755915602721184,4.954583310608568,29.02607366050176,2.322554425774708,88.46153846153845,27,632.135132438608,0.4772337214897137,,0.016281349965102682,1.1168721335269234,0.13431201178789096,0.8221595654308459,102,0.02007880141790451,0.02322554425774708,0.024422024947654025,0.024422024947654025,chart_cl_4.csv,710,20250831_170943:710,lhs,10,17,41,127,15,18,1.8,2.5,1.6,1.4000000000000001,37,0.8
4,5623,2136,450,862,2024-08-01 08:00:00,2024-11-11 05:00:00,1.2561965446202343,8.795870677076625,12.286277964226546,84.89859910478644,0.7786521348436285,100.0,5,inf,2.7348817141973307,,0.002005189633957051,1.2644274999524021,0.033066810776294094,0.9849584419294135,101,0.01969916883858827,0.007786521348436285,0.02,0.02,chart_cl_4.csv,759,20250831_170943:759,lhs,10,22,57,100,24,29,2.2,2.8,0.8,0.9,46,0.85
4,5623,2136,450,862,2024-08-01 08:00:00,2024-11-11 05:00:00,1.2403888290999912,11.82717162214208,17.852728868078067,193.80520897489183,0.3356752363022498,100.0,18,inf,0.7264608623844323,,0.0014931503716830218,1.388438750990497,0.016870447016892404,0.9725089196359192,101,0.019450178392718384,0.003356752363022498,0.02,0.02,chart_cl_4.csv,769,20250831_170943:769,lhs,10,17,36,75,14,13,1.9000000000000001,2.5,1.6,1.6,11,0.8
2,5623,412,450,862,2024-01-11 07:00:00,2024-04-23 04:00:00,1.2288425288425173,3.540494028182907,4.590084229882352,34.718116876909846,1.851832431039387,84.375,33,20.095139990147132,0.7403558302316309,,0.0036808860303390424,1.079015254990647,0.13120930991537458,0.9668718004819349,102,0.0193374360096387,0.01851832431039387,0.02,0.02,chart_cl_4.csv,762,20250831_170943:762,lhs,14,18,35,90,28,10,2.5,1.8,1.3,1.2000000000000002,28,0.75
3,5623,1274,450,862,2024-04-23 06:00:00,2024-08-01 06:00:00,1.1719504569296533,2.2587377603394363,3.103350316354774,22.495558104465854,2.692988778360857,59.09090909090909,23,0.5718514027134122,-0.22386099509446605,,0.011871903972812842,1.0435171695553234,0.2767911341746546,0.6797891012015521,100,0.018306644211877925,0.026929887783608566,0.02,0.026929887783608566,chart_cl_4.csv,613,20250831_170943:613,lhs,10,27,50,126,26,21,2.7,1.8,0.8,1.1,47,0.7
3,5623,1274,450,862,2024-04-23 06:00:00,2024-08-01 06:00:00,1.161526647186639,4.852314323667007,7.468631500186926,53.49960090175942,1.1198050190882374,96.66666666666667,31,45.589396010586825,0.22784249478202082,,0.0028913959572616343,1.1203978565686308,0.10105034360945145,0.9071572371232807,100,0.018143144742465613,0.011198050190882373,0.02,0.02,chart_cl_4.csv,703,20250831_170943:703,lhs,10,22,55,71,27,13,2.4000000000000004,2.8,1.1,1.0,44,0.85
2,5623,412,450,862,2024-01-11 07:00:00,2024-04-23 04:00:00,1.161523389763761,3.842504528077959,5.237798973007574,27.384730234951043,2.187675824654461,40.0,16,7.812720337505726,1.147424520101294,,0.003863683302978629,1.1064305303063666,0.12434881342811112,0.8352997569464011,102,0.01827365084611389,0.02187675824654461,0.02,0.02187675824654461,chart_cl_4.csv,627,20250831_170943:627,lhs,12,20,33,79,29,21,2.7,2.6,0.8,0.8,21,0.65
4,5623,2136,450,862,2024-08-01 08:00:00,2024-11-11 05:00:00,1.134509185428233,10.980237640288664,16.37596961272869,173.74478468209935,0.33487188613036184,100.0,18,inf,0.6643312897025184,,0.0014825693817400111,1.354251528519434,0.015482165008538194,0.8891585091890919,101,0.017783170183781838,0.0033487188613036184,0.02,0.02,chart_cl_4.csv,654,20250831_170943:654,lhs,10,18,31,88,25,13,1.8,2.5,1.0,1.5,36,0.6
5,5623,2998,450,862,2024-11-11 07:00:00,2025-02-21 13:00:00,1.1340044635905069,9.772460060702056,14.628042160545256,92.65501790640559,0.6275985739352129,78.57142857142857,15,206.9590591893006,0.6405549807756,,0.0020448384014169485,1.238552916578431,0.02045839022720112,0.891947067162322,102,0.01783894134324644,0.006275985739352129,0.02,0.02,chart_cl_4.csv,620,20250831_170943:620,lhs,13,23,52,106,12,28,2.8,2.4000000000000004,0.9,1.6,22,0.75
5,5623,2998,450,862,2024-11-11 07:00:00,2025-02-21 13:00:00,1.118760892172157,3.306177830686501,4.324007101668244,24.651211701714967,2.3197263083907633,90.9090909090909,23,261.432348612838,0.4426009881920329,,0.01612018581373527,1.101769066383652,0.1323375220824463,0.7277905953976532,102,0.017598179446948792,0.023197263083907634,0.024180278720602903,0.024180278720602903,chart_cl_4.csv,600,20250831_170943:600,lhs,6,18,48,136,16,15,2.4000000000000004,2.4000000000000004,1.2000000000000002,1.3,40,0.85
5,5623,2998,450,862,2024-11-11 07:00:00,2025-02-21 13:00:00,1.1177287651435044,3.335620771332024,4.333368359628944,24.627747936985468,2.319288786273287,88.88888888888889,19,322.4182137761906,0.5024155416800213,,0.01608553324655901,1.101585513586712,0.12884954127056156,0.7286828639259874,102,0.017581878650818956,0.02319288786273287,0.024128299869838513,0.024128299869838513,chart_cl_4.csv,810,20250831_170943:810,lhs,9,20,53,147,30,22,1.8,2.8,0.9,1.3,50,0.8
5,5623,2998,450,862,2024-11-11 07:00:00,2025-02-21 13:00:00,1.1104736582894923,3.2284625139979704,4.224939928999347,24.418706273047984,2.320403917687353,93.10344827586206,30,83.24235401141631,0.3800166189205119,,0.016002935491126816,1.0988764816015755,0.1376586363205628,0.72767063081006,102,0.01746729924546142,0.02320403917687353,0.024004403236690224,0.024004403236690224,chart_cl_4.csv,705,20250831_170943:705,lhs,10,22,55,71,27,13,2.4000000000000004,2.8,1.1,1.0,44,0.85
4,5623,2136,450,862,2024-08-01 08:00:00,2024-11-11 05:00:00,1.0201765698186185,5.236890231846198,7.417973490687175,65.54024210320809,0.7792713689938621,93.75,17,132.10274733949822,0.6808317545768591,,0.0029856075050181756,1.112472813358481,0.04867879912369395,0.7992243998749202,101,0.015984487997498405,0.007792713689938621,0.02,0.02,chart_cl_4.csv,719,20250831_170943:719,lhs,8,25,51,133,19,26,2.6,2.7,1.5,1.6,21,0.75
3,5623,1274,450,862,2024-04-23 06:00:00,2024-08-01 06:00:00,1.0001791583865725,7.415012244726279,12.604657405756734,112.0403255432877,0.4450427579004327,100.0,2,inf,0.4689587586702411,,0.0004630242365543063,1.511160537794664,0.03634225857365244,0.7806958963808626,100,0.015613917927617252,0.004450427579004327,0.02,0.02,chart_cl_4.csv,778,20250831_170943:778,lhs,11,21,43,103,20,27,1.8,3.0,1.2000000000000002,1.5,19,0.8
3,5623,1274,450,862,2024-04-23 06:00:00,2024-08-01 06:00:00,0.9838416716300856,3.2709536770974985,4.600547832637337,22.162552178475558,2.2055441157763944,43.333333333333336,31,1.6477024936909621,0.14398722262757815,,0.013284480634237969,1.0631427916617278,0.13892370882531066,0.6963351293624094,100,0.015357978471736564,0.022055441157763943,0.02,0.022055441157763943,chart_cl_4.csv,773,20250831_170943:773,lhs,12,24,38,85,29,14,2.6,3.0,1.5,1.4000000000000001,42,0.65
4,5623,2136,450,862,2024-08-01 08:00:00,2024-11-11 05:00:00,0.9251298786747384,4.750709835091646,6.295902230774544,32.7685075466167,1.3855423478935516,82.14285714285714,29,5.668901318258867,0.5183217355740609,,0.00354821531572362,1.109224475731158,0.049763067729174874,0.7245164440359589,101,0.01449032888071918,0.013855423478935515,0.02,0.02,chart_cl_4.csv,629,20250831_170943:629,lhs,12,20,33,79,29,21,2.7,2.6,0.8,0.8,21,0.65
6,5623,3860,450,862,2025-02-21 15:00:00,2025-06-04 10:00:00,0.9192163404048415,2.754677428418126,3.69782724502018,19.161173362470535,2.351434197160521,58.620689655172406,30,1.2148701409961502,0.06143570259669778,,0.007280324070265157,1.060167929145416,0.14424353840127602,0.6144733715711389,102,0.014448936991568996,0.02351434197160521,0.02,0.02351434197160521,chart_cl_4.csv,691,20250831_170943:691,lhs,8,16,55,96,10,21,2.0,2.4000000000000004,0.9,1.3,17,0.7
6,5623,3860,450,862,2025-02-21 15:00:00,2025-06-04 10:00:00,0.9162728222263353,1.6966210024491053,2.301330692804495,9.450463869927624,4.74943400675047,71.875,33,1.2252216318866858,0.07781210343294459,,0.01317202876017802,1.035374415086052,0.27848952854142295,0.3032469910002834,102,0.014402515715015,0.047494340067504706,0.02,0.047494340067504706,chart_cl_4.csv,671,20250831_170943:671,lhs,6,21,46,93,19,11,2.0,2.2,1.1,0.8,11,0.75
5,5623,2998,450,862,2024-11-11 07:00:00,2025-02-21 13:00:00,0.9110113732779319,2.7592876888697186,3.5789743104038654,19.22604936461566,2.3186048960606276,88.88888888888889,37,80.53891025690149,0.2527858017367908,,0.016205560795250273,1.0927333506007229,0.12667464401432318,0.589079338322423,102,0.014319541545614744,0.023186048960606276,0.024308341192875407,0.024308341192875407,chart_cl_4.csv,630,20250831_170943:630,lhs,12,20,33,79,29,21,2.7,2.6,0.8,0.8,21,0.65
3,5623,1274,450,862,2024-04-23 06:00:00,2024-08-01 06:00:00,0.897942156704596,2.57515492655672,3.6201899710172247,26.86525297501814,1.6310442219129233,56.00000000000001,26,1.2788350275356895,0.03508812250305832,,0.005564713976819678,1.0543735578028715,0.1661578205569312,0.7006391777613197,100,0.014012783555226394,0.016310442219129234,0.02,0.02,chart_cl_4.csv,783,20250831_170943:783,lhs,13,20,58,84,19,24,2.8,2.3,1.6,0.8,38,0.6
5,5623,2998,450,862,2024-11-11 07:00:00,2025-02-21 13:00:00,0.8926482659545553,2.5947627629875663,3.384020651529111,18.751907232462514,2.320403917687353,86.20689655172413,30,70.42784057405161,0.30485768711703526,,0.017724011383703563,1.0801691196011571,0.1384253921339776,0.5277201161521399,102,0.01402997601913484,0.02320403917687353,0.026586017075555343,0.026586017075555343,chart_cl_4.csv,655,20250831_170943:655,lhs,10,18,31,88,25,13,1.8,2.5,1.0,1.5,36,0.6
3,5623,1274,450,862,2024-04-23 06:00:00,2024-08-01 06:00:00,0.8661815161060303,2.218104060830808,3.135095816792577,21.019017465911396,1.997695523230813,52.0,26,0.820651409184271,-0.03637287577672929,,0.007479911363981616,1.046617721513471,0.20038186153674412,0.6757808192459167,100,0.013515616384918334,0.01997695523230813,0.02,0.02,chart_cl_4.csv,698,20250831_170943:698,lhs,13,21,44,97,20,12,3.0,2.7,0.9,1.4000000000000001,46,0.85
4,5623,2136,450,862,2024-08-01 08:00:00,2024-11-11 05:00:00,0.8263860433330137,3.769091454008547,4.768013879863853,20.37222565269663,1.950209936955376,100.0,14,inf,1.1790190686990039,,0.00409762562155695,1.0990238710309217,0.05707880190342162,0.6469561700225451,101,0.012939123400450902,0.01950209936955376,0.02,0.02,chart_cl_4.csv,714,20250831_170943:714,lhs,14,21,60,82,22,29,2.3,2.7,1.1,1.6,26,0.6
5,5623,2998,450,862,2024-11-11 07:00:00,2025-02-21 13:00:00,0.8182318529819597,3.1353341629462466,4.076310008318115,21.691517503134396,1.810453892207941,92.0,26,80.5908305891299,0.30751802885170093,,0.01217561681392613,1.0995487999951494,0.09054284160247628,0.6428452110373598,102,0.012856904220747197,0.01810453892207941,0.02,0.02,chart_cl_4.csv,795,20250831_170943:795,lhs,7,28,44,91,25,24,2.9000000000000004,2.8,1.2000000000000002,1.1,26,0.7
6,5623,3860,450,862,2025-02-21 15:00:00,2025-06-04 10:00:00,0.7949031005048256,2.009369223767319,2.697791688786216,11.231573394483144,3.3804242645392906,40.909090909090914,23,1.099868552802149,0.027709622464016592,,0.008222778113004365,1.050062968316212,0.1689492372238632,0.3694591847185978,102,0.012489287927796518,0.033804242645392904,0.02,0.033804242645392904,chart_cl_4.csv,821,20250831_170943:821,lhs,7,19,40,105,17,25,2.0,2.6,1.3,1.5,19,0.65
3,5623,1274,450,862,2024-04-23 06:00:00,2024-08-01 06:00:00,0.7494243175847799,5.625824161202764,8.887872355840877,34.90154363714943,1.0159866376297484,100.0,7,inf,1.04959606268729,,0.0031369976598583384,1.2146027427532113,0.03208205443626079,0.5844456825875718,100,0.011688913651751436,0.010159866376297485,0.02,0.02,chart_cl_4.csv,768,20250831_170943:768,lhs,10,17,36,75,14,13,1.9000000000000001,2.5,1.6,1.6,11,0.8
5,5623,2998,450,862,2024-11-11 07:00:00,2025-02-21 13:00:00,0.6650756619095791,1.957960573214341,2.542671645602597,13.228157310502535,2.337830367432058,70.96774193548387,32,3.060425283706817,0.20885570984637863,,0.01863116335737567,1.0571188419448834,0.1337158338600006,0.37373167462433093,102,0.010444583822627222,0.023378303674320578,0.027946745036063505,0.027946745036063505,chart_cl_4.csv,775,20250831_170943:775,lhs,12,24,38,85,29,14,2.6,3.0,1.5,1.4000000000000001,42,0.65
3,5623,1274,450,862,2024-04-23 06:00:00,2024-08-01 06:00:00,0.6511480636822398,7.053160143968403,12.574657839072682,67.83812348983261,0.4450427579004327,100.0,4,inf,0.613464184158884,,0.0003834905415666384,1.482910517677273,0.019581239878258154,0.5076262545329656,100,0.010152525090659312,0.004450427579004327,0.02,0.02,chart_cl_4.csv,588,20250831_170943:588,lhs,7,23,35,74,10,27,1.9000000000000001,3.0,1.1,1.6,24,0.7
3,5623,1274,450,862,2024-04-23 06:00:00,2024-08-01 06:00:00,0.6417087164337034,2.23010616689471,3.1790026578199853,12.061309420310634,2.4620435112718013,72.72727272727273,23,1.267014441980421,0.0433436006077601,,0.009025588775078084,1.0536436621639256,0.12332217051746514,0.4063702680171833,100,0.010005012815454888,0.02462043511271801,0.02,0.02462043511271801,chart_cl_4.csv,653,20250831_170943:653,lhs,10,18,31,88,25,13,1.8,2.5,1.0,1.5,36,0.6
4,5623,2136,450,862,2024-08-01 08:00:00,2024-11-11 05:00:00,0.6302775103390388,3.136823253560619,3.995961353176138,17.973945302210083,1.618898654530057,100.0,5,inf,2.579361720199881,,0.0029634049513799273,1.0936967482770525,0.050448501038375754,0.4930811184519688,101,0.009861622369039376,0.01618898654530057,0.02,0.02,chart_cl_4.csv,779,20250831_170943:779,lhs,11,21,43,103,20,27,1.8,3.0,1.2000000000000002,1.5,19,0.8
6,5623,3860,450,862,2025-02-21 15:00:00,2025-06-04 10:00:00,0.6124086691153415,1.5475178742083968,2.166219162632023,8.413624611093057,3.34807223228314,44.44444444444444,19,1.7373424151021633,0.26930153572809473,,0.01037686234495645,1.0444604059164542,0.17525752534461425,0.2871997475097343,102,0.009615654997560704,0.0334807223228314,0.02,0.0334807223228314,chart_cl_4.csv,781,20250831_170943:781,lhs,11,21,43,103,20,27,1.8,3.0,1.2000000000000002,1.5,19,0.8
2,5623,412,450,862,2024-01-11 07:00:00,2024-04-23 04:00:00,0.6048001340380665,2.741504892805096,3.930989231937273,17.954699385972393,1.5470054603021663,33.33333333333333,4,4.3374519899927195,1.1102463812514576,,0.0017148467315192266,1.0940109498041934,0.06514208317562495,0.4747964907358659,102,0.009495929814717318,0.015470054603021664,0.02,0.02,chart_cl_4.csv,687,20250831_170943:687,lhs,8,16,55,96,10,21,2.0,2.4000000000000004,0.9,1.3,17,0.7
3,5623,1274,450,862,2024-04-23 06:00:00,2024-08-01 06:00:00,0.5693896570908847,3.829213270993152,5.5188175591576245,31.982695379523285,0.8117056912846853,39.130434782608695,24,1.3108020565804548,0.043808206233785174,,0.002702391486100586,1.0837514314961296,0.03424558035005747,0.44375919046402024,100,0.008875183809280405,0.008117056912846853,0.02,0.02,chart_cl_4.csv,753,20250831_170943:753,lhs,12,20,49,141,15,24,2.1,2.3,0.8,1.5,18,0.6
4,5623,2136,450,862,2024-08-01 08:00:00,2024-11-11 05:00:00,0.41454357356078614,1.5678920194559403,2.0584281241131297,9.266465297980075,1.9762498583110744,88.88888888888889,19,32.5121503632382,0.746632328649174,,0.00574126983736494,1.0360541724180812,0.08721376220403339,0.3240564139130748,101,0.006481128278261496,0.019762498583110744,0.02,0.02,chart_cl_4.csv,749,20250831_170943:749,lhs,11,22,42,87,28,30,2.4000000000000004,2.8,1.3,0.8,14,0.6
3,5623,1274,450,862,2024-04-23 06:00:00,2024-08-01 06:00:00,0.3499242660802281,4.116340734506468,5.671687612270447,33.70082354576445,0.45272052269684054,36.36363636363637,12,1.6814275958115437,0.08157301936463608,,0.0016527486424967373,1.1058794461190626,0.007905804422255008,0.2725034485957104,100,0.005450068971914209,0.004527205226968405,0.02,0.02,chart_cl_4.csv,803,20250831_170943:803,lhs,8,23,58,107,21,10,2.4000000000000004,3.0,1.0,0.9,17,0.6
2,5623,412,450,862,2024-01-11 07:00:00,2024-04-23 04:00:00,0.3476116757984414,1.7395386607732937,2.2435401310523115,17.985712887272566,0.8422870497376318,66.66666666666666,34,4.039589010151112,0.12970929345070206,,0.003104675952911078,1.0493134648192086,0.056953469469048106,0.27263817536070734,102,0.005452763507214147,0.008422870497376318,0.02,0.02,chart_cl_4.csv,812,20250831_170943:812,lhs,9,25,47,72,13,20,2.6,2.7,1.5,1.4000000000000001,43,0.7
3,5623,1274,450,862,2024-04-23 06:00:00,2024-08-01 06:00:00,0.3350653753330981,5.207839838934572,7.650395510400975,38.465388675142655,0.37866124287365105,57.14285714285714,8,4.457872652138332,0.3109954549770147,,0.0012017621709833367,1.1638993830912772,0.005432420527126121,0.26091826083059794,100,0.005218365216611959,0.0037866124287365107,0.02,0.02,chart_cl_4.csv,688,20250831_170943:688,lhs,8,16,55,96,10,21,2.0,2.4000000000000004,0.9,1.3,17,0.7
4,5623,2136,450,862,2024-08-01 08:00:00,2024-11-11 05:00:00,0.2964743772593863,1.4643700569120173,1.8509843827624175,9.175495755926562,1.3936843929762213,84.61538461538461,14,35.315657361512585,0.8826394340306201,,0.0027777339278802033,1.0364808393995442,0.048050655640709414,0.2316613223245115,101,0.00463322644649023,0.013936843929762213,0.02,0.02,chart_cl_4.csv,689,20250831_170943:689,lhs,8,16,55,96,10,21,2.0,2.4000000000000004,0.9,1.3,17,0.7
2,5623,412,450,862,2024-01-11 07:00:00,2024-04-23 04:00:00,0.28529078590672724,1.8663356250718608,2.4284006929790505,12.989854688838808,0.9451719300566371,44.44444444444444,10,3.04051705605314,0.32634079942713917,,0.002114420503621321,1.0734562942586994,0.032599508584896485,0.22370838965242168,102,0.004474167793048434,0.009451719300566371,0.02,0.02,chart_cl_4.csv,772,20250831_170943:772,lhs,12,24,38,85,29,14,2.6,3.0,1.5,1.4000000000000001,42,0.65
6,5623,3860,450,862,2025-02-21 15:00:00,2025-06-04 10:00:00,0.27374139846566975,0.7730535906559667,1.0036961555750414,4.377498542408869,2.6849179370311926,52.94117647058824,18,1.555904645308304,0.15147975389069773,,0.013381343339692068,1.0191957387247361,0.15223465684534657,0.1598879974481426,102,0.0042928615226451566,0.026849179370311928,0.0200720150095381,0.026849179370311928,chart_cl_4.csv,661,20250831_170943:661,lhs,11,26,44,122,23,23,2.1,2.9000000000000004,1.0,1.2000000000000002,13,0.65
5,5623,2998,450,862,2024-11-11 07:00:00,2025-02-21 13:00:00,0.264390765880358,3.4006490748814002,4.833625931811311,18.053565866412775,0.6275985739352129,90.9090909090909,12,130.21451285878732,0.1773030399061379,,0.0032527766716736947,1.1068766985938077,0.007970610138735838,0.20730415695801696,102,0.0041460831391603396,0.006275985739352129,0.02,0.02,chart_cl_4.csv,610,20250831_170943:610,lhs,6,24,51,94,11,20,1.9000000000000001,2.6,1.3,0.9,31,0.8
3,5623,1274,450,862,2024-04-23 06:00:00,2024-08-01 06:00:00,0.25830320545760516,0.7775568130003037,1.0938258292177618,3.5814520090544466,3.0870032637466425,33.33333333333333,34,0.6756338294896646,-0.0775305159000293,,0.01599346299994971,1.015605760358816,0.1805598335228287,0.13028028207492237,100,0.004021756559671186,0.030870032637466426,0.023990194499924566,0.030870032637466426,chart_cl_4.csv,813,20250831_170943:813,lhs,9,25,47,72,13,20,2.6,2.7,1.5,1.4000000000000001,43,0.7
5,5623,2998,450,862,2024-11-11 07:00:00,2025-02-21 13:00:00,0.17704409512115374,3.292673860522928,5.333846895984188,20.873563731852798,0.35716168268133963,80.95238095238095,22,16.876154850040987,0.08337377124603496,,0.002268306761846272,1.1442928918692774,0.0045955547259122695,0.13877335091115736,102,0.002775467018223147,0.0035716168268133965,0.02,0.02,chart_cl_4.csv,590,20250831_170943:590,lhs,7,23,35,74,10,27,1.9000000000000001,3.0,1.1,1.6,24,0.7
5,5623,2998,450,862,2024-11-11 07:00:00,2025-02-21 13:00:00,0.0,inf,inf,,,,0,,,,0.0,,0.0,,102,0.0,,0.02,,chart_cl_4.csv,605,20250831_170943:605,lhs,11,16,53,139,11,23,2.9000000000000004,2.9000000000000004,1.4000000000000001,1.1,36,0.65
2,5623,412,450,862,2024-01-11 07:00:00,2024-04-23 04:00:00,0.0,inf,inf,,,,0,,,,0.0,,0.0,,102,0.0,,0.02,,chart_cl_4.csv,602,20250831_170943:602,lhs,11,16,53,139,11,23,2.9000000000000004,2.9000000000000004,1.4000000000000001,1.1,36,0.65
3,5623,1274,450,862,2024-04-23 06:00:00,2024-08-01 06:00:00,-0.00244840525289991,-0.07043081926885565,-0.09021381275649741,-0.44618922471126965,0.22295143317180646,22.22222222222222,10,0.44154343923935613,-0.0652149904289051,,0.0005153529664618491,0.9977856356032574,4.900892676551142e-05,-0.001904298544795161,100,-3.8085970895903223e-05,0.0022295143317180646,0.02,0.02,chart_cl_4.csv,658,20250831_170943:658,lhs,11,26,44,122,23,23,2.1,2.9000000000000004,1.0,1.2000000000000002,13,0.65
3,5623,1274,450,862,2024-04-23 06:00:00,2024-08-01 06:00:00,-0.07113232574932293,-1.7551358264979358,-2.23301293433267,-12.144402578796488,0.23476658181915047,54.54545454545454,23,0.49004748579449275,-0.032610110056150506,,0.0017868170350033238,0.9475673879143354,0.000759883635241407,-0.05531108722789267,100,-0.0011062217445578534,0.0023476658181915046,0.02,0.02,chart_cl_4.csv,818,20250831_170943:818,lhs,7,19,40,105,17,25,2.0,2.6,1.3,1.5,19,0.65
2,5623,412,450,862,2024-01-11 07:00:00,2024-04-23 04:00:00,-0.10571215722112583,-0.6782977920120568,-0.8844033306491984,-3.9485190884061145,1.0657970692759464,60.0,6,5.992410739476775,0.1684272715224689,,0.002165349049394834,0.9675379508428814,0.03217157843570652,-0.08277619381936199,102,-0.00165552387638724,0.010657970692759464,0.02,0.02,chart_cl_4.csv,587,20250831_170943:587,lhs,7,23,35,74,10,27,1.9000000000000001,3.0,1.1,1.6,24,0.7
6,5623,3860,450,862,2025-02-21 15:00:00,2025-06-04 10:00:00,-0.20655726017054957,-0.6536947373509101,-0.8721005919469158,-5.387325529579174,1.4964053308793988,50.0,19,0.565520347439048,-0.14572804194023348,,0.004088521860355153,0.9807615438732371,0.09932662936319772,-0.16168230041202916,102,-0.0032336460082405833,0.014964053308793988,0.02,0.02,chart_cl_4.csv,716,20250831_170943:716,lhs,14,21,60,82,22,29,2.3,2.7,1.1,1.6,26,0.6
4,5623,2136,450,862,2024-08-01 08:00:00,2024-11-11 05:00:00,-0.26780422984633107,-4.030646668420597,-4.778388626293995,-17.89501637653712,0.577123374094513,0.0,7,0.0,-0.1967736065740704,,0.0012876292773415026,0.7934263729263116,0.002687532961135383,-0.20883486747289393,101,-0.0041766973494578785,0.00577123374094513,0.02,0.02,chart_cl_4.csv,729,20250831_170943:729,lhs,14,18,47,144,30,26,2.8,2.9000000000000004,0.8,1.5,15,0.85
2,5623,412,450,862,2024-01-11 07:00:00,2024-04-23 04:00:00,-0.27535624714753054,-1.2137168076357052,-1.6795593447210668,-9.05991931927533,1.1703459485583094,29.411764705882355,18,1.3666270911237342,0.05506365276064254,,0.002319362758925272,0.962730996821248,0.05593057426526997,-0.2154809005875102,102,-0.004309618011750204,0.011703459485583094,0.02,0.02,chart_cl_4.csv,767,20250831_170943:767,lhs,10,17,36,75,14,13,1.9000000000000001,2.5,1.6,1.6,11,0.8
6,5623,3860,450,862,2025-02-21 15:00:00,2025-06-04 10:00:00,-0.29185038293599064,-1.0391411040031855,-1.4162948116013918,-6.634750091130461,1.6884308080881871,10.0,21,0.059587187470702935,-0.4380530616000713,,0.007103621044977765,0.9721857833442491,0.09072336334586993,-0.22837479946946773,102,-0.004567495989389355,0.01688430808088187,0.02,0.02,chart_cl_4.csv,751,20250831_170943:751,lhs,11,22,42,87,28,30,2.4000000000000004,2.8,1.3,0.8,14,0.6
6,5623,3860,450,862,2025-02-21 15:00:00,2025-06-04 10:00:00,-0.3034520645220823,-1.2067985354329063,-1.567938291972262,-5.668096314309353,2.050308941996412,47.05882352941176,35,0.32636458930113765,-0.2058958704397762,,0.005592013308044135,0.9722992883819557,0.07540529694594211,-0.23161701153578348,102,-0.0047488642987030295,0.020503089419964118,0.02,0.020503089419964118,chart_cl_4.csv,771,20250831_170943:771,lhs,10,17,36,75,14,13,1.9000000000000001,2.5,1.6,1.6,11,0.8
4,5623,2136,450,862,2024-08-01 08:00:00,2024-11-11 05:00:00,-0.3882507777725607,-3.891842209723325,-4.630519109997893,-18.920355813992582,0.7730351741495206,,1,,,,0.0010428840449803755,0.7159376539036895,0.010239986835010241,-0.3026283958360648,101,-0.006052567916721296,0.007730351741495206,0.02,0.02,chart_cl_4.csv,589,20250831_170943:589,lhs,7,23,35,74,10,27,1.9000000000000001,3.0,1.1,1.6,24,0.7
4,5623,2136,450,862,2024-08-01 08:00:00,2024-11-11 05:00:00,-0.3882507777725607,-3.891842209723325,-4.630519109997893,-18.920355813992582,0.7730351741495206,,1,,,,0.0010428840449803755,0.7159376539036895,0.010239986835010241,-0.3026283958360648,101,-0.006052567916721296,0.007730351741495206,0.02,0.02,chart_cl_4.csv,794,20250831_170943:794,lhs,7,28,44,91,25,24,2.9000000000000004,2.8,1.2000000000000002,1.1,26,0.7
5,5623,2998,450,862,2024-11-11 07:00:00,2025-02-21 13:00:00,-0.42188967010785067,-1.1073891494645527,-1.3836120205435842,-5.192134781004362,3.041186315186724,61.76470588235294,35,0.49725332432491726,-0.17537428649990466,,0.020217773803110344,0.9730459584992337,0.12539271390903323,-0.2170047473937504,102,-0.006599518681044255,0.03041186315186724,0.030326660704665515,0.03041186315186724,chart_cl_4.csv,770,20250831_170943:770,lhs,10,17,36,75,14,13,1.9000000000000001,2.5,1.6,1.6,11,0.8
6,5623,3860,450,862,2025-02-21 15:00:00,2025-06-04 10:00:00,-0.44468961164310994,-1.6694119652071666,-2.152996843997328,-9.45526095382619,1.7525135350943164,51.515151515151516,34,0.558227868189351,-0.13460812308493716,,0.005781488788732955,0.9594408059780009,0.08240980438849498,-0.34777990737676995,102,-0.006955598147535399,0.017525135350943164,0.02,0.02,chart_cl_4.csv,776,20250831_170943:776,lhs,12,24,38,85,29,14,2.6,3.0,1.5,1.4000000000000001,42,0.65
2,5623,412,450,862,2024-01-11 07:00:00,2024-04-23 04:00:00,-0.46709620006298563,-1.5042752222029276,-2.007950096968826,-7.820351599890018,2.216059445749543,50.0,11,2.735385219375448,0.45389334020826505,,0.0032483922910143876,0.9495850415883069,0.08502730114922959,-0.32966069628347916,102,-0.007305476998913752,0.02216059445749543,0.02,0.02216059445749543,chart_cl_4.csv,652,20250831_170943:652,lhs,10,18,31,88,25,13,1.8,2.5,1.0,1.5,36,0.6
4,5623,2136,450,862,2024-08-01 08:00:00,2024-11-11 05:00:00,-0.6644134849583849,-5.034494811484364,-5.986531354799298,-21.519181698542187,1.1030648710966158,33.33333333333333,10,0.5043322783942864,-0.0667172989703866,,0.002105188526543991,0.8454370285175634,0.016239698929058934,-0.5173731376153435,101,-0.010347462752306871,0.011030648710966158,0.02,0.02,chart_cl_4.csv,819,20250831_170943:819,lhs,7,19,40,105,17,25,2.0,2.6,1.3,1.5,19,0.65
