fold_id,bars_total,bars_train,bars_embargo,bars_val,val_start,val_end,total_return,sharpe_ratio,sortino_ratio,calmar_ratio,max_drawdown,win_rate,total_trades,profit_factor,expectancy,avg_hold_hours,ulcer_index,omega_0,omega_fees,calmar_robust,val_days,cagr_adj,maxdd_obs_frac,dd_floor,dd_adj,chart,trial_id,trial_uid,method,param_fast_min_len,param_fast_max_len,param_slow_min_len,param_slow_max_len,param_dma_atr_len,param_atr_len,param_upper_outer_mult,param_lower_outer_mult,param_upper_inner_mult,param_lower_inner_mult,param_momentum_len,param_momentum_threshold
5,2108,727,405,283,2023-05-31 09:00:00,2023-06-23 21:00:00,13.46914625291016,5.9264332713141386,10.358782782753039,137.31701558616106,4.419549081969503,100.0,2,inf,9.19094934893756,,0.01001835163938941,1.4743218330200238,0.9695006425872954,3.4894997896276365,23,0.15422015591781596,0.04419549081969503,0.02,0.04419549081969503,chart_cl_1.csv,57,20250902_210613:57,sobol,10,24,55,135,14,11,2.8,2.4000000000000004,0.8,1.0,10,0.65
5,2108,764,384,287,2023-06-01 17:00:00,2023-06-25 13:00:00,10.517873432592035,3.840256924109295,5.558380854450111,63.98096754681273,5.6279965388799615,100.0,2,inf,3.8138463988513407,,0.02151548752620313,1.232608680083581,0.931222122011024,2.1327623170710517,23,0.12003178938729488,0.05627996538879962,0.03227323128930469,0.05627996538879962,chart_cl_1.csv,7,20250902_210613:7,sobol,11,20,44,128,15,12,2.2,1.9000000000000001,1.1,1.4000000000000001,13,0.6
3,2108,190,384,287,2023-04-14 21:00:00,2023-05-08 17:00:00,8.200239009922472,3.620632185899728,5.592673292686028,39.148478196772714,5.950206270129437,100.0,5,inf,8.898004647494103,,0.01746358232193187,1.2008226982618295,0.8809715831607293,1.5686800911677359,23,0.09333970114293479,0.059502062701294364,0.026195373482897803,0.059502062701294364,chart_cl_1.csv,5,20250902_210613:5,sobol,11,20,44,128,15,12,2.2,1.9000000000000001,1.1,1.4000000000000001,13,0.6
5,2108,747,393,285,2023-06-01 01:00:00,2023-06-24 17:00:00,7.594008433849547,6.140921598536084,9.680915305369883,79.29990942866654,2.62279281557232,100.0,2,inf,10.28637040996119,,0.007799680843514727,1.4349229864314386,0.7491031755584735,3.293451936215419,23,0.08638042076738547,0.0262279281557232,0.02,0.0262279281557232,chart_cl_1.csv,96,20250902_210613:96,sobol,8,28,45,131,18,10,1.9000000000000001,2.6,1.1,1.0,13,0.85
3,2108,177,393,285,2023-04-14 13:00:00,2023-05-08 05:00:00,7.326962445078533,3.5030027444675853,5.2976050567062885,43.810459330403006,4.4840095753353415,100.0,5,inf,11.109213744990244,,0.014354930304319568,1.197870358554587,0.8540259389793836,1.8581097988911328,23,0.08331782130252266,0.04484009575335342,0.02153239545647935,0.04484009575335342,chart_cl_1.csv,94,20250902_210613:94,sobol,8,28,45,131,18,10,1.9000000000000001,2.6,1.1,1.0,13,0.85
3,2108,201,375,288,2023-04-15 01:00:00,2023-05-08 23:00:00,7.221876890127743,3.721234047835584,5.4327224609760885,42.099676125901176,4.4840095753353415,100.0,6,inf,10.563085950584913,,0.014578465010057051,1.2019610316597082,0.8421677841990461,1.831243952292299,23,0.08211315416853604,0.04484009575335342,0.021867697515085577,0.04484009575335342,chart_cl_1.csv,47,20250902_210613:47,sobol,6,28,46,125,19,16,2.6,2.4000000000000004,1.5,1.6,48,0.85
3,2108,241,345,293,2023-04-15 21:00:00,2023-05-10 05:00:00,6.8829056039095144,3.044248012113375,4.541001950400508,35.627723453061925,4.785189280393816,100.0,7,inf,9.44201317111205,,0.01790767334188604,1.161971297962142,0.8559702097894122,1.6433607414557085,24,0.0786379220383389,0.04785189280393816,0.02686151001282906,0.04785189280393816,chart_cl_1.csv,322,20250902_210613:322,sobol,6,16,51,115,17,14,1.8,1.9000000000000001,1.1,1.1,13,0.8
3,2108,302,300,301,2023-04-17 05:00:00,2023-05-12 05:00:00,6.45596764705487,3.143244448594643,4.593817172445405,33.12251774847744,4.4840095753353415,100.0,8,inf,10.358053119034665,,0.019467778030396888,1.161315299839868,0.8310618450377595,1.652654374518823,25,0.07410518040062242,0.04484009575335342,0.029201667045595334,0.04484009575335342,chart_cl_1.csv,342,20250902_210613:342,sobol,8,23,47,72,11,13,2.9000000000000004,2.5,1.6,1.0,50,0.8
3,2108,302,300,301,2023-04-17 05:00:00,2023-05-12 05:00:00,5.549686563408607,2.8661237027741846,4.163911655707594,26.638887813395918,4.4840095753353415,100.0,8,inf,9.063365856682863,,0.017364194692821137,1.1506214446415877,0.8015594226798943,1.4190988388768444,25,0.06363252781871036,0.04484009575335342,0.026046292039231707,0.04484009575335342,chart_cl_1.csv,238,20250902_210613:238,sobol,13,20,56,87,13,14,2.1,2.2,1.5,1.1,14,0.85
3,2108,302,300,301,2023-04-17 05:00:00,2023-05-12 05:00:00,5.549686563408607,2.8661237027741846,4.163911655707594,26.638887813395918,4.4840095753353415,100.0,8,inf,9.063365856682863,,0.017364194692821137,1.1506214446415877,0.8015594226798943,1.4190988388768444,25,0.06363252781871036,0.04484009575335342,0.026046292039231707,0.04484009575335342,chart_cl_1.csv,110,20250902_210613:110,sobol,6,23,57,89,17,12,2.1,2.3,1.3,1.5,48,0.8
3,2108,302,300,301,2023-04-17 05:00:00,2023-05-12 05:00:00,5.492033226848069,2.8420754682415312,4.127636718500226,26.263494812365323,4.481932793914299,100.0,8,inf,8.985963748925165,,0.017355547356798694,1.1495885598832014,0.7999194626188824,1.404909036223578,25,0.06296707881916987,0.04481932793914299,0.02603332103519804,0.04481932793914299,chart_cl_1.csv,381,20250902_210613:381,sobol,14,25,58,77,10,16,2.5,2.8,1.1,1.5,49,0.75
4,2108,549,336,295,2023-05-10 19:00:00,2023-06-04 07:00:00,5.487240505442272,2.1481192215053646,3.375186185824139,19.103940013446692,6.335576162827721,85.71428571428571,15,77.19203930486772,3.895711544060027,,0.033538852519910886,1.1045642236020197,0.8625252172995007,0.9879163036047818,24,0.06259018983987329,0.0633557616282772,0.05030827877986633,0.0633557616282772,chart_cl_1.csv,44,20250902_210613:44,sobol,7,19,59,112,19,18,2.3,1.8,1.1,0.8,23,0.85
5,2108,694,426,280,2023-05-30 09:00:00,2023-06-22 15:00:00,5.099923509999485,6.068918341487606,11.758498268875723,69.78247721376991,1.6871355581419334,0.0,3,0.0,-0.928170575780426,,0.002283376889389837,1.8660908660556244,0.5116025697425298,2.8924072030158317,23,0.05784814406031663,0.016871355581419334,0.02,0.02,chart_cl_1.csv,37,20250902_210613:37,sobol,11,16,49,142,13,12,1.9000000000000001,3.0,1.2000000000000002,1.5,36,0.6
5,2108,904,300,301,2023-06-06 09:00:00,2023-07-01 09:00:00,4.858770223456179,1.9178193435581983,2.6745006077975586,14.82942024348583,6.706140334556973,75.0,5,6.290856187856049,7.000312103796163,,0.025428704551050924,1.0894826918545393,0.8550436449658977,0.8300434443030936,25,0.0556638782127557,0.06706140334556973,0.038143056826576385,0.06706140334556973,chart_cl_1.csv,313,20250902_210613:313,sobol,10,26,40,98,20,12,2.5,2.2,0.8,1.0,19,0.85
4,2108,552,333,295,2023-05-10 19:00:00,2023-06-04 07:00:00,4.557067855550227,2.114382488833097,3.4707691406120684,22.35246416262032,4.196304496192456,100.0,16,inf,3.0346517071444907,,0.023282116008680152,1.1399799624099056,0.7772271614765784,1.2373663694460317,24,0.05192366059543718,0.04196304496192456,0.034923174013020225,0.04196304496192456,chart_cl_1.csv,235,20250902_210613:235,sobol,6,27,41,111,16,16,2.9000000000000004,2.9000000000000004,1.2000000000000002,1.5,39,0.65
5,2108,664,444,277,2023-05-29 09:00:00,2023-06-21 09:00:00,4.45733830204577,5.254884245430006,10.401640891409386,51.61896109431215,1.9233619739967134,0.0,2,0.0,-1.457263294748789,,0.0023376902781523626,1.9742076688791526,0.4558771307337038,2.5261369005700884,23,0.050522738011401766,0.019233619739967133,0.02,0.02,chart_cl_1.csv,289,20250902_210613:289,sobol,13,24,52,148,19,14,2.2,2.6,1.1,1.3,12,0.65
5,2108,904,300,301,2023-06-06 09:00:00,2023-07-01 09:00:00,4.0097721774803405,3.2421400680108685,4.888042678624246,33.88445933387211,2.2782176332263084,100.0,7,inf,5.10639875120901,,0.00700534063835229,1.1774702654549678,0.6535517250712046,2.014300937533337,25,0.045890159145127334,0.022782176332263083,0.02,0.022782176332263083,chart_cl_1.csv,344,20250902_210613:344,sobol,8,23,47,72,11,13,2.9000000000000004,2.5,1.6,1.0,50,0.8
3,2108,273,321,297,2023-04-16 13:00:00,2023-05-11 05:00:00,3.958339234356481,1.5796841615796555,2.3041612742857334,8.12523869468315,9.509740914969626,100.0,7,inf,10.771190320226685,,0.026822170300879862,1.072846222442019,0.8524823551242742,0.4739360520153643,24,0.04507009064929683,0.09509740914969626,0.040233255451319797,0.09509740914969626,chart_cl_1.csv,373,20250902_210613:373,sobol,9,28,53,107,15,11,2.9000000000000004,2.0,1.4000000000000001,0.8,9,0.7
3,2108,302,300,301,2023-04-17 05:00:00,2023-05-12 05:00:00,3.7268072739272387,1.976562295249782,2.8389360515933797,15.992538908934389,4.396371444227988,100.0,9,inf,5.479166511027906,,0.01715792066352725,1.097635959110187,0.7758741948597424,0.9698247419685491,25,0.04263709801496306,0.04396371444227988,0.025736880995290874,0.04396371444227988,chart_cl_1.csv,1,20250902_210613:1,sobol,9,26,54,74,13,19,2.7,2.5,1.5,0.9,30,0.8
4,2108,558,330,296,2023-05-11 01:00:00,2023-06-04 15:00:00,3.68271074451398,1.5487088074040745,2.4290966511436225,12.332292662615354,5.738587554032278,30.76923076923077,14,7.49540982605572,2.8622937418065537,,0.035413798567634054,1.0803932997296706,0.8216671008190704,0.7304623217619871,24,0.041918219883528604,0.057385875540322775,0.053120697851451085,0.057385875540322775,chart_cl_1.csv,254,20250902_210613:254,sobol,11,18,46,110,14,14,2.5,1.8,1.6,1.4000000000000001,40,0.6
3,2108,161,405,283,2023-04-14 05:00:00,2023-05-07 17:00:00,3.65226534252003,3.534827175017821,5.957013571652178,24.900165145946964,2.980953561820025,100.0,4,inf,3.479138609444681,,0.00891945386817479,1.234127611139052,0.6051076456017235,1.3874714710181986,23,0.04135988023455369,0.029809535618200253,0.02,0.029809535618200253,chart_cl_1.csv,133,20250902_210613:133,sobol,14,26,33,135,20,20,2.2,2.9000000000000004,1.6,1.4000000000000001,15,0.75
3,2108,182,390,286,2023-04-14 17:00:00,2023-05-08 11:00:00,3.546432471723213,3.211303794726148,4.6391464109037415,25.991667048312745,2.7133976778447964,100.0,6,inf,5.102519844537336,,0.008946706230936474,1.1831116281096103,0.6319830511516905,1.4799373531145148,23,0.04015658577296699,0.027133976778447963,0.02,0.027133976778447963,chart_cl_1.csv,210,20250902_210613:210,sobol,11,26,57,130,18,15,2.9000000000000004,2.8,1.0,1.2000000000000002,50,0.75
3,2108,302,300,301,2023-04-17 05:00:00,2023-05-12 05:00:00,3.530313811843534,1.8823237519569276,2.70011131992325,14.964087646803614,4.38879283678049,100.0,9,inf,5.244117175917691,,0.017205110738843076,1.0926775397399553,0.7725721752682904,0.9200582500844353,25,0.04037945057391362,0.0438879283678049,0.025807666108264612,0.0438879283678049,chart_cl_1.csv,74,20250902_210613:74,sobol,6,21,37,92,12,11,2.8,2.0,1.6,1.0,50,0.75
3,2108,209,369,289,2023-04-15 05:00:00,2023-05-09 05:00:00,3.505245934693325,2.2354260051297956,3.2710507350798426,18.99974369092711,3.6086879230364426,80.0,6,13.571839377971987,4.409886168381058,,0.013649598769396464,1.1043405076716963,0.7536386624060095,1.105386355505698,24,0.039889943914026796,0.036086879230364424,0.020474398154094697,0.036086879230364424,chart_cl_1.csv,257,20250902_210613:257,sobol,13,28,43,123,12,11,1.8,2.1,1.2000000000000002,1.5,35,0.65
3,2108,302,300,301,2023-04-17 05:00:00,2023-05-12 05:00:00,3.5046060487730046,1.5167731412715564,2.147065050369289,10.291453542400166,6.3233687243982235,87.5,9,68.64341744952652,5.505978824781259,,0.027946005045823313,1.0716650636778675,0.8247574387724923,0.633905084927132,25,0.04008415588265227,0.06323368724398223,0.04191900756873497,0.06323368724398223,chart_cl_1.csv,311,20250902_210613:311,sobol,10,26,40,98,20,12,2.5,2.2,0.8,1.0,19,0.85
6,2108,933,447,276,2023-06-21 01:00:00,2023-07-13 23:00:00,3.494126233477425,2.6969503715803547,4.190075523158719,16.532750124208764,4.383232117395193,100.0,5,inf,2.9681340941704986,,0.014473030030240109,1.1602717103170073,0.6857687779325475,0.8979921692697369,22,0.039361081175124914,0.04383232117395193,0.021709545045360164,0.04383232117395193,chart_cl_1.csv,360,20250902_210613:360,sobol,6,28,32,149,14,15,2.5,2.1,0.8,1.5,16,0.75
5,2108,777,375,288,2023-06-02 01:00:00,2023-06-25 23:00:00,3.4897311051458018,1.168825752082862,1.4918549197675097,4.3345879970798675,15.799766368851753,50.0,3,0.20347253602779394,-9.432844694747462,,0.07499569618099618,1.0626860788940746,0.8814789930264115,0.25007978988556767,23,0.03951202253763505,0.15799766368851753,0.11249354427149427,0.15799766368851753,chart_cl_1.csv,49,20250902_210613:49,sobol,6,28,46,125,19,16,2.6,2.4000000000000004,1.5,1.6,48,0.85
3,2108,150,414,282,2023-04-14 01:00:00,2023-05-07 11:00:00,3.2501771151967223,1.9434269530530026,2.7574313872628142,14.753540633785205,4.361180038730522,75.0,5,46.7863790972796,3.241829379189727,,0.015139781636845732,1.1034367378852858,0.7484715372906706,0.8435734114498104,23,0.03678975523218723,0.04361180038730522,0.022709672455268597,0.04361180038730522,chart_cl_1.csv,82,20250902_210613:82,sobol,13,19,47,138,17,17,2.9000000000000004,1.8,1.5,0.8,42,0.6
3,2108,233,351,292,2023-04-15 17:00:00,2023-05-09 23:00:00,2.915432481623637,1.2920077005808255,1.8061306296451245,6.824512684613109,7.896386629576707,83.33333333333334,7,4.367839603356272,3.39211548447818,,0.03132889741305568,1.0597569255235617,0.8274566564212765,0.41987429991014097,24,0.033154898079133174,0.07896386629576707,0.04699334611958352,0.07896386629576707,chart_cl_1.csv,191,20250902_210613:191,sobol,10,21,47,117,20,11,2.0,2.1,1.5,1.3,22,0.8
6,2108,933,447,276,2023-06-21 01:00:00,2023-07-13 23:00:00,2.840922701790748,3.425216839198605,5.5521078027158435,30.460948809793734,1.8377587387642982,100.0,3,inf,2.4700006038268967,,0.005806250747458176,1.2859862959676325,0.4959997845248145,1.5990054748810891,22,0.031980109497621784,0.01837758738764298,0.02,0.02,chart_cl_1.csv,147,20250902_210613:147,sobol,13,22,42,149,18,17,2.5,2.3,1.2000000000000002,0.9,29,0.8
5,2108,904,300,301,2023-06-06 09:00:00,2023-07-01 09:00:00,2.840328234703895,1.1610183106816867,1.4931309351523838,6.3459722042583095,7.928330517676045,50.0,5,1.9780537911408136,3.045917570610301,,0.031081139713561086,1.0613331864084639,0.8210096123444705,0.4094207565948053,25,0.03246023079080611,0.07928330517676045,0.04662170957034163,0.07928330517676045,chart_cl_1.csv,30,20250902_210613:30,sobol,8,22,52,82,15,15,2.4000000000000004,1.9000000000000001,1.0,1.6,15,0.75
3,2108,302,300,301,2023-04-17 05:00:00,2023-05-12 05:00:00,2.6884242509602236,1.6265895831934094,2.3661567840168543,6.548685097149312,7.194467697588282,100.0,8,inf,7.290170145628365,,0.023447603266974433,1.0774293251616136,0.7389422229928464,0.42697458730105486,25,0.03071854876028527,0.07194467697588282,0.03517140490046165,0.07194467697588282,chart_cl_1.csv,118,20250902_210613:118,sobol,11,27,51,99,11,17,2.0,2.5,1.0,0.8,11,0.7
5,2108,797,363,290,2023-06-02 17:00:00,2023-06-26 19:00:00,2.5056650778473735,1.094833542803134,1.403583660513995,4.46027976663094,10.1611333888042,0.0,2,0.0,-14.69977292055724,,0.0458803063576224,1.058794098093554,0.8126150510326502,0.28029598561727564,24,0.02848124898203482,0.10161133388804201,0.06882045953643359,0.10161133388804201,chart_cl_1.csv,387,20250902_210613:387,sobol,7,19,40,121,18,13,2.4000000000000004,2.4000000000000004,1.5,1.1,26,0.6
5,2108,794,366,290,2023-06-02 17:00:00,2023-06-26 19:00:00,2.5056650778473735,1.094833542803134,1.403583660513995,4.46027976663094,10.1611333888042,0.0,2,0.0,-14.69977292055724,,0.0458803063576224,1.058794098093554,0.8126150510326502,0.28029598561727564,24,0.02848124898203482,0.10161133388804201,0.06882045953643359,0.10161133388804201,chart_cl_1.csv,177,20250902_210613:177,sobol,14,17,52,122,10,18,2.8,2.7,1.3,1.0,18,0.75
6,2108,974,426,280,2023-06-22 17:00:00,2023-07-15 23:00:00,2.4511343503218765,1.084776378014306,1.6252399753358298,6.278167580140874,7.3355207669145095,75.0,13,13.140504414496469,1.8317732934823774,,0.04367973820749634,1.0518007023966178,0.8348981394995668,0.3778888921141241,23,0.02772011815689474,0.07335520766914509,0.06551960731124451,0.07335520766914509,chart_cl_1.csv,244,20250902_210613:244,sobol,11,24,36,142,11,10,2.6,1.8,1.4000000000000001,0.8,19,0.75
3,2108,297,303,300,2023-04-17 01:00:00,2023-05-11 23:00:00,2.4269958853257063,1.1197057539377533,1.5807385755917513,5.159282673121412,8.125613638105701,90.0,11,6.4647851863911665,3.4102204634836655,,0.03327822539028108,1.05098721485393,0.8135014467132123,0.3394757866822956,24,0.02758449082072323,0.08125613638105701,0.04991733808542162,0.08125613638105701,chart_cl_1.csv,78,20250902_210613:78,sobol,7,25,36,101,15,13,1.8,2.7,1.2000000000000002,1.3,22,0.75
3,2108,201,375,288,2023-04-15 01:00:00,2023-05-08 23:00:00,2.4257925431843623,1.3326986926428896,1.868792906628042,8.815707880241003,4.9890644119399,83.33333333333334,7,4.991038072945866,2.7914858687257738,,0.018980622697683112,1.0644542070902436,0.7706109814525167,0.5498573963988918,23,0.027432739680156415,0.049890644119399,0.02847093404652467,0.049890644119399,chart_cl_1.csv,125,20250902_210613:125,sobol,9,23,39,125,14,14,1.9000000000000001,1.9000000000000001,0.9,0.8,43,0.65
5,2108,904,300,301,2023-06-06 09:00:00,2023-07-01 09:00:00,2.41932252062569,1.1718224254400633,1.6074984222249717,6.398356971070165,6.502122384530823,50.0,5,2.072745819267504,2.8895245522596196,,0.024690496046466427,1.054392410935763,0.7950076419151428,0.42501028269066365,25,0.02763468872738737,0.06502122384530823,0.037035744069699644,0.06502122384530823,chart_cl_1.csv,76,20250902_210613:76,sobol,6,21,37,92,12,11,2.8,2.0,1.6,1.0,50,0.75
4,2108,561,327,296,2023-05-11 01:00:00,2023-06-04 15:00:00,2.3924646837039383,1.1379407636313983,1.7547963990773208,7.373869409101805,5.680286728619515,33.33333333333333,16,4.982967318254217,1.6065467883085705,,0.03445875877465638,1.0589493306912738,0.7860203789647023,0.4786891849751698,24,0.02719091824548149,0.056802867286195144,0.05168813816198457,0.056802867286195144,chart_cl_1.csv,219,20250902_210613:219,sobol,8,25,60,109,20,17,2.4000000000000004,1.9000000000000001,1.2000000000000002,1.1,27,0.6
5,2108,777,375,288,2023-06-02 01:00:00,2023-06-25 23:00:00,2.302561112662943,0.8611870051200344,1.097481512366901,2.2075071038798906,18.74060021978249,50.0,3,0.2541659727303619,-11.067278384294369,,0.09531702275270165,1.0450716742693076,0.8814500556191828,0.1389257404127913,23,0.026035517613134013,0.18740600219782488,0.14297553412905248,0.18740600219782488,chart_cl_1.csv,127,20250902_210613:127,sobol,9,23,39,125,14,14,1.9000000000000001,1.9000000000000001,0.9,0.8,43,0.65
5,2108,794,366,290,2023-06-02 17:00:00,2023-06-26 19:00:00,2.263242394553896,1.0102935876611194,1.2959254128195303,3.4739342985070203,11.576618421911672,0.0,2,0.0,-15.32638156283683,,0.05613897774003741,1.0518106126357483,0.8143373799428745,0.22215794298577116,24,0.025718377353430813,0.11576618421911672,0.08420846661005613,0.11576618421911672,chart_cl_1.csv,328,20250902_210613:328,sobol,7,24,53,122,15,10,2.8,2.5,1.5,1.4000000000000001,31,0.75
5,2108,904,300,301,2023-06-06 09:00:00,2023-07-01 09:00:00,2.200623473134729,1.1596590552421067,1.5459820044330042,6.234440204644383,5.977453294922922,33.33333333333333,4,1.5376791436599841,1.4050840603266965,,0.02419690859553946,1.054501173237306,0.769851545503383,0.42041175916696594,25,0.025129916550569224,0.05977453294922922,0.03629536289330919,0.05977453294922922,chart_cl_1.csv,240,20250902_210613:240,sobol,13,20,56,87,13,14,2.1,2.2,1.5,1.1,14,0.85
5,2108,774,378,288,2023-06-02 01:00:00,2023-06-25 23:00:00,2.095152691113526,0.8140976633086756,1.0373604133298326,1.9792308159888605,18.73117249184101,50.0,3,0.2300162687629198,-11.561091780929154,,0.09525613492210872,1.0426439879419398,0.8790951122404642,0.1264456703526156,23,0.0236847566222131,0.1873117249184101,0.14288420238316307,0.1873117249184101,chart_cl_1.csv,348,20250902_210613:348,sobol,12,17,36,126,20,17,2.0,2.0,1.1,1.6,24,0.7
3,2108,198,378,288,2023-04-15 01:00:00,2023-05-08 23:00:00,2.084222956704153,1.1577554765785574,1.6210583860785972,7.386216888357264,4.9890644119399,85.71428571428571,8,5.157131033940057,2.492278018239169,,0.019117963690678086,1.0551172659086032,0.7694421177326851,0.47225106510800247,23,0.02356090982431048,0.049890644119399,0.02867694553601713,0.049890644119399,chart_cl_1.csv,346,20250902_210613:346,sobol,12,17,36,126,20,17,2.0,2.0,1.1,1.6,24,0.7
3,2108,209,369,289,2023-04-15 05:00:00,2023-05-09 05:00:00,2.0086213450188617,2.053848894609903,3.119027925553384,10.453237951582047,3.365034760553551,100.0,5,inf,4.263313237957038,,0.009213951163148618,1.170595820441018,0.4992871478722967,0.6780960969695635,24,0.022818169372982724,0.03365034760553551,0.02,0.03365034760553551,chart_cl_1.csv,230,20250902_210613:230,sobol,7,21,32,123,17,19,1.8,2.3,1.6,1.0,11,0.7
4,2108,540,342,294,2023-05-10 13:00:00,2023-06-03 23:00:00,1.996218077637308,0.8871846569806708,1.3465096615270051,5.02078959168481,6.819839242977527,46.15384615384615,14,3.815354356627812,1.5684815034416109,,0.03702305132420277,1.040239396078215,0.834791217601671,0.3325142410761851,24,0.02267693670140257,0.06819839242977527,0.05553457698630415,0.06819839242977527,chart_cl_1.csv,164,20250902_210613:164,sobol,13,23,54,114,12,16,1.9000000000000001,2.0,0.8,1.4000000000000001,32,0.75
6,2108,944,441,277,2023-06-21 11:00:00,2023-07-14 11:00:00,1.920183120174147,3.1228286744167626,4.712919260934865,17.303317310880324,2.0277419975458315,37.5,9,0.5646384494675936,-0.4691079263729627,,0.009782642454331561,1.212576747400397,0.3913620091758668,1.0702797266001036,23,0.021702511507489006,0.020277419975458316,0.02,0.020277419975458316,chart_cl_1.csv,201,20250902_210613:201,sobol,6,18,53,147,15,17,2.2,2.7,0.8,1.0,37,0.7
6,2108,1062,378,288,2023-06-26 01:00:00,2023-07-19 23:00:00,1.9067275736478224,1.0698485241035935,1.5069900561475371,5.464333835472322,6.089661464068524,100.0,10,inf,2.841043221036381,,0.02360277212320024,1.056679387485256,0.7464859848854465,0.35388017877011946,23,0.021550104875540765,0.060896614640685236,0.03540415818480036,0.060896614640685236,chart_cl_1.csv,349,20250902_210613:349,sobol,12,17,36,126,20,17,2.0,2.0,1.1,1.6,24,0.7
6,2108,955,435,278,2023-06-21 21:00:00,2023-07-14 23:00:00,1.9039259808384914,4.9290728568173305,7.756334594030424,43.766469790601455,0.7906024772468381,100.0,3,inf,3.17730422343582,,0.0017210607994795628,1.5955617159213686,0.23549861030691613,1.075918636007027,23,0.021518372720140542,0.00790602477246838,0.02,0.02,chart_cl_1.csv,158,20250902_210613:158,sobol,9,26,48,145,17,10,2.3,2.8,1.4000000000000001,1.1,26,0.7
5,2108,827,345,293,2023-06-03 17:00:00,2023-06-28 01:00:00,1.8976049706403275,0.7903826892776308,1.0120606637691003,2.4367834308820857,13.315450193729465,0.0,2,0.0,-21.888428390569768,,0.06079664333208504,1.0405711790833192,0.8523006496955966,0.1618736236125817,24,0.021554201728918414,0.13315450193729464,0.09119496499812756,0.13315450193729464,chart_cl_1.csv,324,20250902_210613:324,sobol,6,16,51,115,17,14,1.8,1.9000000000000001,1.1,1.1,13,0.8
3,2108,174,396,285,2023-04-14 13:00:00,2023-05-08 05:00:00,1.8960701861767688,1.1062618025352973,1.5454690958441093,6.707639920845027,4.9890644119399,75.0,5,1.6443156585379084,0.6759888115323329,,0.01906511804448943,1.0557585179083289,0.748443505325385,0.4295273342293069,23,0.0214293953715885,0.049890644119399,0.02859767706673414,0.049890644119399,chart_cl_1.csv,334,20250902_210613:334,sobol,11,27,48,132,10,15,2.7,2.3,1.0,1.1,27,0.65
3,2108,169,399,284,2023-04-14 09:00:00,2023-05-07 23:00:00,1.891029323000842,1.6588698840179972,2.3312143295258387,11.333273157590677,2.955781508630878,66.66666666666666,4,2.548752320924581,0.9054391635351287,,0.01111907491494049,1.0818757737041713,0.633384675394225,0.7230677113141514,23,0.021372301705904182,0.029557815086308777,0.02,0.029557815086308777,chart_cl_1.csv,222,20250902_210613:222,sobol,12,18,38,133,11,13,2.3,2.5,0.9,1.6,47,0.75
5,2108,904,300,301,2023-06-06 09:00:00,2023-07-01 09:00:00,1.8891003615189788,0.8331379094597275,1.0807518030796248,3.498411272931758,8.947424923641996,50.0,5,1.410728972280381,1.7797499442969391,,0.03566636892316917,1.040708816531081,0.8244205711079651,0.24101145951546535,25,0.021564319397520085,0.08947424923641996,0.053499553384753755,0.08947424923641996,chart_cl_1.csv,34,20250902_210613:34,sobol,9,23,33,95,16,17,3.0,2.1,0.9,1.1,18,0.8
6,2108,952,438,278,2023-06-21 21:00:00,2023-07-14 23:00:00,1.8544664822878532,1.4280461890327973,2.0783953483231272,7.8953168915590055,4.252680911536257,50.0,5,4.604003110209513,1.233394600661454,,0.01249928221573428,1.0827748429824007,0.6510302357266816,0.4928233433041612,23,0.02095820424829086,0.04252680911536257,0.02,0.04252680911536257,chart_cl_1.csv,19,20250902_210613:19,sobol,7,25,39,146,12,19,2.9000000000000004,2.2,1.0,1.3,20,0.85
5,2108,704,420,281,2023-05-30 17:00:00,2023-06-23 01:00:00,1.8204183527410722,4.14316623447788,6.84348875193074,40.62283719404457,0.7993504273618437,0.0,3,0.0,-0.447595110567223,,0.0014104387155226207,1.4779170524236407,0.2544440696615718,1.028630910810018,23,0.02057261821620036,0.007993504273618437,0.02,0.02,chart_cl_1.csv,204,20250902_210613:204,sobol,7,22,52,140,12,20,2.5,2.1,1.3,1.3,8,0.65
3,2108,145,417,281,2023-04-13 21:00:00,2023-05-07 05:00:00,1.7453850904238506,1.044802560556845,1.4531673298560253,6.045667243889212,5.120757954022065,75.0,5,0.7780821585287065,-0.3168370048978668,,0.019466781308765314,1.053345772383115,0.7437823771483083,0.385157650314671,23,0.019722991014013005,0.05120757954022065,0.02920017196314797,0.05120757954022065,chart_cl_1.csv,299,20250902_210613:299,sobol,14,16,54,139,19,12,2.4000000000000004,1.8,1.6,1.0,38,0.7
3,2108,177,393,285,2023-04-14 13:00:00,2023-05-08 05:00:00,1.7285874692118293,1.5293593057086188,2.142987492886466,10.19458995358348,2.955781508630878,80.0,6,6.7420103556947995,2.0141533219591627,,0.011173075286074287,1.0753061246889448,0.626841935324258,0.6608338768355099,23,0.01953280553427255,0.029557815086308777,0.02,0.029557815086308777,chart_cl_1.csv,377,20250902_210613:377,sobol,11,22,30,131,13,18,1.8,2.5,0.8,1.4000000000000001,32,0.8
6,2108,1205,300,301,2023-07-01 11:00:00,2023-07-26 11:00:00,1.625831961559902,1.5102919869815536,2.0340188409569255,7.099794970888498,3.725521042176395,100.0,6,inf,3.389180069880196,,0.016005734233792836,1.0916745747407137,0.5441035632582883,0.4980010114780466,25,0.01855313247286591,0.03725521042176395,0.024008601350689253,0.03725521042176395,chart_cl_1.csv,268,20250902_210613:268,sobol,7,26,49,86,18,17,1.9000000000000001,2.4000000000000004,1.3,1.2000000000000002,33,0.85
4,2108,579,315,298,2023-05-11 13:00:00,2023-06-05 07:00:00,1.5984861548807763,0.8775906305245155,1.375202841743059,6.349577677935443,4.134001756708887,33.33333333333333,19,17.06696820763908,0.8887301935985092,,0.028503648072354646,1.057627587947455,0.7056443526529743,0.42451280035158123,24,0.01815024519514683,0.04134001756708887,0.04275547210853197,0.04275547210853197,chart_cl_1.csv,339,20250902_210613:339,sobol,9,21,35,105,18,14,2.2,2.8,1.3,1.5,47,0.85
5,2108,897,303,300,2023-06-06 01:00:00,2023-06-30 23:00:00,1.5417583917882327,2.4456350718897557,4.472789497004677,12.26214285912933,2.0411971596029073,100.0,2,inf,4.666378414888132,,0.001709909830426809,1.5273021308802839,0.23102879441452992,0.8575827806292835,24,0.017504955359448567,0.020411971596029074,0.02,0.020411971596029074,chart_cl_1.csv,80,20250902_210613:80,sobol,7,25,36,101,15,13,1.8,2.7,1.2000000000000002,1.3,22,0.75
5,2108,737,399,284,2023-05-31 17:00:00,2023-06-24 07:00:00,1.5028586100243728,0.6886712368781212,0.870331633027098,1.66422299864486,15.542905284672406,50.0,3,0.21128703129093718,-8.994848819496525,,0.07347483238264856,1.038407801723853,0.8510299937025939,0.10923160637467119,23,0.01697776511974133,0.15542905284672406,0.11021224857397283,0.15542905284672406,chart_cl_1.csv,251,20250902_210613:251,sobol,9,25,37,133,17,16,2.3,2.7,1.1,0.8,23,0.75
4,2108,390,441,277,2023-05-06 07:00:00,2023-05-29 07:00:00,1.4628934825278632,2.4325349676831203,3.4915012677353845,18.988472117874895,1.3595004958523216,,1,,,,0.00325995111861064,1.2517902880515048,0.3237429998504792,0.8262766392823244,23,0.016525532785646488,0.013595004958523216,0.02,0.02,chart_cl_1.csv,199,20250902_210613:199,sobol,6,18,53,147,15,17,2.2,2.7,0.8,1.0,37,0.7
4,2108,570,321,297,2023-05-11 07:00:00,2023-06-04 23:00:00,1.4547070883107294,1.7977765451017174,2.8221659493327365,8.492250367462098,2.795121476783898,31.25,17,8.108728727250032,0.9136995505462072,,0.016692795111007054,1.125989771445885,0.4164517966808091,0.5908471638005826,24,0.01651489597035862,0.027951214767838982,0.02503919266651058,0.027951214767838982,chart_cl_1.csv,99,20250902_210613:99,sobol,12,21,53,107,11,20,3.0,1.9000000000000001,1.4000000000000001,1.5,38,0.65
3,2108,302,300,301,2023-04-17 05:00:00,2023-05-12 05:00:00,1.4201588401012915,0.8291711870329389,1.1616682487830883,4.56541367521115,4.9890644119399,87.5,9,6.178384190249504,2.716471133394494,,0.020390259797529748,1.0396734196340973,0.7464452429674502,0.3247511300310636,25,0.016202043055752464,0.049890644119399,0.030585389696294624,0.049890644119399,chart_cl_1.csv,159,20250902_210613:159,sobol,12,19,34,98,14,20,2.4000000000000004,2.3,1.1,1.5,49,0.85
3,2108,225,357,291,2023-04-15 13:00:00,2023-05-09 17:00:00,1.3862401569588643,1.2172396830596481,1.7058403986106043,7.789826668106179,2.955781508630878,80.0,6,6.077493442711765,1.781057443534737,,0.011558719144104975,1.0581996498523776,0.6233188878729606,0.5323919880372531,24,0.015736343935837442,0.029557815086308777,0.02,0.029557815086308777,chart_cl_1.csv,63,20250902_210613:63,sobol,10,24,50,119,10,15,2.2,2.3,1.2000000000000002,0.9,33,0.85
4,2108,399,435,278,2023-05-06 13:00:00,2023-05-29 15:00:00,1.3654247794669458,3.621855524023812,5.371499765048816,29.66644167595637,0.8029854220910666,,1,,,,0.0019316003452663506,1.3743933766108842,0.21728915231265233,0.7711389965064416,23,0.015422779930128833,0.008029854220910666,0.02,0.02,chart_cl_1.csv,156,20250902_210613:156,sobol,9,26,48,145,17,10,2.3,2.8,1.4000000000000001,1.1,26,0.7
5,2108,744,396,285,2023-06-01 01:00:00,2023-06-24 17:00:00,1.2950692192465114,0.6414339613794998,0.8086043182709173,1.6731907694953656,13.068591002681924,0.0,2,0.0,-16.861399480641442,,0.05914839401944567,1.0369213877827896,0.825670284323689,0.11192433677136376,23,0.01462693380511386,0.13068591002681923,0.0887225910291685,0.13068591002681923,chart_cl_1.csv,336,20250902_210613:336,sobol,11,27,48,132,10,15,2.7,2.3,1.0,1.1,27,0.65
6,2108,1029,396,285,2023-06-24 19:00:00,2023-07-18 11:00:00,1.264570727071316,1.612490216073477,2.3772808439683435,6.66239316109982,3.197584200250555,100.0,6,inf,3.1393560066233617,,0.008395391174642141,1.1299742421871088,0.4144935147133353,0.4466491011380795,23,0.01428198108855235,0.03197584200250555,0.02,0.03197584200250555,chart_cl_1.csv,337,20250902_210613:337,sobol,11,27,48,132,10,15,2.7,2.3,1.0,1.1,27,0.65
6,2108,1205,300,301,2023-07-01 11:00:00,2023-07-26 11:00:00,1.2500207205357357,1.190304843274296,1.6381876797446937,5.942702398921714,3.3341504014107812,100.0,7,inf,1.7860510214025325,,0.011768059335585952,1.0690133823665862,0.5421673451450296,0.427636653622917,25,0.014258049203348118,0.03334150401410781,0.02,0.03334150401410781,chart_cl_1.csv,132,20250902_210613:132,sobol,11,17,59,71,18,15,2.7,2.6,1.2000000000000002,1.3,20,0.85
6,2108,996,414,282,2023-06-23 13:00:00,2023-07-16 23:00:00,1.2491051815885406,3.496642184915343,5.265014822782914,23.98129937034689,0.8867336575146415,100.0,6,inf,2.1812154440172358,,0.0028257701758043824,1.3622557398166832,0.1926069612989991,0.705353368127911,23,0.01410706736255822,0.008867336575146415,0.02,0.02,chart_cl_1.csv,16,20250902_210613:16,sobol,6,17,34,138,10,18,2.0,2.9000000000000004,1.4000000000000001,1.2000000000000002,45,0.8
5,2108,737,399,284,2023-05-31 17:00:00,2023-06-24 07:00:00,1.172484536355239,0.6041249756248241,0.7627972631596022,1.2465246659083316,15.799766368851753,50.0,3,0.20347253602779394,-9.432844694747462,,0.07541829886278216,1.0335874257887283,0.8472837924937728,0.08380241584781502,23,0.01324058591540837,0.15799766368851753,0.11312744829417323,0.15799766368851753,chart_cl_1.csv,224,20250902_210613:224,sobol,12,18,38,133,11,13,2.3,2.5,0.9,1.6,47,0.75
6,2108,1007,408,283,2023-06-23 23:00:00,2023-07-17 11:00:00,1.1678153812812744,2.6996054533475844,3.8663485800382267,13.956723094018207,1.4104555864836126,100.0,5,inf,2.5297046542433548,,0.004178704182817693,1.2491342157355287,0.23757009272729784,0.6593894298222046,23,0.013187788596444093,0.014104555864836126,0.02,0.02,chart_cl_1.csv,357,20250902_210613:357,sobol,8,20,42,136,14,11,2.1,2.8,1.2000000000000002,0.9,33,0.8
6,2108,963,432,279,2023-06-22 07:00:00,2023-07-15 11:00:00,1.1598694966164829,0.6766783012451612,1.011598086293635,2.8469231328783677,6.9711083436002355,38.46153846153847,14,1.8104186776358138,0.8957341272752097,,0.03453640768762104,1.0325036870275046,0.7814379679525293,0.18788892236029053,23,0.013097940343358781,0.06971108343600235,0.051804611531431566,0.06971108343600235,chart_cl_1.csv,124,20250902_210613:124,sobol,9,20,31,144,20,14,2.8,2.0,1.6,1.4000000000000001,30,0.8
4,2108,603,300,301,2023-05-12 07:00:00,2023-06-06 07:00:00,1.1131979757898223,2.0023303924437155,3.655715890247342,22.55197978313377,0.7750672297300673,88.88888888888889,10,25.550256259938855,1.358298051287691,,0.001772624612444737,1.2338164607925293,0.25215390415997946,0.6347649651951054,25,0.012695299303902109,0.007750672297300673,0.02,0.02,chart_cl_1.csv,239,20250902_210613:239,sobol,13,20,56,87,13,14,2.1,2.2,1.5,1.1,14,0.85
4,2108,516,357,291,2023-05-09 19:00:00,2023-06-02 23:00:00,1.0514012992733286,0.5767627083741237,0.8612154188051978,2.8410345715451584,6.001128905804755,60.0,6,5.65060821265079,3.539316498149088,,0.029457009134652018,1.026296477505027,0.8211375340626297,0.19880627197968767,24,0.011930620654325857,0.060011289058047555,0.04418551370197803,0.060011289058047555,chart_cl_1.csv,64,20250902_210613:64,sobol,10,24,50,119,10,15,2.2,2.3,1.2000000000000002,0.9,33,0.85
3,2108,174,396,285,2023-04-14 13:00:00,2023-05-08 05:00:00,0.9452049023519038,0.9030673623052108,1.2555181524085968,5.313937933906381,2.9273039573742334,75.0,5,1.0937844828422696,0.0696096332237427,,0.011252476993666046,1.045232611510373,0.5903288797447606,0.36454112119915233,23,0.010671226667119187,0.029273039573742336,0.02,0.029273039573742336,chart_cl_1.csv,183,20250902_210613:183,sobol,10,20,58,132,16,13,2.6,2.1,1.0,1.2000000000000002,41,0.7
5,2108,807,357,291,2023-06-03 01:00:00,2023-06-27 05:00:00,0.8965125628409794,0.529784425135143,0.6769447334521175,1.241977833403001,11.576618421911672,0.0,2,0.0,-15.32638156283683,,0.05610547256209293,1.0265337023740893,0.797932051701919,0.08785978603749524,24,0.010171192175868853,0.11576618421911672,0.0841582088431394,0.11576618421911672,chart_cl_1.csv,154,20250902_210613:154,sobol,8,18,36,119,13,12,3.0,2.5,1.3,1.6,28,0.7
3,2108,302,300,301,2023-04-17 05:00:00,2023-05-12 05:00:00,0.803996399556315,0.7382167257565196,1.0318883409863857,4.18117424091875,2.955781508630878,85.71428571428571,8,9.106496617715765,2.031111315746937,,0.012384900949828788,1.0348653928486684,0.6008684063115038,0.31009070035929404,25,0.009165603581203996,0.029557815086308777,0.02,0.029557815086308777,chart_cl_1.csv,318,20250902_210613:318,sobol,14,22,31,88,15,17,2.9000000000000004,2.6,1.5,1.6,39,0.6
6,2108,1032,393,285,2023-06-24 19:00:00,2023-07-18 11:00:00,0.7804703757096376,0.7771854602827347,1.1136826655619545,5.728672335153984,2.2153661905093847,55.55555555555556,10,1.211397809897731,0.1193810554008925,,0.009813651328814527,1.040336969984974,0.5704693148991425,0.39766585208873456,23,0.008809754838374883,0.022153661905093845,0.02,0.022153661905093845,chart_cl_1.csv,97,20250902_210613:97,sobol,8,28,45,131,18,10,1.9000000000000001,2.6,1.1,1.0,13,0.85
4,2108,441,408,283,2023-05-07 19:00:00,2023-05-31 07:00:00,0.7545494353800279,1.8031165259239004,2.568772739534956,12.527883966215057,0.9848563076395824,100.0,2,inf,3.229199732381364,,0.0025131531883167747,1.1460609193121074,0.2336528324723145,0.4258457908270679,23,0.008516915816541359,0.009848563076395825,0.02,0.02,chart_cl_1.csv,355,20250902_210613:355,sobol,8,20,42,136,14,11,2.1,2.8,1.2000000000000002,0.9,33,0.8
3,2108,249,339,294,2023-04-16 01:00:00,2023-05-10 11:00:00,0.7228489510935123,0.6834704808395318,0.9524948396360092,3.0573568136886933,3.704861833549338,85.71428571428571,8,2.623033067937843,0.9278094398969754,,0.01432309026535214,1.031888029509372,0.6043862945078713,0.22131068009679034,24,0.008199254920474457,0.03704861833549338,0.02148463539802821,0.03704861833549338,chart_cl_1.csv,114,20250902_210613:114,sobol,14,16,41,113,14,19,2.6,2.8,0.9,1.1,27,0.6
6,2108,933,447,276,2023-06-21 01:00:00,2023-07-13 23:00:00,0.7119342593644149,1.2875573179191526,1.8449162121049094,7.811428619565518,1.5254885955934319,30.0,11,0.7515546367669173,-0.16527682997623616,,0.010082274770469527,1.0741388684384485,0.3473352219830751,0.3997839652148268,22,0.007995679304296536,0.015254885955934319,0.02,0.02,chart_cl_1.csv,73,20250902_210613:73,sobol,14,27,60,149,16,20,1.9000000000000001,2.5,1.0,1.6,25,0.65
6,2108,1153,327,296,2023-06-29 09:00:00,2023-07-23 23:00:00,0.701407759425149,1.1789226739051124,1.6895905004097826,3.778639629297873,2.883708100108683,100.0,6,inf,1.999671495854485,,0.012469044473426637,1.0659998117574656,0.3633475323629682,0.2758894902637686,24,0.007955847578084851,0.02883708100108683,0.02,0.02883708100108683,chart_cl_1.csv,62,20250902_210613:62,sobol,10,17,43,109,17,20,2.0,2.7,1.4000000000000001,1.2000000000000002,33,0.75
6,2108,1021,399,284,2023-06-24 09:00:00,2023-07-17 23:00:00,0.6992334545417407,0.706000763310423,0.9854168488655355,3.703406984515212,3.0634238581326403,100.0,9,inf,1.6181090378770906,,0.012163356270325998,1.0361927244640445,0.5736152135537594,0.257621775064882,23,0.0078920469210824,0.0306342385813264,0.02,0.0306342385813264,chart_cl_1.csv,225,20250902_210613:225,sobol,12,18,38,133,11,13,2.3,2.5,0.9,1.6,47,0.75
5,2108,904,300,301,2023-06-06 09:00:00,2023-07-01 09:00:00,0.6665596898059335,1.0554362666561121,1.8139279321643327,4.972554773784208,2.0411971596029073,100.0,2,inf,4.666378414888132,,0.0021587856598599643,1.1746611970336092,0.2221825742312088,0.3722102525903086,25,0.007597545103624186,0.020411971596029074,0.02,0.020411971596029074,chart_cl_1.csv,3,20250902_210613:3,sobol,9,26,54,74,13,19,2.7,2.5,1.5,0.9,30,0.8
5,2108,904,300,301,2023-06-06 09:00:00,2023-07-01 09:00:00,0.6665596898059335,1.0554362666561121,1.8139279321643327,4.972554773784208,2.0411971596029073,100.0,2,inf,4.666378414888132,,0.0021587856598599643,1.1746611970336092,0.2221825742312088,0.3722102525903086,25,0.007597545103624186,0.020411971596029074,0.02,0.020411971596029074,chart_cl_1.csv,41,20250902_210613:41,sobol,13,26,39,85,10,11,2.5,2.7,1.6,1.4000000000000001,40,0.7
5,2108,904,300,301,2023-06-06 09:00:00,2023-07-01 09:00:00,0.6665596898059335,1.0554362666561121,1.8139279321643327,4.972554773784208,2.0411971596029073,100.0,2,inf,4.666378414888132,,0.0021587856598599643,1.1746611970336092,0.2221825742312088,0.3722102525903086,25,0.007597545103624186,0.020411971596029074,0.02,0.020411971596029074,chart_cl_1.csv,131,20250902_210613:131,sobol,11,17,59,71,18,15,2.7,2.6,1.2000000000000002,1.3,20,0.85
5,2108,904,300,301,2023-06-06 09:00:00,2023-07-01 09:00:00,0.6665596898059335,1.0554362666561121,1.8139279321643327,4.972554773784208,2.0411971596029073,100.0,2,inf,4.666378414888132,,0.0021587856598599643,1.1746611970336092,0.2221825742312088,0.3722102525903086,25,0.007597545103624186,0.020411971596029074,0.02,0.020411971596029074,chart_cl_1.csv,267,20250902_210613:267,sobol,7,26,49,86,18,17,1.9000000000000001,2.4000000000000004,1.3,1.2000000000000002,33,0.85
5,2108,904,300,301,2023-06-06 09:00:00,2023-07-01 09:00:00,0.6665596898059335,1.0554362666561121,1.8139279321643327,4.972554773784208,2.0411971596029073,100.0,2,inf,4.666378414888132,,0.0021587856598599643,1.1746611970336092,0.2221825742312088,0.3722102525903086,25,0.007597545103624186,0.020411971596029074,0.02,0.020411971596029074,chart_cl_1.csv,228,20250902_210613:228,sobol,12,28,50,79,14,12,3.0,2.9000000000000004,1.1,1.2000000000000002,31,0.8
4,2108,534,345,293,2023-05-10 07:00:00,2023-06-03 15:00:00,0.656423335806896,0.7274387501938818,1.072152714871419,2.7552204259752107,3.729273162254971,28.57142857142857,8,3.209847573997565,0.9832038838388293,,0.015995283247459635,1.0382787093731785,0.523557388042872,0.19964237989081574,24,0.007445209693755306,0.03729273162254971,0.023992924871189453,0.03729273162254971,chart_cl_1.csv,323,20250902_210613:323,sobol,6,16,51,115,17,14,1.8,1.9000000000000001,1.1,1.1,13,0.8
6,2108,941,444,277,2023-06-21 11:00:00,2023-07-14 11:00:00,0.6361487852478164,0.7124006164104332,1.0078594887607664,3.013655990919537,3.499750850937406,36.36363636363637,12,0.3605216607051879,-0.2767040107391231,,0.02024959985085459,1.0369059006267343,0.5385903519902574,0.20514362073072434,23,0.00717951561216733,0.03499750850937406,0.03037439977628189,0.03499750850937406,chart_cl_1.csv,290,20250902_210613:290,sobol,13,24,52,148,19,14,2.2,2.6,1.1,1.3,12,0.65
4,2108,603,300,301,2023-05-12 07:00:00,2023-06-06 07:00:00,0.6345993721956582,0.7286821897942608,1.0492702237294385,4.896260963161159,1.9692935361644763,92.3076923076923,14,15.906741767051027,0.573727782065892,,0.006028866758413493,1.0494907912258717,0.4467372178315758,0.3616487510858521,25,0.007232975021717042,0.019692935361644764,0.02,0.02,chart_cl_1.csv,266,20250902_210613:266,sobol,7,26,49,86,18,17,1.9000000000000001,2.4000000000000004,1.3,1.2000000000000002,33,0.85
6,2108,1186,309,299,2023-06-30 15:00:00,2023-07-25 11:00:00,0.6169006323756946,0.5978296894787053,0.847976932529248,2.281226378092108,4.1326012268399115,75.0,9,51.66496954712881,1.537974337835675,,0.022073453812885155,1.028959850180743,0.5820709142039621,0.16930292410875394,24,0.00699661471879421,0.04132601226839912,0.03311018071932773,0.04132601226839912,chart_cl_1.csv,209,20250902_210613:209,sobol,13,16,31,103,15,11,2.4000000000000004,2.4000000000000004,0.9,0.8,34,0.85
4,2108,381,447,276,2023-05-06 01:00:00,2023-05-28 23:00:00,0.608820895481267,0.8319200870541825,1.1550558145479703,5.809052591363421,1.740664271096532,,1,,,,0.0042033421976610886,1.079931208349729,0.36117553606051017,0.34184268533729417,22,0.0068368537067458835,0.01740664271096532,0.02,0.02,chart_cl_1.csv,71,20250902_210613:71,sobol,14,27,60,149,16,20,1.9000000000000001,2.5,1.0,1.6,25,0.65
5,2108,874,318,298,2023-06-05 09:00:00,2023-06-30 03:00:00,0.5857264000058194,0.4368564938701698,0.5607993675370297,0.6870586857098185,13.045568490120482,50.0,3,0.39676486181280457,-5.988640727735153,,0.05919573485861155,1.021105820052575,0.8484146963738859,0.05092002604030266,24,0.006642806872274868,0.13045568490120482,0.08879360228791733,0.13045568490120482,chart_cl_1.csv,181,20250902_210613:181,sobol,11,27,40,106,13,17,2.1,3.0,1.6,0.9,23,0.8
3,2108,281,315,298,2023-04-16 17:00:00,2023-05-11 11:00:00,0.5384722533203044,0.529554777241055,0.737764377787473,2.216844107453714,3.704861833549338,87.5,9,2.901367096126196,0.9510545893526902,,0.01451948494710824,1.024742861478815,0.5961579337107098,0.16482535229519385,24,0.0061065515691978755,0.03704861833549338,0.02177922742066236,0.03704861833549338,chart_cl_1.csv,338,20250902_210613:338,sobol,9,21,35,105,18,14,2.2,2.8,1.3,1.5,47,0.85
3,2108,297,303,300,2023-04-17 01:00:00,2023-05-11 23:00:00,0.4899207715866943,0.38020483250189585,0.5252618828358885,0.8003976061661747,9.240546330032663,77.77777777777779,10,2.6648736529994217,1.9492770212522077,,0.04226261405779278,1.016814190608405,0.7661744676216343,0.06012237275868933,24,0.005555635709481624,0.09240546330032663,0.06339392108668918,0.09240546330032663,chart_cl_1.csv,137,20250902_210613:137,sobol,6,20,50,101,12,10,2.7,2.2,1.0,1.1,37,0.65
6,2108,1098,357,291,2023-06-27 07:00:00,2023-07-21 11:00:00,0.43833785698220135,0.6676370939072954,0.8927222226983528,2.2935945422941377,2.9668603629428425,100.0,6,inf,1.8745468526009372,,0.013018840483274514,1.0484148093279018,0.34412106465590714,0.1675303285443335,24,0.004970390913489749,0.029668603629428424,0.02,0.029668603629428424,chart_cl_1.csv,155,20250902_210613:155,sobol,8,18,36,119,13,12,3.0,2.5,1.3,1.6,28,0.7
4,2108,603,300,301,2023-05-12 07:00:00,2023-06-06 07:00:00,0.38090668954381673,1.0018578462861352,1.410828349501652,7.090142341616028,0.8022577344196236,84.61538461538461,14,35.200559351700484,0.31008010327237506,,0.0033890155893586613,1.0772273249525162,0.17594686976248164,0.21700595509171874,25,0.004340119101834375,0.008022577344196235,0.02,0.02,chart_cl_1.csv,227,20250902_210613:227,sobol,12,28,50,79,14,12,3.0,2.9000000000000004,1.1,1.2000000000000002,31,0.8
3,2108,302,300,301,2023-04-17 05:00:00,2023-05-12 05:00:00,0.3549985023657037,0.3738772793931057,0.522362824879747,1.790348727800962,2.955781508630878,83.33333333333334,7,8.056054476907443,2.062572555053653,,0.012789767411872432,1.0171500153669069,0.6004114822380955,0.1368432957513327,25,0.004044788831618956,0.029557815086308777,0.02,0.029557815086308777,chart_cl_1.csv,273,20250902_210613:273,sobol,12,23,59,97,13,12,2.2,2.4000000000000004,1.2000000000000002,1.1,26,0.6
6,2108,1205,300,301,2023-07-01 11:00:00,2023-07-26 11:00:00,0.3409094673129971,0.41367273979283525,0.5452745700326426,1.4646662802943096,3.4663063445112656,100.0,7,inf,1.7106297076640755,,0.013067886221108433,1.023580189709314,0.4825978970601209,0.11205571045402488,25,0.003884194200855038,0.034663063445112656,0.02,0.034663063445112656,chart_cl_1.csv,4,20250902_210613:4,sobol,9,26,54,74,13,19,2.7,2.5,1.5,0.9,30,0.8
3,2108,278,318,298,2023-04-16 17:00:00,2023-05-11 11:00:00,0.33179315341095794,0.3602372636532991,0.5013795053210067,1.3466313728240948,3.704861833549338,85.71428571428571,8,2.623033067937843,0.9278094398969754,,0.014641004326966411,1.016566864629332,0.5949491215233393,0.10153658616581607,24,0.0037617902279462566,0.03704861833549338,0.021961506490449617,0.03704861833549338,chart_cl_1.csv,179,20250902_210613:179,sobol,11,27,40,106,13,17,2.1,3.0,1.6,0.9,23,0.8
6,2108,988,417,281,2023-06-23 03:00:00,2023-07-16 11:00:00,0.3085463609493672,0.31305296191832477,0.42907444073070683,1.0255776027572194,4.796446597396937,50.0,7,1.3896742151253207,0.2641189594175807,,0.01799309489189884,1.0180821439130263,0.6628999316147239,0.07257317844863054,23,0.0034809337483221467,0.04796446597396937,0.02698964233784826,0.04796446597396937,chart_cl_1.csv,302,20250902_210613:302,sobol,14,16,54,139,19,12,2.4000000000000004,1.8,1.6,1.0,38,0.7
3,2108,265,327,296,2023-04-16 09:00:00,2023-05-10 23:00:00,0.28256934670965744,0.32127944441507283,0.447134856464974,1.1508555058009247,3.704861833549338,85.71428571428571,8,2.623033067937843,0.9278094398969754,,0.014480606727055485,1.0147669196692133,0.5957825381542533,0.08646792635672992,24,0.0032035172018520354,0.03704861833549338,0.021720910090583228,0.03704861833549338,chart_cl_1.csv,59,20250902_210613:59,sobol,10,17,43,109,17,20,2.0,2.7,1.4000000000000001,1.2000000000000002,33,0.75
6,2108,1032,393,285,2023-06-24 19:00:00,2023-07-18 11:00:00,0.26869376772336867,0.3307215330222236,0.46751352999234824,1.351260585743721,3.1156635219598097,100.0,6,inf,0.7441476452278721,,0.01100111853300968,1.0207778422007763,0.5101960188151078,0.09728878263306465,23,0.0030311911114571655,0.031156635219598095,0.02,0.031156635219598095,chart_cl_1.csv,380,20250902_210613:380,sobol,11,22,30,131,13,18,1.8,2.5,0.8,1.4000000000000001,32,0.8
6,2108,1205,300,301,2023-07-01 11:00:00,2023-07-26 11:00:00,0.26568528148974907,0.27834979808925603,0.38021746060516964,0.5961972531916092,6.6026740865302385,83.33333333333334,7,10.774733670520279,1.3283765992390877,,0.03562256744158444,1.0136548609807552,0.7167251524166768,0.04584264661272186,25,0.0030268405484778185,0.06602674086530239,0.053433851162376665,0.06602674086530239,chart_cl_1.csv,89,20250902_210613:89,sobol,12,22,42,71,20,18,2.3,2.1,1.3,1.2000000000000002,36,0.7
6,2108,1205,300,301,2023-07-01 11:00:00,2023-07-26 11:00:00,0.26411841927291557,0.3030399416278399,0.409388891337078,0.7290536034021865,5.36704532633794,83.33333333333334,7,3.7821139400989794,1.1475792329066268,,0.025842440933886244,1.0164749482551587,0.5586486715273655,0.05606407280454424,25,0.003008984199210992,0.0536704532633794,0.03876366140082937,0.0536704532633794,chart_cl_1.csv,264,20250902_210613:264,sobol,6,22,56,79,20,20,2.9000000000000004,3.0,0.9,1.1,18,0.85
5,2108,677,435,278,2023-05-29 17:00:00,2023-06-21 19:00:00,0.24316385551282454,0.2777117657032701,0.3625644826084132,0.46197997995829876,8.44332114438422,0.0,3,0.0,-9.141527259434527,,0.04567522254434704,1.0158014913645146,0.6405348880309033,0.03248844159826555,23,0.0027431034589472736,0.0844332114438422,0.06851283381652057,0.0844332114438422,chart_cl_1.csv,316,20250902_210613:316,sobol,10,19,57,145,12,19,2.4000000000000004,2.9000000000000004,1.4000000000000001,1.3,45,0.7
6,2108,1205,300,301,2023-07-01 11:00:00,2023-07-26 11:00:00,0.2370769513936125,0.2627621127937268,0.35353797806608794,0.4517751242702018,7.760043457300481,80.0,6,5.769629016168704,2.9858589874843764,,0.03537149150511701,1.0137654285201014,0.6882508950539633,0.03480423407521513,25,0.0027008236892172763,0.0776004345730048,0.05305723725767551,0.0776004345730048,chart_cl_1.csv,35,20250902_210613:35,sobol,9,23,33,95,16,17,3.0,2.1,0.9,1.1,18,0.8
6,2108,1205,300,301,2023-07-01 11:00:00,2023-07-26 11:00:00,0.22234735262568395,0.2540183201008198,0.34603957211184544,0.5966966661835977,5.50478628898936,85.71428571428571,8,4.94928803926803,1.6163346823168712,,0.021084221520617348,1.0126720799980136,0.6766582177357386,0.046014064933682285,25,0.0025329759374760033,0.0550478628898936,0.031626332280926026,0.0550478628898936,chart_cl_1.csv,372,20250902_210613:372,sobol,9,18,60,84,11,10,1.9000000000000001,1.8,1.2000000000000002,1.4000000000000001,22,0.85
4,2108,603,300,301,2023-05-12 07:00:00,2023-06-06 07:00:00,0.19807760954782183,0.29076420962685484,0.40209118040828984,1.6782858137698682,1.740664271096532,30.76923076923077,14,2.6327288788401835,0.19408551109028993,,0.0073616347585504,1.0214623752571896,0.3803494097765355,0.11282144067265021,25,0.002256428813453004,0.01740664271096532,0.02,0.02,chart_cl_1.csv,2,20250902_210613:2,sobol,9,26,54,74,13,19,2.7,2.5,1.5,0.9,30,0.8
4,2108,603,300,301,2023-05-12 07:00:00,2023-06-06 07:00:00,0.1850044528353571,0.252302598868807,0.38264917324362346,0.7640123115574327,3.5681368952843737,61.53846153846154,14,1.8134919584276918,0.34464163209191556,,0.014616438456756812,1.0151679173717543,0.4803039779099018,0.05906361188613379,25,0.0021074705273967068,0.03568136895284374,0.02192465768513522,0.03568136895284374,chart_cl_1.csv,149,20250902_210613:149,sobol,12,24,45,84,15,19,1.8,2.0,0.8,1.0,46,0.85
5,2108,904,300,301,2023-06-06 09:00:00,2023-07-01 09:00:00,0.16820035729935512,0.5796889455174632,1.3699870392879856,4.254967976434723,0.5818277449505662,,1,,,,0.0004805404525287861,1.1798431604071011,0.06272307499623572,0.09580040579560627,25,0.0019160081159121255,0.005818277449505662,0.02,0.02,chart_cl_1.csv,108,20250902_210613:108,sobol,7,18,48,76,16,14,2.4000000000000004,2.9000000000000004,0.9,0.9,19,0.75
5,2108,904,300,301,2023-06-06 09:00:00,2023-07-01 09:00:00,0.16820035729935512,0.5796889455174632,1.3699870392879856,4.254967976434723,0.5818277449505662,,1,,,,0.0004805404525287861,1.1798431604071011,0.06272307499623572,0.09580040579560627,25,0.0019160081159121255,0.005818277449505662,0.02,0.02,chart_cl_1.csv,216,20250902_210613:216,sobol,8,19,41,73,10,16,1.8,2.4000000000000004,1.5,1.5,24,0.6
5,2108,904,300,301,2023-06-06 09:00:00,2023-07-01 09:00:00,0.16820035729935512,0.5796889455174632,1.3699870392879856,4.254967976434723,0.5818277449505662,,1,,,,0.0004805404525287861,1.1798431604071011,0.06272307499623572,0.09580040579560627,25,0.0019160081159121255,0.005818277449505662,0.02,0.02,chart_cl_1.csv,69,20250902_210613:69,sobol,10,18,32,82,18,16,2.7,2.8,0.9,1.3,8,0.7
5,2108,754,390,286,2023-06-01 09:00:00,2023-06-25 03:00:00,0.13367947982201256,0.33713431220748313,0.42565055382580597,0.13298439330275907,15.542905284672406,50.0,3,0.21128703129093718,-8.994848819496525,,0.0732839911572586,1.0182706985045082,0.8380652775093316,0.009701119454517192,23,0.0015078358083685356,0.15542905284672406,0.10992598673588791,0.15542905284672406,chart_cl_1.csv,212,20250902_210613:212,sobol,11,26,57,130,18,15,2.9000000000000004,2.8,1.0,1.2000000000000002,50,0.75
5,2108,714,414,282,2023-05-31 01:00:00,2023-06-23 11:00:00,0.1234172346248556,0.2707077649795157,0.3450082066349019,0.13442746781561768,14.388367402692898,90.0,11,0.5450533796423749,-0.9860946917497637,,0.07775988925639317,1.0135265531267723,0.7981864582111103,0.009674945988092858,23,0.001392066774778897,0.14388367402692898,0.11663983388458976,0.14388367402692898,chart_cl_1.csv,84,20250902_210613:84,sobol,13,19,47,138,17,17,2.9000000000000004,1.8,1.5,0.8,42,0.6
3,2108,286,312,299,2023-04-16 21:00:00,2023-05-11 17:00:00,0.10771997688483381,0.23978534088731634,0.3305243803045189,0.17303450100327702,9.18674879934495,85.71428571428571,8,2.0077967784029456,1.4428510511527757,,0.03684258887129436,1.0107970611683776,0.7936192086261499,0.013290677103969356,24,0.0012209811192737193,0.09186748799344951,0.05526388330694154,0.09186748799344951,chart_cl_1.csv,9,20250902_210613:9,sobol,14,23,49,104,18,13,2.8,2.2,0.8,1.5,28,0.7
6,2108,1205,300,301,2023-07-01 11:00:00,2023-07-26 11:00:00,0.10615748388311202,0.18837708092798172,0.25522665500787844,0.24318320999190027,6.398101785947537,83.33333333333334,7,5.926970481540107,2.55783807432817,,0.026107633144822204,1.0099218052207464,0.6650793401835288,0.018898922660579822,25,0.0012091723082714014,0.06398101785947537,0.03916144971723331,0.06398101785947537,chart_cl_1.csv,314,20250902_210613:314,sobol,10,26,40,98,20,12,2.5,2.2,0.8,1.0,19,0.85
5,2108,904,300,301,2023-06-06 09:00:00,2023-07-01 09:00:00,0.09465525647707977,0.19353994433607735,0.2666834280974434,0.5813534398550866,2.3845124413189773,,1,,,,0.0030542569301405084,1.0312684398951153,0.19166904757452688,0.04521438509683679,25,0.0010781426378999469,0.023845124413189773,0.02,0.023845124413189773,chart_cl_1.csv,112,20250902_210613:112,sobol,6,23,57,89,17,12,2.1,2.3,1.3,1.5,48,0.8
6,2108,1205,300,301,2023-07-01 11:00:00,2023-07-26 11:00:00,0.06914601289038273,0.17564322364462545,0.24156285557494056,0.14589080313303907,6.929193676012302,66.66666666666666,7,2.936107827196528,1.370507357055368,,0.030037209304828692,1.0083809726064767,0.7046613180322975,0.011365863041162386,25,0.0007875626630724435,0.06929193676012302,0.045055813957243035,0.06929193676012302,chart_cl_1.csv,294,20250902_210613:294,sobol,7,17,30,91,11,15,2.6,1.9000000000000001,1.4000000000000001,0.8,30,0.85
5,2108,667,441,277,2023-05-29 09:00:00,2023-06-21 09:00:00,0.051654021535097176,0.1573508301042705,0.20015610383344215,0.0971062914149617,8.44332114438422,0.0,3,0.0,-9.823850184531533,,0.04560796236483863,1.0089689636156147,0.6273706393432604,0.006899852073759216,23,0.000582576669074945,0.0844332114438422,0.06841194354725795,0.0844332114438422,chart_cl_1.csv,200,20250902_210613:200,sobol,6,18,53,147,15,17,2.2,2.7,0.8,1.0,37,0.7
4,2108,387,444,277,2023-05-06 07:00:00,2023-05-29 07:00:00,0.042025258235025835,0.11508670780977012,0.16075952462424567,0.18802855106660554,3.5451381472088856,,1,,,,0.015160693194718433,1.0071732914887623,0.39382776497919975,0.013369693108296811,23,0.00047397409054698766,0.03545138147208886,0.02274103979207765,0.03545138147208886,chart_cl_1.csv,288,20250902_210613:288,sobol,13,24,52,148,19,14,2.2,2.6,1.1,1.3,12,0.65
6,2108,1040,390,286,2023-06-25 05:00:00,2023-07-18 23:00:00,0.005037341666502471,0.06656392661123135,0.0917578341158943,0.03028481142683281,2.5482451096868197,100.0,6,inf,2.1812154440172358,,0.004537401492327746,1.0054912987736977,0.3439467430484975,0.002229390882505787,23,5.681034413925756e-05,0.025482451096868197,0.02,0.025482451096868197,chart_cl_1.csv,213,20250902_210613:213,sobol,11,26,57,130,18,15,2.9000000000000004,2.8,1.0,1.2000000000000002,50,0.75
5,2108,904,300,301,2023-06-06 09:00:00,2023-07-01 09:00:00,0.0,inf,inf,,,,0,,,,0.0,,0.0,,25,0.0,,0.02,,chart_cl_1.csv,189,20250902_210613:189,sobol,10,27,35,80,12,18,2.8,3.0,1.1,0.9,41,0.6
3,2108,302,300,301,2023-04-17 05:00:00,2023-05-12 05:00:00,0.0,inf,inf,,,,0,,,,0.0,,0.0,,25,0.0,,0.02,,chart_cl_1.csv,187,20250902_210613:187,sobol,10,27,35,80,12,18,2.8,3.0,1.1,0.9,41,0.6
4,2108,597,303,300,2023-05-12 01:00:00,2023-06-05 23:00:00,0.0,inf,inf,,,,0,,,,0.0,,0.0,,24,0.0,,0.02,,chart_cl_1.csv,79,20250902_210613:79,sobol,7,25,36,101,15,13,1.8,2.7,1.2000000000000002,1.3,22,0.75
4,2108,576,318,298,2023-05-11 13:00:00,2023-06-05 07:00:00,0.0,inf,inf,,,,0,,,,0.0,,0.0,,24,0.0,,0.02,,chart_cl_1.csv,180,20250902_210613:180,sobol,11,27,40,106,13,17,2.1,3.0,1.6,0.9,23,0.8
4,2108,504,366,290,2023-05-09 13:00:00,2023-06-02 15:00:00,0.0,inf,inf,,,,0,,,,0.0,,0.0,,24,0.0,,0.02,,chart_cl_1.csv,176,20250902_210613:176,sobol,14,17,52,122,10,18,2.8,2.7,1.3,1.0,18,0.75
3,2108,289,309,299,2023-04-16 21:00:00,2023-05-11 17:00:00,0.0,inf,inf,,,,0,,,,0.0,,0.0,,24,0.0,,0.02,,chart_cl_1.csv,206,20250902_210613:206,sobol,13,16,31,103,15,11,2.4000000000000004,2.4000000000000004,0.9,0.8,34,0.85
4,2108,423,420,281,2023-05-07 07:00:00,2023-05-30 15:00:00,0.0,inf,inf,,,,0,,,,0.0,,0.0,,23,0.0,,0.02,,chart_cl_1.csv,203,20250902_210613:203,sobol,7,22,52,140,12,20,2.5,2.1,1.3,1.3,8,0.65
3,2108,302,300,301,2023-04-17 05:00:00,2023-05-12 05:00:00,0.0,inf,inf,,,,0,,,,0.0,,0.0,,25,0.0,,0.02,,chart_cl_1.csv,214,20250902_210613:214,sobol,8,19,41,73,10,16,1.8,2.4000000000000004,1.5,1.5,24,0.6
3,2108,302,300,301,2023-04-17 05:00:00,2023-05-12 05:00:00,0.0,inf,inf,,,,0,,,,0.0,,0.0,,25,0.0,,0.02,,chart_cl_1.csv,167,20250902_210613:167,sobol,7,16,44,88,19,15,3.0,2.4000000000000004,1.4000000000000001,0.8,9,0.65
4,2108,498,369,289,2023-05-09 07:00:00,2023-06-02 07:00:00,0.0,inf,inf,,,,0,,,,0.0,,0.0,,24,0.0,,0.02,,chart_cl_1.csv,231,20250902_210613:231,sobol,7,21,32,123,17,19,1.8,2.3,1.6,1.0,11,0.7
3,2108,302,300,301,2023-04-17 05:00:00,2023-05-12 05:00:00,0.0,inf,inf,,,,0,,,,0.0,,0.0,,25,0.0,,0.02,,chart_cl_1.csv,226,20250902_210613:226,sobol,12,28,50,79,14,12,3.0,2.9000000000000004,1.1,1.2000000000000002,31,0.8
5,2108,857,327,296,2023-06-04 17:00:00,2023-06-29 07:00:00,0.0,inf,inf,,,,0,,,,0.0,,0.0,,24,0.0,,0.02,,chart_cl_1.csv,61,20250902_210613:61,sobol,10,17,43,109,17,20,2.0,2.7,1.4000000000000001,1.2000000000000002,33,0.75
4,2108,444,405,283,2023-05-07 19:00:00,2023-05-31 07:00:00,0.0,inf,inf,,,,0,,,,0.0,,0.0,,23,0.0,,0.02,,chart_cl_1.csv,56,20250902_210613:56,sobol,10,24,55,135,14,11,2.8,2.4000000000000004,0.8,1.0,10,0.65
3,2108,222,360,291,2023-04-15 13:00:00,2023-05-09 17:00:00,0.0,inf,inf,,,,0,,,,0.0,,0.0,,24,0.0,,0.02,,chart_cl_1.csv,102,20250902_210613:102,sobol,13,25,35,120,13,15,2.2,2.2,1.4000000000000001,1.2000000000000002,45,0.6
5,2108,904,300,301,2023-06-06 09:00:00,2023-07-01 09:00:00,0.0,inf,inf,,,,0,,,,0.0,,0.0,,25,0.0,,0.02,,chart_cl_1.csv,143,20250902_210613:143,sobol,8,28,55,95,10,13,2.4000000000000004,2.8,1.5,1.3,12,0.6
5,2108,904,300,301,2023-06-06 09:00:00,2023-07-01 09:00:00,0.0,inf,inf,,,,0,,,,0.0,,0.0,,25,0.0,,0.02,,chart_cl_1.csv,247,20250902_210613:247,sobol,9,17,46,97,19,19,2.1,2.6,0.8,1.4000000000000001,44,0.65
4,2108,603,300,301,2023-05-12 07:00:00,2023-06-06 07:00:00,0.0,inf,inf,,,,0,,,,0.0,,0.0,,25,0.0,,0.02,,chart_cl_1.csv,262,20250902_210613:262,sobol,6,22,56,79,20,20,2.9000000000000004,3.0,0.9,1.1,18,0.85
3,2108,302,300,301,2023-04-17 05:00:00,2023-05-12 05:00:00,0.0,inf,inf,,,,0,,,,0.0,,0.0,,25,0.0,,0.02,,chart_cl_1.csv,261,20250902_210613:261,sobol,6,22,56,79,20,20,2.9000000000000004,3.0,0.9,1.1,18,0.85
3,2108,169,399,284,2023-04-14 09:00:00,2023-05-07 23:00:00,0.0,inf,inf,,,,0,,,,0.0,,0.0,,23,0.0,,0.02,,chart_cl_1.csv,249,20250902_210613:249,sobol,9,25,37,133,17,16,2.3,2.7,1.1,0.8,23,0.75
3,2108,257,333,295,2023-04-16 05:00:00,2023-05-10 17:00:00,0.0,inf,inf,,,,0,,,,0.0,,0.0,,24,0.0,,0.02,,chart_cl_1.csv,234,20250902_210613:234,sobol,6,27,41,111,16,16,2.9000000000000004,2.9000000000000004,1.2000000000000002,1.5,39,0.65
5,2108,787,369,289,2023-06-02 09:00:00,2023-06-26 09:00:00,0.0,inf,inf,,,,0,,,,0.0,,0.0,,24,0.0,,0.02,,chart_cl_1.csv,232,20250902_210613:232,sobol,7,21,32,123,17,19,1.8,2.3,1.6,1.0,11,0.7
5,2108,904,300,301,2023-06-06 09:00:00,2023-07-01 09:00:00,0.0,inf,inf,,,,0,,,,0.0,,0.0,,25,0.0,,0.02,,chart_cl_1.csv,263,20250902_210613:263,sobol,6,22,56,79,20,20,2.9000000000000004,3.0,0.9,1.1,18,0.85
5,2108,847,333,295,2023-06-04 09:00:00,2023-06-28 21:00:00,0.0,inf,inf,,,,0,,,,0.0,,0.0,,24,0.0,,0.02,,chart_cl_1.csv,271,20250902_210613:271,sobol,12,20,32,111,10,13,2.7,2.8,0.8,0.9,10,0.7
3,2108,302,300,301,2023-04-17 05:00:00,2023-05-12 05:00:00,0.0,inf,inf,,,,0,,,,0.0,,0.0,,25,0.0,,0.02,,chart_cl_1.csv,265,20250902_210613:265,sobol,7,26,49,86,18,17,1.9000000000000001,2.4000000000000004,1.3,1.2000000000000002,33,0.85
3,2108,289,309,299,2023-04-16 21:00:00,2023-05-11 17:00:00,0.0,inf,inf,,,,0,,,,0.0,,0.0,,24,0.0,,0.02,,chart_cl_1.csv,295,20250902_210613:295,sobol,6,23,44,103,10,19,2.3,2.6,1.0,1.6,15,0.8
5,2108,897,303,300,2023-06-06 01:00:00,2023-06-30 23:00:00,0.0,inf,inf,,,,0,,,,0.0,,0.0,,24,0.0,,0.02,,chart_cl_1.csv,139,20250902_210613:139,sobol,6,20,50,101,12,10,2.7,2.2,1.0,1.1,37,0.65
5,2108,904,300,301,2023-06-06 09:00:00,2023-07-01 09:00:00,0.0,inf,inf,,,,0,,,,0.0,,0.0,,25,0.0,,0.02,,chart_cl_1.csv,286,20250902_210613:286,sobol,11,21,40,81,17,10,2.8,2.9000000000000004,0.8,1.4000000000000001,28,0.65
3,2108,302,300,301,2023-04-17 05:00:00,2023-05-12 05:00:00,0.0,inf,inf,,,,0,,,,0.0,,0.0,,25,0.0,,0.02,,chart_cl_1.csv,284,20250902_210613:284,sobol,11,21,40,81,17,10,2.8,2.9000000000000004,0.8,1.4000000000000001,28,0.65
3,2108,233,351,292,2023-04-15 17:00:00,2023-05-09 23:00:00,0.0,inf,inf,,,,0,,,,0.0,,0.0,,24,0.0,,0.02,,chart_cl_1.csv,280,20250902_210613:280,sobol,8,27,58,117,14,19,2.0,2.3,1.4000000000000001,1.2000000000000002,46,0.75
6,2108,1043,387,286,2023-06-25 05:00:00,2023-07-18 23:00:00,0.0,inf,inf,,,,0,,,,0.0,,0.0,,23,0.0,,0.02,,chart_cl_1.csv,310,20250902_210613:310,sobol,10,19,48,129,13,18,3.0,2.9000000000000004,0.9,1.3,20,0.75
4,2108,471,387,286,2023-05-08 13:00:00,2023-06-01 07:00:00,0.0,inf,inf,,,,0,,,,0.0,,0.0,,23,0.0,,0.02,,chart_cl_1.csv,308,20250902_210613:308,sobol,10,19,48,129,13,18,3.0,2.9000000000000004,0.9,1.3,20,0.75
3,2108,214,366,290,2023-04-15 09:00:00,2023-05-09 11:00:00,0.0,inf,inf,,,,0,,,,0.0,,0.0,,24,0.0,,0.02,,chart_cl_1.csv,326,20250902_210613:326,sobol,7,24,53,122,15,10,2.8,2.5,1.5,1.4000000000000001,31,0.75
4,2108,399,435,278,2023-05-06 13:00:00,2023-05-29 15:00:00,0.0,inf,inf,,,,0,,,,0.0,,0.0,,23,0.0,,0.02,,chart_cl_1.csv,315,20250902_210613:315,sobol,10,19,57,145,12,19,2.4000000000000004,2.9000000000000004,1.4000000000000001,1.3,45,0.7
5,2108,724,408,283,2023-05-31 09:00:00,2023-06-23 21:00:00,0.0,inf,inf,,,,0,,,,0.0,,0.0,,23,0.0,,0.02,,chart_cl_1.csv,356,20250902_210613:356,sobol,8,20,42,136,14,11,2.1,2.8,1.2000000000000002,0.9,33,0.8
3,2108,158,408,283,2023-04-14 05:00:00,2023-05-07 17:00:00,0.0,inf,inf,,,,0,,,,0.0,,0.0,,23,0.0,,0.02,,chart_cl_1.csv,354,20250902_210613:354,sobol,8,20,42,136,14,11,2.1,2.8,1.2000000000000002,0.9,33,0.8
5,2108,904,300,301,2023-06-06 09:00:00,2023-07-01 09:00:00,0.0,inf,inf,,,,0,,,,0.0,,0.0,,25,0.0,,0.02,,chart_cl_1.csv,363,20250902_210613:363,sobol,14,21,50,94,16,16,2.3,3.0,1.4000000000000001,1.2000000000000002,36,0.65
3,2108,302,300,301,2023-04-17 05:00:00,2023-05-12 05:00:00,0.0,inf,inf,,,,0,,,,0.0,,0.0,,25,0.0,,0.02,,chart_cl_1.csv,361,20250902_210613:361,sobol,14,21,50,94,16,16,2.3,3.0,1.4000000000000001,1.2000000000000002,36,0.65
3,2108,302,300,301,2023-04-17 05:00:00,2023-05-12 05:00:00,0.0,inf,inf,,,,0,,,,0.0,,0.0,,25,0.0,,0.02,,chart_cl_1.csv,330,20250902_210613:330,sobol,13,18,45,75,12,20,2.0,2.0,1.0,0.8,11,0.65
4,2108,603,300,301,2023-05-12 07:00:00,2023-06-06 07:00:00,0.0,inf,inf,,,,0,,,,0.0,,0.0,,25,0.0,,0.02,,chart_cl_1.csv,130,20250902_210613:130,sobol,11,17,59,71,18,15,2.7,2.6,1.2000000000000002,1.3,20,0.85
3,2108,302,300,301,2023-04-17 05:00:00,2023-05-12 05:00:00,0.0,inf,inf,,,,0,,,,0.0,,0.0,,25,0.0,,0.02,,chart_cl_1.csv,129,20250902_210613:129,sobol,11,17,59,71,18,15,2.7,2.6,1.2000000000000002,1.3,20,0.85
5,2108,904,300,301,2023-06-06 09:00:00,2023-07-01 09:00:00,0.0,inf,inf,,,,0,,,,0.0,,0.0,,25,0.0,,0.02,,chart_cl_1.csv,120,20250902_210613:120,sobol,11,27,51,99,11,17,2.0,2.5,1.0,0.8,11,0.7
3,2108,238,348,293,2023-04-15 21:00:00,2023-05-10 05:00:00,0.0,inf,inf,,,,0,,,,0.0,,0.0,,24,0.0,,0.02,,chart_cl_1.csv,24,20250902_210613:24,sobol,12,28,30,116,18,14,2.6,2.6,1.6,1.0,38,0.65
4,2108,603,300,301,2023-05-12 07:00:00,2023-06-06 07:00:00,0.0,inf,inf,,,,0,,,,0.0,,0.0,,25,0.0,,0.02,,chart_cl_1.csv,382,20250902_210613:382,sobol,14,25,58,77,10,16,2.5,2.8,1.1,1.5,49,0.75
3,2108,302,300,301,2023-04-17 05:00:00,2023-05-12 05:00:00,0.0,inf,inf,,,,0,,,,0.0,,0.0,,25,0.0,,0.02,,chart_cl_1.csv,106,20250902_210613:106,sobol,7,18,48,76,16,14,2.4000000000000004,2.9000000000000004,0.9,0.9,19,0.75
5,2108,727,405,283,2023-05-31 09:00:00,2023-06-23 21:00:00,0.0,inf,inf,,,,0,,,,0.0,,0.0,,23,0.0,,0.02,,chart_cl_1.csv,135,20250902_210613:135,sobol,14,26,33,135,20,20,2.2,2.9000000000000004,1.6,1.4000000000000001,15,0.75
4,2108,444,405,283,2023-05-07 19:00:00,2023-05-31 07:00:00,0.0,inf,inf,,,,0,,,,0.0,,0.0,,23,0.0,,0.02,,chart_cl_1.csv,134,20250902_210613:134,sobol,14,26,33,135,20,20,2.2,2.9000000000000004,1.6,1.4000000000000001,15,0.75
5,2108,904,300,301,2023-06-06 09:00:00,2023-07-01 09:00:00,0.0,inf,inf,,,,0,,,,0.0,,0.0,,25,0.0,,0.02,,chart_cl_1.csv,22,20250902_210613:22,sobol,12,19,58,92,20,10,1.8,3.0,1.3,0.9,42,0.7
3,2108,302,300,301,2023-04-17 05:00:00,2023-05-12 05:00:00,0.0,inf,inf,,,,0,,,,0.0,,0.0,,25,0.0,,0.02,,chart_cl_1.csv,20,20250902_210613:20,sobol,12,19,58,92,20,10,1.8,3.0,1.3,0.9,42,0.7
3,2108,302,300,301,2023-04-17 05:00:00,2023-05-12 05:00:00,0.0,inf,inf,,,,0,,,,0.0,,0.0,,25,0.0,,0.02,,chart_cl_1.csv,39,20250902_210613:39,sobol,13,26,39,85,10,11,2.5,2.7,1.6,1.4000000000000001,40,0.7
4,2108,414,426,280,2023-05-07 01:00:00,2023-05-30 07:00:00,0.0,inf,inf,,,,0,,,,0.0,,0.0,,23,0.0,,0.02,,chart_cl_1.csv,36,20250902_210613:36,sobol,11,16,49,142,13,12,1.9000000000000001,3.0,1.2000000000000002,1.5,36,0.6
3,2108,150,414,282,2023-04-14 01:00:00,2023-05-07 11:00:00,0.0,inf,inf,,,,0,,,,0.0,,0.0,,23,0.0,,0.02,,chart_cl_1.csv,13,20250902_210613:13,sobol,6,17,34,138,10,18,2.0,2.9000000000000004,1.4000000000000001,1.2000000000000002,45,0.8
3,2108,225,357,291,2023-04-15 13:00:00,2023-05-09 17:00:00,0.0,inf,inf,,,,0,,,,0.0,,0.0,,24,0.0,,0.02,,chart_cl_1.csv,152,20250902_210613:152,sobol,8,18,36,119,13,12,3.0,2.5,1.3,1.6,28,0.7
5,2108,767,381,287,2023-06-01 17:00:00,2023-06-25 13:00:00,0.0,inf,inf,,,,0,,,,0.0,,0.0,,23,0.0,,0.02,,chart_cl_1.csv,92,20250902_210613:92,sobol,9,16,57,127,12,11,2.5,3.0,0.8,1.4000000000000001,16,0.8
4,2108,480,381,287,2023-05-08 19:00:00,2023-06-01 15:00:00,0.0,inf,inf,,,,0,,,,0.0,,0.0,,23,0.0,,0.02,,chart_cl_1.csv,91,20250902_210613:91,sobol,9,16,57,127,12,11,2.5,3.0,0.8,1.4000000000000001,16,0.8
6,2108,1205,300,301,2023-07-01 11:00:00,2023-07-26 11:00:00,-0.05070970283984479,0.013380767843331101,0.016627914492214724,-0.17712079404093886,4.151810410781272,57.14285714285714,8,2.8096067184174105,0.6858896662011382,,0.0217294615432521,1.0008590714577859,0.40738687703281845,-0.013909388897330786,25,-0.000577491456315434,0.041518104107812724,0.03259419231487815,0.041518104107812724,chart_cl_1.csv,23,20250902_210613:23,sobol,12,19,58,92,20,10,1.8,3.0,1.3,0.9,42,0.7
6,2108,1205,300,301,2023-07-01 11:00:00,2023-07-26 11:00:00,-0.05070970283984479,0.013380767843331101,0.016627914492214724,-0.17712079404093886,4.151810410781272,57.14285714285714,8,2.8096067184174105,0.6858896662011382,,0.0217294615432521,1.0008590714577859,0.40738687703281845,-0.013909388897330786,25,-0.000577491456315434,0.041518104107812724,0.03259419231487815,0.041518104107812724,chart_cl_1.csv,364,20250902_210613:364,sobol,14,21,50,94,16,16,2.3,3.0,1.4000000000000001,1.2000000000000002,36,0.65
5,2108,757,387,286,2023-06-01 09:00:00,2023-06-25 03:00:00,-0.05776205464519251,0.08224559074079378,0.10334912093197215,-0.14763926914803494,5.966975344574578,0.0,2,0.0,-9.116012169353924,,0.02705939819507492,1.0045789641288796,0.6170929296408062,-0.010916502016195156,23,-0.0006513849837963518,0.059669753445745786,0.04058909729261238,0.059669753445745786,chart_cl_1.csv,309,20250902_210613:309,sobol,10,19,48,129,13,18,3.0,2.9000000000000004,0.9,1.3,20,0.75
6,2108,1109,351,292,2023-06-27 17:00:00,2023-07-21 23:00:00,-0.08138934699125001,0.0815411394860525,0.11340512753182497,-0.28165689008457073,4.309886538028077,60.0,11,3.241321809312307,0.8421432222265107,,0.017504487709997827,1.003863281184111,0.6821324446135211,-0.021400198545491075,24,-0.0009223242762234,0.043098865380280765,0.026256731564996742,0.043098865380280765,chart_cl_1.csv,283,20250902_210613:283,sobol,8,27,58,117,14,19,2.0,2.3,1.4000000000000001,1.2000000000000002,46,0.75
5,2108,847,333,295,2023-06-04 09:00:00,2023-06-28 21:00:00,-0.10001330236270292,0.006148140541254065,0.00787216243682348,-0.2451014017499376,6.016711685601446,66.66666666666666,4,0.6878912654816194,-0.8648910776431054,,0.033460427883002866,1.0002845089770305,0.5676845873087171,-0.018836713205780058,24,-0.0011333507246353994,0.06016711685601446,0.0501906418245043,0.06016711685601446,chart_cl_1.csv,236,20250902_210613:236,sobol,6,27,41,111,16,16,2.9000000000000004,2.9000000000000004,1.2000000000000002,1.5,39,0.65
6,2108,1054,381,287,2023-06-25 15:00:00,2023-07-19 11:00:00,-0.10313687793952794,-0.04844298979814493,-0.06914641443545459,-0.37769632323583746,4.136874133513581,87.5,9,91.33955048282029,2.0696453577174005,,0.013818603432969387,0.9976400462628146,0.4863290792325462,-0.028113470040022005,23,-0.0011630188701187607,0.041368741335135815,0.02072790514945408,0.041368741335135815,chart_cl_1.csv,93,20250902_210613:93,sobol,9,16,57,127,12,11,2.5,3.0,0.8,1.4000000000000001,16,0.8
5,2108,697,423,280,2023-05-30 09:00:00,2023-06-22 15:00:00,-0.11540640982975106,0.17101107090957204,0.21185517056495684,-0.1228086850783543,14.576429712225345,85.71428571428571,8,0.430792687844497,-1.7897631960812512,,0.07928783294757263,1.0089552252477165,0.7711453103550514,-0.008927821745572743,23,-0.0013013576615761807,0.14576429712225344,0.11893174942135895,0.14576429712225344,chart_cl_1.csv,278,20250902_210613:278,sobol,8,17,38,141,15,18,2.7,2.1,1.5,1.6,48,0.8
4,2108,603,300,301,2023-05-12 07:00:00,2023-06-06 07:00:00,-0.12915799589500981,-0.16275903525979912,-0.2344175910412534,-0.6926568649335895,2.6897628421259654,14.285714285714285,15,0.6432904987307929,-0.0766281118580186,,0.01813012644754869,0.9890767595041812,0.2760100734742072,-0.05408068083496701,25,-0.0014707343728612124,0.026897628421259655,0.027195189671323033,0.027195189671323033,chart_cl_1.csv,168,20250902_210613:168,sobol,7,16,44,88,19,15,3.0,2.4000000000000004,1.4000000000000001,0.8,9,0.65
3,2108,273,321,297,2023-04-16 13:00:00,2023-05-11 05:00:00,-0.15719644519140416,0.07809198321229047,0.10882544424150448,-0.393209433645456,5.83243338486572,83.33333333333334,7,1.729119970097985,0.9548270734075006,,0.023013350790201954,1.0035338078142597,0.7325516543922661,-0.030540087101428384,24,-0.0017812302358707786,0.0583243338486572,0.034520026185302935,0.0583243338486572,chart_cl_1.csv,98,20250902_210613:98,sobol,12,21,53,107,11,20,3.0,1.9000000000000001,1.4000000000000001,1.5,38,0.65
4,2108,603,300,301,2023-05-12 07:00:00,2023-06-06 07:00:00,-0.16067762185075055,-0.23896732883385183,-0.3477413701491585,-1.6749875875749893,1.3807951853575902,61.53846153846154,14,0.8536279680397408,-0.0514285247602298,,0.004500855752542228,0.9847245625082763,0.27753535858517414,-0.09147905043017888,25,-0.0018295810086035777,0.013807951853575902,0.02,0.02,chart_cl_1.csv,111,20250902_210613:111,sobol,6,23,57,89,17,12,2.1,2.3,1.3,1.5,48,0.8
5,2108,814,354,292,2023-06-03 09:00:00,2023-06-27 15:00:00,-0.20170266835013423,0.1504084589819412,0.19147949556820607,-0.21104725590572532,14.135189648942243,0.0,2,0.0,-20.724864947195826,,0.07780625410388016,1.0072332530677472,0.7926528783206527,-0.016168308869632254,24,-0.002285421121749269,0.14135189648942242,0.11670938115582025,0.14135189648942242,chart_cl_1.csv,367,20250902_210613:367,sobol,11,25,37,118,19,20,3.0,2.7,1.5,0.8,42,0.7
5,2108,817,351,292,2023-06-03 09:00:00,2023-06-27 15:00:00,-0.20170266835013423,0.1504084589819412,0.19147949556820607,-0.21104725590572532,14.135189648942243,0.0,2,0.0,-20.724864947195826,,0.07780625410388016,1.0072332530677472,0.7926528783206527,-0.016168308869632254,24,-0.002285421121749269,0.14135189648942242,0.11670938115582025,0.14135189648942242,chart_cl_1.csv,282,20250902_210613:282,sobol,8,27,58,117,14,19,2.0,2.3,1.4000000000000001,1.2000000000000002,46,0.75
5,2108,817,351,292,2023-06-03 09:00:00,2023-06-27 15:00:00,-0.20170266835013423,0.1504084589819412,0.19147949556820607,-0.21104725590572532,14.135189648942243,0.0,2,0.0,-20.724864947195826,,0.07780625410388016,1.0072332530677472,0.7926528783206527,-0.016168308869632254,24,-0.002285421121749269,0.14135189648942242,0.11670938115582025,0.14135189648942242,chart_cl_1.csv,193,20250902_210613:193,sobol,10,21,47,117,20,11,2.0,2.1,1.5,1.3,22,0.8
4,2108,453,399,284,2023-05-08 01:00:00,2023-05-31 15:00:00,-0.2524131558163617,-0.5177311901564738,-0.6913075854545656,-2.4561599280674193,1.556407762226706,100.0,2,inf,2.2694280706101244,,0.003096129342789641,0.9618311821269901,0.22018918239227667,-0.1422922688289992,23,-0.002845845376579984,0.01556407762226706,0.02,0.02,chart_cl_1.csv,250,20250902_210613:250,sobol,9,25,37,133,17,16,2.3,2.7,1.1,0.8,23,0.75
4,2108,603,300,301,2023-05-12 07:00:00,2023-06-06 07:00:00,-0.2579587902425544,-0.3673283250550821,-0.5068546010454456,-3.3483896270092894,1.1016578100336976,44.44444444444444,10,1.484902391691518,0.13032890588411078,,0.0034400087347011637,0.9769098875625946,0.2969249194530361,-0.1468469897648875,25,-0.00293693979529775,0.011016578100336976,0.02,0.02,chart_cl_1.csv,160,20250902_210613:160,sobol,12,19,34,98,14,20,2.4000000000000004,2.3,1.1,1.5,49,0.85
4,2108,603,300,301,2023-05-12 07:00:00,2023-06-06 07:00:00,-0.2792743249128598,-0.4421695941427499,-0.6370000504720873,-1.7493643466035873,2.2795995524408945,15.384615384615385,14,0.3087787153642893,-0.1878991166169347,,0.01589958408818573,0.9682665774506717,0.23639918018004602,-0.133317575531271,25,-0.003179541003888743,0.022795995524408946,0.023849376132278596,0.023849376132278596,chart_cl_1.csv,331,20250902_210613:331,sobol,13,18,45,75,12,20,2.0,2.0,1.0,0.8,11,0.65
4,2108,561,327,296,2023-05-11 01:00:00,2023-06-04 15:00:00,-0.2855380949034384,-1.5004103970756058,-1.7168912313335003,-6.438481553897774,0.6434697913398395,0.0,3,0.0,-1.4387664472002748,,0.000833492847108868,0.765247885113048,0.03317582426418932,-0.16175056577618713,24,-0.003235011315523743,0.006434697913398395,0.02,0.02,chart_cl_1.csv,60,20250902_210613:60,sobol,10,17,43,109,17,20,2.0,2.7,1.4000000000000001,1.2000000000000002,33,0.75
6,2108,1098,357,291,2023-06-27 07:00:00,2023-07-21 11:00:00,-0.2891170727734448,-0.07263092860521671,-0.10174915756333565,-0.9614534537600155,4.435334059425892,50.0,9,2.3435715111874624,0.7100502630310882,,0.018366295664698058,0.9965659946687233,0.6453837999348038,-0.07385115976509192,24,-0.003275545642342152,0.04435334059425892,0.027549443497047087,0.04435334059425892,chart_cl_1.csv,66,20250902_210613:66,sobol,10,24,50,119,10,15,2.2,2.3,1.2000000000000002,0.9,33,0.85
5,2108,747,393,285,2023-06-01 01:00:00,2023-06-24 17:00:00,-0.2949041172146963,0.25571708559484424,0.32280313532452387,-0.23977292170397063,18.506840593729425,50.0,3,0.26126385192879537,-10.664145784791579,,0.0935028480357762,1.0137160745973481,0.8471457513837601,-0.017964988780671272,23,-0.003324751836320208,0.18506840593729426,0.1402542720536643,0.18506840593729426,chart_cl_1.csv,379,20250902_210613:379,sobol,11,22,30,131,13,18,1.8,2.5,0.8,1.4000000000000001,32,0.8
4,2108,603,300,301,2023-05-12 07:00:00,2023-06-06 07:00:00,-0.31616751545066496,-0.7154547889566761,-0.9334975541638169,-4.455811410565693,1.0106895998705294,0.0,12,0.0,-0.2353592368305913,,0.0037207100464288446,0.948566881172205,0.16756207841375742,-0.17997041720258034,25,-0.0035994083440516068,0.010106895998705295,0.02,0.02,chart_cl_1.csv,343,20250902_210613:343,sobol,8,23,47,72,11,13,2.9000000000000004,2.5,1.6,1.0,50,0.8
5,2108,904,300,301,2023-06-06 09:00:00,2023-07-01 09:00:00,-0.3171396043584309,0.1702624690169756,0.212510953625141,-0.3436394210044955,13.14457027900666,66.66666666666666,7,0.8296411584407402,-0.9216301921485854,,0.06121817936522854,1.0086577385903897,0.8132223716042664,-0.027467393224337586,25,-0.0036104708061841673,0.1314457027900666,0.0918272690478428,0.1314457027900666,chart_cl_1.csv,293,20250902_210613:293,sobol,7,17,30,91,11,15,2.6,1.9000000000000001,1.4000000000000001,0.8,30,0.85
3,2108,302,300,301,2023-04-17 05:00:00,2023-05-12 05:00:00,-0.33518995646928645,-0.011086664422559516,-0.01542989360240457,-0.8175450872046077,5.83243338486572,85.71428571428571,8,2.0403133161083353,1.1677317781713712,,0.023488719787939063,0.9994916052713798,0.7220305496153304,-0.06542519168919471,25,-0.003815880722192985,0.0583243338486572,0.03523307968190859,0.0583243338486572,chart_cl_1.csv,51,20250902_210613:51,sobol,14,21,37,78,11,14,2.1,2.0,1.2000000000000002,1.1,25,0.65
6,2108,1109,351,292,2023-06-27 17:00:00,2023-07-21 23:00:00,-0.36153595521266196,0.002186018913220069,0.0029953989128712623,-1.0532940450679948,5.020367003194945,77.77777777777779,10,5.366984639050144,0.5139114620708936,,0.023126442029689644,1.0001049812259744,0.7324469357512116,-0.08158098229030394,24,-0.004095664715784731,0.05020367003194945,0.03468966304453447,0.05020367003194945,chart_cl_1.csv,194,20250902_210613:194,sobol,10,21,47,117,20,11,2.0,2.1,1.5,1.3,22,0.8
4,2108,588,309,299,2023-05-11 19:00:00,2023-06-05 15:00:00,-0.3849211445773413,-1.2539818668033806,-1.6883690589487277,-7.226871866077467,0.760066328968628,15.384615384615385,27,0.01589985734672407,-0.14800241638487546,,0.005866973839840744,0.900978421580403,0.10741290437333574,-0.2180232057354666,24,-0.004360464114709332,0.00760066328968628,0.02,0.02,chart_cl_1.csv,296,20250902_210613:296,sobol,6,23,44,103,10,19,2.3,2.6,1.0,1.6,15,0.8
3,2108,142,420,281,2023-04-13 21:00:00,2023-05-07 05:00:00,-0.3870446783965882,-0.7287922101766215,-0.9164578024362131,-2.321427264480761,2.5267132858204597,0.0,8,0.0,-0.9247360219049992,,0.014159243808959096,0.9633317720354243,0.26071156531407846,-0.17267846496942627,23,-0.0043630897161333225,0.0252671328582046,0.021238865713438644,0.0252671328582046,chart_cl_1.csv,202,20250902_210613:202,sobol,7,22,52,140,12,20,2.5,2.1,1.3,1.3,8,0.65
6,2108,1197,303,300,2023-07-01 01:00:00,2023-07-25 23:00:00,-0.39916870477723027,-0.37618013044029824,-0.45997498367366063,-1.3887303876354278,4.084519430970308,71.42857142857143,8,3.2807413429660355,0.8209970618998246,,0.021105724340460336,0.975462410120558,0.3824828217729391,-0.11070549641142935,24,-0.004521787512076969,0.04084519430970308,0.031658586510690506,0.04084519430970308,chart_cl_1.csv,140,20250902_210613:140,sobol,6,20,50,101,12,10,2.7,2.2,1.0,1.1,37,0.65
6,2108,1153,327,296,2023-06-29 09:00:00,2023-07-23 23:00:00,-0.4053246555490887,-0.05777479882198578,-0.07649393367808506,-0.589229626574217,9.899141194152124,100.0,7,inf,3.462772260653983,,0.04513090512600882,0.996796461433596,0.6800412099707763,-0.04638269958795472,24,-0.004591488921871053,0.09899141194152124,0.06769635768901323,0.09899141194152124,chart_cl_1.csv,221,20250902_210613:221,sobol,8,25,60,109,20,17,2.4000000000000004,1.9000000000000001,1.2000000000000002,1.1,27,0.6
5,2108,904,300,301,2023-06-06 09:00:00,2023-07-01 09:00:00,-0.4403345161330833,0.0457192737833363,0.0565704995707221,-0.6015811696061233,10.339134264437243,33.33333333333333,4,0.3671204135174091,-4.3725052413100505,,0.04830736199990637,1.0023273872661191,0.7622097149540008,-0.048478216560636195,25,-0.0050122278992088265,0.10339134264437243,0.07246104299985956,0.10339134264437243,chart_cl_1.csv,383,20250902_210613:383,sobol,14,25,58,77,10,16,2.5,2.8,1.1,1.5,49,0.75
5,2108,837,339,294,2023-06-04 01:00:00,2023-06-28 11:00:00,-0.4442567046290151,0.06961595173905931,0.08863686700026999,-0.4540474930730236,14.135189648942243,0.0,2,0.0,-20.724864947195826,,0.07775399183016134,1.0032783068406326,0.7934117685435502,-0.03560106318944251,24,-0.005032277798867465,0.14135189648942242,0.116630987745242,0.14135189648942242,chart_cl_1.csv,116,20250902_210613:116,sobol,14,16,41,113,14,19,2.6,2.8,0.9,1.1,27,0.6
5,2108,834,342,294,2023-06-04 01:00:00,2023-06-28 11:00:00,-0.4442567046290151,0.06961595173905931,0.08863686700026999,-0.4540474930730236,14.135189648942243,0.0,2,0.0,-20.724864947195826,,0.07775399183016134,1.0032783068406326,0.7934117685435502,-0.03560106318944251,24,-0.005032277798867465,0.14135189648942242,0.116630987745242,0.14135189648942242,chart_cl_1.csv,165,20250902_210613:165,sobol,13,23,54,114,12,16,1.9000000000000001,2.0,0.8,1.4000000000000001,32,0.75
6,2108,1205,300,301,2023-07-01 11:00:00,2023-07-26 11:00:00,-0.465697456608018,-0.8512326396910749,-1.093762111091817,-4.317322015718417,1.5210524205746572,12.5,9,0.27073325343557475,-0.5225077706338781,,0.00839120510559551,0.9505648303536162,0.23398243786511094,-0.2650382224288067,25,-0.005300764448576134,0.015210524205746572,0.02,0.02,chart_cl_1.csv,170,20250902_210613:170,sobol,7,16,44,88,19,15,3.0,2.4000000000000004,1.4000000000000001,0.8,9,0.65
6,2108,977,423,280,2023-06-22 17:00:00,2023-07-15 23:00:00,-0.47801352559252164,-0.1593325942304953,-0.22263782894316275,-1.489472759698916,4.848298088657884,44.44444444444444,10,0.5373252344816,-0.49797731516407484,,0.018044695840898604,0.9922253996260905,0.6695444372866892,-0.11113200003123626,23,-0.005388010633401707,0.04848298088657885,0.027067043761347907,0.04848298088657885,chart_cl_1.csv,279,20250902_210613:279,sobol,8,17,38,141,15,18,2.7,2.1,1.5,1.6,48,0.8
3,2108,161,405,283,2023-04-14 05:00:00,2023-05-07 17:00:00,-0.4801000153277961,-0.6343365079537067,-0.7951131867248634,-2.0050738552281997,3.579810115646595,0.0,7,0.0,-1.4439462292016865,,0.020144776807516484,0.968229629813009,0.3693717629758903,-0.15116768437911085,23,-0.005411516056992128,0.03579810115646595,0.030217165211274724,0.03579810115646595,chart_cl_1.csv,55,20250902_210613:55,sobol,10,24,55,135,14,11,2.8,2.4000000000000004,0.8,1.0,10,0.65
6,2108,1021,399,284,2023-06-24 09:00:00,2023-07-17 23:00:00,-0.5011178026493668,-0.6414024978794937,-0.82122223875053,-5.00823678790431,1.4886252594683387,45.45454545454545,12,0.8819481603889491,-0.09067399596266612,,0.009444432046884464,0.9633483043137079,0.3517214441360728,-0.2824143237661958,23,-0.005648286475323916,0.014886252594683387,0.02,0.02,chart_cl_1.csv,252,20250902_210613:252,sobol,9,25,37,133,17,16,2.3,2.7,1.1,0.8,23,0.75
6,2108,1205,300,301,2023-07-01 11:00:00,2023-07-26 11:00:00,-0.5060699199503517,-0.48941222655882843,-0.6391239638973361,-1.7221009358966477,4.1326432911375575,80.0,6,3.821743137493188,1.2183706762586062,,0.018514426068314126,0.9742370381585652,0.4456322814005703,-0.13937851985165373,25,-0.005760017049936197,0.041326432911375575,0.02777163910247119,0.041326432911375575,chart_cl_1.csv,229,20250902_210613:229,sobol,12,28,50,79,14,12,3.0,2.9000000000000004,1.1,1.2000000000000002,31,0.8
6,2108,1117,348,293,2023-06-28 03:00:00,2023-07-22 11:00:00,-0.5148841820889458,-0.08859626207894461,-0.12127085646892978,-1.4508099150210387,5.1189035906067515,55.55555555555556,10,3.0763220338234656,1.0070932646187227,,0.03134473777754315,0.9955390765522465,0.7045771276013654,-0.11392711774118716,24,-0.005831819320728411,0.051189035906067513,0.04701710666631473,0.051189035906067513,chart_cl_1.csv,27,20250902_210613:27,sobol,12,28,30,116,18,14,2.6,2.6,1.6,1.0,38,0.65
6,2108,1142,333,295,2023-06-28 23:00:00,2023-07-23 11:00:00,-0.5152939967623184,-0.5799161768282352,-0.7190597827042624,-1.8899582922335303,3.9068461910221433,80.0,6,4.343961454757067,1.2627669406519413,,0.019453275370986282,0.9610525183652935,0.3451516796470427,-0.14939053068799413,24,-0.005836458257931665,0.03906846191022143,0.029179913056479424,0.03906846191022143,chart_cl_1.csv,237,20250902_210613:237,sobol,6,27,41,111,16,16,2.9000000000000004,2.9000000000000004,1.2000000000000002,1.5,39,0.65
5,2108,887,309,299,2023-06-05 17:00:00,2023-06-30 13:00:00,-0.5625638315189975,0.13737479854943452,0.17579429396638155,-0.5771490225060054,13.743248335507957,50.0,3,0.21558388537613085,-9.146003348060356,,0.06429923856694156,1.0065925220777778,0.8362121010661493,-0.046360973481741986,24,-0.006371503716354791,0.13743248335507957,0.09644885785041234,0.13743248335507957,chart_cl_1.csv,297,20250902_210613:297,sobol,6,23,44,103,10,19,2.3,2.6,1.0,1.6,15,0.8
6,2108,1139,336,295,2023-06-28 23:00:00,2023-07-23 11:00:00,-0.5677288621676326,-0.14409685937391647,-0.19213270758643378,-0.9928238718218821,8.164501599120939,100.0,7,inf,2.3861695151107516,,0.03582959599439318,0.9921117796879516,0.6745824044649938,-0.07875511826849334,24,-0.006429962890420726,0.0816450159912094,0.05374439399158977,0.0816450159912094,chart_cl_1.csv,46,20250902_210613:46,sobol,7,19,59,112,19,18,2.3,1.8,1.1,0.8,23,0.85
6,2108,1205,300,301,2023-07-01 11:00:00,2023-07-26 11:00:00,-0.5783843814838747,-0.4837159421618926,-0.6046571269356616,-1.6331045729014542,4.956431778662415,50.0,5,2.0563180017713902,0.713107948358398,,0.027766658665718164,0.9710907243752945,0.4433988891545201,-0.13280742115851546,25,-0.006582509226722692,0.04956431778662415,0.04164998799857725,0.04956431778662415,chart_cl_1.csv,321,20250902_210613:321,sobol,14,22,31,88,15,17,2.9000000000000004,2.6,1.5,1.6,39,0.6
6,2108,1205,300,301,2023-07-01 11:00:00,2023-07-26 11:00:00,-0.5810325922130346,-0.13306325847323497,-0.18331233483534448,-1.3088257496128806,6.211665101632663,83.33333333333334,7,1.6925733553250442,0.25941208152998113,,0.02629744369243295,0.9938706849280913,0.7174693084590177,-0.10645497869098332,25,-0.006612626760298298,0.06211665101632663,0.03944616553864943,0.06211665101632663,chart_cl_1.csv,162,20250902_210613:162,sobol,12,19,34,98,14,20,2.4000000000000004,2.3,1.1,1.5,49,0.85
6,2108,985,420,281,2023-06-23 03:00:00,2023-07-16 11:00:00,-0.5915985455901591,-0.10853609609711046,-0.14956909994304057,-1.2326315558025553,7.166726183369542,25.0,9,1.4366984968653247,0.23935451224122828,,0.04231696218031997,0.995014294560052,0.7406750192765675,-0.0930333415930259,23,-0.006667444851211015,0.07166726183369543,0.06347544327047995,0.07166726183369543,chart_cl_1.csv,205,20250902_210613:205,sobol,7,22,52,140,12,20,2.5,2.1,1.3,1.3,8,0.65
5,2108,744,396,285,2023-06-01 01:00:00,2023-06-24 17:00:00,-0.5971459928297804,0.18421205284476616,0.23241893787128304,-0.4692364631492819,18.74060021978249,50.0,3,0.2541659727303619,-11.067278384294369,,0.09545068665544011,1.0098538717584284,0.84443881666836,-0.035910928073074354,23,-0.006729923465388504,0.18740600219782488,0.14317602998316017,0.18740600219782488,chart_cl_1.csv,185,20250902_210613:185,sobol,10,20,58,132,16,13,2.6,2.1,1.0,1.2000000000000002,41,0.7
6,2108,1205,300,301,2023-07-01 11:00:00,2023-07-26 11:00:00,-0.6135707885774025,-0.3106402436578397,-0.40765688899511093,-1.8140001484955872,4.722461613913477,85.71428571428571,8,4.302188879405243,1.1669290793790683,,0.0163450117742565,0.9825967161304561,0.5807980016019706,-0.1478606152843802,25,-0.006982660798901139,0.04722461613913478,0.024517517661384748,0.04722461613913478,chart_cl_1.csv,113,20250902_210613:113,sobol,6,23,57,89,17,12,2.1,2.3,1.3,1.5,48,0.8
3,2108,193,381,287,2023-04-14 21:00:00,2023-05-08 17:00:00,-0.6366596371624426,-0.834980412864896,-1.0497577415967343,-2.58895388495875,3.587296225396113,14.285714285714285,8,0.04595625695719135,-1.2308944645686164,,0.02039434968514648,0.9590352546450226,0.3722504691597119,-0.20000931538191566,23,-0.007174926621136068,0.03587296225396113,0.03059152452771972,0.03587296225396113,chart_cl_1.csv,90,20250902_210613:90,sobol,9,16,57,127,12,11,2.5,3.0,0.8,1.4000000000000001,16,0.8
6,2108,1205,300,301,2023-07-01 11:00:00,2023-07-26 11:00:00,-0.6426079625095042,-0.31889988869192915,-0.418339922436089,-1.8756585518762163,4.774056695015664,83.33333333333334,7,4.22985143945499,1.303802769283362,,0.016805785742758164,0.9825517729914253,0.5928483935706649,-0.15317906351299482,25,-0.007312855337004426,0.047740566950156646,0.025208678614137246,0.047740566950156646,chart_cl_1.csv,384,20250902_210613:384,sobol,14,25,58,77,10,16,2.5,2.8,1.1,1.5,49,0.75
5,2108,707,417,281,2023-05-30 17:00:00,2023-06-23 01:00:00,-0.6810965547443459,-0.02260822255098174,-0.028272972097817227,-0.6920298264477199,14.60185880611647,88.88888888888889,10,0.8432530190817257,-0.3890022188920237,,0.07961734535414622,0.9988763922827131,0.7787986867171174,-0.052564048016326304,23,-0.007675328074123231,0.1460185880611647,0.11942601803121933,0.1460185880611647,chart_cl_1.csv,301,20250902_210613:301,sobol,14,16,54,139,19,12,2.4000000000000004,1.8,1.6,1.0,38,0.7
4,2108,588,309,299,2023-05-11 19:00:00,2023-06-05 15:00:00,-0.704491167155183,-0.5944969541856062,-0.832133530279972,-2.4702254354250015,3.982734967801031,44.44444444444444,19,0.19678240562976504,-0.45248338869170807,,0.02155966255281977,0.9698393005857112,0.486331167585889,-0.2003049626666159,24,-0.007977615790364113,0.03982734967801031,0.032339493829229654,0.03982734967801031,chart_cl_1.csv,207,20250902_210613:207,sobol,13,16,31,103,15,11,2.4000000000000004,2.4000000000000004,0.9,0.8,34,0.85
3,2108,254,336,295,2023-04-16 05:00:00,2023-05-10 17:00:00,-0.7062842400675337,0.05984965026396878,0.08237934155124763,-0.7675010198116125,13.014852510520178,71.42857142857143,8,1.5087811717770034,1.2078398317556176,,0.05513881994311243,1.0026013788985513,0.836909578986237,-0.06145212593532611,24,-0.007997903555061811,0.13014852510520178,0.08270822991466864,0.13014852510520178,chart_cl_1.csv,43,20250902_210613:43,sobol,7,19,59,112,19,18,2.3,1.8,1.1,0.8,23,0.85
4,2108,603,300,301,2023-05-12 07:00:00,2023-06-06 07:00:00,-0.7195706046989047,-1.6617853901377178,-2.1401261876140527,-7.224361996870017,1.3807951853575902,0.0,15,0.0,-0.4979719883101108,,0.005379368519930532,0.8837874738963725,0.16163071145047703,-0.4093959124985797,25,-0.008187918249971594,0.013807951853575902,0.02,0.02,chart_cl_1.csv,29,20250902_210613:29,sobol,8,22,52,82,15,15,2.4000000000000004,1.9000000000000001,1.0,1.6,15,0.75
6,2108,1106,354,292,2023-06-27 17:00:00,2023-07-21 23:00:00,-0.7205808867233485,-0.17020026222646176,-0.23111203478052292,-1.6801551601157896,6.1185874749796545,80.0,11,4.07248835957557,0.916356614894751,,0.029368159720442696,0.9917610304654847,0.7200595770991101,-0.13335856124811774,24,-0.008159660225340403,0.061185874749796546,0.044052239580664045,0.061185874749796546,chart_cl_1.csv,368,20250902_210613:368,sobol,11,25,37,118,19,20,3.0,2.7,1.5,0.8,42,0.7
6,2108,1010,405,283,2023-06-23 23:00:00,2023-07-17 11:00:00,-0.7650961584819242,-0.7926360692311243,-1.143190923271304,-3.4275074649614727,3.269907527307228,66.66666666666666,13,5.081440241836824,0.7117822767680817,,0.01103130456870661,0.9645662515448387,0.48738102411818646,-0.2636498013163579,23,-0.008621104698974138,0.03269907527307228,0.02,0.03269907527307228,chart_cl_1.csv,136,20250902_210613:136,sobol,14,26,33,135,20,20,2.2,2.9000000000000004,1.6,1.4000000000000001,15,0.75
6,2108,1205,300,301,2023-07-01 11:00:00,2023-07-26 11:00:00,-0.7786206234071358,-0.3771249547969376,-0.4946488899555383,-1.960003481950949,5.485393173385672,75.0,5,3.7946738044980832,1.5664153403331986,,0.02086263882876553,0.9800468212068271,0.6136884716961744,-0.1615053533378733,25,-0.008859203626648111,0.05485393173385672,0.0312939582431483,0.05485393173385672,chart_cl_1.csv,345,20250902_210613:345,sobol,8,23,47,72,11,13,2.9000000000000004,2.5,1.6,1.0,50,0.8
5,2108,787,369,289,2023-06-02 09:00:00,2023-06-26 09:00:00,-0.7955418606191131,-0.06496681777862783,-0.08224004400304533,-0.8065845636034129,14.135189648942243,0.0,2,0.0,-20.724864947195826,,0.07778903802204631,0.9967833126769651,0.7759598004109606,-0.0637253748932246,24,-0.009007702595656723,0.14135189648942242,0.11668355703306947,0.14135189648942242,chart_cl_1.csv,259,20250902_210613:259,sobol,13,28,43,123,12,11,1.8,2.1,1.2000000000000002,1.5,35,0.65
5,2108,694,426,280,2023-05-30 09:00:00,2023-06-22 15:00:00,-0.8092337334548916,0.05421065904713907,0.06759896436460175,-0.668839217440644,17.845301996023252,71.42857142857143,8,0.39769246493163235,-2.5934389645747373,,0.09472403688046688,1.0027583479674962,0.8209878900397509,-0.05109462743994182,23,-0.009117990570400582,0.17845301996023252,0.14208605532070032,0.17845301996023252,chart_cl_1.csv,243,20250902_210613:243,sobol,11,24,36,142,11,10,2.6,1.8,1.4000000000000001,0.8,19,0.75
4,2108,570,321,297,2023-05-11 07:00:00,2023-06-04 23:00:00,-0.8490743998057791,-0.6622939489066569,-0.9531384665512443,-3.719769109486204,3.176707397400544,11.76470588235294,18,0.28650210612369775,-0.4902052983061729,,0.01907776171888571,0.9644398501323943,0.4936949740560828,-0.3026161881065862,24,-0.009613230833313469,0.03176707397400544,0.028616642578328563,0.03176707397400544,chart_cl_1.csv,374,20250902_210613:374,sobol,9,28,53,107,15,11,2.9000000000000004,2.0,1.4000000000000001,0.8,9,0.7
3,2108,214,366,290,2023-04-15 09:00:00,2023-05-09 11:00:00,-0.8605220668586895,-1.9659445021857365,-2.484075281472367,-7.60109501109209,1.6099083012350117,0.0,3,0.0,-1.72151567934982,,0.0026026856132803132,0.6809666367104265,0.0882798988581557,-0.4871355057348862,24,-0.009742710114697723,0.016099083012350118,0.02,0.02,chart_cl_1.csv,175,20250902_210613:175,sobol,14,17,52,122,10,18,2.8,2.7,1.3,1.0,18,0.75
4,2108,603,300,301,2023-05-12 07:00:00,2023-06-06 07:00:00,-0.8824751823677648,-0.7220529501540169,-0.9531082388861586,-2.828819267619261,4.277804280891787,7.142857142857142,15,0.22489140618340722,-0.5783667153367644,,0.01932089390740049,0.9540872345249978,0.4487733921085049,-0.23469039242700765,25,-0.010039595654084266,0.042778042808917865,0.028981340861100734,0.042778042808917865,chart_cl_1.csv,370,20250902_210613:370,sobol,9,18,60,84,11,10,1.9000000000000001,1.8,1.2000000000000002,1.4000000000000001,22,0.85
5,2108,677,435,278,2023-05-29 17:00:00,2023-06-21 19:00:00,-0.8837344469948334,-0.09557710608765693,-0.11897778980874134,-1.0917123564413833,11.955115870639851,66.66666666666666,7,0.22783196899499136,-2.4902589370169865,,0.05740764652404548,0.9949433607130261,0.7648941065779314,-0.08328301910776413,23,-0.00995658143490033,0.11955115870639851,0.08611146978606822,0.11955115870639851,chart_cl_1.csv,157,20250902_210613:157,sobol,9,26,48,145,17,10,2.3,2.8,1.4000000000000001,1.1,26,0.7
4,2108,603,300,301,2023-05-12 07:00:00,2023-06-06 07:00:00,-0.8867601201233952,-0.8506631547491482,-1.1278176646695248,-4.566356969141827,2.6621689773328967,46.15384615384615,14,0.07878016345157617,-0.5565533387211067,,0.008194853718370792,0.9425578463524221,0.3940587780885437,-0.37895006393028935,25,-0.010088291041535342,0.026621689773328967,0.02,0.026621689773328967,chart_cl_1.csv,196,20250902_210613:196,sobol,14,24,44,90,17,12,2.7,1.8,1.4000000000000001,1.6,16,0.8
5,2108,867,321,297,2023-06-05 01:00:00,2023-06-29 17:00:00,-0.8918742653586151,0.04947784846087797,0.06317255076621132,-0.837608053337366,14.775796950372023,50.0,3,0.08133904124476515,-12.30152873984851,,0.07181049660474169,1.0023700252101806,0.8328721626242432,-0.06833677067916556,24,-0.010097302477994867,0.14775796950372022,0.10771574490711253,0.14775796950372022,chart_cl_1.csv,100,20250902_210613:100,sobol,12,21,53,107,11,20,3.0,1.9000000000000001,1.4000000000000001,1.5,38,0.65
6,2108,955,435,278,2023-06-21 21:00:00,2023-07-14 23:00:00,-0.8940251775927976,-1.904064172266278,-2.4523718223332778,-6.743730670018098,1.95643477993605,0.0,10,0.0,-0.9280609133672354,,0.01233218191281586,0.8746552524973297,0.1884496210854149,-0.50362021226989,23,-0.0100724042453978,0.0195643477993605,0.02,0.02,chart_cl_1.csv,317,20250902_210613:317,sobol,10,19,57,145,12,19,2.4000000000000004,2.9000000000000004,1.4000000000000001,1.3,45,0.7
4,2108,603,300,301,2023-05-12 07:00:00,2023-06-06 07:00:00,-0.9074432618093358,-1.2008933286074228,-1.5635617116458,-6.085520159342205,2.0413679537040026,0.0,13,0.0,-0.6947045659888412,,0.0069809551254517285,0.9158897906465998,0.2962545695687315,-0.5057066567527222,25,-0.01032333363069797,0.020413679537040028,0.02,0.020413679537040028,chart_cl_1.csv,312,20250902_210613:312,sobol,10,26,40,98,20,12,2.5,2.2,0.8,1.0,19,0.85
6,2108,1164,321,297,2023-06-29 19:00:00,2023-07-24 11:00:00,-0.9163609763219369,-0.3830411293996137,-0.510075735232043,-2.231492965811515,5.689041677461835,50.0,11,0.9221933398413806,-0.050037131604562246,,0.033504905612311044,0.9804606694329161,0.6491081464157499,-0.18235458191307838,24,-0.01037422816579631,0.05689041677461835,0.05025735841846657,0.05689041677461835,chart_cl_1.csv,101,20250902_210613:101,sobol,12,21,53,107,11,20,3.0,1.9000000000000001,1.4000000000000001,1.5,38,0.65
6,2108,1205,300,301,2023-07-01 11:00:00,2023-07-26 11:00:00,-0.9215455105426031,-0.2505398545319297,-0.34397457174921797,-1.752086599468527,7.193692918584631,66.66666666666666,7,1.2760064143420178,0.2207851829480154,,0.03252139233947624,0.9885893460096824,0.733675818121281,-0.14573299776848936,25,-0.010483584340512917,0.07193692918584631,0.048782088509214366,0.07193692918584631,chart_cl_1.csv,151,20250902_210613:151,sobol,12,24,45,84,15,19,1.8,2.0,0.8,1.0,46,0.85
6,2108,1205,300,301,2023-07-01 11:00:00,2023-07-26 11:00:00,-0.9239148152784026,-0.315478846756742,-0.42551582241670344,-1.794297521576372,7.041407350636623,83.33333333333334,7,3.310632493864324,1.2329306483644613,,0.030906881182049675,0.9854275703574329,0.7041177049415056,-0.14926713989016477,25,-0.010510507360311113,0.07041407350636623,0.04636032177307451,0.07041407350636623,chart_cl_1.csv,77,20250902_210613:77,sobol,6,21,37,92,12,11,2.8,2.0,1.6,1.0,50,0.75
6,2108,1205,300,301,2023-07-01 11:00:00,2023-07-26 11:00:00,-1.041026418329352,-0.6137446293766657,-0.7806495513450211,-2.1947755180833965,6.435796061800961,50.0,5,2.0791380226454383,0.6331525376287965,,0.030385912339667965,0.9673237233197073,0.5777036489472313,-0.18398784246898053,25,-0.011841082319811205,0.06435796061800961,0.04557886850950195,0.06435796061800961,chart_cl_1.csv,190,20250902_210613:190,sobol,10,27,35,80,12,18,2.8,3.0,1.1,0.9,41,0.6
5,2108,684,432,279,2023-05-30 01:00:00,2023-06-22 05:00:00,-1.0742414676272916,-0.14785899750603007,-0.18488978430328684,-1.033868211767818,15.085203474658112,85.71428571428571,8,0.5258540138667414,-1.6032478191259942,,0.08206342746952229,0.992678710500249,0.7800768464136115,-0.08021311136886851,23,-0.012100311063347934,0.15085203474658113,0.12309514120428344,0.15085203474658113,chart_cl_1.csv,123,20250902_210613:123,sobol,9,20,31,144,20,14,2.8,2.0,1.6,1.4000000000000001,30,0.8
3,2108,302,300,301,2023-04-17 05:00:00,2023-05-12 05:00:00,-1.1006501612039727,-0.6255374336237823,-0.8478656134024259,-1.9072637663204006,7.799111363070356,100.0,8,inf,5.758411134989831,,0.019230685805837925,0.9708322355846348,0.6169162995778721,-0.16051004250692202,25,-0.012518356964026414,0.07799111363070356,0.02884602870875689,0.07799111363070356,chart_cl_1.csv,32,20250902_210613:32,sobol,9,23,33,95,16,17,3.0,2.1,0.9,1.1,18,0.8
4,2108,459,396,285,2023-05-08 07:00:00,2023-05-31 23:00:00,-1.1046142737344666,-0.7771419581720147,-1.0502893558196005,-3.460529898237296,4.534880290725927,100.0,4,inf,2.6562735532289037,,0.016195821684377967,0.9561154912734013,0.5366412942929673,-0.27436232967940166,23,-0.012442003213807677,0.04534880290725927,0.024293732526566948,0.04534880290725927,chart_cl_1.csv,335,20250902_210613:335,sobol,11,27,48,132,10,15,2.7,2.3,1.0,1.1,27,0.65
5,2108,804,360,291,2023-06-03 01:00:00,2023-06-27 05:00:00,-1.138463084323729,-0.17863207987860985,-0.22640656969619707,-1.1199450811737293,14.135189648942243,0.0,2,0.0,-20.724864947195826,,0.07782529417073591,0.991363499911782,0.776876345508915,-0.09115760476578878,24,-0.012885300313077457,0.14135189648942242,0.11673794125610387,0.14135189648942242,chart_cl_1.csv,104,20250902_210613:104,sobol,13,25,35,120,13,15,2.2,2.2,1.4000000000000001,1.2000000000000002,45,0.6
5,2108,807,357,291,2023-06-03 01:00:00,2023-06-27 05:00:00,-1.138463084323729,-0.17863207987860985,-0.22640656969619707,-1.1199450811737293,14.135189648942243,0.0,2,0.0,-20.724864947195826,,0.07782529417073591,0.991363499911782,0.776876345508915,-0.09115760476578878,24,-0.012885300313077457,0.14135189648942242,0.11673794125610387,0.14135189648942242,chart_cl_1.csv,65,20250902_210613:65,sobol,10,24,50,119,10,15,2.2,2.3,1.2000000000000002,0.9,33,0.85
6,2108,1065,375,288,2023-06-26 01:00:00,2023-07-19 23:00:00,-1.1816200903456546,-0.6303638799551214,-0.8687439973028087,-3.9635832357398404,4.172405555280776,25.0,5,0.2719153020211472,-0.5678010537180974,,0.016953524582221914,0.9661699017875168,0.6173272571684756,-0.31895768410605857,23,-0.013308208130636096,0.04172405555280776,0.02543028687333287,0.04172405555280776,chart_cl_1.csv,50,20250902_210613:50,sobol,6,28,46,125,19,16,2.6,2.4000000000000004,1.5,1.6,48,0.85
6,2108,1205,300,301,2023-07-01 11:00:00,2023-07-26 11:00:00,-1.1922139106199607,-0.7798441275969993,-0.9905193431146825,-2.624676953600463,6.1015568289177695,60.0,6,1.5838027685156433,0.46635955711032717,,0.028371996172491618,0.958207558061692,0.551514810358592,-0.22220968900763766,25,-0.013558250454162453,0.061015568289177695,0.04255799425873743,0.061015568289177695,chart_cl_1.csv,42,20250902_210613:42,sobol,13,26,39,85,10,11,2.5,2.7,1.6,1.4000000000000001,40,0.7
3,2108,185,387,286,2023-04-14 17:00:00,2023-05-08 11:00:00,-1.1923053693004448,-1.6241907570124423,-2.0287605162189895,-5.64100143635217,2.9748353851523217,0.0,7,0.0,-1.3288777290395026,,0.014864900154185273,0.9252376630206643,0.3686838920047676,-0.45139943801195254,23,-0.013428390210358285,0.029748353851523218,0.022297350231277907,0.029748353851523218,chart_cl_1.csv,307,20250902_210613:307,sobol,10,19,48,129,13,18,3.0,2.9000000000000004,0.9,1.3,20,0.75
4,2108,603,300,301,2023-05-12 07:00:00,2023-06-06 07:00:00,-1.202469922505584,-1.5895812018686097,-2.0547906809010854,-7.907138338172561,2.0413679537040026,0.0,9,0.0,-1.118884036708,,0.007078142570454796,0.8948457383678393,0.29620532145967476,-0.6698799155416852,25,-0.013674713924167402,0.020413679537040028,0.02,0.020413679537040028,chart_cl_1.csv,33,20250902_210613:33,sobol,9,23,33,95,16,17,3.0,2.1,0.9,1.1,18,0.8
5,2108,904,300,301,2023-06-06 09:00:00,2023-07-01 09:00:00,-1.2322619003849524,-2.518781688006869,-3.221109715463384,-8.112215583688403,2.0350290881107354,0.0,3,0.0,-1.3371214597061103,,0.004823527802423655,0.7284938319037726,0.14159638384973278,-0.6885898631478415,25,-0.014013004012840481,0.020350290881107354,0.02,0.020350290881107354,chart_cl_1.csv,169,20250902_210613:169,sobol,7,16,44,88,19,15,3.0,2.4000000000000004,1.4000000000000001,0.8,9,0.65
5,2108,904,300,301,2023-06-06 09:00:00,2023-07-01 09:00:00,-1.2595035926660785,-0.4685656831317904,-0.6170832210639767,-3.0475303237382527,5.52679143046728,50.0,7,0.6306803152798854,-1.3401664328417606,,0.028504270172294826,0.9742315748499121,0.6535049447685369,-0.2591433750134043,25,-0.014322313842864514,0.055267914304672795,0.04275640525844224,0.055267914304672795,chart_cl_1.csv,332,20250902_210613:332,sobol,13,18,45,75,12,20,2.0,2.0,1.0,0.8,11,0.65
5,2108,904,300,301,2023-06-06 09:00:00,2023-07-01 09:00:00,-1.2773153143216718,-0.33966909238419574,-0.4041118418941105,-1.6501458265334072,10.339134264437243,57.14285714285714,8,0.5447153625854597,-2.1842297238682744,,0.05457393446310515,0.9811324268273692,0.6982596297130312,-0.14048122037330749,25,-0.014524541990716228,0.10339134264437243,0.08186090169465772,0.10339134264437243,chart_cl_1.csv,320,20250902_210613:320,sobol,14,22,31,88,15,17,2.9000000000000004,2.6,1.5,1.6,39,0.6
3,2108,262,330,296,2023-04-16 09:00:00,2023-05-10 23:00:00,-1.280266265472011,-0.1591204405550017,-0.2202915293371576,-1.6218368682000113,10.703484230733554,88.88888888888889,10,3.1011161685894515,2.709371728235614,,0.04300699623889406,0.9932832995713096,0.8194358217442174,-0.1353562037080371,24,-0.01448782991920934,0.10703484230733555,0.0645104943583411,0.10703484230733555,chart_cl_1.csv,253,20250902_210613:253,sobol,11,18,46,110,14,14,2.5,1.8,1.6,1.4000000000000001,40,0.6
4,2108,603,300,301,2023-05-12 07:00:00,2023-06-06 07:00:00,-1.3200791252614579,-3.211126361966479,-3.5493463256115656,-12.043098744463911,1.4599511128737024,0.0,7,0.0,-1.1252032927513396,,0.002313679656338764,0.6031262132653118,0.07526352287485656,-0.7505015790398958,25,-0.015010031580797915,0.014599511128737024,0.02,0.02,chart_cl_1.csv,362,20250902_210613:362,sobol,14,21,50,94,16,16,2.3,3.0,1.4000000000000001,1.2000000000000002,36,0.65
5,2108,824,348,293,2023-06-03 17:00:00,2023-06-28 01:00:00,-1.3262078774686559,-0.7589561991704719,-0.9249763224786418,-2.1428079422640605,8.44332114438422,0.0,3,0.0,-11.279773916289674,,0.04953075783354286,0.9628370476222808,0.59688048233982,-0.1777369906568414,24,-0.015006904913521295,0.0844332114438422,0.0742961367503143,0.0844332114438422,chart_cl_1.csv,26,20250902_210613:26,sobol,12,28,30,116,18,14,2.6,2.6,1.6,1.0,38,0.65
6,2108,1186,309,299,2023-06-30 15:00:00,2023-07-25 11:00:00,-1.3412952462522638,-1.3786306205980634,-1.6709819528126317,-4.006554837720244,4.47959110440131,100.0,6,inf,1.9680372248868276,,0.01556493762595029,0.9180342687179595,0.3884084553032009,-0.33881124708261656,24,-0.015177358485024033,0.0447959110440131,0.023347406438925435,0.0447959110440131,chart_cl_1.csv,298,20250902_210613:298,sobol,6,23,44,103,10,19,2.3,2.6,1.0,1.6,15,0.8
4,2108,603,300,301,2023-05-12 07:00:00,2023-06-06 07:00:00,-1.3426041835718117,-1.183302041802415,-1.5533894773983652,-4.545900451944623,3.927861923903532,20.0,11,0.23832657816645683,-0.9173843824791541,,0.01748627921742639,0.9274562423393345,0.42805714789715676,-0.3886525098801294,25,-0.015265733951877015,0.03927861923903532,0.026229418826139585,0.03927861923903532,chart_cl_1.csv,52,20250902_210613:52,sobol,14,21,37,78,11,14,2.1,2.0,1.2000000000000002,1.1,25,0.65
4,2108,603,300,301,2023-05-12 07:00:00,2023-06-06 07:00:00,-1.357797001811233,-1.792174979668446,-2.4157678995269576,-4.614593113582206,3.909239996106975,7.142857142857142,15,0.005937101712311467,-0.9311292471107832,,0.024135296075946357,0.8979050712639348,0.32183934067101333,-0.3949154687548046,25,-0.015438193455376165,0.03909239996106975,0.036202944113919534,0.03909239996106975,chart_cl_1.csv,107,20250902_210613:107,sobol,7,18,48,76,16,14,2.4000000000000004,2.9000000000000004,0.9,0.9,19,0.75
4,2108,585,312,299,2023-05-11 19:00:00,2023-06-05 15:00:00,-1.3589461753562893,-1.262801685680904,-1.655168244239483,-4.950473401283644,3.6688427087701,12.5,25,0.014449140609292348,-0.5602228104939448,,0.01635645405546834,0.9291316696713154,0.4271392949977599,-0.41911763677359926,24,-0.015376766857937749,0.036688427087701,0.02453468108320251,0.036688427087701,chart_cl_1.csv,10,20250902_210613:10,sobol,14,23,49,104,18,13,2.8,2.2,0.8,1.5,28,0.7
4,2108,603,300,301,2023-05-12 07:00:00,2023-06-06 07:00:00,-1.401886302390753,-1.9744379196881063,-2.532209598968039,-4.8925313696311905,3.7957872729351556,7.6923076923076925,14,0.1271134361554966,-0.9985882622012003,,0.02047496438895311,0.8634252065567348,0.2621174032532454,-0.4199031863188132,25,-0.015938631704938703,0.037957872729351555,0.030712446583429667,0.037957872729351555,chart_cl_1.csv,172,20250902_210613:172,sobol,6,24,30,76,19,11,2.0,1.8,0.9,1.6,35,0.6
6,2108,1120,345,293,2023-06-28 03:00:00,2023-07-22 11:00:00,-1.4165246481202303,-0.45867433717620726,-0.6305412521396174,-3.3818108755340455,5.679208659586768,70.0,11,0.6766047868978053,-0.25152593675791735,,0.032988219636333006,0.9783079775705711,0.7228468755401565,-0.2822081926958532,24,-0.016027192117646208,0.05679208659586768,0.04948232945449951,0.05679208659586768,chart_cl_1.csv,325,20250902_210613:325,sobol,6,16,51,115,17,14,1.8,1.9000000000000001,1.1,1.1,13,0.8
5,2108,714,414,282,2023-05-31 01:00:00,2023-06-23 11:00:00,-1.440179848649103,-0.35581688280749285,-0.4388288951701726,-1.622171155331745,12.436073129236808,0.0,2,0.0,-16.688121345274283,,0.06324264362446967,0.9807820918628519,0.734257231402321,-0.1303910447111513,23,-0.016215525674254636,0.12436073129236808,0.0948639654367045,0.12436073129236808,chart_cl_1.csv,15,20250902_210613:15,sobol,6,17,34,138,10,18,2.0,2.9000000000000004,1.4000000000000001,1.2000000000000002,45,0.8
5,2108,904,300,301,2023-06-06 09:00:00,2023-07-01 09:00:00,-1.4782062189767429,-0.1586115585996559,-0.1974549771568358,-1.4857191079293526,13.113781897607662,50.0,5,0.4396809322039856,-4.840497601671228,,0.06126177093318637,0.9921458510268031,0.8038559708369928,-0.12814593068133526,25,-0.016804777860209806,0.13113781897607663,0.09189265639977956,0.13113781897607663,chart_cl_1.csv,161,20250902_210613:161,sobol,12,19,34,98,14,20,2.4000000000000004,2.3,1.1,1.5,49,0.85
3,2108,302,300,301,2023-04-17 05:00:00,2023-05-12 05:00:00,-1.515112492886945,-0.46720648803125486,-0.6524533017959596,-2.017918327193792,9.872143554250805,100.0,9,inf,6.787953790512884,,0.026154969261272146,0.9790278614571997,0.740166517520394,-0.174466314045739,25,-0.01722356497640539,0.09872143554250805,0.03923245389190822,0.09872143554250805,chart_cl_1.csv,28,20250902_210613:28,sobol,8,22,52,82,15,15,2.4000000000000004,1.9000000000000001,1.0,1.6,15,0.75
4,2108,603,300,301,2023-05-12 07:00:00,2023-06-06 07:00:00,-1.5306132168510385,-1.0844220716647204,-1.5170764386072344,-3.3559686418942682,5.990636270166201,13.333333333333334,16,0.06024045846769323,-0.9833092274340736,,0.03704286694019504,0.9366307359572794,0.500737606209276,-0.29044402809586184,25,-0.01739944529164241,0.05990636270166201,0.05556430041029256,0.05990636270166201,chart_cl_1.csv,119,20250902_210613:119,sobol,11,27,51,99,11,17,2.0,2.5,1.0,0.8,11,0.7
6,2108,1076,369,289,2023-06-26 11:00:00,2023-07-20 11:00:00,-1.5818743858624886,-1.156348597253844,-1.5237621233822394,-4.311078088244389,4.979669615929105,60.0,6,0.1677081541036188,-0.5627992380116174,,0.018167446909151876,0.9370193523098022,0.5325757537837503,-0.359352060122584,24,-0.017894545352139607,0.049796696159291054,0.027251170363727813,0.049796696159291054,chart_cl_1.csv,233,20250902_210613:233,sobol,7,21,32,123,17,19,1.8,2.3,1.6,1.0,11,0.7
5,2108,904,300,301,2023-06-06 09:00:00,2023-07-01 09:00:00,-1.5850267484122185,-0.40689549318114504,-0.4993662436997502,-2.0264348427258163,10.236910913753372,50.0,5,0.2665112159911515,-4.698482468309741,,0.04807817907054909,0.9795270500848647,0.7353114615858615,-0.17599840893219013,25,-0.01801680033201166,0.10236910913753372,0.07211726860582364,0.10236910913753372,chart_cl_1.csv,275,20250902_210613:275,sobol,12,23,59,97,13,12,2.2,2.4000000000000004,1.2000000000000002,1.1,26,0.6
6,2108,1084,366,290,2023-06-26 21:00:00,2023-07-20 23:00:00,-1.5853486174512654,-1.7737060349541223,-2.431083859388673,-6.079693726673479,3.52717937153708,100.0,6,inf,0.8394428336840039,,0.013563397731035057,0.9112129587707392,0.4287302810265281,-0.5084451731029414,24,-0.017933773261262945,0.0352717937153708,0.020345096596552585,0.0352717937153708,chart_cl_1.csv,329,20250902_210613:329,sobol,7,24,53,122,15,10,2.8,2.5,1.5,1.4000000000000001,31,0.75
5,2108,844,336,295,2023-06-04 09:00:00,2023-06-28 21:00:00,-1.6131246054569175,-0.3268675741762123,-0.41519894974944194,-1.5176337460974159,14.135189648942243,50.0,3,0.08414767296168271,-9.490457894722075,,0.07786057719200344,0.9848759988236883,0.7808269002602611,-0.1290918884132137,24,-0.018247383248608653,0.14135189648942242,0.11679086578800515,0.14135189648942242,chart_cl_1.csv,45,20250902_210613:45,sobol,7,19,59,112,19,18,2.3,1.8,1.1,0.8,23,0.85
3,2108,230,354,292,2023-04-15 17:00:00,2023-05-09 23:00:00,-1.6550516555493944,-4.428903501569812,-5.294377485141126,-10.898522648475925,2.03201988885628,0.0,4,0.0,-3.2960963528476888,,0.0049147089983336,0.5585299456584721,0.08521490675256918,-0.921286724888449,24,-0.018720729483125923,0.0203201988885628,0.02,0.0203201988885628,chart_cl_1.csv,365,20250902_210613:365,sobol,11,25,37,118,19,20,3.0,2.7,1.5,0.8,42,0.7
4,2108,603,300,301,2023-05-12 07:00:00,2023-06-06 07:00:00,-1.6632140390586339,-3.19570624148851,-3.900423950995369,-12.894437837270145,1.6794655142809916,0.0,10,0.0,-1.2473889308353234,,0.006029169225560059,0.8079832229243161,0.18746906570332933,-0.9451869660335765,25,-0.01890373932067153,0.016794655142809915,0.02,0.02,chart_cl_1.csv,215,20250902_210613:215,sobol,8,19,41,73,10,16,1.8,2.4000000000000004,1.5,1.5,24,0.6
4,2108,603,300,301,2023-05-12 07:00:00,2023-06-06 07:00:00,-1.6665772940883814,-2.664169659795239,-3.415249395291757,-7.550881409946102,2.8731407540867506,0.0,13,0.0,-1.2951067370621374,,0.008870389044367271,0.7692543874976993,0.19820418365296028,-0.6592746105727534,25,-0.018941887517712495,0.028731407540867508,0.02,0.028731407540867508,chart_cl_1.csv,246,20250902_210613:246,sobol,9,17,46,97,19,19,2.1,2.6,0.8,1.4000000000000001,44,0.65
6,2108,974,426,280,2023-06-22 17:00:00,2023-07-15 23:00:00,-1.6737992771068604,-1.427174102935043,-1.918742248970452,-4.554417758588225,5.095312609850406,9.090909090909092,12,0.008274337539085182,-1.3441580385834109,,0.024185049614121303,0.9306681372181671,0.5185843268704411,-0.3697700113983771,23,-0.01884093801822679,0.050953126098504053,0.03627757442118196,0.050953126098504053,chart_cl_1.csv,38,20250902_210613:38,sobol,11,16,49,142,13,12,1.9000000000000001,3.0,1.2000000000000002,1.5,36,0.6
6,2108,1205,300,301,2023-07-01 11:00:00,2023-07-26 11:00:00,-1.7110214502922032,-2.7103952255167045,-3.2378353244881612,-6.76884189006954,3.2809418446001057,0.0,4,0.0,-2.5488969800813766,,0.018331092728915813,0.8223711109805708,0.22100529641295022,-0.5926948136099497,25,-0.019445972150503442,0.032809418446001055,0.027496639093373722,0.032809418446001055,chart_cl_1.csv,70,20250902_210613:70,sobol,10,18,32,82,18,16,2.7,2.8,0.9,1.3,8,0.7
4,2108,603,300,301,2023-05-12 07:00:00,2023-06-06 07:00:00,-1.7147400826324495,-1.95521154119615,-2.549780901787934,-5.990138550416178,3.714604038338807,0.0,15,0.0,-1.1808261319143167,,0.018092611649166857,0.8769869288030716,0.3444919377794989,-0.5246358994740772,25,-0.019488146308439196,0.03714604038338807,0.027138917473750288,0.03714604038338807,chart_cl_1.csv,274,20250902_210613:274,sobol,12,23,59,97,13,12,2.2,2.4000000000000004,1.2000000000000002,1.1,26,0.6
4,2108,603,300,301,2023-05-12 07:00:00,2023-06-06 07:00:00,-1.758304418690777,-1.3991373038204795,-1.8606403438317527,-4.25506831209049,5.346790733611861,16.666666666666664,13,0.3162349653979574,-0.9713065371296553,,0.027189311748279866,0.9167664258528421,0.46024540386167245,-0.37372314133466544,25,-0.019982194290245052,0.053467907336118614,0.0407839676224198,0.053467907336118614,chart_cl_1.csv,87,20250902_210613:87,sobol,12,22,42,71,20,18,2.3,2.1,1.3,1.2000000000000002,36,0.7
6,2108,1205,300,301,2023-07-01 11:00:00,2023-07-26 11:00:00,-1.7642774220006003,-0.5784600980530951,-0.762650413130776,-2.295734073265862,9.939859978795438,50.0,11,1.587715472608363,0.6300946078092851,,0.048520665525641625,0.9743264653531729,0.7351475203807469,-0.2017123780049767,25,-0.02004992793359325,0.09939859978795437,0.07278099828846243,0.09939859978795437,chart_cl_1.csv,174,20250902_210613:174,sobol,6,24,30,76,19,11,2.0,1.8,0.9,1.6,35,0.6
6,2108,1205,300,301,2023-07-01 11:00:00,2023-07-26 11:00:00,-1.7674814895859412,-1.7795684568965904,-2.2801364302831058,-5.005155140180474,4.56647146699591,25.0,5,0.025026006247435017,-1.0574313771963546,,0.020983913449366766,0.9061956333673337,0.4298723900223107,-0.4398639448839544,25,-0.020086261536728395,0.045664714669959104,0.03147587017405015,0.045664714669959104,chart_cl_1.csv,109,20250902_210613:109,sobol,7,18,48,76,16,14,2.4000000000000004,2.9000000000000004,0.9,0.9,19,0.75
3,2108,257,333,295,2023-04-16 05:00:00,2023-05-10 17:00:00,-1.7973392183766743,-3.056214494579368,-4.673025013620448,-7.372126669306975,3.2022731415603136,25.0,5,0.13806247832250665,-0.2562910929694161,,0.006299797519219969,0.6861144943033902,0.16301144087071034,-0.6347607215089864,24,-0.020326772098056733,0.032022731415603134,0.02,0.032022731415603134,chart_cl_1.csv,269,20250902_210613:269,sobol,12,20,32,111,10,13,2.7,2.8,0.8,0.9,10,0.7
5,2108,904,300,301,2023-06-06 09:00:00,2023-07-01 09:00:00,-1.8108412839905441,-0.23339518241605317,-0.2930965866015082,-1.7843432130672114,13.086001156755561,50.0,5,0.43610907207604377,-5.1356087403691095,,0.06108652735383044,0.988489276890888,0.8057280473845035,-0.15725144935929888,25,-0.02057792648217274,0.1308600115675556,0.09162979103074566,0.1308600115675556,chart_cl_1.csv,150,20250902_210613:150,sobol,12,24,45,84,15,19,1.8,2.0,0.8,1.0,46,0.85
3,2108,217,363,290,2023-04-15 09:00:00,2023-05-09 11:00:00,-1.9272163679678216,-0.6615987294216765,-0.8406146216000066,-2.333841022817333,10.9117132656152,42.857142857142854,8,0.2542483121744707,-2.1806456214446697,,0.06161145403654139,0.968760626593616,0.7212777240818937,-0.19971440598536014,24,-0.02179226333124914,0.109117132656152,0.09241718105481209,0.109117132656152,chart_cl_1.csv,385,20250902_210613:385,sobol,7,19,40,121,18,13,2.4000000000000004,2.4000000000000004,1.5,1.1,26,0.6
6,2108,1029,396,285,2023-06-24 19:00:00,2023-07-18 11:00:00,-1.9458943730926423,-1.0859707875401161,-1.4550550107836526,-5.400455982460036,4.826681398981286,0.0,10,0.0,-1.5668861889728656,,0.018846031746958737,0.939760058613636,0.5988188541868342,-0.453665352867051,23,-0.021896981200456765,0.04826681398981286,0.028269047620438106,0.04826681398981286,chart_cl_1.csv,186,20250902_210613:186,sobol,10,20,58,132,16,13,2.6,2.1,1.0,1.2000000000000002,41,0.7
4,2108,522,354,292,2023-05-10 01:00:00,2023-06-03 07:00:00,-2.017487167363751,-0.5537111930820767,-0.7987868463691624,-3.3073467452013317,7.9642477704302,16.666666666666664,7,0.12819743716430043,-2.607616908163526,,0.03164973896131401,0.97257432662824,0.7429041499648327,-0.28641229104575366,24,-0.02281058450384949,0.079642477704302,0.04747460844197102,0.079642477704302,chart_cl_1.csv,366,20250902_210613:366,sobol,11,25,37,118,19,20,3.0,2.7,1.5,0.8,42,0.7
4,2108,552,333,295,2023-05-10 19:00:00,2023-06-04 07:00:00,-2.0523546697311583,-2.6371162722897377,-3.327406543039011,-6.872782456520492,3.8558763854294744,0.0,24,0.0,-0.8918277725512942,,0.021170289395114294,0.8049029423745663,0.257615998947226,-0.6017790805940727,24,-0.023203857461081452,0.03855876385429474,0.03175543409267144,0.03855876385429474,chart_cl_1.csv,270,20250902_210613:270,sobol,12,20,32,111,10,13,2.7,2.8,0.8,0.9,10,0.7
6,2108,1095,360,291,2023-06-27 07:00:00,2023-07-21 11:00:00,-2.062369341904355,-0.7401541810637574,-1.0195769267260977,-3.8667013270064587,6.962927232704994,37.5,9,1.8544312210265852,1.0438601489347077,,0.032267310719375164,0.968012022210397,0.7354476482994371,-0.33487076433453977,24,-0.02331680764421703,0.06962927232704993,0.048400966079062746,0.06962927232704993,chart_cl_1.csv,105,20250902_210613:105,sobol,13,25,35,120,13,15,2.2,2.2,1.4000000000000001,1.2000000000000002,45,0.6
6,2108,1076,369,289,2023-06-26 11:00:00,2023-07-20 11:00:00,-2.0758767316651756,-0.74222543548483,-1.0284111587649674,-3.906847707252375,6.970909562072092,37.5,9,1.102627385517877,0.1700148801617698,,0.032965438903805565,0.9673144607307945,0.7337750478176306,-0.33667265216718995,24,-0.02346914610280436,0.06970909562072092,0.049448158355708344,0.06970909562072092,chart_cl_1.csv,260,20250902_210613:260,sobol,13,28,43,123,12,11,1.8,2.1,1.2000000000000002,1.5,35,0.65
6,2108,1205,300,301,2023-07-01 11:00:00,2023-07-26 11:00:00,-2.1216111109222595,-0.9475615909411307,-1.2549472209452264,-3.373656492058698,7.945496113930281,42.857142857142854,8,0.7177785080334668,-0.5026290434063825,,0.0381873947759461,0.9565135694343974,0.6768967350064453,-0.3033199655169033,25,-0.024100276072920222,0.07945496113930281,0.05728109216391915,0.07945496113930281,chart_cl_1.csv,306,20250902_210613:306,sobol,10,26,34,72,16,13,1.9000000000000001,2.2,1.3,0.9,43,0.6
4,2108,594,306,300,2023-05-12 01:00:00,2023-06-05 23:00:00,-2.139605249588225,-2.559590945576109,-3.3765862377275773,-6.183778591684452,4.378792078034788,0.0,15,0.0,-1.4868124443710482,,0.024115712936699344,0.8359724488600788,0.310342348989234,-0.5523856866450697,24,-0.024187820687012383,0.043787920780347885,0.03617356940504902,0.043787920780347885,chart_cl_1.csv,351,20250902_210613:351,sobol,13,27,56,102,17,18,2.6,2.3,0.9,1.3,8,0.6
4,2108,603,300,301,2023-05-12 07:00:00,2023-06-06 07:00:00,-2.15521328266025,-1.7557522523008882,-2.2419872143257074,-6.562216774939737,4.140396092574283,11.11111111111111,10,0.162347264318978,-1.3468466864796858,,0.019242966426834995,0.8979132128106905,0.45007852379463426,-0.5912712442365154,25,-0.024480971492884033,0.04140396092574283,0.02886444964025249,0.04140396092574283,chart_cl_1.csv,292,20250902_210613:292,sobol,7,17,30,91,11,15,2.6,1.9000000000000001,1.4000000000000001,0.8,30,0.85
4,2108,603,300,301,2023-05-12 07:00:00,2023-06-06 07:00:00,-2.3057121137249275,-3.0364228648140195,-3.8645905393978777,-8.154963538974938,3.5295546362177936,0.0,11,0.0,-2.0191940955426255,,0.019658921785605358,0.8282603506692103,0.2961985474621409,-0.7418970424281952,25,-0.02618566145698706,0.03529554636217794,0.02948838267840804,0.03529554636217794,chart_cl_1.csv,68,20250902_210613:68,sobol,10,18,32,82,18,16,2.7,2.8,0.9,1.3,8,0.7
3,2108,246,342,294,2023-04-16 01:00:00,2023-05-10 11:00:00,-2.3207526975991994,-0.5578618519074031,-0.7373525674531124,-2.3124155490695193,12.765222348409056,50.0,7,0.19906776292177988,-3.5601244553445737,,0.0638483086937872,0.9753934121005323,0.7852326646760744,-0.20548057278151854,24,-0.02623005199834534,0.12765222348409055,0.0957724630406808,0.12765222348409055,chart_cl_1.csv,163,20250902_210613:163,sobol,13,23,54,114,12,16,1.9000000000000001,2.0,0.8,1.4000000000000001,32,0.75
5,2108,894,306,300,2023-06-06 01:00:00,2023-06-30 23:00:00,-2.3564632088103354,-2.1662278267247106,-2.598726160715892,-5.567902269499937,5.280544635516344,0.0,6,0.0,-4.375785468740281,,0.029867139405551114,0.8957958331989256,0.43858401758434373,-0.5043522203372118,24,-0.026632544115124213,0.052805446355163446,0.044800709108326675,0.052805446355163446,chart_cl_1.csv,352,20250902_210613:352,sobol,13,27,56,102,17,18,2.6,2.3,0.9,1.3,8,0.6
6,2108,1205,300,301,2023-07-01 11:00:00,2023-07-26 11:00:00,-2.3731878682097203,-1.4356902705804713,-1.8487302606672948,-3.7306386407237704,7.906370008500745,75.0,5,0.9979679327568977,-0.0033687780287927627,,0.03825459370701155,0.9287639408756359,0.5855625261565289,-0.3408612347434733,25,-0.026949750434363293,0.07906370008500745,0.057381890560517325,0.07906370008500745,chart_cl_1.csv,287,20250902_210613:287,sobol,11,21,40,81,17,10,2.8,2.9000000000000004,0.8,1.4000000000000001,28,0.65
4,2108,603,300,301,2023-05-12 07:00:00,2023-06-06 07:00:00,-2.3759863232940748,-3.507072777205837,-3.7469769191590743,-11.147033755723244,2.6487057295451706,0.0,5,0.0,-2.5788915961140253,,0.003938955639968821,0.5419527503660403,0.10318785029171385,-1.018664959236862,25,-0.02698143714017574,0.026487057295451706,0.02,0.026487057295451706,chart_cl_1.csv,285,20250902_210613:285,sobol,11,21,40,81,17,10,2.8,2.9000000000000004,0.8,1.4000000000000001,28,0.65
6,2108,1150,330,296,2023-06-29 09:00:00,2023-07-23 23:00:00,-2.3887988203201873,-0.8089812368269724,-1.0798799666754497,-3.0620900569564795,9.822205066018846,50.0,9,0.6949438220743105,-0.2753481017245404,,0.048044532302548314,0.9633873252670809,0.7336066882009018,-0.27485649422017683,24,-0.02699696849957601,0.09822205066018846,0.07206679845382247,0.09822205066018846,chart_cl_1.csv,256,20250902_210613:256,sobol,11,18,46,110,14,14,2.5,1.8,1.6,1.4000000000000001,40,0.6
5,2108,854,330,296,2023-06-04 17:00:00,2023-06-29 07:00:00,-2.4012243131660287,-0.592321825239166,-0.7519262730391129,-2.1370828335897225,14.135189648942243,50.0,3,0.08414767296168271,-9.490457894722075,,0.0780449539341192,0.9730105936013714,0.7734281378738712,-0.19198183998342863,24,-0.02713699717318646,0.14135189648942242,0.1170674309011788,0.14135189648942242,chart_cl_1.csv,255,20250902_210613:255,sobol,11,18,46,110,14,14,2.5,1.8,1.6,1.4000000000000001,40,0.6
6,2108,1183,312,299,2023-06-30 15:00:00,2023-07-25 11:00:00,-2.4302846746282056,-1.0886922270410047,-1.4105702159426818,-3.929978766025354,7.699955934539425,100.0,8,inf,2.0809730118312615,,0.03071402394449318,0.9517295407826726,0.6803824137914901,-0.35668354595719287,24,-0.02746447586445653,0.07699955934539425,0.04607103591673977,0.07699955934539425,chart_cl_1.csv,12,20250902_210613:12,sobol,14,23,49,104,18,13,2.8,2.2,0.8,1.5,28,0.7
4,2108,543,339,294,2023-05-10 13:00:00,2023-06-03 23:00:00,-2.4313718417418784,-4.208835624891987,-5.1149853576797595,-12.410573478123833,2.473561579318209,0.0,12,0.0,-1.8202983492043798,,0.01383735437612436,0.7506316481253318,0.19949277319325046,-1.1108163568289748,24,-0.027476726619303782,0.024735615793182092,0.02075603156418654,0.024735615793182092,chart_cl_1.csv,115,20250902_210613:115,sobol,14,16,41,113,14,19,2.6,2.8,0.9,1.1,27,0.6
6,2108,1205,300,301,2023-07-01 11:00:00,2023-07-26 11:00:00,-2.4615483062087264,-0.9252329801370032,-1.2091141513234107,-2.8066954606458663,10.837905183750717,83.33333333333334,7,1.858942750867415,1.3726845584554397,,0.052735518675695654,0.9539126663263262,0.6942930302516894,-0.2578924971749162,25,-0.027950144319824413,0.10837905183750716,0.07910327801354348,0.10837905183750716,chart_cl_1.csv,31,20250902_210613:31,sobol,8,22,52,82,15,15,2.4000000000000004,1.9000000000000001,1.0,1.6,15,0.75
4,2108,603,300,301,2023-05-12 07:00:00,2023-06-06 07:00:00,-2.495743092344763,-3.83061588659253,-4.756234510919687,-10.206642176761061,3.0149799217826145,0.0,11,0.0,-2.107623042052407,,0.015694284506084268,0.7878756792628312,0.2539219427861705,-0.9398812370372065,25,-0.028337230585273838,0.030149799217826144,0.0235414267591264,0.030149799217826144,chart_cl_1.csv,40,20250902_210613:40,sobol,13,26,39,85,10,11,2.5,2.7,1.6,1.4000000000000001,40,0.7
6,2108,1205,300,301,2023-07-01 11:00:00,2023-07-26 11:00:00,-2.5041308240352294,-1.6473496111757917,-2.107294134798926,-5.575673349484661,5.5346549402000615,0.0,4,0.0,-2.4474481955438208,,0.022639361765716057,0.9064559149708936,0.5295097874469863,-0.5137117917927413,25,-0.028432175062847207,0.055346549402000615,0.033959042648574085,0.055346549402000615,chart_cl_1.csv,248,20250902_210613:248,sobol,9,17,46,97,19,19,2.1,2.6,0.8,1.4000000000000001,44,0.65
6,2108,1084,366,290,2023-06-26 21:00:00,2023-07-20 23:00:00,-2.5590059912719085,-2.064384335222722,-2.822306503226564,-6.740125304646434,4.806703501382124,25.0,9,0.513271682381112,-0.604563060468251,,0.025246273441419286,0.9098687060672302,0.5389076899956237,-0.6015506137194154,24,-0.028914754412236794,0.04806703501382124,0.03786941016212893,0.04806703501382124,chart_cl_1.csv,178,20250902_210613:178,sobol,14,17,52,122,10,18,2.8,2.7,1.3,1.0,18,0.75
6,2108,996,414,282,2023-06-23 13:00:00,2023-07-16 23:00:00,-2.58700455125105,-0.9312437033369376,-1.2620157842988624,-4.03703252019263,8.283869436238685,12.5,9,0.0804711537500614,-2.1618146354856007,,0.04173623294657059,0.9568788250690223,0.7268906883478751,-0.35116615734566053,23,-0.029090145978771024,0.08283869436238685,0.06260434941985589,0.08283869436238685,chart_cl_1.csv,85,20250902_210613:85,sobol,13,19,47,138,17,17,2.9000000000000004,1.8,1.5,0.8,42,0.6
5,2108,884,312,299,2023-06-05 17:00:00,2023-06-30 13:00:00,-2.7301763808663395,-0.422350317627422,-0.5394616479480735,-1.8669495984444366,17.855677204100758,0.0,3,0.0,-17.230447009006166,,0.098860381352801,0.9807210903416165,0.8215324803191951,-0.17273281651354386,24,-0.03084261414221004,0.1785567720410076,0.14829057202920148,0.1785567720410076,chart_cl_1.csv,11,20250902_210613:11,sobol,14,23,49,104,18,13,2.8,2.2,0.8,1.5,28,0.7
5,2108,904,300,301,2023-06-06 09:00:00,2023-07-01 09:00:00,-2.743506226989325,-0.7747601696937267,-0.9674710497929423,-3.2518562485159475,10.236910913753372,57.14285714285714,8,0.38377351972262824,-3.6327946111230762,,0.054690597914294155,0.9614162808539397,0.7345123141136595,-0.30420259189243365,25,-0.031140948329357168,0.10236910913753372,0.08203589687144124,0.10236910913753372,chart_cl_1.csv,305,20250902_210613:305,sobol,10,26,34,72,16,13,1.9000000000000001,2.2,1.3,0.9,43,0.6
5,2108,904,300,301,2023-06-06 09:00:00,2023-07-01 09:00:00,-2.808808857783151,-0.5387310202010006,-0.6677168207526656,-2.5989048692148504,13.05850419854409,50.0,5,0.29589021448825087,-6.736567583364668,,0.061274051841500775,0.9736084127302868,0.7895443363690332,-0.24412931532372317,25,-0.03187963689142533,0.1305850419854409,0.09191107776225116,0.1305850419854409,chart_cl_1.csv,197,20250902_210613:197,sobol,14,24,44,90,17,12,2.7,1.8,1.4000000000000001,1.6,16,0.8
6,2108,1010,405,283,2023-06-23 23:00:00,2023-07-17 11:00:00,-2.8257628070095504,-1.6668101039783167,-2.2431878565476153,-4.445742462417251,8.059510518903963,30.76923076923077,14,0.5049795040326385,-0.6697482485842748,,0.05011105215322852,0.9184549226351569,0.5931522337685011,-0.39414670636650645,23,-0.031766295259522105,0.08059510518903963,0.07516657822984278,0.08059510518903963,chart_cl_1.csv,58,20250902_210613:58,sobol,10,24,55,135,14,11,2.8,2.4000000000000004,0.8,1.0,10,0.65
5,2108,904,300,301,2023-06-06 09:00:00,2023-07-01 09:00:00,-2.8435156075001258,-0.48722718764520323,-0.6081069577565816,-2.6140636131370867,13.113781897607662,33.33333333333333,4,0.20526003297782786,-9.154157872834418,,0.06151224380667272,0.975874499544384,0.7992860741117472,-0.24609364272922946,25,-0.03227218357138897,0.13113781897607663,0.09226836571000908,0.13113781897607663,chart_cl_1.csv,371,20250902_210613:371,sobol,9,18,60,84,11,10,1.9000000000000001,1.8,1.2000000000000002,1.4000000000000001,22,0.85
6,2108,1197,303,300,2023-07-01 01:00:00,2023-07-25 23:00:00,-2.865556771414083,-1.2966265811058133,-1.6481549585557211,-3.8935207361532425,8.883782217570644,60.0,6,1.4475613406283996,0.4067351597747686,,0.04103958365015479,0.9322004587860225,0.6410208570822832,-0.36433608728656963,24,-0.032366824534556936,0.08883782217570645,0.061559375475232186,0.08883782217570645,chart_cl_1.csv,81,20250902_210613:81,sobol,7,25,36,101,15,13,1.8,2.7,1.2000000000000002,1.3,22,0.75
3,2108,265,327,296,2023-04-16 09:00:00,2023-05-10 23:00:00,-2.918496506883773,-0.6219108646855703,-0.8546662322330193,-2.9928588850114712,11.856845724590416,75.0,9,2.110586593599899,1.948336577077592,,0.05004868875767096,0.9740686785378125,0.8112179760779766,-0.27800585601652933,24,-0.032962725453206845,0.11856845724590416,0.07507303313650644,0.11856845724590416,chart_cl_1.csv,218,20250902_210613:218,sobol,8,25,60,109,20,17,2.4000000000000004,1.9000000000000001,1.2000000000000002,1.1,27,0.6
6,2108,1175,315,298,2023-06-30 05:00:00,2023-07-24 23:00:00,-2.9218374895314927,-1.7876890559775105,-2.198643362049282,-6.012766363255696,5.875588064096891,100.0,6,inf,2.1561152282657994,,0.014276053189774549,0.8921675278605556,0.520109625475819,-0.5616515214673425,24,-0.033000329757153765,0.058755880640968906,0.021414079784661824,0.058755880640968906,chart_cl_1.csv,341,20250902_210613:341,sobol,9,21,35,105,18,14,2.2,2.8,1.3,1.5,47,0.85
3,2108,302,300,301,2023-04-17 05:00:00,2023-05-12 05:00:00,-2.9889041183937737,-1.176461958902074,-1.6032304920087534,-4.285391102125225,8.329907873706741,85.71428571428571,8,6.9706975597598895,3.579545162337645,,0.025858831238884612,0.9488893587950615,0.7096115606861266,-0.40716200424983573,25,-0.03391621985074924,0.0832990787370674,0.03878824685832692,0.0832990787370674,chart_cl_1.csv,86,20250902_210613:86,sobol,12,22,42,71,20,18,2.3,2.1,1.3,1.2000000000000002,36,0.7
3,2108,302,300,301,2023-04-17 05:00:00,2023-05-12 05:00:00,-3.0309592186365406,-5.582162021989693,-7.34265492542475,-10.106084398150662,3.5722401002345037,0.0,5,0.0,-1.1512805420344192,,0.008558372836436413,0.5760220028967389,0.14880012289787847,-0.9627478432519968,25,-0.03439166452079065,0.035722401002345035,0.02,0.035722401002345035,chart_cl_1.csv,67,20250902_210613:67,sobol,10,18,32,82,18,16,2.7,2.8,0.9,1.3,8,0.7
6,2108,1172,318,298,2023-06-30 05:00:00,2023-07-24 23:00:00,-3.0310975483563993,-1.8540204661533874,-2.2799519507694352,-6.196369982523096,5.872817494777874,100.0,6,inf,2.126078647561047,,0.014299008721400452,0.88867693819431,0.5195875743332967,-0.5828537701680867,24,-0.034229938183403814,0.05872817494777874,0.021448513082100676,0.05872817494777874,chart_cl_1.csv,182,20250902_210613:182,sobol,11,27,40,106,13,17,2.1,3.0,1.6,0.9,23,0.8
6,2108,1205,300,301,2023-07-01 11:00:00,2023-07-26 11:00:00,-3.049677664501229,-2.5209263003567455,-3.245799583308854,-7.766204024134455,4.671601913074426,0.0,8,0.0,-1.752412145800727,,0.019086267616536846,0.878528897305795,0.474552453214447,-0.7407152114081935,25,-0.034603265986578445,0.04671601913074426,0.02862940142480527,0.04671601913074426,chart_cl_1.csv,217,20250902_210613:217,sobol,8,19,41,73,10,16,1.8,2.4000000000000004,1.5,1.5,24,0.6
6,2108,1128,342,294,2023-06-28 13:00:00,2023-07-22 23:00:00,-3.050137443167591,-1.3407663872686653,-1.8474936094006729,-5.238566928039973,7.056348391962919,30.0,11,1.7770155594177122,0.5225063607906698,,0.035937789682677496,0.9438440898333244,0.6998694695346521,-0.4881303746684985,24,-0.034444179843603165,0.07056348391962919,0.05390668452401624,0.07056348391962919,chart_cl_1.csv,166,20250902_210613:166,sobol,13,23,54,114,12,16,1.9000000000000001,2.0,0.8,1.4000000000000001,32,0.75
5,2108,674,438,278,2023-05-29 17:00:00,2023-06-21 19:00:00,-3.0781179087745754,-1.007333467311242,-1.2217487299068244,-2.693406592969627,14.441136029545271,77.77777777777779,10,0.20693667427199464,-3.0046673501452315,,0.07881784497308693,0.947136589845643,0.7095859297200993,-0.23954668568526097,23,-0.034593262734075786,0.1444113602954527,0.1182267674596304,0.1444113602954527,chart_cl_1.csv,18,20250902_210613:18,sobol,7,25,39,146,12,19,2.9000000000000004,2.2,1.0,1.3,20,0.85
3,2108,302,300,301,2023-04-17 05:00:00,2023-05-12 05:00:00,-3.1180697524443604,-1.2084792633547794,-1.6494369052904878,-4.4326094503680915,8.331792862716446,85.71428571428571,8,6.6476257675810535,3.3858575639947786,,0.026012722275761426,0.9481826362127699,0.7151530654734771,-0.42459429534154025,25,-0.03537631719476764,0.08331792862716446,0.03901908341364214,0.08331792862716446,chart_cl_1.csv,291,20250902_210613:291,sobol,7,17,30,91,11,15,2.6,1.9000000000000001,1.4000000000000001,0.8,30,0.85
4,2108,603,300,301,2023-05-12 07:00:00,2023-06-06 07:00:00,-3.1967310892271623,-3.644869091743251,-4.040663869047848,-11.044651624591879,3.410939517413964,0.0,7,0.0,-2.503002887208705,,0.007312022148884176,0.6749464629887945,0.20676893479422706,-1.0632051139262177,25,-0.03626528338207552,0.03410939517413964,0.02,0.03410939517413964,chart_cl_1.csv,319,20250902_210613:319,sobol,14,22,31,88,15,17,2.9000000000000004,2.6,1.5,1.6,39,0.6
3,2108,302,300,301,2023-04-17 05:00:00,2023-05-12 05:00:00,-3.2374914084326023,-1.346118915618715,-1.8351183811441714,-4.921210472920859,7.7325360155448175,71.42857142857143,8,4.00413038585233,1.8401550822695416,,0.02698760129019477,0.9420460567421426,0.6986552135184397,-0.47495227363155756,25,-0.03672585561520916,0.07732536015544818,0.040481401935292156,0.07732536015544818,chart_cl_1.csv,303,20250902_210613:303,sobol,10,26,34,72,16,13,1.9000000000000001,2.2,1.3,0.9,43,0.6
6,2108,1065,375,288,2023-06-26 01:00:00,2023-07-19 23:00:00,-3.2451893642543155,-1.0712034121322231,-1.440694016638268,-5.2112438312692175,7.570451118418808,44.44444444444444,10,0.15754475095152762,-1.026018045789706,,0.03609555267809143,0.9525187746410919,0.743534347049306,-0.4816616328806666,23,-0.03646395847340872,0.07570451118418808,0.05414332901713715,0.07570451118418808,chart_cl_1.csv,128,20250902_210613:128,sobol,9,23,39,125,14,14,1.9000000000000001,1.9000000000000001,0.9,0.8,43,0.65
5,2108,867,321,297,2023-06-05 01:00:00,2023-06-29 17:00:00,-3.326298567791474,-0.5864852812387201,-0.7440584156031435,-2.1884810780508945,17.948300763521196,0.0,3,0.0,-14.89298469107472,,0.0993064235819045,0.9729634607553171,0.8130777374915487,-0.20921494148234063,24,-0.037550526939475366,0.17948300763521197,0.14895963537285675,0.17948300763521197,chart_cl_1.csv,375,20250902_210613:375,sobol,9,28,53,107,15,11,2.9000000000000004,2.0,1.4000000000000001,0.8,9,0.7
4,2108,597,303,300,2023-05-12 01:00:00,2023-06-05 23:00:00,-3.352001130720846,-3.641234661369057,-4.475104511609963,-10.946255272800597,3.582255304840195,0.0,15,0.0,-1.902347681054376,,0.01720968177615699,0.7899818569280808,0.3327394970278432,-1.056304779356114,24,-0.03783953399376491,0.03582255304840195,0.025814522664235486,0.03582255304840195,chart_cl_1.csv,138,20250902_210613:138,sobol,6,20,50,101,12,10,2.7,2.2,1.0,1.1,37,0.65
5,2108,904,300,301,2023-06-06 09:00:00,2023-07-01 09:00:00,-3.382704937881431,-1.5640563598914168,-2.0032366906833476,-6.601760162016845,5.966975344574578,57.14285714285714,8,0.21930230574857265,-3.1095840229916147,,0.032731670012566924,0.9238942389799297,0.6335842613538178,-0.6429777597264008,25,-0.03836632439397231,0.059669753445745786,0.049097505018850386,0.059669753445745786,chart_cl_1.csv,173,20250902_210613:173,sobol,6,24,30,76,19,11,2.0,1.8,0.9,1.6,35,0.6
6,2108,1087,363,290,2023-06-26 21:00:00,2023-07-20 23:00:00,-3.3832261094431484,-2.317389547645807,-2.942547443807859,-6.347224443789144,6.386681656797347,42.857142857142854,8,0.3033434443745206,-0.4928913512765986,,0.022849944987650916,0.8735084309696108,0.5114327712033021,-0.5979727038313838,24,-0.038190612988254116,0.06386681656797347,0.034274917481476375,0.06386681656797347,chart_cl_1.csv,388,20250902_210613:388,sobol,7,19,40,121,18,13,2.4000000000000004,2.4000000000000004,1.5,1.1,26,0.6
6,2108,1205,300,301,2023-07-01 11:00:00,2023-07-26 11:00:00,-3.3895834236514246,-1.7367919744142828,-2.2129572455933384,-4.453165045434298,8.860057221279993,50.0,5,0.27020564230261046,-1.5301336420560765,,0.04104638400146452,0.9124207501645787,0.6124068621255061,-0.4339025669546145,25,-0.03844401571678158,0.08860057221279993,0.061569576002196785,0.08860057221279993,chart_cl_1.csv,54,20250902_210613:54,sobol,14,21,37,78,11,14,2.1,2.0,1.2000000000000002,1.1,25,0.65
4,2108,603,300,301,2023-05-12 07:00:00,2023-06-06 07:00:00,-3.4049412157936274,-2.6173264606518285,-3.2089251164908172,-5.807920050397654,6.817448895971326,13.333333333333334,16,0.11275948409623228,-0.9027959495789506,,0.031130744119429572,0.8229031063958742,0.38448260313434784,-0.5664505184285367,25,-0.03861747461483012,0.06817448895971326,0.04669611617914436,0.06817448895971326,chart_cl_1.csv,142,20250902_210613:142,sobol,8,28,55,95,10,13,2.4000000000000004,2.8,1.5,1.3,12,0.6
5,2108,857,327,296,2023-06-04 17:00:00,2023-06-29 07:00:00,-3.4803834566134584,-0.6209449225547677,-0.7881639417383438,-2.2614726328234878,18.039498577448523,50.0,3,0.07244821881296663,-12.543925296950984,,0.09962214542889447,0.971531436100928,0.8137204639536564,-0.2177601449742791,24,-0.03928283825488492,0.18039498577448523,0.1494332181433417,0.18039498577448523,chart_cl_1.csv,220,20250902_210613:220,sobol,8,25,60,109,20,17,2.4000000000000004,1.9000000000000001,1.2000000000000002,1.1,27,0.6
6,2108,1051,384,287,2023-06-25 15:00:00,2023-07-19 11:00:00,-3.597750012105371,-1.900516046030067,-2.560923818933618,-5.773660803637794,7.418604628118117,18.181818181818183,12,0.121595722161095,-1.2054631368135031,,0.029185381767055776,0.9189085817287863,0.6493671866875966,-0.5447012490403041,23,-0.04040923207072119,0.07418604628118117,0.043778072650583665,0.07418604628118117,chart_cl_1.csv,8,20250902_210613:8,sobol,11,20,44,128,15,12,2.2,1.9000000000000001,1.1,1.4000000000000001,13,0.6
5,2108,904,300,301,2023-06-06 09:00:00,2023-07-01 09:00:00,-3.617583062188004,-0.9151145856087751,-1.0890838662737166,-3.164728895427924,13.113781897607662,57.14285714285714,8,0.31442115220917793,-5.396469506594026,,0.07031098940524944,0.9508905167729071,0.7345491142450724,-0.31278916533532075,25,-0.04101848894142139,0.13113781897607663,0.10546648410787415,0.13113781897607663,chart_cl_1.csv,88,20250902_210613:88,sobol,12,22,42,71,20,18,2.3,2.1,1.3,1.2000000000000002,36,0.7
3,2108,294,306,300,2023-04-17 01:00:00,2023-05-11 23:00:00,-3.620814703759229,-4.827100664277634,-6.61943082694869,-7.960959142713217,5.229847281658894,33.33333333333333,4,0.39667453502925243,-0.1167271919595706,,0.011687294533213781,0.6205516928506101,0.21094671009253077,-0.7813057205510631,24,-0.040861095987685205,0.05229847281658894,0.02,0.05229847281658894,chart_cl_1.csv,350,20250902_210613:350,sobol,13,27,56,102,17,18,2.6,2.3,0.9,1.3,8,0.6
6,2108,1205,300,301,2023-07-01 11:00:00,2023-07-26 11:00:00,-3.703869648302458,-2.229119683697432,-2.8093403595757778,-5.368548434378731,7.871593948211769,0.0,6,0.0,-2.5557217319870893,,0.03793737491046185,0.8819744518735982,0.5518519244768915,-0.5334678509714962,25,-0.04199242307272767,0.07871593948211769,0.056906062365692775,0.07871593948211769,chart_cl_1.csv,276,20250902_210613:276,sobol,12,23,59,97,13,12,2.2,2.4000000000000004,1.2000000000000002,1.1,26,0.6
3,2108,302,300,301,2023-04-17 05:00:00,2023-05-12 05:00:00,-3.759012829980767,-5.048765691774044,-6.9045350348068775,-8.126528459565424,5.259110910821737,0.0,4,0.0,-0.6265618215627137,,0.012720979033844922,0.605877491992795,0.20468540954698503,-0.8103028764843843,25,-0.042614726987892634,0.05259110910821737,0.02,0.05259110910821737,chart_cl_1.csv,141,20250902_210613:141,sobol,8,28,55,95,10,13,2.4000000000000004,2.8,1.5,1.3,12,0.6
4,2108,603,300,301,2023-05-12 07:00:00,2023-06-06 07:00:00,-3.8042065004128287,-3.6181372799592446,-4.00681162778076,-11.160489409276286,3.86437832971709,0.0,11,0.0,-1.670807447487412,,0.008470147063654983,0.7044183961644493,0.24733820888883834,-1.1159540201113074,25,-0.043124685322788056,0.0386437832971709,0.02,0.0386437832971709,chart_cl_1.csv,75,20250902_210613:75,sobol,6,21,37,92,12,11,2.8,2.0,1.6,1.0,50,0.75
6,2108,1205,300,301,2023-07-01 11:00:00,2023-07-26 11:00:00,-3.8398550045146522,-1.3482194380635977,-1.7752456054617427,-3.9993942033588996,10.860211469227595,75.0,9,0.6980801587309924,-0.47064958402652546,,0.048925950778303,0.9418569147490963,0.7269967760753713,-0.40079235643880246,25,-0.043526897461754366,0.10860211469227594,0.0733889261674545,0.10860211469227594,chart_cl_1.csv,198,20250902_210613:198,sobol,14,24,44,90,17,12,2.7,1.8,1.4000000000000001,1.6,16,0.8
6,2108,1131,339,294,2023-06-28 13:00:00,2023-07-22 23:00:00,-3.8491659900840776,-2.441828405083972,-3.087751793362948,-5.443912174065333,8.13328580809224,60.0,6,2.6366427490671436,0.912034958051486,,0.03512553235614399,0.8675812786798714,0.5324459729201855,-0.5339334498752786,24,-0.04342633350336332,0.08133285808092239,0.052688298534215985,0.08133285808092239,chart_cl_1.csv,117,20250902_210613:117,sobol,14,16,41,113,14,19,2.6,2.8,0.9,1.1,27,0.6
5,2108,657,447,276,2023-05-29 01:00:00,2023-06-20 23:00:00,-3.8549953112167654,-0.9859911190452947,-1.1907573161830936,-3.394617618373974,13.67270465973339,76.92307692307693,14,0.20508021511210178,-2.169723260325946,,0.06445007111892447,0.9427785636993565,0.7321077222971075,-0.31508016015888063,22,-0.0430799797399387,0.1367270465973339,0.09667510667838669,0.1367270465973339,chart_cl_1.csv,72,20250902_210613:72,sobol,14,27,60,149,16,20,1.9000000000000001,2.5,1.0,1.6,25,0.65
3,2108,302,300,301,2023-04-17 05:00:00,2023-05-12 05:00:00,-3.891703830876634,-8.496546647015338,-9.76999419661808,-11.03772788261091,3.9751357707482384,0.0,5,0.0,-2.9317138238925184,,0.01020954383234002,0.43357633847100624,0.10132633155555203,-1.1096936773494552,25,-0.044111830314049735,0.039751357707482386,0.02,0.039751357707482386,chart_cl_1.csv,245,20250902_210613:245,sobol,9,17,46,97,19,19,2.1,2.6,0.8,1.4000000000000001,44,0.65
4,2108,603,300,301,2023-05-12 07:00:00,2023-06-06 07:00:00,-3.958565553696732,-4.5394050206124055,-4.771754516602502,-10.880837167172489,4.084424209297623,0.0,12,0.0,-1.6950191452351766,,0.00805691978661153,0.5205392809727002,0.13063665368733535,-1.0984662393494502,25,-0.04486602101095012,0.040844242092976234,0.02,0.040844242092976234,chart_cl_1.csv,21,20250902_210613:21,sobol,12,19,58,92,20,10,1.8,3.0,1.3,0.9,42,0.7
6,2108,1205,300,301,2023-07-01 11:00:00,2023-07-26 11:00:00,-4.034226799281169,-1.7763874188800401,-2.3638054123910472,-5.259066370378283,8.571001079038986,57.14285714285714,8,0.1569285087968624,-1.4112103247476355,,0.037881934087386285,0.9213786540492627,0.6730107091284857,-0.5334186622728545,25,-0.045719319299201686,0.08571001079038985,0.05682290113107943,0.08571001079038985,chart_cl_1.csv,241,20250902_210613:241,sobol,13,20,56,87,13,14,2.1,2.2,1.5,1.1,14,0.85
3,2108,302,300,301,2023-04-17 05:00:00,2023-05-12 05:00:00,-4.03729969186064,-1.65397692977619,-2.2526370848060306,-5.694984516824849,7.919433300887914,87.5,9,2.6094879994114106,1.5807920292828814,,0.027708780929898293,0.930345776873978,0.700040929157089,-0.5777430013967592,25,-0.04575397164616427,0.07919433300887914,0.04156317139484744,0.07919433300887914,chart_cl_1.csv,148,20250902_210613:148,sobol,12,24,45,84,15,19,1.8,2.0,0.8,1.0,46,0.85
5,2108,887,309,299,2023-06-05 17:00:00,2023-06-30 13:00:00,-4.225905789031418,-0.9573766483606331,-1.17732274304691,-2.6116202174427694,17.948300763521196,0.0,4,0.0,-18.518468159851476,,0.10724988625393043,0.9546585789063594,0.7773313119678944,-0.2655153218889069,24,-0.04765548854585244,0.17948300763521197,0.16087482938089565,0.17948300763521197,chart_cl_1.csv,208,20250902_210613:208,sobol,13,16,31,103,15,11,2.4000000000000004,2.4000000000000004,0.9,0.8,34,0.85
5,2108,657,447,276,2023-05-29 01:00:00,2023-06-20 23:00:00,-4.265146790884365,-1.1024791565504544,-1.333606678140915,-3.542605805420999,14.093730392276276,80.0,11,0.27772696459458457,-1.7443454741810014,,0.06733210154375815,0.9367072634955815,0.7302941716801132,-0.33803743576335643,22,-0.04764208482145156,0.14093730392276277,0.10099815231563723,0.14093730392276277,chart_cl_1.csv,359,20250902_210613:359,sobol,6,28,32,149,14,15,2.5,2.1,0.8,1.5,16,0.75
6,2108,1205,300,301,2023-07-01 11:00:00,2023-07-26 11:00:00,-4.346628433721298,-1.9788288869211579,-2.5875768024122077,-5.131489004913855,9.280080602429791,20.0,6,0.030891071053076702,-2.1619825022738928,,0.04275036309742257,0.9125162837736899,0.6615798983806955,-0.530608139327529,25,-0.04924086301264766,0.09280080602429791,0.06412554464613385,0.09280080602429791,chart_cl_1.csv,333,20250902_210613:333,sobol,13,18,45,75,12,20,2.0,2.0,1.0,0.8,11,0.65
5,2108,657,447,276,2023-05-29 01:00:00,2023-06-20 23:00:00,-4.398378553457394,-1.5406215711607516,-1.8612230445428182,-3.539360655119617,14.415881676888635,87.5,9,0.2973534219027247,-1.9508774146149725,,0.07787192213519155,0.9193785185746431,0.6886907403951702,-0.3407570538286046,22,-0.04912313368558335,0.14415881676888634,0.11680788320278732,0.14415881676888634,chart_cl_1.csv,146,20250902_210613:146,sobol,13,22,42,149,18,17,2.5,2.3,1.2000000000000002,0.9,29,0.8
4,2108,396,438,278,2023-05-06 13:00:00,2023-05-29 15:00:00,-4.82233479037136,-2.6718317277140398,-3.5445033030054196,-5.114613234031304,10.57756618412963,100.0,2,inf,5.403449923389974,,0.0721468243996492,0.8877535011067352,0.6258517679395066,-0.49979630175498097,23,-0.05408807402746604,0.1057756618412963,0.1082202365994738,0.1082202365994738,chart_cl_1.csv,17,20250902_210613:17,sobol,7,25,39,146,12,19,2.9000000000000004,2.2,1.0,1.3,20,0.85
4,2108,525,351,292,2023-05-10 01:00:00,2023-06-03 07:00:00,-4.8468571270612415,-1.436800678379712,-1.9750338094532582,-5.2151837428614485,10.074024308331127,0.0,6,0.0,-6.958913929747894,,0.04823412091628746,0.9345606912559887,0.7433745707884161,-0.5421648666070525,24,-0.0546178204532255,0.10074024308331127,0.0723511813744312,0.10074024308331127,chart_cl_1.csv,281,20250902_210613:281,sobol,8,27,58,117,14,19,2.0,2.3,1.4000000000000001,1.2000000000000002,46,0.75
3,2108,302,300,301,2023-04-17 05:00:00,2023-05-12 05:00:00,-4.851627501801169,-1.5141929110046317,-2.0531321626480286,-4.96485268682999,10.373684831219789,85.71428571428571,8,4.607487214356591,3.3147117668876516,,0.03863734138482734,0.9371510753591515,0.750758223347626,-0.5294909837307622,25,-0.05492772586195452,0.10373684831219789,0.05795601207724101,0.10373684831219789,chart_cl_1.csv,171,20250902_210613:171,sobol,6,24,30,76,19,11,2.0,1.8,0.9,1.6,35,0.6
6,2108,1205,300,301,2023-07-01 11:00:00,2023-07-26 11:00:00,-4.892374136093673,-3.9913861006051556,-4.952354055390018,-7.503447198797805,6.904179907456479,0.0,11,0.0,-2.1828302952735705,,0.035029864058971974,0.817324832873244,0.4560001917718358,-0.8022136027180181,25,-0.055386270373740144,0.06904179907456479,0.05254479608845796,0.06904179907456479,chart_cl_1.csv,144,20250902_210613:144,sobol,8,28,55,95,10,13,2.4000000000000004,2.8,1.5,1.3,12,0.6
6,2108,1164,321,297,2023-06-29 19:00:00,2023-07-24 11:00:00,-5.169704744596833,-2.40682789367869,-3.1863054303284173,-6.056925613895199,8.96300195328096,60.0,11,0.8097252994394326,-0.13349724577301436,,0.04098031692315602,0.89740210223399,0.6562573161749238,-0.6497113665750861,24,-0.05823364247681339,0.08963001953280961,0.06147047538473403,0.08963001953280961,chart_cl_1.csv,376,20250902_210613:376,sobol,9,28,53,107,15,11,2.9000000000000004,2.0,1.4000000000000001,0.8,9,0.7
5,2108,904,300,301,2023-06-06 09:00:00,2023-07-01 09:00:00,-5.208431051585137,-1.4060989256089196,-1.6759267214227762,-4.141664581484251,13.05850419854409,57.14285714285714,8,0.20216929640034503,-6.8105565357856275,,0.07065507805297878,0.9265574680126623,0.7209979754902511,-0.4513646224284762,25,-0.058941468170565246,0.1305850419854409,0.10598261707946818,0.1305850419854409,chart_cl_1.csv,53,20250902_210613:53,sobol,14,21,37,78,11,14,2.1,2.0,1.2000000000000002,1.1,25,0.65
4,2108,405,432,279,2023-05-06 19:00:00,2023-05-29 23:00:00,-5.285195892658743,-2.580132805147244,-3.442425650253533,-4.840092780894282,11.851648457947466,33.33333333333333,7,0.15021252861793552,-5.6908377809642685,,0.0903492869700111,0.8879935401125729,0.6438616119616082,-0.4371799072416469,23,-0.05924833934534759,0.11851648457947465,0.13552393045501665,0.13552393045501665,chart_cl_1.csv,122,20250902_210613:122,sobol,9,20,31,144,20,14,2.8,2.0,1.6,1.4000000000000001,30,0.8
6,2108,1205,300,301,2023-07-01 11:00:00,2023-07-26 11:00:00,-5.5765588058001985,-2.964952867507752,-3.776543824583284,-6.400966126156207,8.844218864808804,0.0,5,0.0,-4.77144003080312,,0.03997968694365431,0.8451184447416771,0.562305454290916,-0.7132217418684195,25,-0.0630788918422447,0.08844218864808803,0.05996953041548146,0.08844218864808803,chart_cl_1.csv,121,20250902_210613:121,sobol,11,27,51,99,11,17,2.0,2.5,1.0,0.8,11,0.7
5,2108,877,315,298,2023-06-05 09:00:00,2023-06-30 03:00:00,-5.726919174860763,-1.4238275753528409,-1.7348799631029044,-3.223737995682773,17.9824897250415,33.33333333333333,4,0.008174643146366184,-17.79981289987251,,0.10742162744509506,0.9323952267688866,0.7557083434649617,-0.35850309712958695,24,-0.06446778260528352,0.179824897250415,0.16113244116764258,0.179824897250415,chart_cl_1.csv,340,20250902_210613:340,sobol,9,21,35,105,18,14,2.2,2.8,1.3,1.5,47,0.85
6,2108,1142,333,295,2023-06-28 23:00:00,2023-07-23 11:00:00,-5.8367649647494435,-3.9482969519035103,-5.01781694934219,-7.8509165143721775,7.522005112129541,0.0,12,0.0,-1.2665953627878048,,0.03124090286540689,0.8168612983652019,0.5004253590894626,-0.8733810238687582,24,-0.06569576526377732,0.07522005112129541,0.046861354298110336,0.07522005112129541,chart_cl_1.csv,272,20250902_210613:272,sobol,12,20,32,111,10,13,2.7,2.8,0.8,0.9,10,0.7
4,2108,462,393,285,2023-05-08 07:00:00,2023-05-31 23:00:00,-6.063227652651286,-4.529495326364521,-5.813351586993276,-7.236259917058493,8.534689843447625,0.0,6,0.0,-7.045099300791958,,0.06400875702169313,0.8106279304057281,0.4991011601296913,-0.7072989306837117,23,-0.06790998809375562,0.08534689843447625,0.0960131355325397,0.0960131355325397,chart_cl_1.csv,95,20250902_210613:95,sobol,8,28,45,131,18,10,1.9000000000000001,2.6,1.1,1.0,13,0.85
4,2108,603,300,301,2023-05-12 07:00:00,2023-06-06 07:00:00,-6.163392425156598,-3.965213761537602,-4.176613103160661,-9.628746894562063,6.270226011967576,0.0,7,0.0,-4.346724407391511,,0.010793856934548412,0.5814158243661579,0.24042042259410587,-1.1110698164955894,25,-0.06966658864502687,0.06270226011967577,0.02,0.06270226011967577,chart_cl_1.csv,304,20250902_210613:304,sobol,10,26,34,72,16,13,1.9000000000000001,2.2,1.3,0.9,43,0.6
6,2108,1194,306,300,2023-07-01 01:00:00,2023-07-25 23:00:00,-6.407728850619583,-3.3217308221123436,-4.11382502292764,-6.842083904084108,9.057470423770447,0.0,9,0.0,-2.001006774049834,,0.03835689771325476,0.8528208075062574,0.5927970741082579,-0.7957351270787999,24,-0.07207347378671448,0.09057470423770447,0.05753534656988214,0.09057470423770447,chart_cl_1.csv,353,20250902_210613:353,sobol,13,27,56,102,17,18,2.6,2.3,0.9,1.3,8,0.6
4,2108,432,414,282,2023-05-07 13:00:00,2023-05-30 23:00:00,-6.772139383119493,-2.6265860767255185,-3.464166069612104,-5.984368962624973,11.087196499704852,0.0,3,0.0,-12.774558111854478,,0.0666731134661846,0.8766502622866443,0.6623531077192945,-0.683569288578328,23,-0.07578867023631373,0.11087196499704852,0.1000096701992769,0.11087196499704852,chart_cl_1.csv,14,20250902_210613:14,sobol,6,17,34,138,10,18,2.0,2.9000000000000004,1.4000000000000001,1.2000000000000002,45,0.8
4,2108,513,360,291,2023-05-09 19:00:00,2023-06-02 23:00:00,-7.214145589861255,-2.275016155437635,-3.014212745991796,-4.876105905222452,13.86343966519685,0.0,7,0.0,-10.343523407483183,,0.08364626640038218,0.8915136345906669,0.6982744544484354,-0.5847495284116438,24,-0.08106639806387135,0.1386343966519685,0.12546939960057327,0.1386343966519685,chart_cl_1.csv,103,20250902_210613:103,sobol,13,25,35,120,13,15,2.2,2.2,1.4000000000000001,1.2000000000000002,45,0.6
4,2108,603,300,301,2023-05-12 07:00:00,2023-06-06 07:00:00,-7.240183850030121,-4.211422875378657,-4.483765370401084,-8.983207213612328,7.402764548870448,0.0,10,0.0,-3.891839867445302,,0.015908155516885264,0.6450918903974215,0.30498094123112207,-1.1040414654092445,25,-0.08172959020614534,0.07402764548870448,0.023862233275327896,0.07402764548870448,chart_cl_1.csv,188,20250902_210613:188,sobol,10,27,35,80,12,18,2.8,3.0,1.1,0.9,41,0.6
4,2108,531,348,293,2023-05-10 07:00:00,2023-06-03 15:00:00,-7.425262190172541,-2.3995278080995113,-3.150596835458859,-5.547631629880686,12.337244452567234,0.0,9,0.0,-8.53947208545623,,0.07204454972140127,0.8802872948887085,0.6763707831218984,-0.6761464838827372,24,-0.08341784457405141,0.12337244452567234,0.1080668245821019,0.12337244452567234,chart_cl_1.csv,25,20250902_210613:25,sobol,12,28,30,116,18,14,2.6,2.6,1.6,1.0,38,0.65
4,2108,516,357,291,2023-05-09 19:00:00,2023-06-02 23:00:00,-7.681252686969771,-2.3462958219342873,-3.1000695860179883,-5.005524675073207,13.978498931835054,0.0,7,0.0,-10.510140221079252,,0.08637681253874412,0.8914158056869479,0.708546042836382,-0.6171442940222147,24,-0.08626750854777626,0.13978498931835054,0.12956521880811617,0.13978498931835054,chart_cl_1.csv,153,20250902_210613:153,sobol,8,18,36,119,13,12,3.0,2.5,1.3,1.6,28,0.7
4,2108,381,447,276,2023-05-06 01:00:00,2023-05-28 23:00:00,-7.986585888752881,-4.746481968893103,-6.210663142501408,-7.073162369207066,10.364661397608659,0.0,2,0.0,-0.4485564946861977,,0.0694285249357113,0.8105125220768464,0.5668132648386436,-0.853132921041002,22,-0.08884764042295715,0.10364661397608659,0.10414278740356696,0.10414278740356696,chart_cl_1.csv,358,20250902_210613:358,sobol,6,28,32,149,14,15,2.5,2.1,0.8,1.5,16,0.75
4,2108,507,363,290,2023-05-09 13:00:00,2023-06-02 15:00:00,-8.614764825942627,-2.614673461621284,-3.420550590397183,-5.225978398196975,14.226935123003463,0.0,5,0.0,-13.900582612386568,,0.08923078848475963,0.8733403076828766,0.6888756884189793,-0.6793063876257398,24,-0.09664447905393242,0.14226935123003462,0.13384618272713944,0.14226935123003462,chart_cl_1.csv,386,20250902_210613:386,sobol,7,19,40,121,18,13,2.4000000000000004,2.4000000000000004,1.5,1.1,26,0.6
4,2108,477,384,287,2023-05-08 19:00:00,2023-06-01 15:00:00,-9.263088176758218,-5.26425875724116,-6.585738933135341,-6.6620942575428606,11.605295240479093,0.0,4,0.0,-17.161892169533473,,0.092542464501433,0.7858495767414895,0.5445571661331989,-0.7446718710942232,23,-0.10337065529392925,0.11605295240479092,0.1388136967521495,0.1388136967521495,chart_cl_1.csv,6,20250902_210613:6,sobol,11,20,44,128,15,12,2.2,1.9000000000000001,1.1,1.4000000000000001,13,0.6
4,2108,525,351,292,2023-05-10 01:00:00,2023-06-03 07:00:00,-9.86368758772663,-2.9948374385641428,-3.9188341073193875,-5.635281297045213,14.007843105892784,0.0,5,0.0,-18.527713468337716,,0.09908488842602663,0.8690744018365104,0.7018161243402229,-0.7434112303659065,24,-0.11049122822319153,0.14007843105892784,0.14862733263903993,0.14862733263903993,chart_cl_1.csv,192,20250902_210613:192,sobol,10,21,47,117,20,11,2.0,2.1,1.5,1.3,22,0.8
4,2108,414,426,280,2023-05-07 01:00:00,2023-05-30 07:00:00,-9.93945507146015,-4.033233909253445,-5.224287239513393,-5.09940656070483,15.797086910953986,33.33333333333333,4,0.19376829567161324,-12.402151840310783,,0.120404199948333,0.835531595746694,0.6492542413748519,-0.6136696978533617,23,-0.11083261350385387,0.15797086910953986,0.1806062999224995,0.1806062999224995,chart_cl_1.csv,242,20250902_210613:242,sobol,11,24,36,142,11,10,2.6,1.8,1.4000000000000001,0.8,19,0.75
4,2108,426,417,281,2023-05-07 07:00:00,2023-05-30 15:00:00,-9.981266900249977,-3.971349923404856,-5.19351788405774,-4.879565006202473,16.514417504265168,66.66666666666666,4,0.2655640617022441,-7.26648480160007,,0.1260271927341694,0.8367378756148923,0.651271448589578,-0.5887275209581355,23,-0.11129351512755105,0.1651441750426517,0.1890407891012541,0.1890407891012541,chart_cl_1.csv,300,20250902_210613:300,sobol,14,16,54,139,19,12,2.4000000000000004,1.8,1.6,1.0,38,0.7
3,2108,302,300,301,2023-04-17 05:00:00,2023-05-12 05:00:00,-10.294935673335209,-2.703250379342677,-3.5333777557578636,-4.385093294752696,18.111673848773453,87.5,9,3.4987121163317356,3.9305783976765536,,0.0552256073775678,0.8931681090315005,0.7529879998621377,-0.6392333245963712,25,-0.11577585488356608,0.18111673848773452,0.0828384110663517,0.18111673848773452,chart_cl_1.csv,195,20250902_210613:195,sobol,14,24,44,90,17,12,2.7,1.8,1.4000000000000001,1.6,16,0.8
4,2108,489,375,288,2023-05-09 01:00:00,2023-06-01 23:00:00,-10.401377252166345,-2.9646805998763615,-3.9222936922903786,-5.292300581348624,15.339566364000143,0.0,5,0.0,-16.933574865448097,,0.09894329820299724,0.8659967008083856,0.7058129465365809,-0.7557059174313824,23,-0.11592201072106302,0.15339566364000143,0.14841494730449586,0.15339566364000143,chart_cl_1.csv,126,20250902_210613:126,sobol,9,23,39,125,14,14,1.9000000000000001,1.9000000000000001,0.9,0.8,43,0.65
4,2108,417,423,280,2023-05-07 01:00:00,2023-05-30 07:00:00,-10.881121230266501,-3.1828094643545155,-4.153376095455768,-5.4436884475073555,15.339566364000143,0.0,3,0.0,-23.391125300623994,,0.09754372445856198,0.8550395207850181,0.6978817336144298,-0.7901265967124205,23,-0.12120199366231751,0.15339566364000143,0.14631558668784297,0.15339566364000143,chart_cl_1.csv,277,20250902_210613:277,sobol,8,17,38,141,15,18,2.7,2.1,1.5,1.6,48,0.8
4,2108,462,393,285,2023-05-08 07:00:00,2023-05-31 23:00:00,-11.035024900703911,-3.2566327733047933,-4.249394847717683,-5.4382424758619665,15.339566364000143,0.0,5,0.0,-17.390703654960504,,0.09690251513659769,0.850270527370594,0.6881021608530705,-0.8011607565118479,23,-0.12289458592746051,0.15339566364000143,0.14535377270489652,0.15339566364000143,chart_cl_1.csv,378,20250902_210613:378,sobol,11,22,30,131,13,18,1.8,2.5,0.8,1.4000000000000001,32,0.8
4,2108,489,375,288,2023-05-09 01:00:00,2023-06-01 23:00:00,-11.04237442724567,-3.1260419014078593,-4.102453275937674,-5.419202749466146,15.339566364000143,0.0,5,0.0,-17.187528269435674,,0.10000771234249707,0.8621968267875065,0.7077806693898969,-0.8016875838223547,23,-0.12297539895237938,0.15339566364000143,0.1500115685137456,0.15339566364000143,chart_cl_1.csv,48,20250902_210613:48,sobol,6,28,46,125,19,16,2.6,2.4000000000000004,1.5,1.6,48,0.85
4,2108,504,366,290,2023-05-09 13:00:00,2023-06-02 15:00:00,-11.10086272194293,-3.2237275525688323,-4.204444024639939,-5.416627048546212,15.339566364000143,0.0,5,0.0,-17.89039822238847,,0.10281296038518203,0.8548866108042736,0.6940342048213383,-0.8051301552810186,24,-0.12416672213973423,0.15339566364000143,0.15421944057777304,0.15421944057777304,chart_cl_1.csv,327,20250902_210613:327,sobol,7,24,53,122,15,10,2.8,2.5,1.5,1.4000000000000001,31,0.75
4,2108,498,369,289,2023-05-09 07:00:00,2023-06-02 07:00:00,-11.207807791379071,-3.236644425206082,-4.2405131801827975,-5.443193670660484,15.339566364000143,0.0,5,0.0,-17.184728631408035,,0.10021175412455494,0.8555563651137491,0.6975410527950838,-0.8171479726872953,24,-0.12534695556244943,0.15339566364000143,0.1503176311868324,0.15339566364000143,chart_cl_1.csv,258,20250902_210613:258,sobol,13,28,43,123,12,11,1.8,2.1,1.2000000000000002,1.5,35,0.65
4,2108,459,396,285,2023-05-08 07:00:00,2023-05-31 23:00:00,-11.474089988924812,-3.39805622574712,-4.438438483227371,-5.5173778935044435,15.339566364000143,0.0,4,0.0,-20.312731369793543,,0.09949600982041064,0.8454304055110163,0.6854181757244288,-0.83261794396109,23,-0.12771998207248492,0.15339566364000143,0.14924401473061596,0.15339566364000143,chart_cl_1.csv,184,20250902_210613:184,sobol,10,20,58,132,16,13,2.6,2.1,1.0,1.2000000000000002,41,0.7
4,2108,453,399,284,2023-05-08 01:00:00,2023-05-31 15:00:00,-11.495474953734073,-3.6066725266302995,-4.673104551924313,-5.5276635720783025,15.339566364000143,0.0,4,0.0,-21.626378447583175,,0.09915139931922515,0.8225044335073012,0.6471346724020852,-0.8341492675215744,23,-0.127954880466293,0.15339566364000143,0.14872709897883774,0.15339566364000143,chart_cl_1.csv,223,20250902_210613:223,sobol,12,18,38,133,11,13,2.3,2.5,0.9,1.6,47,0.75
3,2108,302,300,301,2023-04-17 05:00:00,2023-05-12 05:00:00,-11.700089278450116,-3.525541965651818,-4.494909612988079,-5.241372087760046,15.958675706364462,85.71428571428571,8,2.270774900735649,1.8193538028674812,,0.047087608891013336,0.8561215456009705,0.701425577002346,-0.8230616385942235,25,-0.1313497377667416,0.1595867570636446,0.07063141333652001,0.1595867570636446,chart_cl_1.csv,369,20250902_210613:369,sobol,9,18,60,84,11,10,1.9000000000000001,1.8,1.2000000000000002,1.4000000000000001,22,0.85
4,2108,468,390,286,2023-05-08 13:00:00,2023-06-01 07:00:00,-11.881156875616924,-3.6666560431750606,-4.7501185834243795,-5.579511465539159,15.339566364000143,0.0,3,0.0,-25.68651473104545,,0.10305640463038236,0.8275513864511623,0.659189402800934,-0.8551259685780164,23,-0.13218931174158555,0.15339566364000143,0.15458460694557355,0.15458460694557355,chart_cl_1.csv,211,20250902_210613:211,sobol,11,26,57,130,18,15,2.9000000000000004,2.8,1.0,1.2000000000000002,50,0.75
4,2108,486,378,288,2023-05-09 01:00:00,2023-06-01 23:00:00,-14.651288537726145,-4.332747005396249,-5.4897253415065395,-4.935755717612394,18.439502409303987,0.0,5,0.0,-23.953380199670647,,0.13285284161529118,0.8085725161211884,0.6586149493021096,-0.8153939013241838,23,-0.1624910952400442,0.18439502409303987,0.19927926242293675,0.19927926242293675,chart_cl_1.csv,347,20250902_210613:347,sobol,12,17,36,126,20,17,2.0,2.0,1.1,1.6,24,0.7
4,2108,432,414,282,2023-05-07 13:00:00,2023-05-30 23:00:00,-21.0982291893989,-6.201735961110014,-7.511570876269325,-3.882319559753157,25.108462122446905,0.0,2,0.0,-60.169423033148426,,0.20103121533831209,0.7340691105943473,0.604576001394127,-0.770206425530234,23,-0.2322533006785802,0.25108462122446906,0.30154682300746816,0.30154682300746816,chart_cl_1.csv,83,20250902_210613:83,sobol,13,19,47,138,17,17,2.9000000000000004,1.8,1.5,0.8,42,0.6
4,2108,381,447,276,2023-05-06 01:00:00,2023-05-28 23:00:00,-21.553600607506333,-6.026779297044402,-7.4574008217292285,-3.654683263662011,26.78129446601712,,1,,,,0.20855960926113828,0.7473740634536143,0.6270772017031431,-0.7550243280860821,22,-0.23620136827243016,0.2678129446601712,0.31283941389170744,0.31283941389170744,chart_cl_1.csv,145,20250902_210613:145,sobol,13,22,42,149,18,17,2.5,2.3,1.2000000000000002,0.9,29,0.8
