fold_id,bars_total,bars_train,bars_embargo,bars_val,val_start,val_end,total_return,sharpe_ratio,sortino_ratio,calmar_ratio,max_drawdown,win_rate,total_trades,profit_factor,expectancy,avg_hold_hours,ulcer_index,omega_0,omega_fees,calmar_robust,val_days,cagr_adj,maxdd_obs_frac,dd_floor,dd_adj,chart,trial_id,trial_uid,method,param_fast_min_len,param_fast_max_len,param_slow_min_len,param_slow_max_len,param_dma_atr_len,param_atr_len,param_upper_outer_mult,param_lower_outer_mult,param_upper_inner_mult,param_lower_inner_mult,param_momentum_len,param_momentum_threshold
5,2108,904,300,301,2023-06-06 09:00:00,2023-07-01 09:00:00,9.057881648285477,3.1308021647324895,4.87758920990713,38.889029608001316,6.509700017525477,100.0,9,inf,4.802349148220042,,0.02528735781612647,1.1873923302621188,0.9050422932975482,1.6022047763191134,25,0.10429872460483935,0.06509700017525477,0.0379310367241897,0.06509700017525477,chart_cl_1.csv,87,20250830_150755:87,random,6,20,33,51,10,18,4.8,4.8,2.9,2.4,14,0.5
5,2108,904,300,301,2023-06-06 09:00:00,2023-07-01 09:00:00,8.887953005638769,3.654424894940824,6.03303640889363,52.40623458740406,4.679455664106187,88.88888888888889,10,37.391901328919566,4.140989959122752,,0.02048888687811999,1.2356563436429255,0.8750250178808087,2.186602015178987,25,0.10232107185075313,0.04679455664106187,0.030733330317179987,0.04679455664106187,chart_cl_1.csv,135,20250830_150755:135,random,6,26,31,48,12,16,4.2,4.6,0.7,2.7,14,0.55
5,2108,904,300,301,2023-06-06 09:00:00,2023-07-01 09:00:00,6.3424078167141875,2.907795329307463,4.639986288533034,26.475709472185034,5.465075900851059,85.71428571428571,8,30.631352640820726,3.5638020156856753,,0.020785224772073604,1.2008726033088535,0.8062976809515712,1.3319426038943687,25,0.07279167425859923,0.054650759008510595,0.031177837158110407,0.054650759008510595,chart_cl_1.csv,271,20250830_150755:271,random,8,18,36,54,10,6,4.6,4.6,2.8,1.5,16,0.5
5,2108,904,300,301,2023-06-06 09:00:00,2023-07-01 09:00:00,6.3424078167141875,2.907795329307463,4.639986288533034,26.475709472185034,5.465075900851059,85.71428571428571,8,30.631352640820726,3.5638020156856753,,0.020785224772073604,1.2008726033088535,0.8062976809515712,1.3319426038943687,25,0.07279167425859923,0.054650759008510595,0.031177837158110407,0.054650759008510595,chart_cl_1.csv,31,20250830_150755:31,random,12,18,34,57,14,8,4.6,4.2,1.3,1.9,16,0.5
3,2108,302,300,301,2023-04-17 05:00:00,2023-05-12 05:00:00,6.284228701401212,3.2447928933106724,4.70618720264626,29.6439296806067,4.815521224481448,100.0,9,inf,3.3548020461906205,,0.015860548021308103,1.1919242614506946,0.7973304288457291,1.4976338499634199,25,0.07211887591000712,0.04815521224481448,0.023790822031962155,0.04815521224481448,chart_cl_1.csv,381,20250830_150755:381,random,8,20,32,58,8,16,2.8,2.4,0.5,1.2,16,0.8
5,2108,904,300,301,2023-06-06 09:00:00,2023-07-01 09:00:00,6.2628139279935064,3.431925562712305,5.12064211928164,53.37408134193198,2.661220823611536,100.0,11,inf,2.352500968700483,,0.011848170165337178,1.1989595453330009,0.7867822706121477,2.7006873297788494,25,0.0718712536007131,0.02661220823611536,0.02,0.02661220823611536,chart_cl_1.csv,399,20250830_150755:399,random,6,26,29,57,14,10,2.4,2.0,0.5,1.9,16,0.65
5,2108,904,300,301,2023-06-06 09:00:00,2023-07-01 09:00:00,5.831778940407684,3.8482771415300343,5.497931505826665,50.29474251758012,2.5477766722823114,100.0,11,inf,2.1456901722032975,,0.008380102998586537,1.2521377933265587,0.7183159152696685,2.6254200100658713,25,0.06688983856589018,0.025477766722823113,0.02,0.025477766722823113,chart_cl_1.csv,195,20250830_150755:195,random,14,26,34,51,6,8,2.0,2.6,0.9,1.0,12,0.8500000000000001
5,2108,904,300,301,2023-06-06 09:00:00,2023-07-01 09:00:00,5.74916629951939,3.2716615263734306,4.787960999846172,49.32900852150577,2.545398945651411,100.0,11,inf,2.234214729304645,,0.011763953426431361,1.1894333773252233,0.7690695317731587,2.5903870408866565,25,0.06593568442701975,0.02545398945651411,0.02,0.02545398945651411,chart_cl_1.csv,347,20250830_150755:347,random,14,26,30,53,14,8,2.4,2.4,3.0,1.5,12,0.7
5,2108,904,300,301,2023-06-06 09:00:00,2023-07-01 09:00:00,5.186065919859461,2.2758117965149447,3.394325583864943,20.218106830019558,5.376425139819569,90.0,11,11.920319124762205,2.483831913294965,,0.02039572336460058,1.1322552574377573,0.816431679802473,1.105512911232785,25,0.059437074083470647,0.053764251398195684,0.03059358504690087,0.053764251398195684,chart_cl_1.csv,99,20250830_150755:99,random,14,20,28,43,16,10,4.8,3.4,0.8,0.5,14,0.5
5,2108,904,300,301,2023-06-06 09:00:00,2023-07-01 09:00:00,4.865055316151679,2.491122076593501,4.0194745566099925,24.333840989523708,4.093977684112485,87.5,9,26.287289711480916,2.661168838466965,,0.01544359299748915,1.1695822569520538,0.758456332549431,1.3614218629689634,25,0.05573630725657781,0.04093977684112485,0.023165389496233722,0.04093977684112485,chart_cl_1.csv,335,20250830_150755:335,random,10,22,32,47,10,18,3.2,3.6,2.4,1.9,16,0.5
5,2108,904,300,301,2023-06-06 09:00:00,2023-07-01 09:00:00,4.850722812484534,3.6632239319756863,5.331137473126503,42.273512827908874,2.34722754409329,100.0,11,inf,1.9418430723659188,,0.008831532015607836,1.214352752884026,0.6826211136633957,2.367522571770983,25,0.05557114191723435,0.023472275440932902,0.02,0.023472275440932902,chart_cl_1.csv,279,20250830_150755:279,random,12,20,36,55,10,10,3.0,2.2,1.9,2.7,18,0.55
5,2108,904,300,301,2023-06-06 09:00:00,2023-07-01 09:00:00,4.813682329456187,2.946662871449339,4.162262664212383,38.54492664847549,2.5477766722823114,91.66666666666666,13,27.30364245336907,1.7191474120872012,,0.01038356404165537,1.1674269067483622,0.7367753561052415,2.1644094911138794,25,0.05514432010726371,0.025477766722823113,0.02,0.025477766722823113,chart_cl_1.csv,243,20250830_150755:243,random,14,26,30,42,6,8,3.2,3.0,3.0,3.0,10,0.75
5,2108,904,300,301,2023-06-06 09:00:00,2023-07-01 09:00:00,4.7529637714997515,2.906735719335023,4.107921645242126,37.89170894729118,2.5477766722823114,100.0,12,inf,1.9147046703754662,,0.010426717360359966,1.1642954664172223,0.7366297393297987,2.136950860315857,25,0.054444735517263566,0.025477766722823113,0.02,0.025477766722823113,chart_cl_1.csv,115,20250830_150755:115,random,14,18,31,44,12,6,1.8,2.2,2.2,2.9,10,0.75
5,2108,904,300,301,2023-06-06 09:00:00,2023-07-01 09:00:00,4.414278338997647,4.490091021273685,7.127300302382482,39.481679009472366,2.2160340028880796,100.0,11,inf,1.6188118986417765,,0.004472466028221043,1.323354890789122,0.546916477913892,2.28084778087126,25,0.05054436237822532,0.022160340028880798,0.02,0.022160340028880798,chart_cl_1.csv,123,20250830_150755:123,random,6,18,32,57,18,14,3.6,2.2,2.2,2.9,16,0.95
5,2108,904,300,301,2023-06-06 09:00:00,2023-07-01 09:00:00,4.07779417770238,3.310001581871745,5.34022839424731,31.825067257953645,2.478862788953067,100.0,12,inf,1.4126652366352057,,0.00910003302905198,1.2071903463080629,0.6277328923407951,1.8828188104637695,25,0.04667249487599516,0.024788627889530672,0.02,0.024788627889530672,chart_cl_1.csv,247,20250830_150755:247,random,10,22,28,53,6,16,4.0,2.6,2.9,2.1,16,0.7
5,2108,904,300,301,2023-06-06 09:00:00,2023-07-01 09:00:00,3.80500078050137,5.07907693694835,7.910140863731699,58.024001259605235,1.2440872843254545,100.0,11,inf,1.3873565763481719,,0.003975813181443686,1.3630148420670214,0.45475218037735804,2.176790743715789,25,0.04353581487431578,0.012440872843254545,0.02,0.02,chart_cl_1.csv,111,20250830_150755:111,random,12,22,27,58,12,12,4.4,2.8,0.7,1.3,16,0.8500000000000001
5,2108,904,300,301,2023-06-06 09:00:00,2023-07-01 09:00:00,3.80500078050137,5.07907693694835,7.910140863731699,58.024001259605235,1.2440872843254545,100.0,11,inf,1.3873565763481719,,0.003975813181443686,1.3630148420670214,0.45475218037735804,2.176790743715789,25,0.04353581487431578,0.012440872843254545,0.02,0.02,chart_cl_1.csv,147,20250830_150755:147,random,10,24,36,57,10,14,4.4,2.6,1.9,2.1,18,0.65
3,2108,302,300,301,2023-04-17 05:00:00,2023-05-12 05:00:00,3.654798142859101,3.725187625704938,5.787639816729224,31.111335868137797,2.204879939803342,100.0,12,inf,1.3755401169368806,,0.00652520592528711,1.2533309155375667,0.54335329735733,1.8962307527917783,25,0.04180961148068782,0.02204879939803342,0.02,0.02204879939803342,chart_cl_1.csv,233,20250830_150755:233,random,6,26,33,47,12,6,2.6,2.6,1.0,0.7,16,0.8
5,2108,904,300,301,2023-06-06 09:00:00,2023-07-01 09:00:00,3.6327270165122103,1.957947159664684,3.090260925984955,16.827844913128402,4.045385920394512,77.77777777777779,10,12.956923976558604,1.7589765279539047,,0.015328902625576412,1.1318714977876418,0.7259556870425501,1.02724468690792,25,0.04155601193217368,0.04045385920394512,0.022993353938364616,0.04045385920394512,chart_cl_1.csv,171,20250830_150755:171,random,14,20,34,45,6,14,2.4,3.6,0.9,1.3,12,0.5
5,2108,904,300,301,2023-06-06 09:00:00,2023-07-01 09:00:00,3.6327270165122103,1.957947159664684,3.090260925984955,16.827844913128402,4.045385920394512,77.77777777777779,10,12.956923976558604,1.7589765279539047,,0.015328902625576412,1.1318714977876418,0.7259556870425501,1.02724468690792,25,0.04155601193217368,0.04045385920394512,0.022993353938364616,0.04045385920394512,chart_cl_1.csv,35,20250830_150755:35,random,6,18,34,42,12,18,3.8,5.0,1.2,0.7,12,0.5
5,2108,904,300,301,2023-06-06 09:00:00,2023-07-01 09:00:00,3.498136415482009,3.6050580459368557,5.064256865113784,24.568122007924444,2.642716166298324,100.0,12,inf,1.1974530334360765,,0.005279530593321307,1.2675865312398182,0.506207337916749,1.5139667747762273,25,0.0400098447093967,0.026427161662983242,0.02,0.026427161662983242,chart_cl_1.csv,95,20250830_150755:95,random,6,24,27,49,12,16,3.2,2.2,2.0,2.9,12,0.9
3,2108,302,300,301,2023-04-17 05:00:00,2023-05-12 05:00:00,3.2001429861641535,3.7170517348904455,5.4681251957579855,28.759875072039126,2.021909227271616,100.0,10,inf,1.4969455721128113,,0.0068224319431416085,1.2274976268194506,0.5147247025911977,1.8095920102081302,25,0.036588307830368115,0.020219092272716163,0.02,0.020219092272716163,chart_cl_1.csv,245,20250830_150755:245,random,10,22,28,53,6,16,4.0,2.6,2.9,2.1,16,0.7
3,2108,302,300,301,2023-04-17 05:00:00,2023-05-12 05:00:00,2.9912939331101605,3.473296583983155,5.0947227483928765,26.592853506031563,2.013922290799368,100.0,10,inf,1.4061092425940884,,0.006780475045665179,1.208088587675247,0.512344063361323,1.697771058076428,25,0.03419178978534147,0.020139222907993682,0.02,0.020139222907993682,chart_cl_1.csv,109,20250830_150755:109,random,12,22,27,58,12,12,4.4,2.8,0.7,1.3,16,0.8500000000000001
5,2108,904,300,301,2023-06-06 09:00:00,2023-07-01 09:00:00,2.857189449038483,2.3321345399554207,3.6136480027937243,14.702088845985948,3.4465836871983035,85.71428571428571,8,14.648556052271559,1.641529907861036,,0.012714298598129704,1.1602309569139915,0.597307890068647,0.9474191987125542,25,0.03265359555221177,0.034465836871983034,0.02,0.034465836871983034,chart_cl_1.csv,287,20250830_150755:287,random,8,24,35,58,14,12,2.4,3.6,0.7,1.3,16,0.55
5,2108,904,300,301,2023-06-06 09:00:00,2023-07-01 09:00:00,2.831456378058782,2.821167336054186,4.149791550049879,22.232459125018067,2.254558632409579,90.9090909090909,12,23.608087982589122,1.0242816258478056,,0.008287396789716734,1.159520726397519,0.5582124659026781,1.435247274453999,25,0.03235849132262584,0.02254558632409579,0.02,0.02254558632409579,chart_cl_1.csv,315,20250830_150755:315,random,8,24,28,54,8,12,1.8,2.6,1.3,2.1,8,0.8500000000000001
5,2108,904,300,301,2023-06-06 09:00:00,2023-07-01 09:00:00,2.780663480290446,1.4912193858158522,2.144530396558315,10.242716530524984,4.788666229064105,91.66666666666666,13,9.421913192435632,1.17454344946345,,0.016611499104835944,1.079785352888534,0.7471562124736274,0.6635680171648668,25,0.03177605754484428,0.04788666229064105,0.024917248657253914,0.04788666229064105,chart_cl_1.csv,155,20250830_150755:155,random,14,24,28,51,8,10,1.8,2.6,1.7,0.8,10,0.5
5,2108,904,300,301,2023-06-06 09:00:00,2023-07-01 09:00:00,2.5091575839375864,2.228363407351885,3.295433767220239,17.097118387319554,2.5396699183829132,100.0,12,inf,0.9803907670767207,,0.008194236406551049,1.1226957631134442,0.590732330782023,1.1286490179028792,25,0.028663959591803602,0.02539669918382913,0.02,0.02539669918382913,chart_cl_1.csv,311,20250830_150755:311,random,14,22,30,54,10,10,1.8,2.8,2.2,2.8,10,0.7
5,2108,904,300,301,2023-06-06 09:00:00,2023-07-01 09:00:00,2.2888291896697908,2.2934760563237906,3.1113450567473517,15.106289045608785,2.581712855069994,100.0,12,inf,1.1974530334360765,,0.0055909974384284935,1.1595014743916905,0.4892808035294712,1.012505381463163,25,0.02613998159150996,0.02581712855069994,0.02,0.02581712855069994,chart_cl_1.csv,299,20250830_150755:299,random,6,22,29,49,14,12,2.8,2.0,2.4,1.5,14,0.75
5,2108,904,300,301,2023-06-06 09:00:00,2023-07-01 09:00:00,2.1202895540399247,1.099069471952258,1.6340487678595947,5.616995582634363,6.3564853096439835,85.71428571428571,8,9.881596580340117,1.4926757355299545,,0.022348481609547114,1.073379014011936,0.721954025197495,0.3808737099007144,25,0.02421018141813495,0.06356485309643983,0.03352272241432067,0.06356485309643983,chart_cl_1.csv,39,20250830_150755:39,random,10,26,36,48,8,6,3.0,3.4,1.2,1.6,10,0.5
5,2108,904,300,301,2023-06-06 09:00:00,2023-07-01 09:00:00,1.5487172819168453,1.2477606196606317,1.9541377435193004,8.336905245432634,3.0060733871243386,87.5,9,11.094709516136138,1.0623410695342639,,0.010447154122390142,1.0845157580603055,0.5744075944095182,0.5878592974480268,25,0.017671481894321238,0.030060733871243386,0.02,0.030060733871243386,chart_cl_1.csv,23,20250830_150755:23,random,12,20,34,45,8,16,2.8,3.6,0.8,2.6,16,0.55
3,2108,302,300,301,2023-04-17 05:00:00,2023-05-12 05:00:00,1.5235858810473732,3.175366885847795,4.729296053325505,22.064075434436862,1.1154661722758128,100.0,14,inf,0.48007054276783656,,0.0029377214613656847,1.2418267172529085,0.25350374470737247,0.8692095391637308,25,0.017384190783274616,0.011154661722758127,0.02,0.02,chart_cl_1.csv,69,20250830_150755:69,random,6,22,27,43,8,12,2.6,1.8,0.5,2.3,18,0.55
6,2108,1205,300,301,2023-07-01 11:00:00,2023-07-26 11:00:00,0.9860314902866537,1.5791526645356717,2.1770149178431533,6.65379948602125,2.3065842117862547,57.14285714285714,8,40.71621335903546,0.5813833585216693,,0.01404657149899919,1.1083380499477,0.3248760173090441,0.4874440140138242,25,0.011243306668540048,0.023065842117862546,0.021069857248498785,0.023065842117862546,chart_cl_1.csv,292,20250830_150755:292,random,12,20,34,49,6,12,3.6,3.4,0.9,1.0,14,0.95
3,2108,302,300,301,2023-04-17 05:00:00,2023-05-12 05:00:00,0.9226160959552407,0.5469392163495398,0.7799638065263045,1.9966648439910366,7.160941716666107,77.77777777777779,10,5.541495320807915,1.8677852511218962,,0.027258450953131414,1.0242166097405205,0.7927317092631093,0.14689959961338867,25,0.010519394710330632,0.07160941716666107,0.04088767642969712,0.07160941716666107,chart_cl_1.csv,157,20250830_150755:157,random,12,22,30,53,8,10,1.8,1.8,2.3,1.5,16,0.6
6,2108,1205,300,301,2023-07-01 11:00:00,2023-07-26 11:00:00,0.8626125580785383,0.682536680178536,0.9295916077164696,3.073030114616408,4.332243515724325,57.14285714285714,8,2.590690135932981,0.36316601860747266,,0.018504225142429356,1.0362520038070846,0.637449863194543,0.22700786025880376,25,0.009834533306246562,0.043322435157243246,0.027756337713644032,0.043322435157243246,chart_cl_1.csv,124,20250830_150755:124,random,6,18,32,57,18,14,3.6,2.2,2.2,2.9,16,0.95
6,2108,1205,300,301,2023-07-01 11:00:00,2023-07-26 11:00:00,0.8146882659787736,0.5254155185394994,0.7289997388524178,1.7158882641150315,7.303609872587756,40.0,11,1.4460199313434148,0.19095506977714566,,0.037903828000978794,1.0241875740511606,0.7604673316673074,0.1271646842259812,25,0.009287612431573809,0.07303609872587756,0.05685574200146819,0.07303609872587756,chart_cl_1.csv,168,20250830_150755:168,random,8,22,33,58,8,14,3.6,2.0,2.3,1.3,14,0.95
6,2108,1205,300,301,2023-07-01 11:00:00,2023-07-26 11:00:00,0.6745096720367751,0.7547007396940765,1.016475333249332,3.1058286497089025,3.3088157379922483,71.42857142857143,8,4.7195146674780535,0.49191869875192185,,0.01626237598994137,1.0400511945325184,0.508536713836239,0.23235608304567273,25,0.007688234643997557,0.03308815737992248,0.024393563984912055,0.03308815737992248,chart_cl_1.csv,296,20250830_150755:296,random,8,22,34,54,16,14,1.8,2.8,1.0,2.7,14,0.8500000000000001
5,2108,904,300,301,2023-06-06 09:00:00,2023-07-01 09:00:00,0.6494033510399824,0.7453100747667766,1.2340156213754887,4.541468150705055,2.1748717830340625,83.33333333333334,7,4.629135246028379,0.48372640565643604,,0.008187970927359843,1.0663893681840273,0.400158277633273,0.3403345408441454,25,0.007401839896737854,0.021748717830340623,0.02,0.021748717830340623,chart_cl_1.csv,211,20250830_150755:211,random,6,26,32,53,14,14,4.6,4.8,2.6,2.5,12,0.7
5,2108,904,300,301,2023-06-06 09:00:00,2023-07-01 09:00:00,0.6494033510399824,0.7453100747667766,1.2340156213754887,4.541468150705055,2.1748717830340625,83.33333333333334,7,4.629135246028379,0.48372640565643604,,0.008187970927359843,1.0663893681840273,0.400158277633273,0.3403345408441454,25,0.007401839896737854,0.021748717830340623,0.02,0.021748717830340623,chart_cl_1.csv,319,20250830_150755:319,random,10,18,31,53,8,16,3.8,3.4,0.6,1.6,12,0.6
5,2108,904,300,301,2023-06-06 09:00:00,2023-07-01 09:00:00,0.4977367437623102,0.5916204004412537,0.9768401621257589,3.4490168928905316,2.172283081126088,83.33333333333334,7,3.359883665237837,0.3915170029341084,,0.008173953404457241,1.0537502015517943,0.3874149502536505,0.261112807035138,25,0.005672109329877712,0.021722830811260876,0.02,0.021722830811260876,chart_cl_1.csv,163,20250830_150755:163,random,6,18,34,51,10,12,4.2,4.0,1.8,0.6,16,0.6
6,2108,1205,300,301,2023-07-01 11:00:00,2023-07-26 11:00:00,0.4675293181464468,0.3688856944356553,0.512554378466328,0.8970044414207756,7.829438581768946,38.46153846153847,14,1.0715750935476807,0.0422244040532298,,0.040775849514802974,1.0159280997782763,0.7763384294668672,0.06804670967451394,25,0.005327675340880696,0.07829438581768945,0.06116377427220446,0.07829438581768945,chart_cl_1.csv,8,20250830_150755:8,random,10,26,28,53,16,16,2.0,1.8,1.6,3.0,18,0.9
6,2108,1205,300,301,2023-07-01 11:00:00,2023-07-26 11:00:00,0.41465127766229065,0.3548716181076925,0.4800699926037492,0.869629785843077,7.136710869507593,50.0,13,1.6099657462073167,0.25589477054678084,,0.03630698392130649,1.0177234164136328,0.7025326317307252,0.06620424185465043,25,0.004724805324515932,0.07136710869507593,0.054460475881959736,0.07136710869507593,chart_cl_1.csv,300,20250830_150755:300,random,6,22,29,49,14,12,2.8,2.0,2.4,1.5,14,0.75
5,2108,904,300,301,2023-06-06 09:00:00,2023-07-01 09:00:00,0.3924700891476504,0.6350094623561295,1.1267145022114882,3.750258409680458,1.564004469776619,83.33333333333334,7,2.549165483243355,0.18241123400822412,,0.0047758961675062085,1.0579032339491048,0.2894853415330141,0.2235968790777396,25,0.004471937581554792,0.01564004469776619,0.02,0.02,chart_cl_1.csv,323,20250830_150755:323,random,6,24,34,52,6,14,4.4,2.2,2.5,0.9,16,0.6
5,2108,904,300,301,2023-06-06 09:00:00,2023-07-01 09:00:00,0.36485207935179,0.45115100124173035,0.7406290569136489,2.437831300122971,2.2324833293106447,66.66666666666666,7,2.471475243400443,0.3029272266604277,,0.0082606741895916,1.04061487698073,0.3852726302465588,0.18621006418338723,25,0.0041571086403927714,0.022324833293106448,0.02,0.022324833293106448,chart_cl_1.csv,75,20250830_150755:75,random,14,24,36,47,18,12,3.8,5.0,1.0,2.8,16,0.65
4,2108,603,300,301,2023-05-12 07:00:00,2023-06-06 07:00:00,0.355663461377143,1.0318813646479803,1.7825356759466486,10.555026414271568,0.502322975724782,85.71428571428571,8,9.073555216103243,0.26639604912796067,,0.0011160142946588707,1.1155420298739158,0.1342957997225052,0.2026184269632053,25,0.004052368539264106,0.005023229757247821,0.02,0.02,chart_cl_1.csv,94,20250830_150755:94,random,6,24,27,49,12,16,3.2,2.2,2.0,2.9,12,0.9
5,2108,904,300,301,2023-06-06 09:00:00,2023-07-01 09:00:00,0.3518003325677421,0.40928848715743443,0.7019920955784772,2.150151914499564,2.438461493160145,71.42857142857143,8,2.1267181946850533,0.24599844773035517,,0.008523485224853957,1.039353052699901,0.39414601209282096,0.1643796240814261,25,0.0040083338358269755,0.024384614931601448,0.02,0.024384614931601448,chart_cl_1.csv,259,20250830_150755:259,random,6,20,27,46,8,16,2.0,4.2,1.5,1.5,12,0.6
5,2108,904,300,301,2023-06-06 09:00:00,2023-07-01 09:00:00,0.3518003325677421,0.40928848715743443,0.7019920955784772,2.150151914499564,2.438461493160145,71.42857142857143,8,2.1267181946850533,0.24599844773035517,,0.008523485224853957,1.039353052699901,0.39414601209282096,0.1643796240814261,25,0.0040083338358269755,0.024384614931601448,0.02,0.024384614931601448,chart_cl_1.csv,227,20250830_150755:227,random,14,20,29,46,18,6,2.0,3.6,2.8,2.2,12,0.7
5,2108,904,300,301,2023-06-06 09:00:00,2023-07-01 09:00:00,0.3518003325677421,0.40928848715743443,0.7019920955784772,2.150151914499564,2.438461493160145,71.42857142857143,8,2.1267181946850533,0.24599844773035517,,0.008523485224853957,1.039353052699901,0.39414601209282096,0.1643796240814261,25,0.0040083338358269755,0.024384614931601448,0.02,0.024384614931601448,chart_cl_1.csv,51,20250830_150755:51,random,14,24,31,48,14,18,3.8,2.4,1.7,1.1,12,0.6
5,2108,904,300,301,2023-06-06 09:00:00,2023-07-01 09:00:00,0.3518003325677421,0.40928848715743443,0.7019920955784772,2.150151914499564,2.438461493160145,71.42857142857143,8,2.1267181946850533,0.24599844773035517,,0.008523485224853957,1.039353052699901,0.39414601209282096,0.1643796240814261,25,0.0040083338358269755,0.024384614931601448,0.02,0.024384614931601448,chart_cl_1.csv,91,20250830_150755:91,random,8,18,31,46,10,18,3.4,3.4,0.7,2.3,12,0.65
5,2108,904,300,301,2023-06-06 09:00:00,2023-07-01 09:00:00,0.327781092246616,0.45617262675552644,0.7838979303676517,2.523818677411314,1.9324307648772177,71.42857142857143,8,2.3652791060655107,0.22103783894431037,,0.006741266790556481,1.0450352512136065,0.3210701183602248,0.18672773339350685,25,0.003734554667870137,0.019324307648772177,0.02,0.02,chart_cl_1.csv,355,20250830_150755:355,random,14,20,35,42,18,12,3.8,4.0,1.6,0.8,14,0.7
6,2108,1205,300,301,2023-07-01 11:00:00,2023-07-26 11:00:00,0.2543320165572851,0.2963463970411699,0.40470117956631046,0.7947691581128252,4.737692827571234,42.857142857142854,8,1.0757931834996162,0.039242855034532065,,0.023124825240986198,1.014916202597661,0.5782573415051022,0.06115756302823157,25,0.002897457477105884,0.04737692827571234,0.0346872378614793,0.04737692827571234,chart_cl_1.csv,112,20250830_150755:112,random,12,22,27,58,12,12,4.4,2.8,0.7,1.3,16,0.8500000000000001
5,2108,904,300,301,2023-06-06 09:00:00,2023-07-01 09:00:00,0.18502039302929063,0.581721886950059,1.3755742645361015,4.263023291583101,0.6395316581760894,,1,,,,0.0005282433671789388,1.1805759530882323,0.06953343888675816,0.10538260752073758,25,0.0021076521504147516,0.006395316581760894,0.02,0.02,chart_cl_1.csv,291,20250830_150755:291,random,12,20,34,49,6,12,3.6,3.4,0.9,1.0,14,0.95
5,2108,904,300,301,2023-06-06 09:00:00,2023-07-01 09:00:00,0.18502039302929063,0.581721886950059,1.3755742645361015,4.263023291583101,0.6395316581760894,,1,,,,0.0005282433671789388,1.1805759530882323,0.06953343888675816,0.10538260752073758,25,0.0021076521504147516,0.006395316581760894,0.02,0.02,chart_cl_1.csv,295,20250830_150755:295,random,8,22,34,54,16,14,1.8,2.8,1.0,2.7,14,0.8500000000000001
6,2108,1205,300,301,2023-07-01 11:00:00,2023-07-26 11:00:00,0.11768775715360393,0.22383809716196398,0.2992140682076327,0.21592225040340154,7.994805541537006,27.27272727272727,12,1.2458299925533738,0.1185558832462903,,0.03612407224437147,1.0106372471984928,0.7581186550745889,0.016767451686229003,25,0.0013405251565851766,0.07994805541537006,0.0541861083665572,0.07994805541537006,chart_cl_1.csv,152,20250830_150755:152,random,14,24,36,57,14,18,2.4,1.8,0.9,2.7,10,0.95
5,2108,904,300,301,2023-06-06 09:00:00,2023-07-01 09:00:00,0.07989231407202091,0.17707603888205814,0.26134966330782056,0.20225605044851713,5.779144502369258,66.66666666666666,7,2.7433275717645915,0.4060896744896976,,0.02064382227057574,1.0140381310350872,0.5946023070234129,0.015745813890226015,25,0.0009099733377902918,0.05779144502369258,0.030965733405863612,0.05779144502369258,chart_cl_1.csv,239,20250830_150755:239,random,14,26,31,51,8,10,5.0,4.4,1.3,1.8,8,0.6
3,2108,302,300,301,2023-04-17 05:00:00,2023-05-12 05:00:00,0.0,inf,inf,,,,0,,,,0.0,,0.0,,25,0.0,,0.02,,chart_cl_1.csv,145,20250830_150755:145,random,10,24,36,57,10,14,4.4,2.6,1.9,2.1,18,0.65
6,2108,1205,300,301,2023-07-01 11:00:00,2023-07-26 11:00:00,0.0,inf,inf,,,,0,,,,0.0,,0.0,,25,0.0,,0.02,,chart_cl_1.csv,144,20250830_150755:144,random,8,18,28,57,6,14,1.8,4.8,1.1,0.9,18,0.8
5,2108,904,300,301,2023-06-06 09:00:00,2023-07-01 09:00:00,0.0,inf,inf,,,,0,,,,0.0,,0.0,,25,0.0,,0.02,,chart_cl_1.csv,143,20250830_150755:143,random,8,18,28,57,6,14,1.8,4.8,1.1,0.9,18,0.8
3,2108,302,300,301,2023-04-17 05:00:00,2023-05-12 05:00:00,0.0,inf,inf,,,,0,,,,0.0,,0.0,,25,0.0,,0.02,,chart_cl_1.csv,141,20250830_150755:141,random,8,18,28,57,6,14,1.8,4.8,1.1,0.9,18,0.8
6,2108,1205,300,301,2023-07-01 11:00:00,2023-07-26 11:00:00,0.0,inf,inf,,,,0,,,,0.0,,0.0,,25,0.0,,0.02,,chart_cl_1.csv,140,20250830_150755:140,random,12,20,29,58,18,10,2.6,3.4,1.6,2.5,8,0.95
3,2108,302,300,301,2023-04-17 05:00:00,2023-05-12 05:00:00,0.0,inf,inf,,,,0,,,,0.0,,0.0,,25,0.0,,0.02,,chart_cl_1.csv,393,20250830_150755:393,random,10,24,30,46,16,14,4.4,4.8,2.2,1.1,10,0.8
6,2108,1205,300,301,2023-07-01 11:00:00,2023-07-26 11:00:00,0.0,inf,inf,,,,0,,,,0.0,,0.0,,25,0.0,,0.02,,chart_cl_1.csv,392,20250830_150755:392,random,10,22,34,56,14,10,1.8,4.6,1.2,0.6,12,0.8500000000000001
5,2108,904,300,301,2023-06-06 09:00:00,2023-07-01 09:00:00,0.0,inf,inf,,,,0,,,,0.0,,0.0,,25,0.0,,0.02,,chart_cl_1.csv,391,20250830_150755:391,random,10,22,34,56,14,10,1.8,4.6,1.2,0.6,12,0.8500000000000001
4,2108,603,300,301,2023-05-12 07:00:00,2023-06-06 07:00:00,0.0,inf,inf,,,,0,,,,0.0,,0.0,,25,0.0,,0.02,,chart_cl_1.csv,390,20250830_150755:390,random,10,22,34,56,14,10,1.8,4.6,1.2,0.6,12,0.8500000000000001
5,2108,904,300,301,2023-06-06 09:00:00,2023-07-01 09:00:00,0.0,inf,inf,,,,0,,,,0.0,,0.0,,25,0.0,,0.02,,chart_cl_1.csv,139,20250830_150755:139,random,12,20,29,58,18,10,2.6,3.4,1.6,2.5,8,0.95
4,2108,603,300,301,2023-05-12 07:00:00,2023-06-06 07:00:00,0.0,inf,inf,,,,0,,,,0.0,,0.0,,25,0.0,,0.02,,chart_cl_1.csv,138,20250830_150755:138,random,12,20,29,58,18,10,2.6,3.4,1.6,2.5,8,0.95
3,2108,302,300,301,2023-04-17 05:00:00,2023-05-12 05:00:00,0.0,inf,inf,,,,0,,,,0.0,,0.0,,25,0.0,,0.02,,chart_cl_1.csv,137,20250830_150755:137,random,12,20,29,58,18,10,2.6,3.4,1.6,2.5,8,0.95
3,2108,302,300,301,2023-04-17 05:00:00,2023-05-12 05:00:00,0.0,inf,inf,,,,0,,,,0.0,,0.0,,25,0.0,,0.02,,chart_cl_1.csv,389,20250830_150755:389,random,10,22,34,56,14,10,1.8,4.6,1.2,0.6,12,0.8500000000000001
4,2108,603,300,301,2023-05-12 07:00:00,2023-06-06 07:00:00,0.0,inf,inf,,,,0,,,,0.0,,0.0,,25,0.0,,0.02,,chart_cl_1.csv,374,20250830_150755:374,random,14,18,33,58,12,6,5.0,3.2,2.1,1.1,8,0.8
5,2108,904,300,301,2023-06-06 09:00:00,2023-07-01 09:00:00,0.0,inf,inf,,,,0,,,,0.0,,0.0,,25,0.0,,0.02,,chart_cl_1.csv,395,20250830_150755:395,random,10,24,30,46,16,14,4.4,4.8,2.2,1.1,10,0.8
4,2108,603,300,301,2023-05-12 07:00:00,2023-06-06 07:00:00,0.0,inf,inf,,,,0,,,,0.0,,0.0,,25,0.0,,0.02,,chart_cl_1.csv,110,20250830_150755:110,random,12,22,27,58,12,12,4.4,2.8,0.7,1.3,16,0.8500000000000001
5,2108,904,300,301,2023-06-06 09:00:00,2023-07-01 09:00:00,0.0,inf,inf,,,,0,,,,0.0,,0.0,,25,0.0,,0.02,,chart_cl_1.csv,131,20250830_150755:131,random,6,20,32,58,12,8,2.8,4.6,2.6,1.5,14,0.7
3,2108,302,300,301,2023-04-17 05:00:00,2023-05-12 05:00:00,0.0,inf,inf,,,,0,,,,0.0,,0.0,,25,0.0,,0.02,,chart_cl_1.csv,129,20250830_150755:129,random,6,20,32,58,12,8,2.8,4.6,2.6,1.5,14,0.7
3,2108,302,300,301,2023-04-17 05:00:00,2023-05-12 05:00:00,0.0,inf,inf,,,,0,,,,0.0,,0.0,,25,0.0,,0.02,,chart_cl_1.csv,125,20250830_150755:125,random,6,24,30,42,16,16,4.0,4.6,0.6,0.6,18,0.6
4,2108,603,300,301,2023-05-12 07:00:00,2023-06-06 07:00:00,0.0,inf,inf,,,,0,,,,0.0,,0.0,,25,0.0,,0.02,,chart_cl_1.csv,118,20250830_150755:118,random,8,22,34,55,8,18,2.0,3.6,0.6,3.0,8,0.8500000000000001
3,2108,302,300,301,2023-04-17 05:00:00,2023-05-12 05:00:00,0.0,inf,inf,,,,0,,,,0.0,,0.0,,25,0.0,,0.02,,chart_cl_1.csv,117,20250830_150755:117,random,8,22,34,55,8,18,2.0,3.6,0.6,3.0,8,0.8500000000000001
5,2108,904,300,301,2023-06-06 09:00:00,2023-07-01 09:00:00,0.0,inf,inf,,,,0,,,,0.0,,0.0,,25,0.0,,0.02,,chart_cl_1.csv,3,20250830_150755:3,random,12,26,34,48,8,10,3.8,3.8,2.8,2.5,14,0.8500000000000001
5,2108,904,300,301,2023-06-06 09:00:00,2023-07-01 09:00:00,0.0,inf,inf,,,,0,,,,0.0,,0.0,,25,0.0,,0.02,,chart_cl_1.csv,359,20250830_150755:359,random,14,20,27,50,16,10,4.4,3.2,1.3,2.6,12,0.8
3,2108,302,300,301,2023-04-17 05:00:00,2023-05-12 05:00:00,0.0,inf,inf,,,,0,,,,0.0,,0.0,,25,0.0,,0.02,,chart_cl_1.csv,173,20250830_150755:173,random,10,24,28,58,18,18,2.6,4.0,2.1,2.7,16,0.8
4,2108,603,300,301,2023-05-12 07:00:00,2023-06-06 07:00:00,0.0,inf,inf,,,,0,,,,0.0,,0.0,,25,0.0,,0.02,,chart_cl_1.csv,350,20250830_150755:350,random,12,22,36,49,16,16,3.2,4.6,3.0,1.8,12,0.95
3,2108,302,300,301,2023-04-17 05:00:00,2023-05-12 05:00:00,0.0,inf,inf,,,,0,,,,0.0,,0.0,,25,0.0,,0.02,,chart_cl_1.csv,349,20250830_150755:349,random,12,22,36,49,16,16,3.2,4.6,3.0,1.8,12,0.95
5,2108,904,300,301,2023-06-06 09:00:00,2023-07-01 09:00:00,0.0,inf,inf,,,,0,,,,0.0,,0.0,,25,0.0,,0.02,,chart_cl_1.csv,343,20250830_150755:343,random,14,22,36,42,16,16,4.2,4.6,0.8,1.7,14,0.8500000000000001
4,2108,603,300,301,2023-05-12 07:00:00,2023-06-06 07:00:00,0.0,inf,inf,,,,0,,,,0.0,,0.0,,25,0.0,,0.02,,chart_cl_1.csv,358,20250830_150755:358,random,14,20,27,50,16,10,4.4,3.2,1.3,2.6,12,0.8
6,2108,1205,300,301,2023-07-01 11:00:00,2023-07-26 11:00:00,0.0,inf,inf,,,,0,,,,0.0,,0.0,,25,0.0,,0.02,,chart_cl_1.csv,16,20250830_150755:16,random,14,22,33,50,18,8,2.4,4.4,2.2,3.0,8,0.95
3,2108,302,300,301,2023-04-17 05:00:00,2023-05-12 05:00:00,0.0,inf,inf,,,,0,,,,0.0,,0.0,,25,0.0,,0.02,,chart_cl_1.csv,53,20250830_150755:53,random,12,20,36,54,16,6,2.8,4.0,1.6,2.4,18,0.95
5,2108,904,300,301,2023-06-06 09:00:00,2023-07-01 09:00:00,0.0,inf,inf,,,,0,,,,0.0,,0.0,,25,0.0,,0.02,,chart_cl_1.csv,27,20250830_150755:27,random,8,24,28,51,16,12,4.4,4.8,1.9,1.2,18,0.8
3,2108,302,300,301,2023-04-17 05:00:00,2023-05-12 05:00:00,0.0,inf,inf,,,,0,,,,0.0,,0.0,,25,0.0,,0.02,,chart_cl_1.csv,357,20250830_150755:357,random,14,20,27,50,16,10,4.4,3.2,1.3,2.6,12,0.8
3,2108,302,300,301,2023-04-17 05:00:00,2023-05-12 05:00:00,0.0,inf,inf,,,,0,,,,0.0,,0.0,,25,0.0,,0.02,,chart_cl_1.csv,353,20250830_150755:353,random,14,20,35,42,18,12,3.8,4.0,1.6,0.8,14,0.7
6,2108,1205,300,301,2023-07-01 11:00:00,2023-07-26 11:00:00,0.0,inf,inf,,,,0,,,,0.0,,0.0,,25,0.0,,0.02,,chart_cl_1.csv,352,20250830_150755:352,random,12,22,36,49,16,16,3.2,4.6,3.0,1.8,12,0.95
5,2108,904,300,301,2023-06-06 09:00:00,2023-07-01 09:00:00,0.0,inf,inf,,,,0,,,,0.0,,0.0,,25,0.0,,0.02,,chart_cl_1.csv,351,20250830_150755:351,random,12,22,36,49,16,16,3.2,4.6,3.0,1.8,12,0.95
4,2108,603,300,301,2023-05-12 07:00:00,2023-06-06 07:00:00,0.0,inf,inf,,,,0,,,,0.0,,0.0,,25,0.0,,0.02,,chart_cl_1.csv,294,20250830_150755:294,random,8,22,34,54,16,14,1.8,2.8,1.0,2.7,14,0.8500000000000001
3,2108,302,300,301,2023-04-17 05:00:00,2023-05-12 05:00:00,0.0,inf,inf,,,,0,,,,0.0,,0.0,,25,0.0,,0.02,,chart_cl_1.csv,325,20250830_150755:325,random,10,20,30,54,8,6,3.2,3.2,1.1,1.2,18,0.6
3,2108,302,300,301,2023-04-17 05:00:00,2023-05-12 05:00:00,0.0,inf,inf,,,,0,,,,0.0,,0.0,,25,0.0,,0.02,,chart_cl_1.csv,301,20250830_150755:301,random,6,22,35,43,18,10,3.2,4.2,1.6,0.9,18,0.95
3,2108,302,300,301,2023-04-17 05:00:00,2023-05-12 05:00:00,0.0,inf,inf,,,,0,,,,0.0,,0.0,,25,0.0,,0.02,,chart_cl_1.csv,293,20250830_150755:293,random,8,22,34,54,16,14,1.8,2.8,1.0,2.7,14,0.8500000000000001
4,2108,603,300,301,2023-05-12 07:00:00,2023-06-06 07:00:00,0.0,inf,inf,,,,0,,,,0.0,,0.0,,25,0.0,,0.02,,chart_cl_1.csv,314,20250830_150755:314,random,8,24,28,54,8,12,1.8,2.6,1.3,2.1,8,0.8500000000000001
3,2108,302,300,301,2023-04-17 05:00:00,2023-05-12 05:00:00,0.0,inf,inf,,,,0,,,,0.0,,0.0,,25,0.0,,0.02,,chart_cl_1.csv,313,20250830_150755:313,random,8,24,28,54,8,12,1.8,2.6,1.3,2.1,8,0.8500000000000001
3,2108,302,300,301,2023-04-17 05:00:00,2023-05-12 05:00:00,0.0,inf,inf,,,,0,,,,0.0,,0.0,,25,0.0,,0.02,,chart_cl_1.csv,341,20250830_150755:341,random,14,22,36,42,16,16,4.2,4.6,0.8,1.7,14,0.8500000000000001
5,2108,904,300,301,2023-06-06 09:00:00,2023-07-01 09:00:00,0.0,inf,inf,,,,0,,,,0.0,,0.0,,25,0.0,,0.02,,chart_cl_1.csv,307,20250830_150755:307,random,12,22,30,42,12,6,4.0,4.6,0.5,3.0,18,0.75
3,2108,302,300,301,2023-04-17 05:00:00,2023-05-12 05:00:00,0.0,inf,inf,,,,0,,,,0.0,,0.0,,25,0.0,,0.02,,chart_cl_1.csv,305,20250830_150755:305,random,12,22,30,42,12,6,4.0,4.6,0.5,3.0,18,0.75
6,2108,1205,300,301,2023-07-01 11:00:00,2023-07-26 11:00:00,0.0,inf,inf,,,,0,,,,0.0,,0.0,,25,0.0,,0.02,,chart_cl_1.csv,304,20250830_150755:304,random,6,22,35,43,18,10,3.2,4.2,1.6,0.9,18,0.95
5,2108,904,300,301,2023-06-06 09:00:00,2023-07-01 09:00:00,0.0,inf,inf,,,,0,,,,0.0,,0.0,,25,0.0,,0.02,,chart_cl_1.csv,303,20250830_150755:303,random,6,22,35,43,18,10,3.2,4.2,1.6,0.9,18,0.95
4,2108,603,300,301,2023-05-12 07:00:00,2023-06-06 07:00:00,0.0,inf,inf,,,,0,,,,0.0,,0.0,,25,0.0,,0.02,,chart_cl_1.csv,302,20250830_150755:302,random,6,22,35,43,18,10,3.2,4.2,1.6,0.9,18,0.95
4,2108,603,300,301,2023-05-12 07:00:00,2023-06-06 07:00:00,0.0,inf,inf,,,,0,,,,0.0,,0.0,,25,0.0,,0.02,,chart_cl_1.csv,290,20250830_150755:290,random,12,20,34,49,6,12,3.6,3.4,0.9,1.0,14,0.95
3,2108,302,300,301,2023-04-17 05:00:00,2023-05-12 05:00:00,0.0,inf,inf,,,,0,,,,0.0,,0.0,,25,0.0,,0.02,,chart_cl_1.csv,25,20250830_150755:25,random,8,24,28,51,16,12,4.4,4.8,1.9,1.2,18,0.8
4,2108,603,300,301,2023-05-12 07:00:00,2023-06-06 07:00:00,0.0,inf,inf,,,,0,,,,0.0,,0.0,,25,0.0,,0.02,,chart_cl_1.csv,274,20250830_150755:274,random,8,24,27,49,6,10,4.6,4.6,2.8,2.6,18,0.95
3,2108,302,300,301,2023-04-17 05:00:00,2023-05-12 05:00:00,0.0,inf,inf,,,,0,,,,0.0,,0.0,,25,0.0,,0.02,,chart_cl_1.csv,273,20250830_150755:273,random,8,24,27,49,6,10,4.6,4.6,2.8,2.6,18,0.95
5,2108,904,300,301,2023-06-06 09:00:00,2023-07-01 09:00:00,0.0,inf,inf,,,,0,,,,0.0,,0.0,,25,0.0,,0.02,,chart_cl_1.csv,263,20250830_150755:263,random,6,22,32,57,12,12,2.2,2.2,2.2,3.0,12,0.6
3,2108,302,300,301,2023-04-17 05:00:00,2023-05-12 05:00:00,0.0,inf,inf,,,,0,,,,0.0,,0.0,,25,0.0,,0.02,,chart_cl_1.csv,13,20250830_150755:13,random,14,22,33,50,18,8,2.4,4.4,2.2,3.0,8,0.95
5,2108,904,300,301,2023-06-06 09:00:00,2023-07-01 09:00:00,0.0,inf,inf,,,,0,,,,0.0,,0.0,,25,0.0,,0.02,,chart_cl_1.csv,255,20250830_150755:255,random,8,24,35,47,6,18,3.6,5.0,0.9,0.8,10,0.8500000000000001
4,2108,603,300,301,2023-05-12 07:00:00,2023-06-06 07:00:00,0.0,inf,inf,,,,0,,,,0.0,,0.0,,25,0.0,,0.02,,chart_cl_1.csv,254,20250830_150755:254,random,8,24,35,47,6,18,3.6,5.0,0.9,0.8,10,0.8500000000000001
3,2108,302,300,301,2023-04-17 05:00:00,2023-05-12 05:00:00,0.0,inf,inf,,,,0,,,,0.0,,0.0,,25,0.0,,0.02,,chart_cl_1.csv,253,20250830_150755:253,random,8,24,35,47,6,18,3.6,5.0,0.9,0.8,10,0.8500000000000001
3,2108,302,300,301,2023-04-17 05:00:00,2023-05-12 05:00:00,0.0,inf,inf,,,,0,,,,0.0,,0.0,,25,0.0,,0.02,,chart_cl_1.csv,277,20250830_150755:277,random,12,20,36,55,10,10,3.0,2.2,1.9,2.7,18,0.55
6,2108,1205,300,301,2023-07-01 11:00:00,2023-07-26 11:00:00,0.0,inf,inf,,,,0,,,,0.0,,0.0,,25,0.0,,0.02,,chart_cl_1.csv,276,20250830_150755:276,random,8,24,27,49,6,10,4.6,4.6,2.8,2.6,18,0.95
5,2108,904,300,301,2023-06-06 09:00:00,2023-07-01 09:00:00,0.0,inf,inf,,,,0,,,,0.0,,0.0,,25,0.0,,0.02,,chart_cl_1.csv,275,20250830_150755:275,random,8,24,27,49,6,10,4.6,4.6,2.8,2.6,18,0.95
5,2108,904,300,301,2023-06-06 09:00:00,2023-07-01 09:00:00,0.0,inf,inf,,,,0,,,,0.0,,0.0,,25,0.0,,0.02,,chart_cl_1.csv,179,20250830_150755:179,random,6,22,35,58,6,16,4.8,4.2,2.3,2.1,14,0.9
5,2108,904,300,301,2023-06-06 09:00:00,2023-07-01 09:00:00,0.0,inf,inf,,,,0,,,,0.0,,0.0,,25,0.0,,0.02,,chart_cl_1.csv,83,20250830_150755:83,random,10,20,29,48,12,6,1.8,3.2,1.1,2.2,8,0.9
4,2108,603,300,301,2023-05-12 07:00:00,2023-06-06 07:00:00,0.0,inf,inf,,,,0,,,,0.0,,0.0,,25,0.0,,0.02,,chart_cl_1.csv,82,20250830_150755:82,random,10,20,29,48,12,6,1.8,3.2,1.1,2.2,8,0.9
3,2108,302,300,301,2023-04-17 05:00:00,2023-05-12 05:00:00,0.0,inf,inf,,,,0,,,,0.0,,0.0,,25,0.0,,0.02,,chart_cl_1.csv,81,20250830_150755:81,random,10,20,29,48,12,6,1.8,3.2,1.1,2.2,8,0.9
4,2108,603,300,301,2023-05-12 07:00:00,2023-06-06 07:00:00,0.0,inf,inf,,,,0,,,,0.0,,0.0,,25,0.0,,0.02,,chart_cl_1.csv,178,20250830_150755:178,random,6,22,35,58,6,16,4.8,4.2,2.3,2.1,14,0.9
3,2108,302,300,301,2023-04-17 05:00:00,2023-05-12 05:00:00,0.0,inf,inf,,,,0,,,,0.0,,0.0,,25,0.0,,0.02,,chart_cl_1.csv,177,20250830_150755:177,random,6,22,35,58,6,16,4.8,4.2,2.3,2.1,14,0.9
5,2108,904,300,301,2023-06-06 09:00:00,2023-07-01 09:00:00,0.0,inf,inf,,,,0,,,,0.0,,0.0,,25,0.0,,0.02,,chart_cl_1.csv,59,20250830_150755:59,random,12,18,33,42,6,6,4.2,3.4,0.7,1.1,18,0.8500000000000001
4,2108,603,300,301,2023-05-12 07:00:00,2023-06-06 07:00:00,0.0,inf,inf,,,,0,,,,0.0,,0.0,,25,0.0,,0.02,,chart_cl_1.csv,58,20250830_150755:58,random,12,18,33,42,6,6,4.2,3.4,0.7,1.1,18,0.8500000000000001
3,2108,302,300,301,2023-04-17 05:00:00,2023-05-12 05:00:00,0.0,inf,inf,,,,0,,,,0.0,,0.0,,25,0.0,,0.02,,chart_cl_1.csv,57,20250830_150755:57,random,12,18,33,42,6,6,4.2,3.4,0.7,1.1,18,0.8500000000000001
6,2108,1205,300,301,2023-07-01 11:00:00,2023-07-26 11:00:00,0.0,inf,inf,,,,0,,,,0.0,,0.0,,25,0.0,,0.02,,chart_cl_1.csv,56,20250830_150755:56,random,12,20,36,54,16,6,2.8,4.0,1.6,2.4,18,0.95
5,2108,904,300,301,2023-06-06 09:00:00,2023-07-01 09:00:00,0.0,inf,inf,,,,0,,,,0.0,,0.0,,25,0.0,,0.02,,chart_cl_1.csv,55,20250830_150755:55,random,12,20,36,54,16,6,2.8,4.0,1.6,2.4,18,0.95
4,2108,603,300,301,2023-05-12 07:00:00,2023-06-06 07:00:00,0.0,inf,inf,,,,0,,,,0.0,,0.0,,25,0.0,,0.02,,chart_cl_1.csv,54,20250830_150755:54,random,12,20,36,54,16,6,2.8,4.0,1.6,2.4,18,0.95
5,2108,904,300,301,2023-06-06 09:00:00,2023-07-01 09:00:00,0.0,inf,inf,,,,0,,,,0.0,,0.0,,25,0.0,,0.02,,chart_cl_1.csv,175,20250830_150755:175,random,10,24,28,58,18,18,2.6,4.0,2.1,2.7,16,0.8
6,2108,1205,300,301,2023-07-01 11:00:00,2023-07-26 11:00:00,0.0,inf,inf,,,,0,,,,0.0,,0.0,,25,0.0,,0.02,,chart_cl_1.csv,60,20250830_150755:60,random,12,18,33,42,6,6,4.2,3.4,0.7,1.1,18,0.8500000000000001
5,2108,904,300,301,2023-06-06 09:00:00,2023-07-01 09:00:00,0.0,inf,inf,,,,0,,,,0.0,,0.0,,25,0.0,,0.02,,chart_cl_1.csv,235,20250830_150755:235,random,6,26,33,47,12,6,2.6,2.6,1.0,0.7,16,0.8
5,2108,904,300,301,2023-06-06 09:00:00,2023-07-01 09:00:00,0.0,inf,inf,,,,0,,,,0.0,,0.0,,25,0.0,,0.02,,chart_cl_1.csv,215,20250830_150755:215,random,12,22,29,56,6,6,4.4,4.6,0.5,2.5,18,0.75
5,2108,904,300,301,2023-06-06 09:00:00,2023-07-01 09:00:00,0.0,inf,inf,,,,0,,,,0.0,,0.0,,25,0.0,,0.02,,chart_cl_1.csv,183,20250830_150755:183,random,10,24,35,48,12,16,4.6,4.8,2.5,0.9,12,0.9
4,2108,603,300,301,2023-05-12 07:00:00,2023-06-06 07:00:00,0.0,inf,inf,,,,0,,,,0.0,,0.0,,25,0.0,,0.02,,chart_cl_1.csv,182,20250830_150755:182,random,10,24,35,48,12,16,4.6,4.8,2.5,0.9,12,0.9
3,2108,302,300,301,2023-04-17 05:00:00,2023-05-12 05:00:00,0.0,inf,inf,,,,0,,,,0.0,,0.0,,25,0.0,,0.02,,chart_cl_1.csv,213,20250830_150755:213,random,12,22,29,56,6,6,4.4,4.6,0.5,2.5,18,0.75
4,2108,603,300,301,2023-05-12 07:00:00,2023-06-06 07:00:00,0.0,inf,inf,,,,0,,,,0.0,,0.0,,25,0.0,,0.02,,chart_cl_1.csv,186,20250830_150755:186,random,12,22,31,45,14,18,4.8,3.0,1.7,2.5,10,0.95
6,2108,1205,300,301,2023-07-01 11:00:00,2023-07-26 11:00:00,0.0,inf,inf,,,,0,,,,0.0,,0.0,,25,0.0,,0.02,,chart_cl_1.csv,184,20250830_150755:184,random,10,24,35,48,12,16,4.6,4.8,2.5,0.9,12,0.9
3,2108,302,300,301,2023-04-17 05:00:00,2023-05-12 05:00:00,0.0,inf,inf,,,,0,,,,0.0,,0.0,,25,0.0,,0.02,,chart_cl_1.csv,181,20250830_150755:181,random,10,24,35,48,12,16,4.6,4.8,2.5,0.9,12,0.9
4,2108,603,300,301,2023-05-12 07:00:00,2023-06-06 07:00:00,0.0,inf,inf,,,,0,,,,0.0,,0.0,,25,0.0,,0.02,,chart_cl_1.csv,206,20250830_150755:206,random,12,24,34,50,18,6,2.2,4.2,2.9,2.1,8,0.8500000000000001
3,2108,302,300,301,2023-04-17 05:00:00,2023-05-12 05:00:00,0.0,inf,inf,,,,0,,,,0.0,,0.0,,25,0.0,,0.02,,chart_cl_1.csv,205,20250830_150755:205,random,12,24,34,50,18,6,2.2,4.2,2.9,2.1,8,0.8500000000000001
4,2108,603,300,301,2023-05-12 07:00:00,2023-06-06 07:00:00,0.0,inf,inf,,,,0,,,,0.0,,0.0,,25,0.0,,0.02,,chart_cl_1.csv,194,20250830_150755:194,random,14,26,34,51,6,8,2.0,2.6,0.9,1.0,12,0.8500000000000001
5,2108,904,300,301,2023-06-06 09:00:00,2023-07-01 09:00:00,0.0,inf,inf,,,,0,,,,0.0,,0.0,,25,0.0,,0.02,,chart_cl_1.csv,187,20250830_150755:187,random,12,22,31,45,14,18,4.8,3.0,1.7,2.5,10,0.95
5,2108,904,300,301,2023-06-06 09:00:00,2023-07-01 09:00:00,0.0,inf,inf,,,,0,,,,0.0,,0.0,,25,0.0,,0.02,,chart_cl_1.csv,15,20250830_150755:15,random,14,22,33,50,18,8,2.4,4.4,2.2,3.0,8,0.95
4,2108,603,300,301,2023-05-12 07:00:00,2023-06-06 07:00:00,0.0,inf,inf,,,,0,,,,0.0,,0.0,,25,0.0,,0.02,,chart_cl_1.csv,14,20250830_150755:14,random,14,22,33,50,18,8,2.4,4.4,2.2,3.0,8,0.95
6,2108,1205,300,301,2023-07-01 11:00:00,2023-07-26 11:00:00,0.0,inf,inf,,,,0,,,,0.0,,0.0,,25,0.0,,0.02,,chart_cl_1.csv,180,20250830_150755:180,random,6,22,35,58,6,16,4.8,4.2,2.3,2.1,14,0.9
6,2108,1205,300,301,2023-07-01 11:00:00,2023-07-26 11:00:00,0.0,inf,inf,,,,0,,,,0.0,,0.0,,25,0.0,,0.02,,chart_cl_1.csv,48,20250830_150755:48,random,8,22,35,56,18,8,3.6,4.2,2.3,1.1,8,0.65
4,2108,603,300,301,2023-05-12 07:00:00,2023-06-06 07:00:00,0.0,inf,inf,,,,0,,,,0.0,,0.0,,25,0.0,,0.02,,chart_cl_1.csv,174,20250830_150755:174,random,10,24,28,58,18,18,2.6,4.0,2.1,2.7,16,0.8
3,2108,302,300,301,2023-04-17 05:00:00,2023-05-12 05:00:00,0.0,inf,inf,,,,0,,,,0.0,,0.0,,25,0.0,,0.02,,chart_cl_1.csv,65,20250830_150755:65,random,6,18,36,53,16,18,2.0,2.2,2.1,0.9,8,0.8500000000000001
3,2108,302,300,301,2023-04-17 05:00:00,2023-05-12 05:00:00,0.0,inf,inf,,,,0,,,,0.0,,0.0,,25,0.0,,0.02,,chart_cl_1.csv,1,20250830_150755:1,random,12,26,34,48,8,10,3.8,3.8,2.8,2.5,14,0.8500000000000001
4,2108,603,300,301,2023-05-12 07:00:00,2023-06-06 07:00:00,-0.0012197438817396645,0.0170381885839525,0.02384620035005038,-0.025321205771214134,0.7008998839398201,35.0,21,0.9999857804712303,-3.746790316130899e-07,,0.004870649603362337,1.0015471186792184,0.1015214561364612,-0.0006945753439192694,25,-1.3891506878385388e-05,0.007008998839398201,0.02,0.02,chart_cl_1.csv,2,20250830_150755:2,random,12,26,34,48,8,10,3.8,3.8,2.8,2.5,14,0.8500000000000001
4,2108,603,300,301,2023-05-12 07:00:00,2023-06-06 07:00:00,-0.0012197438817396645,0.0170381885839525,0.02384620035005038,-0.025321205771214134,0.7008998839398201,35.0,21,0.9999857804712303,-3.746790316130899e-07,,0.004870649603362337,1.0015471186792184,0.1015214561364612,-0.0006945753439192694,25,-1.3891506878385388e-05,0.007008998839398201,0.02,0.02,chart_cl_1.csv,342,20250830_150755:342,random,14,22,36,42,16,16,4.2,4.6,0.8,1.7,14,0.8500000000000001
6,2108,1205,300,301,2023-07-01 11:00:00,2023-07-26 11:00:00,-0.06565438344177821,0.08498773451100754,0.11527174580297436,-0.16228216307569215,5.86097100756177,30.76923076923077,14,1.0752010910846819,0.030866283195575772,,0.02828125744753185,1.0041455456932837,0.6650647481367673,-0.012756770321737538,25,-0.0007476706100582814,0.0586097100756177,0.042421886171297774,0.0586097100756177,chart_cl_1.csv,96,20250830_150755:96,random,6,24,27,49,12,16,3.2,2.2,2.0,2.9,12,0.9
5,2108,904,300,301,2023-06-06 09:00:00,2023-07-01 09:00:00,-0.10299885153204436,0.10538445869141126,0.13634779945060072,-0.2107332297640366,7.062826627192549,63.63636363636363,12,0.9462729470862791,-0.04960008642192826,,0.02416420194291551,1.0057914655111742,0.686944490254985,-0.016606596675184316,25,-0.0011728951318453905,0.07062826627192549,0.036246302914373266,0.07062826627192549,chart_cl_1.csv,103,20250830_150755:103,random,14,24,34,49,18,10,5.0,1.8,2.0,1.6,12,0.6
4,2108,603,300,301,2023-05-12 07:00:00,2023-06-06 07:00:00,-0.13837387424729858,-0.30239386587416084,-0.4365680007319584,-1.2005229996478184,1.6615898744322448,17.647058823529413,18,0.4440800241646419,-0.031525471792929194,,0.010911746442797987,0.9753846809681305,0.16144749578460918,-0.07878293719007085,25,-0.001575658743801417,0.016615898744322448,0.02,0.02,chart_cl_1.csv,210,20250830_150755:210,random,6,26,32,53,14,14,4.6,4.8,2.6,2.5,12,0.7
4,2108,603,300,301,2023-05-12 07:00:00,2023-06-06 07:00:00,-0.13938917183403132,-0.3048354211110455,-0.4400922939405434,-1.2092486499120385,1.6615898744322448,17.647058823529413,18,0.442217119371248,-0.03176436534274865,,0.010914080996635064,0.9751908441505567,0.16143842661114116,-0.07936089691852517,25,-0.0015872179383705036,0.016615898744322448,0.02,0.02,chart_cl_1.csv,346,20250830_150755:346,random,14,26,30,53,14,8,2.4,2.4,3.0,1.5,12,0.7
4,2108,603,300,301,2023-05-12 07:00:00,2023-06-06 07:00:00,-0.1448023524475579,-0.3176997307437602,-0.45863957959785173,-1.255750211727547,1.6615898744322448,17.647058823529413,18,0.432542859852652,-0.03303805489887256,,0.010927099645676387,0.9744064932444673,0.16139017986729068,-0.08244233422619719,25,-0.0016488466845239439,0.016615898744322448,0.02,0.02,chart_cl_1.csv,226,20250830_150755:226,random,14,20,29,46,18,6,2.0,3.6,2.8,2.2,12,0.7
6,2108,1205,300,301,2023-07-01 11:00:00,2023-07-26 11:00:00,-0.1691883645500809,0.10596262445766694,0.14613770781017282,-0.3072517104151199,7.921580893978305,38.46153846153847,14,0.809604495635257,-0.14377882552980448,,0.04177537830867014,1.0045329824705087,0.7729975880522602,-0.02431926083470053,25,-0.0019264699198383861,0.07921580893978306,0.0626630674630052,0.07921580893978306,chart_cl_1.csv,268,20250830_150755:268,random,14,26,28,51,14,16,2.8,1.8,0.9,1.3,14,0.95
4,2108,603,300,301,2023-05-12 07:00:00,2023-06-06 07:00:00,-0.21184441368966184,-0.2143141713794057,-0.30816238535457807,-1.0484731728673062,2.898304194031021,30.0,21,0.5974906427829433,-0.04007422432793805,,0.019112603826886395,0.9850826293781153,0.3350734054439309,-0.08322277516221471,25,-0.0024120491829154756,0.02898304194031021,0.02866890574032959,0.02898304194031021,chart_cl_1.csv,90,20250830_150755:90,random,8,18,31,46,10,18,3.4,3.4,0.7,2.3,12,0.65
4,2108,603,300,301,2023-05-12 07:00:00,2023-06-06 07:00:00,-0.2642726488353116,-0.42015503139549937,-0.5562907072383326,-2.144718050107487,1.7612838982320145,20.0,21,0.272593634793842,-0.05259481464089638,,0.011208453836903434,0.9662886131387195,0.2319154473215356,-0.15044009167502634,25,-0.003008801833500527,0.017612838982320144,0.02,0.02,chart_cl_1.csv,142,20250830_150755:142,random,8,18,28,57,6,14,1.8,4.8,1.1,0.9,18,0.8
4,2108,603,300,301,2023-05-12 07:00:00,2023-06-06 07:00:00,-0.26764932394438024,-0.10810667470345131,-0.15313786307628502,-0.935258324290593,4.089620231620839,50.0,17,1.101872340514336,0.032136324921709036,,0.015853095032308955,0.9931942550342638,0.5246147920270303,-0.07451140429501484,25,-0.003047233464913726,0.04089620231620839,0.02377964254846343,0.04089620231620839,chart_cl_1.csv,150,20250830_150755:150,random,14,24,36,57,14,18,2.4,1.8,0.9,2.7,10,0.95
4,2108,603,300,301,2023-05-12 07:00:00,2023-06-06 07:00:00,-0.2791769062466299,-0.44607762337300494,-0.5906154235328381,-2.2633973482823975,1.7612838982320145,23.52941176470588,18,0.2639172368467855,-0.06467277692177431,,0.01124602823067473,0.9648349585636868,0.2317416414013243,-0.15892161345643102,25,-0.0031784322691286206,0.017612838982320144,0.02,0.02,chart_cl_1.csv,26,20250830_150755:26,random,8,24,28,51,16,12,4.4,4.8,1.9,1.2,18,0.8
4,2108,603,300,301,2023-05-12 07:00:00,2023-06-06 07:00:00,-0.3131918360056094,-0.19329863296621358,-0.27651225231885596,-2.002450070845047,2.2282463896533216,45.45454545454545,12,1.0116534085987832,0.002955829968881607,,0.007297642909843454,0.9879347557530025,0.4863591438434247,-0.1600157275585479,25,-0.0035655446722008387,0.022282463896533215,0.02,0.022282463896533215,chart_cl_1.csv,202,20250830_150755:202,random,14,24,32,48,10,8,3.0,2.2,1.7,1.7,10,0.95
4,2108,603,300,301,2023-05-12 07:00:00,2023-06-06 07:00:00,-0.3302891853407166,-0.5105149396776864,-0.7367203962274718,-1.9183488587149937,2.4500825322863977,6.666666666666667,16,0.04092064004640002,-0.08533218540515733,,0.01610293203521477,0.9569501157211762,0.22575768027036944,-0.15346877631550637,25,-0.0037601116810199054,0.024500825322863976,0.024154398052822153,0.024500825322863976,chart_cl_1.csv,394,20250830_150755:394,random,10,24,30,46,16,14,4.4,4.8,2.2,1.1,10,0.8
6,2108,1205,300,301,2023-07-01 11:00:00,2023-07-26 11:00:00,-0.3575823514645897,-0.4900130527933653,-0.6489979853160533,-2.955833646913977,1.7183487552591727,50.0,5,0.2627334175512906,-0.1853962722485707,,0.006374351972481144,0.9678794881724416,0.3209360921568832,-0.20353448823811549,25,-0.00407068976476231,0.017183487552591727,0.02,0.02,chart_cl_1.csv,384,20250830_150755:384,random,8,20,32,58,8,16,2.8,2.4,0.5,1.2,16,0.8
6,2108,1205,300,301,2023-07-01 11:00:00,2023-07-26 11:00:00,-0.37801655001663903,-0.4855150606724745,-0.6295805463073412,-2.777426809110315,1.93057042671367,20.0,6,0.24358837307346187,-0.24792181917016026,,0.006424404996083406,0.9669850018140236,0.32777275199642913,-0.21516019062607963,25,-0.004303203812521593,0.0193057042671367,0.02,0.02,chart_cl_1.csv,236,20250830_150755:236,random,6,26,33,47,12,6,2.6,2.6,1.0,0.7,16,0.8
4,2108,603,300,301,2023-05-12 07:00:00,2023-06-06 07:00:00,-0.3947138646319912,-0.6176779852463623,-0.8704101353013631,-3.682049196590217,1.5188747038933457,41.66666666666667,13,0.7144048336080471,-0.06865185040273944,,0.0050500707085879845,0.9592478866743958,0.2696698522990703,-0.22465942358562419,25,-0.004493188471712484,0.015188747038933456,0.02,0.02,chart_cl_1.csv,66,20250830_150755:66,random,6,18,36,53,16,18,2.0,2.2,2.1,0.9,8,0.8500000000000001
5,2108,904,300,301,2023-06-06 09:00:00,2023-07-01 09:00:00,-0.4274162203798362,-0.3049116145235395,-0.44213156865957887,-1.8814851396593937,3.21161430067353,42.857142857142854,8,0.7591825530207457,-0.0842924901009704,,0.011708420421311875,0.9767851254644248,0.44414480681700036,-0.1514895034478459,25,-0.004865258556750339,0.0321161430067353,0.02,0.0321161430067353,chart_cl_1.csv,43,20250830_150755:43,random,14,22,34,44,6,10,2.6,4.6,1.8,0.7,8,0.7
5,2108,904,300,301,2023-06-06 09:00:00,2023-07-01 09:00:00,-0.4627008366572767,-0.15693065488734043,-0.23008801299093862,-1.2049057361118425,5.416135170628237,80.0,6,1.309382433838083,0.09806878583820866,,0.019215200132696883,0.9870957141728769,0.5424751514780187,-0.09724046299942207,25,-0.0052666749165934355,0.05416135170628236,0.028822800199045324,0.05416135170628236,chart_cl_1.csv,231,20250830_150755:231,random,6,18,28,56,6,10,5.0,4.2,0.5,0.6,8,0.6
5,2108,904,300,301,2023-06-06 09:00:00,2023-07-01 09:00:00,-0.4627008366572767,-0.15693065488734043,-0.23008801299093862,-1.2049057361118425,5.416135170628237,80.0,6,1.309382433838083,0.09806878583820866,,0.019215200132696883,0.9870957141728769,0.5424751514780187,-0.09724046299942207,25,-0.0052666749165934355,0.05416135170628236,0.028822800199045324,0.05416135170628236,chart_cl_1.csv,47,20250830_150755:47,random,8,22,35,56,18,8,3.6,4.2,2.3,1.1,8,0.65
4,2108,603,300,301,2023-05-12 07:00:00,2023-06-06 07:00:00,-0.5449359576235442,-0.5954387685488941,-0.804614376519291,-3.4517435128188434,2.214363461423801,38.46153846153847,14,0.593093893657155,-0.10926881541010453,,0.006519029886947899,0.9591853772415148,0.35129826093215344,-0.2800845842713755,25,-0.006202090695186094,0.02214363461423801,0.02,0.02214363461423801,chart_cl_1.csv,122,20250830_150755:122,random,6,18,32,57,18,14,3.6,2.2,2.2,2.9,16,0.95
5,2108,904,300,301,2023-06-06 09:00:00,2023-07-01 09:00:00,-0.5863343782943886,-0.7513387017279707,-1.1335590858977584,-3.8758070329679244,2.1160115427722457,20.0,6,0.05042857939518855,-0.3971183488168469,,0.0069140755292239515,0.9412630629976915,0.3096130393070582,-0.3153537737327686,25,-0.0066729222527532545,0.02116011542772246,0.02,0.02116011542772246,chart_cl_1.csv,67,20250830_150755:67,random,6,18,36,53,16,18,2.0,2.2,2.1,0.9,8,0.8500000000000001
5,2108,904,300,301,2023-06-06 09:00:00,2023-07-01 09:00:00,-0.5863343782943886,-0.7513387017279707,-1.1335590858977584,-3.8758070329679244,2.1160115427722457,20.0,6,0.05042857939518855,-0.3971183488168469,,0.0069140755292239515,0.9412630629976915,0.3096130393070582,-0.3153537737327686,25,-0.0066729222527532545,0.02116011542772246,0.02,0.02116011542772246,chart_cl_1.csv,119,20250830_150755:119,random,8,22,34,55,8,18,2.0,3.6,0.6,3.0,8,0.8500000000000001
5,2108,904,300,301,2023-06-06 09:00:00,2023-07-01 09:00:00,-0.5863343782943886,-0.7513387017279707,-1.1335590858977584,-3.8758070329679244,2.1160115427722457,20.0,6,0.05042857939518855,-0.3971183488168469,,0.0069140755292239515,0.9412630629976915,0.3096130393070582,-0.3153537737327686,25,-0.0066729222527532545,0.02116011542772246,0.02,0.02116011542772246,chart_cl_1.csv,387,20250830_150755:387,random,10,20,36,55,8,12,1.8,3.0,1.2,0.5,8,0.8
5,2108,904,300,301,2023-06-06 09:00:00,2023-07-01 09:00:00,-0.5863343782943886,-0.7513387017279707,-1.1335590858977584,-3.8758070329679244,2.1160115427722457,20.0,6,0.05042857939518855,-0.3971183488168469,,0.0069140755292239515,0.9412630629976915,0.3096130393070582,-0.3153537737327686,25,-0.0066729222527532545,0.02116011542772246,0.02,0.02116011542772246,chart_cl_1.csv,283,20250830_150755:283,random,8,22,29,56,6,18,2.6,3.6,1.1,2.9,8,0.8
4,2108,603,300,301,2023-05-12 07:00:00,2023-06-06 07:00:00,-0.601073154124855,-3.72645062888948,-4.570440162891331,-10.093108573804981,0.8321615316056494,0.0,17,0.0,-0.1484956121196304,,0.004431013663475741,0.7233495981144583,0.0290019810755046,-0.34202687322623554,25,-0.006840537464524711,0.008321615316056494,0.02,0.02,chart_cl_1.csv,130,20250830_150755:130,random,6,20,32,58,12,8,2.8,4.6,2.6,1.5,14,0.7
3,2108,302,300,301,2023-04-17 05:00:00,2023-05-12 05:00:00,-0.6645544488001498,-0.4066188687772518,-0.56804000063329,-1.269600146995575,7.283159855694324,100.0,13,inf,1.4468554852927136,,0.017515229993981578,0.9780891660711447,0.5494277520424523,-0.10383409318914996,25,-0.007562402991676404,0.07283159855694324,0.026272844990972367,0.07283159855694324,chart_cl_1.csv,93,20250830_150755:93,random,6,24,27,49,12,16,3.2,2.2,2.0,2.9,12,0.9
4,2108,603,300,301,2023-05-12 07:00:00,2023-06-06 07:00:00,-0.6666366105383245,-1.2486225563114481,-1.716349855093765,-5.238114153446157,1.7705566399857968,20.0,21,0.1806593750681504,-0.12991777156980835,,0.0119775271917025,0.916686598189987,0.20288934979976297,-0.3793039001881327,25,-0.007586078003762654,0.01770556639985797,0.02,0.02,chart_cl_1.csv,354,20250830_150755:354,random,14,20,35,42,18,12,3.8,4.0,1.6,0.8,14,0.7
4,2108,603,300,301,2023-05-12 07:00:00,2023-06-06 07:00:00,-0.679426386670491,-0.605812434403511,-0.8082992052419404,-3.4709258185244014,2.7209491146507645,38.46153846153847,14,0.5043584376703101,-0.14867987103419766,,0.007767465330917406,0.9561812198410854,0.3911441661783323,-0.2841471820426946,25,-0.007731500234095795,0.027209491146507645,0.02,0.027209491146507645,chart_cl_1.csv,166,20250830_150755:166,random,8,22,33,58,8,14,3.6,2.0,2.3,1.3,14,0.95
3,2108,302,300,301,2023-04-17 05:00:00,2023-05-12 05:00:00,-0.7510652451815947,-0.6273305737919425,-0.9396114201619599,-2.3518787075096856,4.417761880207928,85.71428571428571,8,12378.513506401116,1.1311955381379502,,0.013769890575927991,0.9678740735280865,0.5053966827264891,-0.19344555340562364,25,-0.008545963917310911,0.04417761880207929,0.020654835863891986,0.04417761880207929,chart_cl_1.csv,21,20250830_150755:21,random,12,20,34,45,8,16,2.8,3.6,0.8,2.6,16,0.55
3,2108,302,300,301,2023-04-17 05:00:00,2023-05-12 05:00:00,-0.7510652451815947,-0.6273305737919425,-0.9396114201619599,-2.3518787075096856,4.417761880207928,85.71428571428571,8,12378.513506401116,1.1311955381379502,,0.013769890575927991,0.9678740735280865,0.5053966827264891,-0.19344555340562364,25,-0.008545963917310911,0.04417761880207929,0.020654835863891986,0.04417761880207929,chart_cl_1.csv,333,20250830_150755:333,random,10,22,32,47,10,18,3.2,3.6,2.4,1.9,16,0.5
5,2108,904,300,301,2023-06-06 09:00:00,2023-07-01 09:00:00,-0.7621929115395796,-1.1538978256968715,-1.599319382548394,-5.581365924134507,1.8877327646002466,20.0,6,0.05042857939518855,-0.3971183488168469,,0.007089777540886667,0.9116995176305178,0.27114266609791254,-0.43362308988059506,25,-0.008672461797611901,0.018877327646002466,0.02,0.02,chart_cl_1.csv,375,20250830_150755:375,random,14,18,33,58,12,6,5.0,3.2,2.1,1.1,8,0.8
4,2108,603,300,301,2023-05-12 07:00:00,2023-06-06 07:00:00,-0.7867090226827494,-1.9864405769885918,-2.481694504495095,-7.190982089721611,1.5098354494093624,0.0,19,0.0,-0.17409291211125097,,0.010411573239250661,0.8426507625910215,0.12657770332396195,-0.4475572829954701,25,-0.008951145659909402,0.015098354494093625,0.02,0.02,chart_cl_1.csv,234,20250830_150755:234,random,6,26,33,47,12,6,2.6,2.6,1.0,0.7,16,0.8
4,2108,603,300,301,2023-05-12 07:00:00,2023-06-06 07:00:00,-0.796107361004932,-0.4570554297549877,-0.6159397152233793,-2.7546672716273215,3.985962015951847,17.647058823529413,18,0.20728672340151633,-0.18352329616755259,,0.027227900738900024,0.9686598100744893,0.5077054034263905,-0.22178171253374865,25,-0.009057975681858252,0.03985962015951847,0.040841851108350036,0.040841851108350036,chart_cl_1.csv,250,20250830_150755:250,random,8,22,29,48,16,12,2.0,2.8,2.2,0.6,10,0.6
6,2108,1205,300,301,2023-07-01 11:00:00,2023-07-26 11:00:00,-0.8155948833643647,-0.838028790553504,-1.0953352661184812,-3.035129680495432,3.7013650111667253,14.285714285714285,8,0.23520943321142831,-0.3545985328860113,,0.02247843421033341,0.9429299216753743,0.36454178647864566,-0.2507042849692457,25,-0.00927948068534738,0.037013650111667254,0.03371765131550011,0.037013650111667254,chart_cl_1.csv,132,20250830_150755:132,random,6,20,32,58,12,8,2.8,4.6,2.6,1.5,14,0.7
6,2108,1205,300,301,2023-07-01 11:00:00,2023-07-26 11:00:00,-0.8160222855277087,-3.4540946577737586,-4.55975923161714,-7.409723659342495,1.5168836526804288,0.0,15,0.0,-0.22954367952293625,,0.011072332861561146,0.7621444756326491,0.06175384457027842,-0.4642169317793341,25,-0.009284338635586682,0.015168836526804287,0.02,0.02,chart_cl_1.csv,176,20250830_150755:176,random,10,24,28,58,18,18,2.6,4.0,2.1,2.7,16,0.8
5,2108,904,300,301,2023-06-06 09:00:00,2023-07-01 09:00:00,-0.8662847456219538,-0.392789674350389,-0.48141667879145306,-1.8090361737105325,6.573652211131055,60.0,11,0.5382801110924913,-0.45877561325902905,,0.02585506534774146,0.9774558476441353,0.5892561025171964,-0.14992575650631104,25,-0.009855597807632076,0.06573652211131055,0.03878259802161219,0.06573652211131055,chart_cl_1.csv,383,20250830_150755:383,random,8,20,32,58,8,16,2.8,2.4,0.5,1.2,16,0.8
4,2108,603,300,301,2023-05-12 07:00:00,2023-06-06 07:00:00,-0.869504503560219,-1.746485644669276,-2.1833689842867767,-6.86010503688732,1.739566198789941,0.0,21,0.0,-0.17360544207765244,,0.011058284501928712,0.8643614429313637,0.17312591943384417,-0.49460948252616194,25,-0.009892189650523239,0.017395661987899408,0.02,0.02,chart_cl_1.csv,282,20250830_150755:282,random,8,22,29,56,6,18,2.6,3.6,1.1,2.9,8,0.8
4,2108,603,300,301,2023-05-12 07:00:00,2023-06-06 07:00:00,-0.8714255295007112,-1.7504245943121783,-2.1882917013403507,-6.874379040169653,1.739566198789941,0.0,19,0.0,-0.19291880251524213,,0.011060182785034407,0.8643672535167404,0.17310848321701594,-0.4957010775952217,25,-0.009914021551904434,0.017395661987899408,0.02,0.02,chart_cl_1.csv,386,20250830_150755:386,random,10,20,36,55,8,12,1.8,3.0,1.2,0.5,8,0.8
5,2108,904,300,301,2023-06-06 09:00:00,2023-07-01 09:00:00,-0.8759140869614832,-1.3257817171703106,-1.8281036240258988,-6.193884899227723,1.9400473003633105,20.0,6,0.041418418948750396,-0.4880952891543696,,0.007165280204967217,0.89935990860546,0.26972449569962526,-0.49825161515324845,25,-0.00996503230306497,0.019400473003633106,0.02,0.02,chart_cl_1.csv,207,20250830_150755:207,random,12,24,34,50,18,6,2.2,4.2,2.9,2.1,8,0.8500000000000001
4,2108,603,300,301,2023-05-12 07:00:00,2023-06-06 07:00:00,-0.9116000141812001,-0.8025544878741421,-1.1115547411929136,-3.5456214041527425,3.5187706517181616,15.789473684210526,20,0.18273806539988044,-0.1885300728598598,,0.024919455972032233,0.9501455529920754,0.4291237039356768,-0.27744237046508097,25,-0.010370569403371261,0.035187706517181616,0.037379183958048345,0.037379183958048345,chart_cl_1.csv,78,20250830_150755:78,random,8,22,27,50,12,10,2.8,4.8,0.7,2.4,14,0.65
5,2108,904,300,301,2023-06-06 09:00:00,2023-07-01 09:00:00,-0.9529009243335764,-0.6780960163690702,-1.048194935437141,-3.6964066171460304,3.5184387427141965,57.14285714285714,8,0.7355870307683838,-0.12056818358406313,,0.011193630526024751,0.945611189942323,0.44538813887899364,-0.3080875396943919,25,-0.010839871358082464,0.035184387427141965,0.02,0.035184387427141965,chart_cl_1.csv,79,20250830_150755:79,random,8,22,27,50,12,10,2.8,4.8,0.7,2.4,14,0.65
5,2108,904,300,301,2023-06-06 09:00:00,2023-07-01 09:00:00,-0.9529009243335764,-0.6780960163690702,-1.048194935437141,-3.6964066171460304,3.5184387427141965,57.14285714285714,8,0.7355870307683838,-0.12056818358406313,,0.011193630526024751,0.945611189942323,0.44538813887899364,-0.3080875396943919,25,-0.010839871358082464,0.035184387427141965,0.02,0.035184387427141965,chart_cl_1.csv,223,20250830_150755:223,random,12,24,31,50,12,10,5.0,3.4,0.5,2.5,14,0.6
6,2108,1205,300,301,2023-07-01 11:00:00,2023-07-26 11:00:00,-0.9661411118993004,-0.7635094557991411,-0.9995318673941909,-2.8248474416999136,4.6638437008840326,14.285714285714285,8,0.2591016901899942,-0.41293895960401206,,0.02832542894757455,0.9478567814954589,0.43443527333215337,-0.2356491810723904,25,-0.010990309487629487,0.04663843700884032,0.042488143421361826,0.04663843700884032,chart_cl_1.csv,164,20250830_150755:164,random,6,18,34,51,10,12,4.2,4.0,1.8,0.6,16,0.6
6,2108,1205,300,301,2023-07-01 11:00:00,2023-07-26 11:00:00,-0.9895341805493809,-5.022049453843358,-5.984780992103426,-10.542094887852953,1.2779822548480695,0.0,16,0.0,-0.2615260252149913,,0.008982170768284536,0.6851809801239604,0.040210044989801075,-0.5628047570527943,25,-0.011256095141055886,0.012779822548480695,0.02,0.02,chart_cl_1.csv,308,20250830_150755:308,random,12,22,30,42,12,6,4.0,4.6,0.5,3.0,18,0.75
5,2108,904,300,301,2023-06-06 09:00:00,2023-07-01 09:00:00,-1.0187157565055305,-0.3841806361706273,-0.5412840672429284,-2.6157535797058205,5.292153025697104,53.84615384615385,14,0.7743579749664165,-0.24399610882754363,,0.03215017772785685,0.9807171320631598,0.6682713644344029,-0.21895865194993697,25,-0.01158762692419418,0.052921530256971036,0.048225266591785276,0.052921530256971036,chart_cl_1.csv,63,20250830_150755:63,random,10,18,31,42,10,8,4.0,4.6,2.6,2.8,8,0.65
6,2108,1205,300,301,2023-07-01 11:00:00,2023-07-26 11:00:00,-1.0434654661474525,-0.45875151368377987,-0.6046973900207926,-2.0495612175129225,6.906805969231361,42.857142857142854,8,0.6465978377233476,-0.25291837531504613,,0.034943573235442525,0.9763982774213684,0.648025464167104,-0.1718419455205882,25,-0.011868789750859289,0.06906805969231361,0.052415359853163784,0.06906805969231361,chart_cl_1.csv,400,20250830_150755:400,random,6,26,29,57,14,10,2.4,2.0,0.5,1.9,16,0.65
4,2108,603,300,301,2023-05-12 07:00:00,2023-06-06 07:00:00,-1.07114762728163,-0.6408893914936215,-0.9040464681995142,-3.397233228844872,4.269562843893317,50.0,15,0.5781304208981347,-0.1662121969270576,,0.01755630293552216,0.9632459511852729,0.5560432991177836,-0.2853511293531758,25,-0.01218324579349315,0.04269562843893317,0.02633445440328324,0.04269562843893317,chart_cl_1.csv,338,20250830_150755:338,random,12,22,30,47,6,6,2.6,1.8,0.8,2.6,10,0.95
4,2108,603,300,301,2023-05-12 07:00:00,2023-06-06 07:00:00,-1.0816192459958742,-1.697614386280587,-2.210129545281814,-5.759933600360671,2.541052329444966,10.0,21,0.06710863911286312,-0.2147196947157143,,0.016657087407603004,0.892657656641497,0.25934423136728857,-0.484137719494428,25,-0.012302192798934899,0.02541052329444966,0.024985631111404505,0.02541052329444966,chart_cl_1.csv,214,20250830_150755:214,random,12,22,29,56,6,6,4.4,4.6,0.5,2.5,18,0.75
4,2108,603,300,301,2023-05-12 07:00:00,2023-06-06 07:00:00,-1.0955208545752317,-2.299704384381629,-3.0562256793593177,-7.193191826850301,2.0589880883408638,15.0,21,0.03528009054363452,-0.2157299628318351,,0.013152311678425397,0.8604805932487458,0.17756262500163228,-0.6051563089337889,25,-0.012460096316789954,0.02058988088340864,0.02,0.02058988088340864,chart_cl_1.csv,306,20250830_150755:306,random,12,22,30,42,12,6,4.0,4.6,0.5,3.0,18,0.75
4,2108,603,300,301,2023-05-12 07:00:00,2023-06-06 07:00:00,-1.0986281149225805,-3.471569000561332,-4.223337658880167,-8.891077741613925,1.6701724660694892,0.0,15,0.0,-0.30938683184374616,,0.00854798080302608,0.732264022608266,0.08578143490873627,-0.6247694934038969,25,-0.012495389868077938,0.016701724660694892,0.02,0.02,chart_cl_1.csv,378,20250830_150755:378,random,10,22,34,58,14,14,4.8,3.2,2.3,2.2,8,0.6
4,2108,603,300,301,2023-05-12 07:00:00,2023-06-06 07:00:00,-1.0986281149225805,-3.471569000561332,-4.223337658880167,-8.891077741613925,1.6701724660694892,0.0,15,0.0,-0.30938683184374616,,0.00854798080302608,0.732264022608266,0.08578143490873627,-0.6247694934038969,25,-0.012495389868077938,0.016701724660694892,0.02,0.02,chart_cl_1.csv,10,20250830_150755:10,random,6,22,36,57,18,16,4.6,4.0,2.7,2.4,8,0.6
4,2108,603,300,301,2023-05-12 07:00:00,2023-06-06 07:00:00,-1.0986281149225805,-3.471569000561332,-4.223337658880167,-8.891077741613925,1.6701724660694892,0.0,15,0.0,-0.30938683184374616,,0.00854798080302608,0.732264022608266,0.08578143490873627,-0.6247694934038969,25,-0.012495389868077938,0.016701724660694892,0.02,0.02,chart_cl_1.csv,46,20250830_150755:46,random,8,22,35,56,18,8,3.6,4.2,2.3,1.1,8,0.65
5,2108,904,300,301,2023-06-06 09:00:00,2023-07-01 09:00:00,-1.1073978175894519,-2.03714503449126,-2.6783295970454017,-7.8284131342269925,1.9109155813640557,0.0,5,0.0,-0.6025610305306653,,0.005865837683890931,0.805804783095019,0.1778624851775544,-0.6297499170117759,25,-0.012594998340235516,0.019109155813640557,0.02,0.02,chart_cl_1.csv,327,20250830_150755:327,random,10,20,30,54,8,6,3.2,3.2,1.1,1.2,18,0.6
4,2108,603,300,301,2023-05-12 07:00:00,2023-06-06 07:00:00,-1.1076111081113602,-0.6667937427566335,-0.9404472156248055,-3.475645781793444,4.304841889073937,50.0,15,0.5624827392720169,-0.17655383840447664,,0.017798808587957918,0.9617642888115409,0.5549116724764268,-0.2926337655418071,25,-0.012597420920618123,0.04304841889073937,0.026698212881936877,0.04304841889073937,chart_cl_1.csv,266,20250830_150755:266,random,14,26,28,51,14,16,2.8,1.8,0.9,1.3,14,0.95
4,2108,603,300,301,2023-05-12 07:00:00,2023-06-06 07:00:00,-1.1244747722770791,-1.2273867124865874,-1.6864347260472203,-4.787812111694194,3.1690623086489387,0.0,20,0.0,-0.23544450949643658,,0.02099599368966365,0.9110775705587622,0.33400711490156826,-0.4035564870231137,25,-0.01278895652435724,0.031690623086489386,0.031493990534495475,0.031690623086489386,chart_cl_1.csv,330,20250830_150755:330,random,14,18,33,56,6,6,5.0,1.8,1.9,2.7,10,0.7
4,2108,603,300,301,2023-05-12 07:00:00,2023-06-06 07:00:00,-1.1273043637575229,-1.2305666560431878,-1.6908004095091218,-4.7989566558767605,3.1690623086489387,0.0,20,0.0,-0.2360402129660037,,0.02100171936829429,0.9111396691331223,0.333967740587067,-0.4045705853647689,25,-0.01282109393267527,0.031690623086489386,0.031502579052441436,0.031690623086489386,chart_cl_1.csv,310,20250830_150755:310,random,14,22,30,54,10,10,1.8,2.8,2.2,2.8,10,0.7
6,2108,1205,300,301,2023-07-01 11:00:00,2023-07-26 11:00:00,-1.1284054659497365,-0.5599107472019176,-0.7219391651227349,-2.3787076200580497,6.399244832473758,25.0,9,0.4435127131134099,-0.40467912337894807,,0.03179209691637991,0.969883483377771,0.6142571445917234,-0.20054866007482192,25,-0.012833599766433404,0.06399244832473758,0.04768814537456986,0.06399244832473758,chart_cl_1.csv,188,20250830_150755:188,random,12,22,31,45,14,18,4.8,3.0,1.7,2.5,10,0.95
3,2108,302,300,301,2023-04-17 05:00:00,2023-05-12 05:00:00,-1.1402305277030607,-0.983840605271949,-1.4582136062033306,-3.293967807711477,4.665910029886991,100.0,8,inf,0.9045957564664776,,0.01529134180544427,0.9501411187904197,0.4996696029335813,-0.2779286656597071,25,-0.012967901486947354,0.04665910029886991,0.022937012708166407,0.04665910029886991,chart_cl_1.csv,29,20250830_150755:29,random,12,18,34,57,14,8,4.6,4.2,1.3,1.9,16,0.5
5,2108,904,300,301,2023-06-06 09:00:00,2023-07-01 09:00:00,-1.1665626022894635,-0.515952992090644,-0.7500865524275045,-3.692691889606293,4.250770676113547,53.84615384615385,14,0.8132548832015541,-0.17130124735177066,,0.02762222981435455,0.9739837912112536,0.6439428233581987,-0.3121069547524072,25,-0.0132669509107263,0.042507706761135466,0.041433344721531824,0.042507706761135466,chart_cl_1.csv,251,20250830_150755:251,random,8,22,29,48,16,12,2.0,2.8,2.2,0.6,10,0.6
6,2108,1205,300,301,2023-07-01 11:00:00,2023-07-26 11:00:00,-1.204656518270806,-1.8505257506207353,-2.408824411623301,-6.807916763481471,2.3749382385797935,7.6923076923076925,14,0.1000089545764954,-0.3327680901573377,,0.015314350001646998,0.9018517947072512,0.2868811944268045,-0.576837893924498,25,-0.01369954371743125,0.023749382385797935,0.022971525002470496,0.023749382385797935,chart_cl_1.csv,12,20250830_150755:12,random,6,22,36,57,18,16,4.6,4.0,2.7,2.4,8,0.6
5,2108,904,300,301,2023-06-06 09:00:00,2023-07-01 09:00:00,-1.2357533148597497,-1.1868885279380128,-1.6663758544598517,-5.003296081002324,3.3081255657932913,0.0,5,0.0,-0.6427266407659553,,0.009582741752770607,0.8870783816541549,0.32991005921302646,-0.4247918462043591,25,-0.014052647665691724,0.03308125565793291,0.02,0.03308125565793291,chart_cl_1.csv,19,20250830_150755:19,random,14,20,30,56,12,18,4.0,3.2,1.9,0.7,18,0.5
4,2108,603,300,301,2023-05-12 07:00:00,2023-06-06 07:00:00,-1.2545623572188938,-0.9050147858050508,-1.1737651553878585,-3.833115576974465,4.37828943997168,15.789473684210526,20,0.1960029084594532,-0.2602786184400773,,0.029923381265677014,0.9426694514510195,0.47449930407304675,-0.31783866203078426,25,-0.014266211197379728,0.043782894399716804,0.044885071898515524,0.044885071898515524,chart_cl_1.csv,362,20250830_150755:362,random,6,26,31,55,12,16,1.8,3.2,1.9,2.5,8,0.7
6,2108,1205,300,301,2023-07-01 11:00:00,2023-07-26 11:00:00,-1.2760298568469466,-2.36904763340981,-3.050473909438758,-8.487394897327349,2.0083150781050554,0.0,6,0.0,-0.7631933751485706,,0.00920796648550857,0.8642487690669091,0.24236776903067758,-0.7224935869324982,25,-0.014509947644707418,0.020083150781050555,0.02,0.020083150781050555,chart_cl_1.csv,388,20250830_150755:388,random,10,20,36,55,8,12,1.8,3.0,1.2,0.5,8,0.8
4,2108,603,300,301,2023-05-12 07:00:00,2023-06-06 07:00:00,-1.288444716858807,-3.9412651787081283,-4.751377237481785,-9.622105313421768,1.78724216960353,0.0,17,0.0,-0.3182430735283425,,0.009497377393042822,0.7130463207895581,0.09105970787524392,-0.7325448458582079,25,-0.014650896917164157,0.017872421696035302,0.02,0.02,chart_cl_1.csv,286,20250830_150755:286,random,8,24,35,58,14,12,2.4,3.6,0.7,1.3,16,0.55
4,2108,603,300,301,2023-05-12 07:00:00,2023-06-06 07:00:00,-1.291088051942682,-1.7001579936548035,-2.228622850762112,-5.601943845026928,3.0755916964956302,17.647058823529413,18,0.08700040902810932,-0.29028348356012634,,0.016609840184344207,0.9120756546539426,0.34388089063456045,-0.47733601573656204,25,-0.014680906864376777,0.030755916964956304,0.02491476027651631,0.030755916964956304,chart_cl_1.csv,298,20250830_150755:298,random,6,22,29,49,14,12,2.8,2.0,2.4,1.5,14,0.75
5,2108,904,300,301,2023-06-06 09:00:00,2023-07-01 09:00:00,-1.2922732650034199,-2.3859595959384703,-3.1341540639680714,-7.028663309390782,2.453347372745153,0.0,4,0.0,-0.6937145623364923,,0.006969180294466322,0.7724961427403305,0.17628535150716412,-0.5989515696803573,25,-0.014694362598768902,0.02453347372745153,0.02,0.02453347372745153,chart_cl_1.csv,199,20250830_150755:199,random,14,18,32,58,18,18,4.2,2.4,0.8,1.0,14,0.6
6,2108,1205,300,301,2023-07-01 11:00:00,2023-07-26 11:00:00,-1.3132085021322262,-2.0470775066917857,-2.656276348428854,-7.383062949476747,2.370126659072565,7.6923076923076925,14,0.08038511153191581,-0.364233965727861,,0.01535347960700457,0.8905929346920609,0.2767372423806968,-0.6300099634988395,25,-0.014932034099699329,0.023701266590725648,0.023030219410506855,0.023701266590725648,chart_cl_1.csv,220,20250830_150755:220,random,10,18,36,57,16,12,3.2,2.4,3.0,1.2,10,0.55
4,2108,603,300,301,2023-05-12 07:00:00,2023-06-06 07:00:00,-1.341743837179859,-1.2072273853976674,-1.7196716564336711,-4.266155808431165,4.182980090834377,0.0,21,0.0,-0.26474204642567245,,0.027570948377839313,0.9097687750627587,0.3672556385510603,-0.3647152820976066,25,-0.015255967638373318,0.04182980090834377,0.04135642256675897,0.04182980090834377,chart_cl_1.csv,242,20250830_150755:242,random,14,26,30,42,6,8,3.2,3.0,3.0,3.0,10,0.75
6,2108,1205,300,301,2023-07-01 11:00:00,2023-07-26 11:00:00,-1.3668223209126484,-1.8549310792322962,-2.2394947585509395,-5.611494453782822,3.2341841101313267,28.57142857142857,8,0.04394392355142071,-0.7063570056444062,,0.018794277896907116,0.875118100939749,0.2764266741812331,-0.4805119234736053,25,-0.015540640276269741,0.032341841101313266,0.028191416845360674,0.032341841101313266,chart_cl_1.csv,360,20250830_150755:360,random,14,20,27,50,16,10,4.4,3.2,1.3,2.6,12,0.8
4,2108,603,300,301,2023-05-12 07:00:00,2023-06-06 07:00:00,-1.4043929669353736,-1.2387035384501779,-1.7609617556910322,-4.373535542060241,4.253109881435309,0.0,20,0.0,-0.29179383758139293,,0.02803995973789943,0.9084734025639223,0.374134262254152,-0.3754213404785181,25,-0.01596708212890875,0.04253109881435309,0.042059939606849145,0.04253109881435309,chart_cl_1.csv,114,20250830_150755:114,random,14,18,31,44,12,6,1.8,2.2,2.2,2.9,10,0.75
4,2108,603,300,301,2023-05-12 07:00:00,2023-06-06 07:00:00,-1.4073971597034838,-0.9340112053331805,-1.3146371959302263,-6.121148472745748,3.044724473014085,36.36363636363637,12,0.28249601705674227,-0.336596607189652,,0.009618544842288242,0.9431024544890924,0.5191999917294987,-0.5255378398507358,25,-0.01600117922488492,0.030447244730140852,0.02,0.030447244730140852,chart_cl_1.csv,6,20250830_150755:6,random,10,26,28,53,16,16,2.0,1.8,1.6,3.0,18,0.9
4,2108,603,300,301,2023-05-12 07:00:00,2023-06-06 07:00:00,-1.5271820678684778,-1.3346927901926187,-1.8253897438186724,-4.676231273430695,4.290606282864159,11.11111111111111,19,0.1053597396646181,-0.33060651170865885,,0.028869479008857984,0.9241157154396332,0.4450112141816129,-0.4008966015760918,25,-0.017360514035885226,0.042906062828641595,0.043304218513286974,0.043304218513286974,chart_cl_1.csv,222,20250830_150755:222,random,12,24,31,50,12,10,5.0,3.4,0.5,2.5,14,0.6
6,2108,1205,300,301,2023-07-01 11:00:00,2023-07-26 11:00:00,-1.5713512313609976,-1.1579191636396515,-1.4454648945389181,-3.6325047839523483,5.666619897787937,14.285714285714285,8,0.12905850148355777,-0.6984977455521342,,0.0342231124875745,0.9238925357529413,0.4554636136815503,-0.31520820569030544,25,-0.017861650903107176,0.05666619897787937,0.05133466873136175,0.05666619897787937,chart_cl_1.csv,232,20250830_150755:232,random,6,18,28,56,6,10,5.0,4.2,0.5,0.6,8,0.6
4,2108,603,300,301,2023-05-12 07:00:00,2023-06-06 07:00:00,-1.5762204933513495,-2.3183677667374103,-2.922874205023517,-7.246112571335711,2.8485857854300063,0.0,20,0.0,-0.3273322380817446,,0.01594381736661975,0.861717378050113,0.27028153952257744,-0.6289750378077653,25,-0.01791689352089501,0.028485857854300065,0.023915726049929628,0.028485857854300065,chart_cl_1.csv,382,20250830_150755:382,random,8,20,32,58,8,16,2.8,2.4,0.5,1.2,16,0.8
4,2108,603,300,301,2023-05-12 07:00:00,2023-06-06 07:00:00,-1.5902770078225499,-1.399317592486997,-1.8283781640330516,-4.559211433893039,4.563494539042924,15.789473684210526,20,0.14795510615155874,-0.3297170064499597,,0.02911336886044261,0.9137330740275187,0.4220430129547206,-0.39610792243566156,25,-0.018076363409067795,0.045634945390429234,0.04367005329066392,0.045634945390429234,chart_cl_1.csv,146,20250830_150755:146,random,10,24,36,57,10,14,4.4,2.6,1.9,2.1,18,0.65
6,2108,1205,300,301,2023-07-01 11:00:00,2023-07-26 11:00:00,-1.610740146058761,-1.5817206696186166,-1.9265446467350908,-4.6868856631708375,4.490236579835279,12.5,9,0.04102698732210275,-0.6971691892950491,,0.027878107083463343,0.8884927824909032,0.3486995920537692,-0.40774034350621224,25,-0.01830850605486196,0.044902365798352786,0.04181716062519501,0.044902365798352786,chart_cl_1.csv,64,20250830_150755:64,random,10,18,31,42,10,8,4.0,4.6,2.6,2.8,8,0.65
4,2108,603,300,301,2023-05-12 07:00:00,2023-06-06 07:00:00,-1.641988029481174,-1.256355001675822,-1.6826117663532956,-4.683844880199941,4.570887651729367,11.76470588235294,18,0.07144972948068169,-0.3768589975806296,,0.03126685708013222,0.9246882775248957,0.4671836251929695,-0.39792877168265234,25,-0.018662973048411087,0.045708876517293676,0.04690028562019834,0.04690028562019834,chart_cl_1.csv,74,20250830_150755:74,random,14,24,36,47,18,12,3.8,5.0,1.0,2.8,16,0.65
6,2108,1205,300,301,2023-07-01 11:00:00,2023-07-26 11:00:00,-1.6520882653732611,-1.2553214926424219,-1.5632936973069234,-3.9819277748813313,5.406095749011596,12.5,9,0.09731183141039845,-0.7055262809817018,,0.03363452317468703,0.9120830573725327,0.42850711890335424,-0.3473401561501399,25,-0.018777541416242955,0.05406095749011596,0.05045178476203054,0.05406095749011596,chart_cl_1.csv,36,20250830_150755:36,random,6,18,34,42,12,18,3.8,5.0,1.2,0.7,12,0.5
5,2108,904,300,301,2023-06-06 09:00:00,2023-07-01 09:00:00,-1.6632760182867017,-0.6937634531638558,-0.862448407854719,-2.517327982816808,8.60296407474515,60.0,11,0.4665833919064711,-0.6122501946129576,,0.03344902379741047,0.9628302102555308,0.6424744601188902,-0.21974336016573018,25,-0.018904442331695612,0.08602964074745151,0.05017353569611571,0.08602964074745151,chart_cl_1.csv,331,20250830_150755:331,random,14,18,33,56,6,6,5.0,1.8,1.9,2.7,10,0.7
6,2108,1205,300,301,2023-07-01 11:00:00,2023-07-26 11:00:00,-1.6758380013370888,-1.6259577320157366,-1.982057222229086,-4.635209758231118,4.703559951698921,12.5,9,0.039268848936995816,-0.7297181169342124,,0.028200401322077056,0.8886553971085432,0.35908373312127007,-0.4049470395746445,25,-0.01904692677902336,0.047035599516989206,0.04230060198311558,0.047035599516989206,chart_cl_1.csv,396,20250830_150755:396,random,10,24,30,46,16,14,4.4,4.8,2.2,1.1,10,0.8
6,2108,1205,300,301,2023-07-01 11:00:00,2023-07-26 11:00:00,-1.6758380013370888,-1.6259577320157366,-1.982057222229086,-4.635209758231118,4.703559951698921,12.5,9,0.039268848936995816,-0.7297181169342124,,0.028200401322077056,0.8886553971085432,0.35908373312127007,-0.4049470395746445,25,-0.01904692677902336,0.047035599516989206,0.04230060198311558,0.047035599516989206,chart_cl_1.csv,252,20250830_150755:252,random,8,22,29,48,16,12,2.0,2.8,2.2,0.6,10,0.6
6,2108,1205,300,301,2023-07-01 11:00:00,2023-07-26 11:00:00,-1.6989601371406184,-1.6384402109256082,-1.9984452651290259,-4.692010298607085,4.703559951698921,14.285714285714285,8,0.041551845558235954,-0.7862699568576145,,0.028346843787543836,0.8914752673177913,0.36752597888197147,-0.41052263875789063,25,-0.019309178429273776,0.047035599516989206,0.042520265681315755,0.047035599516989206,chart_cl_1.csv,364,20250830_150755:364,random,6,26,31,55,12,16,1.8,3.2,1.9,2.5,8,0.7
6,2108,1205,300,301,2023-07-01 11:00:00,2023-07-26 11:00:00,-1.7053533478123897,-2.623941618332095,-3.106141299719687,-6.8465094091923255,3.2341841101313267,0.0,8,0.0,-0.8693793294589293,,0.01934483126627713,0.8007344893897612,0.2014343922566456,-0.5992759549437543,25,-0.01938168771062867,0.032341841101313266,0.02901724689941569,0.032341841101313266,chart_cl_1.csv,84,20250830_150755:84,random,10,20,29,48,12,6,1.8,3.2,1.1,2.2,8,0.9
6,2108,1205,300,301,2023-07-01 11:00:00,2023-07-26 11:00:00,-1.715615988749681,-2.628474861179137,-3.1126600272066467,-6.8830573838048155,3.2341841101313267,0.0,7,0.0,-0.9607195932368388,,0.019406043176579988,0.8052546153162079,0.20398825107931734,-0.6028747749171184,25,-0.019498080174359445,0.032341841101313266,0.029109064764869984,0.032341841101313266,chart_cl_1.csv,256,20250830_150755:256,random,8,24,35,47,6,18,3.6,5.0,0.9,0.8,10,0.8500000000000001
6,2108,1205,300,301,2023-07-01 11:00:00,2023-07-26 11:00:00,-1.721021419226142,-2.6300326489214396,-3.1164234346069724,-6.902286766381924,3.2341841101313267,0.0,7,0.0,-0.9643232135544798,,0.019445763099115873,0.8078999272787177,0.20671538860261077,-0.6047702712153342,25,-0.01955938401444447,0.032341841101313266,0.02916864464867381,0.032341841101313266,chart_cl_1.csv,380,20250830_150755:380,random,10,22,34,58,14,14,4.8,3.2,2.3,2.2,8,0.6
6,2108,1205,300,301,2023-07-01 11:00:00,2023-07-26 11:00:00,-1.721021419226142,-2.6300326489214396,-3.1164234346069724,-6.902286766381924,3.2341841101313267,0.0,7,0.0,-0.9643232135544798,,0.019445763099115873,0.8078999272787177,0.20671538860261077,-0.6047702712153342,25,-0.01955938401444447,0.032341841101313266,0.02916864464867381,0.032341841101313266,chart_cl_1.csv,284,20250830_150755:284,random,8,22,29,56,6,18,2.6,3.6,1.1,2.9,8,0.8
6,2108,1205,300,301,2023-07-01 11:00:00,2023-07-26 11:00:00,-1.721021419226142,-2.6300326489214396,-3.1164234346069724,-6.902286766381924,3.2341841101313267,0.0,7,0.0,-0.9643232135544798,,0.019445763099115873,0.8078999272787177,0.20671538860261077,-0.6047702712153342,25,-0.01955938401444447,0.032341841101313266,0.02916864464867381,0.032341841101313266,chart_cl_1.csv,120,20250830_150755:120,random,8,22,34,55,8,18,2.0,3.6,0.6,3.0,8,0.8500000000000001
6,2108,1205,300,301,2023-07-01 11:00:00,2023-07-26 11:00:00,-1.7311645942164118,-1.3022413442381147,-1.6221608376465457,-3.9625850750484033,5.662930005579698,12.5,9,0.09262613034594756,-0.7450644454032792,,0.034021753997049126,0.9113341638855511,0.43855035932970665,-0.3474246927457867,25,-0.019674417172294227,0.05662930005579698,0.05103263099557369,0.05662930005579698,chart_cl_1.csv,260,20250830_150755:260,random,6,20,27,46,8,16,2.0,4.2,1.5,1.5,12,0.6
6,2108,1205,300,301,2023-07-01 11:00:00,2023-07-26 11:00:00,-1.7311645942164118,-1.3022413442381147,-1.6221608376465457,-3.9625850750484033,5.662930005579698,12.5,9,0.09262613034594756,-0.7450644454032792,,0.034021753997049126,0.9113341638855511,0.43855035932970665,-0.3474246927457867,25,-0.019674417172294227,0.05662930005579698,0.05103263099557369,0.05662930005579698,chart_cl_1.csv,92,20250830_150755:92,random,8,18,31,46,10,18,3.4,3.4,0.7,2.3,12,0.65
6,2108,1205,300,301,2023-07-01 11:00:00,2023-07-26 11:00:00,-1.7311645942164118,-1.3022413442381147,-1.6221608376465457,-3.9625850750484033,5.662930005579698,12.5,9,0.09262613034594756,-0.7450644454032792,,0.034021753997049126,0.9113341638855511,0.43855035932970665,-0.3474246927457867,25,-0.019674417172294227,0.05662930005579698,0.05103263099557369,0.05662930005579698,chart_cl_1.csv,372,20250830_150755:372,random,10,18,29,48,12,16,1.8,5.0,1.5,2.6,10,0.55
6,2108,1205,300,301,2023-07-01 11:00:00,2023-07-26 11:00:00,-1.759251750183978,-1.3163172199481001,-1.6402159886522445,-4.019438441058283,5.662930005579698,14.285714285714285,8,0.09803655910098917,-0.7997125537001355,,0.03419770802491174,0.9132118647330462,0.4471897820483526,-0.35304934092127854,25,-0.019992937061532445,0.05662930005579698,0.05129656203736761,0.05662930005579698,chart_cl_1.csv,368,20250830_150755:368,random,6,20,30,50,10,18,3.8,2.8,0.6,1.1,10,0.55
6,2108,1205,300,301,2023-07-01 11:00:00,2023-07-26 11:00:00,-1.759251750183978,-1.3163172199481001,-1.6402159886522445,-4.019438441058283,5.662930005579698,14.285714285714285,8,0.09803655910098917,-0.7997125537001355,,0.03419770802491174,0.9132118647330462,0.4471897820483526,-0.35304934092127854,25,-0.019992937061532445,0.05662930005579698,0.05129656203736761,0.05662930005579698,chart_cl_1.csv,264,20250830_150755:264,random,6,22,32,57,12,12,2.2,2.2,2.2,3.0,12,0.6
6,2108,1205,300,301,2023-07-01 11:00:00,2023-07-26 11:00:00,-1.759251750183978,-1.3163172199481001,-1.6402159886522445,-4.019438441058283,5.662930005579698,14.285714285714285,8,0.09803655910098917,-0.7997125537001355,,0.03419770802491174,0.9132118647330462,0.4471897820483526,-0.35304934092127854,25,-0.019992937061532445,0.05662930005579698,0.05129656203736761,0.05662930005579698,chart_cl_1.csv,212,20250830_150755:212,random,6,26,32,53,14,14,4.6,4.8,2.6,2.5,12,0.7
6,2108,1205,300,301,2023-07-01 11:00:00,2023-07-26 11:00:00,-1.759251750183978,-1.3163172199481001,-1.6402159886522445,-4.019438441058283,5.662930005579698,14.285714285714285,8,0.09803655910098917,-0.7997125537001355,,0.03419770802491174,0.9132118647330462,0.4471897820483526,-0.35304934092127854,25,-0.019992937061532445,0.05662930005579698,0.05129656203736761,0.05662930005579698,chart_cl_1.csv,192,20250830_150755:192,random,8,26,29,52,10,8,4.6,4.0,1.3,1.4,10,0.5
6,2108,1205,300,301,2023-07-01 11:00:00,2023-07-26 11:00:00,-1.8192090884674814,-1.3804972714589077,-1.7182242717999248,-4.142067613416114,5.660196354936926,11.11111111111111,10,0.07322157883809537,-0.7351751158765527,,0.033929129514934195,0.9038325763199175,0.4304089450106768,-0.36523122695046006,25,-0.020672804594941353,0.056601963549369264,0.05089369427240129,0.056601963549369264,chart_cl_1.csv,136,20250830_150755:136,random,6,26,31,48,12,16,4.2,4.6,0.7,2.7,14,0.55
4,2108,603,300,301,2023-05-12 07:00:00,2023-06-06 07:00:00,-1.8704865418730998,-2.0422426260391746,-2.7157959177902753,-5.032208293766851,4.774180778543581,5.88235294117647,18,0.020412503528435065,-0.4324904968561372,,0.027435818476953647,0.8712679565770516,0.34826484054388634,-0.4451898880135825,25,-0.02125417006156415,0.04774180778543581,0.04115372771543047,0.04774180778543581,chart_cl_1.csv,398,20250830_150755:398,random,6,26,29,57,14,10,2.4,2.0,0.5,1.9,16,0.65
4,2108,603,300,301,2023-05-12 07:00:00,2023-06-06 07:00:00,-1.8720116008755876,-2.349426965173146,-3.0535409440662225,-5.7346563195717195,4.192378880788078,5.555555555555555,19,0.027138679409885885,-0.40892013235334357,,0.02293698755158893,0.8568297103850839,0.3099084821882617,-0.5073839965971062,25,-0.02127145951783558,0.04192378880788078,0.03440548132738339,0.04192378880788078,chart_cl_1.csv,198,20250830_150755:198,random,14,18,32,58,18,18,4.2,2.4,0.8,1.0,14,0.6
6,2108,1205,300,301,2023-07-01 11:00:00,2023-07-26 11:00:00,-1.8940286228355383,-1.4276241655861088,-1.8818654799927979,-6.7642343489925745,3.590868060262901,0.0,5,0.0,-1.334653984450415,,0.014168639630889443,0.9123978030401616,0.48544397188485966,-0.5993274313777119,25,-0.021521057309736313,0.03590868060262901,0.021252959446334166,0.03590868060262901,chart_cl_1.csv,196,20250830_150755:196,random,14,26,34,51,6,8,2.0,2.6,0.9,1.0,12,0.8500000000000001
6,2108,1205,300,301,2023-07-01 11:00:00,2023-07-26 11:00:00,-1.8979867096838143,-1.433153862918909,-1.7840904955784498,-4.299128079424393,5.660196354936926,14.285714285714285,8,0.07868212132229732,-0.8744437593251009,,0.034179048543481104,0.904534022414838,0.440424193260191,-0.38101022842026133,25,-0.02156592706098049,0.056601963549369264,0.05126857281522165,0.056601963549369264,chart_cl_1.csv,88,20250830_150755:88,random,6,20,33,51,10,18,4.8,4.8,2.9,2.4,14,0.5
5,2108,904,300,301,2023-06-06 09:00:00,2023-07-01 09:00:00,-1.8982700933014982,-2.0083195083947754,-2.6302320471286738,-7.347648461683914,3.312228357806753,0.0,5,0.0,-1.0996715235534926,,0.009994069532198382,0.8130777711622648,0.2899771588816643,-0.6511972368406614,25,-0.021569139543890392,0.03312228357806753,0.02,0.03312228357806753,chart_cl_1.csv,127,20250830_150755:127,random,6,24,30,42,16,16,4.0,4.6,0.6,0.6,18,0.6
6,2108,1205,300,301,2023-07-01 11:00:00,2023-07-26 11:00:00,-1.9041781245840994,-2.558641724344954,-3.2864395356284573,-6.348673164540299,3.8438534349104,14.285714285714285,8,0.049701021340174595,-0.8403265882057931,,0.021297941277788383,0.8681941789948536,0.3379387895481438,-0.5628756092926084,25,-0.02163611344206677,0.038438534349104,0.03194691191668257,0.038438534349104,chart_cl_1.csv,216,20250830_150755:216,random,12,22,29,56,6,6,4.4,4.6,0.5,2.5,18,0.75
6,2108,1205,300,301,2023-07-01 11:00:00,2023-07-26 11:00:00,-1.9119200362709101,-1.6607322108465874,-2.0631760387043894,-4.9795063971102715,4.918186338806381,12.5,9,0.06673093949725047,-0.8312877872948198,,0.02898748159205671,0.8913170480951333,0.403988103342099,-0.44170499825863735,25,-0.021723874882181266,0.04918186338806381,0.043481222388085064,0.04918186338806381,chart_cl_1.csv,80,20250830_150755:80,random,8,22,27,50,12,10,2.8,4.8,0.7,2.4,14,0.65
4,2108,603,300,301,2023-05-12 07:00:00,2023-06-06 07:00:00,-1.9197989291478816,-2.5283408009572255,-3.2218313897320088,-6.5836561282097605,3.733237442748769,10.526315789473683,20,0.03913824888528342,-0.39916747932170754,,0.022428189317994215,0.8558698479503195,0.30517597485619113,-0.584296813444297,25,-0.02181318741629042,0.03733237442748769,0.03364228397699132,0.03733237442748769,chart_cl_1.csv,326,20250830_150755:326,random,10,20,30,54,8,6,3.2,3.2,1.1,1.2,18,0.6
5,2108,904,300,301,2023-06-06 09:00:00,2023-07-01 09:00:00,-1.935862541840061,-0.6152646544616769,-0.8691058907775935,-3.8871651585794225,6.369140445422383,50.0,13,0.6374835264279403,-0.4832834836253167,,0.03786441105086337,0.968448580575042,0.7074085872700824,-0.34534132328687994,25,-0.021995273896221537,0.06369140445422383,0.056796616576295055,0.06369140445422383,chart_cl_1.csv,191,20250830_150755:191,random,8,26,29,52,10,8,4.6,4.0,1.3,1.4,10,0.5
6,2108,1205,300,301,2023-07-01 11:00:00,2023-07-26 11:00:00,-1.9397952003004013,-1.527547262545968,-1.9935776197777364,-5.222190807115652,4.749308844821286,7.6923076923076925,14,0.12039897567390881,-0.54517831184513,,0.029539979854323318,0.9097596550508888,0.4536712144697037,-0.4640643836224141,25,-0.022039850817044696,0.04749308844821286,0.04430996978148498,0.04749308844821286,chart_cl_1.csv,336,20250830_150755:336,random,10,22,32,47,10,18,3.2,3.6,2.4,1.9,16,0.5
4,2108,603,300,301,2023-05-12 07:00:00,2023-06-06 07:00:00,-1.9410419841572515,-2.097207520232477,-2.8357794905006113,-6.189181879518885,4.009529698626537,4.761904761904762,22,0.02301277597682888,-0.36470171307534266,,0.026338210845224305,0.8796254039457119,0.36752054981621807,-0.550039150604613,25,-0.0220539830975651,0.04009529698626537,0.039507316267836455,0.04009529698626537,chart_cl_1.csv,246,20250830_150755:246,random,10,22,28,53,6,16,4.0,2.6,2.9,2.1,16,0.7
6,2108,1205,300,301,2023-07-01 11:00:00,2023-07-26 11:00:00,-1.9729214137613855,-1.9590383702231418,-2.548310626307839,-6.9339457998695035,3.6300550451163462,6.666666666666667,16,0.0996479416036589,-0.49146150453109366,,0.024960165581792995,0.8885860394270133,0.38996561300018556,-0.5986958518819504,25,-0.022415321394159145,0.03630055045116346,0.03744024837268949,0.03744024837268949,chart_cl_1.csv,128,20250830_150755:128,random,6,24,30,42,16,16,4.0,4.6,0.6,0.6,18,0.6
3,2108,302,300,301,2023-04-17 05:00:00,2023-05-12 05:00:00,-1.9908199956735935,-0.7867710762287706,-1.0736723578693566,-3.2172514650051407,7.885356777969112,77.77777777777779,10,1.6119783794124793,0.30423710654091,,0.0298623887655469,0.9644622510625911,0.7001442428593649,-0.2868377632059889,25,-0.02261818100273844,0.07885356777969112,0.044793583148320354,0.07885356777969112,chart_cl_1.csv,397,20250830_150755:397,random,6,26,29,57,14,10,2.4,2.0,0.5,1.9,16,0.65
4,2108,603,300,301,2023-05-12 07:00:00,2023-06-06 07:00:00,-1.9959163938793938,-1.3291611424710779,-1.863649491192373,-4.551060759158787,5.586747289451276,5.0,21,0.05357711258970357,-0.39060950449077847,,0.03875355765439818,0.9182065712576751,0.49420499838891496,-0.39008790407440974,25,-0.02267594112124648,0.055867472894512764,0.058130336481597274,0.058130336481597274,chart_cl_1.csv,22,20250830_150755:22,random,12,20,34,45,8,16,2.8,3.6,0.8,2.6,16,0.55
4,2108,603,300,301,2023-05-12 07:00:00,2023-06-06 07:00:00,-2.033396255112707,-3.786289042636368,-4.59343142821622,-8.96792767114289,2.8813296059845186,0.0,17,0.0,-0.5018069374246543,,0.01501447256303018,0.7217738145463979,0.16200417178621854,-0.8017374192492517,25,-0.023100697623084913,0.028813296059845186,0.022521708844545272,0.028813296059845186,chart_cl_1.csv,30,20250830_150755:30,random,12,18,34,57,14,8,4.6,4.2,1.3,1.9,16,0.5
6,2108,1205,300,301,2023-07-01 11:00:00,2023-07-26 11:00:00,-2.050383873184453,-1.541031640109032,-2.004658158800097,-4.363337930760206,5.964805458448425,14.285714285714285,8,0.1261558318721224,-0.8872064302113554,,0.034571658369462244,0.9101983114813161,0.4834329120905579,-0.3905107108099896,25,-0.023293204194220006,0.05964805458448425,0.051857487554193366,0.05964805458448425,chart_cl_1.csv,328,20250830_150755:328,random,10,20,30,54,8,6,3.2,3.2,1.1,1.2,18,0.6
6,2108,1205,300,301,2023-07-01 11:00:00,2023-07-26 11:00:00,-2.0875524566948958,-1.6433872376815037,-2.1431253477221803,-5.568178562474973,4.747311948049429,8.333333333333332,13,0.11001879247052367,-0.6102518094378593,,0.02968566451318776,0.9057466824054806,0.45774460128761496,-0.4995327291162901,25,-0.02371437693375503,0.04747311948049429,0.04452849676978164,0.04747311948049429,chart_cl_1.csv,288,20250830_150755:288,random,8,24,35,58,14,12,2.4,3.6,0.7,1.3,16,0.55
6,2108,1205,300,301,2023-07-01 11:00:00,2023-07-26 11:00:00,-2.0875524566948958,-1.6433872376815037,-2.1431253477221803,-5.568178562474973,4.747311948049429,8.333333333333332,13,0.11001879247052367,-0.6102518094378593,,0.02968566451318776,0.9057466824054806,0.45774460128761496,-0.4995327291162901,25,-0.02371437693375503,0.04747311948049429,0.04452849676978164,0.04747311948049429,chart_cl_1.csv,272,20250830_150755:272,random,8,18,36,54,10,6,4.6,4.6,2.8,1.5,16,0.5
4,2108,603,300,301,2023-05-12 07:00:00,2023-06-06 07:00:00,-2.2346224257939493,-1.5851169273522208,-2.046356327916038,-4.912520539445136,5.704925647563586,10.526315789473683,20,0.10241220922932988,-0.4625752483189182,,0.03383266087099164,0.9069400334684884,0.487645325478416,-0.4448876882542917,25,-0.025380511830071822,0.057049256475635864,0.05074899130648746,0.057049256475635864,chart_cl_1.csv,278,20250830_150755:278,random,12,20,36,55,10,10,3.0,2.2,1.9,2.7,18,0.55
6,2108,1205,300,301,2023-07-01 11:00:00,2023-07-26 11:00:00,-2.235052354452625,-1.3050256787338976,-1.7176986721999066,-4.2460140350545945,6.601525517217112,14.285714285714285,8,0.13590894197745443,-0.918140152417358,,0.034505868026246424,0.9305432140182022,0.580996949866981,-0.3845381114429838,25,-0.02538538155033335,0.06601525517217112,0.05175880203936964,0.06601525517217112,chart_cl_1.csv,324,20250830_150755:324,random,6,24,34,52,6,14,4.4,2.2,2.5,0.9,16,0.6
3,2108,302,300,301,2023-04-17 05:00:00,2023-05-12 05:00:00,-2.332594715933187,-1.339663172111425,-1.8288970058318887,-4.35412954123556,6.675965799355257,50.0,13,1.1262469786238296,0.04777048796538641,,0.027176880422432943,0.937147838944393,0.6032433681719178,-0.3967979079064916,25,-0.02649009262439455,0.06675965799355257,0.04076532063364942,0.06675965799355257,chart_cl_1.csv,297,20250830_150755:297,random,6,22,29,49,14,12,2.8,2.0,2.4,1.5,14,0.75
4,2108,603,300,301,2023-05-12 07:00:00,2023-06-06 07:00:00,-2.3909608290331046,-2.017539274898266,-2.6958802493895164,-5.715599361266971,5.193217718120495,4.545454545454546,23,0.02632779954920116,-0.42881317769519556,,0.030921951215856034,0.8878813203529594,0.44685513915258107,-0.522816299447461,25,-0.027150988696127448,0.05193217718120495,0.04638292682378405,0.05193217718120495,chart_cl_1.csv,322,20250830_150755:322,random,6,24,34,52,6,14,4.4,2.2,2.5,0.9,16,0.6
6,2108,1205,300,301,2023-07-01 11:00:00,2023-07-26 11:00:00,-2.3981422879295664,-0.9687239967705424,-1.2618758952861806,-3.6600589749033285,8.130359962956806,35.714285714285715,15,0.3120909156379198,-0.5268468287549152,,0.044772552724103194,0.9548827120170155,0.6892157125584735,-0.33494580781896266,25,-0.02723229985651519,0.08130359962956807,0.0671588290861548,0.08130359962956807,chart_cl_1.csv,72,20250830_150755:72,random,6,22,27,43,8,12,2.6,1.8,0.5,2.3,18,0.55
3,2108,302,300,301,2023-04-17 05:00:00,2023-05-12 05:00:00,-2.4548644884596893,-2.3165891719520415,-3.2758432231984687,-6.200049281251283,4.895007014994271,66.66666666666666,7,3.291245292705676,0.30569953340098194,,0.014944620940767053,0.8769291301497641,0.4432767073089627,-0.5694471810006747,25,-0.02787447945667015,0.04895007014994271,0.02241693141115058,0.04895007014994271,chart_cl_1.csv,229,20250830_150755:229,random,6,18,28,56,6,10,5.0,4.2,0.5,0.6,8,0.6
6,2108,1205,300,301,2023-07-01 11:00:00,2023-07-26 11:00:00,-2.457589034984096,-1.9129066655776914,-2.472901053818384,-5.0535903664245385,6.011090331453326,14.285714285714285,8,0.0783857645371798,-1.0557703111167027,,0.03302729221955837,0.9015092268149975,0.5045397743056861,-0.46423064009723825,25,-0.027905323122528976,0.06011090331453326,0.04954093832933756,0.06011090331453326,chart_cl_1.csv,148,20250830_150755:148,random,10,24,36,57,10,14,4.4,2.6,1.9,2.1,18,0.65
6,2108,1205,300,301,2023-07-01 11:00:00,2023-07-26 11:00:00,-2.47626318773073,-1.115719820287518,-1.473667172446715,-3.96526664363863,7.709769842483662,16.666666666666664,13,0.22058536440258705,-0.6518841036356695,,0.04034931414141748,0.9487089581292928,0.6728166904379458,-0.3646895029013621,25,-0.02811672131339279,0.07709769842483662,0.060523971212126215,0.07709769842483662,chart_cl_1.csv,204,20250830_150755:204,random,14,24,32,48,10,8,3.0,2.2,1.7,1.7,10,0.95
4,2108,603,300,301,2023-05-12 07:00:00,2023-06-06 07:00:00,-2.5185263806571934,-2.618133239011574,-3.218470728557586,-8.926627610591694,3.473633532302487,9.523809523809524,22,0.010053271049322894,-0.4745374859391301,,0.022526622295060587,0.8496694946854736,0.35517391336592774,-0.8232048651741222,25,-0.028595120236233788,0.03473633532302487,0.03378993344259088,0.03473633532302487,chart_cl_1.csv,238,20250830_150755:238,random,14,26,31,51,8,10,5.0,4.4,1.3,1.8,8,0.6
4,2108,603,300,301,2023-05-12 07:00:00,2023-06-06 07:00:00,-2.55465346214106,-2.1863320894629568,-2.90394748564598,-5.93154095530431,5.290187633817438,5.0,21,0.019360572934708543,-0.5012070889491862,,0.03160224835982023,0.8827393359446398,0.4463329377766767,-0.5482607426537638,25,-0.029004022008945057,0.05290187633817438,0.04740337253973034,0.05290187633817438,chart_cl_1.csv,158,20250830_150755:158,random,12,22,30,53,8,10,1.8,1.8,2.3,1.5,16,0.6
6,2108,1205,300,301,2023-07-01 11:00:00,2023-07-26 11:00:00,-2.592894254526728,-2.022757272470393,-2.6121341946660044,-5.238435742906283,6.064746360463896,14.285714285714285,8,0.06283924686156989,-1.1255408210727746,,0.03337855663777206,0.8964005524583312,0.5022794234330574,-0.4853757505822362,25,-0.029436808168010486,0.060647463604638956,0.05006783495665809,0.060647463604638956,chart_cl_1.csv,248,20250830_150755:248,random,10,22,28,53,6,16,4.0,2.6,2.9,2.1,16,0.7
4,2108,603,300,301,2023-05-12 07:00:00,2023-06-06 07:00:00,-2.603768760064911,-1.738417379899764,-2.3567644518311073,-5.056209557063318,6.30522561535866,5.0,21,0.028332823942087394,-0.515076634436617,,0.04135721354445878,0.8948826119509881,0.49132670739550965,-0.4688154497493011,25,-0.029559871826351843,0.0630522561535866,0.06203582031668817,0.0630522561535866,chart_cl_1.csv,270,20250830_150755:270,random,8,18,36,54,10,6,4.6,4.6,2.8,1.5,16,0.5
4,2108,603,300,301,2023-05-12 07:00:00,2023-06-06 07:00:00,-2.6530864188860823,-3.873936016937417,-4.82601054790599,-9.744485586513623,3.322981864057606,19.047619047619047,22,0.017852050847367164,-0.43593258399535667,,0.019953519514190096,0.801115316115572,0.2639193537761968,-0.906352957078325,25,-0.030117944388062555,0.03322981864057606,0.029930279271285144,0.03322981864057606,chart_cl_1.csv,126,20250830_150755:126,random,6,24,30,42,16,16,4.0,4.6,0.6,0.6,18,0.6
4,2108,603,300,301,2023-05-12 07:00:00,2023-06-06 07:00:00,-2.65534210701305,-2.385797468951332,-3.1703909009696747,-6.328435034087663,5.12030938521146,5.0,21,0.01739464768682537,-0.5166044303886103,,0.030846959338057544,0.8765073941911768,0.4372867976111524,-0.5887040331743009,25,-0.030143467861742115,0.0512030938521146,0.046270439007086314,0.0512030938521146,chart_cl_1.csv,106,20250830_150755:106,random,14,22,32,49,10,10,2.0,1.8,1.9,0.5,16,0.6
6,2108,1205,300,301,2023-07-01 11:00:00,2023-07-26 11:00:00,-2.656820098446108,-1.746128774585069,-2.2605929236343423,-6.293199047971552,5.151351170893053,0.0,7,0.0,-1.36020624327644,,0.02413926705707963,0.9016684650197021,0.5299794715774975,-0.5854811775620004,25,-0.030160191495698534,0.05151351170893052,0.036208900585619444,0.05151351170893052,chart_cl_1.csv,316,20250830_150755:316,random,8,24,28,54,8,12,1.8,2.6,1.3,2.1,8,0.8500000000000001
6,2108,1205,300,301,2023-07-01 11:00:00,2023-07-26 11:00:00,-2.656820098446108,-1.746128774585069,-2.2605929236343423,-6.293199047971552,5.151351170893053,0.0,7,0.0,-1.36020624327644,,0.02413926705707963,0.9016684650197021,0.5299794715774975,-0.5854811775620004,25,-0.030160191495698534,0.05151351170893052,0.036208900585619444,0.05151351170893052,chart_cl_1.csv,68,20250830_150755:68,random,6,18,36,53,16,18,2.0,2.2,2.1,0.9,8,0.8500000000000001
4,2108,603,300,301,2023-05-12 07:00:00,2023-06-06 07:00:00,-2.6576968147270215,-2.8704199272825206,-3.5083754233373923,-9.328426553852445,3.476184821449229,4.761904761904762,22,0.0064922616252830094,-0.49850965998612173,,0.02262739166738747,0.8385876230511068,0.34034454346201015,-0.8679087320392985,25,-0.030170111607182557,0.03476184821449229,0.0339410875010812,0.03476184821449229,chart_cl_1.csv,42,20250830_150755:42,random,14,22,34,44,6,10,2.6,4.6,1.8,0.7,8,0.7
6,2108,1205,300,301,2023-07-01 11:00:00,2023-07-26 11:00:00,-2.657789542724048,-3.150987976492834,-4.02872205661952,-7.150853891848889,4.534881001869881,12.5,9,0.02203705586522775,-1.1122634623450625,,0.025767193441215783,0.837693635926529,0.35796782745178457,-0.6653131761967163,25,-0.03017116083028197,0.04534881001869881,0.03865079016182368,0.04534881001869881,chart_cl_1.csv,356,20250830_150755:356,random,14,20,35,42,18,12,3.8,4.0,1.6,0.8,14,0.7
6,2108,1205,300,301,2023-07-01 11:00:00,2023-07-26 11:00:00,-2.696774243549319,-4.133596354129365,-5.216289767879363,-10.05552016644878,3.2639778924390948,0.0,7,0.0,-1.5191172735695593,,0.01596985721671069,0.766287328206879,0.25711994836105895,-0.9378817815012107,25,-0.030612254005413453,0.03263977892439095,0.023954785825066036,0.03263977892439095,chart_cl_1.csv,4,20250830_150755:4,random,12,26,34,48,8,10,3.8,3.8,2.8,2.5,14,0.8500000000000001
5,2108,904,300,301,2023-06-06 09:00:00,2023-07-01 09:00:00,-2.715939656724803,-1.1159437925624458,-1.548244624324813,-5.889947734510821,5.605021504224837,53.84615384615385,14,0.47965936139605964,-0.6490155814464215,,0.03434134167441766,0.9454493282595203,0.6696386301273048,-0.5500261855032452,25,-0.030829085976324486,0.056050215042248365,0.05151201251162649,0.056050215042248365,chart_cl_1.csv,367,20250830_150755:367,random,6,20,30,50,10,18,3.8,2.8,0.6,1.1,10,0.55
5,2108,904,300,301,2023-06-06 09:00:00,2023-07-01 09:00:00,-2.715939656724803,-1.1159437925624458,-1.548244624324813,-5.889947734510821,5.605021504224837,53.84615384615385,14,0.47965936139605964,-0.6490155814464215,,0.03434134167441766,0.9454493282595203,0.6696386301273048,-0.5500261855032452,25,-0.030829085976324486,0.056050215042248365,0.05151201251162649,0.056050215042248365,chart_cl_1.csv,371,20250830_150755:371,random,10,18,29,48,12,16,1.8,5.0,1.5,2.6,10,0.55
6,2108,1205,300,301,2023-07-01 11:00:00,2023-07-26 11:00:00,-2.746346370057151,-3.050995956396486,-3.895085642252514,-6.73164970408934,4.949352219689026,12.5,9,0.021211259002450876,-1.1565418760116128,,0.02641157825124156,0.8433522695405318,0.37996264925024026,-0.6298415724805586,25,-0.0311730778480908,0.049493522196890266,0.03961736737686234,0.049493522196890266,chart_cl_1.csv,76,20250830_150755:76,random,14,24,36,47,18,12,3.8,5.0,1.0,2.8,16,0.65
3,2108,302,300,301,2023-04-17 05:00:00,2023-05-12 05:00:00,-2.7582441618317395,-5.017748163580367,-6.786849130429449,-9.790432869773731,3.415162110703656,0.0,5,0.0,-0.37094376799608186,,0.008404644179081959,0.6291159433743593,0.1649529668526635,-0.916725761299749,25,-0.03130767085896867,0.03415162110703656,0.02,0.03415162110703656,chart_cl_1.csv,373,20250830_150755:373,random,14,18,33,58,12,6,5.0,3.2,2.1,1.1,8,0.8
3,2108,302,300,301,2023-04-17 05:00:00,2023-05-12 05:00:00,-2.7582441618317395,-5.017748163580367,-6.786849130429449,-9.790432869773731,3.415162110703656,0.0,5,0.0,-0.37094376799608186,,0.008404644179081959,0.6291159433743593,0.1649529668526635,-0.916725761299749,25,-0.03130767085896867,0.03415162110703656,0.02,0.03415162110703656,chart_cl_1.csv,281,20250830_150755:281,random,8,22,29,56,6,18,2.6,3.6,1.1,2.9,8,0.8
3,2108,302,300,301,2023-04-17 05:00:00,2023-05-12 05:00:00,-2.7714103927926406,-5.041951307453016,-6.818962074367401,-9.791275664883965,3.428250071806023,0.0,5,0.0,-0.3841099989569833,,0.008437069507242486,0.6279838354184616,0.1648517104611716,-0.9175704153747032,25,-0.031456608423954084,0.03428250071806023,0.02,0.03428250071806023,chart_cl_1.csv,45,20250830_150755:45,random,8,22,35,56,18,8,3.6,4.2,2.3,1.1,8,0.65
6,2108,1205,300,301,2023-07-01 11:00:00,2023-07-26 11:00:00,-2.7736406993291642,-5.283467158150948,-6.038171125108999,-11.412336868222212,2.9432283135155757,0.0,15,0.0,-0.7100538784682985,,0.018420561796796086,0.7137161562669276,0.15016093358285834,-1.0696362639132213,25,-0.031481837371124116,0.029432283135155758,0.027630842695194127,0.029432283135155758,chart_cl_1.csv,28,20250830_150755:28,random,8,24,28,51,16,12,4.4,4.8,1.9,1.2,18,0.8
4,2108,603,300,301,2023-05-12 07:00:00,2023-06-06 07:00:00,-2.777002716386728,-1.8822958916689503,-2.601962366423104,-5.19912082077666,6.466962966416453,5.0,21,0.033445850436088824,-0.5427233536037844,,0.0429560143364684,0.8914419934980321,0.4921960286887149,-0.4873983040879528,25,-0.03151986782430976,0.06466962966416454,0.06443402150470261,0.06466962966416454,chart_cl_1.csv,334,20250830_150755:334,random,10,22,32,47,10,18,3.2,3.6,2.4,1.9,16,0.5
4,2108,603,300,301,2023-05-12 07:00:00,2023-06-06 07:00:00,-2.7885766414973414,-3.080900101494826,-3.781988462509659,-10.442675558988466,3.230725076579713,13.636363636363635,23,0.011563715228522672,-0.4425310274261886,,0.020433561008474554,0.83851207394229,0.35223698190882874,-0.979680615344028,25,-0.03165078731030995,0.03230725076579713,0.03065034151271183,0.03230725076579713,chart_cl_1.csv,230,20250830_150755:230,random,6,18,28,56,6,10,5.0,4.2,0.5,0.6,8,0.6
6,2108,1205,300,301,2023-07-01 11:00:00,2023-07-26 11:00:00,-2.8232175591902964,-4.223567192702234,-5.314529292431462,-10.441302767618115,3.2639778924390948,0.0,6,0.0,-1.7593521569701707,,0.016330074481184197,0.767585951136944,0.2666959273884995,-0.9817042259716336,25,-0.032042608904854455,0.03263977892439095,0.024495111721776295,0.03263977892439095,chart_cl_1.csv,344,20250830_150755:344,random,14,22,36,42,16,16,4.2,4.6,0.8,1.7,14,0.8500000000000001
4,2108,603,300,301,2023-05-12 07:00:00,2023-06-06 07:00:00,-2.855147251446855,-2.3986630491533467,-3.172286891779897,-7.23042794428238,4.756932632125609,5.263157894736842,20,0.02199010913587842,-0.5159957682396318,,0.030500166978873554,0.87142085316731,0.4393023396901951,-0.6811896857776351,25,-0.03240373444943022,0.047569326321256086,0.04575025046831033,0.047569326321256086,chart_cl_1.csv,162,20250830_150755:162,random,6,18,34,51,10,12,4.2,4.0,1.8,0.6,16,0.6
6,2108,1205,300,301,2023-07-01 11:00:00,2023-07-26 11:00:00,-2.8929623497749315,-2.3946701937318355,-3.0843141677584462,-5.732357491218056,6.064746360463896,14.285714285714285,8,0.055921957208227686,-1.2741004331419568,,0.03384682238991197,0.8750527096326904,0.4697392312365295,-0.5413480711036088,25,-0.032831387439697615,0.060647463604638956,0.05077023358486796,0.060647463604638956,chart_cl_1.csv,224,20250830_150755:224,random,12,24,31,50,12,10,5.0,3.4,0.5,2.5,14,0.6
6,2108,1205,300,301,2023-07-01 11:00:00,2023-07-26 11:00:00,-2.8929623497749315,-2.3946701937318355,-3.0843141677584462,-5.732357491218056,6.064746360463896,14.285714285714285,8,0.055921957208227686,-1.2741004331419568,,0.03384682238991197,0.8750527096326904,0.4697392312365295,-0.5413480711036088,25,-0.032831387439697615,0.060647463604638956,0.05077023358486796,0.060647463604638956,chart_cl_1.csv,200,20250830_150755:200,random,14,18,32,58,18,18,4.2,2.4,0.8,1.0,14,0.6
6,2108,1205,300,301,2023-07-01 11:00:00,2023-07-26 11:00:00,-2.9006436718176687,-1.318252448868383,-1.7275667241664365,-3.9291566605229673,8.867129817470804,42.857142857142854,15,0.3999691961274015,-0.5338892625792876,,0.04702931084838421,0.9404805562554208,0.6689060663149855,-0.37123907904315234,25,-0.03291825107193937,0.08867129817470804,0.07054396627257631,0.08867129817470804,chart_cl_1.csv,160,20250830_150755:160,random,12,22,30,53,8,10,1.8,1.8,2.3,1.5,16,0.6
6,2108,1205,300,301,2023-07-01 11:00:00,2023-07-26 11:00:00,-2.927056135791216,-3.587418846671405,-4.34147162082425,-7.468518052390761,4.699430800136825,0.0,8,0.0,-1.457486861061468,,0.026252465490826056,0.7881068160074652,0.30136855399093065,-0.7068286196776962,25,-0.03321692185731563,0.04699430800136825,0.03937869823623909,0.04699430800136825,chart_cl_1.csv,44,20250830_150755:44,random,14,22,34,44,6,10,2.6,4.6,1.8,0.7,8,0.7
3,2108,302,300,301,2023-04-17 05:00:00,2023-05-12 05:00:00,-2.9341091223925684,-5.386319290969138,-7.255662382546069,-10.294789054233336,3.415938727247857,0.0,5,0.0,-0.5238663863114821,,0.008406770199854034,0.6041598735395226,0.1579145101277112,-0.9747444567306462,25,-0.03329667338916388,0.034159387272478574,0.02,0.034159387272478574,chart_cl_1.csv,209,20250830_150755:209,random,6,26,32,53,14,14,4.6,4.8,2.6,2.5,12,0.7
6,2108,1205,300,301,2023-07-01 11:00:00,2023-07-26 11:00:00,-2.934419109302297,-1.407758245943404,-1.835023240966748,-4.003104373051991,8.785526975126114,37.5,9,0.252629082894619,-1.1179227360898314,,0.04566861509036846,0.9295287006744163,0.6365934255090189,-0.3790345032655304,25,-0.033300178529428445,0.08785526975126114,0.06850292263555269,0.08785526975126114,chart_cl_1.csv,108,20250830_150755:108,random,14,22,32,49,10,10,2.0,1.8,1.9,0.5,16,0.6
3,2108,302,300,301,2023-04-17 05:00:00,2023-05-12 05:00:00,-2.950269710043478,-5.542193195606201,-7.4999419599708474,-10.635883076184609,3.321140631730658,0.0,5,0.0,-0.5254497934029114,,0.008048818414779793,0.5801083311700793,0.1477089878554542,-1.008069439826394,25,-0.033479403762134013,0.03321140631730658,0.02,0.03321140631730658,chart_cl_1.csv,221,20250830_150755:221,random,12,24,31,50,12,10,5.0,3.4,0.5,2.5,14,0.6
3,2108,302,300,301,2023-04-17 05:00:00,2023-05-12 05:00:00,-2.950269710043478,-5.542193195606201,-7.4999419599708474,-10.635883076184609,3.321140631730658,0.0,5,0.0,-0.5254497934029114,,0.008048818414779793,0.5801083311700793,0.1477089878554542,-1.008069439826394,25,-0.033479403762134013,0.03321140631730658,0.02,0.03321140631730658,chart_cl_1.csv,241,20250830_150755:241,random,14,26,30,42,6,8,3.2,3.0,3.0,3.0,10,0.75
6,2108,1205,300,301,2023-07-01 11:00:00,2023-07-26 11:00:00,-2.951812613947185,-2.555574928957479,-3.137119150690193,-5.89486365706058,5.994748351834396,14.285714285714285,8,0.0013983857377558382,-1.352735163418321,,0.03457781912761721,0.8545153376815543,0.4220432747359688,-0.5587698979221319,25,-0.033496849246233744,0.05994748351834396,0.05186672869142582,0.05994748351834396,chart_cl_1.csv,320,20250830_150755:320,random,10,18,31,53,8,16,3.8,3.4,0.6,1.6,12,0.6
6,2108,1205,300,301,2023-07-01 11:00:00,2023-07-26 11:00:00,-2.988897269411508,-3.5888576439248854,-4.352006189871085,-7.595993757711778,4.699430800136825,0.0,7,0.0,-1.618016956788125,,0.026493969245826775,0.7968966910974058,0.31777905001562107,-0.721707454785813,25,-0.03391614241708805,0.04699430800136825,0.03974095386874016,0.04699430800136825,chart_cl_1.csv,240,20250830_150755:240,random,14,26,31,51,8,10,5.0,4.4,1.3,1.8,8,0.6
6,2108,1205,300,301,2023-07-01 11:00:00,2023-07-26 11:00:00,-2.988897269411508,-3.5888576439248854,-4.352006189871085,-7.595993757711778,4.699430800136825,0.0,7,0.0,-1.618016956788125,,0.026493969245826775,0.7968966910974058,0.31777905001562107,-0.721707454785813,25,-0.03391614241708805,0.04699430800136825,0.03974095386874016,0.04699430800136825,chart_cl_1.csv,208,20250830_150755:208,random,12,24,34,50,18,6,2.2,4.2,2.9,2.1,8,0.8500000000000001
3,2108,302,300,301,2023-04-17 05:00:00,2023-05-12 05:00:00,-3.0042960304444,-5.2825095689910375,-6.958020059812452,-10.330901028025831,3.469708390463305,0.0,5,0.0,-0.6169956366087435,,0.008624543286911108,0.6091594092210381,0.16341577041629426,-0.9825101012780071,25,-0.03409023542119253,0.03469708390463305,0.02,0.03469708390463305,chart_cl_1.csv,385,20250830_150755:385,random,10,20,36,55,8,12,1.8,3.0,1.2,0.5,8,0.8
3,2108,302,300,301,2023-04-17 05:00:00,2023-05-12 05:00:00,-3.0244348334921387,-5.657820994736056,-7.626769713390916,-10.614991818955982,3.3950822322869736,0.0,5,0.0,-0.5996149168515729,,0.008344024499705718,0.5740647752225314,0.14726500678117013,-1.0108122688554348,25,-0.034317907741687706,0.033950822322869736,0.02,0.033950822322869736,chart_cl_1.csv,321,20250830_150755:321,random,6,24,34,52,6,14,4.4,2.2,2.5,0.9,16,0.6
3,2108,302,300,301,2023-04-17 05:00:00,2023-05-12 05:00:00,-3.0244348334921387,-5.657820994736056,-7.626769713390916,-10.614991818955982,3.3950822322869736,0.0,5,0.0,-0.5996149168515729,,0.008344024499705718,0.5740647752225314,0.14726500678117013,-1.0108122688554348,25,-0.034317907741687706,0.033950822322869736,0.02,0.033950822322869736,chart_cl_1.csv,261,20250830_150755:261,random,6,22,32,57,12,12,2.2,2.2,2.2,3.0,12,0.6
3,2108,302,300,301,2023-04-17 05:00:00,2023-05-12 05:00:00,-3.0374851740966244,-5.682474525080742,-7.659259581300987,-10.611184967559147,3.4080932410634834,0.0,5,0.0,-0.6126652574560592,,0.008376302293821926,0.572993068774717,0.14717505112449467,-1.0112821284889966,25,-0.03446543786911642,0.03408093241063483,0.02,0.03408093241063483,chart_cl_1.csv,73,20250830_150755:73,random,14,24,36,47,18,12,3.8,5.0,1.0,2.8,16,0.65
3,2108,302,300,301,2023-04-17 05:00:00,2023-05-12 05:00:00,-3.0374851740966244,-5.682474525080742,-7.659259581300987,-10.611184967559147,3.4080932410634834,0.0,5,0.0,-0.6126652574560592,,0.008376302293821926,0.572993068774717,0.14717505112449467,-1.0112821284889966,25,-0.03446543786911642,0.03408093241063483,0.02,0.03408093241063483,chart_cl_1.csv,161,20250830_150755:161,random,6,18,34,51,10,12,4.2,4.0,1.8,0.6,16,0.6
3,2108,302,300,301,2023-04-17 05:00:00,2023-05-12 05:00:00,-3.0374851740966244,-5.682474525080742,-7.659259581300987,-10.611184967559147,3.4080932410634834,0.0,5,0.0,-0.6126652574560592,,0.008376302293821926,0.572993068774717,0.14717505112449467,-1.0112821284889966,25,-0.03446543786911642,0.03408093241063483,0.02,0.03408093241063483,chart_cl_1.csv,197,20250830_150755:197,random,14,18,32,58,18,18,4.2,2.4,0.8,1.0,14,0.6
3,2108,302,300,301,2023-04-17 05:00:00,2023-05-12 05:00:00,-3.0374851740966244,-5.682474525080742,-7.659259581300987,-10.611184967559147,3.4080932410634834,0.0,5,0.0,-0.6126652574560592,,0.008376302293821926,0.572993068774717,0.14717505112449467,-1.0112821284889966,25,-0.03446543786911642,0.03408093241063483,0.02,0.03408093241063483,chart_cl_1.csv,317,20250830_150755:317,random,10,18,31,53,8,16,3.8,3.4,0.6,1.6,12,0.6
6,2108,1205,300,301,2023-07-01 11:00:00,2023-07-26 11:00:00,-3.1868227345923437,-1.3965398780809866,-1.8240215527900903,-4.617430308385187,8.138670153470152,16.666666666666664,13,0.1616190343117902,-0.8826439327082608,,0.04201522601983347,0.9361604657648068,0.6747121448457324,-0.4442165123995048,25,-0.03615331671144453,0.08138670153470151,0.0630228390297502,0.08138670153470151,chart_cl_1.csv,340,20250830_150755:340,random,12,22,30,47,6,6,2.6,1.8,0.8,2.6,10,0.95
3,2108,302,300,301,2023-04-17 05:00:00,2023-05-12 05:00:00,-3.1899904269139996,-1.221504268041152,-1.6688288838663585,-3.7355006411785294,10.06811637167513,63.63636363636363,12,0.9764210628132521,-0.029860250865621163,,0.045594220485884976,0.9488464592125773,0.7210238288351192,-0.3594427330678523,25,-0.03618911265480097,0.1006811637167513,0.06839133072882747,0.1006811637167513,chart_cl_1.csv,105,20250830_150755:105,random,14,22,32,49,10,10,2.0,1.8,1.9,0.5,16,0.6
3,2108,302,300,301,2023-04-17 05:00:00,2023-05-12 05:00:00,-3.220201853038395,-2.363837960686356,-3.343610474190762,-5.638219741167645,6.720592435628007,57.14285714285714,8,5.701790985907481,0.5435149080420097,,0.019613864572807293,0.8787336544570351,0.5056033489897706,-0.5435606733066285,25,-0.03653049749329394,0.06720592435628008,0.029420796859210938,0.06720592435628008,chart_cl_1.csv,269,20250830_150755:269,random,8,18,36,54,10,6,4.6,4.6,2.8,1.5,16,0.5
3,2108,302,300,301,2023-04-17 05:00:00,2023-05-12 05:00:00,-3.220201853038395,-2.363837960686356,-3.343610474190762,-5.638219741167645,6.720592435628007,57.14285714285714,8,5.701790985907481,0.5435149080420097,,0.019613864572807293,0.8787336544570351,0.5056033489897706,-0.5435606733066285,25,-0.03653049749329394,0.06720592435628008,0.029420796859210938,0.06720592435628008,chart_cl_1.csv,285,20250830_150755:285,random,8,24,35,58,14,12,2.4,3.6,0.7,1.3,16,0.55
3,2108,302,300,301,2023-04-17 05:00:00,2023-05-12 05:00:00,-3.277376868471154,-5.325308062437625,-7.155239216705868,-10.321824952760497,3.722594047141063,0.0,6,0.0,-0.4606722155727329,,0.009055607825755142,0.6075159606473244,0.1777034129306972,-0.998671818895293,25,-0.03717649768067156,0.03722594047141063,0.02,0.03722594047141063,chart_cl_1.csv,225,20250830_150755:225,random,14,20,29,46,18,6,2.0,3.6,2.8,2.2,12,0.7
3,2108,302,300,301,2023-04-17 05:00:00,2023-05-12 05:00:00,-3.399895680313339,-2.484287832316755,-3.4000526942532403,-4.589588120719794,8.617171800651485,100.0,5,inf,1.4346396024837804,,0.02351531147798623,0.8449924933548014,0.46466489481323,-0.4474842712396048,25,-0.038560488433610034,0.08617171800651485,0.035272967216979347,0.08617171800651485,chart_cl_1.csv,17,20250830_150755:17,random,14,20,30,56,12,18,4.0,3.2,1.9,0.7,18,0.5
6,2108,1205,300,301,2023-07-01 11:00:00,2023-07-26 11:00:00,-3.401757242633696,-3.0006919847258673,-3.7810791996917663,-7.324526956778915,5.401880406817137,0.0,7,0.0,-1.8029111308648085,,0.02825546548009033,0.8376500130702488,0.430539712549391,-0.7142237664941863,25,-0.03858151370308083,0.05401880406817137,0.04238319822013549,0.05401880406817137,chart_cl_1.csv,376,20250830_150755:376,random,14,18,33,58,12,6,5.0,3.2,2.1,1.1,8,0.8
4,2108,603,300,301,2023-05-12 07:00:00,2023-06-06 07:00:00,-3.5287473562627305,-3.472664522843201,-3.842265933746166,-7.7228300708654025,5.271650075917888,5.88235294117647,18,0.009767220581429216,-0.32569371793884533,,0.017381918511782692,0.6601670269693634,0.20074427254734334,-0.7590709878784577,25,-0.04001556630876538,0.05271650075917888,0.026072877767674037,0.05271650075917888,chart_cl_1.csv,218,20250830_150755:218,random,10,18,36,57,16,12,3.2,2.4,3.0,1.2,10,0.55
6,2108,1205,300,301,2023-07-01 11:00:00,2023-07-26 11:00:00,-3.624782954488233,-2.3904522821585883,-3.036487843926154,-5.464828469346637,7.605933337655155,38.46153846153847,14,0.0654699892984184,-0.9950582757531934,,0.04080679217759029,0.8774860314149191,0.5236104507881648,-0.5403644978795333,25,-0.04109976348907231,0.07605933337655155,0.06121018826638544,0.07605933337655155,chart_cl_1.csv,52,20250830_150755:52,random,14,24,31,48,14,18,3.8,2.4,1.7,1.1,12,0.6
6,2108,1205,300,301,2023-07-01 11:00:00,2023-07-26 11:00:00,-3.630944245592063,-2.9108447932848356,-3.585736086011878,-6.095562020612884,6.827829524638621,0.0,9,0.0,-1.5639453641238759,,0.038252072785590625,0.8377583196820167,0.43997679836492126,-0.6029633971150384,25,-0.04116931285098461,0.0682782952463862,0.05737810917838594,0.0682782952463862,chart_cl_1.csv,228,20250830_150755:228,random,14,20,29,46,18,6,2.0,3.6,2.8,2.2,12,0.7
4,2108,603,300,301,2023-05-12 07:00:00,2023-06-06 07:00:00,-3.6773880869349047,-2.8799544714243717,-3.3140136693904676,-7.626268210612231,5.510892128169064,47.05882352941176,18,0.2404433685213322,-0.3363559884073434,,0.019649010599500277,0.8200526614307388,0.3827020120247239,-0.7565661124489333,25,-0.041693542335342976,0.05510892128169064,0.029473515899250416,0.05510892128169064,chart_cl_1.csv,102,20250830_150755:102,random,14,24,34,49,18,10,5.0,1.8,2.0,1.6,12,0.6
6,2108,1205,300,301,2023-07-01 11:00:00,2023-07-26 11:00:00,-3.6806311818713002,-2.8928100808853183,-3.5686929665355613,-6.159488544911251,6.827829524638621,0.0,8,0.0,-1.6741743066178734,,0.038580704657966855,0.8446494215682596,0.4571933044970643,-0.611177329567044,25,-0.041730146156076516,0.0682782952463862,0.05787105698695028,0.0682782952463862,chart_cl_1.csv,156,20250830_150755:156,random,14,24,28,51,8,10,1.8,2.6,1.7,0.8,10,0.5
4,2108,603,300,301,2023-05-12 07:00:00,2023-06-06 07:00:00,-3.757878950045569,-3.0375948438716445,-3.5193076968542654,-7.362467117846688,5.803556881439338,16.666666666666664,19,0.13138560459525822,-0.35677209245012664,,0.021290114333337332,0.7996938063395457,0.3608343122371096,-0.7340658944871448,25,-0.04260193173380792,0.05803556881439338,0.031935171500006,0.05803556881439338,chart_cl_1.csv,50,20250830_150755:50,random,14,24,31,48,14,18,3.8,2.4,1.7,1.1,12,0.6
6,2108,1205,300,301,2023-07-01 11:00:00,2023-07-26 11:00:00,-3.7782632175848723,-3.0299774830724875,-3.8976161976778365,-6.960683018815991,6.163871600682971,7.6923076923076925,14,0.03684361676263383,-1.02597280274342,,0.03487188800473893,0.8550611856069187,0.4757547525689411,-0.6948871597773558,25,-0.04283195229830894,0.061638716006829714,0.052307832007108396,0.061638716006829714,chart_cl_1.csv,24,20250830_150755:24,random,12,20,34,45,8,16,2.8,3.6,0.8,2.6,16,0.55
4,2108,603,300,301,2023-05-12 07:00:00,2023-06-06 07:00:00,-3.786639130998192,-2.5558711107347456,-3.3115753880137233,-6.859175910395011,6.265626607796131,19.047619047619047,22,0.055684116812437665,-0.6448113574790154,,0.03462487805317451,0.8718588670283853,0.5122943502092684,-0.6851104812229794,25,-0.04292646460430711,0.0626562660779613,0.05193731707976176,0.0626562660779613,chart_cl_1.csv,70,20250830_150755:70,random,6,22,27,43,8,12,2.6,1.8,0.5,2.3,18,0.55
6,2108,1205,300,301,2023-07-01 11:00:00,2023-07-26 11:00:00,-3.8433181170699293,-2.602231464122981,-3.3635070505833946,-6.302685529072489,6.896092637433374,9.090909090909092,12,0.05171197835682153,-1.1511055962831003,,0.039805578600687445,0.874043793609095,0.5260573633649716,-0.6317486032318577,25,-0.04356596891456031,0.06896092637433374,0.059708367901031165,0.06896092637433374,chart_cl_1.csv,280,20250830_150755:280,random,12,20,36,55,10,10,3.0,2.2,1.9,2.7,18,0.55
4,2108,603,300,301,2023-05-12 07:00:00,2023-06-06 07:00:00,-3.8496944855084965,-4.111466190843847,-4.381646714463679,-8.499079089333604,5.120370384536568,5.263157894736842,20,0.0349404593715455,-0.36025017003602405,,0.015812472207517397,0.6265703843760543,0.1688949202561795,-0.8522412265260315,25,-0.04363790736785013,0.05120370384536568,0.023718708311276093,0.05120370384536568,chart_cl_1.csv,262,20250830_150755:262,random,6,22,32,57,12,12,2.2,2.2,2.2,3.0,12,0.6
4,2108,603,300,301,2023-05-12 07:00:00,2023-06-06 07:00:00,-3.8641282468111555,-2.820549039997034,-3.364381843875384,-7.2647913060032865,6.007287087223346,21.052631578947366,20,0.12591353728446936,-0.36221963981522104,,0.02377709781051631,0.8038136828271398,0.3871994832543618,-0.7291268896257875,25,-0.043800745489963155,0.06007287087223346,0.03566564671577446,0.06007287087223346,chart_cl_1.csv,134,20250830_150755:134,random,6,26,31,48,12,16,4.2,4.6,0.7,2.7,14,0.55
4,2108,603,300,301,2023-05-12 07:00:00,2023-06-06 07:00:00,-3.876557949864065,-3.192031837311907,-3.688917598336694,-7.61000292976702,5.748700431089498,15.0,21,0.10525869114633257,-0.3471678059839417,,0.02109263926020315,0.7798836916961047,0.34482191124011685,-0.7643635324564527,25,-0.04394096968541501,0.05748700431089498,0.03163895889030473,0.05748700431089498,chart_cl_1.csv,318,20250830_150755:318,random,10,18,31,53,8,16,3.8,3.4,0.6,1.6,12,0.6
3,2108,302,300,301,2023-04-17 05:00:00,2023-05-12 05:00:00,-3.8837221700384292,-2.841555529896743,-3.7883761346994347,-9.284744022818488,4.718342734681755,46.15384615384615,14,0.6022362721665886,-0.39685919643097767,,0.02499844734101913,0.8777155016566027,0.5328097418283908,-0.9329926310307096,25,-0.044021790021353646,0.047183427346817554,0.03749767101152869,0.047183427346817554,chart_cl_1.csv,133,20250830_150755:133,random,6,26,31,48,12,16,4.2,4.6,0.7,2.7,14,0.55
6,2108,1205,300,301,2023-07-01 11:00:00,2023-07-26 11:00:00,-3.9430290239860626,-2.6921807601879735,-3.4773972041172008,-6.455741879780385,6.863816664826622,8.333333333333332,13,0.05050232483671386,-1.0893357060697808,,0.03961065809891728,0.8697134967343323,0.5220060318544331,-0.6511068758002264,25,-0.04469078224700791,0.06863816664826622,0.05941598714837591,0.06863816664826622,chart_cl_1.csv,32,20250830_150755:32,random,12,18,34,57,14,8,4.6,4.2,1.3,1.9,16,0.5
6,2108,1205,300,301,2023-07-01 11:00:00,2023-07-26 11:00:00,-3.9570550778717255,-2.878364542901544,-3.6704484508836988,-7.124576848359059,6.236052965441609,0.0,8,0.0,-1.93932398244396,,0.0316766603065808,0.8447880987105301,0.4838467626042834,-0.7191886386888712,25,-0.0448489844300765,0.062360529654416096,0.0475149904598712,0.062360529654416096,chart_cl_1.csv,244,20250830_150755:244,random,14,26,30,42,6,8,3.2,3.0,3.0,3.0,10,0.75
4,2108,603,300,301,2023-05-12 07:00:00,2023-06-06 07:00:00,-4.039883062451216,-3.6912496994759665,-4.508611232547889,-10.308148653699194,4.377367211030803,0.0,22,0.0,-0.6905166483573678,,0.027116087170170368,0.816391293645404,0.39593646613323025,-1.0459050234785434,25,-0.04578310355627378,0.04377367211030803,0.040674130755255555,0.04377367211030803,chart_cl_1.csv,62,20250830_150755:62,random,10,18,31,42,10,8,4.0,4.6,2.6,2.8,8,0.65
6,2108,1205,300,301,2023-07-01 11:00:00,2023-07-26 11:00:00,-4.12063882269635,-2.6287892711136016,-3.2998692557989644,-5.935663942163055,7.714512990679548,0.0,8,0.0,-1.8425620934165903,,0.04158360754068232,0.8654430272295692,0.5341816696082389,-0.6052704699365019,25,-0.04669366903199859,0.07714512990679548,0.062375411311023476,0.07714512990679548,chart_cl_1.csv,348,20250830_150755:348,random,14,26,30,53,14,8,2.4,2.4,3.0,1.5,12,0.7
3,2108,302,300,301,2023-04-17 05:00:00,2023-05-12 05:00:00,-4.1770264397194214,-2.6736167090988414,-3.7633904854887104,-6.311897328558564,7.327880398682778,28.57142857142857,8,1.422568249186025,0.13552209789533554,,0.022156898901970836,0.8598329401352355,0.5322928978865443,-0.6458806687781483,25,-0.04732936292627517,0.07327880398682778,0.03323534835295625,0.07327880398682778,chart_cl_1.csv,237,20250830_150755:237,random,14,26,31,51,8,10,5.0,4.4,1.3,1.8,8,0.6
5,2108,904,300,301,2023-06-06 09:00:00,2023-07-01 09:00:00,-4.177575792604021,-2.065861971837322,-2.7972189595268433,-8.252834050789021,5.605021504224837,36.36363636363637,12,0.12086933211932475,-1.3114902932345454,,0.039190400363521026,0.886876555318208,0.5707954709471031,-0.8052236476513909,25,-0.04733555570044919,0.056050215042248365,0.058785600545281536,0.058785600545281536,chart_cl_1.csv,11,20250830_150755:11,random,6,22,36,57,18,16,4.6,4.0,2.7,2.4,8,0.6
6,2108,1205,300,301,2023-07-01 11:00:00,2023-07-26 11:00:00,-4.1901172959428585,-2.146995810052353,-2.7687993469012846,-5.2423353812003475,8.843306145415013,46.666666666666664,16,0.14224809593489596,-0.9141993699389356,,0.04667034627293879,0.9035340642814508,0.6230908814712639,-0.5368685778809352,25,-0.04747693194054694,0.08843306145415014,0.07000551940940819,0.08843306145415014,chart_cl_1.csv,104,20250830_150755:104,random,14,24,34,49,18,10,5.0,1.8,2.0,1.6,12,0.6
3,2108,302,300,301,2023-04-17 05:00:00,2023-05-12 05:00:00,-4.228402615907106,-3.12469137295162,-4.26215604874593,-6.036023290480537,7.732017581362108,71.42857142857143,8,4.939355899506325,0.6634807365947951,,0.020908896778810124,0.8472516129390008,0.49750414043554325,-0.6196116631023599,25,-0.04790848272724462,0.07732017581362108,0.031363345168215186,0.07732017581362108,chart_cl_1.csv,85,20250830_150755:85,random,6,20,33,51,10,18,4.8,4.8,2.9,2.4,14,0.5
6,2108,1205,300,301,2023-07-01 11:00:00,2023-07-26 11:00:00,-4.287505290886675,-3.3005846386727535,-3.976221435203196,-7.338278371603305,6.424877608330738,0.0,15,0.0,-1.0930141310750294,,0.03913684683927993,0.8200608471915473,0.426034661149189,-0.7560393991813744,25,-0.04857460606816237,0.06424877608330738,0.0587052702589199,0.06424877608330738,chart_cl_1.csv,100,20250830_150755:100,random,14,20,28,43,16,10,4.8,3.4,0.8,0.5,14,0.5
6,2108,1205,300,301,2023-07-01 11:00:00,2023-07-26 11:00:00,-4.3670708004634875,-3.396874827370733,-4.194007432468691,-6.93276217306911,6.892388105181648,0.0,15,0.0,-1.1037632418747638,,0.03905358419995842,0.8325914999535774,0.4597186749453078,-0.7177658032646613,25,-0.049471204847275026,0.06892388105181647,0.058580376299937634,0.06892388105181647,chart_cl_1.csv,40,20250830_150755:40,random,10,26,36,48,8,6,3.0,3.4,1.2,1.6,10,0.5
6,2108,1205,300,301,2023-07-01 11:00:00,2023-07-26 11:00:00,-4.3737837378184246,-2.4955359590355624,-3.21053444204412,-6.3615612029000665,7.51963187601188,40.0,11,0.06659704276639164,-1.3301689449242997,,0.038269388562247084,0.8785082701354902,0.5715394562731717,-0.6588998451813363,25,-0.04954684278924869,0.0751963187601188,0.057404082843370625,0.0751963187601188,chart_cl_1.csv,332,20250830_150755:332,random,14,18,33,56,6,6,5.0,1.8,1.9,2.7,10,0.7
6,2108,1205,300,301,2023-07-01 11:00:00,2023-07-26 11:00:00,-4.3944374443499274,-3.03342590821251,-3.874473174548517,-7.230095808425967,6.638957988708381,0.0,7,0.0,-2.304902411401508,,0.033679804950916624,0.8379160432326791,0.49457143565876044,-0.7498096902678615,25,-0.04977955033214776,0.06638957988708381,0.05051970742637493,0.06638957988708381,chart_cl_1.csv,312,20250830_150755:312,random,14,22,30,54,10,10,1.8,2.8,2.2,2.8,10,0.7
4,2108,603,300,301,2023-05-12 07:00:00,2023-06-06 07:00:00,-4.43174996228068,-2.3827703403034763,-2.9612445812090984,-6.781284835823702,7.121782226455882,15.789473684210526,20,0.0891036910943166,-0.4844295729120902,,0.032944193434322894,0.8413307665820842,0.491759700144209,-0.7048786787751127,25,-0.05019992446308302,0.07121782226455882,0.04941629015148434,0.07121782226455882,chart_cl_1.csv,190,20250830_150755:190,random,8,26,29,52,10,8,4.6,4.0,1.3,1.4,10,0.5
3,2108,302,300,301,2023-04-17 05:00:00,2023-05-12 05:00:00,-4.4318760341975505,-2.912868278221215,-3.9190803647261125,-6.735579581000681,7.170255471360163,55.55555555555556,10,2.032657504335118,0.33490923253084487,,0.018690709785614264,0.843834853608583,0.4966544286472333,-0.700133279245831,25,-0.050201344761937536,0.07170255471360164,0.028036064678421395,0.07170255471360164,chart_cl_1.csv,33,20250830_150755:33,random,6,18,34,42,12,18,3.8,5.0,1.2,0.7,12,0.5
3,2108,302,300,301,2023-04-17 05:00:00,2023-05-12 05:00:00,-4.47837307917289,-2.1205225161278545,-2.5171323945967483,-4.990436245804834,9.75078609416017,100.0,10,inf,1.5858197758184436,,0.016869080976484995,0.8767749895597586,0.564003505159315,-0.5202159065002124,25,-0.050725140270631984,0.09750786094160169,0.02530362146472749,0.09750786094160169,chart_cl_1.csv,193,20250830_150755:193,random,14,26,34,51,6,8,2.0,2.6,0.9,1.0,12,0.8500000000000001
6,2108,1205,300,301,2023-07-01 11:00:00,2023-07-26 11:00:00,-4.507918282263974,-2.6370823519212525,-3.3264853433340766,-6.044523936468907,8.088521599985587,8.333333333333332,13,0.03429242158877668,-1.2546491802018975,,0.04725561758328351,0.8660609275882218,0.544923276750989,-0.6312394564277487,25,-0.051057939780790054,0.08088521599985586,0.07088342637492527,0.08088521599985586,chart_cl_1.csv,20,20250830_150755:20,random,14,20,30,56,12,18,4.0,3.2,1.9,0.7,18,0.5
3,2108,302,300,301,2023-04-17 05:00:00,2023-05-12 05:00:00,-4.590637575210536,-5.047073057939894,-6.835462874156515,-8.922007219222264,5.551634905412978,0.0,5,0.0,-0.5884745482005541,,0.013474045043702082,0.6256472691630589,0.24874232572055016,-0.9364730995918835,25,-0.05198956747674585,0.055516349054129784,0.020211067565553124,0.055516349054129784,chart_cl_1.csv,41,20250830_150755:41,random,14,22,34,44,6,10,2.6,4.6,1.8,0.7,8,0.7
4,2108,603,300,301,2023-05-12 07:00:00,2023-06-06 07:00:00,-4.617306033112914,-2.47978210825453,-3.1497659180636837,-6.534560530292695,7.611317041735724,20.0,21,0.05128635632115968,-0.49670374099476144,,0.03632342391114191,0.8381603973421682,0.49170353826414853,-0.6870017464171655,25,-0.05228988100207176,0.07611317041735724,0.05448513586671287,0.07611317041735724,chart_cl_1.csv,154,20250830_150755:154,random,14,24,28,51,8,10,1.8,2.6,1.7,0.8,10,0.5
6,2108,1205,300,301,2023-07-01 11:00:00,2023-07-26 11:00:00,-4.6459400581124495,-3.5483236748332656,-4.380855003630706,-7.214317693850333,6.92452669401982,0.0,14,0.0,-1.274229651510307,,0.03957460644152684,0.8259334527528006,0.4626213873164369,-0.759796432468748,25,-0.052612306786508724,0.0692452669401982,0.05936190966229026,0.0692452669401982,chart_cl_1.csv,172,20250830_150755:172,random,14,20,34,45,6,14,2.4,3.6,0.9,1.3,12,0.5
6,2108,1205,300,301,2023-07-01 11:00:00,2023-07-26 11:00:00,-4.64843271157827,-2.849309331095287,-3.6339590003886064,-6.935886498564434,7.205246002983847,0.0,8,0.0,-2.289719162472057,,0.0353663211009831,0.845806771326849,0.5239807189649298,-0.7305839876271597,25,-0.052640373566945925,0.07205246002983846,0.053049481651474654,0.07205246002983846,chart_cl_1.csv,116,20250830_150755:116,random,14,18,31,44,12,6,1.8,2.2,2.2,2.9,10,0.75
3,2108,302,300,301,2023-04-17 05:00:00,2023-05-12 05:00:00,-4.7372635047956635,-5.1884536971266115,-6.999599448243843,-8.890432734881363,5.696985311980172,0.0,5,0.0,-0.7351004777856792,,0.014020703421739344,0.6182112803731642,0.24748766971212852,-0.9415589993167447,25,-0.05364047789470243,0.05696985311980172,0.021031055132609014,0.05696985311980172,chart_cl_1.csv,361,20250830_150755:361,random,6,26,31,55,12,16,1.8,3.2,1.9,2.5,8,0.7
4,2108,603,300,301,2023-05-12 07:00:00,2023-06-06 07:00:00,-4.763142279764796,-2.760449247012384,-3.32389296970923,-7.427289846538635,6.845483825158888,21.052631578947366,20,0.0442734219345832,-0.5105005579324796,,0.02792354201455093,0.8225738332308117,0.46134725329936344,-0.7878448778559253,25,-0.05393179368097016,0.06845483825158888,0.041885313021826395,0.06845483825158888,chart_cl_1.csv,366,20250830_150755:366,random,6,20,30,50,10,18,3.8,2.8,0.6,1.1,10,0.55
3,2108,302,300,301,2023-04-17 05:00:00,2023-05-12 05:00:00,-4.803871853327469,-5.311875856290562,-7.179635838982277,-9.23059529043865,5.541183042574438,0.0,5,0.0,-0.7717276757077028,,0.013448677045074228,0.6067972707851883,0.24094934979267485,-0.9815637906344167,25,-0.054390246318685165,0.055411830425744386,0.020173015567611342,0.055411830425744386,chart_cl_1.csv,89,20250830_150755:89,random,8,18,31,46,10,18,3.4,3.4,0.7,2.3,12,0.65
3,2108,302,300,301,2023-04-17 05:00:00,2023-05-12 05:00:00,-4.806525459437382,-5.322952245475713,-7.184492072755608,-8.987135833535271,5.693496874656198,0.0,5,0.0,-0.7945957214525431,,0.014003744271638086,0.6062867653984407,0.2391369135315127,-0.9558293425736605,25,-0.054420113746478246,0.05693496874656198,0.02100561640745713,0.05693496874656198,chart_cl_1.csv,37,20250830_150755:37,random,10,26,36,48,8,6,3.0,3.4,1.2,1.6,10,0.5
5,2108,904,300,301,2023-06-06 09:00:00,2023-07-01 09:00:00,-4.836671437817374,-2.581401248435784,-3.3745605043750473,-9.169059087038164,5.605021504224837,9.090909090909092,12,0.04678980820661031,-1.4701233344765592,,0.03844779555735799,0.8648308503949533,0.549888982400206,-0.9495022987370081,25,-0.05475940539462291,0.056050215042248365,0.057671693336036986,0.057671693336036986,chart_cl_1.csv,219,20250830_150755:219,random,10,18,36,57,16,12,3.2,2.4,3.0,1.2,10,0.55
3,2108,302,300,301,2023-04-17 05:00:00,2023-05-12 05:00:00,-4.943535781357429,-5.527877010924482,-7.481199730278624,-9.428642120090673,5.534310650351189,0.0,5,0.0,-0.8917545861905848,,0.013415400720824222,0.5885042812355521,0.23267483123862834,-1.0111820426682332,25,-0.05596195548182674,0.055343106503511895,0.020123101081236335,0.055343106503511895,chart_cl_1.csv,77,20250830_150755:77,random,8,22,27,50,12,10,2.8,4.8,0.7,2.4,14,0.65
3,2108,302,300,301,2023-04-17 05:00:00,2023-05-12 05:00:00,-4.973454743695023,-3.4533066069460805,-4.497624048500971,-8.92275651418234,5.872577868413818,40.0,11,0.252433874246374,-0.8186510299101841,,0.03482770313981429,0.8579750993204631,0.5422812643258342,-0.9586689110549537,25,-0.05629857830197695,0.058725778684138176,0.05224155470972143,0.058725778684138176,chart_cl_1.csv,377,20250830_150755:377,random,10,22,34,58,14,14,4.8,3.2,2.3,2.2,8,0.6
3,2108,302,300,301,2023-04-17 05:00:00,2023-05-12 05:00:00,-4.991256468467763,-3.466312586268018,-4.514443395812158,-8.918016215091757,5.890231078023707,40.0,11,0.24593148632582187,-0.8257717198192797,,0.034847265546299785,0.8575151372372517,0.5420506411057071,-0.9591959242733928,25,-0.056498856430688124,0.05890231078023707,0.05227089831944968,0.05890231078023707,chart_cl_1.csv,9,20250830_150755:9,random,6,22,36,57,18,16,4.6,4.0,2.7,2.4,8,0.6
3,2108,302,300,301,2023-04-17 05:00:00,2023-05-12 05:00:00,-5.174281907678269,-3.6553219074311807,-5.075272639985683,-7.029500449351665,7.659527562556602,57.14285714285714,8,1.1161367788446792,0.036677038816257834,,0.020430035652650474,0.799742140042696,0.4627821272561257,-0.764505008196613,25,-0.05855747181994519,0.07659527562556602,0.030645053478975712,0.07659527562556602,chart_cl_1.csv,61,20250830_150755:61,random,10,18,31,42,10,8,4.0,4.6,2.6,2.8,8,0.65
4,2108,603,300,301,2023-05-12 07:00:00,2023-06-06 07:00:00,-5.302380996773817,-2.9584989455293145,-3.5347510403266913,-7.419116675982148,7.3784700974244,15.789473684210526,20,0.03699910614389931,-0.588527135544025,,0.028535395430836163,0.8147494932754379,0.47238561707900173,-0.8131460549862937,25,-0.05999773851554985,0.073784700974244,0.042803093146254245,0.073784700974244,chart_cl_1.csv,370,20250830_150755:370,random,10,18,29,48,12,16,1.8,5.0,1.5,2.6,10,0.55
4,2108,603,300,301,2023-05-12 07:00:00,2023-06-06 07:00:00,-5.349961196972856,-3.1725743280368106,-3.8278164140338493,-7.433580578012881,7.408476004830127,10.526315789473683,20,0.03696380274736409,-0.67965099062596,,0.03423314329345529,0.805332888173344,0.46200413171254545,-0.8170720217902177,25,-0.060532584676508655,0.07408476004830127,0.051349714940182936,0.07408476004830127,chart_cl_1.csv,86,20250830_150755:86,random,6,20,33,51,10,18,4.8,4.8,2.9,2.4,14,0.5
4,2108,603,300,301,2023-05-12 07:00:00,2023-06-06 07:00:00,-5.387685085531434,-3.8138859152410034,-4.529006134559197,-7.842336262222952,7.055470388802347,4.545454545454546,23,0.026065100118383304,-0.5952961148337161,,0.03090881812806013,0.7693569376268568,0.40160436818177303,-0.8639621255445454,25,-0.060956591938262764,0.07055470388802347,0.0463632271920902,0.07055470388802347,chart_cl_1.csv,98,20250830_150755:98,random,14,20,28,43,16,10,4.8,3.4,0.8,0.5,14,0.5
4,2108,603,300,301,2023-05-12 07:00:00,2023-06-06 07:00:00,-5.418678977373219,-4.13500289472272,-4.846072589200292,-8.681174210561212,6.398193244239973,0.0,24,0.0,-0.5748901015243474,,0.02655142209740962,0.7564929634420585,0.37716983067234294,-0.9581599643079599,25,-0.06130492610536403,0.06398193244239973,0.03982713314611443,0.06398193244239973,chart_cl_1.csv,258,20250830_150755:258,random,6,20,27,46,8,16,2.0,4.2,1.5,1.5,12,0.6
4,2108,603,300,301,2023-05-12 07:00:00,2023-06-06 07:00:00,-5.501707974651353,-3.74723812898509,-4.383623913064799,-8.647028479916946,6.488744036029609,9.090909090909092,23,0.022665183664344894,-0.5776857935858671,,0.02462847182648208,0.776763137128585,0.4072269888281457,-0.9591677620022729,25,-0.06223794095244116,0.06488744036029609,0.03694270773972312,0.06488744036029609,chart_cl_1.csv,170,20250830_150755:170,random,14,20,34,45,6,14,2.4,3.6,0.9,1.3,12,0.5
4,2108,603,300,301,2023-05-12 07:00:00,2023-06-06 07:00:00,-5.523389488559186,-2.8264952540453514,-3.605205711268663,-6.464430870826725,8.70218394303324,19.047619047619047,22,0.0490241450956919,-0.6477071156185013,,0.044142849478945784,0.8312050358461346,0.5160274212485098,-0.7179984898404187,25,-0.06248154929411408,0.08702183943033241,0.06621427421841868,0.08702183943033241,chart_cl_1.csv,38,20250830_150755:38,random,10,26,36,48,8,6,3.0,3.4,1.2,1.6,10,0.5
4,2108,603,300,301,2023-05-12 07:00:00,2023-06-06 07:00:00,-5.538470670894078,-4.008649376321537,-4.675299964669494,-7.771404264655568,7.251735728205211,5.263157894736842,20,0.02999139032475031,-0.7201882318269172,,0.032069779934734775,0.7608098791007485,0.39331430155286196,-0.8639447509588036,25,-0.06265099017723309,0.07251735728205211,0.04810466990210216,0.07251735728205211,chart_cl_1.csv,18,20250830_150755:18,random,14,20,30,56,12,18,4.0,3.2,1.9,0.7,18,0.5
4,2108,603,300,301,2023-05-12 07:00:00,2023-06-06 07:00:00,-5.652193005592935,-3.6970069034259296,-4.258165948748813,-7.868540489992358,7.258594080934568,10.0,21,0.01299956042689558,-0.6295736976898219,,0.026555482342945635,0.7793905780979684,0.41950900500615657,-0.8807282113318887,25,-0.06392848581685737,0.07258594080934568,0.03983322351441845,0.07258594080934568,chart_cl_1.csv,34,20250830_150755:34,random,6,18,34,42,12,18,3.8,5.0,1.2,0.7,12,0.5
3,2108,302,300,301,2023-04-17 05:00:00,2023-05-12 05:00:00,-5.657476602902953,-5.760372116157178,-6.256902343556356,-8.68846921439478,6.577623078919912,,1,,,,0.008598662717315351,0.33779786318125554,0.11614429027596843,-0.9728108377597982,25,-0.06398783017872263,0.06577623078919913,0.02,0.06577623078919913,chart_cl_1.csv,289,20250830_150755:289,random,12,20,34,49,6,12,3.6,3.4,0.9,1.0,14,0.95
5,2108,904,300,301,2023-06-06 09:00:00,2023-07-01 09:00:00,-5.839088440720955,-2.314015314956206,-2.7006352960227242,-5.449508080735994,10.704502683716328,54.54545454545454,12,0.11928652613258678,-2.095764993778707,,0.06323935328793094,0.8640712276806211,0.5838799906022041,-0.6168169637525437,25,-0.0660271884385086,0.10704502683716327,0.0948590299318964,0.10704502683716327,chart_cl_1.csv,107,20250830_150755:107,random,14,22,32,49,10,10,2.0,1.8,1.9,0.5,16,0.6
3,2108,302,300,301,2023-04-17 05:00:00,2023-05-12 05:00:00,-5.858953875029092,-4.325869075300467,-5.685234094317474,-9.784829405730168,5.974759656318383,38.88888888888889,19,0.4198264160040844,-0.5265685919289786,,0.028360796088298498,0.807841754484519,0.47748486245744104,-1.1088346624885617,25,-0.06625020606964069,0.05974759656318383,0.042541194132447745,0.05974759656318383,chart_cl_1.csv,97,20250830_150755:97,random,14,20,28,43,16,10,4.8,3.4,0.8,0.5,14,0.5
3,2108,302,300,301,2023-04-17 05:00:00,2023-05-12 05:00:00,-5.915013648049044,-5.166951560185593,-6.996584503706489,-8.37356739112585,7.024543865133581,0.0,5,0.0,-0.8243489604591151,,0.017042992507085093,0.6162697389428322,0.2850701856583849,-0.9520831327261077,25,-0.06687949729088341,0.07024543865133581,0.02556448876062764,0.07024543865133581,chart_cl_1.csv,189,20250830_150755:189,random,8,26,29,52,10,8,4.6,4.0,1.3,1.4,10,0.5
3,2108,302,300,301,2023-04-17 05:00:00,2023-05-12 05:00:00,-5.915013648049044,-5.166951560185593,-6.996584503706489,-8.37356739112585,7.024543865133581,0.0,5,0.0,-0.8243489604591151,,0.017042992507085093,0.6162697389428322,0.2850701856583849,-0.9520831327261077,25,-0.06687949729088341,0.07024543865133581,0.02556448876062764,0.07024543865133581,chart_cl_1.csv,365,20250830_150755:365,random,6,20,30,50,10,18,3.8,2.8,0.6,1.1,10,0.55
3,2108,302,300,301,2023-04-17 05:00:00,2023-05-12 05:00:00,-5.915013648049044,-5.166951560185593,-6.996584503706489,-8.37356739112585,7.024543865133581,0.0,5,0.0,-0.8243489604591151,,0.017042992507085093,0.6162697389428322,0.2850701856583849,-0.9520831327261077,25,-0.06687949729088341,0.07024543865133581,0.02556448876062764,0.07024543865133581,chart_cl_1.csv,153,20250830_150755:153,random,14,24,28,51,8,10,1.8,2.6,1.7,0.8,10,0.5
3,2108,302,300,301,2023-04-17 05:00:00,2023-05-12 05:00:00,-6.1007905994476275,-5.309032212972748,-7.160381793462242,-8.321891130119043,7.208457311198023,0.0,5,0.0,-1.0101259118576982,,0.01773491394507319,0.6088859615945174,0.28344155559978695,-0.9567135347730091,25,-0.06896428674456602,0.07208457311198023,0.026602370917609787,0.07208457311198023,chart_cl_1.csv,169,20250830_150755:169,random,14,20,34,45,6,14,2.4,3.6,0.9,1.3,12,0.5
3,2108,302,300,301,2023-04-17 05:00:00,2023-05-12 05:00:00,-6.1007905994476275,-5.309032212972748,-7.160381793462242,-8.321891130119043,7.208457311198023,0.0,5,0.0,-1.0101259118576982,,0.01773491394507319,0.6088859615945174,0.28344155559978695,-0.9567135347730091,25,-0.06896428674456602,0.07208457311198023,0.026602370917609787,0.07208457311198023,chart_cl_1.csv,309,20250830_150755:309,random,14,22,30,54,10,10,1.8,2.8,2.2,2.8,10,0.7
3,2108,302,300,301,2023-04-17 05:00:00,2023-05-12 05:00:00,-6.1781536189630994,-5.398587615437278,-7.28807946001493,-8.618259902538785,7.0159206801406695,0.0,5,0.0,-1.050490944140076,,0.017028087024436075,0.6010197694407857,0.2793279945109054,-0.9953386761805059,25,-0.06983217201958648,0.07015920680140669,0.025542130536654113,0.07015920680140669,chart_cl_1.csv,257,20250830_150755:257,random,6,20,27,46,8,16,2.0,4.2,1.5,1.5,12,0.6
3,2108,302,300,301,2023-04-17 05:00:00,2023-05-12 05:00:00,-6.1781536189630994,-5.398587615437278,-7.28807946001493,-8.618259902538785,7.0159206801406695,0.0,5,0.0,-1.050490944140076,,0.017028087024436075,0.6010197694407857,0.2793279945109054,-0.9953386761805059,25,-0.06983217201958648,0.07015920680140669,0.025542130536654113,0.07015920680140669,chart_cl_1.csv,369,20250830_150755:369,random,10,18,29,48,12,16,1.8,5.0,1.5,2.6,10,0.55
3,2108,302,300,301,2023-04-17 05:00:00,2023-05-12 05:00:00,-6.1781536189630994,-5.398587615437278,-7.28807946001493,-8.618259902538785,7.0159206801406695,0.0,5,0.0,-1.050490944140076,,0.017028087024436075,0.6010197694407857,0.2793279945109054,-0.9953386761805059,25,-0.06983217201958648,0.07015920680140669,0.025542130536654113,0.07015920680140669,chart_cl_1.csv,49,20250830_150755:49,random,14,24,31,48,14,18,3.8,2.4,1.7,1.1,12,0.6
5,2108,904,300,301,2023-06-06 09:00:00,2023-07-01 09:00:00,-6.6262547893895265,-1.8286910405580206,-2.1679324211203594,-4.534075491107862,13.922465726560931,60.0,11,0.168847576496277,-2.4140911777273684,,0.08267099288284135,0.8921014021450094,0.6725457064177155,-0.5376623513689613,25,-0.07485585659396525,0.13922465726560931,0.12400648932426203,0.13922465726560931,chart_cl_1.csv,167,20250830_150755:167,random,8,22,33,58,8,14,3.6,2.0,2.3,1.3,14,0.95
3,2108,302,300,301,2023-04-17 05:00:00,2023-05-12 05:00:00,-6.648497062830472,-3.0495198861818853,-3.6360363566681624,-5.344109691646409,11.836044730924286,100.0,10,inf,1.4125685758812505,,0.020533411318254202,0.8407898101672732,0.5710551075964447,-0.6345453421283901,25,-0.0751050705323128,0.11836044730924286,0.030800116977381303,0.11836044730924286,chart_cl_1.csv,345,20250830_150755:345,random,14,26,30,53,14,8,2.4,2.4,3.0,1.5,12,0.7
5,2108,904,300,301,2023-06-06 09:00:00,2023-07-01 09:00:00,-6.671417211362673,-3.1253509164471263,-3.865131151535651,-6.751595835388066,9.388030986699015,27.27272727272727,12,0.03968829823359914,-2.32121828743417,,0.06464887233420176,0.8451938101146824,0.5754174446036062,-0.7771402927441782,25,-0.07536186535707384,0.09388030986699014,0.09697330850130265,0.09697330850130265,chart_cl_1.csv,363,20250830_150755:363,random,6,26,31,55,12,16,1.8,3.2,1.9,2.5,8,0.7
5,2108,904,300,301,2023-06-06 09:00:00,2023-07-01 09:00:00,-6.770314150206222,-2.386157240959006,-2.819461783412555,-5.818481518463726,10.989939450308785,45.45454545454545,12,0.11479170309633521,-1.993652167219413,,0.058886725788079505,0.8715847290866183,0.6336410041091,-0.695815739574474,25,-0.07646972846495295,0.10989939450308786,0.08833008868211925,0.10989939450308786,chart_cl_1.csv,71,20250830_150755:71,random,6,22,27,43,8,12,2.6,1.8,0.5,2.3,18,0.55
5,2108,904,300,301,2023-06-06 09:00:00,2023-07-01 09:00:00,-7.229726859053627,-1.7530032445302277,-2.0777810319649155,-4.718438745078279,14.08210987286687,63.63636363636363,12,0.18003012613398336,-2.160027478554439,,0.07724778011413395,0.896211284544973,0.696269290053343,-0.5795480860918261,25,-0.08161259824954802,0.1408210987286687,0.11587167017120092,0.1408210987286687,chart_cl_1.csv,7,20250830_150755:7,random,10,26,28,53,16,16,2.0,1.8,1.6,3.0,18,0.9
5,2108,904,300,301,2023-06-06 09:00:00,2023-07-01 09:00:00,-7.373852657647745,-2.0223791736846874,-2.4095690439952393,-4.836752502653457,13.892834099449288,60.0,11,0.134240592152231,-2.6343781678672418,,0.0827603676827668,0.8818391882707179,0.6691469230790642,-0.5990483848404331,25,-0.08322479828131189,0.1389283409944929,0.12414055152415021,0.1389283409944929,chart_cl_1.csv,151,20250830_150755:151,random,14,24,36,57,14,18,2.4,1.8,0.9,2.7,10,0.95
5,2108,904,300,301,2023-06-06 09:00:00,2023-07-01 09:00:00,-7.386865046943811,-2.0267846735646304,-2.384118780194484,-4.814528125091425,13.970880067790825,63.63636363636363,12,0.08643617686101722,-2.3078723880931444,,0.08544108273732859,0.8765500560759182,0.6578543745075142,-0.5967435613442503,25,-0.08337032726766899,0.13970880067790825,0.12816162410599288,0.13970880067790825,chart_cl_1.csv,203,20250830_150755:203,random,14,24,32,48,10,8,3.0,2.2,1.7,1.7,10,0.95
5,2108,904,300,301,2023-06-06 09:00:00,2023-07-01 09:00:00,-7.677366802699908,-1.8818267495214076,-2.227754042399861,-4.866324686976514,14.122791530279033,66.66666666666666,13,0.14865920544878175,-2.119810548184425,,0.07776171058673641,0.8884085429298285,0.689636915998956,-0.6133209496291245,25,-0.08661803912764893,0.14122791530279033,0.1166425658801046,0.14122791530279033,chart_cl_1.csv,267,20250830_150755:267,random,14,26,28,51,14,16,2.8,1.8,0.9,1.3,14,0.95
5,2108,904,300,301,2023-06-06 09:00:00,2023-07-01 09:00:00,-7.853412598366048,-2.3506931110826486,-2.750535604001862,-4.896031777433771,14.212068982265452,45.45454545454545,12,0.09985980775737846,-2.8849418438131096,,0.08634643730766145,0.8678903962267913,0.6516232898493219,-0.623308479846223,25,-0.08858503112805535,0.14212068982265452,0.12951965596149217,0.14212068982265452,chart_cl_1.csv,159,20250830_150755:159,random,12,22,30,53,8,10,1.8,1.8,2.3,1.5,16,0.6
3,2108,302,300,301,2023-04-17 05:00:00,2023-05-12 05:00:00,-7.967196204853239,-6.730526104656601,-7.296180715629162,-8.315541675339919,8.43297316858812,,1,,,,0.01316333460935932,0.314017015209276,0.1308886292220313,-1.0655304651678434,25,-0.08985589823073643,0.0843297316858812,0.02,0.0843297316858812,chart_cl_1.csv,185,20250830_150755:185,random,12,22,31,45,14,18,4.8,3.0,1.7,2.5,10,0.95
3,2108,302,300,301,2023-04-17 05:00:00,2023-05-12 05:00:00,-8.158546983976258,-4.652133907655814,-6.059125954573723,-7.802303577143293,9.101925801227855,10.0,11,0.03754342820137039,-1.2232906945673663,,0.039326600702479,0.8033375973783442,0.5417527556574298,-1.0106906650881637,25,-0.09199231441626099,0.09101925801227856,0.0589899010537185,0.09101925801227856,chart_cl_1.csv,217,20250830_150755:217,random,10,18,36,57,16,12,3.2,2.4,3.0,1.2,10,0.55
5,2108,904,300,301,2023-06-06 09:00:00,2023-07-01 09:00:00,-8.25784270833812,-3.0103924969339726,-3.7034620937711233,-6.005079031433534,11.901368023217588,36.36363636363637,12,0.05805075340657765,-2.8012593334118714,,0.08020085930772752,0.8484180613458696,0.624849039159898,-0.7738948038645048,25,-0.0931005424255778,0.11901368023217587,0.12030128896159129,0.12030128896159129,chart_cl_1.csv,379,20250830_150755:379,random,10,22,34,58,14,14,4.8,3.2,2.3,2.2,8,0.6
3,2108,302,300,301,2023-04-17 05:00:00,2023-05-12 05:00:00,-8.771098475577405,-6.260642441070904,-7.927151306236884,-7.603124172184356,9.694086679426162,8.333333333333332,13,0.010028889322997827,-1.2565504958705933,,0.04348090248747659,0.6958944065482826,0.3880682258872197,-1.0194314008121332,25,-0.09882456363201654,0.09694086679426162,0.06522135373121488,0.09694086679426162,chart_cl_1.csv,249,20250830_150755:249,random,8,22,29,48,16,12,2.0,2.8,2.2,0.6,10,0.6
3,2108,302,300,301,2023-04-17 05:00:00,2023-05-12 05:00:00,-10.179580177384409,-3.6659627820623797,-4.267174531053837,-4.6707466803364595,16.92083444236164,100.0,10,inf,2.4278193180875287,,0.02732636282842697,0.7817564853505664,0.5520884030967581,-0.6766503613692721,25,-0.11449488740093633,0.16920834442361643,0.04098954424264045,0.16920834442361643,chart_cl_1.csv,121,20250830_150755:121,random,6,18,32,57,18,14,3.6,2.2,2.2,2.9,16,0.95
3,2108,302,300,301,2023-04-17 05:00:00,2023-05-12 05:00:00,-10.877117568106016,-5.596821588696912,-6.2537821242401295,-5.148128731250838,15.788574121746915,91.66666666666666,13,65.38270663030579,0.6560313168541003,,0.02662547338488169,0.6482605072608559,0.3780271423373098,-0.7741995230390385,25,-0.12223506554522967,0.15788574121746915,0.03993821007732253,0.15788574121746915,chart_cl_1.csv,113,20250830_150755:113,random,14,18,31,44,12,6,1.8,2.2,2.2,2.9,10,0.75
5,2108,904,300,301,2023-06-06 09:00:00,2023-07-01 09:00:00,-11.105858423407753,-3.145658559178075,-3.682260022464872,-5.597739817815602,14.643172570116658,45.45454545454545,12,0.013376563899532236,-3.2415976843144447,,0.09375975716145755,0.8186569501436409,0.6221271295714492,-0.8520717090410413,25,-0.12477033077602198,0.14643172570116658,0.14063963574218633,0.14643172570116658,chart_cl_1.csv,339,20250830_150755:339,random,12,22,30,47,6,6,2.6,1.8,0.8,2.6,10,0.95
3,2108,302,300,301,2023-04-17 05:00:00,2023-05-12 05:00:00,-12.463351060094723,-3.245025488657143,-4.109297262703821,-3.801970531318057,22.511025075302538,58.333333333333336,13,3.533280311321189,1.7959880471032537,,0.0547631027702636,0.8612180230472837,0.717929613056538,-0.6209681154976632,25,-0.13978628818931257,0.22511025075302538,0.0821446541553954,0.22511025075302538,chart_cl_1.csv,101,20250830_150755:101,random,14,24,34,49,18,10,5.0,1.8,2.0,1.6,12,0.6
3,2108,302,300,301,2023-04-17 05:00:00,2023-05-12 05:00:00,-12.543921261720529,-3.462999656591834,-4.364513104041463,-3.9619196440841233,21.650642109735823,80.0,11,4.353372159877264,1.9900321500551303,,0.04991810913874265,0.8511418196069697,0.7027085725373126,-0.6497539825745928,25,-0.14067590936098037,0.21650642109735824,0.07487716370811398,0.21650642109735824,chart_cl_1.csv,5,20250830_150755:5,random,10,26,28,53,16,16,2.0,1.8,1.6,3.0,18,0.9
3,2108,302,300,301,2023-04-17 05:00:00,2023-05-12 05:00:00,-13.921665900482694,-4.551490146764759,-5.482780819778132,-4.625969438412703,19.177002593490336,87.5,9,5.540862635026572,1.1384528843229778,,0.03759259973054291,0.7895075143058952,0.6179576868085364,-0.8127467321457543,25,-0.15586046190209926,0.19177002593490336,0.05638889959581436,0.19177002593490336,chart_cl_1.csv,165,20250830_150755:165,random,8,22,33,58,8,14,3.6,2.0,2.3,1.3,14,0.95
3,2108,302,300,301,2023-04-17 05:00:00,2023-05-12 05:00:00,-15.352833739505108,-3.8706857807166033,-4.7770435944462655,-3.448219967808116,26.435645995307095,77.77777777777779,10,14.444850687162434,2.833268359164098,,0.054484569620190965,0.8242572128894119,0.6858194921104979,-0.6490402183115819,25,-0.17157797448001813,0.26435645995307094,0.08172685443028645,0.26435645995307094,chart_cl_1.csv,329,20250830_150755:329,random,14,18,33,56,6,6,5.0,1.8,1.9,2.7,10,0.7
3,2108,302,300,301,2023-04-17 05:00:00,2023-05-12 05:00:00,-17.73368278335183,-4.511393711043666,-5.496647512662902,-3.609425619425199,26.087471785109393,77.77777777777779,10,3.630038534621108,1.7341950431609885,,0.05561790440619373,0.8025672623839397,0.6715771449046323,-0.7574483184070381,25,-0.19759911635122163,0.26087471785109395,0.08342685660929058,0.26087471785109395,chart_cl_1.csv,149,20250830_150755:149,random,14,24,36,57,14,18,2.4,1.8,0.9,2.7,10,0.95
3,2108,302,300,301,2023-04-17 05:00:00,2023-05-12 05:00:00,-18.529209623421075,-4.7204191074681585,-5.711794472110387,-3.4646773557116664,27.399588746956017,63.63636363636363,12,3.3925879570121444,1.5816314260654014,,0.05648029982940108,0.7789405694711039,0.6433361996292557,-0.7527799666329366,25,-0.20625861502689735,0.27399588746956016,0.08472044974410162,0.27399588746956016,chart_cl_1.csv,337,20250830_150755:337,random,12,22,30,47,6,6,2.6,1.8,0.8,2.6,10,0.95
3,2108,302,300,301,2023-04-17 05:00:00,2023-05-12 05:00:00,-19.31752278510301,-6.527202478150817,-7.480852904886514,-3.989200524752234,23.964585565944912,63.63636363636363,12,0.8316811512633472,-0.11972826524325009,,0.04736712145300925,0.6414696929968157,0.4694199796447781,-0.8964154600980193,25,-0.2148222499615486,0.23964585565944913,0.07105068217951388,0.23964585565944913,chart_cl_1.csv,201,20250830_150755:201,random,14,24,32,48,10,8,3.0,2.2,1.7,1.7,10,0.95
3,2108,302,300,301,2023-04-17 05:00:00,2023-05-12 05:00:00,-20.43378325155942,-5.660052140565982,-6.647679695452373,-3.552082693245755,27.14098530007647,66.66666666666666,13,1.9068508010562246,0.7505356035570727,,0.055881951910022674,0.7359979594168358,0.5971009098830323,-0.8360747586306607,25,-0.22691892733759744,0.2714098530007647,0.08382292786503401,0.2714098530007647,chart_cl_1.csv,265,20250830_150755:265,random,14,26,28,51,14,16,2.8,1.8,0.9,1.3,14,0.95
