Timestamp,Open,High,Low,Close
2022-01-03 00:00:00,9.03492,9.04266,9.03066,9.03154
2022-01-03 00:15:00,9.03155,9.04196,9.03053,9.03053
2022-01-03 00:30:00,9.03069,9.03185,9.02827,9.02827
2022-01-03 00:45:00,9.02826,9.0331,9.02822,9.03265
2022-01-03 01:00:00,9.03218,9.04775,9.0255,9.0448
2022-01-03 01:15:00,9.04479,9.05427,9.03821,9.04066
2022-01-03 01:30:00,9.04068,9.04393,9.04006,9.04183
2022-01-03 01:45:00,9.04183,9.04616,9.04174,9.0421
2022-01-03 02:00:00,9.04217,9.04819,9.04086,9.04534
2022-01-03 02:15:00,9.04551,9.05113,9.04486,9.05107
2022-01-03 02:30:00,9.05109,9.05543,9.05076,9.05343
2022-01-03 02:45:00,9.05342,9.05469,9.05234,9.05349
2022-01-03 03:00:00,9.05348,9.05439,9.05142,9.05238
2022-01-03 03:15:00,9.05239,9.05507,9.05068,9.0534
2022-01-03 03:30:00,9.05334,9.05518,9.04076,9.0425
2022-01-03 03:45:00,9.04252,9.04768,9.04128,9.04263
2022-01-03 04:00:00,9.04261,9.04988,9.04127,9.04931
2022-01-03 04:15:00,9.04936,9.05259,9.04825,9.04981
2022-01-03 04:30:00,9.04979,9.05363,9.0495,9.0502
2022-01-03 04:45:00,9.05021,9.05554,9.05003,9.05532
2022-01-03 05:00:00,9.05529,9.05542,9.05191,9.05464
2022-01-03 05:15:00,9.05465,9.05581,9.05414,9.05419
2022-01-03 05:30:00,9.05418,9.05664,9.05244,9.05245
2022-01-03 05:45:00,9.05244,9.05309,9.04943,9.05086
2022-01-03 06:00:00,9.05085,9.05489,9.05076,9.05327
2022-01-03 06:15:00,9.0533,9.05353,9.05065,9.05076
2022-01-03 06:30:00,9.05074,9.05217,9.05074,9.05217
2022-01-03 06:45:00,9.05218,9.05816,9.05217,9.05697
2022-01-03 07:00:00,9.05698,9.05806,9.0565,9.05755
2022-01-03 07:15:00,9.05755,9.06005,9.05701,9.06005
2022-01-03 07:30:00,9.06007,9.0613,9.05799,9.05799
2022-01-03 07:45:00,9.05794,9.06116,9.05787,9.06048
2022-01-03 08:00:00,9.06051,9.06174,9.05807,9.0603
2022-01-03 08:15:00,9.06029,9.0619,9.05797,9.05954
2022-01-03 08:30:00,9.05955,9.05961,9.05644,9.05816
2022-01-03 08:45:00,9.05815,9.06083,9.056,9.06078
2022-01-03 09:00:00,9.06137,9.07006,9.06026,9.06266
2022-01-03 09:15:00,9.06267,9.07021,9.06261,9.06957
2022-01-03 09:30:00,9.06956,9.07145,9.05918,9.06036
2022-01-03 09:45:00,9.0604,9.07002,9.05393,9.05538
2022-01-03 10:00:00,9.05539,9.05959,9.04311,9.04507
2022-01-03 10:15:00,9.04503,9.05076,9.04112,9.05064
2022-01-03 10:30:00,9.05053,9.05948,9.04582,9.05599
2022-01-03 10:45:00,9.0556,9.05794,9.04219,9.04228
2022-01-03 11:00:00,9.04218,9.06246,9.04209,9.04305
2022-01-03 11:15:00,9.04306,9.05048,9.03881,9.0497
2022-01-03 11:30:00,9.04971,9.05221,9.03963,9.05221
2022-01-03 11:45:00,9.05225,9.06222,9.04897,9.05773
2022-01-03 12:00:00,9.05777,9.06112,9.04889,9.05888
2022-01-03 12:15:00,9.05891,9.05956,9.04963,9.05465
2022-01-03 12:30:00,9.05467,9.05876,9.05465,9.05844
2022-01-03 12:45:00,9.05842,9.06958,9.05291,9.06286
2022-01-03 13:00:00,9.06287,9.06814,9.05374,9.06083
2022-01-03 13:15:00,9.06085,9.06404,9.05342,9.06373
2022-01-03 13:30:00,9.06374,9.06779,9.05961,9.06762
2022-01-03 13:45:00,9.06764,9.07416,9.06567,9.06917
2022-01-03 14:00:00,9.06918,9.08027,9.06861,9.0714
2022-01-03 14:15:00,9.07136,9.07684,9.06954,9.07282
2022-01-03 14:30:00,9.07281,9.08053,9.0678,9.06878
2022-01-03 14:45:00,9.06877,9.07296,9.06065,9.06266
2022-01-03 15:00:00,9.06267,9.0689,9.06259,9.06594
2022-01-03 15:15:00,9.06591,9.06914,9.05772,9.0599
2022-01-03 15:30:00,9.05989,9.07207,9.05896,9.06724
2022-01-03 15:45:00,9.06723,9.06903,9.0626,9.06565
2022-01-03 16:00:00,9.06564,9.08318,9.06464,9.08252
2022-01-03 16:15:00,9.08245,9.09268,9.08003,9.0916
2022-01-03 16:30:00,9.09161,9.09499,9.08779,9.09227
2022-01-03 16:45:00,9.09222,9.11378,9.09217,9.10699
2022-01-03 17:00:00,9.10689,9.11155,9.0995,9.1033
2022-01-03 17:15:00,9.10329,9.11717,9.09965,9.11625
2022-01-03 17:30:00,9.11626,9.11915,9.10983,9.11574
2022-01-03 17:45:00,9.1157,9.12027,9.11202,9.1173
2022-01-03 18:00:00,9.11733,9.11899,9.11215,9.1134
2022-01-03 18:15:00,9.11338,9.12118,9.11136,9.11823
2022-01-03 18:30:00,9.11826,9.1248,9.11666,9.12452
2022-01-03 18:45:00,9.12454,9.12846,9.11913,9.12028
2022-01-03 19:00:00,9.12029,9.12576,9.11819,9.11823
2022-01-03 19:15:00,9.11824,9.12694,9.11817,9.12549
2022-01-03 19:30:00,9.12549,9.12827,9.1204,9.12087
2022-01-03 19:45:00,9.12086,9.12209,9.11736,9.12014
2022-01-03 20:00:00,9.1201,9.12089,9.11637,9.11688
2022-01-03 20:15:00,9.11689,9.11901,9.11308,9.11475
2022-01-03 20:30:00,9.11474,9.11486,9.10911,9.10924
2022-01-03 20:45:00,9.10925,9.1094,9.1064,9.1088
2022-01-03 21:00:00,9.10879,9.10944,9.10607,9.10612
2022-01-03 21:15:00,9.10611,9.10781,9.10606,9.10724
2022-01-03 21:30:00,9.10722,9.10824,9.10329,9.10353
2022-01-03 21:45:00,9.10354,9.11157,9.10152,9.11042
2022-01-03 22:00:00,9.11043,9.11426,9.10877,9.11039
2022-01-03 22:15:00,9.11038,9.11044,9.10719,9.10911
2022-01-03 22:30:00,9.1091,9.10999,9.10639,9.10921
2022-01-03 22:45:00,9.10926,9.11004,9.10813,9.10834
2022-01-03 23:00:00,9.10831,9.10831,9.10169,9.10567
2022-01-03 23:15:00,9.10566,9.10952,9.10515,9.10822
2022-01-03 23:30:00,9.10826,9.10826,9.10658,9.10759
2022-01-03 23:45:00,9.10758,9.10758,9.09701,9.09719
2022-01-04 00:00:00,9.09734,9.09997,9.09411,9.09902
2022-01-04 00:15:00,9.09762,9.10092,9.09525,9.10062
2022-01-04 00:30:00,9.10058,9.10072,9.09869,9.09923
2022-01-04 00:45:00,9.09919,9.09961,9.098,9.09924
2022-01-04 01:00:00,9.09887,9.10282,9.09675,9.10196
2022-01-04 01:15:00,9.10195,9.1024,9.09999,9.1001
2022-01-04 01:30:00,9.10016,9.10228,9.09875,9.10051
2022-01-04 01:45:00,9.10048,9.10292,9.10025,9.10162
2022-01-04 02:00:00,9.10157,9.10248,9.09767,9.09767
2022-01-04 02:15:00,9.09766,9.09925,9.09662,9.09921
2022-01-04 02:30:00,9.09945,9.10008,9.09588,9.09819
2022-01-04 02:45:00,9.09818,9.09884,9.09362,9.09413
2022-01-04 03:00:00,9.09414,9.0963,9.08915,9.08937
2022-01-04 03:15:00,9.08939,9.09291,9.08712,9.09207
2022-01-04 03:30:00,9.09212,9.09422,9.09177,9.09306
2022-01-04 03:45:00,9.09305,9.09585,9.09182,9.09217
2022-01-04 04:00:00,9.0922,9.09345,9.09182,9.09317
2022-01-04 04:15:00,9.09315,9.09409,9.09114,9.09236
2022-01-04 04:30:00,9.09235,9.09336,9.08974,9.09045
2022-01-04 04:45:00,9.09044,9.09807,9.09019,9.09636
2022-01-04 05:00:00,9.09636,9.09858,9.09486,9.09815
2022-01-04 05:15:00,9.0981,9.10307,9.09606,9.09855
2022-01-04 05:30:00,9.09859,9.09925,9.09661,9.09696
2022-01-04 05:45:00,9.09677,9.09999,9.09637,9.09963
2022-01-04 06:00:00,9.09964,9.10088,9.09686,9.09751
2022-01-04 06:15:00,9.0975,9.09869,9.09716,9.09763
2022-01-04 06:30:00,9.09765,9.09798,9.09341,9.09586
2022-01-04 06:45:00,9.09599,9.09827,9.09582,9.09802
2022-01-04 07:00:00,9.098,9.09827,9.09346,9.09373
2022-01-04 07:15:00,9.09372,9.09596,9.09341,9.09465
2022-01-04 07:30:00,9.09466,9.09669,9.094,9.09661
2022-01-04 07:45:00,9.09662,9.09746,9.09443,9.09465
2022-01-04 08:00:00,9.09489,9.10755,9.09345,9.10721
2022-01-04 08:15:00,9.1072,9.10826,9.10302,9.10764
2022-01-04 08:30:00,9.10765,9.10882,9.10524,9.10759
2022-01-04 08:45:00,9.10757,9.11068,9.10676,9.10935
2022-01-04 09:00:00,9.1089,9.11502,9.10762,9.11164
2022-01-04 09:15:00,9.11166,9.11211,9.10661,9.11046
2022-01-04 09:30:00,9.11045,9.11564,9.10157,9.1031
2022-01-04 09:45:00,9.10309,9.10607,9.0993,9.10054
2022-01-04 10:00:00,9.10027,9.10742,9.09313,9.09367
2022-01-04 10:15:00,9.09366,9.09874,9.08632,9.09655
2022-01-04 10:30:00,9.09657,9.09657,9.08414,9.09036
2022-01-04 10:45:00,9.09033,9.09114,9.08004,9.08972
2022-01-04 11:00:00,9.09037,9.09539,9.08032,9.08051
2022-01-04 11:15:00,9.0805,9.08053,9.06964,9.07583
2022-01-04 11:30:00,9.07584,9.08819,9.07539,9.08819
2022-01-04 11:45:00,9.08821,9.09732,9.08819,9.0893
2022-01-04 12:00:00,9.08931,9.09369,9.07954,9.08998
2022-01-04 12:15:00,9.08997,9.09604,9.0894,9.09497
2022-01-04 12:30:00,9.09495,9.09833,9.08418,9.08651
2022-01-04 12:45:00,9.0865,9.10556,9.08484,9.10304
2022-01-04 13:00:00,9.10309,9.10881,9.09689,9.10073
2022-01-04 13:15:00,9.10065,9.10984,9.09641,9.1082
2022-01-04 13:30:00,9.10821,9.112,9.10126,9.10877
2022-01-04 13:45:00,9.10876,9.11102,9.09942,9.10672
2022-01-04 14:00:00,9.10674,9.11131,9.09945,9.10637
2022-01-04 14:15:00,9.10645,9.11125,9.10135,9.10966
2022-01-04 14:30:00,9.10965,9.1214,9.10647,9.1214
2022-01-04 14:45:00,9.12141,9.12595,9.1181,9.11863
2022-01-04 15:00:00,9.11867,9.11867,9.10815,9.11342
2022-01-04 15:15:00,9.11338,9.116,9.10052,9.10127
2022-01-04 15:30:00,9.1013,9.11584,9.10124,9.11187
2022-01-04 15:45:00,9.11186,9.1164,9.10692,9.10781
2022-01-04 16:00:00,9.10785,9.11071,9.10111,9.10291
2022-01-04 16:15:00,9.10297,9.11136,9.10116,9.11136
2022-01-04 16:30:00,9.11138,9.11995,9.11006,9.11263
2022-01-04 16:45:00,9.11281,9.11281,9.09484,9.09491
2022-01-04 17:00:00,9.09517,9.09681,9.08801,9.09001
2022-01-04 17:15:00,9.08997,9.09222,9.06759,9.07225
2022-01-04 17:30:00,9.07243,9.07443,9.06457,9.06467
2022-01-04 17:45:00,9.06475,9.07719,9.06433,9.07595
2022-01-04 18:00:00,9.07582,9.08455,9.0739,9.07576
2022-01-04 18:15:00,9.07585,9.09317,9.07349,9.08883
2022-01-04 18:30:00,9.08885,9.09431,9.08341,9.09341
2022-01-04 18:45:00,9.09342,9.09408,9.07577,9.0809
2022-01-04 19:00:00,9.08091,9.084,9.07726,9.08219
2022-01-04 19:15:00,9.08223,9.08555,9.07839,9.08551
2022-01-04 19:30:00,9.08552,9.08833,9.08442,9.08786
2022-01-04 19:45:00,9.08785,9.088,9.08457,9.08464
2022-01-04 20:00:00,9.08472,9.08906,9.0833,9.08576
2022-01-04 20:15:00,9.08578,9.08693,9.08394,9.08557
2022-01-04 20:30:00,9.08558,9.08806,9.08554,9.08751
2022-01-04 20:45:00,9.08753,9.1056,9.08637,9.09722
2022-01-04 21:00:00,9.09724,9.09811,9.09225,9.09249
2022-01-04 21:15:00,9.0925,9.09512,9.08956,9.09406
2022-01-04 21:30:00,9.09404,9.0941,9.09015,9.09194
2022-01-04 21:45:00,9.09198,9.09395,9.09065,9.09271
2022-01-04 22:00:00,9.09276,9.09609,9.09141,9.09276
2022-01-04 22:15:00,9.09272,9.09676,9.0918,9.09676
2022-01-04 22:30:00,9.09674,9.09931,9.09398,9.09559
2022-01-04 22:45:00,9.09566,9.09911,9.09268,9.0949
2022-01-04 23:00:00,9.09492,9.09516,9.09037,9.09326
2022-01-04 23:15:00,9.09327,9.0947,9.09281,9.0945
2022-01-04 23:30:00,9.09457,9.09622,9.0938,9.09483
2022-01-04 23:45:00,9.09484,9.09496,9.08781,9.09391
2022-01-05 00:00:00,9.08432,9.09062,9.08432,9.09062
2022-01-05 00:15:00,9.09063,9.09801,9.08265,9.09441
2022-01-05 00:30:00,9.09442,9.09645,9.0904,9.09215
2022-01-05 00:45:00,9.09174,9.0949,9.08904,9.09286
2022-01-05 01:00:00,9.09316,9.09328,9.087,9.0916
2022-01-05 01:15:00,9.09161,9.09396,9.09061,9.09196
2022-01-05 01:30:00,9.09193,9.09308,9.09049,9.09243
2022-01-05 01:45:00,9.09241,9.0939,9.09161,9.09326
2022-01-05 02:00:00,9.09327,9.09392,9.09121,9.09154
2022-01-05 02:15:00,9.09152,9.09302,9.09151,9.09302
2022-01-05 02:30:00,9.09295,9.09736,9.09295,9.0947
2022-01-05 02:45:00,9.09469,9.09757,9.09322,9.09748
2022-01-05 03:00:00,9.09749,9.09749,9.09238,9.09309
2022-01-05 03:15:00,9.0931,9.09327,9.09105,9.09105
2022-01-05 03:30:00,9.09097,9.09236,9.09013,9.09013
2022-01-05 03:45:00,9.09017,9.09969,9.08964,9.09965
2022-01-05 04:00:00,9.09969,9.10016,9.09797,9.09918
2022-01-05 04:15:00,9.09936,9.09945,9.09309,9.09309
2022-01-05 04:30:00,9.09307,9.0951,9.09172,9.09252
2022-01-05 04:45:00,9.09251,9.09262,9.08914,9.09066
2022-01-05 05:00:00,9.09064,9.09266,9.08913,9.09255
2022-01-05 05:15:00,9.09254,9.0928,9.08907,9.08932
2022-01-05 05:30:00,9.08929,9.08942,9.08703,9.08858
2022-01-05 05:45:00,9.0886,9.08881,9.087,9.08845
2022-01-05 06:00:00,9.08844,9.09867,9.08813,9.09373
2022-01-05 06:15:00,9.09379,9.09379,9.08991,9.0925
2022-01-05 06:30:00,9.09251,9.09396,9.09181,9.09191
2022-01-05 06:45:00,9.09192,9.09414,9.08836,9.08852
2022-01-05 07:00:00,9.08853,9.09243,9.08834,9.09222
2022-01-05 07:15:00,9.0923,9.09317,9.09047,9.09135
2022-01-05 07:30:00,9.09151,9.09513,9.09038,9.09474
2022-01-05 07:45:00,9.09473,9.09485,9.09031,9.09094
2022-01-05 08:00:00,9.09096,9.09198,9.0882,9.08957
2022-01-05 08:15:00,9.08959,9.09617,9.08929,9.09367
2022-01-05 08:30:00,9.09368,9.09368,9.08826,9.08903
2022-01-05 08:45:00,9.08906,9.09125,9.08654,9.08992
2022-01-05 09:00:00,9.08993,9.09125,9.08457,9.08535
2022-01-05 09:15:00,9.08534,9.09293,9.08484,9.08747
2022-01-05 09:30:00,9.08746,9.08795,9.08142,9.08461
2022-01-05 09:45:00,9.0846,9.08464,9.07601,9.07904
2022-01-05 10:00:00,9.07908,9.07959,9.06411,9.06521
2022-01-05 10:15:00,9.06522,9.06725,9.06029,9.06548
2022-01-05 10:30:00,9.06547,9.08248,9.06111,9.07951
2022-01-05 10:45:00,9.07942,9.08447,9.07685,9.08019
2022-01-05 11:00:00,9.0802,9.08184,9.07524,9.07693
2022-01-05 11:15:00,9.07713,9.07971,9.07272,9.0785
2022-01-05 11:30:00,9.07849,9.07893,9.06378,9.07514
2022-01-05 11:45:00,9.07512,9.07576,9.06739,9.07104
2022-01-05 12:00:00,9.07105,9.07163,9.06,9.06164
2022-01-05 12:15:00,9.06162,9.0631,9.05348,9.05371
2022-01-05 12:30:00,9.0538,9.06401,9.05262,9.0611
2022-01-05 12:45:00,9.0611,9.06315,9.05499,9.06197
2022-01-05 13:00:00,9.06196,9.06334,9.04412,9.04645
2022-01-05 13:15:00,9.04647,9.04647,9.04228,9.04622
2022-01-05 13:30:00,9.04623,9.04623,9.04085,9.04168
2022-01-05 13:45:00,9.04167,9.04822,9.04028,9.04542
2022-01-05 14:00:00,9.04521,9.05215,9.04445,9.05182
2022-01-05 14:15:00,9.05174,9.05806,9.04767,9.05417
2022-01-05 14:30:00,9.05419,9.06365,9.05225,9.05697
2022-01-05 14:45:00,9.05696,9.06518,9.05696,9.05979
2022-01-05 15:00:00,9.05978,9.06515,9.05627,9.05752
2022-01-05 15:15:00,9.05755,9.06586,9.05748,9.06087
2022-01-05 15:30:00,9.06091,9.06408,9.05322,9.061
2022-01-05 15:45:00,9.06097,9.06749,9.05767,9.06139
2022-01-05 16:00:00,9.0614,9.06548,9.0571,9.05977
2022-01-05 16:15:00,9.05976,9.05976,9.04996,9.05816
2022-01-05 16:30:00,9.05791,9.06463,9.05324,9.05803
2022-01-05 16:45:00,9.05808,9.05817,9.04923,9.04957
2022-01-05 17:00:00,9.04954,9.0503,9.04266,9.045
2022-01-05 17:15:00,9.04525,9.04743,9.04131,9.04486
2022-01-05 17:30:00,9.04484,9.05673,9.04481,9.05195
2022-01-05 17:45:00,9.05199,9.06371,9.0519,9.0595
2022-01-05 18:00:00,9.06013,9.06467,9.05613,9.0598
2022-01-05 18:15:00,9.05979,9.07238,9.05951,9.06659
2022-01-05 18:30:00,9.06661,9.07003,9.05986,9.0655
2022-01-05 18:45:00,9.06541,9.06719,9.0613,9.06131
2022-01-05 19:00:00,9.06104,9.06285,9.05909,9.06131
2022-01-05 19:15:00,9.0613,9.06136,9.05248,9.05901
2022-01-05 19:30:00,9.059,9.06147,9.05872,9.06069
2022-01-05 19:45:00,9.06066,9.06152,9.05694,9.05843
2022-01-05 20:00:00,9.05844,9.06314,9.05844,9.06255
2022-01-05 20:15:00,9.06256,9.06344,9.05922,9.05975
2022-01-05 20:30:00,9.05968,9.06001,9.05698,9.05797
2022-01-05 20:45:00,9.05796,9.06602,9.0578,9.065
2022-01-05 21:00:00,9.06499,9.09898,9.06414,9.09384
2022-01-05 21:15:00,9.09392,9.0949,9.08367,9.08796
2022-01-05 21:30:00,9.08797,9.09784,9.08764,9.09335
2022-01-05 21:45:00,9.09338,9.09738,9.09264,9.09633
2022-01-05 22:00:00,9.09631,9.11133,9.09566,9.1111
2022-01-05 22:15:00,9.11107,9.11489,9.10464,9.10507
2022-01-05 22:30:00,9.10506,9.10769,9.10298,9.10334
2022-01-05 22:45:00,9.10334,9.10745,9.1033,9.10516
2022-01-05 23:00:00,9.10497,9.11529,9.10497,9.11303
2022-01-05 23:15:00,9.11319,9.11363,9.11,9.11161
2022-01-05 23:30:00,9.11148,9.11274,9.11034,9.11165
2022-01-05 23:45:00,9.11126,9.11149,9.09592,9.09592
2022-01-06 00:00:00,9.09731,9.09731,9.08851,9.09053
2022-01-06 00:15:00,9.08998,9.10591,9.08938,9.10541
2022-01-06 00:30:00,9.10533,9.10619,9.1003,9.10516
2022-01-06 00:45:00,9.10441,9.10598,9.10275,9.10513
2022-01-06 01:00:00,9.10518,9.10845,9.10244,9.10807
2022-01-06 01:15:00,9.10808,9.10808,9.10557,9.10624
2022-01-06 01:30:00,9.10563,9.10823,9.10478,9.1066
2022-01-06 01:45:00,9.10672,9.10883,9.10654,9.1086
2022-01-06 02:00:00,9.10846,9.1119,9.10845,9.10912
2022-01-06 02:15:00,9.10913,9.11057,9.10809,9.11037
2022-01-06 02:30:00,9.11036,9.11215,9.10779,9.10836
2022-01-06 02:45:00,9.10837,9.11425,9.10778,9.11408
2022-01-06 03:00:00,9.11407,9.11732,9.11237,9.11571
2022-01-06 03:15:00,9.11572,9.11638,9.11342,9.11619
2022-01-06 03:30:00,9.1162,9.11638,9.11066,9.11359
2022-01-06 03:45:00,9.11364,9.11386,9.10961,9.11187
2022-01-06 04:00:00,9.11186,9.11473,9.11152,9.11346
2022-01-06 04:15:00,9.11348,9.11546,9.11342,9.11492
2022-01-06 04:30:00,9.11491,9.11502,9.11124,9.11249
2022-01-06 04:45:00,9.11249,9.11433,9.10776,9.10972
2022-01-06 05:00:00,9.10971,9.11364,9.10971,9.11327
2022-01-06 05:15:00,9.11322,9.11626,9.11238,9.11614
2022-01-06 05:30:00,9.11615,9.11808,9.11482,9.11802
2022-01-06 05:45:00,9.11806,9.12403,9.11631,9.1209
2022-01-06 06:00:00,9.12085,9.12691,9.12047,9.12658
2022-01-06 06:15:00,9.12657,9.12661,9.12394,9.12479
2022-01-06 06:30:00,9.12496,9.1334,9.12413,9.13204
2022-01-06 06:45:00,9.132,9.13341,9.13078,9.13319
2022-01-06 07:00:00,9.13322,9.14782,9.13307,9.14756
2022-01-06 07:15:00,9.14757,9.14772,9.13928,9.14002
2022-01-06 07:30:00,9.14001,9.14227,9.13878,9.14189
2022-01-06 07:45:00,9.14188,9.14229,9.13916,9.14047
2022-01-06 08:00:00,9.14066,9.14585,9.14051,9.1458
2022-01-06 08:15:00,9.14583,9.14838,9.14467,9.14758
2022-01-06 08:30:00,9.14751,9.14833,9.14496,9.14535
2022-01-06 08:45:00,9.14531,9.15183,9.1452,9.1486
2022-01-06 09:00:00,9.14863,9.15381,9.14747,9.15314
2022-01-06 09:15:00,9.15318,9.15888,9.15116,9.15316
2022-01-06 09:30:00,9.15317,9.15649,9.13949,9.1429
2022-01-06 09:45:00,9.14294,9.15134,9.14086,9.1462
2022-01-06 10:00:00,9.14622,9.15306,9.14135,9.14521
2022-01-06 10:15:00,9.14513,9.14859,9.1392,9.13931
2022-01-06 10:30:00,9.1394,9.1529,9.13215,9.15249
2022-01-06 10:45:00,9.15251,9.15873,9.14967,9.15411
2022-01-06 11:00:00,9.15412,9.16019,9.15388,9.15476
2022-01-06 11:15:00,9.15474,9.1552,9.13347,9.1368
2022-01-06 11:30:00,9.13679,9.13771,9.13202,9.13614
2022-01-06 11:45:00,9.13615,9.13851,9.1267,9.13234
2022-01-06 12:00:00,9.1323,9.13233,9.11569,9.11663
2022-01-06 12:15:00,9.11661,9.11899,9.10454,9.10981
2022-01-06 12:30:00,9.10983,9.11966,9.10677,9.11843
2022-01-06 12:45:00,9.1184,9.12676,9.11441,9.12476
2022-01-06 13:00:00,9.12475,9.12789,9.12011,9.12292
2022-01-06 13:15:00,9.12295,9.13039,9.12241,9.12931
2022-01-06 13:30:00,9.12933,9.13725,9.12136,9.12215
2022-01-06 13:45:00,9.12212,9.13284,9.11963,9.13128
2022-01-06 14:00:00,9.13118,9.13862,9.13048,9.13129
2022-01-06 14:15:00,9.13124,9.13304,9.12574,9.12716
2022-01-06 14:30:00,9.12681,9.12708,9.12127,9.12407
2022-01-06 14:45:00,9.12407,9.12551,9.12174,9.12401
2022-01-06 15:00:00,9.124,9.12794,9.11927,9.1246
2022-01-06 15:15:00,9.12459,9.13166,9.12022,9.12598
2022-01-06 15:30:00,9.12617,9.14414,9.12329,9.14211
2022-01-06 15:45:00,9.14223,9.14225,9.13761,9.13883
2022-01-06 16:00:00,9.1387,9.13992,9.13063,9.13518
2022-01-06 16:15:00,9.13517,9.14138,9.13412,9.13913
2022-01-06 16:30:00,9.13914,9.14162,9.12057,9.1266
2022-01-06 16:45:00,9.12659,9.14559,9.12582,9.13757
2022-01-06 17:00:00,9.13637,9.15288,9.1315,9.1455
2022-01-06 17:15:00,9.14549,9.14794,9.13752,9.13808
2022-01-06 17:30:00,9.13805,9.14246,9.13138,9.13739
2022-01-06 17:45:00,9.13738,9.14381,9.12986,9.14148
2022-01-06 18:00:00,9.14145,9.14311,9.12938,9.13217
2022-01-06 18:15:00,9.13216,9.13736,9.13062,9.13197
2022-01-06 18:30:00,9.13191,9.14064,9.1319,9.13644
2022-01-06 18:45:00,9.13645,9.14033,9.13055,9.13113
2022-01-06 19:00:00,9.1312,9.1347,9.12944,9.13381
2022-01-06 19:15:00,9.13382,9.13491,9.13096,9.1321
2022-01-06 19:30:00,9.13211,9.13697,9.12985,9.12993
2022-01-06 19:45:00,9.12988,9.14034,9.12988,9.13797
2022-01-06 20:00:00,9.13809,9.14312,9.13807,9.14198
2022-01-06 20:15:00,9.14199,9.14662,9.1407,9.14629
2022-01-06 20:30:00,9.14628,9.15046,9.14517,9.1501
2022-01-06 20:45:00,9.15011,9.15328,9.14493,9.14561
2022-01-06 21:00:00,9.14562,9.14562,9.14207,9.14261
2022-01-06 21:15:00,9.14262,9.14295,9.14123,9.14183
2022-01-06 21:30:00,9.14182,9.14232,9.13901,9.14188
2022-01-06 21:45:00,9.14186,9.14972,9.14123,9.14972
2022-01-06 22:00:00,9.14963,9.15149,9.14397,9.14552
2022-01-06 22:15:00,9.14554,9.15678,9.14545,9.15015
2022-01-06 22:30:00,9.15016,9.15075,9.14961,9.14999
2022-01-06 22:45:00,9.15006,9.15117,9.14778,9.14795
2022-01-06 23:00:00,9.14797,9.15194,9.1475,9.14938
2022-01-06 23:15:00,9.14939,9.14989,9.14602,9.14727
2022-01-06 23:30:00,9.14728,9.1475,9.13758,9.13839
2022-01-06 23:45:00,9.13838,9.13921,9.12945,9.12991
2022-01-07 00:00:00,9.13267,9.13911,9.12725,9.13624
2022-01-07 00:15:00,9.13623,9.14135,9.13503,9.13594
2022-01-07 00:30:00,9.1357,9.13677,9.13528,9.13528
2022-01-07 00:45:00,9.13578,9.13597,9.13443,9.13563
2022-01-07 01:00:00,9.13579,9.13957,9.13494,9.13942
2022-01-07 01:15:00,9.13943,9.13993,9.13723,9.13964
2022-01-07 01:30:00,9.13965,9.14095,9.13896,9.14078
2022-01-07 01:45:00,9.14077,9.14229,9.14056,9.14216
2022-01-07 02:00:00,9.14228,9.14662,9.14212,9.14658
2022-01-07 02:15:00,9.14659,9.14659,9.14393,9.14443
2022-01-07 02:30:00,9.14449,9.14987,9.14424,9.14603
2022-01-07 02:45:00,9.14637,9.15036,9.14451,9.1454
2022-01-07 03:00:00,9.14539,9.14542,9.13749,9.14077
2022-01-07 03:15:00,9.1408,9.14149,9.13823,9.14111
2022-01-07 03:30:00,9.14115,9.14178,9.13918,9.14069
2022-01-07 03:45:00,9.14067,9.14073,9.13794,9.13794
2022-01-07 04:00:00,9.13795,9.14105,9.13721,9.14
2022-01-07 04:15:00,9.13999,9.14177,9.13814,9.14032
2022-01-07 04:30:00,9.14028,9.14681,9.14017,9.14578
2022-01-07 04:45:00,9.14577,9.1463,9.14357,9.14629
2022-01-07 05:00:00,9.14626,9.14647,9.14402,9.14459
2022-01-07 05:15:00,9.14454,9.14485,9.14116,9.14258
2022-01-07 05:30:00,9.14259,9.14418,9.14179,9.14314
2022-01-07 05:45:00,9.14315,9.14431,9.14267,9.14297
2022-01-07 06:00:00,9.14296,9.14575,9.14283,9.14384
2022-01-07 06:15:00,9.14382,9.14561,9.14322,9.14386
2022-01-07 06:30:00,9.14388,9.14464,9.14137,9.1415
2022-01-07 06:45:00,9.14148,9.14472,9.14058,9.14465
2022-01-07 07:00:00,9.14468,9.14476,9.14161,9.14311
2022-01-07 07:15:00,9.1431,9.14399,9.14048,9.14357
2022-01-07 07:30:00,9.14356,9.14507,9.1416,9.14391
2022-01-07 07:45:00,9.14394,9.14408,9.14142,9.14362
2022-01-07 08:00:00,9.14395,9.14461,9.14091,9.14211
2022-01-07 08:15:00,9.1421,9.14354,9.14084,9.14264
2022-01-07 08:30:00,9.14263,9.14622,9.14092,9.14454
2022-01-07 08:45:00,9.14452,9.14572,9.14095,9.14175
2022-01-07 09:00:00,9.14179,9.14727,9.13933,9.1421
2022-01-07 09:15:00,9.14213,9.14213,9.1387,9.14116
2022-01-07 09:30:00,9.14117,9.14158,9.12147,9.13047
2022-01-07 09:45:00,9.13055,9.13901,9.12199,9.12316
2022-01-07 10:00:00,9.12319,9.12887,9.12257,9.12653
2022-01-07 10:15:00,9.12662,9.12663,9.11848,9.11963
2022-01-07 10:30:00,9.11972,9.12409,9.10901,9.10901
2022-01-07 10:45:00,9.10902,9.12048,9.10467,9.11979
2022-01-07 11:00:00,9.11982,9.12088,9.10528,9.10541
2022-01-07 11:15:00,9.10529,9.1191,9.1049,9.11456
2022-01-07 11:30:00,9.11455,9.11787,9.11031,9.11736
2022-01-07 11:45:00,9.11739,9.11885,9.11329,9.11605
2022-01-07 12:00:00,9.11612,9.1168,9.11001,9.11269
2022-01-07 12:15:00,9.11262,9.11452,9.10651,9.1101
2022-01-07 12:30:00,9.11008,9.11174,9.10889,9.11141
2022-01-07 12:45:00,9.11142,9.1118,9.10885,9.11085
2022-01-07 13:00:00,9.11084,9.11189,9.11025,9.11074
2022-01-07 13:15:00,9.11071,9.11084,9.10604,9.10933
2022-01-07 13:30:00,9.1094,9.11068,9.1088,9.1088
2022-01-07 13:45:00,9.10878,9.1104,9.10693,9.11007
2022-01-07 14:00:00,9.11012,9.11039,9.10803,9.10948
2022-01-07 14:15:00,9.10949,9.11095,9.10868,9.10873
2022-01-07 14:30:00,9.10875,9.11096,9.10362,9.10612
2022-01-07 14:45:00,9.10614,9.10643,9.09956,9.10396
2022-01-07 15:00:00,9.10399,9.10566,9.09858,9.10142
2022-01-07 15:15:00,9.1014,9.10297,9.08944,9.08997
2022-01-07 15:30:00,9.08967,9.10926,9.07479,9.10211
2022-01-07 15:45:00,9.10209,9.11709,9.09151,9.11291
2022-01-07 16:00:00,9.1127,9.11553,9.09456,9.0959
2022-01-07 16:15:00,9.09592,9.09681,9.08134,9.08609
2022-01-07 16:30:00,9.08618,9.09481,9.07377,9.07377
2022-01-07 16:45:00,9.07384,9.08159,9.07001,9.07179
2022-01-07 17:00:00,9.07167,9.0796,9.06988,9.07235
2022-01-07 17:15:00,9.07236,9.07537,9.0662,9.06732
2022-01-07 17:30:00,9.06734,9.09228,9.06724,9.08656
2022-01-07 17:45:00,9.08647,9.09083,9.0764,9.07803
2022-01-07 18:00:00,9.07816,9.08002,9.07063,9.07412
2022-01-07 18:15:00,9.07413,9.07891,9.06991,9.0706
2022-01-07 18:30:00,9.07063,9.07373,9.06713,9.06898
2022-01-07 18:45:00,9.06899,9.07005,9.05973,9.06009
2022-01-07 19:00:00,9.06007,9.06993,9.05941,9.06603
2022-01-07 19:15:00,9.06611,9.06721,9.06258,9.06718
2022-01-07 19:30:00,9.06719,9.0714,9.06264,9.06445
2022-01-07 19:45:00,9.06453,9.06503,9.05794,9.05934
2022-01-07 20:00:00,9.05924,9.06066,9.05216,9.05267
2022-01-07 20:15:00,9.05271,9.05443,9.04882,9.05228
2022-01-07 20:30:00,9.05229,9.05244,9.04908,9.05154
2022-01-07 20:45:00,9.05156,9.05654,9.05127,9.05557
2022-01-07 21:00:00,9.05558,9.05595,9.04953,9.04984
2022-01-07 21:15:00,9.04982,9.05103,9.04773,9.04785
2022-01-07 21:30:00,9.04788,9.04803,9.04509,9.04606
2022-01-07 21:45:00,9.04607,9.04792,9.04568,9.04602
2022-01-07 22:00:00,9.04611,9.04848,9.045,9.04711
2022-01-07 22:15:00,9.04694,9.04804,9.04523,9.04546
2022-01-07 22:30:00,9.04544,9.04984,9.04535,9.04793
2022-01-07 22:45:00,9.04794,9.05152,9.04663,9.04949
2022-01-07 23:00:00,9.04938,9.05618,9.04855,9.05568
2022-01-07 23:15:00,9.05565,9.05682,9.0528,9.05399
2022-01-07 23:30:00,9.05397,9.05618,9.05085,9.05158
2022-01-07 23:45:00,9.05159,9.05255,9.04144,9.05093
2022-01-10 00:00:00,9.04756,9.04876,9.04129,9.04517
2022-01-10 00:15:00,9.04516,9.04516,9.03926,9.04002
2022-01-10 00:30:00,9.04001,9.04677,9.04001,9.04641
2022-01-10 00:45:00,9.0464,9.04662,9.04419,9.04439
2022-01-10 01:00:00,9.04447,9.0527,9.04273,9.05211
2022-01-10 01:15:00,9.0521,9.05926,9.05186,9.05524
2022-01-10 01:30:00,9.05531,9.05538,9.05163,9.05246
2022-01-10 01:45:00,9.05239,9.05435,9.05146,9.05267
2022-01-10 02:00:00,9.05269,9.06253,9.05269,9.06197
2022-01-10 02:15:00,9.06198,9.06302,9.06015,9.06151
2022-01-10 02:30:00,9.0615,9.06247,9.05323,9.05362
2022-01-10 02:45:00,9.05359,9.05661,9.0529,9.0562
2022-01-10 03:00:00,9.05623,9.06252,9.05509,9.05833
2022-01-10 03:15:00,9.05836,9.0601,9.05736,9.05981
2022-01-10 03:30:00,9.05986,9.06088,9.05054,9.05157
2022-01-10 03:45:00,9.05158,9.05422,9.05143,9.05367
2022-01-10 04:00:00,9.05369,9.05578,9.0524,9.0546
2022-01-10 04:15:00,9.05461,9.05832,9.05409,9.05701
2022-01-10 04:30:00,9.057,9.05979,9.05665,9.05836
2022-01-10 04:45:00,9.05832,9.06516,9.05818,9.06446
2022-01-10 05:00:00,9.06445,9.06753,9.06443,9.06683
2022-01-10 05:15:00,9.06678,9.0704,9.06654,9.0702
2022-01-10 05:30:00,9.07021,9.07522,9.06951,9.07522
2022-01-10 05:45:00,9.0752,9.07615,9.06662,9.06716
2022-01-10 06:00:00,9.0673,9.06765,9.06411,9.06596
2022-01-10 06:15:00,9.06596,9.06793,9.06545,9.06762
2022-01-10 06:30:00,9.06762,9.06811,9.06656,9.06691
2022-01-10 06:45:00,9.0669,9.06976,9.06674,9.06893
2022-01-10 07:00:00,9.06894,9.06956,9.06513,9.0653
2022-01-10 07:15:00,9.06532,9.06632,9.06421,9.06601
2022-01-10 07:30:00,9.066,9.06696,9.06434,9.06459
2022-01-10 07:45:00,9.06462,9.06615,9.06254,9.06264
2022-01-10 08:00:00,9.06254,9.07244,9.06249,9.07175
2022-01-10 08:15:00,9.07176,9.07511,9.06752,9.07124
2022-01-10 08:30:00,9.07121,9.07183,9.06956,9.07151
2022-01-10 08:45:00,9.07152,9.07584,9.06271,9.06675
2022-01-10 09:00:00,9.06676,9.06948,9.06198,9.06355
2022-01-10 09:15:00,9.06352,9.06727,9.0597,9.05985
2022-01-10 09:30:00,9.05994,9.06072,9.05373,9.05623
2022-01-10 09:45:00,9.05616,9.06251,9.05567,9.06248
2022-01-10 10:00:00,9.0624,9.08563,9.06113,9.07935
2022-01-10 10:15:00,9.07937,9.09743,9.07882,9.08972
2022-01-10 10:30:00,9.08975,9.10422,9.08762,9.09713
2022-01-10 10:45:00,9.09714,9.10118,9.08178,9.08747
2022-01-10 11:00:00,9.08749,9.09178,9.07588,9.07793
2022-01-10 11:15:00,9.07794,9.08143,9.07225,9.08025
2022-01-10 11:30:00,9.08025,9.0884,9.07563,9.0829
2022-01-10 11:45:00,9.08255,9.09192,9.08212,9.08861
2022-01-10 12:00:00,9.08863,9.09162,9.08071,9.08182
2022-01-10 12:15:00,9.08178,9.0822,9.07543,9.07988
2022-01-10 12:30:00,9.07988,9.08532,9.07938,9.08173
2022-01-10 12:45:00,9.08174,9.08614,9.07986,9.08292
2022-01-10 13:00:00,9.08289,9.08955,9.08114,9.08438
2022-01-10 13:15:00,9.08436,9.08458,9.07822,9.08098
2022-01-10 13:30:00,9.08095,9.08696,9.08092,9.08373
2022-01-10 13:45:00,9.08396,9.08978,9.08338,9.08686
2022-01-10 14:00:00,9.08691,9.09308,9.08448,9.09026
2022-01-10 14:15:00,9.09027,9.09714,9.089,9.09431
2022-01-10 14:30:00,9.09428,9.09916,9.0912,9.09898
2022-01-10 14:45:00,9.09899,9.10856,9.09693,9.1061
2022-01-10 15:00:00,9.10655,9.11112,9.10132,9.10156
2022-01-10 15:15:00,9.10219,9.10987,9.09856,9.1081
2022-01-10 15:30:00,9.10807,9.11921,9.10392,9.11882
2022-01-10 15:45:00,9.11883,9.12755,9.11386,9.12523
2022-01-10 16:00:00,9.12516,9.13291,9.12045,9.13267
2022-01-10 16:15:00,9.13263,9.14249,9.1319,9.13461
2022-01-10 16:30:00,9.13469,9.14117,9.13088,9.13945
2022-01-10 16:45:00,9.13941,9.14564,9.1374,9.14197
2022-01-10 17:00:00,9.1419,9.14811,9.13081,9.13572
2022-01-10 17:15:00,9.13573,9.14519,9.13396,9.14285
2022-01-10 17:30:00,9.14284,9.14345,9.12204,9.1251
2022-01-10 17:45:00,9.12538,9.12781,9.11978,9.12689
2022-01-10 18:00:00,9.12688,9.13119,9.11907,9.12004
2022-01-10 18:15:00,9.12003,9.12027,9.10474,9.10784
2022-01-10 18:30:00,9.10778,9.11299,9.10357,9.11068
2022-01-10 18:45:00,9.11071,9.11553,9.10031,9.10279
2022-01-10 19:00:00,9.1028,9.10316,9.09877,9.09983
2022-01-10 19:15:00,9.09959,9.10209,9.09732,9.10177
2022-01-10 19:30:00,9.10175,9.10376,9.10052,9.10342
2022-01-10 19:45:00,9.10345,9.11193,9.09865,9.11158
2022-01-10 20:00:00,9.11164,9.11303,9.10593,9.11085
2022-01-10 20:15:00,9.11084,9.1142,9.11043,9.11397
2022-01-10 20:30:00,9.11396,9.11567,9.11186,9.1138
2022-01-10 20:45:00,9.11379,9.11455,9.11049,9.1109
2022-01-10 21:00:00,9.11055,9.11252,9.10764,9.11117
2022-01-10 21:15:00,9.11125,9.11142,9.10801,9.10947
2022-01-10 21:30:00,9.10952,9.10989,9.10664,9.10765
2022-01-10 21:45:00,9.10764,9.11645,9.10764,9.11312
2022-01-10 22:00:00,9.11302,9.11374,9.11109,9.11245
2022-01-10 22:15:00,9.11246,9.11289,9.10867,9.10903
2022-01-10 22:30:00,9.10906,9.10957,9.09783,9.09965
2022-01-10 22:45:00,9.09966,9.10771,9.09858,9.10736
2022-01-10 23:00:00,9.10756,9.10871,9.10493,9.10612
2022-01-10 23:15:00,9.10613,9.10694,9.10015,9.10025
2022-01-10 23:30:00,9.10022,9.10166,9.0989,9.10019
2022-01-10 23:45:00,9.10016,9.10311,9.09902,9.10089
2022-01-11 00:00:00,9.09956,9.09956,9.08581,9.09374
2022-01-11 00:15:00,9.09375,9.09376,9.08721,9.08943
2022-01-11 00:30:00,9.08785,9.09753,9.0855,9.09251
2022-01-11 00:45:00,9.09253,9.09533,9.09217,9.09454
2022-01-11 01:00:00,9.09435,9.09879,9.09099,9.09421
2022-01-11 01:15:00,9.09424,9.0946,9.09245,9.09334
2022-01-11 01:30:00,9.09339,9.0974,9.09339,9.09641
2022-01-11 01:45:00,9.0964,9.09813,9.09569,9.09781
2022-01-11 02:00:00,9.09777,9.0982,9.09383,9.09406
2022-01-11 02:15:00,9.09407,9.09529,9.09071,9.0919
2022-01-11 02:30:00,9.09191,9.09387,9.09185,9.09262
2022-01-11 02:45:00,9.09264,9.09353,9.09112,9.09309
2022-01-11 03:00:00,9.09308,9.09351,9.09089,9.09283
2022-01-11 03:15:00,9.0928,9.09496,9.08932,9.08998
2022-01-11 03:30:00,9.09012,9.09148,9.08794,9.0885
2022-01-11 03:45:00,9.08849,9.09196,9.08847,9.09074
2022-01-11 04:00:00,9.09073,9.09442,9.09067,9.09108
2022-01-11 04:15:00,9.09107,9.09109,9.08696,9.08717
2022-01-11 04:30:00,9.08714,9.09087,9.087,9.09011
2022-01-11 04:45:00,9.0901,9.09181,9.08963,9.08994
2022-01-11 05:00:00,9.08993,9.09364,9.08945,9.09336
2022-01-11 05:15:00,9.09335,9.09364,9.08962,9.08998
2022-01-11 05:30:00,9.08997,9.09046,9.08961,9.08985
2022-01-11 05:45:00,9.08981,9.09031,9.08951,9.08988
2022-01-11 06:00:00,9.08987,9.09142,9.0897,9.09017
2022-01-11 06:15:00,9.09016,9.09074,9.08968,9.09041
2022-01-11 06:30:00,9.09036,9.09039,9.08977,9.09005
2022-01-11 06:45:00,9.09006,9.09079,9.08975,9.09004
2022-01-11 07:00:00,9.09001,9.09035,9.08974,9.08974
2022-01-11 07:15:00,9.08973,9.09053,9.08964,9.08977
2022-01-11 07:30:00,9.08976,9.09033,9.08962,9.08966
2022-01-11 07:45:00,9.08967,9.08997,9.08339,9.08723
2022-01-11 08:00:00,9.08767,9.08793,9.08408,9.08592
2022-01-11 08:15:00,9.08596,9.08952,9.08476,9.08926
2022-01-11 08:30:00,9.0893,9.09336,9.08711,9.09257
2022-01-11 08:45:00,9.09268,9.09458,9.08823,9.08823
2022-01-11 09:00:00,9.08824,9.09179,9.08291,9.08358
2022-01-11 09:15:00,9.08361,9.08535,9.07993,9.08234
2022-01-11 09:30:00,9.08229,9.08708,9.07883,9.08216
2022-01-11 09:45:00,9.08214,9.08428,9.07633,9.07674
2022-01-11 10:00:00,9.07688,9.07834,9.06907,9.07067
2022-01-11 10:15:00,9.07031,9.07815,9.06243,9.0737
2022-01-11 10:30:00,9.07343,9.07725,9.07175,9.07368
2022-01-11 10:45:00,9.07371,9.07393,9.06204,9.06689
2022-01-11 11:00:00,9.0669,9.07069,9.0634,9.06357
2022-01-11 11:15:00,9.06359,9.07143,9.06254,9.06953
2022-01-11 11:30:00,9.06963,9.0807,9.06846,9.07815
2022-01-11 11:45:00,9.07816,9.09243,9.07816,9.08939
2022-01-11 12:00:00,9.08934,9.09011,9.07854,9.08348
2022-01-11 12:15:00,9.0836,9.08821,9.07752,9.08764
2022-01-11 12:30:00,9.08761,9.08815,9.07824,9.08271
2022-01-11 12:45:00,9.08274,9.08567,9.07885,9.08461
2022-01-11 13:00:00,9.08458,9.09572,9.08411,9.09412
2022-01-11 13:15:00,9.09413,9.09889,9.08637,9.09693
2022-01-11 13:30:00,9.09695,9.09723,9.08559,9.08579
2022-01-11 13:45:00,9.08577,9.08672,9.07681,9.07935
2022-01-11 14:00:00,9.0795,9.08682,9.07499,9.08678
2022-01-11 14:15:00,9.0868,9.09166,9.08383,9.08891
2022-01-11 14:30:00,9.0889,9.0942,9.08692,9.08705
2022-01-11 14:45:00,9.08698,9.08837,9.08294,9.08781
2022-01-11 15:00:00,9.08777,9.09225,9.08697,9.09055
2022-01-11 15:15:00,9.09054,9.09166,9.08505,9.08703
2022-01-11 15:30:00,9.08705,9.09448,9.08438,9.09228
2022-01-11 15:45:00,9.09266,9.09362,9.08386,9.08798
2022-01-11 16:00:00,9.08797,9.09268,9.08422,9.08985
2022-01-11 16:15:00,9.08986,9.09093,9.08542,9.08606
2022-01-11 16:30:00,9.08615,9.09948,9.08501,9.09821
2022-01-11 16:45:00,9.09823,9.10244,9.09129,9.09387
2022-01-11 17:00:00,9.09391,9.09666,9.07887,9.08537
2022-01-11 17:15:00,9.08536,9.08931,9.0832,9.08596
2022-01-11 17:30:00,9.08587,9.08946,9.08209,9.08684
2022-01-11 17:45:00,9.08685,9.09038,9.08142,9.08242
2022-01-11 18:00:00,9.08229,9.08229,9.05745,9.06071
2022-01-11 18:15:00,9.06069,9.06124,9.04883,9.05277
2022-01-11 18:30:00,9.053,9.05575,9.04758,9.04941
2022-01-11 18:45:00,9.0494,9.05266,9.04841,9.05184
2022-01-11 19:00:00,9.05178,9.05402,9.04204,9.05068
2022-01-11 19:15:00,9.05069,9.05219,9.04574,9.05077
2022-01-11 19:30:00,9.05082,9.05439,9.04902,9.05402
2022-01-11 19:45:00,9.05401,9.05401,9.04597,9.05265
2022-01-11 20:00:00,9.05267,9.0547,9.05123,9.05144
2022-01-11 20:15:00,9.0515,9.05207,9.04434,9.04774
2022-01-11 20:30:00,9.04775,9.04775,9.04096,9.04328
2022-01-11 20:45:00,9.04327,9.04364,9.03975,9.04345
2022-01-11 21:00:00,9.0434,9.0436,9.03718,9.03738
2022-01-11 21:15:00,9.03774,9.04829,9.03611,9.04749
2022-01-11 21:30:00,9.04753,9.05003,9.04316,9.04351
2022-01-11 21:45:00,9.04352,9.04352,9.03481,9.04037
2022-01-11 22:00:00,9.0405,9.04057,9.03465,9.03681
2022-01-11 22:15:00,9.03683,9.03806,9.03327,9.03489
2022-01-11 22:30:00,9.03487,9.03683,9.03402,9.03538
2022-01-11 22:45:00,9.03541,9.03772,9.03424,9.03427
2022-01-11 23:00:00,9.03445,9.03692,9.02951,9.03687
2022-01-11 23:15:00,9.03689,9.03771,9.03377,9.03519
2022-01-11 23:30:00,9.03517,9.03682,9.03405,9.03405
2022-01-11 23:45:00,9.03406,9.03602,9.02681,9.02719
2022-01-12 00:00:00,9.02714,9.0302,9.02626,9.02746
2022-01-12 00:15:00,9.02761,9.03034,9.02682,9.03026
2022-01-12 00:30:00,9.03036,9.03324,9.02965,9.03156
2022-01-12 00:45:00,9.03153,9.03352,9.02814,9.02954
2022-01-12 01:00:00,9.02959,9.03182,9.02721,9.03027
2022-01-12 01:15:00,9.03029,9.03106,9.02933,9.0309
2022-01-12 01:30:00,9.03087,9.03502,9.02826,9.03104
2022-01-12 01:45:00,9.03105,9.03224,9.03056,9.03222
2022-01-12 02:00:00,9.03217,9.03256,9.02855,9.03082
2022-01-12 02:15:00,9.03081,9.03321,9.0297,9.0322
2022-01-12 02:30:00,9.03221,9.03262,9.02964,9.02978
2022-01-12 02:45:00,9.02975,9.03089,9.02906,9.03074
2022-01-12 03:00:00,9.03077,9.03529,9.03012,9.03304
2022-01-12 03:15:00,9.03309,9.03572,9.03309,9.03556
2022-01-12 03:30:00,9.03558,9.03618,9.03249,9.0335
2022-01-12 03:45:00,9.03352,9.03493,9.03251,9.03253
2022-01-12 04:00:00,9.03256,9.03422,9.02979,9.03028
2022-01-12 04:15:00,9.03027,9.03097,9.02982,9.03061
2022-01-12 04:30:00,9.0306,9.03365,9.03036,9.03199
2022-01-12 04:45:00,9.03196,9.03446,9.02865,9.02908
2022-01-12 05:00:00,9.02908,9.03475,9.02854,9.02904
2022-01-12 05:15:00,9.02905,9.02926,9.02761,9.02861
2022-01-12 05:30:00,9.0286,9.02892,9.02752,9.02851
2022-01-12 05:45:00,9.02853,9.02864,9.02748,9.02837
2022-01-12 06:00:00,9.02844,9.02858,9.02344,9.02372
2022-01-12 06:15:00,9.02377,9.02414,9.02282,9.02287
2022-01-12 06:30:00,9.02288,9.02499,9.02231,9.02498
2022-01-12 06:45:00,9.02496,9.02858,9.02381,9.02506
2022-01-12 07:00:00,9.02498,9.02519,9.02096,9.02164
2022-01-12 07:15:00,9.02163,9.02349,9.02119,9.02228
2022-01-12 07:30:00,9.02228,9.0234,9.01937,9.02286
2022-01-12 07:45:00,9.02282,9.02437,9.02235,9.02428
2022-01-12 08:00:00,9.02428,9.02519,9.02084,9.02262
2022-01-12 08:15:00,9.02262,9.02606,9.02207,9.02211
2022-01-12 08:30:00,9.02212,9.02567,9.02196,9.02417
2022-01-12 08:45:00,9.02415,9.04732,9.0241,9.03656
2022-01-12 09:00:00,9.03641,9.03674,9.0285,9.0285
2022-01-12 09:15:00,9.02851,9.0331,9.02719,9.03139
2022-01-12 09:30:00,9.03144,9.0335,9.02439,9.0285
2022-01-12 09:45:00,9.02855,9.03665,9.02855,9.0337
2022-01-12 10:00:00,9.03371,9.03577,9.02796,9.02952
2022-01-12 10:15:00,9.02953,9.04409,9.02876,9.04342
2022-01-12 10:30:00,9.04341,9.04601,9.03503,9.04172
2022-01-12 10:45:00,9.04173,9.04375,9.03263,9.03672
2022-01-12 11:00:00,9.03668,9.04215,9.03574,9.03635
2022-01-12 11:15:00,9.03639,9.04167,9.03185,9.03781
2022-01-12 11:30:00,9.03785,9.04376,9.03405,9.04056
2022-01-12 11:45:00,9.04054,9.04072,9.03622,9.03643
2022-01-12 12:00:00,9.03642,9.0433,9.03571,9.04318
2022-01-12 12:15:00,9.04309,9.05345,9.04273,9.05123
2022-01-12 12:30:00,9.05118,9.05133,9.04512,9.04925
2022-01-12 12:45:00,9.04948,9.05033,9.04265,9.04689
2022-01-12 13:00:00,9.0469,9.04695,9.03618,9.039
2022-01-12 13:15:00,9.03902,9.04126,9.03779,9.04078
2022-01-12 13:30:00,9.04079,9.04234,9.03769,9.03821
2022-01-12 13:45:00,9.0382,9.04222,9.0382,9.04149
2022-01-12 14:00:00,9.04147,9.04161,9.03329,9.03518
2022-01-12 14:15:00,9.03516,9.03615,9.02963,9.02985
2022-01-12 14:30:00,9.02986,9.03531,9.02847,9.03531
2022-01-12 14:45:00,9.03535,9.03551,9.02862,9.02862
2022-01-12 15:00:00,9.02849,9.03167,9.02505,9.02514
2022-01-12 15:15:00,9.02515,9.02572,9.01585,9.02109
2022-01-12 15:30:00,9.02118,9.02698,8.96567,8.98644
2022-01-12 15:45:00,8.98647,8.99233,8.98043,8.98355
2022-01-12 16:00:00,8.98353,8.99104,8.98249,8.98832
2022-01-12 16:15:00,8.98831,8.98951,8.97329,8.97391
2022-01-12 16:30:00,8.97395,8.98089,8.97132,8.97467
2022-01-12 16:45:00,8.97466,8.97466,8.96438,8.96772
2022-01-12 17:00:00,8.96771,8.96899,8.95895,8.96603
2022-01-12 17:15:00,8.9661,8.96653,8.95771,8.9598
2022-01-12 17:30:00,8.95975,8.9681,8.95943,8.96409
2022-01-12 17:45:00,8.96411,8.96742,8.95902,8.9615
2022-01-12 18:00:00,8.96111,8.96279,8.9579,8.96163
2022-01-12 18:15:00,8.96161,8.96445,8.95614,8.95717
2022-01-12 18:30:00,8.95713,8.9586,8.95073,8.95312
2022-01-12 18:45:00,8.95313,8.95398,8.9502,8.95042
2022-01-12 19:00:00,8.9504,8.95592,8.94864,8.95044
2022-01-12 19:15:00,8.95041,8.95297,8.94419,8.94757
2022-01-12 19:30:00,8.9475,8.9487,8.94025,8.94178
2022-01-12 19:45:00,8.94183,8.94256,8.93799,8.9393
2022-01-12 20:00:00,8.93931,8.94375,8.93893,8.94332
2022-01-12 20:15:00,8.94331,8.94387,8.93749,8.93863
2022-01-12 20:30:00,8.93864,8.93937,8.93467,8.93786
2022-01-12 20:45:00,8.93788,8.94087,8.9362,8.94064
2022-01-12 21:00:00,8.94065,8.94093,8.93112,8.93112
2022-01-12 21:15:00,8.93093,8.93189,8.92872,8.93091
2022-01-12 21:30:00,8.93092,8.93395,8.93016,8.93207
2022-01-12 21:45:00,8.93205,8.93546,8.93004,8.93377
2022-01-12 22:00:00,8.93388,8.93994,8.93311,8.93833
2022-01-12 22:15:00,8.93831,8.93927,8.93698,8.93926
2022-01-12 22:30:00,8.93933,8.94501,8.93908,8.9443
2022-01-12 22:45:00,8.94431,8.94431,8.93759,8.93831
2022-01-12 23:00:00,8.93828,8.94043,8.93677,8.93783
2022-01-12 23:15:00,8.93782,8.93833,8.93362,8.93667
2022-01-12 23:30:00,8.93672,8.94031,8.93535,8.94014
2022-01-12 23:45:00,8.94019,8.94152,8.93584,8.93614
2022-01-13 00:00:00,8.93495,8.9461,8.92616,8.93204
2022-01-13 00:15:00,8.93218,8.93251,8.9319,8.93242
2022-01-13 00:30:00,8.93247,8.9328,8.93123,8.9327
2022-01-13 00:45:00,8.93204,8.93262,8.93078,8.93138
2022-01-13 01:00:00,8.93131,8.93688,8.92987,8.93651
2022-01-13 01:15:00,8.93645,8.93798,8.9356,8.93754
2022-01-13 01:30:00,8.93753,8.93818,8.93618,8.93812
2022-01-13 01:45:00,8.93811,8.94099,8.93804,8.94099
2022-01-13 02:00:00,8.94111,8.94136,8.93582,8.93927
2022-01-13 02:15:00,8.93928,8.94266,8.93865,8.94145
2022-01-13 02:30:00,8.94146,8.94191,8.94005,8.94134
2022-01-13 02:45:00,8.9413,8.94234,8.93869,8.94051
2022-01-13 03:00:00,8.94044,8.9405,8.93822,8.93972
2022-01-13 03:15:00,8.93974,8.94281,8.93974,8.94277
2022-01-13 03:30:00,8.94276,8.94297,8.93681,8.93681
2022-01-13 03:45:00,8.93677,8.94132,8.93646,8.93949
2022-01-13 04:00:00,8.9395,8.94207,8.93877,8.93883
2022-01-13 04:15:00,8.93882,8.93912,8.93598,8.93899
2022-01-13 04:30:00,8.93896,8.93987,8.93746,8.93751
2022-01-13 04:45:00,8.9375,8.94009,8.93746,8.94009
2022-01-13 05:00:00,8.9401,8.94742,8.93886,8.94439
2022-01-13 05:15:00,8.94401,8.94537,8.94123,8.94525
2022-01-13 05:30:00,8.94524,8.94589,8.94379,8.94379
2022-01-13 05:45:00,8.9438,8.94408,8.94259,8.9433
2022-01-13 06:00:00,8.94329,8.94329,8.9419,8.94245
2022-01-13 06:15:00,8.94242,8.94251,8.94087,8.9409
2022-01-13 06:30:00,8.94086,8.94528,8.94086,8.94487
2022-01-13 06:45:00,8.9448,8.94561,8.94152,8.94548
2022-01-13 07:00:00,8.9455,8.94631,8.94485,8.94522
2022-01-13 07:15:00,8.94521,8.9467,8.94418,8.94505
2022-01-13 07:30:00,8.94501,8.94562,8.94353,8.94422
2022-01-13 07:45:00,8.94419,8.94834,8.94376,8.94788
2022-01-13 08:00:00,8.94792,8.94868,8.94648,8.9484
2022-01-13 08:15:00,8.94841,8.94935,8.94695,8.94727
2022-01-13 08:30:00,8.94737,8.94862,8.94694,8.94807
2022-01-13 08:45:00,8.94804,8.9503,8.94795,8.94933
2022-01-13 09:00:00,8.94947,8.95073,8.94412,8.94419
2022-01-13 09:15:00,8.94428,8.94428,8.93342,8.9339
2022-01-13 09:30:00,8.93385,8.93477,8.91189,8.91495
2022-01-13 09:45:00,8.91493,8.92383,8.91198,8.91544
2022-01-13 10:00:00,8.91532,8.92232,8.9082,8.91136
2022-01-13 10:15:00,8.91149,8.91354,8.90297,8.91016
2022-01-13 10:30:00,8.91017,8.91911,8.90939,8.91765
2022-01-13 10:45:00,8.91767,8.92301,8.9153,8.91924
2022-01-13 11:00:00,8.91923,8.92953,8.919,8.9255
2022-01-13 11:15:00,8.92549,8.92549,8.91499,8.9156
2022-01-13 11:30:00,8.91558,8.92026,8.91558,8.91773
2022-01-13 11:45:00,8.91773,8.92285,8.91574,8.92102
2022-01-13 12:00:00,8.92101,8.92538,8.91564,8.91698
2022-01-13 12:15:00,8.91696,8.92986,8.9145,8.92854
2022-01-13 12:30:00,8.92851,8.93617,8.92314,8.93067
2022-01-13 12:45:00,8.93066,8.93765,8.92919,8.9307
2022-01-13 13:00:00,8.93069,8.9399,8.92704,8.9349
2022-01-13 13:15:00,8.93489,8.93492,8.92217,8.9302
2022-01-13 13:30:00,8.93015,8.93724,8.92941,8.93662
2022-01-13 13:45:00,8.9366,8.9374,8.93112,8.933
2022-01-13 14:00:00,8.93291,8.93972,8.93291,8.93806
2022-01-13 14:15:00,8.93807,8.93809,8.92638,8.92685
2022-01-13 14:30:00,8.92685,8.92913,8.92357,8.9263
2022-01-13 14:45:00,8.92624,8.9353,8.92595,8.93365
2022-01-13 15:00:00,8.93363,8.93363,8.92697,8.93058
2022-01-13 15:15:00,8.93069,8.93218,8.92242,8.92316
2022-01-13 15:30:00,8.92315,8.92338,8.9114,8.91576
2022-01-13 15:45:00,8.91576,8.91635,8.90374,8.90374
2022-01-13 16:00:00,8.90349,8.90681,8.89954,8.90194
2022-01-13 16:15:00,8.90197,8.9053,8.89744,8.90426
2022-01-13 16:30:00,8.90417,8.90486,8.8963,8.89958
2022-01-13 16:45:00,8.89959,8.90675,8.89927,8.9012
2022-01-13 17:00:00,8.90134,8.90591,8.90033,8.90488
2022-01-13 17:15:00,8.90479,8.92605,8.90406,8.92605
2022-01-13 17:30:00,8.92592,8.93671,8.92592,8.93022
2022-01-13 17:45:00,8.93026,8.93222,8.92053,8.92163
2022-01-13 18:00:00,8.92141,8.93713,8.92102,8.9277
2022-01-13 18:15:00,8.92771,8.92798,8.91486,8.91677
2022-01-13 18:30:00,8.91674,8.91845,8.91361,8.91484
2022-01-13 18:45:00,8.91483,8.92458,8.9147,8.92089
2022-01-13 19:00:00,8.92087,8.927,8.92031,8.92096
2022-01-13 19:15:00,8.92096,8.93323,8.92096,8.92661
2022-01-13 19:30:00,8.92662,8.92786,8.92498,8.9261
2022-01-13 19:45:00,8.92606,8.92988,8.92544,8.92714
2022-01-13 20:00:00,8.92713,8.92751,8.92138,8.9232
2022-01-13 20:15:00,8.92306,8.92535,8.92124,8.92489
2022-01-13 20:30:00,8.9249,8.92668,8.92323,8.92632
2022-01-13 20:45:00,8.92631,8.92777,8.92523,8.92624
2022-01-13 21:00:00,8.92625,8.92704,8.92012,8.92261
2022-01-13 21:15:00,8.9226,8.92787,8.92246,8.92757
2022-01-13 21:30:00,8.92756,8.92954,8.92721,8.92805
2022-01-13 21:45:00,8.92806,8.92824,8.92056,8.92319
2022-01-13 22:00:00,8.92322,8.93279,8.92265,8.93275
2022-01-13 22:15:00,8.93274,8.93314,8.92979,8.93
2022-01-13 22:30:00,8.92998,8.93109,8.92795,8.93026
2022-01-13 22:45:00,8.93024,8.93825,8.93006,8.93742
2022-01-13 23:00:00,8.93743,8.93819,8.93501,8.93576
2022-01-13 23:15:00,8.93577,8.93722,8.93471,8.93637
2022-01-13 23:30:00,8.93635,8.93635,8.93361,8.93439
2022-01-13 23:45:00,8.93438,8.93663,8.93121,8.93155
2022-01-14 00:00:00,8.93168,8.93168,8.90609,8.9215
2022-01-14 00:15:00,8.92149,8.92167,8.92058,8.92075
2022-01-14 00:30:00,8.92074,8.92203,8.91883,8.92203
2022-01-14 00:45:00,8.92208,8.92208,8.91872,8.91969
2022-01-14 01:00:00,8.91977,8.925,8.91958,8.92492
2022-01-14 01:15:00,8.92486,8.92609,8.92472,8.92609
2022-01-14 01:30:00,8.926,8.92606,8.92429,8.92431
2022-01-14 01:45:00,8.92432,8.92769,8.92429,8.92662
2022-01-14 02:00:00,8.92663,8.92943,8.92663,8.92845
2022-01-14 02:15:00,8.92842,8.93026,8.9273,8.93001
2022-01-14 02:30:00,8.93,8.93486,8.92967,8.93353
2022-01-14 02:45:00,8.93355,8.9355,8.92751,8.92784
2022-01-14 03:00:00,8.92785,8.92855,8.92457,8.92556
2022-01-14 03:15:00,8.92559,8.92695,8.92252,8.92256
2022-01-14 03:30:00,8.92257,8.92381,8.92226,8.92311
2022-01-14 03:45:00,8.92322,8.92448,8.92206,8.9238
2022-01-14 04:00:00,8.92385,8.92462,8.92266,8.92448
2022-01-14 04:15:00,8.9245,8.93129,8.92256,8.93027
2022-01-14 04:30:00,8.93028,8.93035,8.92484,8.92485
2022-01-14 04:45:00,8.92484,8.925,8.92155,8.92193
2022-01-14 05:00:00,8.92192,8.92317,8.91946,8.91961
2022-01-14 05:15:00,8.91963,8.91963,8.91632,8.91838
2022-01-14 05:30:00,8.91839,8.92081,8.91757,8.91759
2022-01-14 05:45:00,8.91757,8.92019,8.91755,8.9191
2022-01-14 06:00:00,8.91913,8.92079,8.91863,8.92015
2022-01-14 06:15:00,8.92016,8.92027,8.91748,8.9179
2022-01-14 06:30:00,8.91789,8.92003,8.91789,8.91795
2022-01-14 06:45:00,8.91795,8.92042,8.91757,8.91957
2022-01-14 07:00:00,8.91959,8.91964,8.91724,8.91747
2022-01-14 07:15:00,8.91746,8.91746,8.91327,8.91404
2022-01-14 07:30:00,8.91395,8.9149,8.90723,8.90921
2022-01-14 07:45:00,8.90924,8.91123,8.90545,8.90694
2022-01-14 08:00:00,8.90693,8.91039,8.90616,8.91004
2022-01-14 08:15:00,8.91029,8.91132,8.90921,8.91116
2022-01-14 08:30:00,8.91111,8.91312,8.90696,8.90816
2022-01-14 08:45:00,8.90814,8.91328,8.90729,8.91188
2022-01-14 09:00:00,8.91184,8.92266,8.91138,8.92084
2022-01-14 09:15:00,8.92083,8.92619,8.92081,8.92354
2022-01-14 09:30:00,8.92382,8.93152,8.92233,8.9253
2022-01-14 09:45:00,8.92536,8.93101,8.92342,8.92924
2022-01-14 10:00:00,8.92925,8.93206,8.91478,8.9185
2022-01-14 10:15:00,8.91841,8.93154,8.91739,8.93007
2022-01-14 10:30:00,8.93006,8.93237,8.91779,8.93074
2022-01-14 10:45:00,8.93081,8.94369,8.93011,8.93935
2022-01-14 11:00:00,8.93932,8.94712,8.93604,8.94582
2022-01-14 11:15:00,8.94581,8.94734,8.93834,8.94132
2022-01-14 11:30:00,8.94133,8.9431,8.93024,8.93968
2022-01-14 11:45:00,8.9392,8.95383,8.93903,8.95329
2022-01-14 12:00:00,8.95328,8.95615,8.94493,8.94581
2022-01-14 12:15:00,8.94572,8.94891,8.93963,8.93994
2022-01-14 12:30:00,8.94003,8.94867,8.93809,8.94488
2022-01-14 12:45:00,8.94491,8.94519,8.93576,8.93805
2022-01-14 13:00:00,8.93817,8.94153,8.93505,8.9408
2022-01-14 13:15:00,8.94085,8.94794,8.94079,8.94794
2022-01-14 13:30:00,8.94801,8.94984,8.94463,8.9493
2022-01-14 13:45:00,8.94926,8.95241,8.94688,8.94938
2022-01-14 14:00:00,8.94938,8.95962,8.94841,8.95314
2022-01-14 14:15:00,8.95299,8.96355,8.95299,8.96279
2022-01-14 14:30:00,8.96282,8.97146,8.96036,8.96111
2022-01-14 14:45:00,8.96109,8.96896,8.96109,8.96821
2022-01-14 15:00:00,8.96815,8.97277,8.96456,8.96899
2022-01-14 15:15:00,8.9688,8.98229,8.96744,8.98138
2022-01-14 15:30:00,8.98164,8.98208,8.96375,8.96542
2022-01-14 15:45:00,8.96542,8.97938,8.96377,8.97843
2022-01-14 16:00:00,8.97844,8.97932,8.96483,8.96989
2022-01-14 16:15:00,8.96988,8.98045,8.96969,8.977
2022-01-14 16:30:00,8.97703,8.98083,8.96303,8.96929
2022-01-14 16:45:00,8.96922,8.98225,8.96818,8.96956
2022-01-14 17:00:00,8.97077,8.98949,8.96938,8.97991
2022-01-14 17:15:00,8.97983,8.99031,8.97691,8.98674
2022-01-14 17:30:00,8.9866,8.99437,8.9849,8.9933
2022-01-14 17:45:00,8.99336,8.99934,8.99118,8.99516
2022-01-14 18:00:00,8.99514,8.99599,8.98646,8.98931
2022-01-14 18:15:00,8.98933,9.00551,8.98924,9.0011
2022-01-14 18:30:00,9.00125,9.00985,9.00099,9.00961
2022-01-14 18:45:00,9.0096,9.01303,9.00687,9.00864
2022-01-14 19:00:00,9.00865,9.01753,9.00858,9.01726
2022-01-14 19:15:00,9.01695,9.02455,9.01563,9.02181
2022-01-14 19:30:00,9.0218,9.02424,9.02066,9.02361
2022-01-14 19:45:00,9.0236,9.03479,9.02246,9.0324
2022-01-14 20:00:00,9.0324,9.03511,9.02882,9.03389
2022-01-14 20:15:00,9.0339,9.03401,9.02694,9.02867
2022-01-14 20:30:00,9.02871,9.03114,9.02773,9.03013
2022-01-14 20:45:00,9.03014,9.03282,9.029,9.03064
2022-01-14 21:00:00,9.03066,9.03428,9.02897,9.02912
2022-01-14 21:15:00,9.02913,9.03199,9.02891,9.03177
2022-01-14 21:30:00,9.03177,9.03193,9.02482,9.02622
2022-01-14 21:45:00,9.02622,9.03135,9.02428,9.0284
2022-01-14 22:00:00,9.02838,9.0294,9.02609,9.02691
2022-01-14 22:15:00,9.02694,9.02856,9.02613,9.0276
2022-01-14 22:30:00,9.02745,9.02871,9.02632,9.02771
2022-01-14 22:45:00,9.0277,9.02814,9.02203,9.02306
2022-01-14 23:00:00,9.02344,9.02632,9.01871,9.01884
2022-01-14 23:15:00,9.01883,9.02645,9.01875,9.0209
2022-01-14 23:30:00,9.02095,9.02095,9.0153,9.0174
2022-01-14 23:45:00,9.01644,9.01828,9.0123,9.01395
2022-01-17 00:00:00,8.98505,8.9875,8.98299,8.9834
2022-01-17 00:15:00,8.98378,8.985,8.98308,8.98373
2022-01-17 00:30:00,8.98372,8.98468,8.98236,8.98246
2022-01-17 00:45:00,8.98245,8.99128,8.98178,8.98286
2022-01-17 01:00:00,8.98315,9.00095,8.98315,8.99384
2022-01-17 01:15:00,8.99386,9.0038,8.99384,9.00037
2022-01-17 01:30:00,9.00038,9.00171,8.999,9.00103
2022-01-17 01:45:00,9.00095,9.02369,9.0005,9.02019
2022-01-17 02:00:00,9.02015,9.02659,9.02015,9.02468
2022-01-17 02:15:00,9.02463,9.0253,9.0234,9.02517
2022-01-17 02:30:00,9.02526,9.02703,9.02364,9.02678
2022-01-17 02:45:00,9.02692,9.02751,9.02349,9.02459
2022-01-17 03:00:00,9.02454,9.02572,9.02288,9.02514
2022-01-17 03:15:00,9.0252,9.0345,9.0252,9.03355
2022-01-17 03:30:00,9.03356,9.03594,9.03055,9.03125
2022-01-17 03:45:00,9.03126,9.03398,9.03115,9.03344
2022-01-17 04:00:00,9.03341,9.03431,9.03113,9.03148
2022-01-17 04:15:00,9.03154,9.03273,9.02976,9.03073
2022-01-17 04:30:00,9.03072,9.03074,9.02644,9.02719
2022-01-17 04:45:00,9.02714,9.02727,9.02234,9.02389
2022-01-17 05:00:00,9.02386,9.02479,9.0233,9.02425
2022-01-17 05:15:00,9.02428,9.0248,9.02309,9.02348
2022-01-17 05:30:00,9.02347,9.02348,9.01861,9.01915
2022-01-17 05:45:00,9.01915,9.02157,9.01848,9.01988
2022-01-17 06:00:00,9.01987,9.02224,9.01941,9.02076
2022-01-17 06:15:00,9.02077,9.02271,9.01731,9.02254
2022-01-17 06:30:00,9.02266,9.0237,9.01801,9.01829
2022-01-17 06:45:00,9.01825,9.01924,9.01808,9.01897
2022-01-17 07:00:00,9.01892,9.02064,9.01867,9.01912
2022-01-17 07:15:00,9.0191,9.01914,9.01779,9.01825
2022-01-17 07:30:00,9.01827,9.0217,9.0177,9.01854
2022-01-17 07:45:00,9.01855,9.02549,9.0155,9.0231
2022-01-17 08:00:00,9.02312,9.0254,9.02131,9.02521
2022-01-17 08:15:00,9.02522,9.02894,9.0252,9.02809
2022-01-17 08:30:00,9.0281,9.02927,9.02693,9.0286
2022-01-17 08:45:00,9.02861,9.03093,9.02797,9.02992
2022-01-17 09:00:00,9.02995,9.03136,9.02064,9.02209
2022-01-17 09:15:00,9.02199,9.02424,9.02142,9.0231
2022-01-17 09:30:00,9.02305,9.02353,9.01684,9.01912
2022-01-17 09:45:00,9.01918,9.02858,9.0186,9.02296
2022-01-17 10:00:00,9.02293,9.02445,9.01291,9.01633
2022-01-17 10:15:00,9.01632,9.01909,9.01066,9.01263
2022-01-17 10:30:00,9.01264,9.01264,9.00184,9.00612
2022-01-17 10:45:00,9.00608,9.01626,9.00586,9.0137
2022-01-17 11:00:00,9.01367,9.01822,9.01093,9.01596
2022-01-17 11:15:00,9.01594,9.02246,9.01391,9.02084
2022-01-17 11:30:00,9.02067,9.02511,9.01509,9.02498
2022-01-17 11:45:00,9.02497,9.03109,9.02493,9.02674
2022-01-17 12:00:00,9.02675,9.02713,9.02034,9.02271
2022-01-17 12:15:00,9.02276,9.02763,9.01989,9.02763
2022-01-17 12:30:00,9.02764,9.02817,9.02464,9.02597
2022-01-17 12:45:00,9.02598,9.02771,9.02422,9.02458
2022-01-17 13:00:00,9.02457,9.02466,9.01698,9.01956
2022-01-17 13:15:00,9.01955,9.0225,9.01936,9.0217
2022-01-17 13:30:00,9.02172,9.02592,9.021,9.02441
2022-01-17 13:45:00,9.02444,9.02625,9.0174,9.0211
2022-01-17 14:00:00,9.02096,9.02591,9.02055,9.02525
2022-01-17 14:15:00,9.02538,9.02792,9.02076,9.02223
2022-01-17 14:30:00,9.02244,9.0336,9.02244,9.02875
2022-01-17 14:45:00,9.02876,9.03759,9.0258,9.03667
2022-01-17 15:00:00,9.03669,9.03718,9.02983,9.03469
2022-01-17 15:15:00,9.03464,9.04166,9.03464,9.03542
2022-01-17 15:30:00,9.03539,9.03896,9.02606,9.02768
2022-01-17 15:45:00,9.02777,9.03021,9.01842,9.01983
2022-01-17 16:00:00,9.01982,9.02475,9.01651,9.01961
2022-01-17 16:15:00,9.01948,9.01959,9.01418,9.01446
2022-01-17 16:30:00,9.01448,9.01606,9.01052,9.01193
2022-01-17 16:45:00,9.01196,9.01645,9.01175,9.01326
2022-01-17 17:00:00,9.01334,9.02148,9.0132,9.01437
2022-01-17 17:15:00,9.01436,9.01735,9.01247,9.01404
2022-01-17 17:30:00,9.01405,9.01618,9.00802,9.00893
2022-01-17 17:45:00,9.00894,9.01464,9.00604,9.01142
2022-01-17 18:00:00,9.0113,9.0128,9.00721,9.00928
2022-01-17 18:15:00,9.00927,9.01411,9.00593,9.00752
2022-01-17 18:30:00,9.00751,9.01191,9.00436,9.01003
2022-01-17 18:45:00,9.01001,9.01128,9.00603,9.00631
2022-01-17 19:00:00,9.00639,9.00762,9.00088,9.00453
2022-01-17 19:15:00,9.00454,9.00872,9.0034,9.00846
2022-01-17 19:30:00,9.00845,9.01449,9.00825,9.01348
2022-01-17 19:45:00,9.01349,9.01779,9.01028,9.01055
2022-01-17 20:00:00,9.01052,9.01088,9.00923,9.01024
2022-01-17 20:15:00,9.0104,9.01095,9.0095,9.01012
2022-01-17 20:30:00,9.01014,9.01351,9.00881,9.01161
2022-01-17 20:45:00,9.01149,9.01394,9.01137,9.0125
2022-01-17 21:00:00,9.01247,9.01527,9.01189,9.01506
2022-01-17 21:15:00,9.01504,9.02045,9.01504,9.01964
2022-01-17 21:30:00,9.01965,9.02181,9.01845,9.01915
2022-01-17 21:45:00,9.01914,9.01924,9.01269,9.01482
2022-01-17 22:00:00,9.01481,9.01656,9.0105,9.01514
2022-01-17 22:15:00,9.01515,9.01779,9.01349,9.01368
2022-01-17 22:30:00,9.01371,9.01413,9.01251,9.01288
2022-01-17 22:45:00,9.0129,9.01565,9.01256,9.01525
2022-01-17 23:00:00,9.01522,9.01697,9.01421,9.01596
2022-01-17 23:15:00,9.01595,9.01602,9.01329,9.01329
2022-01-17 23:30:00,9.013,9.01426,9.012,9.01359
2022-01-17 23:45:00,9.01355,9.01817,8.99804,8.99835
2022-01-18 00:00:00,8.99878,9.01513,8.99866,9.01358
2022-01-18 00:15:00,9.01359,9.01503,9.00885,9.00904
2022-01-18 00:30:00,9.00946,9.0179,9.00856,9.0179
2022-01-18 00:45:00,9.01799,9.01849,9.01099,9.01159
2022-01-18 01:00:00,9.01217,9.01747,9.00952,9.01661
2022-01-18 01:15:00,9.01662,9.01754,9.01418,9.0165
2022-01-18 01:30:00,9.01652,9.01762,9.013,9.01613
2022-01-18 01:45:00,9.0161,9.01613,9.01172,9.01477
2022-01-18 02:00:00,9.01478,9.01811,9.01151,9.01572
2022-01-18 02:15:00,9.01573,9.01635,9.00563,9.00799
2022-01-18 02:30:00,9.00798,9.00851,9.00615,9.00659
2022-01-18 02:45:00,9.00658,9.00662,9.0018,9.00188
2022-01-18 03:00:00,9.00191,9.00531,9.00189,9.00439
2022-01-18 03:15:00,9.00427,9.00496,9.00173,9.00179
2022-01-18 03:30:00,9.0018,9.00292,8.99826,8.9987
2022-01-18 03:45:00,8.99876,9.00579,8.99865,9.00163
2022-01-18 04:00:00,9.00161,9.00971,9.00112,9.00848
2022-01-18 04:15:00,9.00854,9.01067,9.00231,9.00457
2022-01-18 04:30:00,9.00453,9.00518,9.00214,9.00286
2022-01-18 04:45:00,9.00289,9.01,9.00289,9.00586
2022-01-18 05:00:00,9.00587,9.00707,9.00303,9.00518
2022-01-18 05:15:00,9.00514,9.0092,9.00475,9.00895
2022-01-18 05:30:00,9.00893,9.03175,9.00792,9.02859
2022-01-18 05:45:00,9.02876,9.03978,9.02777,9.03386
2022-01-18 06:00:00,9.03388,9.03611,9.03054,9.03377
2022-01-18 06:15:00,9.03388,9.03707,9.0315,9.03407
2022-01-18 06:30:00,9.03405,9.03405,9.02643,9.02815
2022-01-18 06:45:00,9.02814,9.02946,9.02648,9.02728
2022-01-18 07:00:00,9.02732,9.03227,9.02726,9.03034
2022-01-18 07:15:00,9.03041,9.036,9.02926,9.03597
2022-01-18 07:30:00,9.03594,9.03675,9.03134,9.03166
2022-01-18 07:45:00,9.03172,9.03622,9.02891,9.03217
2022-01-18 08:00:00,9.03218,9.0397,9.03133,9.03363
2022-01-18 08:15:00,9.03363,9.03494,9.03185,9.03235
2022-01-18 08:30:00,9.03236,9.03345,9.02976,9.03109
2022-01-18 08:45:00,9.03105,9.03144,9.01742,9.02493
2022-01-18 09:00:00,9.02498,9.04648,9.02283,9.04648
2022-01-18 09:15:00,9.04656,9.047,9.03464,9.03715
2022-01-18 09:30:00,9.03707,9.0427,9.02711,9.02989
2022-01-18 09:45:00,9.02978,9.03789,9.0297,9.03582
2022-01-18 10:00:00,9.03585,9.04396,9.03047,9.03846
2022-01-18 10:15:00,9.03847,9.04403,9.03369,9.03553
2022-01-18 10:30:00,9.03554,9.06041,9.03509,9.05804
2022-01-18 10:45:00,9.05803,9.07049,9.05484,9.0589
2022-01-18 11:00:00,9.05873,9.06582,9.05789,9.06303
2022-01-18 11:15:00,9.06304,9.07278,9.06202,9.07003
2022-01-18 11:30:00,9.07002,9.07141,9.06105,9.06833
2022-01-18 11:45:00,9.06834,9.0697,9.06062,9.06064
2022-01-18 12:00:00,9.06066,9.06384,9.0537,9.05501
2022-01-18 12:15:00,9.05497,9.05522,9.0472,9.04902
2022-01-18 12:30:00,9.04901,9.05364,9.04752,9.05082
2022-01-18 12:45:00,9.05084,9.05475,9.04875,9.05118
2022-01-18 13:00:00,9.05116,9.05577,9.04927,9.05571
2022-01-18 13:15:00,9.05572,9.05637,9.04995,9.05388
2022-01-18 13:30:00,9.05389,9.05788,9.0536,9.05361
2022-01-18 13:45:00,9.05369,9.06124,9.05189,9.05769
2022-01-18 14:00:00,9.0577,9.06323,9.05486,9.0573
2022-01-18 14:15:00,9.05706,9.05981,9.04899,9.04946
2022-01-18 14:30:00,9.0497,9.05575,9.04772,9.05011
2022-01-18 14:45:00,9.05012,9.06271,9.04856,9.06175
2022-01-18 15:00:00,9.06157,9.07696,9.05973,9.0757
2022-01-18 15:15:00,9.07576,9.08094,9.0741,9.07756
2022-01-18 15:30:00,9.07739,9.07743,9.06124,9.07026
2022-01-18 15:45:00,9.07027,9.07403,9.06318,9.06824
2022-01-18 16:00:00,9.0682,9.07853,9.06778,9.07271
2022-01-18 16:15:00,9.0727,9.08667,9.07174,9.08436
2022-01-18 16:30:00,9.08442,9.09445,9.08339,9.08896
2022-01-18 16:45:00,9.089,9.09473,9.08684,9.08957
2022-01-18 17:00:00,9.08953,9.10918,9.08953,9.10109
2022-01-18 17:15:00,9.10112,9.10903,9.09884,9.09985
2022-01-18 17:30:00,9.09986,9.10845,9.09842,9.10361
2022-01-18 17:45:00,9.10379,9.11412,9.10183,9.10427
2022-01-18 18:00:00,9.10423,9.11758,9.10382,9.11379
2022-01-18 18:15:00,9.11383,9.12516,9.11176,9.11784
2022-01-18 18:30:00,9.11785,9.1224,9.11769,9.12039
2022-01-18 18:45:00,9.1204,9.12139,9.11709,9.12101
2022-01-18 19:00:00,9.12106,9.13084,9.12026,9.1292
2022-01-18 19:15:00,9.12921,9.13318,9.12562,9.13092
2022-01-18 19:30:00,9.1309,9.13567,9.13064,9.13518
2022-01-18 19:45:00,9.1352,9.14156,9.13461,9.13871
2022-01-18 20:00:00,9.1387,9.14748,9.13815,9.14527
2022-01-18 20:15:00,9.14526,9.1453,9.14107,9.14123
2022-01-18 20:30:00,9.14125,9.14646,9.1362,9.13755
2022-01-18 20:45:00,9.13762,9.14201,9.13203,9.13949
2022-01-18 21:00:00,9.13948,9.14119,9.13597,9.13661
2022-01-18 21:15:00,9.13659,9.13755,9.13361,9.13636
2022-01-18 21:30:00,9.13642,9.13649,9.12775,9.1287
2022-01-18 21:45:00,9.12871,9.13509,9.1236,9.13083
2022-01-18 22:00:00,9.13075,9.13359,9.12953,9.13355
2022-01-18 22:15:00,9.13354,9.13907,9.13306,9.13826
2022-01-18 22:30:00,9.13822,9.14504,9.13778,9.14441
2022-01-18 22:45:00,9.1444,9.14796,9.13532,9.1453
2022-01-18 23:00:00,9.14543,9.14559,9.13279,9.13918
2022-01-18 23:15:00,9.13926,9.13962,9.13168,9.1338
2022-01-18 23:30:00,9.13243,9.13462,9.13176,9.13336
2022-01-18 23:45:00,9.13334,9.13335,9.12488,9.12488
2022-01-19 00:00:00,9.12428,9.12428,9.11238,9.11885
2022-01-19 00:15:00,9.11886,9.12034,9.11821,9.11842
2022-01-19 00:30:00,9.11845,9.12596,9.1178,9.12569
2022-01-19 00:45:00,9.12536,9.13238,9.12142,9.13223
2022-01-19 01:00:00,9.13224,9.13701,9.13061,9.13464
2022-01-19 01:15:00,9.13432,9.13563,9.12265,9.13422
2022-01-19 01:30:00,9.13421,9.13622,9.13418,9.13548
2022-01-19 01:45:00,9.13547,9.13549,9.13076,9.13241
2022-01-19 02:00:00,9.1324,9.14426,9.13155,9.14413
2022-01-19 02:15:00,9.14411,9.14431,9.14023,9.14292
2022-01-19 02:30:00,9.14291,9.14553,9.14194,9.14325
2022-01-19 02:45:00,9.14321,9.15348,9.1418,9.14181
2022-01-19 03:00:00,9.14177,9.14263,9.13664,9.13956
2022-01-19 03:15:00,9.13957,9.14424,9.13864,9.14413
2022-01-19 03:30:00,9.14417,9.14465,9.13867,9.13884
2022-01-19 03:45:00,9.13886,9.14249,9.13792,9.13985
2022-01-19 04:00:00,9.14008,9.14242,9.13924,9.14129
2022-01-19 04:15:00,9.14132,9.14138,9.13388,9.13559
2022-01-19 04:30:00,9.13553,9.14112,9.13293,9.13925
2022-01-19 04:45:00,9.13927,9.14534,9.13891,9.14425
2022-01-19 05:00:00,9.1443,9.14537,9.14208,9.14281
2022-01-19 05:15:00,9.14277,9.14325,9.1416,9.14272
2022-01-19 05:30:00,9.14273,9.14295,9.13897,9.13898
2022-01-19 05:45:00,9.13899,9.14013,9.13783,9.13978
2022-01-19 06:00:00,9.13979,9.14125,9.13908,9.13911
2022-01-19 06:15:00,9.13918,9.13936,9.13636,9.13694
2022-01-19 06:30:00,9.13691,9.13815,9.13546,9.13811
2022-01-19 06:45:00,9.13808,9.13975,9.13607,9.13882
2022-01-19 07:00:00,9.13881,9.14055,9.1375,9.13992
2022-01-19 07:15:00,9.13993,9.14107,9.13624,9.13829
2022-01-19 07:30:00,9.1383,9.13835,9.13584,9.13798
2022-01-19 07:45:00,9.13799,9.14239,9.13789,9.14105
2022-01-19 08:00:00,9.14109,9.14376,9.13866,9.1389
2022-01-19 08:15:00,9.13889,9.13889,9.13406,9.13437
2022-01-19 08:30:00,9.13419,9.1363,9.13317,9.13405
2022-01-19 08:45:00,9.13408,9.13524,9.13295,9.13412
2022-01-19 09:00:00,9.13416,9.14097,9.13368,9.13939
2022-01-19 09:15:00,9.13938,9.13985,9.13419,9.13588
2022-01-19 09:30:00,9.13589,9.13713,9.12932,9.13544
2022-01-19 09:45:00,9.13547,9.1471,9.13497,9.14489
2022-01-19 10:00:00,9.14487,9.14493,9.12977,9.13276
2022-01-19 10:15:00,9.13284,9.14239,9.12839,9.13891
2022-01-19 10:30:00,9.13881,9.1393,9.12532,9.12563
2022-01-19 10:45:00,9.12561,9.13655,9.12383,9.13407
2022-01-19 11:00:00,9.13416,9.13502,9.12125,9.12234
2022-01-19 11:15:00,9.12229,9.13042,9.11968,9.12956
2022-01-19 11:30:00,9.12954,9.13028,9.11893,9.12469
2022-01-19 11:45:00,9.12475,9.13346,9.12395,9.12818
2022-01-19 12:00:00,9.1282,9.13369,9.12677,9.13334
2022-01-19 12:15:00,9.13342,9.13795,9.1273,9.12739
2022-01-19 12:30:00,9.12741,9.12812,9.12045,9.12099
2022-01-19 12:45:00,9.121,9.12807,9.12056,9.12371
2022-01-19 13:00:00,9.12372,9.12619,9.11952,9.12566
2022-01-19 13:15:00,9.12563,9.12678,9.12112,9.1224
2022-01-19 13:30:00,9.12242,9.12752,9.12144,9.12511
2022-01-19 13:45:00,9.12523,9.12705,9.1139,9.11748
2022-01-19 14:00:00,9.11752,9.11957,9.11194,9.1193
2022-01-19 14:15:00,9.11933,9.12576,9.114,9.1244
2022-01-19 14:30:00,9.12438,9.12677,9.12018,9.12494
2022-01-19 14:45:00,9.12487,9.12788,9.12259,9.12431
2022-01-19 15:00:00,9.12417,9.12417,9.11272,9.11454
2022-01-19 15:15:00,9.1144,9.11568,9.10821,9.10875
2022-01-19 15:30:00,9.10876,9.11577,9.1081,9.11439
2022-01-19 15:45:00,9.11462,9.11836,9.1074,9.1127
2022-01-19 16:00:00,9.11269,9.12432,9.1109,9.12275
2022-01-19 16:15:00,9.12274,9.12321,9.10902,9.10909
2022-01-19 16:30:00,9.10912,9.11688,9.10736,9.1107
2022-01-19 16:45:00,9.11072,9.11574,9.10386,9.11385
2022-01-19 17:00:00,9.11384,9.11689,9.10757,9.1087
2022-01-19 17:15:00,9.1089,9.1164,9.10601,9.11632
2022-01-19 17:30:00,9.11587,9.12432,9.11587,9.12208
2022-01-19 17:45:00,9.12207,9.1228,9.1079,9.11079
2022-01-19 18:00:00,9.11067,9.11873,9.10795,9.1119
2022-01-19 18:15:00,9.11195,9.11195,9.09295,9.09493
2022-01-19 18:30:00,9.09492,9.10036,9.09461,9.09633
2022-01-19 18:45:00,9.09637,9.10454,9.09612,9.10424
2022-01-19 19:00:00,9.10423,9.1053,9.09806,9.09854
2022-01-19 19:15:00,9.09854,9.10052,9.0885,9.08978
2022-01-19 19:30:00,9.08979,9.10247,9.08971,9.09365
2022-01-19 19:45:00,9.09364,9.0995,9.09176,9.09556
2022-01-19 20:00:00,9.09567,9.09773,9.0946,9.09528
2022-01-19 20:15:00,9.09529,9.09529,9.0908,9.09479
2022-01-19 20:30:00,9.0948,9.09864,9.09366,9.0946
2022-01-19 20:45:00,9.09459,9.09762,9.09089,9.09737
2022-01-19 21:00:00,9.09736,9.10042,9.0939,9.09966
2022-01-19 21:15:00,9.09966,9.10195,9.09817,9.09967
2022-01-19 21:30:00,9.0997,9.10193,9.09127,9.09166
2022-01-19 21:45:00,9.09169,9.09938,9.09141,9.09508
2022-01-19 22:00:00,9.09517,9.09695,9.09343,9.09403
2022-01-19 22:15:00,9.094,9.09838,9.09301,9.09622
2022-01-19 22:30:00,9.0963,9.09924,9.09394,9.09854
2022-01-19 22:45:00,9.09855,9.11133,9.09701,9.11009
2022-01-19 23:00:00,9.1099,9.11491,9.10883,9.11433
2022-01-19 23:15:00,9.11432,9.11586,9.10846,9.11116
2022-01-19 23:30:00,9.11116,9.11247,9.10602,9.10955
2022-01-19 23:45:00,9.10956,9.10972,9.10707,9.10813
2022-01-20 00:00:00,9.10838,9.10838,9.08055,9.08163
2022-01-20 00:15:00,9.08162,9.08485,9.08155,9.08207
2022-01-20 00:30:00,9.08255,9.10117,9.08243,9.10061
2022-01-20 00:45:00,9.10034,9.10863,9.09999,9.10717
2022-01-20 01:00:00,9.10719,9.1119,9.10389,9.11001
2022-01-20 01:15:00,9.11,9.11358,9.10976,9.11344
2022-01-20 01:30:00,9.11363,9.11382,9.10965,9.10965
2022-01-20 01:45:00,9.10966,9.10976,9.10796,9.10868
2022-01-20 02:00:00,9.10866,9.10933,9.10644,9.10703
2022-01-20 02:15:00,9.10705,9.1107,9.10697,9.1074
2022-01-20 02:30:00,9.10744,9.1076,9.10231,9.10383
2022-01-20 02:45:00,9.10352,9.10473,9.10002,9.10108
2022-01-20 03:00:00,9.10117,9.10404,9.09835,9.09915
2022-01-20 03:15:00,9.09922,9.09978,9.0939,9.09579
2022-01-20 03:30:00,9.09589,9.09606,9.09104,9.09327
2022-01-20 03:45:00,9.09323,9.09507,9.09047,9.0949
2022-01-20 04:00:00,9.09492,9.09977,9.09432,9.09868
2022-01-20 04:15:00,9.09865,9.10235,9.09821,9.10204
2022-01-20 04:30:00,9.10199,9.10356,9.10112,9.10309
2022-01-20 04:45:00,9.10307,9.10427,9.09949,9.10092
2022-01-20 05:00:00,9.10094,9.10292,9.09978,9.10241
2022-01-20 05:15:00,9.10239,9.1032,9.10024,9.10126
2022-01-20 05:30:00,9.10132,9.10373,9.10132,9.10253
2022-01-20 05:45:00,9.10252,9.10337,9.09808,9.10024
2022-01-20 06:00:00,9.10028,9.102,9.0984,9.1008
2022-01-20 06:15:00,9.10076,9.10349,9.10017,9.10081
2022-01-20 06:30:00,9.10097,9.1014,9.09959,9.10119
2022-01-20 06:45:00,9.10118,9.10118,9.09929,9.09942
2022-01-20 07:00:00,9.09948,9.10691,9.09795,9.10613
2022-01-20 07:15:00,9.10648,9.10806,9.10279,9.10334
2022-01-20 07:30:00,9.10332,9.10653,9.10255,9.10439
2022-01-20 07:45:00,9.1044,9.1044,9.09709,9.09943
2022-01-20 08:00:00,9.09942,9.10106,9.09862,9.10028
2022-01-20 08:15:00,9.10031,9.10086,9.09829,9.10083
2022-01-20 08:30:00,9.10084,9.10114,9.09936,9.09962
2022-01-20 08:45:00,9.09964,9.10072,9.09571,9.09574
2022-01-20 09:00:00,9.09572,9.10124,9.09361,9.09863
2022-01-20 09:15:00,9.09864,9.10068,9.0945,9.09467
2022-01-20 09:30:00,9.09456,9.09603,9.08662,9.08731
2022-01-20 09:45:00,9.08732,9.09287,9.08549,9.09257
2022-01-20 10:00:00,9.09287,9.0974,9.08747,9.09615
2022-01-20 10:15:00,9.09619,9.10984,9.09582,9.10771
2022-01-20 10:30:00,9.10768,9.11316,9.10243,9.10973
2022-01-20 10:45:00,9.10974,9.12172,9.10968,9.11049
2022-01-20 11:00:00,9.11051,9.12211,9.10874,9.11814
2022-01-20 11:15:00,9.11815,9.12313,9.1085,9.11422
2022-01-20 11:30:00,9.11424,9.11493,9.10705,9.11265
2022-01-20 11:45:00,9.11262,9.11435,9.1075,9.10847
2022-01-20 12:00:00,9.10845,9.11048,9.106,9.11034
2022-01-20 12:15:00,9.11035,9.1214,9.10766,9.11958
2022-01-20 12:30:00,9.11981,9.12067,9.11388,9.1147
2022-01-20 12:45:00,9.11467,9.11839,9.11157,9.11814
2022-01-20 13:00:00,9.11823,9.13097,9.11709,9.12969
2022-01-20 13:15:00,9.1297,9.1362,9.12813,9.12813
2022-01-20 13:30:00,9.12811,9.13457,9.12707,9.13201
2022-01-20 13:45:00,9.13207,9.13425,9.12807,9.13168
2022-01-20 14:00:00,9.13176,9.13619,9.13153,9.13412
2022-01-20 14:15:00,9.1341,9.14211,9.1333,9.13688
2022-01-20 14:30:00,9.13674,9.14144,9.1329,9.13983
2022-01-20 14:45:00,9.13982,9.14043,9.13712,9.13994
2022-01-20 15:00:00,9.1399,9.14722,9.13894,9.14557
2022-01-20 15:15:00,9.14558,9.14645,9.13664,9.1386
2022-01-20 15:30:00,9.13905,9.14004,9.12062,9.12105
2022-01-20 15:45:00,9.12109,9.12235,9.11395,9.11905
2022-01-20 16:00:00,9.11906,9.12639,9.11622,9.12639
2022-01-20 16:15:00,9.12631,9.12912,9.1218,9.1273
2022-01-20 16:30:00,9.12728,9.128,9.12272,9.12596
2022-01-20 16:45:00,9.12597,9.13251,9.11391,9.11582
2022-01-20 17:00:00,9.1158,9.12107,9.10793,9.11822
2022-01-20 17:15:00,9.11823,9.13162,9.11723,9.1256
2022-01-20 17:30:00,9.12557,9.12629,9.11132,9.1158
2022-01-20 17:45:00,9.11579,9.1161,9.10423,9.10645
2022-01-20 18:00:00,9.10632,9.10954,9.10177,9.10696
2022-01-20 18:15:00,9.10697,9.11904,9.10592,9.11541
2022-01-20 18:30:00,9.11528,9.12457,9.113,9.12451
2022-01-20 18:45:00,9.12453,9.12538,9.11627,9.11962
2022-01-20 19:00:00,9.11961,9.12308,9.11746,9.12254
2022-01-20 19:15:00,9.12253,9.13273,9.12195,9.13126
2022-01-20 19:30:00,9.13125,9.13701,9.12991,9.13567
2022-01-20 19:45:00,9.13568,9.14503,9.1344,9.14302
2022-01-20 20:00:00,9.14301,9.14955,9.14232,9.14784
2022-01-20 20:15:00,9.14785,9.15496,9.14646,9.15458
2022-01-20 20:30:00,9.15458,9.1718,9.15446,9.17076
2022-01-20 20:45:00,9.17075,9.17153,9.15903,9.16244
2022-01-20 21:00:00,9.16239,9.1684,9.16225,9.16656
2022-01-20 21:15:00,9.16655,9.17338,9.16627,9.17073
2022-01-20 21:30:00,9.17068,9.17513,9.17068,9.17477
2022-01-20 21:45:00,9.17484,9.18106,9.17443,9.17801
2022-01-20 22:00:00,9.17795,9.18412,9.17554,9.1831
2022-01-20 22:15:00,9.18311,9.19135,9.1827,9.19033
2022-01-20 22:30:00,9.19037,9.22233,9.19037,9.22224
2022-01-20 22:45:00,9.22225,9.23376,9.21873,9.22028
2022-01-20 23:00:00,9.22017,9.23004,9.21714,9.22975
2022-01-20 23:15:00,9.22972,9.22992,9.22414,9.22531
2022-01-20 23:30:00,9.22476,9.22938,9.22382,9.22909
2022-01-20 23:45:00,9.22907,9.23134,9.21914,9.21934
2022-01-21 00:00:00,9.21978,9.2223,9.2084,9.21981
2022-01-21 00:15:00,9.21982,9.22017,9.21645,9.21645
2022-01-21 00:30:00,9.21646,9.21874,9.21599,9.21747
2022-01-21 00:45:00,9.21733,9.21744,9.21578,9.217
2022-01-21 01:00:00,9.21686,9.22229,9.21683,9.21954
2022-01-21 01:15:00,9.21952,9.22333,9.21923,9.22036
2022-01-21 01:30:00,9.22037,9.22916,9.22037,9.22158
2022-01-21 01:45:00,9.22161,9.22248,9.22035,9.22053
2022-01-21 02:00:00,9.22041,9.22041,9.21561,9.21585
2022-01-21 02:15:00,9.21586,9.22304,9.21554,9.22291
2022-01-21 02:30:00,9.22305,9.22586,9.22204,9.22567
2022-01-21 02:45:00,9.2256,9.23273,9.22487,9.22754
2022-01-21 03:00:00,9.22751,9.24021,9.22691,9.23225
2022-01-21 03:15:00,9.23227,9.23262,9.22922,9.22996
2022-01-21 03:30:00,9.23003,9.23022,9.22634,9.22772
2022-01-21 03:45:00,9.22781,9.22858,9.22228,9.22229
2022-01-21 04:00:00,9.22234,9.22541,9.22168,9.22202
2022-01-21 04:15:00,9.22203,9.22861,9.22203,9.22385
2022-01-21 04:30:00,9.22386,9.2247,9.21999,9.22052
2022-01-21 04:45:00,9.22067,9.2225,9.21146,9.21174
2022-01-21 05:00:00,9.21175,9.21814,9.21175,9.21726
2022-01-21 05:15:00,9.21713,9.21713,9.21332,9.21509
2022-01-21 05:30:00,9.21507,9.21674,9.21433,9.21674
2022-01-21 05:45:00,9.21662,9.21854,9.2165,9.2176
2022-01-21 06:00:00,9.21762,9.21853,9.21666,9.21771
2022-01-21 06:15:00,9.21773,9.2183,9.21696,9.21799
2022-01-21 06:30:00,9.21795,9.21966,9.21784,9.2182
2022-01-21 06:45:00,9.2182,9.21999,9.21777,9.21873
2022-01-21 07:00:00,9.21853,9.22177,9.21846,9.22121
2022-01-21 07:15:00,9.22127,9.22165,9.21909,9.22017
2022-01-21 07:30:00,9.22019,9.22042,9.21737,9.21745
2022-01-21 07:45:00,9.21749,9.21982,9.21704,9.21718
2022-01-21 08:00:00,9.21726,9.21883,9.20934,9.21187
2022-01-21 08:15:00,9.21191,9.21222,9.20592,9.20593
2022-01-21 08:30:00,9.20594,9.20619,9.20198,9.20227
2022-01-21 08:45:00,9.20228,9.20277,9.19977,9.20055
2022-01-21 09:00:00,9.20155,9.20948,9.19433,9.19521
2022-01-21 09:15:00,9.19521,9.19749,9.1803,9.18161
2022-01-21 09:30:00,9.1816,9.18594,9.17889,9.1827
2022-01-21 09:45:00,9.18271,9.19551,9.18148,9.19141
2022-01-21 10:00:00,9.19177,9.19201,9.18161,9.1889
2022-01-21 10:15:00,9.18891,9.19393,9.17811,9.17844
2022-01-21 10:30:00,9.17856,9.17951,9.17114,9.174
2022-01-21 10:45:00,9.17402,9.17408,9.16781,9.1731
2022-01-21 11:00:00,9.17312,9.17932,9.16215,9.16378
2022-01-21 11:15:00,9.16377,9.1671,9.16195,9.16429
2022-01-21 11:30:00,9.16436,9.16438,9.15089,9.16323
2022-01-21 11:45:00,9.16294,9.16424,9.15479,9.16424
2022-01-21 12:00:00,9.16425,9.17381,9.1633,9.16913
2022-01-21 12:15:00,9.16916,9.18295,9.16706,9.18291
2022-01-21 12:30:00,9.18292,9.18696,9.17403,9.17433
2022-01-21 12:45:00,9.17449,9.17731,9.17351,9.17384
2022-01-21 13:00:00,9.17388,9.18714,9.17358,9.18625
2022-01-21 13:15:00,9.18628,9.19545,9.18544,9.18831
2022-01-21 13:30:00,9.18826,9.19337,9.18556,9.19249
2022-01-21 13:45:00,9.19246,9.19864,9.1901,9.19348
2022-01-21 14:00:00,9.19353,9.20407,9.19293,9.19735
2022-01-21 14:15:00,9.19737,9.19784,9.18925,9.19174
2022-01-21 14:30:00,9.19176,9.19404,9.18842,9.18928
2022-01-21 14:45:00,9.1891,9.18935,9.18146,9.1874
2022-01-21 15:00:00,9.18739,9.18831,9.17401,9.17459
2022-01-21 15:15:00,9.1746,9.17973,9.17057,9.17117
2022-01-21 15:30:00,9.17122,9.17267,9.16469,9.16799
2022-01-21 15:45:00,9.16796,9.17459,9.16316,9.17129
2022-01-21 16:00:00,9.1713,9.18708,9.17083,9.18076
2022-01-21 16:15:00,9.18077,9.1816,9.16526,9.16609
2022-01-21 16:30:00,9.16603,9.19045,9.1653,9.18612
2022-01-21 16:45:00,9.18632,9.19187,9.1815,9.18248
2022-01-21 17:00:00,9.18245,9.18777,9.17668,9.18547
2022-01-21 17:15:00,9.18548,9.19159,9.18153,9.18338
2022-01-21 17:30:00,9.18351,9.18705,9.17374,9.17393
2022-01-21 17:45:00,9.17396,9.17946,9.168,9.17615
2022-01-21 18:00:00,9.17594,9.17898,9.17192,9.17725
2022-01-21 18:15:00,9.17723,9.18191,9.17215,9.17666
2022-01-21 18:30:00,9.17666,9.1929,9.17478,9.19062
2022-01-21 18:45:00,9.19036,9.1935,9.188,9.18836
2022-01-21 19:00:00,9.18865,9.19129,9.18365,9.18432
2022-01-21 19:15:00,9.18435,9.1933,9.18435,9.18948
2022-01-21 19:30:00,9.18942,9.19139,9.18816,9.18976
2022-01-21 19:45:00,9.18977,9.19146,9.18949,9.18949
2022-01-21 20:00:00,9.18926,9.19313,9.18861,9.18975
2022-01-21 20:15:00,9.18973,9.18978,9.18126,9.187
2022-01-21 20:30:00,9.18701,9.18706,9.17895,9.181
2022-01-21 20:45:00,9.18098,9.18886,9.17982,9.18779
2022-01-21 21:00:00,9.18781,9.19041,9.1865,9.18739
2022-01-21 21:15:00,9.18739,9.19305,9.18652,9.1928
2022-01-21 21:30:00,9.19274,9.19326,9.19053,9.19125
2022-01-21 21:45:00,9.19126,9.19615,9.1909,9.19572
2022-01-21 22:00:00,9.19571,9.20234,9.19571,9.20058
2022-01-21 22:15:00,9.20058,9.20216,9.19827,9.1983
2022-01-21 22:30:00,9.19835,9.20053,9.19243,9.19389
2022-01-21 22:45:00,9.1939,9.19868,9.19259,9.19691
2022-01-21 23:00:00,9.19697,9.19813,9.19298,9.19545
2022-01-21 23:15:00,9.19537,9.19709,9.19267,9.1943
2022-01-21 23:30:00,9.19426,9.19962,9.19095,9.19688
2022-01-21 23:45:00,9.19698,9.19765,9.18049,9.18125
2022-01-24 00:00:00,9.15905,9.16657,9.15905,9.16419
2022-01-24 00:15:00,9.1642,9.17841,9.1642,9.17829
2022-01-24 00:30:00,9.17831,9.18078,9.17825,9.1801
2022-01-24 00:45:00,9.18009,9.18266,9.17893,9.18087
2022-01-24 01:00:00,9.18088,9.19572,9.17985,9.19518
2022-01-24 01:15:00,9.19534,9.19646,9.17944,9.19264
2022-01-24 01:30:00,9.19261,9.19484,9.1781,9.18503
2022-01-24 01:45:00,9.18502,9.19166,9.18401,9.19024
2022-01-24 02:00:00,9.19027,9.196,9.18946,9.19517
2022-01-24 02:15:00,9.19542,9.20198,9.19335,9.19573
2022-01-24 02:30:00,9.19574,9.19728,9.19533,9.19663
2022-01-24 02:45:00,9.19662,9.19696,9.19016,9.1913
2022-01-24 03:00:00,9.19131,9.19434,9.19029,9.19397
2022-01-24 03:15:00,9.19395,9.19779,9.19395,9.19447
2022-01-24 03:30:00,9.19448,9.1954,9.19202,9.1949
2022-01-24 03:45:00,9.19493,9.19582,9.19259,9.19286
2022-01-24 04:00:00,9.19281,9.20074,9.19218,9.19512
2022-01-24 04:15:00,9.19515,9.19613,9.19374,9.19553
2022-01-24 04:30:00,9.19558,9.19637,9.19486,9.19544
2022-01-24 04:45:00,9.19546,9.19809,9.19493,9.19756
2022-01-24 05:00:00,9.19755,9.19829,9.19636,9.19723
2022-01-24 05:15:00,9.19733,9.19935,9.19698,9.19933
2022-01-24 05:30:00,9.19936,9.20175,9.19905,9.20077
2022-01-24 05:45:00,9.20101,9.20135,9.19969,9.20011
2022-01-24 06:00:00,9.20016,9.20073,9.19934,9.19973
2022-01-24 06:15:00,9.19979,9.20267,9.19957,9.2016
2022-01-24 06:30:00,9.20169,9.20221,9.19991,9.20039
2022-01-24 06:45:00,9.20038,9.20351,9.19262,9.19341
2022-01-24 07:00:00,9.19343,9.19952,9.19092,9.197
2022-01-24 07:15:00,9.19701,9.19952,9.1913,9.19889
2022-01-24 07:30:00,9.19888,9.2005,9.19721,9.19977
2022-01-24 07:45:00,9.19974,9.20664,9.19881,9.20609
2022-01-24 08:00:00,9.20584,9.20705,9.20244,9.20647
2022-01-24 08:15:00,9.20648,9.20779,9.20489,9.20722
2022-01-24 08:30:00,9.2074,9.20778,9.20298,9.20511
2022-01-24 08:45:00,9.20499,9.20577,9.20223,9.20246
2022-01-24 09:00:00,9.20301,9.2075,9.20301,9.20614
2022-01-24 09:15:00,9.20613,9.20703,9.19489,9.19489
2022-01-24 09:30:00,9.19488,9.20059,9.18746,9.20015
2022-01-24 09:45:00,9.20016,9.20892,9.2001,9.20462
2022-01-24 10:00:00,9.20455,9.20623,9.19859,9.20566
2022-01-24 10:15:00,9.20543,9.21408,9.20125,9.20288
2022-01-24 10:30:00,9.20267,9.20714,9.19211,9.20714
2022-01-24 10:45:00,9.2072,9.21478,9.2067,9.20853
2022-01-24 11:00:00,9.20737,9.20827,9.19532,9.19675
2022-01-24 11:15:00,9.19672,9.20297,9.19042,9.19236
2022-01-24 11:30:00,9.19241,9.20988,9.19156,9.20947
2022-01-24 11:45:00,9.20945,9.21644,9.20071,9.20399
2022-01-24 12:00:00,9.20396,9.22078,9.20127,9.22018
2022-01-24 12:15:00,9.22017,9.22528,9.21842,9.22322
2022-01-24 12:30:00,9.22324,9.23811,9.22324,9.23748
2022-01-24 12:45:00,9.2375,9.24656,9.23458,9.24443
2022-01-24 13:00:00,9.24444,9.24919,9.24289,9.24397
2022-01-24 13:15:00,9.24398,9.25905,9.24398,9.25816
2022-01-24 13:30:00,9.25814,9.26178,9.25741,9.25777
2022-01-24 13:45:00,9.25781,9.26726,9.25702,9.26511
2022-01-24 14:00:00,9.2651,9.27039,9.26406,9.26605
2022-01-24 14:15:00,9.2661,9.27099,9.26367,9.26892
2022-01-24 14:30:00,9.2689,9.27521,9.2662,9.27199
2022-01-24 14:45:00,9.27209,9.28622,9.272,9.28452
2022-01-24 15:00:00,9.28452,9.29291,9.28374,9.29071
2022-01-24 15:15:00,9.29075,9.30295,9.28909,9.30208
2022-01-24 15:30:00,9.30205,9.30949,9.30044,9.30949
2022-01-24 15:45:00,9.30966,9.31419,9.2964,9.30886
2022-01-24 16:00:00,9.30887,9.31574,9.30763,9.31336
2022-01-24 16:15:00,9.31335,9.31577,9.3078,9.31192
2022-01-24 16:30:00,9.31209,9.32204,9.30437,9.30887
2022-01-24 16:45:00,9.30858,9.32893,9.30644,9.318
2022-01-24 17:00:00,9.31824,9.32547,9.30533,9.30683
2022-01-24 17:15:00,9.3066,9.31341,9.28685,9.28835
2022-01-24 17:30:00,9.28832,9.2886,9.26189,9.27219
2022-01-24 17:45:00,9.2722,9.28855,9.27165,9.28662
2022-01-24 18:00:00,9.28625,9.2952,9.28614,9.29318
2022-01-24 18:15:00,9.29321,9.30205,9.29262,9.30063
2022-01-24 18:30:00,9.30081,9.32395,9.2994,9.3239
2022-01-24 18:45:00,9.32393,9.33457,9.3221,9.33123
2022-01-24 19:00:00,9.33127,9.33619,9.32578,9.32841
2022-01-24 19:15:00,9.32839,9.32899,9.32196,9.3224
2022-01-24 19:30:00,9.32241,9.32333,9.3094,9.31052
2022-01-24 19:45:00,9.31053,9.31079,9.29818,9.30125
2022-01-24 20:00:00,9.30126,9.30242,9.28818,9.28893
2022-01-24 20:15:00,9.28889,9.29466,9.28789,9.29308
2022-01-24 20:30:00,9.29302,9.294,9.28552,9.28939
2022-01-24 20:45:00,9.2894,9.2932,9.27488,9.28521
2022-01-24 21:00:00,9.28524,9.28572,9.27302,9.28199
2022-01-24 21:15:00,9.28198,9.28386,9.27517,9.28074
2022-01-24 21:30:00,9.28073,9.286,9.27723,9.28151
2022-01-24 21:45:00,9.28152,9.29117,9.28132,9.28294
2022-01-24 22:00:00,9.28296,9.28388,9.27591,9.27818
2022-01-24 22:15:00,9.27818,9.27875,9.27284,9.27731
2022-01-24 22:30:00,9.27728,9.27908,9.26258,9.26555
2022-01-24 22:45:00,9.26556,9.27125,9.2643,9.27038
2022-01-24 23:00:00,9.27076,9.27492,9.26336,9.26339
2022-01-24 23:15:00,9.26331,9.26331,9.25875,9.26256
2022-01-24 23:30:00,9.26251,9.26251,9.25855,9.25979
2022-01-24 23:45:00,9.25979,9.26005,9.25102,9.25252
2022-01-25 00:00:00,9.25305,9.25305,9.22684,9.24235
2022-01-25 00:15:00,9.24293,9.24891,9.24001,9.24092
2022-01-25 00:30:00,9.24102,9.25847,9.24102,9.2575
2022-01-25 00:45:00,9.25729,9.25816,9.25054,9.25514
2022-01-25 01:00:00,9.25513,9.26022,9.25094,9.26005
2022-01-25 01:15:00,9.26015,9.26208,9.25572,9.25944
2022-01-25 01:30:00,9.25943,9.26268,9.25834,9.25954
2022-01-25 01:45:00,9.25953,9.26027,9.25709,9.2583
2022-01-25 02:00:00,9.25835,9.2636,9.25271,9.26356
2022-01-25 02:15:00,9.26355,9.26358,9.25951,9.26211
2022-01-25 02:30:00,9.26185,9.26227,9.25821,9.25879
2022-01-25 02:45:00,9.25887,9.2663,9.25836,9.26624
2022-01-25 03:00:00,9.26621,9.26724,9.26311,9.26335
2022-01-25 03:15:00,9.26341,9.26663,9.26335,9.26428
2022-01-25 03:30:00,9.26429,9.26752,9.26389,9.26752
2022-01-25 03:45:00,9.26753,9.2709,9.26739,9.27043
2022-01-25 04:00:00,9.27055,9.27135,9.26841,9.2692
2022-01-25 04:15:00,9.26932,9.27319,9.26867,9.27314
2022-01-25 04:30:00,9.2729,9.27696,9.27246,9.27689
2022-01-25 04:45:00,9.27683,9.2772,9.27144,9.27403
2022-01-25 05:00:00,9.2741,9.28261,9.27303,9.28164
2022-01-25 05:15:00,9.28163,9.28197,9.27767,9.27852
2022-01-25 05:30:00,9.27847,9.2802,9.27743,9.27877
2022-01-25 05:45:00,9.27901,9.28012,9.27659,9.27909
2022-01-25 06:00:00,9.2791,9.28293,9.2778,9.27939
2022-01-25 06:15:00,9.27943,9.2796,9.27411,9.27468
2022-01-25 06:30:00,9.27469,9.28232,9.27405,9.28041
2022-01-25 06:45:00,9.28029,9.28088,9.27894,9.27931
2022-01-25 07:00:00,9.27932,9.28088,9.27615,9.27732
2022-01-25 07:15:00,9.27734,9.27877,9.27595,9.27807
2022-01-25 07:30:00,9.27788,9.28214,9.27712,9.2818
2022-01-25 07:45:00,9.28174,9.28479,9.28074,9.28216
2022-01-25 08:00:00,9.28227,9.28766,9.28147,9.28581
2022-01-25 08:15:00,9.2858,9.28997,9.284,9.28997
2022-01-25 08:30:00,9.2899,9.29479,9.28903,9.29306
2022-01-25 08:45:00,9.293,9.29447,9.28452,9.28623
2022-01-25 09:00:00,9.28522,9.2872,9.27937,9.2824
2022-01-25 09:15:00,9.28236,9.28526,9.27901,9.28044
2022-01-25 09:30:00,9.28046,9.28046,9.26873,9.26909
2022-01-25 09:45:00,9.26897,9.27368,9.2559,9.25749
2022-01-25 10:00:00,9.25756,9.27628,9.24906,9.26244
2022-01-25 10:15:00,9.26246,9.28395,9.26197,9.27596
2022-01-25 10:30:00,9.27602,9.27959,9.26049,9.2644
2022-01-25 10:45:00,9.26465,9.26885,9.25957,9.26756
2022-01-25 11:00:00,9.26738,9.27272,9.26521,9.27264
2022-01-25 11:15:00,9.27265,9.27301,9.2639,9.26805
2022-01-25 11:30:00,9.26803,9.27986,9.2657,9.27979
2022-01-25 11:45:00,9.2798,9.28801,9.2743,9.27884
2022-01-25 12:00:00,9.2789,9.28435,9.27788,9.27951
2022-01-25 12:15:00,9.27962,9.28928,9.27833,9.28783
2022-01-25 12:30:00,9.28804,9.3012,9.28794,9.29833
2022-01-25 12:45:00,9.29834,9.30307,9.29479,9.30247
2022-01-25 13:00:00,9.30247,9.30273,9.29552,9.29558
2022-01-25 13:15:00,9.29559,9.30824,9.29497,9.3054
2022-01-25 13:30:00,9.30548,9.3105,9.30052,9.30844
2022-01-25 13:45:00,9.30849,9.31921,9.30849,9.31191
2022-01-25 14:00:00,9.31192,9.3192,9.31158,9.31496
2022-01-25 14:15:00,9.31497,9.31621,9.30806,9.31303
2022-01-25 14:30:00,9.31305,9.31496,9.30975,9.31054
2022-01-25 14:45:00,9.31055,9.3152,9.30792,9.31123
2022-01-25 15:00:00,9.31128,9.31926,9.30605,9.319
2022-01-25 15:15:00,9.31899,9.31899,9.30605,9.3063
2022-01-25 15:30:00,9.30631,9.3076,9.30478,9.3072
2022-01-25 15:45:00,9.30712,9.3109,9.29716,9.29908
2022-01-25 16:00:00,9.29912,9.30996,9.29903,9.30089
2022-01-25 16:15:00,9.30088,9.30486,9.30071,9.30387
2022-01-25 16:30:00,9.30385,9.31014,9.29485,9.30075
2022-01-25 16:45:00,9.3006,9.30617,9.29808,9.30261
2022-01-25 17:00:00,9.3037,9.31528,9.30278,9.30584
2022-01-25 17:15:00,9.30579,9.30608,9.28906,9.29011
2022-01-25 17:30:00,9.29019,9.29601,9.28316,9.29289
2022-01-25 17:45:00,9.29288,9.29288,9.28003,9.28787
2022-01-25 18:00:00,9.28797,9.3006,9.28253,9.29762
2022-01-25 18:15:00,9.29757,9.29762,9.28388,9.28492
2022-01-25 18:30:00,9.28483,9.2888,9.28151,9.28401
2022-01-25 18:45:00,9.28403,9.28935,9.28279,9.28827
2022-01-25 19:00:00,9.28826,9.29115,9.27791,9.27954
2022-01-25 19:15:00,9.27937,9.2837,9.27425,9.27818
2022-01-25 19:30:00,9.27822,9.28227,9.27806,9.27806
2022-01-25 19:45:00,9.27806,9.28113,9.26972,9.26972
2022-01-25 20:00:00,9.26974,9.27066,9.26374,9.26435
2022-01-25 20:15:00,9.26435,9.26514,9.24848,9.25184
2022-01-25 20:30:00,9.25179,9.2583,9.24702,9.25395
2022-01-25 20:45:00,9.25398,9.25417,9.24779,9.24955
2022-01-25 21:00:00,9.24953,9.25361,9.24701,9.24761
2022-01-25 21:15:00,9.24762,9.25114,9.24761,9.25086
2022-01-25 21:30:00,9.2508,9.2508,9.24707,9.24725
2022-01-25 21:45:00,9.24722,9.24781,9.24321,9.24332
2022-01-25 22:00:00,9.24335,9.25531,9.24287,9.25291
2022-01-25 22:15:00,9.2529,9.25898,9.25007,9.25844
2022-01-25 22:30:00,9.25845,9.26209,9.25273,9.25507
2022-01-25 22:45:00,9.25508,9.26675,9.24802,9.251
2022-01-25 23:00:00,9.25099,9.25658,9.24817,9.25656
2022-01-25 23:15:00,9.25658,9.26051,9.25137,9.25427
2022-01-25 23:30:00,9.25424,9.26074,9.25206,9.25735
2022-01-25 23:45:00,9.25719,9.25753,9.24758,9.24758
2022-01-26 00:00:00,9.24643,9.26094,9.24519,9.24851
2022-01-26 00:15:00,9.24803,9.24892,9.24249,9.24554
2022-01-26 00:30:00,9.24603,9.25211,9.24479,9.25211
2022-01-26 00:45:00,9.25184,9.25441,9.24915,9.2531
2022-01-26 01:00:00,9.25311,9.25662,9.25165,9.25578
2022-01-26 01:15:00,9.25573,9.25708,9.25472,9.25592
2022-01-26 01:30:00,9.25594,9.25596,9.25092,9.25114
2022-01-26 01:45:00,9.25117,9.25723,9.24969,9.25604
2022-01-26 02:00:00,9.256,9.26728,9.25504,9.26379
2022-01-26 02:15:00,9.26378,9.26608,9.25399,9.25664
2022-01-26 02:30:00,9.25669,9.25705,9.25443,9.25624
2022-01-26 02:45:00,9.25622,9.25826,9.25543,9.2576
2022-01-26 03:00:00,9.25764,9.2581,9.25654,9.25735
2022-01-26 03:15:00,9.2575,9.2581,9.25454,9.25465
2022-01-26 03:30:00,9.25461,9.25774,9.25461,9.25668
2022-01-26 03:45:00,9.25663,9.25686,9.25449,9.25482
2022-01-26 04:00:00,9.25484,9.25519,9.25347,9.2538
2022-01-26 04:15:00,9.25381,9.25481,9.25007,9.25235
2022-01-26 04:30:00,9.25236,9.25296,9.24866,9.24867
2022-01-26 04:45:00,9.24868,9.25313,9.24834,9.25257
2022-01-26 05:00:00,9.25261,9.25307,9.25061,9.25188
2022-01-26 05:15:00,9.25191,9.25537,9.25103,9.25537
2022-01-26 05:30:00,9.25542,9.25787,9.25534,9.25771
2022-01-26 05:45:00,9.2577,9.25818,9.25582,9.256
2022-01-26 06:00:00,9.25592,9.25886,9.25406,9.25459
2022-01-26 06:15:00,9.25451,9.25528,9.25413,9.25445
2022-01-26 06:30:00,9.25449,9.25737,9.25438,9.25729
2022-01-26 06:45:00,9.25728,9.25848,9.25633,9.25786
2022-01-26 07:00:00,9.25788,9.25881,9.25638,9.25733
2022-01-26 07:15:00,9.2573,9.25782,9.25523,9.25528
2022-01-26 07:30:00,9.25527,9.25618,9.25443,9.25501
2022-01-26 07:45:00,9.25494,9.25853,9.25341,9.25658
2022-01-26 08:00:00,9.25657,9.25864,9.25309,9.25315
2022-01-26 08:15:00,9.25301,9.25588,9.25227,9.25485
2022-01-26 08:30:00,9.2548,9.25808,9.25473,9.25604
2022-01-26 08:45:00,9.25606,9.26132,9.25497,9.26056
2022-01-26 09:00:00,9.26166,9.26449,9.26166,9.26219
2022-01-26 09:15:00,9.2622,9.26453,9.26211,9.26374
2022-01-26 09:30:00,9.26377,9.26663,9.25844,9.25991
2022-01-26 09:45:00,9.25994,9.26446,9.25794,9.26221
2022-01-26 10:00:00,9.26224,9.26327,9.2574,9.25807
2022-01-26 10:15:00,9.25806,9.26037,9.25408,9.25755
2022-01-26 10:30:00,9.25754,9.26094,9.25325,9.26054
2022-01-26 10:45:00,9.26053,9.27978,9.25844,9.27423
2022-01-26 11:00:00,9.27432,9.28033,9.2698,9.2738
2022-01-26 11:15:00,9.27385,9.27656,9.25724,9.26189
2022-01-26 11:30:00,9.26169,9.26613,9.25683,9.25942
2022-01-26 11:45:00,9.25945,9.26003,9.24653,9.24958
2022-01-26 12:00:00,9.24959,9.25275,9.24673,9.24757
2022-01-26 12:15:00,9.2476,9.25132,9.24589,9.24846
2022-01-26 12:30:00,9.2484,9.25164,9.24347,9.24347
2022-01-26 12:45:00,9.24346,9.25063,9.24212,9.24899
2022-01-26 13:00:00,9.24897,9.25864,9.24807,9.25515
2022-01-26 13:15:00,9.25516,9.25752,9.25219,9.25689
2022-01-26 13:30:00,9.25687,9.2622,9.25413,9.25615
2022-01-26 13:45:00,9.25613,9.26013,9.25406,9.255
2022-01-26 14:00:00,9.25469,9.25886,9.25439,9.25661
2022-01-26 14:15:00,9.25663,9.25971,9.25639,9.25658
2022-01-26 14:30:00,9.25659,9.25885,9.25361,9.25383
2022-01-26 14:45:00,9.2537,9.2594,9.25082,9.25909
2022-01-26 15:00:00,9.25908,9.26534,9.25633,9.26533
2022-01-26 15:15:00,9.26531,9.26996,9.26264,9.2657
2022-01-26 15:30:00,9.26572,9.27126,9.2613,9.2618
2022-01-26 15:45:00,9.26182,9.2664,9.25868,9.26499
2022-01-26 16:00:00,9.26441,9.26456,9.24854,9.24935
2022-01-26 16:15:00,9.24933,9.25713,9.24203,9.24454
2022-01-26 16:30:00,9.245,9.26906,9.24317,9.26754
2022-01-26 16:45:00,9.2675,9.26908,9.25375,9.25935
2022-01-26 17:00:00,9.25945,9.26176,9.25475,9.25942
2022-01-26 17:15:00,9.25948,9.26638,9.25927,9.26099
2022-01-26 17:30:00,9.26091,9.27521,9.25907,9.2723
2022-01-26 17:45:00,9.27233,9.27269,9.26318,9.27018
2022-01-26 18:00:00,9.2702,9.27039,9.25979,9.26242
2022-01-26 18:15:00,9.26246,9.2669,9.26177,9.26595
2022-01-26 18:30:00,9.26596,9.26813,9.25794,9.25956
2022-01-26 18:45:00,9.25949,9.26357,9.2588,9.26176
2022-01-26 19:00:00,9.26174,9.26174,9.2545,9.25465
2022-01-26 19:15:00,9.25462,9.25896,9.25454,9.25589
2022-01-26 19:30:00,9.2559,9.2599,9.25524,9.25545
2022-01-26 19:45:00,9.25544,9.25587,9.24751,9.24899
2022-01-26 20:00:00,9.24898,9.25286,9.24608,9.24682
2022-01-26 20:15:00,9.24684,9.24894,9.24564,9.24888
2022-01-26 20:30:00,9.24887,9.2498,9.24721,9.24855
2022-01-26 20:45:00,9.24856,9.25622,9.24594,9.25188
2022-01-26 21:00:00,9.25314,9.25726,9.23249,9.23995
2022-01-26 21:15:00,9.23994,9.25323,9.23854,9.24998
2022-01-26 21:30:00,9.25021,9.28958,9.24993,9.28945
2022-01-26 21:45:00,9.28935,9.31706,9.28902,9.30851
2022-01-26 22:00:00,9.30832,9.34007,9.30272,9.33135
2022-01-26 22:15:00,9.33137,9.3437,9.32139,9.32834
2022-01-26 22:30:00,9.3283,9.33767,9.30963,9.32507
2022-01-26 22:45:00,9.3251,9.33528,9.30454,9.30721
2022-01-26 23:00:00,9.307,9.31096,9.30003,9.31058
2022-01-26 23:15:00,9.31061,9.31624,9.30941,9.31053
2022-01-26 23:30:00,9.31036,9.31123,9.308,9.30815
2022-01-26 23:45:00,9.3081,9.30901,9.30029,9.30548
2022-01-27 00:00:00,9.30139,9.30916,9.27035,9.30434
2022-01-27 00:15:00,9.30433,9.30598,9.30045,9.30203
2022-01-27 00:30:00,9.30162,9.30176,9.2955,9.29551
2022-01-27 00:45:00,9.29688,9.29926,9.29616,9.29828
2022-01-27 01:00:00,9.29827,9.30364,9.29772,9.30355
2022-01-27 01:15:00,9.30349,9.3061,9.30238,9.30488
2022-01-27 01:30:00,9.30489,9.30527,9.30147,9.30315
2022-01-27 01:45:00,9.30314,9.30507,9.30278,9.30341
2022-01-27 02:00:00,9.30344,9.30686,9.3013,9.30521
2022-01-27 02:15:00,9.3052,9.30738,9.30448,9.30726
2022-01-27 02:30:00,9.30722,9.30945,9.30712,9.30867
2022-01-27 02:45:00,9.30863,9.30942,9.30654,9.30765
2022-01-27 03:00:00,9.30767,9.31311,9.30734,9.3119
2022-01-27 03:15:00,9.312,9.31694,9.31159,9.31312
2022-01-27 03:30:00,9.31304,9.31511,9.31268,9.31426
2022-01-27 03:45:00,9.31427,9.31488,9.31141,9.31414
2022-01-27 04:00:00,9.31404,9.3253,9.31385,9.32186
2022-01-27 04:15:00,9.32187,9.32749,9.32015,9.32233
2022-01-27 04:30:00,9.32232,9.32782,9.32026,9.32479
2022-01-27 04:45:00,9.32477,9.33183,9.32322,9.33041
2022-01-27 05:00:00,9.33043,9.33063,9.32858,9.32893
2022-01-27 05:15:00,9.32892,9.32995,9.3284,9.32859
2022-01-27 05:30:00,9.32858,9.32917,9.32665,9.32755
2022-01-27 05:45:00,9.32725,9.33156,9.32725,9.33109
2022-01-27 06:00:00,9.33111,9.33494,9.3293,9.3294
2022-01-27 06:15:00,9.32937,9.33098,9.32617,9.32934
2022-01-27 06:30:00,9.32932,9.33085,9.32732,9.32937
2022-01-27 06:45:00,9.32938,9.3335,9.32933,9.33181
2022-01-27 07:00:00,9.33183,9.33672,9.33183,9.3352
2022-01-27 07:15:00,9.33519,9.33756,9.33291,9.33315
2022-01-27 07:30:00,9.33312,9.33453,9.33197,9.33381
2022-01-27 07:45:00,9.33382,9.33613,9.33224,9.33288
2022-01-27 08:00:00,9.33299,9.33868,9.33289,9.33745
2022-01-27 08:15:00,9.33741,9.33812,9.33348,9.33735
2022-01-27 08:30:00,9.33744,9.33874,9.33594,9.33825
2022-01-27 08:45:00,9.33826,9.35232,9.33796,9.34863
2022-01-27 09:00:00,9.34895,9.3527,9.3458,9.34783
2022-01-27 09:15:00,9.34784,9.35827,9.34646,9.35694
2022-01-27 09:30:00,9.35695,9.35925,9.34818,9.35834
2022-01-27 09:45:00,9.35833,9.36962,9.35701,9.36733
2022-01-27 10:00:00,9.36694,9.37554,9.345,9.34675
2022-01-27 10:15:00,9.34676,9.36458,9.3463,9.36239
2022-01-27 10:30:00,9.36238,9.36279,9.35237,9.35538
2022-01-27 10:45:00,9.35537,9.35825,9.35017,9.35452
2022-01-27 11:00:00,9.3545,9.3585,9.35048,9.35072
2022-01-27 11:15:00,9.35073,9.36221,9.34903,9.35923
2022-01-27 11:30:00,9.35922,9.35922,9.34228,9.34374
2022-01-27 11:45:00,9.34375,9.34521,9.33133,9.3361
2022-01-27 12:00:00,9.33614,9.33748,9.32375,9.33121
2022-01-27 12:15:00,9.33119,9.34058,9.32879,9.33653
2022-01-27 12:30:00,9.33647,9.33781,9.33049,9.33282
2022-01-27 12:45:00,9.33284,9.34756,9.33262,9.33987
2022-01-27 13:00:00,9.33957,9.34276,9.32975,9.32988
2022-01-27 13:15:00,9.32986,9.33723,9.32967,9.33244
2022-01-27 13:30:00,9.33243,9.35353,9.33237,9.35127
2022-01-27 13:45:00,9.35128,9.35939,9.34808,9.35204
2022-01-27 14:00:00,9.35203,9.35253,9.34465,9.34612
2022-01-27 14:15:00,9.34611,9.35419,9.34369,9.34797
2022-01-27 14:30:00,9.34804,9.36423,9.34633,9.36278
2022-01-27 14:45:00,9.36281,9.36972,9.35248,9.35673
2022-01-27 15:00:00,9.35674,9.36139,9.35258,9.35777
2022-01-27 15:15:00,9.35768,9.35948,9.34757,9.35633
2022-01-27 15:30:00,9.35629,9.37507,9.35394,9.36993
2022-01-27 15:45:00,9.3699,9.37,9.34688,9.35398
2022-01-27 16:00:00,9.35401,9.35638,9.34182,9.34348
2022-01-27 16:15:00,9.34371,9.35736,9.33922,9.34851
2022-01-27 16:30:00,9.34848,9.34954,9.33271,9.33643
2022-01-27 16:45:00,9.33644,9.33755,9.32475,9.33308
2022-01-27 17:00:00,9.33223,9.34218,9.32973,9.34083
2022-01-27 17:15:00,9.34081,9.36291,9.34053,9.36193
2022-01-27 17:30:00,9.36192,9.38352,9.36179,9.37806
2022-01-27 17:45:00,9.37809,9.38229,9.36387,9.36565
2022-01-27 18:00:00,9.36567,9.3659,9.3467,9.35678
2022-01-27 18:15:00,9.3568,9.36788,9.35659,9.36314
2022-01-27 18:30:00,9.3629,9.36389,9.35601,9.35689
2022-01-27 18:45:00,9.3569,9.37726,9.35605,9.37571
2022-01-27 19:00:00,9.37583,9.38438,9.37572,9.37923
2022-01-27 19:15:00,9.37922,9.38551,9.36975,9.3752
2022-01-27 19:30:00,9.37522,9.37957,9.37472,9.37954
2022-01-27 19:45:00,9.37953,9.38885,9.37946,9.38827
2022-01-27 20:00:00,9.38833,9.39708,9.38533,9.39556
2022-01-27 20:15:00,9.39557,9.39689,9.39047,9.39626
2022-01-27 20:30:00,9.39624,9.39876,9.39175,9.39481
2022-01-27 20:45:00,9.3948,9.39555,9.38353,9.38353
2022-01-27 21:00:00,9.38355,9.38507,9.38061,9.38443
2022-01-27 21:15:00,9.38442,9.39274,9.38441,9.39072
2022-01-27 21:30:00,9.3907,9.39411,9.3907,9.39264
2022-01-27 21:45:00,9.39258,9.3943,9.38769,9.39335
2022-01-27 22:00:00,9.39325,9.39396,9.38263,9.38683
2022-01-27 22:15:00,9.38685,9.39476,9.38665,9.39452
2022-01-27 22:30:00,9.39369,9.39369,9.38514,9.38518
2022-01-27 22:45:00,9.38509,9.39639,9.38229,9.39611
2022-01-27 23:00:00,9.39616,9.40142,9.39534,9.40036
2022-01-27 23:15:00,9.40035,9.40039,9.39015,9.39486
2022-01-27 23:30:00,9.39473,9.39482,9.3888,9.38909
2022-01-27 23:45:00,9.38902,9.38996,9.37762,9.37762
2022-01-28 00:00:00,9.37833,9.3844,9.36435,9.37186
2022-01-28 00:15:00,9.37203,9.37392,9.36899,9.3738
2022-01-28 00:30:00,9.37403,9.37844,9.36881,9.378
2022-01-28 00:45:00,9.37806,9.38518,9.37715,9.38274
2022-01-28 01:00:00,9.38234,9.38636,9.38234,9.38509
2022-01-28 01:15:00,9.38508,9.38778,9.38507,9.38638
2022-01-28 01:30:00,9.38639,9.38767,9.38574,9.38613
2022-01-28 01:45:00,9.38622,9.38813,9.38602,9.38744
2022-01-28 02:00:00,9.38741,9.39119,9.38673,9.3909
2022-01-28 02:15:00,9.39092,9.39132,9.38835,9.3888
2022-01-28 02:30:00,9.38878,9.3902,9.38797,9.38866
2022-01-28 02:45:00,9.38863,9.38863,9.38363,9.38414
2022-01-28 03:00:00,9.38422,9.38534,9.3831,9.38343
2022-01-28 03:15:00,9.38338,9.38519,9.37953,9.38247
2022-01-28 03:30:00,9.38251,9.38564,9.38244,9.38409
2022-01-28 03:45:00,9.38407,9.38637,9.38261,9.3843
2022-01-28 04:00:00,9.38436,9.3869,9.38083,9.38147
2022-01-28 04:15:00,9.38146,9.38593,9.3813,9.38385
2022-01-28 04:30:00,9.38386,9.38699,9.37487,9.37547
2022-01-28 04:45:00,9.37672,9.38013,9.36735,9.37109
2022-01-28 05:00:00,9.37108,9.3714,9.36918,9.36966
2022-01-28 05:15:00,9.36961,9.37128,9.36849,9.37071
2022-01-28 05:30:00,9.37072,9.37165,9.36981,9.37124
2022-01-28 05:45:00,9.37129,9.37193,9.37002,9.37176
2022-01-28 06:00:00,9.37177,9.37435,9.37167,9.37361
2022-01-28 06:15:00,9.37362,9.37678,9.37352,9.37521
2022-01-28 06:30:00,9.37523,9.37541,9.3733,9.37345
2022-01-28 06:45:00,9.37346,9.37663,9.37212,9.37352
2022-01-28 07:00:00,9.37353,9.37734,9.37353,9.37678
2022-01-28 07:15:00,9.37672,9.37687,9.3723,9.3723
2022-01-28 07:30:00,9.37249,9.37606,9.3723,9.37449
2022-01-28 07:45:00,9.3745,9.37463,9.36909,9.3695
2022-01-28 08:00:00,9.36949,9.37022,9.36591,9.36942
2022-01-28 08:15:00,9.36948,9.37218,9.36735,9.37085
2022-01-28 08:30:00,9.37085,9.37198,9.36849,9.36975
2022-01-28 08:45:00,9.3698,9.37758,9.36966,9.3771
2022-01-28 09:00:00,9.37701,9.39041,9.3751,9.39041
2022-01-28 09:15:00,9.39039,9.40731,9.39039,9.4013
2022-01-28 09:30:00,9.40131,9.40681,9.39373,9.39423
2022-01-28 09:45:00,9.39424,9.40777,9.39268,9.40401
2022-01-28 10:00:00,9.40375,9.42337,9.40354,9.42036
2022-01-28 10:15:00,9.42037,9.43117,9.41925,9.42679
2022-01-28 10:30:00,9.42677,9.44731,9.42664,9.44708
2022-01-28 10:45:00,9.44709,9.44841,9.4346,9.44038
2022-01-28 11:00:00,9.43909,9.44418,9.43478,9.44144
2022-01-28 11:15:00,9.44152,9.4495,9.44152,9.44868
2022-01-28 11:30:00,9.44867,9.45353,9.44301,9.44557
2022-01-28 11:45:00,9.44562,9.44657,9.43387,9.43583
2022-01-28 12:00:00,9.4358,9.44723,9.43441,9.43781
2022-01-28 12:15:00,9.43782,9.4434,9.43172,9.43459
2022-01-28 12:30:00,9.43455,9.43632,9.42805,9.43604
2022-01-28 12:45:00,9.43605,9.44226,9.43209,9.43245
2022-01-28 13:00:00,9.43253,9.44881,9.43247,9.44752
2022-01-28 13:15:00,9.44753,9.45356,9.44643,9.45136
2022-01-28 13:30:00,9.45133,9.45268,9.45001,9.4521
2022-01-28 13:45:00,9.45206,9.45241,9.4473,9.44983
2022-01-28 14:00:00,9.44981,9.45924,9.44619,9.44812
2022-01-28 14:15:00,9.44816,9.46206,9.44804,9.46043
2022-01-28 14:30:00,9.46045,9.47021,9.45804,9.46915
2022-01-28 14:45:00,9.46914,9.47721,9.46853,9.47432
2022-01-28 15:00:00,9.47378,9.47769,9.4701,9.47197
2022-01-28 15:15:00,9.47188,9.47879,9.46619,9.47243
2022-01-28 15:30:00,9.47244,9.47282,9.42921,9.43462
2022-01-28 15:45:00,9.43464,9.44984,9.43367,9.4363
2022-01-28 16:00:00,9.43627,9.45179,9.43214,9.45155
2022-01-28 16:15:00,9.45137,9.45532,9.44731,9.44987
2022-01-28 16:30:00,9.44919,9.45862,9.44265,9.44388
2022-01-28 16:45:00,9.44404,9.44646,9.4235,9.43566
2022-01-28 17:00:00,9.43575,9.44596,9.4337,9.44432
2022-01-28 17:15:00,9.44457,9.45223,9.43727,9.45003
2022-01-28 17:30:00,9.45022,9.46051,9.4436,9.45758
2022-01-28 17:45:00,9.45759,9.45826,9.42572,9.42722
2022-01-28 18:00:00,9.4272,9.43832,9.42641,9.42728
2022-01-28 18:15:00,9.42726,9.43673,9.42135,9.42252
2022-01-28 18:30:00,9.42273,9.43513,9.42029,9.42672
2022-01-28 18:45:00,9.42672,9.43495,9.42243,9.42818
2022-01-28 19:00:00,9.42817,9.42832,9.42138,9.42593
2022-01-28 19:15:00,9.42592,9.43704,9.42584,9.43577
2022-01-28 19:30:00,9.43608,9.43968,9.42917,9.43038
2022-01-28 19:45:00,9.43043,9.44174,9.42864,9.44174
2022-01-28 20:00:00,9.44173,9.44547,9.43058,9.43208
2022-01-28 20:15:00,9.43208,9.44326,9.43178,9.43943
2022-01-28 20:30:00,9.43945,9.44063,9.4309,9.43739
2022-01-28 20:45:00,9.4374,9.443,9.4309,9.44223
2022-01-28 21:00:00,9.44225,9.45054,9.44034,9.45023
2022-01-28 21:15:00,9.45025,9.4583,9.44948,9.45808
2022-01-28 21:30:00,9.45817,9.45946,9.44435,9.44499
2022-01-28 21:45:00,9.44492,9.4502,9.44225,9.4501
2022-01-28 22:00:00,9.45021,9.45022,9.44719,9.44801
2022-01-28 22:15:00,9.448,9.44994,9.447,9.44761
2022-01-28 22:30:00,9.44758,9.44985,9.44054,9.44127
2022-01-28 22:45:00,9.44128,9.44427,9.42261,9.4271
2022-01-28 23:00:00,9.42689,9.42937,9.42288,9.42642
2022-01-28 23:15:00,9.42648,9.42764,9.42514,9.42692
2022-01-28 23:30:00,9.42694,9.42865,9.42566,9.42808
2022-01-28 23:45:00,9.42809,9.43474,9.40331,9.40511
2022-01-31 00:00:00,9.42193,9.4272,9.38895,9.42377
2022-01-31 00:15:00,9.42376,9.42771,9.42359,9.42722
2022-01-31 00:30:00,9.42721,9.42739,9.42325,9.42475
2022-01-31 00:45:00,9.42475,9.42907,9.41937,9.41971
2022-01-31 01:00:00,9.419,9.42877,9.38858,9.42503
2022-01-31 01:15:00,9.42495,9.42615,9.41972,9.422
2022-01-31 01:30:00,9.42201,9.42234,9.4192,9.42005
2022-01-31 01:45:00,9.42013,9.42472,9.419,9.4197
2022-01-31 02:00:00,9.41969,9.42312,9.41922,9.4206
2022-01-31 02:15:00,9.42061,9.42324,9.42015,9.42093
2022-01-31 02:30:00,9.42095,9.424,9.42095,9.42245
2022-01-31 02:45:00,9.42246,9.42763,9.42204,9.42683
2022-01-31 03:00:00,9.42679,9.4275,9.42384,9.42426
2022-01-31 03:15:00,9.42431,9.42544,9.42169,9.42194
2022-01-31 03:30:00,9.42195,9.42276,9.42099,9.42213
2022-01-31 03:45:00,9.42212,9.42233,9.41864,9.41883
2022-01-31 04:00:00,9.41887,9.41972,9.41849,9.41915
2022-01-31 04:15:00,9.41916,9.41952,9.41654,9.41664
2022-01-31 04:30:00,9.41663,9.41671,9.41435,9.41519
2022-01-31 04:45:00,9.41517,9.41753,9.41419,9.41449
2022-01-31 05:00:00,9.41448,9.41581,9.41311,9.41313
2022-01-31 05:15:00,9.41315,9.41515,9.41192,9.41457
2022-01-31 05:30:00,9.41458,9.41738,9.41315,9.4133
2022-01-31 05:45:00,9.41332,9.41449,9.41239,9.41352
2022-01-31 06:00:00,9.41351,9.41392,9.41158,9.41368
2022-01-31 06:15:00,9.41365,9.41417,9.41261,9.41302
2022-01-31 06:30:00,9.41311,9.41391,9.40921,9.40968
2022-01-31 06:45:00,9.40971,9.41128,9.40909,9.41128
2022-01-31 07:00:00,9.41134,9.41325,9.41053,9.41189
2022-01-31 07:15:00,9.4119,9.41613,9.41175,9.41268
2022-01-31 07:30:00,9.41271,9.41411,9.41234,9.41314
2022-01-31 07:45:00,9.41313,9.41567,9.41248,9.41324
2022-01-31 08:00:00,9.41322,9.41498,9.4108,9.41119
2022-01-31 08:15:00,9.41122,9.41143,9.40665,9.40732
2022-01-31 08:30:00,9.40726,9.40903,9.40468,9.40514
2022-01-31 08:45:00,9.40516,9.41056,9.40388,9.40562
2022-01-31 09:00:00,9.40572,9.40709,9.40041,9.40089
2022-01-31 09:15:00,9.40087,9.40295,9.40083,9.40274
2022-01-31 09:30:00,9.40275,9.41349,9.40264,9.40956
2022-01-31 09:45:00,9.40961,9.40979,9.38483,9.38552
2022-01-31 10:00:00,9.38521,9.40123,9.381,9.38327
2022-01-31 10:15:00,9.38324,9.38341,9.37469,9.37812
2022-01-31 10:30:00,9.37837,9.3872,9.37777,9.38659
2022-01-31 10:45:00,9.38658,9.38683,9.37591,9.37916
2022-01-31 11:00:00,9.3782,9.38211,9.37319,9.37769
2022-01-31 11:15:00,9.37768,9.37926,9.36937,9.37812
2022-01-31 11:30:00,9.37811,9.38213,9.36942,9.37064
2022-01-31 11:45:00,9.37066,9.3728,9.36896,9.37197
2022-01-31 12:00:00,9.37176,9.37616,9.36732,9.3757
2022-01-31 12:15:00,9.37576,9.38006,9.37406,9.37793
2022-01-31 12:30:00,9.37792,9.38119,9.37633,9.38027
2022-01-31 12:45:00,9.38025,9.38507,9.37629,9.38507
2022-01-31 13:00:00,9.38486,9.38654,9.3775,9.38166
2022-01-31 13:15:00,9.38167,9.38379,9.37359,9.38184
2022-01-31 13:30:00,9.38153,9.39304,9.37872,9.39265
2022-01-31 13:45:00,9.39268,9.39289,9.3811,9.38554
2022-01-31 14:00:00,9.38562,9.39801,9.38519,9.39657
2022-01-31 14:15:00,9.3966,9.4036,9.38552,9.38669
2022-01-31 14:30:00,9.38664,9.39875,9.38626,9.39339
2022-01-31 14:45:00,9.39338,9.3936,9.38035,9.39047
2022-01-31 15:00:00,9.39086,9.40332,9.38695,9.39916
2022-01-31 15:15:00,9.39913,9.39962,9.36948,9.36949
2022-01-31 15:30:00,9.36947,9.37285,9.34958,9.35046
2022-01-31 15:45:00,9.35045,9.35453,9.3425,9.34265
2022-01-31 16:00:00,9.34267,9.34293,9.33754,9.33801
2022-01-31 16:15:00,9.338,9.35511,9.33784,9.35109
2022-01-31 16:30:00,9.35107,9.35107,9.3409,9.34593
2022-01-31 16:45:00,9.34592,9.34789,9.33761,9.34079
2022-01-31 17:00:00,9.34051,9.34416,9.33758,9.33809
2022-01-31 17:15:00,9.33803,9.33806,9.31473,9.31486
2022-01-31 17:30:00,9.31489,9.32577,9.30652,9.32435
2022-01-31 17:45:00,9.3243,9.34406,9.31386,9.33212
2022-01-31 18:00:00,9.3318,9.33645,9.32591,9.33541
2022-01-31 18:15:00,9.3355,9.35203,9.33536,9.35058
2022-01-31 18:30:00,9.3505,9.35159,9.33698,9.3424
2022-01-31 18:45:00,9.34244,9.3438,9.33136,9.33199
2022-01-31 19:00:00,9.33197,9.33247,9.32198,9.32219
2022-01-31 19:15:00,9.32195,9.33647,9.3218,9.33481
2022-01-31 19:30:00,9.33478,9.34047,9.33443,9.33657
2022-01-31 19:45:00,9.33656,9.33715,9.32842,9.33071
2022-01-31 20:00:00,9.33072,9.33146,9.32066,9.32187
2022-01-31 20:15:00,9.32186,9.32219,9.31788,9.32117
2022-01-31 20:30:00,9.32115,9.32199,9.31418,9.31622
2022-01-31 20:45:00,9.31616,9.31975,9.31258,9.3164
2022-01-31 21:00:00,9.31641,9.31655,9.31127,9.31524
2022-01-31 21:15:00,9.31525,9.31526,9.31031,9.31095
2022-01-31 21:30:00,9.31096,9.31265,9.30528,9.30669
2022-01-31 21:45:00,9.30671,9.31119,9.3008,9.30933
2022-01-31 22:00:00,9.30927,9.31876,9.30868,9.31867
2022-01-31 22:15:00,9.31866,9.32055,9.31249,9.3142
2022-01-31 22:30:00,9.3142,9.31511,9.30818,9.31476
2022-01-31 22:45:00,9.31493,9.324,9.31478,9.32226
2022-01-31 23:00:00,9.32231,9.32442,9.3187,9.32357
2022-01-31 23:15:00,9.32356,9.32576,9.32279,9.3255
2022-01-31 23:30:00,9.32552,9.32615,9.32304,9.32361
2022-01-31 23:45:00,9.32356,9.32389,9.31263,9.31402
2022-02-01 00:00:00,9.31423,9.31709,9.31332,9.31709
2022-02-01 00:15:00,9.31722,9.32089,9.31668,9.32047
2022-02-01 00:30:00,9.31941,9.32228,9.31675,9.3181
2022-02-01 00:45:00,9.31747,9.32833,9.31571,9.32551
2022-02-01 01:00:00,9.32547,9.33171,9.32321,9.32489
2022-02-01 01:15:00,9.32491,9.32722,9.32457,9.32711
2022-02-01 01:30:00,9.32715,9.3281,9.32543,9.32547
2022-02-01 01:45:00,9.32546,9.32691,9.32473,9.32653
2022-02-01 02:00:00,9.32659,9.32798,9.32567,9.32746
2022-02-01 02:15:00,9.32747,9.32922,9.32721,9.32864
2022-02-01 02:30:00,9.32865,9.33006,9.32706,9.32991
2022-02-01 02:45:00,9.3299,9.33196,9.32689,9.32741
2022-02-01 03:00:00,9.32739,9.33097,9.32616,9.32787
2022-02-01 03:15:00,9.32788,9.32873,9.32527,9.32568
2022-02-01 03:30:00,9.32571,9.32737,9.32406,9.32645
2022-02-01 03:45:00,9.32643,9.33476,9.32629,9.33183
2022-02-01 04:00:00,9.33184,9.33379,9.32903,9.32946
2022-02-01 04:15:00,9.32939,9.33286,9.32921,9.32969
2022-02-01 04:30:00,9.33027,9.33223,9.3255,9.32592
2022-02-01 04:45:00,9.32591,9.3267,9.32088,9.32092
2022-02-01 05:00:00,9.32091,9.32123,9.31681,9.31933
2022-02-01 05:15:00,9.31909,9.32138,9.31804,9.32064
2022-02-01 05:30:00,9.32062,9.34362,9.32016,9.33832
2022-02-01 05:45:00,9.33836,9.33862,9.33281,9.33403
2022-02-01 06:00:00,9.33412,9.33434,9.32812,9.32821
2022-02-01 06:15:00,9.32839,9.32882,9.3252,9.3256
2022-02-01 06:30:00,9.32563,9.32786,9.32203,9.32277
2022-02-01 06:45:00,9.32273,9.32411,9.32114,9.32268
2022-02-01 07:00:00,9.32286,9.32487,9.32144,9.32261
2022-02-01 07:15:00,9.32257,9.32334,9.32044,9.32153
2022-02-01 07:30:00,9.32149,9.32272,9.31857,9.32136
2022-02-01 07:45:00,9.32132,9.32415,9.31912,9.32349
2022-02-01 08:00:00,9.3235,9.32497,9.32212,9.32302
2022-02-01 08:15:00,9.32305,9.32856,9.32289,9.32574
2022-02-01 08:30:00,9.3257,9.32597,9.32367,9.32565
2022-02-01 08:45:00,9.32577,9.32782,9.32393,9.32722
2022-02-01 09:00:00,9.32716,9.32741,9.30925,9.31154
2022-02-01 09:15:00,9.31153,9.31692,9.2995,9.29993
2022-02-01 09:30:00,9.29999,9.30904,9.29911,9.30224
2022-02-01 09:45:00,9.30222,9.3031,9.27782,9.27864
2022-02-01 10:00:00,9.27865,9.29109,9.27859,9.28988
2022-02-01 10:15:00,9.28936,9.29433,9.28501,9.28501
2022-02-01 10:30:00,9.28504,9.2856,9.27958,9.28387
2022-02-01 10:45:00,9.2838,9.29138,9.28264,9.28319
2022-02-01 11:00:00,9.28266,9.28518,9.27644,9.28384
2022-02-01 11:15:00,9.28385,9.28705,9.27825,9.28074
2022-02-01 11:30:00,9.28088,9.29149,9.28063,9.29131
2022-02-01 11:45:00,9.29133,9.29134,9.27995,9.28218
2022-02-01 12:00:00,9.2821,9.28889,9.28045,9.28112
2022-02-01 12:15:00,9.28058,9.28111,9.26882,9.26882
2022-02-01 12:30:00,9.26887,9.28075,9.26707,9.27685
2022-02-01 12:45:00,9.27683,9.27805,9.26946,9.27042
2022-02-01 13:00:00,9.27033,9.27195,9.26055,9.26219
2022-02-01 13:15:00,9.26218,9.26241,9.24617,9.24818
2022-02-01 13:30:00,9.2482,9.2576,9.24563,9.25219
2022-02-01 13:45:00,9.25224,9.2587,9.24875,9.25845
2022-02-01 14:00:00,9.25842,9.26406,9.25664,9.25735
2022-02-01 14:15:00,9.25736,9.26215,9.25683,9.26057
2022-02-01 14:30:00,9.26063,9.26542,9.25955,9.26413
2022-02-01 14:45:00,9.26412,9.27451,9.26341,9.27099
2022-02-01 15:00:00,9.2709,9.27544,9.2659,9.27346
2022-02-01 15:15:00,9.27345,9.28129,9.26918,9.278
2022-02-01 15:30:00,9.27791,9.28138,9.26743,9.26887
2022-02-01 15:45:00,9.26901,9.27332,9.2649,9.26694
2022-02-01 16:00:00,9.26697,9.27042,9.26034,9.2657
2022-02-01 16:15:00,9.26551,9.26621,9.25858,9.2619
2022-02-01 16:30:00,9.26192,9.2664,9.25577,9.26454
2022-02-01 16:45:00,9.26455,9.27355,9.26328,9.2683
2022-02-01 17:00:00,9.26836,9.28449,9.2673,9.27124
2022-02-01 17:15:00,9.27125,9.28127,9.27125,9.27776
2022-02-01 17:30:00,9.27783,9.29503,9.27489,9.29289
2022-02-01 17:45:00,9.29338,9.29704,9.27433,9.27831
2022-02-01 18:00:00,9.27829,9.28325,9.27408,9.28059
2022-02-01 18:15:00,9.28057,9.28985,9.27448,9.2767
2022-02-01 18:30:00,9.27672,9.28034,9.2725,9.27653
2022-02-01 18:45:00,9.27655,9.28525,9.2737,9.2808
2022-02-01 19:00:00,9.28083,9.2809,9.27486,9.27953
2022-02-01 19:15:00,9.27954,9.27954,9.27289,9.27333
2022-02-01 19:30:00,9.27336,9.28629,9.27334,9.28481
2022-02-01 19:45:00,9.28484,9.28508,9.27816,9.2784
2022-02-01 20:00:00,9.27841,9.28064,9.27332,9.2736
2022-02-01 20:15:00,9.27358,9.27358,9.26768,9.27025
2022-02-01 20:30:00,9.27026,9.27313,9.26629,9.26705
2022-02-01 20:45:00,9.26706,9.27865,9.26681,9.27381
2022-02-01 21:00:00,9.27382,9.27986,9.27173,9.27417
2022-02-01 21:15:00,9.27374,9.28168,9.27333,9.27647
2022-02-01 21:30:00,9.27646,9.27655,9.26959,9.27007
2022-02-01 21:45:00,9.27006,9.27457,9.26862,9.2738
2022-02-01 22:00:00,9.27387,9.27684,9.2689,9.26895
2022-02-01 22:15:00,9.26898,9.2691,9.25835,9.25958
2022-02-01 22:30:00,9.25961,9.26259,9.25706,9.25724
2022-02-01 22:45:00,9.25727,9.2621,9.25673,9.25921
2022-02-01 23:00:00,9.25922,9.26249,9.25499,9.25861
2022-02-01 23:15:00,9.25862,9.25914,9.25697,9.25718
2022-02-01 23:30:00,9.25721,9.2585,9.2549,9.25606
2022-02-01 23:45:00,9.25604,9.25688,9.25489,9.25503
2022-02-02 00:00:00,9.2554,9.25802,9.2308,9.23773
2022-02-02 00:15:00,9.23765,9.23979,9.23426,9.23426
2022-02-02 00:30:00,9.23429,9.23695,9.2341,9.23528
2022-02-02 00:45:00,9.23541,9.23708,9.23334,9.23658
2022-02-02 01:00:00,9.23672,9.24265,9.2345,9.24265
2022-02-02 01:15:00,9.24268,9.24616,9.24186,9.24577
2022-02-02 01:30:00,9.24582,9.24713,9.24535,9.2471
2022-02-02 01:45:00,9.24711,9.24772,9.24652,9.24737
2022-02-02 02:00:00,9.24735,9.25052,9.24679,9.2499
2022-02-02 02:15:00,9.24989,9.25299,9.24978,9.25228
2022-02-02 02:30:00,9.25236,9.2529,9.25162,9.25261
2022-02-02 02:45:00,9.25266,9.25284,9.25004,9.25058
2022-02-02 03:00:00,9.25077,9.25315,9.24942,9.2527
2022-02-02 03:15:00,9.25266,9.25298,9.25166,9.25215
2022-02-02 03:30:00,9.25216,9.2523,9.25106,9.25151
2022-02-02 03:45:00,9.25148,9.25261,9.25144,9.25246
2022-02-02 04:00:00,9.25246,9.25559,9.25163,9.25197
2022-02-02 04:15:00,9.25216,9.25448,9.25204,9.25415
2022-02-02 04:30:00,9.25411,9.25411,9.25248,9.2534
2022-02-02 04:45:00,9.25332,9.25407,9.25304,9.25344
2022-02-02 05:00:00,9.25352,9.2566,9.25352,9.25618
2022-02-02 05:15:00,9.25617,9.25763,9.25598,9.25725
2022-02-02 05:30:00,9.25723,9.26218,9.25685,9.25893
2022-02-02 05:45:00,9.25892,9.259,9.25631,9.25816
2022-02-02 06:00:00,9.25817,9.25819,9.25506,9.25506
2022-02-02 06:15:00,9.25505,9.25516,9.2535,9.2541
2022-02-02 06:30:00,9.25408,9.2553,9.25338,9.25499
2022-02-02 06:45:00,9.255,9.25568,9.25409,9.25549
2022-02-02 07:00:00,9.25546,9.25634,9.25495,9.25532
2022-02-02 07:15:00,9.25528,9.25597,9.25393,9.25404
2022-02-02 07:30:00,9.2541,9.25673,9.25334,9.25673
2022-02-02 07:45:00,9.25677,9.25795,9.25391,9.2559
2022-02-02 08:00:00,9.25592,9.2571,9.25518,9.25692
2022-02-02 08:15:00,9.25696,9.25805,9.25456,9.25801
2022-02-02 08:30:00,9.25803,9.26018,9.25282,9.25306
2022-02-02 08:45:00,9.253,9.25521,9.25068,9.25142
2022-02-02 09:00:00,9.25143,9.25495,9.24806,9.24921
2022-02-02 09:15:00,9.24926,9.24949,9.23644,9.23944
2022-02-02 09:30:00,9.23943,9.25063,9.23907,9.24823
2022-02-02 09:45:00,9.24822,9.25003,9.23446,9.2378
2022-02-02 10:00:00,9.23777,9.23899,9.22056,9.22056
2022-02-02 10:15:00,9.22054,9.22334,9.21568,9.21676
2022-02-02 10:30:00,9.21682,9.22552,9.21366,9.22472
2022-02-02 10:45:00,9.2247,9.22802,9.2185,9.22189
2022-02-02 11:00:00,9.2218,9.22825,9.21919,9.22388
2022-02-02 11:15:00,9.22386,9.23525,9.22063,9.23224
2022-02-02 11:30:00,9.23225,9.24083,9.23145,9.23759
2022-02-02 11:45:00,9.23758,9.23978,9.21559,9.21961
2022-02-02 12:00:00,9.21854,9.22327,9.2116,9.22063
2022-02-02 12:15:00,9.22062,9.22081,9.20455,9.2047
2022-02-02 12:30:00,9.20475,9.2122,9.19643,9.19999
2022-02-02 12:45:00,9.19998,9.20457,9.19959,9.20305
2022-02-02 13:00:00,9.20295,9.20648,9.1976,9.20561
2022-02-02 13:15:00,9.20567,9.20606,9.19411,9.19809
2022-02-02 13:30:00,9.1981,9.19966,9.19477,9.19794
2022-02-02 13:45:00,9.19793,9.20219,9.19604,9.19915
2022-02-02 14:00:00,9.19909,9.20001,9.1872,9.18806
2022-02-02 14:15:00,9.1881,9.18836,9.18304,9.18695
2022-02-02 14:30:00,9.18699,9.18933,9.18341,9.18588
2022-02-02 14:45:00,9.18589,9.18642,9.17978,9.17978
2022-02-02 15:00:00,9.17969,9.18398,9.17193,9.17449
2022-02-02 15:15:00,9.17432,9.18231,9.16314,9.17843
2022-02-02 15:30:00,9.17832,9.18387,9.17674,9.18234
2022-02-02 15:45:00,9.18233,9.19561,9.18085,9.19542
2022-02-02 16:00:00,9.19543,9.20478,9.19531,9.19962
2022-02-02 16:15:00,9.1996,9.20058,9.19152,9.19343
2022-02-02 16:30:00,9.19342,9.20101,9.19129,9.19946
2022-02-02 16:45:00,9.19948,9.20661,9.19557,9.20275
2022-02-02 17:00:00,9.20281,9.21024,9.19863,9.20916
2022-02-02 17:15:00,9.20917,9.21681,9.20754,9.20879
2022-02-02 17:30:00,9.20861,9.21084,9.19851,9.19984
2022-02-02 17:45:00,9.19984,9.20173,9.18343,9.19943
2022-02-02 18:00:00,9.19939,9.21641,9.19547,9.2137
2022-02-02 18:15:00,9.21389,9.21412,9.20567,9.20721
2022-02-02 18:30:00,9.20719,9.21404,9.20532,9.20553
2022-02-02 18:45:00,9.20545,9.21169,9.2035,9.20501
2022-02-02 19:00:00,9.205,9.20613,9.19115,9.19332
2022-02-02 19:15:00,9.19331,9.19594,9.19047,9.19535
2022-02-02 19:30:00,9.19537,9.19833,9.19041,9.19044
2022-02-02 19:45:00,9.19042,9.19341,9.18649,9.19017
2022-02-02 20:00:00,9.19011,9.1916,9.18855,9.18976
2022-02-02 20:15:00,9.18961,9.19263,9.18951,9.19134
2022-02-02 20:30:00,9.19138,9.19166,9.18625,9.18722
2022-02-02 20:45:00,9.18725,9.19322,9.18674,9.18945
2022-02-02 21:00:00,9.18941,9.19042,9.18751,9.18978
2022-02-02 21:15:00,9.1898,9.1908,9.18817,9.1894
2022-02-02 21:30:00,9.18938,9.18941,9.18553,9.18599
2022-02-02 21:45:00,9.18598,9.18751,9.18041,9.18095
2022-02-02 22:00:00,9.18093,9.18499,9.17898,9.179
2022-02-02 22:15:00,9.17901,9.18085,9.1786,9.17984
2022-02-02 22:30:00,9.17983,9.18341,9.17874,9.18133
2022-02-02 22:45:00,9.18108,9.19073,9.18038,9.18872
2022-02-02 23:00:00,9.18864,9.20141,9.18864,9.20015
2022-02-02 23:15:00,9.20034,9.20277,9.19544,9.19594
2022-02-02 23:30:00,9.19563,9.1987,9.19379,9.1987
2022-02-02 23:45:00,9.19866,9.19868,9.19285,9.19285
2022-02-03 00:00:00,9.19234,9.19234,9.17866,9.18516
2022-02-03 00:15:00,9.18515,9.18698,9.18468,9.18609
2022-02-03 00:30:00,9.18613,9.18973,9.18579,9.18711
2022-02-03 00:45:00,9.18809,9.1905,9.18658,9.18928
2022-02-03 01:00:00,9.18932,9.19189,9.1875,9.19085
2022-02-03 01:15:00,9.19093,9.19368,9.19092,9.19115
2022-02-03 01:30:00,9.19119,9.19251,9.19078,9.19167
2022-02-03 01:45:00,9.19172,9.19609,9.19172,9.19419
2022-02-03 02:00:00,9.19418,9.19952,9.19418,9.19677
2022-02-03 02:15:00,9.19672,9.20121,9.19672,9.20121
2022-02-03 02:30:00,9.20119,9.20323,9.19997,9.20099
2022-02-03 02:45:00,9.20101,9.20265,9.20057,9.202
2022-02-03 03:00:00,9.20199,9.20802,9.20073,9.20289
2022-02-03 03:15:00,9.2029,9.20621,9.20285,9.20467
2022-02-03 03:30:00,9.20466,9.20563,9.20154,9.203
2022-02-03 03:45:00,9.20301,9.20362,9.20024,9.20114
2022-02-03 04:00:00,9.20111,9.20153,9.19841,9.19862
2022-02-03 04:15:00,9.19865,9.20396,9.19786,9.20316
2022-02-03 04:30:00,9.2031,9.20326,9.20168,9.20236
2022-02-03 04:45:00,9.20213,9.20363,9.20078,9.20271
2022-02-03 05:00:00,9.20272,9.20383,9.19913,9.1993
2022-02-03 05:15:00,9.19939,9.19998,9.19512,9.19586
2022-02-03 05:30:00,9.19585,9.19929,9.19432,9.19772
2022-02-03 05:45:00,9.19767,9.20008,9.19721,9.19778
2022-02-03 06:00:00,9.19774,9.19967,9.19597,9.19948
2022-02-03 06:15:00,9.19949,9.20213,9.19928,9.20191
2022-02-03 06:30:00,9.20179,9.20179,9.19907,9.19948
2022-02-03 06:45:00,9.19947,9.20508,9.19928,9.20345
2022-02-03 07:00:00,9.20323,9.20394,9.20126,9.20203
2022-02-03 07:15:00,9.20204,9.20282,9.20007,9.20142
2022-02-03 07:30:00,9.20145,9.20269,9.20108,9.20229
2022-02-03 07:45:00,9.2023,9.20304,9.2012,9.20193
2022-02-03 08:00:00,9.20201,9.20487,9.20036,9.20486
2022-02-03 08:15:00,9.20487,9.21362,9.20436,9.21247
2022-02-03 08:30:00,9.21234,9.21318,9.20989,9.21269
2022-02-03 08:45:00,9.21266,9.21564,9.20927,9.21512
2022-02-03 09:00:00,9.21583,9.21637,9.20948,9.21116
2022-02-03 09:15:00,9.21117,9.2189,9.21056,9.21803
2022-02-03 09:30:00,9.21805,9.21916,9.2144,9.21532
2022-02-03 09:45:00,9.2153,9.21557,9.20266,9.20481
2022-02-03 10:00:00,9.20479,9.2133,9.20016,9.21132
2022-02-03 10:15:00,9.21138,9.21572,9.2027,9.20617
2022-02-03 10:30:00,9.20604,9.21172,9.20271,9.21123
2022-02-03 10:45:00,9.21137,9.21609,9.2074,9.20781
2022-02-03 11:00:00,9.20782,9.21323,9.20677,9.20844
2022-02-03 11:15:00,9.20845,9.21057,9.19352,9.20792
2022-02-03 11:30:00,9.20777,9.21735,9.20271,9.21725
2022-02-03 11:45:00,9.21726,9.21916,9.20953,9.21764
2022-02-03 12:00:00,9.21765,9.2236,9.2162,9.21908
2022-02-03 12:15:00,9.21901,9.22231,9.21885,9.22119
2022-02-03 12:30:00,9.22124,9.22496,9.22096,9.22238
2022-02-03 12:45:00,9.22237,9.22337,9.21582,9.21667
2022-02-03 13:00:00,9.21655,9.21692,9.20205,9.2085
2022-02-03 13:15:00,9.2085,9.20974,9.20291,9.20569
2022-02-03 13:30:00,9.20567,9.20757,9.20102,9.20177
2022-02-03 13:45:00,9.20159,9.20215,9.19422,9.19504
2022-02-03 14:00:00,9.19503,9.19688,9.18673,9.18973
2022-02-03 14:15:00,9.18972,9.19895,9.18492,9.19215
2022-02-03 14:30:00,9.19216,9.19841,9.18478,9.18642
2022-02-03 14:45:00,9.18619,9.20558,9.18523,9.18804
2022-02-03 15:00:00,9.18829,9.20498,9.18817,9.20203
2022-02-03 15:15:00,9.202,9.20614,9.19807,9.20298
2022-02-03 15:30:00,9.20296,9.20689,9.16565,9.17102
2022-02-03 15:45:00,9.17109,9.17309,9.13525,9.1354
2022-02-03 16:00:00,9.13369,9.13858,9.11647,9.12725
2022-02-03 16:15:00,9.12715,9.13048,9.10611,9.1137
2022-02-03 16:30:00,9.11374,9.11793,9.08774,9.09437
2022-02-03 16:45:00,9.09436,9.12256,9.09379,9.11537
2022-02-03 17:00:00,9.11543,9.11884,9.10342,9.10768
2022-02-03 17:15:00,9.10751,9.11095,9.09862,9.10354
2022-02-03 17:30:00,9.10352,9.11312,9.09657,9.10177
2022-02-03 17:45:00,9.10167,9.11421,9.1003,9.11026
2022-02-03 18:00:00,9.1104,9.11567,9.09768,9.09851
2022-02-03 18:15:00,9.09853,9.10144,9.09285,9.09507
2022-02-03 18:30:00,9.09507,9.11448,9.08984,9.11315
2022-02-03 18:45:00,9.11296,9.12192,9.1065,9.11992
2022-02-03 19:00:00,9.1199,9.13044,9.11119,9.11218
2022-02-03 19:15:00,9.11217,9.11819,9.11025,9.1146
2022-02-03 19:30:00,9.11458,9.11845,9.1093,9.11312
2022-02-03 19:45:00,9.1132,9.11503,9.10086,9.10465
2022-02-03 20:00:00,9.10466,9.11537,9.09951,9.11428
2022-02-03 20:15:00,9.11424,9.11587,9.1082,9.10843
2022-02-03 20:30:00,9.10841,9.10841,9.09916,9.10067
2022-02-03 20:45:00,9.10068,9.10153,9.08378,9.08999
2022-02-03 21:00:00,9.09002,9.09002,9.08278,9.08659
2022-02-03 21:15:00,9.08663,9.10311,9.08339,9.10042
2022-02-03 21:30:00,9.10047,9.10722,9.09434,9.10722
2022-02-03 21:45:00,9.10716,9.10878,9.10457,9.10491
2022-02-03 22:00:00,9.10483,9.10665,9.1044,9.10521
2022-02-03 22:15:00,9.10507,9.10682,9.10208,9.10527
2022-02-03 22:30:00,9.10531,9.10918,9.10314,9.10463
2022-02-03 22:45:00,9.10464,9.11884,9.10464,9.10848
2022-02-03 23:00:00,9.10841,9.10925,9.09654,9.09815
2022-02-03 23:15:00,9.09816,9.09982,9.0927,9.09939
2022-02-03 23:30:00,9.09936,9.10031,9.09856,9.09916
2022-02-03 23:45:00,9.0983,9.09895,9.05186,9.08441
2022-02-04 00:00:00,9.08572,9.08572,9.0728,9.08378
2022-02-04 00:15:00,9.0838,9.08461,9.0821,9.08265
2022-02-04 00:30:00,9.08272,9.08616,9.08253,9.08469
2022-02-04 00:45:00,9.08374,9.08723,9.08374,9.08723
2022-02-04 01:00:00,9.08745,9.09089,9.0847,9.08954
2022-02-04 01:15:00,9.08953,9.09182,9.08767,9.09105
2022-02-04 01:30:00,9.09102,9.09247,9.09026,9.09232
2022-02-04 01:45:00,9.09229,9.09317,9.09166,9.09281
2022-02-04 02:00:00,9.09278,9.09524,9.09248,9.09447
2022-02-04 02:15:00,9.09448,9.09495,9.09201,9.09255
2022-02-04 02:30:00,9.09254,9.09329,9.08603,9.08692
2022-02-04 02:45:00,9.08693,9.09013,9.08343,9.08521
2022-02-04 03:00:00,9.0852,9.09299,9.08064,9.08775
2022-02-04 03:15:00,9.08766,9.09024,9.083,9.08343
2022-02-04 03:30:00,9.08361,9.0875,9.07543,9.08616
2022-02-04 03:45:00,9.08619,9.09217,9.07777,9.08035
2022-02-04 04:00:00,9.08039,9.08173,9.07989,9.08022
2022-02-04 04:15:00,9.08021,9.08511,9.0799,9.08432
2022-02-04 04:30:00,9.08431,9.0856,9.07952,9.07961
2022-02-04 04:45:00,9.07964,9.08,9.07287,9.0731
2022-02-04 05:00:00,9.07312,9.07538,9.07285,9.07398
2022-02-04 05:15:00,9.074,9.07548,9.0722,9.07296
2022-02-04 05:30:00,9.07287,9.07466,9.07285,9.07314
2022-02-04 05:45:00,9.07317,9.07782,9.07317,9.07475
2022-02-04 06:00:00,9.07474,9.07748,9.07309,9.07344
2022-02-04 06:15:00,9.07339,9.07346,9.06594,9.06625
2022-02-04 06:30:00,9.06623,9.06771,9.06082,9.06138
2022-02-04 06:45:00,9.06142,9.06599,9.06078,9.06585
2022-02-04 07:00:00,9.0659,9.06698,9.06476,9.0665
2022-02-04 07:15:00,9.06637,9.06688,9.06357,9.0661
2022-02-04 07:30:00,9.06613,9.06963,9.06613,9.06856
2022-02-04 07:45:00,9.06862,9.06873,9.05997,9.06344
2022-02-04 08:00:00,9.0634,9.07,9.06244,9.06762
2022-02-04 08:15:00,9.0676,9.07892,9.06717,9.07564
2022-02-04 08:30:00,9.07565,9.07904,9.07541,9.07788
2022-02-04 08:45:00,9.07783,9.07955,9.06601,9.07108
2022-02-04 09:00:00,9.07098,9.07927,9.06887,9.07828
2022-02-04 09:15:00,9.07834,9.0918,9.07803,9.08844
2022-02-04 09:30:00,9.08843,9.09914,9.08768,9.09404
2022-02-04 09:45:00,9.0941,9.09418,9.08495,9.08892
2022-02-04 10:00:00,9.08921,9.0993,9.08744,9.09521
2022-02-04 10:15:00,9.09536,9.10025,9.08985,9.09818
2022-02-04 10:30:00,9.09817,9.1098,9.09594,9.09963
2022-02-04 10:45:00,9.09964,9.10185,9.09021,9.09342
2022-02-04 11:00:00,9.09358,9.11126,9.09348,9.1049
2022-02-04 11:15:00,9.10489,9.10489,9.0994,9.10055
2022-02-04 11:30:00,9.10057,9.10522,9.09557,9.10467
2022-02-04 11:45:00,9.10466,9.12033,9.103,9.11482
2022-02-04 12:00:00,9.11489,9.12163,9.09762,9.10133
2022-02-04 12:15:00,9.10131,9.11595,9.10112,9.10909
2022-02-04 12:30:00,9.10907,9.11504,9.10868,9.11478
2022-02-04 12:45:00,9.11477,9.12064,9.11253,9.11398
2022-02-04 13:00:00,9.11391,9.12915,9.11387,9.1268
2022-02-04 13:15:00,9.12683,9.12728,9.11203,9.11328
2022-02-04 13:30:00,9.11327,9.11451,9.1051,9.11132
2022-02-04 13:45:00,9.11134,9.11984,9.10431,9.10761
2022-02-04 14:00:00,9.10767,9.11942,9.10483,9.1063
2022-02-04 14:15:00,9.10627,9.11225,9.10404,9.10543
2022-02-04 14:30:00,9.10543,9.11147,9.10433,9.1107
2022-02-04 14:45:00,9.11068,9.11218,9.10239,9.10975
2022-02-04 15:00:00,9.10976,9.11931,9.10905,9.1123
2022-02-04 15:15:00,9.11248,9.11498,9.10739,9.11404
2022-02-04 15:30:00,9.11245,9.16933,9.09714,9.16926
2022-02-04 15:45:00,9.16927,9.17037,9.15629,9.15913
2022-02-04 16:00:00,9.15902,9.17011,9.13623,9.13913
2022-02-04 16:15:00,9.1394,9.15033,9.1389,9.14688
2022-02-04 16:30:00,9.14689,9.15858,9.13817,9.13959
2022-02-04 16:45:00,9.1396,9.16382,9.13865,9.1634
2022-02-04 17:00:00,9.16339,9.16662,9.15273,9.16351
2022-02-04 17:15:00,9.16353,9.16361,9.13991,9.14679
2022-02-04 17:30:00,9.14662,9.16091,9.13394,9.16089
2022-02-04 17:45:00,9.16085,9.1658,9.15307,9.15783
2022-02-04 18:00:00,9.15783,9.16118,9.14267,9.14822
2022-02-04 18:15:00,9.14817,9.15906,9.14065,9.14968
2022-02-04 18:30:00,9.14973,9.15074,9.13699,9.14262
2022-02-04 18:45:00,9.14269,9.14505,9.13171,9.13979
2022-02-04 19:00:00,9.1398,9.14075,9.13348,9.13881
2022-02-04 19:15:00,9.13879,9.14025,9.1344,9.13851
2022-02-04 19:30:00,9.1385,9.14434,9.13641,9.14331
2022-02-04 19:45:00,9.14332,9.14384,9.13724,9.14084
2022-02-04 20:00:00,9.14085,9.14154,9.13532,9.13625
2022-02-04 20:15:00,9.13624,9.14075,9.13578,9.13852
2022-02-04 20:30:00,9.13851,9.14173,9.13762,9.14041
2022-02-04 20:45:00,9.14048,9.14351,9.1369,9.1369
2022-02-04 21:00:00,9.13685,9.1396,9.13543,9.13936
2022-02-04 21:15:00,9.13935,9.14944,9.13922,9.14779
2022-02-04 21:30:00,9.14779,9.1482,9.14184,9.14204
2022-02-04 21:45:00,9.14199,9.14917,9.14165,9.14733
2022-02-04 22:00:00,9.14725,9.14798,9.13869,9.13914
2022-02-04 22:15:00,9.13922,9.14223,9.13579,9.1362
2022-02-04 22:30:00,9.13621,9.13861,9.13286,9.13755
2022-02-04 22:45:00,9.13753,9.15048,9.1374,9.14952
2022-02-04 23:00:00,9.14934,9.15118,9.14243,9.14523
2022-02-04 23:15:00,9.14521,9.14818,9.14517,9.14725
2022-02-04 23:30:00,9.14709,9.14822,9.14578,9.14768
2022-02-04 23:45:00,9.1477,9.15563,9.13913,9.14665
2022-02-07 00:00:00,9.1193,9.12902,9.11832,9.12379
2022-02-07 00:15:00,9.12378,9.12486,9.11838,9.12382
2022-02-07 00:30:00,9.12383,9.12465,9.12043,9.12356
2022-02-07 00:45:00,9.12357,9.13506,9.12161,9.13506
2022-02-07 01:00:00,9.13522,9.14096,9.134,9.14036
2022-02-07 01:15:00,9.14022,9.14362,9.13935,9.1429
2022-02-07 01:30:00,9.14289,9.14303,9.13513,9.14086
2022-02-07 01:45:00,9.14078,9.14271,9.13989,9.14022
2022-02-07 02:00:00,9.14012,9.14423,9.13907,9.1434
2022-02-07 02:15:00,9.14341,9.14555,9.14255,9.14427
2022-02-07 02:30:00,9.14425,9.14538,9.14164,9.1419
2022-02-07 02:45:00,9.14199,9.14406,9.14112,9.14254
2022-02-07 03:00:00,9.14258,9.15474,9.14169,9.14935
2022-02-07 03:15:00,9.14928,9.15108,9.14666,9.14755
2022-02-07 03:30:00,9.14763,9.14965,9.1458,9.14926
2022-02-07 03:45:00,9.14928,9.15907,9.14928,9.15306
2022-02-07 04:00:00,9.153,9.1578,9.15187,9.15745
2022-02-07 04:15:00,9.15746,9.16291,9.15637,9.1628
2022-02-07 04:30:00,9.16281,9.16809,9.16,9.1663
2022-02-07 04:45:00,9.16633,9.16747,9.16495,9.16707
2022-02-07 05:00:00,9.16706,9.16982,9.16678,9.16734
2022-02-07 05:15:00,9.16726,9.16743,9.16411,9.1649
2022-02-07 05:30:00,9.16505,9.16629,9.16418,9.16507
2022-02-07 05:45:00,9.16505,9.17066,9.16394,9.16526
2022-02-07 06:00:00,9.16528,9.16575,9.16175,9.16188
2022-02-07 06:15:00,9.16186,9.16218,9.15934,9.15949
2022-02-07 06:30:00,9.15952,9.16007,9.15901,9.15996
2022-02-07 06:45:00,9.15995,9.16219,9.15982,9.16035
2022-02-07 07:00:00,9.16036,9.16041,9.15695,9.15741
2022-02-07 07:15:00,9.15743,9.16245,9.15734,9.16184
2022-02-07 07:30:00,9.16178,9.16426,9.16034,9.16396
2022-02-07 07:45:00,9.16395,9.16427,9.16019,9.1637
2022-02-07 08:00:00,9.16371,9.16481,9.15216,9.15468
2022-02-07 08:15:00,9.1547,9.15544,9.14658,9.15256
2022-02-07 08:30:00,9.15255,9.15802,9.15143,9.15752
2022-02-07 08:45:00,9.15756,9.15939,9.15373,9.15788
2022-02-07 09:00:00,9.15821,9.16159,9.14422,9.14505
2022-02-07 09:15:00,9.14502,9.1504,9.13885,9.1439
2022-02-07 09:30:00,9.14389,9.1493,9.14087,9.14231
2022-02-07 09:45:00,9.14233,9.14592,9.13461,9.13465
2022-02-07 10:00:00,9.13466,9.14084,9.12515,9.13817
2022-02-07 10:15:00,9.13818,9.15079,9.13818,9.14398
2022-02-07 10:30:00,9.14401,9.15362,9.1415,9.14507
2022-02-07 10:45:00,9.14506,9.15484,9.14323,9.15112
2022-02-07 11:00:00,9.15113,9.1656,9.14685,9.16494
2022-02-07 11:15:00,9.16501,9.16501,9.1505,9.15346
2022-02-07 11:30:00,9.15343,9.16413,9.1532,9.15694
2022-02-07 11:45:00,9.15677,9.15712,9.14899,9.15278
2022-02-07 12:00:00,9.15279,9.15464,9.14081,9.15213
2022-02-07 12:15:00,9.15211,9.15524,9.14641,9.15149
2022-02-07 12:30:00,9.1515,9.16484,9.15045,9.15815
2022-02-07 12:45:00,9.15841,9.17092,9.15783,9.16929
2022-02-07 13:00:00,9.16948,9.16988,9.16294,9.16746
2022-02-07 13:15:00,9.16745,9.16894,9.14734,9.15242
2022-02-07 13:30:00,9.15241,9.15241,9.14364,9.1437
2022-02-07 13:45:00,9.14374,9.1459,9.14003,9.14083
2022-02-07 14:00:00,9.14093,9.14468,9.1349,9.14033
2022-02-07 14:15:00,9.1406,9.14191,9.13618,9.13618
2022-02-07 14:30:00,9.13632,9.13789,9.13,9.13361
2022-02-07 14:45:00,9.13359,9.13359,9.12232,9.12449
2022-02-07 15:00:00,9.12452,9.1297,9.11805,9.12511
2022-02-07 15:15:00,9.12517,9.13534,9.12376,9.13525
2022-02-07 15:30:00,9.13526,9.1432,9.13506,9.13876
2022-02-07 15:45:00,9.13885,9.14187,9.1297,9.13088
2022-02-07 16:00:00,9.13108,9.14177,9.1264,9.14064
2022-02-07 16:15:00,9.14061,9.14839,9.13995,9.14482
2022-02-07 16:30:00,9.14472,9.14472,9.13518,9.13543
2022-02-07 16:45:00,9.13539,9.14429,9.12559,9.12625
2022-02-07 17:00:00,9.12623,9.1326,9.12244,9.12948
2022-02-07 17:15:00,9.12945,9.13044,9.12236,9.12425
2022-02-07 17:30:00,9.12427,9.13597,9.12406,9.13193
2022-02-07 17:45:00,9.13194,9.13733,9.11686,9.11911
2022-02-07 18:00:00,9.11934,9.13507,9.11455,9.13448
2022-02-07 18:15:00,9.13444,9.14677,9.12713,9.12713
2022-02-07 18:30:00,9.12674,9.14468,9.12076,9.14468
2022-02-07 18:45:00,9.14456,9.14688,9.1371,9.13906
2022-02-07 19:00:00,9.13909,9.14328,9.13897,9.14229
2022-02-07 19:15:00,9.14224,9.14443,9.13899,9.14321
2022-02-07 19:30:00,9.14318,9.15118,9.14089,9.14149
2022-02-07 19:45:00,9.14151,9.14733,9.14143,9.14675
2022-02-07 20:00:00,9.14683,9.15123,9.14481,9.1482
2022-02-07 20:15:00,9.14818,9.15167,9.14561,9.14579
2022-02-07 20:30:00,9.14576,9.14576,9.13974,9.14404
2022-02-07 20:45:00,9.14395,9.14728,9.13701,9.1376
2022-02-07 21:00:00,9.13765,9.14283,9.13407,9.1383
2022-02-07 21:15:00,9.13831,9.14257,9.13512,9.13623
2022-02-07 21:30:00,9.13626,9.13631,9.1306,9.13068
2022-02-07 21:45:00,9.13067,9.13075,9.12466,9.12568
2022-02-07 22:00:00,9.12564,9.13333,9.12564,9.12964
2022-02-07 22:15:00,9.12965,9.13367,9.12598,9.13313
2022-02-07 22:30:00,9.13315,9.13388,9.12685,9.13192
2022-02-07 22:45:00,9.13179,9.13263,9.12459,9.12684
2022-02-07 23:00:00,9.12682,9.12774,9.12165,9.12241
2022-02-07 23:15:00,9.12242,9.12886,9.1224,9.12867
2022-02-07 23:30:00,9.1287,9.12928,9.12579,9.12653
2022-02-07 23:45:00,9.1265,9.127,9.11945,9.11975
2022-02-08 00:00:00,9.11979,9.12531,9.108,9.11051
2022-02-08 00:15:00,9.10973,9.11381,9.10761,9.1107
2022-02-08 00:30:00,9.1118,9.11457,9.10724,9.10813
2022-02-08 00:45:00,9.10801,9.11328,9.10753,9.11305
2022-02-08 01:00:00,9.11301,9.12565,9.11149,9.12518
2022-02-08 01:15:00,9.12521,9.12597,9.12279,9.12437
2022-02-08 01:30:00,9.12436,9.12438,9.12206,9.12298
2022-02-08 01:45:00,9.12296,9.12296,9.12092,9.12127
2022-02-08 02:00:00,9.12116,9.12404,9.12067,9.12321
2022-02-08 02:15:00,9.12317,9.12348,9.12026,9.1224
2022-02-08 02:30:00,9.12241,9.12328,9.12057,9.12129
2022-02-08 02:45:00,9.12128,9.12158,9.11889,9.11999
2022-02-08 03:00:00,9.11981,9.1213,9.11504,9.11812
2022-02-08 03:15:00,9.11815,9.11877,9.11552,9.11819
2022-02-08 03:30:00,9.11814,9.12255,9.11803,9.11846
2022-02-08 03:45:00,9.11847,9.12341,9.11838,9.12143
2022-02-08 04:00:00,9.12141,9.12859,9.12128,9.12549
2022-02-08 04:15:00,9.12555,9.13364,9.12529,9.12974
2022-02-08 04:30:00,9.13024,9.13147,9.12715,9.12763
2022-02-08 04:45:00,9.12768,9.12823,9.12395,9.12619
2022-02-08 05:00:00,9.1262,9.12866,9.12378,9.12826
2022-02-08 05:15:00,9.12825,9.13048,9.12594,9.12991
2022-02-08 05:30:00,9.12984,9.1302,9.12746,9.12795
2022-02-08 05:45:00,9.12768,9.12974,9.12478,9.12577
2022-02-08 06:00:00,9.12647,9.12791,9.12357,9.12729
2022-02-08 06:15:00,9.12726,9.13052,9.12636,9.12749
2022-02-08 06:30:00,9.12741,9.13263,9.12624,9.1312
2022-02-08 06:45:00,9.13119,9.13711,9.13111,9.13513
2022-02-08 07:00:00,9.13517,9.13931,9.1344,9.13921
2022-02-08 07:15:00,9.13918,9.14032,9.1376,9.14028
2022-02-08 07:30:00,9.14023,9.14168,9.13941,9.14102
2022-02-08 07:45:00,9.14091,9.14303,9.14057,9.14162
2022-02-08 08:00:00,9.14163,9.14381,9.14113,9.14162
2022-02-08 08:15:00,9.14164,9.14362,9.14019,9.1403
2022-02-08 08:30:00,9.14031,9.14227,9.13434,9.13496
2022-02-08 08:45:00,9.13495,9.14188,9.13488,9.14184
2022-02-08 09:00:00,9.14161,9.14734,9.13671,9.14607
2022-02-08 09:15:00,9.14606,9.16066,9.14118,9.16017
2022-02-08 09:30:00,9.16018,9.1639,9.15061,9.15161
2022-02-08 09:45:00,9.1516,9.15756,9.1502,9.15159
2022-02-08 10:00:00,9.15172,9.15277,9.13977,9.14768
2022-02-08 10:15:00,9.14768,9.14768,9.1285,9.13323
2022-02-08 10:30:00,9.13304,9.13792,9.1289,9.13392
2022-02-08 10:45:00,9.13393,9.13401,9.11816,9.12738
2022-02-08 11:00:00,9.12743,9.13634,9.12359,9.136
2022-02-08 11:15:00,9.13602,9.1378,9.12443,9.125
2022-02-08 11:30:00,9.12501,9.13182,9.12496,9.1267
2022-02-08 11:45:00,9.1267,9.13459,9.11765,9.12971
2022-02-08 12:00:00,9.12979,9.14298,9.12954,9.1401
2022-02-08 12:15:00,9.14012,9.14747,9.13486,9.13938
2022-02-08 12:30:00,9.13936,9.14152,9.13278,9.13286
2022-02-08 12:45:00,9.13285,9.13798,9.12898,9.13183
2022-02-08 13:00:00,9.13181,9.13662,9.12838,9.13007
2022-02-08 13:15:00,9.13008,9.14151,9.12949,9.14022
2022-02-08 13:30:00,9.14022,9.14431,9.13795,9.13868
2022-02-08 13:45:00,9.13869,9.13959,9.13477,9.13722
2022-02-08 14:00:00,9.13723,9.14254,9.13366,9.13892
2022-02-08 14:15:00,9.13894,9.14543,9.13887,9.14255
2022-02-08 14:30:00,9.14251,9.14445,9.13986,9.14382
2022-02-08 14:45:00,9.14387,9.14758,9.14338,9.14633
2022-02-08 15:00:00,9.14653,9.15584,9.14653,9.15371
2022-02-08 15:15:00,9.15372,9.15899,9.15034,9.15494
2022-02-08 15:30:00,9.15508,9.15567,9.14931,9.15375
2022-02-08 15:45:00,9.15374,9.15374,9.1479,9.15137
2022-02-08 16:00:00,9.15146,9.15511,9.14869,9.14876
2022-02-08 16:15:00,9.14879,9.15047,9.14073,9.15006
2022-02-08 16:30:00,9.15004,9.15027,9.14477,9.14726
2022-02-08 16:45:00,9.14725,9.16809,9.14461,9.16808
2022-02-08 17:00:00,9.1681,9.17755,9.16299,9.16404
2022-02-08 17:15:00,9.16412,9.17224,9.15962,9.16979
2022-02-08 17:30:00,9.17008,9.17369,9.16683,9.16684
2022-02-08 17:45:00,9.16677,9.17076,9.16007,9.1627
2022-02-08 18:00:00,9.16253,9.16302,9.15365,9.15849
2022-02-08 18:15:00,9.15821,9.15921,9.15064,9.15402
2022-02-08 18:30:00,9.15394,9.1571,9.15008,9.15039
2022-02-08 18:45:00,9.1504,9.15434,9.14757,9.15182
2022-02-08 19:00:00,9.15183,9.15233,9.14537,9.14568
2022-02-08 19:15:00,9.14565,9.14734,9.13909,9.1393
2022-02-08 19:30:00,9.13939,9.13966,9.13263,9.1389
2022-02-08 19:45:00,9.13888,9.14271,9.1345,9.14176
2022-02-08 20:00:00,9.14184,9.1462,9.14184,9.14571
2022-02-08 20:15:00,9.1457,9.15681,9.14508,9.1549
2022-02-08 20:30:00,9.15489,9.15492,9.14669,9.14692
2022-02-08 20:45:00,9.14656,9.14729,9.13793,9.13886
2022-02-08 21:00:00,9.13852,9.14772,9.13693,9.13815
2022-02-08 21:15:00,9.13817,9.1472,9.1381,9.14574
2022-02-08 21:30:00,9.14572,9.1479,9.14076,9.14788
2022-02-08 21:45:00,9.14785,9.15398,9.14522,9.14659
2022-02-08 22:00:00,9.14679,9.14817,9.13919,9.13921
2022-02-08 22:15:00,9.13924,9.14031,9.13815,9.13834
2022-02-08 22:30:00,9.13833,9.13916,9.13647,9.13669
2022-02-08 22:45:00,9.13664,9.14284,9.13548,9.14027
2022-02-08 23:00:00,9.14028,9.14133,9.13779,9.13798
2022-02-08 23:15:00,9.13799,9.13892,9.13679,9.13679
2022-02-08 23:30:00,9.13673,9.13932,9.13545,9.13826
2022-02-08 23:45:00,9.13825,9.13863,9.13542,9.13578
2022-02-09 00:00:00,9.13506,9.13979,9.12627,9.13782
2022-02-09 00:15:00,9.13783,9.14122,9.13511,9.13754
2022-02-09 00:30:00,9.14046,9.14703,9.13632,9.13684
2022-02-09 00:45:00,9.13688,9.13747,9.13509,9.13627
2022-02-09 01:00:00,9.13602,9.13913,9.13494,9.13753
2022-02-09 01:15:00,9.13754,9.13902,9.13647,9.13744
2022-02-09 01:30:00,9.13749,9.13784,9.13574,9.13643
2022-02-09 01:45:00,9.13633,9.13643,9.13336,9.13388
2022-02-09 02:00:00,9.1339,9.1358,9.13194,9.1346
2022-02-09 02:15:00,9.13462,9.13565,9.13229,9.13498
2022-02-09 02:30:00,9.1348,9.14175,9.13476,9.1403
2022-02-09 02:45:00,9.14031,9.14172,9.14001,9.14167
2022-02-09 03:00:00,9.1418,9.14323,9.1379,9.13824
2022-02-09 03:15:00,9.13824,9.1398,9.13756,9.13928
2022-02-09 03:30:00,9.13929,9.14061,9.1351,9.13524
2022-02-09 03:45:00,9.13523,9.13579,9.13397,9.13421
2022-02-09 04:00:00,9.13422,9.13446,9.13045,9.13152
2022-02-09 04:15:00,9.13164,9.13191,9.13093,9.13108
2022-02-09 04:30:00,9.13107,9.13197,9.13079,9.13116
2022-02-09 04:45:00,9.13141,9.13187,9.12592,9.12637
2022-02-09 05:00:00,9.12638,9.12852,9.12548,9.12843
2022-02-09 05:15:00,9.12842,9.12993,9.12744,9.12776
2022-02-09 05:30:00,9.12802,9.12991,9.12639,9.12805
2022-02-09 05:45:00,9.12801,9.12895,9.12603,9.12788
2022-02-09 06:00:00,9.12765,9.12883,9.12624,9.12769
2022-02-09 06:15:00,9.1277,9.12945,9.12719,9.12875
2022-02-09 06:30:00,9.12878,9.13185,9.12877,9.12994
2022-02-09 06:45:00,9.12993,9.13202,9.12911,9.13005
2022-02-09 07:00:00,9.13007,9.1315,9.12921,9.1308
2022-02-09 07:15:00,9.13075,9.13233,9.12966,9.12969
2022-02-09 07:30:00,9.12969,9.13098,9.12848,9.1291
2022-02-09 07:45:00,9.12911,9.13276,9.12871,9.13232
2022-02-09 08:00:00,9.13237,9.13244,9.12909,9.12993
2022-02-09 08:15:00,9.12994,9.13522,9.12953,9.13293
2022-02-09 08:30:00,9.13292,9.13408,9.1318,9.13289
2022-02-09 08:45:00,9.13293,9.13632,9.13199,9.13572
2022-02-09 09:00:00,9.13576,9.13576,9.12731,9.13327
2022-02-09 09:15:00,9.13327,9.13647,9.13137,9.13496
2022-02-09 09:30:00,9.13497,9.14902,9.1342,9.14368
2022-02-09 09:45:00,9.14366,9.14632,9.13365,9.13365
2022-02-09 10:00:00,9.13369,9.14486,9.1296,9.13626
2022-02-09 10:15:00,9.136,9.13753,9.1255,9.12695
2022-02-09 10:30:00,9.12696,9.12885,9.12094,9.12094
2022-02-09 10:45:00,9.12106,9.12482,9.10916,9.11263
2022-02-09 11:00:00,9.11243,9.12802,9.11242,9.12768
2022-02-09 11:15:00,9.12771,9.12779,9.11771,9.12254
2022-02-09 11:30:00,9.12257,9.12784,9.11828,9.11871
2022-02-09 11:45:00,9.11872,9.12366,9.11471,9.11611
2022-02-09 12:00:00,9.11613,9.12693,9.10951,9.11304
2022-02-09 12:15:00,9.11312,9.11555,9.10258,9.10418
2022-02-09 12:30:00,9.10425,9.11319,9.10264,9.10406
2022-02-09 12:45:00,9.10409,9.1057,9.09657,9.10216
2022-02-09 13:00:00,9.10218,9.1036,9.09502,9.10182
2022-02-09 13:15:00,9.1018,9.11191,9.10138,9.1047
2022-02-09 13:30:00,9.10451,9.11308,9.10294,9.10932
2022-02-09 13:45:00,9.1093,9.11424,9.10884,9.10907
2022-02-09 14:00:00,9.10889,9.11136,9.09886,9.09886
2022-02-09 14:15:00,9.09878,9.1029,9.09443,9.10261
2022-02-09 14:30:00,9.1026,9.10421,9.09581,9.10371
2022-02-09 14:45:00,9.10373,9.10537,9.09981,9.10204
2022-02-09 15:00:00,9.10206,9.10453,9.09721,9.10026
2022-02-09 15:15:00,9.10023,9.1054,9.09716,9.09912
2022-02-09 15:30:00,9.09911,9.10159,9.0894,9.08984
2022-02-09 15:45:00,9.08978,9.09813,9.08517,9.0967
2022-02-09 16:00:00,9.09665,9.10412,9.09615,9.09815
2022-02-09 16:15:00,9.09814,9.10242,9.09398,9.09786
2022-02-09 16:30:00,9.09749,9.10408,9.09405,9.09437
2022-02-09 16:45:00,9.09449,9.10775,9.09174,9.0963
2022-02-09 17:00:00,9.09631,9.0965,9.08649,9.09062
2022-02-09 17:15:00,9.09045,9.09281,9.07907,9.07923
2022-02-09 17:30:00,9.07919,9.08062,9.07471,9.08059
2022-02-09 17:45:00,9.08023,9.09773,9.07862,9.08983
2022-02-09 18:00:00,9.08984,9.09149,9.08241,9.08582
2022-02-09 18:15:00,9.08579,9.0915,9.08539,9.09005
2022-02-09 18:30:00,9.09007,9.09033,9.08339,9.0834
2022-02-09 18:45:00,9.08338,9.095,9.08142,9.09051
2022-02-09 19:00:00,9.09016,9.10155,9.09002,9.10086
2022-02-09 19:15:00,9.10088,9.10304,9.09575,9.09735
2022-02-09 19:30:00,9.0974,9.10474,9.08483,9.09467
2022-02-09 19:45:00,9.09497,9.09839,9.09133,9.09558
2022-02-09 20:00:00,9.09559,9.10357,9.09271,9.10053
2022-02-09 20:15:00,9.10054,9.10162,9.09759,9.10082
2022-02-09 20:30:00,9.10085,9.10525,9.1007,9.10389
2022-02-09 20:45:00,9.1039,9.10449,9.09911,9.10003
2022-02-09 21:00:00,9.10005,9.10534,9.09955,9.10361
2022-02-09 21:15:00,9.10359,9.10512,9.10112,9.10472
2022-02-09 21:30:00,9.10473,9.10631,9.10186,9.10474
2022-02-09 21:45:00,9.10473,9.10595,9.10086,9.10287
2022-02-09 22:00:00,9.10305,9.11246,9.10235,9.11189
2022-02-09 22:15:00,9.1119,9.11771,9.11139,9.11367
2022-02-09 22:30:00,9.11366,9.11416,9.10923,9.11188
2022-02-09 22:45:00,9.11189,9.11308,9.10843,9.11094
2022-02-09 23:00:00,9.11092,9.11639,9.11092,9.11601
2022-02-09 23:15:00,9.1161,9.11635,9.11028,9.11473
2022-02-09 23:30:00,9.11471,9.11758,9.11383,9.11665
2022-02-09 23:45:00,9.11666,9.11719,9.11098,9.11103
2022-02-10 00:00:00,9.10506,9.10545,9.09621,9.10371
2022-02-10 00:15:00,9.10372,9.10707,9.10203,9.10203
2022-02-10 00:30:00,9.10275,9.10749,9.1019,9.10695
2022-02-10 00:45:00,9.10607,9.10813,9.1041,9.10709
2022-02-10 01:00:00,9.10633,9.10661,9.10002,9.10568
2022-02-10 01:15:00,9.1057,9.10879,9.10569,9.10862
2022-02-10 01:30:00,9.10842,9.11042,9.10712,9.11039
2022-02-10 01:45:00,9.11038,9.11041,9.10896,9.11037
2022-02-10 02:00:00,9.11032,9.11459,9.11017,9.11253
2022-02-10 02:15:00,9.11254,9.11869,9.11248,9.1176
2022-02-10 02:30:00,9.11751,9.12234,9.1162,9.12234
2022-02-10 02:45:00,9.12217,9.12308,9.11881,9.12106
2022-02-10 03:00:00,9.12114,9.12234,9.11815,9.12233
2022-02-10 03:15:00,9.12232,9.12723,9.11527,9.12132
2022-02-10 03:30:00,9.12129,9.12575,9.12083,9.12571
2022-02-10 03:45:00,9.12566,9.12568,9.12099,9.12384
2022-02-10 04:00:00,9.12383,9.12631,9.12267,9.12617
2022-02-10 04:15:00,9.1262,9.12708,9.12359,9.12382
2022-02-10 04:30:00,9.12381,9.12383,9.1172,9.11781
2022-02-10 04:45:00,9.11782,9.11807,9.11082,9.11082
2022-02-10 05:00:00,9.11089,9.11533,9.11089,9.11328
2022-02-10 05:15:00,9.1132,9.11322,9.11055,9.11192
2022-02-10 05:30:00,9.11193,9.11325,9.11091,9.111
2022-02-10 05:45:00,9.111,9.11202,9.10971,9.11075
2022-02-10 06:00:00,9.11079,9.11106,9.10811,9.10934
2022-02-10 06:15:00,9.10941,9.11065,9.1086,9.1099
2022-02-10 06:30:00,9.10996,9.11258,9.10957,9.11052
2022-02-10 06:45:00,9.11053,9.11591,9.11035,9.11337
2022-02-10 07:00:00,9.11338,9.11481,9.1121,9.11335
2022-02-10 07:15:00,9.11336,9.11569,9.11323,9.11407
2022-02-10 07:30:00,9.11406,9.11544,9.1137,9.11499
2022-02-10 07:45:00,9.11502,9.11658,9.11406,9.11415
2022-02-10 08:00:00,9.11417,9.11417,9.10968,9.11191
2022-02-10 08:15:00,9.11192,9.11637,9.11142,9.11564
2022-02-10 08:30:00,9.11565,9.11755,9.11488,9.11595
2022-02-10 08:45:00,9.11599,9.11739,9.10227,9.10526
2022-02-10 09:00:00,9.10322,9.11918,9.09659,9.10483
2022-02-10 09:15:00,9.10484,9.11225,9.10052,9.11129
2022-02-10 09:30:00,9.11132,9.11149,9.09758,9.09788
2022-02-10 09:45:00,9.09789,9.10703,9.09421,9.09867
2022-02-10 10:00:00,9.09858,9.10084,9.08424,9.09503
2022-02-10 10:15:00,9.09506,9.09702,9.07868,9.09488
2022-02-10 10:30:00,9.09468,9.1692,9.09397,9.157
2022-02-10 10:45:00,9.15699,9.15981,9.14492,9.15973
2022-02-10 11:00:00,9.15984,9.16746,9.14583,9.14721
2022-02-10 11:15:00,9.14717,9.14738,9.1377,9.14664
2022-02-10 11:30:00,9.14718,9.14964,9.12938,9.14262
2022-02-10 11:45:00,9.14261,9.15499,9.14194,9.15034
2022-02-10 12:00:00,9.15035,9.15703,9.14489,9.14882
2022-02-10 12:15:00,9.14886,9.1547,9.14596,9.14977
2022-02-10 12:30:00,9.14975,9.15237,9.14678,9.14921
2022-02-10 12:45:00,9.14918,9.16304,9.14883,9.16304
2022-02-10 13:00:00,9.16328,9.17892,9.16313,9.17621
2022-02-10 13:15:00,9.17622,9.18523,9.1753,9.18393
2022-02-10 13:30:00,9.18399,9.18661,9.18143,9.18513
2022-02-10 13:45:00,9.18514,9.19145,9.1846,9.18977
2022-02-10 14:00:00,9.18979,9.19761,9.18567,9.19498
2022-02-10 14:15:00,9.19498,9.21039,9.19379,9.20948
2022-02-10 14:30:00,9.20955,9.21633,9.20214,9.20361
2022-02-10 14:45:00,9.2036,9.20619,9.20232,9.20264
2022-02-10 15:00:00,9.20262,9.2043,9.19839,9.20164
2022-02-10 15:15:00,9.20165,9.20958,9.2011,9.20437
2022-02-10 15:30:00,9.20448,9.26477,9.20447,9.24965
2022-02-10 15:45:00,9.24972,9.26782,9.24538,9.24728
2022-02-10 16:00:00,9.24725,9.27825,9.24725,9.27779
2022-02-10 16:15:00,9.27779,9.28634,9.26847,9.27461
2022-02-10 16:30:00,9.27473,9.27785,9.2464,9.25849
2022-02-10 16:45:00,9.2585,9.25936,9.2478,9.2579
2022-02-10 17:00:00,9.25811,9.25994,9.23406,9.23974
2022-02-10 17:15:00,9.23976,9.24178,9.22146,9.22193
2022-02-10 17:30:00,9.22191,9.22266,9.19736,9.19793
2022-02-10 17:45:00,9.19794,9.22517,9.19626,9.22028
2022-02-10 18:00:00,9.22012,9.22239,9.19125,9.20055
2022-02-10 18:15:00,9.20055,9.2094,9.19685,9.20234
2022-02-10 18:30:00,9.20266,9.20811,9.20158,9.20172
2022-02-10 18:45:00,9.20173,9.20175,9.18939,9.19088
2022-02-10 19:00:00,9.19089,9.19535,9.18267,9.18722
2022-02-10 19:15:00,9.18724,9.20508,9.18724,9.20298
2022-02-10 19:30:00,9.20307,9.20765,9.19968,9.20285
2022-02-10 19:45:00,9.20286,9.23884,9.20259,9.22245
2022-02-10 20:00:00,9.2227,9.22942,9.21175,9.22306
2022-02-10 20:15:00,9.22317,9.24532,9.22207,9.2427
2022-02-10 20:30:00,9.24271,9.26312,9.23709,9.25017
2022-02-10 20:45:00,9.25016,9.25616,9.24406,9.24406
2022-02-10 21:00:00,9.24363,9.26406,9.24327,9.26272
2022-02-10 21:15:00,9.26276,9.28337,9.26104,9.27041
2022-02-10 21:30:00,9.27045,9.27759,9.26732,9.27759
2022-02-10 21:45:00,9.27763,9.29558,9.2764,9.29208
2022-02-10 22:00:00,9.29196,9.29895,9.28341,9.28832
2022-02-10 22:15:00,9.28831,9.29553,9.28691,9.29402
2022-02-10 22:30:00,9.29335,9.30187,9.29308,9.30122
2022-02-10 22:45:00,9.30123,9.30574,9.29402,9.30057
2022-02-10 23:00:00,9.30053,9.30759,9.29864,9.30759
2022-02-10 23:15:00,9.30756,9.3268,9.3074,9.31502
2022-02-10 23:30:00,9.31489,9.31515,9.3028,9.30309
2022-02-10 23:45:00,9.3031,9.3058,9.28973,9.29
2022-02-11 00:00:00,9.27893,9.28671,9.27658,9.28668
2022-02-11 00:15:00,9.28669,9.2899,9.28399,9.2872
2022-02-11 00:30:00,9.28908,9.29563,9.28908,9.29365
2022-02-11 00:45:00,9.29368,9.29629,9.29004,9.29454
2022-02-11 01:00:00,9.2946,9.31014,9.28599,9.30528
2022-02-11 01:15:00,9.30529,9.31422,9.30336,9.3142
2022-02-11 01:30:00,9.31421,9.31904,9.30934,9.30959
2022-02-11 01:45:00,9.3096,9.31228,9.30675,9.31134
2022-02-11 02:00:00,9.31155,9.31672,9.31123,9.31252
2022-02-11 02:15:00,9.31258,9.33824,9.31222,9.3366
2022-02-11 02:30:00,9.33662,9.33706,9.3308,9.33484
2022-02-11 02:45:00,9.33536,9.33707,9.3279,9.32829
2022-02-11 03:00:00,9.32827,9.33332,9.32669,9.33094
2022-02-11 03:15:00,9.33096,9.33197,9.32647,9.32794
2022-02-11 03:30:00,9.32791,9.3301,9.32236,9.32385
2022-02-11 03:45:00,9.32366,9.3272,9.32265,9.32515
2022-02-11 04:00:00,9.32513,9.33306,9.32413,9.32951
2022-02-11 04:15:00,9.32959,9.33001,9.32388,9.32475
2022-02-11 04:30:00,9.32469,9.32783,9.32285,9.32725
2022-02-11 04:45:00,9.32739,9.32758,9.32375,9.32641
2022-02-11 05:00:00,9.32637,9.331,9.32631,9.32755
2022-02-11 05:15:00,9.32756,9.32919,9.32642,9.32745
2022-02-11 05:30:00,9.32744,9.33239,9.3274,9.33215
2022-02-11 05:45:00,9.33212,9.33501,9.33136,9.33427
2022-02-11 06:00:00,9.33426,9.33875,9.33413,9.3387
2022-02-11 06:15:00,9.33874,9.345,9.33874,9.34373
2022-02-11 06:30:00,9.34357,9.34736,9.33453,9.33749
2022-02-11 06:45:00,9.33738,9.34491,9.33549,9.33756
2022-02-11 07:00:00,9.33757,9.33816,9.33488,9.33654
2022-02-11 07:15:00,9.33661,9.33826,9.33316,9.33425
2022-02-11 07:30:00,9.33429,9.33431,9.33161,9.33163
2022-02-11 07:45:00,9.33164,9.33553,9.33048,9.3322
2022-02-11 08:00:00,9.33219,9.33564,9.33122,9.33506
2022-02-11 08:15:00,9.33505,9.34009,9.33431,9.33749
2022-02-11 08:30:00,9.33731,9.34442,9.33661,9.34306
2022-02-11 08:45:00,9.34305,9.34943,9.34097,9.34676
2022-02-11 09:00:00,9.34675,9.3476,9.32767,9.33078
2022-02-11 09:15:00,9.33077,9.34372,9.32878,9.33201
2022-02-11 09:30:00,9.3321,9.33234,9.3112,9.31469
2022-02-11 09:45:00,9.3147,9.32196,9.31207,9.32042
2022-02-11 10:00:00,9.32039,9.32216,9.29542,9.29543
2022-02-11 10:15:00,9.29542,9.30283,9.27677,9.27836
2022-02-11 10:30:00,9.27837,9.31841,9.27837,9.31637
2022-02-11 10:45:00,9.31674,9.31989,9.30624,9.31083
2022-02-11 11:00:00,9.31084,9.31084,9.29399,9.30354
2022-02-11 11:15:00,9.30357,9.30513,9.29647,9.29759
2022-02-11 11:30:00,9.29758,9.31222,9.29672,9.30896
2022-02-11 11:45:00,9.30894,9.31358,9.29874,9.3085
2022-02-11 12:00:00,9.30857,9.31669,9.30725,9.31353
2022-02-11 12:15:00,9.31354,9.3149,9.30738,9.31488
2022-02-11 12:30:00,9.31489,9.3178,9.30777,9.31412
2022-02-11 12:45:00,9.31425,9.31449,9.2998,9.3015
2022-02-11 13:00:00,9.30153,9.30452,9.29472,9.29653
2022-02-11 13:15:00,9.29653,9.3022,9.29392,9.29594
2022-02-11 13:30:00,9.29592,9.30359,9.29297,9.29392
2022-02-11 13:45:00,9.29397,9.29988,9.29159,9.2967
2022-02-11 14:00:00,9.29669,9.2985,9.27859,9.28191
2022-02-11 14:15:00,9.28191,9.28425,9.2647,9.26736
2022-02-11 14:30:00,9.26784,9.27181,9.26466,9.26712
2022-02-11 14:45:00,9.26704,9.26968,9.26186,9.26469
2022-02-11 15:00:00,9.26472,9.2661,9.24035,9.24085
2022-02-11 15:15:00,9.24079,9.25316,9.23778,9.25316
2022-02-11 15:30:00,9.25318,9.26872,9.25169,9.26793
2022-02-11 15:45:00,9.26802,9.27261,9.26419,9.27011
2022-02-11 16:00:00,9.27026,9.27065,9.25222,9.26048
2022-02-11 16:15:00,9.26059,9.26069,9.24796,9.25947
2022-02-11 16:30:00,9.25957,9.26863,9.25439,9.26658
2022-02-11 16:45:00,9.26665,9.2762,9.25143,9.27286
2022-02-11 17:00:00,9.27294,9.27596,9.26226,9.26515
2022-02-11 17:15:00,9.26509,9.26523,9.23896,9.24579
2022-02-11 17:30:00,9.24571,9.25558,9.24261,9.2555
2022-02-11 17:45:00,9.25571,9.25946,9.248,9.25285
2022-02-11 18:00:00,9.25303,9.25703,9.24172,9.25134
2022-02-11 18:15:00,9.25137,9.25735,9.24892,9.25513
2022-02-11 18:30:00,9.25518,9.26935,9.25501,9.26581
2022-02-11 18:45:00,9.26584,9.26827,9.25181,9.25661
2022-02-11 19:00:00,9.25666,9.2609,9.25148,9.25266
2022-02-11 19:15:00,9.25267,9.27089,9.25267,9.26283
2022-02-11 19:30:00,9.26284,9.26736,9.2597,9.26447
2022-02-11 19:45:00,9.26448,9.27216,9.26196,9.2624
2022-02-11 20:00:00,9.26244,9.26847,9.26184,9.26839
2022-02-11 20:15:00,9.26835,9.27098,9.26232,9.2689
2022-02-11 20:30:00,9.26889,9.32293,9.2684,9.31243
2022-02-11 20:45:00,9.31242,9.34366,9.31177,9.32689
2022-02-11 21:00:00,9.32685,9.35558,9.32394,9.33018
2022-02-11 21:15:00,9.33006,9.33381,9.31743,9.32603
2022-02-11 21:30:00,9.32601,9.33575,9.32071,9.33252
2022-02-11 21:45:00,9.33253,9.35282,9.32756,9.34464
2022-02-11 22:00:00,9.34431,9.35029,9.33435,9.33928
2022-02-11 22:15:00,9.3393,9.34524,9.33255,9.34206
2022-02-11 22:30:00,9.34216,9.34449,9.33409,9.33629
2022-02-11 22:45:00,9.3363,9.34487,9.33355,9.3426
2022-02-11 23:00:00,9.34263,9.34581,9.33676,9.345
2022-02-11 23:15:00,9.34514,9.34514,9.32839,9.33107
2022-02-11 23:30:00,9.33012,9.33795,9.3299,9.33243
2022-02-11 23:45:00,9.33224,9.33468,9.31894,9.31894
2022-02-14 00:00:00,9.30551,9.31605,9.30466,9.30958
2022-02-14 00:15:00,9.3096,9.31045,9.30126,9.30486
2022-02-14 00:30:00,9.30487,9.30786,9.30242,9.30264
2022-02-14 00:45:00,9.30265,9.30748,9.30152,9.30604
2022-02-14 01:00:00,9.30592,9.30946,9.28925,9.30064
2022-02-14 01:15:00,9.30222,9.30795,9.28184,9.29764
2022-02-14 01:30:00,9.29795,9.30187,9.29667,9.29709
2022-02-14 01:45:00,9.2971,9.29952,9.29397,9.29558
2022-02-14 02:00:00,9.29586,9.31055,9.29483,9.30819
2022-02-14 02:15:00,9.3085,9.31359,9.30553,9.31311
2022-02-14 02:30:00,9.3131,9.31694,9.3131,9.31522
2022-02-14 02:45:00,9.31522,9.31719,9.3137,9.31549
2022-02-14 03:00:00,9.31559,9.32145,9.3152,9.3214
2022-02-14 03:15:00,9.32141,9.32295,9.32045,9.32295
2022-02-14 03:30:00,9.32304,9.32723,9.32203,9.32506
2022-02-14 03:45:00,9.3251,9.32512,9.32233,9.32451
2022-02-14 04:00:00,9.32452,9.33348,9.32452,9.33232
2022-02-14 04:15:00,9.33245,9.33849,9.33237,9.33652
2022-02-14 04:30:00,9.3364,9.33661,9.33091,9.3348
2022-02-14 04:45:00,9.33486,9.33952,9.33486,9.33832
2022-02-14 05:00:00,9.33831,9.33832,9.33164,9.33604
2022-02-14 05:15:00,9.33603,9.33867,9.33555,9.33746
2022-02-14 05:30:00,9.33745,9.34013,9.33693,9.33992
2022-02-14 05:45:00,9.33993,9.34183,9.33882,9.34019
2022-02-14 06:00:00,9.34021,9.3422,9.33997,9.3402
2022-02-14 06:15:00,9.34018,9.34068,9.33717,9.33727
2022-02-14 06:30:00,9.33726,9.33789,9.33578,9.33743
2022-02-14 06:45:00,9.33742,9.33913,9.33685,9.33879
2022-02-14 07:00:00,9.33883,9.341,9.33733,9.33738
2022-02-14 07:15:00,9.33734,9.33834,9.33518,9.33529
2022-02-14 07:30:00,9.33544,9.33592,9.33003,9.33018
2022-02-14 07:45:00,9.33017,9.33088,9.32815,9.32878
2022-02-14 08:00:00,9.3288,9.33228,9.32856,9.33158
2022-02-14 08:15:00,9.33165,9.33445,9.32991,9.32991
2022-02-14 08:30:00,9.32989,9.33567,9.32974,9.33508
2022-02-14 08:45:00,9.33509,9.33877,9.33415,9.3348
2022-02-14 09:00:00,9.3358,9.34362,9.33478,9.33588
2022-02-14 09:15:00,9.33595,9.33606,9.32508,9.32845
2022-02-14 09:30:00,9.32844,9.32959,9.31988,9.31993
2022-02-14 09:45:00,9.31994,9.33396,9.31994,9.33373
2022-02-14 10:00:00,9.33447,9.34835,9.33182,9.33875
2022-02-14 10:15:00,9.33871,9.38316,9.33871,9.38238
2022-02-14 10:30:00,9.38232,9.41551,9.38122,9.41392
2022-02-14 10:45:00,9.41423,9.43502,9.40706,9.43376
2022-02-14 11:00:00,9.43382,9.44519,9.41744,9.42208
2022-02-14 11:15:00,9.42207,9.42248,9.39008,9.39399
2022-02-14 11:30:00,9.39394,9.40481,9.38916,9.40147
2022-02-14 11:45:00,9.40146,9.42241,9.39759,9.41969
2022-02-14 12:00:00,9.41954,9.42741,9.41823,9.41957
2022-02-14 12:15:00,9.4196,9.42989,9.40953,9.42556
2022-02-14 12:30:00,9.42562,9.44039,9.41941,9.43043
2022-02-14 12:45:00,9.43043,9.44848,9.42518,9.4387
2022-02-14 13:00:00,9.43871,9.43883,9.42324,9.42715
2022-02-14 13:15:00,9.42716,9.43067,9.42302,9.42386
2022-02-14 13:30:00,9.42387,9.44145,9.42387,9.43622
2022-02-14 13:45:00,9.43624,9.43741,9.42463,9.42696
2022-02-14 14:00:00,9.427,9.42907,9.40644,9.41024
2022-02-14 14:15:00,9.41017,9.41154,9.4024,9.40593
2022-02-14 14:30:00,9.40591,9.41101,9.34554,9.3555
2022-02-14 14:45:00,9.35548,9.36741,9.34529,9.35802
2022-02-14 15:00:00,9.35763,9.37999,9.35014,9.37784
2022-02-14 15:15:00,9.37788,9.38087,9.37122,9.3723
2022-02-14 15:30:00,9.37229,9.38391,9.36596,9.38237
2022-02-14 15:45:00,9.38228,9.38423,9.37024,9.37903
2022-02-14 16:00:00,9.37911,9.38292,9.36215,9.36466
2022-02-14 16:15:00,9.36468,9.38522,9.36417,9.38478
2022-02-14 16:30:00,9.38486,9.39456,9.37669,9.38453
2022-02-14 16:45:00,9.38456,9.39322,9.3583,9.3583
2022-02-14 17:00:00,9.35828,9.37747,9.35652,9.37642
2022-02-14 17:15:00,9.37646,9.38967,9.37295,9.3841
2022-02-14 17:30:00,9.38411,9.39306,9.38172,9.39284
2022-02-14 17:45:00,9.393,9.39749,9.37419,9.38353
2022-02-14 18:00:00,9.38315,9.38537,9.37326,9.38478
2022-02-14 18:15:00,9.38454,9.38671,9.37651,9.37698
2022-02-14 18:30:00,9.37694,9.38411,9.3693,9.3744
2022-02-14 18:45:00,9.37439,9.38079,9.37259,9.37667
2022-02-14 19:00:00,9.37669,9.38857,9.37668,9.38277
2022-02-14 19:15:00,9.38278,9.3851,9.37806,9.38009
2022-02-14 19:30:00,9.38012,9.38026,9.37667,9.37709
2022-02-14 19:45:00,9.37708,9.38025,9.37189,9.37347
2022-02-14 20:00:00,9.37339,9.37593,9.37001,9.37474
2022-02-14 20:15:00,9.37475,9.37956,9.37358,9.37871
2022-02-14 20:30:00,9.37872,9.38289,9.3757,9.37753
2022-02-14 20:45:00,9.37754,9.39673,9.37754,9.39627
2022-02-14 21:00:00,9.39626,9.40498,9.39292,9.4035
2022-02-14 21:15:00,9.40343,9.41818,9.39165,9.40254
2022-02-14 21:30:00,9.40244,9.41183,9.38922,9.4007
2022-02-14 21:45:00,9.40059,9.40539,9.39337,9.39618
2022-02-14 22:00:00,9.39619,9.39848,9.38786,9.39238
2022-02-14 22:15:00,9.39254,9.39345,9.38878,9.38929
2022-02-14 22:30:00,9.38928,9.3914,9.38472,9.38906
2022-02-14 22:45:00,9.38905,9.39204,9.3855,9.39148
2022-02-14 23:00:00,9.39141,9.3915,9.38738,9.38738
2022-02-14 23:15:00,9.38739,9.38751,9.3838,9.3843
2022-02-14 23:30:00,9.38431,9.38461,9.3835,9.38388
2022-02-14 23:45:00,9.38387,9.38407,9.37419,9.37431
2022-02-15 00:00:00,9.37339,9.37979,9.368,9.37979
2022-02-15 00:15:00,9.37903,9.38099,9.37643,9.38008
2022-02-15 00:30:00,9.38009,9.38525,9.38002,9.38518
2022-02-15 00:45:00,9.385,9.38538,9.38088,9.38101
2022-02-15 01:00:00,9.38105,9.38193,9.37852,9.38164
2022-02-15 01:15:00,9.38124,9.38272,9.37894,9.37934
2022-02-15 01:30:00,9.37948,9.38148,9.37944,9.38126
2022-02-15 01:45:00,9.38128,9.38132,9.37787,9.38051
2022-02-15 02:00:00,9.38052,9.38196,9.37505,9.3756
2022-02-15 02:15:00,9.37559,9.37625,9.37363,9.37427
2022-02-15 02:30:00,9.37426,9.37488,9.37278,9.37447
2022-02-15 02:45:00,9.37446,9.37645,9.37297,9.37311
2022-02-15 03:00:00,9.37306,9.37409,9.3704,9.37133
2022-02-15 03:15:00,9.37132,9.37296,9.36964,9.37072
2022-02-15 03:30:00,9.37081,9.37288,9.36842,9.36937
2022-02-15 03:45:00,9.36948,9.37095,9.36639,9.36661
2022-02-15 04:00:00,9.36662,9.36739,9.36441,9.36532
2022-02-15 04:15:00,9.36531,9.36567,9.3647,9.36494
2022-02-15 04:30:00,9.36495,9.36552,9.35796,9.35963
2022-02-15 04:45:00,9.35962,9.36056,9.35782,9.35978
2022-02-15 05:00:00,9.35976,9.36149,9.35962,9.36065
2022-02-15 05:15:00,9.36058,9.36088,9.35775,9.35909
2022-02-15 05:30:00,9.35904,9.36315,9.35856,9.36151
2022-02-15 05:45:00,9.36149,9.3617,9.3572,9.36011
2022-02-15 06:00:00,9.36202,9.36315,9.3616,9.36231
2022-02-15 06:15:00,9.36236,9.36291,9.36205,9.36231
2022-02-15 06:30:00,9.36232,9.36289,9.36157,9.36204
2022-02-15 06:45:00,9.36205,9.36222,9.36148,9.3616
2022-02-15 07:00:00,9.36163,9.36665,9.36139,9.36335
2022-02-15 07:15:00,9.36338,9.36382,9.36162,9.36294
2022-02-15 07:30:00,9.36288,9.3659,9.36166,9.36281
2022-02-15 07:45:00,9.36282,9.36546,9.36248,9.36475
2022-02-15 08:00:00,9.36476,9.36719,9.36469,9.36638
2022-02-15 08:15:00,9.36637,9.36783,9.36337,9.36522
2022-02-15 08:30:00,9.36523,9.36668,9.35886,9.35893
2022-02-15 08:45:00,9.3589,9.36224,9.35476,9.35656
2022-02-15 09:00:00,9.35655,9.36317,9.35607,9.36217
2022-02-15 09:15:00,9.36219,9.36479,9.35421,9.36455
2022-02-15 09:30:00,9.36468,9.37659,9.36381,9.37196
2022-02-15 09:45:00,9.37193,9.3779,9.36826,9.37382
2022-02-15 10:00:00,9.37389,9.37717,9.32489,9.33711
2022-02-15 10:15:00,9.3371,9.34009,9.29699,9.30041
2022-02-15 10:30:00,9.30044,9.30751,9.28853,9.28853
2022-02-15 10:45:00,9.28884,9.31303,9.27886,9.30292
2022-02-15 11:00:00,9.30293,9.31686,9.29645,9.31227
2022-02-15 11:15:00,9.31249,9.31471,9.30437,9.30961
2022-02-15 11:30:00,9.3096,9.31404,9.30851,9.31335
2022-02-15 11:45:00,9.31342,9.31816,9.31,9.31
2022-02-15 12:00:00,9.30999,9.31337,9.29853,9.31222
2022-02-15 12:15:00,9.31233,9.33562,9.30727,9.32293
2022-02-15 12:30:00,9.32294,9.3262,9.31315,9.32178
2022-02-15 12:45:00,9.32181,9.32405,9.3115,9.31379
2022-02-15 13:00:00,9.3138,9.31722,9.30629,9.30821
2022-02-15 13:15:00,9.3082,9.30894,9.30145,9.30819
2022-02-15 13:30:00,9.3082,9.31472,9.30546,9.31245
2022-02-15 13:45:00,9.31224,9.32258,9.30889,9.31294
2022-02-15 14:00:00,9.31292,9.32049,9.306,9.31853
2022-02-15 14:15:00,9.3185,9.32082,9.3136,9.31879
2022-02-15 14:30:00,9.31878,9.32133,9.3087,9.3094
2022-02-15 14:45:00,9.30941,9.31821,9.30676,9.31752
2022-02-15 15:00:00,9.31729,9.32119,9.30977,9.31923
2022-02-15 15:15:00,9.31921,9.32506,9.31429,9.31945
2022-02-15 15:30:00,9.31944,9.32779,9.30976,9.32274
2022-02-15 15:45:00,9.32257,9.3306,9.31579,9.3227
2022-02-15 16:00:00,9.32286,9.33002,9.3207,9.32921
2022-02-15 16:15:00,9.32918,9.33892,9.32345,9.33725
2022-02-15 16:30:00,9.33718,9.33783,9.30664,9.31184
2022-02-15 16:45:00,9.31236,9.32488,9.2991,9.30319
2022-02-15 17:00:00,9.30305,9.31291,9.30305,9.31265
2022-02-15 17:15:00,9.31264,9.32015,9.29522,9.29987
2022-02-15 17:30:00,9.29941,9.30271,9.29612,9.29765
2022-02-15 17:45:00,9.29764,9.30206,9.28301,9.28676
2022-02-15 18:00:00,9.28667,9.28889,9.27117,9.27504
2022-02-15 18:15:00,9.27507,9.2751,9.26532,9.26912
2022-02-15 18:30:00,9.2691,9.2691,9.25627,9.26088
2022-02-15 18:45:00,9.2609,9.26668,9.26031,9.26662
2022-02-15 19:00:00,9.2666,9.27572,9.26247,9.27572
2022-02-15 19:15:00,9.27573,9.29705,9.27572,9.29463
2022-02-15 19:30:00,9.29466,9.29571,9.28098,9.28143
2022-02-15 19:45:00,9.28144,9.29071,9.2754,9.27575
2022-02-15 20:00:00,9.27582,9.27585,9.27248,9.2749
2022-02-15 20:15:00,9.27489,9.27656,9.27186,9.27283
2022-02-15 20:30:00,9.27286,9.28196,9.27249,9.27911
2022-02-15 20:45:00,9.27912,9.2836,9.27787,9.28356
2022-02-15 21:00:00,9.28347,9.28579,9.28094,9.28192
2022-02-15 21:15:00,9.28191,9.28395,9.27663,9.28334
2022-02-15 21:30:00,9.28336,9.28364,9.27598,9.27648
2022-02-15 21:45:00,9.2766,9.28442,9.2707,9.27115
2022-02-15 22:00:00,9.27112,9.27112,9.26325,9.26815
2022-02-15 22:15:00,9.26816,9.27246,9.26639,9.27203
2022-02-15 22:30:00,9.27204,9.2833,9.27204,9.27876
2022-02-15 22:45:00,9.27872,9.28412,9.27857,9.28304
2022-02-15 23:00:00,9.28314,9.28699,9.28309,9.28699
2022-02-15 23:15:00,9.287,9.287,9.28224,9.28253
2022-02-15 23:30:00,9.28251,9.28318,9.28204,9.28253
2022-02-15 23:45:00,9.28249,9.28372,9.27525,9.27525
2022-02-16 00:00:00,9.27158,9.27257,9.25536,9.27257
2022-02-16 00:15:00,9.27258,9.27655,9.26524,9.26964
2022-02-16 00:30:00,9.27119,9.27648,9.27013,9.27447
2022-02-16 00:45:00,9.27568,9.27912,9.27362,9.27765
2022-02-16 01:00:00,9.27742,9.2846,9.27233,9.28431
2022-02-16 01:15:00,9.28432,9.28497,9.28348,9.28429
2022-02-16 01:30:00,9.28439,9.2867,9.28394,9.28617
2022-02-16 01:45:00,9.28635,9.28988,9.28476,9.28756
2022-02-16 02:00:00,9.28757,9.2925,9.28675,9.28766
2022-02-16 02:15:00,9.28749,9.28955,9.28582,9.28699
2022-02-16 02:30:00,9.287,9.28781,9.28605,9.28735
2022-02-16 02:45:00,9.28732,9.28789,9.28573,9.28611
2022-02-16 03:00:00,9.2861,9.29002,9.27703,9.27925
2022-02-16 03:15:00,9.27924,9.28284,9.27807,9.28267
2022-02-16 03:30:00,9.2827,9.28628,9.28233,9.28446
2022-02-16 03:45:00,9.28447,9.28451,9.28164,9.28269
2022-02-16 04:00:00,9.28258,9.28432,9.28095,9.28411
2022-02-16 04:15:00,9.28409,9.28436,9.28006,9.28422
2022-02-16 04:30:00,9.2842,9.28719,9.28413,9.28592
2022-02-16 04:45:00,9.2859,9.2861,9.28297,9.28585
2022-02-16 05:00:00,9.28584,9.28674,9.28457,9.28507
2022-02-16 05:15:00,9.28504,9.28749,9.28504,9.28658
2022-02-16 05:30:00,9.28659,9.28777,9.28608,9.28655
2022-02-16 05:45:00,9.28654,9.28702,9.28593,9.28678
2022-02-16 06:00:00,9.28678,9.28678,9.2848,9.28505
2022-02-16 06:15:00,9.28506,9.2855,9.28455,9.28543
2022-02-16 06:30:00,9.28542,9.28566,9.28409,9.28439
2022-02-16 06:45:00,9.28428,9.28472,9.28381,9.28472
2022-02-16 07:00:00,9.2847,9.28475,9.2833,9.28331
2022-02-16 07:15:00,9.28326,9.28375,9.28139,9.2814
2022-02-16 07:30:00,9.28136,9.28136,9.27937,9.27957
2022-02-16 07:45:00,9.27959,9.28147,9.27887,9.2807
2022-02-16 08:00:00,9.28072,9.28105,9.27688,9.2783
2022-02-16 08:15:00,9.27823,9.27823,9.27463,9.27463
2022-02-16 08:30:00,9.27459,9.27581,9.27315,9.27581
2022-02-16 08:45:00,9.27585,9.27589,9.26116,9.26154
2022-02-16 09:00:00,9.26159,9.26205,9.25452,9.2595
2022-02-16 09:15:00,9.25951,9.26483,9.25602,9.26374
2022-02-16 09:30:00,9.26375,9.26745,9.24954,9.25164
2022-02-16 09:45:00,9.25163,9.25909,9.25003,9.25065
2022-02-16 10:00:00,9.25074,9.25657,9.24893,9.25464
2022-02-16 10:15:00,9.25462,9.26024,9.24391,9.25993
2022-02-16 10:30:00,9.25995,9.26632,9.25557,9.25866
2022-02-16 10:45:00,9.25869,9.26278,9.24781,9.24901
2022-02-16 11:00:00,9.24901,9.26945,9.24874,9.26375
2022-02-16 11:15:00,9.26378,9.26533,9.25349,9.25934
2022-02-16 11:30:00,9.2594,9.26161,9.24441,9.25476
2022-02-16 11:45:00,9.25475,9.26789,9.24978,9.26316
2022-02-16 12:00:00,9.26329,9.27451,9.25349,9.25934
2022-02-16 12:15:00,9.25932,9.2799,9.25727,9.27804
2022-02-16 12:30:00,9.27863,9.2807,9.27256,9.27503
2022-02-16 12:45:00,9.27504,9.27615,9.27015,9.27411
2022-02-16 13:00:00,9.27436,9.27696,9.27186,9.27683
2022-02-16 13:15:00,9.27684,9.28405,9.27615,9.28183
2022-02-16 13:30:00,9.28181,9.28239,9.26947,9.27061
2022-02-16 13:45:00,9.27064,9.27129,9.26087,9.26991
2022-02-16 14:00:00,9.26993,9.27022,9.26478,9.26807
2022-02-16 14:15:00,9.26806,9.27207,9.26052,9.26612
2022-02-16 14:30:00,9.26609,9.26864,9.26238,9.2662
2022-02-16 14:45:00,9.2664,9.2719,9.26419,9.26757
2022-02-16 15:00:00,9.26758,9.27143,9.2634,9.26342
2022-02-16 15:15:00,9.26333,9.2725,9.26145,9.271
2022-02-16 15:30:00,9.27166,9.27718,9.26217,9.26811
2022-02-16 15:45:00,9.26816,9.28761,9.26279,9.2852
2022-02-16 16:00:00,9.28523,9.2958,9.28516,9.29075
2022-02-16 16:15:00,9.29074,9.29969,9.29021,9.29459
2022-02-16 16:30:00,9.29473,9.29473,9.28266,9.2892
2022-02-16 16:45:00,9.28918,9.30853,9.28547,9.30842
2022-02-16 17:00:00,9.30846,9.31479,9.29482,9.30037
2022-02-16 17:15:00,9.30047,9.30047,9.29169,9.29431
2022-02-16 17:30:00,9.29455,9.29924,9.28864,9.29466
2022-02-16 17:45:00,9.29469,9.30431,9.29281,9.29911
2022-02-16 18:00:00,9.29927,9.30097,9.29255,9.29751
2022-02-16 18:15:00,9.2977,9.2977,9.2799,9.28056
2022-02-16 18:30:00,9.28054,9.28092,9.27288,9.27721
2022-02-16 18:45:00,9.27722,9.27789,9.27064,9.27266
2022-02-16 19:00:00,9.27264,9.27299,9.26636,9.27261
2022-02-16 19:15:00,9.2726,9.27384,9.26684,9.27055
2022-02-16 19:30:00,9.27048,9.28205,9.27039,9.27421
2022-02-16 19:45:00,9.27422,9.27927,9.27033,9.27756
2022-02-16 20:00:00,9.27757,9.28447,9.27528,9.27929
2022-02-16 20:15:00,9.2793,9.2793,9.27174,9.27431
2022-02-16 20:30:00,9.27432,9.27607,9.27054,9.27226
2022-02-16 20:45:00,9.27227,9.28097,9.26684,9.27619
2022-02-16 21:00:00,9.27644,9.28218,9.24953,9.25582
2022-02-16 21:15:00,9.25584,9.26277,9.24987,9.25272
2022-02-16 21:30:00,9.25274,9.2681,9.24698,9.26285
2022-02-16 21:45:00,9.26283,9.26422,9.2584,9.25844
2022-02-16 22:00:00,9.25845,9.26015,9.25363,9.25857
2022-02-16 22:15:00,9.25858,9.26443,9.25831,9.2618
2022-02-16 22:30:00,9.26178,9.26519,9.26018,9.26399
2022-02-16 22:45:00,9.26398,9.26689,9.25925,9.26397
2022-02-16 23:00:00,9.26401,9.27254,9.2634,9.27243
2022-02-16 23:15:00,9.27241,9.2736,9.27107,9.27266
2022-02-16 23:30:00,9.27259,9.27532,9.27213,9.27433
2022-02-16 23:45:00,9.27435,9.27504,9.26782,9.26996
2022-02-17 00:00:00,9.26992,9.27156,9.25666,9.27156
2022-02-17 00:15:00,9.27154,9.27205,9.27059,9.27094
2022-02-17 00:30:00,9.27078,9.27198,9.26953,9.26965
2022-02-17 00:45:00,9.26961,9.27337,9.26845,9.26896
2022-02-17 01:00:00,9.26864,9.26938,9.26257,9.2634
2022-02-17 01:15:00,9.26341,9.26708,9.26244,9.26372
2022-02-17 01:30:00,9.26371,9.2746,9.26336,9.27256
2022-02-17 01:45:00,9.27242,9.28134,9.27206,9.27805
2022-02-17 02:00:00,9.27806,9.27889,9.27316,9.2765
2022-02-17 02:15:00,9.27649,9.28231,9.27498,9.28148
2022-02-17 02:30:00,9.28152,9.28856,9.27991,9.28679
2022-02-17 02:45:00,9.28682,9.29368,9.28674,9.28674
2022-02-17 03:00:00,9.28665,9.28739,9.28278,9.28326
2022-02-17 03:15:00,9.28327,9.28419,9.27423,9.27657
2022-02-17 03:30:00,9.27643,9.27917,9.27558,9.27644
2022-02-17 03:45:00,9.27661,9.27724,9.27481,9.27515
2022-02-17 04:00:00,9.27514,9.27775,9.27147,9.27337
2022-02-17 04:15:00,9.27325,9.27393,9.2723,9.27284
2022-02-17 04:30:00,9.27296,9.27352,9.2699,9.27081
2022-02-17 04:45:00,9.27099,9.27205,9.26958,9.27121
2022-02-17 05:00:00,9.27134,9.27416,9.26948,9.273
2022-02-17 05:15:00,9.27292,9.2732,9.27062,9.27104
2022-02-17 05:30:00,9.27103,9.27149,9.26991,9.27149
2022-02-17 05:45:00,9.27146,9.31916,9.2705,9.31548
2022-02-17 06:00:00,9.31544,9.33095,9.3064,9.31723
2022-02-17 06:15:00,9.3175,9.32773,9.31446,9.31672
2022-02-17 06:30:00,9.31677,9.31837,9.3105,9.31378
2022-02-17 06:45:00,9.31393,9.3213,9.31252,9.32075
2022-02-17 07:00:00,9.32079,9.32092,9.30879,9.31153
2022-02-17 07:15:00,9.31158,9.31339,9.30515,9.30542
2022-02-17 07:30:00,9.30545,9.30687,9.3019,9.30539
2022-02-17 07:45:00,9.3052,9.30678,9.3026,9.30374
2022-02-17 08:00:00,9.30372,9.31153,9.30217,9.30845
2022-02-17 08:15:00,9.30846,9.31144,9.29839,9.29839
2022-02-17 08:30:00,9.29843,9.31549,9.29843,9.31183
2022-02-17 08:45:00,9.31184,9.31188,9.30313,9.30742
2022-02-17 09:00:00,9.30743,9.30875,9.29449,9.29953
2022-02-17 09:15:00,9.29955,9.30767,9.29584,9.29757
2022-02-17 09:30:00,9.29755,9.30045,9.29282,9.29381
2022-02-17 09:45:00,9.2938,9.29601,9.27159,9.27159
2022-02-17 10:00:00,9.27175,9.28057,9.26596,9.2775
2022-02-17 10:15:00,9.27743,9.31863,9.27703,9.30745
2022-02-17 10:30:00,9.30746,9.3129,9.28613,9.29927
2022-02-17 10:45:00,9.2991,9.32405,9.29856,9.3071
2022-02-17 11:00:00,9.30712,9.33871,9.29522,9.33375
2022-02-17 11:15:00,9.33376,9.33951,9.32242,9.32758
2022-02-17 11:30:00,9.32762,9.34041,9.30885,9.33248
2022-02-17 11:45:00,9.33228,9.33298,9.31625,9.31962
2022-02-17 12:00:00,9.31985,9.32906,9.31297,9.31299
2022-02-17 12:15:00,9.31311,9.31323,9.30437,9.31084
2022-02-17 12:30:00,9.31107,9.32125,9.30137,9.30428
2022-02-17 12:45:00,9.30426,9.30751,9.30211,9.30243
2022-02-17 13:00:00,9.30242,9.31156,9.30003,9.30152
2022-02-17 13:15:00,9.30156,9.31471,9.29913,9.31471
2022-02-17 13:30:00,9.31477,9.32681,9.31286,9.31805
2022-02-17 13:45:00,9.31806,9.3226,9.31545,9.31859
2022-02-17 14:00:00,9.31836,9.31857,9.30594,9.31058
2022-02-17 14:15:00,9.31063,9.31492,9.29939,9.29966
2022-02-17 14:30:00,9.29992,9.30716,9.29498,9.29565
2022-02-17 14:45:00,9.29567,9.29721,9.29109,9.2934
2022-02-17 15:00:00,9.29344,9.31958,9.28556,9.31948
2022-02-17 15:15:00,9.31946,9.32816,9.31567,9.32655
2022-02-17 15:30:00,9.32673,9.32961,9.31524,9.32581
2022-02-17 15:45:00,9.32611,9.3602,9.32503,9.34684
2022-02-17 16:00:00,9.34685,9.34742,9.32156,9.33753
2022-02-17 16:15:00,9.33754,9.34382,9.32611,9.33415
2022-02-17 16:30:00,9.33447,9.35353,9.32914,9.35088
2022-02-17 16:45:00,9.35086,9.37303,9.35049,9.36888
2022-02-17 17:00:00,9.36891,9.37531,9.34114,9.3413
2022-02-17 17:15:00,9.34122,9.36126,9.34007,9.35267
2022-02-17 17:30:00,9.35285,9.35621,9.3409,9.34557
2022-02-17 17:45:00,9.3455,9.35268,9.33122,9.33274
2022-02-17 18:00:00,9.33263,9.33584,9.32336,9.32447
2022-02-17 18:15:00,9.32451,9.3307,9.32304,9.32371
2022-02-17 18:30:00,9.3237,9.33125,9.32193,9.32423
2022-02-17 18:45:00,9.32424,9.33018,9.32196,9.32931
2022-02-17 19:00:00,9.32934,9.33263,9.32493,9.33174
2022-02-17 19:15:00,9.33173,9.3318,9.3192,9.32806
2022-02-17 19:30:00,9.32807,9.33172,9.3228,9.32607
2022-02-17 19:45:00,9.32604,9.33894,9.32467,9.33715
2022-02-17 20:00:00,9.33719,9.3459,9.3369,9.34374
2022-02-17 20:15:00,9.34372,9.34372,9.33654,9.33797
2022-02-17 20:30:00,9.338,9.33903,9.33282,9.33636
2022-02-17 20:45:00,9.33637,9.33888,9.3331,9.33326
2022-02-17 21:00:00,9.33325,9.3389,9.32937,9.33342
2022-02-17 21:15:00,9.33341,9.33622,9.33213,9.33561
2022-02-17 21:30:00,9.3356,9.34263,9.33418,9.34093
2022-02-17 21:45:00,9.34092,9.34572,9.33938,9.34283
2022-02-17 22:00:00,9.3425,9.3564,9.34243,9.35454
2022-02-17 22:15:00,9.35435,9.3551,9.34107,9.34696
2022-02-17 22:30:00,9.34701,9.34717,9.33492,9.33681
2022-02-17 22:45:00,9.33687,9.33912,9.33636,9.33858
2022-02-17 23:00:00,9.33849,9.34159,9.33691,9.33831
2022-02-17 23:15:00,9.3383,9.33877,9.33708,9.33792
2022-02-17 23:30:00,9.33741,9.33823,9.33691,9.33725
2022-02-17 23:45:00,9.33723,9.33766,9.3286,9.3286
2022-02-18 00:00:00,9.32717,9.35549,9.31153,9.32613
2022-02-18 00:15:00,9.32525,9.3314,9.32349,9.32785
2022-02-18 00:30:00,9.32872,9.32872,9.32331,9.32332
2022-02-18 00:45:00,9.3238,9.32674,9.32215,9.32373
2022-02-18 01:00:00,9.32383,9.33452,9.31668,9.32985
2022-02-18 01:15:00,9.32999,9.33206,9.32783,9.32951
2022-02-18 01:30:00,9.32949,9.33178,9.32831,9.3303
2022-02-18 01:45:00,9.33029,9.33356,9.32913,9.33327
2022-02-18 02:00:00,9.33328,9.33833,9.32847,9.33416
2022-02-18 02:15:00,9.33417,9.33593,9.33273,9.33484
2022-02-18 02:30:00,9.33486,9.33782,9.33418,9.33604
2022-02-18 02:45:00,9.33601,9.34004,9.33545,9.33758
2022-02-18 03:00:00,9.33748,9.3388,9.33604,9.33681
2022-02-18 03:15:00,9.33684,9.33831,9.33596,9.33758
2022-02-18 03:30:00,9.33763,9.33791,9.32818,9.33258
2022-02-18 03:45:00,9.33255,9.33657,9.324,9.329
2022-02-18 04:00:00,9.32898,9.33026,9.32066,9.32413
2022-02-18 04:15:00,9.32429,9.33028,9.32248,9.32354
2022-02-18 04:30:00,9.3236,9.32859,9.32254,9.32632
2022-02-18 04:45:00,9.32666,9.32759,9.32401,9.3253
2022-02-18 05:00:00,9.32532,9.32748,9.32454,9.32598
2022-02-18 05:15:00,9.32597,9.32661,9.32391,9.32511
2022-02-18 05:30:00,9.32512,9.32558,9.32172,9.32377
2022-02-18 05:45:00,9.32385,9.32607,9.31526,9.31735
2022-02-18 06:00:00,9.31736,9.31806,9.31395,9.31435
2022-02-18 06:15:00,9.31438,9.31525,9.31348,9.31449
2022-02-18 06:30:00,9.31449,9.31649,9.31399,9.31528
2022-02-18 06:45:00,9.31528,9.31881,9.31465,9.31772
2022-02-18 07:00:00,9.31773,9.31924,9.31724,9.31871
2022-02-18 07:15:00,9.31894,9.32265,9.31816,9.32265
2022-02-18 07:30:00,9.32266,9.32357,9.31967,9.31994
2022-02-18 07:45:00,9.31991,9.32007,9.31837,9.31915
2022-02-18 08:00:00,9.31918,9.3199,9.31683,9.31758
2022-02-18 08:15:00,9.31757,9.31939,9.31463,9.31643
2022-02-18 08:30:00,9.31648,9.31779,9.31165,9.31226
2022-02-18 08:45:00,9.31229,9.31346,9.30991,9.31255
2022-02-18 09:00:00,9.31254,9.31302,9.28131,9.284
2022-02-18 09:15:00,9.28401,9.28637,9.2761,9.28581
2022-02-18 09:30:00,9.28604,9.28978,9.27651,9.28319
2022-02-18 09:45:00,9.2832,9.28908,9.28097,9.28259
2022-02-18 10:00:00,9.28266,9.30297,9.27916,9.30112
2022-02-18 10:15:00,9.3011,9.3048,9.29349,9.29701
2022-02-18 10:30:00,9.2969,9.30134,9.29234,9.29295
2022-02-18 10:45:00,9.29288,9.31343,9.29074,9.3107
2022-02-18 11:00:00,9.31073,9.31652,9.30688,9.31603
2022-02-18 11:15:00,9.31601,9.31864,9.30545,9.30961
2022-02-18 11:30:00,9.3096,9.31262,9.30318,9.30424
2022-02-18 11:45:00,9.30425,9.30769,9.29882,9.30315
2022-02-18 12:00:00,9.30324,9.31815,9.2993,9.31345
2022-02-18 12:15:00,9.31344,9.31487,9.30429,9.31483
2022-02-18 12:30:00,9.31476,9.31675,9.31044,9.3108
2022-02-18 12:45:00,9.31079,9.31918,9.30883,9.31811
2022-02-18 13:00:00,9.31813,9.331,9.31796,9.32711
2022-02-18 13:15:00,9.3271,9.33619,9.32488,9.33592
2022-02-18 13:30:00,9.33586,9.33586,9.31252,9.31715
2022-02-18 13:45:00,9.31716,9.32134,9.31486,9.31553
2022-02-18 14:00:00,9.31546,9.32139,9.30961,9.31101
2022-02-18 14:15:00,9.31107,9.3182,9.30315,9.30975
2022-02-18 14:30:00,9.30968,9.30968,9.29947,9.30024
2022-02-18 14:45:00,9.2999,9.30343,9.29448,9.30225
2022-02-18 15:00:00,9.30224,9.31902,9.29742,9.31902
2022-02-18 15:15:00,9.31886,9.32511,9.31304,9.32104
2022-02-18 15:30:00,9.32103,9.32675,9.30955,9.31215
2022-02-18 15:45:00,9.31214,9.32605,9.3118,9.32554
2022-02-18 16:00:00,9.32552,9.34193,9.32344,9.34187
2022-02-18 16:15:00,9.34188,9.342,9.32785,9.33237
2022-02-18 16:30:00,9.33262,9.35038,9.33109,9.34948
2022-02-18 16:45:00,9.34954,9.3503,9.32759,9.33
2022-02-18 17:00:00,9.33001,9.33375,9.3223,9.33317
2022-02-18 17:15:00,9.33318,9.34678,9.3239,9.34464
2022-02-18 17:30:00,9.34462,9.36231,9.34447,9.3603
2022-02-18 17:45:00,9.36026,9.3667,9.3528,9.36081
2022-02-18 18:00:00,9.36055,9.4025,9.35926,9.3873
2022-02-18 18:15:00,9.38728,9.38868,9.36431,9.36765
2022-02-18 18:30:00,9.36768,9.38467,9.36401,9.38329
2022-02-18 18:45:00,9.3833,9.39652,9.38233,9.39144
2022-02-18 19:00:00,9.39134,9.39713,9.38571,9.38645
2022-02-18 19:15:00,9.38644,9.4006,9.38588,9.40046
2022-02-18 19:30:00,9.40045,9.40974,9.39679,9.40287
2022-02-18 19:45:00,9.40293,9.40337,9.39885,9.40107
2022-02-18 20:00:00,9.40108,9.40403,9.39863,9.39986
2022-02-18 20:15:00,9.39976,9.40142,9.3938,9.39937
2022-02-18 20:30:00,9.39923,9.40197,9.3969,9.40043
2022-02-18 20:45:00,9.4004,9.40047,9.39056,9.39161
2022-02-18 21:00:00,9.3916,9.3931,9.38849,9.39286
2022-02-18 21:15:00,9.39285,9.39363,9.38406,9.38496
2022-02-18 21:30:00,9.38495,9.38518,9.3789,9.38492
2022-02-18 21:45:00,9.38495,9.38832,9.37739,9.38043
2022-02-18 22:00:00,9.38044,9.38826,9.37423,9.38737
2022-02-18 22:15:00,9.38732,9.39028,9.38671,9.38952
2022-02-18 22:30:00,9.38951,9.39754,9.38248,9.3849
2022-02-18 22:45:00,9.38486,9.39292,9.38193,9.39216
2022-02-18 23:00:00,9.39202,9.39217,9.38831,9.38897
2022-02-18 23:15:00,9.38899,9.39026,9.38764,9.38883
2022-02-18 23:30:00,9.38885,9.3891,9.38536,9.38804
2022-02-18 23:45:00,9.38806,9.3905,9.36935,9.37161
2022-02-21 00:00:00,9.37374,9.38078,9.37142,9.37509
2022-02-21 00:15:00,9.37524,9.37634,9.371,9.37233
2022-02-21 00:30:00,9.3733,9.37431,9.37079,9.37301
2022-02-21 00:45:00,9.37302,9.37564,9.37277,9.37473
2022-02-21 01:00:00,9.37475,9.39951,9.3712,9.39762
2022-02-21 01:15:00,9.39763,9.40015,9.37785,9.38603
2022-02-21 01:30:00,9.38725,9.40854,9.37084,9.40214
2022-02-21 01:45:00,9.40215,9.40277,9.39521,9.39785
2022-02-21 02:00:00,9.39795,9.40085,9.39583,9.39737
2022-02-21 02:15:00,9.39738,9.39995,9.39529,9.39934
2022-02-21 02:30:00,9.39932,9.39932,9.39534,9.39634
2022-02-21 02:45:00,9.39633,9.39681,9.38233,9.38497
2022-02-21 03:00:00,9.38489,9.38701,9.377,9.37891
2022-02-21 03:15:00,9.3789,9.3823,9.37287,9.37369
2022-02-21 03:30:00,9.37371,9.37393,9.36196,9.36242
2022-02-21 03:45:00,9.36259,9.36306,9.35122,9.35446
2022-02-21 04:00:00,9.35441,9.35639,9.35097,9.35365
2022-02-21 04:15:00,9.35367,9.35641,9.35293,9.3533
2022-02-21 04:30:00,9.35327,9.35494,9.35146,9.35316
2022-02-21 04:45:00,9.35315,9.35405,9.3506,9.3514
2022-02-21 05:00:00,9.35139,9.35158,9.34739,9.3493
2022-02-21 05:15:00,9.34932,9.34955,9.3403,9.34323
2022-02-21 05:30:00,9.34321,9.34493,9.33874,9.3422
2022-02-21 05:45:00,9.34153,9.34589,9.34067,9.34189
2022-02-21 06:00:00,9.3419,9.34455,9.34076,9.34176
2022-02-21 06:15:00,9.34177,9.34433,9.34076,9.34382
2022-02-21 06:30:00,9.34383,9.3454,9.33865,9.33923
2022-02-21 06:45:00,9.33924,9.34158,9.33791,9.33894
2022-02-21 07:00:00,9.33895,9.33981,9.33645,9.33876
2022-02-21 07:15:00,9.33879,9.33964,9.3372,9.33878
2022-02-21 07:30:00,9.33878,9.33983,9.33828,9.33921
2022-02-21 07:45:00,9.33938,9.33978,9.32974,9.33053
2022-02-21 08:00:00,9.33054,9.33159,9.32904,9.33067
2022-02-21 08:15:00,9.33064,9.33098,9.32317,9.32506
2022-02-21 08:30:00,9.32516,9.32831,9.32435,9.32592
2022-02-21 08:45:00,9.32595,9.32705,9.31797,9.31991
2022-02-21 09:00:00,9.3199,9.32186,9.30937,9.31256
2022-02-21 09:15:00,9.31255,9.3239,9.31248,9.32155
2022-02-21 09:30:00,9.32153,9.3264,9.32102,9.32405
2022-02-21 09:45:00,9.32403,9.32582,9.31482,9.32579
2022-02-21 10:00:00,9.32572,9.32951,9.31891,9.32823
2022-02-21 10:15:00,9.32709,9.34642,9.31646,9.34518
2022-02-21 10:30:00,9.34321,9.35303,9.3303,9.34825
2022-02-21 10:45:00,9.34824,9.36643,9.33522,9.366
2022-02-21 11:00:00,9.36597,9.36772,9.35336,9.35944
2022-02-21 11:15:00,9.35945,9.36275,9.34862,9.35479
2022-02-21 11:30:00,9.35481,9.35509,9.34702,9.34994
2022-02-21 11:45:00,9.34985,9.35686,9.34602,9.35402
2022-02-21 12:00:00,9.35402,9.35692,9.34381,9.34873
2022-02-21 12:15:00,9.34871,9.35152,9.34444,9.34908
2022-02-21 12:30:00,9.3491,9.35151,9.3422,9.35018
2022-02-21 12:45:00,9.35016,9.36455,9.35012,9.36174
2022-02-21 13:00:00,9.36173,9.36173,9.3493,9.35066
2022-02-21 13:15:00,9.35072,9.37279,9.34793,9.37237
2022-02-21 13:30:00,9.37235,9.38434,9.37114,9.38277
2022-02-21 13:45:00,9.38274,9.38935,9.37397,9.37469
2022-02-21 14:00:00,9.3747,9.39046,9.37401,9.38816
2022-02-21 14:15:00,9.38817,9.39431,9.37618,9.38433
2022-02-21 14:30:00,9.38432,9.39566,9.38008,9.39554
2022-02-21 14:45:00,9.39543,9.41684,9.39057,9.4046
2022-02-21 15:00:00,9.40456,9.40471,9.39349,9.3949
2022-02-21 15:15:00,9.39489,9.41396,9.39396,9.40828
2022-02-21 15:30:00,9.40823,9.40996,9.39441,9.40573
2022-02-21 15:45:00,9.40574,9.40911,9.38935,9.39422
2022-02-21 16:00:00,9.39474,9.40217,9.38266,9.38271
2022-02-21 16:15:00,9.38239,9.3846,9.36549,9.38426
2022-02-21 16:30:00,9.38425,9.40426,9.37924,9.39641
2022-02-21 16:45:00,9.39662,9.40156,9.38773,9.39558
2022-02-21 17:00:00,9.39559,9.39703,9.37918,9.3845
2022-02-21 17:15:00,9.38448,9.39767,9.38118,9.3934
2022-02-21 17:30:00,9.39338,9.39495,9.38762,9.38872
2022-02-21 17:45:00,9.38869,9.39784,9.37987,9.39199
2022-02-21 18:00:00,9.39198,9.39871,9.38499,9.38826
2022-02-21 18:15:00,9.38812,9.39392,9.38298,9.38897
2022-02-21 18:30:00,9.38897,9.39106,9.38181,9.38217
2022-02-21 18:45:00,9.3823,9.38422,9.37679,9.38156
2022-02-21 19:00:00,9.38157,9.39598,9.37877,9.39597
2022-02-21 19:15:00,9.39598,9.39969,9.39283,9.39551
2022-02-21 19:30:00,9.3955,9.40142,9.39491,9.4013
2022-02-21 19:45:00,9.40128,9.40905,9.39768,9.40495
2022-02-21 20:00:00,9.40472,9.42618,9.39699,9.4246
2022-02-21 20:15:00,9.42463,9.42991,9.42384,9.42656
2022-02-21 20:30:00,9.42657,9.42662,9.41997,9.42606
2022-02-21 20:45:00,9.42607,9.43077,9.4242,9.42862
2022-02-21 21:00:00,9.4286,9.43435,9.42837,9.43427
2022-02-21 21:15:00,9.43426,9.44166,9.43399,9.43957
2022-02-21 21:30:00,9.43956,9.44147,9.43387,9.43409
2022-02-21 21:45:00,9.43412,9.43421,9.427,9.43047
2022-02-21 22:00:00,9.4305,9.43856,9.43045,9.43741
2022-02-21 22:15:00,9.43742,9.4377,9.43574,9.43651
2022-02-21 22:30:00,9.43653,9.43794,9.43354,9.43392
2022-02-21 22:45:00,9.43393,9.434,9.4292,9.42922
2022-02-21 23:00:00,9.42921,9.43242,9.42696,9.43006
2022-02-21 23:15:00,9.43008,9.43418,9.42902,9.43392
2022-02-21 23:30:00,9.43386,9.43882,9.43157,9.43606
2022-02-21 23:45:00,9.43601,9.4393,9.42779,9.42947
2022-02-22 00:00:00,9.43433,9.4411,9.42412,9.44019
2022-02-22 00:15:00,9.44017,9.44233,9.43472,9.43793
2022-02-22 00:30:00,9.43184,9.44197,9.43176,9.44103
2022-02-22 00:45:00,9.44211,9.44346,9.43406,9.43492
2022-02-22 01:00:00,9.43503,9.44099,9.43307,9.44016
2022-02-22 01:15:00,9.44017,9.45226,9.44017,9.44815
2022-02-22 01:30:00,9.44814,9.4493,9.44283,9.44784
2022-02-22 01:45:00,9.44774,9.44774,9.438,9.43804
2022-02-22 02:00:00,9.43762,9.44796,9.43225,9.4394
2022-02-22 02:15:00,9.43941,9.44519,9.4281,9.42981
2022-02-22 02:30:00,9.4298,9.43502,9.42621,9.4277
2022-02-22 02:45:00,9.42765,9.43277,9.42679,9.43122
2022-02-22 03:00:00,9.43123,9.43848,9.42918,9.43825
2022-02-22 03:15:00,9.4382,9.44104,9.43433,9.43701
2022-02-22 03:30:00,9.43702,9.43854,9.43374,9.43675
2022-02-22 03:45:00,9.43651,9.44187,9.4364,9.43777
2022-02-22 04:00:00,9.43775,9.44032,9.42732,9.42766
2022-02-22 04:15:00,9.42778,9.43009,9.42736,9.42963
2022-02-22 04:30:00,9.42964,9.43454,9.42882,9.43054
2022-02-22 04:45:00,9.43053,9.43501,9.42905,9.43124
2022-02-22 05:00:00,9.43122,9.43715,9.43117,9.43603
2022-02-22 05:15:00,9.43598,9.4444,9.43598,9.44083
2022-02-22 05:30:00,9.44083,9.44917,9.43747,9.44219
2022-02-22 05:45:00,9.4422,9.4479,9.4405,9.44313
2022-02-22 06:00:00,9.44319,9.4575,9.439,9.45102
2022-02-22 06:15:00,9.45097,9.45517,9.44626,9.45054
2022-02-22 06:30:00,9.45052,9.45257,9.4505,9.45176
2022-02-22 06:45:00,9.45188,9.45718,9.45064,9.45192
2022-02-22 07:00:00,9.45194,9.45301,9.44779,9.44917
2022-02-22 07:15:00,9.44903,9.44909,9.44381,9.44408
2022-02-22 07:30:00,9.44411,9.44636,9.44411,9.44529
2022-02-22 07:45:00,9.44528,9.44587,9.44264,9.44533
2022-02-22 08:00:00,9.44523,9.45087,9.44523,9.45053
2022-02-22 08:15:00,9.45054,9.45101,9.4446,9.44566
2022-02-22 08:30:00,9.44569,9.44616,9.43615,9.43788
2022-02-22 08:45:00,9.43792,9.44762,9.43417,9.44241
2022-02-22 09:00:00,9.4424,9.46069,9.44095,9.46069
2022-02-22 09:15:00,9.4616,9.47334,9.46158,9.46793
2022-02-22 09:30:00,9.4679,9.46831,9.46396,9.46474
2022-02-22 09:45:00,9.46476,9.4652,9.44593,9.45358
2022-02-22 10:00:00,9.45361,9.45552,9.41305,9.41353
2022-02-22 10:15:00,9.41339,9.41616,9.38081,9.38453
2022-02-22 10:30:00,9.38672,9.39966,9.3817,9.38304
2022-02-22 10:45:00,9.38302,9.39522,9.37142,9.39237
2022-02-22 11:00:00,9.39272,9.39606,9.3779,9.39107
2022-02-22 11:15:00,9.39108,9.39138,9.37616,9.37625
2022-02-22 11:30:00,9.37624,9.38767,9.37493,9.38605
2022-02-22 11:45:00,9.38609,9.3938,9.38424,9.38763
2022-02-22 12:00:00,9.38735,9.38839,9.37013,9.3712
2022-02-22 12:15:00,9.37119,9.37156,9.3467,9.35027
2022-02-22 12:30:00,9.35028,9.36293,9.33969,9.34138
2022-02-22 12:45:00,9.34143,9.34177,9.3128,9.33733
2022-02-22 13:00:00,9.33734,9.34146,9.32493,9.32656
2022-02-22 13:15:00,9.32655,9.33571,9.31602,9.32764
2022-02-22 13:30:00,9.32769,9.34724,9.32746,9.34322
2022-02-22 13:45:00,9.34323,9.34599,9.33235,9.33878
2022-02-22 14:00:00,9.33855,9.35062,9.33459,9.33898
2022-02-22 14:15:00,9.33896,9.34029,9.32732,9.32883
2022-02-22 14:30:00,9.32884,9.33521,9.32576,9.3269
2022-02-22 14:45:00,9.32688,9.32814,9.3205,9.32122
2022-02-22 15:00:00,9.32125,9.34355,9.32001,9.34327
2022-02-22 15:15:00,9.34324,9.34527,9.33304,9.3354
2022-02-22 15:30:00,9.33539,9.34136,9.33106,9.34027
2022-02-22 15:45:00,9.33982,9.34428,9.32864,9.32874
2022-02-22 16:00:00,9.32871,9.33355,9.32246,9.32848
2022-02-22 16:15:00,9.32847,9.33843,9.32399,9.33627
2022-02-22 16:30:00,9.33589,9.34211,9.33135,9.33489
2022-02-22 16:45:00,9.33657,9.33694,9.32485,9.32986
2022-02-22 17:00:00,9.32969,9.34288,9.32901,9.33141
2022-02-22 17:15:00,9.3314,9.33292,9.3193,9.32811
2022-02-22 17:30:00,9.3282,9.33026,9.3161,9.32088
2022-02-22 17:45:00,9.32083,9.32202,9.3112,9.31683
2022-02-22 18:00:00,9.31702,9.32686,9.31257,9.32661
2022-02-22 18:15:00,9.32652,9.32887,9.307,9.31762
2022-02-22 18:30:00,9.31764,9.31962,9.3074,9.30952
2022-02-22 18:45:00,9.30953,9.31697,9.29931,9.31619
2022-02-22 19:00:00,9.3162,9.32397,9.31118,9.32284
2022-02-22 19:15:00,9.32292,9.34045,9.32158,9.33524
2022-02-22 19:30:00,9.33525,9.34014,9.3313,9.34014
2022-02-22 19:45:00,9.3401,9.3418,9.3356,9.33636
2022-02-22 20:00:00,9.33633,9.34526,9.33468,9.34023
2022-02-22 20:15:00,9.34024,9.35312,9.34024,9.35152
2022-02-22 20:30:00,9.35153,9.35183,9.34803,9.34998
2022-02-22 20:45:00,9.35002,9.35944,9.34877,9.3546
2022-02-22 21:00:00,9.35462,9.35904,9.35445,9.35529
2022-02-22 21:15:00,9.35531,9.36136,9.34761,9.35191
2022-02-22 21:30:00,9.35177,9.35264,9.33735,9.34336
2022-02-22 21:45:00,9.34336,9.34926,9.32809,9.33508
2022-02-22 22:00:00,9.33511,9.33512,9.31822,9.31828
2022-02-22 22:15:00,9.31827,9.32168,9.3164,9.31768
2022-02-22 22:30:00,9.31771,9.32309,9.31771,9.32196
2022-02-22 22:45:00,9.32185,9.34248,9.32185,9.33955
2022-02-22 23:00:00,9.33965,9.33981,9.32935,9.32991
2022-02-22 23:15:00,9.3299,9.33291,9.3297,9.3302
2022-02-22 23:30:00,9.33019,9.33053,9.32834,9.32847
2022-02-22 23:45:00,9.3285,9.34501,9.32808,9.34388
2022-02-23 00:00:00,9.34224,9.34224,9.2851,9.32522
2022-02-23 00:15:00,9.32518,9.32519,9.32236,9.32245
2022-02-23 00:30:00,9.32228,9.32353,9.32224,9.32275
2022-02-23 00:45:00,9.322,9.32538,9.322,9.32408
2022-02-23 01:00:00,9.32387,9.32593,9.3167,9.32404
2022-02-23 01:15:00,9.32406,9.32653,9.32286,9.32295
2022-02-23 01:30:00,9.32302,9.32755,9.32255,9.32364
2022-02-23 01:45:00,9.32362,9.32565,9.3233,9.32411
2022-02-23 02:00:00,9.32415,9.32782,9.32361,9.3258
2022-02-23 02:15:00,9.32583,9.32597,9.31888,9.32055
2022-02-23 02:30:00,9.32054,9.32759,9.31986,9.32508
2022-02-23 02:45:00,9.32508,9.32508,9.32335,9.32452
2022-02-23 03:00:00,9.3245,9.32704,9.32113,9.32442
2022-02-23 03:15:00,9.32444,9.32473,9.32222,9.32252
2022-02-23 03:30:00,9.32251,9.32641,9.32,9.32568
2022-02-23 03:45:00,9.32571,9.32697,9.32098,9.32219
2022-02-23 04:00:00,9.32215,9.32274,9.31668,9.31978
2022-02-23 04:15:00,9.31973,9.32729,9.31931,9.32682
2022-02-23 04:30:00,9.32617,9.33141,9.32535,9.3291
2022-02-23 04:45:00,9.32916,9.332,9.32826,9.33097
2022-02-23 05:00:00,9.33094,9.33327,9.32968,9.33073
2022-02-23 05:15:00,9.33067,9.33179,9.32747,9.33017
2022-02-23 05:30:00,9.33014,9.33277,9.3267,9.33042
2022-02-23 05:45:00,9.33041,9.33098,9.32942,9.32942
2022-02-23 06:00:00,9.32941,9.33135,9.32878,9.33004
2022-02-23 06:15:00,9.33003,9.33005,9.32756,9.32909
2022-02-23 06:30:00,9.32908,9.33025,9.32859,9.33025
2022-02-23 06:45:00,9.33024,9.33086,9.32866,9.32886
2022-02-23 07:00:00,9.32885,9.32885,9.32501,9.32802
2022-02-23 07:15:00,9.328,9.33133,9.32785,9.33118
2022-02-23 07:30:00,9.3312,9.3333,9.32938,9.33329
2022-02-23 07:45:00,9.33305,9.33724,9.33267,9.33651
2022-02-23 08:00:00,9.33652,9.33682,9.33245,9.33248
2022-02-23 08:15:00,9.33246,9.33348,9.33123,9.33229
2022-02-23 08:30:00,9.33232,9.33295,9.33099,9.33257
2022-02-23 08:45:00,9.33258,9.33462,9.33181,9.33381
2022-02-23 09:00:00,9.3342,9.33972,9.33235,9.33242
2022-02-23 09:15:00,9.33241,9.33267,9.32355,9.33067
2022-02-23 09:30:00,9.33073,9.33766,9.32213,9.32276
2022-02-23 09:45:00,9.32275,9.32831,9.32168,9.32529
2022-02-23 10:00:00,9.32528,9.32733,9.3125,9.31269
2022-02-23 10:15:00,9.31272,9.31473,9.3077,9.31305
2022-02-23 10:30:00,9.31307,9.31514,9.30635,9.30727
2022-02-23 10:45:00,9.3072,9.30967,9.30109,9.30486
2022-02-23 11:00:00,9.30484,9.30634,9.29749,9.30226
2022-02-23 11:15:00,9.30273,9.31647,9.30056,9.3162
2022-02-23 11:30:00,9.31616,9.32487,9.31038,9.31138
2022-02-23 11:45:00,9.31125,9.32294,9.31119,9.31806
2022-02-23 12:00:00,9.31807,9.32411,9.31372,9.32349
2022-02-23 12:15:00,9.3235,9.32366,9.31582,9.31815
2022-02-23 12:30:00,9.31817,9.32042,9.31067,9.31155
2022-02-23 12:45:00,9.31156,9.31499,9.30487,9.3074
2022-02-23 13:00:00,9.30739,9.31262,9.3005,9.31101
2022-02-23 13:15:00,9.31112,9.31332,9.30336,9.30797
2022-02-23 13:30:00,9.30798,9.31325,9.30172,9.31314
2022-02-23 13:45:00,9.31318,9.3211,9.31164,9.31542
2022-02-23 14:00:00,9.3155,9.31563,9.3078,9.30903
2022-02-23 14:15:00,9.30907,9.31321,9.30504,9.31308
2022-02-23 14:30:00,9.31309,9.31309,9.3018,9.30319
2022-02-23 14:45:00,9.3032,9.31067,9.30319,9.30967
2022-02-23 15:00:00,9.30968,9.31272,9.30745,9.31221
2022-02-23 15:15:00,9.3123,9.31728,9.30952,9.31024
2022-02-23 15:30:00,9.31008,9.31041,9.29854,9.30474
2022-02-23 15:45:00,9.30485,9.31006,9.30285,9.30514
2022-02-23 16:00:00,9.30523,9.31206,9.30077,9.30723
2022-02-23 16:15:00,9.30726,9.31164,9.3029,9.30825
2022-02-23 16:30:00,9.30828,9.30903,9.3005,9.30365
2022-02-23 16:45:00,9.30363,9.32753,9.29729,9.32263
2022-02-23 17:00:00,9.32262,9.34424,9.31916,9.34294
2022-02-23 17:15:00,9.34293,9.35928,9.34024,9.35727
2022-02-23 17:30:00,9.3573,9.36338,9.3415,9.3437
2022-02-23 17:45:00,9.34439,9.3581,9.34288,9.35442
2022-02-23 18:00:00,9.3544,9.37273,9.34852,9.37033
2022-02-23 18:15:00,9.37036,9.38221,9.36925,9.37053
2022-02-23 18:30:00,9.3703,9.3711,9.356,9.37011
2022-02-23 18:45:00,9.37011,9.37267,9.36081,9.3644
2022-02-23 19:00:00,9.36437,9.36695,9.36167,9.36348
2022-02-23 19:15:00,9.36357,9.36559,9.35765,9.36411
2022-02-23 19:30:00,9.36415,9.37436,9.36192,9.37063
2022-02-23 19:45:00,9.37059,9.38105,9.36737,9.37604
2022-02-23 20:00:00,9.37606,9.38796,9.37587,9.38773
2022-02-23 20:15:00,9.38775,9.39511,9.38665,9.39404
2022-02-23 20:30:00,9.39416,9.39504,9.38238,9.38798
2022-02-23 20:45:00,9.38799,9.39048,9.38083,9.38226
2022-02-23 21:00:00,9.38228,9.38703,9.37962,9.38219
2022-02-23 21:15:00,9.38213,9.38758,9.38025,9.3832
2022-02-23 21:30:00,9.38327,9.39485,9.38158,9.39421
2022-02-23 21:45:00,9.3942,9.39503,9.38644,9.38991
2022-02-23 22:00:00,9.38987,9.39269,9.3876,9.38807
2022-02-23 22:15:00,9.38805,9.39233,9.3869,9.39174
2022-02-23 22:30:00,9.39181,9.39616,9.39033,9.39596
2022-02-23 22:45:00,9.3961,9.39794,9.39243,9.39434
2022-02-23 23:00:00,9.39432,9.39472,9.38854,9.38948
2022-02-23 23:15:00,9.38947,9.39118,9.38595,9.38865
2022-02-23 23:30:00,9.38864,9.39044,9.3877,9.38981
2022-02-23 23:45:00,9.3898,9.39924,9.3835,9.38635
2022-02-24 00:00:00,9.38764,9.38764,9.36038,9.36356
2022-02-24 00:15:00,9.36354,9.36877,9.3624,9.36523
2022-02-24 00:30:00,9.36575,9.3681,9.36562,9.36761
2022-02-24 00:45:00,9.3676,9.37007,9.36701,9.36956
2022-02-24 01:00:00,9.36969,9.38293,9.36879,9.38192
2022-02-24 01:15:00,9.38193,9.38361,9.38112,9.38254
2022-02-24 01:30:00,9.38244,9.39062,9.38147,9.38887
2022-02-24 01:45:00,9.38888,9.3924,9.38835,9.39027
2022-02-24 02:00:00,9.39012,9.40172,9.39003,9.39969
2022-02-24 02:15:00,9.39975,9.40663,9.39856,9.40636
2022-02-24 02:30:00,9.40644,9.41156,9.40383,9.40931
2022-02-24 02:45:00,9.40935,9.42243,9.40623,9.42118
2022-02-24 03:00:00,9.42269,9.42269,9.40775,9.41793
2022-02-24 03:15:00,9.42082,9.4252,9.41425,9.42282
2022-02-24 03:30:00,9.42285,9.42502,9.41679,9.41899
2022-02-24 03:45:00,9.41898,9.42145,9.41102,9.41198
2022-02-24 04:00:00,9.41193,9.41727,9.41134,9.41605
2022-02-24 04:15:00,9.41588,9.42337,9.41387,9.42251
2022-02-24 04:30:00,9.42243,9.42252,9.4183,9.42202
2022-02-24 04:45:00,9.42218,9.44307,9.41855,9.42904
2022-02-24 05:00:00,9.42904,9.44592,9.42145,9.44376
2022-02-24 05:15:00,9.44377,9.46431,9.4421,9.46385
2022-02-24 05:30:00,9.4638,9.48906,9.46189,9.48623
2022-02-24 05:45:00,9.48631,9.49054,9.47938,9.4871
2022-02-24 06:00:00,9.48712,9.51201,9.48562,9.50979
2022-02-24 06:15:00,9.50983,9.52047,9.50244,9.50508
2022-02-24 06:30:00,9.50507,9.50797,9.49545,9.50026
2022-02-24 06:45:00,9.50009,9.51367,9.48591,9.48717
2022-02-24 07:00:00,9.48686,9.50773,9.48638,9.50402
2022-02-24 07:15:00,9.50397,9.50455,9.49843,9.50246
2022-02-24 07:30:00,9.50242,9.51472,9.50219,9.50837
2022-02-24 07:45:00,9.50848,9.51019,9.49337,9.49439
2022-02-24 08:00:00,9.4944,9.49711,9.48947,9.49185
2022-02-24 08:15:00,9.49184,9.50497,9.48414,9.50116
2022-02-24 08:30:00,9.50102,9.5163,9.50043,9.51586
2022-02-24 08:45:00,9.5163,9.52719,9.50083,9.50439
2022-02-24 09:00:00,9.50404,9.50687,9.48548,9.50024
2022-02-24 09:15:00,9.50026,9.54331,9.49923,9.541
2022-02-24 09:30:00,9.54101,9.54611,9.53409,9.54339
2022-02-24 09:45:00,9.54338,9.54398,9.50036,9.5125
2022-02-24 10:00:00,9.51257,9.52396,9.47901,9.52354
2022-02-24 10:15:00,9.52355,9.52365,9.50137,9.5021
2022-02-24 10:30:00,9.50203,9.54715,9.50021,9.53818
2022-02-24 10:45:00,9.5382,9.54116,9.5125,9.52879
2022-02-24 11:00:00,9.52886,9.53466,9.51522,9.52956
2022-02-24 11:15:00,9.52954,9.53548,9.51954,9.52405
2022-02-24 11:30:00,9.52396,9.52971,9.52319,9.52513
2022-02-24 11:45:00,9.52511,9.55553,9.51738,9.55454
2022-02-24 12:00:00,9.55453,9.56607,9.54045,9.5616
2022-02-24 12:15:00,9.56162,9.5796,9.55217,9.5762
2022-02-24 12:30:00,9.57621,9.59289,9.55821,9.5657
2022-02-24 12:45:00,9.56563,9.57496,9.55516,9.56857
2022-02-24 13:00:00,9.56846,9.58252,9.56522,9.57493
2022-02-24 13:15:00,9.57492,9.60144,9.57229,9.59299
2022-02-24 13:30:00,9.59296,9.6044,9.58246,9.58681
2022-02-24 13:45:00,9.58684,9.58706,9.57223,9.57524
2022-02-24 14:00:00,9.57507,9.58828,9.57364,9.5836
2022-02-24 14:15:00,9.58368,9.58948,9.57801,9.5813
2022-02-24 14:30:00,9.58205,9.59891,9.58161,9.59774
2022-02-24 14:45:00,9.59781,9.60281,9.59276,9.59888
2022-02-24 15:00:00,9.59885,9.61345,9.58952,9.61308
2022-02-24 15:15:00,9.6131,9.61874,9.60398,9.6055
2022-02-24 15:30:00,9.60598,9.60826,9.592,9.6045
2022-02-24 15:45:00,9.60475,9.61344,9.60042,9.613
2022-02-24 16:00:00,9.61306,9.61784,9.59896,9.6128
2022-02-24 16:15:00,9.61283,9.62669,9.6112,9.62347
2022-02-24 16:30:00,9.62337,9.62747,9.60595,9.61763
2022-02-24 16:45:00,9.61765,9.63125,9.60124,9.62858
2022-02-24 17:00:00,9.62867,9.62929,9.61486,9.61821
2022-02-24 17:15:00,9.6184,9.63124,9.6101,9.61621
2022-02-24 17:30:00,9.61651,9.62344,9.61138,9.61808
2022-02-24 17:45:00,9.61814,9.64118,9.6095,9.63819
2022-02-24 18:00:00,9.63826,9.64185,9.58716,9.58823
2022-02-24 18:15:00,9.58883,9.59779,9.5841,9.58678
2022-02-24 18:30:00,9.58677,9.60039,9.57386,9.58738
2022-02-24 18:45:00,9.58739,9.59213,9.56871,9.56909
2022-02-24 19:00:00,9.56909,9.5772,9.56348,9.57298
2022-02-24 19:15:00,9.57295,9.57964,9.54909,9.55032
2022-02-24 19:30:00,9.5503,9.55204,9.54113,9.548
2022-02-24 19:45:00,9.54801,9.55289,9.53154,9.5334
2022-02-24 20:00:00,9.53332,9.5539,9.53271,9.54277
2022-02-24 20:15:00,9.54273,9.55252,9.54065,9.54413
2022-02-24 20:30:00,9.54415,9.5525,9.5296,9.53326
2022-02-24 20:45:00,9.5333,9.5343,9.48956,9.5131
2022-02-24 21:00:00,9.51346,9.51951,9.51168,9.51284
2022-02-24 21:15:00,9.51276,9.52169,9.51034,9.52169
2022-02-24 21:30:00,9.5217,9.52193,9.48659,9.48673
2022-02-24 21:45:00,9.48682,9.50224,9.47951,9.50061
2022-02-24 22:00:00,9.50053,9.504,9.49178,9.49178
2022-02-24 22:15:00,9.49175,9.49312,9.47775,9.48793
2022-02-24 22:30:00,9.48794,9.49005,9.47397,9.4854
2022-02-24 22:45:00,9.48539,9.50251,9.48158,9.50102
2022-02-24 23:00:00,9.50087,9.50087,9.48427,9.49265
2022-02-24 23:15:00,9.49268,9.49694,9.49222,9.49457
2022-02-24 23:30:00,9.49446,9.50029,9.49245,9.49276
2022-02-24 23:45:00,9.49275,9.49445,9.47514,9.48085
2022-02-25 00:00:00,9.48101,9.48101,9.46724,9.4741
2022-02-25 00:15:00,9.47391,9.47459,9.46724,9.46866
2022-02-25 00:30:00,9.46871,9.47251,9.46697,9.47129
2022-02-25 00:45:00,9.47126,9.47464,9.46828,9.47431
2022-02-25 01:00:00,9.47447,9.4991,9.46809,9.47042
2022-02-25 01:15:00,9.47041,9.48185,9.46723,9.48183
2022-02-25 01:30:00,9.48188,9.49527,9.48153,9.49014
2022-02-25 01:45:00,9.49015,9.49262,9.49001,9.49249
2022-02-25 02:00:00,9.49246,9.49769,9.49082,9.49602
2022-02-25 02:15:00,9.49603,9.49923,9.46596,9.46596
2022-02-25 02:30:00,9.4655,9.47067,9.46411,9.46953
2022-02-25 02:45:00,9.46958,9.48576,9.46858,9.47983
2022-02-25 03:00:00,9.47994,9.50343,9.47914,9.4902
2022-02-25 03:15:00,9.49022,9.49822,9.48657,9.49148
2022-02-25 03:30:00,9.49152,9.49639,9.48954,9.49632
2022-02-25 03:45:00,9.49633,9.49659,9.49002,9.49101
2022-02-25 04:00:00,9.4911,9.4938,9.4892,9.49291
2022-02-25 04:15:00,9.49293,9.49372,9.4916,9.49224
2022-02-25 04:30:00,9.49234,9.49488,9.48871,9.49294
2022-02-25 04:45:00,9.49305,9.49329,9.4842,9.48426
2022-02-25 05:00:00,9.48419,9.49222,9.48419,9.49202
2022-02-25 05:15:00,9.49201,9.4926,9.48697,9.48871
2022-02-25 05:30:00,9.48872,9.49074,9.48241,9.48521
2022-02-25 05:45:00,9.48526,9.48719,9.48129,9.4823
2022-02-25 06:00:00,9.48224,9.48317,9.47773,9.47884
2022-02-25 06:15:00,9.47886,9.48157,9.47358,9.47375
2022-02-25 06:30:00,9.47379,9.4752,9.46352,9.47282
2022-02-25 06:45:00,9.47273,9.48031,9.47102,9.47813
2022-02-25 07:00:00,9.47812,9.4846,9.47273,9.48456
2022-02-25 07:15:00,9.4856,9.48689,9.48006,9.48546
2022-02-25 07:30:00,9.48547,9.4886,9.48485,9.48623
2022-02-25 07:45:00,9.48619,9.48635,9.47776,9.47783
2022-02-25 08:00:00,9.47785,9.48671,9.47778,9.48596
2022-02-25 08:15:00,9.486,9.48635,9.4824,9.483
2022-02-25 08:30:00,9.48302,9.49389,9.48255,9.49389
2022-02-25 08:45:00,9.49396,9.50468,9.49387,9.50316
2022-02-25 09:00:00,9.50319,9.51267,9.49889,9.50551
2022-02-25 09:15:00,9.50563,9.50826,9.49756,9.49786
2022-02-25 09:30:00,9.49785,9.49836,9.48429,9.48827
2022-02-25 09:45:00,9.48829,9.50007,9.47895,9.49722
2022-02-25 10:00:00,9.49748,9.53061,9.49268,9.52979
2022-02-25 10:15:00,9.52978,9.53718,9.52318,9.53562
2022-02-25 10:30:00,9.53553,9.53694,9.52038,9.53085
2022-02-25 10:45:00,9.53083,9.53438,9.50031,9.50231
2022-02-25 11:00:00,9.50609,9.5179,9.50163,9.51426
2022-02-25 11:15:00,9.51431,9.52223,9.50844,9.52221
2022-02-25 11:30:00,9.52194,9.5269,9.51417,9.52216
2022-02-25 11:45:00,9.52203,9.52663,9.51086,9.51478
2022-02-25 12:00:00,9.51473,9.5215,9.50554,9.51073
2022-02-25 12:15:00,9.51055,9.5144,9.49318,9.51003
2022-02-25 12:30:00,9.50964,9.51587,9.50479,9.50629
2022-02-25 12:45:00,9.50597,9.51643,9.50336,9.50585
2022-02-25 13:00:00,9.50586,9.52277,9.50328,9.52272
2022-02-25 13:15:00,9.52271,9.52822,9.5055,9.50634
2022-02-25 13:30:00,9.50633,9.51013,9.49507,9.49569
2022-02-25 13:45:00,9.49567,9.49958,9.48918,9.49307
2022-02-25 14:00:00,9.49295,9.49691,9.46031,9.46421
2022-02-25 14:15:00,9.46416,9.4663,9.45218,9.46253
2022-02-25 14:30:00,9.46241,9.47436,9.46127,9.46456
2022-02-25 14:45:00,9.46453,9.47021,9.42299,9.42924
2022-02-25 15:00:00,9.42896,9.43827,9.42349,9.43415
2022-02-25 15:15:00,9.43432,9.43868,9.41374,9.41399
2022-02-25 15:30:00,9.41388,9.42418,9.39951,9.42013
2022-02-25 15:45:00,9.42016,9.42173,9.40023,9.40573
2022-02-25 16:00:00,9.40576,9.42538,9.40186,9.42498
2022-02-25 16:15:00,9.42497,9.43798,9.421,9.43751
2022-02-25 16:30:00,9.43744,9.43745,9.4139,9.42722
2022-02-25 16:45:00,9.42714,9.45842,9.41644,9.45007
2022-02-25 17:00:00,9.45011,9.46799,9.43501,9.44475
2022-02-25 17:15:00,9.44498,9.44537,9.43278,9.43443
2022-02-25 17:30:00,9.4344,9.44277,9.42651,9.42665
2022-02-25 17:45:00,9.42635,9.42775,9.41077,9.42663
2022-02-25 18:00:00,9.42647,9.43896,9.42502,9.42527
2022-02-25 18:15:00,9.42523,9.42565,9.41164,9.4183
2022-02-25 18:30:00,9.41802,9.43144,9.41764,9.43072
2022-02-25 18:45:00,9.43071,9.4315,9.41696,9.42233
2022-02-25 19:00:00,9.4223,9.43629,9.41976,9.4349
2022-02-25 19:15:00,9.43489,9.43864,9.42766,9.4374
2022-02-25 19:30:00,9.43739,9.43952,9.43441,9.43867
2022-02-25 19:45:00,9.43866,9.45099,9.43482,9.43913
2022-02-25 20:00:00,9.43904,9.4393,9.43107,9.43592
2022-02-25 20:15:00,9.43595,9.43609,9.42664,9.43018
2022-02-25 20:30:00,9.43008,9.43107,9.42038,9.4223
2022-02-25 20:45:00,9.42239,9.4288,9.41531,9.42534
2022-02-25 21:00:00,9.42529,9.43,9.42166,9.42785
2022-02-25 21:15:00,9.42788,9.42848,9.41723,9.41787
2022-02-25 21:30:00,9.41785,9.42431,9.41583,9.42158
2022-02-25 21:45:00,9.42148,9.42653,9.39854,9.41088
2022-02-25 22:00:00,9.41089,9.41236,9.39963,9.40647
2022-02-25 22:15:00,9.40649,9.40676,9.39917,9.40014
2022-02-25 22:30:00,9.40013,9.40013,9.38972,9.39248
2022-02-25 22:45:00,9.39247,9.39691,9.39063,9.39579
2022-02-25 23:00:00,9.39594,9.39609,9.38336,9.38771
2022-02-25 23:15:00,9.38785,9.39019,9.38248,9.38277
2022-02-25 23:30:00,9.38274,9.38519,9.38137,9.38343
2022-02-25 23:45:00,9.38338,9.3969,9.37905,9.38326
2022-02-28 00:00:00,9.59327,9.60642,9.57243,9.5837
2022-02-28 00:15:00,9.58353,9.5923,9.57576,9.5914
2022-02-28 00:30:00,9.59085,9.60177,9.59059,9.59144
2022-02-28 00:45:00,9.5916,9.59425,9.58401,9.594
2022-02-28 01:00:00,9.59406,9.59406,9.56752,9.5859
2022-02-28 01:15:00,9.5859,9.59108,9.57366,9.57948
2022-02-28 01:30:00,9.57955,9.58164,9.55737,9.56246
2022-02-28 01:45:00,9.56247,9.56444,9.52629,9.5274
2022-02-28 02:00:00,9.52657,9.54675,9.51409,9.54572
2022-02-28 02:15:00,9.54571,9.55621,9.5421,9.54995
2022-02-28 02:30:00,9.54993,9.5517,9.54299,9.54299
2022-02-28 02:45:00,9.54307,9.54723,9.53507,9.54518
2022-02-28 03:00:00,9.54526,9.5608,9.54161,9.54714
2022-02-28 03:15:00,9.54762,9.56488,9.54541,9.5644
2022-02-28 03:30:00,9.56439,9.5749,9.56384,9.56722
2022-02-28 03:45:00,9.56724,9.5682,9.55687,9.56183
2022-02-28 04:00:00,9.5618,9.56393,9.5569,9.56393
2022-02-28 04:15:00,9.56395,9.56422,9.55686,9.56134
2022-02-28 04:30:00,9.56135,9.56909,9.55909,9.56909
2022-02-28 04:45:00,9.56879,9.58019,9.5677,9.57389
2022-02-28 05:00:00,9.57375,9.5756,9.56728,9.57504
2022-02-28 05:15:00,9.57508,9.57917,9.57323,9.57742
2022-02-28 05:30:00,9.57741,9.57741,9.56828,9.56949
2022-02-28 05:45:00,9.5695,9.57283,9.56699,9.57236
2022-02-28 06:00:00,9.57241,9.57432,9.57001,9.57354
2022-02-28 06:15:00,9.57344,9.57683,9.57279,9.57363
2022-02-28 06:30:00,9.57364,9.57512,9.57164,9.57237
2022-02-28 06:45:00,9.57238,9.57757,9.57183,9.573
2022-02-28 07:00:00,9.57299,9.57435,9.56632,9.56735
2022-02-28 07:15:00,9.56734,9.57197,9.56449,9.56688
2022-02-28 07:30:00,9.56687,9.57105,9.56679,9.56736
2022-02-28 07:45:00,9.56728,9.56757,9.55842,9.56004
2022-02-28 08:00:00,9.56005,9.56192,9.53759,9.53764
2022-02-28 08:15:00,9.5383,9.54526,9.53677,9.54031
2022-02-28 08:30:00,9.54051,9.54589,9.53829,9.54285
2022-02-28 08:45:00,9.54287,9.55733,9.5422,9.55017
2022-02-28 09:00:00,9.55121,9.55303,9.54253,9.55091
2022-02-28 09:15:00,9.55092,9.55115,9.52915,9.53757
2022-02-28 09:30:00,9.53758,9.53779,9.51258,9.51882
2022-02-28 09:45:00,9.5187,9.52085,9.50606,9.50616
2022-02-28 10:00:00,9.50597,9.53566,9.5027,9.53166
2022-02-28 10:15:00,9.53169,9.53733,9.52081,9.52853
2022-02-28 10:30:00,9.52851,9.54851,9.51826,9.54805
2022-02-28 10:45:00,9.54728,9.55554,9.53532,9.53654
2022-02-28 11:00:00,9.53661,9.53966,9.52143,9.53966
2022-02-28 11:15:00,9.53965,9.56638,9.53699,9.56344
2022-02-28 11:30:00,9.56349,9.5653,9.5175,9.51763
2022-02-28 11:45:00,9.51768,9.52261,9.50792,9.50941
2022-02-28 12:00:00,9.50953,9.514,9.48993,9.50481
2022-02-28 12:15:00,9.5049,9.50546,9.48756,9.48935
2022-02-28 12:30:00,9.48946,9.49334,9.47041,9.47308
2022-02-28 12:45:00,9.4731,9.47326,9.4274,9.42994
2022-02-28 13:00:00,9.42942,9.46333,9.42936,9.45596
2022-02-28 13:15:00,9.45598,9.46558,9.45369,9.4591
2022-02-28 13:30:00,9.45909,9.47659,9.45909,9.47642
2022-02-28 13:45:00,9.47643,9.49559,9.47147,9.48768
2022-02-28 14:00:00,9.4877,9.48779,9.47339,9.48077
2022-02-28 14:15:00,9.48078,9.48702,9.47043,9.47173
2022-02-28 14:30:00,9.47189,9.47518,9.46193,9.4692
2022-02-28 14:45:00,9.46919,9.47265,9.45211,9.46328
2022-02-28 15:00:00,9.46327,9.46878,9.45688,9.46804
2022-02-28 15:15:00,9.468,9.48969,9.46616,9.48287
2022-02-28 15:30:00,9.48225,9.48225,9.45842,9.45949
2022-02-28 15:45:00,9.45847,9.46541,9.44761,9.45571
2022-02-28 16:00:00,9.4557,9.47013,9.45308,9.46942
2022-02-28 16:15:00,9.46943,9.47692,9.46478,9.47439
2022-02-28 16:30:00,9.47409,9.47438,9.44691,9.44804
2022-02-28 16:45:00,9.44806,9.46049,9.44199,9.45324
2022-02-28 17:00:00,9.45331,9.45443,9.43512,9.44407
2022-02-28 17:15:00,9.44409,9.45989,9.4398,9.4576
2022-02-28 17:30:00,9.45762,9.46158,9.44169,9.44578
2022-02-28 17:45:00,9.44576,9.46652,9.42923,9.4375
2022-02-28 18:00:00,9.43785,9.46139,9.43267,9.45968
2022-02-28 18:15:00,9.4597,9.4597,9.43775,9.43943
2022-02-28 18:30:00,9.43928,9.45845,9.4268,9.45205
2022-02-28 18:45:00,9.45207,9.46104,9.44453,9.44525
2022-02-28 19:00:00,9.44522,9.46395,9.4451,9.46288
2022-02-28 19:15:00,9.46267,9.46457,9.4615,9.46245
2022-02-28 19:30:00,9.46243,9.48614,9.46228,9.47886
2022-02-28 19:45:00,9.4789,9.4835,9.46928,9.47536
2022-02-28 20:00:00,9.47529,9.47529,9.45301,9.45453
2022-02-28 20:15:00,9.45451,9.47186,9.45449,9.46681
2022-02-28 20:30:00,9.4667,9.46761,9.46098,9.46347
2022-02-28 20:45:00,9.46348,9.46596,9.45915,9.46157
2022-02-28 21:00:00,9.46156,9.48096,9.4615,9.47726
2022-02-28 21:15:00,9.47725,9.47987,9.47487,9.47786
2022-02-28 21:30:00,9.47784,9.47965,9.47347,9.47357
2022-02-28 21:45:00,9.47354,9.47567,9.46064,9.46383
2022-02-28 22:00:00,9.4637,9.48096,9.46295,9.48073
2022-02-28 22:15:00,9.48065,9.48065,9.47371,9.47544
2022-02-28 22:30:00,9.47571,9.47978,9.47356,9.47358
2022-02-28 22:45:00,9.4736,9.47651,9.46899,9.4725
2022-02-28 23:00:00,9.47243,9.47419,9.45634,9.46016
2022-02-28 23:15:00,9.46009,9.46265,9.45719,9.45832
2022-02-28 23:30:00,9.45821,9.45846,9.45464,9.45472
2022-02-28 23:45:00,9.45473,9.46129,9.44682,9.45578
2022-03-01 00:00:00,9.46315,9.48213,9.46315,9.47566
2022-03-01 00:15:00,9.47567,9.47701,9.4587,9.45935
2022-03-01 00:30:00,9.459,9.46034,9.45187,9.45348
2022-03-01 00:45:00,9.45225,9.45583,9.4519,9.45366
2022-03-01 01:00:00,9.45384,9.45457,9.44772,9.45362
2022-03-01 01:15:00,9.45363,9.45628,9.45139,9.45441
2022-03-01 01:30:00,9.45441,9.45489,9.45167,9.45243
2022-03-01 01:45:00,9.45241,9.45595,9.45215,9.45547
2022-03-01 02:00:00,9.45549,9.46318,9.4552,9.46083
2022-03-01 02:15:00,9.46081,9.4612,9.45885,9.45993
2022-03-01 02:30:00,9.45967,9.46453,9.4587,9.46112
2022-03-01 02:45:00,9.46113,9.46427,9.45746,9.46238
2022-03-01 03:00:00,9.46237,9.46504,9.46003,9.46407
2022-03-01 03:15:00,9.46408,9.46528,9.4596,9.45976
2022-03-01 03:30:00,9.45977,9.46409,9.45741,9.46309
2022-03-01 03:45:00,9.4631,9.47503,9.46202,9.47197
2022-03-01 04:00:00,9.4719,9.48068,9.46889,9.47771
2022-03-01 04:15:00,9.4777,9.47836,9.47593,9.47685
2022-03-01 04:30:00,9.47683,9.48271,9.47618,9.47797
2022-03-01 04:45:00,9.47793,9.47967,9.4766,9.47874
2022-03-01 05:00:00,9.47875,9.4804,9.47543,9.47901
2022-03-01 05:15:00,9.47897,9.48075,9.47131,9.47277
2022-03-01 05:30:00,9.47281,9.47608,9.47197,9.47564
2022-03-01 05:45:00,9.47564,9.48243,9.47564,9.47901
2022-03-01 06:00:00,9.47906,9.47989,9.47688,9.4782
2022-03-01 06:15:00,9.47822,9.47826,9.47417,9.47579
2022-03-01 06:30:00,9.47587,9.47749,9.47428,9.47435
2022-03-01 06:45:00,9.47433,9.47689,9.47321,9.47656
2022-03-01 07:00:00,9.47654,9.47685,9.47047,9.47449
2022-03-01 07:15:00,9.47442,9.4753,9.47199,9.47298
2022-03-01 07:30:00,9.47296,9.4798,9.4724,9.47782
2022-03-01 07:45:00,9.47775,9.47823,9.47442,9.47717
2022-03-01 08:00:00,9.47744,9.47886,9.47629,9.4786
2022-03-01 08:15:00,9.47859,9.48025,9.47511,9.47585
2022-03-01 08:30:00,9.47588,9.47728,9.46739,9.4674
2022-03-01 08:45:00,9.46746,9.46908,9.46294,9.46471
2022-03-01 09:00:00,9.46471,9.46696,9.45105,9.45571
2022-03-01 09:15:00,9.45569,9.45587,9.44526,9.45057
2022-03-01 09:30:00,9.45061,9.45965,9.45044,9.45863
2022-03-01 09:45:00,9.45855,9.46927,9.45399,9.45685
2022-03-01 10:00:00,9.45687,9.46142,9.45016,9.45809
2022-03-01 10:15:00,9.45806,9.4777,9.45785,9.47636
2022-03-01 10:30:00,9.47637,9.48331,9.46791,9.47441
2022-03-01 10:45:00,9.47445,9.48787,9.46915,9.47499
2022-03-01 11:00:00,9.47501,9.48963,9.47224,9.48644
2022-03-01 11:15:00,9.48649,9.49701,9.48066,9.49245
2022-03-01 11:30:00,9.49241,9.5307,9.49193,9.52687
2022-03-01 11:45:00,9.52689,9.54926,9.5268,9.54648
2022-03-01 12:00:00,9.54695,9.57484,9.54189,9.56814
2022-03-01 12:15:00,9.56765,9.57727,9.54854,9.57727
2022-03-01 12:30:00,9.57721,9.58402,9.57198,9.57318
2022-03-01 12:45:00,9.57316,9.57342,9.55228,9.55317
2022-03-01 13:00:00,9.5532,9.57046,9.55235,9.55621
2022-03-01 13:15:00,9.55622,9.55995,9.55105,9.55154
2022-03-01 13:30:00,9.55153,9.55366,9.53845,9.55174
2022-03-01 13:45:00,9.55172,9.56116,9.54795,9.55075
2022-03-01 14:00:00,9.55086,9.55821,9.53966,9.5574
2022-03-01 14:15:00,9.55739,9.55801,9.54194,9.54261
2022-03-01 14:30:00,9.54269,9.55899,9.54269,9.55844
2022-03-01 14:45:00,9.55849,9.57393,9.55591,9.56979
2022-03-01 15:00:00,9.5698,9.57646,9.5653,9.57467
2022-03-01 15:15:00,9.5746,9.59576,9.57436,9.57607
2022-03-01 15:30:00,9.57594,9.57594,9.56528,9.57071
2022-03-01 15:45:00,9.57069,9.57141,9.55613,9.5636
2022-03-01 16:00:00,9.56358,9.58031,9.56193,9.57917
2022-03-01 16:15:00,9.57919,9.57919,9.57075,9.5763
2022-03-01 16:30:00,9.57635,9.58018,9.56375,9.56861
2022-03-01 16:45:00,9.56856,9.58362,9.56385,9.57973
2022-03-01 17:00:00,9.58006,9.60386,9.5697,9.6017
2022-03-01 17:15:00,9.60149,9.60149,9.56395,9.57577
2022-03-01 17:30:00,9.57548,9.58523,9.56466,9.57842
2022-03-01 17:45:00,9.57844,9.59335,9.57401,9.58246
2022-03-01 18:00:00,9.58245,9.5976,9.5767,9.5964
2022-03-01 18:15:00,9.59644,9.61649,9.59576,9.61206
2022-03-01 18:30:00,9.61215,9.62522,9.60994,9.62354
2022-03-01 18:45:00,9.62371,9.64855,9.62078,9.63729
2022-03-01 19:00:00,9.63732,9.66766,9.63494,9.6547
2022-03-01 19:15:00,9.65471,9.65636,9.64286,9.65624
2022-03-01 19:30:00,9.65614,9.65835,9.63639,9.63864
2022-03-01 19:45:00,9.63865,9.64999,9.63544,9.6481
2022-03-01 20:00:00,9.64832,9.65244,9.6439,9.65207
2022-03-01 20:15:00,9.65206,9.67319,9.65078,9.67011
2022-03-01 20:30:00,9.67013,9.67059,9.64447,9.64659
2022-03-01 20:45:00,9.6465,9.65145,9.63794,9.64021
2022-03-01 21:00:00,9.64025,9.65752,9.63547,9.6568
2022-03-01 21:15:00,9.65679,9.6586,9.64385,9.64407
2022-03-01 21:30:00,9.64403,9.64473,9.63221,9.63504
2022-03-01 21:45:00,9.63503,9.65004,9.63503,9.64413
2022-03-01 22:00:00,9.64405,9.64407,9.6215,9.63408
2022-03-01 22:15:00,9.63405,9.65383,9.63291,9.64908
2022-03-01 22:30:00,9.64922,9.6542,9.6464,9.65209
2022-03-01 22:45:00,9.65203,9.65446,9.63711,9.64074
2022-03-01 23:00:00,9.64126,9.64315,9.62993,9.63966
2022-03-01 23:15:00,9.63949,9.64004,9.63379,9.63875
2022-03-01 23:30:00,9.63883,9.63923,9.63518,9.63583
2022-03-01 23:45:00,9.63581,9.64196,9.57592,9.59056
2022-03-02 00:00:00,9.60205,9.62741,9.60205,9.62338
2022-03-02 00:15:00,9.62455,9.62872,9.62048,9.62258
2022-03-02 00:30:00,9.62331,9.63231,9.62097,9.62554
2022-03-02 00:45:00,9.62716,9.63814,9.62665,9.63557
2022-03-02 01:00:00,9.63604,9.63604,9.62394,9.62781
2022-03-02 01:15:00,9.62777,9.62957,9.62613,9.62831
2022-03-02 01:30:00,9.62831,9.62932,9.62509,9.62932
2022-03-02 01:45:00,9.62935,9.63147,9.62704,9.62854
2022-03-02 02:00:00,9.62848,9.64668,9.62694,9.64248
2022-03-02 02:15:00,9.64244,9.64391,9.63705,9.64314
2022-03-02 02:30:00,9.64311,9.64576,9.64122,9.6422
2022-03-02 02:45:00,9.64219,9.64324,9.63297,9.63393
2022-03-02 03:00:00,9.6339,9.63908,9.63242,9.63821
2022-03-02 03:15:00,9.63833,9.64062,9.63147,9.63724
2022-03-02 03:30:00,9.63725,9.64527,9.63471,9.64481
2022-03-02 03:45:00,9.64492,9.64802,9.64227,9.64465
2022-03-02 04:00:00,9.64494,9.64785,9.63888,9.64294
2022-03-02 04:15:00,9.64295,9.65558,9.64295,9.64922
2022-03-02 04:30:00,9.64921,9.65065,9.64422,9.6476
2022-03-02 04:45:00,9.64757,9.64864,9.64041,9.64374
2022-03-02 05:00:00,9.6437,9.64533,9.63995,9.6431
2022-03-02 05:15:00,9.64308,9.64923,9.64069,9.64894
2022-03-02 05:30:00,9.64894,9.64998,9.64504,9.64826
2022-03-02 05:45:00,9.64833,9.65066,9.64748,9.64957
2022-03-02 06:00:00,9.64954,9.6507,9.64551,9.64572
2022-03-02 06:15:00,9.64571,9.64886,9.64435,9.64797
2022-03-02 06:30:00,9.64796,9.64881,9.64582,9.64828
2022-03-02 06:45:00,9.64829,9.64976,9.64506,9.6451
2022-03-02 07:00:00,9.64514,9.64985,9.64462,9.64962
2022-03-02 07:15:00,9.64986,9.65227,9.6476,9.6476
2022-03-02 07:30:00,9.64752,9.65027,9.64637,9.64702
2022-03-02 07:45:00,9.64701,9.64896,9.64586,9.64795
2022-03-02 08:00:00,9.64781,9.64954,9.64454,9.64546
2022-03-02 08:15:00,9.64551,9.65566,9.64306,9.65531
2022-03-02 08:30:00,9.65526,9.66492,9.65,9.66492
2022-03-02 08:45:00,9.66501,9.6726,9.66169,9.67234
2022-03-02 09:00:00,9.67214,9.69658,9.66866,9.6946
2022-03-02 09:15:00,9.69457,9.70968,9.68148,9.6838
2022-03-02 09:30:00,9.68378,9.69853,9.67707,9.68537
2022-03-02 09:45:00,9.68525,9.70219,9.68324,9.69482
2022-03-02 10:00:00,9.69441,9.70722,9.6835,9.70102
2022-03-02 10:15:00,9.7014,9.70296,9.68859,9.70011
2022-03-02 10:30:00,9.70012,9.71874,9.69529,9.71352
2022-03-02 10:45:00,9.71346,9.72409,9.70351,9.72361
2022-03-02 11:00:00,9.72359,9.74961,9.71845,9.74615
2022-03-02 11:15:00,9.74612,9.7656,9.74199,9.76007
2022-03-02 11:30:00,9.76,9.76302,9.72378,9.74992
2022-03-02 11:45:00,9.75054,9.75516,9.71424,9.73634
2022-03-02 12:00:00,9.73636,9.74877,9.72522,9.72559
2022-03-02 12:15:00,9.72556,9.731,9.71463,9.71619
2022-03-02 12:30:00,9.71616,9.72008,9.69629,9.70681
2022-03-02 12:45:00,9.70671,9.73264,9.69997,9.71967
2022-03-02 13:00:00,9.71942,9.72074,9.70793,9.71208
2022-03-02 13:15:00,9.7121,9.72666,9.70298,9.71665
2022-03-02 13:30:00,9.71663,9.73188,9.71117,9.72497
2022-03-02 13:45:00,9.72499,9.72689,9.70976,9.71105
2022-03-02 14:00:00,9.71135,9.71553,9.69206,9.69618
2022-03-02 14:15:00,9.6963,9.71227,9.69393,9.69409
2022-03-02 14:30:00,9.69416,9.71557,9.6941,9.71523
2022-03-02 14:45:00,9.71522,9.7201,9.70183,9.70788
2022-03-02 15:00:00,9.70788,9.71487,9.70665,9.71024
2022-03-02 15:15:00,9.70978,9.72354,9.70732,9.72354
2022-03-02 15:30:00,9.72361,9.72468,9.7113,9.71788
2022-03-02 15:45:00,9.71787,9.71868,9.70622,9.70758
2022-03-02 16:00:00,9.70757,9.72121,9.70747,9.7095
2022-03-02 16:15:00,9.70952,9.71658,9.70327,9.70338
2022-03-02 16:30:00,9.7034,9.70985,9.69937,9.706
2022-03-02 16:45:00,9.70601,9.71377,9.68778,9.68877
2022-03-02 17:00:00,9.68873,9.7119,9.6871,9.71184
2022-03-02 17:15:00,9.71186,9.71787,9.68669,9.69324
2022-03-02 17:30:00,9.69329,9.73048,9.68987,9.72204
2022-03-02 17:45:00,9.72197,9.74159,9.72094,9.7392
2022-03-02 18:00:00,9.7394,9.74874,9.69882,9.7237
2022-03-02 18:15:00,9.72389,9.72683,9.69177,9.69284
2022-03-02 18:30:00,9.69264,9.69529,9.63868,9.6707
2022-03-02 18:45:00,9.67049,9.69272,9.66431,9.6832
2022-03-02 19:00:00,9.68316,9.69651,9.67986,9.68725
2022-03-02 19:15:00,9.68724,9.70443,9.68435,9.69805
2022-03-02 19:30:00,9.69803,9.70546,9.69147,9.69904
2022-03-02 19:45:00,9.69909,9.70114,9.69095,9.69179
2022-03-02 20:00:00,9.6918,9.69196,9.6653,9.67335
2022-03-02 20:15:00,9.67306,9.68199,9.66036,9.6759
2022-03-02 20:30:00,9.67592,9.67592,9.64634,9.65032
2022-03-02 20:45:00,9.65031,9.66409,9.63996,9.65335
2022-03-02 21:00:00,9.65331,9.65971,9.65048,9.65186
2022-03-02 21:15:00,9.65187,9.66768,9.65045,9.66418
2022-03-02 21:30:00,9.66417,9.66742,9.66128,9.66587
2022-03-02 21:45:00,9.66586,9.67579,9.66374,9.66432
2022-03-02 22:00:00,9.66422,9.67139,9.66099,9.67084
2022-03-02 22:15:00,9.67083,9.67146,9.66379,9.66486
2022-03-02 22:30:00,9.66481,9.67883,9.66417,9.67666
2022-03-02 22:45:00,9.67662,9.68253,9.66096,9.66614
2022-03-02 23:00:00,9.66636,9.66904,9.66062,9.66676
2022-03-02 23:15:00,9.66675,9.67134,9.6651,9.67051
2022-03-02 23:30:00,9.67026,9.67205,9.66785,9.67099
2022-03-02 23:45:00,9.67098,9.67115,9.65794,9.66478
2022-03-03 00:00:00,9.6659,9.68046,9.65878,9.65878
2022-03-03 00:15:00,9.65874,9.66255,9.65549,9.65705
2022-03-03 00:30:00,9.661,9.66435,9.65539,9.66037
2022-03-03 00:45:00,9.66036,9.66089,9.65828,9.66005
2022-03-03 01:00:00,9.66077,9.66312,9.65318,9.66214
2022-03-03 01:15:00,9.66219,9.68231,9.66089,9.68014
2022-03-03 01:30:00,9.68055,9.68098,9.67491,9.67811
2022-03-03 01:45:00,9.67777,9.67885,9.67188,9.67882
2022-03-03 02:00:00,9.67873,9.68306,9.67376,9.68306
2022-03-03 02:15:00,9.68293,9.69252,9.68293,9.69166
2022-03-03 02:30:00,9.69167,9.69723,9.69139,9.69207
2022-03-03 02:45:00,9.69209,9.69437,9.6869,9.69039
2022-03-03 03:00:00,9.69036,9.71041,9.68971,9.70703
2022-03-03 03:15:00,9.7063,9.70723,9.70136,9.70264
2022-03-03 03:30:00,9.70262,9.70395,9.69844,9.70147
2022-03-03 03:45:00,9.70171,9.71334,9.70072,9.70691
2022-03-03 04:00:00,9.70704,9.71913,9.7026,9.71112
2022-03-03 04:15:00,9.71118,9.71921,9.71012,9.71598
2022-03-03 04:30:00,9.71592,9.71665,9.70375,9.70459
2022-03-03 04:45:00,9.70462,9.70643,9.70287,9.70303
2022-03-03 05:00:00,9.70304,9.71309,9.70247,9.71208
2022-03-03 05:15:00,9.7121,9.71624,9.71167,9.71496
2022-03-03 05:30:00,9.71525,9.72902,9.71462,9.72695
2022-03-03 05:45:00,9.72694,9.72819,9.72536,9.72556
2022-03-03 06:00:00,9.72552,9.72559,9.71428,9.72262
2022-03-03 06:15:00,9.7226,9.72566,9.71052,9.71844
2022-03-03 06:30:00,9.71841,9.72146,9.71444,9.71777
2022-03-03 06:45:00,9.71778,9.71889,9.71566,9.71862
2022-03-03 07:00:00,9.71856,9.71877,9.70655,9.70672
2022-03-03 07:15:00,9.70671,9.70861,9.68697,9.69391
2022-03-03 07:30:00,9.69389,9.69585,9.69308,9.6944
2022-03-03 07:45:00,9.69439,9.69553,9.69347,9.69536
2022-03-03 08:00:00,9.69543,9.70133,9.69255,9.69732
2022-03-03 08:15:00,9.69736,9.70606,9.69571,9.7042
2022-03-03 08:30:00,9.70411,9.70742,9.70276,9.70558
2022-03-03 08:45:00,9.70559,9.70561,9.69527,9.69664
2022-03-03 09:00:00,9.69736,9.71154,9.69623,9.71154
2022-03-03 09:15:00,9.71155,9.71606,9.70215,9.70393
2022-03-03 09:30:00,9.70392,9.71444,9.70327,9.7036
2022-03-03 09:45:00,9.70364,9.70805,9.69949,9.70173
2022-03-03 10:00:00,9.70178,9.71061,9.69932,9.70309
2022-03-03 10:15:00,9.70291,9.7032,9.68939,9.69647
2022-03-03 10:30:00,9.69636,9.71993,9.6962,9.71625
2022-03-03 10:45:00,9.71698,9.72741,9.71157,9.71645
2022-03-03 11:00:00,9.71644,9.7197,9.69571,9.69966
2022-03-03 11:15:00,9.69959,9.72004,9.69468,9.71536
2022-03-03 11:30:00,9.71533,9.71742,9.70358,9.70632
2022-03-03 11:45:00,9.70633,9.70814,9.69327,9.70253
2022-03-03 12:00:00,9.70252,9.711,9.69824,9.69985
2022-03-03 12:15:00,9.69986,9.71284,9.6968,9.71199
2022-03-03 12:30:00,9.71197,9.71317,9.70491,9.70709
2022-03-03 12:45:00,9.70712,9.71522,9.70403,9.71051
2022-03-03 13:00:00,9.7105,9.72052,9.70929,9.71935
2022-03-03 13:15:00,9.71932,9.72046,9.71302,9.7158
2022-03-03 13:30:00,9.71577,9.72362,9.71246,9.71909
2022-03-03 13:45:00,9.71907,9.72032,9.70958,9.71815
2022-03-03 14:00:00,9.71812,9.72255,9.71234,9.71576
2022-03-03 14:15:00,9.71578,9.71736,9.70919,9.71547
2022-03-03 14:30:00,9.71536,9.71761,9.70733,9.71204
2022-03-03 14:45:00,9.712,9.73093,9.7084,9.72894
2022-03-03 15:00:00,9.72888,9.73073,9.71819,9.72041
2022-03-03 15:15:00,9.72043,9.73115,9.71267,9.71805
2022-03-03 15:30:00,9.71748,9.72865,9.71288,9.71753
2022-03-03 15:45:00,9.71747,9.73907,9.70767,9.70933
2022-03-03 16:00:00,9.70931,9.72131,9.69769,9.70457
2022-03-03 16:15:00,9.70454,9.71293,9.69688,9.70454
2022-03-03 16:30:00,9.70419,9.70847,9.69063,9.70121
2022-03-03 16:45:00,9.70117,9.71836,9.69551,9.70834
2022-03-03 17:00:00,9.71044,9.71767,9.69753,9.71528
2022-03-03 17:15:00,9.71542,9.74164,9.71299,9.74068
2022-03-03 17:30:00,9.74065,9.75914,9.73702,9.75681
2022-03-03 17:45:00,9.75679,9.77192,9.75674,9.76681
2022-03-03 18:00:00,9.76693,9.78347,9.75264,9.78347
2022-03-03 18:15:00,9.7832,9.78587,9.7679,9.77085
2022-03-03 18:30:00,9.7709,9.77777,9.76249,9.76343
2022-03-03 18:45:00,9.7634,9.77438,9.76282,9.77132
2022-03-03 19:00:00,9.77131,9.7757,9.7606,9.76336
2022-03-03 19:15:00,9.76335,9.79147,9.76154,9.78976
2022-03-03 19:30:00,9.78986,9.79009,9.74421,9.76189
2022-03-03 19:45:00,9.76182,9.76773,9.7559,9.76008
2022-03-03 20:00:00,9.76004,9.76317,9.74723,9.74769
2022-03-03 20:15:00,9.74796,9.74807,9.73776,9.7386
2022-03-03 20:30:00,9.73848,9.75008,9.73767,9.74511
2022-03-03 20:45:00,9.7451,9.74811,9.73797,9.74563
2022-03-03 21:00:00,9.74555,9.74765,9.73839,9.73839
2022-03-03 21:15:00,9.73842,9.74269,9.73682,9.73846
2022-03-03 21:30:00,9.73849,9.74818,9.73843,9.74734
2022-03-03 21:45:00,9.74733,9.75584,9.74652,9.75361
2022-03-03 22:00:00,9.75362,9.75773,9.75246,9.75732
2022-03-03 22:15:00,9.75729,9.75904,9.75432,9.75445
2022-03-03 22:30:00,9.75443,9.76271,9.7543,9.76195
2022-03-03 22:45:00,9.76193,9.76193,9.74438,9.74639
2022-03-03 23:00:00,9.74626,9.7475,9.74413,9.74545
2022-03-03 23:15:00,9.74543,9.74967,9.74538,9.7464
2022-03-03 23:30:00,9.74642,9.74808,9.74356,9.74544
2022-03-03 23:45:00,9.74565,9.74717,9.70699,9.7075
2022-03-04 00:00:00,9.70669,9.73169,9.70669,9.72471
2022-03-04 00:15:00,9.72472,9.72707,9.72029,9.72666
2022-03-04 00:30:00,9.72667,9.72836,9.72633,9.72724
2022-03-04 00:45:00,9.72727,9.73134,9.72387,9.73133
2022-03-04 01:00:00,9.73063,9.73343,9.72312,9.73139
2022-03-04 01:15:00,9.73113,9.73493,9.73013,9.73314
2022-03-04 01:30:00,9.73311,9.73607,9.73222,9.73366
2022-03-04 01:45:00,9.73427,9.73603,9.73341,9.73375
2022-03-04 02:00:00,9.73362,9.75595,9.73362,9.75104
2022-03-04 02:15:00,9.75105,9.77938,9.75044,9.76914
2022-03-04 02:30:00,9.76905,9.79894,9.76464,9.79118
2022-03-04 02:45:00,9.79095,9.79292,9.782,9.78799
2022-03-04 03:00:00,9.78839,9.80935,9.77678,9.79845
2022-03-04 03:15:00,9.79851,9.80297,9.79427,9.79697
2022-03-04 03:30:00,9.79699,9.80388,9.79222,9.79564
2022-03-04 03:45:00,9.79561,9.79581,9.76562,9.7682
2022-03-04 04:00:00,9.76811,9.77018,9.75017,9.75985
2022-03-04 04:15:00,9.75987,9.76972,9.75718,9.76623
2022-03-04 04:30:00,9.76622,9.76972,9.75984,9.76231
2022-03-04 04:45:00,9.76176,9.7755,9.76173,9.7724
2022-03-04 05:00:00,9.77234,9.78103,9.77194,9.77431
2022-03-04 05:15:00,9.77434,9.77975,9.77086,9.77512
2022-03-04 05:30:00,9.77547,9.77759,9.77273,9.77546
2022-03-04 05:45:00,9.77545,9.77938,9.77348,9.77517
2022-03-04 06:00:00,9.77516,9.77787,9.77127,9.77175
2022-03-04 06:15:00,9.77177,9.77337,9.76858,9.76957
2022-03-04 06:30:00,9.76955,9.771,9.76529,9.76814
2022-03-04 06:45:00,9.76817,9.77264,9.76669,9.76712
2022-03-04 07:00:00,9.76723,9.76782,9.76445,9.76488
2022-03-04 07:15:00,9.76509,9.76944,9.7632,9.76831
2022-03-04 07:30:00,9.76828,9.7731,9.76822,9.77207
2022-03-04 07:45:00,9.77206,9.77727,9.77199,9.7737
2022-03-04 08:00:00,9.77372,9.7768,9.77045,9.77435
2022-03-04 08:15:00,9.77433,9.778,9.77274,9.77454
2022-03-04 08:30:00,9.77457,9.7795,9.77386,9.77813
2022-03-04 08:45:00,9.77808,9.7836,9.76459,9.77833
2022-03-04 09:00:00,9.77832,9.79351,9.77014,9.78915
2022-03-04 09:15:00,9.78914,9.79769,9.78332,9.78704
2022-03-04 09:30:00,9.78705,9.79123,9.7863,9.78734
2022-03-04 09:45:00,9.78732,9.79391,9.78354,9.78834
2022-03-04 10:00:00,9.78836,9.79235,9.77495,9.7854
2022-03-04 10:15:00,9.78539,9.79537,9.77677,9.7862
2022-03-04 10:30:00,9.78623,9.79457,9.77659,9.78021
2022-03-04 10:45:00,9.78022,9.78439,9.77063,9.77785
2022-03-04 11:00:00,9.77788,9.78564,9.77399,9.77941
2022-03-04 11:15:00,9.77974,9.79028,9.77429,9.7793
2022-03-04 11:30:00,9.77932,9.79803,9.7745,9.78084
2022-03-04 11:45:00,9.78097,9.80059,9.77952,9.80034
2022-03-04 12:00:00,9.8001,9.80419,9.79069,9.79907
2022-03-04 12:15:00,9.79908,9.80006,9.77616,9.78049
2022-03-04 12:30:00,9.7805,9.79884,9.7805,9.79599
2022-03-04 12:45:00,9.79598,9.79901,9.79162,9.79696
2022-03-04 13:00:00,9.79697,9.8123,9.79317,9.81105
2022-03-04 13:15:00,9.81106,9.82574,9.79647,9.80453
2022-03-04 13:30:00,9.80452,9.82335,9.80397,9.81896
2022-03-04 13:45:00,9.81899,9.82731,9.81616,9.82436
2022-03-04 14:00:00,9.82438,9.82899,9.82034,9.82676
2022-03-04 14:15:00,9.82672,9.84046,9.82339,9.83819
2022-03-04 14:30:00,9.8382,9.84883,9.83243,9.8444
2022-03-04 14:45:00,9.84429,9.86738,9.83876,9.86357
2022-03-04 15:00:00,9.86329,9.87781,9.85356,9.87449
2022-03-04 15:15:00,9.87443,9.88099,9.86523,9.86563
2022-03-04 15:30:00,9.86578,9.92436,9.86153,9.9136
2022-03-04 15:45:00,9.91359,9.96095,9.91264,9.93642
2022-03-04 16:00:00,9.93639,9.9451,9.92038,9.92483
2022-03-04 16:15:00,9.92481,9.94482,9.91392,9.94212
2022-03-04 16:30:00,9.94213,9.94647,9.91792,9.92685
2022-03-04 16:45:00,9.92682,9.93521,9.90305,9.90323
2022-03-04 17:00:00,9.90324,9.90625,9.88458,9.89366
2022-03-04 17:15:00,9.89361,9.89916,9.88514,9.88842
2022-03-04 17:30:00,9.88839,9.89309,9.88219,9.89307
2022-03-04 17:45:00,9.89297,9.89437,9.85645,9.86439
2022-03-04 18:00:00,9.86397,9.88963,9.85957,9.88764
2022-03-04 18:15:00,9.88787,9.89857,9.87921,9.88841
2022-03-04 18:30:00,9.8885,9.89855,9.87474,9.8751
2022-03-04 18:45:00,9.87509,9.87989,9.86005,9.87102
2022-03-04 19:00:00,9.87096,9.87167,9.84737,9.84748
2022-03-04 19:15:00,9.84751,9.84768,9.8156,9.81844
2022-03-04 19:30:00,9.81833,9.82362,9.81386,9.82166
2022-03-04 19:45:00,9.82167,9.82957,9.81978,9.82637
2022-03-04 20:00:00,9.82631,9.82979,9.82137,9.82949
2022-03-04 20:15:00,9.8295,9.8404,9.82845,9.83658
2022-03-04 20:30:00,9.83654,9.8397,9.82606,9.83739
2022-03-04 20:45:00,9.8374,9.8387,9.82926,9.83057
2022-03-04 21:00:00,9.83052,9.8383,9.82745,9.82823
2022-03-04 21:15:00,9.82824,9.83242,9.8245,9.82691
2022-03-04 21:30:00,9.82693,9.84132,9.82673,9.84131
2022-03-04 21:45:00,9.84132,9.86862,9.84132,9.86476
2022-03-04 22:00:00,9.86475,9.86816,9.85375,9.86283
2022-03-04 22:15:00,9.86284,9.86503,9.85524,9.85709
2022-03-04 22:30:00,9.85716,9.86334,9.85606,9.85783
2022-03-04 22:45:00,9.85785,9.87602,9.85031,9.8514
2022-03-04 23:00:00,9.85052,9.85292,9.8431,9.84563
2022-03-04 23:15:00,9.84561,9.84924,9.84329,9.84444
2022-03-04 23:30:00,9.84453,9.84748,9.84134,9.8435
2022-03-04 23:45:00,9.84358,9.86216,9.83158,9.83758
2022-03-07 00:00:00,9.83875,9.83875,9.83649,9.83831
2022-03-07 00:15:00,9.83834,9.83946,9.83681,9.83946
2022-03-07 00:30:00,9.83947,9.84057,9.83708,9.83804
2022-03-07 00:45:00,9.83783,9.84364,9.8378,9.83868
2022-03-07 01:00:00,9.90475,9.91793,9.90155,9.90648
2022-03-07 01:15:00,9.90635,9.91044,9.8814,9.8899
2022-03-07 01:30:00,9.88976,9.91578,9.8765,9.91462
2022-03-07 01:45:00,9.91497,9.92258,9.90909,9.91549
2022-03-07 02:00:00,9.91459,9.92017,9.91054,9.91752
2022-03-07 02:15:00,9.91742,9.92536,9.91325,9.92486
2022-03-07 02:30:00,9.92487,9.92514,9.91793,9.92414
2022-03-07 02:45:00,9.92412,9.93504,9.91945,9.93504
2022-03-07 03:00:00,9.93505,9.95724,9.93486,9.95158
2022-03-07 03:15:00,9.95159,9.98192,9.95159,9.9754
2022-03-07 03:30:00,9.97547,9.97547,9.95862,9.96598
2022-03-07 03:45:00,9.96597,9.97417,9.95452,9.95458
2022-03-07 04:00:00,9.955,9.96041,9.9496,9.95246
2022-03-07 04:15:00,9.95247,9.95873,9.94677,9.95695
2022-03-07 04:30:00,9.95707,9.96202,9.94915,9.96024
2022-03-07 04:45:00,9.9602,9.96949,9.95663,9.96196
2022-03-07 05:00:00,9.96193,9.96597,9.95825,9.95856
2022-03-07 05:15:00,9.95855,9.98515,9.92978,9.94175
2022-03-07 05:30:00,9.94194,9.94687,9.93928,9.94588
2022-03-07 05:45:00,9.94594,9.94599,9.93961,9.94364
2022-03-07 06:00:00,9.94365,9.94446,9.94365,9.94365
2022-03-07 06:15:00,9.94374,9.95126,9.94207,9.94664
2022-03-07 06:30:00,9.94609,9.95058,9.94273,9.94536
2022-03-07 06:45:00,9.94533,9.94898,9.93107,9.93265
2022-03-07 07:00:00,9.93263,9.94205,9.93182,9.93697
2022-03-07 07:15:00,9.93703,9.93824,9.9199,9.93092
2022-03-07 07:30:00,9.93088,9.9431,9.93059,9.94027
2022-03-07 07:45:00,9.94059,9.94059,9.92969,9.93531
2022-03-07 08:00:00,9.93431,9.93662,9.92077,9.92503
2022-03-07 08:15:00,9.92493,9.92683,9.9082,9.90931
2022-03-07 08:30:00,9.90934,9.92311,9.90934,9.92286
2022-03-07 08:45:00,9.92308,9.92604,9.91905,9.92276
2022-03-07 09:00:00,9.92351,9.92575,9.91078,9.9111
2022-03-07 09:15:00,9.91099,9.91323,9.89852,9.91233
2022-03-07 09:30:00,9.91203,9.93793,9.91194,9.93344
2022-03-07 09:45:00,9.93345,9.95141,9.93092,9.9512
2022-03-07 10:00:00,9.95118,9.96577,9.92565,9.96407
2022-03-07 10:15:00,9.96339,9.98182,9.95613,9.98111
2022-03-07 10:30:00,9.98127,9.99797,9.97509,9.9955
2022-03-07 10:45:00,9.99547,9.99965,9.97176,9.97815
2022-03-07 11:00:00,9.9781,9.99676,9.97116,9.97714
2022-03-07 11:15:00,9.97726,9.99338,9.97366,9.97875
2022-03-07 11:30:00,9.97884,10.00159,9.97768,9.99537
2022-03-07 11:45:00,9.99542,10.01246,9.99032,10.00693
2022-03-07 12:00:00,10.00627,10.02338,10.00169,10.01941
2022-03-07 12:15:00,10.01926,10.04751,10.01909,10.04751
2022-03-07 12:30:00,10.04798,10.06831,10.04718,10.06322
2022-03-07 12:45:00,10.0632,10.06357,10.05198,10.05533
2022-03-07 13:00:00,10.05529,10.05739,10.02851,10.0329
2022-03-07 13:15:00,10.03272,10.05573,10.02915,10.03917
2022-03-07 13:30:00,10.03924,10.05769,10.03466,10.05134
2022-03-07 13:45:00,10.05127,10.0585,10.02226,10.02419
2022-03-07 14:00:00,10.02421,10.02827,9.99067,9.99443
2022-03-07 14:15:00,9.99469,10.00007,9.97025,9.97541
2022-03-07 14:30:00,9.97498,9.98099,9.93104,9.96601
2022-03-07 14:45:00,9.96597,9.9777,9.95334,9.97185
2022-03-07 15:00:00,9.9719,9.9719,9.9551,9.96301
2022-03-07 15:15:00,9.96265,9.97008,9.94138,9.95164
2022-03-07 15:30:00,9.95158,9.9546,9.91717,9.93804
2022-03-07 15:45:00,9.93806,9.94279,9.92677,9.94273
2022-03-07 16:00:00,9.94328,9.94963,9.91256,9.92158
2022-03-07 16:15:00,9.92142,9.92237,9.89886,9.90393
2022-03-07 16:30:00,9.90399,9.947,9.89992,9.947
2022-03-07 16:45:00,9.94767,9.95433,9.93819,9.94173
2022-03-07 17:00:00,9.94175,9.9715,9.93979,9.96523
2022-03-07 17:15:00,9.96544,9.98466,9.9512,9.9785
2022-03-07 17:30:00,9.97809,9.97832,9.95285,9.9634
2022-03-07 17:45:00,9.96339,9.96715,9.94812,9.96506
2022-03-07 18:00:00,9.96498,9.98532,9.96445,9.98336
2022-03-07 18:15:00,9.98306,9.99111,9.97977,9.98721
2022-03-07 18:30:00,9.98723,10.02056,9.98688,10.0039
2022-03-07 18:45:00,10.00365,10.00768,9.96975,10.00472
2022-03-07 19:00:00,10.00473,10.01437,10.0019,10.00358
2022-03-07 19:15:00,10.00371,10.0044,9.98982,9.99415
2022-03-07 19:30:00,9.994,9.99723,9.9855,9.98938
2022-03-07 19:45:00,9.98895,10.00284,9.97485,10.0
2022-03-07 20:00:00,10.00007,10.01183,9.9743,9.97966
2022-03-07 20:15:00,9.97964,10.00291,9.97245,9.98198
2022-03-07 20:30:00,9.98194,9.9853,9.96284,9.98229
2022-03-07 20:45:00,9.98234,10.00695,9.97449,9.99315
2022-03-07 21:00:00,9.99319,10.00159,9.98169,9.98292
2022-03-07 21:15:00,9.98228,10.00081,9.97989,9.99926
2022-03-07 21:30:00,9.99937,10.01375,9.99923,10.00674
2022-03-07 21:45:00,10.00678,10.02846,10.00318,10.02644
2022-03-07 22:00:00,10.026,10.02721,10.0138,10.01423
2022-03-07 22:15:00,10.01421,10.01621,10.00186,10.00294
2022-03-07 22:30:00,10.00293,10.01048,9.99152,9.99158
2022-03-07 22:45:00,9.99166,9.99719,9.9725,9.97809
2022-03-07 23:00:00,9.97884,9.99922,9.97853,9.9953
2022-03-07 23:15:00,9.99533,9.99896,9.9912,9.99383
2022-03-07 23:30:00,9.99384,9.9998,9.99145,9.99956
2022-03-07 23:45:00,9.99865,10.00969,9.99474,10.00038
2022-03-08 00:00:00,10.00179,10.00179,9.94413,9.97138
2022-03-08 00:15:00,9.97334,9.9796,9.96415,9.97716
2022-03-08 00:30:00,9.97453,9.98232,9.96791,9.97232
2022-03-08 00:45:00,9.9704,9.97353,9.96815,9.96875
2022-03-08 01:00:00,9.96802,9.97561,9.95589,9.96163
2022-03-08 01:15:00,9.96203,9.96914,9.96074,9.96542
2022-03-08 01:30:00,9.9652,9.9823,9.96363,9.97723
2022-03-08 01:45:00,9.97718,9.98114,9.97293,9.97293
2022-03-08 02:00:00,9.97493,9.99821,9.97277,9.99102
2022-03-08 02:15:00,9.99051,9.99431,9.98417,9.98668
2022-03-08 02:30:00,9.9867,9.9922,9.98261,9.99013
2022-03-08 02:45:00,9.99003,10.00191,9.98853,9.98997
2022-03-08 03:00:00,9.98982,9.99253,9.97823,9.97888
2022-03-08 03:15:00,9.97883,9.97922,9.96626,9.97031
2022-03-08 03:30:00,9.97086,9.98032,9.96456,9.96504
2022-03-08 03:45:00,9.96517,9.96848,9.95534,9.95967
2022-03-08 04:00:00,9.9598,9.96009,9.94189,9.94527
2022-03-08 04:15:00,9.94435,9.95148,9.94312,9.94614
2022-03-08 04:30:00,9.94514,9.94786,9.93999,9.94348
2022-03-08 04:45:00,9.94396,9.95263,9.94191,9.94713
2022-03-08 05:00:00,9.94823,9.95322,9.94343,9.94808
2022-03-08 05:15:00,9.948,9.95442,9.9477,9.95273
2022-03-08 05:30:00,9.95274,9.95763,9.94791,9.95598
2022-03-08 05:45:00,9.95612,9.9637,9.95578,9.96322
2022-03-08 06:00:00,9.96321,9.97518,9.96321,9.97117
2022-03-08 06:15:00,9.97097,9.97292,9.9647,9.9666
2022-03-08 06:30:00,9.96688,9.97009,9.96474,9.96791
2022-03-08 06:45:00,9.96774,9.97546,9.96583,9.97001
2022-03-08 07:00:00,9.97002,9.98651,9.96831,9.98502
2022-03-08 07:15:00,9.98434,9.99125,9.98269,9.98892
2022-03-08 07:30:00,9.99141,9.99604,9.9873,9.99351
2022-03-08 07:45:00,9.99505,9.9981,9.98682,9.99212
2022-03-08 08:00:00,9.99238,9.9945,9.98715,9.99353
2022-03-08 08:15:00,9.99352,10.00605,9.99248,10.00403
2022-03-08 08:30:00,10.00423,10.00879,9.99847,10.00569
2022-03-08 08:45:00,10.00646,10.01031,9.99985,10.00022
2022-03-08 09:00:00,10.00063,10.03465,9.99953,10.03171
2022-03-08 09:15:00,10.03155,10.03312,9.98457,9.98457
2022-03-08 09:30:00,9.98458,9.9905,9.97569,9.97956
2022-03-08 09:45:00,9.9799,10.01095,9.97936,10.00582
2022-03-08 10:00:00,10.0058,10.00912,9.92474,9.92891
2022-03-08 10:15:00,9.92956,9.95031,9.91281,9.91535
2022-03-08 10:30:00,9.91509,9.93437,9.90945,9.93158
2022-03-08 10:45:00,9.93137,9.95762,9.92107,9.93356
2022-03-08 11:00:00,9.93334,9.95643,9.92594,9.94977
2022-03-08 11:15:00,9.94993,9.96711,9.945,9.96344
2022-03-08 11:30:00,9.96346,9.97552,9.94095,9.95495
2022-03-08 11:45:00,9.95484,9.96244,9.94242,9.9448
2022-03-08 12:00:00,9.94478,9.96047,9.93981,9.95217
2022-03-08 12:15:00,9.95198,9.96614,9.95188,9.95965
2022-03-08 12:30:00,9.95964,9.97703,9.95366,9.96565
2022-03-08 12:45:00,9.96568,9.97142,9.93577,9.94606
2022-03-08 13:00:00,9.94592,9.96522,9.94527,9.96044
2022-03-08 13:15:00,9.96049,9.96933,9.9514,9.96441
2022-03-08 13:30:00,9.9644,9.98927,9.96393,9.98465
2022-03-08 13:45:00,9.98472,9.98523,9.96274,9.96796
2022-03-08 14:00:00,9.96831,9.97058,9.93492,9.93783
2022-03-08 14:15:00,9.93775,9.94615,9.93198,9.93868
2022-03-08 14:30:00,9.93858,9.95036,9.92989,9.94727
2022-03-08 14:45:00,9.94726,9.96532,9.94699,9.95534
2022-03-08 15:00:00,9.95533,9.98929,9.95218,9.98761
2022-03-08 15:15:00,9.9875,9.99557,9.96966,9.97873
2022-03-08 15:30:00,9.97872,9.98475,9.97067,9.97389
2022-03-08 15:45:00,9.97363,9.97733,9.94643,9.9547
2022-03-08 16:00:00,9.95491,9.96526,9.94634,9.9578
2022-03-08 16:15:00,9.95779,9.96029,9.9381,9.93836
2022-03-08 16:30:00,9.93835,9.9613,9.93132,9.93672
2022-03-08 16:45:00,9.93685,9.96109,9.93518,9.9455
2022-03-08 17:00:00,9.9454,9.98104,9.94523,9.9541
2022-03-08 17:15:00,9.95408,9.9707,9.93584,9.95624
2022-03-08 17:30:00,9.95604,9.97332,9.93924,9.93968
2022-03-08 17:45:00,9.93963,9.96932,9.93661,9.95957
2022-03-08 18:00:00,9.95972,9.9626,9.93724,9.94781
2022-03-08 18:15:00,9.94761,9.97725,9.94541,9.97489
2022-03-08 18:30:00,9.97493,9.97899,9.96244,9.97661
2022-03-08 18:45:00,9.97629,9.97787,9.95025,9.95974
2022-03-08 19:00:00,9.95971,9.96435,9.9189,9.92114
2022-03-08 19:15:00,9.9211,9.92162,9.88355,9.88355
2022-03-08 19:30:00,9.88373,9.8936,9.87489,9.8807
2022-03-08 19:45:00,9.87979,9.89232,9.86472,9.87967
2022-03-08 20:00:00,9.88087,9.88502,9.84942,9.85869
2022-03-08 20:15:00,9.85868,9.8966,9.85491,9.89251
2022-03-08 20:30:00,9.89076,9.93032,9.87997,9.92042
2022-03-08 20:45:00,9.91995,9.93943,9.91813,9.93482
2022-03-08 21:00:00,9.93563,9.94979,9.93267,9.93547
2022-03-08 21:15:00,9.93532,9.94489,9.93346,9.93708
2022-03-08 21:30:00,9.93706,9.95137,9.93308,9.93423
2022-03-08 21:45:00,9.93442,9.93442,9.91688,9.92752
2022-03-08 22:00:00,9.92752,9.93463,9.9207,9.93267
2022-03-08 22:15:00,9.93276,9.93848,9.92659,9.93697
2022-03-08 22:30:00,9.93692,9.93692,9.9292,9.93065
2022-03-08 22:45:00,9.93063,9.94128,9.92772,9.93764
2022-03-08 23:00:00,9.93764,9.9475,9.93189,9.94657
2022-03-08 23:15:00,9.94655,9.95186,9.94128,9.94215
2022-03-08 23:30:00,9.94216,9.94996,9.94147,9.94781
2022-03-08 23:45:00,9.94777,9.94896,9.92922,9.92922
2022-03-09 00:00:00,9.92828,9.92828,9.89711,9.90805
2022-03-09 00:15:00,9.90804,9.91082,9.90513,9.90661
2022-03-09 00:30:00,9.90641,9.91092,9.90594,9.90695
2022-03-09 00:45:00,9.90867,9.91849,9.90667,9.91581
2022-03-09 01:00:00,9.91577,9.93545,9.91505,9.93461
2022-03-09 01:15:00,9.93462,9.94012,9.93429,9.93735
2022-03-09 01:30:00,9.93748,9.93822,9.93443,9.93679
2022-03-09 01:45:00,9.93681,9.93704,9.93244,9.93265
2022-03-09 02:00:00,9.93252,9.93385,9.92883,9.93298
2022-03-09 02:15:00,9.93287,9.94472,9.92824,9.93109
2022-03-09 02:30:00,9.93114,9.93526,9.92948,9.93294
2022-03-09 02:45:00,9.93284,9.933,9.92013,9.9206
2022-03-09 03:00:00,9.92036,9.92088,9.91634,9.91885
2022-03-09 03:15:00,9.91914,9.92212,9.91787,9.91841
2022-03-09 03:30:00,9.91838,9.91988,9.91682,9.91777
2022-03-09 03:45:00,9.91786,9.92249,9.917,9.9218
2022-03-09 04:00:00,9.92177,9.92222,9.91666,9.91732
2022-03-09 04:15:00,9.91733,9.91859,9.91634,9.91709
2022-03-09 04:30:00,9.91706,9.91943,9.91664,9.91687
2022-03-09 04:45:00,9.91699,9.92016,9.91633,9.9174
2022-03-09 05:00:00,9.9174,9.91987,9.91719,9.91888
2022-03-09 05:15:00,9.91886,9.92573,9.9187,9.9227
2022-03-09 05:30:00,9.92261,9.92358,9.91838,9.91863
2022-03-09 05:45:00,9.91864,9.9297,9.91829,9.9274
2022-03-09 06:00:00,9.92744,9.92754,9.92325,9.92396
2022-03-09 06:15:00,9.92398,9.92468,9.92295,9.92384
2022-03-09 06:30:00,9.92395,9.92395,9.90951,9.91052
2022-03-09 06:45:00,9.91054,9.91062,9.90752,9.91022
2022-03-09 07:00:00,9.91026,9.91319,9.90498,9.90705
2022-03-09 07:15:00,9.90715,9.90797,9.89993,9.90432
2022-03-09 07:30:00,9.90421,9.90877,9.89369,9.89825
2022-03-09 07:45:00,9.89826,9.89826,9.88314,9.89354
2022-03-09 08:00:00,9.89306,9.89862,9.88921,9.89264
2022-03-09 08:15:00,9.89263,9.89296,9.88833,9.89127
2022-03-09 08:30:00,9.89125,9.90171,9.89009,9.89964
2022-03-09 08:45:00,9.89967,9.91137,9.89315,9.89485
2022-03-09 09:00:00,9.89479,9.90946,9.89235,9.90191
2022-03-09 09:15:00,9.90199,9.90597,9.88058,9.88491
2022-03-09 09:30:00,9.88492,9.91171,9.88491,9.89911
2022-03-09 09:45:00,9.89912,9.90332,9.89098,9.89919
2022-03-09 10:00:00,9.89908,9.90401,9.85836,9.86948
2022-03-09 10:15:00,9.86989,9.88106,9.85567,9.85982
2022-03-09 10:30:00,9.85981,9.85986,9.83969,9.84269
2022-03-09 10:45:00,9.84275,9.8524,9.84113,9.85231
2022-03-09 11:00:00,9.85231,9.86645,9.84215,9.85758
2022-03-09 11:15:00,9.85759,9.86072,9.82595,9.83119
2022-03-09 11:30:00,9.83164,9.83819,9.82337,9.82985
2022-03-09 11:45:00,9.82989,9.83278,9.81458,9.81712
2022-03-09 12:00:00,9.81749,9.82357,9.8044,9.81077
2022-03-09 12:15:00,9.81082,9.82496,9.80785,9.81297
2022-03-09 12:30:00,9.81272,9.82285,9.80615,9.80689
2022-03-09 12:45:00,9.80693,9.8302,9.80693,9.82666
2022-03-09 13:00:00,9.82666,9.83489,9.81758,9.82964
2022-03-09 13:15:00,9.82992,9.83943,9.81327,9.83714
2022-03-09 13:30:00,9.83712,9.83792,9.8166,9.82821
2022-03-09 13:45:00,9.82849,9.82879,9.79143,9.79365
2022-03-09 14:00:00,9.79362,9.80854,9.78301,9.8032
2022-03-09 14:15:00,9.80314,9.80621,9.79237,9.79292
2022-03-09 14:30:00,9.79293,9.79861,9.78065,9.78443
2022-03-09 14:45:00,9.78442,9.78658,9.77113,9.77364
2022-03-09 15:00:00,9.77354,9.77475,9.75758,9.76257
2022-03-09 15:15:00,9.76256,9.76438,9.7502,9.75437
2022-03-09 15:30:00,9.75451,9.75603,9.73432,9.73881
2022-03-09 15:45:00,9.73934,9.74452,9.72342,9.73398
2022-03-09 16:00:00,9.73363,9.74606,9.69437,9.71366
2022-03-09 16:15:00,9.71356,9.72618,9.69958,9.69962
2022-03-09 16:30:00,9.70004,9.7162,9.68644,9.69025
2022-03-09 16:45:00,9.69015,9.70088,9.68307,9.69688
2022-03-09 17:00:00,9.69709,9.71012,9.69292,9.7092
2022-03-09 17:15:00,9.70923,9.72489,9.70077,9.71539
2022-03-09 17:30:00,9.7154,9.72033,9.68926,9.69545
2022-03-09 17:45:00,9.69543,9.70158,9.68524,9.6948
2022-03-09 18:00:00,9.69469,9.69917,9.6659,9.67144
2022-03-09 18:15:00,9.67142,9.67873,9.66024,9.66137
2022-03-09 18:30:00,9.66135,9.66858,9.6528,9.66561
2022-03-09 18:45:00,9.66568,9.67746,9.65794,9.6728
2022-03-09 19:00:00,9.67289,9.67757,9.66829,9.67499
2022-03-09 19:15:00,9.675,9.678,9.662,9.66962
2022-03-09 19:30:00,9.66963,9.67242,9.64917,9.65656
2022-03-09 19:45:00,9.65654,9.67519,9.65488,9.66414
2022-03-09 20:00:00,9.66416,9.68246,9.66091,9.67624
2022-03-09 20:15:00,9.67611,9.67775,9.66557,9.6764
2022-03-09 20:30:00,9.67644,9.68592,9.66952,9.68542
2022-03-09 20:45:00,9.6854,9.69102,9.68351,9.68583
2022-03-09 21:00:00,9.68581,9.68599,9.67979,9.68074
2022-03-09 21:15:00,9.6807,9.68543,9.67392,9.68197
2022-03-09 21:30:00,9.68191,9.68191,9.66792,9.66792
2022-03-09 21:45:00,9.66812,9.67684,9.66484,9.67195
2022-03-09 22:00:00,9.67198,9.67299,9.66777,9.67203
2022-03-09 22:15:00,9.67201,9.67352,9.66966,9.67096
2022-03-09 22:30:00,9.67058,9.67808,9.66849,9.67625
2022-03-09 22:45:00,9.67627,9.68704,9.67377,9.67715
2022-03-09 23:00:00,9.67793,9.68317,9.67754,9.68093
2022-03-09 23:15:00,9.68081,9.68106,9.67787,9.6801
2022-03-09 23:30:00,9.68005,9.6816,9.67658,9.67996
2022-03-09 23:45:00,9.68001,9.681,9.67205,9.673
2022-03-10 00:00:00,9.67296,9.67296,9.65606,9.66694
2022-03-10 00:15:00,9.66695,9.67032,9.66668,9.66953
2022-03-10 00:30:00,9.66932,9.67121,9.66878,9.67049
2022-03-10 00:45:00,9.67077,9.67077,9.66874,9.67018
2022-03-10 01:00:00,9.66912,9.67042,9.6627,9.66738
2022-03-10 01:15:00,9.66735,9.67808,9.66637,9.67435
2022-03-10 01:30:00,9.67435,9.67553,9.67257,9.67465
2022-03-10 01:45:00,9.67465,9.67591,9.67181,9.67273
2022-03-10 02:00:00,9.67287,9.6836,9.67242,9.68202
2022-03-10 02:15:00,9.68203,9.68551,9.68089,9.68526
2022-03-10 02:30:00,9.68519,9.68988,9.68417,9.68925
2022-03-10 02:45:00,9.68922,9.69139,9.68428,9.69023
2022-03-10 03:00:00,9.69028,9.69926,9.68707,9.69904
2022-03-10 03:15:00,9.69901,9.70612,9.69496,9.70553
2022-03-10 03:30:00,9.70552,9.71203,9.70011,9.7081
2022-03-10 03:45:00,9.70811,9.71086,9.7024,9.70355
2022-03-10 04:00:00,9.70357,9.70635,9.69967,9.70177
2022-03-10 04:15:00,9.70182,9.70369,9.69751,9.69765
2022-03-10 04:30:00,9.69753,9.70199,9.69557,9.69756
2022-03-10 04:45:00,9.69745,9.70309,9.6951,9.7011
2022-03-10 05:00:00,9.70114,9.71052,9.69924,9.70831
2022-03-10 05:15:00,9.70817,9.7122,9.70401,9.7055
2022-03-10 05:30:00,9.70545,9.70679,9.69736,9.70027
2022-03-10 05:45:00,9.7003,9.70291,9.69546,9.69684
2022-03-10 06:00:00,9.6965,9.70571,9.69382,9.70372
2022-03-10 06:15:00,9.70371,9.70377,9.69723,9.70049
2022-03-10 06:30:00,9.70008,9.70133,9.69376,9.69702
2022-03-10 06:45:00,9.69706,9.70517,9.69522,9.70354
2022-03-10 07:00:00,9.70353,9.70519,9.69925,9.70469
2022-03-10 07:15:00,9.70465,9.70973,9.69745,9.70947
2022-03-10 07:30:00,9.70949,9.70957,9.70379,9.70712
2022-03-10 07:45:00,9.70713,9.70898,9.70238,9.70497
2022-03-10 08:00:00,9.70496,9.71202,9.70478,9.71083
2022-03-10 08:15:00,9.71081,9.71147,9.69792,9.70058
2022-03-10 08:30:00,9.70049,9.70638,9.69737,9.70325
2022-03-10 08:45:00,9.70333,9.7047,9.68133,9.68538
2022-03-10 09:00:00,9.68653,9.70726,9.68216,9.6966
2022-03-10 09:15:00,9.69653,9.70636,9.6952,9.70454
2022-03-10 09:30:00,9.70476,9.70829,9.69422,9.69474
2022-03-10 09:45:00,9.69474,9.72267,9.69215,9.7051
2022-03-10 10:00:00,9.70514,9.74468,9.70433,9.73115
2022-03-10 10:15:00,9.73134,9.75732,9.7277,9.74749
2022-03-10 10:30:00,9.74745,9.75934,9.73837,9.74222
2022-03-10 10:45:00,9.7422,9.773,9.7402,9.75834
2022-03-10 11:00:00,9.7584,9.75845,9.70397,9.71947
2022-03-10 11:15:00,9.71946,9.73486,9.71802,9.72198
2022-03-10 11:30:00,9.72195,9.72307,9.69399,9.70691
2022-03-10 11:45:00,9.70696,9.73627,9.69663,9.73117
2022-03-10 12:00:00,9.73112,9.73996,9.7189,9.73098
2022-03-10 12:15:00,9.73096,9.73502,9.71979,9.72781
2022-03-10 12:30:00,9.72782,9.73588,9.72618,9.72815
2022-03-10 12:45:00,9.7282,9.73844,9.72438,9.72858
2022-03-10 13:00:00,9.72852,9.73224,9.71767,9.72218
2022-03-10 13:15:00,9.72225,9.72254,9.70929,9.71352
2022-03-10 13:30:00,9.71351,9.72234,9.71203,9.71295
2022-03-10 13:45:00,9.71296,9.72286,9.70617,9.71971
2022-03-10 14:00:00,9.71973,9.72657,9.71289,9.71289
2022-03-10 14:15:00,9.71267,9.71563,9.68243,9.68874
2022-03-10 14:30:00,9.68873,9.71306,9.68749,9.70649
2022-03-10 14:45:00,9.70424,9.70974,9.63331,9.64028
2022-03-10 15:00:00,9.6402,9.66486,9.63572,9.65629
2022-03-10 15:15:00,9.6566,9.67993,9.65031,9.65237
2022-03-10 15:30:00,9.65226,9.65269,9.61747,9.63745
2022-03-10 15:45:00,9.63758,9.66284,9.62983,9.63906
2022-03-10 16:00:00,9.63869,9.65925,9.63292,9.65609
2022-03-10 16:15:00,9.65636,9.69492,9.65572,9.68333
2022-03-10 16:30:00,9.68301,9.69798,9.67019,9.67906
2022-03-10 16:45:00,9.67907,9.6802,9.66749,9.6699
2022-03-10 17:00:00,9.66949,9.6784,9.65506,9.65555
2022-03-10 17:15:00,9.65595,9.66202,9.64907,9.65869
2022-03-10 17:30:00,9.65901,9.67969,9.65848,9.66756
2022-03-10 17:45:00,9.66755,9.66776,9.64544,9.64696
2022-03-10 18:00:00,9.64713,9.65966,9.64672,9.64931
2022-03-10 18:15:00,9.64941,9.67193,9.64892,9.66183
2022-03-10 18:30:00,9.66167,9.66506,9.65381,9.66395
2022-03-10 18:45:00,9.664,9.66533,9.65662,9.65937
2022-03-10 19:00:00,9.65943,9.67184,9.65399,9.66703
2022-03-10 19:15:00,9.66702,9.67667,9.65879,9.67155
2022-03-10 19:30:00,9.67154,9.67285,9.6637,9.67253
2022-03-10 19:45:00,9.67256,9.68228,9.67058,9.68067
2022-03-10 20:00:00,9.68062,9.68578,9.67555,9.685
2022-03-10 20:15:00,9.68507,9.68563,9.67535,9.68197
2022-03-10 20:30:00,9.68196,9.69024,9.68196,9.68709
2022-03-10 20:45:00,9.68703,9.6892,9.68235,9.68443
2022-03-10 21:00:00,9.68475,9.68617,9.67241,9.68316
2022-03-10 21:15:00,9.68317,9.68712,9.67693,9.67777
2022-03-10 21:30:00,9.67772,9.68492,9.66926,9.68193
2022-03-10 21:45:00,9.68205,9.68585,9.66565,9.67576
2022-03-10 22:00:00,9.67559,9.67585,9.67062,9.67128
2022-03-10 22:15:00,9.67125,9.68116,9.67119,9.67879
2022-03-10 22:30:00,9.67884,9.68809,9.67787,9.68632
2022-03-10 22:45:00,9.68638,9.7032,9.68064,9.69798
2022-03-10 23:00:00,9.69757,9.70427,9.69257,9.70057
2022-03-10 23:15:00,9.70049,9.70073,9.69205,9.69426
2022-03-10 23:30:00,9.69384,9.69429,9.68899,9.69015
2022-03-10 23:45:00,9.69039,9.69184,9.67392,9.67392
2022-03-11 00:00:00,9.67244,9.7197,9.67244,9.70096
2022-03-11 00:15:00,9.70097,9.71956,9.66575,9.68006
2022-03-11 00:30:00,9.68078,9.68453,9.67005,9.67988
2022-03-11 00:45:00,9.67945,9.68561,9.67562,9.68321
2022-03-11 01:00:00,9.68021,9.68021,9.67408,9.67806
2022-03-11 01:15:00,9.678,9.67865,9.67474,9.67777
2022-03-11 01:30:00,9.67777,9.67921,9.67491,9.67576
2022-03-11 01:45:00,9.67575,9.67859,9.66234,9.66284
2022-03-11 02:00:00,9.66328,9.66947,9.66257,9.66438
2022-03-11 02:15:00,9.66434,9.66869,9.66062,9.66784
2022-03-11 02:30:00,9.66783,9.68345,9.66446,9.68228
2022-03-11 02:45:00,9.68199,9.68318,9.66727,9.67711
2022-03-11 03:00:00,9.67717,9.68301,9.67272,9.68239
2022-03-11 03:15:00,9.68244,9.69472,9.68224,9.6896
2022-03-11 03:30:00,9.68958,9.71076,9.68748,9.70695
2022-03-11 03:45:00,9.70699,9.70805,9.70036,9.70705
2022-03-11 04:00:00,9.70706,9.70723,9.69702,9.6979
2022-03-11 04:15:00,9.69796,9.69855,9.69339,9.69581
2022-03-11 04:30:00,9.69606,9.69814,9.69412,9.69741
2022-03-11 04:45:00,9.69736,9.70308,9.69697,9.70131
2022-03-11 05:00:00,9.70126,9.7042,9.69906,9.70418
2022-03-11 05:15:00,9.70428,9.70529,9.69974,9.70049
2022-03-11 05:30:00,9.70054,9.70545,9.6942,9.69562
2022-03-11 05:45:00,9.69572,9.69728,9.69088,9.69091
2022-03-11 06:00:00,9.69104,9.69499,9.69091,9.69374
2022-03-11 06:15:00,9.6938,9.6948,9.68862,9.68863
2022-03-11 06:30:00,9.68869,9.69014,9.68332,9.68348
2022-03-11 06:45:00,9.68346,9.69194,9.6831,9.69188
2022-03-11 07:00:00,9.69218,9.69304,9.68909,9.69238
2022-03-11 07:15:00,9.69236,9.69466,9.69192,9.69449
2022-03-11 07:30:00,9.69447,9.69729,9.68949,9.69031
2022-03-11 07:45:00,9.6903,9.6959,9.69028,9.69373
2022-03-11 08:00:00,9.69372,9.69599,9.67653,9.67654
2022-03-11 08:15:00,9.67656,9.67736,9.66912,9.67261
2022-03-11 08:30:00,9.67264,9.67948,9.67189,9.67812
2022-03-11 08:45:00,9.67825,9.67999,9.67562,9.67587
2022-03-11 09:00:00,9.67589,9.67992,9.66349,9.67133
2022-03-11 09:15:00,9.67145,9.6922,9.6698,9.68627
2022-03-11 09:30:00,9.68627,9.69297,9.6809,9.68485
2022-03-11 09:45:00,9.68566,9.71591,9.68133,9.71211
2022-03-11 10:00:00,9.71212,9.72508,9.7019,9.72206
2022-03-11 10:15:00,9.72197,9.7311,9.71794,9.72867
2022-03-11 10:30:00,9.72872,9.73862,9.72482,9.73293
2022-03-11 10:45:00,9.733,9.74247,9.7236,9.72912
2022-03-11 11:00:00,9.72917,9.74303,9.72352,9.72754
2022-03-11 11:15:00,9.72753,9.73542,9.71085,9.71993
2022-03-11 11:30:00,9.71992,9.72831,9.71406,9.72199
2022-03-11 11:45:00,9.72181,9.72655,9.7056,9.71786
2022-03-11 12:00:00,9.71805,9.71859,9.70505,9.70709
2022-03-11 12:15:00,9.70716,9.71628,9.69104,9.69259
2022-03-11 12:30:00,9.69242,9.70011,9.68637,9.69863
2022-03-11 12:45:00,9.6987,9.70267,9.69098,9.69945
2022-03-11 13:00:00,9.6995,9.70392,9.69499,9.70064
2022-03-11 13:15:00,9.70062,9.70486,9.60762,9.64609
2022-03-11 13:30:00,9.64622,9.65353,9.61565,9.61961
2022-03-11 13:45:00,9.61958,9.63669,9.60516,9.62871
2022-03-11 14:00:00,9.6287,9.63815,9.62381,9.62668
2022-03-11 14:15:00,9.62664,9.64741,9.62018,9.64047
2022-03-11 14:30:00,9.6402,9.64137,9.62573,9.63874
2022-03-11 14:45:00,9.63873,9.69314,9.63695,9.67699
2022-03-11 15:00:00,9.677,9.69229,9.66825,9.68542
2022-03-11 15:15:00,9.68534,9.6912,9.67415,9.68882
2022-03-11 15:30:00,9.68883,9.6889,9.66986,9.67606
2022-03-11 15:45:00,9.676,9.69345,9.66801,9.68454
2022-03-11 16:00:00,9.68459,9.69752,9.67859,9.68685
2022-03-11 16:15:00,9.68683,9.69008,9.67338,9.67892
2022-03-11 16:30:00,9.67891,9.69558,9.66799,9.69243
2022-03-11 16:45:00,9.6926,9.69596,9.68426,9.69014
2022-03-11 17:00:00,9.69076,9.72739,9.68876,9.72716
2022-03-11 17:15:00,9.72715,9.73371,9.71576,9.7268
2022-03-11 17:30:00,9.72662,9.7355,9.7203,9.72724
2022-03-11 17:45:00,9.72725,9.72734,9.6906,9.69266
2022-03-11 18:00:00,9.69266,9.7105,9.69051,9.70124
2022-03-11 18:15:00,9.70126,9.713,9.69357,9.71187
2022-03-11 18:30:00,9.71161,9.76381,9.7024,9.72438
2022-03-11 18:45:00,9.72396,9.72547,9.70961,9.7189
2022-03-11 19:00:00,9.71887,9.72451,9.71268,9.71957
2022-03-11 19:15:00,9.71958,9.72557,9.71454,9.72515
2022-03-11 19:30:00,9.72514,9.73157,9.72323,9.72451
2022-03-11 19:45:00,9.72452,9.73137,9.72167,9.72862
2022-03-11 20:00:00,9.72875,9.73056,9.71486,9.72612
2022-03-11 20:15:00,9.72614,9.72748,9.71475,9.72224
2022-03-11 20:30:00,9.72223,9.73402,9.72132,9.73257
2022-03-11 20:45:00,9.73258,9.73458,9.72052,9.73427
2022-03-11 21:00:00,9.73426,9.74429,9.73139,9.73822
2022-03-11 21:15:00,9.73821,9.73839,9.7297,9.73245
2022-03-11 21:30:00,9.73246,9.73678,9.7319,9.7333
2022-03-11 21:45:00,9.73331,9.7355,9.72788,9.72985
2022-03-11 22:00:00,9.72987,9.73305,9.72473,9.73048
2022-03-11 22:15:00,9.73049,9.73742,9.73033,9.73532
2022-03-11 22:30:00,9.73535,9.74516,9.72503,9.73044
2022-03-11 22:45:00,9.73043,9.7355,9.7234,9.73362
2022-03-11 23:00:00,9.73353,9.73393,9.72884,9.73114
2022-03-11 23:15:00,9.73115,9.73986,9.73066,9.73305
2022-03-11 23:30:00,9.73293,9.75119,9.73293,9.74395
2022-03-11 23:45:00,9.74383,9.75312,9.65659,9.72715
2022-03-14 00:00:00,9.76135,9.76135,9.75417,9.75417
2022-03-14 00:15:00,9.75568,9.7558,9.73029,9.73172
2022-03-14 00:30:00,9.73171,9.73724,9.73094,9.73547
2022-03-14 00:45:00,9.73546,9.73813,9.73398,9.73586
2022-03-14 01:00:00,9.73623,9.74416,9.73257,9.73274
2022-03-14 01:15:00,9.73279,9.73372,9.72763,9.72763
2022-03-14 01:30:00,9.72764,9.76764,9.72433,9.75234
2022-03-14 01:45:00,9.75245,9.75248,9.74618,9.75004
2022-03-14 02:00:00,9.75006,9.75264,9.7455,9.74914
2022-03-14 02:15:00,9.75054,9.75282,9.71104,9.71274
2022-03-14 02:30:00,9.71273,9.71772,9.7117,9.71284
2022-03-14 02:45:00,9.71274,9.7166,9.70892,9.7166
2022-03-14 03:00:00,9.71671,9.72667,9.71419,9.72286
2022-03-14 03:15:00,9.72342,9.72475,9.71463,9.71917
2022-03-14 03:30:00,9.71912,9.72392,9.71655,9.72235
2022-03-14 03:45:00,9.72169,9.72175,9.71043,9.71279
2022-03-14 04:00:00,9.7129,9.71338,9.69652,9.70556
2022-03-14 04:15:00,9.70555,9.71127,9.70417,9.70556
2022-03-14 04:30:00,9.70556,9.71292,9.70509,9.71022
2022-03-14 04:45:00,9.71025,9.7394,9.70988,9.73604
2022-03-14 05:00:00,9.73584,9.73778,9.73213,9.73547
2022-03-14 05:15:00,9.73546,9.74156,9.73527,9.7385
2022-03-14 05:30:00,9.73849,9.74982,9.73823,9.74493
2022-03-14 05:45:00,9.74501,9.74978,9.73727,9.7399
2022-03-14 06:00:00,9.73934,9.74081,9.73057,9.73291
2022-03-14 06:15:00,9.73292,9.73528,9.72713,9.73488
2022-03-14 06:30:00,9.73486,9.73728,9.73318,9.73683
2022-03-14 06:45:00,9.73684,9.74028,9.73631,9.74002
2022-03-14 07:00:00,9.74,9.74314,9.7376,9.74251
2022-03-14 07:15:00,9.74255,9.74624,9.74205,9.74533
2022-03-14 07:30:00,9.74535,9.74765,9.74262,9.74479
2022-03-14 07:45:00,9.74481,9.74567,9.7342,9.73425
2022-03-14 08:00:00,9.73423,9.73947,9.73378,9.73718
2022-03-14 08:15:00,9.73722,9.73983,9.73664,9.73691
2022-03-14 08:30:00,9.73686,9.73834,9.73448,9.73542
2022-03-14 08:45:00,9.7354,9.74277,9.73314,9.74017
2022-03-14 09:00:00,9.74015,9.74253,9.7368,9.73691
2022-03-14 09:15:00,9.7369,9.73935,9.73044,9.73116
2022-03-14 09:30:00,9.73118,9.73596,9.73007,9.73171
2022-03-14 09:45:00,9.73169,9.73771,9.7111,9.71282
2022-03-14 10:00:00,9.71415,9.7187,9.69283,9.70915
2022-03-14 10:15:00,9.70913,9.71266,9.68972,9.69096
2022-03-14 10:30:00,9.69095,9.69139,9.66899,9.67634
2022-03-14 10:45:00,9.67635,9.68357,9.66484,9.67531
2022-03-14 11:00:00,9.67476,9.68759,9.65585,9.65854
2022-03-14 11:15:00,9.65852,9.66045,9.63483,9.63488
2022-03-14 11:30:00,9.63479,9.63632,9.61213,9.61742
2022-03-14 11:45:00,9.61741,9.61741,9.60245,9.60611
2022-03-14 12:00:00,9.6061,9.61294,9.6002,9.60104
2022-03-14 12:15:00,9.60101,9.60797,9.59839,9.60674
2022-03-14 12:30:00,9.60673,9.61135,9.59873,9.60003
2022-03-14 12:45:00,9.60005,9.60791,9.58219,9.59132
2022-03-14 13:00:00,9.59136,9.62028,9.59103,9.61954
2022-03-14 13:15:00,9.61971,9.62069,9.61132,9.61657
2022-03-14 13:30:00,9.61666,9.63723,9.61448,9.63305
2022-03-14 13:45:00,9.63309,9.63819,9.62407,9.63528
2022-03-14 14:00:00,9.63525,9.64283,9.62788,9.63351
2022-03-14 14:15:00,9.63352,9.65292,9.6275,9.65218
2022-03-14 14:30:00,9.6522,9.65912,9.6348,9.65237
2022-03-14 14:45:00,9.65234,9.67306,9.65139,9.67094
2022-03-14 15:00:00,9.67084,9.67084,9.63905,9.64544
2022-03-14 15:15:00,9.64541,9.64766,9.63526,9.63531
2022-03-14 15:30:00,9.63537,9.63537,9.62389,9.62853
2022-03-14 15:45:00,9.62852,9.63251,9.61794,9.62004
2022-03-14 16:00:00,9.62004,9.62645,9.61015,9.61158
2022-03-14 16:15:00,9.6116,9.62267,9.60933,9.61885
2022-03-14 16:30:00,9.61913,9.63038,9.61167,9.623
2022-03-14 16:45:00,9.62304,9.6265,9.60736,9.6127
2022-03-14 17:00:00,9.61266,9.61893,9.58205,9.5822
2022-03-14 17:15:00,9.58219,9.58862,9.56661,9.57291
2022-03-14 17:30:00,9.57288,9.5795,9.56482,9.56976
2022-03-14 17:45:00,9.56979,9.58017,9.5625,9.56676
2022-03-14 18:00:00,9.56673,9.56939,9.55498,9.56147
2022-03-14 18:15:00,9.56146,9.57487,9.557,9.57106
2022-03-14 18:30:00,9.5711,9.57938,9.5662,9.57502
2022-03-14 18:45:00,9.57503,9.58869,9.57163,9.57469
2022-03-14 19:00:00,9.57476,9.57836,9.56323,9.56959
2022-03-14 19:15:00,9.56964,9.57462,9.54913,9.55419
2022-03-14 19:30:00,9.55458,9.55572,9.53783,9.54767
2022-03-14 19:45:00,9.54773,9.57094,9.54489,9.56401
2022-03-14 20:00:00,9.56411,9.58234,9.56075,9.57937
2022-03-14 20:15:00,9.57941,9.58156,9.57255,9.5809
2022-03-14 20:30:00,9.58098,9.59322,9.58049,9.58888
2022-03-14 20:45:00,9.58892,9.59967,9.58508,9.59534
2022-03-14 21:00:00,9.59533,9.60366,9.59371,9.60023
2022-03-14 21:15:00,9.60022,9.62624,9.59875,9.62608
2022-03-14 21:30:00,9.6261,9.62611,9.60067,9.60647
2022-03-14 21:45:00,9.60645,9.61834,9.60645,9.6119
2022-03-14 22:00:00,9.61181,9.61998,9.60208,9.60357
2022-03-14 22:15:00,9.60356,9.61257,9.603,9.61251
2022-03-14 22:30:00,9.6131,9.62548,9.61228,9.6215
2022-03-14 22:45:00,9.62147,9.63263,9.61533,9.62348
2022-03-14 23:00:00,9.62234,9.62627,9.61428,9.62088
2022-03-14 23:15:00,9.6209,9.6209,9.60928,9.61122
2022-03-14 23:30:00,9.6112,9.61626,9.60988,9.61584
2022-03-14 23:45:00,9.61587,9.62085,9.61246,9.61443
2022-03-15 00:00:00,9.61283,9.6132,9.58839,9.59491
2022-03-15 00:15:00,9.59526,9.59787,9.59034,9.59122
2022-03-15 00:30:00,9.5935,9.5989,9.59263,9.594
2022-03-15 00:45:00,9.59406,9.59698,9.59397,9.59489
2022-03-15 01:00:00,9.59525,9.61729,9.59113,9.60879
2022-03-15 01:15:00,9.6087,9.61257,9.60837,9.61188
2022-03-15 01:30:00,9.61189,9.62065,9.60975,9.62001
2022-03-15 01:45:00,9.61955,9.62277,9.61655,9.62071
2022-03-15 02:00:00,9.62068,9.62424,9.61937,9.62167
2022-03-15 02:15:00,9.62169,9.62549,9.62128,9.62162
2022-03-15 02:30:00,9.62153,9.62279,9.61555,9.61627
2022-03-15 02:45:00,9.61625,9.61779,9.6122,9.61412
2022-03-15 03:00:00,9.61411,9.61449,9.60717,9.60766
2022-03-15 03:15:00,9.60762,9.60805,9.60174,9.60649
2022-03-15 03:30:00,9.60654,9.60811,9.60352,9.60547
2022-03-15 03:45:00,9.60558,9.60913,9.60452,9.60762
2022-03-15 04:00:00,9.60764,9.61287,9.60387,9.60456
2022-03-15 04:15:00,9.60445,9.61987,9.60389,9.61471
2022-03-15 04:30:00,9.6147,9.62266,9.6125,9.61557
2022-03-15 04:45:00,9.61558,9.6174,9.60056,9.60069
2022-03-15 05:00:00,9.60064,9.6043,9.59088,9.59543
2022-03-15 05:15:00,9.59542,9.60335,9.58641,9.58688
2022-03-15 05:30:00,9.58693,9.58844,9.57005,9.57587
2022-03-15 05:45:00,9.57586,9.58272,9.5731,9.57877
2022-03-15 06:00:00,9.57876,9.58324,9.57359,9.57779
2022-03-15 06:15:00,9.57778,9.5787,9.56726,9.5686
2022-03-15 06:30:00,9.56861,9.56945,9.56518,9.56615
2022-03-15 06:45:00,9.56621,9.56947,9.56373,9.56573
2022-03-15 07:00:00,9.56567,9.56813,9.56215,9.5633
2022-03-15 07:15:00,9.56332,9.5648,9.56152,9.5618
2022-03-15 07:30:00,9.56184,9.5626,9.55576,9.55782
2022-03-15 07:45:00,9.55781,9.56861,9.55657,9.56595
2022-03-15 08:00:00,9.56601,9.57393,9.56591,9.56911
2022-03-15 08:15:00,9.5692,9.5719,9.56724,9.57094
2022-03-15 08:30:00,9.5709,9.57352,9.56723,9.57214
2022-03-15 08:45:00,9.57219,9.57351,9.56752,9.56755
2022-03-15 09:00:00,9.56748,9.57551,9.56614,9.57119
2022-03-15 09:15:00,9.57066,9.57698,9.56683,9.57388
2022-03-15 09:30:00,9.57385,9.58338,9.57309,9.58307
2022-03-15 09:45:00,9.5831,9.59228,9.58254,9.58916
2022-03-15 10:00:00,9.58921,9.59875,9.57964,9.59319
2022-03-15 10:15:00,9.5932,9.59439,9.54831,9.56605
2022-03-15 10:30:00,9.56604,9.59094,9.56603,9.57595
2022-03-15 10:45:00,9.57596,9.58526,9.56038,9.5731
2022-03-15 11:00:00,9.57312,9.58308,9.56591,9.57336
2022-03-15 11:15:00,9.57337,9.61005,9.57246,9.60974
2022-03-15 11:30:00,9.6099,9.61271,9.59524,9.59948
2022-03-15 11:45:00,9.59951,9.61105,9.59322,9.60018
2022-03-15 12:00:00,9.60019,9.61338,9.59523,9.59765
2022-03-15 12:15:00,9.59762,9.60602,9.58394,9.58989
2022-03-15 12:30:00,9.58991,9.59748,9.58312,9.58312
2022-03-15 12:45:00,9.58311,9.5882,9.56194,9.56658
2022-03-15 13:00:00,9.5666,9.5755,9.56577,9.57173
2022-03-15 13:15:00,9.57164,9.58449,9.56934,9.58313
2022-03-15 13:30:00,9.58312,9.58674,9.57466,9.58226
2022-03-15 13:45:00,9.58225,9.58369,9.56472,9.57062
2022-03-15 14:00:00,9.57065,9.57451,9.56098,9.5692
2022-03-15 14:15:00,9.56913,9.58982,9.56807,9.58542
2022-03-15 14:30:00,9.58541,9.58813,9.57147,9.57867
2022-03-15 14:45:00,9.57872,9.58815,9.57622,9.58127
2022-03-15 15:00:00,9.58123,9.58238,9.57062,9.57816
2022-03-15 15:15:00,9.57814,9.57832,9.56119,9.56201
2022-03-15 15:30:00,9.56184,9.58316,9.56145,9.58296
2022-03-15 15:45:00,9.5828,9.58562,9.56103,9.56567
2022-03-15 16:00:00,9.56569,9.58042,9.56487,9.57533
2022-03-15 16:15:00,9.57551,9.58874,9.5751,9.58136
2022-03-15 16:30:00,9.58155,9.59572,9.57995,9.58942
2022-03-15 16:45:00,9.58943,9.59218,9.5644,9.56691
2022-03-15 17:00:00,9.56695,9.59543,9.56538,9.59135
2022-03-15 17:15:00,9.59151,9.63775,9.59151,9.61621
2022-03-15 17:30:00,9.61622,9.61979,9.59759,9.59777
2022-03-15 17:45:00,9.59782,9.60711,9.59123,9.60502
2022-03-15 18:00:00,9.60501,9.61502,9.60007,9.61034
2022-03-15 18:15:00,9.61052,9.62467,9.61014,9.61439
2022-03-15 18:30:00,9.61444,9.61786,9.59788,9.60313
2022-03-15 18:45:00,9.60309,9.62007,9.58247,9.61436
2022-03-15 19:00:00,9.61417,9.64816,9.61156,9.64743
2022-03-15 19:15:00,9.64779,9.64779,9.62709,9.63835
2022-03-15 19:30:00,9.63828,9.63925,9.61487,9.62453
2022-03-15 19:45:00,9.62447,9.64496,9.6192,9.6328
2022-03-15 20:00:00,9.63282,9.63767,9.63057,9.63534
2022-03-15 20:15:00,9.63538,9.63845,9.63317,9.63539
2022-03-15 20:30:00,9.63538,9.64283,9.62644,9.62866
2022-03-15 20:45:00,9.62873,9.63288,9.62559,9.63276
2022-03-15 21:00:00,9.63295,9.63372,9.62893,9.63359
2022-03-15 21:15:00,9.63358,9.64564,9.63202,9.64259
2022-03-15 21:30:00,9.64254,9.64539,9.63422,9.63659
2022-03-15 21:45:00,9.63629,9.63629,9.61909,9.62348
2022-03-15 22:00:00,9.62332,9.62401,9.61554,9.6193
2022-03-15 22:15:00,9.61929,9.61929,9.61026,9.61336
2022-03-15 22:30:00,9.61337,9.61524,9.60899,9.61403
2022-03-15 22:45:00,9.61399,9.62762,9.61113,9.62055
2022-03-15 23:00:00,9.62044,9.62106,9.61153,9.61751
2022-03-15 23:15:00,9.61752,9.62019,9.61726,9.61981
2022-03-15 23:30:00,9.61954,9.61971,9.61557,9.61603
2022-03-15 23:45:00,9.6161,9.63344,9.59784,9.63344
2022-03-16 00:00:00,9.67977,9.67977,9.6503,9.6503
2022-03-16 00:15:00,9.61221,9.61221,9.60941,9.61137
2022-03-16 00:30:00,9.60964,9.69302,9.56382,9.66895
2022-03-16 00:45:00,9.60378,9.67471,9.5739,9.61176
2022-03-16 01:00:00,9.6175,9.6175,9.60062,9.61641
2022-03-16 01:15:00,9.61637,9.61637,9.60775,9.61075
2022-03-16 01:30:00,9.61078,9.61618,9.61009,9.61047
2022-03-16 01:45:00,9.61045,9.61125,9.6074,9.60748
2022-03-16 02:00:00,9.60755,9.61152,9.60651,9.61048
2022-03-16 02:15:00,9.61041,9.61193,9.60736,9.60964
2022-03-16 02:30:00,9.60955,9.61088,9.60555,9.60723
2022-03-16 02:45:00,9.60722,9.60834,9.60185,9.60691
2022-03-16 03:00:00,9.60684,9.60866,9.60182,9.60584
2022-03-16 03:15:00,9.60573,9.60965,9.60418,9.60601
2022-03-16 03:30:00,9.60589,9.61087,9.6035,9.61
2022-03-16 03:45:00,9.60993,9.61787,9.60889,9.61269
2022-03-16 04:00:00,9.6127,9.61408,9.60477,9.60753
2022-03-16 04:15:00,9.60754,9.60837,9.60092,9.60507
2022-03-16 04:30:00,9.6051,9.60612,9.60103,9.60144
2022-03-16 04:45:00,9.6013,9.60207,9.60049,9.6013
2022-03-16 05:00:00,9.60121,9.60172,9.60072,9.60151
2022-03-16 05:15:00,9.60135,9.60169,9.60062,9.60091
2022-03-16 05:30:00,9.60089,9.60183,9.60057,9.60099
2022-03-16 05:45:00,9.60092,9.607,9.60074,9.60431
2022-03-16 06:00:00,9.60432,9.60687,9.60285,9.60603
2022-03-16 06:15:00,9.606,9.60939,9.60524,9.60893
2022-03-16 06:30:00,9.60892,9.6103,9.60544,9.60815
2022-03-16 06:45:00,9.60807,9.61077,9.60512,9.61063
2022-03-16 07:00:00,9.61061,9.61135,9.60611,9.60814
2022-03-16 07:15:00,9.60815,9.61007,9.60663,9.60782
2022-03-16 07:30:00,9.608,9.60939,9.60648,9.60936
2022-03-16 07:45:00,9.60937,9.60982,9.6059,9.60719
2022-03-16 08:00:00,9.60716,9.61072,9.60658,9.61048
2022-03-16 08:15:00,9.61042,9.61148,9.60066,9.601
2022-03-16 08:30:00,9.60108,9.60217,9.60065,9.60096
2022-03-16 08:45:00,9.60101,9.60141,9.58135,9.58301
2022-03-16 09:00:00,9.58285,9.58522,9.58001,9.58075
2022-03-16 09:15:00,9.58077,9.58157,9.56165,9.56483
2022-03-16 09:30:00,9.56499,9.57229,9.56404,9.56533
2022-03-16 09:45:00,9.56534,9.56598,9.55009,9.55235
2022-03-16 10:00:00,9.55321,9.55709,9.54283,9.55672
2022-03-16 10:15:00,9.55671,9.56855,9.53703,9.5413
2022-03-16 10:30:00,9.54153,9.56354,9.54153,9.55877
2022-03-16 10:45:00,9.55853,9.58197,9.55853,9.5761
2022-03-16 11:00:00,9.57612,9.57647,9.55992,9.56477
2022-03-16 11:15:00,9.56478,9.56591,9.53338,9.53433
2022-03-16 11:30:00,9.53432,9.54967,9.52964,9.53486
2022-03-16 11:45:00,9.5348,9.53506,9.52054,9.52716
2022-03-16 12:00:00,9.52721,9.52846,9.50719,9.51355
2022-03-16 12:15:00,9.51356,9.53728,9.51355,9.53726
2022-03-16 12:30:00,9.53722,9.53832,9.5158,9.5247
2022-03-16 12:45:00,9.52475,9.5338,9.5212,9.5295
2022-03-16 13:00:00,9.52952,9.53057,9.49354,9.49413
2022-03-16 13:15:00,9.49414,9.50198,9.49054,9.49842
2022-03-16 13:30:00,9.49966,9.50429,9.49401,9.49916
2022-03-16 13:45:00,9.49915,9.50275,9.49285,9.49855
2022-03-16 14:00:00,9.49854,9.49906,9.46967,9.4834
2022-03-16 14:15:00,9.48352,9.49685,9.48249,9.48616
2022-03-16 14:30:00,9.48614,9.48614,9.46088,9.461
2022-03-16 14:45:00,9.46145,9.48022,9.46032,9.47799
2022-03-16 15:00:00,9.478,9.48423,9.47364,9.48309
2022-03-16 15:15:00,9.4831,9.48856,9.47661,9.47901
2022-03-16 15:30:00,9.47963,9.48522,9.47336,9.48487
2022-03-16 15:45:00,9.48494,9.49089,9.47573,9.48424
2022-03-16 16:00:00,9.48429,9.4853,9.47318,9.47662
2022-03-16 16:15:00,9.47663,9.48259,9.47095,9.47768
2022-03-16 16:30:00,9.47767,9.47893,9.46108,9.46579
2022-03-16 16:45:00,9.46586,9.47206,9.45519,9.46803
2022-03-16 17:00:00,9.46804,9.48256,9.44094,9.44104
2022-03-16 17:15:00,9.44068,9.44473,9.41271,9.44297
2022-03-16 17:30:00,9.4429,9.49419,9.43915,9.48766
2022-03-16 17:45:00,9.48773,9.48843,9.44307,9.44531
2022-03-16 18:00:00,9.44557,9.45661,9.44159,9.44861
2022-03-16 18:15:00,9.44905,9.47133,9.44889,9.46719
2022-03-16 18:30:00,9.46681,9.48358,9.46428,9.47245
2022-03-16 18:45:00,9.47246,9.47701,9.45859,9.46314
2022-03-16 19:00:00,9.46326,9.46513,9.45153,9.45156
2022-03-16 19:15:00,9.45152,9.45823,9.44821,9.44869
2022-03-16 19:30:00,9.44878,9.44979,9.43514,9.44094
2022-03-16 19:45:00,9.44093,9.46188,9.44025,9.45596
2022-03-16 20:00:00,9.45603,9.46426,9.45299,9.46029
2022-03-16 20:15:00,9.46024,9.46578,9.45688,9.46522
2022-03-16 20:30:00,9.46528,9.47096,9.4568,9.46667
2022-03-16 20:45:00,9.46681,9.47733,9.448,9.45873
2022-03-16 21:00:00,9.4692,9.52152,9.44594,9.51239
2022-03-16 21:15:00,9.51272,9.51483,9.49572,9.50817
2022-03-16 21:30:00,9.50827,9.52124,9.48652,9.48889
2022-03-16 21:45:00,9.48851,9.49233,9.45178,9.45771
2022-03-16 22:00:00,9.45745,9.46576,9.45662,9.45908
2022-03-16 22:15:00,9.45907,9.4613,9.43223,9.43402
2022-03-16 22:30:00,9.43393,9.44755,9.42738,9.43
2022-03-16 22:45:00,9.43008,9.43163,9.39776,9.39782
2022-03-16 23:00:00,9.3978,9.41,9.39622,9.40959
2022-03-16 23:15:00,9.4096,9.4116,9.40726,9.40794
2022-03-16 23:30:00,9.40783,9.4113,9.4003,9.40268
2022-03-16 23:45:00,9.4027,9.4108,9.39915,9.3999
2022-03-17 00:00:00,9.39992,9.40548,9.39571,9.40531
2022-03-17 00:15:00,9.40557,9.40672,9.4025,9.40552
2022-03-17 00:30:00,9.40547,9.40677,9.40269,9.40595
2022-03-17 00:45:00,9.40597,9.40795,9.40401,9.40478
2022-03-17 01:00:00,9.40475,9.41272,9.40287,9.41202
2022-03-17 01:15:00,9.41192,9.42657,9.41108,9.41665
2022-03-17 01:30:00,9.41664,9.42649,9.41559,9.42635
2022-03-17 01:45:00,9.4264,9.42684,9.42085,9.42172
2022-03-17 02:00:00,9.42179,9.42343,9.41613,9.42058
2022-03-17 02:15:00,9.42065,9.42332,9.41883,9.42256
2022-03-17 02:30:00,9.42218,9.42468,9.41915,9.42318
2022-03-17 02:45:00,9.42319,9.42362,9.41982,9.42161
2022-03-17 03:00:00,9.42164,9.423,9.41102,9.41257
2022-03-17 03:15:00,9.4126,9.41732,9.41173,9.41477
2022-03-17 03:30:00,9.4148,9.41497,9.40341,9.41222
2022-03-17 03:45:00,9.41216,9.4133,9.40361,9.4044
2022-03-17 04:00:00,9.40439,9.41241,9.40404,9.41226
2022-03-17 04:15:00,9.41234,9.4163,9.40266,9.40837
2022-03-17 04:30:00,9.40834,9.42209,9.40738,9.41699
2022-03-17 04:45:00,9.41697,9.42199,9.41586,9.41742
2022-03-17 05:00:00,9.41743,9.42633,9.41539,9.42618
2022-03-17 05:15:00,9.42637,9.43013,9.42013,9.42371
2022-03-17 05:30:00,9.42367,9.42832,9.42322,9.42743
2022-03-17 05:45:00,9.42742,9.42742,9.41694,9.4179
2022-03-17 06:00:00,9.41772,9.42278,9.41659,9.42167
2022-03-17 06:15:00,9.42168,9.4263,9.41914,9.42559
2022-03-17 06:30:00,9.42555,9.42642,9.42135,9.42553
2022-03-17 06:45:00,9.4255,9.42754,9.42385,9.42513
2022-03-17 07:00:00,9.42508,9.42882,9.42049,9.42536
2022-03-17 07:15:00,9.42522,9.42904,9.42409,9.42746
2022-03-17 07:30:00,9.42745,9.42848,9.4247,9.42561
2022-03-17 07:45:00,9.42562,9.42792,9.42195,9.4255
2022-03-17 08:00:00,9.42553,9.43596,9.42513,9.43277
2022-03-17 08:15:00,9.43273,9.43705,9.43107,9.43419
2022-03-17 08:30:00,9.43421,9.43816,9.4338,9.43695
2022-03-17 08:45:00,9.43698,9.43818,9.41979,9.42271
2022-03-17 09:00:00,9.4227,9.43824,9.42055,9.43455
2022-03-17 09:15:00,9.43463,9.4371,9.42804,9.42948
2022-03-17 09:30:00,9.42921,9.43307,9.42454,9.42547
2022-03-17 09:45:00,9.42559,9.42658,9.40613,9.40737
2022-03-17 10:00:00,9.40767,9.41566,9.40643,9.41087
2022-03-17 10:15:00,9.41088,9.43292,9.4108,9.42713
2022-03-17 10:30:00,9.42732,9.43903,9.41947,9.42437
2022-03-17 10:45:00,9.4242,9.43518,9.41677,9.41782
2022-03-17 11:00:00,9.41807,9.42142,9.4033,9.41531
2022-03-17 11:15:00,9.4153,9.41547,9.39532,9.4125
2022-03-17 11:30:00,9.41239,9.41621,9.40484,9.41426
2022-03-17 11:45:00,9.41448,9.42788,9.40626,9.42492
2022-03-17 12:00:00,9.42542,9.44293,9.41951,9.44266
2022-03-17 12:15:00,9.44264,9.44811,9.42997,9.44443
2022-03-17 12:30:00,9.44437,9.45557,9.43547,9.43589
2022-03-17 12:45:00,9.4359,9.43871,9.42784,9.42826
2022-03-17 13:00:00,9.42807,9.4689,9.42702,9.46398
2022-03-17 13:15:00,9.46397,9.47153,9.44861,9.45357
2022-03-17 13:30:00,9.45397,9.45908,9.4474,9.4474
2022-03-17 13:45:00,9.44744,9.45681,9.44275,9.44969
2022-03-17 14:00:00,9.44967,9.45414,9.44138,9.44934
2022-03-17 14:15:00,9.44933,9.45634,9.44421,9.45189
2022-03-17 14:30:00,9.45184,9.45566,9.44185,9.44212
2022-03-17 14:45:00,9.44213,9.44338,9.42538,9.43123
2022-03-17 15:00:00,9.43181,9.44612,9.42355,9.43636
2022-03-17 15:15:00,9.43638,9.44851,9.43107,9.44457
2022-03-17 15:30:00,9.44492,9.45207,9.44181,9.44672
2022-03-17 15:45:00,9.44641,9.45557,9.44495,9.45278
2022-03-17 16:00:00,9.45271,9.45698,9.44994,9.45369
2022-03-17 16:15:00,9.45372,9.46293,9.45121,9.45167
2022-03-17 16:30:00,9.45168,9.45454,9.4455,9.45454
2022-03-17 16:45:00,9.4546,9.45579,9.43766,9.4383
2022-03-17 17:00:00,9.43819,9.43948,9.42342,9.42787
2022-03-17 17:15:00,9.42779,9.43321,9.41923,9.41927
2022-03-17 17:30:00,9.41933,9.42014,9.3973,9.40146
2022-03-17 17:45:00,9.40147,9.41883,9.4014,9.40722
2022-03-17 18:00:00,9.4072,9.41784,9.39848,9.41084
2022-03-17 18:15:00,9.41088,9.41088,9.4025,9.40628
2022-03-17 18:30:00,9.40625,9.41468,9.39855,9.39877
2022-03-17 18:45:00,9.39875,9.40507,9.39453,9.39553
2022-03-17 19:00:00,9.39563,9.39708,9.38643,9.38786
2022-03-17 19:15:00,9.38795,9.3964,9.38314,9.39268
2022-03-17 19:30:00,9.39173,9.40242,9.38954,9.39778
2022-03-17 19:45:00,9.39775,9.39808,9.38208,9.38542
2022-03-17 20:00:00,9.38531,9.38599,9.37982,9.38241
2022-03-17 20:15:00,9.38239,9.38251,9.37232,9.37941
2022-03-17 20:30:00,9.3794,9.38063,9.3716,9.37219
2022-03-17 20:45:00,9.3722,9.37955,9.36364,9.37841
2022-03-17 21:00:00,9.37851,9.38048,9.37383,9.37533
2022-03-17 21:15:00,9.37545,9.38951,9.37544,9.38896
2022-03-17 21:30:00,9.38897,9.39449,9.3872,9.39444
2022-03-17 21:45:00,9.39442,9.40486,9.39329,9.40184
2022-03-17 22:00:00,9.40178,9.41131,9.40178,9.40404
2022-03-17 22:15:00,9.40405,9.40408,9.39699,9.39977
2022-03-17 22:30:00,9.39981,9.40265,9.39874,9.40084
2022-03-17 22:45:00,9.40086,9.40759,9.40084,9.40682
2022-03-17 23:00:00,9.40597,9.40618,9.40092,9.40341
2022-03-17 23:15:00,9.4034,9.41044,9.40248,9.40313
2022-03-17 23:30:00,9.40306,9.40705,9.40058,9.40307
2022-03-17 23:45:00,9.40311,9.41409,9.40197,9.40253
2022-03-18 00:00:00,9.40046,9.40046,9.38606,9.38606
2022-03-18 00:15:00,9.38796,9.39125,9.3875,9.3881
2022-03-18 00:30:00,9.38815,9.39126,9.38815,9.39113
2022-03-18 00:45:00,9.39131,9.39142,9.38923,9.39015
2022-03-18 01:00:00,9.38984,9.39315,9.388,9.39113
2022-03-18 01:15:00,9.39114,9.39269,9.3869,9.39054
2022-03-18 01:30:00,9.39055,9.3953,9.38811,9.39471
2022-03-18 01:45:00,9.39479,9.39564,9.39062,9.394
2022-03-18 02:00:00,9.39401,9.41414,9.39095,9.40925
2022-03-18 02:15:00,9.40928,9.41189,9.40829,9.40986
2022-03-18 02:30:00,9.40955,9.4151,9.40847,9.41452
2022-03-18 02:45:00,9.41453,9.41583,9.40979,9.41061
2022-03-18 03:00:00,9.411,9.41289,9.39668,9.39745
2022-03-18 03:15:00,9.39751,9.4039,9.39356,9.40155
2022-03-18 03:30:00,9.40151,9.40495,9.39934,9.4016
2022-03-18 03:45:00,9.40159,9.40485,9.39867,9.40242
2022-03-18 04:00:00,9.40222,9.41272,9.3976,9.40935
2022-03-18 04:15:00,9.40948,9.41196,9.40513,9.41165
2022-03-18 04:30:00,9.4117,9.42336,9.40711,9.42212
2022-03-18 04:45:00,9.42296,9.42378,9.41843,9.42111
2022-03-18 05:00:00,9.42112,9.4306,9.41887,9.42818
2022-03-18 05:15:00,9.42822,9.43002,9.42323,9.4247
2022-03-18 05:30:00,9.42472,9.43009,9.42278,9.42676
2022-03-18 05:45:00,9.42681,9.4292,9.42328,9.42493
2022-03-18 06:00:00,9.42492,9.42815,9.42098,9.42419
2022-03-18 06:15:00,9.4242,9.42968,9.42265,9.42819
2022-03-18 06:30:00,9.42821,9.42953,9.42642,9.42644
2022-03-18 06:45:00,9.42643,9.42844,9.42376,9.42376
2022-03-18 07:00:00,9.42378,9.42503,9.42158,9.42319
2022-03-18 07:15:00,9.4232,9.42372,9.41973,9.4202
2022-03-18 07:30:00,9.42019,9.42346,9.42014,9.42147
2022-03-18 07:45:00,9.4215,9.42569,9.42123,9.42261
2022-03-18 08:00:00,9.42262,9.42578,9.41872,9.42294
2022-03-18 08:15:00,9.42296,9.423,9.41404,9.41505
2022-03-18 08:30:00,9.41485,9.41635,9.40915,9.40975
2022-03-18 08:45:00,9.40976,9.41126,9.40703,9.40949
2022-03-18 09:00:00,9.40969,9.41126,9.40767,9.40931
2022-03-18 09:15:00,9.4093,9.41376,9.40437,9.40552
2022-03-18 09:30:00,9.40545,9.41279,9.40443,9.41224
2022-03-18 09:45:00,9.41221,9.42695,9.41192,9.42415
2022-03-18 10:00:00,9.4242,9.42528,9.40804,9.41805
2022-03-18 10:15:00,9.41805,9.43254,9.4163,9.43203
2022-03-18 10:30:00,9.43204,9.44326,9.4213,9.42132
2022-03-18 10:45:00,9.42128,9.43182,9.41741,9.421
2022-03-18 11:00:00,9.42101,9.42827,9.40752,9.40754
2022-03-18 11:15:00,9.40721,9.43071,9.40689,9.42675
2022-03-18 11:30:00,9.42676,9.43729,9.42545,9.43307
2022-03-18 11:45:00,9.43305,9.43993,9.42431,9.42541
2022-03-18 12:00:00,9.4254,9.43001,9.41576,9.42893
2022-03-18 12:15:00,9.42881,9.43137,9.42724,9.42997
2022-03-18 12:30:00,9.42998,9.43215,9.41799,9.42719
2022-03-18 12:45:00,9.4272,9.43839,9.41543,9.43275
2022-03-18 13:00:00,9.43274,9.4459,9.42817,9.43513
2022-03-18 13:15:00,9.4352,9.4413,9.42191,9.4297
2022-03-18 13:30:00,9.42969,9.44697,9.42693,9.44685
2022-03-18 13:45:00,9.44697,9.46676,9.44606,9.44668
2022-03-18 14:00:00,9.44667,9.45144,9.44548,9.44564
2022-03-18 14:15:00,9.44589,9.45467,9.44521,9.45095
2022-03-18 14:30:00,9.45083,9.45415,9.43937,9.44072
2022-03-18 14:45:00,9.4407,9.44726,9.43195,9.44539
2022-03-18 15:00:00,9.4454,9.46035,9.43991,9.45848
2022-03-18 15:15:00,9.45859,9.4613,9.44771,9.45048
2022-03-18 15:30:00,9.45052,9.45088,9.44305,9.44524
2022-03-18 15:45:00,9.44517,9.46133,9.44435,9.45955
2022-03-18 16:00:00,9.45989,9.47586,9.45746,9.47312
2022-03-18 16:15:00,9.47327,9.47974,9.47327,9.47871
2022-03-18 16:30:00,9.47869,9.48078,9.4625,9.46359
2022-03-18 16:45:00,9.46365,9.46623,9.44297,9.44603
2022-03-18 17:00:00,9.44672,9.45138,9.42619,9.43568
2022-03-18 17:15:00,9.4356,9.45571,9.43457,9.45355
2022-03-18 17:30:00,9.45353,9.46095,9.44684,9.45311
2022-03-18 17:45:00,9.4531,9.45452,9.44419,9.4509
2022-03-18 18:00:00,9.45076,9.45337,9.43841,9.43871
2022-03-18 18:15:00,9.43865,9.44661,9.43639,9.44063
2022-03-18 18:30:00,9.44067,9.4471,9.42664,9.4291
2022-03-18 18:45:00,9.42906,9.43698,9.41076,9.41319
2022-03-18 19:00:00,9.41334,9.41956,9.40132,9.40171
2022-03-18 19:15:00,9.40176,9.41179,9.39354,9.40788
2022-03-18 19:30:00,9.40793,9.40935,9.40195,9.40214
2022-03-18 19:45:00,9.40209,9.41211,9.40197,9.41075
2022-03-18 20:00:00,9.41073,9.42514,9.40964,9.42513
2022-03-18 20:15:00,9.42511,9.4265,9.41334,9.41456
2022-03-18 20:30:00,9.41458,9.4158,9.40993,9.41194
2022-03-18 20:45:00,9.41195,9.41285,9.40361,9.41269
2022-03-18 21:00:00,9.41267,9.42156,9.4125,9.41974
2022-03-18 21:15:00,9.41985,9.4236,9.41875,9.42273
2022-03-18 21:30:00,9.42253,9.43315,9.42239,9.43276
2022-03-18 21:45:00,9.43275,9.43373,9.42563,9.42627
2022-03-18 22:00:00,9.42628,9.429,9.41003,9.41172
2022-03-18 22:15:00,9.4116,9.41968,9.4113,9.41953
2022-03-18 22:30:00,9.4195,9.43034,9.41802,9.41878
2022-03-18 22:45:00,9.41892,9.41893,9.4077,9.41204
2022-03-18 23:00:00,9.41246,9.41656,9.40966,9.41631
2022-03-18 23:15:00,9.41628,9.41628,9.40955,9.41089
2022-03-18 23:30:00,9.41091,9.4137,9.40833,9.41073
2022-03-18 23:45:00,9.41072,9.41194,9.39692,9.39764
2022-03-21 00:00:00,9.40146,9.40477,9.3968,9.4
2022-03-21 00:15:00,9.40003,9.40222,9.39858,9.4003
2022-03-21 00:30:00,9.40029,9.40279,9.3987,9.40277
2022-03-21 00:45:00,9.40282,9.40972,9.40115,9.40638
2022-03-21 01:00:00,9.40685,9.41035,9.40278,9.40768
2022-03-21 01:15:00,9.40772,9.40776,9.399,9.40425
2022-03-21 01:30:00,9.4039,9.41094,9.40349,9.41031
2022-03-21 01:45:00,9.41047,9.41551,9.41027,9.41547
2022-03-21 02:00:00,9.41548,9.41767,9.41339,9.41514
2022-03-21 02:15:00,9.4152,9.41797,9.41479,9.41608
2022-03-21 02:30:00,9.41613,9.41992,9.41586,9.41677
2022-03-21 02:45:00,9.41676,9.42128,9.41673,9.42011
2022-03-21 03:00:00,9.42013,9.42701,9.42013,9.42297
2022-03-21 03:15:00,9.42316,9.43079,9.41864,9.42537
2022-03-21 03:30:00,9.42521,9.42874,9.42018,9.4233
2022-03-21 03:45:00,9.42334,9.42831,9.42219,9.42484
2022-03-21 04:00:00,9.42495,9.42595,9.41696,9.42239
2022-03-21 04:15:00,9.42238,9.42766,9.42163,9.42307
2022-03-21 04:30:00,9.42302,9.42576,9.42068,9.42459
2022-03-21 04:45:00,9.42455,9.43307,9.42229,9.43289
2022-03-21 05:00:00,9.43293,9.43396,9.4275,9.42852
2022-03-21 05:15:00,9.42859,9.42974,9.42391,9.42622
2022-03-21 05:30:00,9.42651,9.43004,9.4255,9.42759
2022-03-21 05:45:00,9.42766,9.42931,9.42467,9.42616
2022-03-21 06:00:00,9.42619,9.4268,9.42273,9.42569
2022-03-21 06:15:00,9.42567,9.42895,9.42359,9.42421
2022-03-21 06:30:00,9.4242,9.42643,9.42328,9.42333
2022-03-21 06:45:00,9.42332,9.42811,9.42286,9.42771
2022-03-21 07:00:00,9.4277,9.43325,9.42735,9.43325
2022-03-21 07:15:00,9.43329,9.43329,9.42877,9.42978
2022-03-21 07:30:00,9.42977,9.43257,9.42854,9.43124
2022-03-21 07:45:00,9.43123,9.43351,9.43,9.43351
2022-03-21 08:00:00,9.43343,9.43621,9.43237,9.43594
2022-03-21 08:15:00,9.43597,9.44365,9.43419,9.44301
2022-03-21 08:30:00,9.44305,9.44619,9.44116,9.44588
2022-03-21 08:45:00,9.44584,9.44616,9.43897,9.44036
2022-03-21 09:00:00,9.44036,9.44556,9.43875,9.44467
2022-03-21 09:15:00,9.44472,9.44577,9.43571,9.44096
2022-03-21 09:30:00,9.44098,9.44106,9.43504,9.43999
2022-03-21 09:45:00,9.43995,9.44375,9.43866,9.44314
2022-03-21 10:00:00,9.44304,9.4473,9.43576,9.43576
2022-03-21 10:15:00,9.43577,9.44167,9.42846,9.43969
2022-03-21 10:30:00,9.43968,9.4428,9.42745,9.42772
2022-03-21 10:45:00,9.42762,9.43083,9.41814,9.42536
2022-03-21 11:00:00,9.42537,9.42644,9.40475,9.41011
2022-03-21 11:15:00,9.41012,9.43727,9.40706,9.43518
2022-03-21 11:30:00,9.43517,9.43643,9.42501,9.4268
2022-03-21 11:45:00,9.42679,9.43908,9.42142,9.43365
2022-03-21 12:00:00,9.4335,9.43432,9.41422,9.42074
2022-03-21 12:15:00,9.42056,9.42589,9.41663,9.42589
2022-03-21 12:30:00,9.42587,9.43019,9.42287,9.42326
2022-03-21 12:45:00,9.42325,9.4292,9.41774,9.42906
2022-03-21 13:00:00,9.42911,9.4339,9.42873,9.43164
2022-03-21 13:15:00,9.43162,9.43496,9.42579,9.43147
2022-03-21 13:30:00,9.4319,9.43515,9.42614,9.42674
2022-03-21 13:45:00,9.42672,9.43027,9.42363,9.42991
2022-03-21 14:00:00,9.42992,9.44339,9.42858,9.43117
2022-03-21 14:15:00,9.43121,9.43826,9.4279,9.43735
2022-03-21 14:30:00,9.43734,9.438,9.42849,9.43082
2022-03-21 14:45:00,9.43081,9.44017,9.42929,9.43674
2022-03-21 15:00:00,9.43677,9.43729,9.42962,9.43455
2022-03-21 15:15:00,9.43442,9.44354,9.42828,9.4396
2022-03-21 15:30:00,9.43958,9.44009,9.43035,9.43204
2022-03-21 15:45:00,9.43205,9.43407,9.42791,9.43219
2022-03-21 16:00:00,9.43218,9.43317,9.42479,9.42829
2022-03-21 16:15:00,9.42833,9.43765,9.42509,9.42872
2022-03-21 16:30:00,9.42892,9.43975,9.42239,9.43644
2022-03-21 16:45:00,9.43644,9.44319,9.43225,9.44249
2022-03-21 17:00:00,9.4425,9.45015,9.43495,9.44451
2022-03-21 17:15:00,9.44452,9.44697,9.43899,9.44657
2022-03-21 17:30:00,9.44652,9.45811,9.44613,9.45669
2022-03-21 17:45:00,9.45668,9.46202,9.44469,9.44489
2022-03-21 18:00:00,9.44493,9.45442,9.43791,9.44067
2022-03-21 18:15:00,9.44059,9.45176,9.43945,9.44738
2022-03-21 18:30:00,9.44734,9.44883,9.43278,9.44117
2022-03-21 18:45:00,9.44115,9.44564,9.43244,9.43811
2022-03-21 19:00:00,9.43865,9.44861,9.43438,9.43879
2022-03-21 19:15:00,9.43878,9.44832,9.43352,9.44831
2022-03-21 19:30:00,9.44834,9.46343,9.44055,9.44077
2022-03-21 19:45:00,9.44089,9.45503,9.43365,9.44993
2022-03-21 20:00:00,9.44964,9.46064,9.44706,9.46028
2022-03-21 20:15:00,9.46035,9.47627,9.45901,9.46202
2022-03-21 20:30:00,9.46203,9.4719,9.45699,9.46953
2022-03-21 20:45:00,9.46932,9.47207,9.4651,9.46705
2022-03-21 21:00:00,9.46702,9.48462,9.46702,9.48261
2022-03-21 21:15:00,9.4827,9.48537,9.47259,9.47486
2022-03-21 21:30:00,9.47491,9.48284,9.47419,9.48239
2022-03-21 21:45:00,9.48238,9.49306,9.48014,9.49143
2022-03-21 22:00:00,9.49141,9.49237,9.48671,9.49188
2022-03-21 22:15:00,9.49185,9.492,9.48854,9.48864
2022-03-21 22:30:00,9.48875,9.49513,9.48875,9.49102
2022-03-21 22:45:00,9.49101,9.49619,9.48754,9.49016
2022-03-21 23:00:00,9.49013,9.49074,9.47391,9.48765
2022-03-21 23:15:00,9.48767,9.49122,9.48719,9.489
2022-03-21 23:30:00,9.48896,9.4926,9.48645,9.49011
2022-03-21 23:45:00,9.49009,9.49156,9.47977,9.48636
2022-03-22 00:00:00,9.47969,9.4861,9.45565,9.4693
2022-03-22 00:15:00,9.46929,9.46938,9.46635,9.46635
2022-03-22 00:30:00,9.46636,9.46751,9.46525,9.46529
2022-03-22 00:45:00,9.46533,9.48278,9.46409,9.48219
2022-03-22 01:00:00,9.48263,9.48798,9.48206,9.48448
2022-03-22 01:15:00,9.48437,9.48437,9.47994,9.4824
2022-03-22 01:30:00,9.48247,9.48278,9.47878,9.48268
2022-03-22 01:45:00,9.48298,9.48443,9.47968,9.48347
2022-03-22 02:00:00,9.4835,9.48892,9.48329,9.48756
2022-03-22 02:15:00,9.48758,9.49178,9.48748,9.4899
2022-03-22 02:30:00,9.48995,9.49185,9.48785,9.49065
2022-03-22 02:45:00,9.49068,9.49172,9.48655,9.4915
2022-03-22 03:00:00,9.4913,9.49773,9.48665,9.49707
2022-03-22 03:15:00,9.49713,9.49906,9.49578,9.49851
2022-03-22 03:30:00,9.49852,9.50674,9.49825,9.50657
2022-03-22 03:45:00,9.5066,9.52139,9.5066,9.51557
2022-03-22 04:00:00,9.5156,9.51721,9.50687,9.50777
2022-03-22 04:15:00,9.50783,9.51039,9.50635,9.50977
2022-03-22 04:30:00,9.5098,9.51226,9.50658,9.51042
2022-03-22 04:45:00,9.51039,9.51491,9.50751,9.50891
2022-03-22 05:00:00,9.50899,9.51107,9.50632,9.50973
2022-03-22 05:15:00,9.50981,9.51325,9.50915,9.51052
2022-03-22 05:30:00,9.51055,9.51375,9.50832,9.50838
2022-03-22 05:45:00,9.50842,9.5115,9.50446,9.50665
2022-03-22 06:00:00,9.50676,9.51131,9.50434,9.50673
2022-03-22 06:15:00,9.5068,9.50784,9.49342,9.49351
2022-03-22 06:30:00,9.49356,9.49466,9.48604,9.4908
2022-03-22 06:45:00,9.49075,9.49531,9.48777,9.49479
2022-03-22 07:00:00,9.4948,9.50485,9.4925,9.50335
2022-03-22 07:15:00,9.50331,9.51612,9.50256,9.51106
2022-03-22 07:30:00,9.51107,9.5211,9.50871,9.51992
2022-03-22 07:45:00,9.51991,9.52372,9.51889,9.52198
2022-03-22 08:00:00,9.52224,9.52287,9.51892,9.52037
2022-03-22 08:15:00,9.52032,9.52608,9.51823,9.51897
2022-03-22 08:30:00,9.5188,9.52231,9.51692,9.51781
2022-03-22 08:45:00,9.51781,9.52432,9.51716,9.52345
2022-03-22 09:00:00,9.52351,9.53012,9.52151,9.52316
2022-03-22 09:15:00,9.52322,9.524,9.51736,9.52242
2022-03-22 09:30:00,9.52238,9.52779,9.50871,9.52722
2022-03-22 09:45:00,9.52721,9.53229,9.52439,9.53081
2022-03-22 10:00:00,9.5308,9.5336,9.52336,9.53091
2022-03-22 10:15:00,9.53084,9.53179,9.52066,9.52171
2022-03-22 10:30:00,9.52166,9.52166,9.51069,9.51122
2022-03-22 10:45:00,9.51121,9.51289,9.50401,9.50481
2022-03-22 11:00:00,9.5048,9.50504,9.47475,9.47566
2022-03-22 11:15:00,9.47574,9.48457,9.47294,9.47642
2022-03-22 11:30:00,9.47641,9.47728,9.44719,9.44791
2022-03-22 11:45:00,9.44833,9.46442,9.44771,9.46068
2022-03-22 12:00:00,9.46072,9.4639,9.44647,9.45442
2022-03-22 12:15:00,9.45444,9.45567,9.44307,9.44721
2022-03-22 12:30:00,9.44717,9.45963,9.44717,9.45196
2022-03-22 12:45:00,9.45178,9.47088,9.45028,9.46936
2022-03-22 13:00:00,9.46938,9.48623,9.46938,9.47973
2022-03-22 13:15:00,9.47952,9.48161,9.47477,9.47616
2022-03-22 13:30:00,9.47613,9.47691,9.46611,9.47352
2022-03-22 13:45:00,9.47354,9.47669,9.46302,9.46825
2022-03-22 14:00:00,9.46805,9.47658,9.46149,9.46344
2022-03-22 14:15:00,9.46342,9.47555,9.46082,9.465
2022-03-22 14:30:00,9.46499,9.47173,9.46044,9.46394
2022-03-22 14:45:00,9.46396,9.4695,9.46045,9.46898
2022-03-22 15:00:00,9.46884,9.46907,9.45179,9.45293
2022-03-22 15:15:00,9.45303,9.45333,9.42158,9.42325
2022-03-22 15:30:00,9.42328,9.43647,9.42228,9.42526
2022-03-22 15:45:00,9.42496,9.43666,9.42164,9.427
2022-03-22 16:00:00,9.42704,9.42726,9.40857,9.41339
2022-03-22 16:15:00,9.41344,9.42146,9.41001,9.41367
2022-03-22 16:30:00,9.41359,9.41782,9.40603,9.41216
2022-03-22 16:45:00,9.41223,9.4138,9.40272,9.40406
2022-03-22 17:00:00,9.40408,9.4083,9.39514,9.405
2022-03-22 17:15:00,9.40422,9.41102,9.39348,9.39348
2022-03-22 17:30:00,9.39347,9.40512,9.392,9.4042
2022-03-22 17:45:00,9.40408,9.40851,9.39451,9.40849
2022-03-22 18:00:00,9.40857,9.41795,9.40496,9.40971
2022-03-22 18:15:00,9.40967,9.41921,9.40622,9.41332
2022-03-22 18:30:00,9.4133,9.42152,9.4133,9.41999
2022-03-22 18:45:00,9.41995,9.42424,9.41559,9.41799
2022-03-22 19:00:00,9.41804,9.43529,9.41471,9.43482
2022-03-22 19:15:00,9.43488,9.44888,9.43427,9.44792
2022-03-22 19:30:00,9.44791,9.46447,9.44645,9.45911
2022-03-22 19:45:00,9.4591,9.46047,9.44852,9.4486
2022-03-22 20:00:00,9.44858,9.45635,9.44755,9.45138
2022-03-22 20:15:00,9.45124,9.45157,9.43995,9.44688
2022-03-22 20:30:00,9.44682,9.4474,9.43305,9.43919
2022-03-22 20:45:00,9.43918,9.44589,9.43765,9.44467
2022-03-22 21:00:00,9.44466,9.44978,9.44322,9.44717
2022-03-22 21:15:00,9.44724,9.45356,9.44599,9.45356
2022-03-22 21:30:00,9.45358,9.46216,9.4523,9.462
2022-03-22 21:45:00,9.46197,9.46213,9.45415,9.45464
2022-03-22 22:00:00,9.45466,9.45975,9.45135,9.45358
2022-03-22 22:15:00,9.45357,9.45459,9.45199,9.45343
2022-03-22 22:30:00,9.45342,9.45465,9.45182,9.45389
2022-03-22 22:45:00,9.45402,9.45418,9.43589,9.43773
2022-03-22 23:00:00,9.43776,9.44164,9.43697,9.44088
2022-03-22 23:15:00,9.44087,9.44371,9.43828,9.43972
2022-03-22 23:30:00,9.43969,9.43969,9.4322,9.43399
2022-03-22 23:45:00,9.43398,9.44019,9.41996,9.43036
2022-03-23 00:00:00,9.43044,9.43044,9.42315,9.424
2022-03-23 00:15:00,9.42413,9.42719,9.4194,9.42108
2022-03-23 00:30:00,9.42051,9.42558,9.42029,9.42189
2022-03-23 00:45:00,9.4219,9.42232,9.41744,9.42026
2022-03-23 01:00:00,9.42029,9.42507,9.41863,9.42449
2022-03-23 01:15:00,9.42447,9.4306,9.42334,9.42438
2022-03-23 01:30:00,9.42437,9.43146,9.42428,9.43038
2022-03-23 01:45:00,9.43039,9.43428,9.42908,9.43423
2022-03-23 02:00:00,9.43424,9.43598,9.43288,9.4354
2022-03-23 02:15:00,9.43544,9.43741,9.43446,9.43606
2022-03-23 02:30:00,9.43617,9.44548,9.43605,9.44497
2022-03-23 02:45:00,9.44501,9.44854,9.44359,9.44505
2022-03-23 03:00:00,9.44497,9.45025,9.44035,9.44936
2022-03-23 03:15:00,9.44937,9.44998,9.44672,9.44874
2022-03-23 03:30:00,9.44885,9.44999,9.44724,9.44866
2022-03-23 03:45:00,9.44871,9.45217,9.44138,9.44479
2022-03-23 04:00:00,9.4448,9.44586,9.43753,9.44315
2022-03-23 04:15:00,9.44322,9.45071,9.44284,9.44527
2022-03-23 04:30:00,9.44527,9.44802,9.44177,9.44617
2022-03-23 04:45:00,9.44611,9.44882,9.44117,9.44134
2022-03-23 05:00:00,9.44135,9.44243,9.42925,9.43717
2022-03-23 05:15:00,9.43723,9.43853,9.43482,9.43728
2022-03-23 05:30:00,9.43716,9.43716,9.42963,9.43079
2022-03-23 05:45:00,9.4308,9.4322,9.42575,9.42834
2022-03-23 06:00:00,9.42826,9.43156,9.42508,9.42999
2022-03-23 06:15:00,9.43001,9.43086,9.42544,9.42794
2022-03-23 06:30:00,9.42789,9.43368,9.42706,9.43258
2022-03-23 06:45:00,9.43259,9.43498,9.43166,9.43419
2022-03-23 07:00:00,9.43422,9.43585,9.43311,9.43585
2022-03-23 07:15:00,9.43591,9.43592,9.43387,9.43517
2022-03-23 07:30:00,9.43519,9.43519,9.43161,9.43277
2022-03-23 07:45:00,9.43274,9.435,9.43259,9.43284
2022-03-23 08:00:00,9.43283,9.43625,9.43156,9.43226
2022-03-23 08:15:00,9.43225,9.43276,9.42659,9.42705
2022-03-23 08:30:00,9.42706,9.42906,9.42232,9.42251
2022-03-23 08:45:00,9.42252,9.42488,9.42014,9.42077
2022-03-23 09:00:00,9.42058,9.42437,9.42058,9.42357
2022-03-23 09:15:00,9.42358,9.42641,9.41899,9.42365
2022-03-23 09:30:00,9.42367,9.43003,9.42326,9.42733
2022-03-23 09:45:00,9.42731,9.43188,9.42541,9.43098
2022-03-23 10:00:00,9.43166,9.44293,9.42859,9.44199
2022-03-23 10:15:00,9.44184,9.451,9.44045,9.4473
2022-03-23 10:30:00,9.44745,9.45058,9.44214,9.44413
2022-03-23 10:45:00,9.44424,9.45487,9.44348,9.44879
2022-03-23 11:00:00,9.44793,9.44824,9.43,9.44589
2022-03-23 11:15:00,9.44578,9.45138,9.42893,9.4486
2022-03-23 11:30:00,9.44861,9.44897,9.4234,9.4358
2022-03-23 11:45:00,9.43577,9.44787,9.43413,9.44432
2022-03-23 12:00:00,9.44447,9.44469,9.42194,9.42283
2022-03-23 12:15:00,9.42296,9.43005,9.41958,9.41973
2022-03-23 12:30:00,9.41972,9.44087,9.4171,9.43627
2022-03-23 12:45:00,9.43634,9.44363,9.42941,9.43282
2022-03-23 13:00:00,9.43276,9.43515,9.42256,9.426
2022-03-23 13:15:00,9.42596,9.4329,9.42573,9.43172
2022-03-23 13:30:00,9.43171,9.43344,9.42621,9.4315
2022-03-23 13:45:00,9.43148,9.43348,9.4298,9.42994
2022-03-23 14:00:00,9.42993,9.43323,9.42821,9.43206
2022-03-23 14:15:00,9.43205,9.45262,9.43178,9.4511
2022-03-23 14:30:00,9.45132,9.45817,9.44554,9.4575
2022-03-23 14:45:00,9.45748,9.45791,9.44344,9.44701
2022-03-23 15:00:00,9.447,9.45298,9.44544,9.44973
2022-03-23 15:15:00,9.45,9.4598,9.44876,9.45416
2022-03-23 15:30:00,9.45414,9.45501,9.44622,9.44687
2022-03-23 15:45:00,9.44691,9.45992,9.44638,9.45654
2022-03-23 16:00:00,9.45695,9.46697,9.45169,9.46559
2022-03-23 16:15:00,9.46566,9.47782,9.46157,9.47246
2022-03-23 16:30:00,9.47248,9.48649,9.46815,9.48258
2022-03-23 16:45:00,9.48236,9.49095,9.48111,9.48508
2022-03-23 17:00:00,9.48485,9.48485,9.45514,9.45883
2022-03-23 17:15:00,9.45884,9.46788,9.45163,9.46525
2022-03-23 17:30:00,9.46534,9.47046,9.4591,9.46565
2022-03-23 17:45:00,9.46554,9.47388,9.46182,9.47021
2022-03-23 18:00:00,9.4702,9.4709,9.45475,9.45896
2022-03-23 18:15:00,9.4589,9.46511,9.45075,9.45913
2022-03-23 18:30:00,9.45918,9.4637,9.44927,9.4504
2022-03-23 18:45:00,9.45032,9.45669,9.4479,9.45353
2022-03-23 19:00:00,9.45344,9.45575,9.44392,9.44669
2022-03-23 19:15:00,9.44665,9.44998,9.44169,9.4442
2022-03-23 19:30:00,9.44422,9.45069,9.44127,9.44798
2022-03-23 19:45:00,9.44784,9.44818,9.43945,9.44771
2022-03-23 20:00:00,9.44778,9.44778,9.44326,9.44643
2022-03-23 20:15:00,9.44642,9.45304,9.44603,9.45239
2022-03-23 20:30:00,9.45241,9.45247,9.43802,9.43874
2022-03-23 20:45:00,9.43878,9.43997,9.43468,9.43997
2022-03-23 21:00:00,9.43998,9.44354,9.43993,9.44178
2022-03-23 21:15:00,9.44177,9.4427,9.43381,9.43381
2022-03-23 21:30:00,9.43379,9.44047,9.43055,9.43481
2022-03-23 21:45:00,9.43479,9.43653,9.43155,9.43593
2022-03-23 22:00:00,9.43551,9.43817,9.43294,9.43773
2022-03-23 22:15:00,9.43772,9.43946,9.43582,9.43851
2022-03-23 22:30:00,9.43853,9.43937,9.43028,9.4334
2022-03-23 22:45:00,9.43358,9.43969,9.42968,9.43748
2022-03-23 23:00:00,9.43746,9.43975,9.43435,9.43481
2022-03-23 23:15:00,9.43487,9.4379,9.43373,9.43525
2022-03-23 23:30:00,9.43506,9.43726,9.43341,9.43692
2022-03-23 23:45:00,9.43691,9.44326,9.43373,9.43429
2022-03-24 00:00:00,9.43441,9.43651,9.42726,9.429
2022-03-24 00:15:00,9.42899,9.44205,9.42896,9.43351
2022-03-24 00:30:00,9.43348,9.44183,9.42968,9.43405
2022-03-24 00:45:00,9.43302,9.44403,9.43146,9.44358
2022-03-24 01:00:00,9.43869,9.4538,9.4385,9.4538
2022-03-24 01:15:00,9.45379,9.4594,9.44555,9.44713
2022-03-24 01:30:00,9.44715,9.44837,9.4448,9.44662
2022-03-24 01:45:00,9.44663,9.44983,9.44642,9.44965
2022-03-24 02:00:00,9.44951,9.45246,9.44153,9.45226
2022-03-24 02:15:00,9.4524,9.45269,9.43653,9.44125
2022-03-24 02:30:00,9.44124,9.44341,9.44095,9.44126
2022-03-24 02:45:00,9.44125,9.44484,9.44059,9.44226
2022-03-24 03:00:00,9.44234,9.44525,9.43785,9.44242
2022-03-24 03:15:00,9.44241,9.44495,9.43759,9.44122
2022-03-24 03:30:00,9.4412,9.44974,9.44114,9.44785
2022-03-24 03:45:00,9.44784,9.45358,9.44581,9.45123
2022-03-24 04:00:00,9.45124,9.45664,9.45097,9.45616
2022-03-24 04:15:00,9.45619,9.46789,9.45443,9.46675
2022-03-24 04:30:00,9.4668,9.46688,9.45966,9.46353
2022-03-24 04:45:00,9.4633,9.46533,9.46048,9.46312
2022-03-24 05:00:00,9.46311,9.46747,9.46153,9.46746
2022-03-24 05:15:00,9.46747,9.46821,9.46264,9.46361
2022-03-24 05:30:00,9.46363,9.46674,9.46282,9.46668
2022-03-24 05:45:00,9.4667,9.46676,9.46326,9.46463
2022-03-24 06:00:00,9.46462,9.46484,9.46018,9.4604
2022-03-24 06:15:00,9.46037,9.46438,9.45899,9.46431
2022-03-24 06:30:00,9.4643,9.46658,9.46274,9.46643
2022-03-24 06:45:00,9.46642,9.46803,9.45199,9.45786
2022-03-24 07:00:00,9.45791,9.45978,9.45016,9.45119
2022-03-24 07:15:00,9.45117,9.4575,9.44957,9.45613
2022-03-24 07:30:00,9.45611,9.4577,9.44992,9.45218
2022-03-24 07:45:00,9.45217,9.45437,9.4488,9.44926
2022-03-24 08:00:00,9.44927,9.4523,9.44907,9.4515
2022-03-24 08:15:00,9.45151,9.45254,9.45034,9.45204
2022-03-24 08:30:00,9.45203,9.45926,9.4517,9.45842
2022-03-24 08:45:00,9.45841,9.45994,9.45682,9.459
2022-03-24 09:00:00,9.45899,9.46224,9.45639,9.4617
2022-03-24 09:15:00,9.46171,9.46275,9.45718,9.45745
2022-03-24 09:30:00,9.45744,9.45815,9.44553,9.44721
2022-03-24 09:45:00,9.4472,9.45096,9.44311,9.44539
2022-03-24 10:00:00,9.44537,9.4592,9.44317,9.44583
2022-03-24 10:15:00,9.44584,9.44898,9.43884,9.44706
2022-03-24 10:30:00,9.44702,9.44752,9.44127,9.44203
2022-03-24 10:45:00,9.44212,9.44813,9.44083,9.44692
2022-03-24 11:00:00,9.44707,9.44831,9.43846,9.4398
2022-03-24 11:15:00,9.43909,9.43909,9.41624,9.42571
2022-03-24 11:30:00,9.42507,9.42507,9.38883,9.39888
2022-03-24 11:45:00,9.39889,9.42581,9.39674,9.41548
2022-03-24 12:00:00,9.41696,9.42016,9.40453,9.41092
2022-03-24 12:15:00,9.411,9.41992,9.411,9.41452
2022-03-24 12:30:00,9.41419,9.41545,9.3959,9.39841
2022-03-24 12:45:00,9.39837,9.40964,9.3948,9.40961
2022-03-24 13:00:00,9.4096,9.41039,9.39657,9.40526
2022-03-24 13:15:00,9.4054,9.41274,9.40174,9.41071
2022-03-24 13:30:00,9.41072,9.41629,9.40776,9.40935
2022-03-24 13:45:00,9.40939,9.41529,9.40861,9.40868
2022-03-24 14:00:00,9.40872,9.40987,9.40118,9.40157
2022-03-24 14:15:00,9.40156,9.40461,9.39798,9.39868
2022-03-24 14:30:00,9.3987,9.4193,9.39127,9.40121
2022-03-24 14:45:00,9.40129,9.40358,9.39052,9.39776
2022-03-24 15:00:00,9.39779,9.40652,9.39643,9.40636
2022-03-24 15:15:00,9.40638,9.42373,9.40635,9.41229
2022-03-24 15:30:00,9.41266,9.42132,9.40702,9.40912
2022-03-24 15:45:00,9.40932,9.41813,9.40932,9.4118
2022-03-24 16:00:00,9.41185,9.43216,9.4103,9.43209
2022-03-24 16:15:00,9.43216,9.43264,9.41482,9.41845
2022-03-24 16:30:00,9.41841,9.42369,9.41051,9.41354
2022-03-24 16:45:00,9.41498,9.43898,9.41078,9.432
2022-03-24 17:00:00,9.43218,9.43265,9.41264,9.41887
2022-03-24 17:15:00,9.41889,9.42202,9.40973,9.41843
2022-03-24 17:30:00,9.41844,9.41848,9.40404,9.40435
2022-03-24 17:45:00,9.40436,9.40688,9.38802,9.38954
2022-03-24 18:00:00,9.38937,9.39201,9.37505,9.38089
2022-03-24 18:15:00,9.38056,9.38398,9.37595,9.37968
2022-03-24 18:30:00,9.37966,9.39261,9.37786,9.38037
2022-03-24 18:45:00,9.3804,9.40578,9.38014,9.39772
2022-03-24 19:00:00,9.39769,9.40124,9.3905,9.39541
2022-03-24 19:15:00,9.39545,9.40447,9.39297,9.40388
2022-03-24 19:30:00,9.40397,9.40969,9.40253,9.40796
2022-03-24 19:45:00,9.40794,9.41506,9.40623,9.41483
2022-03-24 20:00:00,9.41484,9.41856,9.41328,9.41358
2022-03-24 20:15:00,9.41357,9.41774,9.41252,9.41621
2022-03-24 20:30:00,9.4162,9.41621,9.40634,9.40886
2022-03-24 20:45:00,9.40888,9.4102,9.39697,9.40969
2022-03-24 21:00:00,9.40974,9.41136,9.40597,9.40837
2022-03-24 21:15:00,9.40827,9.41764,9.40827,9.41335
2022-03-24 21:30:00,9.4133,9.41703,9.40957,9.40988
2022-03-24 21:45:00,9.40981,9.41467,9.40732,9.40987
2022-03-24 22:00:00,9.40986,9.41213,9.40679,9.40727
2022-03-24 22:15:00,9.4074,9.4083,9.40202,9.40212
2022-03-24 22:30:00,9.40213,9.40826,9.40192,9.40664
2022-03-24 22:45:00,9.40658,9.41119,9.40613,9.41016
2022-03-24 23:00:00,9.41012,9.41494,9.40904,9.41445
2022-03-24 23:15:00,9.41443,9.41445,9.41035,9.41213
2022-03-24 23:30:00,9.41209,9.41688,9.41194,9.41686
2022-03-24 23:45:00,9.4169,9.41722,9.40748,9.40962
2022-03-25 00:00:00,9.40923,9.40923,9.37176,9.38291
2022-03-25 00:15:00,9.3829,9.38548,9.38152,9.38487
2022-03-25 00:30:00,9.3828,9.39336,9.3828,9.38851
2022-03-25 00:45:00,9.38844,9.39084,9.38679,9.38842
2022-03-25 01:00:00,9.38792,9.401,9.38353,9.39934
2022-03-25 01:15:00,9.39932,9.40455,9.39932,9.40065
2022-03-25 01:30:00,9.40064,9.40065,9.3983,9.39859
2022-03-25 01:45:00,9.39848,9.39947,9.39739,9.39796
2022-03-25 02:00:00,9.39797,9.39976,9.39465,9.39494
2022-03-25 02:15:00,9.39493,9.3974,9.39484,9.3967
2022-03-25 02:30:00,9.39671,9.40101,9.39671,9.4005
2022-03-25 02:45:00,9.40049,9.40115,9.39638,9.3974
2022-03-25 03:00:00,9.39711,9.40187,9.39524,9.40018
2022-03-25 03:15:00,9.40024,9.40165,9.39493,9.39784
2022-03-25 03:30:00,9.39783,9.39821,9.39533,9.39705
2022-03-25 03:45:00,9.39704,9.40015,9.39606,9.3971
2022-03-25 04:00:00,9.39707,9.39808,9.38816,9.38865
2022-03-25 04:15:00,9.38882,9.39072,9.38361,9.38387
2022-03-25 04:30:00,9.38371,9.38587,9.37589,9.37596
2022-03-25 04:45:00,9.37595,9.38023,9.37075,9.37802
2022-03-25 05:00:00,9.37803,9.38274,9.37445,9.38008
2022-03-25 05:15:00,9.38002,9.38205,9.37915,9.38179
2022-03-25 05:30:00,9.38176,9.3877,9.38144,9.38573
2022-03-25 05:45:00,9.38572,9.38695,9.38261,9.38325
2022-03-25 06:00:00,9.38331,9.3851,9.38029,9.38029
2022-03-25 06:15:00,9.3803,9.38187,9.38028,9.38173
2022-03-25 06:30:00,9.38172,9.38506,9.3809,9.38426
2022-03-25 06:45:00,9.38395,9.38772,9.38384,9.38669
2022-03-25 07:00:00,9.38665,9.38766,9.38182,9.38244
2022-03-25 07:15:00,9.38245,9.3832,9.37966,9.38075
2022-03-25 07:30:00,9.38069,9.38182,9.38024,9.38061
2022-03-25 07:45:00,9.38063,9.38284,9.38023,9.38101
2022-03-25 08:00:00,9.38105,9.38241,9.38053,9.38195
2022-03-25 08:15:00,9.38194,9.38619,9.38139,9.38569
2022-03-25 08:30:00,9.38567,9.38654,9.38437,9.38521
2022-03-25 08:45:00,9.3852,9.3856,9.3817,9.38388
2022-03-25 09:00:00,9.38387,9.38762,9.38383,9.38512
2022-03-25 09:15:00,9.38515,9.38825,9.38442,9.38543
2022-03-25 09:30:00,9.38547,9.38949,9.3845,9.38784
2022-03-25 09:45:00,9.38787,9.39218,9.38428,9.38469
2022-03-25 10:00:00,9.38476,9.39275,9.38392,9.39233
2022-03-25 10:15:00,9.39234,9.41159,9.39161,9.40254
2022-03-25 10:30:00,9.40273,9.40887,9.39704,9.40226
2022-03-25 10:45:00,9.40225,9.40327,9.39606,9.39731
2022-03-25 11:00:00,9.39737,9.40813,9.38986,9.40389
2022-03-25 11:15:00,9.40394,9.40762,9.39973,9.40557
2022-03-25 11:30:00,9.40553,9.40874,9.39242,9.39669
2022-03-25 11:45:00,9.39663,9.39691,9.38445,9.38459
2022-03-25 12:00:00,9.38467,9.39289,9.38019,9.38968
2022-03-25 12:15:00,9.38977,9.38991,9.37951,9.38241
2022-03-25 12:30:00,9.38242,9.38586,9.37658,9.38327
2022-03-25 12:45:00,9.38243,9.39424,9.37943,9.39414
2022-03-25 13:00:00,9.39417,9.39714,9.38178,9.38716
2022-03-25 13:15:00,9.38711,9.39021,9.38307,9.38942
2022-03-25 13:30:00,9.38941,9.39592,9.38217,9.39498
2022-03-25 13:45:00,9.39497,9.3953,9.38084,9.38094
2022-03-25 14:00:00,9.38097,9.39008,9.37947,9.38742
2022-03-25 14:15:00,9.38724,9.39708,9.38012,9.3804
2022-03-25 14:30:00,9.38034,9.38879,9.37522,9.3857
2022-03-25 14:45:00,9.38569,9.39515,9.3837,9.38657
2022-03-25 15:00:00,9.38658,9.40124,9.38653,9.39824
2022-03-25 15:15:00,9.39825,9.40498,9.39587,9.40241
2022-03-25 15:30:00,9.40237,9.40585,9.39888,9.40279
2022-03-25 15:45:00,9.4028,9.40773,9.39709,9.40688
2022-03-25 16:00:00,9.40684,9.40752,9.39987,9.4063
2022-03-25 16:15:00,9.40659,9.41113,9.40078,9.40206
2022-03-25 16:30:00,9.40205,9.40317,9.38631,9.3942
2022-03-25 16:45:00,9.39429,9.39782,9.3833,9.38553
2022-03-25 17:00:00,9.38546,9.39094,9.37643,9.38803
2022-03-25 17:15:00,9.38781,9.39507,9.38293,9.39001
2022-03-25 17:30:00,9.39004,9.39021,9.371,9.37782
2022-03-25 17:45:00,9.37786,9.39257,9.37786,9.38492
2022-03-25 18:00:00,9.38488,9.41576,9.38408,9.41508
2022-03-25 18:15:00,9.41473,9.41847,9.40022,9.41718
2022-03-25 18:30:00,9.41717,9.42374,9.40517,9.40891
2022-03-25 18:45:00,9.40897,9.43074,9.40263,9.43057
2022-03-25 19:00:00,9.43012,9.43087,9.40908,9.4112
2022-03-25 19:15:00,9.41114,9.42244,9.41003,9.42152
2022-03-25 19:30:00,9.42151,9.43024,9.42126,9.42748
2022-03-25 19:45:00,9.42741,9.42753,9.41688,9.41791
2022-03-25 20:00:00,9.4178,9.422,9.40887,9.41284
2022-03-25 20:15:00,9.41286,9.42508,9.41266,9.41842
2022-03-25 20:30:00,9.4184,9.42295,9.41519,9.41734
2022-03-25 20:45:00,9.41733,9.4186,9.40916,9.4117
2022-03-25 21:00:00,9.41165,9.41251,9.40209,9.40602
2022-03-25 21:15:00,9.40603,9.41261,9.40345,9.41192
2022-03-25 21:30:00,9.41166,9.41551,9.4085,9.41551
2022-03-25 21:45:00,9.41555,9.41555,9.40466,9.40901
2022-03-25 22:00:00,9.40902,9.41352,9.40776,9.40776
2022-03-25 22:15:00,9.40775,9.41319,9.40689,9.4102
2022-03-25 22:30:00,9.41028,9.41498,9.40788,9.40951
2022-03-25 22:45:00,9.40953,9.41833,9.40825,9.41764
2022-03-25 23:00:00,9.41783,9.423,9.41377,9.42196
2022-03-25 23:15:00,9.42193,9.4247,9.41936,9.42153
2022-03-25 23:30:00,9.42145,9.42295,9.41784,9.42117
2022-03-25 23:45:00,9.42118,9.42119,9.40385,9.40385
2022-03-28 00:00:00,9.39817,9.40577,9.39817,9.40223
2022-03-28 00:15:00,9.40224,9.40466,9.40224,9.40466
2022-03-28 00:30:00,9.40479,9.40724,9.40294,9.40533
2022-03-28 00:45:00,9.40534,9.4073,9.40338,9.40532
2022-03-28 01:00:00,9.40424,9.40951,9.40129,9.40817
2022-03-28 01:15:00,9.40802,9.40951,9.40603,9.40679
2022-03-28 01:30:00,9.40681,9.41262,9.40681,9.41197
2022-03-28 01:45:00,9.41202,9.41278,9.41046,9.41218
2022-03-28 02:00:00,9.41219,9.41476,9.4117,9.41305
2022-03-28 02:15:00,9.41303,9.41574,9.41073,9.41251
2022-03-28 02:30:00,9.41258,9.41319,9.41088,9.41091
2022-03-28 02:45:00,9.41092,9.41372,9.41042,9.41249
2022-03-28 03:00:00,9.4125,9.41413,9.40957,9.41175
2022-03-28 03:15:00,9.41176,9.4277,9.41088,9.4257
2022-03-28 03:30:00,9.42569,9.42752,9.42478,9.42735
2022-03-28 03:45:00,9.42733,9.43411,9.42724,9.43135
2022-03-28 04:00:00,9.43149,9.43301,9.42758,9.43191
2022-03-28 04:15:00,9.4319,9.44345,9.43097,9.4396
2022-03-28 04:30:00,9.43958,9.44099,9.4345,9.44001
2022-03-28 04:45:00,9.44,9.44274,9.43766,9.44257
2022-03-28 05:00:00,9.44256,9.44256,9.43,9.43392
2022-03-28 05:15:00,9.43367,9.43862,9.4336,9.43542
2022-03-28 05:30:00,9.43544,9.43977,9.43249,9.43833
2022-03-28 05:45:00,9.43832,9.44058,9.43649,9.43762
2022-03-28 06:00:00,9.43763,9.43877,9.43434,9.4348
2022-03-28 06:15:00,9.43472,9.4387,9.43451,9.43792
2022-03-28 06:30:00,9.43793,9.4389,9.4373,9.43811
2022-03-28 06:45:00,9.43812,9.4404,9.43572,9.43582
2022-03-28 07:00:00,9.4357,9.43945,9.43514,9.43922
2022-03-28 07:15:00,9.43925,9.43989,9.43706,9.43905
2022-03-28 07:30:00,9.43909,9.44028,9.43815,9.43826
2022-03-28 07:45:00,9.4382,9.43965,9.43627,9.43832
2022-03-28 08:00:00,9.43837,9.4432,9.43818,9.44267
2022-03-28 08:15:00,9.44269,9.44683,9.44164,9.44583
2022-03-28 08:30:00,9.44579,9.45689,9.44489,9.45678
2022-03-28 08:45:00,9.4568,9.46036,9.45493,9.45679
2022-03-28 09:00:00,9.45648,9.46461,9.45646,9.46036
2022-03-28 09:15:00,9.46035,9.46232,9.449,9.45076
2022-03-28 09:30:00,9.45083,9.4531,9.44215,9.4519
2022-03-28 09:45:00,9.45184,9.48696,9.45184,9.48669
2022-03-28 10:00:00,9.4867,9.49541,9.46389,9.47222
2022-03-28 10:15:00,9.47224,9.47336,9.45754,9.45916
2022-03-28 10:30:00,9.45917,9.46191,9.45105,9.46109
2022-03-28 10:45:00,9.46111,9.48393,9.46044,9.48114
2022-03-28 11:00:00,9.48115,9.48583,9.46449,9.46646
2022-03-28 11:15:00,9.46641,9.47547,9.45885,9.47362
2022-03-28 11:30:00,9.47395,9.48576,9.47276,9.47569
2022-03-28 11:45:00,9.4756,9.47637,9.44602,9.46091
2022-03-28 12:00:00,9.46094,9.49286,9.46094,9.48996
2022-03-28 12:15:00,9.48998,9.49813,9.48505,9.48598
2022-03-28 12:30:00,9.48597,9.48778,9.46371,9.46647
2022-03-28 12:45:00,9.46626,9.47861,9.46493,9.47851
2022-03-28 13:00:00,9.47852,9.49008,9.47737,9.48934
2022-03-28 13:15:00,9.48927,9.48927,9.48115,9.48746
2022-03-28 13:30:00,9.48747,9.49036,9.47715,9.47931
2022-03-28 13:45:00,9.47923,9.47935,9.47132,9.47224
2022-03-28 14:00:00,9.4722,9.47855,9.4706,9.47722
2022-03-28 14:15:00,9.47721,9.48777,9.47541,9.48725
2022-03-28 14:30:00,9.48681,9.5048,9.48678,9.50314
2022-03-28 14:45:00,9.50316,9.50541,9.49711,9.50368
2022-03-28 15:00:00,9.50366,9.51134,9.49958,9.50163
2022-03-28 15:15:00,9.50161,9.50568,9.49464,9.49517
2022-03-28 15:30:00,9.49531,9.52817,9.49531,9.52223
2022-03-28 15:45:00,9.52229,9.53209,9.51741,9.52699
2022-03-28 16:00:00,9.52756,9.55345,9.52492,9.54885
2022-03-28 16:15:00,9.54884,9.551,9.53959,9.54154
2022-03-28 16:30:00,9.54177,9.54179,9.51936,9.52536
2022-03-28 16:45:00,9.5254,9.54035,9.52508,9.53548
2022-03-28 17:00:00,9.53553,9.54959,9.53025,9.53548
2022-03-28 17:15:00,9.53541,9.53541,9.52184,9.53236
2022-03-28 17:30:00,9.53237,9.53887,9.52806,9.53811
2022-03-28 17:45:00,9.53812,9.53903,9.52437,9.52755
2022-03-28 18:00:00,9.52758,9.53675,9.52411,9.52543
2022-03-28 18:15:00,9.52565,9.526,9.51134,9.51576
2022-03-28 18:30:00,9.51579,9.52746,9.51504,9.51604
2022-03-28 18:45:00,9.51584,9.52704,9.50919,9.51304
2022-03-28 19:00:00,9.51302,9.51498,9.50633,9.50678
2022-03-28 19:15:00,9.50679,9.51009,9.50235,9.51008
2022-03-28 19:30:00,9.51009,9.51577,9.50601,9.50634
2022-03-28 19:45:00,9.5062,9.50859,9.49401,9.50283
2022-03-28 20:00:00,9.50289,9.50361,9.49635,9.50156
2022-03-28 20:15:00,9.50155,9.50251,9.49072,9.4913
2022-03-28 20:30:00,9.49132,9.49864,9.49057,9.4959
2022-03-28 20:45:00,9.49591,9.49897,9.49544,9.49816
2022-03-28 21:00:00,9.49818,9.50039,9.49533,9.49752
2022-03-28 21:15:00,9.49753,9.49875,9.49622,9.4981
2022-03-28 21:30:00,9.49812,9.49889,9.49441,9.49506
2022-03-28 21:45:00,9.49505,9.49623,9.4844,9.48661
2022-03-28 22:00:00,9.48657,9.49633,9.48656,9.48968
2022-03-28 22:15:00,9.48965,9.4966,9.4889,9.49397
2022-03-28 22:30:00,9.49415,9.49692,9.49307,9.49468
2022-03-28 22:45:00,9.49469,9.4957,9.48293,9.48512
2022-03-28 23:00:00,9.48511,9.48719,9.4839,9.48532
2022-03-28 23:15:00,9.48534,9.48809,9.4851,9.48571
2022-03-28 23:30:00,9.48569,9.48853,9.48481,9.4867
2022-03-28 23:45:00,9.48669,9.48849,9.48309,9.48381
2022-03-29 00:00:00,9.48349,9.48349,9.4757,9.4783
2022-03-29 00:15:00,9.47859,9.48476,9.47859,9.47965
2022-03-29 00:30:00,9.47991,9.48846,9.47917,9.48161
2022-03-29 00:45:00,9.48128,9.48128,9.47655,9.47704
2022-03-29 01:00:00,9.47805,9.48947,9.47805,9.48659
2022-03-29 01:15:00,9.4865,9.48677,9.47994,9.48424
2022-03-29 01:30:00,9.48427,9.48482,9.47974,9.48221
2022-03-29 01:45:00,9.48197,9.48618,9.48058,9.48605
2022-03-29 02:00:00,9.48603,9.48821,9.47693,9.47852
2022-03-29 02:15:00,9.4783,9.48004,9.4767,9.47685
2022-03-29 02:30:00,9.4767,9.47984,9.4767,9.47891
2022-03-29 02:45:00,9.47894,9.48554,9.47781,9.48429
2022-03-29 03:00:00,9.4841,9.48453,9.47734,9.48253
2022-03-29 03:15:00,9.48255,9.48654,9.48192,9.48527
2022-03-29 03:30:00,9.48528,9.48848,9.48296,9.48537
2022-03-29 03:45:00,9.48535,9.50343,9.48454,9.49977
2022-03-29 04:00:00,9.49979,9.50026,9.49122,9.49169
2022-03-29 04:15:00,9.49168,9.49184,9.48535,9.48867
2022-03-29 04:30:00,9.4887,9.48872,9.47906,9.48187
2022-03-29 04:45:00,9.48218,9.48515,9.48023,9.4814
2022-03-29 05:00:00,9.48167,9.48279,9.47912,9.47931
2022-03-29 05:15:00,9.4795,9.48462,9.47887,9.48221
2022-03-29 05:30:00,9.48227,9.48829,9.48019,9.48184
2022-03-29 05:45:00,9.48188,9.48572,9.48,9.48189
2022-03-29 06:00:00,9.48195,9.48343,9.47759,9.48212
2022-03-29 06:15:00,9.48213,9.48575,9.48195,9.4851
2022-03-29 06:30:00,9.48516,9.48752,9.48236,9.48474
2022-03-29 06:45:00,9.48478,9.48622,9.48188,9.48219
2022-03-29 07:00:00,9.48222,9.48251,9.47816,9.4786
2022-03-29 07:15:00,9.47859,9.48029,9.47627,9.47745
2022-03-29 07:30:00,9.47747,9.48065,9.47619,9.48049
2022-03-29 07:45:00,9.48053,9.48751,9.47873,9.48732
2022-03-29 08:00:00,9.48721,9.49012,9.48626,9.48896
2022-03-29 08:15:00,9.48895,9.49213,9.48371,9.48402
2022-03-29 08:30:00,9.48408,9.48505,9.47769,9.47861
2022-03-29 08:45:00,9.47863,9.48004,9.47373,9.47482
2022-03-29 09:00:00,9.47555,9.47748,9.46526,9.47071
2022-03-29 09:15:00,9.47072,9.47121,9.46052,9.46233
2022-03-29 09:30:00,9.46237,9.46437,9.44328,9.44405
2022-03-29 09:45:00,9.4437,9.44392,9.43246,9.43674
2022-03-29 10:00:00,9.43672,9.44563,9.43273,9.44062
2022-03-29 10:15:00,9.44061,9.442,9.41876,9.42105
2022-03-29 10:30:00,9.42097,9.42591,9.41857,9.42274
2022-03-29 10:45:00,9.42275,9.42438,9.41292,9.42276
2022-03-29 11:00:00,9.4228,9.42864,9.41837,9.42334
2022-03-29 11:15:00,9.42335,9.43272,9.42035,9.42946
2022-03-29 11:30:00,9.4294,9.4352,9.4242,9.42628
2022-03-29 11:45:00,9.42627,9.44237,9.42159,9.43662
2022-03-29 12:00:00,9.4366,9.44207,9.39488,9.40047
2022-03-29 12:15:00,9.40035,9.40035,9.38292,9.39726
2022-03-29 12:30:00,9.39754,9.39754,9.38496,9.38613
2022-03-29 12:45:00,9.38606,9.38635,9.36816,9.37126
2022-03-29 13:00:00,9.37129,9.37383,9.36513,9.36989
2022-03-29 13:15:00,9.36984,9.37156,9.36476,9.37049
2022-03-29 13:30:00,9.37045,9.37936,9.36592,9.37244
2022-03-29 13:45:00,9.37276,9.38005,9.37046,9.37702
2022-03-29 14:00:00,9.37698,9.37989,9.37134,9.37964
2022-03-29 14:15:00,9.37965,9.38259,9.3748,9.37663
2022-03-29 14:30:00,9.37663,9.38159,9.3362,9.34337
2022-03-29 14:45:00,9.34341,9.34373,9.30392,9.30904
2022-03-29 15:00:00,9.30899,9.31668,9.29513,9.31554
2022-03-29 15:15:00,9.31553,9.31648,9.2832,9.28443
2022-03-29 15:30:00,9.28445,9.30338,9.28445,9.30216
2022-03-29 15:45:00,9.30204,9.30204,9.27554,9.29027
2022-03-29 16:00:00,9.28998,9.30034,9.2852,9.28624
2022-03-29 16:15:00,9.28607,9.29193,9.26994,9.2731
2022-03-29 16:30:00,9.27338,9.27338,9.25422,9.26362
2022-03-29 16:45:00,9.26361,9.28058,9.26347,9.27478
2022-03-29 17:00:00,9.27497,9.30926,9.27436,9.30863
2022-03-29 17:15:00,9.30866,9.30883,9.28995,9.29275
2022-03-29 17:30:00,9.29216,9.31131,9.2826,9.30566
2022-03-29 17:45:00,9.30587,9.31009,9.28537,9.29401
2022-03-29 18:00:00,9.29351,9.30015,9.28346,9.29365
2022-03-29 18:15:00,9.29378,9.30155,9.28841,9.29431
2022-03-29 18:30:00,9.29416,9.29692,9.28702,9.28754
2022-03-29 18:45:00,9.28758,9.29503,9.28506,9.29503
2022-03-29 19:00:00,9.29567,9.30409,9.29567,9.30034
2022-03-29 19:15:00,9.3003,9.30374,9.29885,9.30366
2022-03-29 19:30:00,9.30365,9.31083,9.30244,9.30554
2022-03-29 19:45:00,9.30555,9.3162,9.30544,9.31366
2022-03-29 20:00:00,9.3137,9.32202,9.31283,9.31996
2022-03-29 20:15:00,9.31997,9.32919,9.31784,9.32403
2022-03-29 20:30:00,9.32404,9.32727,9.32077,9.32077
2022-03-29 20:45:00,9.32073,9.3252,9.31505,9.32329
2022-03-29 21:00:00,9.32328,9.32871,9.32104,9.32628
2022-03-29 21:15:00,9.32625,9.3286,9.32276,9.32326
2022-03-29 21:30:00,9.32325,9.32709,9.3154,9.32067
2022-03-29 21:45:00,9.32062,9.3232,9.31686,9.3222
2022-03-29 22:00:00,9.3223,9.32714,9.32166,9.3241
2022-03-29 22:15:00,9.32409,9.32424,9.31923,9.32081
2022-03-29 22:30:00,9.32082,9.32768,9.32047,9.32649
2022-03-29 22:45:00,9.32648,9.32725,9.3232,9.32498
2022-03-29 23:00:00,9.32416,9.32787,9.32416,9.32778
2022-03-29 23:15:00,9.32776,9.3297,9.32658,9.3269
2022-03-29 23:30:00,9.32689,9.3274,9.3258,9.32706
2022-03-29 23:45:00,9.32705,9.32744,9.31697,9.32244
2022-03-30 00:00:00,9.3078,9.3142,9.30448,9.3135
2022-03-30 00:15:00,9.31532,9.31862,9.31214,9.31814
2022-03-30 00:30:00,9.31724,9.31724,9.30981,9.31098
2022-03-30 00:45:00,9.31032,9.31747,9.30857,9.31574
2022-03-30 01:00:00,9.31633,9.32194,9.31633,9.32129
2022-03-30 01:15:00,9.32072,9.32137,9.31256,9.31595
2022-03-30 01:30:00,9.31591,9.31816,9.31319,9.31691
2022-03-30 01:45:00,9.31666,9.32031,9.31647,9.31843
2022-03-30 02:00:00,9.31844,9.32025,9.31762,9.31797
2022-03-30 02:15:00,9.31798,9.31974,9.31787,9.31872
2022-03-30 02:30:00,9.31879,9.32224,9.31782,9.31991
2022-03-30 02:45:00,9.31992,9.32114,9.31801,9.32061
2022-03-30 03:00:00,9.32062,9.3234,9.31543,9.3184
2022-03-30 03:15:00,9.31826,9.32233,9.31719,9.32035
2022-03-30 03:30:00,9.32034,9.32098,9.31717,9.32084
2022-03-30 03:45:00,9.32082,9.32534,9.3156,9.31769
2022-03-30 04:00:00,9.31768,9.3235,9.31415,9.31461
2022-03-30 04:15:00,9.3147,9.31832,9.31141,9.31511
2022-03-30 04:30:00,9.31507,9.31868,9.31167,9.31549
2022-03-30 04:45:00,9.31548,9.31972,9.31327,9.31629
2022-03-30 05:00:00,9.31625,9.31858,9.31233,9.31396
2022-03-30 05:15:00,9.31395,9.31655,9.31163,9.31523
2022-03-30 05:30:00,9.31496,9.31793,9.31352,9.31432
2022-03-30 05:45:00,9.31431,9.31489,9.31337,9.3143
2022-03-30 06:00:00,9.31436,9.31714,9.31138,9.3145
2022-03-30 06:15:00,9.31451,9.3167,9.31399,9.31579
2022-03-30 06:30:00,9.31577,9.3172,9.31531,9.31611
2022-03-30 06:45:00,9.31613,9.31746,9.31531,9.31593
2022-03-30 07:00:00,9.31594,9.31599,9.31271,9.31365
2022-03-30 07:15:00,9.31361,9.31363,9.29657,9.29774
2022-03-30 07:30:00,9.29773,9.30703,9.29726,9.30703
2022-03-30 07:45:00,9.30706,9.31007,9.30487,9.30775
2022-03-30 08:00:00,9.30772,9.31082,9.30703,9.31007
2022-03-30 08:15:00,9.31004,9.31802,9.31004,9.31712
2022-03-30 08:30:00,9.31706,9.31976,9.30908,9.31868
2022-03-30 08:45:00,9.31863,9.31882,9.30537,9.30611
2022-03-30 09:00:00,9.30659,9.31804,9.30166,9.31065
2022-03-30 09:15:00,9.3105,9.31087,9.29712,9.30283
2022-03-30 09:30:00,9.3029,9.30803,9.29624,9.30698
2022-03-30 09:45:00,9.3069,9.3186,9.30011,9.30011
2022-03-30 10:00:00,9.29989,9.30306,9.27168,9.28081
2022-03-30 10:15:00,9.28076,9.30579,9.28076,9.30254
2022-03-30 10:30:00,9.30252,9.30849,9.28628,9.28731
2022-03-30 10:45:00,9.28732,9.2917,9.28346,9.29148
2022-03-30 11:00:00,9.29088,9.30296,9.28481,9.29336
2022-03-30 11:15:00,9.29338,9.30015,9.2879,9.29001
2022-03-30 11:30:00,9.28992,9.29362,9.27733,9.28539
2022-03-30 11:45:00,9.28484,9.28484,9.25344,9.25521
2022-03-30 12:00:00,9.25516,9.26939,9.25412,9.26893
2022-03-30 12:15:00,9.26894,9.27381,9.25802,9.26363
2022-03-30 12:30:00,9.2635,9.27417,9.26307,9.27225
2022-03-30 12:45:00,9.27219,9.27488,9.2661,9.26934
2022-03-30 13:00:00,9.26934,9.2919,9.26924,9.28199
2022-03-30 13:15:00,9.28203,9.28608,9.27875,9.28113
2022-03-30 13:30:00,9.28106,9.2926,9.28053,9.28432
2022-03-30 13:45:00,9.28468,9.28619,9.27967,9.2844
2022-03-30 14:00:00,9.28432,9.29165,9.27997,9.28109
2022-03-30 14:15:00,9.28107,9.28688,9.27896,9.28079
2022-03-30 14:30:00,9.28066,9.28249,9.26831,9.26938
2022-03-30 14:45:00,9.26937,9.28612,9.26438,9.28304
2022-03-30 15:00:00,9.28302,9.3003,9.28207,9.3003
2022-03-30 15:15:00,9.30054,9.30683,9.29462,9.30243
2022-03-30 15:30:00,9.30203,9.30452,9.28807,9.28989
2022-03-30 15:45:00,9.28984,9.30274,9.288,9.28897
2022-03-30 16:00:00,9.28901,9.29589,9.28641,9.28712
2022-03-30 16:15:00,9.28711,9.2873,9.26315,9.26582
2022-03-30 16:30:00,9.26588,9.26992,9.2538,9.25431
2022-03-30 16:45:00,9.25424,9.26032,9.24891,9.25176
2022-03-30 17:00:00,9.25172,9.27418,9.25066,9.26655
2022-03-30 17:15:00,9.26653,9.26671,9.24932,9.24939
2022-03-30 17:30:00,9.24921,9.25837,9.24711,9.25568
2022-03-30 17:45:00,9.2557,9.2557,9.24103,9.25059
2022-03-30 18:00:00,9.2505,9.26343,9.24723,9.26191
2022-03-30 18:15:00,9.26195,9.26462,9.25443,9.2552
2022-03-30 18:30:00,9.25509,9.25658,9.247,9.25115
2022-03-30 18:45:00,9.25128,9.2545,9.24807,9.25424
2022-03-30 19:00:00,9.25423,9.25964,9.25195,9.25747
2022-03-30 19:15:00,9.25748,9.25904,9.25255,9.25545
2022-03-30 19:30:00,9.25537,9.26177,9.25424,9.25616
2022-03-30 19:45:00,9.25613,9.25638,9.24107,9.24664
2022-03-30 20:00:00,9.24656,9.25226,9.24227,9.24676
2022-03-30 20:15:00,9.24681,9.2508,9.24129,9.24856
2022-03-30 20:30:00,9.24857,9.25084,9.24355,9.24452
2022-03-30 20:45:00,9.24449,9.24994,9.24391,9.24992
2022-03-30 21:00:00,9.24994,9.25302,9.24402,9.25297
2022-03-30 21:15:00,9.25295,9.25476,9.24672,9.24735
2022-03-30 21:30:00,9.24728,9.24755,9.23952,9.24053
2022-03-30 21:45:00,9.24051,9.24581,9.23848,9.24561
2022-03-30 22:00:00,9.24554,9.24968,9.24537,9.24806
2022-03-30 22:15:00,9.24805,9.26019,9.24805,9.2598
2022-03-30 22:30:00,9.25964,9.26097,9.25249,9.2591
2022-03-30 22:45:00,9.25909,9.26301,9.25458,9.26132
2022-03-30 23:00:00,9.26146,9.26225,9.2491,9.24963
2022-03-30 23:15:00,9.24979,9.25005,9.24822,9.24911
2022-03-30 23:30:00,9.2491,9.25141,9.24832,9.25128
2022-03-30 23:45:00,9.25127,9.25226,9.23562,9.23562
2022-03-31 00:00:00,9.23754,9.24676,9.23028,9.2439
2022-03-31 00:15:00,9.24324,9.24351,9.24137,9.24173
2022-03-31 00:30:00,9.24077,9.24098,9.23808,9.23941
2022-03-31 00:45:00,9.24032,9.24053,9.23926,9.24017
2022-03-31 01:00:00,9.24004,9.24963,9.23286,9.2487
2022-03-31 01:15:00,9.24871,9.24921,9.24367,9.24659
2022-03-31 01:30:00,9.24658,9.24779,9.2454,9.2462
2022-03-31 01:45:00,9.24616,9.25073,9.24585,9.25033
2022-03-31 02:00:00,9.25034,9.25102,9.24991,9.25025
2022-03-31 02:15:00,9.25019,9.25044,9.24845,9.2499
2022-03-31 02:30:00,9.24989,9.25082,9.24749,9.25007
2022-03-31 02:45:00,9.25008,9.2507,9.2475,9.24829
2022-03-31 03:00:00,9.24827,9.24845,9.23882,9.24053
2022-03-31 03:15:00,9.24048,9.25133,9.24012,9.24894
2022-03-31 03:30:00,9.24895,9.24962,9.24184,9.24253
2022-03-31 03:45:00,9.24246,9.2444,9.2331,9.23456
2022-03-31 04:00:00,9.23434,9.23616,9.22664,9.22982
2022-03-31 04:15:00,9.22981,9.23548,9.22805,9.23067
2022-03-31 04:30:00,9.23067,9.2412,9.23061,9.2389
2022-03-31 04:45:00,9.23891,9.23995,9.23314,9.23562
2022-03-31 05:00:00,9.23561,9.24109,9.23561,9.23886
2022-03-31 05:15:00,9.2389,9.24023,9.23686,9.2398
2022-03-31 05:30:00,9.23976,9.243,9.23826,9.2428
2022-03-31 05:45:00,9.24277,9.2454,9.24092,9.24431
2022-03-31 06:00:00,9.24436,9.24564,9.24214,9.24311
2022-03-31 06:15:00,9.2431,9.24477,9.24262,9.243
2022-03-31 06:30:00,9.24301,9.24821,9.2424,9.24545
2022-03-31 06:45:00,9.24544,9.24879,9.24416,9.24635
2022-03-31 07:00:00,9.24633,9.24998,9.24632,9.24996
2022-03-31 07:15:00,9.24995,9.25264,9.24862,9.25232
2022-03-31 07:30:00,9.25228,9.25825,9.25179,9.25607
2022-03-31 07:45:00,9.25603,9.26106,9.25329,9.25658
2022-03-31 08:00:00,9.25659,9.26635,9.25465,9.26398
2022-03-31 08:15:00,9.26402,9.27001,9.26381,9.26979
2022-03-31 08:30:00,9.26971,9.27089,9.26375,9.26455
2022-03-31 08:45:00,9.26454,9.26657,9.25515,9.26064
2022-03-31 09:00:00,9.25934,9.27051,9.25409,9.25409
2022-03-31 09:15:00,9.2537,9.26354,9.25367,9.25882
2022-03-31 09:30:00,9.25961,9.26948,9.25275,9.25435
2022-03-31 09:45:00,9.25444,9.26287,9.25063,9.25607
2022-03-31 10:00:00,9.2556,9.2556,9.24269,9.24724
2022-03-31 10:15:00,9.24723,9.26208,9.24665,9.26208
2022-03-31 10:30:00,9.26209,9.27435,9.26189,9.26375
2022-03-31 10:45:00,9.26375,9.2675,9.25923,9.26265
2022-03-31 11:00:00,9.26278,9.2872,9.26174,9.27698
2022-03-31 11:15:00,9.27696,9.28011,9.27259,9.27367
2022-03-31 11:30:00,9.27382,9.29636,9.27265,9.29289
2022-03-31 11:45:00,9.29288,9.29398,9.27807,9.27855
2022-03-31 12:00:00,9.27819,9.30542,9.27758,9.29742
2022-03-31 12:15:00,9.29759,9.30586,9.29016,9.29665
2022-03-31 12:30:00,9.29696,9.30025,9.28473,9.29946
2022-03-31 12:45:00,9.29948,9.31168,9.29917,9.30925
2022-03-31 13:00:00,9.30917,9.31745,9.30429,9.31189
2022-03-31 13:15:00,9.31151,9.31674,9.30274,9.31034
2022-03-31 13:30:00,9.31036,9.32705,9.31036,9.32473
2022-03-31 13:45:00,9.32467,9.32467,9.31153,9.3145
2022-03-31 14:00:00,9.31449,9.31579,9.30194,9.31075
2022-03-31 14:15:00,9.31077,9.31514,9.30753,9.31286
2022-03-31 14:30:00,9.31285,9.31493,9.30821,9.314
2022-03-31 14:45:00,9.31399,9.31499,9.302,9.31175
2022-03-31 15:00:00,9.31178,9.32198,9.30733,9.30948
2022-03-31 15:15:00,9.30946,9.30994,9.30195,9.30231
2022-03-31 15:30:00,9.30227,9.31251,9.30131,9.30713
2022-03-31 15:45:00,9.30707,9.31441,9.30593,9.30934
2022-03-31 16:00:00,9.30925,9.34441,9.3052,9.33627
2022-03-31 16:15:00,9.33618,9.35342,9.32851,9.33591
2022-03-31 16:30:00,9.33587,9.35568,9.33135,9.34786
2022-03-31 16:45:00,9.34785,9.34883,9.3204,9.32697
2022-03-31 17:00:00,9.327,9.37182,9.32662,9.34734
2022-03-31 17:15:00,9.34767,9.36938,9.34229,9.36308
2022-03-31 17:30:00,9.36311,9.36364,9.33163,9.33176
2022-03-31 17:45:00,9.33216,9.33914,9.30583,9.32418
2022-03-31 18:00:00,9.32448,9.32836,9.3132,9.32154
2022-03-31 18:15:00,9.32158,9.33839,9.32157,9.337
2022-03-31 18:30:00,9.33682,9.34299,9.33414,9.34219
2022-03-31 18:45:00,9.34216,9.34989,9.33777,9.34345
2022-03-31 19:00:00,9.34337,9.35508,9.34257,9.35255
2022-03-31 19:15:00,9.35249,9.35624,9.34835,9.3553
2022-03-31 19:30:00,9.35524,9.35854,9.35205,9.35505
2022-03-31 19:45:00,9.35504,9.36127,9.35219,9.35727
2022-03-31 20:00:00,9.35724,9.36179,9.35502,9.35759
2022-03-31 20:15:00,9.35761,9.35874,9.34872,9.35426
2022-03-31 20:30:00,9.35427,9.36098,9.35317,9.36036
2022-03-31 20:45:00,9.36035,9.36504,9.35742,9.36169
2022-03-31 21:00:00,9.36156,9.38087,9.36156,9.38064
2022-03-31 21:15:00,9.38067,9.38963,9.38028,9.38338
2022-03-31 21:30:00,9.38337,9.39599,9.3815,9.39363
2022-03-31 21:45:00,9.39362,9.39406,9.38585,9.38593
2022-03-31 22:00:00,9.38605,9.38694,9.37879,9.38572
2022-03-31 22:15:00,9.38571,9.39652,9.38465,9.39399
2022-03-31 22:30:00,9.39396,9.39935,9.39257,9.39825
2022-03-31 22:45:00,9.39828,9.40375,9.39403,9.40235
2022-03-31 23:00:00,9.40229,9.40229,9.38957,9.39397
2022-03-31 23:15:00,9.39393,9.39855,9.39277,9.39709
2022-03-31 23:30:00,9.39684,9.40096,9.39626,9.39979
2022-03-31 23:45:00,9.39975,9.40057,9.37784,9.38448
2022-04-01 00:00:00,9.38343,9.38343,9.36376,9.37394
2022-04-01 00:15:00,9.37396,9.37461,9.37175,9.37344
2022-04-01 00:30:00,9.37348,9.3736,9.36863,9.3719
2022-04-01 00:45:00,9.37193,9.37447,9.37181,9.37429
2022-04-01 01:00:00,9.37394,9.37598,9.37257,9.37562
2022-04-01 01:15:00,9.37563,9.38002,9.37549,9.37657
2022-04-01 01:30:00,9.37662,9.37822,9.37448,9.37795
2022-04-01 01:45:00,9.37798,9.37961,9.37774,9.37949
2022-04-01 02:00:00,9.37947,9.38402,9.37919,9.38361
2022-04-01 02:15:00,9.3836,9.38456,9.38327,9.38401
2022-04-01 02:30:00,9.38402,9.3861,9.38382,9.38565
2022-04-01 02:45:00,9.38563,9.38736,9.38538,9.38619
2022-04-01 03:00:00,9.3862,9.39122,9.3806,9.38649
2022-04-01 03:15:00,9.38655,9.3901,9.38435,9.38677
2022-04-01 03:30:00,9.38676,9.39233,9.385,9.38991
2022-04-01 03:45:00,9.38997,9.39014,9.38378,9.38494
2022-04-01 04:00:00,9.38504,9.38786,9.38185,9.38262
2022-04-01 04:15:00,9.38263,9.38528,9.37229,9.38501
2022-04-01 04:30:00,9.38463,9.386,9.37218,9.38157
2022-04-01 04:45:00,9.3816,9.38346,9.37973,9.38117
2022-04-01 05:00:00,9.38111,9.38691,9.38111,9.3843
2022-04-01 05:15:00,9.38384,9.38585,9.38132,9.38473
2022-04-01 05:30:00,9.38474,9.38655,9.38304,9.38432
2022-04-01 05:45:00,9.38433,9.3945,9.38259,9.39265
2022-04-01 06:00:00,9.39266,9.39939,9.39117,9.3983
2022-04-01 06:15:00,9.39831,9.39833,9.3939,9.39411
2022-04-01 06:30:00,9.39417,9.39826,9.3938,9.39517
2022-04-01 06:45:00,9.39518,9.39744,9.39207,9.39481
2022-04-01 07:00:00,9.39479,9.39662,9.3885,9.38919
2022-04-01 07:15:00,9.38903,9.39238,9.38898,9.39124
2022-04-01 07:30:00,9.39118,9.39256,9.38938,9.39141
2022-04-01 07:45:00,9.39139,9.39718,9.38846,9.39629
2022-04-01 08:00:00,9.39627,9.39752,9.39308,9.39348
2022-04-01 08:15:00,9.39351,9.39596,9.39194,9.39218
2022-04-01 08:30:00,9.39213,9.39228,9.3853,9.38675
2022-04-01 08:45:00,9.38677,9.39202,9.38546,9.39113
2022-04-01 09:00:00,9.39117,9.40926,9.38885,9.40235
2022-04-01 09:15:00,9.40231,9.40419,9.39689,9.40197
2022-04-01 09:30:00,9.40198,9.40456,9.39807,9.40199
2022-04-01 09:45:00,9.402,9.40263,9.38127,9.38266
2022-04-01 10:00:00,9.38351,9.38871,9.37633,9.38422
2022-04-01 10:15:00,9.38439,9.40696,9.37731,9.40462
2022-04-01 10:30:00,9.40463,9.40484,9.38032,9.38359
2022-04-01 10:45:00,9.38357,9.38967,9.37153,9.38908
2022-04-01 11:00:00,9.38908,9.39375,9.37333,9.37592
2022-04-01 11:15:00,9.37595,9.38327,9.3546,9.36147
2022-04-01 11:30:00,9.36143,9.36808,9.35561,9.3578
2022-04-01 11:45:00,9.35779,9.35848,9.34791,9.35136
2022-04-01 12:00:00,9.35135,9.36936,9.35135,9.36022
2022-04-01 12:15:00,9.3602,9.36775,9.35061,9.35336
2022-04-01 12:30:00,9.35339,9.3602,9.34407,9.35766
2022-04-01 12:45:00,9.35754,9.36105,9.34299,9.34329
2022-04-01 13:00:00,9.34328,9.35801,9.3404,9.35313
2022-04-01 13:15:00,9.35316,9.35352,9.34505,9.34717
2022-04-01 13:30:00,9.34716,9.35564,9.3465,9.35113
2022-04-01 13:45:00,9.35115,9.35413,9.33619,9.33629
2022-04-01 14:00:00,9.33624,9.34852,9.33592,9.34732
2022-04-01 14:15:00,9.34708,9.35505,9.34607,9.34768
2022-04-01 14:30:00,9.34766,9.35593,9.34688,9.35396
2022-04-01 14:45:00,9.35389,9.35541,9.34783,9.34913
2022-04-01 15:00:00,9.34921,9.35144,9.34554,9.34629
2022-04-01 15:15:00,9.34637,9.36593,9.34637,9.35473
2022-04-01 15:30:00,9.35462,9.37008,9.35128,9.35196
2022-04-01 15:45:00,9.35192,9.35774,9.34123,9.3561
2022-04-01 16:00:00,9.35591,9.35749,9.34339,9.34775
2022-04-01 16:15:00,9.34768,9.35525,9.34761,9.35241
2022-04-01 16:30:00,9.35239,9.3552,9.34797,9.3531
2022-04-01 16:45:00,9.35309,9.35964,9.34777,9.35109
2022-04-01 17:00:00,9.35096,9.35267,9.34539,9.34549
2022-04-01 17:15:00,9.34545,9.36525,9.34541,9.36165
2022-04-01 17:30:00,9.36167,9.37182,9.36056,9.37027
2022-04-01 17:45:00,9.37015,9.37112,9.35517,9.35736
2022-04-01 18:00:00,9.35704,9.36628,9.35467,9.36356
2022-04-01 18:15:00,9.36344,9.36597,9.35869,9.36177
2022-04-01 18:30:00,9.3618,9.36234,9.35399,9.35576
2022-04-01 18:45:00,9.35575,9.36173,9.35526,9.35694
2022-04-01 19:00:00,9.35705,9.35967,9.35564,9.35591
2022-04-01 19:15:00,9.35584,9.36587,9.35516,9.36065
2022-04-01 19:30:00,9.36067,9.3644,9.36059,9.3632
2022-04-01 19:45:00,9.36321,9.37046,9.35912,9.36912
2022-04-01 20:00:00,9.36905,9.37448,9.36824,9.37169
2022-04-01 20:15:00,9.3717,9.37235,9.36894,9.36962
2022-04-01 20:30:00,9.36959,9.371,9.36493,9.36508
2022-04-01 20:45:00,9.3651,9.3686,9.36426,9.36855
2022-04-01 21:00:00,9.36857,9.37224,9.36667,9.36724
2022-04-01 21:15:00,9.36721,9.36907,9.3605,9.36073
2022-04-01 21:30:00,9.36061,9.36548,9.35995,9.36405
2022-04-01 21:45:00,9.36404,9.37914,9.36384,9.37884
2022-04-01 22:00:00,9.37887,9.38343,9.37093,9.37453
2022-04-01 22:15:00,9.37441,9.3774,9.37332,9.37595
2022-04-01 22:30:00,9.37591,9.37628,9.36733,9.37164
2022-04-01 22:45:00,9.37161,9.37186,9.36163,9.36455
2022-04-01 23:00:00,9.36451,9.36466,9.35403,9.35561
2022-04-01 23:15:00,9.35549,9.35748,9.35439,9.35599
2022-04-01 23:30:00,9.35601,9.35999,9.35377,9.35788
2022-04-01 23:45:00,9.35785,9.36374,9.34782,9.34959
2022-04-04 00:00:00,9.35408,9.36257,9.35047,9.35674
2022-04-04 00:15:00,9.35725,9.36531,9.35725,9.36164
2022-04-04 00:30:00,9.36199,9.36334,9.35791,9.35881
2022-04-04 00:45:00,9.35852,9.36022,9.35767,9.3599
2022-04-04 01:00:00,9.35956,9.3681,9.35352,9.36764
2022-04-04 01:15:00,9.36763,9.36995,9.36695,9.36896
2022-04-04 01:30:00,9.36902,9.37007,9.36613,9.36678
2022-04-04 01:45:00,9.36679,9.36707,9.36481,9.36604
2022-04-04 02:00:00,9.36606,9.36694,9.36343,9.3664
2022-04-04 02:15:00,9.36638,9.36893,9.36534,9.36818
2022-04-04 02:30:00,9.36812,9.37136,9.36737,9.37114
2022-04-04 02:45:00,9.37121,9.37173,9.36701,9.36728
2022-04-04 03:00:00,9.36725,9.36897,9.36354,9.36397
2022-04-04 03:15:00,9.36398,9.36717,9.3637,9.36475
2022-04-04 03:30:00,9.36469,9.36699,9.36376,9.36377
2022-04-04 03:45:00,9.36373,9.36737,9.36204,9.36617
2022-04-04 04:00:00,9.36615,9.37116,9.36598,9.3699
2022-04-04 04:15:00,9.36985,9.3723,9.36607,9.36685
2022-04-04 04:30:00,9.36694,9.36823,9.36066,9.36653
2022-04-04 04:45:00,9.36662,9.36931,9.36584,9.36877
2022-04-04 05:00:00,9.3688,9.36933,9.36825,9.36898
2022-04-04 05:15:00,9.36899,9.36934,9.36353,9.36522
2022-04-04 05:30:00,9.36516,9.36904,9.36463,9.3685
2022-04-04 05:45:00,9.36855,9.3706,9.36472,9.36564
2022-04-04 06:00:00,9.36568,9.3672,9.36461,9.36555
2022-04-04 06:15:00,9.36556,9.36585,9.36168,9.36235
2022-04-04 06:30:00,9.36247,9.3662,9.36229,9.36593
2022-04-04 06:45:00,9.36592,9.36769,9.36567,9.36714
2022-04-04 07:00:00,9.36708,9.36864,9.36669,9.36777
2022-04-04 07:15:00,9.36782,9.36839,9.36508,9.3669
2022-04-04 07:30:00,9.36697,9.36821,9.36669,9.3676
2022-04-04 07:45:00,9.36748,9.36791,9.36415,9.36481
2022-04-04 08:00:00,9.36464,9.36487,9.3597,9.35976
2022-04-04 08:15:00,9.35957,9.36031,9.35859,9.35862
2022-04-04 08:30:00,9.35867,9.36164,9.35867,9.35964
2022-04-04 08:45:00,9.3595,9.36257,9.35595,9.35985
2022-04-04 09:00:00,9.35978,9.36773,9.35662,9.36652
2022-04-04 09:15:00,9.36641,9.36846,9.35625,9.35834
2022-04-04 09:30:00,9.35826,9.35926,9.35297,9.35325
2022-04-04 09:45:00,9.35326,9.36155,9.35248,9.35886
2022-04-04 10:00:00,9.35868,9.37534,9.35757,9.37187
2022-04-04 10:15:00,9.37186,9.38065,9.36289,9.37574
2022-04-04 10:30:00,9.37573,9.38271,9.36769,9.37869
2022-04-04 10:45:00,9.37877,9.38963,9.3751,9.3803
2022-04-04 11:00:00,9.38017,9.39765,9.37753,9.37939
2022-04-04 11:15:00,9.37938,9.38699,9.37271,9.38151
2022-04-04 11:30:00,9.38171,9.38928,9.37806,9.38895
2022-04-04 11:45:00,9.38893,9.40036,9.38878,9.39889
2022-04-04 12:00:00,9.39895,9.40329,9.39322,9.40185
2022-04-04 12:15:00,9.40181,9.41426,9.39764,9.40791
2022-04-04 12:30:00,9.4079,9.41651,9.40333,9.4126
2022-04-04 12:45:00,9.41261,9.42213,9.40891,9.41999
2022-04-04 13:00:00,9.41996,9.42597,9.41257,9.42441
2022-04-04 13:15:00,9.42438,9.43065,9.42329,9.42823
2022-04-04 13:30:00,9.42911,9.43531,9.42039,9.42962
2022-04-04 13:45:00,9.4296,9.43283,9.42593,9.42849
2022-04-04 14:00:00,9.42847,9.44075,9.42769,9.44075
2022-04-04 14:15:00,9.4408,9.44573,9.43738,9.44485
2022-04-04 14:30:00,9.44428,9.44821,9.43743,9.44646
2022-04-04 14:45:00,9.44643,9.44649,9.43511,9.44017
2022-04-04 15:00:00,9.43998,9.44304,9.42436,9.43446
2022-04-04 15:15:00,9.4345,9.43723,9.43171,9.43221
2022-04-04 15:30:00,9.43169,9.43357,9.42434,9.42992
2022-04-04 15:45:00,9.4299,9.43122,9.42243,9.42677
2022-04-04 16:00:00,9.42655,9.42783,9.41917,9.4242
2022-04-04 16:15:00,9.42375,9.42631,9.41314,9.42552
2022-04-04 16:30:00,9.42565,9.43044,9.41675,9.42098
2022-04-04 16:45:00,9.42095,9.42548,9.39907,9.40052
2022-04-04 17:00:00,9.4005,9.41536,9.39921,9.41385
2022-04-04 17:15:00,9.41377,9.41777,9.40916,9.41271
2022-04-04 17:30:00,9.41265,9.41909,9.40625,9.40688
2022-04-04 17:45:00,9.4069,9.41104,9.39808,9.40359
2022-04-04 18:00:00,9.40373,9.40698,9.39578,9.40624
2022-04-04 18:15:00,9.40621,9.40963,9.40113,9.40645
2022-04-04 18:30:00,9.40652,9.40677,9.39066,9.39885
2022-04-04 18:45:00,9.39884,9.40782,9.39847,9.40695
2022-04-04 19:00:00,9.40694,9.41008,9.40658,9.40675
2022-04-04 19:15:00,9.40674,9.40983,9.40674,9.40792
2022-04-04 19:30:00,9.4078,9.41675,9.4078,9.41602
2022-04-04 19:45:00,9.41604,9.41967,9.41497,9.41912
2022-04-04 20:00:00,9.41929,9.43266,9.41916,9.43086
2022-04-04 20:15:00,9.43103,9.4388,9.42892,9.43065
2022-04-04 20:30:00,9.43066,9.43891,9.42499,9.42791
2022-04-04 20:45:00,9.42785,9.4395,9.42778,9.43203
2022-04-04 21:00:00,9.432,9.43219,9.42486,9.42541
2022-04-04 21:15:00,9.42539,9.43314,9.42539,9.42663
2022-04-04 21:30:00,9.42662,9.42807,9.42443,9.4247
2022-04-04 21:45:00,9.42475,9.42626,9.42051,9.42336
2022-04-04 22:00:00,9.4235,9.42459,9.41715,9.41876
2022-04-04 22:15:00,9.41879,9.42981,9.41797,9.42894
2022-04-04 22:30:00,9.429,9.43053,9.42306,9.42595
2022-04-04 22:45:00,9.42597,9.43215,9.42352,9.43049
2022-04-04 23:00:00,9.43052,9.43311,9.42309,9.42385
2022-04-04 23:15:00,9.42378,9.42554,9.41686,9.4173
2022-04-04 23:30:00,9.41725,9.41799,9.41219,9.41484
2022-04-04 23:45:00,9.41482,9.41984,9.41133,9.41196
2022-04-05 00:00:00,9.41162,9.41736,9.41077,9.41461
2022-04-05 00:15:00,9.41402,9.41513,9.41363,9.4147
2022-04-05 00:30:00,9.41444,9.41567,9.41399,9.41567
2022-04-05 00:45:00,9.41571,9.41591,9.41453,9.41458
2022-04-05 01:00:00,9.41459,9.42132,9.41459,9.42081
2022-04-05 01:15:00,9.42083,9.42171,9.41948,9.42008
2022-04-05 01:30:00,9.42019,9.42211,9.41928,9.4214
2022-04-05 01:45:00,9.42134,9.42211,9.41699,9.41957
2022-04-05 02:00:00,9.41939,9.41991,9.41782,9.41941
2022-04-05 02:15:00,9.4194,9.42096,9.4183,9.41916
2022-04-05 02:30:00,9.41917,9.41971,9.41691,9.41827
2022-04-05 02:45:00,9.41821,9.4202,9.41719,9.41776
2022-04-05 03:00:00,9.41774,9.41992,9.41461,9.41644
2022-04-05 03:15:00,9.41642,9.42108,9.41636,9.41892
2022-04-05 03:30:00,9.41912,9.4192,9.41523,9.41568
2022-04-05 03:45:00,9.41566,9.4209,9.41403,9.42031
2022-04-05 04:00:00,9.42022,9.42427,9.41954,9.42417
2022-04-05 04:15:00,9.42413,9.42511,9.42293,9.42486
2022-04-05 04:30:00,9.42485,9.43155,9.42435,9.42686
2022-04-05 04:45:00,9.42698,9.42768,9.42514,9.426
2022-04-05 05:00:00,9.42598,9.42599,9.42261,9.42333
2022-04-05 05:15:00,9.42331,9.42437,9.4218,9.42437
2022-04-05 05:30:00,9.42429,9.42608,9.42327,9.42578
2022-04-05 05:45:00,9.42573,9.43042,9.42526,9.42582
2022-04-05 06:00:00,9.42579,9.42738,9.42443,9.42515
2022-04-05 06:15:00,9.42505,9.42603,9.42392,9.42603
2022-04-05 06:30:00,9.42606,9.42684,9.4248,9.42626
2022-04-05 06:45:00,9.42633,9.42745,9.42431,9.42434
2022-04-05 07:00:00,9.42436,9.42731,9.42417,9.42655
2022-04-05 07:15:00,9.4266,9.43127,9.42478,9.42959
2022-04-05 07:30:00,9.42956,9.43018,9.42342,9.42949
2022-04-05 07:45:00,9.42948,9.4321,9.42697,9.42953
2022-04-05 08:00:00,9.42955,9.43257,9.4233,9.42396
2022-04-05 08:15:00,9.42394,9.42554,9.42137,9.42368
2022-04-05 08:30:00,9.42364,9.4244,9.41564,9.41725
2022-04-05 08:45:00,9.41726,9.4188,9.41613,9.41866
2022-04-05 09:00:00,9.41965,9.42513,9.40982,9.41586
2022-04-05 09:15:00,9.41592,9.41651,9.41029,9.41399
2022-04-05 09:30:00,9.414,9.41475,9.40379,9.40589
2022-04-05 09:45:00,9.40582,9.41297,9.40264,9.40884
2022-04-05 10:00:00,9.40897,9.40933,9.40085,9.40526
2022-04-05 10:15:00,9.40527,9.40834,9.39473,9.39881
2022-04-05 10:30:00,9.39906,9.40168,9.39333,9.39935
2022-04-05 10:45:00,9.3993,9.3993,9.38398,9.39094
2022-04-05 11:00:00,9.39095,9.39356,9.38154,9.38368
2022-04-05 11:15:00,9.38364,9.39225,9.38272,9.3901
2022-04-05 11:30:00,9.39012,9.39869,9.39001,9.3981
2022-04-05 11:45:00,9.39812,9.40286,9.3949,9.39546
2022-04-05 12:00:00,9.39545,9.39669,9.38296,9.38394
2022-04-05 12:15:00,9.38401,9.38419,9.37692,9.38157
2022-04-05 12:30:00,9.38162,9.38217,9.37691,9.38146
2022-04-05 12:45:00,9.38144,9.38567,9.37986,9.38222
2022-04-05 13:00:00,9.38224,9.38769,9.37726,9.38571
2022-04-05 13:15:00,9.38569,9.39057,9.38393,9.3887
2022-04-05 13:30:00,9.38875,9.39136,9.38489,9.3875
2022-04-05 13:45:00,9.38748,9.38748,9.37389,9.37588
2022-04-05 14:00:00,9.3759,9.38326,9.37376,9.37715
2022-04-05 14:15:00,9.37723,9.37775,9.36775,9.36806
2022-04-05 14:30:00,9.36792,9.37028,9.3544,9.35619
2022-04-05 14:45:00,9.3559,9.36539,9.35276,9.36482
2022-04-05 15:00:00,9.36488,9.36521,9.34879,9.35009
2022-04-05 15:15:00,9.35008,9.36547,9.35008,9.36
2022-04-05 15:30:00,9.36001,9.37025,9.35983,9.36016
2022-04-05 15:45:00,9.36015,9.36641,9.35775,9.3636
2022-04-05 16:00:00,9.36362,9.36523,9.35602,9.36475
2022-04-05 16:15:00,9.36497,9.36605,9.35535,9.36088
2022-04-05 16:30:00,9.36089,9.36324,9.34506,9.35145
2022-04-05 16:45:00,9.35146,9.35821,9.34665,9.35229
2022-04-05 17:00:00,9.35203,9.39064,9.34979,9.39064
2022-04-05 17:15:00,9.39056,9.40604,9.37959,9.38922
2022-04-05 17:30:00,9.38927,9.40979,9.38245,9.40692
2022-04-05 17:45:00,9.40687,9.41317,9.38993,9.39397
2022-04-05 18:00:00,9.39392,9.41568,9.38984,9.40793
2022-04-05 18:15:00,9.40786,9.41686,9.40559,9.41486
2022-04-05 18:30:00,9.41488,9.41898,9.41201,9.41312
2022-04-05 18:45:00,9.4131,9.41526,9.41087,9.41495
2022-04-05 19:00:00,9.41496,9.42252,9.41455,9.4193
2022-04-05 19:15:00,9.41931,9.42084,9.41635,9.41731
2022-04-05 19:30:00,9.41729,9.42204,9.41611,9.42176
2022-04-05 19:45:00,9.42175,9.42346,9.41468,9.41752
2022-04-05 20:00:00,9.41755,9.41792,9.40959,9.41158
2022-04-05 20:15:00,9.41154,9.41238,9.40559,9.41064
2022-04-05 20:30:00,9.41063,9.41681,9.40783,9.41415
2022-04-05 20:45:00,9.41423,9.42137,9.41403,9.42072
2022-04-05 21:00:00,9.42073,9.42145,9.41376,9.41397
2022-04-05 21:15:00,9.41396,9.41575,9.41263,9.4153
2022-04-05 21:30:00,9.41532,9.42604,9.41507,9.42543
2022-04-05 21:45:00,9.42545,9.42546,9.41938,9.42404
2022-04-05 22:00:00,9.42402,9.42949,9.4237,9.42949
2022-04-05 22:15:00,9.42955,9.4308,9.42707,9.4288
2022-04-05 22:30:00,9.42878,9.42954,9.42497,9.42595
2022-04-05 22:45:00,9.42596,9.42818,9.42304,9.4249
2022-04-05 23:00:00,9.42493,9.42698,9.41958,9.42693
2022-04-05 23:15:00,9.42687,9.42687,9.42304,9.42318
2022-04-05 23:30:00,9.42342,9.4242,9.42263,9.42317
2022-04-05 23:45:00,9.42315,9.42395,9.41972,9.42173
2022-04-06 00:00:00,9.42207,9.42401,9.41077,9.42247
2022-04-06 00:15:00,9.42055,9.42573,9.42042,9.4255
2022-04-06 00:30:00,9.42522,9.42615,9.42243,9.42431
2022-04-06 00:45:00,9.42442,9.42755,9.42438,9.42548
2022-04-06 01:00:00,9.42567,9.43035,9.42092,9.42416
2022-04-06 01:15:00,9.42418,9.4267,9.42131,9.42353
2022-04-06 01:30:00,9.42344,9.42458,9.42216,9.42376
2022-04-06 01:45:00,9.42346,9.42461,9.42343,9.42379
2022-04-06 02:00:00,9.42386,9.42461,9.42159,9.42347
2022-04-06 02:15:00,9.42343,9.42461,9.42269,9.42393
2022-04-06 02:30:00,9.42389,9.42471,9.4225,9.42332
2022-04-06 02:45:00,9.42329,9.42399,9.42258,9.42306
2022-04-06 03:00:00,9.42301,9.42823,9.42301,9.4272
2022-04-06 03:15:00,9.42718,9.42853,9.42668,9.4271
2022-04-06 03:30:00,9.4272,9.42912,9.42431,9.42592
2022-04-06 03:45:00,9.42593,9.43408,9.42593,9.43382
2022-04-06 04:00:00,9.43381,9.43621,9.43009,9.43306
2022-04-06 04:15:00,9.43301,9.43514,9.43102,9.43236
2022-04-06 04:30:00,9.4323,9.43333,9.42982,9.43219
2022-04-06 04:45:00,9.43245,9.43579,9.43056,9.43516
2022-04-06 05:00:00,9.43501,9.4406,9.43433,9.43702
2022-04-06 05:15:00,9.43709,9.43965,9.43357,9.43904
2022-04-06 05:30:00,9.43912,9.44033,9.43256,9.43488
2022-04-06 05:45:00,9.43496,9.44121,9.43491,9.4383
2022-04-06 06:00:00,9.4385,9.44117,9.43532,9.43982
2022-04-06 06:15:00,9.43984,9.44111,9.43777,9.4397
2022-04-06 06:30:00,9.43953,9.44132,9.43906,9.44037
2022-04-06 06:45:00,9.44031,9.44122,9.4346,9.43602
2022-04-06 07:00:00,9.43608,9.43895,9.43217,9.43895
2022-04-06 07:15:00,9.43887,9.44163,9.43672,9.44009
2022-04-06 07:30:00,9.44001,9.44267,9.43927,9.44225
2022-04-06 07:45:00,9.442,9.44327,9.43675,9.4374
2022-04-06 08:00:00,9.43766,9.44026,9.4321,9.43923
2022-04-06 08:15:00,9.43922,9.44219,9.43326,9.43494
2022-04-06 08:30:00,9.43497,9.43823,9.43172,9.43563
2022-04-06 08:45:00,9.43558,9.44901,9.4347,9.44875
2022-04-06 09:00:00,9.4487,9.46262,9.44573,9.45744
2022-04-06 09:15:00,9.45733,9.46088,9.45249,9.45715
2022-04-06 09:30:00,9.45713,9.4582,9.44527,9.44572
2022-04-06 09:45:00,9.44571,9.45033,9.43811,9.44989
2022-04-06 10:00:00,9.44942,9.44942,9.41959,9.42395
2022-04-06 10:15:00,9.42393,9.43331,9.41528,9.42729
2022-04-06 10:30:00,9.42731,9.44389,9.4271,9.43479
2022-04-06 10:45:00,9.43483,9.43695,9.42253,9.42495
2022-04-06 11:00:00,9.42516,9.43238,9.42352,9.42635
2022-04-06 11:15:00,9.42633,9.42744,9.40766,9.40873
2022-04-06 11:30:00,9.40878,9.41428,9.40108,9.40205
2022-04-06 11:45:00,9.40193,9.40498,9.38853,9.39215
2022-04-06 12:00:00,9.39216,9.40537,9.38939,9.40375
2022-04-06 12:15:00,9.40384,9.42065,9.40361,9.4205
2022-04-06 12:30:00,9.42048,9.42049,9.40875,9.41331
2022-04-06 12:45:00,9.41318,9.41743,9.40937,9.41288
2022-04-06 13:00:00,9.41287,9.41833,9.40989,9.41618
2022-04-06 13:15:00,9.4162,9.43768,9.41512,9.43768
2022-04-06 13:30:00,9.43757,9.43952,9.42437,9.43232
2022-04-06 13:45:00,9.43231,9.43353,9.41732,9.41732
2022-04-06 14:00:00,9.41729,9.42513,9.4085,9.42192
2022-04-06 14:15:00,9.42191,9.4333,9.42185,9.42994
2022-04-06 14:30:00,9.42995,9.43073,9.4259,9.42795
2022-04-06 14:45:00,9.42808,9.43192,9.42576,9.42933
2022-04-06 15:00:00,9.42945,9.42945,9.40907,9.41435
2022-04-06 15:15:00,9.41432,9.41542,9.39708,9.4021
2022-04-06 15:30:00,9.40207,9.40325,9.39397,9.39957
2022-04-06 15:45:00,9.39961,9.4102,9.39902,9.40845
2022-04-06 16:00:00,9.40844,9.41756,9.40561,9.41713
2022-04-06 16:15:00,9.41712,9.42551,9.41636,9.42342
2022-04-06 16:30:00,9.42382,9.4339,9.4211,9.43226
2022-04-06 16:45:00,9.43225,9.4533,9.42924,9.45291
2022-04-06 17:00:00,9.4531,9.46222,9.449,9.45645
2022-04-06 17:15:00,9.45641,9.45733,9.44602,9.44646
2022-04-06 17:30:00,9.4462,9.45343,9.44061,9.44432
2022-04-06 17:45:00,9.4442,9.44916,9.43452,9.43674
2022-04-06 18:00:00,9.43669,9.44813,9.42997,9.4444
2022-04-06 18:15:00,9.44426,9.45466,9.44407,9.45108
2022-04-06 18:30:00,9.45104,9.45867,9.45053,9.45425
2022-04-06 18:45:00,9.45413,9.45557,9.4366,9.43926
2022-04-06 19:00:00,9.43917,9.44729,9.43198,9.44724
2022-04-06 19:15:00,9.44728,9.45608,9.44362,9.45236
2022-04-06 19:30:00,9.45259,9.46421,9.45162,9.4597
2022-04-06 19:45:00,9.45967,9.46006,9.45377,9.45417
2022-04-06 20:00:00,9.45433,9.45903,9.45399,9.45764
2022-04-06 20:15:00,9.45765,9.46323,9.45584,9.45827
2022-04-06 20:30:00,9.45818,9.46783,9.45651,9.46637
2022-04-06 20:45:00,9.4664,9.47525,9.46622,9.473
2022-04-06 21:00:00,9.47289,9.49468,9.44207,9.48993
2022-04-06 21:15:00,9.4903,9.50573,9.48137,9.48976
2022-04-06 21:30:00,9.48969,9.49205,9.471,9.48747
2022-04-06 21:45:00,9.48749,9.48756,9.46999,9.47402
2022-04-06 22:00:00,9.47395,9.47416,9.46493,9.46912
2022-04-06 22:15:00,9.46915,9.47322,9.46844,9.47245
2022-04-06 22:30:00,9.47244,9.47556,9.46892,9.46933
2022-04-06 22:45:00,9.46934,9.471,9.46481,9.46655
2022-04-06 23:00:00,9.46653,9.48041,9.46549,9.4803
2022-04-06 23:15:00,9.48033,9.48033,9.47472,9.47569
2022-04-06 23:30:00,9.47566,9.48199,9.47558,9.48173
2022-04-06 23:45:00,9.48175,9.48347,9.47554,9.47558
2022-04-07 00:00:00,9.47719,9.47996,9.46591,9.47513
2022-04-07 00:15:00,9.47491,9.47541,9.46391,9.46993
2022-04-07 00:30:00,9.47066,9.47469,9.47066,9.47197
2022-04-07 00:45:00,9.47274,9.48049,9.47217,9.47842
2022-04-07 01:00:00,9.47855,9.48116,9.47814,9.48055
2022-04-07 01:15:00,9.48053,9.48462,9.4792,9.48385
2022-04-07 01:30:00,9.48386,9.48386,9.47977,9.48057
2022-04-07 01:45:00,9.48056,9.48216,9.47945,9.48207
2022-04-07 02:00:00,9.48214,9.48332,9.4803,9.48098
2022-04-07 02:15:00,9.48102,9.48166,9.47994,9.48104
2022-04-07 02:30:00,9.48111,9.48455,9.48083,9.48296
2022-04-07 02:45:00,9.48294,9.48429,9.48132,9.48379
2022-04-07 03:00:00,9.4838,9.49472,9.48045,9.4844
2022-04-07 03:15:00,9.48444,9.48999,9.4839,9.48862
2022-04-07 03:30:00,9.48863,9.48948,9.48521,9.48582
2022-04-07 03:45:00,9.48575,9.48853,9.4715,9.47195
2022-04-07 04:00:00,9.47196,9.47925,9.47177,9.4782
2022-04-07 04:15:00,9.47819,9.48227,9.4777,9.48143
2022-04-07 04:30:00,9.4815,9.48277,9.47659,9.47724
2022-04-07 04:45:00,9.47704,9.48113,9.47605,9.4785
2022-04-07 05:00:00,9.47847,9.48085,9.47612,9.47985
2022-04-07 05:15:00,9.47987,9.48256,9.4794,9.4822
2022-04-07 05:30:00,9.48219,9.48304,9.47913,9.4793
2022-04-07 05:45:00,9.47938,9.48179,9.47669,9.47693
2022-04-07 06:00:00,9.47682,9.48616,9.47605,9.48515
2022-04-07 06:15:00,9.48509,9.48681,9.48133,9.48642
2022-04-07 06:30:00,9.48646,9.48726,9.4843,9.48563
2022-04-07 06:45:00,9.48557,9.48563,9.48185,9.48481
2022-04-07 07:00:00,9.48486,9.48598,9.48269,9.48483
2022-04-07 07:15:00,9.48476,9.48599,9.48395,9.48488
2022-04-07 07:30:00,9.4849,9.48511,9.47964,9.48048
2022-04-07 07:45:00,9.48049,9.48114,9.47762,9.4798
2022-04-07 08:00:00,9.47984,9.48654,9.47984,9.48491
2022-04-07 08:15:00,9.4849,9.48877,9.48371,9.48558
2022-04-07 08:30:00,9.48561,9.48645,9.48171,9.48224
2022-04-07 08:45:00,9.48223,9.48352,9.47364,9.47501
2022-04-07 09:00:00,9.47536,9.48129,9.4603,9.46043
2022-04-07 09:15:00,9.4604,9.46275,9.44657,9.45111
2022-04-07 09:30:00,9.45113,9.45784,9.4466,9.44789
2022-04-07 09:45:00,9.44791,9.4618,9.44391,9.46169
2022-04-07 10:00:00,9.46153,9.46323,9.44405,9.44521
2022-04-07 10:15:00,9.4452,9.47484,9.44516,9.4727
2022-04-07 10:30:00,9.47273,9.4738,9.45598,9.46001
2022-04-07 10:45:00,9.46,9.46261,9.44878,9.45779
2022-04-07 11:00:00,9.45777,9.47024,9.45615,9.46931
2022-04-07 11:15:00,9.46935,9.47841,9.46786,9.47261
2022-04-07 11:30:00,9.47263,9.4765,9.4695,9.47262
2022-04-07 11:45:00,9.47263,9.47798,9.46955,9.47502
2022-04-07 12:00:00,9.47505,9.47921,9.46866,9.4691
2022-04-07 12:15:00,9.46908,9.48493,9.469,9.47763
2022-04-07 12:30:00,9.47762,9.4779,9.46426,9.46609
2022-04-07 12:45:00,9.46616,9.46632,9.45972,9.46336
2022-04-07 13:00:00,9.46335,9.46454,9.45831,9.4592
2022-04-07 13:15:00,9.45921,9.46627,9.45851,9.46459
2022-04-07 13:30:00,9.46477,9.4711,9.46355,9.47021
2022-04-07 13:45:00,9.47019,9.4713,9.46137,9.46168
2022-04-07 14:00:00,9.46164,9.46797,9.43787,9.4536
2022-04-07 14:15:00,9.45381,9.47041,9.45367,9.4674
2022-04-07 14:30:00,9.46749,9.46854,9.43541,9.44244
2022-04-07 14:45:00,9.44234,9.45114,9.43893,9.44371
2022-04-07 15:00:00,9.44388,9.44703,9.43517,9.44432
2022-04-07 15:15:00,9.44433,9.44785,9.43548,9.4378
2022-04-07 15:30:00,9.43804,9.44108,9.43062,9.43603
2022-04-07 15:45:00,9.436,9.43965,9.42558,9.43887
2022-04-07 16:00:00,9.43873,9.45031,9.43268,9.4365
2022-04-07 16:15:00,9.43647,9.43845,9.42946,9.42969
2022-04-07 16:30:00,9.42973,9.43052,9.42177,9.42639
2022-04-07 16:45:00,9.42644,9.44987,9.42527,9.44792
2022-04-07 17:00:00,9.44814,9.46611,9.4441,9.45429
2022-04-07 17:15:00,9.45443,9.46699,9.45388,9.46321
2022-04-07 17:30:00,9.4632,9.46333,9.44096,9.46088
2022-04-07 17:45:00,9.46085,9.46569,9.45165,9.45386
2022-04-07 18:00:00,9.45353,9.46135,9.44677,9.4502
2022-04-07 18:15:00,9.45013,9.45922,9.44857,9.45922
2022-04-07 18:30:00,9.459,9.46209,9.45318,9.45749
2022-04-07 18:45:00,9.45748,9.46017,9.4522,9.45705
2022-04-07 19:00:00,9.4571,9.46846,9.45575,9.46814
2022-04-07 19:15:00,9.46813,9.4726,9.45382,9.45968
2022-04-07 19:30:00,9.45971,9.4609,9.45622,9.45798
2022-04-07 19:45:00,9.458,9.46216,9.45389,9.46122
2022-04-07 20:00:00,9.46113,9.46505,9.44894,9.44912
2022-04-07 20:15:00,9.44917,9.45623,9.44893,9.45098
2022-04-07 20:30:00,9.45096,9.45934,9.4509,9.45929
2022-04-07 20:45:00,9.45922,9.46517,9.45792,9.4592
2022-04-07 21:00:00,9.45904,9.46095,9.45705,9.459
2022-04-07 21:15:00,9.45901,9.45978,9.4572,9.45763
2022-04-07 21:30:00,9.45792,9.46313,9.45762,9.46186
2022-04-07 21:45:00,9.46191,9.46401,9.45382,9.4544
2022-04-07 22:00:00,9.45442,9.45669,9.45245,9.45446
2022-04-07 22:15:00,9.45443,9.46353,9.45363,9.46286
2022-04-07 22:30:00,9.46376,9.46592,9.45687,9.46146
2022-04-07 22:45:00,9.46148,9.46198,9.45811,9.45855
2022-04-07 23:00:00,9.45856,9.46214,9.45718,9.46158
2022-04-07 23:15:00,9.46159,9.46754,9.46051,9.46561
2022-04-07 23:30:00,9.46574,9.46608,9.45655,9.45671
2022-04-07 23:45:00,9.45672,9.45822,9.44444,9.44703
2022-04-08 00:00:00,9.44632,9.45066,9.4377,9.44939
2022-04-08 00:15:00,9.44931,9.45341,9.44721,9.45083
2022-04-08 00:30:00,9.45082,9.45329,9.44782,9.44782
2022-04-08 00:45:00,9.44804,9.45231,9.44792,9.44979
2022-04-08 01:00:00,9.44982,9.45339,9.44735,9.45241
2022-04-08 01:15:00,9.45243,9.45456,9.45212,9.454
2022-04-08 01:30:00,9.45397,9.45684,9.45385,9.45617
2022-04-08 01:45:00,9.45479,9.46086,9.45363,9.45826
2022-04-08 02:00:00,9.4582,9.46024,9.45143,9.45453
2022-04-08 02:15:00,9.45458,9.4547,9.45152,9.45288
2022-04-08 02:30:00,9.45285,9.45364,9.4512,9.45207
2022-04-08 02:45:00,9.45204,9.46276,9.45185,9.45968
2022-04-08 03:00:00,9.45977,9.46523,9.45655,9.45942
2022-04-08 03:15:00,9.45948,9.46355,9.45923,9.46064
2022-04-08 03:30:00,9.46065,9.46224,9.45403,9.46224
2022-04-08 03:45:00,9.46223,9.4655,9.45883,9.46397
2022-04-08 04:00:00,9.46396,9.46694,9.46271,9.46496
2022-04-08 04:15:00,9.46493,9.4661,9.4598,9.4643
2022-04-08 04:30:00,9.46425,9.46623,9.45916,9.45919
2022-04-08 04:45:00,9.45909,9.45952,9.45118,9.45183
2022-04-08 05:00:00,9.45178,9.45388,9.4491,9.4526
2022-04-08 05:15:00,9.45254,9.45782,9.4522,9.45712
2022-04-08 05:30:00,9.45702,9.45999,9.45516,9.45617
2022-04-08 05:45:00,9.45616,9.45835,9.45408,9.45622
2022-04-08 06:00:00,9.45623,9.45855,9.4548,9.45487
2022-04-08 06:15:00,9.45486,9.4552,9.4486,9.45241
2022-04-08 06:30:00,9.45251,9.45288,9.44863,9.44863
2022-04-08 06:45:00,9.44862,9.44883,9.43758,9.44007
2022-04-08 07:00:00,9.44009,9.44851,9.43971,9.44807
2022-04-08 07:15:00,9.44806,9.45091,9.44806,9.45049
2022-04-08 07:30:00,9.45036,9.45065,9.44822,9.44908
2022-04-08 07:45:00,9.44905,9.45162,9.4478,9.4514
2022-04-08 08:00:00,9.45144,9.45346,9.45004,9.45024
2022-04-08 08:15:00,9.45024,9.45119,9.44569,9.44657
2022-04-08 08:30:00,9.44654,9.45099,9.44654,9.44907
2022-04-08 08:45:00,9.44913,9.45002,9.44453,9.44475
2022-04-08 09:00:00,9.44468,9.45229,9.44468,9.44526
2022-04-08 09:15:00,9.44524,9.44813,9.4447,9.44778
2022-04-08 09:30:00,9.44769,9.45584,9.44573,9.45522
2022-04-08 09:45:00,9.4552,9.45888,9.44797,9.44923
2022-04-08 10:00:00,9.44951,9.46359,9.44527,9.46269
2022-04-08 10:15:00,9.46258,9.47375,9.46109,9.46938
2022-04-08 10:30:00,9.46936,9.47831,9.46422,9.46587
2022-04-08 10:45:00,9.46594,9.47405,9.45142,9.45142
2022-04-08 11:00:00,9.45152,9.45594,9.44378,9.45123
2022-04-08 11:15:00,9.45124,9.45682,9.44391,9.45678
2022-04-08 11:30:00,9.45672,9.46081,9.44985,9.45175
2022-04-08 11:45:00,9.4517,9.46388,9.45135,9.45511
2022-04-08 12:00:00,9.45549,9.46753,9.45529,9.46369
2022-04-08 12:15:00,9.46365,9.46621,9.45271,9.45665
2022-04-08 12:30:00,9.45672,9.47736,9.45672,9.47314
2022-04-08 12:45:00,9.47317,9.48169,9.46775,9.47605
2022-04-08 13:00:00,9.47598,9.47666,9.46438,9.46702
2022-04-08 13:15:00,9.46698,9.46863,9.45573,9.46643
2022-04-08 13:30:00,9.46646,9.46723,9.4588,9.46058
2022-04-08 13:45:00,9.46057,9.46207,9.45281,9.45303
2022-04-08 14:00:00,9.45306,9.4604,9.45072,9.45988
2022-04-08 14:15:00,9.45987,9.4663,9.4557,9.46535
2022-04-08 14:30:00,9.46532,9.46831,9.46198,9.46274
2022-04-08 14:45:00,9.46268,9.46548,9.45778,9.45866
2022-04-08 15:00:00,9.4589,9.46535,9.4551,9.46026
2022-04-08 15:15:00,9.46019,9.46948,9.46009,9.46923
2022-04-08 15:30:00,9.46922,9.47371,9.46751,9.47081
2022-04-08 15:45:00,9.47092,9.48486,9.46892,9.48204
2022-04-08 16:00:00,9.48203,9.48275,9.4779,9.47847
2022-04-08 16:15:00,9.47851,9.48542,9.47626,9.48307
2022-04-08 16:30:00,9.48314,9.49143,9.47769,9.49138
2022-04-08 16:45:00,9.4914,9.49299,9.48123,9.4907
2022-04-08 17:00:00,9.49128,9.49145,9.47644,9.47717
2022-04-08 17:15:00,9.47706,9.48094,9.46596,9.46725
2022-04-08 17:30:00,9.4672,9.47032,9.46138,9.46539
2022-04-08 17:45:00,9.46542,9.46719,9.44444,9.45016
2022-04-08 18:00:00,9.45031,9.45649,9.43319,9.4367
2022-04-08 18:15:00,9.43678,9.44283,9.43123,9.43968
2022-04-08 18:30:00,9.43944,9.44076,9.43443,9.43771
2022-04-08 18:45:00,9.43772,9.43992,9.43245,9.43275
2022-04-08 19:00:00,9.43299,9.43569,9.42754,9.43519
2022-04-08 19:15:00,9.43517,9.43534,9.4293,9.43065
2022-04-08 19:30:00,9.4308,9.43781,9.4306,9.43306
2022-04-08 19:45:00,9.43308,9.43984,9.42861,9.43953
2022-04-08 20:00:00,9.43951,9.44757,9.43776,9.44664
2022-04-08 20:15:00,9.44663,9.45321,9.44628,9.4503
2022-04-08 20:30:00,9.45028,9.45435,9.44784,9.44951
2022-04-08 20:45:00,9.44948,9.44981,9.44445,9.44595
2022-04-08 21:00:00,9.44588,9.45206,9.44493,9.45162
2022-04-08 21:15:00,9.45163,9.45293,9.44608,9.44608
2022-04-08 21:30:00,9.44605,9.44978,9.44488,9.44691
2022-04-08 21:45:00,9.44677,9.448,9.43672,9.43778
2022-04-08 22:00:00,9.43776,9.44104,9.43535,9.43711
2022-04-08 22:15:00,9.43713,9.43713,9.43342,9.43436
2022-04-08 22:30:00,9.43436,9.44385,9.42772,9.44132
2022-04-08 22:45:00,9.44132,9.44336,9.43909,9.44181
2022-04-08 23:00:00,9.43972,9.44453,9.43947,9.44452
2022-04-08 23:15:00,9.44452,9.46078,9.44311,9.45548
2022-04-08 23:30:00,9.45547,9.45651,9.4436,9.44694
2022-04-08 23:45:00,9.44684,9.44895,9.43242,9.4382
2022-04-11 00:00:00,9.39086,9.40779,9.38216,9.4011
2022-04-11 00:15:00,9.40054,9.40276,9.39632,9.40091
2022-04-11 00:30:00,9.40089,9.41216,9.39973,9.40644
2022-04-11 00:45:00,9.4067,9.40774,9.40094,9.40161
2022-04-11 01:00:00,9.40152,9.41793,9.39594,9.41764
2022-04-11 01:15:00,9.41753,9.4182,9.41541,9.41638
2022-04-11 01:30:00,9.41637,9.42665,9.41636,9.42634
2022-04-11 01:45:00,9.42634,9.43142,9.42509,9.42661
2022-04-11 02:00:00,9.42694,9.43298,9.42476,9.43126
2022-04-11 02:15:00,9.43132,9.43357,9.42891,9.43247
2022-04-11 02:30:00,9.43254,9.43367,9.42965,9.43357
2022-04-11 02:45:00,9.43351,9.43528,9.43074,9.43487
2022-04-11 03:00:00,9.43495,9.44127,9.43372,9.43647
2022-04-11 03:15:00,9.43649,9.44094,9.4336,9.44039
2022-04-11 03:30:00,9.44045,9.44542,9.43878,9.44062
2022-04-11 03:45:00,9.44069,9.44361,9.43554,9.43679
2022-04-11 04:00:00,9.43676,9.43676,9.43007,9.43154
2022-04-11 04:15:00,9.43151,9.43366,9.42912,9.43083
2022-04-11 04:30:00,9.43074,9.43797,9.43024,9.43468
2022-04-11 04:45:00,9.43469,9.44367,9.43095,9.4385
2022-04-11 05:00:00,9.4385,9.44585,9.43379,9.44378
2022-04-11 05:15:00,9.44373,9.45622,9.44345,9.45612
2022-04-11 05:30:00,9.45605,9.45643,9.44906,9.45284
2022-04-11 05:45:00,9.45283,9.45543,9.45282,9.45451
2022-04-11 06:00:00,9.45448,9.45541,9.45029,9.4534
2022-04-11 06:15:00,9.45338,9.45432,9.4485,9.45209
2022-04-11 06:30:00,9.45231,9.45335,9.44649,9.44881
2022-04-11 06:45:00,9.44879,9.45269,9.44834,9.45014
2022-04-11 07:00:00,9.45017,9.45117,9.44256,9.44549
2022-04-11 07:15:00,9.44545,9.44676,9.44395,9.44553
2022-04-11 07:30:00,9.44532,9.44714,9.44319,9.4441
2022-04-11 07:45:00,9.44408,9.44852,9.44267,9.44821
2022-04-11 08:00:00,9.44808,9.45476,9.44676,9.45238
2022-04-11 08:15:00,9.45236,9.45435,9.45072,9.4521
2022-04-11 08:30:00,9.45211,9.45313,9.44919,9.45282
2022-04-11 08:45:00,9.45288,9.45311,9.4298,9.43153
2022-04-11 09:00:00,9.43267,9.44715,9.43183,9.44614
2022-04-11 09:15:00,9.44616,9.46129,9.44193,9.46097
2022-04-11 09:30:00,9.46048,9.46334,9.45694,9.45965
2022-04-11 09:45:00,9.45962,9.46084,9.45187,9.45595
2022-04-11 10:00:00,9.45579,9.46205,9.44609,9.46177
2022-04-11 10:15:00,9.46183,9.4627,9.43849,9.43849
2022-04-11 10:30:00,9.43888,9.44468,9.43361,9.43683
2022-04-11 10:45:00,9.43682,9.44075,9.42461,9.43981
2022-04-11 11:00:00,9.43978,9.44192,9.43063,9.43159
2022-04-11 11:15:00,9.4316,9.45781,9.42914,9.45147
2022-04-11 11:30:00,9.45148,9.45462,9.444,9.44721
2022-04-11 11:45:00,9.44722,9.45697,9.4448,9.44908
2022-04-11 12:00:00,9.44907,9.45613,9.44539,9.45522
2022-04-11 12:15:00,9.45531,9.45531,9.43926,9.44068
2022-04-11 12:30:00,9.44048,9.44102,9.43556,9.43996
2022-04-11 12:45:00,9.43995,9.44041,9.41811,9.42623
2022-04-11 13:00:00,9.42629,9.43028,9.42205,9.42334
2022-04-11 13:15:00,9.42332,9.43243,9.42246,9.42989
2022-04-11 13:30:00,9.4299,9.44408,9.42983,9.44407
2022-04-11 13:45:00,9.4441,9.44752,9.43394,9.43687
2022-04-11 14:00:00,9.43682,9.447,9.43621,9.44674
2022-04-11 14:15:00,9.4461,9.45495,9.445,9.45416
2022-04-11 14:30:00,9.45415,9.45526,9.44819,9.45089
2022-04-11 14:45:00,9.45088,9.45659,9.44794,9.45305
2022-04-11 15:00:00,9.45287,9.46134,9.45095,9.45675
2022-04-11 15:15:00,9.45673,9.46119,9.45001,9.45374
2022-04-11 15:30:00,9.45373,9.46481,9.45246,9.45595
2022-04-11 15:45:00,9.45561,9.45593,9.44365,9.44462
2022-04-11 16:00:00,9.44468,9.45865,9.44248,9.45458
2022-04-11 16:15:00,9.45452,9.47159,9.45213,9.47152
2022-04-11 16:30:00,9.47151,9.47622,9.46109,9.46826
2022-04-11 16:45:00,9.46822,9.47973,9.46182,9.47973
2022-04-11 17:00:00,9.47976,9.48315,9.46136,9.46649
2022-04-11 17:15:00,9.46642,9.48098,9.46499,9.4777
2022-04-11 17:30:00,9.47779,9.48007,9.46965,9.47216
2022-04-11 17:45:00,9.47214,9.47231,9.46256,9.47173
2022-04-11 18:00:00,9.47157,9.48162,9.46592,9.47921
2022-04-11 18:15:00,9.47933,9.48352,9.4717,9.47823
2022-04-11 18:30:00,9.47828,9.47979,9.47353,9.47641
2022-04-11 18:45:00,9.4764,9.4849,9.47473,9.48142
2022-04-11 19:00:00,9.48141,9.48777,9.48061,9.48624
2022-04-11 19:15:00,9.48623,9.48801,9.48169,9.48181
2022-04-11 19:30:00,9.48183,9.48327,9.47839,9.48237
2022-04-11 19:45:00,9.48236,9.49065,9.47936,9.48686
2022-04-11 20:00:00,9.48687,9.49136,9.47831,9.4828
2022-04-11 20:15:00,9.48284,9.49367,9.48238,9.4933
2022-04-11 20:30:00,9.49339,9.49346,9.48255,9.4841
2022-04-11 20:45:00,9.48409,9.48977,9.47715,9.48799
2022-04-11 21:00:00,9.488,9.49321,9.48417,9.48772
2022-04-11 21:15:00,9.48773,9.488,9.48101,9.48671
2022-04-11 21:30:00,9.48662,9.48688,9.47706,9.48224
2022-04-11 21:45:00,9.48227,9.48829,9.47788,9.4817
2022-04-11 22:00:00,9.48164,9.49002,9.48131,9.48958
2022-04-11 22:15:00,9.48957,9.49514,9.48957,9.4917
2022-04-11 22:30:00,9.49168,9.49368,9.49085,9.49149
2022-04-11 22:45:00,9.49142,9.50419,9.49126,9.50221
2022-04-11 23:00:00,9.50279,9.50448,9.50069,9.50423
2022-04-11 23:15:00,9.50429,9.50575,9.50328,9.50504
2022-04-11 23:30:00,9.50502,9.50734,9.50373,9.50438
2022-04-11 23:45:00,9.50436,9.50491,9.49539,9.49539
2022-04-12 00:00:00,9.49545,9.49545,9.47355,9.48697
2022-04-12 00:15:00,9.48698,9.49251,9.47733,9.48366
2022-04-12 00:30:00,9.48254,9.50069,9.48241,9.50069
2022-04-12 00:45:00,9.50078,9.50082,9.49624,9.49664
2022-04-12 01:00:00,9.4973,9.5003,9.49623,9.49889
2022-04-12 01:15:00,9.49865,9.50043,9.49744,9.49786
2022-04-12 01:30:00,9.49792,9.49954,9.49691,9.49895
2022-04-12 01:45:00,9.4989,9.50259,9.4989,9.50199
2022-04-12 02:00:00,9.50193,9.50395,9.5014,9.50388
2022-04-12 02:15:00,9.50382,9.5134,9.49882,9.50854
2022-04-12 02:30:00,9.50827,9.51756,9.50731,9.51027
2022-04-12 02:45:00,9.51052,9.51217,9.50673,9.50793
2022-04-12 03:00:00,9.50777,9.50975,9.50021,9.50197
2022-04-12 03:15:00,9.50185,9.50637,9.50153,9.50563
2022-04-12 03:30:00,9.50564,9.50922,9.50306,9.50848
2022-04-12 03:45:00,9.50852,9.51035,9.50714,9.50887
2022-04-12 04:00:00,9.50891,9.51356,9.50875,9.51297
2022-04-12 04:15:00,9.51303,9.51706,9.51267,9.51472
2022-04-12 04:30:00,9.51473,9.51648,9.51186,9.51494
2022-04-12 04:45:00,9.5149,9.51682,9.51069,9.51356
2022-04-12 05:00:00,9.51364,9.51641,9.51284,9.51467
2022-04-12 05:15:00,9.51468,9.51672,9.51164,9.5118
2022-04-12 05:30:00,9.51185,9.51185,9.50864,9.50957
2022-04-12 05:45:00,9.50958,9.51275,9.50917,9.51255
2022-04-12 06:00:00,9.51257,9.51273,9.50747,9.50942
2022-04-12 06:15:00,9.50943,9.51108,9.50476,9.50976
2022-04-12 06:30:00,9.5098,9.51054,9.50765,9.51012
2022-04-12 06:45:00,9.51013,9.51072,9.50841,9.50884
2022-04-12 07:00:00,9.50882,9.50954,9.50461,9.50511
2022-04-12 07:15:00,9.5051,9.50668,9.5013,9.50271
2022-04-12 07:30:00,9.50289,9.50403,9.50172,9.50379
2022-04-12 07:45:00,9.50384,9.50435,9.5025,9.50314
2022-04-12 08:00:00,9.50321,9.50758,9.50278,9.50636
2022-04-12 08:15:00,9.50635,9.50905,9.50253,9.50884
2022-04-12 08:30:00,9.50883,9.50883,9.50104,9.50163
2022-04-12 08:45:00,9.50164,9.5102,9.50092,9.50999
2022-04-12 09:00:00,9.51068,9.517,9.5096,9.51368
2022-04-12 09:15:00,9.51364,9.52414,9.51256,9.52213
2022-04-12 09:30:00,9.52197,9.523,9.51069,9.51258
2022-04-12 09:45:00,9.51259,9.52209,9.50915,9.5218
2022-04-12 10:00:00,9.52163,9.53754,9.51547,9.52587
2022-04-12 10:15:00,9.52587,9.52967,9.51286,9.52215
2022-04-12 10:30:00,9.52216,9.52301,9.51373,9.51918
2022-04-12 10:45:00,9.51926,9.52009,9.50816,9.51016
2022-04-12 11:00:00,9.51049,9.5177,9.50736,9.50921
2022-04-12 11:15:00,9.50917,9.51827,9.50234,9.51083
2022-04-12 11:30:00,9.51082,9.51744,9.5067,9.51487
2022-04-12 11:45:00,9.51481,9.51623,9.50224,9.51322
2022-04-12 12:00:00,9.51329,9.51486,9.50154,9.50527
2022-04-12 12:15:00,9.50509,9.5051,9.49298,9.49616
2022-04-12 12:30:00,9.49629,9.50038,9.49224,9.49517
2022-04-12 12:45:00,9.49514,9.50469,9.48876,9.49055
2022-04-12 13:00:00,9.49058,9.49636,9.48768,9.49467
2022-04-12 13:15:00,9.49469,9.50475,9.4944,9.49569
2022-04-12 13:30:00,9.49565,9.49738,9.48763,9.49004
2022-04-12 13:45:00,9.49011,9.49312,9.4887,9.49306
2022-04-12 14:00:00,9.49315,9.4997,9.49307,9.49716
2022-04-12 14:15:00,9.49715,9.50635,9.49673,9.50347
2022-04-12 14:30:00,9.50346,9.50879,9.4985,9.50416
2022-04-12 14:45:00,9.50418,9.50877,9.50084,9.50579
2022-04-12 15:00:00,9.50563,9.5118,9.50151,9.51077
2022-04-12 15:15:00,9.51087,9.51561,9.50847,9.51512
2022-04-12 15:30:00,9.51754,9.51774,9.47029,9.47341
2022-04-12 15:45:00,9.47319,9.47526,9.45806,9.46752
2022-04-12 16:00:00,9.46755,9.47978,9.45885,9.47675
2022-04-12 16:15:00,9.47677,9.48793,9.46902,9.48017
2022-04-12 16:30:00,9.48031,9.48309,9.4724,9.47557
2022-04-12 16:45:00,9.47491,9.47763,9.45739,9.47086
2022-04-12 17:00:00,9.47076,9.47098,9.45714,9.45808
2022-04-12 17:15:00,9.45799,9.46801,9.45115,9.46497
2022-04-12 17:30:00,9.46481,9.46662,9.44887,9.45014
2022-04-12 17:45:00,9.45015,9.46513,9.44934,9.46446
2022-04-12 18:00:00,9.4645,9.47642,9.46349,9.47519
2022-04-12 18:15:00,9.47521,9.48025,9.46763,9.47522
2022-04-12 18:30:00,9.47524,9.49192,9.47304,9.48082
2022-04-12 18:45:00,9.48066,9.48514,9.48066,9.48442
2022-04-12 19:00:00,9.48431,9.49264,9.4843,9.48903
2022-04-12 19:15:00,9.48885,9.49454,9.48297,9.49191
2022-04-12 19:30:00,9.49183,9.5101,9.49183,9.50825
2022-04-12 19:45:00,9.50827,9.50889,9.50015,9.50015
2022-04-12 20:00:00,9.50042,9.50216,9.49643,9.50099
2022-04-12 20:15:00,9.50101,9.51379,9.5002,9.50475
2022-04-12 20:30:00,9.50482,9.5186,9.50476,9.51344
2022-04-12 20:45:00,9.51341,9.51991,9.51221,9.51755
2022-04-12 21:00:00,9.51744,9.5231,9.51581,9.52073
2022-04-12 21:15:00,9.52079,9.52506,9.51971,9.52506
2022-04-12 21:30:00,9.52507,9.52548,9.51904,9.52303
2022-04-12 21:45:00,9.52306,9.52526,9.51439,9.51661
2022-04-12 22:00:00,9.5166,9.51725,9.51205,9.51534
2022-04-12 22:15:00,9.51532,9.5191,9.51467,9.5185
2022-04-12 22:30:00,9.51857,9.51929,9.5175,9.51766
2022-04-12 22:45:00,9.51774,9.51981,9.51538,9.51687
2022-04-12 23:00:00,9.51691,9.51923,9.51194,9.512
2022-04-12 23:15:00,9.51202,9.51604,9.51202,9.51494
2022-04-12 23:30:00,9.515,9.51582,9.51336,9.5155
2022-04-12 23:45:00,9.51551,9.51723,9.50526,9.50797
2022-04-13 00:00:00,9.50566,9.51799,9.49996,9.51537
2022-04-13 00:15:00,9.51575,9.51648,9.50786,9.5155
2022-04-13 00:30:00,9.51547,9.51892,9.51524,9.5189
2022-04-13 00:45:00,9.51873,9.51927,9.5133,9.51797
2022-04-13 01:00:00,9.51724,9.5193,9.51345,9.51726
2022-04-13 01:15:00,9.51738,9.51993,9.51691,9.51918
2022-04-13 01:30:00,9.51919,9.51955,9.51596,9.51862
2022-04-13 01:45:00,9.51869,9.51961,9.51695,9.51815
2022-04-13 02:00:00,9.51816,9.52006,9.51515,9.5197
2022-04-13 02:15:00,9.5196,9.52163,9.51852,9.52105
2022-04-13 02:30:00,9.52109,9.52193,9.51908,9.51997
2022-04-13 02:45:00,9.52016,9.52021,9.51734,9.5183
2022-04-13 03:00:00,9.51821,9.5202,9.51534,9.51986
2022-04-13 03:15:00,9.51988,9.52493,9.51813,9.5216
2022-04-13 03:30:00,9.52159,9.53016,9.52147,9.52928
2022-04-13 03:45:00,9.52924,9.53108,9.52525,9.52817
2022-04-13 04:00:00,9.52789,9.52942,9.52225,9.52362
2022-04-13 04:15:00,9.52361,9.5237,9.51964,9.52331
2022-04-13 04:30:00,9.52329,9.52674,9.51846,9.51865
2022-04-13 04:45:00,9.51859,9.51941,9.51382,9.51438
2022-04-13 05:00:00,9.51437,9.5154,9.50905,9.51477
2022-04-13 05:15:00,9.51479,9.51658,9.51138,9.51329
2022-04-13 05:30:00,9.51352,9.51352,9.50876,9.51026
2022-04-13 05:45:00,9.51029,9.51233,9.50742,9.51226
2022-04-13 06:00:00,9.51228,9.51382,9.50601,9.50644
2022-04-13 06:15:00,9.50677,9.50782,9.50323,9.50448
2022-04-13 06:30:00,9.50442,9.5098,9.50415,9.5088
2022-04-13 06:45:00,9.50878,9.50888,9.50488,9.50621
2022-04-13 07:00:00,9.50622,9.50943,9.50567,9.50724
2022-04-13 07:15:00,9.5072,9.51237,9.50633,9.51142
2022-04-13 07:30:00,9.51138,9.51413,9.51111,9.51256
2022-04-13 07:45:00,9.51255,9.51619,9.51122,9.51172
2022-04-13 08:00:00,9.5118,9.51498,9.51056,9.51284
2022-04-13 08:15:00,9.51288,9.51613,9.50865,9.5088
2022-04-13 08:30:00,9.50874,9.51661,9.50806,9.50972
2022-04-13 08:45:00,9.50976,9.51061,9.5013,9.50356
2022-04-13 09:00:00,9.50374,9.51258,9.50127,9.50914
2022-04-13 09:15:00,9.50905,9.53024,9.50905,9.52868
2022-04-13 09:30:00,9.52871,9.53369,9.52209,9.52255
2022-04-13 09:45:00,9.52257,9.54297,9.5219,9.53998
2022-04-13 10:00:00,9.53967,9.5441,9.52547,9.53212
2022-04-13 10:15:00,9.53216,9.53545,9.52704,9.53311
2022-04-13 10:30:00,9.53313,9.53586,9.52685,9.5292
2022-04-13 10:45:00,9.52921,9.52922,9.50942,9.5159
2022-04-13 11:00:00,9.51601,9.52791,9.5086,9.52758
2022-04-13 11:15:00,9.52755,9.52949,9.51939,9.5273
2022-04-13 11:30:00,9.52729,9.53132,9.50955,9.51543
2022-04-13 11:45:00,9.51544,9.53523,9.51541,9.5307
2022-04-13 12:00:00,9.53066,9.53195,9.52171,9.53161
2022-04-13 12:15:00,9.53162,9.54047,9.53162,9.53942
2022-04-13 12:30:00,9.53943,9.54589,9.53391,9.54052
2022-04-13 12:45:00,9.54065,9.54578,9.53724,9.53934
2022-04-13 13:00:00,9.53942,9.5457,9.53901,9.54292
2022-04-13 13:15:00,9.54298,9.54681,9.53949,9.5417
2022-04-13 13:30:00,9.54174,9.54674,9.53983,9.54445
2022-04-13 13:45:00,9.54439,9.54705,9.54035,9.54155
2022-04-13 14:00:00,9.54161,9.54174,9.52607,9.53069
2022-04-13 14:15:00,9.53066,9.5363,9.52351,9.52406
2022-04-13 14:30:00,9.52388,9.52879,9.52222,9.52819
2022-04-13 14:45:00,9.52813,9.53792,9.52562,9.53432
2022-04-13 15:00:00,9.53391,9.54437,9.53188,9.54186
2022-04-13 15:15:00,9.54203,9.55421,9.53915,9.55266
2022-04-13 15:30:00,9.55302,9.56034,9.53799,9.54034
2022-04-13 15:45:00,9.54026,9.55357,9.53914,9.55339
2022-04-13 16:00:00,9.55347,9.5634,9.54961,9.5575
2022-04-13 16:15:00,9.55749,9.56198,9.55111,9.55609
2022-04-13 16:30:00,9.55602,9.56402,9.54247,9.54592
2022-04-13 16:45:00,9.54593,9.54891,9.53785,9.54206
2022-04-13 17:00:00,9.54195,9.54604,9.5283,9.5294
2022-04-13 17:15:00,9.52938,9.53205,9.52145,9.5286
2022-04-13 17:30:00,9.52862,9.53219,9.52275,9.52765
2022-04-13 17:45:00,9.52749,9.53036,9.51855,9.52303
2022-04-13 18:00:00,9.523,9.52779,9.51037,9.51659
2022-04-13 18:15:00,9.51647,9.51647,9.49988,9.50275
2022-04-13 18:30:00,9.50269,9.50432,9.4943,9.49655
2022-04-13 18:45:00,9.49653,9.5003,9.48971,9.49681
2022-04-13 19:00:00,9.49667,9.49667,9.47372,9.47431
2022-04-13 19:15:00,9.47433,9.47921,9.46803,9.47761
2022-04-13 19:30:00,9.47785,9.47785,9.46848,9.47328
2022-04-13 19:45:00,9.4734,9.48067,9.4734,9.48032
2022-04-13 20:00:00,9.48018,9.48444,9.47919,9.48107
2022-04-13 20:15:00,9.48109,9.48243,9.47541,9.4815
2022-04-13 20:30:00,9.48151,9.48408,9.47867,9.48401
2022-04-13 20:45:00,9.48399,9.49466,9.48307,9.48852
2022-04-13 21:00:00,9.48843,9.49846,9.48473,9.48639
2022-04-13 21:15:00,9.48635,9.48731,9.47966,9.4827
2022-04-13 21:30:00,9.48273,9.49035,9.48234,9.48835
2022-04-13 21:45:00,9.48831,9.48915,9.4789,9.48059
2022-04-13 22:00:00,9.48065,9.48523,9.47827,9.48366
2022-04-13 22:15:00,9.4837,9.48397,9.4808,9.48164
2022-04-13 22:30:00,9.48161,9.491,9.48111,9.49083
2022-04-13 22:45:00,9.4908,9.49398,9.48462,9.48584
2022-04-13 23:00:00,9.48563,9.48607,9.4819,9.48268
2022-04-13 23:15:00,9.48267,9.48312,9.47258,9.47523
2022-04-13 23:30:00,9.47517,9.47724,9.47032,9.47272
2022-04-13 23:45:00,9.4727,9.47746,9.46814,9.47123
2022-04-14 00:00:00,9.47191,9.47512,9.46523,9.4712
2022-04-14 00:15:00,9.47119,9.47156,9.46804,9.46804
2022-04-14 00:30:00,9.46804,9.46853,9.46702,9.46846
2022-04-14 00:45:00,9.46845,9.47166,9.46732,9.47166
2022-04-14 01:00:00,9.47176,9.47794,9.46905,9.47453
2022-04-14 01:15:00,9.47449,9.47544,9.47296,9.47331
2022-04-14 01:30:00,9.47323,9.47649,9.47241,9.47544
2022-04-14 01:45:00,9.47552,9.47634,9.47277,9.47384
2022-04-14 02:00:00,9.47402,9.47402,9.46842,9.46848
2022-04-14 02:15:00,9.46845,9.47007,9.46575,9.46635
2022-04-14 02:30:00,9.4664,9.46856,9.46598,9.46721
2022-04-14 02:45:00,9.4672,9.4677,9.46448,9.46692
2022-04-14 03:00:00,9.46579,9.46776,9.46036,9.4639
2022-04-14 03:15:00,9.46371,9.46785,9.46318,9.4677
2022-04-14 03:30:00,9.46768,9.47651,9.4675,9.47634
2022-04-14 03:45:00,9.47631,9.4799,9.47342,9.47661
2022-04-14 04:00:00,9.47665,9.48163,9.47547,9.47889
2022-04-14 04:15:00,9.4789,9.4792,9.47157,9.47241
2022-04-14 04:30:00,9.47235,9.47381,9.46814,9.46985
2022-04-14 04:45:00,9.46987,9.47112,9.45518,9.45968
2022-04-14 05:00:00,9.45969,9.463,9.45823,9.46275
2022-04-14 05:15:00,9.46274,9.46306,9.45857,9.46056
2022-04-14 05:30:00,9.46061,9.46231,9.45869,9.46072
2022-04-14 05:45:00,9.46071,9.46477,9.45863,9.46358
2022-04-14 06:00:00,9.46364,9.4656,9.46102,9.46394
2022-04-14 06:15:00,9.46358,9.46487,9.45695,9.45885
2022-04-14 06:30:00,9.45886,9.46124,9.45842,9.46056
2022-04-14 06:45:00,9.46057,9.46279,9.45984,9.46014
2022-04-14 07:00:00,9.46015,9.46171,9.45882,9.46016
2022-04-14 07:15:00,9.46015,9.46053,9.45585,9.45614
2022-04-14 07:30:00,9.4561,9.45671,9.45427,9.45499
2022-04-14 07:45:00,9.45494,9.45494,9.45099,9.45173
2022-04-14 08:00:00,9.45172,9.4524,9.44551,9.44581
2022-04-14 08:15:00,9.44588,9.44841,9.44415,9.44706
2022-04-14 08:30:00,9.44707,9.45513,9.44561,9.45071
2022-04-14 08:45:00,9.45073,9.45297,9.43567,9.43861
2022-04-14 09:00:00,9.43897,9.43897,9.4133,9.42742
2022-04-14 09:15:00,9.42744,9.43449,9.42184,9.42529
2022-04-14 09:30:00,9.42531,9.42935,9.41939,9.42542
2022-04-14 09:45:00,9.42541,9.42771,9.41626,9.42675
2022-04-14 10:00:00,9.42637,9.44206,9.42536,9.43787
2022-04-14 10:15:00,9.43819,9.44274,9.42616,9.43543
2022-04-14 10:30:00,9.43544,9.44678,9.43133,9.4362
2022-04-14 10:45:00,9.43619,9.44757,9.43603,9.44755
2022-04-14 11:00:00,9.44756,9.45408,9.43767,9.44785
2022-04-14 11:15:00,9.44781,9.45877,9.44274,9.45596
2022-04-14 11:30:00,9.45605,9.45787,9.442,9.44269
2022-04-14 11:45:00,9.44264,9.44594,9.43786,9.43801
2022-04-14 12:00:00,9.438,9.44365,9.43133,9.43296
2022-04-14 12:15:00,9.43292,9.44172,9.4329,9.43511
2022-04-14 12:30:00,9.4351,9.43844,9.43094,9.43423
2022-04-14 12:45:00,9.43419,9.44264,9.43159,9.43857
2022-04-14 13:00:00,9.43861,9.44055,9.43235,9.43895
2022-04-14 13:15:00,9.43897,9.44526,9.43597,9.44126
2022-04-14 13:30:00,9.44123,9.4475,9.44036,9.44201
2022-04-14 13:45:00,9.44198,9.44475,9.43509,9.44408
2022-04-14 14:00:00,9.44412,9.44989,9.43897,9.44402
2022-04-14 14:15:00,9.444,9.45115,9.44084,9.4492
2022-04-14 14:30:00,9.44918,9.45023,9.42958,9.4296
2022-04-14 14:45:00,9.42926,9.48707,9.42926,9.48688
2022-04-14 15:00:00,9.48686,9.48819,9.46341,9.46748
2022-04-14 15:15:00,9.46756,9.46998,9.4569,9.46306
2022-04-14 15:30:00,9.46309,9.49195,9.46174,9.47363
2022-04-14 15:45:00,9.47303,9.50901,9.46818,9.49683
2022-04-14 16:00:00,9.49673,9.50963,9.49571,9.50565
2022-04-14 16:15:00,9.50568,9.51484,9.4997,9.50803
2022-04-14 16:30:00,9.50798,9.54184,9.50283,9.54141
2022-04-14 16:45:00,9.54144,9.57408,9.53469,9.55394
2022-04-14 17:00:00,9.55392,9.55596,9.5407,9.54625
2022-04-14 17:15:00,9.54626,9.54765,9.53339,9.53463
2022-04-14 17:30:00,9.53453,9.55369,9.53196,9.54192
2022-04-14 17:45:00,9.54195,9.5667,9.53867,9.55251
2022-04-14 18:00:00,9.55264,9.55698,9.51662,9.52217
2022-04-14 18:15:00,9.52237,9.53167,9.51654,9.52912
2022-04-14 18:30:00,9.52887,9.53544,9.5233,9.52962
2022-04-14 18:45:00,9.53114,9.5419,9.52759,9.52976
2022-04-14 19:00:00,9.52961,9.53097,9.5058,9.51557
2022-04-14 19:15:00,9.51553,9.52143,9.50994,9.51828
2022-04-14 19:30:00,9.51844,9.52946,9.51606,9.529
2022-04-14 19:45:00,9.52903,9.53225,9.52865,9.5314
2022-04-14 20:00:00,9.53142,9.5358,9.52697,9.53263
2022-04-14 20:15:00,9.53262,9.53491,9.52639,9.52861
2022-04-14 20:30:00,9.52854,9.52881,9.51743,9.52524
2022-04-14 20:45:00,9.52521,9.52569,9.52008,9.52137
2022-04-14 21:00:00,9.52123,9.52234,9.51464,9.51625
2022-04-14 21:15:00,9.51619,9.52255,9.51496,9.5189
2022-04-14 21:30:00,9.51878,9.51984,9.51471,9.51539
2022-04-14 21:45:00,9.51521,9.52001,9.51445,9.51776
2022-04-14 22:00:00,9.51738,9.51758,9.51145,9.51297
2022-04-14 22:15:00,9.51292,9.51934,9.51205,9.51751
2022-04-14 22:30:00,9.51752,9.51987,9.51643,9.51668
2022-04-14 22:45:00,9.5167,9.52112,9.51541,9.52086
2022-04-14 23:00:00,9.52091,9.52129,9.51716,9.51878
2022-04-14 23:15:00,9.51918,9.52065,9.51809,9.51847
2022-04-14 23:30:00,9.51839,9.51878,9.5147,9.51577
2022-04-14 23:45:00,9.51562,9.51907,9.5125,9.51383
2022-04-15 00:00:00,9.51338,9.51574,9.50165,9.50595
2022-04-15 00:15:00,9.50599,9.50599,9.50367,9.50473
2022-04-15 00:30:00,9.50469,9.50819,9.50452,9.50652
2022-04-15 00:45:00,9.50677,9.50765,9.5058,9.50709
2022-04-15 01:00:00,9.50736,9.51828,9.5051,9.51788
2022-04-15 01:15:00,9.51733,9.52058,9.51668,9.51944
2022-04-15 01:30:00,9.51948,9.52085,9.5169,9.52081
2022-04-15 01:45:00,9.52079,9.52151,9.51802,9.51909
2022-04-15 02:00:00,9.5191,9.51916,9.51673,9.51856
2022-04-15 02:15:00,9.51857,9.52588,9.51822,9.52542
2022-04-15 02:30:00,9.52545,9.52749,9.52385,9.52428
2022-04-15 02:45:00,9.52427,9.52549,9.51883,9.52055
2022-04-15 03:00:00,9.52069,9.52588,9.51832,9.52588
2022-04-15 03:15:00,9.52587,9.52696,9.52542,9.52647
2022-04-15 03:30:00,9.52639,9.52903,9.52639,9.52783
2022-04-15 03:45:00,9.52777,9.54183,9.52696,9.53294
2022-04-15 04:00:00,9.53349,9.53665,9.52826,9.52942
2022-04-15 04:15:00,9.52912,9.53447,9.52848,9.53172
2022-04-15 04:30:00,9.53165,9.53238,9.5313,9.53174
2022-04-15 04:45:00,9.53173,9.53276,9.52997,9.5321
2022-04-15 05:00:00,9.53218,9.53275,9.52869,9.52985
2022-04-15 05:15:00,9.52992,9.53208,9.52929,9.53082
2022-04-15 05:30:00,9.53071,9.5323,9.52918,9.5323
2022-04-15 05:45:00,9.53221,9.54577,9.52988,9.54496
2022-04-15 06:00:00,9.54506,9.54506,9.53373,9.54158
2022-04-15 06:15:00,9.54157,9.5437,9.53799,9.54287
2022-04-15 06:30:00,9.54278,9.5434,9.54109,9.54177
2022-04-15 06:45:00,9.54183,9.54263,9.53723,9.53735
2022-04-15 07:00:00,9.5375,9.54024,9.5367,9.53871
2022-04-15 07:15:00,9.53962,9.54144,9.53871,9.53967
2022-04-15 07:30:00,9.53966,9.54001,9.53905,9.53941
2022-04-15 07:45:00,9.5394,9.5396,9.53666,9.53805
2022-04-15 08:00:00,9.53812,9.5389,9.53602,9.53674
2022-04-15 08:15:00,9.53672,9.53769,9.53652,9.53746
2022-04-15 08:30:00,9.53745,9.53957,9.53567,9.5366
2022-04-15 08:45:00,9.53659,9.53847,9.53515,9.53701
2022-04-15 09:00:00,9.53815,9.54053,9.5363,9.53807
2022-04-15 09:15:00,9.53789,9.53889,9.53616,9.53839
2022-04-15 09:30:00,9.53842,9.54002,9.53475,9.53834
2022-04-15 09:45:00,9.53827,9.54228,9.53568,9.54223
2022-04-15 10:00:00,9.54228,9.54252,9.53861,9.53895
2022-04-15 10:15:00,9.53903,9.53968,9.53735,9.53868
2022-04-15 10:30:00,9.53863,9.54513,9.53834,9.54281
2022-04-15 10:45:00,9.54278,9.54296,9.53755,9.53789
2022-04-15 11:00:00,9.53775,9.54021,9.53731,9.53944
2022-04-15 11:15:00,9.53941,9.53958,9.53495,9.53617
2022-04-15 11:30:00,9.53619,9.53991,9.53339,9.53392
2022-04-15 11:45:00,9.53393,9.53584,9.52904,9.53363
2022-04-15 12:00:00,9.53351,9.53723,9.5317,9.53173
2022-04-15 12:15:00,9.53172,9.53406,9.53158,9.53375
2022-04-15 12:30:00,9.53378,9.5355,9.53304,9.53453
2022-04-15 12:45:00,9.53454,9.53888,9.53372,9.53817
2022-04-15 13:00:00,9.53818,9.54007,9.53449,9.53709
2022-04-15 13:15:00,9.5371,9.54043,9.5359,9.53785
2022-04-15 13:30:00,9.53799,9.54021,9.53702,9.53962
2022-04-15 13:45:00,9.53974,9.54397,9.53974,9.54294
2022-04-15 14:00:00,9.54289,9.54517,9.54289,9.54375
2022-04-15 14:15:00,9.54388,9.54665,9.54356,9.54409
2022-04-15 14:30:00,9.54405,9.54665,9.54274,9.54427
2022-04-15 14:45:00,9.54424,9.54458,9.53375,9.53439
2022-04-15 15:00:00,9.53438,9.53684,9.53128,9.53258
2022-04-15 15:15:00,9.53255,9.5384,9.53059,9.53115
2022-04-15 15:30:00,9.53075,9.53931,9.53064,9.539
2022-04-15 15:45:00,9.53865,9.54044,9.53709,9.54009
2022-04-15 16:00:00,9.54003,9.54348,9.53906,9.54053
2022-04-15 16:15:00,9.54052,9.54588,9.54044,9.54273
2022-04-15 16:30:00,9.54274,9.54719,9.53987,9.54539
2022-04-15 16:45:00,9.5454,9.54905,9.54199,9.5443
2022-04-15 17:00:00,9.54428,9.55376,9.54427,9.55271
2022-04-15 17:15:00,9.55228,9.55619,9.55183,9.55421
2022-04-15 17:30:00,9.55571,9.56008,9.5523,9.55965
2022-04-15 17:45:00,9.55959,9.56206,9.55797,9.55986
2022-04-15 18:00:00,9.55996,9.56933,9.55831,9.56423
2022-04-15 18:15:00,9.56424,9.5673,9.56279,9.56436
2022-04-15 18:30:00,9.56439,9.5696,9.5609,9.56326
2022-04-15 18:45:00,9.56322,9.56688,9.56053,9.56225
2022-04-15 19:00:00,9.56229,9.57754,9.56155,9.56678
2022-04-15 19:15:00,9.56687,9.57085,9.56211,9.56312
2022-04-15 19:30:00,9.5631,9.56697,9.5627,9.56495
2022-04-15 19:45:00,9.56493,9.56607,9.5627,9.56441
2022-04-15 20:00:00,9.56414,9.56535,9.56226,9.56256
2022-04-15 20:15:00,9.56249,9.56317,9.56151,9.563
2022-04-15 20:30:00,9.56301,9.56339,9.56031,9.56252
2022-04-15 20:45:00,9.56253,9.56273,9.55739,9.55858
2022-04-15 21:00:00,9.55828,9.56225,9.55702,9.56068
2022-04-15 21:15:00,9.56064,9.56143,9.55913,9.56079
2022-04-15 21:30:00,9.56109,9.56199,9.55916,9.56021
2022-04-15 21:45:00,9.56067,9.56526,9.55978,9.56462
2022-04-15 22:00:00,9.56453,9.56901,9.56078,9.56169
2022-04-15 22:15:00,9.56162,9.56403,9.55899,9.56399
2022-04-15 22:30:00,9.56393,9.56417,9.55976,9.56215
2022-04-15 22:45:00,9.562,9.56225,9.55882,9.55996
2022-04-15 23:00:00,9.55966,9.561,9.54775,9.54842
2022-04-15 23:15:00,9.5484,9.5484,9.54289,9.54439
2022-04-15 23:30:00,9.54421,9.54502,9.54151,9.54204
2022-04-15 23:45:00,9.54208,9.54367,9.53205,9.53633
2022-04-18 00:00:00,9.54687,9.55382,9.54568,9.55193
2022-04-18 00:15:00,9.55194,9.55393,9.55181,9.55389
2022-04-18 00:30:00,9.55388,9.55413,9.55225,9.55413
2022-04-18 00:45:00,9.55418,9.55418,9.55337,9.55403
2022-04-18 01:00:00,9.55399,9.55399,9.54754,9.54926
2022-04-18 01:15:00,9.54928,9.57019,9.54833,9.56767
2022-04-18 01:30:00,9.56755,9.56795,9.56111,9.56183
2022-04-18 01:45:00,9.56185,9.5629,9.55458,9.55503
2022-04-18 02:00:00,9.55526,9.56101,9.55526,9.55865
2022-04-18 02:15:00,9.55862,9.56118,9.55653,9.55683
2022-04-18 02:30:00,9.55686,9.56167,9.55535,9.56146
2022-04-18 02:45:00,9.56152,9.5641,9.561,9.56245
2022-04-18 03:00:00,9.56246,9.56535,9.55935,9.5623
2022-04-18 03:15:00,9.5623,9.56913,9.56218,9.56839
2022-04-18 03:30:00,9.56838,9.57933,9.56799,9.5786
2022-04-18 03:45:00,9.57861,9.58301,9.5729,9.57432
2022-04-18 04:00:00,9.57433,9.5801,9.57258,9.57352
2022-04-18 04:15:00,9.57356,9.57888,9.56521,9.56582
2022-04-18 04:30:00,9.56588,9.56981,9.56517,9.56762
2022-04-18 04:45:00,9.56764,9.5687,9.56364,9.56775
2022-04-18 05:00:00,9.56787,9.57171,9.56635,9.57147
2022-04-18 05:15:00,9.57146,9.57653,9.57143,9.57572
2022-04-18 05:30:00,9.57573,9.57909,9.57564,9.57814
2022-04-18 05:45:00,9.57832,9.5784,9.57232,9.5733
2022-04-18 06:00:00,9.57329,9.58165,9.57248,9.57968
2022-04-18 06:15:00,9.57965,9.58151,9.57711,9.57921
2022-04-18 06:30:00,9.57945,9.58234,9.57753,9.58178
2022-04-18 06:45:00,9.58167,9.5846,9.58163,9.58311
2022-04-18 07:00:00,9.58315,9.58445,9.57995,9.58067
2022-04-18 07:15:00,9.58064,9.58465,9.57981,9.58348
2022-04-18 07:30:00,9.58347,9.58653,9.58338,9.58437
2022-04-18 07:45:00,9.58438,9.58711,9.58287,9.58508
2022-04-18 08:00:00,9.58502,9.58601,9.57652,9.58025
2022-04-18 08:15:00,9.58029,9.58982,9.58001,9.58865
2022-04-18 08:30:00,9.58864,9.58925,9.58166,9.5837
2022-04-18 08:45:00,9.58371,9.58616,9.57902,9.57913
2022-04-18 09:00:00,9.57907,9.58336,9.57766,9.57957
2022-04-18 09:15:00,9.57955,9.58449,9.57954,9.584
2022-04-18 09:30:00,9.58421,9.58451,9.57674,9.57952
2022-04-18 09:45:00,9.57954,9.5822,9.57223,9.58191
2022-04-18 10:00:00,9.58187,9.58363,9.57358,9.57377
2022-04-18 10:15:00,9.57376,9.57376,9.56262,9.56619
2022-04-18 10:30:00,9.56615,9.58627,9.56615,9.58472
2022-04-18 10:45:00,9.58478,9.58667,9.57313,9.57385
2022-04-18 11:00:00,9.57386,9.57669,9.56529,9.57449
2022-04-18 11:15:00,9.57463,9.57937,9.57299,9.57618
2022-04-18 11:30:00,9.57614,9.57618,9.5695,9.57299
2022-04-18 11:45:00,9.57297,9.57502,9.56988,9.57271
2022-04-18 12:00:00,9.5727,9.57393,9.56643,9.5699
2022-04-18 12:15:00,9.56992,9.5749,9.56916,9.57429
2022-04-18 12:30:00,9.57433,9.57627,9.57119,9.57139
2022-04-18 12:45:00,9.57143,9.57609,9.56955,9.57124
2022-04-18 13:00:00,9.57125,9.57326,9.56406,9.56597
2022-04-18 13:15:00,9.56595,9.57209,9.56532,9.57109
2022-04-18 13:30:00,9.57107,9.57333,9.56806,9.57266
2022-04-18 13:45:00,9.57263,9.57374,9.57082,9.57155
2022-04-18 14:00:00,9.57165,9.57173,9.5672,9.56836
2022-04-18 14:15:00,9.56835,9.57277,9.56784,9.56904
2022-04-18 14:30:00,9.56906,9.57745,9.56825,9.57328
2022-04-18 14:45:00,9.57331,9.57508,9.5664,9.56838
2022-04-18 15:00:00,9.56835,9.58017,9.55998,9.57985
2022-04-18 15:15:00,9.57987,9.58179,9.57038,9.57205
2022-04-18 15:30:00,9.57212,9.57471,9.56364,9.57418
2022-04-18 15:45:00,9.57423,9.57898,9.57033,9.5742
2022-04-18 16:00:00,9.57421,9.57593,9.56412,9.57167
2022-04-18 16:15:00,9.57166,9.58182,9.56734,9.57858
2022-04-18 16:30:00,9.57849,9.57849,9.55864,9.55924
2022-04-18 16:45:00,9.55927,9.56894,9.55924,9.56807
2022-04-18 17:00:00,9.56796,9.57599,9.56506,9.56541
2022-04-18 17:15:00,9.56536,9.57158,9.56008,9.56564
2022-04-18 17:30:00,9.56563,9.57674,9.56226,9.57615
2022-04-18 17:45:00,9.57611,9.58804,9.57388,9.58796
2022-04-18 18:00:00,9.58809,9.59368,9.57995,9.59244
2022-04-18 18:15:00,9.59239,9.59648,9.58735,9.59404
2022-04-18 18:30:00,9.59403,9.59404,9.58986,9.59038
2022-04-18 18:45:00,9.5903,9.59937,9.58601,9.5955
2022-04-18 19:00:00,9.59551,9.61403,9.59537,9.61066
2022-04-18 19:15:00,9.6107,9.61283,9.60533,9.60675
2022-04-18 19:30:00,9.60677,9.6074,9.60248,9.60304
2022-04-18 19:45:00,9.60305,9.60665,9.60052,9.601
2022-04-18 20:00:00,9.60098,9.60199,9.59714,9.59784
2022-04-18 20:15:00,9.59785,9.59908,9.59556,9.59575
2022-04-18 20:30:00,9.59571,9.59623,9.59237,9.59371
2022-04-18 20:45:00,9.59372,9.59424,9.58953,9.59156
2022-04-18 21:00:00,9.59158,9.59198,9.59018,9.59173
2022-04-18 21:15:00,9.5917,9.59204,9.58972,9.59095
2022-04-18 21:30:00,9.59094,9.5915,9.58822,9.59142
2022-04-18 21:45:00,9.59141,9.59521,9.59112,9.59472
2022-04-18 22:00:00,9.59474,9.59634,9.59228,9.59525
2022-04-18 22:15:00,9.59526,9.59935,9.5936,9.59489
2022-04-18 22:30:00,9.59487,9.59713,9.59344,9.59629
2022-04-18 22:45:00,9.5963,9.59929,9.59377,9.59707
2022-04-18 23:00:00,9.59708,9.60009,9.59546,9.59696
2022-04-18 23:15:00,9.59697,9.5972,9.59514,9.59594
2022-04-18 23:30:00,9.59599,9.59605,9.59346,9.59392
2022-04-18 23:45:00,9.59396,9.59639,9.59106,9.59106
2022-04-19 00:00:00,9.59295,9.59295,9.57458,9.57458
2022-04-19 00:15:00,9.57457,9.58927,9.57249,9.58926
2022-04-19 00:30:00,9.58977,9.59289,9.58959,9.59202
2022-04-19 00:45:00,9.59201,9.5946,9.59123,9.59152
2022-04-19 01:00:00,9.59179,9.59396,9.58693,9.59026
2022-04-19 01:15:00,9.59024,9.59409,9.58952,9.59176
2022-04-19 01:30:00,9.59182,9.59543,9.59144,9.59374
2022-04-19 01:45:00,9.59372,9.59687,9.59339,9.59396
2022-04-19 02:00:00,9.5939,9.5986,9.59025,9.59726
2022-04-19 02:15:00,9.59722,9.5984,9.59562,9.59652
2022-04-19 02:30:00,9.59653,9.60096,9.59614,9.59804
2022-04-19 02:45:00,9.59793,9.59803,9.59311,9.59415
2022-04-19 03:00:00,9.59414,9.60011,9.58585,9.59133
2022-04-19 03:15:00,9.59134,9.59442,9.58853,9.59242
2022-04-19 03:30:00,9.59241,9.60179,9.59182,9.60013
2022-04-19 03:45:00,9.60035,9.60325,9.59549,9.59716
2022-04-19 04:00:00,9.5972,9.60011,9.59295,9.59799
2022-04-19 04:15:00,9.59818,9.60244,9.59267,9.59523
2022-04-19 04:30:00,9.59527,9.60049,9.59205,9.59788
2022-04-19 04:45:00,9.59786,9.601,9.59557,9.60062
2022-04-19 05:00:00,9.60087,9.60607,9.59955,9.60498
2022-04-19 05:15:00,9.60503,9.61202,9.60503,9.61152
2022-04-19 05:30:00,9.61155,9.6161,9.60645,9.61036
2022-04-19 05:45:00,9.61039,9.61186,9.60689,9.6077
2022-04-19 06:00:00,9.60777,9.61061,9.6063,9.61039
2022-04-19 06:15:00,9.6104,9.61076,9.60539,9.60825
2022-04-19 06:30:00,9.6083,9.61285,9.60662,9.6097
2022-04-19 06:45:00,9.6098,9.61117,9.60581,9.60859
2022-04-19 07:00:00,9.6091,9.6091,9.60193,9.6028
2022-04-19 07:15:00,9.60278,9.60582,9.59991,9.60496
2022-04-19 07:30:00,9.60491,9.60649,9.60213,9.60563
2022-04-19 07:45:00,9.60559,9.61616,9.60462,9.61047
2022-04-19 08:00:00,9.61065,9.6138,9.60928,9.61252
2022-04-19 08:15:00,9.6127,9.61724,9.61106,9.61225
2022-04-19 08:30:00,9.61233,9.61248,9.60715,9.60957
2022-04-19 08:45:00,9.60955,9.61126,9.60012,9.60207
2022-04-19 09:00:00,9.60179,9.613,9.60179,9.60437
2022-04-19 09:15:00,9.60449,9.6097,9.59802,9.60007
2022-04-19 09:30:00,9.60008,9.60141,9.58788,9.59011
2022-04-19 09:45:00,9.5901,9.59752,9.58369,9.59385
2022-04-19 10:00:00,9.59381,9.59561,9.57488,9.57636
2022-04-19 10:15:00,9.57643,9.58635,9.56954,9.57669
2022-04-19 10:30:00,9.57645,9.58173,9.57143,9.57259
2022-04-19 10:45:00,9.57253,9.57982,9.5606,9.56326
2022-04-19 11:00:00,9.5631,9.56646,9.55721,9.55741
2022-04-19 11:15:00,9.55739,9.56035,9.55396,9.55772
2022-04-19 11:30:00,9.55755,9.56368,9.5473,9.56213
2022-04-19 11:45:00,9.56206,9.5711,9.55427,9.55427
2022-04-19 12:00:00,9.55433,9.56573,9.55397,9.56409
2022-04-19 12:15:00,9.56419,9.5727,9.55853,9.56777
2022-04-19 12:30:00,9.56771,9.573,9.5569,9.55733
2022-04-19 12:45:00,9.55735,9.57312,9.55602,9.56995
2022-04-19 13:00:00,9.56986,9.58285,9.56986,9.57868
2022-04-19 13:15:00,9.5787,9.58292,9.57667,9.57886
2022-04-19 13:30:00,9.57899,9.58574,9.5782,9.58319
2022-04-19 13:45:00,9.58332,9.59083,9.57621,9.5771
2022-04-19 14:00:00,9.57715,9.58301,9.57523,9.58211
2022-04-19 14:15:00,9.58209,9.58266,9.57489,9.57764
2022-04-19 14:30:00,9.57781,9.58336,9.57642,9.58196
2022-04-19 14:45:00,9.582,9.58218,9.56869,9.57255
2022-04-19 15:00:00,9.57251,9.57719,9.56844,9.57118
2022-04-19 15:15:00,9.57117,9.58754,9.57093,9.57531
2022-04-19 15:30:00,9.57524,9.58256,9.57179,9.58254
2022-04-19 15:45:00,9.58254,9.58869,9.577,9.57766
2022-04-19 16:00:00,9.57753,9.59054,9.57646,9.5897
2022-04-19 16:15:00,9.58969,9.59218,9.57662,9.5828
2022-04-19 16:30:00,9.58279,9.58319,9.56245,9.56521
2022-04-19 16:45:00,9.56527,9.57252,9.5525,9.55723
2022-04-19 17:00:00,9.55637,9.56388,9.55266,9.55958
2022-04-19 17:15:00,9.55957,9.57249,9.54928,9.55588
2022-04-19 17:30:00,9.55581,9.57032,9.55566,9.56224
2022-04-19 17:45:00,9.56223,9.5654,9.55412,9.56448
2022-04-19 18:00:00,9.56445,9.57644,9.56167,9.57442
2022-04-19 18:15:00,9.57445,9.57534,9.56066,9.56222
2022-04-19 18:30:00,9.56219,9.5727,9.56095,9.57224
2022-04-19 18:45:00,9.5722,9.57311,9.56252,9.56443
2022-04-19 19:00:00,9.56455,9.56806,9.56226,9.56318
2022-04-19 19:15:00,9.56321,9.56345,9.55567,9.55572
2022-04-19 19:30:00,9.55575,9.55711,9.55152,9.55239
2022-04-19 19:45:00,9.55241,9.55514,9.54879,9.55384
2022-04-19 20:00:00,9.55382,9.55492,9.54783,9.55016
2022-04-19 20:15:00,9.55022,9.55041,9.53944,9.5469
2022-04-19 20:30:00,9.54683,9.54817,9.54323,9.54765
2022-04-19 20:45:00,9.54764,9.55406,9.54615,9.55301
2022-04-19 21:00:00,9.553,9.56008,9.54573,9.54923
2022-04-19 21:15:00,9.54925,9.5567,9.54879,9.55205
2022-04-19 21:30:00,9.55207,9.55481,9.54905,9.54919
2022-04-19 21:45:00,9.54922,9.54973,9.54287,9.54619
2022-04-19 22:00:00,9.54617,9.54647,9.53728,9.53989
2022-04-19 22:15:00,9.5399,9.54297,9.53461,9.54269
2022-04-19 22:30:00,9.54238,9.54413,9.5397,9.53976
2022-04-19 22:45:00,9.53975,9.54339,9.5287,9.53181
2022-04-19 23:00:00,9.53187,9.54104,9.53128,9.54053
2022-04-19 23:15:00,9.54054,9.54134,9.53644,9.53711
2022-04-19 23:30:00,9.53712,9.53885,9.53667,9.53758
2022-04-19 23:45:00,9.53757,9.53978,9.52886,9.52942
2022-04-20 00:00:00,9.52982,9.52995,9.51297,9.52411
2022-04-20 00:15:00,9.52413,9.52415,9.52127,9.52415
2022-04-20 00:30:00,9.52518,9.52637,9.52235,9.52297
2022-04-20 00:45:00,9.52312,9.52434,9.52221,9.52305
2022-04-20 01:00:00,9.52318,9.53496,9.52107,9.53474
2022-04-20 01:15:00,9.53471,9.53517,9.53128,9.53132
2022-04-20 01:30:00,9.53131,9.53268,9.52847,9.53186
2022-04-20 01:45:00,9.53187,9.5341,9.52989,9.53294
2022-04-20 02:00:00,9.53292,9.53691,9.53194,9.53661
2022-04-20 02:15:00,9.5368,9.53709,9.53239,9.53499
2022-04-20 02:30:00,9.53501,9.53717,9.53154,9.53251
2022-04-20 02:45:00,9.53252,9.53481,9.52579,9.52839
2022-04-20 03:00:00,9.52837,9.53448,9.52532,9.531
2022-04-20 03:15:00,9.53117,9.536,9.53001,9.53352
2022-04-20 03:30:00,9.53353,9.53934,9.53273,9.5371
2022-04-20 03:45:00,9.53716,9.53953,9.52459,9.52653
2022-04-20 04:00:00,9.52652,9.5292,9.52,9.52347
2022-04-20 04:15:00,9.52343,9.54748,9.52265,9.54644
2022-04-20 04:30:00,9.54645,9.54821,9.53769,9.53863
2022-04-20 04:45:00,9.5386,9.53979,9.52882,9.5298
2022-04-20 05:00:00,9.52987,9.53421,9.52839,9.53256
2022-04-20 05:15:00,9.53255,9.53383,9.51238,9.51441
2022-04-20 05:30:00,9.51449,9.52099,9.51375,9.51611
2022-04-20 05:45:00,9.51627,9.51783,9.51498,9.51543
2022-04-20 06:00:00,9.51529,9.51746,9.51168,9.51168
2022-04-20 06:15:00,9.51171,9.51494,9.50491,9.50542
2022-04-20 06:30:00,9.5056,9.50945,9.50228,9.5029
2022-04-20 06:45:00,9.50291,9.50972,9.50175,9.50541
2022-04-20 07:00:00,9.50539,9.50999,9.5039,9.50781
2022-04-20 07:15:00,9.50782,9.51227,9.49773,9.4983
2022-04-20 07:30:00,9.49836,9.50079,9.49793,9.49853
2022-04-20 07:45:00,9.49854,9.50003,9.48539,9.48638
2022-04-20 08:00:00,9.48637,9.49929,9.48602,9.49815
2022-04-20 08:15:00,9.49816,9.50153,9.49561,9.49829
2022-04-20 08:30:00,9.49832,9.49929,9.49026,9.49252
2022-04-20 08:45:00,9.49247,9.49639,9.49062,9.49356
2022-04-20 09:00:00,9.49361,9.50442,9.49257,9.50152
2022-04-20 09:15:00,9.50149,9.51243,9.5011,9.51063
2022-04-20 09:30:00,9.5106,9.51194,9.50592,9.508
2022-04-20 09:45:00,9.50804,9.51001,9.49694,9.50195
2022-04-20 10:00:00,9.50193,9.51602,9.4928,9.49343
2022-04-20 10:15:00,9.49349,9.49839,9.48889,9.49382
2022-04-20 10:30:00,9.49376,9.49527,9.48298,9.48795
2022-04-20 10:45:00,9.48792,9.49503,9.48466,9.48708
2022-04-20 11:00:00,9.48707,9.49939,9.48652,9.49064
2022-04-20 11:15:00,9.4905,9.4908,9.48259,9.48873
2022-04-20 11:30:00,9.48857,9.48904,9.47205,9.47312
2022-04-20 11:45:00,9.47316,9.48065,9.45533,9.4558
2022-04-20 12:00:00,9.45611,9.46271,9.45069,9.46191
2022-04-20 12:15:00,9.46176,9.46781,9.45864,9.46397
2022-04-20 12:30:00,9.46399,9.47127,9.44287,9.44598
2022-04-20 12:45:00,9.44606,9.44738,9.43665,9.44216
2022-04-20 13:00:00,9.44223,9.44345,9.42557,9.42557
2022-04-20 13:15:00,9.42561,9.43361,9.4194,9.43062
2022-04-20 13:30:00,9.43063,9.4344,9.42273,9.43252
2022-04-20 13:45:00,9.43269,9.43337,9.42142,9.42758
2022-04-20 14:00:00,9.42756,9.43196,9.42318,9.43141
2022-04-20 14:15:00,9.43142,9.43544,9.42747,9.43023
2022-04-20 14:30:00,9.43013,9.43452,9.42748,9.43342
2022-04-20 14:45:00,9.433,9.44556,9.42854,9.44323
2022-04-20 15:00:00,9.44334,9.44664,9.4384,9.44549
2022-04-20 15:15:00,9.44556,9.45331,9.44008,9.44349
2022-04-20 15:30:00,9.44346,9.45435,9.44167,9.45284
2022-04-20 15:45:00,9.45283,9.46025,9.45081,9.45442
2022-04-20 16:00:00,9.4544,9.46655,9.44852,9.45741
2022-04-20 16:15:00,9.45737,9.46307,9.44755,9.44758
2022-04-20 16:30:00,9.44776,9.46069,9.44503,9.46049
2022-04-20 16:45:00,9.45974,9.46551,9.45514,9.45759
2022-04-20 17:00:00,9.45762,9.45811,9.43846,9.44146
2022-04-20 17:15:00,9.44147,9.4466,9.43277,9.44006
2022-04-20 17:30:00,9.44003,9.44825,9.43923,9.44395
2022-04-20 17:45:00,9.44402,9.44511,9.42896,9.43529
2022-04-20 18:00:00,9.43523,9.44261,9.43039,9.44171
2022-04-20 18:15:00,9.44169,9.44229,9.43291,9.43607
2022-04-20 18:30:00,9.43612,9.4471,9.43596,9.43912
2022-04-20 18:45:00,9.4391,9.43924,9.43033,9.43744
2022-04-20 19:00:00,9.43751,9.44208,9.43594,9.43622
2022-04-20 19:15:00,9.43607,9.44154,9.4322,9.439
2022-04-20 19:30:00,9.43903,9.4406,9.43214,9.4352
2022-04-20 19:45:00,9.43522,9.4471,9.43411,9.44642
2022-04-20 20:00:00,9.44651,9.44762,9.43703,9.44332
2022-04-20 20:15:00,9.44335,9.44868,9.442,9.442
2022-04-20 20:30:00,9.44199,9.44309,9.43751,9.44079
2022-04-20 20:45:00,9.44084,9.44484,9.43769,9.44057
2022-04-20 21:00:00,9.44053,9.44082,9.43317,9.43653
2022-04-20 21:15:00,9.43655,9.44567,9.43619,9.44336
2022-04-20 21:30:00,9.44335,9.45258,9.44188,9.4516
2022-04-20 21:45:00,9.45149,9.4547,9.44965,9.4507
2022-04-20 22:00:00,9.45077,9.45141,9.44552,9.44592
2022-04-20 22:15:00,9.44594,9.44646,9.43811,9.4395
2022-04-20 22:30:00,9.43949,9.44345,9.43815,9.43819
2022-04-20 22:45:00,9.4382,9.43953,9.43191,9.43309
2022-04-20 23:00:00,9.43307,9.4353,9.43163,9.43448
2022-04-20 23:15:00,9.43449,9.43668,9.43234,9.43619
2022-04-20 23:30:00,9.43625,9.43895,9.43566,9.43702
2022-04-20 23:45:00,9.43703,9.43924,9.43027,9.43105
2022-04-21 00:00:00,9.43246,9.43961,9.42659,9.4357
2022-04-21 00:15:00,9.43567,9.43576,9.43544,9.4355
2022-04-21 00:30:00,9.43552,9.43623,9.43271,9.43424
2022-04-21 00:45:00,9.43422,9.43519,9.43302,9.43302
2022-04-21 01:00:00,9.43144,9.43759,9.42814,9.4375
2022-04-21 01:15:00,9.43754,9.44043,9.43687,9.43958
2022-04-21 01:30:00,9.43962,9.43977,9.43672,9.43693
2022-04-21 01:45:00,9.43696,9.44073,9.43677,9.43893
2022-04-21 02:00:00,9.43892,9.44105,9.43658,9.44021
2022-04-21 02:15:00,9.44019,9.44188,9.43867,9.44006
2022-04-21 02:30:00,9.44006,9.44295,9.43922,9.44236
2022-04-21 02:45:00,9.44234,9.44536,9.44216,9.44259
2022-04-21 03:00:00,9.44236,9.44772,9.44156,9.44763
2022-04-21 03:15:00,9.44755,9.45131,9.44712,9.44976
2022-04-21 03:30:00,9.44971,9.45284,9.44836,9.45174
2022-04-21 03:45:00,9.45175,9.45832,9.4499,9.45379
2022-04-21 04:00:00,9.45381,9.45534,9.44952,9.44997
2022-04-21 04:15:00,9.44993,9.45013,9.445,9.44903
2022-04-21 04:30:00,9.44927,9.45486,9.44885,9.45105
2022-04-21 04:45:00,9.45106,9.45452,9.44772,9.45096
2022-04-21 05:00:00,9.45092,9.45692,9.44844,9.45095
2022-04-21 05:15:00,9.45094,9.45127,9.44687,9.45108
2022-04-21 05:30:00,9.45109,9.45118,9.44866,9.44935
2022-04-21 05:45:00,9.44936,9.4584,9.44929,9.45676
2022-04-21 06:00:00,9.45682,9.46225,9.45636,9.45811
2022-04-21 06:15:00,9.45814,9.46221,9.45692,9.46082
2022-04-21 06:30:00,9.46088,9.46133,9.45575,9.45588
2022-04-21 06:45:00,9.45606,9.46185,9.45596,9.45759
2022-04-21 07:00:00,9.4576,9.45765,9.45333,9.45339
2022-04-21 07:15:00,9.45338,9.45338,9.45011,9.45157
2022-04-21 07:30:00,9.45153,9.453,9.45004,9.45214
2022-04-21 07:45:00,9.4521,9.45492,9.45128,9.45227
2022-04-21 08:00:00,9.45214,9.45255,9.44093,9.44108
2022-04-21 08:15:00,9.44102,9.44184,9.43579,9.43749
2022-04-21 08:30:00,9.43752,9.43995,9.43589,9.43813
2022-04-21 08:45:00,9.43823,9.4398,9.43437,9.4389
2022-04-21 09:00:00,9.44028,9.44063,9.43237,9.43389
2022-04-21 09:15:00,9.4339,9.44243,9.42421,9.42836
2022-04-21 09:30:00,9.42835,9.42873,9.39996,9.40127
2022-04-21 09:45:00,9.40126,9.40443,9.38556,9.38678
2022-04-21 10:00:00,9.38671,9.40658,9.38612,9.40308
2022-04-21 10:15:00,9.40307,9.40309,9.39183,9.39264
2022-04-21 10:30:00,9.39264,9.39514,9.37644,9.38245
2022-04-21 10:45:00,9.38247,9.38564,9.36747,9.37724
2022-04-21 11:00:00,9.37721,9.39362,9.37601,9.38586
2022-04-21 11:15:00,9.3859,9.39401,9.38211,9.39124
2022-04-21 11:30:00,9.39129,9.39346,9.38047,9.38054
2022-04-21 11:45:00,9.38055,9.38689,9.37693,9.38679
2022-04-21 12:00:00,9.38683,9.38936,9.38361,9.38723
2022-04-21 12:15:00,9.38722,9.39652,9.38045,9.39396
2022-04-21 12:30:00,9.39401,9.40853,9.39082,9.40717
2022-04-21 12:45:00,9.40715,9.41193,9.40529,9.40621
2022-04-21 13:00:00,9.40617,9.41402,9.40041,9.40422
2022-04-21 13:15:00,9.40413,9.40658,9.39433,9.39867
2022-04-21 13:30:00,9.39866,9.40971,9.3978,9.40742
2022-04-21 13:45:00,9.40744,9.41349,9.40442,9.41034
2022-04-21 14:00:00,9.41001,9.42485,9.40898,9.42228
2022-04-21 14:15:00,9.42234,9.42798,9.41771,9.41922
2022-04-21 14:30:00,9.41921,9.42847,9.4159,9.42842
2022-04-21 14:45:00,9.42846,9.43146,9.4224,9.42718
2022-04-21 15:00:00,9.42717,9.43026,9.41705,9.41777
2022-04-21 15:15:00,9.41787,9.42116,9.41278,9.41395
2022-04-21 15:30:00,9.41395,9.42372,9.41139,9.41486
2022-04-21 15:45:00,9.41488,9.41772,9.41074,9.41222
2022-04-21 16:00:00,9.4123,9.41829,9.40399,9.41032
2022-04-21 16:15:00,9.41033,9.41715,9.40151,9.40346
2022-04-21 16:30:00,9.40341,9.42532,9.40224,9.42051
2022-04-21 16:45:00,9.42053,9.43774,9.41681,9.4371
2022-04-21 17:00:00,9.43693,9.44288,9.43326,9.44
2022-04-21 17:15:00,9.43994,9.44539,9.43107,9.44106
2022-04-21 17:30:00,9.44077,9.45174,9.43343,9.44597
2022-04-21 17:45:00,9.44614,9.48172,9.44607,9.48093
2022-04-21 18:00:00,9.4809,9.48118,9.46666,9.47264
2022-04-21 18:15:00,9.47268,9.47814,9.4642,9.46902
2022-04-21 18:30:00,9.46918,9.48014,9.46864,9.47978
2022-04-21 18:45:00,9.47969,9.4927,9.47816,9.48785
2022-04-21 19:00:00,9.48786,9.49425,9.48384,9.49196
2022-04-21 19:15:00,9.49194,9.50208,9.48415,9.49995
2022-04-21 19:30:00,9.49991,9.50134,9.48701,9.48884
2022-04-21 19:45:00,9.4889,9.51848,9.48865,9.49927
2022-04-21 20:00:00,9.49926,9.5038,9.49325,9.49347
2022-04-21 20:15:00,9.49354,9.5022,9.48413,9.487
2022-04-21 20:30:00,9.48701,9.4926,9.48325,9.48725
2022-04-21 20:45:00,9.48722,9.50404,9.4858,9.5008
2022-04-21 21:00:00,9.50082,9.50572,9.49656,9.5034
2022-04-21 21:15:00,9.50338,9.50694,9.50172,9.50572
2022-04-21 21:30:00,9.50577,9.50811,9.49964,9.50369
2022-04-21 21:45:00,9.50367,9.51174,9.50309,9.51019
2022-04-21 22:00:00,9.51022,9.51607,9.50791,9.51498
2022-04-21 22:15:00,9.51501,9.5201,9.51292,9.51597
2022-04-21 22:30:00,9.51591,9.52067,9.5159,9.51653
2022-04-21 22:45:00,9.51652,9.52081,9.50555,9.50694
2022-04-21 23:00:00,9.5067,9.5114,9.50426,9.50905
2022-04-21 23:15:00,9.50903,9.50903,9.5046,9.50617
2022-04-21 23:30:00,9.50606,9.51132,9.50553,9.5093
2022-04-21 23:45:00,9.50931,9.51552,9.49348,9.49348
2022-04-22 00:00:00,9.49288,9.51978,9.49288,9.51271
2022-04-22 00:15:00,9.5127,9.51378,9.50541,9.50639
2022-04-22 00:30:00,9.50988,9.51281,9.50215,9.50654
2022-04-22 00:45:00,9.50715,9.50974,9.50133,9.50377
2022-04-22 01:00:00,9.50351,9.51195,9.5001,9.50654
2022-04-22 01:15:00,9.50653,9.50818,9.50432,9.50593
2022-04-22 01:30:00,9.50615,9.5084,9.50345,9.50465
2022-04-22 01:45:00,9.50466,9.50581,9.50101,9.50117
2022-04-22 02:00:00,9.50121,9.50878,9.50046,9.50656
2022-04-22 02:15:00,9.50662,9.50875,9.50488,9.50752
2022-04-22 02:30:00,9.50754,9.50973,9.50668,9.50863
2022-04-22 02:45:00,9.50857,9.51032,9.50688,9.5099
2022-04-22 03:00:00,9.50989,9.51303,9.49701,9.50978
2022-04-22 03:15:00,9.50977,9.51082,9.50454,9.50745
2022-04-22 03:30:00,9.50752,9.51215,9.50291,9.51187
2022-04-22 03:45:00,9.51193,9.52004,9.51154,9.51287
2022-04-22 04:00:00,9.5129,9.51295,9.50251,9.50267
2022-04-22 04:15:00,9.50266,9.50339,9.49723,9.5018
2022-04-22 04:30:00,9.50178,9.50677,9.50034,9.5056
2022-04-22 04:45:00,9.50565,9.50906,9.50476,9.50476
2022-04-22 05:00:00,9.50473,9.50635,9.50321,9.50613
2022-04-22 05:15:00,9.50616,9.50651,9.50441,9.50567
2022-04-22 05:30:00,9.50568,9.50876,9.50493,9.5065
2022-04-22 05:45:00,9.50651,9.51154,9.50009,9.50294
2022-04-22 06:00:00,9.503,9.51171,9.50269,9.50655
2022-04-22 06:15:00,9.50643,9.51151,9.50368,9.50659
2022-04-22 06:30:00,9.50633,9.50674,9.50142,9.50269
2022-04-22 06:45:00,9.5027,9.50756,9.50107,9.50152
2022-04-22 07:00:00,9.50157,9.50303,9.49805,9.50209
2022-04-22 07:15:00,9.50211,9.50232,9.4907,9.49717
2022-04-22 07:30:00,9.49716,9.49985,9.49465,9.49756
2022-04-22 07:45:00,9.49762,9.50182,9.49468,9.4948
2022-04-22 08:00:00,9.4947,9.49561,9.48837,9.49169
2022-04-22 08:15:00,9.49162,9.50034,9.4909,9.49816
2022-04-22 08:30:00,9.49843,9.5025,9.49442,9.49686
2022-04-22 08:45:00,9.49688,9.49875,9.49448,9.49625
2022-04-22 09:00:00,9.49629,9.50514,9.49083,9.49455
2022-04-22 09:15:00,9.49463,9.51101,9.49456,9.5037
2022-04-22 09:30:00,9.50369,9.51171,9.49922,9.51047
2022-04-22 09:45:00,9.51047,9.52318,9.50895,9.52209
2022-04-22 10:00:00,9.52229,9.53372,9.51974,9.53372
2022-04-22 10:15:00,9.53419,9.54071,9.52398,9.53931
2022-04-22 10:30:00,9.53821,9.54029,9.52357,9.53404
2022-04-22 10:45:00,9.53399,9.5361,9.51691,9.52446
2022-04-22 11:00:00,9.52448,9.53472,9.51733,9.52599
2022-04-22 11:15:00,9.52595,9.53732,9.51746,9.53334
2022-04-22 11:30:00,9.53337,9.54139,9.52783,9.53816
2022-04-22 11:45:00,9.53817,9.53985,9.52667,9.53222
2022-04-22 12:00:00,9.53196,9.53721,9.52503,9.52918
2022-04-22 12:15:00,9.52911,9.53053,9.52193,9.52529
2022-04-22 12:30:00,9.52523,9.53257,9.52159,9.52237
2022-04-22 12:45:00,9.52247,9.52907,9.51812,9.52071
2022-04-22 13:00:00,9.52093,9.52854,9.518,9.52011
2022-04-22 13:15:00,9.52057,9.52252,9.51062,9.52193
2022-04-22 13:30:00,9.52196,9.52272,9.51278,9.51324
2022-04-22 13:45:00,9.51323,9.51368,9.50431,9.50592
2022-04-22 14:00:00,9.50593,9.51122,9.49359,9.49644
2022-04-22 14:15:00,9.49664,9.50284,9.49031,9.49424
2022-04-22 14:30:00,9.49433,9.49885,9.49064,9.49169
2022-04-22 14:45:00,9.49155,9.49677,9.4879,9.49466
2022-04-22 15:00:00,9.49475,9.49962,9.48894,9.49955
2022-04-22 15:15:00,9.49947,9.50162,9.48839,9.49052
2022-04-22 15:30:00,9.49049,9.49135,9.47322,9.48368
2022-04-22 15:45:00,9.48364,9.48661,9.4734,9.47836
2022-04-22 16:00:00,9.47829,9.48386,9.45783,9.48277
2022-04-22 16:15:00,9.48264,9.4863,9.47159,9.47964
2022-04-22 16:30:00,9.47966,9.51304,9.4796,9.50379
2022-04-22 16:45:00,9.50359,9.51006,9.49377,9.50514
2022-04-22 17:00:00,9.50478,9.51014,9.48327,9.50534
2022-04-22 17:15:00,9.50535,9.51566,9.50472,9.50987
2022-04-22 17:30:00,9.50949,9.54502,9.50878,9.53607
2022-04-22 17:45:00,9.53606,9.55044,9.53148,9.54998
2022-04-22 18:00:00,9.5501,9.55184,9.54188,9.55059
2022-04-22 18:15:00,9.55054,9.55714,9.53686,9.53721
2022-04-22 18:30:00,9.53719,9.54426,9.52831,9.53929
2022-04-22 18:45:00,9.53936,9.54524,9.53465,9.54259
2022-04-22 19:00:00,9.5424,9.54975,9.53993,9.54789
2022-04-22 19:15:00,9.54789,9.55521,9.5451,9.55361
2022-04-22 19:30:00,9.55346,9.55348,9.5438,9.54605
2022-04-22 19:45:00,9.54607,9.55133,9.545,9.55076
2022-04-22 20:00:00,9.5508,9.55318,9.54348,9.54712
2022-04-22 20:15:00,9.54708,9.55521,9.54601,9.55266
2022-04-22 20:30:00,9.55267,9.55471,9.54412,9.54958
2022-04-22 20:45:00,9.54961,9.55327,9.54423,9.55101
2022-04-22 21:00:00,9.55118,9.55253,9.54345,9.54758
2022-04-22 21:15:00,9.54778,9.55,9.54085,9.54605
2022-04-22 21:30:00,9.54608,9.55127,9.54504,9.54529
2022-04-22 21:45:00,9.54538,9.55504,9.54456,9.55172
2022-04-22 22:00:00,9.55129,9.55129,9.53343,9.53461
2022-04-22 22:15:00,9.53465,9.53831,9.52662,9.5355
2022-04-22 22:30:00,9.53556,9.53556,9.52501,9.53032
2022-04-22 22:45:00,9.53034,9.54946,9.52736,9.5431
2022-04-22 23:00:00,9.54323,9.54579,9.5203,9.5387
2022-04-22 23:15:00,9.53871,9.53979,9.53055,9.53251
2022-04-22 23:30:00,9.53256,9.54254,9.50717,9.53356
2022-04-22 23:45:00,9.53352,9.56215,9.52715,9.53813
2022-04-25 00:00:00,9.51472,9.51944,9.51083,9.51944
2022-04-25 00:15:00,9.51956,9.51956,9.49855,9.50056
2022-04-25 00:30:00,9.50055,9.50601,9.49981,9.50057
2022-04-25 00:45:00,9.50058,9.50278,9.49529,9.50076
2022-04-25 01:00:00,9.50145,9.52756,9.49437,9.52743
2022-04-25 01:15:00,9.52742,9.52781,9.52405,9.52682
2022-04-25 01:30:00,9.52681,9.53084,9.52586,9.52778
2022-04-25 01:45:00,9.52779,9.52801,9.52255,9.52294
2022-04-25 02:00:00,9.52296,9.52601,9.51892,9.52009
2022-04-25 02:15:00,9.52007,9.5255,9.51851,9.52013
2022-04-25 02:30:00,9.52014,9.52323,9.51679,9.52032
2022-04-25 02:45:00,9.52031,9.52217,9.51779,9.52094
2022-04-25 03:00:00,9.52069,9.53281,9.51815,9.52434
2022-04-25 03:15:00,9.5242,9.52864,9.5208,9.52093
2022-04-25 03:30:00,9.5209,9.52508,9.51814,9.52232
2022-04-25 03:45:00,9.52239,9.52941,9.52067,9.52933
2022-04-25 04:00:00,9.52919,9.53483,9.52714,9.53339
2022-04-25 04:15:00,9.53332,9.53875,9.5274,9.53812
2022-04-25 04:30:00,9.53834,9.55381,9.53697,9.55214
2022-04-25 04:45:00,9.55211,9.56185,9.54852,9.5553
2022-04-25 05:00:00,9.55533,9.56375,9.55299,9.56063
2022-04-25 05:15:00,9.56057,9.56638,9.55905,9.56466
2022-04-25 05:30:00,9.56462,9.56889,9.56239,9.56867
2022-04-25 05:45:00,9.56863,9.56916,9.56131,9.56433
2022-04-25 06:00:00,9.5644,9.56671,9.56,9.56042
2022-04-25 06:15:00,9.56046,9.56244,9.55751,9.55751
2022-04-25 06:30:00,9.55762,9.56336,9.55739,9.5614
2022-04-25 06:45:00,9.56137,9.56417,9.5602,9.56417
2022-04-25 07:00:00,9.56406,9.56738,9.56128,9.56155
2022-04-25 07:15:00,9.56158,9.56945,9.56131,9.56603
2022-04-25 07:30:00,9.56597,9.58052,9.56584,9.57947
2022-04-25 07:45:00,9.57939,9.58423,9.57929,9.58298
2022-04-25 08:00:00,9.58309,9.59613,9.58282,9.59528
2022-04-25 08:15:00,9.59516,9.59758,9.58318,9.5842
2022-04-25 08:30:00,9.58418,9.58768,9.58073,9.58244
2022-04-25 08:45:00,9.58242,9.59031,9.5797,9.58424
2022-04-25 09:00:00,9.58407,9.61904,9.57062,9.61537
2022-04-25 09:15:00,9.615,9.61706,9.59976,9.61134
2022-04-25 09:30:00,9.61133,9.6326,9.60296,9.62675
2022-04-25 09:45:00,9.62677,9.64086,9.6173,9.63674
2022-04-25 10:00:00,9.63649,9.64079,9.61995,9.63066
2022-04-25 10:15:00,9.63097,9.63682,9.60871,9.61896
2022-04-25 10:30:00,9.61904,9.62881,9.61345,9.62241
2022-04-25 10:45:00,9.62225,9.62916,9.61146,9.61423
2022-04-25 11:00:00,9.61424,9.62125,9.59541,9.62035
2022-04-25 11:15:00,9.62029,9.62479,9.60048,9.60059
2022-04-25 11:30:00,9.60072,9.60528,9.59205,9.60481
2022-04-25 11:45:00,9.6048,9.63096,9.60187,9.62463
2022-04-25 12:00:00,9.6246,9.63009,9.61896,9.62453
2022-04-25 12:15:00,9.62454,9.65167,9.62287,9.63572
2022-04-25 12:30:00,9.63573,9.63982,9.62758,9.62899
2022-04-25 12:45:00,9.62897,9.63438,9.62445,9.63387
2022-04-25 13:00:00,9.63378,9.65075,9.63338,9.64193
2022-04-25 13:15:00,9.64197,9.65428,9.64007,9.65109
2022-04-25 13:30:00,9.65125,9.65599,9.64586,9.65594
2022-04-25 13:45:00,9.65597,9.6594,9.65024,9.65451
2022-04-25 14:00:00,9.65457,9.65795,9.64812,9.65175
2022-04-25 14:15:00,9.65187,9.66516,9.63069,9.64268
2022-04-25 14:30:00,9.64242,9.64676,9.62632,9.63678
2022-04-25 14:45:00,9.63679,9.63796,9.62301,9.62658
2022-04-25 15:00:00,9.62663,9.63311,9.60936,9.62732
2022-04-25 15:15:00,9.62684,9.63407,9.61707,9.62703
2022-04-25 15:30:00,9.62709,9.63902,9.62623,9.63854
2022-04-25 15:45:00,9.63848,9.64405,9.62287,9.62502
2022-04-25 16:00:00,9.62489,9.65124,9.62473,9.65074
2022-04-25 16:15:00,9.65072,9.65454,9.64214,9.65295
2022-04-25 16:30:00,9.65294,9.66615,9.64961,9.66135
2022-04-25 16:45:00,9.66162,9.68445,9.66114,9.67584
2022-04-25 17:00:00,9.67597,9.69151,9.6758,9.68622
2022-04-25 17:15:00,9.68615,9.69895,9.68128,9.68994
2022-04-25 17:30:00,9.68997,9.6981,9.68208,9.69404
2022-04-25 17:45:00,9.69398,9.72101,9.68977,9.72013
2022-04-25 18:00:00,9.72018,9.7211,9.70724,9.71333
2022-04-25 18:15:00,9.71309,9.72571,9.71187,9.72289
2022-04-25 18:30:00,9.72278,9.73183,9.72149,9.72642
2022-04-25 18:45:00,9.72619,9.74432,9.72315,9.73705
2022-04-25 19:00:00,9.73689,9.74516,9.72113,9.72245
2022-04-25 19:15:00,9.72247,9.7292,9.7202,9.72856
2022-04-25 19:30:00,9.72833,9.72926,9.71984,9.72446
2022-04-25 19:45:00,9.72444,9.72477,9.71264,9.71786
2022-04-25 20:00:00,9.71794,9.731,9.71748,9.72442
2022-04-25 20:15:00,9.72455,9.7311,9.72368,9.7279
2022-04-25 20:30:00,9.72787,9.73222,9.72569,9.72782
2022-04-25 20:45:00,9.72776,9.73552,9.72626,9.73341
2022-04-25 21:00:00,9.73346,9.74292,9.73132,9.73262
2022-04-25 21:15:00,9.73275,9.73746,9.72892,9.73042
2022-04-25 21:30:00,9.73087,9.73289,9.72214,9.72491
2022-04-25 21:45:00,9.7249,9.7317,9.7177,9.72797
2022-04-25 22:00:00,9.72779,9.74201,9.72777,9.73346
2022-04-25 22:15:00,9.73341,9.73379,9.71344,9.71557
2022-04-25 22:30:00,9.71555,9.71924,9.71007,9.71174
2022-04-25 22:45:00,9.71167,9.71996,9.71163,9.7149
2022-04-25 23:00:00,9.71469,9.71543,9.71002,9.71333
2022-04-25 23:15:00,9.71332,9.71366,9.70409,9.70486
2022-04-25 23:30:00,9.70473,9.70717,9.7031,9.70561
2022-04-25 23:45:00,9.70566,9.71174,9.70137,9.70549
2022-04-26 00:00:00,9.70202,9.70757,9.70166,9.70669
2022-04-26 00:15:00,9.70654,9.71939,9.7065,9.70989
2022-04-26 00:30:00,9.7099,9.72352,9.7094,9.70989
2022-04-26 00:45:00,9.71064,9.71264,9.70916,9.71031
2022-04-26 01:00:00,9.71037,9.71109,9.70818,9.70891
2022-04-26 01:15:00,9.70881,9.71057,9.70795,9.70959
2022-04-26 01:30:00,9.70967,9.71344,9.70777,9.71307
2022-04-26 01:45:00,9.71366,9.71366,9.71028,9.71151
2022-04-26 02:00:00,9.71157,9.71587,9.71045,9.71244
2022-04-26 02:15:00,9.71242,9.71637,9.71235,9.71525
2022-04-26 02:30:00,9.71523,9.71586,9.70961,9.71027
2022-04-26 02:45:00,9.71028,9.71143,9.70883,9.71081
2022-04-26 03:00:00,9.71082,9.71209,9.70844,9.71111
2022-04-26 03:15:00,9.71108,9.71193,9.69913,9.70005
2022-04-26 03:30:00,9.70015,9.70377,9.69637,9.69793
2022-04-26 03:45:00,9.69798,9.70045,9.69233,9.69363
2022-04-26 04:00:00,9.69366,9.69608,9.69067,9.69109
2022-04-26 04:15:00,9.69113,9.70378,9.69087,9.69965
2022-04-26 04:30:00,9.69967,9.70031,9.69149,9.69317
2022-04-26 04:45:00,9.69319,9.70025,9.69274,9.69796
2022-04-26 05:00:00,9.69801,9.70438,9.69461,9.70142
2022-04-26 05:15:00,9.70141,9.70326,9.69683,9.69762
2022-04-26 05:30:00,9.69761,9.7023,9.69646,9.70023
2022-04-26 05:45:00,9.70027,9.70101,9.69421,9.69547
2022-04-26 06:00:00,9.69547,9.69588,9.68642,9.69098
2022-04-26 06:15:00,9.691,9.69308,9.68898,9.68978
2022-04-26 06:30:00,9.68982,9.69213,9.68645,9.69108
2022-04-26 06:45:00,9.69113,9.69413,9.69035,9.69219
2022-04-26 07:00:00,9.6922,9.69416,9.68942,9.68942
2022-04-26 07:15:00,9.68936,9.68992,9.68814,9.68981
2022-04-26 07:30:00,9.68969,9.69035,9.68812,9.68865
2022-04-26 07:45:00,9.68868,9.68992,9.68773,9.6893
2022-04-26 08:00:00,9.68917,9.69225,9.68668,9.68748
2022-04-26 08:15:00,9.68746,9.69635,9.68736,9.69455
2022-04-26 08:30:00,9.69477,9.69523,9.6894,9.68951
2022-04-26 08:45:00,9.68949,9.69356,9.68508,9.68637
2022-04-26 09:00:00,9.68686,9.70775,9.68513,9.7049
2022-04-26 09:15:00,9.70499,9.71827,9.70497,9.71
2022-04-26 09:30:00,9.7102,9.72369,9.70666,9.72167
2022-04-26 09:45:00,9.72166,9.74191,9.72091,9.74054
2022-04-26 10:00:00,9.7404,9.75597,9.72708,9.74663
2022-04-26 10:15:00,9.74668,9.77343,9.74447,9.75071
2022-04-26 10:30:00,9.75064,9.75362,9.73004,9.73628
2022-04-26 10:45:00,9.73585,9.74073,9.71707,9.72954
2022-04-26 11:00:00,9.7298,9.73221,9.71291,9.71836
2022-04-26 11:15:00,9.7183,9.72324,9.70719,9.71667
2022-04-26 11:30:00,9.71669,9.73295,9.71367,9.73061
2022-04-26 11:45:00,9.7306,9.73082,9.71419,9.72327
2022-04-26 12:00:00,9.72326,9.72326,9.70553,9.70795
2022-04-26 12:15:00,9.70781,9.71944,9.70473,9.70696
2022-04-26 12:30:00,9.70703,9.71171,9.70186,9.71003
2022-04-26 12:45:00,9.71002,9.72511,9.70828,9.7201
2022-04-26 13:00:00,9.72006,9.72429,9.71443,9.72265
2022-04-26 13:15:00,9.72266,9.72688,9.71479,9.71918
2022-04-26 13:30:00,9.71917,9.72764,9.71451,9.72711
2022-04-26 13:45:00,9.72712,9.73505,9.72258,9.72881
2022-04-26 14:00:00,9.72863,9.73944,9.72828,9.73505
2022-04-26 14:15:00,9.73507,9.73552,9.72444,9.72474
2022-04-26 14:30:00,9.72487,9.73157,9.71763,9.72122
2022-04-26 14:45:00,9.72119,9.73608,9.71696,9.73243
2022-04-26 15:00:00,9.7324,9.73905,9.72398,9.73487
2022-04-26 15:15:00,9.73484,9.74208,9.72876,9.73553
2022-04-26 15:30:00,9.7356,9.74732,9.73329,9.73428
2022-04-26 15:45:00,9.73429,9.74295,9.72403,9.73887
2022-04-26 16:00:00,9.73905,9.75097,9.73519,9.75059
2022-04-26 16:15:00,9.75075,9.75907,9.74089,9.74256
2022-04-26 16:30:00,9.74243,9.74983,9.73994,9.7446
2022-04-26 16:45:00,9.74461,9.7617,9.74442,9.75445
2022-04-26 17:00:00,9.75453,9.76697,9.75264,9.75472
2022-04-26 17:15:00,9.75468,9.76672,9.75468,9.75722
2022-04-26 17:30:00,9.75667,9.79795,9.75315,9.79604
2022-04-26 17:45:00,9.79583,9.80672,9.78382,9.80659
2022-04-26 18:00:00,9.80677,9.81067,9.7841,9.79196
2022-04-26 18:15:00,9.79186,9.79649,9.78654,9.79417
2022-04-26 18:30:00,9.79418,9.802,9.79345,9.79525
2022-04-26 18:45:00,9.79528,9.80377,9.79475,9.79978
2022-04-26 19:00:00,9.79979,9.80115,9.7948,9.79896
2022-04-26 19:15:00,9.79891,9.79914,9.79002,9.79024
2022-04-26 19:30:00,9.79026,9.80208,9.78985,9.79963
2022-04-26 19:45:00,9.79962,9.80192,9.79239,9.79305
2022-04-26 20:00:00,9.79292,9.80147,9.78658,9.80111
2022-04-26 20:15:00,9.80112,9.81213,9.79927,9.81032
2022-04-26 20:30:00,9.81034,9.81333,9.80431,9.80677
2022-04-26 20:45:00,9.80679,9.82359,9.80427,9.82071
2022-04-26 21:00:00,9.8221,9.83684,9.8221,9.82885
2022-04-26 21:15:00,9.82883,9.83025,9.81464,9.81481
2022-04-26 21:30:00,9.8148,9.82242,9.81373,9.82197
2022-04-26 21:45:00,9.82202,9.8238,9.81574,9.82221
2022-04-26 22:00:00,9.82241,9.82899,9.81771,9.82879
2022-04-26 22:15:00,9.82875,9.83796,9.82874,9.8378
2022-04-26 22:30:00,9.83775,9.84533,9.8337,9.84041
2022-04-26 22:45:00,9.8405,9.84242,9.83352,9.83388
2022-04-26 23:00:00,9.83372,9.84501,9.83321,9.84453
2022-04-26 23:15:00,9.84452,9.84774,9.84413,9.84595
2022-04-26 23:30:00,9.84593,9.84778,9.84563,9.84679
2022-04-26 23:45:00,9.84678,9.85072,9.83186,9.83403
2022-04-27 00:00:00,9.83388,9.83388,9.8112,9.8292
2022-04-27 00:15:00,9.8291,9.83058,9.82265,9.82622
2022-04-27 00:30:00,9.82615,9.83189,9.82537,9.83116
2022-04-27 00:45:00,9.83118,9.83147,9.8301,9.83079
2022-04-27 01:00:00,9.83089,9.83869,9.82983,9.83869
2022-04-27 01:15:00,9.83868,9.84227,9.83636,9.8369
2022-04-27 01:30:00,9.83701,9.83722,9.82673,9.83096
2022-04-27 01:45:00,9.83098,9.83882,9.83026,9.83609
2022-04-27 02:00:00,9.83607,9.83919,9.83422,9.83655
2022-04-27 02:15:00,9.83656,9.83708,9.83247,9.83341
2022-04-27 02:30:00,9.83332,9.83593,9.83149,9.83515
2022-04-27 02:45:00,9.83466,9.83755,9.83318,9.83614
2022-04-27 03:00:00,9.83653,9.8393,9.83185,9.83284
2022-04-27 03:15:00,9.83282,9.84099,9.83263,9.83853
2022-04-27 03:30:00,9.83851,9.84522,9.83745,9.84232
2022-04-27 03:45:00,9.84229,9.84293,9.83322,9.83402
2022-04-27 04:00:00,9.83431,9.83663,9.82922,9.83526
2022-04-27 04:15:00,9.83556,9.83561,9.82945,9.83244
2022-04-27 04:30:00,9.8325,9.83446,9.8169,9.82248
2022-04-27 04:45:00,9.82255,9.83014,9.81558,9.8156
2022-04-27 05:00:00,9.81548,9.81777,9.80831,9.81168
2022-04-27 05:15:00,9.81153,9.81736,9.81097,9.81575
2022-04-27 05:30:00,9.81571,9.8239,9.81521,9.82054
2022-04-27 05:45:00,9.82057,9.83233,9.81887,9.83233
2022-04-27 06:00:00,9.83228,9.83287,9.82447,9.82641
2022-04-27 06:15:00,9.82645,9.82855,9.82493,9.82718
2022-04-27 06:30:00,9.82729,9.82846,9.82306,9.82642
2022-04-27 06:45:00,9.82638,9.82807,9.8242,9.82631
2022-04-27 07:00:00,9.82632,9.82943,9.82503,9.82685
2022-04-27 07:15:00,9.82688,9.83024,9.81812,9.81818
2022-04-27 07:30:00,9.81813,9.81871,9.81432,9.81519
2022-04-27 07:45:00,9.81517,9.81534,9.80814,9.80846
2022-04-27 08:00:00,9.80897,9.8127,9.80779,9.80859
2022-04-27 08:15:00,9.80864,9.80926,9.80431,9.8054
2022-04-27 08:30:00,9.80548,9.80907,9.796,9.79658
2022-04-27 08:45:00,9.7969,9.79868,9.78533,9.7971
2022-04-27 09:00:00,9.79712,9.82923,9.7912,9.82009
2022-04-27 09:15:00,9.82016,9.82225,9.81292,9.82063
2022-04-27 09:30:00,9.82064,9.83382,9.81341,9.82285
2022-04-27 09:45:00,9.82297,9.83442,9.80749,9.82993
2022-04-27 10:00:00,9.8299,9.84017,9.82344,9.83882
2022-04-27 10:15:00,9.83901,9.8767,9.83864,9.87641
2022-04-27 10:30:00,9.87662,9.87737,9.84435,9.84527
2022-04-27 10:45:00,9.84529,9.84949,9.8221,9.8224
2022-04-27 11:00:00,9.82124,9.84243,9.81892,9.83256
2022-04-27 11:15:00,9.83257,9.83258,9.81335,9.82627
2022-04-27 11:30:00,9.82601,9.8384,9.82225,9.83495
2022-04-27 11:45:00,9.83496,9.86045,9.83493,9.86041
2022-04-27 12:00:00,9.86101,9.86338,9.82944,9.8324
2022-04-27 12:15:00,9.83238,9.84192,9.81433,9.81935
2022-04-27 12:30:00,9.81949,9.83113,9.81804,9.81939
2022-04-27 12:45:00,9.81961,9.82567,9.81853,9.82485
2022-04-27 13:00:00,9.82487,9.82814,9.81665,9.82627
2022-04-27 13:15:00,9.82626,9.82811,9.81449,9.81449
2022-04-27 13:30:00,9.81455,9.82302,9.8145,9.81816
2022-04-27 13:45:00,9.81811,9.82811,9.81412,9.81969
2022-04-27 14:00:00,9.8197,9.82999,9.81764,9.82095
2022-04-27 14:15:00,9.82096,9.82208,9.81143,9.81954
2022-04-27 14:30:00,9.81948,9.83067,9.81196,9.82114
2022-04-27 14:45:00,9.82112,9.83386,9.81693,9.82987
2022-04-27 15:00:00,9.82982,9.84094,9.82637,9.82846
2022-04-27 15:15:00,9.82831,9.85992,9.82521,9.85696
2022-04-27 15:30:00,9.85695,9.87235,9.85525,9.87225
2022-04-27 15:45:00,9.87228,9.88182,9.86747,9.86867
2022-04-27 16:00:00,9.86835,9.88026,9.8616,9.87069
2022-04-27 16:15:00,9.87064,9.87153,9.85476,9.86577
2022-04-27 16:30:00,9.8659,9.8659,9.84904,9.85138
2022-04-27 16:45:00,9.85137,9.85967,9.84084,9.85461
2022-04-27 17:00:00,9.85498,9.86745,9.84901,9.86743
2022-04-27 17:15:00,9.86745,9.86787,9.84647,9.86157
2022-04-27 17:30:00,9.86154,9.8725,9.84704,9.86306
2022-04-27 17:45:00,9.86308,9.86655,9.85752,9.86626
2022-04-27 18:00:00,9.86646,9.86763,9.85072,9.85304
2022-04-27 18:15:00,9.8536,9.85589,9.84368,9.84821
2022-04-27 18:30:00,9.84819,9.84955,9.83284,9.84569
2022-04-27 18:45:00,9.84584,9.85459,9.83979,9.84456
2022-04-27 19:00:00,9.84476,9.84524,9.82892,9.83456
2022-04-27 19:15:00,9.83457,9.83466,9.81289,9.81501
2022-04-27 19:30:00,9.81502,9.81971,9.80769,9.81435
2022-04-27 19:45:00,9.81434,9.82721,9.80849,9.8272
2022-04-27 20:00:00,9.82719,9.8362,9.8216,9.82973
2022-04-27 20:15:00,9.82988,9.83693,9.82712,9.82799
2022-04-27 20:30:00,9.82797,9.83209,9.82208,9.83153
2022-04-27 20:45:00,9.83151,9.83451,9.82544,9.8273
2022-04-27 21:00:00,9.82731,9.83238,9.82527,9.82733
2022-04-27 21:15:00,9.82734,9.83781,9.82719,9.83676
2022-04-27 21:30:00,9.83684,9.84224,9.82861,9.8298
2022-04-27 21:45:00,9.82982,9.83776,9.82315,9.83746
2022-04-27 22:00:00,9.83759,9.84352,9.83437,9.83961
2022-04-27 22:15:00,9.83995,9.84601,9.83994,9.84479
2022-04-27 22:30:00,9.84474,9.84925,9.84324,9.84357
2022-04-27 22:45:00,9.84356,9.84849,9.83978,9.8436
2022-04-27 23:00:00,9.84362,9.84569,9.843,9.84567
2022-04-27 23:15:00,9.84566,9.84613,9.8416,9.84164
2022-04-27 23:30:00,9.84155,9.84549,9.84022,9.84094
2022-04-27 23:45:00,9.84093,9.8428,9.79619,9.79718
2022-04-28 00:00:00,9.76495,9.79779,9.7582,9.79538
2022-04-28 00:15:00,9.79537,9.8203,9.79534,9.81964
2022-04-28 00:30:00,9.81973,9.8201,9.80892,9.81172
2022-04-28 00:45:00,9.812,9.81815,9.80826,9.81754
2022-04-28 01:00:00,9.81884,9.83799,9.81276,9.83774
2022-04-28 01:15:00,9.83773,9.83802,9.83681,9.83701
2022-04-28 01:30:00,9.837,9.84141,9.83647,9.8414
2022-04-28 01:45:00,9.84138,9.84194,9.83799,9.84092
2022-04-28 02:00:00,9.84093,9.84445,9.83838,9.84267
2022-04-28 02:15:00,9.84279,9.84403,9.84101,9.84322
2022-04-28 02:30:00,9.84323,9.84377,9.84016,9.84076
2022-04-28 02:45:00,9.84075,9.84102,9.83665,9.83897
2022-04-28 03:00:00,9.8388,9.84375,9.83833,9.84152
2022-04-28 03:15:00,9.84156,9.847,9.84136,9.84685
2022-04-28 03:30:00,9.84688,9.8493,9.84398,9.84847
2022-04-28 03:45:00,9.84863,9.86251,9.84478,9.85393
2022-04-28 04:00:00,9.85399,9.85399,9.83786,9.85141
2022-04-28 04:15:00,9.85183,9.85263,9.84588,9.85074
2022-04-28 04:30:00,9.85046,9.85925,9.84884,9.85706
2022-04-28 04:45:00,9.85703,9.85787,9.84534,9.84644
2022-04-28 05:00:00,9.84642,9.85512,9.84579,9.85462
2022-04-28 05:15:00,9.85459,9.86037,9.8532,9.85911
2022-04-28 05:30:00,9.85913,9.86083,9.84894,9.85215
2022-04-28 05:45:00,9.85228,9.85702,9.85142,9.85643
2022-04-28 06:00:00,9.85629,9.85941,9.85218,9.85853
2022-04-28 06:15:00,9.85854,9.87427,9.85662,9.86137
2022-04-28 06:30:00,9.8614,9.87103,9.86077,9.8686
2022-04-28 06:45:00,9.86858,9.88049,9.86843,9.88041
2022-04-28 07:00:00,9.88047,9.88376,9.87615,9.8791
2022-04-28 07:15:00,9.87919,9.88755,9.87919,9.88385
2022-04-28 07:30:00,9.88377,9.88476,9.86758,9.86771
2022-04-28 07:45:00,9.86768,9.87793,9.86575,9.87777
2022-04-28 08:00:00,9.87784,9.89274,9.87625,9.89165
2022-04-28 08:15:00,9.89152,9.89699,9.8913,9.89633
2022-04-28 08:30:00,9.89627,9.90346,9.88606,9.88644
2022-04-28 08:45:00,9.88615,9.88648,9.85992,9.87557
2022-04-28 09:00:00,9.87568,9.87939,9.8628,9.86711
2022-04-28 09:15:00,9.86693,9.87515,9.86102,9.87206
2022-04-28 09:30:00,9.87218,9.87772,9.84871,9.85098
2022-04-28 09:45:00,9.85098,9.85507,9.84142,9.84292
2022-04-28 10:00:00,9.84311,9.85778,9.83697,9.84669
2022-04-28 10:15:00,9.84667,9.84692,9.81898,9.83549
2022-04-28 10:30:00,9.83655,9.84245,9.72265,9.73055
2022-04-28 10:45:00,9.73123,9.73309,9.70434,9.72128
2022-04-28 11:00:00,9.72177,9.74902,9.71734,9.74094
2022-04-28 11:15:00,9.741,9.7575,9.73635,9.74156
2022-04-28 11:30:00,9.74159,9.75529,9.73849,9.75466
2022-04-28 11:45:00,9.75473,9.78702,9.75378,9.78044
2022-04-28 12:00:00,9.78043,9.78298,9.75815,9.75969
2022-04-28 12:15:00,9.75971,9.77857,9.75966,9.76936
2022-04-28 12:30:00,9.76935,9.77765,9.76258,9.77626
2022-04-28 12:45:00,9.77629,9.79945,9.77109,9.79651
2022-04-28 13:00:00,9.79648,9.80433,9.79043,9.80247
2022-04-28 13:15:00,9.80258,9.81654,9.80254,9.81075
2022-04-28 13:30:00,9.8107,9.83794,9.8107,9.83025
2022-04-28 13:45:00,9.83024,9.84874,9.8262,9.84789
2022-04-28 14:00:00,9.84777,9.84836,9.82838,9.83712
2022-04-28 14:15:00,9.83713,9.85064,9.83169,9.83726
2022-04-28 14:30:00,9.83764,9.85386,9.83662,9.84982
2022-04-28 14:45:00,9.84984,9.86055,9.84901,9.85689
2022-04-28 15:00:00,9.85671,9.87852,9.85311,9.87822
2022-04-28 15:15:00,9.87814,9.88798,9.86497,9.87177
2022-04-28 15:30:00,9.8718,9.87226,9.83165,9.83487
2022-04-28 15:45:00,9.83509,9.85971,9.83509,9.85301
2022-04-28 16:00:00,9.85284,9.85661,9.82167,9.82823
2022-04-28 16:15:00,9.82811,9.83159,9.80957,9.82083
2022-04-28 16:30:00,9.82086,9.84266,9.82008,9.84053
2022-04-28 16:45:00,9.84068,9.84303,9.82535,9.82571
2022-04-28 17:00:00,9.82577,9.84502,9.8148,9.83925
2022-04-28 17:15:00,9.83924,9.84198,9.82446,9.84086
2022-04-28 17:30:00,9.84107,9.86133,9.84071,9.85478
2022-04-28 17:45:00,9.85486,9.86429,9.82578,9.83243
2022-04-28 18:00:00,9.83249,9.84048,9.81796,9.8196
2022-04-28 18:15:00,9.81911,9.83109,9.816,9.82585
2022-04-28 18:30:00,9.82574,9.83936,9.82085,9.83806
2022-04-28 18:45:00,9.838,9.84984,9.8377,9.84562
2022-04-28 19:00:00,9.84552,9.8604,9.84342,9.85507
2022-04-28 19:15:00,9.85512,9.85822,9.84757,9.85057
2022-04-28 19:30:00,9.85026,9.85245,9.83687,9.83954
2022-04-28 19:45:00,9.83958,9.83973,9.82473,9.82636
2022-04-28 20:00:00,9.82672,9.83105,9.8108,9.81186
2022-04-28 20:15:00,9.81168,9.83134,9.81139,9.82995
2022-04-28 20:30:00,9.82994,9.832,9.82418,9.82793
2022-04-28 20:45:00,9.82807,9.85274,9.82746,9.84635
2022-04-28 21:00:00,9.84636,9.8479,9.8366,9.83922
2022-04-28 21:15:00,9.83924,9.84856,9.83869,9.84338
2022-04-28 21:30:00,9.84339,9.85417,9.83615,9.84551
2022-04-28 21:45:00,9.84549,9.84592,9.83884,9.84482
2022-04-28 22:00:00,9.84536,9.85723,9.83655,9.84604
2022-04-28 22:15:00,9.84599,9.84998,9.83972,9.84628
2022-04-28 22:30:00,9.8463,9.86326,9.84543,9.85227
2022-04-28 22:45:00,9.85208,9.85792,9.84708,9.85002
2022-04-28 23:00:00,9.85079,9.86094,9.84916,9.86074
2022-04-28 23:15:00,9.86076,9.86934,9.86075,9.86468
2022-04-28 23:30:00,9.8647,9.86499,9.86106,9.86464
2022-04-28 23:45:00,9.86466,9.87586,9.86277,9.86351
2022-04-29 00:00:00,9.85999,9.8603,9.84956,9.85815
2022-04-29 00:15:00,9.85803,9.85853,9.8541,9.85781
2022-04-29 00:30:00,9.85787,9.85915,9.85567,9.85867
2022-04-29 00:45:00,9.85799,9.86846,9.85569,9.85683
2022-04-29 01:00:00,9.85443,9.85995,9.85361,9.8594
2022-04-29 01:15:00,9.85938,9.85992,9.85718,9.85926
2022-04-29 01:30:00,9.8593,9.86076,9.85788,9.85789
2022-04-29 01:45:00,9.85787,9.86486,9.85782,9.86041
2022-04-29 02:00:00,9.86061,9.87761,9.86061,9.87297
2022-04-29 02:15:00,9.87299,9.87937,9.87235,9.87932
2022-04-29 02:30:00,9.87931,9.88554,9.87916,9.88251
2022-04-29 02:45:00,9.88249,9.88549,9.87803,9.87804
2022-04-29 03:00:00,9.87789,9.8808,9.86438,9.86623
2022-04-29 03:15:00,9.86593,9.87013,9.8627,9.86731
2022-04-29 03:30:00,9.86727,9.87282,9.86425,9.8728
2022-04-29 03:45:00,9.87274,9.87506,9.86132,9.86233
2022-04-29 04:00:00,9.86235,9.8632,9.85359,9.85482
2022-04-29 04:15:00,9.85485,9.85701,9.84094,9.84111
2022-04-29 04:30:00,9.84124,9.84662,9.83951,9.8442
2022-04-29 04:45:00,9.84433,9.84856,9.84066,9.84652
2022-04-29 05:00:00,9.84667,9.84777,9.84031,9.84716
2022-04-29 05:15:00,9.84712,9.85137,9.84678,9.85034
2022-04-29 05:30:00,9.85038,9.85789,9.848,9.85627
2022-04-29 05:45:00,9.85639,9.85801,9.84987,9.85262
2022-04-29 06:00:00,9.85257,9.85712,9.84734,9.85348
2022-04-29 06:15:00,9.85356,9.85603,9.84762,9.85019
2022-04-29 06:30:00,9.85017,9.85021,9.8446,9.84572
2022-04-29 06:45:00,9.84571,9.85076,9.84092,9.84577
2022-04-29 07:00:00,9.84579,9.84891,9.84338,9.84409
2022-04-29 07:15:00,9.84408,9.84628,9.84243,9.84329
2022-04-29 07:30:00,9.84327,9.84597,9.84224,9.84272
2022-04-29 07:45:00,9.84278,9.8432,9.83582,9.83789
2022-04-29 08:00:00,9.83779,9.83779,9.81901,9.81941
2022-04-29 08:15:00,9.8194,9.81942,9.80291,9.804
2022-04-29 08:30:00,9.80403,9.8085,9.79675,9.80202
2022-04-29 08:45:00,9.80205,9.80464,9.79682,9.80201
2022-04-29 09:00:00,9.80212,9.81557,9.80199,9.80894
2022-04-29 09:15:00,9.80891,9.80891,9.78296,9.79438
2022-04-29 09:30:00,9.79409,9.79523,9.77627,9.78552
2022-04-29 09:45:00,9.78573,9.79344,9.78078,9.78554
2022-04-29 10:00:00,9.78519,9.78789,9.75669,9.76233
2022-04-29 10:15:00,9.7624,9.77144,9.75466,9.75856
2022-04-29 10:30:00,9.75853,9.76675,9.73292,9.74181
2022-04-29 10:45:00,9.74184,9.76075,9.74095,9.76043
2022-04-29 11:00:00,9.7605,9.76088,9.74614,9.75793
2022-04-29 11:15:00,9.75795,9.76882,9.75541,9.76002
2022-04-29 11:30:00,9.75992,9.77466,9.75165,9.75923
2022-04-29 11:45:00,9.75917,9.78099,9.75862,9.77771
2022-04-29 12:00:00,9.77768,9.78554,9.76841,9.78192
2022-04-29 12:15:00,9.78198,9.79869,9.7785,9.79223
2022-04-29 12:30:00,9.79217,9.79234,9.77148,9.77544
2022-04-29 12:45:00,9.77539,9.77984,9.76216,9.76648
2022-04-29 13:00:00,9.76563,9.78853,9.76426,9.77892
2022-04-29 13:15:00,9.77922,9.78144,9.77048,9.77056
2022-04-29 13:30:00,9.77039,9.77804,9.76712,9.77599
2022-04-29 13:45:00,9.77587,9.77616,9.76301,9.76454
2022-04-29 14:00:00,9.76487,9.77332,9.75651,9.77097
2022-04-29 14:15:00,9.77102,9.77402,9.74507,9.75011
2022-04-29 14:30:00,9.75008,9.76828,9.74636,9.76823
2022-04-29 14:45:00,9.76821,9.77829,9.76664,9.77285
2022-04-29 15:00:00,9.77286,9.7729,9.75411,9.76585
2022-04-29 15:15:00,9.76593,9.78439,9.7656,9.77767
2022-04-29 15:30:00,9.77739,9.81041,9.77675,9.78717
2022-04-29 15:45:00,9.78755,9.78938,9.77029,9.77825
2022-04-29 16:00:00,9.7785,9.78564,9.76549,9.78339
2022-04-29 16:15:00,9.78339,9.79031,9.77322,9.78902
2022-04-29 16:30:00,9.78877,9.79447,9.7788,9.78816
2022-04-29 16:45:00,9.78819,9.80141,9.78053,9.80141
2022-04-29 17:00:00,9.80167,9.81224,9.78546,9.79421
2022-04-29 17:15:00,9.79418,9.81168,9.79278,9.80881
2022-04-29 17:30:00,9.8084,9.82335,9.80413,9.80678
2022-04-29 17:45:00,9.80666,9.81923,9.77387,9.79554
2022-04-29 18:00:00,9.7956,9.79988,9.78604,9.79798
2022-04-29 18:15:00,9.7986,9.81378,9.79808,9.80932
2022-04-29 18:30:00,9.80955,9.81412,9.8016,9.80274
2022-04-29 18:45:00,9.80272,9.80404,9.78951,9.80326
2022-04-29 19:00:00,9.80321,9.80975,9.80243,9.80296
2022-04-29 19:15:00,9.80297,9.80376,9.79264,9.7999
2022-04-29 19:30:00,9.79987,9.80359,9.79605,9.79984
2022-04-29 19:45:00,9.79985,9.80083,9.79273,9.79978
2022-04-29 20:00:00,9.79987,9.80015,9.77862,9.78023
2022-04-29 20:15:00,9.78028,9.78373,9.76485,9.76937
2022-04-29 20:30:00,9.7695,9.77209,9.76517,9.76693
2022-04-29 20:45:00,9.76688,9.77373,9.76335,9.768
2022-04-29 21:00:00,9.76794,9.77814,9.76593,9.77794
2022-04-29 21:15:00,9.77793,9.77936,9.77153,9.77726
2022-04-29 21:30:00,9.77729,9.78337,9.77498,9.77887
2022-04-29 21:45:00,9.77889,9.78531,9.77686,9.78263
2022-04-29 22:00:00,9.78262,9.78617,9.77846,9.78367
2022-04-29 22:15:00,9.78385,9.79633,9.78113,9.79526
2022-04-29 22:30:00,9.79529,9.80967,9.78755,9.80657
2022-04-29 22:45:00,9.80678,9.8207,9.80663,9.81568
2022-04-29 23:00:00,9.81593,9.82882,9.81536,9.81957
2022-04-29 23:15:00,9.81945,9.82725,9.81584,9.81989
2022-04-29 23:30:00,9.81993,9.82295,9.81359,9.81905
2022-04-29 23:45:00,9.81912,9.83442,9.78786,9.80466
2022-05-02 00:00:00,9.775,9.79431,9.775,9.79293
2022-05-02 00:15:00,9.79294,9.79393,9.78997,9.79192
2022-05-02 00:30:00,9.79082,9.79573,9.7903,9.79573
2022-05-02 00:45:00,9.7954,9.80261,9.79513,9.79931
2022-05-02 01:00:00,9.79941,9.80562,9.79113,9.80538
2022-05-02 01:15:00,9.80537,9.81754,9.80489,9.81645
2022-05-02 01:30:00,9.81644,9.81747,9.81168,9.81486
2022-05-02 01:45:00,9.81487,9.81534,9.80653,9.81138
2022-05-02 02:00:00,9.8114,9.81351,9.80549,9.81226
2022-05-02 02:15:00,9.81223,9.81579,9.80538,9.81227
2022-05-02 02:30:00,9.81231,9.81477,9.80814,9.81289
2022-05-02 02:45:00,9.81286,9.82029,9.80898,9.81968
2022-05-02 03:00:00,9.81956,9.81956,9.79676,9.80064
2022-05-02 03:15:00,9.80069,9.81435,9.80051,9.81416
2022-05-02 03:30:00,9.81415,9.82747,9.81415,9.82738
2022-05-02 03:45:00,9.82737,9.8361,9.82669,9.83246
2022-05-02 04:00:00,9.83229,9.83542,9.82862,9.83504
2022-05-02 04:15:00,9.83503,9.83996,9.83228,9.83464
2022-05-02 04:30:00,9.83462,9.8406,9.83426,9.83475
2022-05-02 04:45:00,9.83467,9.84196,9.83391,9.83866
2022-05-02 05:00:00,9.83872,9.84622,9.83692,9.84474
2022-05-02 05:15:00,9.84468,9.84553,9.83577,9.83678
2022-05-02 05:30:00,9.83677,9.84191,9.83529,9.83608
2022-05-02 05:45:00,9.83607,9.84191,9.83514,9.84191
2022-05-02 06:00:00,9.83964,9.84231,9.83612,9.83955
2022-05-02 06:15:00,9.83949,9.84544,9.83783,9.84476
2022-05-02 06:30:00,9.84482,9.84482,9.83827,9.83965
2022-05-02 06:45:00,9.83969,9.84055,9.83501,9.83878
2022-05-02 07:00:00,9.83879,9.84425,9.83623,9.83916
2022-05-02 07:15:00,9.83922,9.84209,9.83798,9.84114
2022-05-02 07:30:00,9.84124,9.84535,9.84054,9.84365
2022-05-02 07:45:00,9.84366,9.84677,9.84182,9.84644
2022-05-02 08:00:00,9.84629,9.84958,9.84531,9.84699
2022-05-02 08:15:00,9.84698,9.84963,9.84569,9.84811
2022-05-02 08:30:00,9.8481,9.85062,9.84256,9.84706
2022-05-02 08:45:00,9.84709,9.85465,9.84342,9.852
2022-05-02 09:00:00,9.85201,9.85619,9.8396,9.8515
2022-05-02 09:15:00,9.85154,9.85556,9.84092,9.84182
2022-05-02 09:30:00,9.84196,9.85546,9.83917,9.85536
2022-05-02 09:45:00,9.85538,9.8573,9.82272,9.82933
2022-05-02 10:00:00,9.83078,9.84227,9.80844,9.81794
2022-05-02 10:15:00,9.8179,9.8424,9.81408,9.84149
2022-05-02 10:30:00,9.84143,9.84873,9.83773,9.84452
2022-05-02 10:45:00,9.84451,9.8839,9.84387,9.88075
2022-05-02 11:00:00,9.88066,9.89,9.85665,9.87526
2022-05-02 11:15:00,9.87597,9.8917,9.87417,9.8917
2022-05-02 11:30:00,9.89129,9.89686,9.88071,9.88837
2022-05-02 11:45:00,9.88835,9.89903,9.88654,9.89872
2022-05-02 12:00:00,9.89876,9.90445,9.89673,9.90015
2022-05-02 12:15:00,9.90017,9.90519,9.89612,9.90011
2022-05-02 12:30:00,9.90007,9.9083,9.8992,9.90269
2022-05-02 12:45:00,9.90262,9.90719,9.8985,9.90412
2022-05-02 13:00:00,9.90409,9.90594,9.89502,9.90283
2022-05-02 13:15:00,9.90282,9.90472,9.89687,9.89816
2022-05-02 13:30:00,9.89799,9.90426,9.89434,9.89687
2022-05-02 13:45:00,9.89684,9.89938,9.88121,9.88158
2022-05-02 14:00:00,9.88175,9.88836,9.87801,9.88535
2022-05-02 14:15:00,9.88534,9.8897,9.87466,9.87745
2022-05-02 14:30:00,9.87756,9.88934,9.87746,9.88477
2022-05-02 14:45:00,9.88476,9.89933,9.88273,9.89067
2022-05-02 15:00:00,9.89061,9.89067,9.87972,9.8841
2022-05-02 15:15:00,9.88408,9.88571,9.86816,9.86991
2022-05-02 15:30:00,9.86985,9.88233,9.86676,9.87752
2022-05-02 15:45:00,9.87748,9.88846,9.87462,9.88733
2022-05-02 16:00:00,9.8869,9.88708,9.87812,9.87997
2022-05-02 16:15:00,9.88001,9.89745,9.87881,9.89579
2022-05-02 16:30:00,9.89597,9.90367,9.87715,9.87951
2022-05-02 16:45:00,9.87942,9.89166,9.87299,9.8743
2022-05-02 17:00:00,9.87434,9.89823,9.86748,9.88591
2022-05-02 17:15:00,9.88634,9.88833,9.85905,9.86162
2022-05-02 17:30:00,9.86157,9.87467,9.85235,9.87316
2022-05-02 17:45:00,9.87317,9.90272,9.87286,9.90153
2022-05-02 18:00:00,9.90132,9.91144,9.9001,9.90823
2022-05-02 18:15:00,9.90783,9.91704,9.90493,9.90931
2022-05-02 18:30:00,9.90921,9.91124,9.89479,9.89626
2022-05-02 18:45:00,9.89625,9.89974,9.88707,9.88909
2022-05-02 19:00:00,9.88912,9.89374,9.88678,9.89219
2022-05-02 19:15:00,9.89218,9.89379,9.8881,9.88928
2022-05-02 19:30:00,9.8893,9.90104,9.88839,9.89767
2022-05-02 19:45:00,9.89701,9.90778,9.8884,9.90136
2022-05-02 20:00:00,9.90138,9.91204,9.9008,9.91036
2022-05-02 20:15:00,9.91037,9.91443,9.9086,9.91268
2022-05-02 20:30:00,9.9127,9.92513,9.9122,9.92482
2022-05-02 20:45:00,9.92483,9.93483,9.92449,9.93358
2022-05-02 21:00:00,9.9336,9.93681,9.92762,9.93672
2022-05-02 21:15:00,9.9367,9.93672,9.92708,9.92725
2022-05-02 21:30:00,9.92723,9.93342,9.92716,9.93256
2022-05-02 21:45:00,9.93253,9.9331,9.92597,9.93292
2022-05-02 22:00:00,9.93294,9.93437,9.92011,9.92049
2022-05-02 22:15:00,9.92048,9.92056,9.90194,9.90577
2022-05-02 22:30:00,9.90591,9.90894,9.89691,9.90884
2022-05-02 22:45:00,9.90946,9.91511,9.90386,9.91148
2022-05-02 23:00:00,9.91152,9.91615,9.90833,9.9103
2022-05-02 23:15:00,9.91029,9.91214,9.90738,9.91128
2022-05-02 23:30:00,9.91125,9.91192,9.90804,9.90863
2022-05-02 23:45:00,9.90864,9.90897,9.89279,9.89657
2022-05-03 00:00:00,9.89397,9.89397,9.87313,9.88369
2022-05-03 00:15:00,9.8837,9.88481,9.87719,9.87719
2022-05-03 00:30:00,9.87898,9.88848,9.87812,9.88119
2022-05-03 00:45:00,9.88081,9.89247,9.87824,9.88667
2022-05-03 01:00:00,9.88276,9.89531,9.88147,9.88218
2022-05-03 01:15:00,9.88219,9.88298,9.87995,9.88127
2022-05-03 01:30:00,9.88126,9.89107,9.88088,9.88964
2022-05-03 01:45:00,9.88917,9.89876,9.88892,9.8981
2022-05-03 02:00:00,9.89798,9.91124,9.89637,9.91071
2022-05-03 02:15:00,9.9107,9.9124,9.90859,9.91022
2022-05-03 02:30:00,9.91018,9.91122,9.90752,9.91024
2022-05-03 02:45:00,9.91017,9.91089,9.90633,9.90653
2022-05-03 03:00:00,9.90654,9.90981,9.90167,9.90447
2022-05-03 03:15:00,9.90441,9.90838,9.90425,9.90682
2022-05-03 03:30:00,9.90686,9.90708,9.89176,9.89369
2022-05-03 03:45:00,9.89286,9.89412,9.88652,9.88723
2022-05-03 04:00:00,9.88715,9.89122,9.88318,9.8907
2022-05-03 04:15:00,9.89065,9.89389,9.89006,9.89279
2022-05-03 04:30:00,9.89263,9.89688,9.89075,9.89677
2022-05-03 04:45:00,9.89675,9.89681,9.88899,9.89254
2022-05-03 05:00:00,9.89265,9.89289,9.88546,9.88695
2022-05-03 05:15:00,9.88697,9.88726,9.88214,9.88335
2022-05-03 05:30:00,9.88334,9.89445,9.88334,9.89318
2022-05-03 05:45:00,9.89312,9.90352,9.89152,9.89744
2022-05-03 06:00:00,9.89742,9.90548,9.89742,9.90113
2022-05-03 06:15:00,9.90119,9.90164,9.89539,9.89574
2022-05-03 06:30:00,9.89569,9.90165,9.8954,9.9002
2022-05-03 06:45:00,9.90026,9.90076,9.89556,9.89693
2022-05-03 07:00:00,9.897,9.90193,9.89607,9.89899
2022-05-03 07:15:00,9.899,9.90049,9.89739,9.9
2022-05-03 07:30:00,9.89999,9.89999,9.89106,9.89777
2022-05-03 07:45:00,9.89775,9.90908,9.89706,9.90897
2022-05-03 08:00:00,9.90895,9.91091,9.90096,9.9018
2022-05-03 08:15:00,9.90155,9.90236,9.89669,9.89939
2022-05-03 08:30:00,9.89938,9.90431,9.89758,9.90356
2022-05-03 08:45:00,9.90359,9.90883,9.8975,9.89893
2022-05-03 09:00:00,9.8993,9.91363,9.8993,9.90794
2022-05-03 09:15:00,9.90796,9.91537,9.90694,9.90883
2022-05-03 09:30:00,9.90882,9.90926,9.8961,9.89704
2022-05-03 09:45:00,9.89705,9.91141,9.8889,9.90577
2022-05-03 10:00:00,9.90585,9.91879,9.88592,9.88592
2022-05-03 10:15:00,9.88594,9.88913,9.86124,9.86863
2022-05-03 10:30:00,9.86848,9.87236,9.85328,9.86829
2022-05-03 10:45:00,9.86887,9.88111,9.85914,9.86263
2022-05-03 11:00:00,9.86272,9.86304,9.84966,9.86021
2022-05-03 11:15:00,9.86025,9.88077,9.85634,9.876
2022-05-03 11:30:00,9.87597,9.89719,9.8741,9.8836
2022-05-03 11:45:00,9.88365,9.8925,9.87724,9.89105
2022-05-03 12:00:00,9.89067,9.89928,9.88745,9.89504
2022-05-03 12:15:00,9.89503,9.89634,9.88008,9.88426
2022-05-03 12:30:00,9.88407,9.88601,9.87067,9.87384
2022-05-03 12:45:00,9.8738,9.87651,9.86946,9.87607
2022-05-03 13:00:00,9.87594,9.88691,9.87593,9.88229
2022-05-03 13:15:00,9.88231,9.89909,9.8775,9.89575
2022-05-03 13:30:00,9.89579,9.90284,9.8878,9.89293
2022-05-03 13:45:00,9.89297,9.8993,9.89098,9.89456
2022-05-03 14:00:00,9.89457,9.89928,9.89247,9.89541
2022-05-03 14:15:00,9.8954,9.89979,9.87445,9.8765
2022-05-03 14:30:00,9.87649,9.87695,9.86467,9.87056
2022-05-03 14:45:00,9.87059,9.87523,9.84871,9.85749
2022-05-03 15:00:00,9.85762,9.85809,9.84367,9.8488
2022-05-03 15:15:00,9.84875,9.85729,9.84303,9.84373
2022-05-03 15:30:00,9.84366,9.84589,9.82761,9.83555
2022-05-03 15:45:00,9.83566,9.84669,9.834,9.84199
2022-05-03 16:00:00,9.84221,9.84564,9.83084,9.84285
2022-05-03 16:15:00,9.84304,9.8493,9.83721,9.83865
2022-05-03 16:30:00,9.83863,9.84898,9.83317,9.84817
2022-05-03 16:45:00,9.84821,9.86039,9.84807,9.85092
2022-05-03 17:00:00,9.8509,9.86341,9.84396,9.84877
2022-05-03 17:15:00,9.8488,9.85656,9.83391,9.83666
2022-05-03 17:30:00,9.8367,9.85111,9.8292,9.84814
2022-05-03 17:45:00,9.84807,9.86465,9.84726,9.86067
2022-05-03 18:00:00,9.86081,9.8646,9.84331,9.84703
2022-05-03 18:15:00,9.84645,9.85103,9.83883,9.84526
2022-05-03 18:30:00,9.84545,9.85221,9.84489,9.85068
2022-05-03 18:45:00,9.85046,9.85334,9.84848,9.85298
2022-05-03 19:00:00,9.85297,9.87092,9.85291,9.87083
2022-05-03 19:15:00,9.87082,9.87272,9.8653,9.86679
2022-05-03 19:30:00,9.86675,9.86966,9.86022,9.861
2022-05-03 19:45:00,9.86092,9.87063,9.85924,9.86881
2022-05-03 20:00:00,9.8688,9.86946,9.84982,9.85263
2022-05-03 20:15:00,9.8526,9.86137,9.84461,9.85977
2022-05-03 20:30:00,9.85974,9.86435,9.85704,9.85708
2022-05-03 20:45:00,9.85707,9.8724,9.85648,9.8674
2022-05-03 21:00:00,9.86805,9.87336,9.86607,9.87173
2022-05-03 21:15:00,9.87176,9.88832,9.87176,9.88048
2022-05-03 21:30:00,9.88047,9.8862,9.86973,9.88127
2022-05-03 21:45:00,9.881,9.88187,9.86385,9.86418
2022-05-03 22:00:00,9.86412,9.86845,9.86225,9.86407
2022-05-03 22:15:00,9.86401,9.87305,9.86176,9.87159
2022-05-03 22:30:00,9.8716,9.87613,9.86932,9.87298
2022-05-03 22:45:00,9.87292,9.87516,9.86317,9.86433
2022-05-03 23:00:00,9.8643,9.86713,9.86226,9.86426
2022-05-03 23:15:00,9.86428,9.86512,9.86042,9.86445
2022-05-03 23:30:00,9.86445,9.86481,9.86249,9.86295
2022-05-03 23:45:00,9.86294,9.87598,9.85944,9.86319
2022-05-04 00:00:00,9.86305,9.86305,9.84495,9.84956
2022-05-04 00:15:00,9.84953,9.85899,9.84952,9.85889
2022-05-04 00:30:00,9.85898,9.85898,9.85675,9.85738
2022-05-04 00:45:00,9.85742,9.85765,9.85282,9.85408
2022-05-04 01:00:00,9.84765,9.86521,9.84607,9.8616
2022-05-04 01:15:00,9.86158,9.86357,9.86112,9.86334
2022-05-04 01:30:00,9.86331,9.86521,9.86221,9.86267
2022-05-04 01:45:00,9.86268,9.86413,9.86228,9.86275
2022-05-04 02:00:00,9.8628,9.86604,9.86061,9.86507
2022-05-04 02:15:00,9.8651,9.86811,9.86406,9.86706
2022-05-04 02:30:00,9.86704,9.8701,9.86456,9.8672
2022-05-04 02:45:00,9.86716,9.86884,9.85841,9.86397
2022-05-04 03:00:00,9.86399,9.86415,9.85427,9.86391
2022-05-04 03:15:00,9.86384,9.87116,9.86141,9.86931
2022-05-04 03:30:00,9.86947,9.87054,9.86348,9.86865
2022-05-04 03:45:00,9.86869,9.86904,9.85855,9.86488
2022-05-04 04:00:00,9.86483,9.87272,9.86303,9.87137
2022-05-04 04:15:00,9.87138,9.87146,9.86109,9.86137
2022-05-04 04:30:00,9.86145,9.86433,9.8522,9.85253
2022-05-04 04:45:00,9.85256,9.85824,9.85022,9.85634
2022-05-04 05:00:00,9.85633,9.85837,9.85402,9.85837
2022-05-04 05:15:00,9.85833,9.86121,9.85559,9.85868
2022-05-04 05:30:00,9.85872,9.86419,9.85811,9.86326
2022-05-04 05:45:00,9.86338,9.86705,9.86194,9.86676
2022-05-04 06:00:00,9.8667,9.86808,9.86312,9.86588
2022-05-04 06:15:00,9.86589,9.87026,9.86586,9.86852
2022-05-04 06:30:00,9.8685,9.87287,9.86849,9.87016
2022-05-04 06:45:00,9.87019,9.87205,9.86952,9.871
2022-05-04 07:00:00,9.87101,9.87269,9.86812,9.86844
2022-05-04 07:15:00,9.8684,9.87146,9.86656,9.8704
2022-05-04 07:30:00,9.87039,9.87265,9.8691,9.87002
2022-05-04 07:45:00,9.87003,9.8722,9.8697,9.87176
2022-05-04 08:00:00,9.87185,9.8745,9.86896,9.87065
2022-05-04 08:15:00,9.87064,9.88211,9.87023,9.88024
2022-05-04 08:30:00,9.88022,9.88588,9.8797,9.88186
2022-05-04 08:45:00,9.88204,9.88773,9.88131,9.88629
2022-05-04 09:00:00,9.88632,9.89414,9.87133,9.87136
2022-05-04 09:15:00,9.87125,9.87236,9.86619,9.87188
2022-05-04 09:30:00,9.87209,9.87396,9.86336,9.8661
2022-05-04 09:45:00,9.8664,9.87648,9.86519,9.86728
2022-05-04 10:00:00,9.86704,9.88121,9.85852,9.88009
2022-05-04 10:15:00,9.8801,9.90035,9.87853,9.89751
2022-05-04 10:30:00,9.8975,9.89939,9.87061,9.87362
2022-05-04 10:45:00,9.87364,9.88506,9.87307,9.87366
2022-05-04 11:00:00,9.8727,9.88027,9.86592,9.87991
2022-05-04 11:15:00,9.88031,9.89407,9.87464,9.87674
2022-05-04 11:30:00,9.87668,9.87701,9.86344,9.8676
2022-05-04 11:45:00,9.86704,9.87852,9.85942,9.87774
2022-05-04 12:00:00,9.87765,9.88883,9.87222,9.88512
2022-05-04 12:15:00,9.88513,9.88551,9.87314,9.87454
2022-05-04 12:30:00,9.87455,9.8784,9.87142,9.87831
2022-05-04 12:45:00,9.87847,9.88466,9.87379,9.8835
2022-05-04 13:00:00,9.88331,9.88747,9.87614,9.87958
2022-05-04 13:15:00,9.87954,9.88653,9.8776,9.87951
2022-05-04 13:30:00,9.87953,9.88923,9.87327,9.87782
2022-05-04 13:45:00,9.878,9.8802,9.86439,9.86601
2022-05-04 14:00:00,9.86599,9.87904,9.86553,9.87904
2022-05-04 14:15:00,9.87902,9.87922,9.86232,9.87112
2022-05-04 14:30:00,9.87114,9.87155,9.86399,9.86679
2022-05-04 14:45:00,9.86678,9.87668,9.86472,9.86777
2022-05-04 15:00:00,9.86798,9.88329,9.86628,9.87058
2022-05-04 15:15:00,9.87076,9.87778,9.85436,9.8569
2022-05-04 15:30:00,9.85694,9.86188,9.84195,9.84464
2022-05-04 15:45:00,9.84466,9.85725,9.84344,9.84998
2022-05-04 16:00:00,9.85014,9.85679,9.84794,9.84907
2022-05-04 16:15:00,9.84918,9.85182,9.84458,9.85025
2022-05-04 16:30:00,9.8502,9.86497,9.8502,9.85588
2022-05-04 16:45:00,9.85589,9.87,9.84931,9.86719
2022-05-04 17:00:00,9.867,9.87799,9.86562,9.87157
2022-05-04 17:15:00,9.87195,9.87491,9.85077,9.85559
2022-05-04 17:30:00,9.85552,9.86604,9.85281,9.86402
2022-05-04 17:45:00,9.86404,9.8721,9.86187,9.86486
2022-05-04 18:00:00,9.86474,9.86474,9.85743,9.86064
2022-05-04 18:15:00,9.86069,9.8618,9.84704,9.85275
2022-05-04 18:30:00,9.85279,9.86144,9.84925,9.85762
2022-05-04 18:45:00,9.85758,9.8619,9.85043,9.85953
2022-05-04 19:00:00,9.85948,9.86606,9.85656,9.86117
2022-05-04 19:15:00,9.86121,9.8664,9.84929,9.85066
2022-05-04 19:30:00,9.85058,9.8555,9.85019,9.85532
2022-05-04 19:45:00,9.85534,9.86089,9.84673,9.84841
2022-05-04 20:00:00,9.8484,9.86333,9.84641,9.86181
2022-05-04 20:15:00,9.8619,9.86809,9.85986,9.86777
2022-05-04 20:30:00,9.86693,9.87094,9.86557,9.86782
2022-05-04 20:45:00,9.86784,9.87239,9.8591,9.86287
2022-05-04 21:00:00,9.86165,9.87298,9.83569,9.85074
2022-05-04 21:15:00,9.85135,9.85921,9.84622,9.84916
2022-05-04 21:30:00,9.84914,9.89142,9.81834,9.81983
2022-05-04 21:45:00,9.81911,9.82369,9.72067,9.76079
2022-05-04 22:00:00,9.7605,9.79348,9.7351,9.75984
2022-05-04 22:15:00,9.75976,9.78217,9.75788,9.76259
2022-05-04 22:30:00,9.76316,9.76732,9.74216,9.75925
2022-05-04 22:45:00,9.75944,9.76606,9.74837,9.7534
2022-05-04 23:00:00,9.75279,9.75612,9.73415,9.73819
2022-05-04 23:15:00,9.73822,9.74593,9.73144,9.74121
2022-05-04 23:30:00,9.74123,9.74442,9.73415,9.74415
2022-05-04 23:45:00,9.74416,9.74767,9.73014,9.73239
2022-05-05 00:00:00,9.73343,9.73939,9.71445,9.73715
2022-05-05 00:15:00,9.73681,9.74081,9.7344,9.73791
2022-05-05 00:30:00,9.73949,9.73949,9.73605,9.73605
2022-05-05 00:45:00,9.73611,9.73686,9.73118,9.73185
2022-05-05 01:00:00,9.73365,9.74147,9.73141,9.73932
2022-05-05 01:15:00,9.73933,9.7432,9.73719,9.74301
2022-05-05 01:30:00,9.74291,9.74766,9.73975,9.74596
2022-05-05 01:45:00,9.74591,9.75312,9.74351,9.75213
2022-05-05 02:00:00,9.75217,9.754,9.74918,9.7524
2022-05-05 02:15:00,9.75266,9.75331,9.74871,9.75017
2022-05-05 02:30:00,9.75009,9.75212,9.74349,9.74401
2022-05-05 02:45:00,9.74402,9.74436,9.73496,9.7372
2022-05-05 03:00:00,9.73729,9.74185,9.73187,9.74131
2022-05-05 03:15:00,9.7413,9.74621,9.72992,9.74592
2022-05-05 03:30:00,9.74586,9.75232,9.7397,9.74914
2022-05-05 03:45:00,9.74917,9.75124,9.74251,9.74642
2022-05-05 04:00:00,9.74643,9.7478,9.73944,9.74335
2022-05-05 04:15:00,9.74315,9.7435,9.72569,9.7276
2022-05-05 04:30:00,9.72765,9.73705,9.71784,9.73269
2022-05-05 04:45:00,9.73268,9.73932,9.7323,9.73261
2022-05-05 05:00:00,9.73266,9.73964,9.73004,9.7395
2022-05-05 05:15:00,9.73953,9.74444,9.73724,9.74182
2022-05-05 05:30:00,9.74184,9.74202,9.72841,9.73148
2022-05-05 05:45:00,9.73178,9.73848,9.73021,9.73761
2022-05-05 06:00:00,9.73753,9.74116,9.73663,9.73689
2022-05-05 06:15:00,9.73701,9.7387,9.73322,9.73641
2022-05-05 06:30:00,9.73643,9.73678,9.73053,9.736
2022-05-05 06:45:00,9.73615,9.74402,9.73615,9.74147
2022-05-05 07:00:00,9.74153,9.74744,9.74125,9.74449
2022-05-05 07:15:00,9.74457,9.74976,9.74184,9.74916
2022-05-05 07:30:00,9.74912,9.74918,9.7426,9.74655
2022-05-05 07:45:00,9.74656,9.74662,9.7376,9.74578
2022-05-05 08:00:00,9.74553,9.75436,9.74038,9.74788
2022-05-05 08:15:00,9.74789,9.75009,9.74052,9.74414
2022-05-05 08:30:00,9.74413,9.75093,9.74279,9.7486
2022-05-05 08:45:00,9.74852,9.75422,9.74577,9.74778
2022-05-05 09:00:00,9.74771,9.75805,9.74477,9.74823
2022-05-05 09:15:00,9.74836,9.76408,9.73384,9.76226
2022-05-05 09:30:00,9.76225,9.78289,9.76073,9.77639
2022-05-05 09:45:00,9.77594,9.77599,9.76098,9.77246
2022-05-05 10:00:00,9.7722,9.78101,9.75939,9.76352
2022-05-05 10:15:00,9.76327,9.77917,9.76064,9.776
2022-05-05 10:30:00,9.7756,9.77564,9.75348,9.75632
2022-05-05 10:45:00,9.75634,9.77185,9.74379,9.75255
2022-05-05 11:00:00,9.75203,9.77702,9.75023,9.7705
2022-05-05 11:15:00,9.77051,9.77344,9.75944,9.7704
2022-05-05 11:30:00,9.77039,9.79062,9.76941,9.78129
2022-05-05 11:45:00,9.78126,9.78274,9.76089,9.76215
2022-05-05 12:00:00,9.7615,9.76786,9.75589,9.75589
2022-05-05 12:15:00,9.75623,9.75992,9.7495,9.75609
2022-05-05 12:30:00,9.75615,9.76032,9.75374,9.757
2022-05-05 12:45:00,9.75704,9.76181,9.74886,9.75323
2022-05-05 13:00:00,9.75339,9.75782,9.74887,9.75075
2022-05-05 13:15:00,9.75073,9.76382,9.74953,9.75966
2022-05-05 13:30:00,9.75965,9.77332,9.75917,9.77223
2022-05-05 13:45:00,9.77224,9.77374,9.75623,9.75714
2022-05-05 14:00:00,9.7565,9.79229,9.75046,9.79229
2022-05-05 14:15:00,9.79227,9.81888,9.78939,9.81483
2022-05-05 14:30:00,9.81424,9.82346,9.80353,9.81648
2022-05-05 14:45:00,9.81649,9.8381,9.8134,9.83519
2022-05-05 15:00:00,9.83532,9.83555,9.81283,9.81508
2022-05-05 15:15:00,9.81529,9.83717,9.81506,9.83329
2022-05-05 15:30:00,9.83318,9.84886,9.83047,9.84532
2022-05-05 15:45:00,9.84533,9.84826,9.83735,9.84221
2022-05-05 16:00:00,9.84195,9.85091,9.8394,9.84761
2022-05-05 16:15:00,9.84769,9.84783,9.8322,9.84436
2022-05-05 16:30:00,9.84418,9.85585,9.83959,9.84822
2022-05-05 16:45:00,9.8482,9.8628,9.84246,9.84452
2022-05-05 17:00:00,9.84461,9.8913,9.84444,9.87993
2022-05-05 17:15:00,9.87999,9.89334,9.87677,9.88182
2022-05-05 17:30:00,9.88197,9.89328,9.8734,9.88942
2022-05-05 17:45:00,9.88973,9.92289,9.88657,9.91693
2022-05-05 18:00:00,9.91695,9.95893,9.91665,9.9476
2022-05-05 18:15:00,9.94781,9.96549,9.94781,9.95775
2022-05-05 18:30:00,9.9582,9.95974,9.94652,9.94754
2022-05-05 18:45:00,9.9476,9.96667,9.9472,9.96646
2022-05-05 19:00:00,9.96692,9.98781,9.96638,9.9789
2022-05-05 19:15:00,9.97888,9.99162,9.96303,9.96488
2022-05-05 19:30:00,9.96494,9.9688,9.95919,9.9674
2022-05-05 19:45:00,9.96717,9.98229,9.9671,9.96942
2022-05-05 20:00:00,9.97104,9.97115,9.93205,9.95812
2022-05-05 20:15:00,9.95815,9.96028,9.94482,9.96017
2022-05-05 20:30:00,9.96019,9.9693,9.9513,9.95785
2022-05-05 20:45:00,9.95786,9.97757,9.95384,9.97628
2022-05-05 21:00:00,9.97614,9.98221,9.97179,9.97235
2022-05-05 21:15:00,9.97236,9.97275,9.95276,9.97167
2022-05-05 21:30:00,9.97223,9.97438,9.96789,9.96927
2022-05-05 21:45:00,9.96926,9.96995,9.9541,9.96145
2022-05-05 22:00:00,9.96126,9.96552,9.95554,9.96302
2022-05-05 22:15:00,9.96283,9.96429,9.95151,9.95782
2022-05-05 22:30:00,9.95781,9.96171,9.94184,9.942
2022-05-05 22:45:00,9.94199,9.95157,9.93874,9.93998
2022-05-05 23:00:00,9.94002,9.94499,9.93938,9.94154
2022-05-05 23:15:00,9.9415,9.94516,9.93979,9.94511
2022-05-05 23:30:00,9.94514,9.95046,9.94369,9.94385
2022-05-05 23:45:00,9.94392,9.94931,9.93172,9.93339
2022-05-06 00:00:00,9.93391,9.93391,9.91492,9.9252
2022-05-06 00:15:00,9.92519,9.92612,9.92129,9.92226
2022-05-06 00:30:00,9.92511,9.92863,9.92422,9.9263
2022-05-06 00:45:00,9.92696,9.92886,9.92426,9.92837
2022-05-06 01:00:00,9.92857,9.93365,9.92682,9.93164
2022-05-06 01:15:00,9.93168,9.94157,9.92961,9.93968
2022-05-06 01:30:00,9.93967,9.94066,9.93635,9.93736
2022-05-06 01:45:00,9.93737,9.94118,9.93593,9.93676
2022-05-06 02:00:00,9.93684,9.94719,9.93657,9.94482
2022-05-06 02:15:00,9.94488,9.951,9.94372,9.94819
2022-05-06 02:30:00,9.94806,9.95058,9.94504,9.9456
2022-05-06 02:45:00,9.94554,9.94751,9.94221,9.94549
2022-05-06 03:00:00,9.94551,9.95144,9.94373,9.94993
2022-05-06 03:15:00,9.94992,9.94998,9.93532,9.94306
2022-05-06 03:30:00,9.94307,9.94796,9.94204,9.94233
2022-05-06 03:45:00,9.94234,9.94886,9.93946,9.9459
2022-05-06 04:00:00,9.94586,9.9507,9.94113,9.94325
2022-05-06 04:15:00,9.94354,9.96326,9.94305,9.95533
2022-05-06 04:30:00,9.95525,9.97157,9.95315,9.96633
2022-05-06 04:45:00,9.96644,9.97534,9.96039,9.96346
2022-05-06 05:00:00,9.9637,9.96899,9.95745,9.96406
2022-05-06 05:15:00,9.96411,9.96688,9.958,9.96139
2022-05-06 05:30:00,9.9614,9.96345,9.95833,9.95879
2022-05-06 05:45:00,9.9588,9.96322,9.95158,9.95761
2022-05-06 06:00:00,9.95768,9.95969,9.94954,9.95095
2022-05-06 06:15:00,9.95118,9.95378,9.94814,9.95096
2022-05-06 06:30:00,9.95073,9.95148,9.94702,9.94909
2022-05-06 06:45:00,9.94905,9.95156,9.94563,9.94911
2022-05-06 07:00:00,9.94912,9.95552,9.94827,9.95534
2022-05-06 07:15:00,9.95531,9.95748,9.95451,9.95525
2022-05-06 07:30:00,9.95558,9.95725,9.94223,9.94631
2022-05-06 07:45:00,9.94626,9.94768,9.938,9.93995
2022-05-06 08:00:00,9.93995,9.95174,9.93981,9.95028
2022-05-06 08:15:00,9.95026,9.95483,9.94729,9.94729
2022-05-06 08:30:00,9.94728,9.95833,9.94701,9.95699
2022-05-06 08:45:00,9.95692,9.97049,9.95642,9.966
2022-05-06 09:00:00,9.96583,9.97216,9.9632,9.96966
2022-05-06 09:15:00,9.96974,9.97564,9.95784,9.97084
2022-05-06 09:30:00,9.97086,9.97141,9.9534,9.95421
2022-05-06 09:45:00,9.95422,9.99847,9.95249,9.9948
2022-05-06 10:00:00,9.99472,10.01466,9.98452,10.00633
2022-05-06 10:15:00,10.00628,10.01996,9.98545,9.99256
2022-05-06 10:30:00,9.99249,10.01788,9.99212,10.00746
2022-05-06 10:45:00,10.00819,10.01772,9.96146,9.99004
2022-05-06 11:00:00,9.9901,9.99962,9.95836,9.98174
2022-05-06 11:15:00,9.9818,9.98282,9.95268,9.95585
2022-05-06 11:30:00,9.95609,9.95716,9.91999,9.93588
2022-05-06 11:45:00,9.93604,9.96421,9.93193,9.94598
2022-05-06 12:00:00,9.94605,9.95999,9.94225,9.94549
2022-05-06 12:15:00,9.94565,9.94671,9.93154,9.93957
2022-05-06 12:30:00,9.93959,9.93992,9.91393,9.92253
2022-05-06 12:45:00,9.92251,9.92306,9.90108,9.90328
2022-05-06 13:00:00,9.90327,9.90435,9.8809,9.88933
2022-05-06 13:15:00,9.88931,9.88936,9.87113,9.87145
2022-05-06 13:30:00,9.87146,9.88262,9.86854,9.87831
2022-05-06 13:45:00,9.87832,9.89271,9.86897,9.88771
2022-05-06 14:00:00,9.88771,9.89478,9.87878,9.88909
2022-05-06 14:15:00,9.88902,9.89963,9.88769,9.89473
2022-05-06 14:30:00,9.89463,9.90077,9.88754,9.89841
2022-05-06 14:45:00,9.89831,9.92157,9.89831,9.91392
2022-05-06 15:00:00,9.91394,9.9198,9.89487,9.90216
2022-05-06 15:15:00,9.90212,9.91139,9.88123,9.88123
2022-05-06 15:30:00,9.87855,9.89358,9.86335,9.89332
2022-05-06 15:45:00,9.89359,9.93892,9.89299,9.93695
2022-05-06 16:00:00,9.93717,9.93738,9.91151,9.91867
2022-05-06 16:15:00,9.91868,9.92048,9.88254,9.88523
2022-05-06 16:30:00,9.88508,9.92706,9.87921,9.92178
2022-05-06 16:45:00,9.92183,9.93854,9.90432,9.9354
2022-05-06 17:00:00,9.93526,9.93912,9.8944,9.90119
2022-05-06 17:15:00,9.90139,9.90761,9.88384,9.89548
2022-05-06 17:30:00,9.89517,9.92936,9.8948,9.92483
2022-05-06 17:45:00,9.92509,9.92681,9.89482,9.89959
2022-05-06 18:00:00,9.89963,9.90247,9.88415,9.89786
2022-05-06 18:15:00,9.89784,9.89986,9.87481,9.8838
2022-05-06 18:30:00,9.88362,9.90395,9.87338,9.89776
2022-05-06 18:45:00,9.89777,9.92816,9.89706,9.92346
2022-05-06 19:00:00,9.92342,9.92479,9.89889,9.91564
2022-05-06 19:15:00,9.91566,9.92171,9.90491,9.90804
2022-05-06 19:30:00,9.90812,9.91015,9.89245,9.90494
2022-05-06 19:45:00,9.90495,9.91254,9.89702,9.89939
2022-05-06 20:00:00,9.89965,9.91475,9.89597,9.90605
2022-05-06 20:15:00,9.90608,9.91548,9.90562,9.91184
2022-05-06 20:30:00,9.91185,9.91978,9.90774,9.91855
2022-05-06 20:45:00,9.91848,9.94512,9.90904,9.94196
2022-05-06 21:00:00,9.94111,9.94458,9.92939,9.93758
2022-05-06 21:15:00,9.93759,9.93794,9.92836,9.93435
2022-05-06 21:30:00,9.93436,9.94741,9.93436,9.94479
2022-05-06 21:45:00,9.94474,9.94731,9.93513,9.94225
2022-05-06 22:00:00,9.94229,9.94803,9.94153,9.94438
2022-05-06 22:15:00,9.94433,9.95996,9.94381,9.95413
2022-05-06 22:30:00,9.954,9.95445,9.93288,9.938
2022-05-06 22:45:00,9.93805,9.94597,9.93045,9.94438
2022-05-06 23:00:00,9.94439,9.94982,9.94299,9.94923
2022-05-06 23:15:00,9.94921,9.95615,9.94884,9.95611
2022-05-06 23:30:00,9.95606,9.96029,9.94449,9.95624
2022-05-06 23:45:00,9.95502,9.9565,9.9235,9.93084
2022-05-09 00:00:00,9.92106,9.93172,9.92106,9.9236
2022-05-09 00:15:00,9.92775,9.92775,9.92026,9.92406
2022-05-09 00:30:00,9.92026,9.92442,9.92026,9.9244
2022-05-09 00:45:00,9.92439,9.9441,9.92272,9.93725
2022-05-09 01:00:00,9.93723,9.96217,9.93256,9.9586
2022-05-09 01:15:00,9.95872,9.95982,9.95624,9.95854
2022-05-09 01:30:00,9.95855,9.95959,9.95668,9.95822
2022-05-09 01:45:00,9.95826,9.96486,9.9577,9.96356
2022-05-09 02:00:00,9.96366,9.97241,9.96256,9.96579
2022-05-09 02:15:00,9.96585,9.97073,9.96416,9.96739
2022-05-09 02:30:00,9.96738,9.97044,9.96399,9.96528
2022-05-09 02:45:00,9.96519,9.97162,9.95834,9.9683
2022-05-09 03:00:00,9.96812,9.97175,9.96247,9.96913
2022-05-09 03:15:00,9.96908,9.97488,9.96539,9.9737
2022-05-09 03:30:00,9.97349,9.98371,9.97349,9.98204
2022-05-09 03:45:00,9.98202,9.9942,9.97985,9.99316
2022-05-09 04:00:00,9.99299,10.00146,9.9883,9.99409
2022-05-09 04:15:00,9.99412,9.99894,9.99031,9.9988
2022-05-09 04:30:00,9.99881,10.00076,9.99247,9.99247
2022-05-09 04:45:00,9.99246,9.99362,9.98536,9.98779
2022-05-09 05:00:00,9.98778,9.99866,9.98749,9.99834
2022-05-09 05:15:00,9.99829,9.99843,9.99351,9.99584
2022-05-09 05:30:00,9.99585,10.00607,9.99322,10.00425
2022-05-09 05:45:00,10.0044,10.00616,10.0009,10.00487
2022-05-09 06:00:00,10.00486,10.00707,9.99297,9.99601
2022-05-09 06:15:00,9.99606,10.00025,9.99078,9.99156
2022-05-09 06:30:00,9.99157,9.99274,9.9868,9.99221
2022-05-09 06:45:00,9.99222,9.99706,9.98968,9.98992
2022-05-09 07:00:00,9.98993,9.99639,9.9873,9.99313
2022-05-09 07:15:00,9.99315,9.99471,9.98421,9.98506
2022-05-09 07:30:00,9.98505,9.99553,9.98478,9.99113
2022-05-09 07:45:00,9.99164,9.99524,9.99084,9.99243
2022-05-09 08:00:00,9.99245,10.00886,9.9922,10.00687
2022-05-09 08:15:00,10.00695,10.01386,10.0061,10.00944
2022-05-09 08:30:00,10.00945,10.01214,10.00351,10.00729
2022-05-09 08:45:00,10.0073,10.02296,10.00725,10.0214
2022-05-09 09:00:00,10.01879,10.05872,10.00344,10.00864
2022-05-09 09:15:00,10.00903,10.01015,9.99358,9.99621
2022-05-09 09:30:00,9.99618,10.00267,9.99343,10.00179
2022-05-09 09:45:00,10.00146,10.01647,9.99931,10.00748
2022-05-09 10:00:00,10.00784,10.0125,9.9879,9.99161
2022-05-09 10:15:00,9.99167,10.02249,9.99133,9.99931
2022-05-09 10:30:00,9.99933,10.0085,9.98469,10.00038
2022-05-09 10:45:00,10.00017,10.01248,9.99158,10.00771
2022-05-09 11:00:00,10.00704,10.01581,9.99804,10.01317
2022-05-09 11:15:00,10.01317,10.02859,10.00934,10.01701
2022-05-09 11:30:00,10.01703,10.03622,10.01698,10.03519
2022-05-09 11:45:00,10.03523,10.03965,10.02308,10.02655
2022-05-09 12:00:00,10.02658,10.02823,10.00615,10.00808
2022-05-09 12:15:00,10.00812,10.01962,10.00732,10.01854
2022-05-09 12:30:00,10.01857,10.01925,10.00516,10.00548
2022-05-09 12:45:00,10.00553,10.01077,9.99509,9.99964
2022-05-09 13:00:00,9.99965,10.00254,9.99063,9.99079
2022-05-09 13:15:00,9.99025,10.00094,9.98721,9.99578
2022-05-09 13:30:00,9.99588,9.99812,9.99259,9.99546
2022-05-09 13:45:00,9.99542,9.99656,9.98418,9.98952
2022-05-09 14:00:00,9.98954,9.99931,9.98742,9.99816
2022-05-09 14:15:00,9.99818,10.0111,9.99498,10.00405
2022-05-09 14:30:00,10.00404,10.00505,9.99852,10.00015
2022-05-09 14:45:00,10.00007,10.00664,9.99609,10.00522
2022-05-09 15:00:00,10.00526,10.0216,9.99352,10.01977
2022-05-09 15:15:00,10.01976,10.0342,9.99878,10.00066
2022-05-09 15:30:00,10.00067,10.00556,9.99046,9.99579
2022-05-09 15:45:00,9.99549,10.00202,9.99145,9.99917
2022-05-09 16:00:00,9.99912,10.02132,9.99796,10.00855
2022-05-09 16:15:00,10.00968,10.02057,10.00916,10.01872
2022-05-09 16:30:00,10.01868,10.03309,10.01256,10.02513
2022-05-09 16:45:00,10.02496,10.05666,10.02496,10.05666
2022-05-09 17:00:00,10.05694,10.06594,10.05429,10.05785
2022-05-09 17:15:00,10.05777,10.07157,10.05366,10.06568
2022-05-09 17:30:00,10.06575,10.09552,10.06513,10.08989
2022-05-09 17:45:00,10.08923,10.10537,10.08567,10.10147
2022-05-09 18:00:00,10.10162,10.10353,10.08843,10.10018
2022-05-09 18:15:00,10.10012,10.12095,10.09604,10.11745
2022-05-09 18:30:00,10.11727,10.12547,10.11429,10.11876
2022-05-09 18:45:00,10.11871,10.11994,10.07699,10.08422
2022-05-09 19:00:00,10.08419,10.08468,10.05063,10.05123
2022-05-09 19:15:00,10.05077,10.05142,10.0336,10.03615
2022-05-09 19:30:00,10.0363,10.05218,10.03135,10.05087
2022-05-09 19:45:00,10.05086,10.07365,10.04979,10.07334
2022-05-09 20:00:00,10.07351,10.07683,10.06077,10.07656
2022-05-09 20:15:00,10.07681,10.07884,10.07022,10.07307
2022-05-09 20:30:00,10.07301,10.09545,10.07025,10.09103
2022-05-09 20:45:00,10.09107,10.10047,10.08917,10.0946
2022-05-09 21:00:00,10.09487,10.09569,10.08147,10.08407
2022-05-09 21:15:00,10.08421,10.09273,10.07546,10.09173
2022-05-09 21:30:00,10.0918,10.09521,10.0838,10.08546
2022-05-09 21:45:00,10.08527,10.08942,10.07679,10.07986
2022-05-09 22:00:00,10.07984,10.08188,10.06613,10.06844
2022-05-09 22:15:00,10.06843,10.09071,10.06836,10.0907
2022-05-09 22:30:00,10.09034,10.09403,10.08817,10.09006
2022-05-09 22:45:00,10.08999,10.09623,10.08471,10.09169
2022-05-09 23:00:00,10.09154,10.09242,10.08657,10.09059
2022-05-09 23:15:00,10.09057,10.0926,10.0877,10.09173
2022-05-09 23:30:00,10.09138,10.09356,10.08912,10.09118
2022-05-09 23:45:00,10.09116,10.09507,10.07607,10.07607
2022-05-10 00:00:00,10.07543,10.08366,10.06128,10.06513
2022-05-10 00:15:00,10.06537,10.07896,10.06282,10.07221
2022-05-10 00:30:00,10.07268,10.07909,10.0714,10.07358
2022-05-10 00:45:00,10.07355,10.07948,10.07248,10.0787
2022-05-10 01:00:00,10.08183,10.09072,10.07883,10.09067
2022-05-10 01:15:00,10.08981,10.09111,10.08774,10.0892
2022-05-10 01:30:00,10.08919,10.09036,10.08778,10.0897
2022-05-10 01:45:00,10.08971,10.09035,10.08682,10.08714
2022-05-10 02:00:00,10.08768,10.09138,10.08752,10.09065
2022-05-10 02:15:00,10.09053,10.09101,10.08697,10.08772
2022-05-10 02:30:00,10.08802,10.08947,10.07962,10.08012
2022-05-10 02:45:00,10.08011,10.08676,10.0796,10.08583
2022-05-10 03:00:00,10.08578,10.09328,10.08374,10.09242
2022-05-10 03:15:00,10.09251,10.11016,10.09036,10.10328
2022-05-10 03:30:00,10.10333,10.10393,10.09661,10.10228
2022-05-10 03:45:00,10.10235,10.1086,10.09901,10.10306
2022-05-10 04:00:00,10.1031,10.1128,10.09771,10.09892
2022-05-10 04:15:00,10.09891,10.10002,10.09303,10.09853
2022-05-10 04:30:00,10.09864,10.1036,10.09378,10.10021
2022-05-10 04:45:00,10.10029,10.10261,10.08993,10.09579
2022-05-10 05:00:00,10.09577,10.09856,10.08389,10.0843
2022-05-10 05:15:00,10.08433,10.0868,10.06649,10.06773
2022-05-10 05:30:00,10.06787,10.07144,10.06201,10.06694
2022-05-10 05:45:00,10.06719,10.07084,10.06286,10.06567
2022-05-10 06:00:00,10.06567,10.06583,10.06005,10.0637
2022-05-10 06:15:00,10.06365,10.06579,10.0624,10.06531
2022-05-10 06:30:00,10.06529,10.06555,10.05846,10.05983
2022-05-10 06:45:00,10.0598,10.06054,10.05304,10.05408
2022-05-10 07:00:00,10.05404,10.05742,10.05231,10.05659
2022-05-10 07:15:00,10.05667,10.06112,10.05347,10.06109
2022-05-10 07:30:00,10.06106,10.06172,10.05412,10.05692
2022-05-10 07:45:00,10.05705,10.0602,10.05511,10.06006
2022-05-10 08:00:00,10.06002,10.06223,10.05447,10.05624
2022-05-10 08:15:00,10.05611,10.06171,10.05392,10.05556
2022-05-10 08:30:00,10.05557,10.06061,10.0387,10.03961
2022-05-10 08:45:00,10.03958,10.06641,10.00364,10.01223
2022-05-10 09:00:00,10.01211,10.06967,10.00689,10.04864
2022-05-10 09:15:00,10.04856,10.05364,10.04401,10.05293
2022-05-10 09:30:00,10.05294,10.05602,10.04535,10.04645
2022-05-10 09:45:00,10.04652,10.05223,10.03636,10.0517
2022-05-10 10:00:00,10.05145,10.06698,10.04742,10.06218
2022-05-10 10:15:00,10.06208,10.06695,10.04237,10.05217
2022-05-10 10:30:00,10.05202,10.06215,10.03908,10.04141
2022-05-10 10:45:00,10.04131,10.06938,10.0409,10.06306
2022-05-10 11:00:00,10.06304,10.06307,10.04888,10.05482
2022-05-10 11:15:00,10.05497,10.05805,10.0472,10.05108
2022-05-10 11:30:00,10.05106,10.05106,10.03244,10.03244
2022-05-10 11:45:00,10.03244,10.03423,9.99936,10.00911
2022-05-10 12:00:00,10.00858,10.03594,10.00441,10.03564
2022-05-10 12:15:00,10.03561,10.05735,10.03412,10.05549
2022-05-10 12:30:00,10.05529,10.06594,10.04727,10.0608
2022-05-10 12:45:00,10.06061,10.09539,10.05654,10.0888
2022-05-10 13:00:00,10.08879,10.09563,10.08061,10.08598
2022-05-10 13:15:00,10.08596,10.09204,10.07653,10.07967
2022-05-10 13:30:00,10.07965,10.07986,10.054,10.06062
2022-05-10 13:45:00,10.06066,10.07218,10.05228,10.05333
2022-05-10 14:00:00,10.05324,10.05937,10.04693,10.04729
2022-05-10 14:15:00,10.04779,10.04996,10.03913,10.04043
2022-05-10 14:30:00,10.04036,10.04896,10.03398,10.04818
2022-05-10 14:45:00,10.0484,10.04978,10.03065,10.04238
2022-05-10 15:00:00,10.04286,10.05719,10.03986,10.04852
2022-05-10 15:15:00,10.04837,10.05304,10.03454,10.03703
2022-05-10 15:30:00,10.03699,10.04457,10.02778,10.03781
2022-05-10 15:45:00,10.03782,10.05458,10.03758,10.047
2022-05-10 16:00:00,10.04728,10.05025,10.02944,10.03838
2022-05-10 16:15:00,10.03817,10.04878,10.02965,10.04751
2022-05-10 16:30:00,10.04724,10.05703,10.02871,10.05701
2022-05-10 16:45:00,10.05768,10.06374,10.03912,10.04679
2022-05-10 17:00:00,10.04629,10.06088,10.03341,10.04787
2022-05-10 17:15:00,10.04788,10.06734,10.04457,10.05922
2022-05-10 17:30:00,10.05924,10.06599,10.05445,10.05664
2022-05-10 17:45:00,10.0566,10.0731,10.04562,10.05215
2022-05-10 18:00:00,10.05203,10.07989,10.04901,10.06583
2022-05-10 18:15:00,10.066,10.07094,10.0484,10.05293
2022-05-10 18:30:00,10.05278,10.06336,10.04099,10.0501
2022-05-10 18:45:00,10.05014,10.07105,10.04988,10.07015
2022-05-10 19:00:00,10.07013,10.07724,10.05372,10.05502
2022-05-10 19:15:00,10.05518,10.05586,10.04699,10.0498
2022-05-10 19:30:00,10.04962,10.06897,10.04848,10.05437
2022-05-10 19:45:00,10.05431,10.07303,10.05251,10.0713
2022-05-10 20:00:00,10.07108,10.07175,10.04817,10.06264
2022-05-10 20:15:00,10.06263,10.07726,10.0595,10.06597
2022-05-10 20:30:00,10.066,10.06855,10.04973,10.05179
2022-05-10 20:45:00,10.05152,10.05343,10.03769,10.04924
2022-05-10 21:00:00,10.04973,10.05456,10.04112,10.05056
2022-05-10 21:15:00,10.05057,10.06393,10.05045,10.06116
2022-05-10 21:30:00,10.06127,10.06624,10.05934,10.05953
2022-05-10 21:45:00,10.05994,10.06958,10.05896,10.06011
2022-05-10 22:00:00,10.06007,10.06134,10.05027,10.055
2022-05-10 22:15:00,10.05502,10.0695,10.05443,10.06929
2022-05-10 22:30:00,10.0692,10.07217,10.06511,10.07217
2022-05-10 22:45:00,10.0721,10.07637,10.06276,10.06603
2022-05-10 23:00:00,10.06572,10.07448,10.06459,10.07377
2022-05-10 23:15:00,10.07371,10.07377,10.06663,10.06813
2022-05-10 23:30:00,10.06801,10.07013,10.06708,10.06976
2022-05-10 23:45:00,10.06974,10.07187,10.05554,10.05554
2022-05-11 00:00:00,10.05404,10.06075,10.04773,10.05513
2022-05-11 00:15:00,10.05514,10.05976,10.05514,10.05963
2022-05-11 00:30:00,10.06301,10.06835,10.06031,10.06693
2022-05-11 00:45:00,10.06694,10.0684,10.06531,10.06733
2022-05-11 01:00:00,10.06676,10.06921,10.05563,10.06689
2022-05-11 01:15:00,10.0666,10.06754,10.05803,10.05895
2022-05-11 01:30:00,10.05902,10.05974,10.05671,10.05764
2022-05-11 01:45:00,10.0577,10.05978,10.057,10.05962
2022-05-11 02:00:00,10.05955,10.0659,10.05849,10.06497
2022-05-11 02:15:00,10.06509,10.06601,10.06297,10.06301
2022-05-11 02:30:00,10.063,10.06912,10.06263,10.06668
2022-05-11 02:45:00,10.06664,10.07016,10.0666,10.06949
2022-05-11 03:00:00,10.06952,10.07011,10.06395,10.06559
2022-05-11 03:15:00,10.06551,10.06705,10.0629,10.06432
2022-05-11 03:30:00,10.06431,10.0648,10.05888,10.06129
2022-05-11 03:45:00,10.06128,10.06673,10.06052,10.06558
2022-05-11 04:00:00,10.06557,10.07117,10.0639,10.07101
2022-05-11 04:15:00,10.07116,10.07149,10.06566,10.06608
2022-05-11 04:30:00,10.06599,10.07248,10.06184,10.06687
2022-05-11 04:45:00,10.06651,10.06694,10.05985,10.06221
2022-05-11 05:00:00,10.06217,10.0645,10.05727,10.05898
2022-05-11 05:15:00,10.05905,10.06545,10.05372,10.05683
2022-05-11 05:30:00,10.05681,10.06243,10.05433,10.05678
2022-05-11 05:45:00,10.05673,10.06328,10.05372,10.05537
2022-05-11 06:00:00,10.0552,10.05847,10.05174,10.05512
2022-05-11 06:15:00,10.05459,10.05644,10.04971,10.05173
2022-05-11 06:30:00,10.05187,10.06171,10.05065,10.05655
2022-05-11 06:45:00,10.05653,10.06061,10.04885,10.05191
2022-05-11 07:00:00,10.05192,10.05529,10.04933,10.05418
2022-05-11 07:15:00,10.05414,10.05542,10.05129,10.05228
2022-05-11 07:30:00,10.05229,10.05301,10.04713,10.04791
2022-05-11 07:45:00,10.04792,10.04858,10.03873,10.04117
2022-05-11 08:00:00,10.041,10.04328,10.0388,10.04054
2022-05-11 08:15:00,10.04053,10.04112,10.03772,10.03774
2022-05-11 08:30:00,10.03777,10.03836,10.03144,10.03497
2022-05-11 08:45:00,10.03498,10.04151,10.03066,10.03242
2022-05-11 09:00:00,10.03245,10.0381,10.02535,10.03106
2022-05-11 09:15:00,10.03101,10.03562,10.01991,10.02289
2022-05-11 09:30:00,10.02301,10.02506,10.0078,10.00915
2022-05-11 09:45:00,10.00907,10.02946,10.00877,10.02071
2022-05-11 10:00:00,10.02088,10.02088,9.99682,9.99886
2022-05-11 10:15:00,9.99887,10.02125,9.99149,10.02051
2022-05-11 10:30:00,10.02031,10.02733,10.01773,10.02056
2022-05-11 10:45:00,10.02023,10.02857,10.0165,10.0208
2022-05-11 11:00:00,10.02062,10.02473,10.00704,10.00962
2022-05-11 11:15:00,10.00866,10.01133,9.99913,10.001
2022-05-11 11:30:00,10.00115,10.00187,9.96698,9.96698
2022-05-11 11:45:00,9.96698,9.97541,9.96061,9.96604
2022-05-11 12:00:00,9.96606,9.97231,9.95177,9.96024
2022-05-11 12:15:00,9.96049,9.97231,9.96039,9.96447
2022-05-11 12:30:00,9.96428,9.9736,9.96405,9.96872
2022-05-11 12:45:00,9.96875,9.97248,9.96489,9.96799
2022-05-11 13:00:00,9.96798,9.98092,9.96469,9.97877
2022-05-11 13:15:00,9.97875,9.9798,9.97044,9.97889
2022-05-11 13:30:00,9.97899,9.98163,9.97061,9.97551
2022-05-11 13:45:00,9.97548,9.98828,9.97471,9.98744
2022-05-11 14:00:00,9.98748,9.99033,9.97579,9.97766
2022-05-11 14:15:00,9.97764,9.98564,9.97177,9.97381
2022-05-11 14:30:00,9.97358,9.98658,9.96615,9.98359
2022-05-11 14:45:00,9.98361,9.99265,9.98111,9.98954
2022-05-11 15:00:00,9.98945,9.98945,9.96912,9.97344
2022-05-11 15:15:00,9.97345,9.98285,9.9726,9.97705
2022-05-11 15:30:00,9.97711,10.04362,9.97646,10.02003
2022-05-11 15:45:00,10.01979,10.04263,10.01223,10.02919
2022-05-11 16:00:00,10.02928,10.03414,9.98089,9.99595
2022-05-11 16:15:00,9.99598,10.00089,9.96686,9.96982
2022-05-11 16:30:00,9.96981,9.985,9.94499,9.94622
2022-05-11 16:45:00,9.94623,9.96949,9.93349,9.96677
2022-05-11 17:00:00,9.96821,9.98187,9.94705,9.97124
2022-05-11 17:15:00,9.9712,9.97719,9.95927,9.96432
2022-05-11 17:30:00,9.9642,9.97757,9.95798,9.96037
2022-05-11 17:45:00,9.96036,9.99687,9.95237,9.9935
2022-05-11 18:00:00,9.99349,10.00172,9.98879,9.99445
2022-05-11 18:15:00,9.99464,9.99998,9.98566,9.99452
2022-05-11 18:30:00,9.99408,9.99732,9.96898,9.98736
2022-05-11 18:45:00,9.98734,10.02055,9.98596,10.01508
2022-05-11 19:00:00,10.01534,10.02917,10.00634,10.02114
2022-05-11 19:15:00,10.02073,10.03722,10.00846,10.03644
2022-05-11 19:30:00,10.03653,10.04135,10.02623,10.03043
2022-05-11 19:45:00,10.03043,10.0462,10.02668,10.04608
2022-05-11 20:00:00,10.04617,10.05421,10.04321,10.04998
2022-05-11 20:15:00,10.05007,10.05664,10.04384,10.05522
2022-05-11 20:30:00,10.05547,10.06821,10.05254,10.06795
2022-05-11 20:45:00,10.06789,10.07514,10.06472,10.07155
2022-05-11 21:00:00,10.07118,10.07281,10.04951,10.05588
2022-05-11 21:15:00,10.0559,10.06013,10.04408,10.04917
2022-05-11 21:30:00,10.04914,10.05238,10.03936,10.04063
2022-05-11 21:45:00,10.04064,10.05363,10.0376,10.05128
2022-05-11 22:00:00,10.05157,10.06634,10.05047,10.06301
2022-05-11 22:15:00,10.06302,10.0654,10.05733,10.05799
2022-05-11 22:30:00,10.05816,10.07275,10.05754,10.07069
2022-05-11 22:45:00,10.07021,10.07671,10.0668,10.06972
2022-05-11 23:00:00,10.06961,10.07909,10.06938,10.075
2022-05-11 23:15:00,10.07507,10.07802,10.07465,10.0773
2022-05-11 23:30:00,10.07731,10.07826,10.07115,10.07162
2022-05-11 23:45:00,10.07157,10.07428,10.05848,10.06225
2022-05-12 00:00:00,10.06235,10.06235,10.02783,10.05633
2022-05-12 00:15:00,10.05634,10.06089,10.05447,10.05594
2022-05-12 00:30:00,10.05714,10.06223,10.0559,10.06113
2022-05-12 00:45:00,10.06115,10.06224,10.05949,10.06024
2022-05-12 01:00:00,10.05928,10.06242,10.0537,10.06236
2022-05-12 01:15:00,10.06244,10.06464,10.05974,10.06159
2022-05-12 01:30:00,10.06158,10.06356,10.05618,10.0573
2022-05-12 01:45:00,10.05731,10.06016,10.05626,10.0567
2022-05-12 02:00:00,10.0559,10.06966,10.05558,10.06925
2022-05-12 02:15:00,10.06924,10.07741,10.06822,10.07395
2022-05-12 02:30:00,10.07394,10.07413,10.07048,10.07208
2022-05-12 02:45:00,10.0721,10.07684,10.06985,10.07434
2022-05-12 03:00:00,10.07435,10.08053,10.07079,10.07713
2022-05-12 03:15:00,10.07718,10.08346,10.07267,10.0794
2022-05-12 03:30:00,10.07952,10.08317,10.0688,10.06962
2022-05-12 03:45:00,10.06941,10.07518,10.0682,10.07229
2022-05-12 04:00:00,10.07216,10.07828,10.07023,10.07737
2022-05-12 04:15:00,10.07733,10.0779,10.07032,10.07308
2022-05-12 04:30:00,10.0729,10.07561,10.06531,10.06843
2022-05-12 04:45:00,10.06841,10.0732,10.06234,10.07223
2022-05-12 05:00:00,10.07235,10.07505,10.06947,10.07346
2022-05-12 05:15:00,10.07351,10.07391,10.06618,10.06868
2022-05-12 05:30:00,10.06866,10.08348,10.06812,10.08205
2022-05-12 05:45:00,10.08207,10.08904,10.08037,10.08376
2022-05-12 06:00:00,10.08375,10.08468,10.07882,10.08364
2022-05-12 06:15:00,10.08369,10.08418,10.0735,10.07419
2022-05-12 06:30:00,10.0742,10.07551,10.07065,10.07419
2022-05-12 06:45:00,10.07417,10.07712,10.07188,10.0762
2022-05-12 07:00:00,10.07622,10.07719,10.07343,10.07523
2022-05-12 07:15:00,10.07536,10.08476,10.07513,10.08401
2022-05-12 07:30:00,10.084,10.08648,10.08111,10.08592
2022-05-12 07:45:00,10.08574,10.09615,10.08249,10.09544
2022-05-12 08:00:00,10.09519,10.11426,10.09255,10.11426
2022-05-12 08:15:00,10.11417,10.1179,10.10558,10.10651
2022-05-12 08:30:00,10.10647,10.11408,10.10469,10.11096
2022-05-12 08:45:00,10.11099,10.12465,10.10471,10.10668
2022-05-12 09:00:00,10.10619,10.13652,10.10252,10.13631
2022-05-12 09:15:00,10.13646,10.13691,10.10323,10.10575
2022-05-12 09:30:00,10.10566,10.11908,10.09899,10.09983
2022-05-12 09:45:00,10.09999,10.10882,10.08688,10.10656
2022-05-12 10:00:00,10.10623,10.15038,10.10443,10.13906
2022-05-12 10:15:00,10.13971,10.15796,10.13006,10.13222
2022-05-12 10:30:00,10.13216,10.13891,10.10041,10.10058
2022-05-12 10:45:00,10.10081,10.11237,10.08181,10.10622
2022-05-12 11:00:00,10.10603,10.12721,10.09029,10.0928
2022-05-12 11:15:00,10.09209,10.1033,10.08827,10.09924
2022-05-12 11:30:00,10.09923,10.11307,10.09781,10.10418
2022-05-12 11:45:00,10.10405,10.13678,10.10382,10.13678
2022-05-12 12:00:00,10.13627,10.15737,10.13092,10.14258
2022-05-12 12:15:00,10.14264,10.14338,10.12992,10.1312
2022-05-12 12:30:00,10.13079,10.1495,10.13079,10.13656
2022-05-12 12:45:00,10.1365,10.13971,10.12654,10.12959
2022-05-12 13:00:00,10.12956,10.13451,10.11248,10.11573
2022-05-12 13:15:00,10.11613,10.1167,10.10076,10.10422
2022-05-12 13:30:00,10.104,10.11842,10.10364,10.11577
2022-05-12 13:45:00,10.11564,10.12253,10.10641,10.11289
2022-05-12 14:00:00,10.11214,10.11802,10.10218,10.11454
2022-05-12 14:15:00,10.11442,10.13646,10.10791,10.13551
2022-05-12 14:30:00,10.13557,10.15278,10.13206,10.14871
2022-05-12 14:45:00,10.14873,10.16851,10.14467,10.15747
2022-05-12 15:00:00,10.15761,10.1641,10.14727,10.14745
2022-05-12 15:15:00,10.14763,10.15135,10.13146,10.13719
2022-05-12 15:30:00,10.13741,10.13786,10.09324,10.10096
2022-05-12 15:45:00,10.10077,10.12866,10.09998,10.12487
2022-05-12 16:00:00,10.12496,10.12546,10.11116,10.11392
2022-05-12 16:15:00,10.11393,10.13213,10.11343,10.13049
2022-05-12 16:30:00,10.13052,10.16181,10.13038,10.14533
2022-05-12 16:45:00,10.14536,10.14911,10.12715,10.13459
2022-05-12 17:00:00,10.13489,10.15995,10.10933,10.11181
2022-05-12 17:15:00,10.11185,10.13363,10.11142,10.13363
2022-05-12 17:30:00,10.13367,10.13464,10.11501,10.11629
2022-05-12 17:45:00,10.11621,10.11915,10.08815,10.09927
2022-05-12 18:00:00,10.09938,10.10538,10.07699,10.09392
2022-05-12 18:15:00,10.09407,10.10518,10.08926,10.10434
2022-05-12 18:30:00,10.1048,10.12247,10.10422,10.12143
2022-05-12 18:45:00,10.12146,10.14933,10.1198,10.14535
2022-05-12 19:00:00,10.14536,10.16512,10.1432,10.1457
2022-05-12 19:15:00,10.14574,10.14753,10.12479,10.12532
2022-05-12 19:30:00,10.12529,10.12566,10.09409,10.11166
2022-05-12 19:45:00,10.11145,10.14497,10.10744,10.1419
2022-05-12 20:00:00,10.14166,10.14963,10.12748,10.13085
2022-05-12 20:15:00,10.1309,10.13501,10.12873,10.13416
2022-05-12 20:30:00,10.13413,10.14895,10.13345,10.14753
2022-05-12 20:45:00,10.14755,10.17064,10.14713,10.16342
2022-05-12 21:00:00,10.16354,10.16418,10.15469,10.15648
2022-05-12 21:15:00,10.15653,10.16076,10.14955,10.15182
2022-05-12 21:30:00,10.15196,10.16163,10.1518,10.16071
2022-05-12 21:45:00,10.16075,10.16796,10.15193,10.16415
2022-05-12 22:00:00,10.16409,10.16847,10.15688,10.16697
2022-05-12 22:15:00,10.16704,10.16704,10.15105,10.15972
2022-05-12 22:30:00,10.15977,10.17722,10.13219,10.16328
2022-05-12 22:45:00,10.16321,10.1649,10.15565,10.15712
2022-05-12 23:00:00,10.15713,10.16166,10.1556,10.16025
2022-05-12 23:15:00,10.16012,10.16075,10.14527,10.14605
2022-05-12 23:30:00,10.14606,10.14981,10.14537,10.14716
2022-05-12 23:45:00,10.14715,10.15209,10.14166,10.14166
2022-05-13 00:00:00,10.13663,10.13663,10.04897,10.07701
2022-05-13 00:15:00,10.07699,10.07911,10.07405,10.07528
2022-05-13 00:30:00,10.07529,10.09723,10.07529,10.07925
2022-05-13 00:45:00,10.07926,10.11176,10.07567,10.07944
2022-05-13 01:00:00,10.0795,10.12625,10.07205,10.12491
2022-05-13 01:15:00,10.12492,10.14768,10.12408,10.14433
2022-05-13 01:30:00,10.14439,10.15084,10.14406,10.14796
2022-05-13 01:45:00,10.14803,10.14943,10.14726,10.14885
2022-05-13 02:00:00,10.14869,10.15099,10.14658,10.14892
2022-05-13 02:15:00,10.14896,10.15177,10.14811,10.15152
2022-05-13 02:30:00,10.15157,10.15171,10.14757,10.1499
2022-05-13 02:45:00,10.14991,10.1514,10.14469,10.1506
2022-05-13 03:00:00,10.15012,10.16071,10.14141,10.14289
2022-05-13 03:15:00,10.14288,10.14543,10.1393,10.14013
2022-05-13 03:30:00,10.14012,10.14125,10.13114,10.13327
2022-05-13 03:45:00,10.13308,10.1377,10.12761,10.13413
2022-05-13 04:00:00,10.13425,10.13768,10.1265,10.12765
2022-05-13 04:15:00,10.12789,10.12832,10.12105,10.12404
2022-05-13 04:30:00,10.12406,10.13007,10.12197,10.12903
2022-05-13 04:45:00,10.12906,10.13117,10.12594,10.12836
2022-05-13 05:00:00,10.12837,10.13032,10.12284,10.12662
2022-05-13 05:15:00,10.12661,10.12661,10.1169,10.11896
2022-05-13 05:30:00,10.11897,10.11982,10.11446,10.11568
2022-05-13 05:45:00,10.11526,10.1169,10.11231,10.11483
2022-05-13 06:00:00,10.11461,10.11679,10.11122,10.11126
2022-05-13 06:15:00,10.1112,10.11156,10.10323,10.10509
2022-05-13 06:30:00,10.10485,10.10869,10.1042,10.10496
2022-05-13 06:45:00,10.10497,10.11492,10.10462,10.1138
2022-05-13 07:00:00,10.11372,10.11835,10.11206,10.11433
2022-05-13 07:15:00,10.11437,10.11918,10.11413,10.11421
2022-05-13 07:30:00,10.11422,10.12153,10.11354,10.12126
2022-05-13 07:45:00,10.12132,10.12484,10.11431,10.11573
2022-05-13 08:00:00,10.11565,10.11859,10.11488,10.11594
2022-05-13 08:15:00,10.11588,10.11773,10.11488,10.11511
2022-05-13 08:30:00,10.1151,10.11733,10.11449,10.11501
2022-05-13 08:45:00,10.11513,10.11582,10.09377,10.10585
2022-05-13 09:00:00,10.10602,10.10876,10.08431,10.10617
2022-05-13 09:15:00,10.10665,10.11741,10.10632,10.11661
2022-05-13 09:30:00,10.11658,10.12245,10.10937,10.11602
2022-05-13 09:45:00,10.11535,10.11815,10.10183,10.11461
2022-05-13 10:00:00,10.11435,10.13675,10.11071,10.11417
2022-05-13 10:15:00,10.11374,10.12981,10.09892,10.10482
2022-05-13 10:30:00,10.10527,10.11159,10.09495,10.10331
2022-05-13 10:45:00,10.10299,10.10385,10.09022,10.09478
2022-05-13 11:00:00,10.09479,10.09881,10.08717,10.09678
2022-05-13 11:15:00,10.09683,10.09883,10.08347,10.09171
2022-05-13 11:30:00,10.09168,10.10053,10.09159,10.1002
2022-05-13 11:45:00,10.10046,10.11258,10.08873,10.08913
2022-05-13 12:00:00,10.08906,10.10333,10.08772,10.10282
2022-05-13 12:15:00,10.10279,10.11504,10.10225,10.10888
2022-05-13 12:30:00,10.10886,10.11778,10.10404,10.11379
2022-05-13 12:45:00,10.11382,10.12522,10.10819,10.12326
2022-05-13 13:00:00,10.12301,10.12551,10.11478,10.11665
2022-05-13 13:15:00,10.11671,10.11908,10.10944,10.10977
2022-05-13 13:30:00,10.10982,10.11131,10.10151,10.10923
2022-05-13 13:45:00,10.10893,10.11282,10.09743,10.09883
2022-05-13 14:00:00,10.09886,10.10551,10.08738,10.09705
2022-05-13 14:15:00,10.09706,10.1042,10.09542,10.10369
2022-05-13 14:30:00,10.10365,10.1038,10.09123,10.0939
2022-05-13 14:45:00,10.09387,10.09978,10.0849,10.08958
2022-05-13 15:00:00,10.08954,10.10082,10.07985,10.09953
2022-05-13 15:15:00,10.09972,10.11918,10.09529,10.10927
2022-05-13 15:30:00,10.10921,10.10927,10.09617,10.10587
2022-05-13 15:45:00,10.10591,10.10612,10.09026,10.09331
2022-05-13 16:00:00,10.09328,10.11817,10.0915,10.11536
2022-05-13 16:15:00,10.11534,10.13123,10.1123,10.12224
2022-05-13 16:30:00,10.12222,10.12222,10.10314,10.10394
2022-05-13 16:45:00,10.10431,10.11057,10.09817,10.11057
2022-05-13 17:00:00,10.11008,10.11008,10.09276,10.09686
2022-05-13 17:15:00,10.09681,10.10046,10.07589,10.08301
2022-05-13 17:30:00,10.0831,10.08754,10.06966,10.07348
2022-05-13 17:45:00,10.07342,10.08055,10.06827,10.0738
2022-05-13 18:00:00,10.07377,10.07685,10.0547,10.05608
2022-05-13 18:15:00,10.05608,10.06025,10.04991,10.05148
2022-05-13 18:30:00,10.05147,10.0549,10.04683,10.04862
2022-05-13 18:45:00,10.04854,10.06161,10.0468,10.05512
2022-05-13 19:00:00,10.05526,10.06339,10.05419,10.05682
2022-05-13 19:15:00,10.05689,10.06232,10.05546,10.06116
2022-05-13 19:30:00,10.06115,10.06388,10.05718,10.05804
2022-05-13 19:45:00,10.05784,10.06661,10.05711,10.06229
2022-05-13 20:00:00,10.06231,10.06234,10.05632,10.05736
2022-05-13 20:15:00,10.05724,10.06741,10.05682,10.06675
2022-05-13 20:30:00,10.06668,10.07455,10.06481,10.06916
2022-05-13 20:45:00,10.06923,10.08536,10.06918,10.07961
2022-05-13 21:00:00,10.07967,10.09533,10.07881,10.09392
2022-05-13 21:15:00,10.09398,10.10059,10.0884,10.09531
2022-05-13 21:30:00,10.09542,10.09614,10.08653,10.08888
2022-05-13 21:45:00,10.08886,10.08996,10.06916,10.06917
2022-05-13 22:00:00,10.06883,10.07764,10.06619,10.0681
2022-05-13 22:15:00,10.06815,10.07779,10.06804,10.07573
2022-05-13 22:30:00,10.07579,10.079,10.07389,10.07746
2022-05-13 22:45:00,10.07745,10.07749,10.06319,10.06963
2022-05-13 23:00:00,10.06971,10.07001,10.06197,10.06671
2022-05-13 23:15:00,10.06674,10.07153,10.06653,10.06664
2022-05-13 23:30:00,10.06668,10.07057,10.06393,10.06457
2022-05-13 23:45:00,10.06455,10.06628,10.04997,10.05169
2022-05-16 00:00:00,10.03366,10.05531,10.03154,10.05511
2022-05-16 00:15:00,10.05493,10.06747,10.05444,10.06488
2022-05-16 00:30:00,10.06463,10.06747,10.06458,10.06702
2022-05-16 00:45:00,10.06701,10.06963,10.06662,10.06863
2022-05-16 01:00:00,10.06868,10.0698,10.06165,10.06232
2022-05-16 01:15:00,10.06256,10.06282,10.05477,10.06035
2022-05-16 01:30:00,10.06039,10.07152,10.06039,10.07053
2022-05-16 01:45:00,10.07047,10.071,10.06425,10.06566
2022-05-16 02:00:00,10.06565,10.07406,10.06552,10.07331
2022-05-16 02:15:00,10.07341,10.07341,10.06904,10.07106
2022-05-16 02:30:00,10.07096,10.07329,10.06319,10.06321
2022-05-16 02:45:00,10.06325,10.06651,10.05971,10.06549
2022-05-16 03:00:00,10.06549,10.06745,10.05873,10.0641
2022-05-16 03:15:00,10.06411,10.06821,10.05749,10.05965
2022-05-16 03:30:00,10.05963,10.06115,10.05627,10.05934
2022-05-16 03:45:00,10.05936,10.06008,10.04966,10.05135
2022-05-16 04:00:00,10.05134,10.05245,10.04474,10.04972
2022-05-16 04:15:00,10.05002,10.05677,10.04731,10.05002
2022-05-16 04:30:00,10.0502,10.06263,10.048,10.06214
2022-05-16 04:45:00,10.0614,10.06429,10.05659,10.05933
2022-05-16 05:00:00,10.05927,10.07775,10.05926,10.07496
2022-05-16 05:15:00,10.07497,10.09137,10.07444,10.08835
2022-05-16 05:30:00,10.08838,10.09043,10.08269,10.08929
2022-05-16 05:45:00,10.08931,10.09016,10.08147,10.08214
2022-05-16 06:00:00,10.0821,10.09473,10.08198,10.08788
2022-05-16 06:15:00,10.08786,10.10017,10.08766,10.0936
2022-05-16 06:30:00,10.09359,10.09514,10.09061,10.09152
2022-05-16 06:45:00,10.09188,10.095,10.08798,10.08952
2022-05-16 07:00:00,10.08951,10.09294,10.08882,10.09144
2022-05-16 07:15:00,10.09148,10.09182,10.08475,10.08519
2022-05-16 07:30:00,10.08516,10.08594,10.08154,10.08375
2022-05-16 07:45:00,10.08374,10.08627,10.08298,10.08508
2022-05-16 08:00:00,10.08484,10.08526,10.0767,10.07837
2022-05-16 08:15:00,10.0784,10.08262,10.07473,10.07996
2022-05-16 08:30:00,10.07984,10.08005,10.07437,10.07495
2022-05-16 08:45:00,10.07483,10.08239,10.07348,10.08193
2022-05-16 09:00:00,10.08214,10.09426,10.076,10.09032
2022-05-16 09:15:00,10.09018,10.09085,10.06786,10.0682
2022-05-16 09:30:00,10.06817,10.07008,10.05168,10.06924
2022-05-16 09:45:00,10.06927,10.07998,10.069,10.07513
2022-05-16 10:00:00,10.07513,10.07753,10.06346,10.07267
2022-05-16 10:15:00,10.07241,10.07988,10.04729,10.05663
2022-05-16 10:30:00,10.05669,10.05801,10.04653,10.05604
2022-05-16 10:45:00,10.05602,10.08246,10.05397,10.08099
2022-05-16 11:00:00,10.081,10.08302,10.06408,10.0653
2022-05-16 11:15:00,10.06501,10.07,10.06077,10.06678
2022-05-16 11:30:00,10.06667,10.0752,10.06275,10.06799
2022-05-16 11:45:00,10.06802,10.0737,10.0597,10.06055
2022-05-16 12:00:00,10.06035,10.07601,10.05802,10.07241
2022-05-16 12:15:00,10.0724,10.07569,10.06699,10.07432
2022-05-16 12:30:00,10.07438,10.07912,10.07313,10.07788
2022-05-16 12:45:00,10.07794,10.08064,10.07312,10.08027
2022-05-16 13:00:00,10.08052,10.08306,10.06801,10.08025
2022-05-16 13:15:00,10.0803,10.08692,10.07048,10.07069
2022-05-16 13:30:00,10.07055,10.07928,10.06689,10.07928
2022-05-16 13:45:00,10.07921,10.07992,10.06168,10.06624
2022-05-16 14:00:00,10.06646,10.07797,10.06392,10.07674
2022-05-16 14:15:00,10.07695,10.08229,10.07308,10.08027
2022-05-16 14:30:00,10.08043,10.08694,10.07548,10.07738
2022-05-16 14:45:00,10.07726,10.07906,10.06918,10.07641
2022-05-16 15:00:00,10.07697,10.08602,10.06934,10.06978
2022-05-16 15:15:00,10.0698,10.07779,10.06401,10.06904
2022-05-16 15:30:00,10.06815,10.07279,10.04469,10.05071
2022-05-16 15:45:00,10.05073,10.06453,10.04854,10.06159
2022-05-16 16:00:00,10.06065,10.06385,10.04616,10.05988
2022-05-16 16:15:00,10.05989,10.06895,10.05391,10.0664
2022-05-16 16:30:00,10.06629,10.07138,10.05267,10.07097
2022-05-16 16:45:00,10.0713,10.09251,10.06771,10.07718
2022-05-16 17:00:00,10.07696,10.09306,10.06286,10.06999
2022-05-16 17:15:00,10.06937,10.07012,10.04777,10.04777
2022-05-16 17:30:00,10.0487,10.07311,10.04828,10.06755
2022-05-16 17:45:00,10.06753,10.08811,10.0673,10.07492
2022-05-16 18:00:00,10.07503,10.08753,10.07145,10.08328
2022-05-16 18:15:00,10.08325,10.09118,10.07935,10.08315
2022-05-16 18:30:00,10.08321,10.09085,10.07112,10.07135
2022-05-16 18:45:00,10.07144,10.07491,10.0688,10.0691
2022-05-16 19:00:00,10.06908,10.0785,10.06866,10.0744
2022-05-16 19:15:00,10.07438,10.08022,10.07184,10.07807
2022-05-16 19:30:00,10.07816,10.07874,10.06724,10.06806
2022-05-16 19:45:00,10.06818,10.07354,10.06462,10.07182
2022-05-16 20:00:00,10.07194,10.07373,10.06708,10.07124
2022-05-16 20:15:00,10.07129,10.07854,10.0678,10.06911
2022-05-16 20:30:00,10.06916,10.0732,10.06719,10.0696
2022-05-16 20:45:00,10.06961,10.0733,10.06508,10.06677
2022-05-16 21:00:00,10.06662,10.07053,10.06556,10.06946
2022-05-16 21:15:00,10.06948,10.06972,10.06461,10.06485
2022-05-16 21:30:00,10.06493,10.06552,10.05416,10.05705
2022-05-16 21:45:00,10.05693,10.05887,10.04308,10.04762
2022-05-16 22:00:00,10.04755,10.04992,10.03824,10.04844
2022-05-16 22:15:00,10.04851,10.04874,10.03521,10.04306
2022-05-16 22:30:00,10.04339,10.05308,10.04247,10.04923
2022-05-16 22:45:00,10.0492,10.05928,10.04489,10.05887
2022-05-16 23:00:00,10.05858,10.05895,10.05084,10.05637
2022-05-16 23:15:00,10.05635,10.05864,10.05038,10.05343
2022-05-16 23:30:00,10.05293,10.06021,10.04889,10.05915
2022-05-16 23:45:00,10.05902,10.0618,10.05235,10.0562
2022-05-17 00:00:00,10.05585,10.05786,10.01986,10.04994
2022-05-17 00:15:00,10.04993,10.05094,10.04574,10.04817
2022-05-17 00:30:00,10.04842,10.05433,10.04397,10.05284
2022-05-17 00:45:00,10.0537,10.05907,10.05288,10.05638
2022-05-17 01:00:00,10.05674,10.06893,10.05078,10.06034
2022-05-17 01:15:00,10.06035,10.06531,10.05998,10.06195
2022-05-17 01:30:00,10.06194,10.06195,10.05732,10.05851
2022-05-17 01:45:00,10.05825,10.05934,10.05742,10.05781
2022-05-17 02:00:00,10.05779,10.0591,10.05711,10.05843
2022-05-17 02:15:00,10.05837,10.05864,10.05734,10.05748
2022-05-17 02:30:00,10.05791,10.05985,10.05556,10.05947
2022-05-17 02:45:00,10.0595,10.05971,10.0544,10.05538
2022-05-17 03:00:00,10.055,10.05607,10.05082,10.05479
2022-05-17 03:15:00,10.0548,10.05524,10.04021,10.04232
2022-05-17 03:30:00,10.04238,10.04383,10.04012,10.04046
2022-05-17 03:45:00,10.04034,10.04435,10.03797,10.04402
2022-05-17 04:00:00,10.04369,10.05161,10.04369,10.04493
2022-05-17 04:15:00,10.04492,10.05493,10.04492,10.05302
2022-05-17 04:30:00,10.05303,10.05635,10.04096,10.04557
2022-05-17 04:45:00,10.04537,10.04696,10.04065,10.04081
2022-05-17 05:00:00,10.04079,10.04634,10.03865,10.04429
2022-05-17 05:15:00,10.04437,10.04867,10.04268,10.04733
2022-05-17 05:30:00,10.04745,10.04815,10.04102,10.04786
2022-05-17 05:45:00,10.04782,10.04998,10.04335,10.04377
2022-05-17 06:00:00,10.04373,10.05138,10.04341,10.04992
2022-05-17 06:15:00,10.04971,10.05195,10.04437,10.04574
2022-05-17 06:30:00,10.0457,10.05156,10.04442,10.04462
2022-05-17 06:45:00,10.04461,10.04618,10.04152,10.04468
2022-05-17 07:00:00,10.04441,10.04878,10.04314,10.04426
2022-05-17 07:15:00,10.04407,10.04625,10.03652,10.04164
2022-05-17 07:30:00,10.04165,10.04326,10.03753,10.04318
2022-05-17 07:45:00,10.04317,10.04484,10.03679,10.03681
2022-05-17 08:00:00,10.03682,10.03778,10.03446,10.03514
2022-05-17 08:15:00,10.0352,10.03778,10.03313,10.0365
2022-05-17 08:30:00,10.03607,10.04259,10.0335,10.04178
2022-05-17 08:45:00,10.04186,10.04217,10.02536,10.03149
2022-05-17 09:00:00,10.03177,10.03401,9.99476,10.00766
2022-05-17 09:15:00,10.00767,10.01957,10.00608,10.01746
2022-05-17 09:30:00,10.01744,10.01911,9.98979,9.99124
2022-05-17 09:45:00,9.99146,9.99614,9.981,9.98544
2022-05-17 10:00:00,9.9854,9.99284,9.96804,9.97235
2022-05-17 10:15:00,9.97242,9.99148,9.9718,9.98567
2022-05-17 10:30:00,9.98564,9.98898,9.97866,9.98296
2022-05-17 10:45:00,9.98301,9.98636,9.97293,9.97507
2022-05-17 11:00:00,9.97538,9.98786,9.94652,9.94689
2022-05-17 11:15:00,9.9468,9.96353,9.94355,9.94799
2022-05-17 11:30:00,9.9475,9.95945,9.92883,9.93529
2022-05-17 11:45:00,9.93561,9.94155,9.92834,9.93682
2022-05-17 12:00:00,9.93682,9.95143,9.93634,9.95033
2022-05-17 12:15:00,9.95027,9.95292,9.94653,9.95114
2022-05-17 12:30:00,9.95122,9.95374,9.94824,9.9489
2022-05-17 12:45:00,9.94896,9.95914,9.94844,9.95496
2022-05-17 13:00:00,9.95466,9.95628,9.9485,9.95194
2022-05-17 13:15:00,9.95195,9.95539,9.91285,9.92298
2022-05-17 13:30:00,9.92307,9.93556,9.91246,9.93212
2022-05-17 13:45:00,9.93237,9.9434,9.93204,9.93514
2022-05-17 14:00:00,9.93521,9.94824,9.9324,9.93293
2022-05-17 14:15:00,9.93299,9.93384,9.90484,9.90661
2022-05-17 14:30:00,9.90664,9.90897,9.87998,9.88014
2022-05-17 14:45:00,9.88019,9.88942,9.8737,9.88918
2022-05-17 15:00:00,9.88911,9.91266,9.88855,9.90092
2022-05-17 15:15:00,9.90142,9.91603,9.90106,9.90998
2022-05-17 15:30:00,9.90996,9.91953,9.89775,9.8992
2022-05-17 15:45:00,9.89927,9.91929,9.89805,9.91703
2022-05-17 16:00:00,9.91706,9.93155,9.91454,9.93136
2022-05-17 16:15:00,9.93146,9.93655,9.91188,9.91346
2022-05-17 16:30:00,9.91355,9.91926,9.90758,9.91542
2022-05-17 16:45:00,9.91586,9.92832,9.9126,9.91271
2022-05-17 17:00:00,9.91243,9.92992,9.90884,9.91863
2022-05-17 17:15:00,9.9189,9.919,9.89943,9.90353
2022-05-17 17:30:00,9.90353,9.92374,9.89867,9.92374
2022-05-17 17:45:00,9.92423,9.94636,9.92322,9.93586
2022-05-17 18:00:00,9.93543,9.93543,9.9175,9.92456
2022-05-17 18:15:00,9.9245,9.93569,9.92077,9.92243
2022-05-17 18:30:00,9.92255,9.93036,9.90254,9.92975
2022-05-17 18:45:00,9.92952,9.93004,9.9201,9.92533
2022-05-17 19:00:00,9.92541,9.92817,9.92,9.92059
2022-05-17 19:15:00,9.92078,9.92132,9.90501,9.91129
2022-05-17 19:30:00,9.91138,9.9231,9.91119,9.91316
2022-05-17 19:45:00,9.91309,9.92034,9.91291,9.91887
2022-05-17 20:00:00,9.91881,9.92338,9.91036,9.91623
2022-05-17 20:15:00,9.91665,9.91893,9.90932,9.91678
2022-05-17 20:30:00,9.91694,9.92459,9.91057,9.923
2022-05-17 20:45:00,9.92307,9.92595,9.91019,9.92532
2022-05-17 21:00:00,9.92438,9.93982,9.91403,9.93282
2022-05-17 21:15:00,9.93215,9.94543,9.92918,9.94076
2022-05-17 21:30:00,9.94113,9.94939,9.93589,9.93601
2022-05-17 21:45:00,9.93555,9.93736,9.92337,9.92494
2022-05-17 22:00:00,9.92473,9.92842,9.9204,9.92459
2022-05-17 22:15:00,9.92456,9.92577,9.92059,9.92416
2022-05-17 22:30:00,9.92411,9.92513,9.9168,9.91743
2022-05-17 22:45:00,9.91745,9.93188,9.91673,9.92776
2022-05-17 23:00:00,9.92779,9.93146,9.92115,9.92484
2022-05-17 23:15:00,9.92468,9.92834,9.92326,9.9264
2022-05-17 23:30:00,9.92638,9.92956,9.92482,9.92552
2022-05-17 23:45:00,9.92518,9.9253,9.91251,9.91323
2022-05-18 00:00:00,9.91243,9.91243,9.90397,9.90838
2022-05-18 00:15:00,9.90839,9.90881,9.90735,9.9074
2022-05-18 00:30:00,9.90741,9.91054,9.9074,9.90869
2022-05-18 00:45:00,9.90872,9.91049,9.90811,9.91016
2022-05-18 01:00:00,9.91032,9.92096,9.90646,9.91734
2022-05-18 01:15:00,9.9173,9.92094,9.9166,9.91914
2022-05-18 01:30:00,9.91891,9.92015,9.9158,9.91781
2022-05-18 01:45:00,9.91782,9.92179,9.91615,9.92018
2022-05-18 02:00:00,9.92022,9.92125,9.91797,9.91974
2022-05-18 02:15:00,9.91975,9.9221,9.91946,9.92063
2022-05-18 02:30:00,9.92064,9.92352,9.9193,9.92292
2022-05-18 02:45:00,9.92288,9.92375,9.91933,9.91994
2022-05-18 03:00:00,9.9201,9.92035,9.90361,9.9055
2022-05-18 03:15:00,9.90557,9.91575,9.90468,9.91508
2022-05-18 03:30:00,9.91509,9.91563,9.91447,9.91482
2022-05-18 03:45:00,9.91483,9.92135,9.90876,9.91944
2022-05-18 04:00:00,9.91925,9.92468,9.91643,9.91895
2022-05-18 04:15:00,9.91892,9.92413,9.91809,9.92216
2022-05-18 04:30:00,9.92223,9.93571,9.92193,9.93447
2022-05-18 04:45:00,9.9348,9.93849,9.93116,9.93691
2022-05-18 05:00:00,9.93677,9.94069,9.93448,9.93925
2022-05-18 05:15:00,9.93924,9.94038,9.93031,9.93137
2022-05-18 05:30:00,9.93138,9.93646,9.92985,9.93178
2022-05-18 05:45:00,9.9318,9.94122,9.93172,9.9381
2022-05-18 06:00:00,9.93802,9.94101,9.93522,9.94059
2022-05-18 06:15:00,9.94054,9.95979,9.93988,9.95627
2022-05-18 06:30:00,9.95621,9.95728,9.95178,9.9529
2022-05-18 06:45:00,9.95291,9.95489,9.94688,9.947
2022-05-18 07:00:00,9.94705,9.95249,9.94548,9.94847
2022-05-18 07:15:00,9.94846,9.95167,9.94667,9.9509
2022-05-18 07:30:00,9.951,9.95238,9.94679,9.94739
2022-05-18 07:45:00,9.94741,9.95181,9.9467,9.95141
2022-05-18 08:00:00,9.95133,9.95174,9.94157,9.94414
2022-05-18 08:15:00,9.94413,9.9463,9.94072,9.94267
2022-05-18 08:30:00,9.9428,9.9472,9.94178,9.94416
2022-05-18 08:45:00,9.94418,9.94442,9.92566,9.93167
2022-05-18 09:00:00,9.93148,9.93909,9.92939,9.93707
2022-05-18 09:15:00,9.93698,9.94848,9.93381,9.94801
2022-05-18 09:30:00,9.948,9.95594,9.94766,9.95239
2022-05-18 09:45:00,9.95253,9.95822,9.94959,9.95287
2022-05-18 10:00:00,9.95268,9.96001,9.94613,9.95274
2022-05-18 10:15:00,9.95267,9.96345,9.94314,9.9483
2022-05-18 10:30:00,9.94834,9.958,9.93705,9.94592
2022-05-18 10:45:00,9.94568,9.94861,9.93598,9.94854
2022-05-18 11:00:00,9.94839,9.95568,9.944,9.94754
2022-05-18 11:15:00,9.94753,9.97292,9.94586,9.96001
2022-05-18 11:30:00,9.95959,9.97612,9.95127,9.96767
2022-05-18 11:45:00,9.96768,9.96817,9.94857,9.9602
2022-05-18 12:00:00,9.9601,9.96426,9.93915,9.94094
2022-05-18 12:15:00,9.94088,9.95008,9.93679,9.94735
2022-05-18 12:30:00,9.9474,9.94869,9.93571,9.94242
2022-05-18 12:45:00,9.94221,9.94583,9.93323,9.93668
2022-05-18 13:00:00,9.93663,9.94139,9.93216,9.93841
2022-05-18 13:15:00,9.93814,9.93997,9.92975,9.93667
2022-05-18 13:30:00,9.93665,9.93878,9.93446,9.938
2022-05-18 13:45:00,9.93809,9.94632,9.93747,9.94264
2022-05-18 14:00:00,9.94267,9.95788,9.93891,9.95776
2022-05-18 14:15:00,9.95768,9.95964,9.95056,9.95702
2022-05-18 14:30:00,9.95726,9.9692,9.95469,9.96367
2022-05-18 14:45:00,9.96376,9.96853,9.95711,9.95926
2022-05-18 15:00:00,9.9591,9.95982,9.9442,9.94473
2022-05-18 15:15:00,9.94499,9.94773,9.94197,9.94354
2022-05-18 15:30:00,9.94362,9.94828,9.94025,9.94722
2022-05-18 15:45:00,9.94745,9.95334,9.94546,9.9515
2022-05-18 16:00:00,9.95161,9.95452,9.94639,9.95253
2022-05-18 16:15:00,9.95247,9.97032,9.95247,9.96981
2022-05-18 16:30:00,9.96973,9.9745,9.96538,9.96709
2022-05-18 16:45:00,9.96727,9.98364,9.94656,9.98305
2022-05-18 17:00:00,9.98353,9.98489,9.97117,9.97987
2022-05-18 17:15:00,9.9799,9.98706,9.96898,9.98706
2022-05-18 17:30:00,9.98643,9.99141,9.97759,9.98387
2022-05-18 17:45:00,9.98419,9.98748,9.96279,9.96611
2022-05-18 18:00:00,9.96594,10.00169,9.96199,9.99917
2022-05-18 18:15:00,9.9991,10.01975,9.99871,10.00398
2022-05-18 18:30:00,10.004,10.00676,9.98761,9.99475
2022-05-18 18:45:00,9.99469,10.01117,9.9906,10.01046
2022-05-18 19:00:00,10.00988,10.01849,10.00672,10.00777
2022-05-18 19:15:00,10.00792,10.00898,9.99524,9.99799
2022-05-18 19:30:00,9.99802,10.00639,9.99419,9.99707
2022-05-18 19:45:00,9.99716,10.01783,9.9965,10.01651
2022-05-18 20:00:00,10.01629,10.03454,10.01473,10.0328
2022-05-18 20:15:00,10.03254,10.04003,10.02492,10.02732
2022-05-18 20:30:00,10.02731,10.03599,10.02686,10.02971
2022-05-18 20:45:00,10.03004,10.03833,10.02901,10.03327
2022-05-18 21:00:00,10.03309,10.0385,10.03264,10.03773
2022-05-18 21:15:00,10.03765,10.03838,10.02859,10.03293
2022-05-18 21:30:00,10.03291,10.04224,10.02831,10.03972
2022-05-18 21:45:00,10.03975,10.04923,10.03935,10.04807
2022-05-18 22:00:00,10.04833,10.05087,10.04309,10.04835
2022-05-18 22:15:00,10.04842,10.06268,10.04713,10.05667
2022-05-18 22:30:00,10.05665,10.06296,10.03231,10.04277
2022-05-18 22:45:00,10.0414,10.05399,10.04107,10.04745
2022-05-18 23:00:00,10.04741,10.06298,10.04663,10.06006
2022-05-18 23:15:00,10.06009,10.06363,10.05466,10.05669
2022-05-18 23:30:00,10.05666,10.05922,10.04522,10.05778
2022-05-18 23:45:00,10.05779,10.06019,10.03352,10.03895
2022-05-19 00:00:00,10.03579,10.0527,10.02815,10.0527
2022-05-19 00:15:00,10.05269,10.05336,10.03342,10.04679
2022-05-19 00:30:00,10.04588,10.05543,10.04588,10.05125
2022-05-19 00:45:00,10.053,10.05516,10.05133,10.05516
2022-05-19 01:00:00,10.05522,10.05522,10.03812,10.04389
2022-05-19 01:15:00,10.04378,10.04878,10.04023,10.04496
2022-05-19 01:30:00,10.04494,10.04812,10.04291,10.04348
2022-05-19 01:45:00,10.04351,10.0451,10.03781,10.04148
2022-05-19 02:00:00,10.04116,10.04399,10.03631,10.04258
2022-05-19 02:15:00,10.04259,10.04288,10.03869,10.0421
2022-05-19 02:30:00,10.04217,10.0441,10.03779,10.04193
2022-05-19 02:45:00,10.04199,10.04493,10.04034,10.04257
2022-05-19 03:00:00,10.0419,10.0427,10.03312,10.03558
2022-05-19 03:15:00,10.03557,10.03577,10.02935,10.03151
2022-05-19 03:30:00,10.03157,10.03543,10.02842,10.02974
2022-05-19 03:45:00,10.02967,10.03379,10.00838,10.02703
2022-05-19 04:00:00,10.02393,10.02912,10.01902,10.02283
2022-05-19 04:15:00,10.02281,10.02642,10.01958,10.02543
2022-05-19 04:30:00,10.02541,10.02736,10.0173,10.02414
2022-05-19 04:45:00,10.02422,10.02423,10.01421,10.01449
2022-05-19 05:00:00,10.0145,10.01727,10.01125,10.01719
2022-05-19 05:15:00,10.01715,10.02151,10.01357,10.01972
2022-05-19 05:30:00,10.01975,10.02004,10.00631,10.00646
2022-05-19 05:45:00,10.0066,10.00678,9.99358,9.99782
2022-05-19 06:00:00,9.9978,9.99894,9.97934,9.99227
2022-05-19 06:15:00,9.99226,9.99372,9.98043,9.98751
2022-05-19 06:30:00,9.98739,9.99362,9.98443,9.99038
2022-05-19 06:45:00,9.99036,9.99283,9.98835,9.98876
2022-05-19 07:00:00,9.98891,9.99103,9.98333,9.98529
2022-05-19 07:15:00,9.98557,9.98758,9.98373,9.98709
2022-05-19 07:30:00,9.98706,9.98976,9.98374,9.98739
2022-05-19 07:45:00,9.98743,9.99024,9.98351,9.9898
2022-05-19 08:00:00,9.98982,9.99168,9.98496,9.99036
2022-05-19 08:15:00,9.99039,9.99331,9.98156,9.98916
2022-05-19 08:30:00,9.98926,10.00627,9.9864,10.00554
2022-05-19 08:45:00,10.0052,10.01816,9.99994,10.0073
2022-05-19 09:00:00,10.00736,10.01934,10.0028,10.01852
2022-05-19 09:15:00,10.01831,10.02633,10.01025,10.02456
2022-05-19 09:30:00,10.02465,10.02742,10.01096,10.02345
2022-05-19 09:45:00,10.02339,10.0293,10.01464,10.02186
2022-05-19 10:00:00,10.02191,10.03916,10.01761,10.03812
2022-05-19 10:15:00,10.03794,10.0401,10.02644,10.03995
2022-05-19 10:30:00,10.03993,10.04157,10.01988,10.02347
2022-05-19 10:45:00,10.02334,10.02522,9.99065,9.99442
2022-05-19 11:00:00,9.99459,10.00922,9.99215,9.99279
2022-05-19 11:15:00,9.99283,10.00609,9.98631,10.00167
2022-05-19 11:30:00,10.00146,10.01116,9.99562,10.00432
2022-05-19 11:45:00,10.00478,10.00525,9.98906,10.00488
2022-05-19 12:00:00,10.00493,10.01251,10.00028,10.0089
2022-05-19 12:15:00,10.00892,10.02078,10.00673,10.01401
2022-05-19 12:30:00,10.01402,10.02363,10.00741,10.0204
2022-05-19 12:45:00,10.02034,10.02049,10.00972,10.01185
2022-05-19 13:00:00,10.01186,10.01378,9.99567,10.0081
2022-05-19 13:15:00,10.00809,10.01507,9.99958,10.00319
2022-05-19 13:30:00,10.0032,10.00999,9.99061,9.99118
2022-05-19 13:45:00,9.99113,9.99156,9.96799,9.9694
2022-05-19 14:00:00,9.96942,9.98531,9.95465,9.98508
2022-05-19 14:15:00,9.98504,9.99324,9.9821,9.98248
2022-05-19 14:30:00,9.98243,9.98912,9.98023,9.98181
2022-05-19 14:45:00,9.98192,9.99351,9.97836,9.98516
2022-05-19 15:00:00,9.98527,9.98945,9.9756,9.98471
2022-05-19 15:15:00,9.98469,9.99938,9.98458,9.98972
2022-05-19 15:30:00,9.98971,9.98976,9.96164,9.97112
2022-05-19 15:45:00,9.97106,9.97667,9.96234,9.96862
2022-05-19 16:00:00,9.96861,9.96897,9.94599,9.94924
2022-05-19 16:15:00,9.9491,9.95678,9.93084,9.95611
2022-05-19 16:30:00,9.95589,9.95791,9.9339,9.93687
2022-05-19 16:45:00,9.93689,9.94876,9.92567,9.94327
2022-05-19 17:00:00,9.94364,9.94382,9.91682,9.93015
2022-05-19 17:15:00,9.93016,9.93411,9.91557,9.93356
2022-05-19 17:30:00,9.93347,9.95147,9.93162,9.94567
2022-05-19 17:45:00,9.9457,9.9463,9.91321,9.92315
2022-05-19 18:00:00,9.9223,9.92879,9.91035,9.91719
2022-05-19 18:15:00,9.91777,9.92213,9.90911,9.91322
2022-05-19 18:30:00,9.91324,9.91479,9.8813,9.8833
2022-05-19 18:45:00,9.88396,9.91545,9.88345,9.91026
2022-05-19 19:00:00,9.91024,9.91289,9.8983,9.90682
2022-05-19 19:15:00,9.90757,9.91935,9.90017,9.90449
2022-05-19 19:30:00,9.90448,9.92128,9.90193,9.91142
2022-05-19 19:45:00,9.91144,9.9233,9.89602,9.92043
2022-05-19 20:00:00,9.92032,9.9268,9.90771,9.92186
2022-05-19 20:15:00,9.92178,9.92883,9.91143,9.92302
2022-05-19 20:30:00,9.92301,9.92623,9.91097,9.91393
2022-05-19 20:45:00,9.91394,9.91869,9.89297,9.89588
2022-05-19 21:00:00,9.89581,9.90746,9.89397,9.90075
2022-05-19 21:15:00,9.90096,9.90714,9.89639,9.89834
2022-05-19 21:30:00,9.89832,9.9059,9.89383,9.90137
2022-05-19 21:45:00,9.90206,9.90463,9.89492,9.89656
2022-05-19 22:00:00,9.89664,9.90618,9.89179,9.90156
2022-05-19 22:15:00,9.90152,9.91897,9.90117,9.91863
2022-05-19 22:30:00,9.9186,9.92478,9.9148,9.91606
2022-05-19 22:45:00,9.91601,9.92302,9.91166,9.91201
2022-05-19 23:00:00,9.9119,9.92343,9.9119,9.91972
2022-05-19 23:15:00,9.92051,9.92291,9.91357,9.91772
2022-05-19 23:30:00,9.91759,9.91989,9.91668,9.91869
2022-05-19 23:45:00,9.91873,9.92706,9.90693,9.91846
2022-05-20 00:00:00,9.9189,9.9189,9.88298,9.89506
2022-05-20 00:15:00,9.89706,9.89947,9.89331,9.89829
2022-05-20 00:30:00,9.8977,9.90225,9.89179,9.90121
2022-05-20 00:45:00,9.90231,9.90462,9.89417,9.8985
2022-05-20 01:00:00,9.89854,9.91745,9.8965,9.91183
2022-05-20 01:15:00,9.91183,9.91752,9.91055,9.91498
2022-05-20 01:30:00,9.91404,9.92033,9.91404,9.917
2022-05-20 01:45:00,9.91703,9.92077,9.91589,9.91853
2022-05-20 02:00:00,9.9185,9.92084,9.91831,9.91936
2022-05-20 02:15:00,9.91941,9.92119,9.91684,9.91849
2022-05-20 02:30:00,9.9185,9.92073,9.91639,9.91936
2022-05-20 02:45:00,9.91953,9.92748,9.91825,9.92197
2022-05-20 03:00:00,9.92214,9.92216,9.91768,9.9201
2022-05-20 03:15:00,9.92009,9.93153,9.92008,9.92985
2022-05-20 03:30:00,9.92981,9.93401,9.92766,9.93312
2022-05-20 03:45:00,9.93313,9.93677,9.92118,9.92541
2022-05-20 04:00:00,9.92555,9.92947,9.91625,9.92834
2022-05-20 04:15:00,9.92833,9.9319,9.92041,9.92241
2022-05-20 04:30:00,9.92209,9.92575,9.91798,9.9206
2022-05-20 04:45:00,9.92063,9.92938,9.91995,9.92689
2022-05-20 05:00:00,9.92699,9.94574,9.92652,9.94347
2022-05-20 05:15:00,9.94338,9.94339,9.94155,9.94204
2022-05-20 05:30:00,9.94201,9.94588,9.9411,9.94154
2022-05-20 05:45:00,9.94152,9.94496,9.94093,9.94414
2022-05-20 06:00:00,9.94427,9.94597,9.93503,9.93688
2022-05-20 06:15:00,9.93695,9.93991,9.93307,9.9396
2022-05-20 06:30:00,9.93955,9.94047,9.93211,9.93479
2022-05-20 06:45:00,9.93478,9.93653,9.93233,9.93302
2022-05-20 07:00:00,9.93296,9.93711,9.92729,9.92862
2022-05-20 07:15:00,9.92857,9.92878,9.91955,9.91955
2022-05-20 07:30:00,9.92008,9.9265,9.92008,9.92486
2022-05-20 07:45:00,9.92497,9.92497,9.92033,9.92345
2022-05-20 08:00:00,9.9235,9.925,9.91807,9.91856
2022-05-20 08:15:00,9.91857,9.92146,9.91352,9.91969
2022-05-20 08:30:00,9.91972,9.9201,9.90583,9.90815
2022-05-20 08:45:00,9.90815,9.91477,9.89499,9.90238
2022-05-20 09:00:00,9.90087,9.90982,9.89703,9.90445
2022-05-20 09:15:00,9.90441,9.91541,9.90373,9.91254
2022-05-20 09:30:00,9.91253,9.91431,9.90211,9.91003
2022-05-20 09:45:00,9.9099,9.92721,9.90862,9.92572
2022-05-20 10:00:00,9.9257,9.93291,9.91701,9.92256
2022-05-20 10:15:00,9.92251,9.92923,9.91055,9.9252
2022-05-20 10:30:00,9.92521,9.93147,9.91616,9.91948
2022-05-20 10:45:00,9.91893,9.92559,9.91395,9.92398
2022-05-20 11:00:00,9.92414,9.94287,9.92321,9.94269
2022-05-20 11:15:00,9.94276,9.95406,9.93563,9.9369
2022-05-20 11:30:00,9.93706,9.93779,9.91915,9.92056
2022-05-20 11:45:00,9.92059,9.92285,9.90595,9.91044
2022-05-20 12:00:00,9.91052,9.91843,9.90854,9.9143
2022-05-20 12:15:00,9.91437,9.91591,9.90109,9.90846
2022-05-20 12:30:00,9.90851,9.9213,9.90466,9.9182
2022-05-20 12:45:00,9.91819,9.92125,9.90643,9.90991
2022-05-20 13:00:00,9.90998,9.91401,9.90204,9.90379
2022-05-20 13:15:00,9.90378,9.90911,9.89649,9.89826
2022-05-20 13:30:00,9.89839,9.90745,9.8945,9.89838
2022-05-20 13:45:00,9.89837,9.90122,9.88879,9.89194
2022-05-20 14:00:00,9.89198,9.91575,9.89157,9.91128
2022-05-20 14:15:00,9.91132,9.91438,9.90848,9.91204
2022-05-20 14:30:00,9.91202,9.91564,9.90848,9.91503
2022-05-20 14:45:00,9.91495,9.92881,9.91288,9.9249
2022-05-20 15:00:00,9.92491,9.92758,9.90967,9.91882
2022-05-20 15:15:00,9.91891,9.92719,9.9162,9.91998
2022-05-20 15:30:00,9.9203,9.92835,9.91604,9.91982
2022-05-20 15:45:00,9.91978,9.9432,9.91917,9.93276
2022-05-20 16:00:00,9.93285,9.93505,9.92547,9.92566
2022-05-20 16:15:00,9.92567,9.93783,9.92461,9.93623
2022-05-20 16:30:00,9.93689,9.94475,9.92477,9.92898
2022-05-20 16:45:00,9.93035,9.9415,9.92639,9.93197
2022-05-20 17:00:00,9.93201,9.96091,9.92876,9.94834
2022-05-20 17:15:00,9.94795,9.94941,9.93575,9.942
2022-05-20 17:30:00,9.94194,9.94855,9.9341,9.93484
2022-05-20 17:45:00,9.93458,9.95161,9.93457,9.94886
2022-05-20 18:00:00,9.94867,9.96666,9.94771,9.9634
2022-05-20 18:15:00,9.96344,9.967,9.95807,9.96025
2022-05-20 18:30:00,9.96018,9.96112,9.94773,9.94973
2022-05-20 18:45:00,9.9496,9.95395,9.9452,9.94955
2022-05-20 19:00:00,9.94945,9.97,9.94849,9.95985
2022-05-20 19:15:00,9.95984,9.96584,9.95476,9.955
2022-05-20 19:30:00,9.95539,9.96136,9.95173,9.96136
2022-05-20 19:45:00,9.96137,9.9771,9.96033,9.96822
2022-05-20 20:00:00,9.96819,9.97346,9.96584,9.97111
2022-05-20 20:15:00,9.97108,9.97599,9.96975,9.97544
2022-05-20 20:30:00,9.97608,9.98031,9.97111,9.97303
2022-05-20 20:45:00,9.97301,9.97549,9.95674,9.97175
2022-05-20 21:00:00,9.97174,9.98087,9.966,9.97697
2022-05-20 21:15:00,9.97696,9.98385,9.97089,9.98184
2022-05-20 21:30:00,9.98191,9.98453,9.97175,9.97208
2022-05-20 21:45:00,9.97212,9.97583,9.95979,9.96855
2022-05-20 22:00:00,9.96856,9.97232,9.96195,9.97082
2022-05-20 22:15:00,9.97078,9.97145,9.953,9.95327
2022-05-20 22:30:00,9.9549,9.96053,9.93997,9.94226
2022-05-20 22:45:00,9.94214,9.95142,9.94201,9.94715
2022-05-20 23:00:00,9.94727,9.95652,9.94344,9.94614
2022-05-20 23:15:00,9.94618,9.94898,9.93501,9.94
2022-05-20 23:30:00,9.93945,9.9409,9.93657,9.93814
2022-05-20 23:45:00,9.93807,9.94774,9.92311,9.92311
2022-05-23 00:00:00,9.91725,9.92278,9.91725,9.92051
2022-05-23 00:15:00,9.9205,9.93696,9.91884,9.93012
2022-05-23 00:30:00,9.92884,9.92904,9.92797,9.92797
2022-05-23 00:45:00,9.92796,9.93351,9.91911,9.93295
2022-05-23 01:00:00,9.93392,9.94223,9.92863,9.93317
2022-05-23 01:15:00,9.93318,9.93458,9.9295,9.9331
2022-05-23 01:30:00,9.93305,9.93452,9.92962,9.93076
2022-05-23 01:45:00,9.93068,9.93575,9.92802,9.93398
2022-05-23 02:00:00,9.93407,9.93745,9.93197,9.93723
2022-05-23 02:15:00,9.93675,9.93941,9.92016,9.92166
2022-05-23 02:30:00,9.9216,9.92709,9.91448,9.9242
2022-05-23 02:45:00,9.92429,9.93154,9.9238,9.92959
2022-05-23 03:00:00,9.93086,9.93445,9.92174,9.92182
2022-05-23 03:15:00,9.92185,9.92355,9.90994,9.91006
2022-05-23 03:30:00,9.91001,9.91183,9.9032,9.90445
2022-05-23 03:45:00,9.9045,9.91469,9.90166,9.91214
2022-05-23 04:00:00,9.91218,9.91441,9.89984,9.90024
2022-05-23 04:15:00,9.90017,9.90154,9.898,9.8992
2022-05-23 04:30:00,9.89921,9.90605,9.8982,9.90197
2022-05-23 04:45:00,9.90198,9.9084,9.90198,9.90346
2022-05-23 05:00:00,9.90342,9.90572,9.90147,9.9022
2022-05-23 05:15:00,9.90221,9.90238,9.89883,9.90102
2022-05-23 05:30:00,9.901,9.90215,9.8987,9.89929
2022-05-23 05:45:00,9.8993,9.90292,9.89856,9.90259
2022-05-23 06:00:00,9.90283,9.9029,9.89465,9.89791
2022-05-23 06:15:00,9.89789,9.90209,9.89653,9.90182
2022-05-23 06:30:00,9.90183,9.90401,9.90028,9.90071
2022-05-23 06:45:00,9.90074,9.90076,9.89515,9.89844
2022-05-23 07:00:00,9.89843,9.90036,9.89663,9.89761
2022-05-23 07:15:00,9.89762,9.89992,9.89641,9.89688
2022-05-23 07:30:00,9.89689,9.89819,9.89639,9.8979
2022-05-23 07:45:00,9.89794,9.90184,9.8978,9.90166
2022-05-23 08:00:00,9.90164,9.90567,9.9008,9.90248
2022-05-23 08:15:00,9.90227,9.90447,9.90043,9.90283
2022-05-23 08:30:00,9.9028,9.90749,9.89772,9.89927
2022-05-23 08:45:00,9.89924,9.90129,9.87454,9.89421
2022-05-23 09:00:00,9.89493,9.89975,9.88386,9.88564
2022-05-23 09:15:00,9.88573,9.88932,9.87888,9.883
2022-05-23 09:30:00,9.88277,9.88779,9.87143,9.87676
2022-05-23 09:45:00,9.87749,9.88054,9.86971,9.87483
2022-05-23 10:00:00,9.87486,9.88084,9.86291,9.8791
2022-05-23 10:15:00,9.87909,9.88138,9.86507,9.87547
2022-05-23 10:30:00,9.8755,9.89836,9.87383,9.89653
2022-05-23 10:45:00,9.89657,9.89713,9.88212,9.88347
2022-05-23 11:00:00,9.88346,9.89038,9.86707,9.89028
2022-05-23 11:15:00,9.89029,9.89404,9.86435,9.88261
2022-05-23 11:30:00,9.88262,9.90439,9.87633,9.88867
2022-05-23 11:45:00,9.88866,9.89179,9.85967,9.86494
2022-05-23 12:00:00,9.865,9.8657,9.83817,9.83916
2022-05-23 12:15:00,9.83915,9.85006,9.83732,9.84045
2022-05-23 12:30:00,9.84023,9.84414,9.82219,9.82408
2022-05-23 12:45:00,9.8241,9.83574,9.82183,9.8307
2022-05-23 13:00:00,9.83077,9.83359,9.82532,9.82801
2022-05-23 13:15:00,9.82813,9.83379,9.82716,9.83031
2022-05-23 13:30:00,9.8303,9.8339,9.82326,9.83002
2022-05-23 13:45:00,9.83003,9.83436,9.81142,9.81218
2022-05-23 14:00:00,9.81209,9.81756,9.8089,9.81021
2022-05-23 14:15:00,9.81019,9.82119,9.80851,9.82106
2022-05-23 14:30:00,9.82114,9.83271,9.82003,9.83037
2022-05-23 14:45:00,9.83039,9.83598,9.82363,9.83406
2022-05-23 15:00:00,9.83344,9.84186,9.82943,9.84153
2022-05-23 15:15:00,9.84154,9.84906,9.83876,9.84858
2022-05-23 15:30:00,9.84854,9.85945,9.84582,9.85287
2022-05-23 15:45:00,9.853,9.86226,9.84824,9.85151
2022-05-23 16:00:00,9.85142,9.85969,9.8441,9.8453
2022-05-23 16:15:00,9.84531,9.86393,9.84468,9.85549
2022-05-23 16:30:00,9.85554,9.86965,9.84526,9.85129
2022-05-23 16:45:00,9.85107,9.85556,9.83574,9.83966
2022-05-23 17:00:00,9.83968,9.85647,9.83959,9.84657
2022-05-23 17:15:00,9.84654,9.84672,9.82142,9.82445
2022-05-23 17:30:00,9.82454,9.82968,9.81944,9.82739
2022-05-23 17:45:00,9.82745,9.84395,9.82077,9.82727
2022-05-23 18:00:00,9.82714,9.83079,9.8057,9.80601
2022-05-23 18:15:00,9.80622,9.82119,9.80131,9.82014
2022-05-23 18:30:00,9.82016,9.82849,9.80974,9.82168
2022-05-23 18:45:00,9.8217,9.83243,9.82122,9.82952
2022-05-23 19:00:00,9.82929,9.83565,9.82575,9.82967
2022-05-23 19:15:00,9.82958,9.83747,9.82914,9.83139
2022-05-23 19:30:00,9.83138,9.8431,9.82094,9.82332
2022-05-23 19:45:00,9.82333,9.83481,9.82195,9.83058
2022-05-23 20:00:00,9.83058,9.83504,9.82942,9.83181
2022-05-23 20:15:00,9.83177,9.83924,9.82766,9.8281
2022-05-23 20:30:00,9.82808,9.83026,9.81166,9.81181
2022-05-23 20:45:00,9.81154,9.82046,9.81142,9.81691
2022-05-23 21:00:00,9.81688,9.82187,9.8092,9.81776
2022-05-23 21:15:00,9.81774,9.82157,9.81317,9.81646
2022-05-23 21:30:00,9.81642,9.81724,9.80381,9.80396
2022-05-23 21:45:00,9.80402,9.81269,9.79907,9.81144
2022-05-23 22:00:00,9.81129,9.82402,9.8062,9.8184
2022-05-23 22:15:00,9.81822,9.82039,9.81572,9.81659
2022-05-23 22:30:00,9.81655,9.81674,9.80966,9.81448
2022-05-23 22:45:00,9.81458,9.81751,9.81121,9.81734
2022-05-23 23:00:00,9.81715,9.81901,9.80801,9.8086
2022-05-23 23:15:00,9.80874,9.81186,9.80551,9.80584
2022-05-23 23:30:00,9.8058,9.81189,9.80365,9.8084
2022-05-23 23:45:00,9.80841,9.80883,9.79985,9.79985
2022-05-24 00:00:00,9.80019,9.80725,9.79786,9.80379
2022-05-24 00:15:00,9.80374,9.80558,9.80167,9.80314
2022-05-24 00:30:00,9.80313,9.80702,9.80313,9.80702
2022-05-24 00:45:00,9.80672,9.81136,9.80664,9.81114
2022-05-24 01:00:00,9.8114,9.82104,9.80761,9.82091
2022-05-24 01:15:00,9.82086,9.82423,9.81866,9.82089
2022-05-24 01:30:00,9.82083,9.82089,9.81624,9.81835
2022-05-24 01:45:00,9.81814,9.81954,9.81644,9.81798
2022-05-24 02:00:00,9.81815,9.82237,9.81754,9.8219
2022-05-24 02:15:00,9.82202,9.82314,9.81954,9.82115
2022-05-24 02:30:00,9.82112,9.8218,9.81847,9.8192
2022-05-24 02:45:00,9.81923,9.82317,9.81671,9.82108
2022-05-24 03:00:00,9.82123,9.83165,9.81996,9.82452
2022-05-24 03:15:00,9.82456,9.83248,9.82409,9.83207
2022-05-24 03:30:00,9.83213,9.83403,9.82618,9.83282
2022-05-24 03:45:00,9.83286,9.83992,9.82987,9.8387
2022-05-24 04:00:00,9.83858,9.84042,9.83361,9.83795
2022-05-24 04:15:00,9.83789,9.8382,9.8322,9.83554
2022-05-24 04:30:00,9.83534,9.84211,9.83328,9.83494
2022-05-24 04:45:00,9.83498,9.84107,9.83232,9.83986
2022-05-24 05:00:00,9.83977,9.84464,9.83876,9.84282
2022-05-24 05:15:00,9.8429,9.84858,9.84198,9.84456
2022-05-24 05:30:00,9.84444,9.84668,9.84187,9.84384
2022-05-24 05:45:00,9.84388,9.84553,9.84179,9.84547
2022-05-24 06:00:00,9.84539,9.84575,9.83588,9.83653
2022-05-24 06:15:00,9.83646,9.83992,9.83567,9.83912
2022-05-24 06:30:00,9.83908,9.83997,9.83532,9.83649
2022-05-24 06:45:00,9.83647,9.83765,9.83262,9.83393
2022-05-24 07:00:00,9.83398,9.84152,9.83251,9.84129
2022-05-24 07:15:00,9.84128,9.84234,9.83671,9.84093
2022-05-24 07:30:00,9.84095,9.84242,9.83881,9.83958
2022-05-24 07:45:00,9.83951,9.84907,9.83843,9.84625
2022-05-24 08:00:00,9.84624,9.85016,9.84435,9.84701
2022-05-24 08:15:00,9.84683,9.85089,9.84256,9.84446
2022-05-24 08:30:00,9.84445,9.84655,9.84081,9.84623
2022-05-24 08:45:00,9.84666,9.84849,9.84219,9.84298
2022-05-24 09:00:00,9.84293,9.84521,9.83288,9.83725
2022-05-24 09:15:00,9.83658,9.83885,9.83227,9.83517
2022-05-24 09:30:00,9.83489,9.84037,9.82661,9.82956
2022-05-24 09:45:00,9.82945,9.8347,9.81225,9.82294
2022-05-24 10:00:00,9.82233,9.82233,9.77583,9.77678
2022-05-24 10:15:00,9.77678,9.78501,9.76417,9.77153
2022-05-24 10:30:00,9.7713,9.78706,9.76318,9.77572
2022-05-24 10:45:00,9.77576,9.788,9.76996,9.77236
2022-05-24 11:00:00,9.77223,9.78227,9.76637,9.77946
2022-05-24 11:15:00,9.7795,9.79475,9.77911,9.79204
2022-05-24 11:30:00,9.79227,9.80892,9.79119,9.80569
2022-05-24 11:45:00,9.80565,9.81014,9.79386,9.80574
2022-05-24 12:00:00,9.80575,9.80607,9.79198,9.79748
2022-05-24 12:15:00,9.79746,9.80123,9.78846,9.79246
2022-05-24 12:30:00,9.79239,9.81141,9.79194,9.80521
2022-05-24 12:45:00,9.80503,9.81004,9.79499,9.79673
2022-05-24 13:00:00,9.79675,9.80062,9.78941,9.79077
2022-05-24 13:15:00,9.79078,9.79686,9.78982,9.79322
2022-05-24 13:30:00,9.79335,9.80221,9.79194,9.80118
2022-05-24 13:45:00,9.80121,9.80843,9.80008,9.80137
2022-05-24 14:00:00,9.80132,9.80542,9.79604,9.80523
2022-05-24 14:15:00,9.80516,9.80697,9.79672,9.79776
2022-05-24 14:30:00,9.79785,9.80028,9.78576,9.79619
2022-05-24 14:45:00,9.79633,9.79946,9.78766,9.79765
2022-05-24 15:00:00,9.7976,9.79844,9.78824,9.79409
2022-05-24 15:15:00,9.79418,9.81088,9.79327,9.81035
2022-05-24 15:30:00,9.81032,9.81185,9.80299,9.80451
2022-05-24 15:45:00,9.80454,9.80523,9.78363,9.79666
2022-05-24 16:00:00,9.79667,9.80414,9.79221,9.79719
2022-05-24 16:15:00,9.79716,9.80238,9.79035,9.79792
2022-05-24 16:30:00,9.798,9.80996,9.79105,9.80263
2022-05-24 16:45:00,9.8026,9.80274,9.77641,9.78537
2022-05-24 17:00:00,9.78555,9.80308,9.77778,9.792
2022-05-24 17:15:00,9.79306,9.80216,9.76796,9.7683
2022-05-24 17:30:00,9.7683,9.77823,9.75965,9.7696
2022-05-24 17:45:00,9.76967,9.79018,9.76877,9.78642
2022-05-24 18:00:00,9.7864,9.79305,9.78291,9.78656
2022-05-24 18:15:00,9.78648,9.79877,9.77884,9.78137
2022-05-24 18:30:00,9.78138,9.79317,9.77664,9.78092
2022-05-24 18:45:00,9.78098,9.78176,9.76775,9.76893
2022-05-24 19:00:00,9.76876,9.77191,9.7556,9.75707
2022-05-24 19:15:00,9.75701,9.76628,9.75374,9.76624
2022-05-24 19:30:00,9.76632,9.77216,9.76452,9.77145
2022-05-24 19:45:00,9.77144,9.77965,9.76917,9.77044
2022-05-24 20:00:00,9.77031,9.77648,9.76738,9.77
2022-05-24 20:15:00,9.76997,9.77385,9.76523,9.76965
2022-05-24 20:30:00,9.76999,9.77327,9.7648,9.76949
2022-05-24 20:45:00,9.76951,9.77456,9.76715,9.76792
2022-05-24 21:00:00,9.76822,9.77564,9.76442,9.7668
2022-05-24 21:15:00,9.76679,9.7743,9.76451,9.77
2022-05-24 21:30:00,9.77002,9.77368,9.76732,9.77308
2022-05-24 21:45:00,9.77333,9.77623,9.76928,9.77337
2022-05-24 22:00:00,9.77342,9.77395,9.76193,9.76228
2022-05-24 22:15:00,9.7623,9.76593,9.75987,9.76519
2022-05-24 22:30:00,9.76495,9.76576,9.75194,9.75591
2022-05-24 22:45:00,9.75593,9.76175,9.75122,9.76083
2022-05-24 23:00:00,9.7608,9.76354,9.75489,9.75915
2022-05-24 23:15:00,9.75911,9.75935,9.75635,9.75661
2022-05-24 23:30:00,9.75643,9.7611,9.75477,9.76042
2022-05-24 23:45:00,9.7601,9.76076,9.74617,9.74709
2022-05-25 00:00:00,9.75112,9.75924,9.74423,9.7569
2022-05-25 00:15:00,9.75609,9.75894,9.75301,9.75781
2022-05-25 00:30:00,9.75562,9.75959,9.75289,9.75832
2022-05-25 00:45:00,9.75868,9.75913,9.75823,9.75883
2022-05-25 01:00:00,9.75875,9.75961,9.75238,9.756
2022-05-25 01:15:00,9.75617,9.75787,9.75274,9.75332
2022-05-25 01:30:00,9.75267,9.75746,9.75214,9.75595
2022-05-25 01:45:00,9.75599,9.75712,9.75094,9.7514
2022-05-25 02:00:00,9.75146,9.75606,9.75118,9.75441
2022-05-25 02:15:00,9.75446,9.75568,9.74548,9.75292
2022-05-25 02:30:00,9.75282,9.75405,9.75002,9.75401
2022-05-25 02:45:00,9.75397,9.75727,9.75056,9.75342
2022-05-25 03:00:00,9.7536,9.76387,9.75275,9.76008
2022-05-25 03:15:00,9.7599,9.76762,9.7599,9.76626
2022-05-25 03:30:00,9.76633,9.77631,9.76388,9.76773
2022-05-25 03:45:00,9.76576,9.77436,9.76356,9.76817
2022-05-25 04:00:00,9.76871,9.77675,9.76549,9.77354
2022-05-25 04:15:00,9.77352,9.77898,9.77041,9.7768
2022-05-25 04:30:00,9.77672,9.78145,9.77167,9.78132
2022-05-25 04:45:00,9.78112,9.78832,9.77675,9.78136
2022-05-25 05:00:00,9.7814,9.78163,9.76809,9.77603
2022-05-25 05:15:00,9.77605,9.78071,9.77591,9.7795
2022-05-25 05:30:00,9.77957,9.78971,9.77895,9.78853
2022-05-25 05:45:00,9.78845,9.79019,9.78396,9.78536
2022-05-25 06:00:00,9.78543,9.78776,9.7812,9.78349
2022-05-25 06:15:00,9.78355,9.78551,9.77915,9.78175
2022-05-25 06:30:00,9.78171,9.78253,9.77135,9.77163
2022-05-25 06:45:00,9.77172,9.77323,9.76879,9.76906
2022-05-25 07:00:00,9.76909,9.77373,9.76615,9.77363
2022-05-25 07:15:00,9.77364,9.77567,9.77015,9.77122
2022-05-25 07:30:00,9.77121,9.77717,9.7689,9.77485
2022-05-25 07:45:00,9.77504,9.7812,9.77442,9.78031
2022-05-25 08:00:00,9.78049,9.78325,9.77788,9.78153
2022-05-25 08:15:00,9.78171,9.7828,9.77663,9.78273
2022-05-25 08:30:00,9.78268,9.79004,9.78008,9.78949
2022-05-25 08:45:00,9.78946,9.79078,9.78509,9.78637
2022-05-25 09:00:00,9.78638,9.79439,9.78143,9.7879
2022-05-25 09:15:00,9.78801,9.79895,9.78726,9.79266
2022-05-25 09:30:00,9.79273,9.79935,9.78215,9.79457
2022-05-25 09:45:00,9.79458,9.81265,9.78225,9.8116
2022-05-25 10:00:00,9.81082,9.82644,9.80638,9.81491
2022-05-25 10:15:00,9.81461,9.83221,9.81356,9.83136
2022-05-25 10:30:00,9.83124,9.83539,9.82452,9.83035
2022-05-25 10:45:00,9.83034,9.84159,9.824,9.83771
2022-05-25 11:00:00,9.83775,9.84715,9.83135,9.84389
2022-05-25 11:15:00,9.84432,9.8609,9.83873,9.85778
2022-05-25 11:30:00,9.85782,9.85957,9.83582,9.83759
2022-05-25 11:45:00,9.83755,9.84849,9.83614,9.84607
2022-05-25 12:00:00,9.84609,9.87371,9.84515,9.86972
2022-05-25 12:15:00,9.8699,9.8743,9.85675,9.86582
2022-05-25 12:30:00,9.8653,9.87209,9.86126,9.86806
2022-05-25 12:45:00,9.86809,9.87089,9.85239,9.862
2022-05-25 13:00:00,9.86182,9.86228,9.85147,9.85838
2022-05-25 13:15:00,9.85854,9.8692,9.85854,9.86839
2022-05-25 13:30:00,9.8684,9.87538,9.86097,9.86901
2022-05-25 13:45:00,9.86897,9.87947,9.86529,9.8668
2022-05-25 14:00:00,9.86674,9.87165,9.86343,9.86531
2022-05-25 14:15:00,9.86537,9.87674,9.86119,9.8729
2022-05-25 14:30:00,9.87285,9.8806,9.86279,9.87144
2022-05-25 14:45:00,9.87152,9.87884,9.86617,9.87758
2022-05-25 15:00:00,9.87734,9.89146,9.87584,9.89072
2022-05-25 15:15:00,9.89067,9.90453,9.89067,9.90404
2022-05-25 15:30:00,9.90374,9.9065,9.88085,9.88597
2022-05-25 15:45:00,9.88633,9.89991,9.8839,9.89143
2022-05-25 16:00:00,9.89129,9.89974,9.88684,9.89719
2022-05-25 16:15:00,9.89717,9.89717,9.88236,9.8827
2022-05-25 16:30:00,9.88273,9.88436,9.8667,9.87147
2022-05-25 16:45:00,9.87171,9.8774,9.86174,9.87341
2022-05-25 17:00:00,9.87342,9.88442,9.86747,9.87423
2022-05-25 17:15:00,9.87437,9.87821,9.85334,9.85673
2022-05-25 17:30:00,9.85637,9.86399,9.84956,9.862
2022-05-25 17:45:00,9.86185,9.87574,9.85828,9.87184
2022-05-25 18:00:00,9.8718,9.88091,9.86591,9.8757
2022-05-25 18:15:00,9.87635,9.87974,9.87082,9.87384
2022-05-25 18:30:00,9.8741,9.88846,9.8741,9.8789
2022-05-25 18:45:00,9.87894,9.88821,9.8761,9.88792
2022-05-25 19:00:00,9.88785,9.88877,9.87596,9.87878
2022-05-25 19:15:00,9.87907,9.90276,9.87721,9.88906
2022-05-25 19:30:00,9.88898,9.89672,9.88568,9.89387
2022-05-25 19:45:00,9.89416,9.89456,9.88633,9.88798
2022-05-25 20:00:00,9.88792,9.89341,9.88698,9.8922
2022-05-25 20:15:00,9.89228,9.89318,9.88107,9.88253
2022-05-25 20:30:00,9.88256,9.88464,9.87836,9.87972
2022-05-25 20:45:00,9.87974,9.886,9.86945,9.87094
2022-05-25 21:00:00,9.87015,9.8906,9.85037,9.86522
2022-05-25 21:15:00,9.86521,9.87497,9.86323,9.86488
2022-05-25 21:30:00,9.86477,9.86705,9.86114,9.86555
2022-05-25 21:45:00,9.86559,9.86817,9.84644,9.84776
2022-05-25 22:00:00,9.84774,9.85065,9.8392,9.84314
2022-05-25 22:15:00,9.84315,9.84879,9.84163,9.84763
2022-05-25 22:30:00,9.84762,9.86433,9.84418,9.86131
2022-05-25 22:45:00,9.8613,9.87526,9.8541,9.86634
2022-05-25 23:00:00,9.8657,9.87366,9.86555,9.86832
2022-05-25 23:15:00,9.86833,9.86995,9.86679,9.86892
2022-05-25 23:30:00,9.86875,9.86881,9.86301,9.86606
2022-05-25 23:45:00,9.86611,9.86611,9.82533,9.83052
2022-05-26 00:00:00,9.83157,9.84855,9.82835,9.84522
2022-05-26 00:15:00,9.84524,9.84727,9.84265,9.84491
2022-05-26 00:30:00,9.84467,9.84795,9.84467,9.8469
2022-05-26 00:45:00,9.84693,9.84911,9.84655,9.84885
2022-05-26 01:00:00,9.84895,9.85272,9.84435,9.84439
2022-05-26 01:15:00,9.84476,9.84638,9.83871,9.84385
2022-05-26 01:30:00,9.84392,9.84627,9.83919,9.84544
2022-05-26 01:45:00,9.84543,9.85121,9.84517,9.85002
2022-05-26 02:00:00,9.85001,9.85084,9.84517,9.84672
2022-05-26 02:15:00,9.8468,9.85193,9.84669,9.84927
2022-05-26 02:30:00,9.84931,9.8508,9.84796,9.84908
2022-05-26 02:45:00,9.84928,9.85724,9.84864,9.85624
2022-05-26 03:00:00,9.85619,9.85619,9.84502,9.84582
2022-05-26 03:15:00,9.84579,9.84815,9.84119,9.84204
2022-05-26 03:30:00,9.84236,9.84327,9.83357,9.83387
2022-05-26 03:45:00,9.83402,9.83712,9.82735,9.82833
2022-05-26 04:00:00,9.82834,9.83299,9.82716,9.83115
2022-05-26 04:15:00,9.83119,9.84153,9.82936,9.83803
2022-05-26 04:30:00,9.83784,9.84979,9.83608,9.84388
2022-05-26 04:45:00,9.84396,9.85222,9.83945,9.85173
2022-05-26 05:00:00,9.85199,9.85199,9.83643,9.84808
2022-05-26 05:15:00,9.84813,9.84986,9.83992,9.8421
2022-05-26 05:30:00,9.84208,9.84312,9.83663,9.84151
2022-05-26 05:45:00,9.84152,9.84317,9.83678,9.84276
2022-05-26 06:00:00,9.84278,9.8546,9.84034,9.85105
2022-05-26 06:15:00,9.85101,9.85305,9.84624,9.84883
2022-05-26 06:30:00,9.84889,9.85271,9.83592,9.83764
2022-05-26 06:45:00,9.83773,9.83992,9.83569,9.83786
2022-05-26 07:00:00,9.83792,9.84309,9.83604,9.84236
2022-05-26 07:15:00,9.84235,9.85021,9.84198,9.84562
2022-05-26 07:30:00,9.84569,9.85675,9.84484,9.85607
2022-05-26 07:45:00,9.85606,9.86876,9.85443,9.8679
2022-05-26 08:00:00,9.86795,9.86853,9.859,9.86142
2022-05-26 08:15:00,9.86157,9.87038,9.86085,9.86697
2022-05-26 08:30:00,9.86696,9.87319,9.86494,9.87209
2022-05-26 08:45:00,9.87212,9.88529,9.87124,9.8847
2022-05-26 09:00:00,9.88467,9.88967,9.87354,9.88478
2022-05-26 09:15:00,9.88493,9.89652,9.8783,9.8954
2022-05-26 09:30:00,9.8952,9.89728,9.8919,9.8956
2022-05-26 09:45:00,9.89563,9.89572,9.87485,9.87715
2022-05-26 10:00:00,9.87714,9.88418,9.86768,9.88418
2022-05-26 10:15:00,9.88408,9.88526,9.86349,9.87332
2022-05-26 10:30:00,9.87333,9.88124,9.86576,9.86777
2022-05-26 10:45:00,9.86776,9.88584,9.86776,9.8715
2022-05-26 11:00:00,9.87156,9.90319,9.87074,9.90204
2022-05-26 11:15:00,9.9021,9.9076,9.89941,9.90385
2022-05-26 11:30:00,9.90389,9.91218,9.90193,9.90655
2022-05-26 11:45:00,9.90665,9.90672,9.89714,9.90515
2022-05-26 12:00:00,9.90522,9.91136,9.90279,9.90405
2022-05-26 12:15:00,9.90407,9.90407,9.89333,9.89578
2022-05-26 12:30:00,9.89577,9.89584,9.8808,9.88548
2022-05-26 12:45:00,9.88546,9.89024,9.86272,9.86642
2022-05-26 13:00:00,9.86626,9.86965,9.86019,9.86199
2022-05-26 13:15:00,9.86202,9.87669,9.86167,9.86944
2022-05-26 13:30:00,9.86947,9.87674,9.86171,9.862
2022-05-26 13:45:00,9.86203,9.872,9.86068,9.86568
2022-05-26 14:00:00,9.86572,9.87948,9.86572,9.87545
2022-05-26 14:15:00,9.87525,9.87616,9.86599,9.87526
2022-05-26 14:30:00,9.87527,9.88963,9.87405,9.88959
2022-05-26 14:45:00,9.88954,9.89494,9.88123,9.88938
2022-05-26 15:00:00,9.8894,9.90695,9.8872,9.90646
2022-05-26 15:15:00,9.9066,9.91948,9.90631,9.90738
2022-05-26 15:30:00,9.90772,9.91576,9.8954,9.89617
2022-05-26 15:45:00,9.89627,9.90403,9.89181,9.89671
2022-05-26 16:00:00,9.89674,9.90126,9.8893,9.90105
2022-05-26 16:15:00,9.90101,9.90596,9.89926,9.89956
2022-05-26 16:30:00,9.89953,9.89971,9.8764,9.87965
2022-05-26 16:45:00,9.87967,9.88426,9.86729,9.86949
2022-05-26 17:00:00,9.86951,9.87314,9.85639,9.85961
2022-05-26 17:15:00,9.85962,9.86304,9.8459,9.85346
2022-05-26 17:30:00,9.85357,9.8722,9.85219,9.87145
2022-05-26 17:45:00,9.87205,9.87813,9.85994,9.86879
2022-05-26 18:00:00,9.86879,9.87395,9.8618,9.86242
2022-05-26 18:15:00,9.86244,9.86885,9.86128,9.86538
2022-05-26 18:30:00,9.86561,9.87062,9.86234,9.8638
2022-05-26 18:45:00,9.86381,9.88522,9.86266,9.87116
2022-05-26 19:00:00,9.87119,9.8716,9.86217,9.86226
2022-05-26 19:15:00,9.86224,9.87452,9.8616,9.87161
2022-05-26 19:30:00,9.87162,9.8802,9.87066,9.87462
2022-05-26 19:45:00,9.87461,9.87782,9.87319,9.87524
2022-05-26 20:00:00,9.87462,9.87872,9.87049,9.8774
2022-05-26 20:15:00,9.87742,9.88164,9.87062,9.87146
2022-05-26 20:30:00,9.87077,9.8714,9.86618,9.86832
2022-05-26 20:45:00,9.86842,9.87207,9.86727,9.86728
2022-05-26 21:00:00,9.86745,9.86861,9.86383,9.86439
2022-05-26 21:15:00,9.8644,9.86688,9.86079,9.86688
2022-05-26 21:30:00,9.8669,9.86884,9.86424,9.86467
2022-05-26 21:45:00,9.86462,9.86668,9.86188,9.86426
2022-05-26 22:00:00,9.864,9.87024,9.86015,9.86106
2022-05-26 22:15:00,9.86111,9.87066,9.86098,9.86806
2022-05-26 22:30:00,9.86788,9.86863,9.86413,9.86525
2022-05-26 22:45:00,9.86527,9.87149,9.86461,9.86826
2022-05-26 23:00:00,9.86813,9.86895,9.86254,9.8645
2022-05-26 23:15:00,9.86451,9.86658,9.86451,9.8651
2022-05-26 23:30:00,9.86494,9.86691,9.86458,9.86527
2022-05-26 23:45:00,9.86529,9.8674,9.84454,9.85652
2022-05-27 00:00:00,9.85258,9.86386,9.828,9.86015
2022-05-27 00:15:00,9.86041,9.86195,9.85104,9.85425
2022-05-27 00:30:00,9.85451,9.85451,9.83567,9.84406
2022-05-27 00:45:00,9.84385,9.85527,9.84303,9.85331
2022-05-27 01:00:00,9.85299,9.85941,9.85299,9.85808
2022-05-27 01:15:00,9.85807,9.85962,9.85414,9.85447
2022-05-27 01:30:00,9.85412,9.85879,9.85325,9.85802
2022-05-27 01:45:00,9.85803,9.85881,9.85521,9.85855
2022-05-27 02:00:00,9.8582,9.85993,9.8515,9.85375
2022-05-27 02:15:00,9.85379,9.85754,9.85247,9.85696
2022-05-27 02:30:00,9.8569,9.85714,9.85306,9.85483
2022-05-27 02:45:00,9.85479,9.8562,9.85172,9.85513
2022-05-27 03:00:00,9.85514,9.85514,9.85005,9.85197
2022-05-27 03:15:00,9.85202,9.85334,9.84687,9.85068
2022-05-27 03:30:00,9.85075,9.85244,9.84256,9.85076
2022-05-27 03:45:00,9.85074,9.86201,9.84576,9.84668
2022-05-27 04:00:00,9.84674,9.85211,9.84455,9.84537
2022-05-27 04:15:00,9.84565,9.84705,9.84084,9.84317
2022-05-27 04:30:00,9.84294,9.84651,9.83039,9.84302
2022-05-27 04:45:00,9.8429,9.84298,9.81394,9.82173
2022-05-27 05:00:00,9.82189,9.8336,9.82178,9.83306
2022-05-27 05:15:00,9.83302,9.83353,9.83115,9.83294
2022-05-27 05:30:00,9.83306,9.83306,9.82487,9.82972
2022-05-27 05:45:00,9.82967,9.83138,9.82448,9.82891
2022-05-27 06:00:00,9.82891,9.83062,9.82051,9.82349
2022-05-27 06:15:00,9.82348,9.82624,9.81979,9.8251
2022-05-27 06:30:00,9.82509,9.83014,9.8228,9.82735
2022-05-27 06:45:00,9.82729,9.83179,9.82506,9.82715
2022-05-27 07:00:00,9.82712,9.83037,9.82561,9.82714
2022-05-27 07:15:00,9.82718,9.82776,9.82547,9.82677
2022-05-27 07:30:00,9.82679,9.82856,9.82574,9.82841
2022-05-27 07:45:00,9.82843,9.82991,9.82645,9.82675
2022-05-27 08:00:00,9.82684,9.82995,9.82098,9.82351
2022-05-27 08:15:00,9.82354,9.8302,9.82252,9.82521
2022-05-27 08:30:00,9.82525,9.82673,9.82102,9.82228
2022-05-27 08:45:00,9.82227,9.83632,9.82227,9.83251
2022-05-27 09:00:00,9.83316,9.8357,9.82251,9.83348
2022-05-27 09:15:00,9.83366,9.83769,9.82455,9.83308
2022-05-27 09:30:00,9.83309,9.83464,9.82247,9.8234
2022-05-27 09:45:00,9.82339,9.82877,9.81924,9.82669
2022-05-27 10:00:00,9.82662,9.82787,9.80948,9.82401
2022-05-27 10:15:00,9.82395,9.83386,9.82008,9.83341
2022-05-27 10:30:00,9.83335,9.83625,9.8146,9.82447
2022-05-27 10:45:00,9.82449,9.83726,9.82013,9.82836
2022-05-27 11:00:00,9.8284,9.83917,9.82387,9.8262
2022-05-27 11:15:00,9.82615,9.82905,9.81504,9.82873
2022-05-27 11:30:00,9.82877,9.83842,9.82543,9.834
2022-05-27 11:45:00,9.83399,9.84639,9.83173,9.83485
2022-05-27 12:00:00,9.83495,9.83827,9.82947,9.83459
2022-05-27 12:15:00,9.83482,9.84089,9.83035,9.84002
2022-05-27 12:30:00,9.84004,9.85193,9.83757,9.85017
2022-05-27 12:45:00,9.85014,9.85644,9.84609,9.85326
2022-05-27 13:00:00,9.85319,9.86391,9.85215,9.85548
2022-05-27 13:15:00,9.85552,9.85552,9.84214,9.84313
2022-05-27 13:30:00,9.84274,9.85252,9.84072,9.85136
2022-05-27 13:45:00,9.85125,9.85901,9.8503,9.85664
2022-05-27 14:00:00,9.85672,9.8614,9.8471,9.84947
2022-05-27 14:15:00,9.84943,9.85485,9.83689,9.84202
2022-05-27 14:30:00,9.84244,9.84306,9.83507,9.83827
2022-05-27 14:45:00,9.83817,9.84772,9.83327,9.84192
2022-05-27 15:00:00,9.84181,9.84189,9.81594,9.81889
2022-05-27 15:15:00,9.8189,9.82743,9.8178,9.81981
2022-05-27 15:30:00,9.81988,9.83483,9.81619,9.8276
2022-05-27 15:45:00,9.82765,9.82918,9.81846,9.82535
2022-05-27 16:00:00,9.82586,9.83167,9.81827,9.8302
2022-05-27 16:15:00,9.83009,9.83904,9.82664,9.82693
2022-05-27 16:30:00,9.82688,9.83015,9.81797,9.82103
2022-05-27 16:45:00,9.82105,9.82116,9.79701,9.80322
2022-05-27 17:00:00,9.80323,9.81615,9.80076,9.80323
2022-05-27 17:15:00,9.80311,9.82057,9.79693,9.81928
2022-05-27 17:30:00,9.81922,9.8262,9.81559,9.81757
2022-05-27 17:45:00,9.81778,9.84804,9.8131,9.84483
2022-05-27 18:00:00,9.84473,9.85188,9.83892,9.84093
2022-05-27 18:15:00,9.84094,9.84233,9.82949,9.8359
2022-05-27 18:30:00,9.83596,9.84553,9.83548,9.84174
2022-05-27 18:45:00,9.84176,9.84198,9.83209,9.83565
2022-05-27 19:00:00,9.83553,9.84309,9.83339,9.8412
2022-05-27 19:15:00,9.84114,9.85575,9.83981,9.84055
2022-05-27 19:30:00,9.84051,9.84137,9.83497,9.83883
2022-05-27 19:45:00,9.83886,9.85362,9.83873,9.84005
2022-05-27 20:00:00,9.84008,9.84224,9.8352,9.83953
2022-05-27 20:15:00,9.83949,9.84006,9.83516,9.8375
2022-05-27 20:30:00,9.83749,9.83752,9.83155,9.83386
2022-05-27 20:45:00,9.83391,9.84071,9.83238,9.83915
2022-05-27 21:00:00,9.83885,9.84082,9.83514,9.83823
2022-05-27 21:15:00,9.83825,9.83945,9.83557,9.83871
2022-05-27 21:30:00,9.8387,9.83881,9.8304,9.83136
2022-05-27 21:45:00,9.83135,9.83425,9.82596,9.82618
2022-05-27 22:00:00,9.82602,9.82833,9.82323,9.82833
2022-05-27 22:15:00,9.8284,9.83321,9.82553,9.82904
2022-05-27 22:30:00,9.829,9.83357,9.82605,9.83197
2022-05-27 22:45:00,9.83204,9.83381,9.81998,9.82088
2022-05-27 23:00:00,9.8207,9.8248,9.81806,9.82036
2022-05-27 23:15:00,9.82037,9.82185,9.81555,9.81563
2022-05-27 23:30:00,9.81561,9.81963,9.81426,9.81585
2022-05-27 23:45:00,9.81573,9.81647,9.79719,9.79765
2022-05-30 00:00:00,9.79886,9.80763,9.79886,9.80681
2022-05-30 00:15:00,9.80682,9.8073,9.80638,9.8073
2022-05-30 00:30:00,9.80738,9.80775,9.80603,9.807
2022-05-30 00:45:00,9.80713,9.80786,9.80513,9.80751
2022-05-30 01:00:00,9.80734,9.82612,9.80734,9.82498
2022-05-30 01:15:00,9.82506,9.82651,9.82351,9.82473
2022-05-30 01:30:00,9.8245,9.82677,9.82433,9.8256
2022-05-30 01:45:00,9.82561,9.82785,9.82001,9.82051
2022-05-30 02:00:00,9.82048,9.82889,9.8203,9.82845
2022-05-30 02:15:00,9.82877,9.82964,9.82809,9.8295
2022-05-30 02:30:00,9.82951,9.82956,9.82128,9.82139
2022-05-30 02:45:00,9.82149,9.82214,9.81851,9.82077
2022-05-30 03:00:00,9.82075,9.82075,9.81662,9.81814
2022-05-30 03:15:00,9.81816,9.82016,9.81281,9.81571
2022-05-30 03:30:00,9.81571,9.81881,9.81308,9.81834
2022-05-30 03:45:00,9.81838,9.82006,9.81513,9.81906
2022-05-30 04:00:00,9.81912,9.82263,9.81634,9.82072
2022-05-30 04:15:00,9.82016,9.82078,9.81344,9.81389
2022-05-30 04:30:00,9.81385,9.81586,9.80141,9.80487
2022-05-30 04:45:00,9.8031,9.80718,9.79787,9.80371
2022-05-30 05:00:00,9.80362,9.80588,9.79342,9.7955
2022-05-30 05:15:00,9.79545,9.79548,9.79069,9.79096
2022-05-30 05:30:00,9.79097,9.79686,9.79039,9.79467
2022-05-30 05:45:00,9.79468,9.80167,9.79462,9.80076
2022-05-30 06:00:00,9.80074,9.8091,9.79934,9.80892
2022-05-30 06:15:00,9.80894,9.81321,9.80556,9.81237
2022-05-30 06:30:00,9.81238,9.81255,9.80457,9.80497
2022-05-30 06:45:00,9.80732,9.80756,9.80191,9.80695
2022-05-30 07:00:00,9.80684,9.80715,9.80144,9.80175
2022-05-30 07:15:00,9.80266,9.80382,9.80143,9.80227
2022-05-30 07:30:00,9.80233,9.80305,9.78648,9.78868
2022-05-30 07:45:00,9.78879,9.79088,9.78796,9.789
2022-05-30 08:00:00,9.78911,9.79194,9.78682,9.78725
2022-05-30 08:15:00,9.78723,9.79634,9.7868,9.79575
2022-05-30 08:30:00,9.79579,9.79715,9.79137,9.79489
2022-05-30 08:45:00,9.79488,9.80424,9.79103,9.80193
2022-05-30 09:00:00,9.80244,9.80343,9.77894,9.77963
2022-05-30 09:15:00,9.77958,9.78843,9.77286,9.77322
2022-05-30 09:30:00,9.7733,9.77685,9.76499,9.77572
2022-05-30 09:45:00,9.77569,9.78485,9.77448,9.78164
2022-05-30 10:00:00,9.78074,9.7808,9.76691,9.77463
2022-05-30 10:15:00,9.77459,9.781,9.77131,9.77303
2022-05-30 10:30:00,9.77305,9.78017,9.77254,9.77255
2022-05-30 10:45:00,9.77254,9.78312,9.77161,9.78081
2022-05-30 11:00:00,9.78078,9.78402,9.77227,9.78109
2022-05-30 11:15:00,9.78114,9.79654,9.78111,9.79301
2022-05-30 11:30:00,9.793,9.7931,9.77828,9.78227
2022-05-30 11:45:00,9.78222,9.78489,9.77138,9.77227
2022-05-30 12:00:00,9.77234,9.77268,9.73678,9.75289
2022-05-30 12:15:00,9.75279,9.76486,9.74957,9.75649
2022-05-30 12:30:00,9.7565,9.76517,9.75255,9.76293
2022-05-30 12:45:00,9.7629,9.76724,9.76075,9.76485
2022-05-30 13:00:00,9.76479,9.77018,9.75867,9.76098
2022-05-30 13:15:00,9.76099,9.78432,9.76038,9.77116
2022-05-30 13:30:00,9.77109,9.77336,9.75802,9.76092
2022-05-30 13:45:00,9.76095,9.76753,9.75192,9.7533
2022-05-30 14:00:00,9.7534,9.75479,9.74625,9.75479
2022-05-30 14:15:00,9.75465,9.76029,9.74516,9.75358
2022-05-30 14:30:00,9.75357,9.77009,9.75242,9.76898
2022-05-30 14:45:00,9.76899,9.7693,9.7503,9.75577
2022-05-30 15:00:00,9.75547,9.77172,9.75504,9.7703
2022-05-30 15:15:00,9.77039,9.78182,9.76746,9.78085
2022-05-30 15:30:00,9.78089,9.78767,9.77537,9.77558
2022-05-30 15:45:00,9.77557,9.78047,9.77363,9.77943
2022-05-30 16:00:00,9.77939,9.78268,9.77076,9.77171
2022-05-30 16:15:00,9.77165,9.77643,9.76129,9.76163
2022-05-30 16:30:00,9.76157,9.76469,9.75818,9.75925
2022-05-30 16:45:00,9.75928,9.76495,9.75663,9.75896
2022-05-30 17:00:00,9.75899,9.77054,9.75678,9.75849
2022-05-30 17:15:00,9.7585,9.76295,9.75638,9.7582
2022-05-30 17:30:00,9.75812,9.75975,9.75009,9.75289
2022-05-30 17:45:00,9.75286,9.76692,9.74147,9.74195
2022-05-30 18:00:00,9.74178,9.75241,9.7414,9.74613
2022-05-30 18:15:00,9.74611,9.75006,9.73989,9.74445
2022-05-30 18:30:00,9.74438,9.74661,9.74145,9.74592
2022-05-30 18:45:00,9.74593,9.74879,9.74496,9.74496
2022-05-30 19:00:00,9.74506,9.74658,9.74359,9.74363
2022-05-30 19:15:00,9.74367,9.74525,9.73979,9.74078
2022-05-30 19:30:00,9.7407,9.74094,9.73393,9.7385
2022-05-30 19:45:00,9.73849,9.74308,9.73617,9.74213
2022-05-30 20:00:00,9.7415,9.74368,9.73892,9.74368
2022-05-30 20:15:00,9.74408,9.74529,9.74084,9.74283
2022-05-30 20:30:00,9.74286,9.743,9.73906,9.74099
2022-05-30 20:45:00,9.741,9.74422,9.7366,9.74409
2022-05-30 21:00:00,9.74411,9.74513,9.74057,9.74218
2022-05-30 21:15:00,9.74221,9.74276,9.73743,9.74046
2022-05-30 21:30:00,9.74044,9.7435,9.74003,9.74095
2022-05-30 21:45:00,9.74097,9.74559,9.73899,9.74185
2022-05-30 22:00:00,9.74202,9.74862,9.74102,9.74577
2022-05-30 22:15:00,9.74575,9.74908,9.74246,9.74363
2022-05-30 22:30:00,9.74358,9.74632,9.74324,9.74536
2022-05-30 22:45:00,9.74535,9.74788,9.74524,9.74611
2022-05-30 23:00:00,9.74612,9.74632,9.74252,9.74325
2022-05-30 23:15:00,9.74326,9.74726,9.74305,9.74677
2022-05-30 23:30:00,9.74575,9.74736,9.74528,9.74617
2022-05-30 23:45:00,9.7462,9.7469,9.74027,9.74112
2022-05-31 00:00:00,9.74178,9.74549,9.73839,9.74292
2022-05-31 00:15:00,9.74291,9.74575,9.74276,9.74517
2022-05-31 00:30:00,9.74563,9.74563,9.74352,9.74435
2022-05-31 00:45:00,9.74624,9.75492,9.74355,9.74503
2022-05-31 01:00:00,9.74504,9.74939,9.74372,9.74726
2022-05-31 01:15:00,9.74723,9.75168,9.74697,9.75072
2022-05-31 01:30:00,9.75058,9.75249,9.75058,9.75133
2022-05-31 01:45:00,9.75135,9.75379,9.75049,9.75342
2022-05-31 02:00:00,9.75343,9.75398,9.7517,9.75215
2022-05-31 02:15:00,9.75225,9.75372,9.7486,9.7522
2022-05-31 02:30:00,9.75193,9.75362,9.74983,9.75095
2022-05-31 02:45:00,9.75045,9.75196,9.74821,9.74965
2022-05-31 03:00:00,9.74953,9.75325,9.74656,9.74735
2022-05-31 03:15:00,9.74741,9.76463,9.74735,9.76463
2022-05-31 03:30:00,9.76419,9.7717,9.76364,9.7683
2022-05-31 03:45:00,9.76829,9.78195,9.76829,9.77903
2022-05-31 04:00:00,9.77894,9.79517,9.7762,9.78807
2022-05-31 04:15:00,9.7872,9.79135,9.78235,9.78608
2022-05-31 04:30:00,9.78556,9.7927,9.77891,9.7794
2022-05-31 04:45:00,9.77932,9.7894,9.77623,9.78102
2022-05-31 05:00:00,9.78104,9.78135,9.77097,9.77199
2022-05-31 05:15:00,9.77205,9.78032,9.77009,9.77806
2022-05-31 05:30:00,9.77832,9.78234,9.77715,9.78217
2022-05-31 05:45:00,9.78216,9.78437,9.77464,9.77515
2022-05-31 06:00:00,9.77514,9.78098,9.76838,9.77497
2022-05-31 06:15:00,9.7754,9.7821,9.77055,9.77821
2022-05-31 06:30:00,9.7782,9.78294,9.77326,9.77453
2022-05-31 06:45:00,9.77455,9.77703,9.77143,9.77283
2022-05-31 07:00:00,9.77279,9.786,9.77207,9.77794
2022-05-31 07:15:00,9.77803,9.77817,9.7727,9.77696
2022-05-31 07:30:00,9.7769,9.77768,9.77504,9.77547
2022-05-31 07:45:00,9.77551,9.77919,9.77507,9.77794
2022-05-31 08:00:00,9.77808,9.77808,9.76884,9.7699
2022-05-31 08:15:00,9.76992,9.77282,9.76734,9.76996
2022-05-31 08:30:00,9.77245,9.77245,9.75924,9.7651
2022-05-31 08:45:00,9.76512,9.7731,9.76488,9.77266
2022-05-31 09:00:00,9.77267,9.78116,9.76606,9.77318
2022-05-31 09:15:00,9.77352,9.79854,9.77329,9.79248
2022-05-31 09:30:00,9.79258,9.79565,9.78399,9.7865
2022-05-31 09:45:00,9.78652,9.82203,9.78586,9.81821
2022-05-31 10:00:00,9.8183,9.82458,9.79508,9.8009
2022-05-31 10:15:00,9.8007,9.8074,9.79542,9.79936
2022-05-31 10:30:00,9.79942,9.81185,9.79243,9.80922
2022-05-31 10:45:00,9.80906,9.81926,9.80612,9.81395
2022-05-31 11:00:00,9.81157,9.81764,9.80319,9.80516
2022-05-31 11:15:00,9.80515,9.8053,9.79252,9.79328
2022-05-31 11:30:00,9.79333,9.79475,9.78425,9.79427
2022-05-31 11:45:00,9.79422,9.80631,9.79357,9.80074
2022-05-31 12:00:00,9.8007,9.80801,9.79342,9.79805
2022-05-31 12:15:00,9.79814,9.7998,9.7838,9.79217
2022-05-31 12:30:00,9.79224,9.79979,9.7906,9.79491
2022-05-31 12:45:00,9.79486,9.80378,9.78791,9.80239
2022-05-31 13:00:00,9.80239,9.80949,9.79585,9.79725
2022-05-31 13:15:00,9.79713,9.80551,9.79697,9.80218
2022-05-31 13:30:00,9.80219,9.8043,9.79041,9.7906
2022-05-31 13:45:00,9.79059,9.81923,9.78859,9.81312
2022-05-31 14:00:00,9.81302,9.82201,9.81022,9.81164
2022-05-31 14:15:00,9.81182,9.82184,9.80657,9.82087
2022-05-31 14:30:00,9.8209,9.82163,9.81104,9.81517
2022-05-31 14:45:00,9.8152,9.81553,9.802,9.80359
2022-05-31 15:00:00,9.80325,9.81328,9.80064,9.80465
2022-05-31 15:15:00,9.80484,9.81856,9.80307,9.81061
2022-05-31 15:30:00,9.81062,9.83448,9.81031,9.82824
2022-05-31 15:45:00,9.82813,9.84223,9.81908,9.84144
2022-05-31 16:00:00,9.84124,9.84628,9.82128,9.82129
2022-05-31 16:15:00,9.8213,9.82492,9.80963,9.81253
2022-05-31 16:30:00,9.81278,9.83028,9.81046,9.82354
2022-05-31 16:45:00,9.8235,9.83209,9.81133,9.81788
2022-05-31 17:00:00,9.81817,9.8363,9.81705,9.82332
2022-05-31 17:15:00,9.82343,9.8416,9.8231,9.82448
2022-05-31 17:30:00,9.82402,9.82644,9.80802,9.80802
2022-05-31 17:45:00,9.80813,9.81158,9.77923,9.78433
2022-05-31 18:00:00,9.78469,9.78635,9.76764,9.77307
2022-05-31 18:15:00,9.77379,9.77598,9.76449,9.77167
2022-05-31 18:30:00,9.772,9.77629,9.76604,9.76916
2022-05-31 18:45:00,9.76917,9.77058,9.75497,9.76289
2022-05-31 19:00:00,9.76267,9.76783,9.75622,9.76302
2022-05-31 19:15:00,9.76301,9.7821,9.76223,9.7759
2022-05-31 19:30:00,9.77578,9.7785,9.76312,9.76525
2022-05-31 19:45:00,9.76527,9.77198,9.76309,9.76672
2022-05-31 20:00:00,9.76699,9.77676,9.76201,9.76833
2022-05-31 20:15:00,9.76832,9.76985,9.76194,9.76539
2022-05-31 20:30:00,9.76557,9.76932,9.76253,9.76522
2022-05-31 20:45:00,9.76521,9.7689,9.75374,9.75707
2022-05-31 21:00:00,9.75742,9.76621,9.75573,9.76062
2022-05-31 21:15:00,9.76063,9.76846,9.75917,9.75988
2022-05-31 21:30:00,9.7599,9.76134,9.75247,9.76058
2022-05-31 21:45:00,9.7607,9.77479,9.76065,9.76843
2022-05-31 22:00:00,9.76842,9.77385,9.76472,9.77051
2022-05-31 22:15:00,9.77066,9.77196,9.76666,9.76688
2022-05-31 22:30:00,9.76683,9.76725,9.75842,9.75938
2022-05-31 22:45:00,9.75937,9.77291,9.75937,9.76544
2022-05-31 23:00:00,9.7653,9.77002,9.76052,9.76737
2022-05-31 23:15:00,9.76736,9.77039,9.76706,9.76806
2022-05-31 23:30:00,9.7681,9.773,9.76561,9.77056
2022-05-31 23:45:00,9.77055,9.77153,9.74863,9.74863
2022-06-01 00:00:00,9.74357,9.75063,9.7412,9.75063
2022-06-01 00:15:00,9.75062,9.75264,9.75035,9.75231
2022-06-01 00:30:00,9.75232,9.75377,9.74998,9.75271
2022-06-01 00:45:00,9.75297,9.75394,9.75023,9.75333
2022-06-01 01:00:00,9.75011,9.75855,9.74967,9.75342
2022-06-01 01:15:00,9.75326,9.75682,9.75323,9.75571
2022-06-01 01:30:00,9.75567,9.75582,9.75196,9.7537
2022-06-01 01:45:00,9.75367,9.75633,9.7516,9.75215
2022-06-01 02:00:00,9.75224,9.76347,9.75187,9.75938
2022-06-01 02:15:00,9.75942,9.76521,9.75875,9.76143
2022-06-01 02:30:00,9.76138,9.76227,9.75878,9.7592
2022-06-01 02:45:00,9.75924,9.76267,9.75652,9.76092
2022-06-01 03:00:00,9.76168,9.76411,9.75729,9.7598
2022-06-01 03:15:00,9.75972,9.76198,9.7575,9.76086
2022-06-01 03:30:00,9.76088,9.76469,9.76001,9.76358
2022-06-01 03:45:00,9.7635,9.7657,9.75803,9.76392
2022-06-01 04:00:00,9.76393,9.76679,9.75746,9.7588
2022-06-01 04:15:00,9.75873,9.76491,9.75813,9.76328
2022-06-01 04:30:00,9.76326,9.78116,9.76255,9.78036
2022-06-01 04:45:00,9.78028,9.7832,9.76957,9.77008
2022-06-01 05:00:00,9.77006,9.78159,9.76999,9.77655
2022-06-01 05:15:00,9.77659,9.77916,9.77079,9.77408
2022-06-01 05:30:00,9.77407,9.77497,9.76641,9.76865
2022-06-01 05:45:00,9.76864,9.7775,9.76553,9.77279
2022-06-01 06:00:00,9.77273,9.77486,9.76571,9.76743
2022-06-01 06:15:00,9.76746,9.77243,9.76686,9.77067
2022-06-01 06:30:00,9.77064,9.77285,9.76624,9.77062
2022-06-01 06:45:00,9.77045,9.77295,9.76813,9.77252
2022-06-01 07:00:00,9.77254,9.78944,9.76994,9.78552
2022-06-01 07:15:00,9.78588,9.78827,9.77907,9.78112
2022-06-01 07:30:00,9.78113,9.79249,9.78001,9.79077
2022-06-01 07:45:00,9.79078,9.79175,9.78288,9.78387
2022-06-01 08:00:00,9.78412,9.78905,9.77927,9.78748
2022-06-01 08:15:00,9.78864,9.79552,9.78416,9.7924
2022-06-01 08:30:00,9.79292,9.79904,9.79201,9.79604
2022-06-01 08:45:00,9.79603,9.80373,9.79556,9.80077
2022-06-01 09:00:00,9.80066,9.80558,9.79351,9.79662
2022-06-01 09:15:00,9.79664,9.7988,9.79199,9.79701
2022-06-01 09:30:00,9.79703,9.80165,9.79277,9.79452
2022-06-01 09:45:00,9.79448,9.79592,9.78711,9.78765
2022-06-01 10:00:00,9.78757,9.79058,9.76251,9.77062
2022-06-01 10:15:00,9.77055,9.78247,9.76812,9.78198
2022-06-01 10:30:00,9.7819,9.79779,9.77806,9.79717
2022-06-01 10:45:00,9.79694,9.80043,9.79041,9.79146
2022-06-01 11:00:00,9.79208,9.7996,9.7765,9.78479
2022-06-01 11:15:00,9.78536,9.79027,9.78138,9.78207
2022-06-01 11:30:00,9.78209,9.78822,9.76973,9.78538
2022-06-01 11:45:00,9.78539,9.79022,9.78139,9.78959
2022-06-01 12:00:00,9.78942,9.79526,9.78329,9.7843
2022-06-01 12:15:00,9.7845,9.78874,9.77505,9.78267
2022-06-01 12:30:00,9.78262,9.78654,9.77908,9.78041
2022-06-01 12:45:00,9.78056,9.78162,9.77008,9.77033
2022-06-01 13:00:00,9.77034,9.7787,9.76366,9.77762
2022-06-01 13:15:00,9.77763,9.78066,9.77136,9.7769
2022-06-01 13:30:00,9.77693,9.78272,9.77558,9.77611
2022-06-01 13:45:00,9.77609,9.78263,9.77412,9.77688
2022-06-01 14:00:00,9.77688,9.78547,9.77432,9.78239
2022-06-01 14:15:00,9.78263,9.79715,9.78263,9.78856
2022-06-01 14:30:00,9.78831,9.79072,9.78234,9.78434
2022-06-01 14:45:00,9.78441,9.79341,9.78203,9.78599
2022-06-01 15:00:00,9.78604,9.7887,9.77695,9.77775
2022-06-01 15:15:00,9.77785,9.7814,9.77152,9.77462
2022-06-01 15:30:00,9.77463,9.77834,9.76503,9.77
2022-06-01 15:45:00,9.77005,9.77292,9.76232,9.76937
2022-06-01 16:00:00,9.7694,9.77008,9.75677,9.75804
2022-06-01 16:15:00,9.75803,9.76633,9.7536,9.76557
2022-06-01 16:30:00,9.76567,9.78061,9.75786,9.78061
2022-06-01 16:45:00,9.78062,9.793,9.77643,9.7789
2022-06-01 17:00:00,9.78324,9.82493,9.78,9.82454
2022-06-01 17:15:00,9.82446,9.83697,9.82242,9.83136
2022-06-01 17:30:00,9.83141,9.83517,9.81446,9.81685
2022-06-01 17:45:00,9.81694,9.82446,9.8102,9.82271
2022-06-01 18:00:00,9.8223,9.83957,9.82159,9.83559
2022-06-01 18:15:00,9.83558,9.84895,9.83507,9.84141
2022-06-01 18:30:00,9.84146,9.86998,9.84063,9.86973
2022-06-01 18:45:00,9.8698,9.87323,9.85419,9.8564
2022-06-01 19:00:00,9.85644,9.86106,9.85345,9.85504
2022-06-01 19:15:00,9.85508,9.85625,9.84684,9.85398
2022-06-01 19:30:00,9.85392,9.85462,9.84801,9.85257
2022-06-01 19:45:00,9.85269,9.86096,9.85149,9.85665
2022-06-01 20:00:00,9.85664,9.8603,9.84782,9.85252
2022-06-01 20:15:00,9.85253,9.85253,9.84695,9.85115
2022-06-01 20:30:00,9.85114,9.85342,9.84846,9.85009
2022-06-01 20:45:00,9.84843,9.84916,9.83838,9.84418
2022-06-01 21:00:00,9.84415,9.84446,9.83708,9.84316
2022-06-01 21:15:00,9.84304,9.84948,9.83465,9.83559
2022-06-01 21:30:00,9.83558,9.8412,9.83205,9.83207
2022-06-01 21:45:00,9.83197,9.83915,9.8318,9.83625
2022-06-01 22:00:00,9.8363,9.84151,9.83268,9.83411
2022-06-01 22:15:00,9.83413,9.83546,9.8309,9.83376
2022-06-01 22:30:00,9.83372,9.83691,9.83293,9.83655
2022-06-01 22:45:00,9.8366,9.84932,9.83621,9.84154
2022-06-01 23:00:00,9.84192,9.84917,9.83778,9.84846
2022-06-01 23:15:00,9.84845,9.84853,9.84232,9.84283
2022-06-01 23:30:00,9.84282,9.84677,9.84279,9.84662
2022-06-01 23:45:00,9.84643,9.84738,9.84056,9.84056
2022-06-02 00:00:00,9.84046,9.84046,9.82986,9.83646
2022-06-02 00:15:00,9.83572,9.83604,9.82932,9.83038
2022-06-02 00:30:00,9.83248,9.83474,9.83248,9.83399
2022-06-02 00:45:00,9.83454,9.83571,9.83345,9.83554
2022-06-02 01:00:00,9.83547,9.84303,9.83212,9.84268
2022-06-02 01:15:00,9.84269,9.84503,9.84144,9.84275
2022-06-02 01:30:00,9.84267,9.84678,9.83967,9.84537
2022-06-02 01:45:00,9.84538,9.84589,9.84385,9.84484
2022-06-02 02:00:00,9.84404,9.84536,9.84202,9.84235
2022-06-02 02:15:00,9.84239,9.84412,9.83984,9.83994
2022-06-02 02:30:00,9.83988,9.84295,9.83984,9.84154
2022-06-02 02:45:00,9.84164,9.8442,9.84082,9.8436
2022-06-02 03:00:00,9.84362,9.85646,9.84362,9.85259
2022-06-02 03:15:00,9.85263,9.85303,9.83674,9.83704
2022-06-02 03:30:00,9.83699,9.83899,9.83454,9.83571
2022-06-02 03:45:00,9.83543,9.83735,9.8302,9.83206
2022-06-02 04:00:00,9.83207,9.84478,9.83059,9.84399
2022-06-02 04:15:00,9.84371,9.85217,9.83741,9.84333
2022-06-02 04:30:00,9.84346,9.84451,9.83789,9.84226
2022-06-02 04:45:00,9.8423,9.84325,9.83897,9.84036
2022-06-02 05:00:00,9.84033,9.84258,9.83513,9.83785
2022-06-02 05:15:00,9.83769,9.84009,9.83313,9.83563
2022-06-02 05:30:00,9.83561,9.8471,9.83456,9.84559
2022-06-02 05:45:00,9.84561,9.85258,9.84325,9.8459
2022-06-02 06:00:00,9.84587,9.84818,9.84064,9.8455
2022-06-02 06:15:00,9.84562,9.84625,9.84071,9.84512
2022-06-02 06:30:00,9.84463,9.84887,9.84429,9.84746
2022-06-02 06:45:00,9.84751,9.84826,9.84453,9.84473
2022-06-02 07:00:00,9.84472,9.84658,9.84365,9.84487
2022-06-02 07:15:00,9.84491,9.84617,9.84338,9.84564
2022-06-02 07:30:00,9.84563,9.8459,9.8429,9.84305
2022-06-02 07:45:00,9.84307,9.84402,9.83828,9.83857
2022-06-02 08:00:00,9.83919,9.84317,9.83656,9.84314
2022-06-02 08:15:00,9.84315,9.85005,9.8419,9.84889
2022-06-02 08:30:00,9.84901,9.85033,9.84037,9.84309
2022-06-02 08:45:00,9.84308,9.84566,9.83412,9.84529
2022-06-02 09:00:00,9.84595,9.8467,9.83346,9.84054
2022-06-02 09:15:00,9.84049,9.84183,9.83075,9.83271
2022-06-02 09:30:00,9.83231,9.8371,9.81917,9.82519
2022-06-02 09:45:00,9.82521,9.82878,9.81206,9.81286
2022-06-02 10:00:00,9.81287,9.81582,9.80452,9.81314
2022-06-02 10:15:00,9.81306,9.8149,9.79785,9.80736
2022-06-02 10:30:00,9.80737,9.80935,9.79132,9.79289
2022-06-02 10:45:00,9.7933,9.80382,9.79231,9.80074
2022-06-02 11:00:00,9.80075,9.80273,9.79371,9.80147
2022-06-02 11:15:00,9.80148,9.80675,9.79602,9.79996
2022-06-02 11:30:00,9.80034,9.80062,9.78826,9.79539
2022-06-02 11:45:00,9.79545,9.80225,9.79282,9.80058
2022-06-02 12:00:00,9.80059,9.80629,9.79891,9.79959
2022-06-02 12:15:00,9.79957,9.80321,9.79747,9.79904
2022-06-02 12:30:00,9.79902,9.80426,9.79528,9.80347
2022-06-02 12:45:00,9.80348,9.80348,9.79601,9.79679
2022-06-02 13:00:00,9.79686,9.8002,9.79525,9.79572
2022-06-02 13:15:00,9.79569,9.80714,9.79499,9.8048
2022-06-02 13:30:00,9.80481,9.806,9.78355,9.78638
2022-06-02 13:45:00,9.7864,9.78927,9.78132,9.78678
2022-06-02 14:00:00,9.78676,9.79644,9.78663,9.79556
2022-06-02 14:15:00,9.79545,9.80261,9.79325,9.79591
2022-06-02 14:30:00,9.7959,9.79846,9.79378,9.79578
2022-06-02 14:45:00,9.79577,9.80267,9.79247,9.79359
2022-06-02 15:00:00,9.79391,9.79571,9.78871,9.79017
2022-06-02 15:15:00,9.78978,9.79782,9.78514,9.79179
2022-06-02 15:30:00,9.79209,9.798,9.77878,9.78454
2022-06-02 15:45:00,9.78457,9.7908,9.76712,9.7791
2022-06-02 16:00:00,9.77913,9.78794,9.77374,9.78033
2022-06-02 16:15:00,9.78041,9.78411,9.77298,9.77572
2022-06-02 16:30:00,9.77556,9.78301,9.77459,9.77895
2022-06-02 16:45:00,9.77906,9.79622,9.7789,9.78797
2022-06-02 17:00:00,9.78805,9.79167,9.76205,9.76267
2022-06-02 17:15:00,9.76293,9.79163,9.7614,9.78594
2022-06-02 17:30:00,9.78607,9.78865,9.77095,9.77254
2022-06-02 17:45:00,9.77249,9.77594,9.76152,9.76215
2022-06-02 18:00:00,9.76214,9.76522,9.73107,9.73387
2022-06-02 18:15:00,9.73402,9.74038,9.73341,9.73547
2022-06-02 18:30:00,9.73481,9.74466,9.73435,9.73765
2022-06-02 18:45:00,9.73763,9.73794,9.71923,9.72928
2022-06-02 19:00:00,9.7292,9.73102,9.71841,9.72158
2022-06-02 19:15:00,9.72159,9.72253,9.71098,9.71285
2022-06-02 19:30:00,9.71283,9.7164,9.71071,9.71578
2022-06-02 19:45:00,9.71577,9.7165,9.71043,9.71317
2022-06-02 20:00:00,9.7132,9.71526,9.70965,9.71431
2022-06-02 20:15:00,9.71434,9.71566,9.70944,9.71001
2022-06-02 20:30:00,9.71009,9.71025,9.70383,9.70467
2022-06-02 20:45:00,9.70471,9.70747,9.70044,9.70291
2022-06-02 21:00:00,9.70294,9.70376,9.69325,9.69483
2022-06-02 21:15:00,9.69457,9.70435,9.69452,9.7007
2022-06-02 21:30:00,9.70066,9.70207,9.69574,9.6958
2022-06-02 21:45:00,9.69576,9.70951,9.6945,9.70918
2022-06-02 22:00:00,9.70914,9.70997,9.70272,9.7029
2022-06-02 22:15:00,9.70289,9.70492,9.70077,9.70473
2022-06-02 22:30:00,9.70491,9.70498,9.69895,9.70073
2022-06-02 22:45:00,9.70071,9.70173,9.69231,9.69561
2022-06-02 23:00:00,9.69553,9.69848,9.69434,9.69568
2022-06-02 23:15:00,9.69561,9.69994,9.69484,9.69594
2022-06-02 23:30:00,9.6959,9.69596,9.69329,9.69394
2022-06-02 23:45:00,9.694,9.69819,9.68769,9.6908
2022-06-03 00:00:00,9.69137,9.70369,9.68698,9.69177
2022-06-03 00:15:00,9.69178,9.69186,9.68408,9.68976
2022-06-03 00:30:00,9.68835,9.68835,9.6863,9.6874
2022-06-03 00:45:00,9.68744,9.68776,9.68145,9.68445
2022-06-03 01:00:00,9.68395,9.69286,9.68098,9.69286
2022-06-03 01:15:00,9.69287,9.69448,9.69154,9.69374
2022-06-03 01:30:00,9.69372,9.69438,9.69204,9.69244
2022-06-03 01:45:00,9.69242,9.69409,9.69192,9.69351
2022-06-03 02:00:00,9.69346,9.69438,9.69232,9.69293
2022-06-03 02:15:00,9.69301,9.69436,9.69021,9.69194
2022-06-03 02:30:00,9.69253,9.69395,9.69063,9.69289
2022-06-03 02:45:00,9.69292,9.69387,9.69094,9.69225
2022-06-03 03:00:00,9.69154,9.69552,9.6914,9.69409
2022-06-03 03:15:00,9.69403,9.69528,9.68812,9.6882
2022-06-03 03:30:00,9.6884,9.68843,9.67872,9.6793
2022-06-03 03:45:00,9.67915,9.68152,9.67733,9.67956
2022-06-03 04:00:00,9.6796,9.68456,9.6791,9.683
2022-06-03 04:15:00,9.68291,9.68463,9.68229,9.68425
2022-06-03 04:30:00,9.68463,9.68587,9.68111,9.68113
2022-06-03 04:45:00,9.68128,9.68185,9.67778,9.67909
2022-06-03 05:00:00,9.67911,9.68176,9.67643,9.67827
2022-06-03 05:15:00,9.67834,9.67834,9.67395,9.6746
2022-06-03 05:30:00,9.67472,9.68126,9.67429,9.67956
2022-06-03 05:45:00,9.67968,9.68232,9.67853,9.68098
2022-06-03 06:00:00,9.68062,9.68147,9.67827,9.68061
2022-06-03 06:15:00,9.68062,9.68727,9.68024,9.68234
2022-06-03 06:30:00,9.68227,9.68608,9.68224,9.68486
2022-06-03 06:45:00,9.68478,9.68708,9.68365,9.68566
2022-06-03 07:00:00,9.68559,9.68803,9.68433,9.68506
2022-06-03 07:15:00,9.68508,9.68925,9.68489,9.68819
2022-06-03 07:30:00,9.68801,9.6896,9.68578,9.68919
2022-06-03 07:45:00,9.68918,9.69432,9.68809,9.69365
2022-06-03 08:00:00,9.69366,9.69749,9.69016,9.69603
2022-06-03 08:15:00,9.69608,9.70237,9.6937,9.69456
2022-06-03 08:30:00,9.69457,9.70194,9.69453,9.69818
2022-06-03 08:45:00,9.69813,9.70063,9.69349,9.6956
2022-06-03 09:00:00,9.69551,9.70037,9.6928,9.69846
2022-06-03 09:15:00,9.69867,9.70253,9.69672,9.70218
2022-06-03 09:30:00,9.70222,9.70222,9.69617,9.69644
2022-06-03 09:45:00,9.69577,9.70088,9.69231,9.69789
2022-06-03 10:00:00,9.69788,9.7015,9.68896,9.68949
2022-06-03 10:15:00,9.68904,9.70214,9.68852,9.70214
2022-06-03 10:30:00,9.70211,9.70317,9.68326,9.68504
2022-06-03 10:45:00,9.68498,9.69374,9.67533,9.69364
2022-06-03 11:00:00,9.69312,9.69675,9.68223,9.68719
2022-06-03 11:15:00,9.68718,9.6992,9.68546,9.69574
2022-06-03 11:30:00,9.69582,9.69586,9.689,9.69274
2022-06-03 11:45:00,9.69272,9.71132,9.69258,9.70552
2022-06-03 12:00:00,9.70544,9.71397,9.70198,9.70714
2022-06-03 12:15:00,9.70709,9.71941,9.70644,9.71638
2022-06-03 12:30:00,9.71626,9.71983,9.71341,9.7191
2022-06-03 12:45:00,9.71916,9.72311,9.71452,9.71468
2022-06-03 13:00:00,9.7147,9.72061,9.7132,9.7198
2022-06-03 13:15:00,9.71973,9.72956,9.7196,9.72792
2022-06-03 13:30:00,9.72793,9.7321,9.71351,9.73077
2022-06-03 13:45:00,9.73071,9.73323,9.72282,9.72338
2022-06-03 14:00:00,9.7234,9.73922,9.7234,9.73896
2022-06-03 14:15:00,9.739,9.74088,9.72954,9.73181
2022-06-03 14:30:00,9.7319,9.74049,9.72954,9.7386
2022-06-03 14:45:00,9.73859,9.75081,9.73859,9.74696
2022-06-03 15:00:00,9.74711,9.75178,9.74248,9.74483
2022-06-03 15:15:00,9.7449,9.74721,9.7341,9.73861
2022-06-03 15:30:00,9.73871,9.77024,9.72283,9.76742
2022-06-03 15:45:00,9.76739,9.76853,9.75418,9.75445
2022-06-03 16:00:00,9.75432,9.75581,9.73596,9.74489
2022-06-03 16:15:00,9.7449,9.75824,9.74078,9.75162
2022-06-03 16:30:00,9.75163,9.75735,9.74076,9.75626
2022-06-03 16:45:00,9.756,9.75867,9.72577,9.73267
2022-06-03 17:00:00,9.73169,9.7417,9.72985,9.7374
2022-06-03 17:15:00,9.73749,9.74941,9.73612,9.74865
2022-06-03 17:30:00,9.74864,9.76054,9.74519,9.7563
2022-06-03 17:45:00,9.75626,9.76598,9.75552,9.76128
2022-06-03 18:00:00,9.76152,9.7673,9.75811,9.75921
2022-06-03 18:15:00,9.75927,9.76385,9.75809,9.76263
2022-06-03 18:30:00,9.76262,9.76664,9.75983,9.766
2022-06-03 18:45:00,9.76602,9.77759,9.76229,9.77719
2022-06-03 19:00:00,9.77721,9.78033,9.76582,9.76708
2022-06-03 19:15:00,9.76707,9.77317,9.75986,9.75995
2022-06-03 19:30:00,9.75997,9.76316,9.75619,9.76251
2022-06-03 19:45:00,9.7625,9.76295,9.75349,9.75374
2022-06-03 20:00:00,9.7537,9.75637,9.75124,9.75604
2022-06-03 20:15:00,9.75603,9.76471,9.75588,9.76139
2022-06-03 20:30:00,9.7614,9.76947,9.7614,9.76939
2022-06-03 20:45:00,9.76947,9.76956,9.76061,9.76633
2022-06-03 21:00:00,9.76621,9.77191,9.76587,9.77119
2022-06-03 21:15:00,9.77118,9.7725,9.76669,9.76669
2022-06-03 21:30:00,9.76681,9.76868,9.76576,9.7676
2022-06-03 21:45:00,9.76761,9.76844,9.76501,9.76561
2022-06-03 22:00:00,9.76557,9.76999,9.76541,9.76895
2022-06-03 22:15:00,9.76897,9.77185,9.76782,9.76792
2022-06-03 22:30:00,9.76794,9.76839,9.76534,9.76631
2022-06-03 22:45:00,9.76633,9.76729,9.75435,9.76395
2022-06-03 23:00:00,9.76318,9.76671,9.76231,9.76468
2022-06-03 23:15:00,9.7646,9.76562,9.76271,9.7645
2022-06-03 23:30:00,9.76451,9.76712,9.75981,9.76072
2022-06-03 23:45:00,9.7606,9.77383,9.73085,9.75226
2022-06-06 00:00:00,9.7197,9.73235,9.6997,9.73175
2022-06-06 00:15:00,9.73176,9.74935,9.73086,9.74927
2022-06-06 00:30:00,9.74934,9.74959,9.74609,9.74609
2022-06-06 00:45:00,9.74611,9.75089,9.74295,9.74529
2022-06-06 01:00:00,9.74512,9.76556,9.74417,9.7641
2022-06-06 01:15:00,9.76411,9.76551,9.76062,9.76122
2022-06-06 01:30:00,9.76121,9.76187,9.75469,9.75767
2022-06-06 01:45:00,9.7577,9.75842,9.75576,9.75722
2022-06-06 02:00:00,9.75718,9.76313,9.75595,9.76125
2022-06-06 02:15:00,9.76121,9.76298,9.75697,9.7595
2022-06-06 02:30:00,9.75958,9.76044,9.75741,9.7578
2022-06-06 02:45:00,9.75783,9.75984,9.75456,9.75944
2022-06-06 03:00:00,9.7594,9.76053,9.7549,9.75659
2022-06-06 03:15:00,9.75605,9.76083,9.75203,9.75631
2022-06-06 03:30:00,9.7563,9.7645,9.75611,9.76346
2022-06-06 03:45:00,9.76347,9.77168,9.76271,9.77027
2022-06-06 04:00:00,9.77034,9.7727,9.76756,9.76905
2022-06-06 04:15:00,9.76902,9.76923,9.76425,9.76802
2022-06-06 04:30:00,9.76809,9.77642,9.76779,9.77516
2022-06-06 04:45:00,9.77535,9.77598,9.76712,9.77096
2022-06-06 05:00:00,9.771,9.77236,9.76578,9.76732
2022-06-06 05:15:00,9.76731,9.76839,9.76364,9.76512
2022-06-06 05:30:00,9.76513,9.76644,9.76123,9.76265
2022-06-06 05:45:00,9.7626,9.76439,9.762,9.76404
2022-06-06 06:00:00,9.76375,9.76507,9.76183,9.76327
2022-06-06 06:15:00,9.76321,9.76373,9.76025,9.76357
2022-06-06 06:30:00,9.76352,9.76391,9.76103,9.76121
2022-06-06 06:45:00,9.76118,9.76216,9.7596,9.76066
2022-06-06 07:00:00,9.76072,9.7664,9.76072,9.76561
2022-06-06 07:15:00,9.7656,9.7656,9.76178,9.76288
2022-06-06 07:30:00,9.7628,9.76603,9.76266,9.76326
2022-06-06 07:45:00,9.76314,9.76422,9.75945,9.7614
2022-06-06 08:00:00,9.76145,9.76148,9.7523,9.75468
2022-06-06 08:15:00,9.75464,9.76136,9.75311,9.7578
2022-06-06 08:30:00,9.75762,9.76004,9.75277,9.75385
2022-06-06 08:45:00,9.75393,9.76115,9.75328,9.76096
2022-06-06 09:00:00,9.76098,9.771,9.76003,9.77015
2022-06-06 09:15:00,9.77,9.77163,9.76554,9.76651
2022-06-06 09:30:00,9.7665,9.76759,9.74389,9.74962
2022-06-06 09:45:00,9.74964,9.75515,9.74865,9.75313
2022-06-06 10:00:00,9.75317,9.75469,9.74,9.74972
2022-06-06 10:15:00,9.74958,9.75069,9.7422,9.74871
2022-06-06 10:30:00,9.74874,9.75317,9.74874,9.75177
2022-06-06 10:45:00,9.75175,9.75194,9.73061,9.73488
2022-06-06 11:00:00,9.73486,9.73813,9.71963,9.72131
2022-06-06 11:15:00,9.72122,9.7385,9.72089,9.72867
2022-06-06 11:30:00,9.72872,9.7356,9.72669,9.7316
2022-06-06 11:45:00,9.73157,9.73502,9.72444,9.72498
2022-06-06 12:00:00,9.72503,9.73606,9.72495,9.73483
2022-06-06 12:15:00,9.73484,9.7367,9.7282,9.73292
2022-06-06 12:30:00,9.7329,9.74541,9.73224,9.74284
2022-06-06 12:45:00,9.74286,9.74593,9.73327,9.73363
2022-06-06 13:00:00,9.73369,9.74065,9.73338,9.73986
2022-06-06 13:15:00,9.73985,9.74497,9.73389,9.74361
2022-06-06 13:30:00,9.74362,9.75481,9.74362,9.75481
2022-06-06 13:45:00,9.75484,9.75819,9.74803,9.74903
2022-06-06 14:00:00,9.74904,9.75079,9.74464,9.74566
2022-06-06 14:15:00,9.74565,9.74907,9.74278,9.74282
2022-06-06 14:30:00,9.74295,9.74483,9.73959,9.74238
2022-06-06 14:45:00,9.7425,9.74464,9.73733,9.73804
2022-06-06 15:00:00,9.73802,9.74333,9.73715,9.7421
2022-06-06 15:15:00,9.74201,9.75244,9.74177,9.75003
2022-06-06 15:30:00,9.75002,9.75174,9.7483,9.74984
2022-06-06 15:45:00,9.75014,9.7504,9.74443,9.74532
2022-06-06 16:00:00,9.74502,9.7496,9.7433,9.7463
2022-06-06 16:15:00,9.74622,9.75264,9.73968,9.7431
2022-06-06 16:30:00,9.74311,9.74518,9.73899,9.74399
2022-06-06 16:45:00,9.74439,9.74955,9.74013,9.74236
2022-06-06 17:00:00,9.74221,9.74686,9.73567,9.74137
2022-06-06 17:15:00,9.74141,9.76179,9.74131,9.75697
2022-06-06 17:30:00,9.75686,9.77222,9.75481,9.7613
2022-06-06 17:45:00,9.76146,9.76404,9.74334,9.7549
2022-06-06 18:00:00,9.75453,9.77776,9.75238,9.7777
2022-06-06 18:15:00,9.77769,9.79424,9.76937,9.79156
2022-06-06 18:30:00,9.79159,9.7934,9.78291,9.78468
2022-06-06 18:45:00,9.78466,9.78716,9.77526,9.77734
2022-06-06 19:00:00,9.77738,9.78783,9.77672,9.78741
2022-06-06 19:15:00,9.78666,9.79391,9.78203,9.79362
2022-06-06 19:30:00,9.79342,9.79359,9.78269,9.79162
2022-06-06 19:45:00,9.79167,9.79212,9.77857,9.78073
2022-06-06 20:00:00,9.78072,9.78761,9.78072,9.78264
2022-06-06 20:15:00,9.78266,9.79129,9.7807,9.78255
2022-06-06 20:30:00,9.78251,9.78739,9.7753,9.77704
2022-06-06 20:45:00,9.77701,9.78461,9.7759,9.78069
2022-06-06 21:00:00,9.78031,9.78416,9.77964,9.78197
2022-06-06 21:15:00,9.78199,9.79288,9.78107,9.79172
2022-06-06 21:30:00,9.79167,9.79382,9.78953,9.792
2022-06-06 21:45:00,9.79197,9.80184,9.79145,9.79816
2022-06-06 22:00:00,9.79817,9.80298,9.79575,9.7967
2022-06-06 22:15:00,9.79669,9.7994,9.79402,9.79522
2022-06-06 22:30:00,9.79515,9.79762,9.79306,9.79367
2022-06-06 22:45:00,9.79362,9.80049,9.79183,9.7968
2022-06-06 23:00:00,9.79698,9.79769,9.79123,9.79124
2022-06-06 23:15:00,9.79128,9.79131,9.7898,9.79116
2022-06-06 23:30:00,9.79114,9.79388,9.79032,9.79341
2022-06-06 23:45:00,9.79342,9.7953,9.78468,9.78468
2022-06-07 00:00:00,9.78399,9.78399,9.74684,9.7667
2022-06-07 00:15:00,9.76628,9.77474,9.765,9.77291
2022-06-07 00:30:00,9.77292,9.77676,9.77213,9.77611
2022-06-07 00:45:00,9.77481,9.77833,9.77193,9.7776
2022-06-07 01:00:00,9.77762,9.78636,9.7747,9.78462
2022-06-07 01:15:00,9.78463,9.78806,9.78445,9.78737
2022-06-07 01:30:00,9.78727,9.78733,9.78552,9.78595
2022-06-07 01:45:00,9.78594,9.78777,9.78516,9.78656
2022-06-07 02:00:00,9.78655,9.79157,9.78603,9.79042
2022-06-07 02:15:00,9.79039,9.79814,9.79002,9.79712
2022-06-07 02:30:00,9.79706,9.7989,9.79497,9.79535
2022-06-07 02:45:00,9.79532,9.79569,9.78847,9.79399
2022-06-07 03:00:00,9.79307,9.79901,9.78833,9.79868
2022-06-07 03:15:00,9.79866,9.80254,9.79598,9.80134
2022-06-07 03:30:00,9.80142,9.80638,9.79894,9.80216
2022-06-07 03:45:00,9.80213,9.80377,9.79787,9.80206
2022-06-07 04:00:00,9.80208,9.80707,9.80185,9.80519
2022-06-07 04:15:00,9.80547,9.81531,9.80527,9.81416
2022-06-07 04:30:00,9.8141,9.81703,9.80756,9.80886
2022-06-07 04:45:00,9.80855,9.81144,9.80764,9.81001
2022-06-07 05:00:00,9.81029,9.82041,9.80954,9.82018
2022-06-07 05:15:00,9.82019,9.82283,9.81861,9.81904
2022-06-07 05:30:00,9.81952,9.82181,9.81831,9.81951
2022-06-07 05:45:00,9.81967,9.82266,9.81689,9.81745
2022-06-07 06:00:00,9.81744,9.82061,9.81141,9.81195
2022-06-07 06:15:00,9.81193,9.81389,9.80923,9.81227
2022-06-07 06:30:00,9.81232,9.81382,9.80931,9.81377
2022-06-07 06:45:00,9.81376,9.81389,9.8122,9.81306
2022-06-07 07:00:00,9.81309,9.81506,9.80994,9.81313
2022-06-07 07:15:00,9.81314,9.81363,9.80405,9.80405
2022-06-07 07:30:00,9.80416,9.80484,9.77651,9.80175
2022-06-07 07:45:00,9.80254,9.80758,9.7982,9.80461
2022-06-07 08:00:00,9.80457,9.81436,9.80354,9.80868
2022-06-07 08:15:00,9.80851,9.82018,9.80697,9.81681
2022-06-07 08:30:00,9.81705,9.82781,9.81589,9.82481
2022-06-07 08:45:00,9.82499,9.82583,9.81823,9.82273
2022-06-07 09:00:00,9.82269,9.84049,9.81449,9.83984
2022-06-07 09:15:00,9.83959,9.84039,9.83138,9.83169
2022-06-07 09:30:00,9.8317,9.83453,9.82136,9.82177
2022-06-07 09:45:00,9.82173,9.82235,9.81221,9.81916
2022-06-07 10:00:00,9.81892,9.82231,9.80947,9.8154
2022-06-07 10:15:00,9.81542,9.82886,9.81373,9.82871
2022-06-07 10:30:00,9.82883,9.83064,9.81427,9.82383
2022-06-07 10:45:00,9.82382,9.83379,9.81962,9.82382
2022-06-07 11:00:00,9.824,9.82741,9.80252,9.80626
2022-06-07 11:15:00,9.8064,9.81854,9.8055,9.81702
2022-06-07 11:30:00,9.81712,9.82722,9.81111,9.82582
2022-06-07 11:45:00,9.82562,9.83649,9.82559,9.83603
2022-06-07 12:00:00,9.83594,9.84221,9.83354,9.83758
2022-06-07 12:15:00,9.83756,9.83802,9.82331,9.82433
2022-06-07 12:30:00,9.82434,9.82536,9.81426,9.82071
2022-06-07 12:45:00,9.8208,9.83361,9.82034,9.83049
2022-06-07 13:00:00,9.8305,9.83293,9.82458,9.82477
2022-06-07 13:15:00,9.82475,9.83504,9.82377,9.83019
2022-06-07 13:30:00,9.83013,9.83377,9.82449,9.83213
2022-06-07 13:45:00,9.83208,9.84044,9.82439,9.83378
2022-06-07 14:00:00,9.83384,9.84459,9.83125,9.83823
2022-06-07 14:15:00,9.83827,9.842,9.83192,9.83745
2022-06-07 14:30:00,9.83749,9.84135,9.83355,9.83779
2022-06-07 14:45:00,9.83778,9.85046,9.83736,9.84359
2022-06-07 15:00:00,9.84366,9.8508,9.84125,9.84997
2022-06-07 15:15:00,9.84994,9.86053,9.83633,9.84288
2022-06-07 15:30:00,9.84198,9.84533,9.82778,9.83131
2022-06-07 15:45:00,9.83125,9.8504,9.83097,9.84618
2022-06-07 16:00:00,9.84617,9.84644,9.83735,9.84116
2022-06-07 16:15:00,9.84113,9.84491,9.8312,9.8321
2022-06-07 16:30:00,9.83208,9.83607,9.81389,9.81613
2022-06-07 16:45:00,9.81589,9.81605,9.79708,9.79797
2022-06-07 17:00:00,9.79783,9.82672,9.79695,9.82527
2022-06-07 17:15:00,9.82511,9.83145,9.8106,9.8113
2022-06-07 17:30:00,9.81143,9.81296,9.78092,9.78432
2022-06-07 17:45:00,9.78449,9.79443,9.77521,9.78062
2022-06-07 18:00:00,9.78071,9.79727,9.77568,9.78963
2022-06-07 18:15:00,9.78961,9.8007,9.78712,9.79627
2022-06-07 18:30:00,9.7963,9.80219,9.79478,9.79548
2022-06-07 18:45:00,9.79548,9.80041,9.78929,9.79463
2022-06-07 19:00:00,9.79456,9.79844,9.79202,9.79619
2022-06-07 19:15:00,9.79657,9.80225,9.7915,9.7924
2022-06-07 19:30:00,9.79242,9.79655,9.78653,9.79596
2022-06-07 19:45:00,9.79592,9.79911,9.78918,9.79495
2022-06-07 20:00:00,9.79503,9.80532,9.79382,9.8001
2022-06-07 20:15:00,9.79988,9.8077,9.79251,9.80637
2022-06-07 20:30:00,9.80685,9.80945,9.7983,9.80319
2022-06-07 20:45:00,9.80347,9.80618,9.79495,9.80519
2022-06-07 21:00:00,9.80516,9.80516,9.79206,9.79222
2022-06-07 21:15:00,9.79227,9.79398,9.78868,9.78879
2022-06-07 21:30:00,9.7888,9.78962,9.77937,9.78118
2022-06-07 21:45:00,9.78119,9.7839,9.77976,9.78049
2022-06-07 22:00:00,9.78037,9.78364,9.77646,9.78129
2022-06-07 22:15:00,9.78133,9.78411,9.78091,9.7834
2022-06-07 22:30:00,9.78341,9.78562,9.77772,9.7801
2022-06-07 22:45:00,9.78011,9.78218,9.77859,9.77937
2022-06-07 23:00:00,9.77947,9.78453,9.77848,9.78362
2022-06-07 23:15:00,9.78361,9.7842,9.77862,9.7842
2022-06-07 23:30:00,9.78385,9.78423,9.78089,9.78178
2022-06-07 23:45:00,9.78188,9.78901,9.76962,9.76962
2022-06-08 00:00:00,9.77603,9.7866,9.76566,9.78482
2022-06-08 00:15:00,9.78483,9.79009,9.77686,9.79009
2022-06-08 00:30:00,9.79062,9.79207,9.77935,9.78665
2022-06-08 00:45:00,9.78689,9.78761,9.78337,9.78734
2022-06-08 01:00:00,9.78651,9.80175,9.78483,9.79309
2022-06-08 01:15:00,9.79398,9.79522,9.78781,9.79014
2022-06-08 01:30:00,9.79015,9.80724,9.79001,9.79407
2022-06-08 01:45:00,9.79493,9.80574,9.78575,9.78701
2022-06-08 02:00:00,9.78702,9.78857,9.7843,9.78543
2022-06-08 02:15:00,9.78569,9.7898,9.78436,9.78958
2022-06-08 02:30:00,9.78955,9.79106,9.78727,9.78979
2022-06-08 02:45:00,9.78984,9.80133,9.78852,9.7976
2022-06-08 03:00:00,9.79805,9.80881,9.78993,9.79279
2022-06-08 03:15:00,9.79281,9.79749,9.79041,9.7943
2022-06-08 03:30:00,9.79407,9.79659,9.79081,9.79262
2022-06-08 03:45:00,9.79263,9.79792,9.79141,9.79711
2022-06-08 04:00:00,9.7972,9.81285,9.79514,9.80754
2022-06-08 04:15:00,9.8075,9.81226,9.80234,9.80641
2022-06-08 04:30:00,9.80637,9.80989,9.80216,9.80812
2022-06-08 04:45:00,9.80776,9.81168,9.8062,9.80847
2022-06-08 05:00:00,9.80881,9.81066,9.80291,9.80572
2022-06-08 05:15:00,9.80488,9.80731,9.80406,9.80555
2022-06-08 05:30:00,9.80559,9.80682,9.79998,9.80186
2022-06-08 05:45:00,9.80199,9.80561,9.80027,9.80285
2022-06-08 06:00:00,9.80278,9.8172,9.79964,9.81646
2022-06-08 06:15:00,9.81696,9.82026,9.81529,9.81785
2022-06-08 06:30:00,9.81782,9.81954,9.81494,9.81938
2022-06-08 06:45:00,9.81937,9.81944,9.81413,9.81538
2022-06-08 07:00:00,9.81549,9.81937,9.81358,9.81866
2022-06-08 07:15:00,9.81868,9.81868,9.812,9.81375
2022-06-08 07:30:00,9.81382,9.81823,9.81369,9.81654
2022-06-08 07:45:00,9.81653,9.82001,9.81543,9.82001
2022-06-08 08:00:00,9.81991,9.82168,9.8093,9.81034
2022-06-08 08:15:00,9.81011,9.81473,9.8071,9.81223
2022-06-08 08:30:00,9.81205,9.81466,9.80592,9.81008
2022-06-08 08:45:00,9.8101,9.81835,9.80899,9.8147
2022-06-08 09:00:00,9.81453,9.81755,9.80219,9.81018
2022-06-08 09:15:00,9.80999,9.81604,9.80382,9.80867
2022-06-08 09:30:00,9.80853,9.81218,9.79567,9.80866
2022-06-08 09:45:00,9.80868,9.81366,9.80178,9.80339
2022-06-08 10:00:00,9.80342,9.81997,9.79765,9.80889
2022-06-08 10:15:00,9.80928,9.81594,9.80235,9.8118
2022-06-08 10:30:00,9.81095,9.81095,9.79687,9.79902
2022-06-08 10:45:00,9.79949,9.81059,9.79746,9.79867
2022-06-08 11:00:00,9.79875,9.81146,9.79632,9.80589
2022-06-08 11:15:00,9.80606,9.81688,9.80555,9.81366
2022-06-08 11:30:00,9.81365,9.82889,9.81163,9.82513
2022-06-08 11:45:00,9.82522,9.82522,9.81361,9.81487
2022-06-08 12:00:00,9.81481,9.82996,9.81084,9.82248
2022-06-08 12:15:00,9.82241,9.82263,9.79895,9.79943
2022-06-08 12:30:00,9.79945,9.80009,9.78381,9.78826
2022-06-08 12:45:00,9.78825,9.80287,9.78751,9.80099
2022-06-08 13:00:00,9.80094,9.80392,9.77903,9.78275
2022-06-08 13:15:00,9.78269,9.79653,9.77963,9.79496
2022-06-08 13:30:00,9.79495,9.80107,9.78433,9.78959
2022-06-08 13:45:00,9.78961,9.79206,9.78017,9.79013
2022-06-08 14:00:00,9.78982,9.79354,9.77251,9.7779
2022-06-08 14:15:00,9.77791,9.7828,9.77174,9.7801
2022-06-08 14:30:00,9.77995,9.78268,9.77389,9.7782
2022-06-08 14:45:00,9.77814,9.78463,9.7737,9.77589
2022-06-08 15:00:00,9.77602,9.77893,9.769,9.77064
2022-06-08 15:15:00,9.77062,9.79208,9.77038,9.79208
2022-06-08 15:30:00,9.79177,9.79645,9.78263,9.78538
2022-06-08 15:45:00,9.78551,9.7863,9.77589,9.77957
2022-06-08 16:00:00,9.7795,9.78827,9.77134,9.77161
2022-06-08 16:15:00,9.77154,9.77854,9.76999,9.7713
2022-06-08 16:30:00,9.77126,9.78075,9.76165,9.76243
2022-06-08 16:45:00,9.76229,9.77197,9.76032,9.77159
2022-06-08 17:00:00,9.77136,9.77878,9.76875,9.77817
2022-06-08 17:15:00,9.77811,9.78105,9.77172,9.77879
2022-06-08 17:30:00,9.77907,9.79001,9.773,9.78386
2022-06-08 17:45:00,9.7838,9.7888,9.77845,9.78543
2022-06-08 18:00:00,9.78492,9.79522,9.7767,9.77672
2022-06-08 18:15:00,9.77596,9.7825,9.77515,9.78034
2022-06-08 18:30:00,9.78041,9.78285,9.77387,9.78255
2022-06-08 18:45:00,9.78251,9.78297,9.77384,9.77754
2022-06-08 19:00:00,9.77736,9.78718,9.77604,9.78223
2022-06-08 19:15:00,9.7822,9.7853,9.77864,9.78284
2022-06-08 19:30:00,9.78287,9.79847,9.78138,9.7975
2022-06-08 19:45:00,9.79752,9.80143,9.79072,9.79337
2022-06-08 20:00:00,9.79346,9.80326,9.79245,9.79931
2022-06-08 20:15:00,9.79928,9.79983,9.79494,9.79637
2022-06-08 20:30:00,9.79639,9.81038,9.79639,9.80923
2022-06-08 20:45:00,9.80927,9.81267,9.80161,9.81044
2022-06-08 21:00:00,9.81052,9.81838,9.80813,9.81638
2022-06-08 21:15:00,9.81641,9.82282,9.81289,9.81875
2022-06-08 21:30:00,9.8189,9.82509,9.81821,9.81885
2022-06-08 21:45:00,9.81896,9.82472,9.81633,9.8184
2022-06-08 22:00:00,9.81837,9.82076,9.81382,9.81434
2022-06-08 22:15:00,9.81435,9.81931,9.81362,9.81388
2022-06-08 22:30:00,9.81387,9.8174,9.80614,9.81424
2022-06-08 22:45:00,9.81427,9.82433,9.81425,9.82261
2022-06-08 23:00:00,9.82275,9.83189,9.82225,9.82883
2022-06-08 23:15:00,9.82886,9.83354,9.82498,9.82751
2022-06-08 23:30:00,9.82746,9.82815,9.82464,9.82715
2022-06-08 23:45:00,9.82718,9.82867,9.81393,9.81393
2022-06-09 00:00:00,9.81153,9.81153,9.78552,9.79465
2022-06-09 00:15:00,9.79467,9.80591,9.79467,9.79824
2022-06-09 00:30:00,9.80039,9.80893,9.79948,9.80845
2022-06-09 00:45:00,9.80764,9.8104,9.80106,9.8037
2022-06-09 01:00:00,9.80371,9.81502,9.80142,9.81335
2022-06-09 01:15:00,9.81341,9.82009,9.81187,9.81897
2022-06-09 01:30:00,9.81896,9.82069,9.81677,9.81819
2022-06-09 01:45:00,9.8182,9.8202,9.81729,9.81861
2022-06-09 02:00:00,9.81862,9.8216,9.81741,9.81985
2022-06-09 02:15:00,9.81984,9.82038,9.81789,9.81894
2022-06-09 02:30:00,9.81889,9.82031,9.81654,9.8201
2022-06-09 02:45:00,9.82,9.83009,9.81944,9.82244
2022-06-09 03:00:00,9.82284,9.83049,9.82278,9.82804
2022-06-09 03:15:00,9.82798,9.83062,9.82664,9.82766
2022-06-09 03:30:00,9.82738,9.8321,9.82672,9.83007
2022-06-09 03:45:00,9.83011,9.83528,9.8274,9.82834
2022-06-09 04:00:00,9.82859,9.83174,9.82746,9.82998
2022-06-09 04:15:00,9.83002,9.83075,9.82681,9.82908
2022-06-09 04:30:00,9.8292,9.83222,9.82662,9.82947
2022-06-09 04:45:00,9.82976,9.83403,9.82709,9.83169
2022-06-09 05:00:00,9.83199,9.84255,9.82872,9.83341
2022-06-09 05:15:00,9.83346,9.83661,9.82619,9.82747
2022-06-09 05:30:00,9.8275,9.83603,9.82536,9.82607
2022-06-09 05:45:00,9.82605,9.83501,9.82288,9.82878
2022-06-09 06:00:00,9.82957,9.83249,9.82388,9.83006
2022-06-09 06:15:00,9.83,9.83384,9.82317,9.83123
2022-06-09 06:30:00,9.83127,9.83262,9.82527,9.82665
2022-06-09 06:45:00,9.8267,9.82708,9.80921,9.81448
2022-06-09 07:00:00,9.81446,9.8171,9.81182,9.81324
2022-06-09 07:15:00,9.81319,9.81593,9.81222,9.81467
2022-06-09 07:30:00,9.81427,9.8199,9.81209,9.81989
2022-06-09 07:45:00,9.81987,9.82049,9.81816,9.81982
2022-06-09 08:00:00,9.8202,9.82668,9.81635,9.8234
2022-06-09 08:15:00,9.82339,9.82738,9.82102,9.82117
2022-06-09 08:30:00,9.82118,9.8325,9.8153,9.83003
2022-06-09 08:45:00,9.83004,9.83593,9.82627,9.83375
2022-06-09 09:00:00,9.83372,9.84289,9.83332,9.84064
2022-06-09 09:15:00,9.84093,9.84371,9.83387,9.84297
2022-06-09 09:30:00,9.84296,9.84296,9.83456,9.83732
2022-06-09 09:45:00,9.83741,9.83894,9.83327,9.83377
2022-06-09 10:00:00,9.83389,9.83689,9.8191,9.82962
2022-06-09 10:15:00,9.82964,9.83418,9.81796,9.82685
2022-06-09 10:30:00,9.82669,9.8343,9.82246,9.83046
2022-06-09 10:45:00,9.83053,9.83639,9.81675,9.83324
2022-06-09 11:00:00,9.83303,9.83958,9.83147,9.83803
2022-06-09 11:15:00,9.83814,9.8404,9.82842,9.82941
2022-06-09 11:30:00,9.82943,9.82999,9.81114,9.81178
2022-06-09 11:45:00,9.81177,9.81179,9.79231,9.79499
2022-06-09 12:00:00,9.795,9.8001,9.79036,9.79991
2022-06-09 12:15:00,9.79992,9.80026,9.79306,9.79425
2022-06-09 12:30:00,9.79424,9.79657,9.79132,9.79579
2022-06-09 12:45:00,9.79586,9.79806,9.79165,9.7935
2022-06-09 13:00:00,9.79364,9.79759,9.7799,9.78988
2022-06-09 13:15:00,9.78984,9.79086,9.7746,9.77765
2022-06-09 13:30:00,9.77807,9.78328,9.77353,9.77707
2022-06-09 13:45:00,9.77712,9.79367,9.77397,9.79009
2022-06-09 14:00:00,9.78965,9.7994,9.7884,9.79517
2022-06-09 14:15:00,9.79515,9.80062,9.78615,9.78941
2022-06-09 14:30:00,9.78939,9.79535,9.76369,9.76884
2022-06-09 14:45:00,9.76418,9.82057,9.76352,9.78918
2022-06-09 15:00:00,9.78827,9.79544,9.76945,9.77714
2022-06-09 15:15:00,9.77764,9.78765,9.7561,9.76294
2022-06-09 15:30:00,9.76278,9.77979,9.75743,9.77966
2022-06-09 15:45:00,9.78009,9.79852,9.76977,9.7852
2022-06-09 16:00:00,9.78501,9.82119,9.77665,9.81635
2022-06-09 16:15:00,9.81638,9.83313,9.80605,9.81688
2022-06-09 16:30:00,9.81686,9.83258,9.80031,9.82913
2022-06-09 16:45:00,9.82919,9.83018,9.8121,9.82486
2022-06-09 17:00:00,9.82459,9.87576,9.82417,9.86932
2022-06-09 17:15:00,9.8693,9.8787,9.8579,9.85854
2022-06-09 17:30:00,9.85852,9.87218,9.85762,9.86585
2022-06-09 17:45:00,9.86593,9.88383,9.86264,9.87962
2022-06-09 18:00:00,9.88087,9.88664,9.8682,9.87127
2022-06-09 18:15:00,9.87128,9.88098,9.86839,9.87718
2022-06-09 18:30:00,9.87753,9.87779,9.86456,9.86852
2022-06-09 18:45:00,9.86847,9.88713,9.86845,9.876
2022-06-09 19:00:00,9.87609,9.88613,9.87595,9.88588
2022-06-09 19:15:00,9.88587,9.88672,9.87743,9.87971
2022-06-09 19:30:00,9.87972,9.88143,9.86931,9.87115
2022-06-09 19:45:00,9.87109,9.88481,9.86994,9.88165
2022-06-09 20:00:00,9.88163,9.88187,9.87007,9.87551
2022-06-09 20:15:00,9.8755,9.90819,9.87489,9.89642
2022-06-09 20:30:00,9.89638,9.9024,9.89193,9.89637
2022-06-09 20:45:00,9.89635,9.8966,9.88781,9.88818
2022-06-09 21:00:00,9.88807,9.88936,9.88438,9.88643
2022-06-09 21:15:00,9.88637,9.89594,9.88467,9.89594
2022-06-09 21:30:00,9.89592,9.90412,9.89565,9.90216
2022-06-09 21:45:00,9.90204,9.91122,9.89642,9.91034
2022-06-09 22:00:00,9.91013,9.92196,9.91013,9.92003
2022-06-09 22:15:00,9.92002,9.92476,9.91954,9.92344
2022-06-09 22:30:00,9.92381,9.92721,9.92309,9.92464
2022-06-09 22:45:00,9.92479,9.92658,9.91647,9.92283
2022-06-09 23:00:00,9.92279,9.92316,9.9086,9.90895
2022-06-09 23:15:00,9.90892,9.91852,9.90759,9.9153
2022-06-09 23:30:00,9.91527,9.91921,9.91296,9.91676
2022-06-09 23:45:00,9.91679,9.91791,9.909,9.90917
2022-06-10 00:00:00,9.90824,9.91181,9.90443,9.90998
2022-06-10 00:15:00,9.90997,9.9103,9.9083,9.91
2022-06-10 00:30:00,9.91006,9.91006,9.90812,9.90812
2022-06-10 00:45:00,9.90831,9.90886,9.90831,9.90839
2022-06-10 01:00:00,9.9086,9.91171,9.90777,9.91102
2022-06-10 01:15:00,9.91097,9.91637,9.90916,9.91537
2022-06-10 01:30:00,9.91539,9.91805,9.91437,9.91761
2022-06-10 01:45:00,9.91759,9.91759,9.91295,9.9139
2022-06-10 02:00:00,9.9138,9.91571,9.91226,9.91341
2022-06-10 02:15:00,9.91346,9.91397,9.91041,9.91117
2022-06-10 02:30:00,9.91119,9.91194,9.90917,9.90944
2022-06-10 02:45:00,9.90948,9.91098,9.90913,9.91091
2022-06-10 03:00:00,9.91099,9.91655,9.91099,9.91413
2022-06-10 03:15:00,9.91414,9.91944,9.91212,9.91795
2022-06-10 03:30:00,9.91796,9.91813,9.9092,9.91063
2022-06-10 03:45:00,9.91064,9.91168,9.90843,9.90911
2022-06-10 04:00:00,9.90914,9.91307,9.90852,9.91056
2022-06-10 04:15:00,9.91064,9.91374,9.9096,9.911
2022-06-10 04:30:00,9.91104,9.91288,9.90916,9.9123
2022-06-10 04:45:00,9.91227,9.91281,9.90891,9.9091
2022-06-10 05:00:00,9.90909,9.91017,9.90848,9.90902
2022-06-10 05:15:00,9.90897,9.90986,9.90012,9.90012
2022-06-10 05:30:00,9.90007,9.91186,9.8999,9.90579
2022-06-10 05:45:00,9.90669,9.90905,9.90093,9.90334
2022-06-10 06:00:00,9.90409,9.90474,9.8953,9.89611
2022-06-10 06:15:00,9.8961,9.90078,9.8875,9.89225
2022-06-10 06:30:00,9.89207,9.89749,9.88825,9.89349
2022-06-10 06:45:00,9.89348,9.89911,9.8919,9.89419
2022-06-10 07:00:00,9.89418,9.89669,9.89263,9.89436
2022-06-10 07:15:00,9.89396,9.89837,9.89396,9.89735
2022-06-10 07:30:00,9.89733,9.89871,9.89542,9.89815
2022-06-10 07:45:00,9.89812,9.89991,9.89542,9.89815
2022-06-10 08:00:00,9.89822,9.90226,9.89533,9.8959
2022-06-10 08:15:00,9.89579,9.89819,9.88746,9.89724
2022-06-10 08:30:00,9.89728,9.89773,9.88301,9.88412
2022-06-10 08:45:00,9.88408,9.89122,9.88101,9.89022
2022-06-10 09:00:00,9.89025,9.89901,9.88365,9.886
2022-06-10 09:15:00,9.88598,9.90047,9.88574,9.89492
2022-06-10 09:30:00,9.89485,9.89754,9.88132,9.88227
2022-06-10 09:45:00,9.88231,9.8998,9.87951,9.89166
2022-06-10 10:00:00,9.89228,9.90318,9.88441,9.8984
2022-06-10 10:15:00,9.89844,9.90093,9.88656,9.90076
2022-06-10 10:30:00,9.90087,9.90516,9.88643,9.88743
2022-06-10 10:45:00,9.88746,9.90283,9.88746,9.90277
2022-06-10 11:00:00,9.9049,9.9049,9.88652,9.90092
2022-06-10 11:15:00,9.90094,9.9148,9.89659,9.90944
2022-06-10 11:30:00,9.90955,9.92558,9.90365,9.91579
2022-06-10 11:45:00,9.91581,9.91725,9.90306,9.90946
2022-06-10 12:00:00,9.90992,9.92189,9.90934,9.91806
2022-06-10 12:15:00,9.91819,9.93625,9.91746,9.93354
2022-06-10 12:30:00,9.93356,9.93356,9.91192,9.91422
2022-06-10 12:45:00,9.91432,9.93355,9.91422,9.93227
2022-06-10 13:00:00,9.93226,9.93517,9.92558,9.92654
2022-06-10 13:15:00,9.92653,9.93387,9.92102,9.92252
2022-06-10 13:30:00,9.92258,9.93118,9.92199,9.92862
2022-06-10 13:45:00,9.92845,9.94726,9.92653,9.93744
2022-06-10 14:00:00,9.93745,9.94275,9.92959,9.93067
2022-06-10 14:15:00,9.93066,9.94016,9.92835,9.93604
2022-06-10 14:30:00,9.93622,9.95434,9.93622,9.94974
2022-06-10 14:45:00,9.94978,9.95801,9.94753,9.95332
2022-06-10 15:00:00,9.95334,9.9572,9.94766,9.94918
2022-06-10 15:15:00,9.94912,9.95074,9.9386,9.93862
2022-06-10 15:30:00,9.93858,9.99223,9.93819,9.97648
2022-06-10 15:45:00,9.97656,10.01903,9.97367,10.01795
2022-06-10 16:00:00,10.01858,10.02018,9.98588,9.99752
2022-06-10 16:15:00,9.99743,10.0155,9.99385,9.99401
2022-06-10 16:30:00,9.9941,10.01349,9.98999,10.00737
2022-06-10 16:45:00,10.00768,10.02138,10.00528,10.01
2022-06-10 17:00:00,10.01004,10.03664,10.00944,10.02886
2022-06-10 17:15:00,10.02887,10.03838,10.02212,10.03766
2022-06-10 17:30:00,10.03768,10.04034,10.01792,10.02851
2022-06-10 17:45:00,10.02844,10.02891,10.00146,10.00911
2022-06-10 18:00:00,10.00908,10.02127,10.0037,10.01227
2022-06-10 18:15:00,10.01227,10.02019,10.00409,10.01885
2022-06-10 18:30:00,10.01896,10.03199,10.01639,10.02054
2022-06-10 18:45:00,10.02052,10.02721,10.01401,10.01544
2022-06-10 19:00:00,10.0153,10.02527,10.0115,10.02345
2022-06-10 19:15:00,10.02341,10.03067,10.02031,10.02048
2022-06-10 19:30:00,10.02072,10.03361,10.0164,10.0192
2022-06-10 19:45:00,10.01921,10.02223,10.01253,10.02062
2022-06-10 20:00:00,10.0207,10.02891,10.01981,10.02821
2022-06-10 20:15:00,10.02822,10.02904,10.01357,10.01381
2022-06-10 20:30:00,10.01375,10.02103,10.00983,10.00998
2022-06-10 20:45:00,10.01,10.02242,10.00556,10.02236
2022-06-10 21:00:00,10.02237,10.03165,10.02121,10.02918
2022-06-10 21:15:00,10.02927,10.03075,10.01867,10.02537
2022-06-10 21:30:00,10.02542,10.03129,10.021,10.0288
2022-06-10 21:45:00,10.02881,10.02898,10.01956,10.01983
2022-06-10 22:00:00,10.01981,10.02525,10.01749,10.01844
2022-06-10 22:15:00,10.01841,10.02316,10.01493,10.01757
2022-06-10 22:30:00,10.01754,10.02539,10.01536,10.02266
2022-06-10 22:45:00,10.02268,10.02543,10.02025,10.0243
2022-06-10 23:00:00,10.02404,10.02779,10.01998,10.02548
2022-06-10 23:15:00,10.02549,10.02994,10.02242,10.0272
2022-06-10 23:30:00,10.02683,10.03194,10.02233,10.02321
2022-06-10 23:45:00,10.02375,10.03665,10.00822,10.00822
2022-06-13 00:00:00,10.00236,10.00358,9.99033,9.99252
2022-06-13 00:15:00,9.99251,9.99797,9.98808,9.9962
2022-06-13 00:30:00,9.99619,9.99702,9.99458,9.99644
2022-06-13 00:45:00,9.9964,9.99945,9.99637,9.99929
2022-06-13 01:00:00,10.00065,10.0154,9.99887,10.0154
2022-06-13 01:15:00,10.01539,10.04082,10.00501,10.01048
2022-06-13 01:30:00,10.01046,10.03353,10.0077,10.01333
2022-06-13 01:45:00,10.01332,10.01575,10.00967,10.01182
2022-06-13 02:00:00,10.03217,10.03639,10.00723,10.03498
2022-06-13 02:15:00,10.03554,10.04107,10.01944,10.02948
2022-06-13 02:30:00,10.03,10.03956,10.01928,10.02951
2022-06-13 02:45:00,10.03235,10.05338,10.02204,10.05285
2022-06-13 03:00:00,10.05284,10.0613,10.04831,10.05478
2022-06-13 03:15:00,10.05508,10.05993,10.05019,10.05036
2022-06-13 03:30:00,10.0502,10.05926,10.04914,10.05828
2022-06-13 03:45:00,10.05786,10.0614,10.05258,10.05399
2022-06-13 04:00:00,10.05375,10.06113,10.05223,10.05495
2022-06-13 04:15:00,10.05494,10.06702,10.05335,10.06435
2022-06-13 04:30:00,10.06422,10.06438,10.05708,10.06082
2022-06-13 04:45:00,10.06089,10.06578,10.05833,10.06384
2022-06-13 05:00:00,10.06377,10.06745,10.05685,10.0614
2022-06-13 05:15:00,10.06081,10.06738,10.05802,10.06145
2022-06-13 05:30:00,10.06128,10.06674,10.06052,10.06108
2022-06-13 05:45:00,10.06104,10.06119,10.05725,10.05785
2022-06-13 06:00:00,10.05815,10.05868,10.05002,10.05232
2022-06-13 06:15:00,10.05236,10.05418,10.05147,10.05293
2022-06-13 06:30:00,10.05325,10.05657,10.04918,10.05447
2022-06-13 06:45:00,10.05448,10.05753,10.0539,10.05454
2022-06-13 07:00:00,10.05433,10.0582,10.05403,10.05732
2022-06-13 07:15:00,10.05726,10.0579,10.05244,10.05439
2022-06-13 07:30:00,10.05449,10.06312,10.05408,10.06029
2022-06-13 07:45:00,10.0609,10.06144,10.05431,10.05512
2022-06-13 08:00:00,10.05491,10.06242,10.05433,10.06059
2022-06-13 08:15:00,10.06055,10.0611,10.0487,10.05553
2022-06-13 08:30:00,10.0555,10.06525,10.05361,10.06483
2022-06-13 08:45:00,10.06488,10.06495,10.05231,10.05595
2022-06-13 09:00:00,10.05728,10.08079,10.05613,10.07163
2022-06-13 09:15:00,10.07162,10.07162,10.05855,10.06359
2022-06-13 09:30:00,10.06359,10.07486,10.061,10.06808
2022-06-13 09:45:00,10.06809,10.08418,10.06751,10.08215
2022-06-13 10:00:00,10.08211,10.08348,10.05398,10.0729
2022-06-13 10:15:00,10.07285,10.08551,10.05856,10.06433
2022-06-13 10:30:00,10.06426,10.08824,10.06046,10.0882
2022-06-13 10:45:00,10.08825,10.10678,10.08497,10.09676
2022-06-13 11:00:00,10.09677,10.11134,10.09435,10.10549
2022-06-13 11:15:00,10.1054,10.11753,10.0959,10.10103
2022-06-13 11:30:00,10.10102,10.11264,10.09023,10.10901
2022-06-13 11:45:00,10.10903,10.11437,10.09863,10.10558
2022-06-13 12:00:00,10.10575,10.10881,10.09873,10.10781
2022-06-13 12:15:00,10.10743,10.11567,10.10606,10.10815
2022-06-13 12:30:00,10.10822,10.12592,10.10738,10.12404
2022-06-13 12:45:00,10.12457,10.12829,10.11914,10.12828
2022-06-13 13:00:00,10.12837,10.13449,10.12422,10.12505
2022-06-13 13:15:00,10.12511,10.13266,10.12477,10.1302
2022-06-13 13:30:00,10.13036,10.13591,10.12377,10.1266
2022-06-13 13:45:00,10.1267,10.13443,10.11982,10.12793
2022-06-13 14:00:00,10.12796,10.1417,10.12761,10.13886
2022-06-13 14:15:00,10.13876,10.14214,10.13298,10.13676
2022-06-13 14:30:00,10.13595,10.13811,10.1221,10.13721
2022-06-13 14:45:00,10.13722,10.1594,10.137,10.15898
2022-06-13 15:00:00,10.15872,10.15916,10.1441,10.15245
2022-06-13 15:15:00,10.15262,10.15497,10.12882,10.13112
2022-06-13 15:30:00,10.13104,10.15256,10.13071,10.15005
2022-06-13 15:45:00,10.15017,10.15611,10.13934,10.13963
2022-06-13 16:00:00,10.13932,10.15052,10.13521,10.13521
2022-06-13 16:15:00,10.13523,10.15238,10.13275,10.15125
2022-06-13 16:30:00,10.15185,10.16695,10.13669,10.15815
2022-06-13 16:45:00,10.15802,10.16879,10.14698,10.16712
2022-06-13 17:00:00,10.16707,10.18203,10.1615,10.18203
2022-06-13 17:15:00,10.18226,10.19461,10.18013,10.18203
2022-06-13 17:30:00,10.18198,10.189,10.16445,10.1873
2022-06-13 17:45:00,10.18741,10.19143,10.17679,10.19039
2022-06-13 18:00:00,10.19059,10.19701,10.18814,10.1918
2022-06-13 18:15:00,10.19179,10.19217,10.17369,10.18123
2022-06-13 18:30:00,10.18117,10.18715,10.17593,10.18172
2022-06-13 18:45:00,10.18164,10.18519,10.17287,10.17309
2022-06-13 19:00:00,10.17308,10.17509,10.15258,10.15616
2022-06-13 19:15:00,10.15619,10.16447,10.14962,10.15923
2022-06-13 19:30:00,10.15925,10.16359,10.14455,10.15747
2022-06-13 19:45:00,10.15744,10.17304,10.15465,10.17137
2022-06-13 20:00:00,10.17139,10.17463,10.1663,10.1663
2022-06-13 20:15:00,10.16631,10.16806,10.16276,10.16662
2022-06-13 20:30:00,10.16659,10.16955,10.15586,10.1562
2022-06-13 20:45:00,10.15619,10.16264,10.14344,10.15898
2022-06-13 21:00:00,10.15895,10.1744,10.15747,10.17128
2022-06-13 21:15:00,10.17125,10.18384,10.16763,10.1826
2022-06-13 21:30:00,10.18261,10.18843,10.17635,10.18084
2022-06-13 21:45:00,10.18099,10.18894,10.17864,10.18337
2022-06-13 22:00:00,10.18358,10.18691,10.17526,10.17843
2022-06-13 22:15:00,10.1782,10.19509,10.1431,10.19438
2022-06-13 22:30:00,10.19445,10.19954,10.1849,10.19012
2022-06-13 22:45:00,10.19048,10.196,10.18653,10.19214
2022-06-13 23:00:00,10.1921,10.19662,10.18729,10.19142
2022-06-13 23:15:00,10.19159,10.20316,10.18321,10.19777
2022-06-13 23:30:00,10.19775,10.20031,10.19422,10.19629
2022-06-13 23:45:00,10.19632,10.19744,10.18112,10.18112
2022-06-14 00:00:00,10.18155,10.18757,10.16983,10.18554
2022-06-14 00:15:00,10.18551,10.18556,10.18323,10.18323
2022-06-14 00:30:00,10.18248,10.18855,10.18248,10.18715
2022-06-14 00:45:00,10.18714,10.1934,10.187,10.19141
2022-06-14 01:00:00,10.1914,10.19573,10.18746,10.19135
2022-06-14 01:15:00,10.19233,10.19704,10.18869,10.19053
2022-06-14 01:30:00,10.19057,10.19206,10.18896,10.19085
2022-06-14 01:45:00,10.19086,10.19455,10.18991,10.19454
2022-06-14 02:00:00,10.1946,10.19587,10.18831,10.19064
2022-06-14 02:15:00,10.19063,10.19124,10.18884,10.18945
2022-06-14 02:30:00,10.18962,10.19322,10.1889,10.19261
2022-06-14 02:45:00,10.19258,10.19457,10.18853,10.18887
2022-06-14 03:00:00,10.18854,10.20047,10.18717,10.18744
2022-06-14 03:15:00,10.18776,10.19182,10.176,10.17782
2022-06-14 03:30:00,10.17783,10.1824,10.16677,10.16818
2022-06-14 03:45:00,10.16824,10.18142,10.16643,10.17671
2022-06-14 04:00:00,10.17625,10.18492,10.17103,10.18253
2022-06-14 04:15:00,10.18225,10.18937,10.18061,10.1845
2022-06-14 04:30:00,10.18452,10.19095,10.18261,10.18593
2022-06-14 04:45:00,10.18594,10.2094,10.18492,10.20575
2022-06-14 05:00:00,10.20584,10.20687,10.18555,10.18908
2022-06-14 05:15:00,10.18934,10.19316,10.1846,10.18832
2022-06-14 05:30:00,10.18822,10.18934,10.17948,10.18181
2022-06-14 05:45:00,10.18148,10.18298,10.17866,10.17938
2022-06-14 06:00:00,10.17922,10.17995,10.17498,10.1766
2022-06-14 06:15:00,10.17651,10.1847,10.17582,10.17983
2022-06-14 06:30:00,10.17981,10.18706,10.16869,10.17087
2022-06-14 06:45:00,10.17096,10.17243,10.15812,10.16611
2022-06-14 07:00:00,10.16614,10.16777,10.15057,10.16157
2022-06-14 07:15:00,10.16174,10.16371,10.15782,10.16214
2022-06-14 07:30:00,10.16202,10.16956,10.16202,10.16826
2022-06-14 07:45:00,10.16732,10.17057,10.16397,10.16826
2022-06-14 08:00:00,10.16705,10.17213,10.16109,10.16257
2022-06-14 08:15:00,10.16254,10.17285,10.16132,10.17258
2022-06-14 08:30:00,10.17268,10.17303,10.15922,10.1601
2022-06-14 08:45:00,10.16015,10.16099,10.06595,10.11872
2022-06-14 09:00:00,10.11926,10.14722,10.1022,10.1419
2022-06-14 09:15:00,10.14201,10.15608,10.14062,10.1459
2022-06-14 09:30:00,10.14598,10.16125,10.14062,10.14188
2022-06-14 09:45:00,10.14236,10.14951,10.13291,10.14708
2022-06-14 10:00:00,10.14658,10.1597,10.14181,10.15505
2022-06-14 10:15:00,10.15504,10.15518,10.12819,10.13323
2022-06-14 10:30:00,10.13324,10.13762,10.12335,10.1239
2022-06-14 10:45:00,10.12362,10.13304,10.11431,10.12984
2022-06-14 11:00:00,10.12959,10.14558,10.12629,10.14392
2022-06-14 11:15:00,10.14398,10.1448,10.12834,10.13328
2022-06-14 11:30:00,10.13334,10.14241,10.12653,10.13229
2022-06-14 11:45:00,10.13219,10.14141,10.12121,10.14095
2022-06-14 12:00:00,10.14122,10.15248,10.13984,10.14533
2022-06-14 12:15:00,10.14665,10.15867,10.14166,10.1563
2022-06-14 12:30:00,10.15628,10.17146,10.15192,10.17087
2022-06-14 12:45:00,10.17014,10.18621,10.16252,10.1827
2022-06-14 13:00:00,10.18198,10.18589,10.17446,10.18135
2022-06-14 13:15:00,10.18131,10.19367,10.17767,10.19282
2022-06-14 13:30:00,10.1928,10.19366,10.17775,10.179
2022-06-14 13:45:00,10.17902,10.19057,10.17622,10.17866
2022-06-14 14:00:00,10.17856,10.18589,10.17215,10.17686
2022-06-14 14:15:00,10.17682,10.18543,10.16762,10.16894
2022-06-14 14:30:00,10.16925,10.17024,10.15219,10.15371
2022-06-14 14:45:00,10.15372,10.15834,10.14186,10.15834
2022-06-14 15:00:00,10.15857,10.16569,10.14601,10.15946
2022-06-14 15:15:00,10.15945,10.16721,10.15604,10.15822
2022-06-14 15:30:00,10.15743,10.15743,10.13092,10.13835
2022-06-14 15:45:00,10.13833,10.15824,10.13756,10.15737
2022-06-14 16:00:00,10.15763,10.16209,10.14463,10.15848
2022-06-14 16:15:00,10.15832,10.16142,10.14307,10.16142
2022-06-14 16:30:00,10.16134,10.17641,10.15927,10.17528
2022-06-14 16:45:00,10.17524,10.18423,10.1694,10.17675
2022-06-14 17:00:00,10.17641,10.1943,10.16844,10.19333
2022-06-14 17:15:00,10.19349,10.20273,10.18546,10.19209
2022-06-14 17:30:00,10.19228,10.20639,10.19029,10.20452
2022-06-14 17:45:00,10.20461,10.20806,10.19528,10.20631
2022-06-14 18:00:00,10.20749,10.2123,10.19106,10.20225
2022-06-14 18:15:00,10.20226,10.20773,10.19043,10.19161
2022-06-14 18:30:00,10.19207,10.20534,10.18852,10.20511
2022-06-14 18:45:00,10.20526,10.20909,10.19729,10.20013
2022-06-14 19:00:00,10.20004,10.21547,10.19965,10.21538
2022-06-14 19:15:00,10.21526,10.21582,10.20391,10.20455
2022-06-14 19:30:00,10.20455,10.21215,10.20427,10.20796
2022-06-14 19:45:00,10.20805,10.21121,10.20349,10.21022
2022-06-14 20:00:00,10.21039,10.21136,10.17951,10.18065
2022-06-14 20:15:00,10.18064,10.19174,10.16948,10.19168
2022-06-14 20:30:00,10.19172,10.20691,10.18595,10.20174
2022-06-14 20:45:00,10.2017,10.20905,10.19893,10.20826
2022-06-14 21:00:00,10.20808,10.20943,10.19335,10.20168
2022-06-14 21:15:00,10.20167,10.20446,10.19732,10.20253
2022-06-14 21:30:00,10.20259,10.2074,10.19478,10.20438
2022-06-14 21:45:00,10.20437,10.216,10.20233,10.21465
2022-06-14 22:00:00,10.21463,10.22108,10.21457,10.22096
2022-06-14 22:15:00,10.22084,10.2256,10.20276,10.20477
2022-06-14 22:30:00,10.20416,10.20923,10.19629,10.20502
2022-06-14 22:45:00,10.20486,10.21266,10.19828,10.20162
2022-06-14 23:00:00,10.20161,10.20349,10.19456,10.19607
2022-06-14 23:15:00,10.19603,10.20052,10.19566,10.19829
2022-06-14 23:30:00,10.19805,10.20278,10.19394,10.19558
2022-06-14 23:45:00,10.19559,10.19608,10.18653,10.18663
2022-06-15 00:00:00,10.18467,10.18919,10.16285,10.18509
2022-06-15 00:15:00,10.1851,10.19085,10.17115,10.17829
2022-06-15 00:30:00,10.18944,10.20003,10.17891,10.19279
2022-06-15 00:45:00,10.1948,10.19711,10.18965,10.19099
2022-06-15 01:00:00,10.19065,10.19448,10.18708,10.1933
2022-06-15 01:15:00,10.1934,10.19656,10.19226,10.19338
2022-06-15 01:30:00,10.19338,10.19382,10.18947,10.19159
2022-06-15 01:45:00,10.19188,10.19461,10.17832,10.17963
2022-06-15 02:00:00,10.17985,10.18485,10.17486,10.18079
2022-06-15 02:15:00,10.1808,10.18815,10.18032,10.18168
2022-06-15 02:30:00,10.1816,10.18206,10.17602,10.17654
2022-06-15 02:45:00,10.17649,10.17714,10.17396,10.17512
2022-06-15 03:00:00,10.17506,10.18391,10.17299,10.183
2022-06-15 03:15:00,10.1831,10.1857,10.17832,10.18212
2022-06-15 03:30:00,10.18211,10.18999,10.17829,10.18967
2022-06-15 03:45:00,10.18968,10.19307,10.17586,10.17655
2022-06-15 04:00:00,10.17663,10.17783,10.1725,10.1726
2022-06-15 04:15:00,10.17274,10.17406,10.16155,10.16329
2022-06-15 04:30:00,10.16321,10.16664,10.16044,10.16282
2022-06-15 04:45:00,10.16283,10.16971,10.1624,10.16723
2022-06-15 05:00:00,10.16722,10.16867,10.16154,10.16378
2022-06-15 05:15:00,10.16377,10.16453,10.15919,10.16237
2022-06-15 05:30:00,10.16229,10.1642,10.15966,10.16151
2022-06-15 05:45:00,10.16145,10.16612,10.16085,10.16166
2022-06-15 06:00:00,10.1615,10.16648,10.16038,10.16103
2022-06-15 06:15:00,10.16102,10.16455,10.16094,10.16123
2022-06-15 06:30:00,10.16123,10.16869,10.16118,10.16126
2022-06-15 06:45:00,10.16131,10.16367,10.15999,10.16329
2022-06-15 07:00:00,10.1633,10.17244,10.16267,10.16781
2022-06-15 07:15:00,10.16796,10.1756,10.16558,10.17552
2022-06-15 07:30:00,10.17551,10.18912,10.1743,10.1803
2022-06-15 07:45:00,10.18035,10.18202,10.17511,10.17844
2022-06-15 08:00:00,10.17852,10.18617,10.17723,10.18437
2022-06-15 08:15:00,10.18429,10.18932,10.16751,10.16819
2022-06-15 08:30:00,10.16807,10.16916,10.13509,10.14062
2022-06-15 08:45:00,10.14061,10.14679,10.13051,10.14561
2022-06-15 09:00:00,10.14654,10.16301,10.14046,10.16295
2022-06-15 09:15:00,10.16293,10.16673,10.12528,10.13337
2022-06-15 09:30:00,10.13338,10.14882,10.13327,10.14117
2022-06-15 09:45:00,10.14133,10.1557,10.14097,10.15042
2022-06-15 10:00:00,10.1505,10.15354,10.1371,10.14036
2022-06-15 10:15:00,10.14032,10.1466,10.13664,10.13875
2022-06-15 10:30:00,10.13864,10.13996,10.11845,10.12724
2022-06-15 10:45:00,10.12717,10.15948,10.12563,10.14207
2022-06-15 11:00:00,10.142,10.14365,10.11742,10.12641
2022-06-15 11:15:00,10.12657,10.13073,10.11944,10.12435
2022-06-15 11:30:00,10.12447,10.13378,10.09801,10.09823
2022-06-15 11:45:00,10.09828,10.11157,10.0971,10.1067
2022-06-15 12:00:00,10.10662,10.12049,10.10648,10.11079
2022-06-15 12:15:00,10.11086,10.13551,10.10979,10.12743
2022-06-15 12:30:00,10.12734,10.13593,10.11524,10.1308
2022-06-15 12:45:00,10.13003,10.14125,10.12473,10.12975
2022-06-15 13:00:00,10.12997,10.13626,10.12411,10.13441
2022-06-15 13:15:00,10.13446,10.14294,10.13144,10.13712
2022-06-15 13:30:00,10.13699,10.14038,10.12681,10.12917
2022-06-15 13:45:00,10.12926,10.14631,10.12926,10.14314
2022-06-15 14:00:00,10.1432,10.14566,10.13388,10.13546
2022-06-15 14:15:00,10.13528,10.14386,10.1323,10.13954
2022-06-15 14:30:00,10.1395,10.1495,10.13217,10.14551
2022-06-15 14:45:00,10.14548,10.16391,10.14141,10.15982
2022-06-15 15:00:00,10.15956,10.19274,10.15717,10.18604
2022-06-15 15:15:00,10.18635,10.19937,10.18076,10.19791
2022-06-15 15:30:00,10.19786,10.19861,10.1787,10.18489
2022-06-15 15:45:00,10.18467,10.2144,10.18206,10.20374
2022-06-15 16:00:00,10.20427,10.21101,10.19922,10.20961
2022-06-15 16:15:00,10.2096,10.21286,10.20319,10.20588
2022-06-15 16:30:00,10.20585,10.21266,10.19931,10.20164
2022-06-15 16:45:00,10.20167,10.20317,10.18138,10.18444
2022-06-15 17:00:00,10.1842,10.19328,10.17691,10.18512
2022-06-15 17:15:00,10.18511,10.20327,10.18128,10.20292
2022-06-15 17:30:00,10.20276,10.2124,10.1987,10.2084
2022-06-15 17:45:00,10.20834,10.2329,10.20829,10.23202
2022-06-15 18:00:00,10.23184,10.24256,10.22387,10.24256
2022-06-15 18:15:00,10.2425,10.24512,10.22374,10.22832
2022-06-15 18:30:00,10.22833,10.23996,10.22089,10.23996
2022-06-15 18:45:00,10.24028,10.25633,10.23773,10.25466
2022-06-15 19:00:00,10.25472,10.26459,10.2473,10.26091
2022-06-15 19:15:00,10.26056,10.26736,10.25783,10.26584
2022-06-15 19:30:00,10.26579,10.27651,10.26215,10.2696
2022-06-15 19:45:00,10.2696,10.2873,10.26138,10.28217
2022-06-15 20:00:00,10.28192,10.28198,10.27276,10.27874
2022-06-15 20:15:00,10.27873,10.27937,10.25855,10.25948
2022-06-15 20:30:00,10.2591,10.26026,10.24928,10.25756
2022-06-15 20:45:00,10.25794,10.26233,10.23162,10.23162
2022-06-15 21:00:00,10.23204,10.30054,10.21062,10.27832
2022-06-15 21:15:00,10.27748,10.28616,10.24755,10.27182
2022-06-15 21:30:00,10.27144,10.29038,10.17941,10.18598
2022-06-15 21:45:00,10.18596,10.24324,10.17835,10.2252
2022-06-15 22:00:00,10.22509,10.23307,10.19669,10.19957
2022-06-15 22:15:00,10.19943,10.20216,10.16452,10.16844
2022-06-15 22:30:00,10.16888,10.20962,10.16888,10.20541
2022-06-15 22:45:00,10.20417,10.20679,10.16859,10.17786
2022-06-15 23:00:00,10.17809,10.17879,10.15769,10.16663
2022-06-15 23:15:00,10.16658,10.173,10.16077,10.1718
2022-06-15 23:30:00,10.17099,10.17535,10.16992,10.17204
2022-06-15 23:45:00,10.17186,10.17986,10.15357,10.15417
2022-06-16 00:00:00,10.15599,10.16741,10.13663,10.16507
2022-06-16 00:15:00,10.16506,10.16753,10.16477,10.16478
2022-06-16 00:30:00,10.16472,10.17148,10.16472,10.17073
2022-06-16 00:45:00,10.17222,10.17516,10.16263,10.16323
2022-06-16 01:00:00,10.16293,10.17796,10.15917,10.17754
2022-06-16 01:15:00,10.1774,10.17781,10.16232,10.16755
2022-06-16 01:30:00,10.16775,10.17016,10.16554,10.16945
2022-06-16 01:45:00,10.16886,10.17524,10.16886,10.17419
2022-06-16 02:00:00,10.17405,10.17571,10.16689,10.16833
2022-06-16 02:15:00,10.16834,10.17141,10.16612,10.16729
2022-06-16 02:30:00,10.16731,10.1685,10.15946,10.16009
2022-06-16 02:45:00,10.16012,10.16567,10.15829,10.1597
2022-06-16 03:00:00,10.15971,10.16028,10.15791,10.15851
2022-06-16 03:15:00,10.15865,10.15879,10.14358,10.15667
2022-06-16 03:30:00,10.15556,10.15822,10.15049,10.15333
2022-06-16 03:45:00,10.1535,10.16637,10.14472,10.16548
2022-06-16 04:00:00,10.1654,10.17101,10.15416,10.15689
2022-06-16 04:15:00,10.15682,10.16539,10.15586,10.16032
2022-06-16 04:30:00,10.16052,10.18298,10.15142,10.18216
2022-06-16 04:45:00,10.18213,10.19123,10.18116,10.18857
2022-06-16 05:00:00,10.18827,10.19008,10.18124,10.18368
2022-06-16 05:15:00,10.18377,10.18823,10.17682,10.18709
2022-06-16 05:30:00,10.18712,10.18753,10.17528,10.1763
2022-06-16 05:45:00,10.17611,10.17773,10.17168,10.17255
2022-06-16 06:00:00,10.17276,10.17506,10.16512,10.16766
2022-06-16 06:15:00,10.166,10.16803,10.16229,10.16446
2022-06-16 06:30:00,10.1646,10.16809,10.1628,10.16465
2022-06-16 06:45:00,10.16464,10.16951,10.16429,10.16776
2022-06-16 07:00:00,10.16777,10.17137,10.16683,10.17002
2022-06-16 07:15:00,10.16985,10.17563,10.16865,10.17358
2022-06-16 07:30:00,10.17357,10.17723,10.1679,10.17679
2022-06-16 07:45:00,10.1768,10.17831,10.1736,10.17653
2022-06-16 08:00:00,10.17655,10.18644,10.17655,10.18265
2022-06-16 08:15:00,10.18267,10.18421,10.1748,10.18101
2022-06-16 08:30:00,10.18103,10.1991,10.18082,10.19895
2022-06-16 08:45:00,10.19894,10.20341,10.19494,10.19739
2022-06-16 09:00:00,10.19741,10.20457,10.18818,10.2007
2022-06-16 09:15:00,10.20064,10.20728,10.19246,10.19614
2022-06-16 09:30:00,10.19613,10.23568,10.19596,10.23322
2022-06-16 09:45:00,10.23327,10.23697,10.21504,10.23654
2022-06-16 10:00:00,10.23704,10.25766,10.224,10.25414
2022-06-16 10:15:00,10.25401,10.27624,10.25378,10.27142
2022-06-16 10:30:00,10.27144,10.2868,10.25724,10.28361
2022-06-16 10:45:00,10.28405,10.28574,10.25884,10.26951
2022-06-16 11:00:00,10.2688,10.27626,10.24648,10.27039
2022-06-16 11:15:00,10.2704,10.28386,10.25996,10.27882
2022-06-16 11:30:00,10.27881,10.2919,10.27733,10.28198
2022-06-16 11:45:00,10.28206,10.28415,10.26279,10.26866
2022-06-16 12:00:00,10.26836,10.29642,10.26385,10.28497
2022-06-16 12:15:00,10.28534,10.28689,10.26653,10.26752
2022-06-16 12:30:00,10.26751,10.279,10.2646,10.27652
2022-06-16 12:45:00,10.27663,10.28171,10.26886,10.27353
2022-06-16 13:00:00,10.27365,10.28689,10.27263,10.28208
2022-06-16 13:15:00,10.28187,10.28533,10.27158,10.27554
2022-06-16 13:30:00,10.27556,10.29168,10.27114,10.28603
2022-06-16 13:45:00,10.28641,10.29146,10.28124,10.28906
2022-06-16 14:00:00,10.28941,10.3056,10.28351,10.28433
2022-06-16 14:15:00,10.28417,10.29583,10.26261,10.27008
2022-06-16 14:30:00,10.26989,10.29243,10.26364,10.28909
2022-06-16 14:45:00,10.28924,10.30689,10.28888,10.3048
2022-06-16 15:00:00,10.30415,10.30653,10.27904,10.28041
2022-06-16 15:15:00,10.28038,10.29228,10.23557,10.25144
2022-06-16 15:30:00,10.25141,10.27542,10.23499,10.25834
2022-06-16 15:45:00,10.25807,10.27168,10.24782,10.26701
2022-06-16 16:00:00,10.26693,10.26745,10.22298,10.23641
2022-06-16 16:15:00,10.23637,10.24643,10.22493,10.22653
2022-06-16 16:30:00,10.22653,10.23482,10.21255,10.23482
2022-06-16 16:45:00,10.23475,10.25216,10.22858,10.25058
2022-06-16 17:00:00,10.25061,10.28596,10.24779,10.28349
2022-06-16 17:15:00,10.28348,10.28707,10.22931,10.23256
2022-06-16 17:30:00,10.2326,10.23708,10.21294,10.22877
2022-06-16 17:45:00,10.22884,10.24051,10.20887,10.21513
2022-06-16 18:00:00,10.21535,10.21641,10.18494,10.18735
2022-06-16 18:15:00,10.18748,10.19907,10.1824,10.18969
2022-06-16 18:30:00,10.1892,10.19724,10.18863,10.1904
2022-06-16 18:45:00,10.19031,10.20267,10.17196,10.17244
2022-06-16 19:00:00,10.17253,10.18297,10.16995,10.17633
2022-06-16 19:15:00,10.17637,10.1799,10.13985,10.14222
2022-06-16 19:30:00,10.14236,10.15868,10.13063,10.13063
2022-06-16 19:45:00,10.13089,10.14305,10.12102,10.13775
2022-06-16 20:00:00,10.13742,10.14601,10.13221,10.14072
2022-06-16 20:15:00,10.14155,10.14443,10.11746,10.12282
2022-06-16 20:30:00,10.12428,10.1298,10.10322,10.10834
2022-06-16 20:45:00,10.10803,10.12519,10.09827,10.12361
2022-06-16 21:00:00,10.12339,10.13475,10.12159,10.12723
2022-06-16 21:15:00,10.12721,10.13739,10.12716,10.13223
2022-06-16 21:30:00,10.13222,10.13707,10.12256,10.12384
2022-06-16 21:45:00,10.12381,10.13685,10.11894,10.12787
2022-06-16 22:00:00,10.12778,10.13181,10.11875,10.12115
2022-06-16 22:15:00,10.12114,10.12283,10.11055,10.12112
2022-06-16 22:30:00,10.12102,10.13692,10.12088,10.13692
2022-06-16 22:45:00,10.13693,10.14443,10.12744,10.12776
2022-06-16 23:00:00,10.12758,10.14101,10.12675,10.13896
2022-06-16 23:15:00,10.13895,10.14488,10.13641,10.14171
2022-06-16 23:30:00,10.14137,10.14317,10.1357,10.1382
2022-06-16 23:45:00,10.13824,10.13963,10.11478,10.11979
2022-06-17 00:00:00,10.11926,10.13611,10.11065,10.1252
2022-06-17 00:15:00,10.12519,10.12637,10.12385,10.12385
2022-06-17 00:30:00,10.12379,10.12562,10.12299,10.12359
2022-06-17 00:45:00,10.1236,10.12559,10.11674,10.11817
2022-06-17 01:00:00,10.11802,10.13463,10.1099,10.12493
2022-06-17 01:15:00,10.12483,10.13129,10.1238,10.13002
2022-06-17 01:30:00,10.12995,10.13233,10.12869,10.1316
2022-06-17 01:45:00,10.13175,10.15547,10.12981,10.14887
2022-06-17 02:00:00,10.14893,10.15118,10.14471,10.14709
2022-06-17 02:15:00,10.14708,10.15168,10.14679,10.1482
2022-06-17 02:30:00,10.14817,10.14824,10.14529,10.14681
2022-06-17 02:45:00,10.14687,10.14708,10.14145,10.14638
2022-06-17 03:00:00,10.14636,10.15818,10.14106,10.1507
2022-06-17 03:15:00,10.15133,10.15478,10.12286,10.13888
2022-06-17 03:30:00,10.13909,10.14399,10.12818,10.1316
2022-06-17 03:45:00,10.13187,10.14586,10.13131,10.13943
2022-06-17 04:00:00,10.13944,10.15781,10.13254,10.15081
2022-06-17 04:15:00,10.15167,10.15267,10.1395,10.14176
2022-06-17 04:30:00,10.14178,10.14761,10.13836,10.14006
2022-06-17 04:45:00,10.14017,10.1494,10.13851,10.14763
2022-06-17 05:00:00,10.14762,10.15481,10.14626,10.14877
2022-06-17 05:15:00,10.14878,10.15272,10.14857,10.14981
2022-06-17 05:30:00,10.1497,10.15947,10.13789,10.14586
2022-06-17 05:45:00,10.14607,10.15342,10.13298,10.14695
2022-06-17 06:00:00,10.14778,10.15199,10.13981,10.14526
2022-06-17 06:15:00,10.14561,10.15288,10.14183,10.1523
2022-06-17 06:30:00,10.15245,10.15991,10.14848,10.15806
2022-06-17 06:45:00,10.15807,10.1651,10.15791,10.1622
2022-06-17 07:00:00,10.16221,10.16223,10.14856,10.15441
2022-06-17 07:15:00,10.15448,10.16044,10.14769,10.15207
2022-06-17 07:30:00,10.15206,10.15686,10.14954,10.15143
2022-06-17 07:45:00,10.15133,10.15307,10.1465,10.14764
2022-06-17 08:00:00,10.14762,10.1532,10.147,10.14912
2022-06-17 08:15:00,10.14913,10.15815,10.14727,10.15736
2022-06-17 08:30:00,10.15732,10.15952,10.14447,10.14922
2022-06-17 08:45:00,10.14925,10.1603,10.14801,10.16009
2022-06-17 09:00:00,10.16056,10.16665,10.15341,10.16438
2022-06-17 09:15:00,10.16447,10.17291,10.16291,10.16592
2022-06-17 09:30:00,10.16572,10.18424,10.16448,10.17671
2022-06-17 09:45:00,10.17672,10.19442,10.17319,10.19442
2022-06-17 10:00:00,10.19452,10.19607,10.17125,10.17499
2022-06-17 10:15:00,10.17498,10.17993,10.1605,10.16299
2022-06-17 10:30:00,10.16315,10.18042,10.15381,10.17287
2022-06-17 10:45:00,10.1729,10.1838,10.16235,10.18292
2022-06-17 11:00:00,10.18225,10.1885,10.16773,10.17055
2022-06-17 11:15:00,10.17065,10.18925,10.16793,10.18737
2022-06-17 11:30:00,10.18736,10.18804,10.16891,10.16896
2022-06-17 11:45:00,10.16894,10.17037,10.15418,10.15925
2022-06-17 12:00:00,10.15927,10.15941,10.13298,10.13326
2022-06-17 12:15:00,10.13325,10.16011,10.13325,10.15947
2022-06-17 12:30:00,10.15948,10.16352,10.14415,10.16192
2022-06-17 12:45:00,10.1618,10.16569,10.15081,10.15902
2022-06-17 13:00:00,10.15902,10.16259,10.1494,10.15991
2022-06-17 13:15:00,10.15992,10.16385,10.14898,10.16216
2022-06-17 13:30:00,10.16212,10.1652,10.15135,10.15494
2022-06-17 13:45:00,10.15497,10.16135,10.14867,10.15729
2022-06-17 14:00:00,10.1573,10.16311,10.14972,10.15474
2022-06-17 14:15:00,10.15458,10.16646,10.14938,10.15932
2022-06-17 14:30:00,10.15942,10.16763,10.15786,10.1641
2022-06-17 14:45:00,10.16414,10.17126,10.16046,10.16966
2022-06-17 15:00:00,10.16981,10.18026,10.16748,10.17784
2022-06-17 15:15:00,10.17774,10.1877,10.17107,10.17134
2022-06-17 15:30:00,10.17143,10.17213,10.15555,10.16676
2022-06-17 15:45:00,10.16677,10.17631,10.15964,10.16688
2022-06-17 16:00:00,10.16703,10.19201,10.16616,10.18941
2022-06-17 16:15:00,10.18953,10.19878,10.18237,10.19242
2022-06-17 16:30:00,10.19232,10.19647,10.17835,10.18297
2022-06-17 16:45:00,10.18296,10.19787,10.17724,10.1915
2022-06-17 17:00:00,10.19162,10.21205,10.18646,10.20747
2022-06-17 17:15:00,10.20753,10.23205,10.2052,10.21567
2022-06-17 17:30:00,10.21558,10.24354,10.21376,10.22441
2022-06-17 17:45:00,10.2245,10.23614,10.21159,10.21409
2022-06-17 18:00:00,10.21414,10.21568,10.18999,10.19672
2022-06-17 18:15:00,10.19675,10.20278,10.19171,10.19667
2022-06-17 18:30:00,10.19639,10.19639,10.18465,10.19016
2022-06-17 18:45:00,10.19019,10.20898,10.18989,10.19952
2022-06-17 19:00:00,10.19951,10.21413,10.19829,10.20711
2022-06-17 19:15:00,10.20691,10.22296,10.20178,10.215
2022-06-17 19:30:00,10.21485,10.21894,10.20699,10.20727
2022-06-17 19:45:00,10.20714,10.21318,10.20103,10.20765
2022-06-17 20:00:00,10.20766,10.21048,10.18832,10.19179
2022-06-17 20:15:00,10.19187,10.19713,10.18758,10.19204
2022-06-17 20:30:00,10.19211,10.19298,10.17272,10.17365
2022-06-17 20:45:00,10.17378,10.19611,10.17109,10.18768
2022-06-17 21:00:00,10.18756,10.18927,10.1729,10.17448
2022-06-17 21:15:00,10.17449,10.18187,10.17136,10.18152
2022-06-17 21:30:00,10.18152,10.18709,10.17497,10.1822
2022-06-17 21:45:00,10.18224,10.19216,10.18142,10.18918
2022-06-17 22:00:00,10.18923,10.19905,10.18694,10.19344
2022-06-17 22:15:00,10.19364,10.1947,10.1812,10.18425
2022-06-17 22:30:00,10.18514,10.18876,10.17192,10.17729
2022-06-17 22:45:00,10.17717,10.18578,10.17602,10.17728
2022-06-17 23:00:00,10.17688,10.18301,10.17538,10.18203
2022-06-17 23:15:00,10.18197,10.18219,10.17156,10.17265
2022-06-17 23:30:00,10.17264,10.17616,10.17015,10.17218
2022-06-17 23:45:00,10.17233,10.17854,10.14771,10.15616
2022-06-20 00:00:00,10.15563,10.1672,10.14399,10.14516
2022-06-20 00:15:00,10.14517,10.16201,10.14284,10.14364
2022-06-20 00:30:00,10.14363,10.16472,10.1387,10.16272
2022-06-20 00:45:00,10.16271,10.16273,10.16025,10.16073
2022-06-20 01:00:00,10.16075,10.17567,10.15693,10.16258
2022-06-20 01:15:00,10.16244,10.16699,10.16013,10.165
2022-06-20 01:30:00,10.16484,10.16556,10.154,10.15935
2022-06-20 01:45:00,10.1599,10.18055,10.15516,10.18036
2022-06-20 02:00:00,10.18034,10.18729,10.17974,10.18428
2022-06-20 02:15:00,10.18426,10.18761,10.17967,10.18221
2022-06-20 02:30:00,10.1822,10.18272,10.1744,10.17569
2022-06-20 02:45:00,10.17568,10.17849,10.17241,10.17571
2022-06-20 03:00:00,10.17574,10.1795,10.16677,10.16966
2022-06-20 03:15:00,10.16964,10.17031,10.16383,10.16731
2022-06-20 03:30:00,10.16728,10.16924,10.16337,10.16615
2022-06-20 03:45:00,10.16613,10.17066,10.16075,10.16573
2022-06-20 04:00:00,10.16586,10.16613,10.16188,10.16324
2022-06-20 04:15:00,10.16323,10.16575,10.16096,10.16377
2022-06-20 04:30:00,10.16362,10.16799,10.16096,10.1653
2022-06-20 04:45:00,10.16531,10.17159,10.16334,10.17032
2022-06-20 05:00:00,10.1707,10.17201,10.16336,10.16464
2022-06-20 05:15:00,10.16458,10.16498,10.15885,10.1617
2022-06-20 05:30:00,10.16187,10.16205,10.14108,10.14368
2022-06-20 05:45:00,10.14369,10.14604,10.13557,10.1418
2022-06-20 06:00:00,10.14172,10.14192,10.13413,10.13448
2022-06-20 06:15:00,10.1347,10.14187,10.13415,10.14099
2022-06-20 06:30:00,10.14111,10.14175,10.13066,10.13451
2022-06-20 06:45:00,10.13444,10.1358,10.13027,10.13149
2022-06-20 07:00:00,10.13124,10.13696,10.13112,10.13645
2022-06-20 07:15:00,10.13644,10.13723,10.1286,10.13018
2022-06-20 07:30:00,10.1303,10.13542,10.12976,10.13341
2022-06-20 07:45:00,10.13342,10.13811,10.13223,10.13741
2022-06-20 08:00:00,10.13739,10.13857,10.13148,10.13155
2022-06-20 08:15:00,10.13183,10.13706,10.1287,10.13631
2022-06-20 08:30:00,10.13637,10.1534,10.1335,10.14592
2022-06-20 08:45:00,10.14624,10.14715,10.13113,10.13393
2022-06-20 09:00:00,10.1345,10.14718,10.13274,10.1334
2022-06-20 09:15:00,10.13332,10.13354,10.11945,10.13343
2022-06-20 09:30:00,10.13316,10.14071,10.13144,10.13505
2022-06-20 09:45:00,10.13508,10.146,10.13195,10.14283
2022-06-20 10:00:00,10.14323,10.16333,10.14202,10.16221
2022-06-20 10:15:00,10.16195,10.16611,10.15204,10.16455
2022-06-20 10:30:00,10.16451,10.16451,10.14634,10.151
2022-06-20 10:45:00,10.15098,10.17099,10.15098,10.16578
2022-06-20 11:00:00,10.1656,10.17327,10.15622,10.15714
2022-06-20 11:15:00,10.15714,10.16994,10.15339,10.16779
2022-06-20 11:30:00,10.16785,10.16785,10.14966,10.15049
2022-06-20 11:45:00,10.15059,10.15508,10.14434,10.14999
2022-06-20 12:00:00,10.14978,10.1503,10.12476,10.13224
2022-06-20 12:15:00,10.1323,10.13733,10.12097,10.12652
2022-06-20 12:30:00,10.12653,10.13563,10.12572,10.13039
2022-06-20 12:45:00,10.13026,10.13068,10.1254,10.12621
2022-06-20 13:00:00,10.12619,10.13232,10.12437,10.12843
2022-06-20 13:15:00,10.12847,10.13193,10.12398,10.12593
2022-06-20 13:30:00,10.12594,10.12717,10.10871,10.11124
2022-06-20 13:45:00,10.11213,10.12065,10.11016,10.11217
2022-06-20 14:00:00,10.11241,10.12191,10.10961,10.12108
2022-06-20 14:15:00,10.12104,10.12105,10.11298,10.11413
2022-06-20 14:30:00,10.11412,10.11491,10.09654,10.09789
2022-06-20 14:45:00,10.09785,10.10783,10.0978,10.10583
2022-06-20 15:00:00,10.10567,10.11457,10.10068,10.11303
2022-06-20 15:15:00,10.11304,10.11377,10.10767,10.10925
2022-06-20 15:30:00,10.10923,10.12108,10.10656,10.11698
2022-06-20 15:45:00,10.11696,10.12045,10.10935,10.11929
2022-06-20 16:00:00,10.11932,10.13328,10.11721,10.12523
2022-06-20 16:15:00,10.12526,10.12585,10.11208,10.11609
2022-06-20 16:30:00,10.1161,10.12049,10.11272,10.11705
2022-06-20 16:45:00,10.11706,10.13349,10.1151,10.12625
2022-06-20 17:00:00,10.12615,10.12877,10.10861,10.11294
2022-06-20 17:15:00,10.11293,10.11388,10.10466,10.11137
2022-06-20 17:30:00,10.11205,10.11935,10.11064,10.11772
2022-06-20 17:45:00,10.11771,10.12047,10.10187,10.10298
2022-06-20 18:00:00,10.10285,10.11444,10.09601,10.11003
2022-06-20 18:15:00,10.11004,10.11323,10.1049,10.10734
2022-06-20 18:30:00,10.10656,10.11115,10.10124,10.10383
2022-06-20 18:45:00,10.10384,10.10751,10.09524,10.09787
2022-06-20 19:00:00,10.09786,10.10856,10.0936,10.10042
2022-06-20 19:15:00,10.10037,10.1087,10.09875,10.10558
2022-06-20 19:30:00,10.10557,10.11305,10.10449,10.11222
2022-06-20 19:45:00,10.11229,10.11519,10.10947,10.11232
2022-06-20 20:00:00,10.11233,10.11861,10.1102,10.11743
2022-06-20 20:15:00,10.11745,10.11872,10.11641,10.11748
2022-06-20 20:30:00,10.1175,10.1175,10.11448,10.1151
2022-06-20 20:45:00,10.11509,10.12458,10.11469,10.12454
2022-06-20 21:00:00,10.12453,10.13213,10.12346,10.13109
2022-06-20 21:15:00,10.13115,10.13126,10.12315,10.12315
2022-06-20 21:30:00,10.12316,10.12563,10.12186,10.12404
2022-06-20 21:45:00,10.12407,10.12909,10.12406,10.12896
2022-06-20 22:00:00,10.12897,10.12977,10.12668,10.12714
2022-06-20 22:15:00,10.12715,10.12715,10.12439,10.12549
2022-06-20 22:30:00,10.12551,10.12618,10.12215,10.12215
2022-06-20 22:45:00,10.12216,10.12417,10.11778,10.11842
2022-06-20 23:00:00,10.11802,10.11972,10.11555,10.11583
2022-06-20 23:15:00,10.11804,10.11911,10.11241,10.1185
2022-06-20 23:30:00,10.11847,10.11897,10.11149,10.11186
2022-06-20 23:45:00,10.11327,10.11355,10.101,10.101
2022-06-21 00:00:00,10.10122,10.11377,10.0564,10.11368
2022-06-21 00:15:00,10.11367,10.11757,10.10055,10.10762
2022-06-21 00:30:00,10.10763,10.11822,10.10743,10.11732
2022-06-21 00:45:00,10.1177,10.11957,10.11432,10.11773
2022-06-21 01:00:00,10.11605,10.12014,10.10818,10.12014
2022-06-21 01:15:00,10.12027,10.12259,10.11652,10.11899
2022-06-21 01:30:00,10.11898,10.11899,10.11406,10.11526
2022-06-21 01:45:00,10.11527,10.11539,10.11107,10.11155
2022-06-21 02:00:00,10.11144,10.11568,10.11106,10.11303
2022-06-21 02:15:00,10.11307,10.11616,10.11278,10.11401
2022-06-21 02:30:00,10.11396,10.11603,10.11271,10.11358
2022-06-21 02:45:00,10.11355,10.11403,10.10704,10.11233
2022-06-21 03:00:00,10.11216,10.11359,10.1048,10.11245
2022-06-21 03:15:00,10.11231,10.11712,10.10405,10.10509
2022-06-21 03:30:00,10.10508,10.11267,10.10111,10.11167
2022-06-21 03:45:00,10.11166,10.11166,10.09481,10.09509
2022-06-21 04:00:00,10.09556,10.10029,10.08337,10.0907
2022-06-21 04:15:00,10.09059,10.09684,10.07997,10.09132
2022-06-21 04:30:00,10.09104,10.09685,10.08709,10.09046
2022-06-21 04:45:00,10.09037,10.09434,10.08713,10.09123
2022-06-21 05:00:00,10.09124,10.09272,10.08356,10.09032
2022-06-21 05:15:00,10.09033,10.09601,10.08958,10.09313
2022-06-21 05:30:00,10.09301,10.0941,10.08979,10.09231
2022-06-21 05:45:00,10.09228,10.09538,10.09053,10.09324
2022-06-21 06:00:00,10.09335,10.10434,10.09243,10.10299
2022-06-21 06:15:00,10.10305,10.1033,10.09512,10.0968
2022-06-21 06:30:00,10.09681,10.10073,10.09491,10.09636
2022-06-21 06:45:00,10.0964,10.09899,10.09222,10.09321
2022-06-21 07:00:00,10.09322,10.09668,10.09084,10.096
2022-06-21 07:15:00,10.09598,10.09932,10.09181,10.09861
2022-06-21 07:30:00,10.09863,10.10214,10.09709,10.1001
2022-06-21 07:45:00,10.10019,10.10414,10.09998,10.10303
2022-06-21 08:00:00,10.10304,10.1058,10.09776,10.10556
2022-06-21 08:15:00,10.10555,10.10747,10.10257,10.10743
2022-06-21 08:30:00,10.10741,10.1134,10.10704,10.10707
2022-06-21 08:45:00,10.10708,10.1118,10.10662,10.10863
2022-06-21 09:00:00,10.10866,10.1137,10.10469,10.10907
2022-06-21 09:15:00,10.10921,10.11129,10.10407,10.10502
2022-06-21 09:30:00,10.10505,10.10831,10.09759,10.10438
2022-06-21 09:45:00,10.1043,10.11202,10.10231,10.10264
2022-06-21 10:00:00,10.10281,10.1041,10.08336,10.08425
2022-06-21 10:15:00,10.08428,10.08428,10.06148,10.07429
2022-06-21 10:30:00,10.0743,10.08116,10.06819,10.06967
2022-06-21 10:45:00,10.06977,10.0748,10.05765,10.07143
2022-06-21 11:00:00,10.07134,10.07738,10.06364,10.07014
2022-06-21 11:15:00,10.07017,10.07494,10.06376,10.07192
2022-06-21 11:30:00,10.07193,10.07383,10.04977,10.05353
2022-06-21 11:45:00,10.05355,10.06611,10.04946,10.04989
2022-06-21 12:00:00,10.04986,10.05594,10.04297,10.0493
2022-06-21 12:15:00,10.04911,10.05174,10.0406,10.0422
2022-06-21 12:30:00,10.04247,10.04792,10.03533,10.04064
2022-06-21 12:45:00,10.04047,10.05099,10.03757,10.05021
2022-06-21 13:00:00,10.05022,10.06374,10.04946,10.0626
2022-06-21 13:15:00,10.06259,10.07495,10.06207,10.06368
2022-06-21 13:30:00,10.06365,10.07059,10.05536,10.06961
2022-06-21 13:45:00,10.06962,10.07647,10.06299,10.07437
2022-06-21 14:00:00,10.07438,10.08287,10.0713,10.08117
2022-06-21 14:15:00,10.08125,10.08573,10.07721,10.0797
2022-06-21 14:30:00,10.07968,10.08449,10.07481,10.076
2022-06-21 14:45:00,10.07602,10.09725,10.07584,10.09247
2022-06-21 15:00:00,10.09243,10.09512,10.08241,10.08862
2022-06-21 15:15:00,10.08884,10.08925,10.07726,10.08886
2022-06-21 15:30:00,10.08889,10.08976,10.07852,10.08538
2022-06-21 15:45:00,10.0854,10.09774,10.07986,10.09434
2022-06-21 16:00:00,10.09529,10.09765,10.0831,10.0955
2022-06-21 16:15:00,10.09559,10.09796,10.08822,10.0948
2022-06-21 16:30:00,10.09487,10.09709,10.08185,10.08377
2022-06-21 16:45:00,10.08358,10.09042,10.06106,10.0621
2022-06-21 17:00:00,10.06213,10.09038,10.06213,10.08696
2022-06-21 17:15:00,10.08702,10.09753,10.08083,10.0899
2022-06-21 17:30:00,10.0897,10.09395,10.07631,10.08173
2022-06-21 17:45:00,10.08184,10.08326,10.06088,10.06237
2022-06-21 18:00:00,10.06235,10.08048,10.0588,10.07169
2022-06-21 18:15:00,10.07194,10.0742,10.06344,10.06645
2022-06-21 18:30:00,10.06614,10.07685,10.05769,10.07285
2022-06-21 18:45:00,10.07286,10.09018,10.06847,10.08177
2022-06-21 19:00:00,10.08236,10.11357,10.08218,10.10126
2022-06-21 19:15:00,10.10277,10.11183,10.09672,10.1053
2022-06-21 19:30:00,10.10529,10.11146,10.09491,10.10172
2022-06-21 19:45:00,10.10171,10.10515,10.09324,10.09761
2022-06-21 20:00:00,10.09773,10.1087,10.09373,10.09401
2022-06-21 20:15:00,10.09388,10.10838,10.09167,10.10812
2022-06-21 20:30:00,10.10842,10.1086,10.0993,10.10018
2022-06-21 20:45:00,10.10018,10.10278,10.09272,10.09925
2022-06-21 21:00:00,10.09924,10.10619,10.09389,10.10244
2022-06-21 21:15:00,10.10245,10.10664,10.09798,10.10007
2022-06-21 21:30:00,10.10008,10.10332,10.09686,10.10063
2022-06-21 21:45:00,10.10065,10.11116,10.09789,10.09844
2022-06-21 22:00:00,10.09836,10.09846,10.09,10.0909
2022-06-21 22:15:00,10.09089,10.09515,10.08948,10.09049
2022-06-21 22:30:00,10.09046,10.09854,10.0897,10.09787
2022-06-21 22:45:00,10.09788,10.11076,10.09548,10.10042
2022-06-21 23:00:00,10.10017,10.108,10.09974,10.10496
2022-06-21 23:15:00,10.10493,10.10597,10.10322,10.10508
2022-06-21 23:30:00,10.105,10.10505,10.0995,10.10114
2022-06-21 23:45:00,10.10111,10.10302,10.08107,10.08336
2022-06-22 00:00:00,10.08333,10.11254,10.06316,10.09019
2022-06-22 00:15:00,10.09012,10.09012,10.08483,10.08882
2022-06-22 00:30:00,10.08883,10.0907,10.08744,10.08768
2022-06-22 00:45:00,10.08942,10.09099,10.0884,10.08867
2022-06-22 01:00:00,10.08872,10.09599,10.08846,10.09431
2022-06-22 01:15:00,10.0943,10.09608,10.09382,10.09436
2022-06-22 01:30:00,10.09435,10.09569,10.09047,10.09127
2022-06-22 01:45:00,10.09126,10.09296,10.09053,10.09094
2022-06-22 02:00:00,10.09082,10.09878,10.09053,10.09841
2022-06-22 02:15:00,10.09845,10.10298,10.09666,10.10208
2022-06-22 02:30:00,10.10209,10.10723,10.10077,10.10384
2022-06-22 02:45:00,10.10392,10.1044,10.09931,10.10311
2022-06-22 03:00:00,10.10495,10.11841,10.10321,10.11521
2022-06-22 03:15:00,10.11519,10.11942,10.10956,10.1113
2022-06-22 03:30:00,10.11144,10.12642,10.11076,10.12537
2022-06-22 03:45:00,10.12494,10.14306,10.12251,10.13964
2022-06-22 04:00:00,10.13979,10.14624,10.13049,10.14053
2022-06-22 04:15:00,10.14044,10.14337,10.13247,10.13367
2022-06-22 04:30:00,10.13365,10.14671,10.13203,10.14307
2022-06-22 04:45:00,10.1431,10.14468,10.13925,10.14143
2022-06-22 05:00:00,10.14142,10.14657,10.1342,10.14253
2022-06-22 05:15:00,10.14271,10.14572,10.1369,10.1376
2022-06-22 05:30:00,10.13806,10.14352,10.13446,10.1429
2022-06-22 05:45:00,10.14288,10.1454,10.13805,10.14203
2022-06-22 06:00:00,10.1421,10.1445,10.14091,10.14229
2022-06-22 06:15:00,10.14221,10.14348,10.13606,10.14015
2022-06-22 06:30:00,10.1402,10.1412,10.13381,10.13453
2022-06-22 06:45:00,10.13455,10.14082,10.1343,10.13997
2022-06-22 07:00:00,10.14025,10.14202,10.134,10.13635
2022-06-22 07:15:00,10.13624,10.14156,10.13452,10.13713
2022-06-22 07:30:00,10.13722,10.14653,10.13524,10.14405
2022-06-22 07:45:00,10.14408,10.15577,10.14283,10.15414
2022-06-22 08:00:00,10.15357,10.16353,10.15268,10.16119
2022-06-22 08:15:00,10.16106,10.16147,10.1544,10.15556
2022-06-22 08:30:00,10.15557,10.1702,10.15542,10.17
2022-06-22 08:45:00,10.16998,10.18076,10.16896,10.17722
2022-06-22 09:00:00,10.17669,10.17674,10.15792,10.16768
2022-06-22 09:15:00,10.16756,10.16756,10.14983,10.15177
2022-06-22 09:30:00,10.15176,10.1745,10.15012,10.17169
2022-06-22 09:45:00,10.17171,10.18178,10.1631,10.16311
2022-06-22 10:00:00,10.16308,10.19151,10.15829,10.18668
2022-06-22 10:15:00,10.18667,10.18709,10.16129,10.16565
2022-06-22 10:30:00,10.16563,10.16609,10.1478,10.14953
2022-06-22 10:45:00,10.14954,10.1583,10.14209,10.14601
2022-06-22 11:00:00,10.14599,10.15693,10.14401,10.14914
2022-06-22 11:15:00,10.14913,10.15429,10.13152,10.14014
2022-06-22 11:30:00,10.14016,10.14827,10.12825,10.14619
2022-06-22 11:45:00,10.14599,10.15317,10.14277,10.15014
2022-06-22 12:00:00,10.15013,10.15217,10.13854,10.14338
2022-06-22 12:15:00,10.14339,10.15546,10.14185,10.15247
2022-06-22 12:30:00,10.15259,10.15892,10.14783,10.14846
2022-06-22 12:45:00,10.14848,10.1547,10.14039,10.1473
2022-06-22 13:00:00,10.14676,10.14879,10.13688,10.14606
2022-06-22 13:15:00,10.14609,10.15188,10.13937,10.14268
2022-06-22 13:30:00,10.14182,10.1445,10.13498,10.13901
2022-06-22 13:45:00,10.13912,10.14482,10.13043,10.14011
2022-06-22 14:00:00,10.13997,10.14705,10.13784,10.14522
2022-06-22 14:15:00,10.14502,10.14805,10.13675,10.14029
2022-06-22 14:30:00,10.14038,10.1423,10.1317,10.14031
2022-06-22 14:45:00,10.14025,10.14994,10.13721,10.14831
2022-06-22 15:00:00,10.14855,10.149,10.13462,10.13474
2022-06-22 15:15:00,10.13471,10.14455,10.13098,10.13561
2022-06-22 15:30:00,10.13551,10.15011,10.1333,10.14375
2022-06-22 15:45:00,10.1437,10.14988,10.13326,10.13524
2022-06-22 16:00:00,10.13523,10.13894,10.12125,10.12846
2022-06-22 16:15:00,10.12834,10.14005,10.12027,10.12806
2022-06-22 16:30:00,10.12831,10.1357,10.09632,10.09983
2022-06-22 16:45:00,10.09981,10.11198,10.09604,10.10541
2022-06-22 17:00:00,10.1054,10.11687,10.09695,10.1005
2022-06-22 17:15:00,10.10032,10.10251,10.07395,10.07753
2022-06-22 17:30:00,10.07751,10.08003,10.05059,10.05185
2022-06-22 17:45:00,10.05191,10.05546,10.04277,10.05063
2022-06-22 18:00:00,10.05076,10.0657,10.05013,10.0639
2022-06-22 18:15:00,10.06388,10.0694,10.05437,10.06188
2022-06-22 18:30:00,10.06187,10.06626,10.051,10.05963
2022-06-22 18:45:00,10.05979,10.07947,10.05788,10.07933
2022-06-22 19:00:00,10.07936,10.08138,10.06638,10.07735
2022-06-22 19:15:00,10.07741,10.07927,10.06798,10.07469
2022-06-22 19:30:00,10.07463,10.086,10.07463,10.086
2022-06-22 19:45:00,10.08599,10.08952,10.07604,10.07829
2022-06-22 20:00:00,10.07822,10.08469,10.07006,10.07397
2022-06-22 20:15:00,10.07409,10.07603,10.06698,10.06744
2022-06-22 20:30:00,10.06746,10.07559,10.06743,10.07226
2022-06-22 20:45:00,10.0723,10.07507,10.06893,10.07124
2022-06-22 21:00:00,10.07185,10.07705,10.06423,10.06518
2022-06-22 21:15:00,10.0652,10.07371,10.0636,10.0718
2022-06-22 21:30:00,10.07172,10.07743,10.06924,10.07488
2022-06-22 21:45:00,10.07487,10.08428,10.07432,10.08134
2022-06-22 22:00:00,10.08119,10.08652,10.07579,10.08266
2022-06-22 22:15:00,10.08263,10.08771,10.07508,10.08299
2022-06-22 22:30:00,10.08303,10.0874,10.08303,10.08525
2022-06-22 22:45:00,10.08519,10.09029,10.08031,10.08167
2022-06-22 23:00:00,10.08162,10.09215,10.08125,10.09188
2022-06-22 23:15:00,10.09189,10.09189,10.08777,10.09009
2022-06-22 23:30:00,10.08996,10.09608,10.08809,10.0954
2022-06-22 23:45:00,10.09541,10.09559,10.07287,10.07287
2022-06-23 00:00:00,10.06782,10.07377,10.05412,10.07135
2022-06-23 00:15:00,10.07146,10.07535,10.06901,10.07526
2022-06-23 00:30:00,10.07564,10.07842,10.07295,10.07356
2022-06-23 00:45:00,10.072,10.07413,10.07164,10.07394
2022-06-23 01:00:00,10.07218,10.08278,10.06908,10.08272
2022-06-23 01:15:00,10.08273,10.08495,10.08182,10.08454
2022-06-23 01:30:00,10.08455,10.08743,10.08421,10.08709
2022-06-23 01:45:00,10.08704,10.08887,10.08389,10.08616
2022-06-23 02:00:00,10.08597,10.09077,10.08594,10.0901
2022-06-23 02:15:00,10.09024,10.09757,10.09024,10.09563
2022-06-23 02:30:00,10.09553,10.0969,10.09387,10.09442
2022-06-23 02:45:00,10.09441,10.1013,10.09438,10.09869
2022-06-23 03:00:00,10.09928,10.10361,10.08553,10.08669
2022-06-23 03:15:00,10.08667,10.09234,10.08314,10.09234
2022-06-23 03:30:00,10.09225,10.09583,10.08544,10.09117
2022-06-23 03:45:00,10.09116,10.0917,10.07361,10.08482
2022-06-23 04:00:00,10.0855,10.08767,10.07835,10.08356
2022-06-23 04:15:00,10.08345,10.08924,10.07615,10.07996
2022-06-23 04:30:00,10.08003,10.09666,10.08003,10.09555
2022-06-23 04:45:00,10.09556,10.10271,10.09268,10.1016
2022-06-23 05:00:00,10.1018,10.10238,10.09392,10.09488
2022-06-23 05:15:00,10.09496,10.11264,10.09269,10.10122
2022-06-23 05:30:00,10.10124,10.103,10.09311,10.09629
2022-06-23 05:45:00,10.09557,10.09805,10.08236,10.0895
2022-06-23 06:00:00,10.08948,10.09544,10.08605,10.09007
2022-06-23 06:15:00,10.09014,10.09445,10.08809,10.09054
2022-06-23 06:30:00,10.09055,10.09532,10.08637,10.09501
2022-06-23 06:45:00,10.0948,10.09656,10.09091,10.09218
2022-06-23 07:00:00,10.09221,10.0951,10.08922,10.09377
2022-06-23 07:15:00,10.09375,10.09385,10.08642,10.08705
2022-06-23 07:30:00,10.08704,10.09113,10.0869,10.08802
2022-06-23 07:45:00,10.08801,10.09409,10.08781,10.094
2022-06-23 08:00:00,10.09759,10.10378,10.0949,10.09828
2022-06-23 08:15:00,10.09829,10.10481,10.09687,10.10099
2022-06-23 08:30:00,10.10087,10.10227,10.08867,10.09723
2022-06-23 08:45:00,10.09722,10.10141,10.09021,10.09564
2022-06-23 09:00:00,10.09561,10.11177,10.09388,10.10966
2022-06-23 09:15:00,10.10972,10.11593,10.10829,10.11093
2022-06-23 09:30:00,10.11096,10.11281,10.09955,10.11023
2022-06-23 09:45:00,10.10991,10.11504,10.0905,10.09323
2022-06-23 10:00:00,10.09345,10.11086,10.09316,10.09832
2022-06-23 10:15:00,10.10054,10.15472,10.10054,10.15242
2022-06-23 10:30:00,10.15238,10.1859,10.14644,10.17258
2022-06-23 10:45:00,10.17257,10.18043,10.16559,10.16591
2022-06-23 11:00:00,10.1691,10.18065,10.14393,10.1687
2022-06-23 11:15:00,10.16868,10.1812,10.16701,10.17888
2022-06-23 11:30:00,10.17878,10.20298,10.17593,10.1972
2022-06-23 11:45:00,10.19693,10.20439,10.19258,10.20379
2022-06-23 12:00:00,10.2035,10.2077,10.18901,10.18902
2022-06-23 12:15:00,10.18855,10.19126,10.1774,10.17772
2022-06-23 12:30:00,10.17772,10.19149,10.17677,10.18493
2022-06-23 12:45:00,10.185,10.18879,10.17331,10.17466
2022-06-23 13:00:00,10.17424,10.18329,10.17424,10.18183
2022-06-23 13:15:00,10.18182,10.18295,10.15801,10.16336
2022-06-23 13:30:00,10.1634,10.18016,10.16336,10.17445
2022-06-23 13:45:00,10.17446,10.17926,10.17101,10.17309
2022-06-23 14:00:00,10.17287,10.18998,10.1728,10.17989
2022-06-23 14:15:00,10.17996,10.18715,10.17698,10.18084
2022-06-23 14:30:00,10.18077,10.19484,10.17928,10.18646
2022-06-23 14:45:00,10.18656,10.18985,10.16956,10.18711
2022-06-23 15:00:00,10.18723,10.2012,10.18509,10.20008
2022-06-23 15:15:00,10.19977,10.20283,10.17982,10.18154
2022-06-23 15:30:00,10.18162,10.19439,10.17726,10.1943
2022-06-23 15:45:00,10.19428,10.19638,10.18778,10.1941
2022-06-23 16:00:00,10.19408,10.19452,10.17326,10.18425
2022-06-23 16:15:00,10.18424,10.19045,10.1775,10.17994
2022-06-23 16:30:00,10.17997,10.19502,10.17814,10.19461
2022-06-23 16:45:00,10.19226,10.19605,10.15958,10.15982
2022-06-23 17:00:00,10.15978,10.17883,10.14936,10.17263
2022-06-23 17:15:00,10.17242,10.19381,10.17162,10.18394
2022-06-23 17:30:00,10.18396,10.19781,10.17791,10.18967
2022-06-23 17:45:00,10.18974,10.19261,10.17037,10.17316
2022-06-23 18:00:00,10.17327,10.17989,10.15806,10.16171
2022-06-23 18:15:00,10.16187,10.1886,10.16187,10.18533
2022-06-23 18:30:00,10.18471,10.19192,10.18255,10.18629
2022-06-23 18:45:00,10.18628,10.19712,10.18144,10.19712
2022-06-23 19:00:00,10.19707,10.20885,10.19159,10.19492
2022-06-23 19:15:00,10.19487,10.20584,10.19257,10.20424
2022-06-23 19:30:00,10.20422,10.20906,10.19683,10.2028
2022-06-23 19:45:00,10.20254,10.20458,10.19983,10.20365
2022-06-23 20:00:00,10.20368,10.20741,10.18702,10.19234
2022-06-23 20:15:00,10.19259,10.20071,10.18567,10.19282
2022-06-23 20:30:00,10.19264,10.1983,10.18779,10.1951
2022-06-23 20:45:00,10.19512,10.20749,10.18907,10.20115
2022-06-23 21:00:00,10.19971,10.20525,10.19225,10.19433
2022-06-23 21:15:00,10.19434,10.20437,10.19336,10.19701
2022-06-23 21:30:00,10.19699,10.20172,10.18662,10.1869
2022-06-23 21:45:00,10.18696,10.19083,10.18516,10.18661
2022-06-23 22:00:00,10.18668,10.18738,10.17715,10.1789
2022-06-23 22:15:00,10.17891,10.17995,10.17153,10.1742
2022-06-23 22:30:00,10.17422,10.175,10.1664,10.16879
2022-06-23 22:45:00,10.1688,10.17119,10.16462,10.17098
2022-06-23 23:00:00,10.17064,10.17862,10.16779,10.17651
2022-06-23 23:15:00,10.1765,10.18181,10.17604,10.18151
2022-06-23 23:30:00,10.18152,10.18152,10.17589,10.1779
2022-06-23 23:45:00,10.17787,10.1832,10.1635,10.1635
2022-06-24 00:00:00,10.16024,10.16892,10.15769,10.16663
2022-06-24 00:15:00,10.16759,10.1718,10.16704,10.17179
2022-06-24 00:30:00,10.17049,10.17547,10.17049,10.17547
2022-06-24 00:45:00,10.17418,10.17557,10.17257,10.17285
2022-06-24 01:00:00,10.17261,10.17686,10.16759,10.17152
2022-06-24 01:15:00,10.17165,10.17329,10.16999,10.1732
2022-06-24 01:30:00,10.17321,10.17823,10.1729,10.17363
2022-06-24 01:45:00,10.17364,10.17494,10.1713,10.1713
2022-06-24 02:00:00,10.17136,10.17382,10.16889,10.171
2022-06-24 02:15:00,10.17099,10.17436,10.16872,10.16924
2022-06-24 02:30:00,10.16926,10.17543,10.16926,10.17539
2022-06-24 02:45:00,10.1754,10.17835,10.17515,10.17822
2022-06-24 03:00:00,10.17813,10.17839,10.17063,10.17748
2022-06-24 03:15:00,10.17746,10.17962,10.17069,10.17786
2022-06-24 03:30:00,10.17783,10.18453,10.17719,10.17759
2022-06-24 03:45:00,10.1777,10.18138,10.17109,10.1805
2022-06-24 04:00:00,10.18049,10.18373,10.17108,10.17119
2022-06-24 04:15:00,10.17115,10.17142,10.16087,10.16893
2022-06-24 04:30:00,10.16884,10.17069,10.15856,10.16008
2022-06-24 04:45:00,10.16007,10.16443,10.15779,10.1633
2022-06-24 05:00:00,10.16335,10.16694,10.1606,10.16158
2022-06-24 05:15:00,10.16143,10.16673,10.16071,10.16364
2022-06-24 05:30:00,10.16366,10.16402,10.15608,10.15682
2022-06-24 05:45:00,10.15678,10.16626,10.15332,10.15995
2022-06-24 06:00:00,10.16012,10.16945,10.1591,10.16763
2022-06-24 06:15:00,10.16764,10.16792,10.16342,10.16458
2022-06-24 06:30:00,10.16459,10.16546,10.1608,10.16407
2022-06-24 06:45:00,10.16423,10.16598,10.16165,10.16462
2022-06-24 07:00:00,10.16458,10.16685,10.15696,10.15868
2022-06-24 07:15:00,10.15875,10.16161,10.1511,10.15134
2022-06-24 07:30:00,10.15142,10.15439,10.14985,10.15054
2022-06-24 07:45:00,10.15049,10.15436,10.14691,10.14989
2022-06-24 08:00:00,10.15044,10.15236,10.14822,10.15078
2022-06-24 08:15:00,10.15079,10.15236,10.14759,10.14789
2022-06-24 08:30:00,10.14794,10.14811,10.13797,10.14142
2022-06-24 08:45:00,10.14146,10.14483,10.13952,10.14271
2022-06-24 09:00:00,10.14282,10.15191,10.14282,10.15161
2022-06-24 09:15:00,10.15162,10.15601,10.14962,10.15191
2022-06-24 09:30:00,10.15192,10.15347,10.14578,10.14657
2022-06-24 09:45:00,10.14664,10.15341,10.13677,10.14644
2022-06-24 10:00:00,10.14638,10.15702,10.14114,10.15701
2022-06-24 10:15:00,10.15702,10.16653,10.15408,10.15736
2022-06-24 10:30:00,10.15734,10.15864,10.14448,10.1445
2022-06-24 10:45:00,10.14473,10.15093,10.14107,10.14349
2022-06-24 11:00:00,10.1438,10.15696,10.12389,10.15647
2022-06-24 11:15:00,10.15649,10.15752,10.14597,10.1512
2022-06-24 11:30:00,10.15044,10.16096,10.14774,10.15323
2022-06-24 11:45:00,10.15322,10.15459,10.13604,10.13937
2022-06-24 12:00:00,10.13941,10.14457,10.13408,10.1351
2022-06-24 12:15:00,10.13509,10.1402,10.13074,10.1309
2022-06-24 12:30:00,10.13088,10.13977,10.12945,10.13665
2022-06-24 12:45:00,10.13667,10.13752,10.12126,10.12276
2022-06-24 13:00:00,10.12277,10.13133,10.11884,10.13047
2022-06-24 13:15:00,10.1304,10.13493,10.12343,10.12769
2022-06-24 13:30:00,10.12786,10.14381,10.12782,10.13845
2022-06-24 13:45:00,10.13846,10.14805,10.13487,10.14805
2022-06-24 14:00:00,10.14807,10.15784,10.14374,10.15484
2022-06-24 14:15:00,10.15481,10.1588,10.14579,10.14726
2022-06-24 14:30:00,10.14725,10.15817,10.14349,10.15591
2022-06-24 14:45:00,10.15592,10.17506,10.15592,10.16942
2022-06-24 15:00:00,10.16922,10.16943,10.15664,10.16003
2022-06-24 15:15:00,10.16,10.16121,10.14697,10.14718
2022-06-24 15:30:00,10.14719,10.15828,10.14547,10.15
2022-06-24 15:45:00,10.15003,10.16379,10.14954,10.16297
2022-06-24 16:00:00,10.16291,10.1706,10.15319,10.15327
2022-06-24 16:15:00,10.15324,10.16397,10.14846,10.14887
2022-06-24 16:30:00,10.14891,10.15354,10.13849,10.14551
2022-06-24 16:45:00,10.14554,10.15091,10.13798,10.14775
2022-06-24 17:00:00,10.14708,10.14708,10.10835,10.11595
2022-06-24 17:15:00,10.11597,10.12714,10.1019,10.10319
2022-06-24 17:30:00,10.1032,10.13126,10.10128,10.12799
2022-06-24 17:45:00,10.12742,10.13419,10.1171,10.12933
2022-06-24 18:00:00,10.12921,10.12995,10.11359,10.12565
2022-06-24 18:15:00,10.12566,10.12746,10.11685,10.1239
2022-06-24 18:30:00,10.12404,10.12556,10.11326,10.11545
2022-06-24 18:45:00,10.1155,10.1356,10.11266,10.13307
2022-06-24 19:00:00,10.13347,10.13404,10.12395,10.12553
2022-06-24 19:15:00,10.12554,10.1307,10.12222,10.12676
2022-06-24 19:30:00,10.12673,10.12969,10.12179,10.12192
2022-06-24 19:45:00,10.12193,10.12867,10.12129,10.12318
2022-06-24 20:00:00,10.12319,10.12344,10.1152,10.12105
2022-06-24 20:15:00,10.12103,10.13096,10.12103,10.12857
2022-06-24 20:30:00,10.12855,10.13302,10.12754,10.12862
2022-06-24 20:45:00,10.12866,10.13748,10.12859,10.1348
2022-06-24 21:00:00,10.13477,10.13477,10.12339,10.12444
2022-06-24 21:15:00,10.12445,10.13025,10.12437,10.12561
2022-06-24 21:30:00,10.12562,10.12651,10.12153,10.12555
2022-06-24 21:45:00,10.12556,10.12708,10.12321,10.12503
2022-06-24 22:00:00,10.12504,10.13083,10.1238,10.13058
2022-06-24 22:15:00,10.13057,10.13203,10.12419,10.12479
2022-06-24 22:30:00,10.12475,10.13127,10.12458,10.12706
2022-06-24 22:45:00,10.12712,10.13538,10.12393,10.12429
2022-06-24 23:00:00,10.12435,10.13489,10.12431,10.13232
2022-06-24 23:15:00,10.13248,10.13248,10.12591,10.13107
2022-06-24 23:30:00,10.13077,10.13685,10.12599,10.1266
2022-06-24 23:45:00,10.12661,10.13241,10.10987,10.11392
2022-06-27 00:00:00,10.05928,10.06184,10.03307,10.03387
2022-06-27 00:15:00,10.03385,10.10343,10.03376,10.10009
2022-06-27 00:30:00,10.09997,10.10928,10.09981,10.10892
2022-06-27 00:45:00,10.10891,10.1094,10.10855,10.1094
2022-06-27 01:00:00,10.1096,10.11228,10.10331,10.10964
2022-06-27 01:15:00,10.10962,10.11247,10.10573,10.11168
2022-06-27 01:30:00,10.11157,10.11191,10.10651,10.10651
2022-06-27 01:45:00,10.1065,10.10703,10.10392,10.10398
2022-06-27 02:00:00,10.10371,10.10978,10.09997,10.10679
2022-06-27 02:15:00,10.10699,10.11329,10.10537,10.1055
2022-06-27 02:30:00,10.10548,10.10892,10.1021,10.10518
2022-06-27 02:45:00,10.10519,10.11101,10.10231,10.10949
2022-06-27 03:00:00,10.10885,10.12077,10.10102,10.11482
2022-06-27 03:15:00,10.11487,10.11713,10.10913,10.11497
2022-06-27 03:30:00,10.11486,10.13081,10.10675,10.13
2022-06-27 03:45:00,10.1296,10.13832,10.12771,10.13272
2022-06-27 04:00:00,10.13288,10.13336,10.12671,10.12999
2022-06-27 04:15:00,10.1296,10.13157,10.12538,10.1279
2022-06-27 04:30:00,10.12829,10.13268,10.1247,10.12885
2022-06-27 04:45:00,10.12882,10.13499,10.1158,10.11876
2022-06-27 05:00:00,10.11863,10.1234,10.11555,10.12055
2022-06-27 05:15:00,10.12059,10.12238,10.11614,10.12024
2022-06-27 05:30:00,10.12015,10.12094,10.11013,10.11707
2022-06-27 05:45:00,10.11711,10.1264,10.11394,10.12458
2022-06-27 06:00:00,10.12445,10.12912,10.12299,10.12747
2022-06-27 06:15:00,10.12734,10.12936,10.1252,10.12642
2022-06-27 06:30:00,10.12638,10.12926,10.1193,10.12631
2022-06-27 06:45:00,10.12617,10.13118,10.12316,10.12358
2022-06-27 07:00:00,10.12344,10.12606,10.12178,10.12369
2022-06-27 07:15:00,10.12369,10.12494,10.1185,10.11921
2022-06-27 07:30:00,10.11925,10.12172,10.11826,10.12005
2022-06-27 07:45:00,10.12001,10.12087,10.10262,10.11082
2022-06-27 08:00:00,10.11105,10.11105,10.10292,10.10553
2022-06-27 08:15:00,10.10552,10.10995,10.1025,10.10695
2022-06-27 08:30:00,10.10686,10.11492,10.10095,10.11065
2022-06-27 08:45:00,10.11057,10.12062,10.10252,10.11952
2022-06-27 09:00:00,10.11926,10.12243,10.11216,10.11993
2022-06-27 09:15:00,10.11995,10.13383,10.11917,10.1274
2022-06-27 09:30:00,10.12738,10.12856,10.11301,10.12127
2022-06-27 09:45:00,10.12144,10.12144,10.08726,10.08854
2022-06-27 10:00:00,10.0887,10.0941,10.07389,10.0865
2022-06-27 10:15:00,10.08642,10.08781,10.05996,10.06319
2022-06-27 10:30:00,10.06305,10.07581,10.06163,10.06554
2022-06-27 10:45:00,10.06558,10.06598,10.05254,10.05711
2022-06-27 11:00:00,10.05719,10.05904,10.05341,10.05816
2022-06-27 11:15:00,10.05821,10.06637,10.05543,10.06444
2022-06-27 11:30:00,10.06426,10.07484,10.06029,10.07057
2022-06-27 11:45:00,10.07055,10.08012,10.06158,10.07609
2022-06-27 12:00:00,10.07607,10.08011,10.07094,10.08
2022-06-27 12:15:00,10.08005,10.08978,10.07744,10.08558
2022-06-27 12:30:00,10.08557,10.08823,10.07893,10.08296
2022-06-27 12:45:00,10.083,10.09703,10.07607,10.09444
2022-06-27 13:00:00,10.0944,10.10625,10.08556,10.09549
2022-06-27 13:15:00,10.09543,10.10119,10.08091,10.08362
2022-06-27 13:30:00,10.08364,10.08429,10.07442,10.07655
2022-06-27 13:45:00,10.07649,10.08006,10.07241,10.07799
2022-06-27 14:00:00,10.07788,10.08634,10.07377,10.08606
2022-06-27 14:15:00,10.08605,10.08891,10.07982,10.08864
2022-06-27 14:30:00,10.08868,10.08907,10.07561,10.07742
2022-06-27 14:45:00,10.07751,10.0977,10.0771,10.09453
2022-06-27 15:00:00,10.09458,10.09917,10.08784,10.09219
2022-06-27 15:15:00,10.09273,10.10461,10.0927,10.10009
2022-06-27 15:30:00,10.09992,10.10966,10.092,10.1043
2022-06-27 15:45:00,10.10419,10.1046,10.08788,10.08809
2022-06-27 16:00:00,10.08751,10.08751,10.06007,10.06433
2022-06-27 16:15:00,10.06437,10.07593,10.06291,10.07277
2022-06-27 16:30:00,10.07211,10.08521,10.07196,10.0742
2022-06-27 16:45:00,10.07412,10.0868,10.07406,10.08301
2022-06-27 17:00:00,10.08122,10.09061,10.07213,10.08704
2022-06-27 17:15:00,10.08703,10.09235,10.07629,10.0862
2022-06-27 17:30:00,10.0863,10.0887,10.07825,10.07838
2022-06-27 17:45:00,10.07835,10.07998,10.06285,10.06742
2022-06-27 18:00:00,10.0673,10.07252,10.0579,10.05877
2022-06-27 18:15:00,10.05905,10.06066,10.04528,10.05532
2022-06-27 18:30:00,10.05517,10.06405,10.04684,10.05406
2022-06-27 18:45:00,10.05392,10.0614,10.05149,10.06027
2022-06-27 19:00:00,10.06025,10.0669,10.05614,10.06342
2022-06-27 19:15:00,10.06343,10.06842,10.05977,10.06571
2022-06-27 19:30:00,10.06567,10.0717,10.06314,10.07106
2022-06-27 19:45:00,10.07106,10.07589,10.06824,10.07044
2022-06-27 20:00:00,10.07014,10.08861,10.06997,10.07897
2022-06-27 20:15:00,10.07892,10.08476,10.07583,10.07597
2022-06-27 20:30:00,10.07613,10.08548,10.07612,10.0815
2022-06-27 20:45:00,10.08148,10.08714,10.07918,10.08093
2022-06-27 21:00:00,10.08097,10.08353,10.0748,10.07848
2022-06-27 21:15:00,10.07845,10.07952,10.07544,10.07665
2022-06-27 21:30:00,10.07639,10.08726,10.07575,10.08659
2022-06-27 21:45:00,10.08663,10.08961,10.08159,10.08293
2022-06-27 22:00:00,10.08292,10.09083,10.08009,10.08061
2022-06-27 22:15:00,10.08073,10.08365,10.07892,10.07982
2022-06-27 22:30:00,10.07942,10.0909,10.07932,10.08333
2022-06-27 22:45:00,10.08333,10.09263,10.08156,10.09097
2022-06-27 23:00:00,10.09104,10.0914,10.08082,10.0857
2022-06-27 23:15:00,10.08578,10.08792,10.07998,10.08183
2022-06-27 23:30:00,10.0818,10.08438,10.08027,10.08401
2022-06-27 23:45:00,10.08402,10.0844,10.06687,10.06687
2022-06-28 00:00:00,10.06746,10.07949,10.06746,10.07869
2022-06-28 00:15:00,10.07782,10.08076,10.07735,10.07933
2022-06-28 00:30:00,10.08027,10.08171,10.0788,10.07897
2022-06-28 00:45:00,10.07919,10.07961,10.07582,10.07685
2022-06-28 01:00:00,10.07689,10.07768,10.07374,10.07727
2022-06-28 01:15:00,10.07726,10.07942,10.0763,10.07809
2022-06-28 01:30:00,10.07812,10.08363,10.07782,10.08128
2022-06-28 01:45:00,10.08152,10.08299,10.08009,10.08113
2022-06-28 02:00:00,10.08081,10.08405,10.0787,10.08202
2022-06-28 02:15:00,10.08208,10.08625,10.08196,10.08522
2022-06-28 02:30:00,10.08519,10.0859,10.07992,10.08257
2022-06-28 02:45:00,10.08255,10.08274,10.08009,10.08141
2022-06-28 03:00:00,10.08117,10.08308,10.07692,10.08076
2022-06-28 03:15:00,10.08079,10.08083,10.0762,10.07894
2022-06-28 03:30:00,10.07895,10.08388,10.07512,10.08362
2022-06-28 03:45:00,10.08365,10.09365,10.08301,10.08601
2022-06-28 04:00:00,10.08599,10.0861,10.07395,10.0742
2022-06-28 04:15:00,10.07419,10.08052,10.06984,10.07701
2022-06-28 04:30:00,10.07687,10.0885,10.07486,10.088
2022-06-28 04:45:00,10.08785,10.09351,10.08362,10.08937
2022-06-28 05:00:00,10.08911,10.09127,10.08413,10.08817
2022-06-28 05:15:00,10.0881,10.09234,10.08691,10.08859
2022-06-28 05:30:00,10.08851,10.09051,10.08399,10.08431
2022-06-28 05:45:00,10.08419,10.08758,10.08011,10.08605
2022-06-28 06:00:00,10.08622,10.0876,10.08119,10.08382
2022-06-28 06:15:00,10.08362,10.08675,10.08114,10.08432
2022-06-28 06:30:00,10.08472,10.08581,10.07979,10.08095
2022-06-28 06:45:00,10.08115,10.08239,10.07688,10.08173
2022-06-28 07:00:00,10.08218,10.08456,10.08053,10.08168
2022-06-28 07:15:00,10.08167,10.08626,10.08152,10.08308
2022-06-28 07:30:00,10.083,10.08702,10.08279,10.08677
2022-06-28 07:45:00,10.08673,10.0911,10.08661,10.08861
2022-06-28 08:00:00,10.08803,10.0902,10.08536,10.08908
2022-06-28 08:15:00,10.08906,10.09253,10.08711,10.09202
2022-06-28 08:30:00,10.09238,10.09465,10.09024,10.09073
2022-06-28 08:45:00,10.09089,10.09456,10.0882,10.09366
2022-06-28 09:00:00,10.0931,10.09708,10.07325,10.07586
2022-06-28 09:15:00,10.07581,10.07737,10.04859,10.04996
2022-06-28 09:30:00,10.05015,10.05739,10.03569,10.04333
2022-06-28 09:45:00,10.04308,10.06556,10.04194,10.05989
2022-06-28 10:00:00,10.05943,10.06299,10.04184,10.0475
2022-06-28 10:15:00,10.04745,10.0575,10.04108,10.05244
2022-06-28 10:30:00,10.05227,10.06017,10.04354,10.0577
2022-06-28 10:45:00,10.05764,10.06343,10.05563,10.0584
2022-06-28 11:00:00,10.05839,10.06355,10.04666,10.05647
2022-06-28 11:15:00,10.0565,10.05773,10.04384,10.04682
2022-06-28 11:30:00,10.04689,10.04957,10.03922,10.04378
2022-06-28 11:45:00,10.04386,10.0517,10.03924,10.04132
2022-06-28 12:00:00,10.04135,10.04428,10.03663,10.04311
2022-06-28 12:15:00,10.04318,10.0525,10.04291,10.05156
2022-06-28 12:30:00,10.05157,10.05952,10.05021,10.05547
2022-06-28 12:45:00,10.05553,10.0595,10.04658,10.04937
2022-06-28 13:00:00,10.04936,10.04993,10.04088,10.04124
2022-06-28 13:15:00,10.04127,10.05559,10.04124,10.04808
2022-06-28 13:30:00,10.04824,10.06547,10.04714,10.06376
2022-06-28 13:45:00,10.06382,10.0674,10.06016,10.06402
2022-06-28 14:00:00,10.064,10.06749,10.06196,10.06225
2022-06-28 14:15:00,10.06227,10.06702,10.06053,10.06308
2022-06-28 14:30:00,10.06299,10.0711,10.06264,10.06467
2022-06-28 14:45:00,10.06469,10.08513,10.06362,10.08331
2022-06-28 15:00:00,10.08371,10.09395,10.07827,10.08744
2022-06-28 15:15:00,10.08733,10.1033,10.08733,10.0932
2022-06-28 15:30:00,10.09316,10.1107,10.09223,10.1107
2022-06-28 15:45:00,10.11089,10.11507,10.09926,10.11305
2022-06-28 16:00:00,10.11307,10.12129,10.10536,10.1163
2022-06-28 16:15:00,10.11625,10.11715,10.10367,10.10893
2022-06-28 16:30:00,10.10887,10.10962,10.10002,10.10197
2022-06-28 16:45:00,10.10202,10.11381,10.1007,10.11036
2022-06-28 17:00:00,10.11094,10.12642,10.10681,10.11538
2022-06-28 17:15:00,10.1154,10.12558,10.10996,10.12014
2022-06-28 17:30:00,10.12024,10.13646,10.11993,10.12891
2022-06-28 17:45:00,10.12861,10.14204,10.12035,10.12757
2022-06-28 18:00:00,10.12737,10.13333,10.12022,10.12643
2022-06-28 18:15:00,10.12642,10.13523,10.12123,10.12991
2022-06-28 18:30:00,10.12981,10.13884,10.1194,10.13691
2022-06-28 18:45:00,10.13692,10.14054,10.11604,10.12635
2022-06-28 19:00:00,10.1263,10.13073,10.11785,10.12545
2022-06-28 19:15:00,10.12585,10.13197,10.11171,10.11606
2022-06-28 19:30:00,10.11608,10.1276,10.11467,10.1263
2022-06-28 19:45:00,10.12687,10.13454,10.12356,10.13034
2022-06-28 20:00:00,10.13044,10.14485,10.12962,10.14211
2022-06-28 20:15:00,10.14213,10.15171,10.14065,10.14826
2022-06-28 20:30:00,10.14821,10.15189,10.14246,10.1441
2022-06-28 20:45:00,10.14407,10.14573,10.1328,10.13688
2022-06-28 21:00:00,10.13645,10.14164,10.12735,10.14053
2022-06-28 21:15:00,10.14051,10.14321,10.13525,10.1367
2022-06-28 21:30:00,10.13664,10.14883,10.13616,10.14607
2022-06-28 21:45:00,10.14611,10.15328,10.14447,10.15282
2022-06-28 22:00:00,10.15273,10.15458,10.14838,10.15065
2022-06-28 22:15:00,10.15075,10.15902,10.14809,10.15382
2022-06-28 22:30:00,10.15381,10.15868,10.14971,10.15075
2022-06-28 22:45:00,10.15076,10.15928,10.14745,10.15003
2022-06-28 23:00:00,10.15004,10.15288,10.14424,10.15104
2022-06-28 23:15:00,10.15105,10.15371,10.1471,10.15049
2022-06-28 23:30:00,10.15054,10.1529,10.15033,10.15263
2022-06-28 23:45:00,10.15259,10.1539,10.15029,10.15114
2022-06-29 00:00:00,10.15083,10.15083,10.14314,10.14656
2022-06-29 00:15:00,10.14658,10.14744,10.14553,10.14581
2022-06-29 00:30:00,10.14585,10.14814,10.14584,10.14688
2022-06-29 00:45:00,10.14688,10.14766,10.1462,10.14652
2022-06-29 01:00:00,10.14671,10.14981,10.14557,10.14801
2022-06-29 01:15:00,10.14796,10.1524,10.14721,10.15107
2022-06-29 01:30:00,10.15113,10.15151,10.14789,10.14811
2022-06-29 01:45:00,10.14817,10.14828,10.14347,10.14349
2022-06-29 02:00:00,10.14357,10.14642,10.14332,10.1459
2022-06-29 02:15:00,10.14587,10.1502,10.14503,10.14996
2022-06-29 02:30:00,10.15001,10.15113,10.14794,10.1485
2022-06-29 02:45:00,10.14853,10.15032,10.14758,10.14919
2022-06-29 03:00:00,10.14941,10.15113,10.14122,10.14299
2022-06-29 03:15:00,10.14303,10.14408,10.13883,10.14029
2022-06-29 03:30:00,10.14024,10.14838,10.13955,10.14818
2022-06-29 03:45:00,10.14809,10.15063,10.14551,10.14873
2022-06-29 04:00:00,10.14867,10.15479,10.14714,10.1494
2022-06-29 04:15:00,10.14953,10.15033,10.14713,10.14741
2022-06-29 04:30:00,10.14741,10.14829,10.13816,10.14239
2022-06-29 04:45:00,10.14235,10.1434,10.1392,10.14162
2022-06-29 05:00:00,10.14173,10.14203,10.13585,10.13837
2022-06-29 05:15:00,10.1384,10.14134,10.13736,10.13814
2022-06-29 05:30:00,10.13826,10.14097,10.13563,10.13968
2022-06-29 05:45:00,10.13967,10.14278,10.13889,10.14173
2022-06-29 06:00:00,10.14163,10.14655,10.13968,10.1464
2022-06-29 06:15:00,10.14634,10.14755,10.13742,10.13882
2022-06-29 06:30:00,10.13883,10.14141,10.136,10.1367
2022-06-29 06:45:00,10.13665,10.13834,10.13569,10.1369
2022-06-29 07:00:00,10.13694,10.13939,10.1354,10.1376
2022-06-29 07:15:00,10.13764,10.14185,10.13587,10.13943
2022-06-29 07:30:00,10.13945,10.16115,10.13895,10.15454
2022-06-29 07:45:00,10.15453,10.16569,10.14944,10.15737
2022-06-29 08:00:00,10.15734,10.15842,10.14639,10.14761
2022-06-29 08:15:00,10.14762,10.15409,10.14472,10.14677
2022-06-29 08:30:00,10.14685,10.1564,10.1448,10.14979
2022-06-29 08:45:00,10.14978,10.15643,10.1489,10.15546
2022-06-29 09:00:00,10.15612,10.17802,10.15445,10.17457
2022-06-29 09:15:00,10.17456,10.17996,10.1712,10.17588
2022-06-29 09:30:00,10.176,10.18386,10.17465,10.17571
2022-06-29 09:45:00,10.17615,10.19307,10.17528,10.19271
2022-06-29 10:00:00,10.19178,10.19178,10.1498,10.16378
2022-06-29 10:15:00,10.16409,10.1727,10.15657,10.17021
2022-06-29 10:30:00,10.1702,10.17521,10.16228,10.16952
2022-06-29 10:45:00,10.16927,10.17036,10.15318,10.15703
2022-06-29 11:00:00,10.15733,10.16642,10.14717,10.15581
2022-06-29 11:15:00,10.15583,10.16542,10.14952,10.16159
2022-06-29 11:30:00,10.16167,10.16991,10.1602,10.16633
2022-06-29 11:45:00,10.16636,10.17304,10.16258,10.16424
2022-06-29 12:00:00,10.16358,10.16587,10.14696,10.15145
2022-06-29 12:15:00,10.15158,10.16279,10.14838,10.16216
2022-06-29 12:30:00,10.16206,10.16426,10.15217,10.15562
2022-06-29 12:45:00,10.15545,10.17488,10.1541,10.17374
2022-06-29 13:00:00,10.1737,10.17919,10.16472,10.16803
2022-06-29 13:15:00,10.16796,10.16914,10.15853,10.16049
2022-06-29 13:30:00,10.16041,10.16698,10.15509,10.16301
2022-06-29 13:45:00,10.16306,10.1659,10.15571,10.16097
2022-06-29 14:00:00,10.16095,10.16095,10.15141,10.15755
2022-06-29 14:15:00,10.15757,10.16364,10.15274,10.15631
2022-06-29 14:30:00,10.15628,10.16856,10.1532,10.16784
2022-06-29 14:45:00,10.16787,10.17283,10.14585,10.14887
2022-06-29 15:00:00,10.14805,10.15724,10.14547,10.15704
2022-06-29 15:15:00,10.15702,10.173,10.15394,10.16961
2022-06-29 15:30:00,10.16916,10.17934,10.14413,10.15712
2022-06-29 15:45:00,10.15712,10.1588,10.146,10.15744
2022-06-29 16:00:00,10.15726,10.165,10.15353,10.16048
2022-06-29 16:15:00,10.16062,10.18799,10.15965,10.18435
2022-06-29 16:30:00,10.18419,10.20294,10.1769,10.20238
2022-06-29 16:45:00,10.20251,10.20902,10.187,10.19278
2022-06-29 17:00:00,10.19276,10.20028,10.18749,10.18911
2022-06-29 17:15:00,10.18913,10.20849,10.18904,10.20334
2022-06-29 17:30:00,10.2034,10.20715,10.18841,10.19537
2022-06-29 17:45:00,10.19536,10.2008,10.18556,10.2007
2022-06-29 18:00:00,10.20092,10.20801,10.19252,10.19881
2022-06-29 18:15:00,10.19859,10.21699,10.19695,10.21043
2022-06-29 18:30:00,10.21043,10.21525,10.20099,10.20624
2022-06-29 18:45:00,10.20623,10.20745,10.19474,10.19507
2022-06-29 19:00:00,10.19511,10.21039,10.19443,10.21038
2022-06-29 19:15:00,10.21039,10.22364,10.20351,10.22364
2022-06-29 19:30:00,10.22324,10.23129,10.2202,10.23063
2022-06-29 19:45:00,10.23092,10.2403,10.22857,10.23337
2022-06-29 20:00:00,10.23335,10.23481,10.22521,10.22853
2022-06-29 20:15:00,10.22854,10.23328,10.22637,10.22664
2022-06-29 20:30:00,10.22665,10.23665,10.22665,10.23523
2022-06-29 20:45:00,10.23519,10.23597,10.22869,10.2312
2022-06-29 21:00:00,10.23154,10.23241,10.22666,10.23107
2022-06-29 21:15:00,10.231,10.23256,10.2283,10.22854
2022-06-29 21:30:00,10.2286,10.23713,10.22824,10.23563
2022-06-29 21:45:00,10.23587,10.23759,10.23232,10.23748
2022-06-29 22:00:00,10.23743,10.2437,10.23658,10.23672
2022-06-29 22:15:00,10.23674,10.23861,10.22834,10.22834
2022-06-29 22:30:00,10.22837,10.235,10.22796,10.23228
2022-06-29 22:45:00,10.23227,10.23692,10.23139,10.23354
2022-06-29 23:00:00,10.23352,10.23687,10.2294,10.23289
2022-06-29 23:15:00,10.23287,10.23554,10.22959,10.22959
2022-06-29 23:30:00,10.2296,10.2354,10.22916,10.23133
2022-06-29 23:45:00,10.2313,10.23244,10.21589,10.21683
2022-06-30 00:00:00,10.21592,10.23155,10.21441,10.2284
2022-06-30 00:15:00,10.22839,10.23435,10.2261,10.23413
2022-06-30 00:30:00,10.23363,10.23594,10.22943,10.2319
2022-06-30 00:45:00,10.23187,10.23331,10.22995,10.23222
2022-06-30 01:00:00,10.23062,10.24002,10.23062,10.23998
2022-06-30 01:15:00,10.2391,10.26464,10.22841,10.23158
2022-06-30 01:30:00,10.23157,10.23288,10.22763,10.22784
2022-06-30 01:45:00,10.22778,10.23545,10.22713,10.23419
2022-06-30 02:00:00,10.23423,10.23569,10.22996,10.23477
2022-06-30 02:15:00,10.23429,10.23768,10.23324,10.23734
2022-06-30 02:30:00,10.23742,10.23743,10.23123,10.23246
2022-06-30 02:45:00,10.23243,10.23327,10.22789,10.22846
2022-06-30 03:00:00,10.22862,10.24033,10.22839,10.23716
2022-06-30 03:15:00,10.2372,10.23982,10.23537,10.23592
2022-06-30 03:30:00,10.23539,10.23634,10.2294,10.23117
2022-06-30 03:45:00,10.23121,10.23626,10.2285,10.23278
2022-06-30 04:00:00,10.23314,10.24472,10.23101,10.24249
2022-06-30 04:15:00,10.24242,10.24429,10.23329,10.23424
2022-06-30 04:30:00,10.2341,10.2439,10.23179,10.23322
2022-06-30 04:45:00,10.23334,10.24067,10.23227,10.23966
2022-06-30 05:00:00,10.2383,10.23933,10.22796,10.22913
2022-06-30 05:15:00,10.22916,10.23011,10.21913,10.21913
2022-06-30 05:30:00,10.21918,10.22283,10.21731,10.22135
2022-06-30 05:45:00,10.22129,10.22511,10.21965,10.22347
2022-06-30 06:00:00,10.22348,10.2273,10.22077,10.22299
2022-06-30 06:15:00,10.223,10.22313,10.2184,10.21942
2022-06-30 06:30:00,10.21948,10.22218,10.21875,10.22179
2022-06-30 06:45:00,10.2218,10.22416,10.22082,10.22355
2022-06-30 07:00:00,10.22357,10.22511,10.22225,10.22451
2022-06-30 07:15:00,10.22454,10.22543,10.21909,10.22049
2022-06-30 07:30:00,10.22056,10.22393,10.21807,10.21851
2022-06-30 07:45:00,10.21872,10.21906,10.21706,10.21882
2022-06-30 08:00:00,10.21893,10.2236,10.21771,10.2189
2022-06-30 08:15:00,10.21891,10.22489,10.21824,10.22434
2022-06-30 08:30:00,10.22447,10.23445,10.22401,10.23403
2022-06-30 08:45:00,10.23407,10.23441,10.21967,10.22159
2022-06-30 09:00:00,10.22158,10.22647,10.21684,10.21747
2022-06-30 09:15:00,10.21737,10.2198,10.20494,10.21278
2022-06-30 09:30:00,10.21163,10.23142,10.21118,10.22373
2022-06-30 09:45:00,10.22355,10.258,10.21892,10.24848
2022-06-30 10:00:00,10.24845,10.2682,10.2324,10.23769
2022-06-30 10:15:00,10.238,10.24103,10.2181,10.22613
2022-06-30 10:30:00,10.22588,10.24756,10.19013,10.22018
2022-06-30 10:45:00,10.22024,10.23777,10.21661,10.23132
2022-06-30 11:00:00,10.231,10.23955,10.21997,10.22538
2022-06-30 11:15:00,10.22539,10.23948,10.21425,10.23721
2022-06-30 11:30:00,10.23716,10.23878,10.20389,10.2236
2022-06-30 11:45:00,10.22362,10.25768,10.22332,10.24921
2022-06-30 12:00:00,10.24879,10.25738,10.24768,10.25738
2022-06-30 12:15:00,10.25734,10.27087,10.25481,10.25639
2022-06-30 12:30:00,10.25657,10.26713,10.25427,10.26074
2022-06-30 12:45:00,10.26061,10.27086,10.26061,10.26555
2022-06-30 13:00:00,10.26562,10.2827,10.26459,10.28126
2022-06-30 13:15:00,10.28144,10.29034,10.27772,10.28976
2022-06-30 13:30:00,10.28978,10.29329,10.28397,10.28906
2022-06-30 13:45:00,10.28903,10.30951,10.28619,10.30881
2022-06-30 14:00:00,10.30874,10.3315,10.30427,10.30938
2022-06-30 14:15:00,10.30958,10.32912,10.30478,10.3281
2022-06-30 14:30:00,10.32794,10.34427,10.32766,10.33011
2022-06-30 14:45:00,10.33003,10.33376,10.31269,10.31531
2022-06-30 15:00:00,10.31507,10.33137,10.31299,10.32885
2022-06-30 15:15:00,10.32886,10.33009,10.30487,10.30706
2022-06-30 15:30:00,10.30747,10.31967,10.28466,10.31739
2022-06-30 15:45:00,10.31639,10.32839,10.31313,10.32365
2022-06-30 16:00:00,10.32363,10.32363,10.30607,10.30807
2022-06-30 16:15:00,10.30801,10.31275,10.28772,10.29087
2022-06-30 16:30:00,10.29031,10.29985,10.28044,10.29514
2022-06-30 16:45:00,10.29478,10.29709,10.27794,10.28179
2022-06-30 17:00:00,10.28111,10.29264,10.27079,10.27441
2022-06-30 17:15:00,10.27477,10.27708,10.25752,10.26725
2022-06-30 17:30:00,10.26736,10.27604,10.25978,10.27443
2022-06-30 17:45:00,10.27308,10.28307,10.24164,10.25344
2022-06-30 18:00:00,10.25338,10.25865,10.23958,10.24725
2022-06-30 18:15:00,10.24713,10.25121,10.23326,10.2453
2022-06-30 18:30:00,10.2447,10.25387,10.23075,10.24152
2022-06-30 18:45:00,10.24162,10.24458,10.22451,10.23623
2022-06-30 19:00:00,10.23553,10.24284,10.23316,10.24236
2022-06-30 19:15:00,10.2422,10.24265,10.21795,10.22504
2022-06-30 19:30:00,10.22503,10.23022,10.218,10.22874
2022-06-30 19:45:00,10.22867,10.22867,10.20858,10.21594
2022-06-30 20:00:00,10.2159,10.22184,10.21,10.22004
2022-06-30 20:15:00,10.21999,10.22143,10.20928,10.21394
2022-06-30 20:30:00,10.21387,10.21735,10.20982,10.21712
2022-06-30 20:45:00,10.21711,10.21764,10.21012,10.21614
2022-06-30 21:00:00,10.21615,10.21754,10.20949,10.21208
2022-06-30 21:15:00,10.2121,10.22168,10.20963,10.21809
2022-06-30 21:30:00,10.21804,10.22148,10.2159,10.22093
2022-06-30 21:45:00,10.22091,10.22876,10.2183,10.22697
2022-06-30 22:00:00,10.22708,10.2409,10.22238,10.23761
2022-06-30 22:15:00,10.23763,10.2466,10.23344,10.2337
2022-06-30 22:30:00,10.23371,10.23385,10.22646,10.23133
2022-06-30 22:45:00,10.23132,10.23527,10.22743,10.22803
2022-06-30 23:00:00,10.22765,10.22855,10.22307,10.22647
2022-06-30 23:15:00,10.22648,10.22918,10.22198,10.22439
2022-06-30 23:30:00,10.22414,10.22688,10.22122,10.22509
2022-06-30 23:45:00,10.22501,10.22545,10.21791,10.21922
2022-07-01 00:00:00,10.21969,10.21969,10.19798,10.21326
2022-07-01 00:15:00,10.21309,10.21581,10.2087,10.21244
2022-07-01 00:30:00,10.2119,10.2209,10.2119,10.21604
2022-07-01 00:45:00,10.21703,10.21892,10.21606,10.21702
2022-07-01 01:00:00,10.21853,10.22934,10.21221,10.22875
2022-07-01 01:15:00,10.22876,10.22998,10.22563,10.22692
2022-07-01 01:30:00,10.22694,10.22886,10.22537,10.22594
2022-07-01 01:45:00,10.22593,10.22777,10.22398,10.22758
2022-07-01 02:00:00,10.22754,10.22955,10.22607,10.22833
2022-07-01 02:15:00,10.22831,10.23376,10.22826,10.23079
2022-07-01 02:30:00,10.23072,10.23313,10.22403,10.23148
2022-07-01 02:45:00,10.23149,10.23185,10.22517,10.22626
2022-07-01 03:00:00,10.22637,10.23888,10.22637,10.23747
2022-07-01 03:15:00,10.23757,10.23757,10.2323,10.23471
2022-07-01 03:30:00,10.23472,10.24033,10.23297,10.23835
2022-07-01 03:45:00,10.23836,10.2384,10.22601,10.23357
2022-07-01 04:00:00,10.23373,10.23924,10.23059,10.23693
2022-07-01 04:15:00,10.23703,10.23845,10.23349,10.2382
2022-07-01 04:30:00,10.23822,10.2432,10.23679,10.23944
2022-07-01 04:45:00,10.23941,10.2407,10.23607,10.23788
2022-07-01 05:00:00,10.23791,10.24092,10.23335,10.23708
2022-07-01 05:15:00,10.23702,10.24126,10.23576,10.24008
2022-07-01 05:30:00,10.23995,10.25086,10.23947,10.24588
2022-07-01 05:45:00,10.24606,10.24799,10.24223,10.24577
2022-07-01 06:00:00,10.24571,10.25673,10.2432,10.2535
2022-07-01 06:15:00,10.25357,10.26005,10.24933,10.25467
2022-07-01 06:30:00,10.2546,10.25901,10.25263,10.25857
2022-07-01 06:45:00,10.25869,10.27115,10.25833,10.26872
2022-07-01 07:00:00,10.26869,10.27242,10.26484,10.27163
2022-07-01 07:15:00,10.27187,10.2813,10.26982,10.27642
2022-07-01 07:30:00,10.27644,10.27803,10.27125,10.27219
2022-07-01 07:45:00,10.2722,10.27469,10.26537,10.27444
2022-07-01 08:00:00,10.27431,10.27698,10.27016,10.27093
2022-07-01 08:15:00,10.271,10.27658,10.26395,10.26578
2022-07-01 08:30:00,10.26583,10.2701,10.26181,10.26293
2022-07-01 08:45:00,10.26296,10.26388,10.25479,10.26354
2022-07-01 09:00:00,10.26346,10.26519,10.25388,10.26422
2022-07-01 09:15:00,10.26421,10.27228,10.26312,10.26595
2022-07-01 09:30:00,10.26624,10.27885,10.26012,10.2718
2022-07-01 09:45:00,10.27135,10.28131,10.26424,10.26863
2022-07-01 10:00:00,10.26813,10.29448,10.26648,10.29348
2022-07-01 10:15:00,10.29281,10.30794,10.28532,10.29034
2022-07-01 10:30:00,10.29036,10.29193,10.27411,10.27435
2022-07-01 10:45:00,10.27432,10.29276,10.27218,10.29065
2022-07-01 11:00:00,10.28971,10.31711,10.28766,10.30725
2022-07-01 11:15:00,10.30719,10.31587,10.29008,10.29161
2022-07-01 11:30:00,10.29162,10.30366,10.27772,10.29132
2022-07-01 11:45:00,10.29121,10.29883,10.28562,10.28747
2022-07-01 12:00:00,10.28528,10.29525,10.27495,10.29311
2022-07-01 12:15:00,10.2931,10.29618,10.28767,10.29296
2022-07-01 12:30:00,10.29304,10.29336,10.27674,10.28777
2022-07-01 12:45:00,10.28775,10.295,10.28478,10.29429
2022-07-01 13:00:00,10.2943,10.29534,10.2873,10.28803
2022-07-01 13:15:00,10.28805,10.28827,10.27897,10.28728
2022-07-01 13:30:00,10.28727,10.30124,10.28085,10.30022
2022-07-01 13:45:00,10.30026,10.31097,10.2979,10.3071
2022-07-01 14:00:00,10.30701,10.31071,10.29907,10.30711
2022-07-01 14:15:00,10.30709,10.31478,10.30142,10.30997
2022-07-01 14:30:00,10.30996,10.32619,10.30931,10.32291
2022-07-01 14:45:00,10.32293,10.33047,10.31927,10.32416
2022-07-01 15:00:00,10.32417,10.3385,10.31988,10.33731
2022-07-01 15:15:00,10.33755,10.34537,10.33375,10.34405
2022-07-01 15:30:00,10.34368,10.34638,10.3364,10.33675
2022-07-01 15:45:00,10.33683,10.34795,10.33317,10.34658
2022-07-01 16:00:00,10.34649,10.35488,10.34092,10.35333
2022-07-01 16:15:00,10.35341,10.36449,10.34596,10.35259
2022-07-01 16:30:00,10.35271,10.35707,10.34452,10.35154
2022-07-01 16:45:00,10.35159,10.35562,10.3345,10.34187
2022-07-01 17:00:00,10.34006,10.37236,10.32371,10.36785
2022-07-01 17:15:00,10.36789,10.37292,10.3532,10.36841
2022-07-01 17:30:00,10.36828,10.37503,10.36438,10.36746
2022-07-01 17:45:00,10.36742,10.37357,10.33998,10.35082
2022-07-01 18:00:00,10.35071,10.35863,10.34549,10.34673
2022-07-01 18:15:00,10.34672,10.34686,10.33019,10.33937
2022-07-01 18:30:00,10.33931,10.34235,10.31121,10.31886
2022-07-01 18:45:00,10.31863,10.33699,10.31799,10.33659
2022-07-01 19:00:00,10.33656,10.33883,10.33032,10.33619
2022-07-01 19:15:00,10.33623,10.33923,10.32386,10.33347
2022-07-01 19:30:00,10.33349,10.34139,10.32811,10.32885
2022-07-01 19:45:00,10.32916,10.33325,10.32235,10.33132
2022-07-01 20:00:00,10.33152,10.33874,10.32906,10.3337
2022-07-01 20:15:00,10.33368,10.33782,10.32957,10.33528
2022-07-01 20:30:00,10.33519,10.33525,10.32368,10.32395
2022-07-01 20:45:00,10.32394,10.32917,10.31431,10.31805
2022-07-01 21:00:00,10.3179,10.32413,10.31729,10.31755
2022-07-01 21:15:00,10.31752,10.31915,10.30345,10.30546
2022-07-01 21:30:00,10.30547,10.30549,10.29993,10.301
2022-07-01 21:45:00,10.30101,10.30682,10.29494,10.30393
2022-07-01 22:00:00,10.30391,10.30604,10.29778,10.29778
2022-07-01 22:15:00,10.29782,10.3048,10.2958,10.30372
2022-07-01 22:30:00,10.30359,10.30359,10.2985,10.29997
2022-07-01 22:45:00,10.30004,10.31077,10.2979,10.30047
2022-07-01 23:00:00,10.30009,10.30305,10.29839,10.29944
2022-07-01 23:15:00,10.2996,10.30402,10.2963,10.29847
2022-07-01 23:30:00,10.29801,10.3039,10.29745,10.3039
2022-07-01 23:45:00,10.30387,10.30501,10.29223,10.29358
2022-07-04 00:00:00,10.26587,10.27818,10.26233,10.27462
2022-07-04 00:15:00,10.27461,10.28779,10.26924,10.28081
2022-07-04 00:30:00,10.28051,10.28971,10.27597,10.28927
2022-07-04 00:45:00,10.28928,10.29115,10.28737,10.28946
2022-07-04 01:00:00,10.29087,10.30338,10.2869,10.29713
2022-07-04 01:15:00,10.29668,10.30349,10.29668,10.30019
2022-07-04 01:30:00,10.30028,10.30379,10.29834,10.30267
2022-07-04 01:45:00,10.30268,10.30801,10.30165,10.30512
2022-07-04 02:00:00,10.30527,10.3082,10.29326,10.2942
2022-07-04 02:15:00,10.29424,10.29529,10.29319,10.29416
2022-07-04 02:30:00,10.29408,10.29961,10.29385,10.29682
2022-07-04 02:45:00,10.29683,10.32435,10.2955,10.30337
2022-07-04 03:00:00,10.30335,10.30335,10.2947,10.29533
2022-07-04 03:15:00,10.29539,10.29677,10.29467,10.29529
2022-07-04 03:30:00,10.2952,10.30607,10.29518,10.30494
2022-07-04 03:45:00,10.30492,10.31067,10.30364,10.30446
2022-07-04 04:00:00,10.30451,10.31239,10.30142,10.31119
2022-07-04 04:15:00,10.31126,10.333,10.30932,10.31674
2022-07-04 04:30:00,10.31673,10.3171,10.31131,10.31151
2022-07-04 04:45:00,10.3115,10.31567,10.30968,10.31445
2022-07-04 05:00:00,10.31449,10.31768,10.31097,10.31216
2022-07-04 05:15:00,10.31199,10.31937,10.31161,10.31839
2022-07-04 05:30:00,10.31837,10.32224,10.31771,10.32108
2022-07-04 05:45:00,10.32112,10.322,10.30885,10.31002
2022-07-04 06:00:00,10.31015,10.31517,10.30974,10.31075
2022-07-04 06:15:00,10.31071,10.31212,10.30885,10.30905
2022-07-04 06:30:00,10.30904,10.31486,10.30848,10.31401
2022-07-04 06:45:00,10.31409,10.32328,10.31306,10.32259
2022-07-04 07:00:00,10.32242,10.32744,10.32221,10.32718
2022-07-04 07:15:00,10.32716,10.32758,10.32557,10.32572
2022-07-04 07:30:00,10.32604,10.32757,10.32529,10.32636
2022-07-04 07:45:00,10.32646,10.32799,10.32558,10.32648
2022-07-04 08:00:00,10.32653,10.32836,10.31929,10.32209
2022-07-04 08:15:00,10.32208,10.32742,10.32154,10.32639
2022-07-04 08:30:00,10.32643,10.32645,10.31509,10.32049
2022-07-04 08:45:00,10.32043,10.32655,10.31688,10.318
2022-07-04 09:00:00,10.31791,10.32059,10.30902,10.31095
2022-07-04 09:15:00,10.31105,10.31151,10.30114,10.30342
2022-07-04 09:30:00,10.30367,10.3207,10.30213,10.3064
2022-07-04 09:45:00,10.30639,10.31684,10.30462,10.31246
2022-07-04 10:00:00,10.31216,10.31689,10.29874,10.30708
2022-07-04 10:15:00,10.30715,10.31827,10.30327,10.30344
2022-07-04 10:30:00,10.30346,10.31088,10.30346,10.31036
2022-07-04 10:45:00,10.31041,10.31681,10.30792,10.31376
2022-07-04 11:00:00,10.31365,10.32827,10.31322,10.32504
2022-07-04 11:15:00,10.32502,10.32647,10.31845,10.31962
2022-07-04 11:30:00,10.31961,10.32918,10.3194,10.3278
2022-07-04 11:45:00,10.32769,10.32776,10.31159,10.31657
2022-07-04 12:00:00,10.31611,10.31857,10.30839,10.31357
2022-07-04 12:15:00,10.31365,10.32194,10.3122,10.31306
2022-07-04 12:30:00,10.31314,10.31736,10.29451,10.30696
2022-07-04 12:45:00,10.30708,10.30975,10.29994,10.3039
2022-07-04 13:00:00,10.30394,10.30566,10.3004,10.30131
2022-07-04 13:15:00,10.30129,10.30147,10.2869,10.28715
2022-07-04 13:30:00,10.28718,10.28777,10.2775,10.27913
2022-07-04 13:45:00,10.27915,10.2891,10.27872,10.28885
2022-07-04 14:00:00,10.28881,10.29154,10.27562,10.27683
2022-07-04 14:15:00,10.27682,10.29419,10.27648,10.28855
2022-07-04 14:30:00,10.28844,10.29404,10.28741,10.29165
2022-07-04 14:45:00,10.29166,10.29592,10.28471,10.29448
2022-07-04 15:00:00,10.29449,10.30294,10.29064,10.29454
2022-07-04 15:15:00,10.29455,10.29852,10.28503,10.28682
2022-07-04 15:30:00,10.28681,10.2962,10.28527,10.29148
2022-07-04 15:45:00,10.29152,10.30534,10.2912,10.30138
2022-07-04 16:00:00,10.30132,10.30514,10.29955,10.30249
2022-07-04 16:15:00,10.30251,10.30859,10.29995,10.30395
2022-07-04 16:30:00,10.30397,10.30786,10.30009,10.30041
2022-07-04 16:45:00,10.30043,10.31476,10.29944,10.31314
2022-07-04 17:00:00,10.31361,10.32142,10.30938,10.32118
2022-07-04 17:15:00,10.32118,10.32545,10.31849,10.32433
2022-07-04 17:30:00,10.32432,10.33286,10.32421,10.32593
2022-07-04 17:45:00,10.32594,10.34859,10.32122,10.34638
2022-07-04 18:00:00,10.34594,10.34868,10.33174,10.33931
2022-07-04 18:15:00,10.33935,10.3522,10.33895,10.34694
2022-07-04 18:30:00,10.3471,10.35969,10.34632,10.35359
2022-07-04 18:45:00,10.35365,10.35509,10.3436,10.34456
2022-07-04 19:00:00,10.34379,10.34446,10.33841,10.34003
2022-07-04 19:15:00,10.34014,10.34846,10.33808,10.34483
2022-07-04 19:30:00,10.34488,10.34835,10.3445,10.34539
2022-07-04 19:45:00,10.34537,10.34633,10.34304,10.34352
2022-07-04 20:00:00,10.34353,10.34863,10.34314,10.34711
2022-07-04 20:15:00,10.34705,10.34953,10.34516,10.34598
2022-07-04 20:30:00,10.34601,10.34845,10.34597,10.34668
2022-07-04 20:45:00,10.34658,10.3475,10.34432,10.3458
2022-07-04 21:00:00,10.34579,10.34728,10.34372,10.34432
2022-07-04 21:15:00,10.34438,10.34557,10.34347,10.34425
2022-07-04 21:30:00,10.34426,10.34518,10.3432,10.34337
2022-07-04 21:45:00,10.34339,10.3458,10.34166,10.34172
2022-07-04 22:00:00,10.34158,10.34641,10.3409,10.34565
2022-07-04 22:15:00,10.34563,10.34663,10.34233,10.34375
2022-07-04 22:30:00,10.3437,10.34387,10.34211,10.34334
2022-07-04 22:45:00,10.34333,10.3443,10.3378,10.34061
2022-07-04 23:00:00,10.34099,10.34286,10.33281,10.33537
2022-07-04 23:15:00,10.33533,10.33692,10.33165,10.3324
2022-07-04 23:30:00,10.33248,10.34079,10.33009,10.3348
2022-07-04 23:45:00,10.33459,10.33604,10.31791,10.32373
2022-07-05 00:00:00,10.32294,10.3273,10.31575,10.32665
2022-07-05 00:15:00,10.32664,10.32944,10.32657,10.32832
2022-07-05 00:30:00,10.33059,10.33582,10.32974,10.3346
2022-07-05 00:45:00,10.33376,10.33646,10.33105,10.33378
2022-07-05 01:00:00,10.33346,10.34022,10.3206,10.33933
2022-07-05 01:15:00,10.33936,10.34134,10.33693,10.33835
2022-07-05 01:30:00,10.33825,10.34061,10.33622,10.3392
2022-07-05 01:45:00,10.33921,10.34125,10.3304,10.33108
2022-07-05 02:00:00,10.33186,10.3351,10.32353,10.32389
2022-07-05 02:15:00,10.3239,10.32628,10.32046,10.32396
2022-07-05 02:30:00,10.32401,10.32857,10.32284,10.32607
2022-07-05 02:45:00,10.3263,10.32843,10.32168,10.32417
2022-07-05 03:00:00,10.32457,10.3323,10.32262,10.33075
2022-07-05 03:15:00,10.33073,10.33546,10.32832,10.3338
2022-07-05 03:30:00,10.33379,10.33452,10.32894,10.32916
2022-07-05 03:45:00,10.32917,10.33044,10.32162,10.32258
2022-07-05 04:00:00,10.32238,10.33156,10.31915,10.33013
2022-07-05 04:15:00,10.33008,10.3363,10.32892,10.33051
2022-07-05 04:30:00,10.3305,10.33205,10.32664,10.32852
2022-07-05 04:45:00,10.32846,10.32959,10.32315,10.32586
2022-07-05 05:00:00,10.32568,10.32997,10.32456,10.32934
2022-07-05 05:15:00,10.3294,10.33303,10.32548,10.33063
2022-07-05 05:30:00,10.33035,10.33193,10.32806,10.3283
2022-07-05 05:45:00,10.32829,10.33338,10.32766,10.32891
2022-07-05 06:00:00,10.32895,10.33157,10.32796,10.33121
2022-07-05 06:15:00,10.33117,10.33366,10.32993,10.33168
2022-07-05 06:30:00,10.3318,10.33183,10.32492,10.32768
2022-07-05 06:45:00,10.32766,10.33102,10.32646,10.3284
2022-07-05 07:00:00,10.32855,10.33344,10.32656,10.32737
2022-07-05 07:15:00,10.3274,10.33066,10.32441,10.32581
2022-07-05 07:30:00,10.3258,10.33139,10.32116,10.32297
2022-07-05 07:45:00,10.32305,10.32655,10.31735,10.31794
2022-07-05 08:00:00,10.31782,10.31864,10.30872,10.31153
2022-07-05 08:15:00,10.31174,10.31969,10.31063,10.31321
2022-07-05 08:30:00,10.31316,10.31385,10.30684,10.31209
2022-07-05 08:45:00,10.3118,10.31624,10.31,10.31359
2022-07-05 09:00:00,10.31449,10.3299,10.31402,10.3282
2022-07-05 09:15:00,10.32826,10.32872,10.31651,10.31916
2022-07-05 09:30:00,10.31868,10.3243,10.31524,10.32179
2022-07-05 09:45:00,10.32072,10.32326,10.3054,10.30658
2022-07-05 10:00:00,10.30682,10.36125,10.29964,10.3571
2022-07-05 10:15:00,10.35761,10.38209,10.35606,10.3804
2022-07-05 10:30:00,10.38028,10.39764,10.37598,10.3851
2022-07-05 10:45:00,10.38496,10.40845,10.37361,10.39748
2022-07-05 11:00:00,10.39751,10.43268,10.39442,10.42703
2022-07-05 11:15:00,10.42708,10.44884,10.42074,10.43883
2022-07-05 11:30:00,10.43933,10.44902,10.43026,10.44713
2022-07-05 11:45:00,10.44674,10.47538,10.44426,10.47452
2022-07-05 12:00:00,10.47419,10.4826,10.45624,10.46904
2022-07-05 12:15:00,10.46901,10.47754,10.46127,10.47669
2022-07-05 12:30:00,10.47676,10.49171,10.47534,10.48401
2022-07-05 12:45:00,10.48414,10.50805,10.48235,10.48581
2022-07-05 13:00:00,10.48559,10.4877,10.47102,10.47386
2022-07-05 13:15:00,10.47393,10.48212,10.46425,10.47072
2022-07-05 13:30:00,10.47086,10.47439,10.455,10.45562
2022-07-05 13:45:00,10.45552,10.46582,10.45527,10.46273
2022-07-05 14:00:00,10.46263,10.48084,10.46042,10.48034
2022-07-05 14:15:00,10.4804,10.48522,10.4749,10.47995
2022-07-05 14:30:00,10.47982,10.48649,10.473,10.48003
2022-07-05 14:45:00,10.47995,10.4965,10.47589,10.48411
2022-07-05 15:00:00,10.48457,10.50061,10.48236,10.49757
2022-07-05 15:15:00,10.49756,10.50407,10.48299,10.4915
2022-07-05 15:30:00,10.49152,10.50444,10.49151,10.49457
2022-07-05 15:45:00,10.49468,10.50336,10.49296,10.49465
2022-07-05 16:00:00,10.49484,10.51312,10.49082,10.50449
2022-07-05 16:15:00,10.50432,10.52994,10.50264,10.52624
2022-07-05 16:30:00,10.52526,10.53443,10.5145,10.51584
2022-07-05 16:45:00,10.51584,10.52729,10.50953,10.52236
2022-07-05 17:00:00,10.52258,10.53597,10.51592,10.51819
2022-07-05 17:15:00,10.51853,10.53578,10.51577,10.52289
2022-07-05 17:30:00,10.52301,10.5353,10.51142,10.52181
2022-07-05 17:45:00,10.52175,10.53773,10.52044,10.53131
2022-07-05 18:00:00,10.53116,10.541,10.52932,10.53362
2022-07-05 18:15:00,10.53372,10.53892,10.52604,10.53704
2022-07-05 18:30:00,10.53708,10.54142,10.52777,10.52898
2022-07-05 18:45:00,10.52897,10.52929,10.51721,10.5259
2022-07-05 19:00:00,10.52575,10.53893,10.52294,10.53869
2022-07-05 19:15:00,10.53868,10.54503,10.53173,10.53802
2022-07-05 19:30:00,10.53817,10.53817,10.53029,10.53372
2022-07-05 19:45:00,10.53375,10.54088,10.53337,10.5335
2022-07-05 20:00:00,10.53357,10.53872,10.52958,10.52971
2022-07-05 20:15:00,10.53003,10.53003,10.51836,10.52492
2022-07-05 20:30:00,10.5249,10.52969,10.52123,10.52676
2022-07-05 20:45:00,10.52675,10.52783,10.51892,10.52252
2022-07-05 21:00:00,10.52251,10.52546,10.51441,10.51513
2022-07-05 21:15:00,10.51511,10.52023,10.50845,10.50879
2022-07-05 21:30:00,10.50811,10.5098,10.50015,10.50125
2022-07-05 21:45:00,10.50131,10.51051,10.49983,10.50775
2022-07-05 22:00:00,10.50776,10.51223,10.50165,10.50657
2022-07-05 22:15:00,10.50659,10.51787,10.50659,10.50872
2022-07-05 22:30:00,10.50801,10.50958,10.50253,10.50456
2022-07-05 22:45:00,10.50462,10.50529,10.49405,10.50062
2022-07-05 23:00:00,10.50064,10.50721,10.49973,10.50711
2022-07-05 23:15:00,10.50746,10.51006,10.50576,10.50725
2022-07-05 23:30:00,10.50732,10.50735,10.49929,10.5023
2022-07-05 23:45:00,10.50228,10.50792,10.49246,10.49265
2022-07-06 00:00:00,10.49118,10.49731,10.48416,10.49725
2022-07-06 00:15:00,10.49709,10.49919,10.49495,10.49887
2022-07-06 00:30:00,10.49812,10.50283,10.49744,10.50042
2022-07-06 00:45:00,10.5017,10.50262,10.49824,10.50067
2022-07-06 01:00:00,10.50073,10.50392,10.49731,10.49814
2022-07-06 01:15:00,10.49813,10.5027,10.49711,10.50113
2022-07-06 01:30:00,10.50116,10.50116,10.49687,10.49746
2022-07-06 01:45:00,10.49747,10.4995,10.49699,10.49751
2022-07-06 02:00:00,10.4975,10.49949,10.49635,10.49896
2022-07-06 02:15:00,10.49897,10.50565,10.49882,10.50362
2022-07-06 02:30:00,10.50377,10.50793,10.50251,10.50608
2022-07-06 02:45:00,10.50621,10.51694,10.50496,10.51242
2022-07-06 03:00:00,10.5124,10.51552,10.50451,10.50755
2022-07-06 03:15:00,10.50754,10.51718,10.50514,10.51457
2022-07-06 03:30:00,10.51542,10.51574,10.50817,10.50899
2022-07-06 03:45:00,10.50867,10.50867,10.50118,10.50311
2022-07-06 04:00:00,10.50302,10.50536,10.49594,10.49891
2022-07-06 04:15:00,10.49895,10.51113,10.49799,10.50759
2022-07-06 04:30:00,10.50764,10.51207,10.49867,10.50818
2022-07-06 04:45:00,10.50819,10.50913,10.50109,10.50798
2022-07-06 05:00:00,10.50828,10.50904,10.49324,10.49419
2022-07-06 05:15:00,10.49423,10.50508,10.49353,10.50207
2022-07-06 05:30:00,10.50204,10.50867,10.49698,10.50482
2022-07-06 05:45:00,10.50453,10.508,10.50125,10.50463
2022-07-06 06:00:00,10.50464,10.50795,10.49988,10.50451
2022-07-06 06:15:00,10.50457,10.51005,10.49939,10.50967
2022-07-06 06:30:00,10.50965,10.51212,10.50533,10.50556
2022-07-06 06:45:00,10.50555,10.51149,10.50397,10.51032
2022-07-06 07:00:00,10.51055,10.5149,10.50761,10.51324
2022-07-06 07:15:00,10.51291,10.52032,10.51158,10.51947
2022-07-06 07:30:00,10.51946,10.5308,10.51934,10.5283
2022-07-06 07:45:00,10.52824,10.53629,10.52627,10.52959
2022-07-06 08:00:00,10.52956,10.53349,10.52136,10.52407
2022-07-06 08:15:00,10.52408,10.53337,10.5232,10.53272
2022-07-06 08:30:00,10.53191,10.53302,10.52315,10.52993
2022-07-06 08:45:00,10.52989,10.53502,10.51615,10.52057
2022-07-06 09:00:00,10.52058,10.53938,10.51652,10.51958
2022-07-06 09:15:00,10.51944,10.52893,10.51624,10.5242
2022-07-06 09:30:00,10.52415,10.53006,10.49842,10.49936
2022-07-06 09:45:00,10.49925,10.50156,10.48589,10.4895
2022-07-06 10:00:00,10.48958,10.50563,10.48335,10.50549
2022-07-06 10:15:00,10.50552,10.50773,10.47965,10.48859
2022-07-06 10:30:00,10.48789,10.49204,10.47982,10.48492
2022-07-06 10:45:00,10.48494,10.49596,10.48432,10.48588
2022-07-06 11:00:00,10.48618,10.49322,10.46434,10.47437
2022-07-06 11:15:00,10.47421,10.48116,10.47178,10.47759
2022-07-06 11:30:00,10.47754,10.50069,10.46734,10.50031
2022-07-06 11:45:00,10.50007,10.52168,10.4912,10.49752
2022-07-06 12:00:00,10.49742,10.52468,10.496,10.52327
2022-07-06 12:15:00,10.52334,10.52912,10.51266,10.51652
2022-07-06 12:30:00,10.5165,10.53151,10.51586,10.51944
2022-07-06 12:45:00,10.51954,10.52851,10.5138,10.52708
2022-07-06 13:00:00,10.52703,10.53279,10.51908,10.52854
2022-07-06 13:15:00,10.52869,10.52897,10.51692,10.51896
2022-07-06 13:30:00,10.51961,10.54006,10.51792,10.53687
2022-07-06 13:45:00,10.53693,10.54418,10.53096,10.53481
2022-07-06 14:00:00,10.53481,10.55314,10.53032,10.54942
2022-07-06 14:15:00,10.54948,10.55187,10.54236,10.55162
2022-07-06 14:30:00,10.55145,10.55834,10.54339,10.54518
2022-07-06 14:45:00,10.54555,10.55735,10.5428,10.54537
2022-07-06 15:00:00,10.54562,10.5621,10.54151,10.55659
2022-07-06 15:15:00,10.55659,10.56252,10.5415,10.55722
2022-07-06 15:30:00,10.55723,10.56186,10.54507,10.54688
2022-07-06 15:45:00,10.54702,10.54948,10.53361,10.53934
2022-07-06 16:00:00,10.53941,10.5422,10.5226,10.53453
2022-07-06 16:15:00,10.53485,10.54567,10.53238,10.54242
2022-07-06 16:30:00,10.5423,10.54561,10.52186,10.52631
2022-07-06 16:45:00,10.52596,10.55711,10.52472,10.55711
2022-07-06 17:00:00,10.556,10.56078,10.53475,10.55577
2022-07-06 17:15:00,10.5558,10.57556,10.54334,10.54843
2022-07-06 17:30:00,10.54842,10.56043,10.54398,10.55235
2022-07-06 17:45:00,10.55244,10.55735,10.52727,10.52948
2022-07-06 18:00:00,10.52923,10.54618,10.5272,10.53594
2022-07-06 18:15:00,10.53611,10.55544,10.53341,10.55197
2022-07-06 18:30:00,10.55194,10.56607,10.54597,10.56241
2022-07-06 18:45:00,10.56256,10.56966,10.53713,10.55789
2022-07-06 19:00:00,10.55839,10.56111,10.55169,10.55897
2022-07-06 19:15:00,10.55884,10.56661,10.55846,10.5638
2022-07-06 19:30:00,10.56381,10.56472,10.55581,10.56071
2022-07-06 19:45:00,10.56076,10.56259,10.55184,10.55368
2022-07-06 20:00:00,10.55338,10.55845,10.53313,10.53453
2022-07-06 20:15:00,10.53447,10.54159,10.53094,10.53706
2022-07-06 20:30:00,10.53677,10.54643,10.53677,10.54481
2022-07-06 20:45:00,10.54483,10.54536,10.53756,10.53892
2022-07-06 21:00:00,10.53891,10.55041,10.526,10.53419
2022-07-06 21:15:00,10.53413,10.55783,10.53292,10.53416
2022-07-06 21:30:00,10.53419,10.53923,10.52402,10.52832
2022-07-06 21:45:00,10.529,10.53961,10.52356,10.53182
2022-07-06 22:00:00,10.53126,10.53739,10.52694,10.5313
2022-07-06 22:15:00,10.53106,10.53174,10.52378,10.52551
2022-07-06 22:30:00,10.52545,10.53259,10.5239,10.53253
2022-07-06 22:45:00,10.53244,10.5499,10.52959,10.52974
2022-07-06 23:00:00,10.52948,10.54062,10.52868,10.5395
2022-07-06 23:15:00,10.53949,10.54535,10.53787,10.54137
2022-07-06 23:30:00,10.54161,10.54273,10.53593,10.53724
2022-07-06 23:45:00,10.53726,10.54042,10.52037,10.52037
2022-07-07 00:00:00,10.52136,10.52866,10.5132,10.51925
2022-07-07 00:15:00,10.5179,10.53525,10.51564,10.53449
2022-07-07 00:30:00,10.53466,10.5352,10.52201,10.5246
2022-07-07 00:45:00,10.52416,10.52618,10.52409,10.52409
2022-07-07 01:00:00,10.5244,10.5434,10.51814,10.54227
2022-07-07 01:15:00,10.54256,10.54343,10.53553,10.53661
2022-07-07 01:30:00,10.53762,10.53947,10.53147,10.53357
2022-07-07 01:45:00,10.5336,10.53879,10.53161,10.53793
2022-07-07 02:00:00,10.53321,10.54328,10.53012,10.54328
2022-07-07 02:15:00,10.54074,10.5436,10.53419,10.53479
2022-07-07 02:30:00,10.5345,10.53794,10.53214,10.53385
2022-07-07 02:45:00,10.53418,10.53692,10.52962,10.53276
2022-07-07 03:00:00,10.53213,10.5457,10.53213,10.54335
2022-07-07 03:15:00,10.54413,10.5481,10.53682,10.53738
2022-07-07 03:30:00,10.53737,10.54231,10.53447,10.53456
2022-07-07 03:45:00,10.53465,10.53767,10.5318,10.53412
2022-07-07 04:00:00,10.53417,10.54124,10.53322,10.53885
2022-07-07 04:15:00,10.53875,10.54118,10.53009,10.53732
2022-07-07 04:30:00,10.53727,10.54299,10.52768,10.5397
2022-07-07 04:45:00,10.54022,10.54133,10.53156,10.53651
2022-07-07 05:00:00,10.53642,10.53747,10.52815,10.53148
2022-07-07 05:15:00,10.53169,10.53318,10.52721,10.52994
2022-07-07 05:30:00,10.52917,10.53095,10.50818,10.50908
2022-07-07 05:45:00,10.50847,10.52147,10.50757,10.5129
2022-07-07 06:00:00,10.51169,10.51757,10.50989,10.51079
2022-07-07 06:15:00,10.51086,10.51396,10.50929,10.51218
2022-07-07 06:30:00,10.51222,10.51732,10.50976,10.51013
2022-07-07 06:45:00,10.51017,10.51527,10.50967,10.5124
2022-07-07 07:00:00,10.5123,10.5176,10.50987,10.51424
2022-07-07 07:15:00,10.5143,10.51539,10.51008,10.51424
2022-07-07 07:30:00,10.5142,10.52114,10.51266,10.51803
2022-07-07 07:45:00,10.51804,10.52098,10.51431,10.51649
2022-07-07 08:00:00,10.51616,10.51739,10.50092,10.5014
2022-07-07 08:15:00,10.50125,10.51129,10.5008,10.50836
2022-07-07 08:30:00,10.50835,10.51274,10.5078,10.50961
2022-07-07 08:45:00,10.50983,10.51329,10.48879,10.48886
2022-07-07 09:00:00,10.48954,10.5202,10.48954,10.51678
2022-07-07 09:15:00,10.51625,10.52014,10.50743,10.50846
2022-07-07 09:30:00,10.50851,10.5154,10.50258,10.50681
2022-07-07 09:45:00,10.5066,10.51618,10.50276,10.51459
2022-07-07 10:00:00,10.51466,10.52992,10.49996,10.52742
2022-07-07 10:15:00,10.52737,10.53723,10.52123,10.53387
2022-07-07 10:30:00,10.53388,10.54876,10.52085,10.54876
2022-07-07 10:45:00,10.54869,10.55017,10.53596,10.53773
2022-07-07 11:00:00,10.53768,10.53893,10.51058,10.52261
2022-07-07 11:15:00,10.52257,10.52724,10.50696,10.51288
2022-07-07 11:30:00,10.5129,10.54046,10.50996,10.5382
2022-07-07 11:45:00,10.53824,10.54836,10.52461,10.52537
2022-07-07 12:00:00,10.52545,10.55241,10.51399,10.53266
2022-07-07 12:15:00,10.53142,10.53142,10.5186,10.52824
2022-07-07 12:30:00,10.52825,10.52886,10.49581,10.49671
2022-07-07 12:45:00,10.49691,10.51292,10.49663,10.49964
2022-07-07 13:00:00,10.49963,10.50875,10.48976,10.49369
2022-07-07 13:15:00,10.4937,10.51837,10.49028,10.51626
2022-07-07 13:30:00,10.51639,10.52988,10.51051,10.52654
2022-07-07 13:45:00,10.52641,10.53439,10.5235,10.52673
2022-07-07 14:00:00,10.52628,10.53682,10.52294,10.53309
2022-07-07 14:15:00,10.5328,10.53636,10.52274,10.52723
2022-07-07 14:30:00,10.52722,10.52931,10.51949,10.5198
2022-07-07 14:45:00,10.51981,10.52468,10.51626,10.52079
2022-07-07 15:00:00,10.52082,10.53214,10.51072,10.53006
2022-07-07 15:15:00,10.53034,10.53614,10.52662,10.53039
2022-07-07 15:30:00,10.52869,10.54571,10.52401,10.54177
2022-07-07 15:45:00,10.54161,10.55759,10.54071,10.55697
2022-07-07 16:00:00,10.55711,10.56435,10.55336,10.55844
2022-07-07 16:15:00,10.55841,10.55847,10.54388,10.54628
2022-07-07 16:30:00,10.54601,10.54601,10.52539,10.53035
2022-07-07 16:45:00,10.53038,10.5322,10.52262,10.53035
2022-07-07 17:00:00,10.53041,10.54216,10.52732,10.54091
2022-07-07 17:15:00,10.54086,10.5492,10.53756,10.53866
2022-07-07 17:30:00,10.5387,10.54558,10.53229,10.53583
2022-07-07 17:45:00,10.53579,10.54242,10.52689,10.53409
2022-07-07 18:00:00,10.53406,10.54024,10.52588,10.5352
2022-07-07 18:15:00,10.53516,10.54827,10.52798,10.54284
2022-07-07 18:30:00,10.54285,10.55472,10.54134,10.55205
2022-07-07 18:45:00,10.55214,10.55612,10.54175,10.54811
2022-07-07 19:00:00,10.54801,10.54906,10.5379,10.54259
2022-07-07 19:15:00,10.5426,10.54945,10.53787,10.54882
2022-07-07 19:30:00,10.54893,10.55628,10.54496,10.54507
2022-07-07 19:45:00,10.54508,10.55714,10.54282,10.55405
2022-07-07 20:00:00,10.55412,10.55617,10.54714,10.55568
2022-07-07 20:15:00,10.55587,10.56733,10.55441,10.55999
2022-07-07 20:30:00,10.55997,10.56088,10.5495,10.55092
2022-07-07 20:45:00,10.55089,10.55242,10.54528,10.54696
2022-07-07 21:00:00,10.54695,10.55399,10.54245,10.54337
2022-07-07 21:15:00,10.54339,10.54525,10.53456,10.5386
2022-07-07 21:30:00,10.53859,10.54268,10.53658,10.54236
2022-07-07 21:45:00,10.54238,10.54832,10.54067,10.54776
2022-07-07 22:00:00,10.54774,10.54854,10.5405,10.54489
2022-07-07 22:15:00,10.5449,10.54716,10.53643,10.53734
2022-07-07 22:30:00,10.53727,10.54357,10.53351,10.54001
2022-07-07 22:45:00,10.54,10.54077,10.52726,10.52817
2022-07-07 23:00:00,10.52867,10.53405,10.52682,10.53301
2022-07-07 23:15:00,10.53298,10.5381,10.53289,10.53715
2022-07-07 23:30:00,10.53681,10.53883,10.53491,10.53567
2022-07-07 23:45:00,10.53566,10.53672,10.51392,10.51392
2022-07-08 00:00:00,10.51321,10.51951,10.5002,10.51797
2022-07-08 00:15:00,10.51799,10.52093,10.51588,10.51803
2022-07-08 00:30:00,10.51796,10.52054,10.517,10.51932
2022-07-08 00:45:00,10.51933,10.52051,10.51504,10.5184
2022-07-08 01:00:00,10.51709,10.52017,10.5124,10.52015
2022-07-08 01:15:00,10.52011,10.53081,10.51945,10.52318
2022-07-08 01:30:00,10.52319,10.52818,10.52088,10.52205
2022-07-08 01:45:00,10.5221,10.52796,10.51881,10.51908
2022-07-08 02:00:00,10.51815,10.52726,10.51772,10.52163
2022-07-08 02:15:00,10.52164,10.52604,10.51953,10.52257
2022-07-08 02:30:00,10.52249,10.52447,10.51622,10.51724
2022-07-08 02:45:00,10.51728,10.52051,10.51197,10.51209
2022-07-08 03:00:00,10.5121,10.51759,10.50895,10.5167
2022-07-08 03:15:00,10.51691,10.51991,10.50965,10.50992
2022-07-08 03:30:00,10.50987,10.51531,10.50854,10.50876
2022-07-08 03:45:00,10.50874,10.50907,10.49322,10.49579
2022-07-08 04:00:00,10.49578,10.49898,10.48742,10.48874
2022-07-08 04:15:00,10.48872,10.49579,10.48815,10.49406
2022-07-08 04:30:00,10.49407,10.49712,10.49345,10.49685
2022-07-08 04:45:00,10.49676,10.50962,10.49475,10.50797
2022-07-08 05:00:00,10.50816,10.51138,10.50424,10.50685
2022-07-08 05:15:00,10.50697,10.50926,10.50142,10.5065
2022-07-08 05:30:00,10.50657,10.51373,10.50319,10.50502
2022-07-08 05:45:00,10.50389,10.51793,10.50389,10.51613
2022-07-08 06:00:00,10.51598,10.52633,10.51476,10.5247
2022-07-08 06:15:00,10.52469,10.53101,10.52257,10.53067
2022-07-08 06:30:00,10.53056,10.53592,10.52641,10.53413
2022-07-08 06:45:00,10.53402,10.53504,10.5246,10.52704
2022-07-08 07:00:00,10.52696,10.54548,10.52696,10.54539
2022-07-08 07:15:00,10.54497,10.55092,10.53796,10.54064
2022-07-08 07:30:00,10.54061,10.54069,10.53011,10.53165
2022-07-08 07:45:00,10.53159,10.53231,10.52449,10.52457
2022-07-08 08:00:00,10.52458,10.53525,10.52453,10.5333
2022-07-08 08:15:00,10.53324,10.53935,10.53179,10.5385
2022-07-08 08:30:00,10.53851,10.54288,10.53598,10.53967
2022-07-08 08:45:00,10.53968,10.54372,10.52717,10.52884
2022-07-08 09:00:00,10.5297,10.53901,10.52737,10.53229
2022-07-08 09:15:00,10.53241,10.53255,10.52111,10.52437
2022-07-08 09:30:00,10.52441,10.53265,10.52306,10.52882
2022-07-08 09:45:00,10.52926,10.54438,10.5239,10.53402
2022-07-08 10:00:00,10.53401,10.55481,10.53052,10.55436
2022-07-08 10:15:00,10.55446,10.58545,10.55146,10.5847
2022-07-08 10:30:00,10.5844,10.61496,10.57351,10.6121
2022-07-08 10:45:00,10.61209,10.62111,10.58476,10.58988
2022-07-08 11:00:00,10.58947,10.60013,10.57942,10.58944
2022-07-08 11:15:00,10.58904,10.61118,10.58639,10.59625
2022-07-08 11:30:00,10.5964,10.60306,10.57904,10.58193
2022-07-08 11:45:00,10.582,10.59186,10.57729,10.58446
2022-07-08 12:00:00,10.58392,10.59505,10.58222,10.58305
2022-07-08 12:15:00,10.58306,10.59079,10.57869,10.5837
2022-07-08 12:30:00,10.58375,10.58685,10.58001,10.58129
2022-07-08 12:45:00,10.58124,10.58488,10.56928,10.5721
2022-07-08 13:00:00,10.57213,10.57521,10.55959,10.56256
2022-07-08 13:15:00,10.56259,10.5671,10.53932,10.54603
2022-07-08 13:30:00,10.54607,10.5558,10.54376,10.54827
2022-07-08 13:45:00,10.54795,10.55756,10.54367,10.55521
2022-07-08 14:00:00,10.55517,10.55525,10.53996,10.54318
2022-07-08 14:15:00,10.54315,10.54616,10.53244,10.53781
2022-07-08 14:30:00,10.53779,10.53989,10.52053,10.52061
2022-07-08 14:45:00,10.52061,10.52366,10.5079,10.51021
2022-07-08 15:00:00,10.50959,10.50959,10.48711,10.49337
2022-07-08 15:15:00,10.49313,10.50307,10.48755,10.4888
2022-07-08 15:30:00,10.4881,10.54761,10.48805,10.54299
2022-07-08 15:45:00,10.54339,10.55906,10.51496,10.52218
2022-07-08 16:00:00,10.52199,10.52325,10.5051,10.5093
2022-07-08 16:15:00,10.50928,10.51309,10.48959,10.49573
2022-07-08 16:30:00,10.49549,10.51045,10.48124,10.50043
2022-07-08 16:45:00,10.50026,10.53436,10.49861,10.52606
2022-07-08 17:00:00,10.52541,10.5379,10.51009,10.51474
2022-07-08 17:15:00,10.51433,10.53479,10.51194,10.53322
2022-07-08 17:30:00,10.53317,10.53345,10.51765,10.52475
2022-07-08 17:45:00,10.52448,10.53963,10.51716,10.52189
2022-07-08 18:00:00,10.52198,10.52326,10.49655,10.50222
2022-07-08 18:15:00,10.50215,10.51857,10.50077,10.50636
2022-07-08 18:30:00,10.50625,10.51786,10.4971,10.50937
2022-07-08 18:45:00,10.5094,10.51998,10.50858,10.51456
2022-07-08 19:00:00,10.5145,10.52983,10.51445,10.52891
2022-07-08 19:15:00,10.52896,10.5337,10.52076,10.53306
2022-07-08 19:30:00,10.53301,10.53747,10.5282,10.53348
2022-07-08 19:45:00,10.5336,10.53392,10.52227,10.5304
2022-07-08 20:00:00,10.53053,10.53432,10.52402,10.52434
2022-07-08 20:15:00,10.5243,10.52815,10.51725,10.52309
2022-07-08 20:30:00,10.52311,10.52684,10.51937,10.51978
2022-07-08 20:45:00,10.51985,10.52228,10.51865,10.52228
2022-07-08 21:00:00,10.52229,10.52395,10.51791,10.5188
2022-07-08 21:15:00,10.51881,10.52396,10.51755,10.52189
2022-07-08 21:30:00,10.52183,10.52375,10.51623,10.51761
2022-07-08 21:45:00,10.51764,10.5231,10.50999,10.51614
2022-07-08 22:00:00,10.51611,10.51843,10.50824,10.5132
2022-07-08 22:15:00,10.51301,10.51591,10.51121,10.51377
2022-07-08 22:30:00,10.51426,10.51865,10.51424,10.51511
2022-07-08 22:45:00,10.51537,10.52343,10.51091,10.51885
2022-07-08 23:00:00,10.51861,10.51881,10.50978,10.51203
2022-07-08 23:15:00,10.51214,10.51633,10.5108,10.51414
2022-07-08 23:30:00,10.51382,10.51612,10.51118,10.51387
2022-07-08 23:45:00,10.51393,10.51545,10.49715,10.50156
2022-07-11 00:00:00,10.44333,10.47144,10.44333,10.46906
2022-07-11 00:15:00,10.46905,10.48203,10.45929,10.48183
2022-07-11 00:30:00,10.48181,10.4846,10.45693,10.47164
2022-07-11 00:45:00,10.47163,10.47678,10.47162,10.47508
2022-07-11 01:00:00,10.47561,10.51914,10.47561,10.51392
2022-07-11 01:15:00,10.51389,10.51828,10.50863,10.51822
2022-07-11 01:30:00,10.51813,10.51972,10.51459,10.51804
2022-07-11 01:45:00,10.51808,10.52188,10.5175,10.51822
2022-07-11 02:00:00,10.51805,10.52312,10.51752,10.51945
2022-07-11 02:15:00,10.51946,10.52703,10.51931,10.52476
2022-07-11 02:30:00,10.52473,10.53256,10.52265,10.5303
2022-07-11 02:45:00,10.53047,10.53771,10.52962,10.53739
2022-07-11 03:00:00,10.53739,10.54944,10.53223,10.54373
2022-07-11 03:15:00,10.54374,10.55016,10.53977,10.54813
2022-07-11 03:30:00,10.54803,10.55006,10.54503,10.54915
2022-07-11 03:45:00,10.549,10.54915,10.54435,10.54797
2022-07-11 04:00:00,10.54811,10.55726,10.5478,10.55295
2022-07-11 04:15:00,10.55295,10.56625,10.55274,10.55865
2022-07-11 04:30:00,10.55854,10.56804,10.55795,10.5676
2022-07-11 04:45:00,10.56766,10.57372,10.56576,10.56697
2022-07-11 05:00:00,10.56696,10.56752,10.56101,10.56469
2022-07-11 05:15:00,10.56472,10.56665,10.55964,10.56005
2022-07-11 05:30:00,10.56012,10.56126,10.54914,10.55575
2022-07-11 05:45:00,10.55576,10.561,10.55449,10.55538
2022-07-11 06:00:00,10.55547,10.55567,10.54772,10.55228
2022-07-11 06:15:00,10.55223,10.555,10.54945,10.55289
2022-07-11 06:30:00,10.55305,10.559,10.55123,10.55851
2022-07-11 06:45:00,10.55844,10.56012,10.55571,10.55676
2022-07-11 07:00:00,10.55677,10.5581,10.55119,10.55251
2022-07-11 07:15:00,10.55247,10.55666,10.55139,10.55544
2022-07-11 07:30:00,10.55545,10.55573,10.54786,10.55166
2022-07-11 07:45:00,10.55171,10.55579,10.54943,10.55417
2022-07-11 08:00:00,10.55428,10.55778,10.54949,10.55074
2022-07-11 08:15:00,10.55072,10.55512,10.54582,10.54906
2022-07-11 08:30:00,10.54908,10.56255,10.54889,10.56207
2022-07-11 08:45:00,10.5622,10.57442,10.56151,10.56264
2022-07-11 09:00:00,10.56263,10.58183,10.56083,10.58108
2022-07-11 09:15:00,10.5811,10.58469,10.57615,10.57943
2022-07-11 09:30:00,10.5794,10.58952,10.57023,10.58952
2022-07-11 09:45:00,10.58949,10.60145,10.58214,10.59324
2022-07-11 10:00:00,10.59319,10.60432,10.57784,10.58642
2022-07-11 10:15:00,10.58639,10.60287,10.58481,10.59889
2022-07-11 10:30:00,10.59883,10.60186,10.58813,10.59824
2022-07-11 10:45:00,10.59819,10.60397,10.58917,10.59326
2022-07-11 11:00:00,10.5929,10.60296,10.57935,10.58869
2022-07-11 11:15:00,10.58866,10.59407,10.57928,10.58236
2022-07-11 11:30:00,10.58248,10.58337,10.5631,10.57001
2022-07-11 11:45:00,10.57001,10.57876,10.56988,10.57566
2022-07-11 12:00:00,10.57561,10.57799,10.56307,10.57132
2022-07-11 12:15:00,10.5713,10.57697,10.56674,10.57336
2022-07-11 12:30:00,10.5734,10.58294,10.56939,10.57848
2022-07-11 12:45:00,10.57842,10.59352,10.57229,10.5926
2022-07-11 13:00:00,10.5925,10.59438,10.58616,10.59224
2022-07-11 13:15:00,10.59166,10.59171,10.57862,10.5875
2022-07-11 13:30:00,10.58751,10.58905,10.57597,10.57736
2022-07-11 13:45:00,10.57719,10.58542,10.57447,10.58126
2022-07-11 14:00:00,10.58124,10.58178,10.57175,10.57744
2022-07-11 14:15:00,10.57794,10.59788,10.57161,10.59738
2022-07-11 14:30:00,10.5973,10.60298,10.58997,10.60218
2022-07-11 14:45:00,10.60204,10.61087,10.59901,10.60051
2022-07-11 15:00:00,10.6005,10.60476,10.58865,10.58956
2022-07-11 15:15:00,10.58959,10.59931,10.58261,10.59919
2022-07-11 15:30:00,10.59909,10.61376,10.59038,10.61038
2022-07-11 15:45:00,10.61013,10.61482,10.60162,10.60857
2022-07-11 16:00:00,10.60869,10.63771,10.60676,10.63771
2022-07-11 16:15:00,10.63768,10.63768,10.62345,10.6287
2022-07-11 16:30:00,10.62884,10.64728,10.62577,10.63364
2022-07-11 16:45:00,10.63401,10.64575,10.62161,10.63128
2022-07-11 17:00:00,10.63117,10.64254,10.61111,10.62587
2022-07-11 17:15:00,10.62578,10.6351,10.6185,10.62862
2022-07-11 17:30:00,10.62861,10.63004,10.59887,10.59991
2022-07-11 17:45:00,10.59992,10.61144,10.58964,10.604
2022-07-11 18:00:00,10.60399,10.60625,10.58579,10.58812
2022-07-11 18:15:00,10.58742,10.59789,10.58544,10.59296
2022-07-11 18:30:00,10.59294,10.60293,10.58953,10.59814
2022-07-11 18:45:00,10.59835,10.60543,10.58959,10.59015
2022-07-11 19:00:00,10.59021,10.59895,10.58917,10.59593
2022-07-11 19:15:00,10.59596,10.60691,10.59091,10.60626
2022-07-11 19:30:00,10.6062,10.61759,10.6062,10.6121
2022-07-11 19:45:00,10.61214,10.61806,10.6081,10.60958
2022-07-11 20:00:00,10.60957,10.61513,10.6015,10.60233
2022-07-11 20:15:00,10.60234,10.60827,10.60135,10.60822
2022-07-11 20:30:00,10.60816,10.61052,10.59905,10.6009
2022-07-11 20:45:00,10.60086,10.60373,10.59844,10.60131
2022-07-11 21:00:00,10.60125,10.61286,10.59906,10.61137
2022-07-11 21:15:00,10.61133,10.61163,10.60468,10.60887
2022-07-11 21:30:00,10.6089,10.60981,10.60164,10.60275
2022-07-11 21:45:00,10.60274,10.61922,10.60268,10.61174
2022-07-11 22:00:00,10.61176,10.61846,10.60903,10.61688
2022-07-11 22:15:00,10.61665,10.63657,10.61665,10.63031
2022-07-11 22:30:00,10.63038,10.63826,10.62668,10.63613
2022-07-11 22:45:00,10.63674,10.64609,10.63346,10.63426
2022-07-11 23:00:00,10.63387,10.63512,10.62846,10.63119
2022-07-11 23:15:00,10.63139,10.63293,10.62741,10.63048
2022-07-11 23:30:00,10.63053,10.63576,10.62978,10.63529
2022-07-11 23:45:00,10.63377,10.6369,10.62536,10.62536
2022-07-12 00:00:00,10.62524,10.67637,10.60824,10.62411
2022-07-12 00:15:00,10.67403,10.67403,10.65663,10.67079
2022-07-12 00:30:00,10.65509,10.67458,10.64579,10.66991
2022-07-12 00:45:00,10.66989,10.677,10.63696,10.64712
2022-07-12 01:00:00,10.64718,10.6651,10.61295,10.62756
2022-07-12 01:15:00,10.62757,10.62974,10.62472,10.62625
2022-07-12 01:30:00,10.62627,10.63718,10.62616,10.62978
2022-07-12 01:45:00,10.62979,10.64473,10.62862,10.63688
2022-07-12 02:00:00,10.63714,10.64022,10.62899,10.62972
2022-07-12 02:15:00,10.62946,10.63348,10.62798,10.63318
2022-07-12 02:30:00,10.63312,10.63544,10.62983,10.63407
2022-07-12 02:45:00,10.63384,10.63431,10.62891,10.63243
2022-07-12 03:00:00,10.63315,10.63746,10.62505,10.62709
2022-07-12 03:15:00,10.62729,10.64375,10.62581,10.64289
2022-07-12 03:30:00,10.64274,10.64555,10.63456,10.63701
2022-07-12 03:45:00,10.63702,10.64211,10.62994,10.63943
2022-07-12 04:00:00,10.63942,10.65978,10.63826,10.65679
2022-07-12 04:15:00,10.65696,10.66808,10.65191,10.65772
2022-07-12 04:30:00,10.65875,10.65937,10.64472,10.64891
2022-07-12 04:45:00,10.64942,10.65858,10.63813,10.64409
2022-07-12 05:00:00,10.64409,10.65476,10.63875,10.64067
2022-07-12 05:15:00,10.64069,10.66133,10.63986,10.65146
2022-07-12 05:30:00,10.6512,10.6554,10.64125,10.64589
2022-07-12 05:45:00,10.64559,10.65073,10.6414,10.64433
2022-07-12 06:00:00,10.64449,10.6531,10.63774,10.64844
2022-07-12 06:15:00,10.64882,10.65409,10.64288,10.64478
2022-07-12 06:30:00,10.64527,10.65234,10.64256,10.64554
2022-07-12 06:45:00,10.64519,10.64915,10.63993,10.64184
2022-07-12 07:00:00,10.64179,10.64781,10.63573,10.64278
2022-07-12 07:15:00,10.64311,10.65682,10.6393,10.64821
2022-07-12 07:30:00,10.64809,10.66903,10.64686,10.66306
2022-07-12 07:45:00,10.66232,10.67021,10.6572,10.66168
2022-07-12 08:00:00,10.66169,10.67715,10.65859,10.66553
2022-07-12 08:15:00,10.66591,10.68043,10.65509,10.66647
2022-07-12 08:30:00,10.66802,10.67572,10.65684,10.66104
2022-07-12 08:45:00,10.66113,10.6652,10.65596,10.66019
2022-07-12 09:00:00,10.66089,10.66462,10.64124,10.64238
2022-07-12 09:15:00,10.64255,10.64568,10.63802,10.64086
2022-07-12 09:30:00,10.64084,10.64899,10.62544,10.64325
2022-07-12 09:45:00,10.64313,10.65465,10.64307,10.6486
2022-07-12 10:00:00,10.64873,10.66626,10.64005,10.65115
2022-07-12 10:15:00,10.65127,10.65601,10.6427,10.6443
2022-07-12 10:30:00,10.64437,10.65693,10.64128,10.64798
2022-07-12 10:45:00,10.64803,10.65393,10.64492,10.64562
2022-07-12 11:00:00,10.64596,10.66113,10.64261,10.65648
2022-07-12 11:15:00,10.65642,10.65919,10.64423,10.6493
2022-07-12 11:30:00,10.64934,10.64949,10.62292,10.62748
2022-07-12 11:45:00,10.62781,10.63738,10.62639,10.63464
2022-07-12 12:00:00,10.63464,10.64979,10.62991,10.64973
2022-07-12 12:15:00,10.64974,10.6517,10.64281,10.64781
2022-07-12 12:30:00,10.64749,10.65333,10.64364,10.65307
2022-07-12 12:45:00,10.65305,10.65514,10.63603,10.63838
2022-07-12 13:00:00,10.63839,10.63915,10.62386,10.62706
2022-07-12 13:15:00,10.6273,10.64038,10.62575,10.63231
2022-07-12 13:30:00,10.63238,10.63789,10.62103,10.62309
2022-07-12 13:45:00,10.6231,10.63124,10.61908,10.62593
2022-07-12 14:00:00,10.62562,10.62965,10.6042,10.60923
2022-07-12 14:15:00,10.6093,10.60991,10.57139,10.58429
2022-07-12 14:30:00,10.58401,10.59178,10.57539,10.58914
2022-07-12 14:45:00,10.58917,10.60254,10.5718,10.57301
2022-07-12 15:00:00,10.5736,10.59928,10.57095,10.58308
2022-07-12 15:15:00,10.5825,10.59333,10.57578,10.59191
2022-07-12 15:30:00,10.59198,10.59844,10.57931,10.57976
2022-07-12 15:45:00,10.57961,10.58416,10.56221,10.56563
2022-07-12 16:00:00,10.56641,10.56766,10.55476,10.56065
2022-07-12 16:15:00,10.56063,10.57841,10.56063,10.57383
2022-07-12 16:30:00,10.57387,10.57579,10.55097,10.56287
2022-07-12 16:45:00,10.56263,10.57449,10.55561,10.55836
2022-07-12 17:00:00,10.55848,10.56429,10.54028,10.55554
2022-07-12 17:15:00,10.55552,10.56632,10.55469,10.56325
2022-07-12 17:30:00,10.56362,10.57413,10.55143,10.55271
2022-07-12 17:45:00,10.55267,10.56289,10.54903,10.55204
2022-07-12 18:00:00,10.55191,10.55584,10.54334,10.54771
2022-07-12 18:15:00,10.54773,10.5525,10.53174,10.53522
2022-07-12 18:30:00,10.53549,10.54255,10.53374,10.54079
2022-07-12 18:45:00,10.54078,10.54702,10.53662,10.54321
2022-07-12 19:00:00,10.54311,10.55337,10.54202,10.54427
2022-07-12 19:15:00,10.54428,10.54716,10.53548,10.54385
2022-07-12 19:30:00,10.54391,10.54561,10.53607,10.54092
2022-07-12 19:45:00,10.541,10.5531,10.54077,10.54584
2022-07-12 20:00:00,10.54576,10.55807,10.54224,10.55551
2022-07-12 20:15:00,10.55543,10.56092,10.55004,10.55389
2022-07-12 20:30:00,10.55394,10.56159,10.54591,10.54663
2022-07-12 20:45:00,10.54669,10.5528,10.54605,10.54791
2022-07-12 21:00:00,10.54806,10.55557,10.5437,10.55268
2022-07-12 21:15:00,10.55279,10.5574,10.54907,10.55679
2022-07-12 21:30:00,10.5567,10.55852,10.55039,10.55385
2022-07-12 21:45:00,10.55386,10.56726,10.55021,10.56461
2022-07-12 22:00:00,10.56459,10.57504,10.56442,10.573
2022-07-12 22:15:00,10.5731,10.57551,10.57075,10.575
2022-07-12 22:30:00,10.57478,10.5819,10.57397,10.57945
2022-07-12 22:45:00,10.57946,10.57969,10.5643,10.57908
2022-07-12 23:00:00,10.57927,10.57927,10.56756,10.57431
2022-07-12 23:15:00,10.5743,10.58093,10.5703,10.57921
2022-07-12 23:30:00,10.57919,10.57919,10.57298,10.57458
2022-07-12 23:45:00,10.57447,10.57519,10.55635,10.56009
2022-07-13 00:00:00,10.55758,10.56722,10.5528,10.56004
2022-07-13 00:15:00,10.56008,10.56726,10.55948,10.56101
2022-07-13 00:30:00,10.56075,10.56075,10.55617,10.55617
2022-07-13 00:45:00,10.55641,10.57048,10.55597,10.56851
2022-07-13 01:00:00,10.56857,10.57641,10.55929,10.57564
2022-07-13 01:15:00,10.5757,10.58163,10.57463,10.5747
2022-07-13 01:30:00,10.57482,10.57841,10.57432,10.5753
2022-07-13 01:45:00,10.57556,10.57661,10.57294,10.5751
2022-07-13 02:00:00,10.57522,10.58493,10.57359,10.57771
2022-07-13 02:15:00,10.57768,10.57967,10.5735,10.57447
2022-07-13 02:30:00,10.57451,10.576,10.57296,10.57404
2022-07-13 02:45:00,10.57399,10.58104,10.57211,10.57736
2022-07-13 03:00:00,10.57744,10.58164,10.56101,10.57595
2022-07-13 03:15:00,10.57585,10.57853,10.56958,10.57524
2022-07-13 03:30:00,10.57516,10.57993,10.56943,10.5713
2022-07-13 03:45:00,10.57026,10.57382,10.56571,10.57169
2022-07-13 04:00:00,10.57175,10.5722,10.55727,10.57054
2022-07-13 04:15:00,10.57053,10.57897,10.56874,10.57488
2022-07-13 04:30:00,10.57487,10.58251,10.56957,10.57949
2022-07-13 04:45:00,10.57955,10.58,10.57304,10.5763
2022-07-13 05:00:00,10.57633,10.58119,10.57151,10.57229
2022-07-13 05:15:00,10.57235,10.57736,10.57095,10.57175
2022-07-13 05:30:00,10.57168,10.57313,10.56696,10.57043
2022-07-13 05:45:00,10.57045,10.57203,10.56114,10.56288
2022-07-13 06:00:00,10.56285,10.56625,10.56086,10.56487
2022-07-13 06:15:00,10.56491,10.56724,10.55875,10.5614
2022-07-13 06:30:00,10.56143,10.56292,10.55125,10.56034
2022-07-13 06:45:00,10.56013,10.56549,10.55921,10.56303
2022-07-13 07:00:00,10.56305,10.56964,10.56011,10.56627
2022-07-13 07:15:00,10.565,10.56672,10.55802,10.55969
2022-07-13 07:30:00,10.55977,10.56583,10.55921,10.56502
2022-07-13 07:45:00,10.56523,10.5693,10.56382,10.56684
2022-07-13 08:00:00,10.56683,10.57604,10.56472,10.57511
2022-07-13 08:15:00,10.57507,10.58051,10.57396,10.57921
2022-07-13 08:30:00,10.57849,10.58049,10.56798,10.56879
2022-07-13 08:45:00,10.56787,10.57455,10.56609,10.56629
2022-07-13 09:00:00,10.56613,10.57774,10.55373,10.57645
2022-07-13 09:15:00,10.57645,10.58269,10.57549,10.5779
2022-07-13 09:30:00,10.578,10.58058,10.56503,10.56856
2022-07-13 09:45:00,10.56729,10.57812,10.56369,10.57796
2022-07-13 10:00:00,10.57764,10.58463,10.55789,10.58254
2022-07-13 10:15:00,10.58251,10.6046,10.58147,10.60398
2022-07-13 10:30:00,10.60389,10.61293,10.59983,10.60901
2022-07-13 10:45:00,10.60936,10.61167,10.58164,10.58356
2022-07-13 11:00:00,10.58373,10.59298,10.57322,10.5907
2022-07-13 11:15:00,10.59083,10.60229,10.58935,10.59119
2022-07-13 11:30:00,10.59126,10.59599,10.57053,10.59103
2022-07-13 11:45:00,10.5909,10.59903,10.57849,10.57852
2022-07-13 12:00:00,10.57857,10.58585,10.57131,10.57361
2022-07-13 12:15:00,10.57354,10.57838,10.56797,10.57051
2022-07-13 12:30:00,10.57009,10.57412,10.56754,10.57333
2022-07-13 12:45:00,10.57334,10.57997,10.57184,10.5797
2022-07-13 13:00:00,10.57973,10.58089,10.56205,10.5622
2022-07-13 13:15:00,10.56223,10.56527,10.54656,10.55563
2022-07-13 13:30:00,10.5556,10.56093,10.53727,10.54771
2022-07-13 13:45:00,10.5479,10.55111,10.53952,10.5442
2022-07-13 14:00:00,10.54421,10.54953,10.53998,10.54547
2022-07-13 14:15:00,10.54552,10.55382,10.54267,10.55081
2022-07-13 14:30:00,10.55077,10.55265,10.53849,10.53858
2022-07-13 14:45:00,10.53859,10.54792,10.52995,10.53515
2022-07-13 15:00:00,10.53516,10.53571,10.51309,10.52995
2022-07-13 15:15:00,10.52996,10.54273,10.50178,10.53948
2022-07-13 15:30:00,10.54143,10.62196,10.53675,10.61431
2022-07-13 15:45:00,10.61373,10.62225,10.55605,10.59111
2022-07-13 16:00:00,10.59184,10.61024,10.56485,10.57303
2022-07-13 16:15:00,10.57244,10.60632,10.56275,10.59861
2022-07-13 16:30:00,10.59838,10.60647,10.56627,10.58552
2022-07-13 16:45:00,10.58522,10.58903,10.55943,10.57784
2022-07-13 17:00:00,10.5777,10.5841,10.55618,10.56151
2022-07-13 17:15:00,10.56155,10.58394,10.55777,10.56398
2022-07-13 17:30:00,10.56393,10.57295,10.5086,10.50923
2022-07-13 17:45:00,10.50933,10.52274,10.47158,10.48427
2022-07-13 18:00:00,10.48403,10.49267,10.4742,10.4844
2022-07-13 18:15:00,10.48457,10.51052,10.4831,10.50746
2022-07-13 18:30:00,10.50724,10.51336,10.49884,10.51123
2022-07-13 18:45:00,10.5114,10.52137,10.50657,10.51522
2022-07-13 19:00:00,10.51538,10.51541,10.50156,10.50518
2022-07-13 19:15:00,10.50524,10.50873,10.49905,10.49931
2022-07-13 19:30:00,10.49936,10.513,10.49266,10.50996
2022-07-13 19:45:00,10.50993,10.52424,10.50473,10.51701
2022-07-13 20:00:00,10.51689,10.52777,10.50913,10.50986
2022-07-13 20:15:00,10.50981,10.52487,10.5087,10.51668
2022-07-13 20:30:00,10.51694,10.5187,10.51419,10.51638
2022-07-13 20:45:00,10.51643,10.52463,10.51566,10.51894
2022-07-13 21:00:00,10.51902,10.55337,10.51838,10.53716
2022-07-13 21:15:00,10.53718,10.54674,10.52728,10.53553
2022-07-13 21:30:00,10.53508,10.53508,10.52201,10.52776
2022-07-13 21:45:00,10.52758,10.54032,10.52314,10.53622
2022-07-13 22:00:00,10.53617,10.54255,10.53173,10.541
2022-07-13 22:15:00,10.54099,10.54525,10.53909,10.54431
2022-07-13 22:30:00,10.54434,10.54729,10.53793,10.54642
2022-07-13 22:45:00,10.54639,10.55609,10.54053,10.54603
2022-07-13 23:00:00,10.54566,10.54967,10.5426,10.54605
2022-07-13 23:15:00,10.54606,10.55123,10.54606,10.54841
2022-07-13 23:30:00,10.54808,10.54829,10.54158,10.54641
2022-07-13 23:45:00,10.5464,10.55377,10.53343,10.53361
2022-07-14 00:00:00,10.53302,10.54369,10.51072,10.52018
2022-07-14 00:15:00,10.52019,10.52019,10.51272,10.51522
2022-07-14 00:30:00,10.51545,10.51725,10.51522,10.51654
2022-07-14 00:45:00,10.51704,10.52969,10.5128,10.52811
2022-07-14 01:00:00,10.52978,10.59171,10.52818,10.55398
2022-07-14 01:15:00,10.55404,10.55414,10.54905,10.54977
2022-07-14 01:30:00,10.55038,10.56172,10.54913,10.56114
2022-07-14 01:45:00,10.56127,10.56235,10.55463,10.55798
2022-07-14 02:00:00,10.5583,10.56755,10.55721,10.5659
2022-07-14 02:15:00,10.56553,10.57083,10.56303,10.56804
2022-07-14 02:30:00,10.56855,10.58173,10.56524,10.5796
2022-07-14 02:45:00,10.5803,10.58564,10.57811,10.58143
2022-07-14 03:00:00,10.5805,10.58564,10.57385,10.5789
2022-07-14 03:15:00,10.57901,10.58981,10.57674,10.58727
2022-07-14 03:30:00,10.58767,10.59662,10.58684,10.59416
2022-07-14 03:45:00,10.59392,10.59779,10.58832,10.5972
2022-07-14 04:00:00,10.59627,10.59959,10.58814,10.59556
2022-07-14 04:15:00,10.59537,10.59583,10.58323,10.58335
2022-07-14 04:30:00,10.58314,10.59695,10.5818,10.59574
2022-07-14 04:45:00,10.59577,10.60001,10.59063,10.5934
2022-07-14 05:00:00,10.5933,10.59668,10.58942,10.59637
2022-07-14 05:15:00,10.59639,10.5992,10.5862,10.58962
2022-07-14 05:30:00,10.58946,10.59078,10.58219,10.58533
2022-07-14 05:45:00,10.58579,10.59436,10.58399,10.59392
2022-07-14 06:00:00,10.59399,10.59403,10.5776,10.57907
2022-07-14 06:15:00,10.57935,10.57971,10.57108,10.57165
2022-07-14 06:30:00,10.57193,10.5775,10.56918,10.57719
2022-07-14 06:45:00,10.57716,10.58125,10.57562,10.5784
2022-07-14 07:00:00,10.57824,10.58224,10.57692,10.58027
2022-07-14 07:15:00,10.58034,10.58113,10.578,10.57908
2022-07-14 07:30:00,10.57886,10.58495,10.57775,10.58488
2022-07-14 07:45:00,10.58498,10.59179,10.58334,10.58924
2022-07-14 08:00:00,10.58916,10.59262,10.58668,10.59054
2022-07-14 08:15:00,10.59058,10.59327,10.5872,10.59084
2022-07-14 08:30:00,10.59082,10.60121,10.58728,10.60055
2022-07-14 08:45:00,10.60059,10.60586,10.5934,10.59621
2022-07-14 09:00:00,10.59591,10.59944,10.57908,10.58759
2022-07-14 09:15:00,10.58726,10.59645,10.58381,10.58637
2022-07-14 09:30:00,10.58658,10.59884,10.58548,10.59341
2022-07-14 09:45:00,10.59342,10.60963,10.59144,10.60882
2022-07-14 10:00:00,10.6087,10.61114,10.59017,10.60528
2022-07-14 10:15:00,10.60524,10.60651,10.58508,10.59086
2022-07-14 10:30:00,10.59085,10.59177,10.57461,10.58158
2022-07-14 10:45:00,10.58165,10.58585,10.57091,10.58448
2022-07-14 11:00:00,10.58353,10.59503,10.57086,10.58465
2022-07-14 11:15:00,10.585,10.60621,10.585,10.60556
2022-07-14 11:30:00,10.60539,10.61501,10.60261,10.61476
2022-07-14 11:45:00,10.61318,10.61318,10.58584,10.59914
2022-07-14 12:00:00,10.59911,10.60009,10.58388,10.58827
2022-07-14 12:15:00,10.58829,10.59048,10.56474,10.56571
2022-07-14 12:30:00,10.56572,10.57297,10.55625,10.56105
2022-07-14 12:45:00,10.56093,10.56623,10.54384,10.551
2022-07-14 13:00:00,10.55061,10.56436,10.54989,10.5625
2022-07-14 13:15:00,10.56255,10.58736,10.56206,10.5809
2022-07-14 13:30:00,10.58096,10.59069,10.5768,10.59035
2022-07-14 13:45:00,10.59042,10.604,10.58864,10.59604
2022-07-14 14:00:00,10.59593,10.60155,10.58336,10.58739
2022-07-14 14:15:00,10.58738,10.59247,10.58202,10.58316
2022-07-14 14:30:00,10.58329,10.59643,10.57098,10.59231
2022-07-14 14:45:00,10.59236,10.59512,10.58189,10.59156
2022-07-14 15:00:00,10.59169,10.5975,10.5879,10.59475
2022-07-14 15:15:00,10.59477,10.59768,10.59078,10.59154
2022-07-14 15:30:00,10.59128,10.59893,10.57861,10.59684
2022-07-14 15:45:00,10.59667,10.6043,10.59144,10.6043
2022-07-14 16:00:00,10.60434,10.61244,10.59848,10.60889
2022-07-14 16:15:00,10.6088,10.64232,10.5972,10.63945
2022-07-14 16:30:00,10.63951,10.66397,10.63085,10.66369
2022-07-14 16:45:00,10.66374,10.6639,10.61851,10.62225
2022-07-14 17:00:00,10.62211,10.64837,10.62156,10.63856
2022-07-14 17:15:00,10.63869,10.6442,10.62206,10.62378
2022-07-14 17:30:00,10.62381,10.6254,10.60543,10.61274
2022-07-14 17:45:00,10.61275,10.62794,10.60268,10.60963
2022-07-14 18:00:00,10.60974,10.61371,10.56567,10.60001
2022-07-14 18:15:00,10.60015,10.60629,10.58117,10.59044
2022-07-14 18:30:00,10.5907,10.59525,10.55046,10.55564
2022-07-14 18:45:00,10.55584,10.5715,10.54729,10.56813
2022-07-14 19:00:00,10.56806,10.58504,10.56351,10.57966
2022-07-14 19:15:00,10.57965,10.60636,10.57302,10.60322
2022-07-14 19:30:00,10.60352,10.61091,10.58618,10.59022
2022-07-14 19:45:00,10.59012,10.62405,10.58674,10.61634
2022-07-14 20:00:00,10.6148,10.61724,10.60275,10.60952
2022-07-14 20:15:00,10.60953,10.60969,10.58566,10.58567
2022-07-14 20:30:00,10.58543,10.60504,10.58519,10.59451
2022-07-14 20:45:00,10.59448,10.60084,10.58813,10.58912
2022-07-14 21:00:00,10.58914,10.59141,10.57916,10.58119
2022-07-14 21:15:00,10.58107,10.58561,10.56466,10.57171
2022-07-14 21:30:00,10.57143,10.57181,10.55508,10.56554
2022-07-14 21:45:00,10.56554,10.57389,10.56432,10.56737
2022-07-14 22:00:00,10.5675,10.58042,10.56439,10.58011
2022-07-14 22:15:00,10.58005,10.58118,10.56697,10.5712
2022-07-14 22:30:00,10.57115,10.57654,10.55724,10.57076
2022-07-14 22:45:00,10.57086,10.58206,10.5663,10.58117
2022-07-14 23:00:00,10.58111,10.58154,10.57557,10.58121
2022-07-14 23:15:00,10.58117,10.58174,10.5766,10.57744
2022-07-14 23:30:00,10.57719,10.57779,10.57084,10.57349
2022-07-14 23:45:00,10.57353,10.57751,10.56657,10.5729
2022-07-15 00:00:00,10.57083,10.57537,10.54175,10.57394
2022-07-15 00:15:00,10.57393,10.57608,10.57064,10.57519
2022-07-15 00:30:00,10.5752,10.5809,10.57325,10.57977
2022-07-15 00:45:00,10.57994,10.58274,10.56681,10.57752
2022-07-15 01:00:00,10.5772,10.58122,10.56769,10.56805
2022-07-15 01:15:00,10.56804,10.57245,10.56625,10.5707
2022-07-15 01:30:00,10.57063,10.57107,10.56905,10.57069
2022-07-15 01:45:00,10.57061,10.57738,10.57061,10.5756
2022-07-15 02:00:00,10.57553,10.57936,10.57392,10.5777
2022-07-15 02:15:00,10.57771,10.58198,10.57561,10.57678
2022-07-15 02:30:00,10.57677,10.57719,10.57189,10.57206
2022-07-15 02:45:00,10.57202,10.57297,10.56907,10.56936
2022-07-15 03:00:00,10.57024,10.58133,10.56589,10.57856
2022-07-15 03:15:00,10.57856,10.58955,10.57576,10.58452
2022-07-15 03:30:00,10.585,10.58565,10.57989,10.58345
2022-07-15 03:45:00,10.58334,10.58527,10.57581,10.57897
2022-07-15 04:00:00,10.57887,10.57976,10.57147,10.57225
2022-07-15 04:15:00,10.57226,10.5806,10.57093,10.57525
2022-07-15 04:30:00,10.57519,10.57684,10.56292,10.56952
2022-07-15 04:45:00,10.56956,10.56998,10.56008,10.56169
2022-07-15 05:00:00,10.56168,10.56638,10.55684,10.55919
2022-07-15 05:15:00,10.55914,10.56304,10.55486,10.55662
2022-07-15 05:30:00,10.55666,10.56433,10.55613,10.56311
2022-07-15 05:45:00,10.56266,10.56467,10.55271,10.55722
2022-07-15 06:00:00,10.55723,10.56337,10.55671,10.56189
2022-07-15 06:15:00,10.56202,10.57047,10.56079,10.56982
2022-07-15 06:30:00,10.56973,10.57178,10.56767,10.56851
2022-07-15 06:45:00,10.56848,10.57223,10.56705,10.57135
2022-07-15 07:00:00,10.57137,10.5759,10.56977,10.57296
2022-07-15 07:15:00,10.57303,10.5732,10.56815,10.56956
2022-07-15 07:30:00,10.56953,10.56994,10.56632,10.56639
2022-07-15 07:45:00,10.56634,10.56881,10.56385,10.5674
2022-07-15 08:00:00,10.56742,10.57404,10.56615,10.56902
2022-07-15 08:15:00,10.56879,10.57767,10.56746,10.57654
2022-07-15 08:30:00,10.57681,10.58071,10.57119,10.5797
2022-07-15 08:45:00,10.57981,10.58627,10.57404,10.58451
2022-07-15 09:00:00,10.58459,10.59322,10.57233,10.5724
2022-07-15 09:15:00,10.57243,10.5833,10.56683,10.58269
2022-07-15 09:30:00,10.58279,10.59092,10.57834,10.5845
2022-07-15 09:45:00,10.58456,10.59457,10.57648,10.58401
2022-07-15 10:00:00,10.58397,10.59189,10.57394,10.58062
2022-07-15 10:15:00,10.58059,10.59379,10.56064,10.56064
2022-07-15 10:30:00,10.56151,10.56569,10.55022,10.55346
2022-07-15 10:45:00,10.55348,10.57334,10.55043,10.56181
2022-07-15 11:00:00,10.56059,10.57166,10.55414,10.57039
2022-07-15 11:15:00,10.57034,10.57497,10.56405,10.57338
2022-07-15 11:30:00,10.57382,10.58348,10.56667,10.58085
2022-07-15 11:45:00,10.58069,10.58315,10.56362,10.56881
2022-07-15 12:00:00,10.56886,10.56981,10.55759,10.55895
2022-07-15 12:15:00,10.55907,10.563,10.55481,10.5579
2022-07-15 12:30:00,10.55791,10.56044,10.55181,10.5543
2022-07-15 12:45:00,10.55424,10.5645,10.55403,10.56101
2022-07-15 13:00:00,10.56148,10.56636,10.55644,10.56315
2022-07-15 13:15:00,10.56319,10.56911,10.55628,10.561
2022-07-15 13:30:00,10.56096,10.562,10.53985,10.54686
2022-07-15 13:45:00,10.5466,10.54844,10.53918,10.54009
2022-07-15 14:00:00,10.53996,10.55081,10.53905,10.54353
2022-07-15 14:15:00,10.54355,10.54859,10.53472,10.53719
2022-07-15 14:30:00,10.53715,10.53727,10.5187,10.53416
2022-07-15 14:45:00,10.53465,10.53624,10.5228,10.5338
2022-07-15 15:00:00,10.53374,10.53518,10.52355,10.52918
2022-07-15 15:15:00,10.52919,10.53637,10.52201,10.52739
2022-07-15 15:30:00,10.52749,10.55711,10.51094,10.51582
2022-07-15 15:45:00,10.51606,10.51834,10.49843,10.50408
2022-07-15 16:00:00,10.50396,10.50777,10.48269,10.4937
2022-07-15 16:15:00,10.49346,10.52154,10.49345,10.51823
2022-07-15 16:30:00,10.51798,10.52671,10.50837,10.5188
2022-07-15 16:45:00,10.51868,10.5402,10.51859,10.53344
2022-07-15 17:00:00,10.5328,10.5328,10.49118,10.50579
2022-07-15 17:15:00,10.50606,10.51597,10.48392,10.48437
2022-07-15 17:30:00,10.48464,10.49237,10.46874,10.48499
2022-07-15 17:45:00,10.48511,10.50382,10.48265,10.48719
2022-07-15 18:00:00,10.4872,10.49427,10.4777,10.49015
2022-07-15 18:15:00,10.49005,10.49357,10.47081,10.4741
2022-07-15 18:30:00,10.47417,10.48519,10.47417,10.48348
2022-07-15 18:45:00,10.48346,10.48346,10.46782,10.47975
2022-07-15 19:00:00,10.47963,10.49498,10.47901,10.49472
2022-07-15 19:15:00,10.49459,10.49761,10.48867,10.49551
2022-07-15 19:30:00,10.49544,10.50336,10.49369,10.49599
2022-07-15 19:45:00,10.49593,10.49801,10.48388,10.48393
2022-07-15 20:00:00,10.48371,10.48445,10.46887,10.47004
2022-07-15 20:15:00,10.47005,10.48077,10.46976,10.47914
2022-07-15 20:30:00,10.47908,10.48304,10.47709,10.47863
2022-07-15 20:45:00,10.47861,10.48974,10.47767,10.48943
2022-07-15 21:00:00,10.48942,10.49438,10.48932,10.49408
2022-07-15 21:15:00,10.49409,10.50209,10.49115,10.49386
2022-07-15 21:30:00,10.49385,10.50095,10.4861,10.48613
2022-07-15 21:45:00,10.48617,10.49424,10.48519,10.48822
2022-07-15 22:00:00,10.488,10.50568,10.48657,10.49728
2022-07-15 22:15:00,10.49729,10.49944,10.49357,10.49771
2022-07-15 22:30:00,10.49772,10.50509,10.49644,10.50225
2022-07-15 22:45:00,10.50222,10.50781,10.4821,10.48322
2022-07-15 23:00:00,10.48337,10.48908,10.47878,10.47926
2022-07-15 23:15:00,10.47944,10.47962,10.47239,10.47244
2022-07-15 23:30:00,10.47241,10.47453,10.46862,10.4693
2022-07-15 23:45:00,10.46929,10.47147,10.46009,10.46296
2022-07-18 00:00:00,10.46254,10.47079,10.46129,10.46903
2022-07-18 00:15:00,10.46904,10.47245,10.46572,10.46907
2022-07-18 00:30:00,10.46906,10.47227,10.46887,10.46934
2022-07-18 00:45:00,10.46935,10.47286,10.46923,10.47105
2022-07-18 01:00:00,10.47102,10.48155,10.46537,10.4786
2022-07-18 01:15:00,10.47883,10.48105,10.47676,10.47964
2022-07-18 01:30:00,10.479,10.48045,10.47715,10.47884
2022-07-18 01:45:00,10.47889,10.48027,10.47296,10.47403
2022-07-18 02:00:00,10.47402,10.47818,10.4716,10.47299
2022-07-18 02:15:00,10.47314,10.47449,10.4649,10.46533
2022-07-18 02:30:00,10.46544,10.4674,10.4603,10.46525
2022-07-18 02:45:00,10.4652,10.46747,10.46114,10.46165
2022-07-18 03:00:00,10.46143,10.46656,10.45895,10.46619
2022-07-18 03:15:00,10.46631,10.46694,10.45945,10.46117
2022-07-18 03:30:00,10.46121,10.46728,10.45938,10.46437
2022-07-18 03:45:00,10.46441,10.46974,10.46192,10.46444
2022-07-18 04:00:00,10.46452,10.46493,10.457,10.46036
2022-07-18 04:15:00,10.4604,10.4607,10.45282,10.4535
2022-07-18 04:30:00,10.45345,10.4543,10.45288,10.45341
2022-07-18 04:45:00,10.4534,10.45435,10.44391,10.44633
2022-07-18 05:00:00,10.44637,10.44699,10.4363,10.43784
2022-07-18 05:15:00,10.43779,10.44673,10.43342,10.4467
2022-07-18 05:30:00,10.44671,10.4477,10.44133,10.44599
2022-07-18 05:45:00,10.446,10.45603,10.44376,10.45429
2022-07-18 06:00:00,10.45474,10.45528,10.44621,10.45025
2022-07-18 06:15:00,10.45027,10.4511,10.44195,10.44543
2022-07-18 06:30:00,10.44534,10.45132,10.44399,10.44808
2022-07-18 06:45:00,10.44802,10.45157,10.44551,10.44833
2022-07-18 07:00:00,10.44831,10.45386,10.44355,10.45366
2022-07-18 07:15:00,10.4537,10.46243,10.45305,10.4594
2022-07-18 07:30:00,10.45964,10.46461,10.45904,10.46358
2022-07-18 07:45:00,10.46357,10.46559,10.46075,10.46099
2022-07-18 08:00:00,10.46102,10.46438,10.45776,10.4581
2022-07-18 08:15:00,10.45826,10.4607,10.45693,10.4575
2022-07-18 08:30:00,10.45721,10.45916,10.44987,10.45113
2022-07-18 08:45:00,10.45103,10.46812,10.44737,10.46711
2022-07-18 09:00:00,10.46703,10.47857,10.46088,10.47653
2022-07-18 09:15:00,10.47661,10.47808,10.47059,10.47169
2022-07-18 09:30:00,10.47168,10.4802,10.45803,10.45925
2022-07-18 09:45:00,10.45938,10.4611,10.44593,10.44629
2022-07-18 10:00:00,10.44631,10.45685,10.40766,10.41246
2022-07-18 10:15:00,10.41249,10.41557,10.39564,10.40148
2022-07-18 10:30:00,10.40151,10.41051,10.3958,10.40902
2022-07-18 10:45:00,10.40891,10.4115,10.39839,10.40109
2022-07-18 11:00:00,10.40114,10.41118,10.4005,10.40462
2022-07-18 11:15:00,10.40448,10.42003,10.40306,10.41834
2022-07-18 11:30:00,10.41857,10.42464,10.41267,10.41737
2022-07-18 11:45:00,10.41735,10.42696,10.41381,10.4168
2022-07-18 12:00:00,10.41677,10.42434,10.40861,10.4089
2022-07-18 12:15:00,10.4083,10.41016,10.38917,10.39321
2022-07-18 12:30:00,10.39313,10.40726,10.39007,10.40722
2022-07-18 12:45:00,10.40729,10.4075,10.39097,10.39391
2022-07-18 13:00:00,10.39364,10.39413,10.38321,10.3837
2022-07-18 13:15:00,10.38386,10.3911,10.37115,10.38773
2022-07-18 13:30:00,10.38774,10.40038,10.38274,10.39673
2022-07-18 13:45:00,10.39677,10.39975,10.38826,10.38999
2022-07-18 14:00:00,10.38998,10.3953,10.38095,10.38505
2022-07-18 14:15:00,10.38493,10.38929,10.37928,10.3882
2022-07-18 14:30:00,10.38798,10.38833,10.3795,10.38373
2022-07-18 14:45:00,10.38336,10.39281,10.38053,10.38069
2022-07-18 15:00:00,10.38074,10.39482,10.37529,10.3874
2022-07-18 15:15:00,10.38705,10.4112,10.38651,10.40288
2022-07-18 15:30:00,10.40292,10.40298,10.38372,10.38372
2022-07-18 15:45:00,10.38371,10.38741,10.37701,10.38043
2022-07-18 16:00:00,10.37993,10.39406,10.37982,10.38079
2022-07-18 16:15:00,10.38086,10.38235,10.36429,10.36511
2022-07-18 16:30:00,10.36524,10.37318,10.35788,10.36055
2022-07-18 16:45:00,10.36063,10.36374,10.34704,10.35646
2022-07-18 17:00:00,10.35635,10.35635,10.34152,10.34927
2022-07-18 17:15:00,10.3492,10.35064,10.32991,10.33435
2022-07-18 17:30:00,10.33426,10.33486,10.31776,10.32377
2022-07-18 17:45:00,10.32355,10.32847,10.30696,10.31738
2022-07-18 18:00:00,10.31737,10.34142,10.31199,10.34025
2022-07-18 18:15:00,10.34036,10.34499,10.33673,10.34354
2022-07-18 18:30:00,10.34359,10.34552,10.33947,10.33987
2022-07-18 18:45:00,10.33987,10.34815,10.33979,10.34528
2022-07-18 19:00:00,10.34523,10.34928,10.33879,10.34
2022-07-18 19:15:00,10.34009,10.34086,10.32492,10.33773
2022-07-18 19:30:00,10.33772,10.35158,10.33761,10.349
2022-07-18 19:45:00,10.34899,10.35794,10.34829,10.35577
2022-07-18 20:00:00,10.35576,10.35619,10.34617,10.34666
2022-07-18 20:15:00,10.34664,10.35609,10.34332,10.35609
2022-07-18 20:30:00,10.3561,10.36944,10.35528,10.36468
2022-07-18 20:45:00,10.36472,10.37939,10.36154,10.37518
2022-07-18 21:00:00,10.37521,10.38239,10.3691,10.36965
2022-07-18 21:15:00,10.36964,10.38849,10.36424,10.37955
2022-07-18 21:30:00,10.37957,10.38293,10.37366,10.37721
2022-07-18 21:45:00,10.37716,10.38362,10.37592,10.38278
2022-07-18 22:00:00,10.3828,10.38406,10.37801,10.38329
2022-07-18 22:15:00,10.38315,10.3839,10.3806,10.38169
2022-07-18 22:30:00,10.38194,10.40595,10.38194,10.40451
2022-07-18 22:45:00,10.40387,10.40539,10.39351,10.39351
2022-07-18 23:00:00,10.39247,10.40253,10.3905,10.39636
2022-07-18 23:15:00,10.39639,10.40399,10.39505,10.40334
2022-07-18 23:30:00,10.403,10.40304,10.39665,10.39866
2022-07-18 23:45:00,10.39853,10.4028,10.38835,10.39372
2022-07-19 00:00:00,10.39365,10.39365,10.36992,10.38693
2022-07-19 00:15:00,10.38904,10.38922,10.38677,10.38677
2022-07-19 00:30:00,10.38646,10.39312,10.38612,10.39233
2022-07-19 00:45:00,10.3904,10.39627,10.38913,10.39401
2022-07-19 01:00:00,10.39308,10.39762,10.38992,10.39131
2022-07-19 01:15:00,10.39242,10.39681,10.39135,10.39492
2022-07-19 01:30:00,10.39497,10.39743,10.39429,10.39461
2022-07-19 01:45:00,10.39447,10.39966,10.39246,10.3991
2022-07-19 02:00:00,10.39904,10.40128,10.39463,10.39909
2022-07-19 02:15:00,10.3991,10.40026,10.39613,10.39691
2022-07-19 02:30:00,10.3969,10.39963,10.39616,10.39643
2022-07-19 02:45:00,10.39644,10.39759,10.38959,10.39041
2022-07-19 03:00:00,10.39075,10.3976,10.38671,10.39633
2022-07-19 03:15:00,10.39631,10.40469,10.39526,10.4029
2022-07-19 03:30:00,10.40286,10.40637,10.40144,10.40385
2022-07-19 03:45:00,10.40381,10.4114,10.40354,10.41084
2022-07-19 04:00:00,10.4108,10.41398,10.40724,10.40879
2022-07-19 04:15:00,10.40841,10.41222,10.40362,10.40525
2022-07-19 04:30:00,10.40521,10.40695,10.40143,10.40338
2022-07-19 04:45:00,10.40333,10.41863,10.40136,10.41679
2022-07-19 05:00:00,10.41692,10.41692,10.40616,10.40623
2022-07-19 05:15:00,10.40616,10.41055,10.40172,10.40793
2022-07-19 05:30:00,10.40788,10.41106,10.40479,10.40598
2022-07-19 05:45:00,10.40593,10.40991,10.4052,10.40827
2022-07-19 06:00:00,10.40831,10.4101,10.3981,10.40052
2022-07-19 06:15:00,10.40051,10.40505,10.39957,10.40056
2022-07-19 06:30:00,10.40062,10.40398,10.40001,10.40364
2022-07-19 06:45:00,10.40363,10.41444,10.40069,10.41181
2022-07-19 07:00:00,10.41184,10.41184,10.40195,10.40279
2022-07-19 07:15:00,10.40249,10.40381,10.40017,10.40144
2022-07-19 07:30:00,10.40142,10.40142,10.39741,10.39783
2022-07-19 07:45:00,10.39814,10.41178,10.38996,10.40777
2022-07-19 08:00:00,10.40779,10.4092,10.39157,10.39397
2022-07-19 08:15:00,10.39395,10.39703,10.38524,10.38684
2022-07-19 08:30:00,10.38685,10.38889,10.37759,10.38212
2022-07-19 08:45:00,10.3816,10.38885,10.38137,10.38278
2022-07-19 09:00:00,10.38354,10.38639,10.37335,10.37363
2022-07-19 09:15:00,10.37266,10.38161,10.36925,10.3693
2022-07-19 09:30:00,10.36871,10.38135,10.36671,10.36877
2022-07-19 09:45:00,10.36878,10.37102,10.35948,10.36613
2022-07-19 10:00:00,10.36614,10.36695,10.32789,10.33534
2022-07-19 10:15:00,10.33532,10.33676,10.31241,10.3154
2022-07-19 10:30:00,10.31615,10.31792,10.28379,10.29954
2022-07-19 10:45:00,10.29956,10.29957,10.26378,10.26808
2022-07-19 11:00:00,10.26763,10.27808,10.25562,10.27718
2022-07-19 11:15:00,10.27716,10.281,10.25471,10.27164
2022-07-19 11:30:00,10.27174,10.29936,10.26465,10.28223
2022-07-19 11:45:00,10.2822,10.28873,10.25997,10.2629
2022-07-19 12:00:00,10.2628,10.28325,10.2628,10.27622
2022-07-19 12:15:00,10.27613,10.28644,10.26403,10.27055
2022-07-19 12:30:00,10.27039,10.27616,10.24395,10.24964
2022-07-19 12:45:00,10.24974,10.25801,10.24476,10.25717
2022-07-19 13:00:00,10.25716,10.2572,10.23417,10.24814
2022-07-19 13:15:00,10.24815,10.25994,10.24807,10.2491
2022-07-19 13:30:00,10.24909,10.26086,10.23504,10.2472
2022-07-19 13:45:00,10.24722,10.2593,10.23089,10.23166
2022-07-19 14:00:00,10.23198,10.25023,10.23028,10.2314
2022-07-19 14:15:00,10.23129,10.23751,10.22734,10.22962
2022-07-19 14:30:00,10.22967,10.23363,10.21761,10.22278
2022-07-19 14:45:00,10.22282,10.23419,10.22256,10.23119
2022-07-19 15:00:00,10.23102,10.24432,10.22619,10.24337
2022-07-19 15:15:00,10.24331,10.26847,10.23851,10.26015
2022-07-19 15:30:00,10.26009,10.26686,10.24307,10.26662
2022-07-19 15:45:00,10.26637,10.26996,10.2568,10.26283
2022-07-19 16:00:00,10.26325,10.26345,10.24398,10.24558
2022-07-19 16:15:00,10.2458,10.24648,10.22541,10.24038
2022-07-19 16:30:00,10.2402,10.24027,10.22674,10.22674
2022-07-19 16:45:00,10.22638,10.23234,10.21663,10.21988
2022-07-19 17:00:00,10.22009,10.23494,10.19438,10.20757
2022-07-19 17:15:00,10.20676,10.23017,10.20115,10.20745
2022-07-19 17:30:00,10.20747,10.23514,10.20463,10.22964
2022-07-19 17:45:00,10.2296,10.23225,10.19529,10.19848
2022-07-19 18:00:00,10.19854,10.20699,10.19043,10.19781
2022-07-19 18:15:00,10.1978,10.22894,10.1962,10.2211
2022-07-19 18:30:00,10.22093,10.23066,10.20428,10.20854
2022-07-19 18:45:00,10.20855,10.21749,10.20577,10.21204
2022-07-19 19:00:00,10.21204,10.22316,10.21204,10.21651
2022-07-19 19:15:00,10.21593,10.21858,10.20857,10.2092
2022-07-19 19:30:00,10.20918,10.21942,10.20006,10.21812
2022-07-19 19:45:00,10.21811,10.22177,10.21579,10.21821
2022-07-19 20:00:00,10.21826,10.22285,10.21344,10.22023
2022-07-19 20:15:00,10.22029,10.22444,10.216,10.21912
2022-07-19 20:30:00,10.21914,10.2207,10.21644,10.21746
2022-07-19 20:45:00,10.21747,10.22454,10.21489,10.22062
2022-07-19 21:00:00,10.22061,10.22941,10.21758,10.22634
2022-07-19 21:15:00,10.22633,10.23235,10.22193,10.23233
2022-07-19 21:30:00,10.23238,10.23591,10.22452,10.22785
2022-07-19 21:45:00,10.22786,10.23333,10.22255,10.22373
2022-07-19 22:00:00,10.22386,10.23172,10.22386,10.22725
2022-07-19 22:15:00,10.22749,10.22939,10.22421,10.22762
2022-07-19 22:30:00,10.22759,10.23194,10.22507,10.22846
2022-07-19 22:45:00,10.22845,10.23978,10.22414,10.23176
2022-07-19 23:00:00,10.22987,10.23732,10.22704,10.2302
2022-07-19 23:15:00,10.23022,10.23235,10.22888,10.23005
2022-07-19 23:30:00,10.22992,10.23019,10.22651,10.2275
2022-07-19 23:45:00,10.22743,10.23341,10.21778,10.21815
2022-07-20 00:00:00,10.21504,10.23202,10.21298,10.22025
2022-07-20 00:15:00,10.22026,10.22892,10.21664,10.21854
2022-07-20 00:30:00,10.22032,10.23036,10.21953,10.22494
2022-07-20 00:45:00,10.22801,10.23129,10.21928,10.22276
2022-07-20 01:00:00,10.22437,10.22773,10.21511,10.22227
2022-07-20 01:15:00,10.22233,10.22328,10.21585,10.21656
2022-07-20 01:30:00,10.21662,10.21782,10.21199,10.21209
2022-07-20 01:45:00,10.21209,10.21368,10.2093,10.21356
2022-07-20 02:00:00,10.21359,10.2183,10.21279,10.21494
2022-07-20 02:15:00,10.21508,10.22086,10.21508,10.21951
2022-07-20 02:30:00,10.2197,10.22211,10.21744,10.2195
2022-07-20 02:45:00,10.21951,10.22093,10.21718,10.21978
2022-07-20 03:00:00,10.22072,10.221,10.21273,10.21475
2022-07-20 03:15:00,10.21466,10.21553,10.20634,10.20792
2022-07-20 03:30:00,10.20756,10.21163,10.1991,10.20527
2022-07-20 03:45:00,10.20533,10.2091,10.19922,10.20098
2022-07-20 04:00:00,10.20094,10.20717,10.19871,10.20638
2022-07-20 04:15:00,10.20635,10.21014,10.2042,10.20948
2022-07-20 04:30:00,10.20952,10.21389,10.20734,10.20987
2022-07-20 04:45:00,10.21001,10.21334,10.2082,10.2116
2022-07-20 05:00:00,10.21167,10.21544,10.20993,10.21166
2022-07-20 05:15:00,10.21154,10.21339,10.20756,10.21185
2022-07-20 05:30:00,10.21172,10.2128,10.20522,10.20522
2022-07-20 05:45:00,10.20528,10.2114,10.20299,10.20529
2022-07-20 06:00:00,10.2053,10.20874,10.20358,10.20364
2022-07-20 06:15:00,10.20366,10.20685,10.20161,10.20336
2022-07-20 06:30:00,10.20339,10.21026,10.20224,10.20797
2022-07-20 06:45:00,10.20796,10.2109,10.20748,10.20863
2022-07-20 07:00:00,10.2085,10.21279,10.20779,10.21225
2022-07-20 07:15:00,10.21217,10.21225,10.205,10.20995
2022-07-20 07:30:00,10.20986,10.21228,10.20569,10.20748
2022-07-20 07:45:00,10.2074,10.21189,10.20556,10.21122
2022-07-20 08:00:00,10.21124,10.21344,10.20806,10.21065
2022-07-20 08:15:00,10.21063,10.21724,10.20825,10.20995
2022-07-20 08:30:00,10.20996,10.22197,10.20987,10.21923
2022-07-20 08:45:00,10.21931,10.22608,10.21855,10.224
2022-07-20 09:00:00,10.2238,10.22998,10.22151,10.22805
2022-07-20 09:15:00,10.2282,10.23137,10.22206,10.2225
2022-07-20 09:30:00,10.22255,10.23028,10.2225,10.22887
2022-07-20 09:45:00,10.22888,10.22888,10.20705,10.20732
2022-07-20 10:00:00,10.20734,10.21315,10.19334,10.19919
2022-07-20 10:15:00,10.19945,10.20094,10.18448,10.20068
2022-07-20 10:30:00,10.20067,10.23454,10.19252,10.23363
2022-07-20 10:45:00,10.23331,10.24383,10.2259,10.24068
2022-07-20 11:00:00,10.24082,10.24894,10.21412,10.22454
2022-07-20 11:15:00,10.22459,10.23871,10.21917,10.23682
2022-07-20 11:30:00,10.23691,10.23765,10.22703,10.22808
2022-07-20 11:45:00,10.2279,10.23233,10.21714,10.22976
2022-07-20 12:00:00,10.22977,10.23312,10.21776,10.21978
2022-07-20 12:15:00,10.21982,10.22311,10.20812,10.21791
2022-07-20 12:30:00,10.21794,10.21859,10.20361,10.20649
2022-07-20 12:45:00,10.20669,10.21433,10.20183,10.20248
2022-07-20 13:00:00,10.20314,10.21676,10.20314,10.21462
2022-07-20 13:15:00,10.21464,10.22304,10.21096,10.21433
2022-07-20 13:30:00,10.21432,10.27572,10.21273,10.27053
2022-07-20 13:45:00,10.2707,10.28851,10.26243,10.26408
2022-07-20 14:00:00,10.26405,10.27001,10.24871,10.25083
2022-07-20 14:15:00,10.25084,10.26303,10.24571,10.2585
2022-07-20 14:30:00,10.25874,10.27699,10.25402,10.27386
2022-07-20 14:45:00,10.27385,10.27855,10.26064,10.26455
2022-07-20 15:00:00,10.26468,10.26814,10.25263,10.25483
2022-07-20 15:15:00,10.25482,10.27611,10.24986,10.26347
2022-07-20 15:30:00,10.26339,10.26769,10.25319,10.2618
2022-07-20 15:45:00,10.26175,10.26373,10.22395,10.23503
2022-07-20 16:00:00,10.2349,10.23728,10.21785,10.22043
2022-07-20 16:15:00,10.22049,10.22479,10.21086,10.21786
2022-07-20 16:30:00,10.21801,10.22895,10.21119,10.22674
2022-07-20 16:45:00,10.22639,10.24237,10.22477,10.24157
2022-07-20 17:00:00,10.24186,10.246,10.234,10.23967
2022-07-20 17:15:00,10.23952,10.24484,10.2294,10.23642
2022-07-20 17:30:00,10.23613,10.24327,10.22659,10.23527
2022-07-20 17:45:00,10.23531,10.24097,10.21835,10.22943
2022-07-20 18:00:00,10.22988,10.24558,10.22675,10.23532
2022-07-20 18:15:00,10.23551,10.23923,10.22786,10.23415
2022-07-20 18:30:00,10.23406,10.23717,10.22463,10.22739
2022-07-20 18:45:00,10.22741,10.23206,10.21716,10.21919
2022-07-20 19:00:00,10.21921,10.22224,10.21593,10.21875
2022-07-20 19:15:00,10.21873,10.22537,10.21817,10.22512
2022-07-20 19:30:00,10.22516,10.24942,10.22295,10.24463
2022-07-20 19:45:00,10.244,10.25834,10.23522,10.24086
2022-07-20 20:00:00,10.24062,10.26747,10.23412,10.25851
2022-07-20 20:15:00,10.25855,10.26916,10.25833,10.26577
2022-07-20 20:30:00,10.26572,10.2767,10.25927,10.2754
2022-07-20 20:45:00,10.27536,10.2844,10.26742,10.27781
2022-07-20 21:00:00,10.27787,10.27836,10.2639,10.26658
2022-07-20 21:15:00,10.26671,10.27005,10.256,10.25633
2022-07-20 21:30:00,10.25629,10.26292,10.25096,10.25185
2022-07-20 21:45:00,10.25172,10.25246,10.24781,10.24995
2022-07-20 22:00:00,10.2498,10.25029,10.24178,10.24905
2022-07-20 22:15:00,10.24906,10.25099,10.24754,10.24834
2022-07-20 22:30:00,10.24829,10.2501,10.24593,10.24675
2022-07-20 22:45:00,10.24679,10.25559,10.24674,10.24854
2022-07-20 23:00:00,10.24828,10.24917,10.24614,10.24902
2022-07-20 23:15:00,10.24904,10.2503,10.24778,10.24866
2022-07-20 23:30:00,10.24862,10.25087,10.2452,10.24655
2022-07-20 23:45:00,10.24638,10.24651,10.23814,10.23928
2022-07-21 00:00:00,10.23899,10.24529,10.22478,10.24042
2022-07-21 00:15:00,10.23997,10.24507,10.23959,10.24483
2022-07-21 00:30:00,10.24484,10.24732,10.24484,10.24728
2022-07-21 00:45:00,10.24691,10.24735,10.24333,10.24346
2022-07-21 01:00:00,10.24336,10.25007,10.2382,10.24218
2022-07-21 01:15:00,10.24223,10.24227,10.23796,10.24085
2022-07-21 01:30:00,10.24077,10.24439,10.23988,10.24334
2022-07-21 01:45:00,10.24335,10.24719,10.24252,10.24548
2022-07-21 02:00:00,10.2454,10.24892,10.24292,10.24435
2022-07-21 02:15:00,10.24433,10.25301,10.24424,10.24884
2022-07-21 02:30:00,10.24849,10.25246,10.24844,10.24917
2022-07-21 02:45:00,10.24926,10.25088,10.2435,10.24498
2022-07-21 03:00:00,10.24454,10.25282,10.24227,10.24229
2022-07-21 03:15:00,10.24227,10.24571,10.23991,10.24125
2022-07-21 03:30:00,10.2412,10.24285,10.23598,10.23759
2022-07-21 03:45:00,10.23757,10.24316,10.23185,10.23908
2022-07-21 04:00:00,10.23907,10.24806,10.23848,10.24447
2022-07-21 04:15:00,10.24443,10.24554,10.23813,10.23925
2022-07-21 04:30:00,10.23901,10.24081,10.23088,10.23328
2022-07-21 04:45:00,10.23329,10.23618,10.23127,10.23233
2022-07-21 05:00:00,10.23232,10.23584,10.22976,10.23213
2022-07-21 05:15:00,10.23199,10.23371,10.2229,10.22393
2022-07-21 05:30:00,10.22396,10.22447,10.21903,10.21976
2022-07-21 05:45:00,10.21975,10.22131,10.21584,10.21795
2022-07-21 06:00:00,10.21796,10.22021,10.21284,10.2161
2022-07-21 06:15:00,10.21606,10.21821,10.21419,10.21796
2022-07-21 06:30:00,10.21795,10.22255,10.21743,10.22039
2022-07-21 06:45:00,10.22038,10.22113,10.21644,10.21744
2022-07-21 07:00:00,10.21742,10.22178,10.21641,10.21916
2022-07-21 07:15:00,10.21914,10.21951,10.2141,10.21837
2022-07-21 07:30:00,10.21842,10.21974,10.19996,10.21257
2022-07-21 07:45:00,10.21265,10.21461,10.20076,10.2067
2022-07-21 08:00:00,10.20665,10.2102,10.19864,10.20075
2022-07-21 08:15:00,10.20078,10.21726,10.20017,10.20935
2022-07-21 08:30:00,10.20894,10.21405,10.20259,10.20443
2022-07-21 08:45:00,10.2046,10.2063,10.198,10.2029
2022-07-21 09:00:00,10.20293,10.20933,10.195,10.19707
2022-07-21 09:15:00,10.19712,10.21324,10.19712,10.21207
2022-07-21 09:30:00,10.21204,10.22179,10.20379,10.20829
2022-07-21 09:45:00,10.20831,10.22364,10.20647,10.21758
2022-07-21 10:00:00,10.21759,10.21975,10.20645,10.21055
2022-07-21 10:15:00,10.21226,10.22793,10.20732,10.22718
2022-07-21 10:30:00,10.22734,10.22734,10.20961,10.22143
2022-07-21 10:45:00,10.22147,10.24227,10.22147,10.23685
2022-07-21 11:00:00,10.23688,10.25868,10.23458,10.25252
2022-07-21 11:15:00,10.25253,10.25792,10.24098,10.24321
2022-07-21 11:30:00,10.2432,10.25786,10.23246,10.24941
2022-07-21 11:45:00,10.24916,10.25094,10.22638,10.23273
2022-07-21 12:00:00,10.23276,10.25225,10.23276,10.24984
2022-07-21 12:15:00,10.24983,10.25549,10.24349,10.2437
2022-07-21 12:30:00,10.24372,10.25255,10.24028,10.24758
2022-07-21 12:45:00,10.24756,10.24821,10.23475,10.24122
2022-07-21 13:00:00,10.24098,10.24404,10.22454,10.22471
2022-07-21 13:15:00,10.22472,10.23716,10.2192,10.21967
2022-07-21 13:30:00,10.21946,10.23415,10.21887,10.23067
2022-07-21 13:45:00,10.23068,10.23875,10.22819,10.23169
2022-07-21 14:00:00,10.23154,10.24129,10.22769,10.23782
2022-07-21 14:15:00,10.23789,10.24542,10.23366,10.23568
2022-07-21 14:30:00,10.23569,10.24332,10.22719,10.22845
2022-07-21 14:45:00,10.22846,10.23299,10.21659,10.22879
2022-07-21 15:00:00,10.22906,10.22984,10.21221,10.22012
2022-07-21 15:15:00,10.22036,10.22249,10.16227,10.17856
2022-07-21 15:30:00,10.17863,10.1801,10.14845,10.14864
2022-07-21 15:45:00,10.14875,10.16941,10.14821,10.15796
2022-07-21 16:00:00,10.1579,10.22717,10.14921,10.22448
2022-07-21 16:15:00,10.22436,10.27516,10.21726,10.2609
2022-07-21 16:30:00,10.26029,10.27345,10.2413,10.25401
2022-07-21 16:45:00,10.25369,10.25651,10.20098,10.20748
2022-07-21 17:00:00,10.20716,10.2537,10.20562,10.25235
2022-07-21 17:15:00,10.25232,10.26037,10.23598,10.25862
2022-07-21 17:30:00,10.25905,10.26364,10.23629,10.23969
2022-07-21 17:45:00,10.2394,10.24392,10.21814,10.22145
2022-07-21 18:00:00,10.22151,10.23092,10.20731,10.22706
2022-07-21 18:15:00,10.2271,10.24122,10.22293,10.22944
2022-07-21 18:30:00,10.22847,10.23418,10.21793,10.22118
2022-07-21 18:45:00,10.22105,10.2328,10.2108,10.23064
2022-07-21 19:00:00,10.23093,10.24821,10.23059,10.247
2022-07-21 19:15:00,10.24689,10.25087,10.22248,10.22429
2022-07-21 19:30:00,10.22438,10.24167,10.22244,10.24066
2022-07-21 19:45:00,10.24068,10.24291,10.23551,10.23678
2022-07-21 20:00:00,10.23737,10.23871,10.23156,10.23563
2022-07-21 20:15:00,10.23562,10.2387,10.2314,10.23291
2022-07-21 20:30:00,10.23284,10.24116,10.22957,10.23064
2022-07-21 20:45:00,10.23066,10.23746,10.22925,10.23708
2022-07-21 21:00:00,10.23715,10.24093,10.22689,10.22788
2022-07-21 21:15:00,10.22783,10.23039,10.22168,10.22788
2022-07-21 21:30:00,10.22784,10.22925,10.22075,10.22925
2022-07-21 21:45:00,10.22865,10.23274,10.2244,10.22843
2022-07-21 22:00:00,10.22844,10.23048,10.22346,10.22771
2022-07-21 22:15:00,10.22772,10.22998,10.22455,10.22733
2022-07-21 22:30:00,10.22732,10.22786,10.22175,10.22183
2022-07-21 22:45:00,10.22178,10.22374,10.2024,10.20571
2022-07-21 23:00:00,10.20569,10.20999,10.19882,10.20233
2022-07-21 23:15:00,10.20236,10.20362,10.19098,10.19764
2022-07-21 23:30:00,10.19742,10.19868,10.19122,10.1952
2022-07-21 23:45:00,10.1953,10.19761,10.17332,10.17707
2022-07-22 00:00:00,10.17736,10.18113,10.16866,10.18066
2022-07-22 00:15:00,10.18065,10.18175,10.17815,10.179
2022-07-22 00:30:00,10.17894,10.18101,10.17807,10.17828
2022-07-22 00:45:00,10.17829,10.18011,10.17729,10.17814
2022-07-22 01:00:00,10.17808,10.18794,10.17462,10.18692
2022-07-22 01:15:00,10.18698,10.18972,10.18557,10.18823
2022-07-22 01:30:00,10.18824,10.18913,10.18697,10.18728
2022-07-22 01:45:00,10.18726,10.18827,10.18397,10.1869
2022-07-22 02:00:00,10.18703,10.18748,10.18392,10.18652
2022-07-22 02:15:00,10.1864,10.18803,10.18424,10.18655
2022-07-22 02:30:00,10.1865,10.18748,10.18178,10.18297
2022-07-22 02:45:00,10.18296,10.19248,10.18247,10.19221
2022-07-22 03:00:00,10.19124,10.19825,10.18905,10.19796
2022-07-22 03:15:00,10.19803,10.20057,10.19509,10.19855
2022-07-22 03:30:00,10.19876,10.2047,10.19771,10.20326
2022-07-22 03:45:00,10.20332,10.20611,10.20015,10.20526
2022-07-22 04:00:00,10.20516,10.21414,10.20033,10.21227
2022-07-22 04:15:00,10.21267,10.22067,10.21227,10.21658
2022-07-22 04:30:00,10.21659,10.21659,10.20666,10.20776
2022-07-22 04:45:00,10.20771,10.21276,10.20704,10.20865
2022-07-22 05:00:00,10.20864,10.21578,10.20749,10.21469
2022-07-22 05:15:00,10.21471,10.22039,10.21428,10.21914
2022-07-22 05:30:00,10.21915,10.21932,10.213,10.21394
2022-07-22 05:45:00,10.21396,10.21947,10.21162,10.21878
2022-07-22 06:00:00,10.21887,10.22589,10.21544,10.22395
2022-07-22 06:15:00,10.22391,10.23051,10.22037,10.23004
2022-07-22 06:30:00,10.22976,10.23386,10.22222,10.23009
2022-07-22 06:45:00,10.23003,10.23094,10.22469,10.22476
2022-07-22 07:00:00,10.22497,10.22807,10.22236,10.22515
2022-07-22 07:15:00,10.22521,10.22803,10.22308,10.22746
2022-07-22 07:30:00,10.22742,10.23401,10.22737,10.2333
2022-07-22 07:45:00,10.23329,10.23857,10.23247,10.23818
2022-07-22 08:00:00,10.23826,10.24245,10.23391,10.24042
2022-07-22 08:15:00,10.24041,10.24146,10.2381,10.23868
2022-07-22 08:30:00,10.23869,10.23989,10.23465,10.23577
2022-07-22 08:45:00,10.23578,10.24121,10.23186,10.24011
2022-07-22 09:00:00,10.24012,10.24322,10.2316,10.23418
2022-07-22 09:15:00,10.23428,10.23929,10.22441,10.22593
2022-07-22 09:30:00,10.22592,10.22997,10.21899,10.21931
2022-07-22 09:45:00,10.21933,10.22112,10.20113,10.20148
2022-07-22 10:00:00,10.20149,10.20946,10.19703,10.1998
2022-07-22 10:15:00,10.20166,10.22994,10.20166,10.22597
2022-07-22 10:30:00,10.22774,10.28205,10.22774,10.27064
2022-07-22 10:45:00,10.27075,10.27103,10.259,10.26431
2022-07-22 11:00:00,10.26374,10.2676,10.25253,10.26439
2022-07-22 11:15:00,10.26455,10.26486,10.24968,10.25615
2022-07-22 11:30:00,10.25616,10.25844,10.23895,10.25443
2022-07-22 11:45:00,10.25434,10.26041,10.24394,10.26021
2022-07-22 12:00:00,10.2602,10.2619,10.24289,10.25358
2022-07-22 12:15:00,10.25342,10.25966,10.24934,10.25824
2022-07-22 12:30:00,10.25826,10.27253,10.25341,10.25535
2022-07-22 12:45:00,10.25534,10.25811,10.24961,10.25218
2022-07-22 13:00:00,10.25242,10.26606,10.24836,10.26516
2022-07-22 13:15:00,10.26505,10.27017,10.25233,10.25699
2022-07-22 13:30:00,10.25694,10.26454,10.25172,10.25885
2022-07-22 13:45:00,10.2589,10.2591,10.24083,10.24083
2022-07-22 14:00:00,10.24069,10.2513,10.24069,10.25019
2022-07-22 14:15:00,10.25017,10.26275,10.24666,10.25492
2022-07-22 14:30:00,10.25485,10.26334,10.24866,10.25785
2022-07-22 14:45:00,10.258,10.25813,10.23748,10.24949
2022-07-22 15:00:00,10.24974,10.2519,10.23368,10.23826
2022-07-22 15:15:00,10.23824,10.24495,10.22802,10.23077
2022-07-22 15:30:00,10.23003,10.25662,10.22494,10.25159
2022-07-22 15:45:00,10.25158,10.25357,10.24178,10.24344
2022-07-22 16:00:00,10.24332,10.24933,10.23312,10.23656
2022-07-22 16:15:00,10.23664,10.24652,10.23625,10.24188
2022-07-22 16:30:00,10.24193,10.247,10.21361,10.22154
2022-07-22 16:45:00,10.22145,10.22145,10.18118,10.19297
2022-07-22 17:00:00,10.19308,10.20602,10.17999,10.18401
2022-07-22 17:15:00,10.18481,10.20121,10.17349,10.19619
2022-07-22 17:30:00,10.19621,10.21066,10.19603,10.20336
2022-07-22 17:45:00,10.20339,10.20496,10.18886,10.19895
2022-07-22 18:00:00,10.19895,10.20654,10.19029,10.20156
2022-07-22 18:15:00,10.20173,10.21469,10.1982,10.20944
2022-07-22 18:30:00,10.20902,10.2247,10.20663,10.21732
2022-07-22 18:45:00,10.21741,10.22629,10.20498,10.20541
2022-07-22 19:00:00,10.20511,10.22239,10.20484,10.21856
2022-07-22 19:15:00,10.21858,10.22135,10.21063,10.21063
2022-07-22 19:30:00,10.21087,10.21615,10.20047,10.20469
2022-07-22 19:45:00,10.20468,10.20804,10.19853,10.20744
2022-07-22 20:00:00,10.20718,10.2142,10.20064,10.2129
2022-07-22 20:15:00,10.21286,10.21716,10.21044,10.21304
2022-07-22 20:30:00,10.21303,10.22269,10.21303,10.21841
2022-07-22 20:45:00,10.21842,10.22188,10.21483,10.21966
2022-07-22 21:00:00,10.21965,10.24274,10.21431,10.24223
2022-07-22 21:15:00,10.24196,10.24196,10.23413,10.23957
2022-07-22 21:30:00,10.2395,10.25016,10.23524,10.24842
2022-07-22 21:45:00,10.24832,10.25491,10.24491,10.24787
2022-07-22 22:00:00,10.24771,10.25177,10.2412,10.24243
2022-07-22 22:15:00,10.24179,10.24416,10.23555,10.24168
2022-07-22 22:30:00,10.24167,10.24301,10.23177,10.2345
2022-07-22 22:45:00,10.23451,10.2376,10.21946,10.22245
2022-07-22 23:00:00,10.22148,10.22726,10.22021,10.22533
2022-07-22 23:15:00,10.22538,10.2258,10.21617,10.21837
2022-07-22 23:30:00,10.21812,10.22059,10.21188,10.21446
2022-07-22 23:45:00,10.21457,10.22018,10.21272,10.21418
2022-07-25 00:00:00,10.17739,10.19428,10.177,10.19411
2022-07-25 00:15:00,10.1941,10.19478,10.1867,10.19325
2022-07-25 00:30:00,10.19326,10.19467,10.18504,10.19265
2022-07-25 00:45:00,10.19451,10.1949,10.1772,10.19271
2022-07-25 01:00:00,10.19442,10.2045,10.18884,10.20022
2022-07-25 01:15:00,10.20024,10.20404,10.1965,10.19938
2022-07-25 01:30:00,10.19992,10.20459,10.19765,10.20163
2022-07-25 01:45:00,10.20253,10.20629,10.19938,10.20609
2022-07-25 02:00:00,10.20618,10.21133,10.19902,10.21113
2022-07-25 02:15:00,10.21116,10.2215,10.20531,10.2174
2022-07-25 02:30:00,10.21726,10.22213,10.21632,10.22174
2022-07-25 02:45:00,10.22175,10.22666,10.21797,10.22617
2022-07-25 03:00:00,10.22601,10.24556,10.22441,10.23435
2022-07-25 03:15:00,10.23431,10.23829,10.23276,10.2363
2022-07-25 03:30:00,10.23625,10.24677,10.23603,10.24295
2022-07-25 03:45:00,10.24294,10.25264,10.24172,10.25255
2022-07-25 04:00:00,10.25256,10.25388,10.24302,10.24725
2022-07-25 04:15:00,10.24724,10.25091,10.24522,10.25005
2022-07-25 04:30:00,10.25007,10.2508,10.23527,10.23857
2022-07-25 04:45:00,10.23859,10.2397,10.23425,10.23536
2022-07-25 05:00:00,10.23535,10.23734,10.22272,10.22756
2022-07-25 05:15:00,10.22755,10.22842,10.22187,10.2277
2022-07-25 05:30:00,10.22771,10.23057,10.21851,10.22052
2022-07-25 05:45:00,10.22048,10.22598,10.21832,10.22091
2022-07-25 06:00:00,10.2207,10.22533,10.21895,10.22332
2022-07-25 06:15:00,10.22333,10.22662,10.22112,10.22525
2022-07-25 06:30:00,10.22524,10.2273,10.21982,10.2227
2022-07-25 06:45:00,10.2226,10.22584,10.22035,10.2234
2022-07-25 07:00:00,10.22307,10.22307,10.21871,10.22235
2022-07-25 07:15:00,10.22243,10.2247,10.21868,10.21977
2022-07-25 07:30:00,10.21976,10.22791,10.21953,10.22776
2022-07-25 07:45:00,10.22777,10.23084,10.22777,10.22897
2022-07-25 08:00:00,10.22919,10.23847,10.22748,10.23822
2022-07-25 08:15:00,10.23828,10.24223,10.23537,10.23599
2022-07-25 08:30:00,10.23604,10.24453,10.23531,10.24414
2022-07-25 08:45:00,10.24396,10.245,10.23508,10.23839
2022-07-25 09:00:00,10.23836,10.24326,10.22858,10.22973
2022-07-25 09:15:00,10.22963,10.23923,10.22712,10.2379
2022-07-25 09:30:00,10.23774,10.24128,10.23,10.23388
2022-07-25 09:45:00,10.23387,10.23387,10.21594,10.22224
2022-07-25 10:00:00,10.22231,10.22391,10.19994,10.20068
2022-07-25 10:15:00,10.20097,10.22266,10.18896,10.21038
2022-07-25 10:30:00,10.2105,10.21939,10.20364,10.2139
2022-07-25 10:45:00,10.21371,10.21807,10.20545,10.2113
2022-07-25 11:00:00,10.21133,10.23167,10.19722,10.20103
2022-07-25 11:15:00,10.20096,10.20617,10.18519,10.19473
2022-07-25 11:30:00,10.19464,10.19497,10.17209,10.18652
2022-07-25 11:45:00,10.18652,10.18721,10.16566,10.17356
2022-07-25 12:00:00,10.1732,10.17577,10.1437,10.14809
2022-07-25 12:15:00,10.14803,10.15204,10.14342,10.14516
2022-07-25 12:30:00,10.14504,10.14986,10.13835,10.14795
2022-07-25 12:45:00,10.14782,10.1515,10.14185,10.14401
2022-07-25 13:00:00,10.14426,10.15197,10.14351,10.14868
2022-07-25 13:15:00,10.14883,10.17106,10.14849,10.16944
2022-07-25 13:30:00,10.16935,10.17838,10.16928,10.17486
2022-07-25 13:45:00,10.17471,10.17715,10.15925,10.15925
2022-07-25 14:00:00,10.15903,10.16987,10.15306,10.15697
2022-07-25 14:15:00,10.15698,10.15846,10.13449,10.14969
2022-07-25 14:30:00,10.14973,10.15944,10.14518,10.15476
2022-07-25 14:45:00,10.15473,10.16312,10.15002,10.15902
2022-07-25 15:00:00,10.15863,10.16568,10.15171,10.15457
2022-07-25 15:15:00,10.15458,10.16208,10.1496,10.16056
2022-07-25 15:30:00,10.16046,10.16548,10.15163,10.15676
2022-07-25 15:45:00,10.15667,10.162,10.14976,10.15301
2022-07-25 16:00:00,10.15306,10.16577,10.14831,10.16375
2022-07-25 16:15:00,10.16374,10.16618,10.14598,10.1518
2022-07-25 16:30:00,10.15195,10.1696,10.15134,10.15771
2022-07-25 16:45:00,10.15768,10.16489,10.14706,10.15235
2022-07-25 17:00:00,10.15259,10.15396,10.13995,10.14742
2022-07-25 17:15:00,10.14743,10.18206,10.1471,10.17406
2022-07-25 17:30:00,10.17385,10.1969,10.1704,10.18406
2022-07-25 17:45:00,10.18411,10.19417,10.1756,10.18812
2022-07-25 18:00:00,10.18811,10.19921,10.18275,10.19791
2022-07-25 18:15:00,10.19803,10.2022,10.19514,10.19646
2022-07-25 18:30:00,10.19628,10.19763,10.18663,10.18811
2022-07-25 18:45:00,10.18817,10.20133,10.18512,10.19309
2022-07-25 19:00:00,10.193,10.19923,10.18905,10.1974
2022-07-25 19:15:00,10.19737,10.19994,10.19309,10.19395
2022-07-25 19:30:00,10.19381,10.1946,10.18616,10.18663
2022-07-25 19:45:00,10.18692,10.18986,10.18075,10.18689
2022-07-25 20:00:00,10.18695,10.18744,10.17656,10.17687
2022-07-25 20:15:00,10.17689,10.18119,10.17671,10.17859
2022-07-25 20:30:00,10.17867,10.19182,10.1778,10.18996
2022-07-25 20:45:00,10.18992,10.19553,10.18694,10.18855
2022-07-25 21:00:00,10.18861,10.19273,10.18096,10.18195
2022-07-25 21:15:00,10.18202,10.18948,10.18199,10.18679
2022-07-25 21:30:00,10.18678,10.18928,10.18249,10.18466
2022-07-25 21:45:00,10.18457,10.19211,10.18443,10.18992
2022-07-25 22:00:00,10.19017,10.19283,10.1878,10.18837
2022-07-25 22:15:00,10.1884,10.18891,10.18561,10.18713
2022-07-25 22:30:00,10.18725,10.19007,10.1843,10.18972
2022-07-25 22:45:00,10.18971,10.18989,10.18507,10.18909
2022-07-25 23:00:00,10.18902,10.19132,10.18376,10.18547
2022-07-25 23:15:00,10.18555,10.19034,10.18391,10.18651
2022-07-25 23:30:00,10.18625,10.18987,10.18625,10.18936
2022-07-25 23:45:00,10.18935,10.19285,10.18705,10.1873
2022-07-26 00:00:00,10.1872,10.1872,10.15908,10.18005
2022-07-26 00:15:00,10.18004,10.18153,10.17642,10.17656
2022-07-26 00:30:00,10.17649,10.18004,10.17567,10.17604
2022-07-26 00:45:00,10.17706,10.18568,10.17611,10.17932
2022-07-26 01:00:00,10.17889,10.18482,10.1743,10.18257
2022-07-26 01:15:00,10.18255,10.18466,10.18239,10.18426
2022-07-26 01:30:00,10.18432,10.1847,10.1836,10.18421
2022-07-26 01:45:00,10.18415,10.18562,10.18198,10.18523
2022-07-26 02:00:00,10.18522,10.18731,10.18082,10.18555
2022-07-26 02:15:00,10.18555,10.18771,10.18323,10.18707
2022-07-26 02:30:00,10.18731,10.19111,10.18583,10.18777
2022-07-26 02:45:00,10.18779,10.18793,10.18364,10.18622
2022-07-26 03:00:00,10.1843,10.1843,10.17753,10.17973
2022-07-26 03:15:00,10.17976,10.18442,10.17546,10.18058
2022-07-26 03:30:00,10.18062,10.18536,10.17496,10.18005
2022-07-26 03:45:00,10.1801,10.18395,10.17755,10.17826
2022-07-26 04:00:00,10.17825,10.18102,10.16967,10.17374
2022-07-26 04:15:00,10.17343,10.17397,10.16246,10.16377
2022-07-26 04:30:00,10.16371,10.16717,10.15511,10.16022
2022-07-26 04:45:00,10.16027,10.16745,10.1602,10.16606
2022-07-26 05:00:00,10.16607,10.17253,10.1655,10.16971
2022-07-26 05:15:00,10.16965,10.17428,10.16891,10.17171
2022-07-26 05:30:00,10.17162,10.17273,10.1672,10.169
2022-07-26 05:45:00,10.16904,10.1727,10.16156,10.17201
2022-07-26 06:00:00,10.17215,10.17257,10.16774,10.17198
2022-07-26 06:15:00,10.17205,10.17472,10.17093,10.17417
2022-07-26 06:30:00,10.17384,10.1828,10.17364,10.17949
2022-07-26 06:45:00,10.17936,10.18316,10.17903,10.18023
2022-07-26 07:00:00,10.18029,10.18474,10.17975,10.1812
2022-07-26 07:15:00,10.18138,10.18489,10.17853,10.18438
2022-07-26 07:30:00,10.18437,10.18867,10.18151,10.18784
2022-07-26 07:45:00,10.18778,10.18787,10.18419,10.18605
2022-07-26 08:00:00,10.18656,10.18951,10.1843,10.18681
2022-07-26 08:15:00,10.18682,10.19253,10.18563,10.18919
2022-07-26 08:30:00,10.18881,10.19497,10.18765,10.1934
2022-07-26 08:45:00,10.19332,10.2064,10.19235,10.20318
2022-07-26 09:00:00,10.2032,10.2032,10.19466,10.20194
2022-07-26 09:15:00,10.20198,10.20203,10.19559,10.19615
2022-07-26 09:30:00,10.19618,10.20003,10.18877,10.19224
2022-07-26 09:45:00,10.19226,10.21507,10.18898,10.21303
2022-07-26 10:00:00,10.21306,10.21504,10.20009,10.20206
2022-07-26 10:15:00,10.20265,10.21551,10.18853,10.19168
2022-07-26 10:30:00,10.19163,10.20834,10.18931,10.20313
2022-07-26 10:45:00,10.2031,10.21428,10.20114,10.20806
2022-07-26 11:00:00,10.20804,10.2262,10.20264,10.21956
2022-07-26 11:15:00,10.21958,10.22374,10.21434,10.2151
2022-07-26 11:30:00,10.21434,10.22214,10.21086,10.21376
2022-07-26 11:45:00,10.21361,10.2266,10.21321,10.22133
2022-07-26 12:00:00,10.22126,10.23093,10.22044,10.22857
2022-07-26 12:15:00,10.22843,10.25722,10.22735,10.24865
2022-07-26 12:30:00,10.24928,10.257,10.247,10.25381
2022-07-26 12:45:00,10.25389,10.26144,10.24995,10.25758
2022-07-26 13:00:00,10.25772,10.28256,10.25248,10.28143
2022-07-26 13:15:00,10.28137,10.3005,10.28005,10.28362
2022-07-26 13:30:00,10.28364,10.29939,10.28364,10.29088
2022-07-26 13:45:00,10.29094,10.29735,10.28543,10.28646
2022-07-26 14:00:00,10.28612,10.29575,10.28301,10.29493
2022-07-26 14:15:00,10.29497,10.30411,10.29147,10.29316
2022-07-26 14:30:00,10.29312,10.3146,10.29212,10.31238
2022-07-26 14:45:00,10.31231,10.31231,10.29951,10.30647
2022-07-26 15:00:00,10.30648,10.31509,10.30453,10.31393
2022-07-26 15:15:00,10.31394,10.32504,10.31247,10.31688
2022-07-26 15:30:00,10.31687,10.31847,10.29339,10.30195
2022-07-26 15:45:00,10.30215,10.30897,10.29003,10.29064
2022-07-26 16:00:00,10.29075,10.30726,10.28844,10.30513
2022-07-26 16:15:00,10.30499,10.30539,10.29185,10.29254
2022-07-26 16:30:00,10.29317,10.30356,10.29058,10.29911
2022-07-26 16:45:00,10.29902,10.3172,10.27936,10.27936
2022-07-26 17:00:00,10.28039,10.32094,10.27605,10.31944
2022-07-26 17:15:00,10.31975,10.32209,10.30061,10.30265
2022-07-26 17:30:00,10.30276,10.3074,10.29409,10.30322
2022-07-26 17:45:00,10.30306,10.31198,10.29644,10.3015
2022-07-26 18:00:00,10.30149,10.30677,10.29709,10.30091
2022-07-26 18:15:00,10.30083,10.32178,10.29863,10.318
2022-07-26 18:30:00,10.3179,10.3266,10.31497,10.32266
2022-07-26 18:45:00,10.32268,10.33093,10.31888,10.32686
2022-07-26 19:00:00,10.32696,10.33721,10.32406,10.33697
2022-07-26 19:15:00,10.33675,10.33687,10.31741,10.31908
2022-07-26 19:30:00,10.31906,10.32085,10.31339,10.31602
2022-07-26 19:45:00,10.31612,10.31765,10.31221,10.31383
2022-07-26 20:00:00,10.31385,10.31481,10.30667,10.30737
2022-07-26 20:15:00,10.30735,10.31968,10.30596,10.31353
2022-07-26 20:30:00,10.3134,10.3234,10.31323,10.31542
2022-07-26 20:45:00,10.31545,10.32719,10.31424,10.32138
2022-07-26 21:00:00,10.32132,10.32157,10.31231,10.31576
2022-07-26 21:15:00,10.31578,10.32546,10.31573,10.31934
2022-07-26 21:30:00,10.31937,10.32395,10.31817,10.32186
2022-07-26 21:45:00,10.32201,10.32551,10.31964,10.32489
2022-07-26 22:00:00,10.325,10.32741,10.32205,10.32604
2022-07-26 22:15:00,10.32603,10.3286,10.32392,10.32392
2022-07-26 22:30:00,10.32393,10.32826,10.31791,10.3252
2022-07-26 22:45:00,10.32525,10.33097,10.32033,10.33097
2022-07-26 23:00:00,10.33101,10.33101,10.31415,10.32353
2022-07-26 23:15:00,10.32355,10.32777,10.32282,10.32535
2022-07-26 23:30:00,10.32498,10.32536,10.31905,10.32006
2022-07-26 23:45:00,10.3201,10.32476,10.31018,10.31043
2022-07-27 00:00:00,10.30301,10.30727,10.28995,10.30197
2022-07-27 00:15:00,10.30176,10.30176,10.29626,10.29744
2022-07-27 00:30:00,10.29733,10.30061,10.29545,10.29918
2022-07-27 00:45:00,10.29917,10.30243,10.29613,10.29778
2022-07-27 01:00:00,10.29983,10.31898,10.29722,10.30386
2022-07-27 01:15:00,10.30387,10.30964,10.30252,10.30902
2022-07-27 01:30:00,10.30903,10.31017,10.30698,10.30916
2022-07-27 01:45:00,10.30923,10.30968,10.30674,10.30787
2022-07-27 02:00:00,10.30768,10.311,10.30457,10.30492
2022-07-27 02:15:00,10.30489,10.30738,10.30285,10.30416
2022-07-27 02:30:00,10.30417,10.30727,10.30282,10.30619
2022-07-27 02:45:00,10.30622,10.30807,10.30551,10.30781
2022-07-27 03:00:00,10.30756,10.30927,10.29942,10.30148
2022-07-27 03:15:00,10.30147,10.30148,10.29435,10.29887
2022-07-27 03:30:00,10.29834,10.30304,10.29402,10.2952
2022-07-27 03:45:00,10.29522,10.30067,10.2916,10.29639
2022-07-27 04:00:00,10.29645,10.2979,10.28822,10.29097
2022-07-27 04:15:00,10.29168,10.296,10.28977,10.29436
2022-07-27 04:30:00,10.29382,10.29796,10.28747,10.29151
2022-07-27 04:45:00,10.29155,10.29469,10.28739,10.28957
2022-07-27 05:00:00,10.28956,10.29575,10.28714,10.29568
2022-07-27 05:15:00,10.29569,10.30042,10.2935,10.29762
2022-07-27 05:30:00,10.29761,10.29966,10.29108,10.29512
2022-07-27 05:45:00,10.29515,10.30096,10.29421,10.29749
2022-07-27 06:00:00,10.29746,10.29846,10.2927,10.29656
2022-07-27 06:15:00,10.29662,10.29707,10.29271,10.29464
2022-07-27 06:30:00,10.29468,10.29717,10.29346,10.29606
2022-07-27 06:45:00,10.29597,10.29841,10.29516,10.29817
2022-07-27 07:00:00,10.2982,10.29951,10.2947,10.29591
2022-07-27 07:15:00,10.29597,10.29616,10.28772,10.28908
2022-07-27 07:30:00,10.2891,10.28911,10.28465,10.2881
2022-07-27 07:45:00,10.28822,10.28976,10.28541,10.28744
2022-07-27 08:00:00,10.28716,10.29206,10.28545,10.29117
2022-07-27 08:15:00,10.2912,10.29334,10.28906,10.28927
2022-07-27 08:30:00,10.2893,10.29505,10.28607,10.29031
2022-07-27 08:45:00,10.29032,10.29577,10.28852,10.29314
2022-07-27 09:00:00,10.29283,10.29344,10.275,10.292
2022-07-27 09:15:00,10.29192,10.29945,10.28899,10.29718
2022-07-27 09:30:00,10.29716,10.31019,10.29301,10.29645
2022-07-27 09:45:00,10.29552,10.31138,10.29377,10.30539
2022-07-27 10:00:00,10.30504,10.30504,10.2853,10.30023
2022-07-27 10:15:00,10.30005,10.30428,10.2775,10.29065
2022-07-27 10:30:00,10.29066,10.30048,10.28538,10.29739
2022-07-27 10:45:00,10.29742,10.3007,10.28781,10.29353
2022-07-27 11:00:00,10.29341,10.29568,10.27897,10.29103
2022-07-27 11:15:00,10.29117,10.30197,10.2873,10.29414
2022-07-27 11:30:00,10.29425,10.2963,10.28698,10.29489
2022-07-27 11:45:00,10.29484,10.30407,10.29049,10.29695
2022-07-27 12:00:00,10.29693,10.30132,10.28838,10.29332
2022-07-27 12:15:00,10.29333,10.30102,10.29156,10.29869
2022-07-27 12:30:00,10.29868,10.3016,10.28672,10.29671
2022-07-27 12:45:00,10.29673,10.3033,10.28993,10.2991
2022-07-27 13:00:00,10.29914,10.30816,10.29773,10.30734
2022-07-27 13:15:00,10.30729,10.30974,10.30067,10.30193
2022-07-27 13:30:00,10.30202,10.3052,10.29106,10.29581
2022-07-27 13:45:00,10.29612,10.29899,10.29197,10.29287
2022-07-27 14:00:00,10.2929,10.2937,10.2727,10.27643
2022-07-27 14:15:00,10.27645,10.29038,10.27643,10.28817
2022-07-27 14:30:00,10.28811,10.28841,10.27972,10.28234
2022-07-27 14:45:00,10.28226,10.29844,10.28226,10.29737
2022-07-27 15:00:00,10.29724,10.30445,10.29453,10.29638
2022-07-27 15:15:00,10.29636,10.30372,10.29099,10.2932
2022-07-27 15:30:00,10.29293,10.31147,10.29293,10.30874
2022-07-27 15:45:00,10.30875,10.31613,10.30559,10.31177
2022-07-27 16:00:00,10.31173,10.31374,10.29988,10.30096
2022-07-27 16:15:00,10.30083,10.31357,10.2959,10.31277
2022-07-27 16:30:00,10.31203,10.31875,10.30302,10.31675
2022-07-27 16:45:00,10.31695,10.32497,10.31169,10.32089
2022-07-27 17:00:00,10.32084,10.33107,10.31089,10.33046
2022-07-27 17:15:00,10.33045,10.34791,10.32455,10.34723
2022-07-27 17:30:00,10.34705,10.34821,10.33254,10.33559
2022-07-27 17:45:00,10.33484,10.33651,10.32306,10.32512
2022-07-27 18:00:00,10.32519,10.33845,10.31269,10.31529
2022-07-27 18:15:00,10.31526,10.32651,10.30831,10.32581
2022-07-27 18:30:00,10.32586,10.33274,10.3162,10.3297
2022-07-27 18:45:00,10.32973,10.34743,10.32972,10.34629
2022-07-27 19:00:00,10.34633,10.34633,10.33869,10.34168
2022-07-27 19:15:00,10.34185,10.35531,10.34016,10.35127
2022-07-27 19:30:00,10.35121,10.35122,10.33954,10.33975
2022-07-27 19:45:00,10.33979,10.34529,10.33907,10.34358
2022-07-27 20:00:00,10.3431,10.34314,10.33239,10.33317
2022-07-27 20:15:00,10.33306,10.33321,10.32785,10.32965
2022-07-27 20:30:00,10.32964,10.33428,10.31996,10.32473
2022-07-27 20:45:00,10.32492,10.32841,10.31249,10.31785
2022-07-27 21:00:00,10.31784,10.3288,10.29088,10.30949
2022-07-27 21:15:00,10.30952,10.31347,10.30434,10.31065
2022-07-27 21:30:00,10.31015,10.34318,10.24772,10.25431
2022-07-27 21:45:00,10.25358,10.26126,10.20838,10.22655
2022-07-27 22:00:00,10.22386,10.24338,10.20341,10.20985
2022-07-27 22:15:00,10.20994,10.21527,10.20258,10.20336
2022-07-27 22:30:00,10.20324,10.20834,10.18616,10.20362
2022-07-27 22:45:00,10.20369,10.21005,10.19302,10.20641
2022-07-27 23:00:00,10.20628,10.2223,10.20601,10.21909
2022-07-27 23:15:00,10.21908,10.22175,10.21597,10.22108
2022-07-27 23:30:00,10.22073,10.22574,10.21796,10.22363
2022-07-27 23:45:00,10.22391,10.22391,10.21059,10.21145
2022-07-28 00:00:00,10.20273,10.22775,10.20273,10.21351
2022-07-28 00:15:00,10.21347,10.21495,10.21022,10.21065
2022-07-28 00:30:00,10.21075,10.21298,10.21014,10.21162
2022-07-28 00:45:00,10.21159,10.21234,10.20696,10.20848
2022-07-28 01:00:00,10.2084,10.23759,10.20813,10.22832
2022-07-28 01:15:00,10.22799,10.24303,10.2253,10.23063
2022-07-28 01:30:00,10.23127,10.24011,10.22506,10.22763
2022-07-28 01:45:00,10.22757,10.22997,10.21734,10.21735
2022-07-28 02:00:00,10.2174,10.21957,10.21201,10.21353
2022-07-28 02:15:00,10.21352,10.22038,10.2109,10.21368
2022-07-28 02:30:00,10.21348,10.22398,10.21266,10.21562
2022-07-28 02:45:00,10.21609,10.2201,10.21201,10.21603
2022-07-28 03:00:00,10.21607,10.21922,10.20859,10.21711
2022-07-28 03:15:00,10.21721,10.23404,10.21544,10.23316
2022-07-28 03:30:00,10.2332,10.24143,10.23099,10.24009
2022-07-28 03:45:00,10.24031,10.24177,10.22843,10.2375
2022-07-28 04:00:00,10.2373,10.24333,10.22254,10.22549
2022-07-28 04:15:00,10.22425,10.23006,10.21672,10.22165
2022-07-28 04:30:00,10.22176,10.22285,10.20353,10.21351
2022-07-28 04:45:00,10.21274,10.21634,10.20401,10.21196
2022-07-28 05:00:00,10.21176,10.2217,10.21036,10.21737
2022-07-28 05:15:00,10.21742,10.21788,10.21317,10.21663
2022-07-28 05:30:00,10.21668,10.21795,10.21285,10.21554
2022-07-28 05:45:00,10.2155,10.21698,10.2108,10.21201
2022-07-28 06:00:00,10.2121,10.2125,10.20319,10.20435
2022-07-28 06:15:00,10.20436,10.20937,10.20219,10.20467
2022-07-28 06:30:00,10.20468,10.20854,10.20467,10.20745
2022-07-28 06:45:00,10.20733,10.21337,10.20733,10.20956
2022-07-28 07:00:00,10.20949,10.21689,10.20598,10.21451
2022-07-28 07:15:00,10.21442,10.21628,10.20728,10.21038
2022-07-28 07:30:00,10.21032,10.21812,10.19329,10.21272
2022-07-28 07:45:00,10.2128,10.2164,10.20854,10.2163
2022-07-28 08:00:00,10.2183,10.2183,10.21334,10.21491
2022-07-28 08:15:00,10.21499,10.21629,10.21191,10.21212
2022-07-28 08:30:00,10.21216,10.21222,10.20282,10.20358
2022-07-28 08:45:00,10.20357,10.20514,10.1903,10.19827
2022-07-28 09:00:00,10.19802,10.20505,10.19285,10.20248
2022-07-28 09:15:00,10.20275,10.20966,10.2009,10.20102
2022-07-28 09:30:00,10.20101,10.20734,10.1934,10.20129
2022-07-28 09:45:00,10.20074,10.2208,10.19557,10.19978
2022-07-28 10:00:00,10.19931,10.21224,10.19417,10.20194
2022-07-28 10:15:00,10.20183,10.23225,10.19879,10.21804
2022-07-28 10:30:00,10.21811,10.22944,10.21488,10.22313
2022-07-28 10:45:00,10.2233,10.22591,10.20198,10.20334
2022-07-28 11:00:00,10.20295,10.22304,10.20053,10.21888
2022-07-28 11:15:00,10.21904,10.22481,10.21233,10.22403
2022-07-28 11:30:00,10.22409,10.22604,10.2105,10.2116
2022-07-28 11:45:00,10.21162,10.22382,10.20226,10.21506
2022-07-28 12:00:00,10.21507,10.23177,10.21507,10.23031
2022-07-28 12:15:00,10.23,10.23324,10.22338,10.232
2022-07-28 12:30:00,10.23198,10.24028,10.23103,10.23925
2022-07-28 12:45:00,10.23931,10.27138,10.23842,10.26592
2022-07-28 13:00:00,10.26593,10.26836,10.24935,10.25391
2022-07-28 13:15:00,10.25378,10.26486,10.24946,10.25912
2022-07-28 13:30:00,10.25981,10.27458,10.25706,10.27396
2022-07-28 13:45:00,10.27397,10.29429,10.27242,10.28923
2022-07-28 14:00:00,10.28904,10.29926,10.28323,10.29348
2022-07-28 14:15:00,10.29331,10.31025,10.2926,10.30154
2022-07-28 14:30:00,10.30112,10.30888,10.29752,10.30623
2022-07-28 14:45:00,10.30638,10.32124,10.30262,10.31666
2022-07-28 15:00:00,10.31657,10.32872,10.30931,10.32027
2022-07-28 15:15:00,10.32025,10.32775,10.31125,10.31988
2022-07-28 15:30:00,10.31712,10.31943,10.27733,10.28696
2022-07-28 15:45:00,10.28696,10.29016,10.26118,10.27537
2022-07-28 16:00:00,10.27534,10.29597,10.27262,10.27307
2022-07-28 16:15:00,10.27321,10.27911,10.26474,10.27133
2022-07-28 16:30:00,10.27159,10.28761,10.26844,10.28568
2022-07-28 16:45:00,10.28551,10.32074,10.28358,10.30547
2022-07-28 17:00:00,10.30459,10.30533,10.28254,10.29389
2022-07-28 17:15:00,10.29391,10.29504,10.27691,10.28365
2022-07-28 17:30:00,10.28367,10.2937,10.26956,10.27191
2022-07-28 17:45:00,10.27179,10.27603,10.2477,10.24939
2022-07-28 18:00:00,10.24937,10.26698,10.24573,10.26507
2022-07-28 18:15:00,10.26527,10.27025,10.24138,10.24595
2022-07-28 18:30:00,10.24561,10.24867,10.23668,10.24512
2022-07-28 18:45:00,10.24534,10.25648,10.24281,10.24293
2022-07-28 19:00:00,10.2429,10.26252,10.2429,10.26079
2022-07-28 19:15:00,10.26073,10.26699,10.25802,10.2636
2022-07-28 19:30:00,10.26347,10.26988,10.25806,10.26185
2022-07-28 19:45:00,10.26189,10.26224,10.2502,10.2515
2022-07-28 20:00:00,10.25132,10.2542,10.24012,10.24528
2022-07-28 20:15:00,10.2453,10.2524,10.24491,10.24981
2022-07-28 20:30:00,10.24982,10.25119,10.2345,10.24152
2022-07-28 20:45:00,10.24153,10.24494,10.23718,10.24322
2022-07-28 21:00:00,10.24323,10.2473,10.2411,10.24463
2022-07-28 21:15:00,10.24461,10.24503,10.23493,10.23689
2022-07-28 21:30:00,10.2368,10.2412,10.2348,10.23739
2022-07-28 21:45:00,10.23729,10.2379,10.22215,10.22719
2022-07-28 22:00:00,10.22701,10.22715,10.21158,10.21674
2022-07-28 22:15:00,10.21664,10.21797,10.2134,10.21429
2022-07-28 22:30:00,10.21428,10.21836,10.21364,10.21517
2022-07-28 22:45:00,10.2152,10.21805,10.21283,10.21402
2022-07-28 23:00:00,10.21393,10.21536,10.20209,10.2084
2022-07-28 23:15:00,10.20837,10.20946,10.20296,10.20637
2022-07-28 23:30:00,10.20638,10.20744,10.19636,10.20077
2022-07-28 23:45:00,10.20083,10.20568,10.19997,10.20568
2022-07-29 00:00:00,10.19009,10.20389,10.188,10.20307
2022-07-29 00:15:00,10.20306,10.20312,10.19421,10.20253
2022-07-29 00:30:00,10.20108,10.20719,10.19118,10.19716
2022-07-29 00:45:00,10.1974,10.20075,10.19655,10.19866
2022-07-29 01:00:00,10.19749,10.20644,10.19648,10.2021
2022-07-29 01:15:00,10.20213,10.20836,10.20093,10.20189
2022-07-29 01:30:00,10.20187,10.20825,10.20123,10.20207
2022-07-29 01:45:00,10.20206,10.20272,10.20065,10.20074
2022-07-29 02:00:00,10.20076,10.2076,10.20076,10.20702
2022-07-29 02:15:00,10.20698,10.20717,10.20493,10.20645
2022-07-29 02:30:00,10.20629,10.21033,10.20539,10.20845
2022-07-29 02:45:00,10.20842,10.20848,10.20485,10.20679
2022-07-29 03:00:00,10.20679,10.20869,10.20259,10.20788
2022-07-29 03:15:00,10.20771,10.20807,10.20038,10.20506
2022-07-29 03:30:00,10.20509,10.20727,10.20056,10.20149
2022-07-29 03:45:00,10.2015,10.20283,10.19905,10.20068
2022-07-29 04:00:00,10.20072,10.20401,10.19909,10.19981
2022-07-29 04:15:00,10.19991,10.20256,10.19701,10.19987
2022-07-29 04:30:00,10.19986,10.20386,10.19893,10.20197
2022-07-29 04:45:00,10.2015,10.20566,10.19922,10.20288
2022-07-29 05:00:00,10.20316,10.20493,10.19945,10.2044
2022-07-29 05:15:00,10.20445,10.20826,10.20165,10.20561
2022-07-29 05:30:00,10.2055,10.21025,10.20356,10.20861
2022-07-29 05:45:00,10.20853,10.20987,10.20586,10.20794
2022-07-29 06:00:00,10.20782,10.20923,10.19631,10.19674
2022-07-29 06:15:00,10.19684,10.20052,10.19635,10.20043
2022-07-29 06:30:00,10.20038,10.20205,10.1985,10.20058
2022-07-29 06:45:00,10.20068,10.20148,10.18335,10.19114
2022-07-29 07:00:00,10.19132,10.19263,10.18079,10.18341
2022-07-29 07:15:00,10.18342,10.18662,10.18049,10.18589
2022-07-29 07:30:00,10.18569,10.1932,10.18401,10.19102
2022-07-29 07:45:00,10.19101,10.19878,10.19061,10.19812
2022-07-29 08:00:00,10.19876,10.19906,10.19011,10.19769
2022-07-29 08:15:00,10.1977,10.19811,10.18354,10.1912
2022-07-29 08:30:00,10.19112,10.19112,10.18107,10.18347
2022-07-29 08:45:00,10.18351,10.20202,10.18318,10.20176
2022-07-29 09:00:00,10.20196,10.2059,10.18295,10.18607
2022-07-29 09:15:00,10.18609,10.18645,10.14693,10.14813
2022-07-29 09:30:00,10.14789,10.15979,10.14498,10.15902
2022-07-29 09:45:00,10.15898,10.16687,10.15308,10.15415
2022-07-29 10:00:00,10.1549,10.1549,10.12608,10.1443
2022-07-29 10:15:00,10.14383,10.15127,10.12812,10.1379
2022-07-29 10:30:00,10.13785,10.14984,10.12648,10.14984
2022-07-29 10:45:00,10.14971,10.15714,10.1434,10.14867
2022-07-29 11:00:00,10.14918,10.1652,10.14788,10.16292
2022-07-29 11:15:00,10.16291,10.17134,10.15589,10.16458
2022-07-29 11:30:00,10.16461,10.18456,10.16429,10.17973
2022-07-29 11:45:00,10.17988,10.18062,10.1682,10.17115
2022-07-29 12:00:00,10.171,10.19236,10.16828,10.18967
2022-07-29 12:15:00,10.18973,10.20963,10.18833,10.19251
2022-07-29 12:30:00,10.19238,10.20088,10.18358,10.18659
2022-07-29 12:45:00,10.1866,10.19835,10.17703,10.17929
2022-07-29 13:00:00,10.17925,10.1846,10.16603,10.16622
2022-07-29 13:15:00,10.16624,10.17401,10.16426,10.16955
2022-07-29 13:30:00,10.16968,10.17104,10.14895,10.14984
2022-07-29 13:45:00,10.14988,10.15569,10.1458,10.15273
2022-07-29 14:00:00,10.15275,10.17318,10.15275,10.17315
2022-07-29 14:15:00,10.17309,10.17522,10.16182,10.16546
2022-07-29 14:30:00,10.16555,10.16752,10.15699,10.16042
2022-07-29 14:45:00,10.1603,10.17864,10.15805,10.17384
2022-07-29 15:00:00,10.17367,10.18606,10.16656,10.1837
2022-07-29 15:15:00,10.18367,10.19555,10.17553,10.17693
2022-07-29 15:30:00,10.17526,10.21113,10.17503,10.20055
2022-07-29 15:45:00,10.20077,10.20729,10.19276,10.20713
2022-07-29 16:00:00,10.20717,10.22538,10.20453,10.22283
2022-07-29 16:15:00,10.22275,10.22994,10.20645,10.21041
2022-07-29 16:30:00,10.2103,10.22346,10.2065,10.20729
2022-07-29 16:45:00,10.20691,10.22072,10.20489,10.21014
2022-07-29 17:00:00,10.21015,10.2277,10.20364,10.22235
2022-07-29 17:15:00,10.22325,10.23977,10.22239,10.23275
2022-07-29 17:30:00,10.23296,10.24164,10.22237,10.22999
2022-07-29 17:45:00,10.23039,10.23408,10.19182,10.19553
2022-07-29 18:00:00,10.19451,10.19778,10.17819,10.1856
2022-07-29 18:15:00,10.18595,10.19357,10.1753,10.19249
2022-07-29 18:30:00,10.19236,10.19805,10.18285,10.18308
2022-07-29 18:45:00,10.18305,10.18688,10.17336,10.18564
2022-07-29 19:00:00,10.18558,10.18936,10.17573,10.1838
2022-07-29 19:15:00,10.18366,10.19847,10.17963,10.19633
2022-07-29 19:30:00,10.19626,10.20582,10.19515,10.19798
2022-07-29 19:45:00,10.19799,10.19881,10.18157,10.18173
2022-07-29 20:00:00,10.18127,10.18441,10.17696,10.17931
2022-07-29 20:15:00,10.17924,10.18243,10.17514,10.18219
2022-07-29 20:30:00,10.18223,10.18497,10.17084,10.17085
2022-07-29 20:45:00,10.17084,10.17386,10.16632,10.17249
2022-07-29 21:00:00,10.17228,10.17474,10.16809,10.1729
2022-07-29 21:15:00,10.17298,10.17573,10.16838,10.16838
2022-07-29 21:30:00,10.16836,10.17074,10.16644,10.16704
2022-07-29 21:45:00,10.16707,10.17001,10.15733,10.158
2022-07-29 22:00:00,10.15793,10.15986,10.15263,10.15518
2022-07-29 22:15:00,10.15517,10.16385,10.15331,10.16285
2022-07-29 22:30:00,10.16283,10.16694,10.15974,10.16434
2022-07-29 22:45:00,10.16435,10.17445,10.15402,10.15577
2022-07-29 23:00:00,10.15453,10.16021,10.15012,10.15153
2022-07-29 23:15:00,10.15169,10.15424,10.14524,10.14634
2022-07-29 23:30:00,10.1463,10.14803,10.14168,10.14289
2022-07-29 23:45:00,10.1431,10.14466,10.13672,10.14043
2022-08-01 00:00:00,10.1509,10.15206,10.13071,10.13767
2022-08-01 00:15:00,10.13766,10.15998,10.13718,10.15754
2022-08-01 00:30:00,10.15921,10.16396,10.15508,10.15537
2022-08-01 00:45:00,10.15594,10.16008,10.13744,10.15714
2022-08-01 01:00:00,10.16247,10.16247,10.14678,10.16045
2022-08-01 01:15:00,10.16044,10.16889,10.15716,10.1599
2022-08-01 01:30:00,10.15976,10.16451,10.1562,10.15756
2022-08-01 01:45:00,10.15773,10.16607,10.15474,10.16226
2022-08-01 02:00:00,10.1622,10.16606,10.15678,10.15901
2022-08-01 02:15:00,10.15908,10.17001,10.15756,10.16509
2022-08-01 02:30:00,10.16672,10.1729,10.16263,10.17161
2022-08-01 02:45:00,10.16987,10.17371,10.1644,10.16541
2022-08-01 03:00:00,10.1653,10.1766,10.14968,10.16453
2022-08-01 03:15:00,10.16431,10.16448,10.153,10.15815
2022-08-01 03:30:00,10.15792,10.16496,10.15724,10.15848
2022-08-01 03:45:00,10.15862,10.16596,10.15662,10.16056
2022-08-01 04:00:00,10.16053,10.16589,10.14524,10.1459
2022-08-01 04:15:00,10.146,10.14992,10.14426,10.14572
2022-08-01 04:30:00,10.1457,10.14803,10.13753,10.14189
2022-08-01 04:45:00,10.14188,10.14905,10.13962,10.14586
2022-08-01 05:00:00,10.14595,10.14695,10.14094,10.14259
2022-08-01 05:15:00,10.14265,10.14534,10.13878,10.13959
2022-08-01 05:30:00,10.13948,10.14144,10.13677,10.13838
2022-08-01 05:45:00,10.13836,10.14098,10.13746,10.13948
2022-08-01 06:00:00,10.13959,10.15131,10.13908,10.15041
2022-08-01 06:15:00,10.15042,10.15682,10.14935,10.15348
2022-08-01 06:30:00,10.15346,10.15627,10.15187,10.15304
2022-08-01 06:45:00,10.15306,10.15725,10.15247,10.15566
2022-08-01 07:00:00,10.15561,10.15993,10.15472,10.15809
2022-08-01 07:15:00,10.1581,10.15816,10.15085,10.1528
2022-08-01 07:30:00,10.15274,10.15317,10.14742,10.15048
2022-08-01 07:45:00,10.15046,10.15675,10.14877,10.15447
2022-08-01 08:00:00,10.15437,10.15923,10.15437,10.15821
2022-08-01 08:15:00,10.15831,10.15877,10.15277,10.15466
2022-08-01 08:30:00,10.15461,10.16168,10.15399,10.1601
2022-08-01 08:45:00,10.16011,10.1672,10.15636,10.16394
2022-08-01 09:00:00,10.16259,10.16659,10.16063,10.16081
2022-08-01 09:15:00,10.16082,10.16947,10.15895,10.15895
2022-08-01 09:30:00,10.15912,10.17118,10.15304,10.16042
2022-08-01 09:45:00,10.16043,10.16429,10.15168,10.16204
2022-08-01 10:00:00,10.1621,10.16504,10.15426,10.15917
2022-08-01 10:15:00,10.15922,10.1677,10.15347,10.16754
2022-08-01 10:30:00,10.16752,10.17068,10.15086,10.15527
2022-08-01 10:45:00,10.15509,10.1669,10.15255,10.16339
2022-08-01 11:00:00,10.16349,10.16687,10.14593,10.14764
2022-08-01 11:15:00,10.14763,10.16496,10.14763,10.15469
2022-08-01 11:30:00,10.15479,10.1552,10.12603,10.13529
2022-08-01 11:45:00,10.13473,10.15081,10.13159,10.13836
2022-08-01 12:00:00,10.13747,10.14313,10.13038,10.13965
2022-08-01 12:15:00,10.13967,10.14459,10.1327,10.13902
2022-08-01 12:30:00,10.13908,10.13937,10.12205,10.12924
2022-08-01 12:45:00,10.12922,10.14101,10.12206,10.12921
2022-08-01 13:00:00,10.12995,10.1349,10.12108,10.13176
2022-08-01 13:15:00,10.13169,10.13662,10.12702,10.1332
2022-08-01 13:30:00,10.13279,10.13925,10.12461,10.13861
2022-08-01 13:45:00,10.13881,10.13973,10.12837,10.13313
2022-08-01 14:00:00,10.13337,10.13649,10.12654,10.13059
2022-08-01 14:15:00,10.13047,10.14296,10.12832,10.12877
2022-08-01 14:30:00,10.12872,10.13092,10.12274,10.1285
2022-08-01 14:45:00,10.12849,10.13655,10.12194,10.1324
2022-08-01 15:00:00,10.13202,10.13842,10.12632,10.12893
2022-08-01 15:15:00,10.1288,10.12922,10.11191,10.12099
2022-08-01 15:30:00,10.12093,10.12421,10.10867,10.11164
2022-08-01 15:45:00,10.1116,10.13423,10.10914,10.12187
2022-08-01 16:00:00,10.12176,10.14293,10.10752,10.10984
2022-08-01 16:15:00,10.10992,10.12242,10.10155,10.11964
2022-08-01 16:30:00,10.11958,10.13327,10.11178,10.1127
2022-08-01 16:45:00,10.11266,10.11942,10.09927,10.10194
2022-08-01 17:00:00,10.10504,10.12604,10.08453,10.09065
2022-08-01 17:15:00,10.09064,10.09793,10.08054,10.09128
2022-08-01 17:30:00,10.09105,10.09572,10.07876,10.07884
2022-08-01 17:45:00,10.07874,10.08168,10.07314,10.07963
2022-08-01 18:00:00,10.07975,10.09533,10.07687,10.09067
2022-08-01 18:15:00,10.09058,10.09915,10.08798,10.09623
2022-08-01 18:30:00,10.09622,10.0975,10.07774,10.08646
2022-08-01 18:45:00,10.0866,10.1055,10.08373,10.09948
2022-08-01 19:00:00,10.09966,10.09988,10.09278,10.0984
2022-08-01 19:15:00,10.09836,10.10949,10.09466,10.1082
2022-08-01 19:30:00,10.10807,10.11207,10.10549,10.10683
2022-08-01 19:45:00,10.10687,10.10687,10.09753,10.10034
2022-08-01 20:00:00,10.10028,10.1132,10.09964,10.1066
2022-08-01 20:15:00,10.10648,10.11861,10.10443,10.11794
2022-08-01 20:30:00,10.11819,10.12295,10.11588,10.12141
2022-08-01 20:45:00,10.12139,10.12477,10.11614,10.11614
2022-08-01 21:00:00,10.11621,10.12105,10.1108,10.11797
2022-08-01 21:15:00,10.118,10.1248,10.1146,10.12142
2022-08-01 21:30:00,10.12144,10.12438,10.11933,10.12318
2022-08-01 21:45:00,10.12294,10.12915,10.11516,10.11591
2022-08-01 22:00:00,10.11595,10.12471,10.11584,10.11812
2022-08-01 22:15:00,10.11799,10.12478,10.11592,10.12278
2022-08-01 22:30:00,10.12281,10.12585,10.1189,10.11913
2022-08-01 22:45:00,10.11909,10.12173,10.11799,10.11951
2022-08-01 23:00:00,10.11952,10.12142,10.11766,10.11844
2022-08-01 23:15:00,10.11846,10.12197,10.11829,10.12015
2022-08-01 23:30:00,10.11994,10.12162,10.11932,10.1208
2022-08-01 23:45:00,10.12083,10.12147,10.0872,10.08721
2022-08-02 00:00:00,10.08718,10.10142,10.08113,10.10076
2022-08-02 00:15:00,10.10075,10.10467,10.09691,10.10049
2022-08-02 00:30:00,10.10046,10.10222,10.09855,10.0989
2022-08-02 00:45:00,10.10034,10.10036,10.09821,10.09949
2022-08-02 01:00:00,10.10029,10.11295,10.09338,10.11274
2022-08-02 01:15:00,10.1128,10.11374,10.11162,10.11325
2022-08-02 01:30:00,10.11331,10.11393,10.11128,10.11305
2022-08-02 01:45:00,10.11311,10.1155,10.11133,10.11517
2022-08-02 02:00:00,10.11514,10.11754,10.11033,10.11406
2022-08-02 02:15:00,10.11399,10.11645,10.11086,10.11623
2022-08-02 02:30:00,10.11639,10.12028,10.11514,10.11776
2022-08-02 02:45:00,10.11742,10.12096,10.11603,10.1172
2022-08-02 03:00:00,10.11609,10.12468,10.11297,10.12452
2022-08-02 03:15:00,10.12465,10.12863,10.10998,10.11084
2022-08-02 03:30:00,10.11085,10.11548,10.0847,10.10043
2022-08-02 03:45:00,10.10046,10.1008,10.09254,10.09881
2022-08-02 04:00:00,10.09892,10.1217,10.09757,10.12045
2022-08-02 04:15:00,10.12042,10.12904,10.11396,10.1206
2022-08-02 04:30:00,10.12066,10.12316,10.1096,10.12093
2022-08-02 04:45:00,10.12088,10.12718,10.11846,10.12461
2022-08-02 05:00:00,10.12469,10.13237,10.11997,10.12641
2022-08-02 05:15:00,10.12642,10.12953,10.12183,10.12299
2022-08-02 05:30:00,10.123,10.12423,10.11744,10.12192
2022-08-02 05:45:00,10.12193,10.12447,10.11491,10.11678
2022-08-02 06:00:00,10.11681,10.12751,10.11584,10.12552
2022-08-02 06:15:00,10.12537,10.12664,10.11115,10.11944
2022-08-02 06:30:00,10.11943,10.12819,10.11943,10.12176
2022-08-02 06:45:00,10.1218,10.12551,10.12167,10.12423
2022-08-02 07:00:00,10.12409,10.12602,10.11655,10.11837
2022-08-02 07:15:00,10.1184,10.12082,10.11588,10.11712
2022-08-02 07:30:00,10.11595,10.12547,10.11245,10.12007
2022-08-02 07:45:00,10.12009,10.13085,10.11862,10.12753
2022-08-02 08:00:00,10.1275,10.13009,10.12144,10.12321
2022-08-02 08:15:00,10.12341,10.12826,10.11459,10.11666
2022-08-02 08:30:00,10.11676,10.12512,10.11454,10.1176
2022-08-02 08:45:00,10.11759,10.13149,10.11581,10.13046
2022-08-02 09:00:00,10.13084,10.1404,10.13084,10.13971
2022-08-02 09:15:00,10.13969,10.14709,10.13938,10.1428
2022-08-02 09:30:00,10.14286,10.16375,10.14286,10.15997
2022-08-02 09:45:00,10.16001,10.16371,10.14906,10.15935
2022-08-02 10:00:00,10.15956,10.17951,10.15467,10.1729
2022-08-02 10:15:00,10.17299,10.1743,10.15972,10.16818
2022-08-02 10:30:00,10.16825,10.18902,10.16748,10.17333
2022-08-02 10:45:00,10.17304,10.17931,10.15841,10.17581
2022-08-02 11:00:00,10.17583,10.18259,10.1683,10.17058
2022-08-02 11:15:00,10.17059,10.17407,10.15506,10.16761
2022-08-02 11:30:00,10.168,10.17216,10.16058,10.16769
2022-08-02 11:45:00,10.16768,10.1691,10.15665,10.15798
2022-08-02 12:00:00,10.15824,10.15883,10.14591,10.14781
2022-08-02 12:15:00,10.14778,10.16027,10.14691,10.15065
2022-08-02 12:30:00,10.15064,10.15354,10.13264,10.13851
2022-08-02 12:45:00,10.13862,10.14176,10.1278,10.12909
2022-08-02 13:00:00,10.12951,10.13805,10.12783,10.13165
2022-08-02 13:15:00,10.13167,10.13734,10.1267,10.12947
2022-08-02 13:30:00,10.12937,10.14046,10.12837,10.14039
2022-08-02 13:45:00,10.14039,10.15281,10.13712,10.14246
2022-08-02 14:00:00,10.1426,10.15495,10.14248,10.15327
2022-08-02 14:15:00,10.15322,10.15427,10.14211,10.1516
2022-08-02 14:30:00,10.15164,10.1594,10.14818,10.15723
2022-08-02 14:45:00,10.15722,10.17553,10.14714,10.16875
2022-08-02 15:00:00,10.16917,10.1727,10.16178,10.16977
2022-08-02 15:15:00,10.16964,10.18347,10.16651,10.17643
2022-08-02 15:30:00,10.17653,10.18612,10.17414,10.17996
2022-08-02 15:45:00,10.17995,10.19127,10.17796,10.18293
2022-08-02 16:00:00,10.18246,10.18266,10.15511,10.15799
2022-08-02 16:15:00,10.1584,10.17524,10.15402,10.16518
2022-08-02 16:30:00,10.16523,10.17889,10.15503,10.17705
2022-08-02 16:45:00,10.17709,10.19847,10.17105,10.19379
2022-08-02 17:00:00,10.19345,10.21735,10.19169,10.20277
2022-08-02 17:15:00,10.20202,10.2076,10.18951,10.19189
2022-08-02 17:30:00,10.19201,10.21117,10.18682,10.19902
2022-08-02 17:45:00,10.19908,10.21164,10.19007,10.19585
2022-08-02 18:00:00,10.19586,10.212,10.18988,10.2107
2022-08-02 18:15:00,10.21047,10.2109,10.19106,10.19572
2022-08-02 18:30:00,10.19566,10.20128,10.18735,10.19157
2022-08-02 18:45:00,10.19159,10.21121,10.19121,10.19985
2022-08-02 19:00:00,10.19978,10.20437,10.18901,10.19295
2022-08-02 19:15:00,10.19297,10.19439,10.18448,10.1878
2022-08-02 19:30:00,10.1877,10.19644,10.18653,10.19184
2022-08-02 19:45:00,10.19177,10.20346,10.19151,10.19786
2022-08-02 20:00:00,10.19796,10.20663,10.19619,10.20535
2022-08-02 20:15:00,10.20514,10.2302,10.20514,10.22584
2022-08-02 20:30:00,10.22591,10.23705,10.22564,10.23373
2022-08-02 20:45:00,10.23371,10.24029,10.22157,10.22207
2022-08-02 21:00:00,10.22206,10.22929,10.22173,10.22409
2022-08-02 21:15:00,10.22408,10.23509,10.21907,10.22062
2022-08-02 21:30:00,10.22059,10.22598,10.21304,10.22598
2022-08-02 21:45:00,10.22593,10.23515,10.22092,10.2342
2022-08-02 22:00:00,10.23411,10.23648,10.22846,10.22904
2022-08-02 22:15:00,10.22902,10.23285,10.22736,10.22903
2022-08-02 22:30:00,10.22922,10.23024,10.22436,10.22624
2022-08-02 22:45:00,10.22623,10.24285,10.22546,10.23988
2022-08-02 23:00:00,10.23957,10.24151,10.23617,10.24151
2022-08-02 23:15:00,10.24145,10.24662,10.24055,10.24487
2022-08-02 23:30:00,10.24481,10.24895,10.24116,10.24213
2022-08-02 23:45:00,10.2421,10.24392,10.23818,10.23818
2022-08-03 00:00:00,10.23239,10.24036,10.22391,10.23883
2022-08-03 00:15:00,10.23881,10.24402,10.2378,10.2378
2022-08-03 00:30:00,10.23712,10.24527,10.23712,10.24312
2022-08-03 00:45:00,10.24384,10.24452,10.2419,10.24452
2022-08-03 01:00:00,10.24466,10.24832,10.23964,10.24042
2022-08-03 01:15:00,10.24029,10.24118,10.23942,10.24006
2022-08-03 01:30:00,10.23995,10.24372,10.23865,10.23963
2022-08-03 01:45:00,10.23961,10.24883,10.23904,10.24618
2022-08-03 02:00:00,10.24636,10.24762,10.24429,10.24592
2022-08-03 02:15:00,10.24596,10.25497,10.2459,10.25277
2022-08-03 02:30:00,10.25281,10.25421,10.25241,10.25409
2022-08-03 02:45:00,10.25408,10.25575,10.25268,10.25381
2022-08-03 03:00:00,10.25426,10.25887,10.24776,10.25619
2022-08-03 03:15:00,10.25626,10.2621,10.25177,10.2613
2022-08-03 03:30:00,10.26131,10.26383,10.25508,10.26359
2022-08-03 03:45:00,10.26385,10.26394,10.25728,10.25728
2022-08-03 04:00:00,10.25729,10.25887,10.2493,10.25036
2022-08-03 04:15:00,10.25035,10.25486,10.248,10.25427
2022-08-03 04:30:00,10.25426,10.25711,10.24671,10.2486
2022-08-03 04:45:00,10.24881,10.25041,10.24139,10.24207
2022-08-03 05:00:00,10.24186,10.24313,10.23587,10.23769
2022-08-03 05:15:00,10.23783,10.24052,10.23459,10.23877
2022-08-03 05:30:00,10.23859,10.23859,10.23381,10.23458
2022-08-03 05:45:00,10.23479,10.23669,10.22852,10.22935
2022-08-03 06:00:00,10.22939,10.23187,10.22794,10.2287
2022-08-03 06:15:00,10.22861,10.23253,10.21858,10.23211
2022-08-03 06:30:00,10.2321,10.23398,10.22775,10.22864
2022-08-03 06:45:00,10.22867,10.22927,10.21236,10.21266
2022-08-03 07:00:00,10.21277,10.21759,10.21106,10.21619
2022-08-03 07:15:00,10.21609,10.21935,10.21533,10.21713
2022-08-03 07:30:00,10.21733,10.22118,10.21612,10.22097
2022-08-03 07:45:00,10.22106,10.22484,10.21589,10.22035
2022-08-03 08:00:00,10.22041,10.23004,10.21905,10.22954
2022-08-03 08:15:00,10.22952,10.23302,10.22777,10.23081
2022-08-03 08:30:00,10.23087,10.23114,10.22447,10.22827
2022-08-03 08:45:00,10.22826,10.23396,10.22473,10.23171
2022-08-03 09:00:00,10.23121,10.24132,10.22645,10.23107
2022-08-03 09:15:00,10.23111,10.2394,10.2269,10.23384
2022-08-03 09:30:00,10.23374,10.24791,10.22711,10.24747
2022-08-03 09:45:00,10.24735,10.25656,10.24396,10.24753
2022-08-03 10:00:00,10.24747,10.24786,10.23157,10.23418
2022-08-03 10:15:00,10.23442,10.23708,10.20613,10.21383
2022-08-03 10:30:00,10.21381,10.22817,10.20795,10.22352
2022-08-03 10:45:00,10.22353,10.23918,10.2207,10.23317
2022-08-03 11:00:00,10.23226,10.23625,10.22272,10.22862
2022-08-03 11:15:00,10.22871,10.23163,10.21722,10.21876
2022-08-03 11:30:00,10.21875,10.22767,10.21732,10.22285
2022-08-03 11:45:00,10.22282,10.22655,10.21756,10.22242
2022-08-03 12:00:00,10.22226,10.22656,10.20761,10.21152
2022-08-03 12:15:00,10.21159,10.21575,10.20678,10.21575
2022-08-03 12:30:00,10.21558,10.22194,10.21275,10.21471
2022-08-03 12:45:00,10.21477,10.21919,10.21337,10.21663
2022-08-03 13:00:00,10.21643,10.21674,10.19634,10.19994
2022-08-03 13:15:00,10.19996,10.22626,10.1994,10.22414
2022-08-03 13:30:00,10.2241,10.22579,10.2149,10.21813
2022-08-03 13:45:00,10.21806,10.21882,10.20397,10.21106
2022-08-03 14:00:00,10.21087,10.21278,10.19649,10.19874
2022-08-03 14:15:00,10.1987,10.20624,10.18333,10.1844
2022-08-03 14:30:00,10.18439,10.20655,10.18181,10.20043
2022-08-03 14:45:00,10.20034,10.20984,10.19897,10.20618
2022-08-03 15:00:00,10.20627,10.20716,10.19027,10.19027
2022-08-03 15:15:00,10.19023,10.20097,10.19023,10.2008
2022-08-03 15:30:00,10.20117,10.20332,10.19187,10.19715
2022-08-03 15:45:00,10.19711,10.20729,10.19574,10.20127
2022-08-03 16:00:00,10.20116,10.20982,10.19895,10.20978
2022-08-03 16:15:00,10.20993,10.22629,10.20799,10.22126
2022-08-03 16:30:00,10.2221,10.22345,10.20724,10.21931
2022-08-03 16:45:00,10.21901,10.22221,10.21128,10.21173
2022-08-03 17:00:00,10.21108,10.24547,10.21108,10.2349
2022-08-03 17:15:00,10.23561,10.26317,10.23504,10.23902
2022-08-03 17:30:00,10.23892,10.25992,10.23626,10.25202
2022-08-03 17:45:00,10.25231,10.25768,10.24132,10.24188
2022-08-03 18:00:00,10.24384,10.25532,10.23908,10.24067
2022-08-03 18:15:00,10.24101,10.24739,10.23803,10.2415
2022-08-03 18:30:00,10.24138,10.24231,10.22374,10.23302
2022-08-03 18:45:00,10.23281,10.24037,10.22512,10.22527
2022-08-03 19:00:00,10.22499,10.22689,10.20989,10.21499
2022-08-03 19:15:00,10.21575,10.21997,10.20099,10.21603
2022-08-03 19:30:00,10.2158,10.21852,10.20641,10.2124
2022-08-03 19:45:00,10.21244,10.22561,10.21221,10.21954
2022-08-03 20:00:00,10.21934,10.21942,10.21196,10.21513
2022-08-03 20:15:00,10.21518,10.21744,10.21124,10.21141
2022-08-03 20:30:00,10.21144,10.21436,10.20707,10.2142
2022-08-03 20:45:00,10.21419,10.21981,10.20832,10.21008
2022-08-03 21:00:00,10.21006,10.21538,10.20691,10.21247
2022-08-03 21:15:00,10.21248,10.21571,10.20764,10.20955
2022-08-03 21:30:00,10.20957,10.22042,10.20733,10.21839
2022-08-03 21:45:00,10.21837,10.22014,10.21378,10.21455
2022-08-03 22:00:00,10.21455,10.21608,10.20808,10.21249
2022-08-03 22:15:00,10.21253,10.21324,10.20335,10.20694
2022-08-03 22:30:00,10.20719,10.20763,10.19633,10.19783
2022-08-03 22:45:00,10.1979,10.20848,10.1979,10.20568
2022-08-03 23:00:00,10.2057,10.21154,10.20301,10.21108
2022-08-03 23:15:00,10.21109,10.21211,10.20561,10.20704
2022-08-03 23:30:00,10.20701,10.21039,10.20557,10.20645
2022-08-03 23:45:00,10.20625,10.2115,10.19706,10.19802
2022-08-04 00:00:00,10.18937,10.2139,10.18937,10.20243
2022-08-04 00:15:00,10.20242,10.20357,10.19732,10.19809
2022-08-04 00:30:00,10.19719,10.20383,10.19632,10.20359
2022-08-04 00:45:00,10.20324,10.20397,10.20215,10.20281
2022-08-04 01:00:00,10.20305,10.21753,10.20235,10.21292
2022-08-04 01:15:00,10.21286,10.214,10.20913,10.21354
2022-08-04 01:30:00,10.21354,10.21363,10.2087,10.21058
2022-08-04 01:45:00,10.21053,10.21204,10.20874,10.21117
2022-08-04 02:00:00,10.21115,10.21587,10.21058,10.21527
2022-08-04 02:15:00,10.21525,10.21764,10.21423,10.2149
2022-08-04 02:30:00,10.21457,10.21623,10.21364,10.2146
2022-08-04 02:45:00,10.21458,10.21791,10.21438,10.21659
2022-08-04 03:00:00,10.21658,10.21989,10.21209,10.21583
2022-08-04 03:15:00,10.21577,10.21754,10.21286,10.21483
2022-08-04 03:30:00,10.2149,10.21599,10.20887,10.21172
2022-08-04 03:45:00,10.21173,10.21506,10.20811,10.2094
2022-08-04 04:00:00,10.2093,10.21485,10.2084,10.21402
2022-08-04 04:15:00,10.21407,10.21407,10.20529,10.20632
2022-08-04 04:30:00,10.20631,10.208,10.20298,10.20517
2022-08-04 04:45:00,10.20514,10.21097,10.20276,10.21054
2022-08-04 05:00:00,10.21053,10.21288,10.20653,10.21286
2022-08-04 05:15:00,10.21284,10.21508,10.21123,10.21446
2022-08-04 05:30:00,10.21441,10.2194,10.2131,10.21404
2022-08-04 05:45:00,10.21399,10.21666,10.21242,10.21423
2022-08-04 06:00:00,10.21419,10.21439,10.20625,10.21072
2022-08-04 06:15:00,10.21068,10.21549,10.20969,10.21366
2022-08-04 06:30:00,10.21365,10.21812,10.21264,10.21795
2022-08-04 06:45:00,10.21792,10.21949,10.21523,10.21586
2022-08-04 07:00:00,10.21594,10.21594,10.21018,10.21183
2022-08-04 07:15:00,10.21203,10.21406,10.21097,10.21345
2022-08-04 07:30:00,10.21346,10.21544,10.21042,10.21231
2022-08-04 07:45:00,10.21229,10.21402,10.20792,10.21091
2022-08-04 08:00:00,10.21093,10.21363,10.20964,10.21084
2022-08-04 08:15:00,10.21085,10.21185,10.20383,10.20652
2022-08-04 08:30:00,10.20649,10.21583,10.20635,10.21307
2022-08-04 08:45:00,10.2131,10.21822,10.2094,10.21737
2022-08-04 09:00:00,10.21629,10.22006,10.21068,10.214
2022-08-04 09:15:00,10.21398,10.22503,10.21295,10.22032
2022-08-04 09:30:00,10.22011,10.22474,10.2148,10.21699
2022-08-04 09:45:00,10.21712,10.22003,10.20653,10.21239
2022-08-04 10:00:00,10.21232,10.21314,10.19025,10.20111
2022-08-04 10:15:00,10.20063,10.20194,10.19434,10.19987
2022-08-04 10:30:00,10.19985,10.202,10.19316,10.20184
2022-08-04 10:45:00,10.20204,10.2079,10.19913,10.20139
2022-08-04 11:00:00,10.20151,10.20604,10.19062,10.19407
2022-08-04 11:15:00,10.19423,10.20113,10.18778,10.19899
2022-08-04 11:30:00,10.19903,10.20166,10.19238,10.19349
2022-08-04 11:45:00,10.19361,10.20014,10.18179,10.1866
2022-08-04 12:00:00,10.18668,10.19047,10.17923,10.18121
2022-08-04 12:15:00,10.18137,10.18336,10.17138,10.17659
2022-08-04 12:30:00,10.17653,10.18243,10.17251,10.17259
2022-08-04 12:45:00,10.17252,10.18044,10.17068,10.17755
2022-08-04 13:00:00,10.17791,10.17961,10.166,10.16653
2022-08-04 13:15:00,10.16671,10.17327,10.16416,10.16444
2022-08-04 13:30:00,10.16446,10.17532,10.16408,10.165
2022-08-04 13:45:00,10.16476,10.16957,10.1638,10.16493
2022-08-04 14:00:00,10.16562,10.18937,10.16377,10.18314
2022-08-04 14:15:00,10.18303,10.18401,10.16408,10.17245
2022-08-04 14:30:00,10.17315,10.19331,10.17144,10.18775
2022-08-04 14:45:00,10.18781,10.19882,10.1804,10.18633
2022-08-04 15:00:00,10.18656,10.1976,10.18091,10.18728
2022-08-04 15:15:00,10.18734,10.19925,10.18641,10.19086
2022-08-04 15:30:00,10.19089,10.19624,10.17406,10.17951
2022-08-04 15:45:00,10.1795,10.18635,10.1708,10.18009
2022-08-04 16:00:00,10.18006,10.18977,10.17789,10.1889
2022-08-04 16:15:00,10.18886,10.19563,10.17827,10.1831
2022-08-04 16:30:00,10.18292,10.19379,10.16397,10.16435
2022-08-04 16:45:00,10.16431,10.17524,10.16355,10.16935
2022-08-04 17:00:00,10.16888,10.17478,10.15101,10.1578
2022-08-04 17:15:00,10.15788,10.16923,10.15613,10.1622
2022-08-04 17:30:00,10.16222,10.16927,10.15539,10.16079
2022-08-04 17:45:00,10.16075,10.16601,10.1375,10.1396
2022-08-04 18:00:00,10.1395,10.14994,10.13152,10.13637
2022-08-04 18:15:00,10.13655,10.13838,10.1182,10.12446
2022-08-04 18:30:00,10.12341,10.14313,10.12125,10.1379
2022-08-04 18:45:00,10.13788,10.14016,10.12861,10.13786
2022-08-04 19:00:00,10.13699,10.14054,10.12583,10.13405
2022-08-04 19:15:00,10.13428,10.13654,10.12726,10.12835
2022-08-04 19:30:00,10.12852,10.12865,10.1115,10.11561
2022-08-04 19:45:00,10.11562,10.12441,10.11455,10.12029
2022-08-04 20:00:00,10.12021,10.12302,10.11413,10.11762
2022-08-04 20:15:00,10.11758,10.1285,10.11454,10.11588
2022-08-04 20:30:00,10.11671,10.11716,10.11164,10.1161
2022-08-04 20:45:00,10.11608,10.11621,10.10885,10.1151
2022-08-04 21:00:00,10.11483,10.11894,10.11095,10.11312
2022-08-04 21:15:00,10.11314,10.11596,10.10879,10.11004
2022-08-04 21:30:00,10.11,10.11487,10.10855,10.11017
2022-08-04 21:45:00,10.11016,10.11313,10.10802,10.10859
2022-08-04 22:00:00,10.10871,10.1104,10.10479,10.10638
2022-08-04 22:15:00,10.10635,10.10813,10.10172,10.10483
2022-08-04 22:30:00,10.10486,10.11207,10.10443,10.10958
2022-08-04 22:45:00,10.10954,10.11424,10.10644,10.10928
2022-08-04 23:00:00,10.10927,10.11417,10.10603,10.10829
2022-08-04 23:15:00,10.10811,10.11565,10.10683,10.11409
2022-08-04 23:30:00,10.11429,10.11914,10.11005,10.11732
2022-08-04 23:45:00,10.11734,10.11734,10.09918,10.09998
2022-08-05 00:00:00,10.09954,10.10675,10.09371,10.10674
2022-08-05 00:15:00,10.10673,10.10673,10.10371,10.10526
2022-08-05 00:30:00,10.10529,10.10968,10.10529,10.10853
2022-08-05 00:45:00,10.10855,10.11027,10.10504,10.11025
2022-08-05 01:00:00,10.11022,10.11022,10.09561,10.10536
2022-08-05 01:15:00,10.10536,10.10855,10.10484,10.10712
2022-08-05 01:30:00,10.10716,10.10875,10.09959,10.10561
2022-08-05 01:45:00,10.1057,10.10728,10.10442,10.1049
2022-08-05 02:00:00,10.10447,10.10504,10.10117,10.10464
2022-08-05 02:15:00,10.10463,10.10549,10.09909,10.10072
2022-08-05 02:30:00,10.10075,10.10498,10.09995,10.10373
2022-08-05 02:45:00,10.10369,10.10636,10.10071,10.10626
2022-08-05 03:00:00,10.10555,10.11514,10.10389,10.11221
2022-08-05 03:15:00,10.11233,10.11606,10.10928,10.11547
2022-08-05 03:30:00,10.11551,10.11913,10.11358,10.11851
2022-08-05 03:45:00,10.11846,10.12184,10.1165,10.12173
2022-08-05 04:00:00,10.12169,10.12437,10.11863,10.12063
2022-08-05 04:15:00,10.12068,10.12074,10.11376,10.11809
2022-08-05 04:30:00,10.11805,10.12291,10.11637,10.12291
2022-08-05 04:45:00,10.12288,10.12402,10.1151,10.11938
2022-08-05 05:00:00,10.1192,10.12343,10.11429,10.11523
2022-08-05 05:15:00,10.11479,10.11931,10.11246,10.11836
2022-08-05 05:30:00,10.11817,10.11886,10.11394,10.1168
2022-08-05 05:45:00,10.11679,10.1191,10.11383,10.11536
2022-08-05 06:00:00,10.11541,10.11754,10.11247,10.11674
2022-08-05 06:15:00,10.11673,10.11861,10.11258,10.11565
2022-08-05 06:30:00,10.1156,10.11766,10.11199,10.11467
2022-08-05 06:45:00,10.11469,10.11629,10.1114,10.11535
2022-08-05 07:00:00,10.11529,10.1212,10.11323,10.12065
2022-08-05 07:15:00,10.12074,10.12299,10.11904,10.12226
2022-08-05 07:30:00,10.12229,10.1228,10.11776,10.12061
2022-08-05 07:45:00,10.12056,10.1237,10.11372,10.12341
2022-08-05 08:00:00,10.1234,10.1296,10.12267,10.12669
2022-08-05 08:15:00,10.1266,10.12945,10.122,10.12437
2022-08-05 08:30:00,10.1243,10.12521,10.11753,10.11946
2022-08-05 08:45:00,10.11948,10.12424,10.11715,10.11828
2022-08-05 09:00:00,10.11854,10.12988,10.11796,10.12849
2022-08-05 09:15:00,10.12848,10.13042,10.1255,10.12827
2022-08-05 09:30:00,10.12825,10.13262,10.12429,10.12959
2022-08-05 09:45:00,10.12948,10.13195,10.11614,10.12163
2022-08-05 10:00:00,10.12127,10.12855,10.11936,10.12458
2022-08-05 10:15:00,10.1245,10.13206,10.11941,10.12873
2022-08-05 10:30:00,10.12848,10.13072,10.1222,10.1293
2022-08-05 10:45:00,10.12928,10.13549,10.12516,10.12799
2022-08-05 11:00:00,10.12784,10.13527,10.12434,10.1329
2022-08-05 11:15:00,10.13283,10.14388,10.13283,10.13968
2022-08-05 11:30:00,10.13969,10.14477,10.13333,10.14192
2022-08-05 11:45:00,10.14195,10.15041,10.13943,10.14517
2022-08-05 12:00:00,10.1452,10.14834,10.13795,10.13809
2022-08-05 12:15:00,10.1381,10.13983,10.13395,10.13666
2022-08-05 12:30:00,10.13665,10.14311,10.13531,10.14299
2022-08-05 12:45:00,10.14295,10.14411,10.13709,10.13719
2022-08-05 13:00:00,10.13713,10.1483,10.13392,10.14823
2022-08-05 13:15:00,10.14824,10.14832,10.13467,10.1367
2022-08-05 13:30:00,10.13667,10.14156,10.1324,10.1375
2022-08-05 13:45:00,10.13747,10.14211,10.13282,10.13353
2022-08-05 14:00:00,10.13367,10.14036,10.12833,10.13104
2022-08-05 14:15:00,10.13092,10.14332,10.13064,10.1345
2022-08-05 14:30:00,10.13451,10.13499,10.12073,10.12368
2022-08-05 14:45:00,10.12356,10.12875,10.11697,10.12029
2022-08-05 15:00:00,10.12043,10.12237,10.11319,10.12031
2022-08-05 15:15:00,10.12031,10.13005,10.11349,10.11349
2022-08-05 15:30:00,10.11455,10.19792,10.11411,10.18682
2022-08-05 15:45:00,10.18686,10.21946,10.18685,10.21587
2022-08-05 16:00:00,10.21545,10.21899,10.1978,10.21782
2022-08-05 16:15:00,10.21761,10.23501,10.21186,10.21941
2022-08-05 16:30:00,10.21952,10.22453,10.20701,10.21038
2022-08-05 16:45:00,10.21026,10.22278,10.18976,10.19574
2022-08-05 17:00:00,10.19506,10.20591,10.17486,10.1783
2022-08-05 17:15:00,10.17836,10.1936,10.17499,10.19058
2022-08-05 17:30:00,10.19065,10.19517,10.18334,10.19043
2022-08-05 17:45:00,10.19034,10.2028,10.18633,10.19965
2022-08-05 18:00:00,10.19942,10.21604,10.19761,10.20875
2022-08-05 18:15:00,10.20868,10.23399,10.20852,10.22972
2022-08-05 18:30:00,10.22978,10.23208,10.20958,10.21325
2022-08-05 18:45:00,10.21333,10.21385,10.19633,10.19782
2022-08-05 19:00:00,10.19775,10.20787,10.19413,10.19717
2022-08-05 19:15:00,10.19684,10.20106,10.19509,10.19914
2022-08-05 19:30:00,10.19918,10.20263,10.19339,10.19468
2022-08-05 19:45:00,10.19467,10.1949,10.18131,10.18851
2022-08-05 20:00:00,10.18863,10.19051,10.17672,10.17738
2022-08-05 20:15:00,10.17742,10.18547,10.17605,10.18155
2022-08-05 20:30:00,10.18181,10.18867,10.18156,10.18845
2022-08-05 20:45:00,10.18847,10.18994,10.18336,10.18619
2022-08-05 21:00:00,10.18755,10.19683,10.18356,10.19225
2022-08-05 21:15:00,10.19228,10.19415,10.18727,10.18915
2022-08-05 21:30:00,10.18921,10.1913,10.18238,10.1873
2022-08-05 21:45:00,10.18728,10.1968,10.18718,10.19476
2022-08-05 22:00:00,10.19473,10.19526,10.18465,10.18513
2022-08-05 22:15:00,10.18519,10.19166,10.18401,10.1911
2022-08-05 22:30:00,10.19102,10.19124,10.18494,10.18778
2022-08-05 22:45:00,10.18766,10.18916,10.17985,10.18794
2022-08-05 23:00:00,10.18699,10.19219,10.18428,10.18755
2022-08-05 23:15:00,10.18757,10.18938,10.18579,10.18828
2022-08-05 23:30:00,10.18809,10.19106,10.18345,10.18811
2022-08-05 23:45:00,10.18813,10.19989,10.16915,10.19058
2022-08-08 00:00:00,10.18737,10.1895,10.18162,10.18465
2022-08-08 00:15:00,10.18464,10.18805,10.18454,10.18746
2022-08-08 00:30:00,10.18746,10.18872,10.17739,10.17739
2022-08-08 00:45:00,10.17738,10.17986,10.17612,10.17748
2022-08-08 01:00:00,10.18127,10.19921,10.17989,10.19916
2022-08-08 01:15:00,10.19915,10.20876,10.1973,10.20805
2022-08-08 01:30:00,10.20798,10.2088,10.19871,10.20313
2022-08-08 01:45:00,10.20315,10.20682,10.20098,10.20456
2022-08-08 02:00:00,10.2047,10.20641,10.19921,10.20633
2022-08-08 02:15:00,10.2061,10.21007,10.20317,10.20676
2022-08-08 02:30:00,10.20734,10.20923,10.20335,10.20589
2022-08-08 02:45:00,10.206,10.20745,10.20205,10.20267
2022-08-08 03:00:00,10.20234,10.20992,10.19457,10.20803
2022-08-08 03:15:00,10.20804,10.21039,10.20319,10.20966
2022-08-08 03:30:00,10.20981,10.21021,10.19953,10.20011
2022-08-08 03:45:00,10.2,10.20229,10.19879,10.20006
2022-08-08 04:00:00,10.20005,10.2017,10.19322,10.19713
2022-08-08 04:15:00,10.19774,10.19878,10.19182,10.19391
2022-08-08 04:30:00,10.19377,10.19381,10.1896,10.1896
2022-08-08 04:45:00,10.18958,10.19391,10.18656,10.19076
2022-08-08 05:00:00,10.19093,10.19453,10.19016,10.19141
2022-08-08 05:15:00,10.19145,10.19412,10.18486,10.1873
2022-08-08 05:30:00,10.18744,10.19023,10.18109,10.18138
2022-08-08 05:45:00,10.18113,10.18345,10.17905,10.18186
2022-08-08 06:00:00,10.18409,10.18798,10.18201,10.18689
2022-08-08 06:15:00,10.18691,10.18944,10.18377,10.18822
2022-08-08 06:30:00,10.18828,10.18929,10.18293,10.1837
2022-08-08 06:45:00,10.18364,10.18663,10.18194,10.1833
2022-08-08 07:00:00,10.18306,10.18704,10.18221,10.18462
2022-08-08 07:15:00,10.18453,10.18749,10.1829,10.18743
2022-08-08 07:30:00,10.18741,10.18907,10.18546,10.18611
2022-08-08 07:45:00,10.18601,10.18653,10.18092,10.18128
2022-08-08 08:00:00,10.18108,10.18558,10.17809,10.18487
2022-08-08 08:15:00,10.18492,10.18593,10.18149,10.18449
2022-08-08 08:30:00,10.18451,10.18728,10.18335,10.18374
2022-08-08 08:45:00,10.18358,10.18872,10.18309,10.18524
2022-08-08 09:00:00,10.18524,10.19628,10.18273,10.19491
2022-08-08 09:15:00,10.19491,10.19587,10.18515,10.19311
2022-08-08 09:30:00,10.19313,10.19444,10.18901,10.19246
2022-08-08 09:45:00,10.1925,10.2023,10.18876,10.18876
2022-08-08 10:00:00,10.18899,10.19125,10.1695,10.17147
2022-08-08 10:15:00,10.17149,10.17757,10.16347,10.16671
2022-08-08 10:30:00,10.16673,10.16726,10.15508,10.16202
2022-08-08 10:45:00,10.162,10.17073,10.15926,10.16424
2022-08-08 11:00:00,10.16357,10.1857,10.16357,10.18563
2022-08-08 11:15:00,10.1857,10.19266,10.18435,10.18979
2022-08-08 11:30:00,10.18973,10.19746,10.1874,10.19044
2022-08-08 11:45:00,10.1904,10.19655,10.18357,10.18557
2022-08-08 12:00:00,10.18564,10.19898,10.18564,10.19678
2022-08-08 12:15:00,10.19688,10.20558,10.19278,10.19284
2022-08-08 12:30:00,10.1928,10.19467,10.18907,10.19237
2022-08-08 12:45:00,10.19201,10.19321,10.1802,10.18259
2022-08-08 13:00:00,10.18251,10.18872,10.17859,10.18586
2022-08-08 13:15:00,10.18584,10.18865,10.18345,10.18667
2022-08-08 13:30:00,10.18671,10.18818,10.17563,10.17785
2022-08-08 13:45:00,10.17778,10.18016,10.16944,10.17071
2022-08-08 14:00:00,10.17087,10.1725,10.16199,10.16248
2022-08-08 14:15:00,10.16232,10.16942,10.16037,10.16885
2022-08-08 14:30:00,10.16883,10.17547,10.1659,10.16823
2022-08-08 14:45:00,10.16818,10.17024,10.15665,10.15753
2022-08-08 15:00:00,10.1569,10.16302,10.15577,10.16205
2022-08-08 15:15:00,10.16203,10.16865,10.15986,10.16121
2022-08-08 15:30:00,10.16134,10.16998,10.15714,10.15718
2022-08-08 15:45:00,10.15744,10.1621,10.15475,10.15796
2022-08-08 16:00:00,10.15756,10.17271,10.1564,10.16562
2022-08-08 16:15:00,10.16553,10.1684,10.15602,10.15713
2022-08-08 16:30:00,10.15695,10.15992,10.14319,10.14376
2022-08-08 16:45:00,10.1437,10.15445,10.13813,10.15188
2022-08-08 17:00:00,10.15154,10.1579,10.14908,10.15445
2022-08-08 17:15:00,10.15427,10.15427,10.14001,10.14489
2022-08-08 17:30:00,10.14462,10.15133,10.13669,10.137
2022-08-08 17:45:00,10.13698,10.1418,10.12555,10.13532
2022-08-08 18:00:00,10.13492,10.1428,10.13226,10.13901
2022-08-08 18:15:00,10.1391,10.14514,10.13164,10.13945
2022-08-08 18:30:00,10.13956,10.14973,10.13494,10.1483
2022-08-08 18:45:00,10.14829,10.15084,10.14569,10.15039
2022-08-08 19:00:00,10.15037,10.15436,10.14309,10.15385
2022-08-08 19:15:00,10.15381,10.16163,10.15354,10.16031
2022-08-08 19:30:00,10.16029,10.16512,10.16007,10.16445
2022-08-08 19:45:00,10.16441,10.16704,10.15587,10.16217
2022-08-08 20:00:00,10.16145,10.16526,10.15297,10.15757
2022-08-08 20:15:00,10.15753,10.16155,10.15291,10.15785
2022-08-08 20:30:00,10.15784,10.15802,10.14961,10.15617
2022-08-08 20:45:00,10.15608,10.16498,10.15274,10.15504
2022-08-08 21:00:00,10.15482,10.16794,10.15076,10.1641
2022-08-08 21:15:00,10.1641,10.16819,10.16263,10.16391
2022-08-08 21:30:00,10.16393,10.16651,10.16102,10.16643
2022-08-08 21:45:00,10.16642,10.1747,10.16603,10.17376
2022-08-08 22:00:00,10.17366,10.175,10.16413,10.1699
2022-08-08 22:15:00,10.16975,10.17161,10.16423,10.16507
2022-08-08 22:30:00,10.16511,10.16755,10.16343,10.16397
2022-08-08 22:45:00,10.16385,10.16763,10.16207,10.16395
2022-08-08 23:00:00,10.16374,10.16403,10.14121,10.14216
2022-08-08 23:15:00,10.14213,10.14676,10.14205,10.14646
2022-08-08 23:30:00,10.1466,10.14805,10.14459,10.1456
2022-08-08 23:45:00,10.14545,10.14852,10.1296,10.13409
2022-08-09 00:00:00,10.1328,10.14388,10.1243,10.14386
2022-08-09 00:15:00,10.14388,10.14451,10.13467,10.14331
2022-08-09 00:30:00,10.14346,10.15324,10.14337,10.14757
2022-08-09 00:45:00,10.14571,10.14778,10.14352,10.1461
2022-08-09 01:00:00,10.14438,10.15067,10.1423,10.14502
2022-08-09 01:15:00,10.1454,10.14666,10.14115,10.14268
2022-08-09 01:30:00,10.142,10.14379,10.14047,10.14244
2022-08-09 01:45:00,10.14246,10.14339,10.1408,10.14097
2022-08-09 02:00:00,10.14096,10.14158,10.13642,10.13787
2022-08-09 02:15:00,10.13791,10.13984,10.1374,10.13924
2022-08-09 02:30:00,10.13923,10.14124,10.13853,10.14013
2022-08-09 02:45:00,10.14024,10.14159,10.13723,10.13796
2022-08-09 03:00:00,10.13794,10.14772,10.13624,10.14077
2022-08-09 03:15:00,10.14049,10.14823,10.13794,10.14737
2022-08-09 03:30:00,10.14742,10.14994,10.14618,10.1492
2022-08-09 03:45:00,10.14931,10.14974,10.14533,10.14692
2022-08-09 04:00:00,10.14696,10.15018,10.14377,10.1471
2022-08-09 04:15:00,10.14814,10.15164,10.14654,10.1469
2022-08-09 04:30:00,10.14775,10.14972,10.14344,10.14788
2022-08-09 04:45:00,10.14792,10.15089,10.14496,10.14922
2022-08-09 05:00:00,10.14911,10.15198,10.14577,10.15102
2022-08-09 05:15:00,10.15104,10.15297,10.1453,10.14547
2022-08-09 05:30:00,10.14569,10.14683,10.14393,10.14606
2022-08-09 05:45:00,10.14599,10.14966,10.14381,10.14512
2022-08-09 06:00:00,10.14513,10.14678,10.14163,10.14236
2022-08-09 06:15:00,10.14219,10.14258,10.13894,10.14013
2022-08-09 06:30:00,10.1401,10.1435,10.1401,10.14299
2022-08-09 06:45:00,10.14302,10.14323,10.13921,10.14097
2022-08-09 07:00:00,10.14126,10.14599,10.14046,10.14336
2022-08-09 07:15:00,10.14334,10.14493,10.14226,10.14444
2022-08-09 07:30:00,10.14443,10.14602,10.14294,10.14597
2022-08-09 07:45:00,10.14598,10.14617,10.14494,10.14555
2022-08-09 08:00:00,10.14579,10.14737,10.14537,10.14594
2022-08-09 08:15:00,10.14615,10.1466,10.14534,10.14584
2022-08-09 08:30:00,10.14572,10.14659,10.13996,10.14016
2022-08-09 08:45:00,10.14019,10.14457,10.13808,10.14204
2022-08-09 09:00:00,10.14256,10.14379,10.13516,10.13828
2022-08-09 09:15:00,10.1383,10.14581,10.13596,10.14341
2022-08-09 09:30:00,10.14385,10.14418,10.13845,10.14101
2022-08-09 09:45:00,10.14095,10.14717,10.13746,10.13919
2022-08-09 10:00:00,10.13981,10.15191,10.13796,10.15141
2022-08-09 10:15:00,10.15147,10.15888,10.14786,10.15586
2022-08-09 10:30:00,10.15587,10.15621,10.14368,10.15064
2022-08-09 10:45:00,10.15067,10.15919,10.14585,10.14612
2022-08-09 11:00:00,10.14612,10.15252,10.14245,10.14561
2022-08-09 11:15:00,10.14552,10.1482,10.13446,10.1357
2022-08-09 11:30:00,10.13573,10.13936,10.12513,10.12935
2022-08-09 11:45:00,10.12943,10.13745,10.12858,10.13553
2022-08-09 12:00:00,10.13535,10.13585,10.12688,10.12841
2022-08-09 12:15:00,10.1284,10.13938,10.12697,10.13855
2022-08-09 12:30:00,10.13847,10.14845,10.13522,10.14498
2022-08-09 12:45:00,10.14523,10.14742,10.13948,10.14413
2022-08-09 13:00:00,10.14399,10.15395,10.14208,10.15261
2022-08-09 13:15:00,10.15264,10.15786,10.15038,10.15609
2022-08-09 13:30:00,10.15596,10.16367,10.15056,10.15222
2022-08-09 13:45:00,10.15216,10.16512,10.15216,10.16248
2022-08-09 14:00:00,10.16245,10.16338,10.15551,10.16248
2022-08-09 14:15:00,10.16249,10.16351,10.15687,10.16019
2022-08-09 14:30:00,10.16003,10.16066,10.14553,10.15213
2022-08-09 14:45:00,10.15217,10.16386,10.15208,10.16077
2022-08-09 15:00:00,10.16069,10.16069,10.14687,10.14715
2022-08-09 15:15:00,10.14718,10.1496,10.14421,10.14558
2022-08-09 15:30:00,10.14517,10.14919,10.14424,10.14756
2022-08-09 15:45:00,10.14767,10.14773,10.1389,10.14564
2022-08-09 16:00:00,10.14565,10.14873,10.13772,10.14449
2022-08-09 16:15:00,10.14447,10.14777,10.13699,10.13846
2022-08-09 16:30:00,10.13832,10.14377,10.13023,10.13586
2022-08-09 16:45:00,10.13593,10.1457,10.13209,10.13832
2022-08-09 17:00:00,10.13877,10.14475,10.13665,10.14429
2022-08-09 17:15:00,10.1443,10.15616,10.14038,10.15539
2022-08-09 17:30:00,10.15522,10.15606,10.13735,10.13788
2022-08-09 17:45:00,10.13787,10.16326,10.1377,10.16169
2022-08-09 18:00:00,10.16109,10.16594,10.15706,10.15856
2022-08-09 18:15:00,10.15851,10.16292,10.15294,10.1584
2022-08-09 18:30:00,10.15839,10.16238,10.14978,10.15379
2022-08-09 18:45:00,10.15339,10.15928,10.15135,10.15844
2022-08-09 19:00:00,10.15854,10.16022,10.14752,10.15427
2022-08-09 19:15:00,10.15402,10.15973,10.15302,10.15778
2022-08-09 19:30:00,10.15789,10.16592,10.15526,10.16237
2022-08-09 19:45:00,10.16284,10.16687,10.16272,10.16472
2022-08-09 20:00:00,10.16473,10.16654,10.16095,10.16402
2022-08-09 20:15:00,10.16406,10.16528,10.16088,10.16165
2022-08-09 20:30:00,10.16178,10.1703,10.16133,10.16913
2022-08-09 20:45:00,10.16921,10.17059,10.16321,10.16676
2022-08-09 21:00:00,10.16703,10.16735,10.16385,10.16514
2022-08-09 21:15:00,10.16535,10.17819,10.16515,10.17697
2022-08-09 21:30:00,10.17694,10.17785,10.17272,10.17635
2022-08-09 21:45:00,10.17621,10.17746,10.17202,10.17329
2022-08-09 22:00:00,10.17326,10.17658,10.17266,10.17447
2022-08-09 22:15:00,10.17446,10.17471,10.166,10.1678
2022-08-09 22:30:00,10.16816,10.17746,10.16612,10.17623
2022-08-09 22:45:00,10.17617,10.17821,10.17155,10.17295
2022-08-09 23:00:00,10.17297,10.17297,10.16493,10.16819
2022-08-09 23:15:00,10.16831,10.16833,10.16444,10.16589
2022-08-09 23:30:00,10.16625,10.16671,10.16288,10.16419
2022-08-09 23:45:00,10.16437,10.16846,10.15957,10.16016
2022-08-10 00:00:00,10.16025,10.16025,10.14343,10.15255
2022-08-10 00:15:00,10.15254,10.15792,10.15236,10.15462
2022-08-10 00:30:00,10.1548,10.15935,10.15458,10.15819
2022-08-10 00:45:00,10.15819,10.16371,10.1547,10.16087
2022-08-10 01:00:00,10.16146,10.16378,10.1541,10.16062
2022-08-10 01:15:00,10.1601,10.1634,10.15729,10.16256
2022-08-10 01:30:00,10.16254,10.16275,10.1577,10.16034
2022-08-10 01:45:00,10.1604,10.16848,10.15866,10.16772
2022-08-10 02:00:00,10.16762,10.16942,10.16538,10.16682
2022-08-10 02:15:00,10.16669,10.16793,10.16404,10.16492
2022-08-10 02:30:00,10.16498,10.171,10.16443,10.16692
2022-08-10 02:45:00,10.16718,10.16813,10.1646,10.16613
2022-08-10 03:00:00,10.16542,10.17208,10.16115,10.17178
2022-08-10 03:15:00,10.17193,10.17509,10.17007,10.17394
2022-08-10 03:30:00,10.17398,10.17595,10.16981,10.172
2022-08-10 03:45:00,10.17202,10.17277,10.16728,10.1695
2022-08-10 04:00:00,10.16958,10.17244,10.16484,10.16931
2022-08-10 04:15:00,10.16947,10.17228,10.16719,10.16772
2022-08-10 04:30:00,10.16773,10.1715,10.16046,10.16177
2022-08-10 04:45:00,10.16187,10.16717,10.1599,10.16394
2022-08-10 05:00:00,10.16393,10.16566,10.16026,10.16152
2022-08-10 05:15:00,10.16151,10.16348,10.15978,10.1615
2022-08-10 05:30:00,10.16146,10.16228,10.1584,10.15974
2022-08-10 05:45:00,10.15973,10.16115,10.15439,10.15535
2022-08-10 06:00:00,10.15534,10.15953,10.15467,10.15826
2022-08-10 06:15:00,10.15825,10.16028,10.15541,10.15909
2022-08-10 06:30:00,10.15908,10.1617,10.15891,10.16015
2022-08-10 06:45:00,10.16021,10.16127,10.15895,10.15959
2022-08-10 07:00:00,10.15958,10.1628,10.15794,10.16242
2022-08-10 07:15:00,10.16221,10.16306,10.15859,10.16079
2022-08-10 07:30:00,10.16083,10.16182,10.15861,10.15877
2022-08-10 07:45:00,10.15869,10.16488,10.15733,10.16464
2022-08-10 08:00:00,10.16457,10.16457,10.16086,10.16342
2022-08-10 08:15:00,10.16348,10.16977,10.16209,10.16922
2022-08-10 08:30:00,10.16919,10.16922,10.16423,10.16601
2022-08-10 08:45:00,10.166,10.17227,10.1648,10.17134
2022-08-10 09:00:00,10.17123,10.17873,10.16769,10.17421
2022-08-10 09:15:00,10.17424,10.18083,10.17424,10.17992
2022-08-10 09:30:00,10.17987,10.18104,10.17439,10.17498
2022-08-10 09:45:00,10.175,10.17928,10.16971,10.17061
2022-08-10 10:00:00,10.17089,10.17746,10.16582,10.17693
2022-08-10 10:15:00,10.17687,10.18071,10.17051,10.17143
2022-08-10 10:30:00,10.17139,10.1731,10.16511,10.17087
2022-08-10 10:45:00,10.17086,10.17373,10.16716,10.17163
2022-08-10 11:00:00,10.1714,10.18141,10.17071,10.17317
2022-08-10 11:15:00,10.17313,10.17591,10.16337,10.16427
2022-08-10 11:30:00,10.16406,10.16648,10.14856,10.15179
2022-08-10 11:45:00,10.15173,10.16061,10.15172,10.15433
2022-08-10 12:00:00,10.1544,10.15731,10.1532,10.15374
2022-08-10 12:15:00,10.15375,10.15384,10.14775,10.1481
2022-08-10 12:30:00,10.14813,10.15216,10.14553,10.15126
2022-08-10 12:45:00,10.15132,10.15315,10.14489,10.1463
2022-08-10 13:00:00,10.14625,10.14868,10.1413,10.14158
2022-08-10 13:15:00,10.14159,10.14372,10.1404,10.14291
2022-08-10 13:30:00,10.14299,10.14421,10.13483,10.13663
2022-08-10 13:45:00,10.13641,10.14086,10.12982,10.13128
2022-08-10 14:00:00,10.13095,10.1409,10.13022,10.13671
2022-08-10 14:15:00,10.13679,10.14113,10.12455,10.12784
2022-08-10 14:30:00,10.12792,10.13275,10.12592,10.12891
2022-08-10 14:45:00,10.1289,10.13275,10.11751,10.1207
2022-08-10 15:00:00,10.12066,10.12489,10.11634,10.12119
2022-08-10 15:15:00,10.12125,10.1353,10.12061,10.13183
2022-08-10 15:30:00,10.13175,10.13185,10.03704,10.04549
2022-08-10 15:45:00,10.04529,10.05875,10.03323,10.05842
2022-08-10 16:00:00,10.05804,10.07178,10.04128,10.06801
2022-08-10 16:15:00,10.06813,10.06952,10.05132,10.06013
2022-08-10 16:30:00,10.06021,10.08184,10.05579,10.07953
2022-08-10 16:45:00,10.07983,10.08178,10.06613,10.06815
2022-08-10 17:00:00,10.06828,10.07343,10.04556,10.05782
2022-08-10 17:15:00,10.0579,10.05913,10.03866,10.04079
2022-08-10 17:30:00,10.04077,10.04174,10.02221,10.02745
2022-08-10 17:45:00,10.02764,10.03285,10.01784,10.01882
2022-08-10 18:00:00,10.01905,10.02107,10.00093,10.01824
2022-08-10 18:15:00,10.01834,10.03372,10.01762,10.02573
2022-08-10 18:30:00,10.02571,10.04624,10.01519,10.04174
2022-08-10 18:45:00,10.04188,10.0429,10.02922,10.02961
2022-08-10 19:00:00,10.02967,10.03964,10.02785,10.03619
2022-08-10 19:15:00,10.03616,10.05037,10.03524,10.04433
2022-08-10 19:30:00,10.04416,10.04507,10.03642,10.04067
2022-08-10 19:45:00,10.04071,10.04691,10.03647,10.0365
2022-08-10 20:00:00,10.03649,10.04036,10.03234,10.0349
2022-08-10 20:15:00,10.03488,10.04105,10.02999,10.04097
2022-08-10 20:30:00,10.04061,10.04117,10.03319,10.03487
2022-08-10 20:45:00,10.03486,10.04448,10.03296,10.04042
2022-08-10 21:00:00,10.04054,10.04627,10.03731,10.0451
2022-08-10 21:15:00,10.04516,10.05872,10.04246,10.05595
2022-08-10 21:30:00,10.05581,10.05723,10.04088,10.04658
2022-08-10 21:45:00,10.04667,10.05541,10.04561,10.0534
2022-08-10 22:00:00,10.05329,10.06181,10.05177,10.0586
2022-08-10 22:15:00,10.05849,10.05979,10.05251,10.05531
2022-08-10 22:30:00,10.05534,10.05919,10.05113,10.05155
2022-08-10 22:45:00,10.05154,10.05402,10.04957,10.05247
2022-08-10 23:00:00,10.05246,10.05512,10.05123,10.05378
2022-08-10 23:15:00,10.05416,10.05562,10.04945,10.0524
2022-08-10 23:30:00,10.05235,10.05652,10.05059,10.05474
2022-08-10 23:45:00,10.05481,10.05724,10.04939,10.05098
2022-08-11 00:00:00,10.04436,10.04436,10.02663,10.03927
2022-08-11 00:15:00,10.03928,10.04691,10.03534,10.04415
2022-08-11 00:30:00,10.04498,10.05097,10.04358,10.04806
2022-08-11 00:45:00,10.04633,10.04806,10.04313,10.04414
2022-08-11 01:00:00,10.04391,10.04575,10.03863,10.04435
2022-08-11 01:15:00,10.04437,10.0474,10.04226,10.04618
2022-08-11 01:30:00,10.04609,10.04672,10.0429,10.04298
2022-08-11 01:45:00,10.043,10.04683,10.04293,10.04387
2022-08-11 02:00:00,10.04389,10.04657,10.0429,10.04473
2022-08-11 02:15:00,10.04409,10.04721,10.04369,10.04462
2022-08-11 02:30:00,10.04456,10.04728,10.04347,10.04381
2022-08-11 02:45:00,10.04383,10.04796,10.04376,10.04796
2022-08-11 03:00:00,10.04666,10.05083,10.04203,10.0494
2022-08-11 03:15:00,10.04949,10.05284,10.04809,10.04987
2022-08-11 03:30:00,10.0497,10.05279,10.04655,10.04876
2022-08-11 03:45:00,10.04865,10.04949,10.0431,10.04784
2022-08-11 04:00:00,10.0478,10.05772,10.0478,10.05597
2022-08-11 04:15:00,10.05593,10.0641,10.05542,10.06272
2022-08-11 04:30:00,10.06278,10.06902,10.06192,10.06513
2022-08-11 04:45:00,10.06508,10.06742,10.06107,10.06338
2022-08-11 05:00:00,10.06308,10.06922,10.06265,10.06859
2022-08-11 05:15:00,10.06837,10.06903,10.06289,10.06312
2022-08-11 05:30:00,10.06324,10.07006,10.06319,10.069
2022-08-11 05:45:00,10.06899,10.07097,10.06503,10.06951
2022-08-11 06:00:00,10.06952,10.07294,10.06657,10.06905
2022-08-11 06:15:00,10.06902,10.06903,10.06305,10.06637
2022-08-11 06:30:00,10.06645,10.06865,10.05705,10.0665
2022-08-11 06:45:00,10.06503,10.06864,10.06418,10.06419
2022-08-11 07:00:00,10.06411,10.06607,10.0556,10.06066
2022-08-11 07:15:00,10.05993,10.06763,10.0598,10.06668
2022-08-11 07:30:00,10.06668,10.06831,10.06301,10.06755
2022-08-11 07:45:00,10.06751,10.07013,10.06593,10.07013
2022-08-11 08:00:00,10.07016,10.077,10.06879,10.07663
2022-08-11 08:15:00,10.07663,10.08032,10.07575,10.07874
2022-08-11 08:30:00,10.07864,10.07897,10.0663,10.06688
2022-08-11 08:45:00,10.06666,10.07112,10.06599,10.07084
2022-08-11 09:00:00,10.07096,10.07486,10.06381,10.06381
2022-08-11 09:15:00,10.06372,10.06516,10.04893,10.05479
2022-08-11 09:30:00,10.05475,10.06037,10.05223,10.05594
2022-08-11 09:45:00,10.05597,10.0565,10.03154,10.03527
2022-08-11 10:00:00,10.0355,10.04452,10.03125,10.03967
2022-08-11 10:15:00,10.03967,10.04166,10.03143,10.0341
2022-08-11 10:30:00,10.03416,10.03544,10.02173,10.02437
2022-08-11 10:45:00,10.02431,10.0302,10.01996,10.0275
2022-08-11 11:00:00,10.02747,10.03528,10.02172,10.02357
2022-08-11 11:15:00,10.02377,10.03323,10.01987,10.03306
2022-08-11 11:30:00,10.03303,10.03604,10.02572,10.03184
2022-08-11 11:45:00,10.03194,10.03984,10.01792,10.01875
2022-08-11 12:00:00,10.01877,10.0339,10.01788,10.02841
2022-08-11 12:15:00,10.02913,10.03893,10.0286,10.03205
2022-08-11 12:30:00,10.03207,10.03315,10.02794,10.02923
2022-08-11 12:45:00,10.0292,10.02975,10.02062,10.0222
2022-08-11 13:00:00,10.02232,10.02965,10.02074,10.02144
2022-08-11 13:15:00,10.0214,10.02517,10.01869,10.02409
2022-08-11 13:30:00,10.02405,10.02866,10.01875,10.0262
2022-08-11 13:45:00,10.02617,10.03303,10.02368,10.02391
2022-08-11 14:00:00,10.0239,10.02785,10.01883,10.02718
2022-08-11 14:15:00,10.02699,10.0326,10.02503,10.02788
2022-08-11 14:30:00,10.02802,10.03216,10.01689,10.02162
2022-08-11 14:45:00,10.02173,10.03374,10.01804,10.02878
2022-08-11 15:00:00,10.02881,10.03125,10.01486,10.01871
2022-08-11 15:15:00,10.01924,10.02521,10.01229,10.01229
2022-08-11 15:30:00,10.0124,10.03226,10.01127,10.01532
2022-08-11 15:45:00,10.01542,10.01692,10.00232,10.00748
2022-08-11 16:00:00,10.00742,10.02023,10.0048,10.00544
2022-08-11 16:15:00,10.00539,10.02404,10.00463,10.01861
2022-08-11 16:30:00,10.01852,10.02803,10.013,10.01362
2022-08-11 16:45:00,10.01352,10.01439,9.99813,10.00478
2022-08-11 17:00:00,10.00471,10.01902,10.00163,10.01487
2022-08-11 17:15:00,10.01479,10.01746,10.00404,10.01144
2022-08-11 17:30:00,10.01126,10.02834,10.00778,10.0278
2022-08-11 17:45:00,10.02783,10.03188,10.01366,10.02338
2022-08-11 18:00:00,10.02344,10.04789,10.02225,10.04414
2022-08-11 18:15:00,10.04418,10.0503,10.04159,10.04236
2022-08-11 18:30:00,10.04233,10.04395,10.03066,10.03208
2022-08-11 18:45:00,10.03204,10.04415,10.03183,10.03547
2022-08-11 19:00:00,10.03557,10.04678,10.03496,10.04077
2022-08-11 19:15:00,10.04065,10.04596,10.03808,10.04058
2022-08-11 19:30:00,10.03955,10.0461,10.03907,10.04527
2022-08-11 19:45:00,10.04544,10.04808,10.04418,10.04521
2022-08-11 20:00:00,10.04492,10.05145,10.04236,10.04746
2022-08-11 20:15:00,10.04742,10.05154,10.04234,10.05154
2022-08-11 20:30:00,10.05161,10.05961,10.05097,10.05377
2022-08-11 20:45:00,10.05379,10.0632,10.05339,10.05635
2022-08-11 21:00:00,10.05647,10.06372,10.05599,10.06323
2022-08-11 21:15:00,10.06288,10.06477,10.06027,10.06204
2022-08-11 21:30:00,10.06203,10.07836,10.06115,10.0677
2022-08-11 21:45:00,10.06807,10.07101,10.05846,10.05968
2022-08-11 22:00:00,10.05973,10.06934,10.05848,10.06814
2022-08-11 22:15:00,10.06815,10.07018,10.05908,10.06017
2022-08-11 22:30:00,10.06019,10.06655,10.05875,10.06596
2022-08-11 22:45:00,10.06593,10.07352,10.06527,10.06606
2022-08-11 23:00:00,10.06594,10.06742,10.05709,10.05767
2022-08-11 23:15:00,10.05761,10.05774,10.05276,10.05512
2022-08-11 23:30:00,10.05509,10.05928,10.05504,10.05892
2022-08-11 23:45:00,10.05891,10.06317,10.03506,10.03697
2022-08-12 00:00:00,10.03786,10.04945,10.03454,10.04381
2022-08-12 00:15:00,10.04357,10.04579,10.04133,10.04154
2022-08-12 00:30:00,10.04361,10.05012,10.04304,10.04596
2022-08-12 00:45:00,10.04596,10.0587,10.04381,10.05558
2022-08-12 01:00:00,10.05587,10.05988,10.05312,10.05493
2022-08-12 01:15:00,10.05489,10.05756,10.05362,10.05555
2022-08-12 01:30:00,10.05549,10.05914,10.05459,10.05914
2022-08-12 01:45:00,10.05908,10.06096,10.05799,10.06061
2022-08-12 02:00:00,10.06067,10.06254,10.05886,10.06243
2022-08-12 02:15:00,10.06244,10.06375,10.06094,10.06166
2022-08-12 02:30:00,10.06148,10.06402,10.06094,10.06356
2022-08-12 02:45:00,10.06357,10.06378,10.05972,10.06119
2022-08-12 03:00:00,10.06167,10.06889,10.05723,10.06842
2022-08-12 03:15:00,10.06849,10.07342,10.0666,10.07091
2022-08-12 03:30:00,10.07089,10.07529,10.07012,10.07143
2022-08-12 03:45:00,10.07144,10.07565,10.06737,10.06884
2022-08-12 04:00:00,10.06892,10.07124,10.06564,10.0706
2022-08-12 04:15:00,10.07051,10.07214,10.06534,10.06735
2022-08-12 04:30:00,10.06736,10.07248,10.06697,10.07227
2022-08-12 04:45:00,10.07202,10.07727,10.07115,10.07567
2022-08-12 05:00:00,10.07561,10.0761,10.07305,10.07534
2022-08-12 05:15:00,10.07533,10.07591,10.07247,10.07572
2022-08-12 05:30:00,10.07573,10.07616,10.07016,10.07032
2022-08-12 05:45:00,10.07024,10.07086,10.06744,10.0697
2022-08-12 06:00:00,10.06984,10.07276,10.0682,10.06859
2022-08-12 06:15:00,10.06858,10.06865,10.06405,10.06592
2022-08-12 06:30:00,10.06588,10.0671,10.06365,10.06516
2022-08-12 06:45:00,10.06525,10.06629,10.06393,10.0643
2022-08-12 07:00:00,10.06429,10.06483,10.05977,10.06241
2022-08-12 07:15:00,10.06231,10.06346,10.05942,10.06034
2022-08-12 07:30:00,10.06043,10.06584,10.05939,10.06572
2022-08-12 07:45:00,10.06576,10.06935,10.06388,10.06643
2022-08-12 08:00:00,10.06655,10.07287,10.06461,10.07171
2022-08-12 08:15:00,10.07136,10.07245,10.06076,10.06384
2022-08-12 08:30:00,10.06399,10.0659,10.05879,10.06151
2022-08-12 08:45:00,10.06152,10.06879,10.06078,10.06398
2022-08-12 09:00:00,10.06198,10.06739,10.05249,10.05969
2022-08-12 09:15:00,10.05976,10.07297,10.05962,10.07153
2022-08-12 09:30:00,10.07141,10.07448,10.06468,10.06672
2022-08-12 09:45:00,10.06567,10.0805,10.06485,10.07856
2022-08-12 10:00:00,10.07849,10.08861,10.07613,10.08291
2022-08-12 10:15:00,10.08297,10.10182,10.08158,10.09564
2022-08-12 10:30:00,10.09588,10.10259,10.09295,10.10228
2022-08-12 10:45:00,10.10231,10.11578,10.10231,10.10559
2022-08-12 11:00:00,10.10574,10.12157,10.10522,10.11898
2022-08-12 11:15:00,10.11897,10.12506,10.11392,10.12323
2022-08-12 11:30:00,10.12317,10.12424,10.114,10.11477
2022-08-12 11:45:00,10.11476,10.11911,10.11149,10.11452
2022-08-12 12:00:00,10.11449,10.12461,10.1144,10.11994
2022-08-12 12:15:00,10.11996,10.12877,10.11738,10.11797
2022-08-12 12:30:00,10.1178,10.12474,10.11376,10.12344
2022-08-12 12:45:00,10.12346,10.12552,10.11548,10.12493
2022-08-12 13:00:00,10.12484,10.14662,10.12339,10.14604
2022-08-12 13:15:00,10.14629,10.15259,10.14046,10.14275
2022-08-12 13:30:00,10.14276,10.15376,10.14249,10.15168
2022-08-12 13:45:00,10.15172,10.15918,10.14785,10.14856
2022-08-12 14:00:00,10.14851,10.15618,10.14435,10.14816
2022-08-12 14:15:00,10.14813,10.16588,10.14588,10.15605
2022-08-12 14:30:00,10.15601,10.16155,10.15131,10.1597
2022-08-12 14:45:00,10.15971,10.16774,10.15499,10.16763
2022-08-12 15:00:00,10.16773,10.16911,10.1583,10.15949
2022-08-12 15:15:00,10.15945,10.16001,10.14095,10.14598
2022-08-12 15:30:00,10.14592,10.16729,10.14284,10.16598
2022-08-12 15:45:00,10.16595,10.16929,10.16103,10.16719
2022-08-12 16:00:00,10.16715,10.16931,10.15996,10.16108
2022-08-12 16:15:00,10.161,10.16462,10.1538,10.1646
2022-08-12 16:30:00,10.16461,10.17889,10.16235,10.17206
2022-08-12 16:45:00,10.17207,10.17371,10.1566,10.15812
2022-08-12 17:00:00,10.15808,10.19356,10.15808,10.18541
2022-08-12 17:15:00,10.18522,10.19204,10.18028,10.19141
2022-08-12 17:30:00,10.19155,10.19815,10.18116,10.19594
2022-08-12 17:45:00,10.19595,10.21887,10.19315,10.21452
2022-08-12 18:00:00,10.21438,10.21914,10.20286,10.20593
2022-08-12 18:15:00,10.20587,10.21034,10.19644,10.20466
2022-08-12 18:30:00,10.20468,10.20793,10.19812,10.20425
2022-08-12 18:45:00,10.20433,10.20433,10.19357,10.19965
2022-08-12 19:00:00,10.1997,10.20031,10.19089,10.19667
2022-08-12 19:15:00,10.19686,10.20286,10.19575,10.20286
2022-08-12 19:30:00,10.20275,10.2044,10.198,10.19839
2022-08-12 19:45:00,10.19835,10.20323,10.19495,10.20197
2022-08-12 20:00:00,10.20191,10.20251,10.19295,10.19355
2022-08-12 20:15:00,10.19349,10.19489,10.18848,10.19382
2022-08-12 20:30:00,10.19386,10.20681,10.19168,10.2059
2022-08-12 20:45:00,10.20578,10.20875,10.20369,10.20544
2022-08-12 21:00:00,10.20577,10.20895,10.20344,10.20357
2022-08-12 21:15:00,10.20365,10.2062,10.19968,10.20046
2022-08-12 21:30:00,10.20042,10.20515,10.20025,10.20183
2022-08-12 21:45:00,10.20185,10.20376,10.19722,10.20074
2022-08-12 22:00:00,10.201,10.20332,10.19632,10.19871
2022-08-12 22:15:00,10.19904,10.20395,10.1982,10.20142
2022-08-12 22:30:00,10.20174,10.20271,10.19782,10.19819
2022-08-12 22:45:00,10.19825,10.20211,10.1965,10.20196
2022-08-12 23:00:00,10.20209,10.20309,10.19456,10.2027
2022-08-12 23:15:00,10.20262,10.20318,10.19463,10.19826
2022-08-12 23:30:00,10.19823,10.20101,10.1954,10.19985
2022-08-12 23:45:00,10.19976,10.20027,10.18683,10.19175
2022-08-15 00:00:00,10.18466,10.18646,10.17487,10.17828
2022-08-15 00:15:00,10.17746,10.17911,10.17254,10.17504
2022-08-15 00:30:00,10.17556,10.18905,10.1738,10.18711
2022-08-15 00:45:00,10.18714,10.19121,10.18477,10.18477
2022-08-15 01:00:00,10.18615,10.1911,10.18481,10.18961
2022-08-15 01:15:00,10.18947,10.1897,10.18746,10.18902
2022-08-15 01:30:00,10.18903,10.19161,10.1885,10.18918
2022-08-15 01:45:00,10.18883,10.19109,10.18672,10.1905
2022-08-15 02:00:00,10.19013,10.1948,10.18848,10.19386
2022-08-15 02:15:00,10.19423,10.1973,10.19288,10.19669
2022-08-15 02:30:00,10.19641,10.19749,10.19231,10.1964
2022-08-15 02:45:00,10.19638,10.20531,10.19573,10.20511
2022-08-15 03:00:00,10.2055,10.2055,10.19593,10.20013
2022-08-15 03:15:00,10.20006,10.20058,10.19509,10.19548
2022-08-15 03:30:00,10.19546,10.19721,10.19261,10.19668
2022-08-15 03:45:00,10.19671,10.19689,10.18565,10.18876
2022-08-15 04:00:00,10.18876,10.19943,10.18649,10.19923
2022-08-15 04:15:00,10.19892,10.20473,10.19498,10.20462
2022-08-15 04:30:00,10.20463,10.20674,10.19973,10.20189
2022-08-15 04:45:00,10.20194,10.20447,10.19423,10.1958
2022-08-15 05:00:00,10.19575,10.21468,10.19566,10.2124
2022-08-15 05:15:00,10.2125,10.21954,10.20976,10.21532
2022-08-15 05:30:00,10.21534,10.22058,10.21431,10.22008
2022-08-15 05:45:00,10.22004,10.22122,10.21236,10.21688
2022-08-15 06:00:00,10.21698,10.21959,10.21323,10.21463
2022-08-15 06:15:00,10.21465,10.2165,10.21262,10.2128
2022-08-15 06:30:00,10.2128,10.21789,10.2124,10.21306
2022-08-15 06:45:00,10.21301,10.21308,10.20749,10.20875
2022-08-15 07:00:00,10.20867,10.21166,10.20746,10.20936
2022-08-15 07:15:00,10.20935,10.20967,10.20516,10.20796
2022-08-15 07:30:00,10.20794,10.20978,10.20473,10.20819
2022-08-15 07:45:00,10.20802,10.21429,10.20736,10.21315
2022-08-15 08:00:00,10.21309,10.21648,10.20725,10.20833
2022-08-15 08:15:00,10.20804,10.22016,10.20607,10.21816
2022-08-15 08:30:00,10.21818,10.23162,10.21769,10.23159
2022-08-15 08:45:00,10.23162,10.23835,10.22515,10.22595
2022-08-15 09:00:00,10.22593,10.23345,10.22359,10.23125
2022-08-15 09:15:00,10.23135,10.23621,10.22775,10.23598
2022-08-15 09:30:00,10.23607,10.24425,10.23605,10.23808
2022-08-15 09:45:00,10.23809,10.24028,10.23408,10.24004
2022-08-15 10:00:00,10.23955,10.25472,10.23413,10.24265
2022-08-15 10:15:00,10.24276,10.25245,10.23649,10.24785
2022-08-15 10:30:00,10.24881,10.24909,10.23441,10.23871
2022-08-15 10:45:00,10.23872,10.24197,10.23141,10.24066
2022-08-15 11:00:00,10.24064,10.24603,10.2371,10.24055
2022-08-15 11:15:00,10.24044,10.25329,10.2395,10.24863
2022-08-15 11:30:00,10.2488,10.26688,10.24801,10.26528
2022-08-15 11:45:00,10.26515,10.28051,10.26312,10.27149
2022-08-15 12:00:00,10.27147,10.28161,10.26868,10.28149
2022-08-15 12:15:00,10.28141,10.29726,10.27591,10.295
2022-08-15 12:30:00,10.29492,10.29999,10.28807,10.29012
2022-08-15 12:45:00,10.29016,10.29435,10.28681,10.28693
2022-08-15 13:00:00,10.28711,10.28803,10.27884,10.28599
2022-08-15 13:15:00,10.28603,10.30082,10.28596,10.30079
2022-08-15 13:30:00,10.30083,10.3016,10.29103,10.29321
2022-08-15 13:45:00,10.29317,10.29447,10.27825,10.28002
2022-08-15 14:00:00,10.27969,10.28903,10.2793,10.28533
2022-08-15 14:15:00,10.28539,10.28961,10.2799,10.28704
2022-08-15 14:30:00,10.28698,10.29654,10.28459,10.29631
2022-08-15 14:45:00,10.29655,10.30557,10.29362,10.29681
2022-08-15 15:00:00,10.29651,10.30331,10.2934,10.29571
2022-08-15 15:15:00,10.29567,10.29657,10.28188,10.28635
2022-08-15 15:30:00,10.28464,10.30093,10.27499,10.29944
2022-08-15 15:45:00,10.29959,10.30339,10.28885,10.29679
2022-08-15 16:00:00,10.29642,10.30336,10.29022,10.29435
2022-08-15 16:15:00,10.29433,10.29647,10.27746,10.27997
2022-08-15 16:30:00,10.28009,10.30012,10.28005,10.30009
2022-08-15 16:45:00,10.30015,10.31607,10.29728,10.31041
2022-08-15 17:00:00,10.31047,10.32936,10.31042,10.32778
2022-08-15 17:15:00,10.32758,10.32929,10.31043,10.31183
2022-08-15 17:30:00,10.31182,10.32246,10.30989,10.31295
2022-08-15 17:45:00,10.31273,10.31447,10.30398,10.3131
2022-08-15 18:00:00,10.31314,10.32179,10.30965,10.32005
2022-08-15 18:15:00,10.32004,10.32032,10.31086,10.31355
2022-08-15 18:30:00,10.31371,10.31418,10.30304,10.30653
2022-08-15 18:45:00,10.30663,10.30946,10.30359,10.30433
2022-08-15 19:00:00,10.3043,10.31689,10.30129,10.31518
2022-08-15 19:15:00,10.31512,10.32293,10.31485,10.3161
2022-08-15 19:30:00,10.31611,10.31821,10.31144,10.31738
2022-08-15 19:45:00,10.31739,10.31986,10.31551,10.31736
2022-08-15 20:00:00,10.3175,10.32722,10.31373,10.32718
2022-08-15 20:15:00,10.32715,10.33211,10.32651,10.33177
2022-08-15 20:30:00,10.33189,10.33899,10.33063,10.33775
2022-08-15 20:45:00,10.33776,10.33991,10.33514,10.33807
2022-08-15 21:00:00,10.33803,10.34738,10.33764,10.34565
2022-08-15 21:15:00,10.34564,10.34632,10.34356,10.34473
2022-08-15 21:30:00,10.34472,10.34748,10.3434,10.34731
2022-08-15 21:45:00,10.34725,10.34833,10.34546,10.34727
2022-08-15 22:00:00,10.34729,10.34729,10.3394,10.34078
2022-08-15 22:15:00,10.34077,10.34337,10.33943,10.33949
2022-08-15 22:30:00,10.33945,10.34033,10.33658,10.33669
2022-08-15 22:45:00,10.33668,10.34706,10.33668,10.3427
2022-08-15 23:00:00,10.34276,10.347,10.34136,10.34505
2022-08-15 23:15:00,10.34506,10.34623,10.33866,10.34585
2022-08-15 23:30:00,10.34593,10.34745,10.34376,10.34419
2022-08-15 23:45:00,10.34422,10.34933,10.33969,10.3436
2022-08-16 00:00:00,10.33148,10.33148,10.31502,10.32453
2022-08-16 00:15:00,10.3248,10.32892,10.32456,10.32498
2022-08-16 00:30:00,10.32495,10.33613,10.32495,10.33522
2022-08-16 00:45:00,10.33438,10.33718,10.3269,10.33108
2022-08-16 01:00:00,10.33213,10.33797,10.32807,10.33179
2022-08-16 01:15:00,10.33157,10.33968,10.32764,10.33928
2022-08-16 01:30:00,10.33925,10.34009,10.32447,10.32953
2022-08-16 01:45:00,10.32992,10.33535,10.32985,10.3348
2022-08-16 02:00:00,10.33479,10.34024,10.33326,10.33886
2022-08-16 02:15:00,10.33882,10.34034,10.33645,10.33774
2022-08-16 02:30:00,10.33775,10.34428,10.33677,10.34386
2022-08-16 02:45:00,10.34382,10.34604,10.33929,10.34304
2022-08-16 03:00:00,10.34305,10.35004,10.33891,10.34159
2022-08-16 03:15:00,10.34117,10.34748,10.34069,10.34598
2022-08-16 03:30:00,10.34587,10.35251,10.34337,10.35209
2022-08-16 03:45:00,10.35172,10.35192,10.34271,10.34696
2022-08-16 04:00:00,10.34689,10.34733,10.34135,10.34311
2022-08-16 04:15:00,10.3431,10.35106,10.3417,10.34936
2022-08-16 04:30:00,10.34937,10.34995,10.33959,10.34454
2022-08-16 04:45:00,10.34453,10.34826,10.34285,10.34416
2022-08-16 05:00:00,10.3442,10.34424,10.33176,10.33202
2022-08-16 05:15:00,10.33198,10.3363,10.33103,10.33396
2022-08-16 05:30:00,10.33397,10.33664,10.33219,10.33442
2022-08-16 05:45:00,10.33441,10.33517,10.33112,10.33112
2022-08-16 06:00:00,10.33111,10.33374,10.33013,10.3331
2022-08-16 06:15:00,10.33311,10.33478,10.33142,10.33343
2022-08-16 06:30:00,10.33342,10.33778,10.33308,10.33722
2022-08-16 06:45:00,10.33721,10.33969,10.33641,10.33836
2022-08-16 07:00:00,10.33832,10.34103,10.33832,10.3395
2022-08-16 07:15:00,10.33952,10.34258,10.3395,10.34134
2022-08-16 07:30:00,10.34138,10.34154,10.33813,10.33867
2022-08-16 07:45:00,10.33868,10.3423,10.33694,10.34157
2022-08-16 08:00:00,10.34158,10.34905,10.34151,10.34801
2022-08-16 08:15:00,10.34799,10.34991,10.34464,10.34745
2022-08-16 08:30:00,10.34739,10.34814,10.34297,10.34427
2022-08-16 08:45:00,10.34435,10.34813,10.34069,10.34142
2022-08-16 09:00:00,10.34131,10.34967,10.33999,10.34914
2022-08-16 09:15:00,10.34915,10.3612,10.34882,10.35258
2022-08-16 09:30:00,10.3526,10.36224,10.35237,10.36101
2022-08-16 09:45:00,10.36113,10.36381,10.35462,10.36233
2022-08-16 10:00:00,10.36261,10.39248,10.35925,10.38874
2022-08-16 10:15:00,10.38878,10.39893,10.38029,10.38313
2022-08-16 10:30:00,10.38309,10.3852,10.3742,10.37627
2022-08-16 10:45:00,10.37616,10.37638,10.35231,10.35519
2022-08-16 11:00:00,10.35578,10.36892,10.35497,10.36594
2022-08-16 11:15:00,10.36598,10.37432,10.36028,10.37266
2022-08-16 11:30:00,10.37263,10.37951,10.36287,10.36982
2022-08-16 11:45:00,10.3697,10.37689,10.36567,10.37296
2022-08-16 12:00:00,10.37265,10.38377,10.37145,10.38154
2022-08-16 12:15:00,10.38152,10.38744,10.37145,10.38463
2022-08-16 12:30:00,10.38412,10.40028,10.38209,10.3984
2022-08-16 12:45:00,10.39888,10.39996,10.38971,10.39604
2022-08-16 13:00:00,10.39611,10.39714,10.38696,10.38854
2022-08-16 13:15:00,10.38853,10.39646,10.38527,10.39626
2022-08-16 13:30:00,10.39613,10.40163,10.3932,10.40115
2022-08-16 13:45:00,10.40128,10.40372,10.39597,10.39802
2022-08-16 14:00:00,10.39804,10.4013,10.39216,10.40057
2022-08-16 14:15:00,10.40051,10.40514,10.39633,10.39711
2022-08-16 14:30:00,10.39715,10.40425,10.39695,10.39776
2022-08-16 14:45:00,10.39794,10.40203,10.39477,10.39946
2022-08-16 15:00:00,10.39952,10.40437,10.39754,10.39865
2022-08-16 15:15:00,10.39859,10.39877,10.38778,10.38857
2022-08-16 15:30:00,10.38855,10.39647,10.37992,10.38148
2022-08-16 15:45:00,10.38154,10.3959,10.38114,10.38546
2022-08-16 16:00:00,10.38547,10.38589,10.37559,10.3761
2022-08-16 16:15:00,10.37606,10.3808,10.36633,10.37048
2022-08-16 16:30:00,10.37057,10.37169,10.36078,10.36304
2022-08-16 16:45:00,10.36312,10.36721,10.35237,10.35421
2022-08-16 17:00:00,10.35434,10.36877,10.35384,10.36133
2022-08-16 17:15:00,10.36126,10.36155,10.34295,10.34502
2022-08-16 17:30:00,10.34496,10.35113,10.33411,10.33671
2022-08-16 17:45:00,10.33636,10.34963,10.33103,10.34472
2022-08-16 18:00:00,10.34461,10.35222,10.33923,10.3457
2022-08-16 18:15:00,10.34582,10.35095,10.34387,10.34538
2022-08-16 18:30:00,10.34536,10.34658,10.33804,10.34062
2022-08-16 18:45:00,10.34096,10.34626,10.33917,10.34448
2022-08-16 19:00:00,10.34493,10.35709,10.34472,10.35261
2022-08-16 19:15:00,10.35241,10.36237,10.34841,10.36076
2022-08-16 19:30:00,10.36076,10.36445,10.35465,10.35482
2022-08-16 19:45:00,10.35484,10.36112,10.35452,10.35627
2022-08-16 20:00:00,10.35629,10.35631,10.34652,10.34817
2022-08-16 20:15:00,10.34816,10.35055,10.34525,10.34679
2022-08-16 20:30:00,10.34678,10.34911,10.3418,10.34352
2022-08-16 20:45:00,10.34364,10.34365,10.33091,10.33733
2022-08-16 21:00:00,10.33712,10.33816,10.32749,10.32857
2022-08-16 21:15:00,10.32797,10.33015,10.32264,10.32986
2022-08-16 21:30:00,10.33015,10.34606,10.32625,10.34534
2022-08-16 21:45:00,10.34538,10.35728,10.3451,10.34705
2022-08-16 22:00:00,10.34753,10.35161,10.34437,10.3484
2022-08-16 22:15:00,10.34842,10.35076,10.34455,10.34641
2022-08-16 22:30:00,10.34634,10.35009,10.34583,10.34934
2022-08-16 22:45:00,10.34936,10.34964,10.33727,10.33797
2022-08-16 23:00:00,10.33802,10.34069,10.33334,10.33521
2022-08-16 23:15:00,10.3351,10.33834,10.3301,10.33133
2022-08-16 23:30:00,10.33089,10.33494,10.32982,10.33227
2022-08-16 23:45:00,10.33225,10.33829,10.32903,10.33513
2022-08-17 00:00:00,10.31724,10.33425,10.29793,10.32841
2022-08-17 00:15:00,10.3285,10.33216,10.32673,10.32754
2022-08-17 00:30:00,10.3272,10.34194,10.32589,10.34029
2022-08-17 00:45:00,10.34016,10.34037,10.33174,10.33246
2022-08-17 01:00:00,10.33248,10.3351,10.32579,10.33366
2022-08-17 01:15:00,10.33364,10.33629,10.33148,10.33413
2022-08-17 01:30:00,10.33435,10.33587,10.33112,10.3342
2022-08-17 01:45:00,10.33407,10.33598,10.33014,10.33125
2022-08-17 02:00:00,10.33076,10.33617,10.32837,10.32949
2022-08-17 02:15:00,10.32944,10.3345,10.32835,10.33147
2022-08-17 02:30:00,10.3316,10.3352,10.33017,10.33141
2022-08-17 02:45:00,10.33131,10.3385,10.33115,10.33663
2022-08-17 03:00:00,10.33665,10.34195,10.33399,10.33474
2022-08-17 03:15:00,10.33467,10.33826,10.33329,10.33789
2022-08-17 03:30:00,10.33802,10.34076,10.3322,10.33653
2022-08-17 03:45:00,10.33633,10.33649,10.32855,10.33191
2022-08-17 04:00:00,10.33235,10.33638,10.32778,10.33069
2022-08-17 04:15:00,10.33068,10.33108,10.32376,10.32461
2022-08-17 04:30:00,10.32462,10.33835,10.32462,10.336
2022-08-17 04:45:00,10.33592,10.33888,10.33164,10.33348
2022-08-17 05:00:00,10.3337,10.33372,10.32419,10.32517
2022-08-17 05:15:00,10.32514,10.33183,10.32458,10.33101
2022-08-17 05:30:00,10.33095,10.33257,10.32684,10.3324
2022-08-17 05:45:00,10.33239,10.334,10.32686,10.32842
2022-08-17 06:00:00,10.3284,10.32991,10.32497,10.32838
2022-08-17 06:15:00,10.3284,10.33635,10.32698,10.33433
2022-08-17 06:30:00,10.33431,10.33525,10.32969,10.3303
2022-08-17 06:45:00,10.33028,10.33197,10.32869,10.33081
2022-08-17 07:00:00,10.33075,10.3372,10.33017,10.33431
2022-08-17 07:15:00,10.33431,10.33707,10.33125,10.33127
2022-08-17 07:30:00,10.33164,10.33197,10.32484,10.32515
2022-08-17 07:45:00,10.32519,10.32673,10.32002,10.32376
2022-08-17 08:00:00,10.32378,10.32571,10.32031,10.32413
2022-08-17 08:15:00,10.32412,10.32746,10.32409,10.32735
2022-08-17 08:30:00,10.32736,10.32936,10.32582,10.32831
2022-08-17 08:45:00,10.32825,10.32946,10.31976,10.32064
2022-08-17 09:00:00,10.32066,10.32779,10.31299,10.32628
2022-08-17 09:15:00,10.32627,10.34676,10.32607,10.33682
2022-08-17 09:30:00,10.33667,10.34304,10.33211,10.33658
2022-08-17 09:45:00,10.33653,10.34588,10.33343,10.33702
2022-08-17 10:00:00,10.33705,10.35691,10.3349,10.35378
2022-08-17 10:15:00,10.35387,10.38189,10.35377,10.36967
2022-08-17 10:30:00,10.36942,10.37689,10.36313,10.37487
2022-08-17 10:45:00,10.37465,10.37537,10.36715,10.36797
2022-08-17 11:00:00,10.36795,10.39011,10.36725,10.37516
2022-08-17 11:15:00,10.37522,10.37927,10.35394,10.35995
2022-08-17 11:30:00,10.36043,10.36283,10.34126,10.3466
2022-08-17 11:45:00,10.34685,10.36331,10.3452,10.36064
2022-08-17 12:00:00,10.36117,10.36688,10.35846,10.36166
2022-08-17 12:15:00,10.36162,10.37244,10.36098,10.37196
2022-08-17 12:30:00,10.37181,10.38013,10.36913,10.37347
2022-08-17 12:45:00,10.37346,10.37535,10.36393,10.36683
2022-08-17 13:00:00,10.36684,10.37186,10.36421,10.36922
2022-08-17 13:15:00,10.36933,10.37215,10.36658,10.37178
2022-08-17 13:30:00,10.37181,10.39607,10.37171,10.38769
2022-08-17 13:45:00,10.38768,10.39095,10.37746,10.38008
2022-08-17 14:00:00,10.38026,10.39355,10.38,10.39346
2022-08-17 14:15:00,10.39356,10.3989,10.39219,10.39792
2022-08-17 14:30:00,10.39802,10.40368,10.39642,10.40359
2022-08-17 14:45:00,10.40357,10.40805,10.38824,10.38877
2022-08-17 15:00:00,10.38884,10.39238,10.38462,10.38894
2022-08-17 15:15:00,10.38896,10.40401,10.38621,10.39834
2022-08-17 15:30:00,10.39806,10.40968,10.38281,10.40072
2022-08-17 15:45:00,10.40076,10.40779,10.39736,10.40314
2022-08-17 16:00:00,10.40308,10.41198,10.39507,10.40259
2022-08-17 16:15:00,10.40308,10.40842,10.39829,10.40041
2022-08-17 16:30:00,10.40042,10.41021,10.39391,10.40397
2022-08-17 16:45:00,10.40404,10.40814,10.3913,10.39844
2022-08-17 17:00:00,10.39835,10.39879,10.369,10.38526
2022-08-17 17:15:00,10.38522,10.39243,10.38175,10.38747
2022-08-17 17:30:00,10.38709,10.41044,10.38514,10.40222
2022-08-17 17:45:00,10.40222,10.4111,10.39497,10.40798
2022-08-17 18:00:00,10.40791,10.41324,10.39754,10.40576
2022-08-17 18:15:00,10.40605,10.40869,10.3968,10.40319
2022-08-17 18:30:00,10.40337,10.40896,10.38785,10.40811
2022-08-17 18:45:00,10.40802,10.40956,10.40013,10.40937
2022-08-17 19:00:00,10.40917,10.40917,10.40033,10.40048
2022-08-17 19:15:00,10.4005,10.40487,10.39942,10.40036
2022-08-17 19:30:00,10.40015,10.40258,10.39287,10.39687
2022-08-17 19:45:00,10.39703,10.40336,10.39162,10.40244
2022-08-17 20:00:00,10.40177,10.40479,10.39784,10.4009
2022-08-17 20:15:00,10.40091,10.40435,10.39675,10.40084
2022-08-17 20:30:00,10.40083,10.4013,10.39545,10.39774
2022-08-17 20:45:00,10.39777,10.39961,10.39656,10.39731
2022-08-17 21:00:00,10.39733,10.398,10.36312,10.36312
2022-08-17 21:15:00,10.36298,10.37444,10.36293,10.36493
2022-08-17 21:30:00,10.36452,10.36599,10.35217,10.36462
2022-08-17 21:45:00,10.36467,10.38074,10.36414,10.37876
2022-08-17 22:00:00,10.37874,10.38397,10.36912,10.38228
2022-08-17 22:15:00,10.38231,10.38575,10.376,10.37932
2022-08-17 22:30:00,10.37922,10.38372,10.37723,10.3789
2022-08-17 22:45:00,10.37893,10.38751,10.37893,10.38557
2022-08-17 23:00:00,10.38548,10.38878,10.38274,10.38473
2022-08-17 23:15:00,10.38469,10.3905,10.38418,10.39042
2022-08-17 23:30:00,10.39019,10.39184,10.38646,10.38786
2022-08-17 23:45:00,10.38785,10.38918,10.38308,10.38361
2022-08-18 00:00:00,10.36779,10.37906,10.36154,10.36981
2022-08-18 00:15:00,10.3698,10.37285,10.35864,10.36593
2022-08-18 00:30:00,10.3655,10.37413,10.36375,10.37223
2022-08-18 00:45:00,10.37224,10.3842,10.37221,10.38363
2022-08-18 01:00:00,10.38409,10.3948,10.37845,10.38949
2022-08-18 01:15:00,10.38926,10.39447,10.38722,10.3898
2022-08-18 01:30:00,10.38968,10.39167,10.38479,10.38883
2022-08-18 01:45:00,10.38887,10.39261,10.38414,10.39072
2022-08-18 02:00:00,10.39078,10.39428,10.39028,10.39358
2022-08-18 02:15:00,10.3939,10.3959,10.39182,10.39418
2022-08-18 02:30:00,10.39408,10.39666,10.39078,10.3911
2022-08-18 02:45:00,10.39113,10.39377,10.3896,10.39149
2022-08-18 03:00:00,10.39128,10.39746,10.38257,10.38614
2022-08-18 03:15:00,10.38592,10.38677,10.38075,10.38284
2022-08-18 03:30:00,10.38285,10.38404,10.37853,10.38389
2022-08-18 03:45:00,10.38377,10.39346,10.38117,10.38586
2022-08-18 04:00:00,10.38672,10.39119,10.38118,10.38119
2022-08-18 04:15:00,10.38122,10.38769,10.37924,10.38288
2022-08-18 04:30:00,10.3828,10.38918,10.38012,10.38558
2022-08-18 04:45:00,10.38556,10.39063,10.38127,10.38927
2022-08-18 05:00:00,10.3892,10.39145,10.3856,10.38862
2022-08-18 05:15:00,10.38861,10.39,10.38638,10.38995
2022-08-18 05:30:00,10.3897,10.39173,10.38574,10.38767
2022-08-18 05:45:00,10.38771,10.38855,10.38447,10.38726
2022-08-18 06:00:00,10.38739,10.38987,10.38722,10.38935
2022-08-18 06:15:00,10.38931,10.39212,10.38908,10.39053
2022-08-18 06:30:00,10.39056,10.40285,10.3903,10.40252
2022-08-18 06:45:00,10.40233,10.40517,10.39882,10.40069
2022-08-18 07:00:00,10.40067,10.40244,10.39835,10.40212
2022-08-18 07:15:00,10.40254,10.40689,10.40154,10.40656
2022-08-18 07:30:00,10.40641,10.40849,10.40454,10.40525
2022-08-18 07:45:00,10.40524,10.41205,10.40382,10.40958
2022-08-18 08:00:00,10.40964,10.41005,10.40616,10.4081
2022-08-18 08:15:00,10.40822,10.40825,10.39944,10.40019
2022-08-18 08:30:00,10.40016,10.40048,10.3929,10.3947
2022-08-18 08:45:00,10.39473,10.41321,10.39405,10.41219
2022-08-18 09:00:00,10.41208,10.42046,10.40665,10.41681
2022-08-18 09:15:00,10.41686,10.42325,10.41645,10.41746
2022-08-18 09:30:00,10.41745,10.42603,10.41745,10.42259
2022-08-18 09:45:00,10.42245,10.4432,10.42191,10.44006
2022-08-18 10:00:00,10.43977,10.43977,10.42437,10.43128
2022-08-18 10:15:00,10.43136,10.44533,10.43016,10.43536
2022-08-18 10:30:00,10.43563,10.43687,10.41691,10.41896
2022-08-18 10:45:00,10.41892,10.43248,10.41892,10.42434
2022-08-18 11:00:00,10.4244,10.42537,10.40521,10.41166
2022-08-18 11:15:00,10.41172,10.42478,10.41165,10.423
2022-08-18 11:30:00,10.42299,10.42844,10.41719,10.41786
2022-08-18 11:45:00,10.41794,10.42754,10.40953,10.41844
2022-08-18 12:00:00,10.4182,10.4279,10.4147,10.42673
2022-08-18 12:15:00,10.42678,10.42858,10.42163,10.42567
2022-08-18 12:30:00,10.42558,10.42774,10.41814,10.41848
2022-08-18 12:45:00,10.41827,10.42049,10.39771,10.39851
2022-08-18 13:00:00,10.39769,10.40212,10.38694,10.39383
2022-08-18 13:15:00,10.39387,10.4039,10.39225,10.40199
2022-08-18 13:30:00,10.40198,10.40594,10.4008,10.40186
2022-08-18 13:45:00,10.40194,10.40649,10.39781,10.4009
2022-08-18 14:00:00,10.40089,10.40711,10.39469,10.40057
2022-08-18 14:15:00,10.40056,10.41462,10.39726,10.40549
2022-08-18 14:30:00,10.40546,10.40685,10.39281,10.39827
2022-08-18 14:45:00,10.39833,10.40744,10.39768,10.40423
2022-08-18 15:00:00,10.40421,10.40618,10.39135,10.40274
2022-08-18 15:15:00,10.40251,10.40765,10.39598,10.40165
2022-08-18 15:30:00,10.40206,10.4283,10.39927,10.42111
2022-08-18 15:45:00,10.42128,10.4261,10.41596,10.41812
2022-08-18 16:00:00,10.41806,10.43141,10.41582,10.4283
2022-08-18 16:15:00,10.42832,10.44417,10.42682,10.43445
2022-08-18 16:30:00,10.4344,10.46463,10.43311,10.46178
2022-08-18 16:45:00,10.46206,10.47388,10.46151,10.47091
2022-08-18 17:00:00,10.47156,10.48914,10.46507,10.46813
2022-08-18 17:15:00,10.4683,10.47626,10.46661,10.47223
2022-08-18 17:30:00,10.47225,10.47599,10.46774,10.4723
2022-08-18 17:45:00,10.47232,10.47548,10.46092,10.46539
2022-08-18 18:00:00,10.46541,10.46699,10.44916,10.45073
2022-08-18 18:15:00,10.4507,10.45111,10.44327,10.44643
2022-08-18 18:30:00,10.44639,10.46638,10.44624,10.46554
2022-08-18 18:45:00,10.46555,10.48058,10.46494,10.47951
2022-08-18 19:00:00,10.47941,10.48521,10.47735,10.48239
2022-08-18 19:15:00,10.48237,10.49423,10.48058,10.49022
2022-08-18 19:30:00,10.4902,10.49934,10.48988,10.49897
2022-08-18 19:45:00,10.49928,10.50996,10.49626,10.50885
2022-08-18 20:00:00,10.5088,10.51599,10.50211,10.50837
2022-08-18 20:15:00,10.50852,10.5138,10.50652,10.50981
2022-08-18 20:30:00,10.50984,10.51371,10.50688,10.51112
2022-08-18 20:45:00,10.51058,10.51638,10.50845,10.51538
2022-08-18 21:00:00,10.51532,10.51601,10.51081,10.51225
2022-08-18 21:15:00,10.5122,10.51498,10.50763,10.50799
2022-08-18 21:30:00,10.50802,10.51119,10.50802,10.50857
2022-08-18 21:45:00,10.50857,10.50959,10.50031,10.5079
2022-08-18 22:00:00,10.5078,10.50793,10.49238,10.49238
2022-08-18 22:15:00,10.49229,10.49411,10.48878,10.48981
2022-08-18 22:30:00,10.48881,10.49439,10.48805,10.49328
2022-08-18 22:45:00,10.49334,10.49964,10.49274,10.49292
2022-08-18 23:00:00,10.49265,10.49903,10.49257,10.49827
2022-08-18 23:15:00,10.49821,10.49841,10.49341,10.49522
2022-08-18 23:30:00,10.49521,10.50195,10.49502,10.50031
2022-08-18 23:45:00,10.50029,10.50685,10.49478,10.49478
2022-08-19 00:00:00,10.48601,10.49864,10.47443,10.49791
2022-08-19 00:15:00,10.4979,10.51093,10.49706,10.50082
2022-08-19 00:30:00,10.50102,10.508,10.50102,10.50318
2022-08-19 00:45:00,10.50387,10.50866,10.50352,10.50436
2022-08-19 01:00:00,10.50452,10.50991,10.50196,10.50668
2022-08-19 01:15:00,10.50689,10.50768,10.50503,10.50627
2022-08-19 01:30:00,10.50626,10.5089,10.50528,10.50841
2022-08-19 01:45:00,10.50835,10.51003,10.50716,10.50884
2022-08-19 02:00:00,10.5089,10.51004,10.50784,10.50802
2022-08-19 02:15:00,10.50793,10.50885,10.50693,10.50707
2022-08-19 02:30:00,10.50715,10.50715,10.50528,10.50664
2022-08-19 02:45:00,10.50661,10.50672,10.50496,10.50658
2022-08-19 03:00:00,10.50742,10.51669,10.50655,10.51669
2022-08-19 03:15:00,10.51587,10.51847,10.5142,10.51813
2022-08-19 03:30:00,10.51795,10.52377,10.517,10.51751
2022-08-19 03:45:00,10.51783,10.52111,10.51517,10.5196
2022-08-19 04:00:00,10.51951,10.51957,10.51527,10.5163
2022-08-19 04:15:00,10.51629,10.51835,10.51428,10.5152
2022-08-19 04:30:00,10.51513,10.52943,10.51424,10.52484
2022-08-19 04:45:00,10.52475,10.52554,10.52005,10.52413
2022-08-19 05:00:00,10.52448,10.52516,10.51405,10.51694
2022-08-19 05:15:00,10.51695,10.52346,10.51614,10.52127
2022-08-19 05:30:00,10.52125,10.52315,10.51261,10.51479
2022-08-19 05:45:00,10.5148,10.51793,10.51082,10.51199
2022-08-19 06:00:00,10.51197,10.51589,10.51131,10.51462
2022-08-19 06:15:00,10.51466,10.52333,10.51276,10.51745
2022-08-19 06:30:00,10.51743,10.52172,10.51738,10.5216
2022-08-19 06:45:00,10.52158,10.52188,10.51628,10.51923
2022-08-19 07:00:00,10.5193,10.52683,10.51863,10.52602
2022-08-19 07:15:00,10.52593,10.52864,10.52433,10.52569
2022-08-19 07:30:00,10.52537,10.52741,10.52374,10.52431
2022-08-19 07:45:00,10.52432,10.52779,10.52379,10.52768
2022-08-19 08:00:00,10.5278,10.52859,10.52459,10.52546
2022-08-19 08:15:00,10.52536,10.52637,10.51898,10.5244
2022-08-19 08:30:00,10.52438,10.52644,10.5215,10.52212
2022-08-19 08:45:00,10.52213,10.52221,10.51656,10.51738
2022-08-19 09:00:00,10.51743,10.52833,10.51548,10.52764
2022-08-19 09:15:00,10.52766,10.52811,10.51248,10.51399
2022-08-19 09:30:00,10.51422,10.52277,10.50835,10.51821
2022-08-19 09:45:00,10.51813,10.52064,10.51196,10.51824
2022-08-19 10:00:00,10.51909,10.52741,10.51848,10.52474
2022-08-19 10:15:00,10.52483,10.52949,10.51933,10.52338
2022-08-19 10:30:00,10.52339,10.52676,10.50907,10.51202
2022-08-19 10:45:00,10.51207,10.51464,10.50886,10.51427
2022-08-19 11:00:00,10.51417,10.53188,10.51358,10.53122
2022-08-19 11:15:00,10.53114,10.53742,10.52796,10.52796
2022-08-19 11:30:00,10.52816,10.54679,10.52813,10.54648
2022-08-19 11:45:00,10.54644,10.55424,10.53686,10.53686
2022-08-19 12:00:00,10.53688,10.54247,10.53548,10.53549
2022-08-19 12:15:00,10.53547,10.54325,10.53235,10.53943
2022-08-19 12:30:00,10.53932,10.54115,10.53579,10.53965
2022-08-19 12:45:00,10.53986,10.54882,10.53833,10.54858
2022-08-19 13:00:00,10.5485,10.56382,10.54811,10.55344
2022-08-19 13:15:00,10.55346,10.5543,10.54631,10.55087
2022-08-19 13:30:00,10.55086,10.55367,10.54398,10.54928
2022-08-19 13:45:00,10.5493,10.55515,10.54452,10.55447
2022-08-19 14:00:00,10.55435,10.56085,10.54878,10.55479
2022-08-19 14:15:00,10.55483,10.56044,10.5492,10.55235
2022-08-19 14:30:00,10.55239,10.55872,10.54834,10.54868
2022-08-19 14:45:00,10.54839,10.55888,10.54683,10.55482
2022-08-19 15:00:00,10.55495,10.55701,10.54272,10.55091
2022-08-19 15:15:00,10.55089,10.55895,10.54752,10.55641
2022-08-19 15:30:00,10.55643,10.55999,10.54311,10.54784
2022-08-19 15:45:00,10.54847,10.54984,10.53805,10.54569
2022-08-19 16:00:00,10.54569,10.55377,10.54068,10.54422
2022-08-19 16:15:00,10.5442,10.55745,10.54272,10.55373
2022-08-19 16:30:00,10.55368,10.565,10.55169,10.55953
2022-08-19 16:45:00,10.55956,10.57053,10.55391,10.56651
2022-08-19 17:00:00,10.56637,10.58613,10.56583,10.58377
2022-08-19 17:15:00,10.58378,10.58615,10.5729,10.57897
2022-08-19 17:30:00,10.57894,10.5912,10.57643,10.5845
2022-08-19 17:45:00,10.5845,10.59535,10.57787,10.59471
2022-08-19 18:00:00,10.5947,10.59677,10.58897,10.59368
2022-08-19 18:15:00,10.59355,10.59638,10.58298,10.58626
2022-08-19 18:30:00,10.58635,10.58897,10.57741,10.57983
2022-08-19 18:45:00,10.57982,10.59133,10.57659,10.59115
2022-08-19 19:00:00,10.59119,10.59169,10.5851,10.58961
2022-08-19 19:15:00,10.58955,10.59475,10.58689,10.58984
2022-08-19 19:30:00,10.5898,10.59165,10.58243,10.58674
2022-08-19 19:45:00,10.58675,10.58751,10.58326,10.58669
2022-08-19 20:00:00,10.58666,10.59739,10.58125,10.58154
2022-08-19 20:15:00,10.58154,10.58653,10.57719,10.5852
2022-08-19 20:30:00,10.58523,10.59051,10.58445,10.58798
2022-08-19 20:45:00,10.58795,10.58812,10.57867,10.58251
2022-08-19 21:00:00,10.58254,10.59632,10.58254,10.59631
2022-08-19 21:15:00,10.5964,10.59713,10.5828,10.58503
2022-08-19 21:30:00,10.58495,10.5875,10.57963,10.58625
2022-08-19 21:45:00,10.58631,10.59807,10.58603,10.59585
2022-08-19 22:00:00,10.59583,10.59804,10.59465,10.59572
2022-08-19 22:15:00,10.59569,10.59688,10.59397,10.59573
2022-08-19 22:30:00,10.5957,10.5957,10.5847,10.59309
2022-08-19 22:45:00,10.59291,10.5965,10.5822,10.5846
2022-08-19 23:00:00,10.58431,10.58944,10.58237,10.58497
2022-08-19 23:15:00,10.58513,10.58513,10.57484,10.58141
2022-08-19 23:30:00,10.58143,10.58512,10.5788,10.58445
2022-08-19 23:45:00,10.58449,10.5916,10.56586,10.58777
2022-08-22 00:00:00,10.56511,10.56703,10.52317,10.56071
2022-08-22 00:45:00,10.51023,10.56006,10.49888,10.56006
2022-08-22 01:00:00,10.55202,10.56589,10.52842,10.55365
2022-08-22 01:15:00,10.55351,10.58409,10.54972,10.58288
2022-08-22 01:30:00,10.58287,10.58488,10.57932,10.58062
2022-08-22 01:45:00,10.58063,10.58574,10.57924,10.5825
2022-08-22 02:00:00,10.58257,10.58813,10.58122,10.58596
2022-08-22 02:15:00,10.58563,10.5904,10.5842,10.58988
2022-08-22 02:30:00,10.58987,10.59534,10.58799,10.59493
2022-08-22 02:45:00,10.59486,10.59733,10.59146,10.59194
2022-08-22 03:00:00,10.59178,10.59748,10.59085,10.59512
2022-08-22 03:15:00,10.59499,10.59789,10.59373,10.59702
2022-08-22 03:30:00,10.59705,10.59882,10.59454,10.59775
2022-08-22 03:45:00,10.59771,10.59861,10.59466,10.59644
2022-08-22 04:00:00,10.59671,10.59892,10.59495,10.59786
2022-08-22 04:15:00,10.59785,10.59856,10.58953,10.58987
2022-08-22 04:30:00,10.59016,10.59521,10.58997,10.59447
2022-08-22 04:45:00,10.59452,10.59456,10.59137,10.59368
2022-08-22 05:00:00,10.59369,10.59591,10.5909,10.59432
2022-08-22 05:15:00,10.59428,10.59441,10.58837,10.58932
2022-08-22 05:30:00,10.5893,10.59218,10.58883,10.59072
2022-08-22 05:45:00,10.59071,10.59186,10.57821,10.57869
2022-08-22 06:00:00,10.57858,10.58187,10.57838,10.58023
2022-08-22 06:15:00,10.58027,10.58334,10.57841,10.58231
2022-08-22 06:30:00,10.58218,10.58307,10.57904,10.58038
2022-08-22 06:45:00,10.58052,10.58235,10.57897,10.58123
2022-08-22 07:00:00,10.57961,10.58333,10.57854,10.58023
2022-08-22 07:15:00,10.57905,10.58105,10.57785,10.5786
2022-08-22 07:30:00,10.5784,10.57988,10.57821,10.57903
2022-08-22 07:45:00,10.57911,10.582,10.57848,10.57859
2022-08-22 08:00:00,10.57881,10.58483,10.57824,10.58431
2022-08-22 08:15:00,10.58435,10.59019,10.57957,10.58851
2022-08-22 08:30:00,10.58855,10.59074,10.58732,10.58838
2022-08-22 08:45:00,10.58836,10.59656,10.58763,10.59631
2022-08-22 09:00:00,10.59637,10.60018,10.5946,10.59542
2022-08-22 09:15:00,10.5954,10.59848,10.59191,10.59575
2022-08-22 09:30:00,10.59577,10.60121,10.59454,10.60011
2022-08-22 09:45:00,10.60004,10.60145,10.5924,10.59892
2022-08-22 10:00:00,10.59896,10.60532,10.59256,10.59668
2022-08-22 10:15:00,10.59659,10.62844,10.59611,10.62739
2022-08-22 10:30:00,10.62728,10.63723,10.62461,10.63723
2022-08-22 10:45:00,10.63739,10.65119,10.63398,10.64062
2022-08-22 11:00:00,10.64056,10.65391,10.63901,10.64281
2022-08-22 11:15:00,10.64291,10.65078,10.6336,10.63543
2022-08-22 11:30:00,10.63583,10.64115,10.62931,10.63659
2022-08-22 11:45:00,10.63642,10.6443,10.62895,10.63442
2022-08-22 12:00:00,10.63441,10.64793,10.63426,10.64625
2022-08-22 12:15:00,10.64633,10.65706,10.64225,10.65589
2022-08-22 12:30:00,10.65587,10.67367,10.65347,10.66837
2022-08-22 12:45:00,10.66853,10.66853,10.65439,10.65605
2022-08-22 13:00:00,10.65608,10.66467,10.64953,10.65786
2022-08-22 13:15:00,10.65788,10.65846,10.64426,10.64596
2022-08-22 13:30:00,10.64602,10.65277,10.64371,10.65214
2022-08-22 13:45:00,10.65205,10.6534,10.64376,10.64638
2022-08-22 14:00:00,10.64645,10.64838,10.63801,10.64739
2022-08-22 14:15:00,10.64696,10.66093,10.64641,10.65876
2022-08-22 14:30:00,10.65872,10.66813,10.65617,10.66231
2022-08-22 14:45:00,10.66226,10.66637,10.65411,10.65817
2022-08-22 15:00:00,10.65777,10.6619,10.64685,10.64869
2022-08-22 15:15:00,10.64857,10.65459,10.64656,10.64697
2022-08-22 15:30:00,10.64699,10.65901,10.64684,10.65722
2022-08-22 15:45:00,10.65755,10.66182,10.64135,10.64367
2022-08-22 16:00:00,10.64354,10.6539,10.64165,10.64997
2022-08-22 16:15:00,10.65001,10.65163,10.64098,10.64789
2022-08-22 16:30:00,10.64794,10.65825,10.64755,10.65479
2022-08-22 16:45:00,10.65485,10.68597,10.65278,10.68597
2022-08-22 17:00:00,10.68592,10.69082,10.67806,10.67965
2022-08-22 17:15:00,10.67956,10.69145,10.67744,10.68548
2022-08-22 17:30:00,10.68552,10.69244,10.67547,10.69203
2022-08-22 17:45:00,10.69227,10.69692,10.6859,10.69295
2022-08-22 18:00:00,10.69293,10.69865,10.69055,10.6972
2022-08-22 18:15:00,10.69711,10.73471,10.69609,10.72998
2022-08-22 18:30:00,10.73035,10.73254,10.68121,10.72171
2022-08-22 18:45:00,10.72174,10.73319,10.71351,10.71996
2022-08-22 19:00:00,10.72,10.72416,10.71603,10.71714
2022-08-22 19:15:00,10.71687,10.71736,10.70182,10.7052
2022-08-22 19:30:00,10.70532,10.71,10.69776,10.70982
2022-08-22 19:45:00,10.70969,10.72,10.70946,10.71521
2022-08-22 20:00:00,10.71522,10.72706,10.71273,10.72154
2022-08-22 20:15:00,10.72178,10.72504,10.71935,10.71955
2022-08-22 20:30:00,10.71971,10.72574,10.7156,10.71603
2022-08-22 20:45:00,10.71604,10.73277,10.7145,10.73024
2022-08-22 21:00:00,10.73028,10.73577,10.7231,10.72334
2022-08-22 21:15:00,10.72335,10.72589,10.71816,10.7227
2022-08-22 21:30:00,10.72267,10.72395,10.71841,10.72188
2022-08-22 21:45:00,10.72213,10.72336,10.71934,10.7226
2022-08-22 22:00:00,10.72274,10.72274,10.71151,10.71163
2022-08-22 22:15:00,10.71157,10.71325,10.7075,10.70805
2022-08-22 22:30:00,10.70793,10.72036,10.70663,10.71772
2022-08-22 22:45:00,10.7178,10.71866,10.7029,10.70785
2022-08-22 23:00:00,10.7078,10.71231,10.70525,10.70642
2022-08-22 23:15:00,10.70641,10.708,10.70272,10.70467
2022-08-22 23:30:00,10.70444,10.70508,10.70211,10.7046
2022-08-22 23:45:00,10.70448,10.71478,10.69561,10.70277
2022-08-23 00:00:00,10.68689,10.71273,10.68241,10.70328
2022-08-23 00:15:00,10.70326,10.70991,10.70251,10.7073
2022-08-23 00:30:00,10.70717,10.70743,10.69912,10.7009
2022-08-23 00:45:00,10.70114,10.70429,10.68615,10.68691
2022-08-23 01:00:00,10.68834,10.70785,10.68774,10.70776
2022-08-23 01:15:00,10.7078,10.70922,10.70528,10.70533
2022-08-23 01:30:00,10.70543,10.70782,10.70305,10.70352
2022-08-23 01:45:00,10.70348,10.70617,10.70199,10.70506
2022-08-23 02:00:00,10.70499,10.70882,10.70324,10.70797
2022-08-23 02:15:00,10.70809,10.71524,10.70601,10.71373
2022-08-23 02:30:00,10.71377,10.71541,10.70803,10.70821
2022-08-23 02:45:00,10.70818,10.70975,10.70614,10.70766
2022-08-23 03:00:00,10.70809,10.719,10.70784,10.71749
2022-08-23 03:15:00,10.71733,10.72476,10.69555,10.69582
2022-08-23 03:30:00,10.69631,10.69652,10.67884,10.69058
2022-08-23 03:45:00,10.69104,10.70155,10.69103,10.70028
2022-08-23 04:00:00,10.70082,10.7022,10.68839,10.69293
2022-08-23 04:15:00,10.69292,10.69696,10.69008,10.69452
2022-08-23 04:30:00,10.69454,10.71042,10.69405,10.70955
2022-08-23 04:45:00,10.70957,10.71534,10.6897,10.71045
2022-08-23 05:00:00,10.71049,10.71923,10.70897,10.71081
2022-08-23 05:15:00,10.71081,10.71435,10.70401,10.70562
2022-08-23 05:30:00,10.70499,10.70913,10.70197,10.70694
2022-08-23 05:45:00,10.70655,10.70838,10.69319,10.69363
2022-08-23 06:00:00,10.69484,10.70702,10.69309,10.70008
2022-08-23 06:15:00,10.70011,10.70115,10.69616,10.69919
2022-08-23 06:30:00,10.69905,10.70368,10.6975,10.69986
2022-08-23 06:45:00,10.69987,10.70382,10.69944,10.70208
2022-08-23 07:00:00,10.70206,10.70465,10.70028,10.70415
2022-08-23 07:15:00,10.70413,10.70592,10.70216,10.70431
2022-08-23 07:30:00,10.70435,10.70771,10.70351,10.70475
2022-08-23 07:45:00,10.70482,10.71809,10.70481,10.71771
2022-08-23 08:00:00,10.71792,10.72444,10.71559,10.72343
2022-08-23 08:15:00,10.72367,10.74345,10.72353,10.73679
2022-08-23 08:30:00,10.73674,10.74267,10.73512,10.73785
2022-08-23 08:45:00,10.73777,10.74227,10.73396,10.73673
2022-08-23 09:00:00,10.73718,10.74639,10.73324,10.74636
2022-08-23 09:15:00,10.74633,10.75536,10.74076,10.74936
2022-08-23 09:30:00,10.74932,10.76186,10.74808,10.75204
2022-08-23 09:45:00,10.752,10.75557,10.74385,10.7517
2022-08-23 10:00:00,10.7518,10.75206,10.73381,10.74092
2022-08-23 10:15:00,10.74181,10.7473,10.71784,10.72972
2022-08-23 10:30:00,10.73024,10.73024,10.68146,10.68753
2022-08-23 10:45:00,10.68755,10.70422,10.68705,10.69697
2022-08-23 11:00:00,10.69695,10.71012,10.68476,10.69882
2022-08-23 11:15:00,10.69895,10.70209,10.69011,10.69917
2022-08-23 11:30:00,10.69873,10.70114,10.6733,10.67767
2022-08-23 11:45:00,10.67774,10.69019,10.67524,10.68175
2022-08-23 12:00:00,10.68177,10.69079,10.66802,10.67413
2022-08-23 12:15:00,10.67416,10.6992,10.67416,10.6975
2022-08-23 12:30:00,10.69751,10.71259,10.69498,10.70454
2022-08-23 12:45:00,10.7045,10.70548,10.69091,10.69491
2022-08-23 13:00:00,10.69481,10.70571,10.68892,10.70468
2022-08-23 13:15:00,10.70481,10.71224,10.69939,10.6995
2022-08-23 13:30:00,10.69964,10.70305,10.69238,10.69297
2022-08-23 13:45:00,10.69288,10.69829,10.69012,10.69528
2022-08-23 14:00:00,10.69467,10.69523,10.68442,10.68559
2022-08-23 14:15:00,10.68574,10.68707,10.67713,10.68058
2022-08-23 14:30:00,10.6806,10.69056,10.68044,10.68418
2022-08-23 14:45:00,10.68426,10.68817,10.6615,10.67132
2022-08-23 15:00:00,10.67149,10.68532,10.6676,10.6831
2022-08-23 15:15:00,10.68314,10.69782,10.67974,10.68835
2022-08-23 15:30:00,10.68839,10.69671,10.67775,10.68019
2022-08-23 15:45:00,10.68027,10.68485,10.66768,10.67482
2022-08-23 16:00:00,10.67462,10.67846,10.66373,10.66383
2022-08-23 16:15:00,10.66391,10.67098,10.65284,10.6598
2022-08-23 16:30:00,10.65967,10.66345,10.63221,10.64174
2022-08-23 16:45:00,10.64173,10.64173,10.59726,10.59837
2022-08-23 17:00:00,10.59841,10.59932,10.56241,10.57656
2022-08-23 17:15:00,10.57657,10.60505,10.57587,10.6042
2022-08-23 17:30:00,10.60437,10.61766,10.59696,10.60887
2022-08-23 17:45:00,10.60829,10.61461,10.59107,10.59777
2022-08-23 18:00:00,10.59776,10.60093,10.57497,10.57853
2022-08-23 18:15:00,10.57852,10.58887,10.57064,10.58874
2022-08-23 18:30:00,10.58842,10.59494,10.58393,10.59284
2022-08-23 18:45:00,10.59292,10.61318,10.59025,10.60555
2022-08-23 19:00:00,10.60553,10.61687,10.60266,10.61529
2022-08-23 19:15:00,10.6153,10.61979,10.61037,10.61578
2022-08-23 19:30:00,10.61571,10.61636,10.60397,10.60674
2022-08-23 19:45:00,10.60677,10.61224,10.60033,10.60184
2022-08-23 20:00:00,10.60151,10.61431,10.59851,10.60944
2022-08-23 20:15:00,10.60945,10.61655,10.60757,10.61534
2022-08-23 20:30:00,10.61536,10.62235,10.61235,10.62234
2022-08-23 20:45:00,10.62231,10.63096,10.61922,10.62835
2022-08-23 21:00:00,10.62833,10.63525,10.62415,10.62809
2022-08-23 21:15:00,10.62813,10.62929,10.62222,10.62882
2022-08-23 21:30:00,10.62891,10.63342,10.62852,10.63141
2022-08-23 21:45:00,10.63137,10.63341,10.62757,10.63202
2022-08-23 22:00:00,10.632,10.63639,10.62635,10.62784
2022-08-23 22:15:00,10.62781,10.63323,10.62707,10.63138
2022-08-23 22:30:00,10.63139,10.63179,10.629,10.63174
2022-08-23 22:45:00,10.63172,10.63778,10.62573,10.62873
2022-08-23 23:00:00,10.62854,10.63059,10.62553,10.62822
2022-08-23 23:15:00,10.62823,10.62929,10.62482,10.62521
2022-08-23 23:30:00,10.62505,10.62985,10.62505,10.62905
2022-08-23 23:45:00,10.62906,10.63257,10.6111,10.6111
2022-08-24 00:00:00,10.61006,10.61006,10.57915,10.59016
2022-08-24 00:15:00,10.59017,10.60543,10.57642,10.58995
2022-08-24 00:30:00,10.58998,10.59781,10.58998,10.59644
2022-08-24 00:45:00,10.5931,10.59609,10.58918,10.59377
2022-08-24 01:00:00,10.59118,10.60802,10.59064,10.60739
2022-08-24 01:15:00,10.60738,10.61223,10.60651,10.61059
2022-08-24 01:30:00,10.6106,10.61194,10.60918,10.61114
2022-08-24 01:45:00,10.61046,10.61952,10.60934,10.6178
2022-08-24 02:00:00,10.61778,10.62363,10.61701,10.62346
2022-08-24 02:15:00,10.62363,10.62909,10.62247,10.62896
2022-08-24 02:30:00,10.62889,10.63243,10.62835,10.62985
2022-08-24 02:45:00,10.62969,10.63196,10.62799,10.63012
2022-08-24 03:00:00,10.63001,10.63683,10.62243,10.63629
2022-08-24 03:15:00,10.63568,10.6425,10.63343,10.64003
2022-08-24 03:30:00,10.64006,10.64756,10.63846,10.64063
2022-08-24 03:45:00,10.64069,10.64813,10.63805,10.64712
2022-08-24 04:00:00,10.64718,10.65701,10.64559,10.64953
2022-08-24 04:15:00,10.64952,10.65395,10.64247,10.65192
2022-08-24 04:30:00,10.652,10.65573,10.6508,10.6531
2022-08-24 04:45:00,10.65304,10.65893,10.65015,10.65054
2022-08-24 05:00:00,10.6505,10.65105,10.64269,10.64537
2022-08-24 05:15:00,10.64545,10.65027,10.64313,10.64929
2022-08-24 05:30:00,10.6493,10.65351,10.64693,10.65224
2022-08-24 05:45:00,10.65223,10.65507,10.64997,10.65494
2022-08-24 06:00:00,10.65496,10.65542,10.65043,10.65167
2022-08-24 06:15:00,10.65164,10.65386,10.64985,10.64985
2022-08-24 06:30:00,10.64994,10.6521,10.6477,10.65179
2022-08-24 06:45:00,10.65162,10.65642,10.65109,10.65543
2022-08-24 07:00:00,10.65547,10.65614,10.65191,10.65299
2022-08-24 07:15:00,10.65301,10.65304,10.64285,10.64598
2022-08-24 07:30:00,10.6459,10.64875,10.64248,10.64349
2022-08-24 07:45:00,10.64355,10.64366,10.63315,10.63815
2022-08-24 08:00:00,10.63814,10.63891,10.6304,10.63708
2022-08-24 08:15:00,10.63703,10.64132,10.63658,10.63883
2022-08-24 08:30:00,10.63884,10.64615,10.63716,10.64615
2022-08-24 08:45:00,10.6461,10.65424,10.64474,10.64699
2022-08-24 09:00:00,10.64784,10.66107,10.64741,10.65825
2022-08-24 09:15:00,10.65831,10.66798,10.65343,10.66314
2022-08-24 09:30:00,10.66297,10.67009,10.65856,10.66986
2022-08-24 09:45:00,10.66994,10.67143,10.65469,10.65959
2022-08-24 10:00:00,10.6596,10.6659,10.64066,10.64664
2022-08-24 10:15:00,10.64661,10.65947,10.64661,10.65847
2022-08-24 10:30:00,10.65863,10.67051,10.65447,10.65525
2022-08-24 10:45:00,10.65506,10.66712,10.6464,10.65653
2022-08-24 11:00:00,10.65656,10.66069,10.64957,10.65922
2022-08-24 11:15:00,10.65911,10.66007,10.6426,10.65007
2022-08-24 11:30:00,10.65013,10.65212,10.63754,10.64842
2022-08-24 11:45:00,10.64835,10.65373,10.64671,10.65198
2022-08-24 12:00:00,10.65203,10.65301,10.63423,10.63537
2022-08-24 12:15:00,10.63552,10.64867,10.63542,10.64241
2022-08-24 12:30:00,10.64236,10.64368,10.62943,10.64167
2022-08-24 12:45:00,10.64179,10.64912,10.63889,10.64153
2022-08-24 13:00:00,10.64096,10.64607,10.63863,10.64157
2022-08-24 13:15:00,10.64158,10.65962,10.64068,10.65518
2022-08-24 13:30:00,10.65513,10.67115,10.65291,10.66026
2022-08-24 13:45:00,10.66024,10.68145,10.6594,10.67392
2022-08-24 14:00:00,10.67487,10.67855,10.65858,10.65858
2022-08-24 14:15:00,10.65841,10.66352,10.65147,10.65957
2022-08-24 14:30:00,10.65954,10.67478,10.65954,10.66425
2022-08-24 14:45:00,10.66432,10.66748,10.65883,10.66548
2022-08-24 15:00:00,10.66534,10.66812,10.65284,10.65345
2022-08-24 15:15:00,10.65346,10.65818,10.64645,10.65365
2022-08-24 15:30:00,10.65128,10.66784,10.64447,10.66324
2022-08-24 15:45:00,10.66351,10.66867,10.64448,10.65059
2022-08-24 16:00:00,10.6505,10.66457,10.64621,10.66119
2022-08-24 16:15:00,10.66136,10.66596,10.65101,10.65893
2022-08-24 16:30:00,10.65889,10.66927,10.65264,10.65297
2022-08-24 16:45:00,10.65283,10.65656,10.64574,10.65225
2022-08-24 17:00:00,10.65226,10.66647,10.63916,10.65858
2022-08-24 17:15:00,10.65838,10.65849,10.63052,10.63601
2022-08-24 17:30:00,10.63592,10.65607,10.633,10.64708
2022-08-24 17:45:00,10.64706,10.6472,10.58219,10.58744
2022-08-24 18:00:00,10.58679,10.60275,10.5774,10.58777
2022-08-24 18:15:00,10.58761,10.61301,10.58182,10.60225
2022-08-24 18:30:00,10.60229,10.60943,10.59428,10.60237
2022-08-24 18:45:00,10.6024,10.6081,10.59501,10.60364
2022-08-24 19:00:00,10.60353,10.60855,10.59679,10.60781
2022-08-24 19:15:00,10.60779,10.62339,10.60726,10.62304
2022-08-24 19:30:00,10.62305,10.64012,10.62305,10.63771
2022-08-24 19:45:00,10.63779,10.63857,10.62485,10.62485
2022-08-24 20:00:00,10.62497,10.62575,10.61757,10.61833
2022-08-24 20:15:00,10.61837,10.61874,10.61069,10.61563
2022-08-24 20:30:00,10.61556,10.61732,10.61132,10.61256
2022-08-24 20:45:00,10.6124,10.61443,10.60848,10.61184
2022-08-24 21:00:00,10.61214,10.61643,10.60991,10.61473
2022-08-24 21:15:00,10.61479,10.6161,10.61188,10.6131
2022-08-24 21:30:00,10.61307,10.61466,10.60777,10.6082
2022-08-24 21:45:00,10.60826,10.61543,10.60826,10.61283
2022-08-24 22:00:00,10.61299,10.61576,10.60528,10.60546
2022-08-24 22:15:00,10.60544,10.61277,10.60457,10.61237
2022-08-24 22:30:00,10.61201,10.61504,10.6044,10.60488
2022-08-24 22:45:00,10.60487,10.60954,10.59974,10.60567
2022-08-24 23:00:00,10.60484,10.60751,10.60252,10.60691
2022-08-24 23:15:00,10.60692,10.61067,10.60517,10.60523
2022-08-24 23:30:00,10.60504,10.6126,10.60504,10.61198
2022-08-24 23:45:00,10.61201,10.61477,10.59818,10.6027
2022-08-25 00:00:00,10.60011,10.60356,10.54342,10.58872
2022-08-25 00:15:00,10.58873,10.60227,10.56511,10.57577
2022-08-25 00:30:00,10.57636,10.62761,10.57443,10.58264
2022-08-25 00:45:00,10.58013,10.59296,10.58013,10.59043
2022-08-25 01:00:00,10.59023,10.60372,10.58491,10.60198
2022-08-25 01:15:00,10.60205,10.60504,10.60128,10.60139
2022-08-25 01:30:00,10.60142,10.60468,10.59925,10.60297
2022-08-25 01:45:00,10.60305,10.60847,10.60243,10.60825
2022-08-25 02:00:00,10.60826,10.61144,10.60753,10.60757
2022-08-25 02:15:00,10.60766,10.60935,10.60755,10.60805
2022-08-25 02:30:00,10.60817,10.60849,10.60506,10.6073
2022-08-25 02:45:00,10.60724,10.61021,10.60721,10.60924
2022-08-25 03:00:00,10.60934,10.61449,10.59957,10.60137
2022-08-25 03:15:00,10.60139,10.60318,10.59786,10.59833
2022-08-25 03:30:00,10.59842,10.59884,10.59186,10.59688
2022-08-25 03:45:00,10.59712,10.59793,10.59217,10.59671
2022-08-25 04:00:00,10.59675,10.60373,10.59625,10.59712
2022-08-25 04:15:00,10.5972,10.59736,10.58681,10.58796
2022-08-25 04:30:00,10.58814,10.58885,10.58062,10.58648
2022-08-25 04:45:00,10.58646,10.58971,10.58438,10.58931
2022-08-25 05:00:00,10.58938,10.59494,10.58924,10.5949
2022-08-25 05:15:00,10.59488,10.59667,10.5823,10.58336
2022-08-25 05:30:00,10.58324,10.5889,10.58066,10.58796
2022-08-25 05:45:00,10.58791,10.59159,10.58551,10.59155
2022-08-25 06:00:00,10.5915,10.59255,10.58264,10.5842
2022-08-25 06:15:00,10.58418,10.58781,10.58345,10.58444
2022-08-25 06:30:00,10.58446,10.59115,10.58407,10.58845
2022-08-25 06:45:00,10.58855,10.59012,10.5863,10.5887
2022-08-25 07:00:00,10.58871,10.59049,10.58459,10.58724
2022-08-25 07:15:00,10.58725,10.5893,10.58297,10.58541
2022-08-25 07:30:00,10.5855,10.5859,10.58093,10.58284
2022-08-25 07:45:00,10.58285,10.58344,10.56235,10.57278
2022-08-25 08:00:00,10.57281,10.57396,10.56608,10.57079
2022-08-25 08:15:00,10.57078,10.57898,10.57039,10.57733
2022-08-25 08:30:00,10.57732,10.58102,10.57672,10.57931
2022-08-25 08:45:00,10.5793,10.58276,10.57728,10.57739
2022-08-25 09:00:00,10.57741,10.58125,10.56531,10.56612
2022-08-25 09:15:00,10.56607,10.56607,10.5371,10.54729
2022-08-25 09:30:00,10.54734,10.54734,10.52057,10.53032
2022-08-25 09:45:00,10.53024,10.56143,10.52403,10.55854
2022-08-25 10:00:00,10.55864,10.57628,10.54115,10.54668
2022-08-25 10:15:00,10.54666,10.55824,10.5407,10.55566
2022-08-25 10:30:00,10.55583,10.57929,10.55583,10.57823
2022-08-25 10:45:00,10.57826,10.58095,10.56731,10.57003
2022-08-25 11:00:00,10.56977,10.57628,10.5611,10.56886
2022-08-25 11:15:00,10.56883,10.57817,10.56176,10.56393
2022-08-25 11:30:00,10.56396,10.56691,10.54669,10.54851
2022-08-25 11:45:00,10.54852,10.55387,10.54234,10.54825
2022-08-25 12:00:00,10.54835,10.55528,10.54812,10.55232
2022-08-25 12:15:00,10.55229,10.56764,10.54959,10.56603
2022-08-25 12:30:00,10.56606,10.57532,10.55932,10.56223
2022-08-25 12:45:00,10.56227,10.565,10.55793,10.56262
2022-08-25 13:00:00,10.56263,10.58059,10.56205,10.5794
2022-08-25 13:15:00,10.57947,10.58658,10.57597,10.5767
2022-08-25 13:30:00,10.57668,10.58645,10.57628,10.58625
2022-08-25 13:45:00,10.58614,10.59107,10.58089,10.58382
2022-08-25 14:00:00,10.58373,10.58789,10.56009,10.56057
2022-08-25 14:15:00,10.56072,10.5639,10.5488,10.5491
2022-08-25 14:30:00,10.54908,10.56801,10.54908,10.55729
2022-08-25 14:45:00,10.55731,10.57411,10.55178,10.56662
2022-08-25 15:00:00,10.56657,10.58422,10.56602,10.5835
2022-08-25 15:15:00,10.58348,10.59156,10.5775,10.58149
2022-08-25 15:30:00,10.58144,10.59211,10.57793,10.5845
2022-08-25 15:45:00,10.5845,10.59571,10.58341,10.58621
2022-08-25 16:00:00,10.58635,10.60719,10.58252,10.59917
2022-08-25 16:15:00,10.59936,10.6023,10.58861,10.58921
2022-08-25 16:30:00,10.58921,10.60156,10.58893,10.59635
2022-08-25 16:45:00,10.59669,10.5991,10.58462,10.5897
2022-08-25 17:00:00,10.58974,10.59059,10.57302,10.58152
2022-08-25 17:15:00,10.58151,10.58194,10.56227,10.56608
2022-08-25 17:30:00,10.56593,10.56649,10.54683,10.54775
2022-08-25 17:45:00,10.54787,10.56347,10.54044,10.56347
2022-08-25 18:00:00,10.56289,10.5754,10.5628,10.56956
2022-08-25 18:15:00,10.56951,10.59214,10.56841,10.58187
2022-08-25 18:30:00,10.58183,10.59125,10.57958,10.58235
2022-08-25 18:45:00,10.58239,10.59685,10.57871,10.59605
2022-08-25 19:00:00,10.59606,10.60983,10.59423,10.60802
2022-08-25 19:15:00,10.60831,10.6117,10.59329,10.59665
2022-08-25 19:30:00,10.59663,10.60371,10.59457,10.59679
2022-08-25 19:45:00,10.59668,10.60622,10.59527,10.59617
2022-08-25 20:00:00,10.59561,10.59896,10.58212,10.58773
2022-08-25 20:15:00,10.58782,10.58874,10.58135,10.58259
2022-08-25 20:30:00,10.58259,10.58549,10.58066,10.58452
2022-08-25 20:45:00,10.58454,10.58472,10.57827,10.5818
2022-08-25 21:00:00,10.58202,10.59788,10.58153,10.58804
2022-08-25 21:15:00,10.58812,10.59613,10.58715,10.59248
2022-08-25 21:30:00,10.59251,10.59724,10.58448,10.5929
2022-08-25 21:45:00,10.59297,10.60456,10.58659,10.58897
2022-08-25 22:00:00,10.58905,10.59789,10.58813,10.59421
2022-08-25 22:15:00,10.5942,10.59578,10.58642,10.59107
2022-08-25 22:30:00,10.59103,10.59178,10.58494,10.5852
2022-08-25 22:45:00,10.58522,10.58731,10.5807,10.58374
2022-08-25 23:00:00,10.58372,10.58912,10.58333,10.58406
2022-08-25 23:15:00,10.58394,10.58543,10.58368,10.58477
2022-08-25 23:30:00,10.58507,10.58834,10.58332,10.58634
2022-08-25 23:45:00,10.58637,10.5907,10.57932,10.58041
2022-08-26 00:00:00,10.57235,10.57235,10.55355,10.56736
2022-08-26 00:15:00,10.56737,10.57051,10.56287,10.56707
2022-08-26 00:30:00,10.56692,10.56919,10.5629,10.56723
2022-08-26 00:45:00,10.56722,10.59952,10.56546,10.58874
2022-08-26 01:00:00,10.60239,10.61123,10.57666,10.57957
2022-08-26 01:15:00,10.57998,10.58323,10.57785,10.57991
2022-08-26 01:30:00,10.57995,10.58531,10.57775,10.58365
2022-08-26 01:45:00,10.58364,10.58829,10.57824,10.58467
2022-08-26 02:00:00,10.58508,10.59306,10.58493,10.59003
2022-08-26 02:15:00,10.59026,10.59246,10.58775,10.58821
2022-08-26 02:30:00,10.58828,10.58973,10.584,10.58737
2022-08-26 02:45:00,10.5873,10.59141,10.58512,10.58784
2022-08-26 03:00:00,10.58793,10.60428,10.58779,10.5996
2022-08-26 03:15:00,10.59971,10.59991,10.59394,10.59477
2022-08-26 03:30:00,10.59479,10.59513,10.58846,10.5915
2022-08-26 03:45:00,10.59151,10.59721,10.58904,10.59475
2022-08-26 04:00:00,10.59476,10.59562,10.58876,10.59417
2022-08-26 04:15:00,10.59395,10.59806,10.59013,10.59304
2022-08-26 04:30:00,10.59276,10.59852,10.58867,10.59529
2022-08-26 04:45:00,10.5953,10.59713,10.59194,10.59397
2022-08-26 05:00:00,10.59381,10.59675,10.59038,10.59227
2022-08-26 05:15:00,10.59223,10.59472,10.59161,10.59435
2022-08-26 05:30:00,10.59438,10.59463,10.59097,10.59214
2022-08-26 05:45:00,10.59213,10.59474,10.59181,10.59309
2022-08-26 06:00:00,10.59309,10.59402,10.58561,10.58614
2022-08-26 06:15:00,10.58593,10.59017,10.5859,10.58878
2022-08-26 06:30:00,10.58883,10.59158,10.58625,10.5899
2022-08-26 06:45:00,10.59025,10.59447,10.58909,10.5904
2022-08-26 07:00:00,10.59069,10.594,10.58986,10.59136
2022-08-26 07:15:00,10.59137,10.59665,10.58974,10.59159
2022-08-26 07:30:00,10.59161,10.59424,10.59013,10.59414
2022-08-26 07:45:00,10.59427,10.60534,10.59403,10.60456
2022-08-26 08:00:00,10.60452,10.61154,10.6042,10.60931
2022-08-26 08:15:00,10.60943,10.61039,10.60773,10.60981
2022-08-26 08:30:00,10.6098,10.61233,10.60551,10.60852
2022-08-26 08:45:00,10.6088,10.61363,10.60787,10.61062
2022-08-26 09:00:00,10.61063,10.61141,10.60275,10.60346
2022-08-26 09:15:00,10.60342,10.60848,10.60121,10.60136
2022-08-26 09:30:00,10.60135,10.60479,10.59391,10.60286
2022-08-26 09:45:00,10.60288,10.61802,10.6022,10.61059
2022-08-26 10:00:00,10.61132,10.61309,10.59621,10.60087
2022-08-26 10:15:00,10.60095,10.61155,10.59052,10.59658
2022-08-26 10:30:00,10.59681,10.61144,10.59548,10.60242
2022-08-26 10:45:00,10.60268,10.60744,10.59808,10.60073
2022-08-26 11:00:00,10.6007,10.60804,10.59768,10.60579
2022-08-26 11:15:00,10.60581,10.61379,10.6024,10.6046
2022-08-26 11:30:00,10.60509,10.60932,10.59564,10.59572
2022-08-26 11:45:00,10.59571,10.59766,10.58849,10.59234
2022-08-26 12:00:00,10.59232,10.59892,10.58879,10.59272
2022-08-26 12:15:00,10.59282,10.59435,10.58132,10.5814
2022-08-26 12:30:00,10.58106,10.5882,10.5773,10.58169
2022-08-26 12:45:00,10.58166,10.58865,10.57966,10.58012
2022-08-26 13:00:00,10.58011,10.58428,10.57798,10.58135
2022-08-26 13:15:00,10.58134,10.58175,10.55884,10.56304
2022-08-26 13:30:00,10.56305,10.5658,10.55716,10.56201
2022-08-26 13:45:00,10.56196,10.57055,10.55915,10.55942
2022-08-26 14:00:00,10.55946,10.57367,10.5587,10.57042
2022-08-26 14:15:00,10.5704,10.57195,10.56568,10.57133
2022-08-26 14:30:00,10.5713,10.58286,10.56474,10.58253
2022-08-26 14:45:00,10.58261,10.58764,10.57101,10.57564
2022-08-26 15:00:00,10.57584,10.57775,10.5624,10.56262
2022-08-26 15:15:00,10.56263,10.57116,10.55755,10.56713
2022-08-26 15:30:00,10.56552,10.56629,10.53093,10.55257
2022-08-26 15:45:00,10.55319,10.55999,10.52573,10.52854
2022-08-26 16:00:00,10.5285,10.53319,10.51693,10.51878
2022-08-26 16:15:00,10.51873,10.52856,10.48912,10.48912
2022-08-26 16:30:00,10.48916,10.50982,10.48916,10.50426
2022-08-26 16:45:00,10.50424,10.50955,10.49336,10.50304
2022-08-26 17:00:00,10.49852,10.55368,10.4739,10.48906
2022-08-26 17:15:00,10.4895,10.55527,10.48328,10.54779
2022-08-26 17:30:00,10.54777,10.56842,10.53554,10.56812
2022-08-26 17:45:00,10.56809,10.60004,10.55067,10.59469
2022-08-26 18:00:00,10.59481,10.6225,10.58548,10.61849
2022-08-26 18:15:00,10.61798,10.64205,10.61229,10.61275
2022-08-26 18:30:00,10.61223,10.61906,10.60478,10.61481
2022-08-26 18:45:00,10.61488,10.61507,10.58928,10.6124
2022-08-26 19:00:00,10.61221,10.62313,10.60809,10.61011
2022-08-26 19:15:00,10.61017,10.62728,10.61017,10.627
2022-08-26 19:30:00,10.62688,10.64744,10.62528,10.6472
2022-08-26 19:45:00,10.64723,10.65029,10.63944,10.64472
2022-08-26 20:00:00,10.64453,10.65074,10.63273,10.64984
2022-08-26 20:15:00,10.6501,10.65695,10.64809,10.6547
2022-08-26 20:30:00,10.65463,10.66395,10.65442,10.65996
2022-08-26 20:45:00,10.65996,10.66017,10.65049,10.65054
2022-08-26 21:00:00,10.65055,10.6535,10.64522,10.64782
2022-08-26 21:15:00,10.64783,10.66477,10.64762,10.65583
2022-08-26 21:30:00,10.65576,10.65832,10.64867,10.64991
2022-08-26 21:45:00,10.64997,10.66783,10.64969,10.66047
2022-08-26 22:00:00,10.66048,10.66944,10.65935,10.66176
2022-08-26 22:15:00,10.66177,10.66499,10.66132,10.66359
2022-08-26 22:30:00,10.66358,10.66436,10.65894,10.66211
2022-08-26 22:45:00,10.66209,10.66457,10.65405,10.65923
2022-08-26 23:00:00,10.65896,10.66082,10.65766,10.66055
2022-08-26 23:15:00,10.65996,10.66179,10.65648,10.6578
2022-08-26 23:30:00,10.65722,10.66357,10.65717,10.66238
2022-08-26 23:45:00,10.66259,10.66838,10.65174,10.65763
2022-08-29 00:00:00,10.64826,10.65987,10.62984,10.6407
2022-08-29 00:15:00,10.64235,10.65522,10.63708,10.6394
2022-08-29 00:30:00,10.63936,10.65595,10.63826,10.64398
2022-08-29 00:45:00,10.64391,10.66031,10.64376,10.64887
2022-08-29 01:00:00,10.64886,10.68126,10.64682,10.68054
2022-08-29 01:15:00,10.6805,10.69062,10.67704,10.67927
2022-08-29 01:30:00,10.67919,10.6814,10.67628,10.68012
2022-08-29 01:45:00,10.68016,10.68606,10.67871,10.68291
2022-08-29 02:00:00,10.68294,10.69066,10.67925,10.68914
2022-08-29 02:15:00,10.68931,10.7102,10.68902,10.69689
2022-08-29 02:30:00,10.69666,10.70549,10.69567,10.70119
2022-08-29 02:45:00,10.70057,10.70561,10.70034,10.70423
2022-08-29 03:00:00,10.70422,10.71248,10.69343,10.7043
2022-08-29 03:15:00,10.70428,10.70428,10.69701,10.70108
2022-08-29 03:30:00,10.70103,10.7078,10.69973,10.7054
2022-08-29 03:45:00,10.70548,10.71668,10.7044,10.71099
2022-08-29 04:00:00,10.71113,10.71562,10.70646,10.70985
2022-08-29 04:15:00,10.70956,10.72327,10.70821,10.72184
2022-08-29 04:30:00,10.72182,10.73352,10.71736,10.72257
2022-08-29 04:45:00,10.72265,10.72811,10.71895,10.72082
2022-08-29 05:00:00,10.72081,10.72793,10.71877,10.72213
2022-08-29 05:15:00,10.72233,10.72496,10.71521,10.7203
2022-08-29 05:30:00,10.72028,10.72077,10.70207,10.7091
2022-08-29 05:45:00,10.70909,10.7135,10.70608,10.7087
2022-08-29 06:00:00,10.70864,10.71516,10.70679,10.71371
2022-08-29 06:15:00,10.71372,10.71653,10.71048,10.7155
2022-08-29 06:30:00,10.71558,10.71661,10.70894,10.71404
2022-08-29 06:45:00,10.71408,10.72012,10.71307,10.71633
2022-08-29 07:00:00,10.71626,10.71626,10.70802,10.71177
2022-08-29 07:15:00,10.71178,10.72314,10.71015,10.72018
2022-08-29 07:30:00,10.71993,10.72624,10.71974,10.72301
2022-08-29 07:45:00,10.72331,10.72622,10.72123,10.72415
2022-08-29 08:00:00,10.72388,10.7315,10.72167,10.73075
2022-08-29 08:15:00,10.73077,10.73617,10.7288,10.73123
2022-08-29 08:30:00,10.73123,10.73472,10.72796,10.73337
2022-08-29 08:45:00,10.73336,10.73552,10.72643,10.72889
2022-08-29 09:00:00,10.7288,10.73234,10.70874,10.71323
2022-08-29 09:15:00,10.71325,10.71595,10.70081,10.70106
2022-08-29 09:30:00,10.70118,10.70267,10.68592,10.68621
2022-08-29 09:45:00,10.6862,10.70179,10.68568,10.69226
2022-08-29 10:00:00,10.69247,10.69872,10.67567,10.68622
2022-08-29 10:15:00,10.68616,10.69336,10.68166,10.69265
2022-08-29 10:30:00,10.69264,10.70619,10.68489,10.70215
2022-08-29 10:45:00,10.70223,10.70456,10.69015,10.69964
2022-08-29 11:00:00,10.69944,10.7121,10.69078,10.71153
2022-08-29 11:15:00,10.71155,10.7127,10.69676,10.70604
2022-08-29 11:30:00,10.70597,10.71062,10.69604,10.69639
2022-08-29 11:45:00,10.69632,10.70839,10.69578,10.7056
2022-08-29 12:00:00,10.70549,10.70593,10.67783,10.67846
2022-08-29 12:15:00,10.67909,10.68327,10.67039,10.67728
2022-08-29 12:30:00,10.67724,10.68498,10.67663,10.68326
2022-08-29 12:45:00,10.68324,10.6849,10.65862,10.66043
2022-08-29 13:00:00,10.66031,10.66645,10.65612,10.659
2022-08-29 13:15:00,10.65837,10.66355,10.64471,10.64473
2022-08-29 13:30:00,10.64467,10.64808,10.6333,10.63497
2022-08-29 13:45:00,10.63499,10.65457,10.63465,10.65351
2022-08-29 14:00:00,10.65369,10.6668,10.65028,10.66411
2022-08-29 14:15:00,10.66405,10.66648,10.65296,10.66497
2022-08-29 14:30:00,10.66465,10.66599,10.65061,10.65092
2022-08-29 14:45:00,10.65091,10.65417,10.62873,10.62941
2022-08-29 15:00:00,10.62963,10.64471,10.62664,10.64166
2022-08-29 15:15:00,10.64165,10.64686,10.61411,10.61519
2022-08-29 15:30:00,10.61508,10.63032,10.60969,10.62908
2022-08-29 15:45:00,10.62907,10.63223,10.61016,10.62908
2022-08-29 16:00:00,10.62918,10.64454,10.62727,10.64336
2022-08-29 16:15:00,10.64346,10.65213,10.64104,10.6449
2022-08-29 16:30:00,10.64546,10.64971,10.63299,10.6459
2022-08-29 16:45:00,10.64599,10.65055,10.6338,10.64724
2022-08-29 17:00:00,10.64771,10.65665,10.63099,10.63816
2022-08-29 17:15:00,10.63828,10.6426,10.62427,10.63291
2022-08-29 17:30:00,10.633,10.66324,10.63215,10.6575
2022-08-29 17:45:00,10.65749,10.67919,10.65608,10.6779
2022-08-29 18:00:00,10.67806,10.68274,10.66797,10.66941
2022-08-29 18:15:00,10.6695,10.67453,10.66417,10.67184
2022-08-29 18:30:00,10.67185,10.67416,10.65842,10.6715
2022-08-29 18:45:00,10.6714,10.67298,10.66378,10.66534
2022-08-29 19:00:00,10.6648,10.6685,10.65909,10.66449
2022-08-29 19:15:00,10.66469,10.66479,10.65586,10.6624
2022-08-29 19:30:00,10.66244,10.66612,10.6588,10.65945
2022-08-29 19:45:00,10.65939,10.6607,10.64405,10.64772
2022-08-29 20:00:00,10.64728,10.65312,10.63969,10.65263
2022-08-29 20:15:00,10.65262,10.65955,10.65179,10.65622
2022-08-29 20:30:00,10.65615,10.65771,10.64957,10.64981
2022-08-29 20:45:00,10.64983,10.6542,10.64713,10.65267
2022-08-29 21:00:00,10.65269,10.66165,10.65174,10.65991
2022-08-29 21:15:00,10.6599,10.66988,10.65987,10.66632
2022-08-29 21:30:00,10.66599,10.66879,10.65982,10.65984
2022-08-29 21:45:00,10.65986,10.67866,10.65961,10.6733
2022-08-29 22:00:00,10.67328,10.67417,10.6674,10.66879
2022-08-29 22:15:00,10.66881,10.67495,10.66768,10.6729
2022-08-29 22:30:00,10.67288,10.67467,10.66923,10.66923
2022-08-29 22:45:00,10.66917,10.67838,10.66838,10.67282
2022-08-29 23:00:00,10.67293,10.67776,10.66925,10.67643
2022-08-29 23:15:00,10.67644,10.67711,10.67082,10.67213
2022-08-29 23:30:00,10.6721,10.67652,10.67026,10.67069
2022-08-29 23:45:00,10.67068,10.67091,10.66076,10.66251
2022-08-30 00:00:00,10.66393,10.66665,10.6584,10.66629
2022-08-30 00:15:00,10.66628,10.66681,10.66526,10.66679
2022-08-30 00:30:00,10.66658,10.66658,10.66317,10.66322
2022-08-30 00:45:00,10.66323,10.66502,10.66278,10.66386
2022-08-30 01:00:00,10.6641,10.66563,10.66075,10.66267
2022-08-30 01:15:00,10.66256,10.66617,10.66165,10.66473
2022-08-30 01:30:00,10.66466,10.66535,10.66234,10.66311
2022-08-30 01:45:00,10.66324,10.66565,10.66259,10.66415
2022-08-30 02:00:00,10.66423,10.66967,10.66375,10.66757
2022-08-30 02:15:00,10.66751,10.6683,10.66274,10.6654
2022-08-30 02:30:00,10.66541,10.66567,10.65856,10.66013
2022-08-30 02:45:00,10.66014,10.66014,10.65074,10.65165
2022-08-30 03:00:00,10.65164,10.65812,10.64848,10.65812
2022-08-30 03:15:00,10.65811,10.66272,10.65249,10.65876
2022-08-30 03:30:00,10.65865,10.66457,10.65719,10.66367
2022-08-30 03:45:00,10.66366,10.66377,10.65594,10.65834
2022-08-30 04:00:00,10.65856,10.66627,10.65759,10.66134
2022-08-30 04:15:00,10.66129,10.66154,10.65033,10.65566
2022-08-30 04:30:00,10.65578,10.66717,10.65559,10.66549
2022-08-30 04:45:00,10.6655,10.67701,10.66397,10.67553
2022-08-30 05:00:00,10.67589,10.68235,10.67388,10.67883
2022-08-30 05:15:00,10.67889,10.68504,10.67819,10.68232
2022-08-30 05:30:00,10.68238,10.6843,10.67714,10.67984
2022-08-30 05:45:00,10.67991,10.68046,10.67187,10.67469
2022-08-30 06:00:00,10.67465,10.67791,10.67187,10.67745
2022-08-30 06:15:00,10.67746,10.67808,10.67143,10.67356
2022-08-30 06:30:00,10.67365,10.67493,10.6633,10.66531
2022-08-30 06:45:00,10.66597,10.66835,10.66469,10.66655
2022-08-30 07:00:00,10.66658,10.66883,10.66519,10.66577
2022-08-30 07:15:00,10.66571,10.66625,10.65834,10.66292
2022-08-30 07:30:00,10.66291,10.66388,10.65545,10.66312
2022-08-30 07:45:00,10.66309,10.67046,10.66231,10.67016
2022-08-30 08:00:00,10.6702,10.67034,10.66179,10.66683
2022-08-30 08:15:00,10.66682,10.67159,10.6666,10.67041
2022-08-30 08:30:00,10.67045,10.67058,10.65973,10.66068
2022-08-30 08:45:00,10.66066,10.66516,10.65617,10.66049
2022-08-30 09:00:00,10.66056,10.67164,10.66056,10.66457
2022-08-30 09:15:00,10.66458,10.67415,10.65646,10.668
2022-08-30 09:30:00,10.66804,10.68214,10.66551,10.6797
2022-08-30 09:45:00,10.67957,10.68261,10.66331,10.67172
2022-08-30 10:00:00,10.67105,10.67964,10.66291,10.67346
2022-08-30 10:15:00,10.67329,10.68019,10.66208,10.66959
2022-08-30 10:30:00,10.66936,10.67011,10.62177,10.63297
2022-08-30 10:45:00,10.63303,10.63965,10.62811,10.63615
2022-08-30 11:00:00,10.63644,10.64017,10.624,10.62626
2022-08-30 11:15:00,10.6262,10.63639,10.61981,10.62345
2022-08-30 11:30:00,10.62334,10.62981,10.61856,10.62973
2022-08-30 11:45:00,10.62969,10.63088,10.62025,10.62342
2022-08-30 12:00:00,10.62368,10.6256,10.6106,10.61465
2022-08-30 12:15:00,10.61457,10.62052,10.59746,10.6089
2022-08-30 12:30:00,10.60892,10.62077,10.60476,10.6205
2022-08-30 12:45:00,10.62048,10.6247,10.61584,10.61708
2022-08-30 13:00:00,10.61628,10.62217,10.60192,10.60487
2022-08-30 13:15:00,10.60494,10.60796,10.59731,10.59813
2022-08-30 13:30:00,10.59822,10.61993,10.59603,10.61448
2022-08-30 13:45:00,10.61447,10.62699,10.61384,10.6214
2022-08-30 14:00:00,10.62117,10.62169,10.60411,10.60672
2022-08-30 14:15:00,10.60669,10.63028,10.60476,10.63013
2022-08-30 14:30:00,10.62994,10.62994,10.61471,10.61885
2022-08-30 14:45:00,10.6189,10.62591,10.61253,10.62213
2022-08-30 15:00:00,10.6221,10.62349,10.60795,10.61213
2022-08-30 15:15:00,10.6122,10.63124,10.60916,10.62532
2022-08-30 15:30:00,10.62552,10.65127,10.62552,10.64748
2022-08-30 15:45:00,10.64743,10.65615,10.64038,10.65602
2022-08-30 16:00:00,10.65579,10.65624,10.62863,10.63261
2022-08-30 16:15:00,10.63249,10.64121,10.62586,10.6283
2022-08-30 16:30:00,10.62788,10.6508,10.62185,10.65042
2022-08-30 16:45:00,10.65079,10.65965,10.64116,10.64977
2022-08-30 17:00:00,10.64421,10.68552,10.6434,10.66965
2022-08-30 17:15:00,10.66963,10.69069,10.66737,10.67321
2022-08-30 17:30:00,10.67315,10.70011,10.67306,10.69953
2022-08-30 17:45:00,10.69954,10.7109,10.69425,10.70513
2022-08-30 18:00:00,10.70542,10.70752,10.67702,10.69046
2022-08-30 18:15:00,10.69017,10.69174,10.66023,10.66103
2022-08-30 18:30:00,10.66104,10.66746,10.65205,10.66111
2022-08-30 18:45:00,10.66115,10.67382,10.66019,10.66978
2022-08-30 19:00:00,10.66986,10.67221,10.65022,10.65205
2022-08-30 19:15:00,10.65204,10.66745,10.65127,10.6627
2022-08-30 19:30:00,10.66261,10.66967,10.65972,10.66829
2022-08-30 19:45:00,10.66847,10.67368,10.65949,10.67073
2022-08-30 20:00:00,10.67069,10.68033,10.667,10.67638
2022-08-30 20:15:00,10.67637,10.67637,10.67006,10.67601
2022-08-30 20:30:00,10.67601,10.68522,10.67255,10.6851
2022-08-30 20:45:00,10.68509,10.6868,10.66706,10.67963
2022-08-30 21:00:00,10.67967,10.68248,10.66947,10.67558
2022-08-30 21:15:00,10.67543,10.67577,10.66462,10.66812
2022-08-30 21:30:00,10.66814,10.67388,10.66177,10.67374
2022-08-30 21:45:00,10.67379,10.6789,10.67294,10.67382
2022-08-30 22:00:00,10.6737,10.67466,10.65529,10.65615
2022-08-30 22:15:00,10.6561,10.67043,10.6547,10.6699
2022-08-30 22:30:00,10.66989,10.67575,10.66853,10.67496
2022-08-30 22:45:00,10.67469,10.68249,10.67416,10.67956
2022-08-30 23:00:00,10.67961,10.68339,10.67664,10.68101
2022-08-30 23:15:00,10.68093,10.68532,10.67696,10.67747
2022-08-30 23:30:00,10.67746,10.67946,10.66801,10.6734
2022-08-30 23:45:00,10.67346,10.68466,10.66254,10.66878
2022-08-31 00:00:00,10.66877,10.66877,10.65711,10.66632
2022-08-31 00:15:00,10.66633,10.66809,10.66482,10.66794
2022-08-31 00:30:00,10.66864,10.67109,10.66715,10.66794
2022-08-31 00:45:00,10.6674,10.68104,10.66697,10.67646
2022-08-31 01:00:00,10.67618,10.68267,10.67178,10.67739
2022-08-31 01:15:00,10.67741,10.67899,10.67484,10.67512
2022-08-31 01:30:00,10.67516,10.67773,10.6738,10.67546
2022-08-31 01:45:00,10.67547,10.68106,10.67429,10.67793
2022-08-31 02:00:00,10.67779,10.6787,10.66968,10.67169
2022-08-31 02:15:00,10.67173,10.67526,10.67168,10.67329
2022-08-31 02:30:00,10.67327,10.67493,10.67038,10.67094
2022-08-31 02:45:00,10.67102,10.67172,10.668,10.67099
2022-08-31 03:00:00,10.67105,10.67266,10.66158,10.66808
2022-08-31 03:15:00,10.66809,10.67072,10.66249,10.66548
2022-08-31 03:30:00,10.66546,10.66601,10.66008,10.66245
2022-08-31 03:45:00,10.66259,10.674,10.65942,10.66605
2022-08-31 04:00:00,10.66636,10.66815,10.66162,10.66217
2022-08-31 04:15:00,10.66221,10.66794,10.6612,10.66758
2022-08-31 04:30:00,10.66755,10.6744,10.66363,10.67407
2022-08-31 04:45:00,10.67413,10.68225,10.67413,10.67811
2022-08-31 05:00:00,10.67797,10.68216,10.67667,10.67944
2022-08-31 05:15:00,10.6793,10.68173,10.673,10.67428
2022-08-31 05:30:00,10.67431,10.67472,10.6628,10.66757
2022-08-31 05:45:00,10.6681,10.67076,10.66568,10.66917
2022-08-31 06:00:00,10.66905,10.67521,10.66758,10.66989
2022-08-31 06:15:00,10.66944,10.67178,10.66583,10.66923
2022-08-31 06:30:00,10.66867,10.66992,10.66256,10.66558
2022-08-31 06:45:00,10.66557,10.66577,10.65793,10.65797
2022-08-31 07:00:00,10.65654,10.65654,10.65265,10.6547
2022-08-31 07:15:00,10.65471,10.65582,10.65336,10.65419
2022-08-31 07:30:00,10.65416,10.65425,10.64097,10.64293
2022-08-31 07:45:00,10.64301,10.64936,10.64213,10.64635
2022-08-31 08:00:00,10.64634,10.65004,10.64429,10.64599
2022-08-31 08:15:00,10.6459,10.64758,10.63868,10.64665
2022-08-31 08:30:00,10.64662,10.65462,10.64637,10.65357
2022-08-31 08:45:00,10.65359,10.65739,10.64933,10.65128
2022-08-31 09:00:00,10.65126,10.65848,10.64451,10.65838
2022-08-31 09:15:00,10.65839,10.66568,10.6576,10.66077
2022-08-31 09:30:00,10.66062,10.66613,10.65224,10.65345
2022-08-31 09:45:00,10.65413,10.67106,10.65392,10.66256
2022-08-31 10:00:00,10.66255,10.6708,10.65214,10.66709
2022-08-31 10:15:00,10.66783,10.67087,10.65457,10.66775
2022-08-31 10:30:00,10.66768,10.68285,10.66617,10.68128
2022-08-31 10:45:00,10.6811,10.68794,10.67314,10.6848
2022-08-31 11:00:00,10.68514,10.68804,10.67105,10.67191
2022-08-31 11:15:00,10.67188,10.68505,10.66428,10.67914
2022-08-31 11:30:00,10.67903,10.69998,10.67497,10.69874
2022-08-31 11:45:00,10.69876,10.70447,10.6883,10.70134
2022-08-31 12:00:00,10.69987,10.70465,10.69065,10.69772
2022-08-31 12:15:00,10.69765,10.70045,10.68567,10.69817
2022-08-31 12:30:00,10.69824,10.69834,10.68975,10.69697
2022-08-31 12:45:00,10.69696,10.70968,10.6967,10.70606
2022-08-31 13:00:00,10.70562,10.71071,10.69,10.69241
2022-08-31 13:15:00,10.6923,10.70499,10.69165,10.69973
2022-08-31 13:30:00,10.69989,10.71492,10.69841,10.7045
2022-08-31 13:45:00,10.70457,10.70799,10.69636,10.70137
2022-08-31 14:00:00,10.70107,10.70186,10.68894,10.69446
2022-08-31 14:15:00,10.69445,10.69558,10.67707,10.67715
2022-08-31 14:30:00,10.67693,10.6884,10.66942,10.68827
2022-08-31 14:45:00,10.6883,10.6906,10.67452,10.6762
2022-08-31 15:00:00,10.6764,10.68324,10.67431,10.67612
2022-08-31 15:15:00,10.6761,10.68825,10.65484,10.68432
2022-08-31 15:30:00,10.68442,10.69748,10.67422,10.67586
2022-08-31 15:45:00,10.67629,10.68053,10.66777,10.67046
2022-08-31 16:00:00,10.67048,10.67134,10.65091,10.66738
2022-08-31 16:15:00,10.6672,10.6761,10.66477,10.6761
2022-08-31 16:30:00,10.67625,10.68517,10.66358,10.66436
2022-08-31 16:45:00,10.66464,10.67328,10.65536,10.66713
2022-08-31 17:00:00,10.66717,10.67525,10.65375,10.65636
2022-08-31 17:15:00,10.65681,10.66772,10.63774,10.64236
2022-08-31 17:30:00,10.64359,10.64983,10.61711,10.61712
2022-08-31 17:45:00,10.61709,10.63714,10.61176,10.63072
2022-08-31 18:00:00,10.63087,10.6483,10.62974,10.64535
2022-08-31 18:15:00,10.64562,10.65128,10.61246,10.62723
2022-08-31 18:30:00,10.62734,10.6434,10.62381,10.62782
2022-08-31 18:45:00,10.62734,10.63286,10.61779,10.62837
2022-08-31 19:00:00,10.62836,10.6345,10.62678,10.63257
2022-08-31 19:15:00,10.6326,10.64697,10.63125,10.64488
2022-08-31 19:30:00,10.64486,10.64519,10.63036,10.63929
2022-08-31 19:45:00,10.63927,10.65577,10.63927,10.65178
2022-08-31 20:00:00,10.65179,10.65471,10.64527,10.65214
2022-08-31 20:15:00,10.65212,10.66054,10.65175,10.65753
2022-08-31 20:30:00,10.65754,10.67424,10.65714,10.67041
2022-08-31 20:45:00,10.67076,10.67164,10.65742,10.65869
2022-08-31 21:00:00,10.65851,10.66162,10.65002,10.65162
2022-08-31 21:15:00,10.65156,10.6569,10.64715,10.65392
2022-08-31 21:30:00,10.65384,10.66211,10.65378,10.65764
2022-08-31 21:45:00,10.6578,10.66398,10.65186,10.66339
2022-08-31 22:00:00,10.66316,10.66741,10.65295,10.65682
2022-08-31 22:15:00,10.6568,10.6593,10.65319,10.65917
2022-08-31 22:30:00,10.65973,10.66402,10.65634,10.65816
2022-08-31 22:45:00,10.65746,10.66526,10.65132,10.65789
2022-08-31 23:00:00,10.65736,10.66952,10.65684,10.66146
2022-08-31 23:15:00,10.66129,10.66456,10.65653,10.65893
2022-08-31 23:30:00,10.65895,10.66085,10.65576,10.65588
2022-08-31 23:45:00,10.65603,10.6581,10.64887,10.64887
2022-09-01 00:00:00,10.64288,10.65015,10.62506,10.65015
2022-09-01 00:15:00,10.65255,10.65449,10.63316,10.64709
2022-09-01 00:30:00,10.64707,10.65342,10.64233,10.65321
2022-09-01 00:45:00,10.65487,10.65487,10.64375,10.64926
2022-09-01 01:00:00,10.64978,10.66644,10.64247,10.65204
2022-09-01 01:15:00,10.65205,10.65807,10.65205,10.65544
2022-09-01 01:30:00,10.65474,10.65985,10.65449,10.65798
2022-09-01 01:45:00,10.65797,10.65983,10.65784,10.65883
2022-09-01 02:00:00,10.65887,10.66258,10.65887,10.66168
2022-09-01 02:15:00,10.66172,10.67677,10.66084,10.67622
2022-09-01 02:30:00,10.67626,10.68184,10.67421,10.67869
2022-09-01 02:45:00,10.67868,10.68194,10.67551,10.67801
2022-09-01 03:00:00,10.67759,10.6902,10.67759,10.68993
2022-09-01 03:15:00,10.68994,10.69416,10.68713,10.69013
2022-09-01 03:30:00,10.69014,10.69752,10.68635,10.69435
2022-09-01 03:45:00,10.69434,10.69617,10.68796,10.69213
2022-09-01 04:00:00,10.69214,10.69231,10.68683,10.68993
2022-09-01 04:15:00,10.68998,10.69079,10.68351,10.69055
2022-09-01 04:30:00,10.69054,10.69552,10.68944,10.68988
2022-09-01 04:45:00,10.69013,10.69324,10.68864,10.69175
2022-09-01 05:00:00,10.69182,10.69278,10.68675,10.68822
2022-09-01 05:15:00,10.68859,10.6901,10.68473,10.68807
2022-09-01 05:30:00,10.68811,10.68997,10.68147,10.68629
2022-09-01 05:45:00,10.68616,10.69233,10.68474,10.68993
2022-09-01 06:00:00,10.6899,10.69115,10.68505,10.68928
2022-09-01 06:15:00,10.68935,10.69175,10.68775,10.68778
2022-09-01 06:30:00,10.68785,10.69995,10.68779,10.69909
2022-09-01 06:45:00,10.69903,10.7085,10.69742,10.70072
2022-09-01 07:00:00,10.70071,10.70664,10.69944,10.70622
2022-09-01 07:15:00,10.70626,10.70717,10.70372,10.70553
2022-09-01 07:30:00,10.70491,10.71124,10.70379,10.70761
2022-09-01 07:45:00,10.7076,10.70764,10.70251,10.70308
2022-09-01 08:00:00,10.7029,10.71126,10.70231,10.70468
2022-09-01 08:15:00,10.70482,10.70632,10.69386,10.69418
2022-09-01 08:30:00,10.69421,10.69806,10.69154,10.69333
2022-09-01 08:45:00,10.6933,10.69679,10.68851,10.69365
2022-09-01 09:00:00,10.69251,10.70475,10.68914,10.70195
2022-09-01 09:15:00,10.70169,10.7101,10.69851,10.70128
2022-09-01 09:30:00,10.70051,10.70387,10.69337,10.69459
2022-09-01 09:45:00,10.69456,10.70228,10.68362,10.69198
2022-09-01 10:00:00,10.69177,10.70732,10.68452,10.68591
2022-09-01 10:15:00,10.6859,10.6918,10.67739,10.68824
2022-09-01 10:30:00,10.68799,10.70423,10.68658,10.69438
2022-09-01 10:45:00,10.69424,10.69761,10.67883,10.67884
2022-09-01 11:00:00,10.67787,10.69061,10.67267,10.68013
2022-09-01 11:15:00,10.68016,10.68526,10.66605,10.68487
2022-09-01 11:30:00,10.68493,10.70076,10.67891,10.68831
2022-09-01 11:45:00,10.68836,10.70463,10.68825,10.69812
2022-09-01 12:00:00,10.69824,10.7009,10.68414,10.69715
2022-09-01 12:15:00,10.69714,10.70568,10.69163,10.70074
2022-09-01 12:30:00,10.70063,10.70808,10.6948,10.69555
2022-09-01 12:45:00,10.69558,10.69845,10.68897,10.69286
2022-09-01 13:00:00,10.69278,10.70837,10.692,10.70745
2022-09-01 13:15:00,10.70744,10.71321,10.7066,10.71111
2022-09-01 13:30:00,10.7111,10.72587,10.71092,10.71912
2022-09-01 13:45:00,10.71925,10.72175,10.71292,10.71619
2022-09-01 14:00:00,10.7163,10.72383,10.71059,10.71629
2022-09-01 14:15:00,10.71641,10.72945,10.71637,10.72585
2022-09-01 14:30:00,10.72589,10.72764,10.71683,10.71815
2022-09-01 14:45:00,10.71814,10.73071,10.71503,10.72789
2022-09-01 15:00:00,10.72715,10.73722,10.72365,10.7357
2022-09-01 15:15:00,10.73571,10.75325,10.73363,10.74803
2022-09-01 15:30:00,10.74814,10.76439,10.74449,10.75844
2022-09-01 15:45:00,10.75832,10.76166,10.75147,10.75852
2022-09-01 16:00:00,10.75842,10.76044,10.74254,10.75277
2022-09-01 16:15:00,10.75279,10.75919,10.74411,10.7555
2022-09-01 16:30:00,10.75558,10.77088,10.75243,10.75411
2022-09-01 16:45:00,10.7542,10.77257,10.75311,10.76058
2022-09-01 17:00:00,10.76026,10.81748,10.76026,10.812
2022-09-01 17:15:00,10.81199,10.81715,10.78018,10.7868
2022-09-01 17:30:00,10.78638,10.81634,10.78148,10.81167
2022-09-01 17:45:00,10.81156,10.83734,10.80121,10.80894
2022-09-01 18:00:00,10.80917,10.80917,10.78447,10.7969
2022-09-01 18:15:00,10.79698,10.80653,10.7905,10.80479
2022-09-01 18:30:00,10.80454,10.81491,10.7939,10.81345
2022-09-01 18:45:00,10.8135,10.81547,10.80033,10.80044
2022-09-01 19:00:00,10.80043,10.80125,10.78792,10.79062
2022-09-01 19:15:00,10.79052,10.79074,10.77928,10.78487
2022-09-01 19:30:00,10.78478,10.8012,10.78474,10.80072
2022-09-01 19:45:00,10.80076,10.8148,10.79996,10.81191
2022-09-01 20:00:00,10.81195,10.81406,10.80407,10.8058
2022-09-01 20:15:00,10.80581,10.80658,10.79071,10.79258
2022-09-01 20:30:00,10.79252,10.79586,10.78787,10.79467
2022-09-01 20:45:00,10.79452,10.79986,10.79268,10.79373
2022-09-01 21:00:00,10.79339,10.79901,10.78984,10.79129
2022-09-01 21:15:00,10.79128,10.7946,10.77604,10.78335
2022-09-01 21:30:00,10.78265,10.79303,10.78032,10.79162
2022-09-01 21:45:00,10.79159,10.80049,10.78886,10.80036
2022-09-01 22:00:00,10.80041,10.80085,10.78343,10.78501
2022-09-01 22:15:00,10.78502,10.79589,10.78447,10.79383
2022-09-01 22:30:00,10.79333,10.80184,10.79005,10.79851
2022-09-01 22:45:00,10.79852,10.80151,10.79195,10.7966
2022-09-01 23:00:00,10.79654,10.80116,10.79246,10.80111
2022-09-01 23:15:00,10.8011,10.8028,10.79651,10.80123
2022-09-01 23:30:00,10.80121,10.80345,10.79907,10.80098
2022-09-01 23:45:00,10.80122,10.80274,10.77929,10.79637
2022-09-02 00:00:00,10.79036,10.80309,10.78105,10.78443
2022-09-02 00:15:00,10.78533,10.78691,10.77624,10.78682
2022-09-02 00:30:00,10.78667,10.7907,10.78661,10.789
2022-09-02 00:45:00,10.78851,10.79054,10.78611,10.7888
2022-09-02 01:00:00,10.78901,10.79392,10.78712,10.79338
2022-09-02 01:15:00,10.79339,10.79576,10.79218,10.79273
2022-09-02 01:30:00,10.79271,10.79589,10.79049,10.79435
2022-09-02 01:45:00,10.79434,10.79644,10.79239,10.79493
2022-09-02 02:00:00,10.79484,10.79707,10.79298,10.79339
2022-09-02 02:15:00,10.79338,10.79606,10.793,10.79555
2022-09-02 02:30:00,10.79557,10.79631,10.79179,10.79341
2022-09-02 02:45:00,10.7934,10.79373,10.78617,10.78746
2022-09-02 03:00:00,10.7876,10.79109,10.78143,10.78458
2022-09-02 03:15:00,10.78459,10.78635,10.78085,10.78096
2022-09-02 03:30:00,10.78094,10.78682,10.78009,10.78575
2022-09-02 03:45:00,10.78579,10.79009,10.78178,10.78351
2022-09-02 04:00:00,10.78343,10.7863,10.77968,10.78553
2022-09-02 04:15:00,10.78559,10.78675,10.7808,10.78098
2022-09-02 04:30:00,10.78092,10.78468,10.77615,10.7817
2022-09-02 04:45:00,10.78165,10.78494,10.7788,10.7836
2022-09-02 05:00:00,10.78361,10.78827,10.7828,10.7851
2022-09-02 05:15:00,10.78507,10.78823,10.78315,10.78582
2022-09-02 05:30:00,10.7858,10.78598,10.78037,10.78209
2022-09-02 05:45:00,10.78221,10.78234,10.77675,10.7816
2022-09-02 06:00:00,10.78159,10.78212,10.77789,10.77985
2022-09-02 06:15:00,10.77986,10.7826,10.77857,10.78246
2022-09-02 06:30:00,10.78241,10.78247,10.77949,10.78194
2022-09-02 06:45:00,10.78168,10.78311,10.77609,10.77719
2022-09-02 07:00:00,10.77718,10.77956,10.77474,10.77874
2022-09-02 07:15:00,10.77879,10.77968,10.77307,10.7764
2022-09-02 07:30:00,10.77641,10.7836,10.77601,10.78135
2022-09-02 07:45:00,10.78134,10.78337,10.77469,10.77558
2022-09-02 08:00:00,10.77546,10.77555,10.76452,10.77339
2022-09-02 08:15:00,10.77328,10.77483,10.76851,10.77195
2022-09-02 08:30:00,10.77199,10.7745,10.76765,10.77155
2022-09-02 08:45:00,10.77152,10.77866,10.7715,10.77586
2022-09-02 09:00:00,10.77574,10.78493,10.77549,10.78493
2022-09-02 09:15:00,10.78492,10.79278,10.78068,10.78537
2022-09-02 09:30:00,10.78553,10.78728,10.76897,10.76897
2022-09-02 09:45:00,10.76899,10.77191,10.75922,10.76546
2022-09-02 10:00:00,10.76563,10.76924,10.75411,10.7548
2022-09-02 10:15:00,10.75467,10.76035,10.73404,10.73436
2022-09-02 10:30:00,10.73461,10.75345,10.73461,10.75119
2022-09-02 10:45:00,10.75118,10.7611,10.74754,10.7607
2022-09-02 11:00:00,10.76073,10.7641,10.75589,10.76392
2022-09-02 11:15:00,10.76396,10.76597,10.75406,10.76313
2022-09-02 11:30:00,10.76337,10.77704,10.76123,10.77397
2022-09-02 11:45:00,10.77393,10.77602,10.76956,10.77512
2022-09-02 12:00:00,10.77491,10.78811,10.77101,10.78132
2022-09-02 12:15:00,10.78133,10.7823,10.75927,10.76208
2022-09-02 12:30:00,10.76179,10.76313,10.75274,10.76032
2022-09-02 12:45:00,10.76018,10.76457,10.74583,10.74964
2022-09-02 13:00:00,10.74994,10.7545,10.73717,10.75348
2022-09-02 13:15:00,10.75347,10.7594,10.75056,10.7594
2022-09-02 13:30:00,10.75923,10.76788,10.75038,10.75259
2022-09-02 13:45:00,10.75265,10.75428,10.74876,10.7521
2022-09-02 14:00:00,10.75219,10.76521,10.74864,10.76409
2022-09-02 14:15:00,10.76407,10.76955,10.76101,10.76785
2022-09-02 14:30:00,10.76789,10.76979,10.75783,10.76027
2022-09-02 14:45:00,10.75983,10.76275,10.74456,10.75767
2022-09-02 15:00:00,10.75777,10.76098,10.74567,10.75635
2022-09-02 15:15:00,10.75638,10.76326,10.72313,10.72707
2022-09-02 15:30:00,10.72662,10.76001,10.70108,10.75154
2022-09-02 15:45:00,10.752,10.7634,10.73185,10.73405
2022-09-02 16:00:00,10.73449,10.74656,10.72477,10.73782
2022-09-02 16:15:00,10.73807,10.73822,10.72333,10.73173
2022-09-02 16:30:00,10.73161,10.75133,10.73047,10.74697
2022-09-02 16:45:00,10.74698,10.74698,10.72835,10.7444
2022-09-02 17:00:00,10.74446,10.75704,10.72564,10.72838
2022-09-02 17:15:00,10.72828,10.74104,10.71779,10.72123
2022-09-02 17:30:00,10.72113,10.72177,10.70338,10.70632
2022-09-02 17:45:00,10.70639,10.709,10.69037,10.69836
2022-09-02 18:00:00,10.6984,10.70872,10.69555,10.69632
2022-09-02 18:15:00,10.6968,10.70124,10.6878,10.69911
2022-09-02 18:30:00,10.6993,10.71523,10.6938,10.70758
2022-09-02 18:45:00,10.70733,10.70733,10.69852,10.6987
2022-09-02 19:00:00,10.69869,10.71403,10.69832,10.70886
2022-09-02 19:15:00,10.70891,10.75947,10.70886,10.75195
2022-09-02 19:30:00,10.75194,10.78137,10.74454,10.77898
2022-09-02 19:45:00,10.77985,10.79094,10.77285,10.77884
2022-09-02 20:00:00,10.77869,10.78557,10.77386,10.78093
2022-09-02 20:15:00,10.78087,10.80918,10.77746,10.79691
2022-09-02 20:30:00,10.79692,10.79861,10.78861,10.79387
2022-09-02 20:45:00,10.79404,10.79528,10.78713,10.78982
2022-09-02 21:00:00,10.79018,10.79565,10.78391,10.79459
2022-09-02 21:15:00,10.79454,10.79528,10.7754,10.77605
2022-09-02 21:30:00,10.776,10.78054,10.77483,10.77879
2022-09-02 21:45:00,10.7789,10.78195,10.77392,10.77789
2022-09-02 22:00:00,10.77787,10.7786,10.76486,10.77453
2022-09-02 22:15:00,10.77443,10.79336,10.77113,10.7933
2022-09-02 22:30:00,10.79334,10.79811,10.78884,10.79436
2022-09-02 22:45:00,10.79433,10.8018,10.78146,10.78213
2022-09-02 23:00:00,10.78218,10.78262,10.75657,10.76661
2022-09-02 23:15:00,10.76668,10.77693,10.76178,10.77122
2022-09-02 23:30:00,10.77098,10.77176,10.7669,10.76861
2022-09-02 23:45:00,10.76865,10.77357,10.75015,10.76096
2022-09-05 00:00:00,10.78465,10.78749,10.77354,10.77982
2022-09-05 00:15:00,10.77998,10.79291,10.76642,10.77708
2022-09-05 00:30:00,10.77707,10.78706,10.76944,10.78105
2022-09-05 00:45:00,10.78126,10.80553,10.77534,10.7933
2022-09-05 01:00:00,10.79012,10.8028,10.78571,10.79961
2022-09-05 01:15:00,10.79953,10.81899,10.79953,10.81345
2022-09-05 01:30:00,10.8135,10.81534,10.80579,10.80666
2022-09-05 01:45:00,10.80667,10.81128,10.80527,10.8061
2022-09-05 02:00:00,10.80609,10.83282,10.80544,10.82294
2022-09-05 02:15:00,10.82322,10.82488,10.81458,10.82071
2022-09-05 02:30:00,10.82074,10.82808,10.81911,10.82515
2022-09-05 02:45:00,10.82516,10.8339,10.82421,10.83216
2022-09-05 03:00:00,10.83217,10.83288,10.80258,10.81639
2022-09-05 03:15:00,10.81723,10.83026,10.81606,10.82908
2022-09-05 03:30:00,10.82936,10.83097,10.82168,10.82481
2022-09-05 03:45:00,10.82476,10.83634,10.82156,10.83616
2022-09-05 04:00:00,10.83602,10.8369,10.82554,10.827
2022-09-05 04:15:00,10.82687,10.83513,10.82348,10.8339
2022-09-05 04:30:00,10.83395,10.8365,10.82531,10.82771
2022-09-05 04:45:00,10.82775,10.83409,10.82545,10.83073
2022-09-05 05:00:00,10.83089,10.84474,10.82639,10.84469
2022-09-05 05:15:00,10.84458,10.84732,10.83916,10.84153
2022-09-05 05:30:00,10.84173,10.84515,10.83869,10.84133
2022-09-05 05:45:00,10.84134,10.84323,10.8377,10.83834
2022-09-05 06:00:00,10.83833,10.84055,10.8377,10.83904
2022-09-05 06:15:00,10.83908,10.84214,10.83882,10.84164
2022-09-05 06:30:00,10.84165,10.84401,10.83861,10.83927
2022-09-05 06:45:00,10.83922,10.84262,10.83866,10.84261
2022-09-05 07:00:00,10.84262,10.84687,10.83906,10.83961
2022-09-05 07:15:00,10.83962,10.8429,10.83876,10.83929
2022-09-05 07:30:00,10.83933,10.84528,10.83899,10.84392
2022-09-05 07:45:00,10.844,10.84669,10.84111,10.84461
2022-09-05 08:00:00,10.8442,10.8733,10.84045,10.87302
2022-09-05 08:15:00,10.87312,10.87551,10.86048,10.87262
2022-09-05 08:30:00,10.87257,10.87502,10.85902,10.87441
2022-09-05 08:45:00,10.87433,10.88226,10.86468,10.86809
2022-09-05 09:00:00,10.8691,10.87863,10.85514,10.85549
2022-09-05 09:15:00,10.85555,10.85733,10.84585,10.85311
2022-09-05 09:30:00,10.85315,10.86009,10.84539,10.85704
2022-09-05 09:45:00,10.857,10.85989,10.83713,10.84437
2022-09-05 10:00:00,10.84467,10.85949,10.84083,10.85083
2022-09-05 10:15:00,10.85086,10.85929,10.84117,10.85482
2022-09-05 10:30:00,10.85314,10.85335,10.81374,10.84568
2022-09-05 10:45:00,10.84578,10.85024,10.83709,10.84704
2022-09-05 11:00:00,10.84688,10.85714,10.83737,10.83961
2022-09-05 11:15:00,10.83965,10.841,10.83136,10.83372
2022-09-05 11:30:00,10.83373,10.85106,10.83373,10.85013
2022-09-05 11:45:00,10.85012,10.85334,10.84026,10.842
2022-09-05 12:00:00,10.84197,10.8466,10.82573,10.83095
2022-09-05 12:15:00,10.83094,10.83519,10.82477,10.82656
2022-09-05 12:30:00,10.82662,10.83099,10.81537,10.81659
2022-09-05 12:45:00,10.8166,10.82122,10.80831,10.8158
2022-09-05 13:00:00,10.81578,10.818,10.80637,10.80638
2022-09-05 13:15:00,10.80636,10.80701,10.79287,10.80105
2022-09-05 13:30:00,10.80116,10.80799,10.79837,10.80263
2022-09-05 13:45:00,10.8027,10.8033,10.79407,10.79867
2022-09-05 14:00:00,10.79891,10.81169,10.7925,10.81145
2022-09-05 14:15:00,10.81144,10.82461,10.80751,10.8225
2022-09-05 14:30:00,10.82252,10.82747,10.81939,10.81973
2022-09-05 14:45:00,10.81977,10.82165,10.81361,10.8143
2022-09-05 15:00:00,10.81496,10.81702,10.80676,10.81351
2022-09-05 15:15:00,10.8135,10.82366,10.8135,10.82278
2022-09-05 15:30:00,10.82326,10.82344,10.81339,10.81356
2022-09-05 15:45:00,10.81357,10.82034,10.81038,10.81578
2022-09-05 16:00:00,10.81537,10.81643,10.80648,10.80979
2022-09-05 16:15:00,10.80981,10.81305,10.80432,10.80738
2022-09-05 16:30:00,10.80718,10.81154,10.80102,10.80705
2022-09-05 16:45:00,10.80706,10.81286,10.8047,10.81006
2022-09-05 17:00:00,10.80998,10.81147,10.80014,10.80073
2022-09-05 17:15:00,10.80066,10.80984,10.79735,10.79746
2022-09-05 17:30:00,10.79753,10.79986,10.78325,10.79177
2022-09-05 17:45:00,10.7918,10.79869,10.78711,10.79699
2022-09-05 18:00:00,10.79659,10.79819,10.78627,10.79515
2022-09-05 18:15:00,10.79508,10.79935,10.79171,10.79627
2022-09-05 18:30:00,10.79625,10.80381,10.79547,10.80247
2022-09-05 18:45:00,10.80248,10.80367,10.79045,10.79361
2022-09-05 19:00:00,10.79375,10.79668,10.79182,10.79235
2022-09-05 19:15:00,10.7924,10.79477,10.78948,10.79343
2022-09-05 19:30:00,10.79344,10.79789,10.79263,10.79753
2022-09-05 19:45:00,10.79755,10.80539,10.79599,10.80164
2022-09-05 20:00:00,10.80149,10.80573,10.8006,10.80293
2022-09-05 20:15:00,10.80273,10.80395,10.80034,10.80124
2022-09-05 20:30:00,10.80123,10.8017,10.80015,10.8014
2022-09-05 20:45:00,10.80139,10.80424,10.80101,10.80126
2022-09-05 21:00:00,10.8014,10.80165,10.79594,10.80124
2022-09-05 21:15:00,10.80123,10.80179,10.79918,10.7998
2022-09-05 21:30:00,10.79979,10.80254,10.79974,10.80177
2022-09-05 21:45:00,10.80175,10.80535,10.80175,10.80394
2022-09-05 22:00:00,10.80393,10.80488,10.80181,10.80283
2022-09-05 22:15:00,10.80284,10.80284,10.79852,10.80011
2022-09-05 22:30:00,10.80016,10.80173,10.8001,10.80154
2022-09-05 22:45:00,10.80157,10.80304,10.80032,10.80038
2022-09-05 23:00:00,10.80041,10.80411,10.79947,10.8011
2022-09-05 23:15:00,10.80106,10.80384,10.8009,10.80281
2022-09-05 23:30:00,10.80245,10.80303,10.79997,10.80113
2022-09-05 23:45:00,10.80112,10.80251,10.79275,10.79408
2022-09-06 00:00:00,10.79064,10.80046,10.79064,10.79637
2022-09-06 00:15:00,10.79638,10.79791,10.79273,10.79568
2022-09-06 00:30:00,10.79655,10.79698,10.79315,10.79677
2022-09-06 00:45:00,10.7978,10.79806,10.7944,10.79488
2022-09-06 01:00:00,10.79346,10.79648,10.78336,10.78415
2022-09-06 01:15:00,10.78418,10.78606,10.77889,10.78242
2022-09-06 01:30:00,10.78241,10.78742,10.78063,10.78621
2022-09-06 01:45:00,10.78623,10.78781,10.7829,10.78674
2022-09-06 02:00:00,10.78676,10.78777,10.78455,10.78684
2022-09-06 02:15:00,10.78685,10.78801,10.78011,10.78338
2022-09-06 02:30:00,10.78337,10.78583,10.77751,10.77903
2022-09-06 02:45:00,10.7785,10.78086,10.77701,10.77943
2022-09-06 03:00:00,10.77942,10.78251,10.7631,10.77194
2022-09-06 03:15:00,10.77181,10.77349,10.76454,10.76562
2022-09-06 03:30:00,10.76563,10.76641,10.7592,10.76429
2022-09-06 03:45:00,10.76435,10.76535,10.75512,10.75574
2022-09-06 04:00:00,10.75563,10.75965,10.75244,10.75348
2022-09-06 04:15:00,10.75347,10.7631,10.75265,10.75496
2022-09-06 04:30:00,10.75497,10.75622,10.7443,10.75077
2022-09-06 04:45:00,10.75078,10.75576,10.75015,10.75311
2022-09-06 05:00:00,10.75316,10.76464,10.75085,10.76345
2022-09-06 05:15:00,10.76347,10.7708,10.76317,10.76622
2022-09-06 05:30:00,10.76658,10.77035,10.75942,10.75942
2022-09-06 05:45:00,10.75941,10.76057,10.75536,10.75864
2022-09-06 06:00:00,10.7587,10.77046,10.75674,10.76844
2022-09-06 06:15:00,10.76845,10.7704,10.76527,10.76634
2022-09-06 06:30:00,10.76635,10.77572,10.76632,10.77514
2022-09-06 06:45:00,10.77509,10.78906,10.77394,10.78548
2022-09-06 07:00:00,10.78549,10.7858,10.77389,10.7752
2022-09-06 07:15:00,10.77521,10.77715,10.76792,10.76843
2022-09-06 07:30:00,10.76839,10.77778,10.76739,10.77589
2022-09-06 07:45:00,10.77555,10.78287,10.77149,10.77987
2022-09-06 08:00:00,10.77994,10.78432,10.77573,10.77639
2022-09-06 08:15:00,10.77643,10.77868,10.76444,10.76641
2022-09-06 08:30:00,10.76607,10.76684,10.75603,10.75865
2022-09-06 08:45:00,10.75863,10.76476,10.75484,10.76269
2022-09-06 09:00:00,10.7628,10.7741,10.7628,10.77348
2022-09-06 09:15:00,10.77348,10.78013,10.76582,10.77139
2022-09-06 09:30:00,10.7713,10.77406,10.75734,10.7578
2022-09-06 09:45:00,10.75783,10.76253,10.73837,10.75154
2022-09-06 10:00:00,10.75156,10.75308,10.73693,10.73914
2022-09-06 10:15:00,10.7391,10.74705,10.72629,10.72871
2022-09-06 10:30:00,10.72872,10.73818,10.71404,10.71902
2022-09-06 10:45:00,10.71907,10.72521,10.71212,10.72413
2022-09-06 11:00:00,10.72415,10.74776,10.7225,10.74409
2022-09-06 11:15:00,10.74412,10.75535,10.744,10.75155
2022-09-06 11:30:00,10.75179,10.75369,10.74148,10.74374
2022-09-06 11:45:00,10.7437,10.75417,10.72966,10.73555
2022-09-06 12:00:00,10.73575,10.76589,10.73575,10.76552
2022-09-06 12:15:00,10.76549,10.76632,10.74348,10.74381
2022-09-06 12:30:00,10.74363,10.74725,10.73594,10.74152
2022-09-06 12:45:00,10.74146,10.74277,10.72711,10.72895
2022-09-06 13:00:00,10.72908,10.732,10.72086,10.72265
2022-09-06 13:15:00,10.72264,10.7467,10.72167,10.73936
2022-09-06 13:30:00,10.73921,10.75288,10.73856,10.7441
2022-09-06 13:45:00,10.74417,10.75721,10.74188,10.75423
2022-09-06 14:00:00,10.75474,10.75628,10.74432,10.75012
2022-09-06 14:15:00,10.75007,10.76587,10.74858,10.76404
2022-09-06 14:30:00,10.76377,10.77232,10.76112,10.76911
2022-09-06 14:45:00,10.7692,10.77733,10.76774,10.76902
2022-09-06 15:00:00,10.76903,10.77474,10.75729,10.75925
2022-09-06 15:15:00,10.75916,10.76834,10.75569,10.76732
2022-09-06 15:30:00,10.76723,10.77748,10.76082,10.771
2022-09-06 15:45:00,10.77105,10.79442,10.7681,10.79442
2022-09-06 16:00:00,10.79335,10.81291,10.78893,10.8081
2022-09-06 16:15:00,10.80822,10.80844,10.79596,10.80232
2022-09-06 16:30:00,10.8022,10.81249,10.79754,10.80673
2022-09-06 16:45:00,10.80672,10.83735,10.7953,10.83462
2022-09-06 17:00:00,10.83869,10.85187,10.83319,10.83625
2022-09-06 17:15:00,10.83625,10.83941,10.80568,10.80894
2022-09-06 17:30:00,10.80868,10.81948,10.80145,10.80347
2022-09-06 17:45:00,10.80351,10.81146,10.78731,10.79323
2022-09-06 18:00:00,10.7929,10.79813,10.76628,10.78144
2022-09-06 18:15:00,10.78131,10.80183,10.77981,10.7925
2022-09-06 18:30:00,10.79237,10.79709,10.77924,10.78277
2022-09-06 18:45:00,10.78279,10.79737,10.78035,10.79221
2022-09-06 19:00:00,10.79243,10.80838,10.79096,10.79498
2022-09-06 19:15:00,10.79502,10.80759,10.79373,10.79661
2022-09-06 19:30:00,10.79766,10.80714,10.79573,10.80127
2022-09-06 19:45:00,10.80137,10.80531,10.79792,10.80182
2022-09-06 20:00:00,10.80191,10.8163,10.80065,10.81237
2022-09-06 20:15:00,10.8123,10.81394,10.8054,10.81079
2022-09-06 20:30:00,10.81078,10.81658,10.80709,10.81193
2022-09-06 20:45:00,10.81192,10.81672,10.80927,10.81405
2022-09-06 21:00:00,10.81413,10.81736,10.80373,10.80511
2022-09-06 21:15:00,10.80514,10.81005,10.80252,10.80958
2022-09-06 21:30:00,10.80982,10.81117,10.79904,10.79927
2022-09-06 21:45:00,10.79927,10.80795,10.79571,10.805
2022-09-06 22:00:00,10.80501,10.80681,10.79768,10.7996
2022-09-06 22:15:00,10.79969,10.80568,10.79679,10.80157
2022-09-06 22:30:00,10.80166,10.81092,10.80034,10.80217
2022-09-06 22:45:00,10.80218,10.8055,10.79388,10.79676
2022-09-06 23:00:00,10.79627,10.80559,10.79599,10.80252
2022-09-06 23:15:00,10.80235,10.80398,10.80029,10.80288
2022-09-06 23:30:00,10.80256,10.80459,10.80253,10.80327
2022-09-06 23:45:00,10.8033,10.80455,10.78477,10.78976
2022-09-07 00:00:00,10.79211,10.79211,10.76813,10.77672
2022-09-07 00:15:00,10.77674,10.78698,10.76972,10.78018
2022-09-07 00:30:00,10.7792,10.78205,10.77582,10.781
2022-09-07 00:45:00,10.78243,10.78378,10.77825,10.782
2022-09-07 01:00:00,10.78271,10.79475,10.77413,10.79109
2022-09-07 01:15:00,10.7911,10.79512,10.78964,10.79262
2022-09-07 01:30:00,10.7926,10.79473,10.792,10.79467
2022-09-07 01:45:00,10.79472,10.80504,10.79467,10.80383
2022-09-07 02:00:00,10.80303,10.80998,10.80212,10.80949
2022-09-07 02:15:00,10.80948,10.80956,10.80403,10.80643
2022-09-07 02:30:00,10.80646,10.80928,10.79792,10.80055
2022-09-07 02:45:00,10.80056,10.8044,10.79952,10.80438
2022-09-07 03:00:00,10.80297,10.80835,10.79425,10.79934
2022-09-07 03:15:00,10.79936,10.82149,10.79848,10.81887
2022-09-07 03:30:00,10.81888,10.82342,10.81053,10.82016
2022-09-07 03:45:00,10.81903,10.82345,10.81027,10.81852
2022-09-07 04:00:00,10.81843,10.8281,10.81596,10.82418
2022-09-07 04:15:00,10.82428,10.82562,10.81582,10.81988
2022-09-07 04:30:00,10.82004,10.83047,10.8184,10.83007
2022-09-07 04:45:00,10.83006,10.8307,10.82244,10.82504
2022-09-07 05:00:00,10.82525,10.83661,10.8209,10.83522
2022-09-07 05:15:00,10.83531,10.83673,10.81671,10.81799
2022-09-07 05:30:00,10.81813,10.82146,10.81003,10.81645
2022-09-07 05:45:00,10.81653,10.82604,10.81414,10.82257
2022-09-07 06:00:00,10.82246,10.82931,10.8201,10.82622
2022-09-07 06:15:00,10.82621,10.83579,10.82486,10.82853
2022-09-07 06:30:00,10.82875,10.84033,10.82788,10.83742
2022-09-07 06:45:00,10.8374,10.83823,10.8289,10.82912
2022-09-07 07:00:00,10.82916,10.83676,10.82899,10.83126
2022-09-07 07:15:00,10.83128,10.83763,10.83096,10.8353
2022-09-07 07:30:00,10.83529,10.8354,10.81734,10.82115
2022-09-07 07:45:00,10.82114,10.82256,10.81573,10.82153
2022-09-07 08:00:00,10.82201,10.82478,10.81036,10.81582
2022-09-07 08:15:00,10.81569,10.81913,10.80976,10.81913
2022-09-07 08:30:00,10.81913,10.82297,10.81812,10.82113
2022-09-07 08:45:00,10.82115,10.82223,10.80305,10.80305
2022-09-07 09:00:00,10.80245,10.82383,10.80153,10.80445
2022-09-07 09:15:00,10.8045,10.81122,10.80069,10.80491
2022-09-07 09:30:00,10.80505,10.82126,10.79897,10.80244
2022-09-07 09:45:00,10.80252,10.80326,10.7866,10.7933
2022-09-07 10:00:00,10.79331,10.80226,10.78039,10.79902
2022-09-07 10:15:00,10.79908,10.81585,10.79315,10.80848
2022-09-07 10:30:00,10.80819,10.81446,10.79526,10.80128
2022-09-07 10:45:00,10.80124,10.8028,10.76813,10.77581
2022-09-07 11:00:00,10.77604,10.78281,10.76603,10.781
2022-09-07 11:15:00,10.78092,10.79474,10.7733,10.79048
2022-09-07 11:30:00,10.79058,10.79788,10.78541,10.78598
2022-09-07 11:45:00,10.78591,10.80001,10.7842,10.79993
2022-09-07 12:00:00,10.79969,10.80857,10.79022,10.80329
2022-09-07 12:15:00,10.80326,10.80516,10.78967,10.79666
2022-09-07 12:30:00,10.7963,10.79645,10.78074,10.78443
2022-09-07 12:45:00,10.78461,10.7914,10.78113,10.78466
2022-09-07 13:00:00,10.78462,10.80571,10.78245,10.80127
2022-09-07 13:15:00,10.8012,10.8062,10.79281,10.79429
2022-09-07 13:30:00,10.79427,10.80579,10.79375,10.80051
2022-09-07 13:45:00,10.80039,10.80568,10.79402,10.80416
2022-09-07 14:00:00,10.80415,10.81367,10.79618,10.80172
2022-09-07 14:15:00,10.80164,10.80343,10.79463,10.79733
2022-09-07 14:30:00,10.79732,10.81835,10.78871,10.78986
2022-09-07 14:45:00,10.78987,10.81498,10.78982,10.81406
2022-09-07 15:00:00,10.81395,10.82008,10.80856,10.8121
2022-09-07 15:15:00,10.81214,10.8142,10.78285,10.78983
2022-09-07 15:30:00,10.79052,10.80094,10.78118,10.7998
2022-09-07 15:45:00,10.79954,10.80436,10.78934,10.79055
2022-09-07 16:00:00,10.79084,10.79952,10.78714,10.79258
2022-09-07 16:15:00,10.79261,10.79261,10.77103,10.78356
2022-09-07 16:30:00,10.78357,10.78364,10.75598,10.7663
2022-09-07 16:45:00,10.76627,10.78364,10.76238,10.77953
2022-09-07 17:00:00,10.77931,10.78337,10.75945,10.76897
2022-09-07 17:15:00,10.76896,10.77036,10.74492,10.74947
2022-09-07 17:30:00,10.74911,10.7503,10.73644,10.74889
2022-09-07 17:45:00,10.74897,10.76414,10.7471,10.76047
2022-09-07 18:00:00,10.76043,10.7661,10.74874,10.75102
2022-09-07 18:15:00,10.75104,10.75982,10.7483,10.75982
2022-09-07 18:30:00,10.75997,10.76145,10.75016,10.76096
2022-09-07 18:45:00,10.76093,10.76273,10.75637,10.76135
2022-09-07 19:00:00,10.76134,10.76257,10.75175,10.75369
2022-09-07 19:15:00,10.75364,10.75673,10.7486,10.74902
2022-09-07 19:30:00,10.74908,10.74942,10.72285,10.72474
2022-09-07 19:45:00,10.72455,10.73133,10.71919,10.72564
2022-09-07 20:00:00,10.72564,10.72725,10.70949,10.71286
2022-09-07 20:15:00,10.71287,10.71732,10.70076,10.70963
2022-09-07 20:30:00,10.7096,10.71445,10.70314,10.70339
2022-09-07 20:45:00,10.70336,10.70657,10.69341,10.70192
2022-09-07 21:00:00,10.70174,10.70896,10.69899,10.70653
2022-09-07 21:15:00,10.70656,10.71944,10.70557,10.71671
2022-09-07 21:30:00,10.71674,10.71674,10.71134,10.71467
2022-09-07 21:45:00,10.71464,10.72604,10.71461,10.72442
2022-09-07 22:00:00,10.72427,10.72658,10.71408,10.71452
2022-09-07 22:15:00,10.71455,10.7147,10.7033,10.70673
2022-09-07 22:30:00,10.70674,10.70687,10.69132,10.69268
2022-09-07 22:45:00,10.6927,10.69531,10.67792,10.69041
2022-09-07 23:00:00,10.69025,10.6992,10.68327,10.69405
2022-09-07 23:15:00,10.69406,10.69426,10.68307,10.68669
2022-09-07 23:30:00,10.6867,10.69296,10.68569,10.68994
2022-09-07 23:45:00,10.68993,10.69099,10.68341,10.68376
2022-09-08 00:00:00,10.68277,10.68663,10.66973,10.68436
2022-09-08 00:15:00,10.68423,10.68972,10.67994,10.68382
2022-09-08 00:30:00,10.68381,10.68691,10.68379,10.68594
2022-09-08 00:45:00,10.68638,10.68842,10.68548,10.68657
2022-09-08 01:00:00,10.68658,10.68768,10.68258,10.68499
2022-09-08 01:15:00,10.68421,10.68915,10.68333,10.68604
2022-09-08 01:30:00,10.68605,10.69073,10.68373,10.69029
2022-09-08 01:45:00,10.69037,10.69125,10.68869,10.68975
2022-09-08 02:00:00,10.68933,10.69711,10.68888,10.69645
2022-09-08 02:15:00,10.6964,10.70481,10.69492,10.70253
2022-09-08 02:30:00,10.70223,10.70561,10.69977,10.70482
2022-09-08 02:45:00,10.70484,10.70498,10.69799,10.69836
2022-09-08 03:00:00,10.69657,10.71192,10.67841,10.70697
2022-09-08 03:15:00,10.70675,10.70833,10.70204,10.70761
2022-09-08 03:30:00,10.70764,10.71671,10.70728,10.71479
2022-09-08 03:45:00,10.71482,10.71824,10.71203,10.71271
2022-09-08 04:00:00,10.71264,10.71383,10.7068,10.71066
2022-09-08 04:15:00,10.71068,10.71105,10.70486,10.70592
2022-09-08 04:30:00,10.7059,10.71166,10.70389,10.70854
2022-09-08 04:45:00,10.70849,10.71153,10.70483,10.71142
2022-09-08 05:00:00,10.71143,10.71161,10.70666,10.7103
2022-09-08 05:15:00,10.71035,10.71163,10.70684,10.70695
2022-09-08 05:30:00,10.70694,10.71302,10.70642,10.71018
2022-09-08 05:45:00,10.71011,10.71482,10.70967,10.71258
2022-09-08 06:00:00,10.71262,10.72808,10.71238,10.71752
2022-09-08 06:15:00,10.71751,10.72194,10.71571,10.72041
2022-09-08 06:30:00,10.72042,10.72378,10.71839,10.72244
2022-09-08 06:45:00,10.72232,10.72825,10.72224,10.72355
2022-09-08 07:00:00,10.72356,10.72372,10.71502,10.71957
2022-09-08 07:15:00,10.71951,10.72016,10.71204,10.71313
2022-09-08 07:30:00,10.71316,10.71855,10.71298,10.71636
2022-09-08 07:45:00,10.71644,10.72268,10.71532,10.717
2022-09-08 08:00:00,10.71701,10.71701,10.71236,10.71299
2022-09-08 08:15:00,10.71335,10.71467,10.70675,10.70883
2022-09-08 08:30:00,10.70882,10.71405,10.70619,10.71033
2022-09-08 08:45:00,10.71044,10.71275,10.70334,10.70678
2022-09-08 09:00:00,10.70701,10.70838,10.68166,10.683
2022-09-08 09:15:00,10.68308,10.68458,10.67665,10.68062
2022-09-08 09:30:00,10.68025,10.69839,10.67967,10.69657
2022-09-08 09:45:00,10.69631,10.7036,10.6938,10.69528
2022-09-08 10:00:00,10.69531,10.70041,10.68575,10.69507
2022-09-08 10:15:00,10.69514,10.72157,10.69396,10.70983
2022-09-08 10:30:00,10.71002,10.72209,10.70928,10.71829
2022-09-08 10:45:00,10.71831,10.73278,10.71725,10.72383
2022-09-08 11:00:00,10.72403,10.72483,10.71256,10.71395
2022-09-08 11:15:00,10.71391,10.7304,10.70928,10.72599
2022-09-08 11:30:00,10.72608,10.73338,10.71413,10.71602
2022-09-08 11:45:00,10.71601,10.72412,10.70782,10.70869
2022-09-08 12:00:00,10.7087,10.71107,10.70282,10.70678
2022-09-08 12:15:00,10.70677,10.70736,10.69988,10.70167
2022-09-08 12:30:00,10.7017,10.70665,10.6988,10.70163
2022-09-08 12:45:00,10.70154,10.70332,10.69537,10.70062
2022-09-08 13:00:00,10.70064,10.7094,10.69699,10.69714
2022-09-08 13:15:00,10.69715,10.69823,10.68164,10.6877
2022-09-08 13:30:00,10.68859,10.69841,10.6861,10.69325
2022-09-08 13:45:00,10.69332,10.69726,10.68511,10.69193
2022-09-08 14:00:00,10.69211,10.69522,10.67998,10.68491
2022-09-08 14:15:00,10.68488,10.68964,10.67626,10.68204
2022-09-08 14:30:00,10.68201,10.68826,10.67522,10.68302
2022-09-08 14:45:00,10.68301,10.6881,10.6785,10.68729
2022-09-08 15:00:00,10.6873,10.70124,10.66505,10.67449
2022-09-08 15:15:00,10.67775,10.72635,10.64776,10.69815
2022-09-08 15:30:00,10.69832,10.71779,10.69647,10.70936
2022-09-08 15:45:00,10.70935,10.72843,10.68914,10.72074
2022-09-08 16:00:00,10.7211,10.78853,10.72082,10.77824
2022-09-08 16:15:00,10.77801,10.78699,10.75115,10.75696
2022-09-08 16:30:00,10.75698,10.77019,10.72419,10.72619
2022-09-08 16:45:00,10.72646,10.76072,10.72504,10.75789
2022-09-08 17:00:00,10.75793,10.78289,10.75772,10.76806
2022-09-08 17:15:00,10.76815,10.77405,10.74573,10.74684
2022-09-08 17:30:00,10.74689,10.75286,10.73455,10.7476
2022-09-08 17:45:00,10.74758,10.74993,10.7373,10.74826
2022-09-08 18:00:00,10.74831,10.74969,10.7302,10.7302
2022-09-08 18:15:00,10.73027,10.74116,10.72368,10.73522
2022-09-08 18:30:00,10.73504,10.74458,10.73018,10.7439
2022-09-08 18:45:00,10.74404,10.75236,10.74172,10.74441
2022-09-08 19:00:00,10.74439,10.76961,10.73636,10.76598
2022-09-08 19:15:00,10.76602,10.76922,10.75246,10.75422
2022-09-08 19:30:00,10.7543,10.75796,10.7428,10.7444
2022-09-08 19:45:00,10.74441,10.74586,10.73581,10.74067
2022-09-08 20:00:00,10.74022,10.74513,10.72025,10.72052
2022-09-08 20:15:00,10.72045,10.72424,10.71227,10.71372
2022-09-08 20:30:00,10.71371,10.71696,10.70244,10.70797
2022-09-08 20:45:00,10.7083,10.71745,10.70445,10.7153
2022-09-08 21:00:00,10.71545,10.71651,10.70768,10.71546
2022-09-08 21:15:00,10.71552,10.7175,10.71089,10.71387
2022-09-08 21:30:00,10.71397,10.71688,10.70534,10.71245
2022-09-08 21:45:00,10.71246,10.72194,10.71157,10.72034
2022-09-08 22:00:00,10.72051,10.72423,10.71653,10.71733
2022-09-08 22:15:00,10.71745,10.71883,10.71351,10.71663
2022-09-08 22:30:00,10.71648,10.71956,10.71526,10.71727
2022-09-08 22:45:00,10.71719,10.71719,10.70821,10.70961
2022-09-08 23:00:00,10.70956,10.71244,10.70913,10.70965
2022-09-08 23:15:00,10.70962,10.71161,10.70838,10.70918
2022-09-08 23:30:00,10.7091,10.71187,10.70757,10.70773
2022-09-08 23:45:00,10.70676,10.70708,10.6908,10.69922
2022-09-09 00:00:00,10.69546,10.69546,10.67843,10.68645
2022-09-09 00:15:00,10.68644,10.68865,10.68164,10.68693
2022-09-09 00:30:00,10.68788,10.69598,10.68719,10.69404
2022-09-09 00:45:00,10.69467,10.69546,10.68896,10.69178
2022-09-09 01:00:00,10.69015,10.70237,10.68915,10.69943
2022-09-09 01:15:00,10.69944,10.69984,10.69633,10.69858
2022-09-09 01:30:00,10.6986,10.70105,10.69782,10.69918
2022-09-09 01:45:00,10.69935,10.70032,10.69756,10.69925
2022-09-09 02:00:00,10.69923,10.70136,10.69651,10.69831
2022-09-09 02:15:00,10.69833,10.69848,10.69406,10.69662
2022-09-09 02:30:00,10.69655,10.69987,10.69333,10.69489
2022-09-09 02:45:00,10.69486,10.69605,10.69088,10.69265
2022-09-09 03:00:00,10.69259,10.69623,10.68351,10.68396
2022-09-09 03:15:00,10.68395,10.68632,10.66611,10.66927
2022-09-09 03:30:00,10.6693,10.67015,10.64483,10.64654
2022-09-09 03:45:00,10.64709,10.65151,10.64226,10.65029
2022-09-09 04:00:00,10.65023,10.6561,10.63774,10.64019
2022-09-09 04:15:00,10.63997,10.64666,10.63314,10.63965
2022-09-09 04:30:00,10.63965,10.6479,10.63786,10.63974
2022-09-09 04:45:00,10.63968,10.64632,10.63735,10.63812
2022-09-09 05:00:00,10.63827,10.6401,10.62838,10.62886
2022-09-09 05:15:00,10.6288,10.63144,10.61813,10.61897
2022-09-09 05:30:00,10.61895,10.62041,10.61287,10.61361
2022-09-09 05:45:00,10.61355,10.61955,10.61352,10.61875
2022-09-09 06:00:00,10.61872,10.62083,10.61417,10.6149
2022-09-09 06:15:00,10.61471,10.61514,10.60064,10.60297
2022-09-09 06:30:00,10.60301,10.62376,10.60231,10.61891
2022-09-09 06:45:00,10.61893,10.62294,10.61866,10.61905
2022-09-09 07:00:00,10.61904,10.6228,10.60153,10.6035
2022-09-09 07:15:00,10.60341,10.60925,10.59665,10.60461
2022-09-09 07:30:00,10.60356,10.60895,10.60144,10.60455
2022-09-09 07:45:00,10.60403,10.60998,10.6022,10.6094
2022-09-09 08:00:00,10.60859,10.61409,10.60728,10.61328
2022-09-09 08:15:00,10.61322,10.62157,10.61322,10.62021
2022-09-09 08:30:00,10.62027,10.62423,10.61647,10.62299
2022-09-09 08:45:00,10.62223,10.62682,10.61641,10.61752
2022-09-09 09:00:00,10.61785,10.631,10.61676,10.62122
2022-09-09 09:15:00,10.62117,10.62535,10.61617,10.62285
2022-09-09 09:30:00,10.62185,10.62976,10.61797,10.61932
2022-09-09 09:45:00,10.61929,10.626,10.61523,10.61589
2022-09-09 10:00:00,10.61586,10.62117,10.56939,10.57257
2022-09-09 10:15:00,10.57198,10.58361,10.5574,10.55972
2022-09-09 10:30:00,10.55963,10.58504,10.55806,10.56581
2022-09-09 10:45:00,10.56579,10.56764,10.55454,10.55661
2022-09-09 11:00:00,10.55636,10.55855,10.54329,10.54726
2022-09-09 11:15:00,10.54714,10.5483,10.52875,10.53038
2022-09-09 11:30:00,10.53037,10.53626,10.51667,10.522
2022-09-09 11:45:00,10.52203,10.53312,10.51893,10.52439
2022-09-09 12:00:00,10.52457,10.54812,10.52401,10.54252
2022-09-09 12:15:00,10.54187,10.54201,10.52833,10.53981
2022-09-09 12:30:00,10.53982,10.55268,10.53408,10.55171
2022-09-09 12:45:00,10.55172,10.55244,10.5377,10.53823
2022-09-09 13:00:00,10.53787,10.54999,10.52889,10.54838
2022-09-09 13:15:00,10.5483,10.5547,10.54338,10.55375
2022-09-09 13:30:00,10.5538,10.55978,10.54771,10.55882
2022-09-09 13:45:00,10.55869,10.56916,10.55586,10.56882
2022-09-09 14:00:00,10.56875,10.59462,10.56671,10.58195
2022-09-09 14:15:00,10.58189,10.59693,10.58158,10.59693
2022-09-09 14:30:00,10.59688,10.61581,10.59511,10.61033
2022-09-09 14:45:00,10.61039,10.62875,10.60485,10.62782
2022-09-09 15:00:00,10.6281,10.6309,10.61016,10.61065
2022-09-09 15:15:00,10.61019,10.6205,10.60705,10.61612
2022-09-09 15:30:00,10.61657,10.61804,10.59627,10.599
2022-09-09 15:45:00,10.59781,10.61625,10.59378,10.6112
2022-09-09 16:00:00,10.61132,10.62309,10.60895,10.62191
2022-09-09 16:15:00,10.62192,10.62427,10.58952,10.60841
2022-09-09 16:30:00,10.60836,10.6151,10.60017,10.61292
2022-09-09 16:45:00,10.61291,10.62053,10.60684,10.61121
2022-09-09 17:00:00,10.61097,10.61422,10.58908,10.60574
2022-09-09 17:15:00,10.60584,10.61826,10.59565,10.60889
2022-09-09 17:30:00,10.60877,10.62003,10.60003,10.60683
2022-09-09 17:45:00,10.60684,10.62133,10.60224,10.61193
2022-09-09 18:00:00,10.61165,10.62041,10.60619,10.60937
2022-09-09 18:15:00,10.60939,10.62426,10.60732,10.62158
2022-09-09 18:30:00,10.6216,10.62896,10.61386,10.61562
2022-09-09 18:45:00,10.61564,10.61734,10.60952,10.61156
2022-09-09 19:00:00,10.61155,10.62326,10.60719,10.60853
2022-09-09 19:15:00,10.60854,10.619,10.60854,10.61712
2022-09-09 19:30:00,10.61706,10.61925,10.61172,10.61613
2022-09-09 19:45:00,10.61621,10.62263,10.59764,10.59984
2022-09-09 20:00:00,10.59978,10.6084,10.59886,10.60695
2022-09-09 20:15:00,10.60696,10.61358,10.60695,10.61131
2022-09-09 20:30:00,10.6113,10.61508,10.60702,10.60971
2022-09-09 20:45:00,10.60972,10.62128,10.6088,10.62008
2022-09-09 21:00:00,10.62011,10.62441,10.61856,10.61863
2022-09-09 21:15:00,10.61866,10.62384,10.61571,10.61674
2022-09-09 21:30:00,10.61675,10.62459,10.6165,10.62419
2022-09-09 21:45:00,10.6242,10.62694,10.61863,10.61878
2022-09-09 22:00:00,10.61912,10.61938,10.61252,10.61665
2022-09-09 22:15:00,10.61666,10.62045,10.61408,10.6186
2022-09-09 22:30:00,10.61862,10.62018,10.61354,10.61361
2022-09-09 22:45:00,10.61357,10.62055,10.61357,10.61899
2022-09-09 23:00:00,10.61909,10.62315,10.61774,10.61978
2022-09-09 23:15:00,10.61976,10.62164,10.6165,10.62071
2022-09-09 23:30:00,10.62062,10.62707,10.62004,10.62611
2022-09-09 23:45:00,10.62595,10.62688,10.60147,10.60147
2022-09-12 00:00:00,10.53073,10.54798,10.52553,10.54774
2022-09-12 00:15:00,10.54772,10.55693,10.54134,10.55053
2022-09-12 00:30:00,10.55113,10.55817,10.54878,10.54948
2022-09-12 00:45:00,10.54939,10.55512,10.54654,10.54655
2022-09-12 01:00:00,10.5465,10.56883,10.54255,10.56606
2022-09-12 01:15:00,10.56623,10.5874,10.56469,10.57961
2022-09-12 01:30:00,10.5796,10.58518,10.57723,10.57913
2022-09-12 01:45:00,10.57911,10.58156,10.57631,10.5815
2022-09-12 02:00:00,10.58143,10.58709,10.5767,10.58653
2022-09-12 02:15:00,10.58684,10.5881,10.57947,10.57965
2022-09-12 02:30:00,10.57957,10.58355,10.57601,10.57723
2022-09-12 02:45:00,10.57727,10.58198,10.57385,10.58022
2022-09-12 03:00:00,10.58024,10.59172,10.57484,10.58967
2022-09-12 03:15:00,10.58968,10.59008,10.58496,10.58662
2022-09-12 03:30:00,10.58663,10.58785,10.57942,10.58129
2022-09-12 03:45:00,10.58134,10.58174,10.57654,10.58018
2022-09-12 04:00:00,10.58015,10.58238,10.57539,10.57812
2022-09-12 04:15:00,10.57842,10.5796,10.56663,10.56953
2022-09-12 04:30:00,10.56952,10.57028,10.56046,10.56156
2022-09-12 04:45:00,10.56144,10.56504,10.55942,10.56008
2022-09-12 05:00:00,10.55994,10.56152,10.55587,10.55643
2022-09-12 05:15:00,10.55645,10.55876,10.55551,10.55768
2022-09-12 05:30:00,10.55757,10.56975,10.55707,10.56646
2022-09-12 05:45:00,10.56649,10.58245,10.56552,10.57899
2022-09-12 06:00:00,10.57905,10.5843,10.57856,10.58226
2022-09-12 06:15:00,10.58229,10.58231,10.57322,10.57594
2022-09-12 06:30:00,10.57582,10.58875,10.57527,10.58285
2022-09-12 06:45:00,10.58278,10.59064,10.58167,10.58924
2022-09-12 07:00:00,10.58908,10.5927,10.58825,10.59034
2022-09-12 07:15:00,10.59028,10.59593,10.58969,10.59456
2022-09-12 07:30:00,10.59488,10.59563,10.5885,10.58939
2022-09-12 07:45:00,10.5891,10.59183,10.58761,10.59015
2022-09-12 08:00:00,10.59037,10.59092,10.584,10.58618
2022-09-12 08:15:00,10.58606,10.58901,10.57962,10.58101
2022-09-12 08:30:00,10.5811,10.58735,10.57848,10.5791
2022-09-12 08:45:00,10.57856,10.58262,10.56512,10.56722
2022-09-12 09:00:00,10.56762,10.5794,10.5669,10.57821
2022-09-12 09:15:00,10.57827,10.57935,10.56761,10.56933
2022-09-12 09:30:00,10.56932,10.57001,10.55438,10.55888
2022-09-12 09:45:00,10.55886,10.55886,10.5188,10.52153
2022-09-12 10:00:00,10.52135,10.52926,10.48384,10.49877
2022-09-12 10:15:00,10.499,10.50249,10.4693,10.47163
2022-09-12 10:30:00,10.47154,10.47229,10.45882,10.46861
2022-09-12 10:45:00,10.4686,10.48191,10.4672,10.47411
2022-09-12 11:00:00,10.47386,10.48163,10.46625,10.47205
2022-09-12 11:15:00,10.47196,10.47321,10.44738,10.45128
2022-09-12 11:30:00,10.4509,10.4509,10.43627,10.44693
2022-09-12 11:45:00,10.44684,10.45721,10.44354,10.44402
2022-09-12 12:00:00,10.44418,10.45825,10.44233,10.4469
2022-09-12 12:15:00,10.44679,10.4605,10.44629,10.45282
2022-09-12 12:30:00,10.45286,10.46115,10.45286,10.45927
2022-09-12 12:45:00,10.45925,10.47556,10.45861,10.47437
2022-09-12 13:00:00,10.47474,10.49551,10.47368,10.48613
2022-09-12 13:15:00,10.48654,10.49925,10.48544,10.49438
2022-09-12 13:30:00,10.49438,10.49913,10.4861,10.4878
2022-09-12 13:45:00,10.48771,10.49159,10.48006,10.48688
2022-09-12 14:00:00,10.4871,10.49141,10.48031,10.48984
2022-09-12 14:15:00,10.48983,10.49342,10.48714,10.48926
2022-09-12 14:30:00,10.4893,10.49511,10.4826,10.48334
2022-09-12 14:45:00,10.48333,10.49008,10.48046,10.48394
2022-09-12 15:00:00,10.48379,10.48592,10.46354,10.47314
2022-09-12 15:15:00,10.47315,10.49344,10.4723,10.49337
2022-09-12 15:30:00,10.49352,10.49383,10.47884,10.48555
2022-09-12 15:45:00,10.4855,10.49035,10.47309,10.47668
2022-09-12 16:00:00,10.47617,10.48832,10.47286,10.47777
2022-09-12 16:15:00,10.47787,10.50249,10.47777,10.4885
2022-09-12 16:30:00,10.48841,10.50949,10.48493,10.49645
2022-09-12 16:45:00,10.49644,10.49684,10.47852,10.47861
2022-09-12 17:00:00,10.47867,10.48277,10.46318,10.46573
2022-09-12 17:15:00,10.46561,10.48007,10.4641,10.47925
2022-09-12 17:30:00,10.47913,10.48823,10.47824,10.48631
2022-09-12 17:45:00,10.48615,10.48615,10.47793,10.4829
2022-09-12 18:00:00,10.48272,10.48367,10.46742,10.46747
2022-09-12 18:15:00,10.46786,10.48201,10.4665,10.47459
2022-09-12 18:30:00,10.474,10.48818,10.47188,10.48605
2022-09-12 18:45:00,10.48592,10.49709,10.47766,10.49139
2022-09-12 19:00:00,10.49132,10.49162,10.47753,10.47768
2022-09-12 19:15:00,10.47769,10.49216,10.47513,10.48705
2022-09-12 19:30:00,10.48698,10.48747,10.47729,10.47988
2022-09-12 19:45:00,10.47982,10.48102,10.46876,10.46978
2022-09-12 20:00:00,10.46968,10.47778,10.46867,10.47699
2022-09-12 20:15:00,10.47695,10.47999,10.4752,10.47809
2022-09-12 20:30:00,10.47808,10.47808,10.46988,10.47353
2022-09-12 20:45:00,10.47351,10.47776,10.47056,10.47442
2022-09-12 21:00:00,10.47438,10.48943,10.47399,10.48371
2022-09-12 21:15:00,10.48373,10.49726,10.48365,10.49618
2022-09-12 21:30:00,10.49617,10.49898,10.49327,10.49783
2022-09-12 21:45:00,10.49785,10.4986,10.49112,10.49543
2022-09-12 22:00:00,10.49547,10.49899,10.4928,10.49777
2022-09-12 22:15:00,10.49767,10.50267,10.49708,10.5015
2022-09-12 22:30:00,10.50134,10.50159,10.49115,10.49228
2022-09-12 22:45:00,10.49232,10.5009,10.49075,10.49782
2022-09-12 23:00:00,10.49752,10.49774,10.49067,10.49274
2022-09-12 23:15:00,10.49275,10.49301,10.48843,10.48906
2022-09-12 23:30:00,10.48908,10.48908,10.48698,10.48755
2022-09-12 23:45:00,10.48753,10.48794,10.47642,10.47776
2022-09-13 00:00:00,10.47316,10.48066,10.4719,10.47818
2022-09-13 00:15:00,10.47819,10.4821,10.46989,10.47508
2022-09-13 00:30:00,10.47532,10.47808,10.47523,10.47632
2022-09-13 00:45:00,10.47667,10.48197,10.4762,10.48075
2022-09-13 01:00:00,10.48086,10.48389,10.47962,10.48357
2022-09-13 01:15:00,10.48358,10.48397,10.48084,10.48088
2022-09-13 01:30:00,10.4809,10.48261,10.48046,10.48129
2022-09-13 01:45:00,10.48107,10.48226,10.48013,10.48057
2022-09-13 02:00:00,10.48059,10.4816,10.47897,10.48146
2022-09-13 02:15:00,10.48143,10.4816,10.47847,10.48102
2022-09-13 02:30:00,10.48087,10.48158,10.47461,10.47549
2022-09-13 02:45:00,10.47576,10.47671,10.47468,10.4758
2022-09-13 03:00:00,10.47591,10.47738,10.45606,10.46306
2022-09-13 03:15:00,10.46297,10.47286,10.46228,10.47109
2022-09-13 03:30:00,10.47105,10.47188,10.4651,10.46853
2022-09-13 03:45:00,10.46843,10.47389,10.4653,10.47282
2022-09-13 04:00:00,10.47283,10.47608,10.47013,10.47579
2022-09-13 04:15:00,10.47587,10.48577,10.47384,10.48515
2022-09-13 04:30:00,10.48525,10.48589,10.47872,10.47997
2022-09-13 04:45:00,10.47994,10.4808,10.47501,10.47578
2022-09-13 05:00:00,10.47594,10.48341,10.47594,10.48252
2022-09-13 05:15:00,10.48253,10.49087,10.48157,10.48613
2022-09-13 05:30:00,10.48612,10.48792,10.48054,10.4808
2022-09-13 05:45:00,10.48073,10.48201,10.47719,10.4798
2022-09-13 06:00:00,10.47981,10.48386,10.47638,10.47686
2022-09-13 06:15:00,10.47687,10.47845,10.47184,10.47449
2022-09-13 06:30:00,10.47451,10.4816,10.47433,10.48159
2022-09-13 06:45:00,10.48183,10.48183,10.47485,10.47689
2022-09-13 07:00:00,10.47633,10.47893,10.4744,10.47668
2022-09-13 07:15:00,10.47669,10.47694,10.47461,10.47626
2022-09-13 07:30:00,10.47624,10.48615,10.4742,10.48525
2022-09-13 07:45:00,10.48527,10.4855,10.47666,10.47881
2022-09-13 08:00:00,10.47857,10.48119,10.47191,10.4723
2022-09-13 08:15:00,10.47234,10.47242,10.46455,10.46616
2022-09-13 08:30:00,10.46611,10.4784,10.4655,10.4784
2022-09-13 08:45:00,10.47839,10.48103,10.47199,10.47229
2022-09-13 09:00:00,10.47165,10.4754,10.45685,10.45922
2022-09-13 09:15:00,10.45939,10.4632,10.45388,10.46277
2022-09-13 09:30:00,10.46251,10.47106,10.46028,10.46376
2022-09-13 09:45:00,10.46382,10.47338,10.46378,10.46765
2022-09-13 10:00:00,10.46809,10.48008,10.45013,10.4762
2022-09-13 10:15:00,10.47602,10.47868,10.45544,10.45549
2022-09-13 10:30:00,10.45545,10.46507,10.4516,10.4624
2022-09-13 10:45:00,10.46227,10.46566,10.45565,10.45565
2022-09-13 11:00:00,10.45536,10.46163,10.45396,10.45588
2022-09-13 11:15:00,10.45609,10.46917,10.45324,10.4648
2022-09-13 11:30:00,10.46496,10.4668,10.44549,10.44602
2022-09-13 11:45:00,10.44631,10.45242,10.44286,10.44652
2022-09-13 12:00:00,10.44663,10.46137,10.44053,10.45781
2022-09-13 12:15:00,10.45779,10.45937,10.43872,10.43877
2022-09-13 12:30:00,10.43871,10.43949,10.42955,10.4324
2022-09-13 12:45:00,10.43249,10.43755,10.42984,10.43207
2022-09-13 13:00:00,10.43205,10.43466,10.42884,10.42975
2022-09-13 13:15:00,10.42979,10.43276,10.42418,10.43127
2022-09-13 13:30:00,10.43125,10.43395,10.4182,10.4227
2022-09-13 13:45:00,10.42271,10.4231,10.41431,10.41535
2022-09-13 14:00:00,10.41536,10.42311,10.41485,10.41625
2022-09-13 14:15:00,10.41626,10.43089,10.41207,10.43018
2022-09-13 14:30:00,10.43023,10.43879,10.4296,10.43449
2022-09-13 14:45:00,10.43437,10.43604,10.43002,10.43294
2022-09-13 15:00:00,10.43297,10.43689,10.42138,10.42632
2022-09-13 15:15:00,10.42658,10.43158,10.41526,10.42154
2022-09-13 15:30:00,10.42195,10.56953,10.42123,10.56099
2022-09-13 15:45:00,10.56139,10.6059,10.54844,10.59736
2022-09-13 16:00:00,10.5985,10.63616,10.5978,10.6277
2022-09-13 16:15:00,10.62749,10.62916,10.60152,10.61436
2022-09-13 16:30:00,10.61411,10.62166,10.59777,10.60401
2022-09-13 16:45:00,10.60419,10.60538,10.57858,10.59386
2022-09-13 17:00:00,10.59365,10.61486,10.59089,10.59283
2022-09-13 17:15:00,10.59263,10.60933,10.58459,10.59959
2022-09-13 17:30:00,10.59961,10.62183,10.5996,10.61832
2022-09-13 17:45:00,10.61842,10.63063,10.61649,10.62766
2022-09-13 18:00:00,10.62726,10.64478,10.62431,10.6427
2022-09-13 18:15:00,10.64284,10.65286,10.63712,10.64774
2022-09-13 18:30:00,10.64803,10.64864,10.63382,10.63735
2022-09-13 18:45:00,10.63768,10.64779,10.63524,10.64731
2022-09-13 19:00:00,10.64744,10.65725,10.63819,10.64065
2022-09-13 19:15:00,10.64089,10.65901,10.63752,10.6562
2022-09-13 19:30:00,10.65608,10.66083,10.65088,10.65375
2022-09-13 19:45:00,10.65373,10.66374,10.65007,10.65108
2022-09-13 20:00:00,10.6511,10.65615,10.64005,10.64694
2022-09-13 20:15:00,10.64701,10.64961,10.63997,10.64321
2022-09-13 20:30:00,10.6432,10.66529,10.64214,10.66245
2022-09-13 20:45:00,10.66244,10.67001,10.66117,10.66527
2022-09-13 21:00:00,10.66486,10.67299,10.66125,10.66757
2022-09-13 21:15:00,10.66738,10.67236,10.66092,10.66713
2022-09-13 21:30:00,10.66702,10.67575,10.66485,10.67513
2022-09-13 21:45:00,10.67511,10.69067,10.6732,10.6778
2022-09-13 22:00:00,10.67777,10.68761,10.67321,10.68497
2022-09-13 22:15:00,10.68498,10.68532,10.67994,10.68207
2022-09-13 22:30:00,10.68204,10.69414,10.68112,10.69322
2022-09-13 22:45:00,10.69329,10.69674,10.68969,10.69301
2022-09-13 23:00:00,10.69309,10.69374,10.68931,10.6905
2022-09-13 23:15:00,10.69049,10.69301,10.68895,10.69214
2022-09-13 23:30:00,10.69213,10.69292,10.68851,10.68875
2022-09-13 23:45:00,10.68879,10.70086,10.68133,10.68133
2022-09-14 00:00:00,10.68133,10.6944,10.67333,10.6931
2022-09-14 00:15:00,10.69299,10.69708,10.69204,10.69708
2022-09-14 00:30:00,10.6971,10.6971,10.69305,10.69442
2022-09-14 00:45:00,10.69443,10.70083,10.69443,10.69934
2022-09-14 01:00:00,10.69944,10.71213,10.6975,10.70718
2022-09-14 01:15:00,10.70719,10.70719,10.68792,10.69227
2022-09-14 01:30:00,10.6923,10.69867,10.6923,10.69547
2022-09-14 01:45:00,10.69548,10.69687,10.69461,10.69687
2022-09-14 02:00:00,10.69686,10.70261,10.69669,10.69979
2022-09-14 02:15:00,10.6998,10.70114,10.69467,10.69585
2022-09-14 02:30:00,10.69583,10.69656,10.68651,10.68752
2022-09-14 02:45:00,10.68742,10.68927,10.68217,10.6859
2022-09-14 03:00:00,10.6867,10.69435,10.68208,10.68915
2022-09-14 03:15:00,10.68914,10.70109,10.68636,10.68803
2022-09-14 03:30:00,10.68794,10.70019,10.68629,10.69267
2022-09-14 03:45:00,10.69268,10.697,10.68999,10.69362
2022-09-14 04:00:00,10.69361,10.70131,10.68986,10.6981
2022-09-14 04:15:00,10.69811,10.70127,10.69129,10.69181
2022-09-14 04:30:00,10.69183,10.69856,10.68844,10.68886
2022-09-14 04:45:00,10.68883,10.69119,10.67951,10.6854
2022-09-14 05:00:00,10.68539,10.68593,10.66844,10.6689
2022-09-14 05:15:00,10.66918,10.67273,10.66765,10.6723
2022-09-14 05:30:00,10.67231,10.67773,10.67157,10.67397
2022-09-14 05:45:00,10.67401,10.67619,10.67192,10.67396
2022-09-14 06:00:00,10.67369,10.67744,10.67104,10.67679
2022-09-14 06:15:00,10.67678,10.68004,10.67426,10.67606
2022-09-14 06:30:00,10.67606,10.67839,10.67133,10.67639
2022-09-14 06:45:00,10.67634,10.67775,10.67354,10.67514
2022-09-14 07:00:00,10.67457,10.67477,10.66796,10.67189
2022-09-14 07:15:00,10.67193,10.67588,10.67153,10.67476
2022-09-14 07:30:00,10.67474,10.67499,10.6616,10.66821
2022-09-14 07:45:00,10.66825,10.67474,10.66442,10.66771
2022-09-14 08:00:00,10.668,10.67073,10.65349,10.65839
2022-09-14 08:15:00,10.65844,10.66339,10.65366,10.66026
2022-09-14 08:30:00,10.66029,10.6678,10.65606,10.66767
2022-09-14 08:45:00,10.66818,10.67491,10.66631,10.66729
2022-09-14 09:00:00,10.667,10.68829,10.66398,10.68325
2022-09-14 09:15:00,10.68324,10.69685,10.68283,10.68283
2022-09-14 09:30:00,10.6834,10.69635,10.66883,10.69405
2022-09-14 09:45:00,10.69386,10.69861,10.68224,10.69152
2022-09-14 10:00:00,10.69142,10.69264,10.65873,10.67047
2022-09-14 10:15:00,10.67077,10.68667,10.65528,10.68609
2022-09-14 10:30:00,10.68596,10.68754,10.66375,10.66461
2022-09-14 10:45:00,10.66521,10.66767,10.64959,10.66049
2022-09-14 11:00:00,10.66053,10.66832,10.64056,10.64516
2022-09-14 11:15:00,10.64526,10.64987,10.6326,10.64778
2022-09-14 11:30:00,10.64761,10.64783,10.62499,10.64
2022-09-14 11:45:00,10.63982,10.65771,10.63937,10.65084
2022-09-14 12:00:00,10.65086,10.67188,10.64383,10.65388
2022-09-14 12:15:00,10.65392,10.65989,10.63915,10.63989
2022-09-14 12:30:00,10.64,10.64071,10.62495,10.63071
2022-09-14 12:45:00,10.63076,10.64406,10.62712,10.62827
2022-09-14 13:00:00,10.62842,10.63716,10.62432,10.62577
2022-09-14 13:15:00,10.62605,10.63332,10.61791,10.6292
2022-09-14 13:30:00,10.62894,10.63845,10.62537,10.63779
2022-09-14 13:45:00,10.63771,10.6459,10.63532,10.64567
2022-09-14 14:00:00,10.64549,10.65034,10.64223,10.64633
2022-09-14 14:15:00,10.64635,10.67596,10.64615,10.67193
2022-09-14 14:30:00,10.67182,10.67748,10.66415,10.67589
2022-09-14 14:45:00,10.67539,10.68585,10.66941,10.68403
2022-09-14 15:00:00,10.68433,10.68548,10.66829,10.68357
2022-09-14 15:15:00,10.68367,10.69059,10.66915,10.66915
2022-09-14 15:30:00,10.66926,10.68791,10.65564,10.66102
2022-09-14 15:45:00,10.66174,10.67281,10.65363,10.67011
2022-09-14 16:00:00,10.67097,10.67659,10.65799,10.66317
2022-09-14 16:15:00,10.66316,10.67905,10.6626,10.67535
2022-09-14 16:30:00,10.67523,10.68202,10.66394,10.66778
2022-09-14 16:45:00,10.66743,10.67872,10.66283,10.67232
2022-09-14 17:00:00,10.67237,10.69361,10.66959,10.693
2022-09-14 17:15:00,10.69226,10.70644,10.68749,10.70559
2022-09-14 17:30:00,10.70547,10.70664,10.68078,10.68314
2022-09-14 17:45:00,10.68316,10.68916,10.66791,10.67407
2022-09-14 18:00:00,10.67288,10.6789,10.66887,10.67861
2022-09-14 18:15:00,10.67862,10.68774,10.67378,10.68738
2022-09-14 18:30:00,10.68748,10.69969,10.67926,10.68674
2022-09-14 18:45:00,10.6867,10.69117,10.68156,10.68682
2022-09-14 19:00:00,10.68671,10.69388,10.68029,10.68047
2022-09-14 19:15:00,10.68072,10.68888,10.67767,10.68422
2022-09-14 19:30:00,10.68421,10.68537,10.66965,10.67025
2022-09-14 19:45:00,10.67026,10.68249,10.66851,10.6802
2022-09-14 20:00:00,10.6801,10.68584,10.67854,10.68159
2022-09-14 20:15:00,10.6817,10.6843,10.67751,10.68402
2022-09-14 20:30:00,10.68395,10.6853,10.68178,10.68475
2022-09-14 20:45:00,10.68483,10.70024,10.68422,10.69867
2022-09-14 21:00:00,10.69871,10.70566,10.69611,10.70087
2022-09-14 21:15:00,10.70096,10.70445,10.69785,10.70189
2022-09-14 21:30:00,10.70173,10.70179,10.69403,10.69796
2022-09-14 21:45:00,10.69792,10.70454,10.69791,10.70321
2022-09-14 22:00:00,10.70341,10.70961,10.70296,10.70961
2022-09-14 22:15:00,10.70962,10.71652,10.70882,10.71425
2022-09-14 22:30:00,10.71426,10.71861,10.70722,10.70837
2022-09-14 22:45:00,10.70859,10.70984,10.70103,10.70131
2022-09-14 23:00:00,10.70129,10.70363,10.69052,10.69763
2022-09-14 23:15:00,10.69756,10.70303,10.6942,10.69559
2022-09-14 23:30:00,10.69552,10.70207,10.6931,10.69537
2022-09-14 23:45:00,10.69536,10.70138,10.65897,10.68137
2022-09-15 00:00:00,10.68133,10.68133,10.63543,10.6641
2022-09-15 00:15:00,10.66409,10.67705,10.64808,10.67619
2022-09-15 00:30:00,10.67247,10.68284,10.66388,10.67736
2022-09-15 00:45:00,10.68005,10.68428,10.67052,10.6738
2022-09-15 01:00:00,10.67444,10.68899,10.67319,10.68678
2022-09-15 01:15:00,10.68681,10.69078,10.68589,10.68907
2022-09-15 01:30:00,10.68912,10.68951,10.67137,10.67884
2022-09-15 01:45:00,10.68184,10.68189,10.67654,10.68131
2022-09-15 02:00:00,10.68124,10.68654,10.68,10.68461
2022-09-15 02:15:00,10.6846,10.68513,10.68161,10.68423
2022-09-15 02:30:00,10.68388,10.68537,10.6803,10.68468
2022-09-15 02:45:00,10.6847,10.69158,10.68385,10.69117
2022-09-15 03:00:00,10.6912,10.70737,10.6912,10.70713
2022-09-15 03:15:00,10.70714,10.7078,10.70149,10.70384
2022-09-15 03:30:00,10.70333,10.70907,10.70307,10.70679
2022-09-15 03:45:00,10.70685,10.70849,10.7038,10.70495
2022-09-15 04:00:00,10.70499,10.71195,10.70487,10.70876
2022-09-15 04:15:00,10.70875,10.71086,10.70657,10.71064
2022-09-15 04:30:00,10.71063,10.71387,10.70302,10.70607
2022-09-15 04:45:00,10.70611,10.70778,10.70028,10.70106
2022-09-15 05:00:00,10.70126,10.70164,10.67679,10.69442
2022-09-15 05:15:00,10.69432,10.70162,10.69078,10.69101
2022-09-15 05:30:00,10.69083,10.69314,10.68662,10.69016
2022-09-15 05:45:00,10.69045,10.69413,10.68891,10.6928
2022-09-15 06:00:00,10.69282,10.70744,10.6922,10.69823
2022-09-15 06:15:00,10.69843,10.70703,10.69843,10.70377
2022-09-15 06:30:00,10.70393,10.70682,10.69943,10.70165
2022-09-15 06:45:00,10.70164,10.70547,10.70018,10.70306
2022-09-15 07:00:00,10.70315,10.70402,10.69936,10.7011
2022-09-15 07:15:00,10.70106,10.70718,10.69919,10.70197
2022-09-15 07:30:00,10.70219,10.70262,10.69285,10.69823
2022-09-15 07:45:00,10.69824,10.71562,10.69728,10.7153
2022-09-15 08:00:00,10.71529,10.72086,10.70925,10.71026
2022-09-15 08:15:00,10.71095,10.721,10.71024,10.72021
2022-09-15 08:30:00,10.7203,10.72666,10.71827,10.72131
2022-09-15 08:45:00,10.72131,10.72485,10.71577,10.72222
2022-09-15 09:00:00,10.72203,10.73029,10.71819,10.72123
2022-09-15 09:15:00,10.7214,10.73068,10.72019,10.72043
2022-09-15 09:30:00,10.72045,10.72652,10.71735,10.72561
2022-09-15 09:45:00,10.72441,10.73606,10.72184,10.73148
2022-09-15 10:00:00,10.73158,10.73552,10.72392,10.72594
2022-09-15 10:15:00,10.72588,10.72696,10.71541,10.7199
2022-09-15 10:30:00,10.71978,10.71978,10.70761,10.71771
2022-09-15 10:45:00,10.71848,10.71915,10.71052,10.71506
2022-09-15 11:00:00,10.71522,10.72055,10.71107,10.7138
2022-09-15 11:15:00,10.71383,10.72487,10.71267,10.71585
2022-09-15 11:30:00,10.71574,10.71886,10.70666,10.71052
2022-09-15 11:45:00,10.71054,10.71418,10.69497,10.69699
2022-09-15 12:00:00,10.69704,10.70604,10.69174,10.69886
2022-09-15 12:15:00,10.69878,10.70308,10.68898,10.69226
2022-09-15 12:30:00,10.69224,10.69224,10.68121,10.68738
2022-09-15 12:45:00,10.68737,10.68821,10.67294,10.67831
2022-09-15 13:00:00,10.6783,10.68744,10.6759,10.68705
2022-09-15 13:15:00,10.68682,10.69561,10.68539,10.69431
2022-09-15 13:30:00,10.69432,10.72008,10.69432,10.71583
2022-09-15 13:45:00,10.71585,10.71731,10.69848,10.70387
2022-09-15 14:00:00,10.70383,10.71341,10.69928,10.70174
2022-09-15 14:15:00,10.70197,10.7064,10.69321,10.69374
2022-09-15 14:30:00,10.69372,10.69601,10.68666,10.69207
2022-09-15 14:45:00,10.69174,10.70139,10.68411,10.69968
2022-09-15 15:00:00,10.69989,10.70541,10.6955,10.69791
2022-09-15 15:15:00,10.69807,10.71624,10.69772,10.71381
2022-09-15 15:30:00,10.7137,10.71521,10.68103,10.68273
2022-09-15 15:45:00,10.68261,10.68976,10.66816,10.67922
2022-09-15 16:00:00,10.67909,10.69202,10.66851,10.68242
2022-09-15 16:15:00,10.68239,10.71053,10.67707,10.70858
2022-09-15 16:30:00,10.70866,10.71565,10.6919,10.6958
2022-09-15 16:45:00,10.69566,10.70406,10.68434,10.68916
2022-09-15 17:00:00,10.68923,10.69492,10.67781,10.68579
2022-09-15 17:15:00,10.6858,10.71217,10.68122,10.7106
2022-09-15 17:30:00,10.71061,10.71496,10.69594,10.69879
2022-09-15 17:45:00,10.69783,10.71457,10.69637,10.70905
2022-09-15 18:00:00,10.70903,10.71712,10.70143,10.71462
2022-09-15 18:15:00,10.71464,10.71964,10.70886,10.71753
2022-09-15 18:30:00,10.71747,10.71866,10.71356,10.71811
2022-09-15 18:45:00,10.71808,10.72995,10.71466,10.72796
2022-09-15 19:00:00,10.72795,10.74331,10.72623,10.73437
2022-09-15 19:15:00,10.73425,10.73596,10.71623,10.7246
2022-09-15 19:30:00,10.72475,10.72944,10.71667,10.72197
2022-09-15 19:45:00,10.72196,10.72342,10.71305,10.71305
2022-09-15 20:00:00,10.7123,10.7149,10.69436,10.70264
2022-09-15 20:15:00,10.70247,10.70454,10.69965,10.7027
2022-09-15 20:30:00,10.70271,10.71217,10.70082,10.71141
2022-09-15 20:45:00,10.71142,10.72361,10.70984,10.72257
2022-09-15 21:00:00,10.72258,10.73388,10.72207,10.72307
2022-09-15 21:15:00,10.72297,10.72763,10.72239,10.72301
2022-09-15 21:30:00,10.72299,10.72336,10.71692,10.71899
2022-09-15 21:45:00,10.71902,10.73427,10.71884,10.72942
2022-09-15 22:00:00,10.72949,10.73392,10.72589,10.73212
2022-09-15 22:15:00,10.73216,10.73686,10.72873,10.73492
2022-09-15 22:30:00,10.735,10.73655,10.72703,10.72881
2022-09-15 22:45:00,10.72885,10.73073,10.72164,10.72774
2022-09-15 23:00:00,10.72778,10.72816,10.7196,10.72535
2022-09-15 23:15:00,10.72555,10.72979,10.72491,10.72553
2022-09-15 23:30:00,10.72554,10.72633,10.72435,10.72478
2022-09-15 23:45:00,10.72488,10.73844,10.72444,10.73234
2022-09-16 00:00:00,10.71506,10.73036,10.71067,10.72592
2022-09-16 00:15:00,10.72591,10.72886,10.72213,10.72548
2022-09-16 00:30:00,10.72567,10.72824,10.72362,10.72532
2022-09-16 00:45:00,10.72534,10.72816,10.72409,10.72779
2022-09-16 01:00:00,10.72806,10.73762,10.72625,10.733
2022-09-16 01:15:00,10.73301,10.73409,10.73028,10.73335
2022-09-16 01:30:00,10.73334,10.73632,10.73253,10.73576
2022-09-16 01:45:00,10.73574,10.73763,10.73342,10.73403
2022-09-16 02:00:00,10.73402,10.73768,10.7334,10.73751
2022-09-16 02:15:00,10.73753,10.74237,10.73696,10.74093
2022-09-16 02:30:00,10.74091,10.74193,10.73868,10.74156
2022-09-16 02:45:00,10.74095,10.74314,10.74095,10.74232
2022-09-16 03:00:00,10.74207,10.74356,10.73013,10.73325
2022-09-16 03:15:00,10.73339,10.73565,10.71871,10.72289
2022-09-16 03:30:00,10.72297,10.72495,10.71362,10.71441
2022-09-16 03:45:00,10.7144,10.72115,10.7139,10.72025
2022-09-16 04:00:00,10.72013,10.72161,10.70971,10.71156
2022-09-16 04:15:00,10.71157,10.71978,10.71094,10.71972
2022-09-16 04:30:00,10.71969,10.7264,10.71815,10.72369
2022-09-16 04:45:00,10.72368,10.73096,10.72196,10.73026
2022-09-16 05:00:00,10.73027,10.73278,10.72805,10.72817
2022-09-16 05:15:00,10.72819,10.73171,10.72483,10.73082
2022-09-16 05:30:00,10.73081,10.73112,10.72585,10.72959
2022-09-16 05:45:00,10.72958,10.73131,10.72389,10.72487
2022-09-16 06:00:00,10.72488,10.72784,10.72311,10.72599
2022-09-16 06:15:00,10.72592,10.72759,10.71848,10.71927
2022-09-16 06:30:00,10.71932,10.72729,10.71708,10.72679
2022-09-16 06:45:00,10.72678,10.7326,10.72544,10.73208
2022-09-16 07:00:00,10.73193,10.73284,10.72395,10.73017
2022-09-16 07:15:00,10.73016,10.73066,10.72561,10.72799
2022-09-16 07:30:00,10.72788,10.72811,10.72439,10.72682
2022-09-16 07:45:00,10.72684,10.73303,10.72667,10.73074
2022-09-16 08:00:00,10.73085,10.7389,10.72736,10.73788
2022-09-16 08:15:00,10.73782,10.7457,10.73746,10.74125
2022-09-16 08:30:00,10.74127,10.74627,10.73854,10.74533
2022-09-16 08:45:00,10.74531,10.7527,10.74267,10.74944
2022-09-16 09:00:00,10.74923,10.7541,10.742,10.74911
2022-09-16 09:15:00,10.74908,10.7528,10.73314,10.74442
2022-09-16 09:30:00,10.74381,10.75284,10.7414,10.74536
2022-09-16 09:45:00,10.7453,10.75569,10.74482,10.74884
2022-09-16 10:00:00,10.74877,10.75173,10.72669,10.73046
2022-09-16 10:15:00,10.7303,10.7499,10.7252,10.74687
2022-09-16 10:30:00,10.74682,10.77193,10.742,10.76902
2022-09-16 10:45:00,10.76923,10.79944,10.76923,10.78448
2022-09-16 11:00:00,10.78436,10.79072,10.7702,10.7887
2022-09-16 11:15:00,10.78871,10.79901,10.7857,10.79208
2022-09-16 11:30:00,10.79245,10.80122,10.78675,10.79971
2022-09-16 11:45:00,10.79958,10.81119,10.79685,10.80052
2022-09-16 12:00:00,10.8004,10.8004,10.7793,10.78755
2022-09-16 12:15:00,10.78767,10.79169,10.77499,10.77575
2022-09-16 12:30:00,10.77574,10.77713,10.76639,10.7768
2022-09-16 12:45:00,10.77686,10.79285,10.77667,10.7928
2022-09-16 13:00:00,10.7926,10.7926,10.78144,10.78674
2022-09-16 13:15:00,10.78697,10.78843,10.77825,10.77897
2022-09-16 13:30:00,10.77898,10.77904,10.75885,10.7604
2022-09-16 13:45:00,10.76048,10.76492,10.75468,10.75811
2022-09-16 14:00:00,10.75802,10.77706,10.7561,10.77607
2022-09-16 14:15:00,10.77666,10.78634,10.76387,10.76472
2022-09-16 14:30:00,10.76466,10.77989,10.76464,10.77771
2022-09-16 14:45:00,10.77742,10.78762,10.77681,10.78605
2022-09-16 15:00:00,10.78588,10.80431,10.78446,10.80324
2022-09-16 15:15:00,10.80322,10.80968,10.79469,10.80374
2022-09-16 15:30:00,10.80354,10.80829,10.79508,10.80539
2022-09-16 15:45:00,10.80542,10.81965,10.80248,10.81846
2022-09-16 16:00:00,10.81841,10.82102,10.80128,10.80306
2022-09-16 16:15:00,10.80289,10.81227,10.79809,10.80005
2022-09-16 16:30:00,10.80031,10.80926,10.79615,10.8068
2022-09-16 16:45:00,10.80677,10.82006,10.80408,10.80708
2022-09-16 17:00:00,10.80721,10.80989,10.76296,10.77147
2022-09-16 17:15:00,10.77131,10.78487,10.76882,10.77236
2022-09-16 17:30:00,10.77233,10.77238,10.74632,10.75162
2022-09-16 17:45:00,10.75158,10.7616,10.73133,10.73952
2022-09-16 18:00:00,10.73931,10.75973,10.7352,10.75973
2022-09-16 18:15:00,10.75953,10.75998,10.73914,10.75784
2022-09-16 18:30:00,10.75796,10.78349,10.75506,10.78349
2022-09-16 18:45:00,10.78347,10.78451,10.7642,10.76732
2022-09-16 19:00:00,10.76774,10.77389,10.75466,10.77002
2022-09-16 19:15:00,10.77004,10.78289,10.76735,10.78162
2022-09-16 19:30:00,10.78161,10.78473,10.77667,10.78119
2022-09-16 19:45:00,10.78123,10.78388,10.77766,10.77782
2022-09-16 20:00:00,10.77781,10.78778,10.77698,10.77885
2022-09-16 20:15:00,10.77887,10.78585,10.7733,10.77707
2022-09-16 20:30:00,10.77689,10.78296,10.76843,10.77629
2022-09-16 20:45:00,10.77628,10.7893,10.77628,10.78826
2022-09-16 21:00:00,10.78806,10.78878,10.78337,10.78489
2022-09-16 21:15:00,10.78492,10.78561,10.77105,10.77349
2022-09-16 21:30:00,10.77346,10.7771,10.76651,10.77026
2022-09-16 21:45:00,10.77037,10.7713,10.76084,10.76501
2022-09-16 22:00:00,10.76526,10.76619,10.75548,10.76152
2022-09-16 22:15:00,10.76155,10.76846,10.75685,10.76294
2022-09-16 22:30:00,10.76297,10.77086,10.74641,10.7543
2022-09-16 22:45:00,10.75454,10.76497,10.69065,10.74733
2022-09-16 23:00:00,10.74767,10.75897,10.73851,10.74829
2022-09-16 23:15:00,10.74827,10.75943,10.74738,10.75544
2022-09-16 23:30:00,10.75555,10.75957,10.75484,10.75744
2022-09-16 23:45:00,10.75746,10.76668,10.71555,10.7276
