time,Open,High,Low,Close
2025-04-01 07:00:00+07:00,1821.88,1826.72,1819.27,1821.89
2025-04-01 07:15:00+07:00,1821.94,1829.71,1820.45,1826.77
2025-04-01 07:30:00+07:00,1826.74,1829.16,1822.78,1825.34
2025-04-01 07:45:00+07:00,1825.3,1842.28,1817.23,1831.37
2025-04-01 08:00:00+07:00,1831.41,1832.7,1820.52,1825.43
2025-04-01 08:15:00+07:00,1825.43,1828.61,1822.81,1827.67
2025-04-01 08:30:00+07:00,1827.7,1828.61,1821.14,1821.93
2025-04-01 08:45:00+07:00,1821.95,1827.93,1821.95,1825.86
2025-04-01 09:00:00+07:00,1825.85,1830.66,1823.74,1830.66
2025-04-01 09:15:00+07:00,1830.67,1834.72,1830.01,1831.09
2025-04-01 09:30:00+07:00,1831.08,1835.52,1828.95,1834.56
2025-04-01 09:45:00+07:00,1834.56,1838.97,1833.78,1838.86
2025-04-01 10:00:00+07:00,1838.85,1840.73,1836.35,1839.14
2025-04-01 10:15:00+07:00,1839.11,1840.18,1833.77,1833.94
2025-04-01 10:30:00+07:00,1833.94,1838.04,1833.27,1834.6
2025-04-01 10:45:00+07:00,1834.59,1837.09,1832.5,1834.49
2025-04-01 11:00:00+07:00,1834.45,1836.36,1831.77,1833.36
2025-04-01 11:15:00+07:00,1833.37,1837.47,1831.54,1836.2
2025-04-01 11:30:00+07:00,1836.21,1840.15,1834.78,1838.59
2025-04-01 11:45:00+07:00,1838.59,1839.29,1836.8,1837.77
2025-04-01 12:00:00+07:00,1837.78,1842.47,1836.21,1842.42
2025-04-01 12:15:00+07:00,1842.39,1849.85,1842.02,1847.1
2025-04-01 12:30:00+07:00,1847.13,1848.76,1842.63,1842.76
2025-04-01 12:45:00+07:00,1842.77,1843.39,1840.0,1841.04
2025-04-01 13:00:00+07:00,1841.03,1843.96,1838.84,1843.81
2025-04-01 13:15:00+07:00,1843.8,1847.9,1843.47,1847.38
2025-04-01 13:30:00+07:00,1847.36,1866.94,1846.78,1861.13
2025-04-01 13:45:00+07:00,1861.13,1862.37,1855.9,1857.13
2025-04-01 14:00:00+07:00,1857.22,1862.21,1855.27,1858.14
2025-04-01 14:15:00+07:00,1858.22,1858.36,1853.45,1856.26
2025-04-01 14:30:00+07:00,1856.27,1857.61,1851.85,1854.35
2025-04-01 14:45:00+07:00,1854.41,1855.98,1852.2,1853.66
2025-04-01 15:00:00+07:00,1853.65,1861.33,1853.34,1861.31
2025-04-01 15:15:00+07:00,1861.26,1884.54,1861.26,1883.92
2025-04-01 15:30:00+07:00,1883.9,1891.88,1876.3,1881.09
2025-04-01 15:45:00+07:00,1881.14,1888.13,1880.44,1883.65
2025-04-01 16:00:00+07:00,1883.68,1889.34,1881.8,1882.69
2025-04-01 16:15:00+07:00,1882.7,1884.32,1877.37,1880.46
2025-04-01 16:30:00+07:00,1880.45,1884.74,1879.37,1883.5
2025-04-01 16:45:00+07:00,1883.5,1886.43,1881.68,1884.85
2025-04-01 17:00:00+07:00,1884.87,1885.48,1878.19,1879.8
2025-04-01 17:15:00+07:00,1879.81,1884.27,1878.71,1879.63
2025-04-01 17:30:00+07:00,1879.59,1879.93,1872.77,1875.43
2025-04-01 17:45:00+07:00,1875.35,1879.79,1871.8,1872.84
2025-04-01 18:00:00+07:00,1872.82,1873.22,1864.89,1868.07
2025-04-01 18:15:00+07:00,1868.13,1871.33,1866.4,1868.3
2025-04-01 18:30:00+07:00,1868.25,1868.79,1855.99,1860.21
2025-04-01 18:45:00+07:00,1860.2,1863.26,1859.19,1861.72
2025-04-01 19:00:00+07:00,1861.73,1869.73,1861.73,1869.2
2025-04-01 19:15:00+07:00,1869.2,1870.23,1863.23,1868.61
2025-04-01 19:30:00+07:00,1868.6,1869.25,1860.34,1862.84
2025-04-01 19:45:00+07:00,1862.8,1866.39,1858.92,1865.09
2025-04-01 20:00:00+07:00,1865.13,1871.9,1863.19,1868.97
2025-04-01 20:15:00+07:00,1868.94,1874.0,1866.19,1873.19
2025-04-01 20:30:00+07:00,1873.2,1878.31,1863.44,1874.52
2025-04-01 20:45:00+07:00,1874.5,1881.09,1868.92,1872.72
2025-04-01 21:00:00+07:00,1872.14,1874.62,1844.59,1849.61
2025-04-01 21:15:00+07:00,1849.66,1859.01,1841.68,1856.48
2025-04-01 21:30:00+07:00,1856.47,1875.2,1855.56,1870.57
2025-04-01 21:45:00+07:00,1870.56,1888.43,1867.76,1881.88
2025-04-01 22:00:00+07:00,1881.88,1910.41,1881.83,1903.68
2025-04-01 22:15:00+07:00,1903.62,1927.24,1899.82,1910.28
2025-04-01 22:30:00+07:00,1910.26,1920.77,1908.38,1919.75
2025-04-01 22:45:00+07:00,1919.79,1927.42,1917.21,1918.1
2025-04-01 23:00:00+07:00,1918.1,1923.93,1913.6,1915.17
2025-04-01 23:15:00+07:00,1915.2,1920.02,1910.82,1913.24
2025-04-01 23:30:00+07:00,1913.25,1917.86,1907.88,1908.63
2025-04-01 23:45:00+07:00,1908.66,1916.92,1906.9,1915.37
2025-04-02 00:00:00+07:00,1915.36,1919.85,1913.3,1918.33
2025-04-02 00:15:00+07:00,1918.32,1920.92,1914.1,1915.92
2025-04-02 00:30:00+07:00,1915.91,1919.05,1914.3,1916.27
2025-04-02 00:45:00+07:00,1916.26,1922.53,1914.39,1914.92
2025-04-02 01:00:00+07:00,1914.93,1915.38,1904.2,1906.05
2025-04-02 01:15:00+07:00,1906.06,1910.08,1900.84,1909.14
2025-04-02 01:30:00+07:00,1909.11,1911.32,1906.27,1909.41
2025-04-02 01:45:00+07:00,1909.38,1909.44,1901.85,1907.87
2025-04-02 02:00:00+07:00,1907.87,1909.08,1902.84,1907.03
2025-04-02 02:15:00+07:00,1907.02,1908.99,1902.58,1904.26
2025-04-02 02:30:00+07:00,1904.25,1906.61,1902.5,1906.31
2025-04-02 02:45:00+07:00,1906.31,1910.94,1905.27,1909.48
2025-04-02 03:00:00+07:00,1909.48,1910.1,1904.55,1908.72
2025-04-02 03:15:00+07:00,1908.72,1912.74,1900.4,1902.03
2025-04-02 03:30:00+07:00,1902.01,1907.84,1896.33,1905.32
2025-04-02 03:45:00+07:00,1905.33,1915.18,1905.01,1912.49
2025-04-02 04:00:00+07:00,1912.52,1916.7,1908.27,1914.05
2025-04-02 04:15:00+07:00,1914.04,1916.43,1912.97,1914.47
2025-04-02 04:30:00+07:00,1914.47,1922.29,1911.26,1917.62
2025-04-02 04:45:00+07:00,1917.68,1917.68,1912.04,1914.53
2025-04-02 05:00:00+07:00,1914.54,1917.02,1911.2,1915.89
2025-04-02 05:15:00+07:00,1915.87,1917.4,1913.08,1916.37
2025-04-02 05:30:00+07:00,1916.41,1919.59,1914.61,1914.78
2025-04-02 05:45:00+07:00,1914.79,1916.33,1910.51,1911.33
2025-04-02 06:00:00+07:00,1911.34,1912.45,1904.22,1904.87
2025-04-02 06:15:00+07:00,1904.87,1910.93,1904.87,1910.38
2025-04-02 06:30:00+07:00,1910.36,1914.73,1908.36,1909.67
2025-04-02 06:45:00+07:00,1909.66,1909.66,1904.29,1904.58
2025-04-02 07:00:00+07:00,1904.6,1907.99,1900.61,1900.61
2025-04-02 07:15:00+07:00,1900.61,1904.77,1896.55,1897.28
2025-04-02 07:30:00+07:00,1897.29,1900.24,1891.84,1893.97
2025-04-02 07:45:00+07:00,1893.98,1896.78,1886.25,1889.34
2025-04-02 08:00:00+07:00,1889.31,1892.25,1882.25,1884.27
2025-04-02 08:15:00+07:00,1884.27,1888.22,1882.91,1885.22
2025-04-02 08:30:00+07:00,1885.25,1896.08,1884.21,1892.38
2025-04-02 08:45:00+07:00,1892.36,1893.7,1888.4,1892.05
2025-04-02 09:00:00+07:00,1892.07,1892.77,1875.75,1877.03
2025-04-02 09:15:00+07:00,1877.04,1881.59,1871.6,1881.02
2025-04-02 09:30:00+07:00,1881.0,1883.89,1877.37,1878.34
2025-04-02 09:45:00+07:00,1878.29,1883.12,1877.52,1877.9
2025-04-02 10:00:00+07:00,1877.84,1884.84,1876.97,1883.85
2025-04-02 10:15:00+07:00,1883.86,1886.69,1880.65,1883.1
2025-04-02 10:30:00+07:00,1883.12,1883.37,1875.75,1879.79
2025-04-02 10:45:00+07:00,1879.74,1880.02,1874.78,1875.66
2025-04-02 11:00:00+07:00,1875.58,1881.94,1875.05,1880.96
2025-04-02 11:15:00+07:00,1880.95,1882.58,1878.94,1880.94
2025-04-02 11:30:00+07:00,1880.92,1880.92,1876.51,1876.92
2025-04-02 11:45:00+07:00,1876.93,1879.98,1875.04,1878.47
2025-04-02 12:00:00+07:00,1878.48,1878.68,1863.4,1866.62
2025-04-02 12:15:00+07:00,1866.57,1866.79,1854.1,1856.21
2025-04-02 12:30:00+07:00,1856.22,1862.58,1854.38,1860.41
2025-04-02 12:45:00+07:00,1860.41,1863.96,1854.6,1855.33
2025-04-02 13:00:00+07:00,1855.26,1859.66,1854.12,1857.52
2025-04-02 13:15:00+07:00,1857.5,1861.64,1851.04,1856.02
2025-04-02 13:30:00+07:00,1856.05,1862.0,1852.04,1861.22
2025-04-02 13:45:00+07:00,1861.23,1861.23,1852.98,1853.23
2025-04-02 14:00:00+07:00,1853.25,1856.97,1851.76,1855.43
2025-04-02 14:15:00+07:00,1855.42,1861.85,1853.78,1856.53
2025-04-02 14:30:00+07:00,1856.54,1864.22,1855.53,1859.33
2025-04-02 14:45:00+07:00,1859.31,1866.15,1858.66,1864.4
2025-04-02 15:00:00+07:00,1864.4,1866.67,1862.27,1864.9
2025-04-02 15:15:00+07:00,1864.88,1869.77,1861.91,1868.31
2025-04-02 15:30:00+07:00,1868.3,1875.59,1867.48,1871.72
2025-04-02 15:45:00+07:00,1871.7,1872.98,1866.2,1867.26
2025-04-02 16:00:00+07:00,1867.18,1887.63,1865.64,1884.44
2025-04-02 16:15:00+07:00,1884.41,1885.54,1874.4,1878.94
2025-04-02 16:30:00+07:00,1878.95,1882.12,1876.27,1876.88
2025-04-02 16:45:00+07:00,1876.87,1880.71,1875.24,1878.74
2025-04-02 17:00:00+07:00,1878.71,1884.14,1876.42,1880.39
2025-04-02 17:15:00+07:00,1880.39,1887.08,1878.59,1879.19
2025-04-02 17:30:00+07:00,1879.2,1879.23,1872.08,1874.78
2025-04-02 17:45:00+07:00,1874.79,1876.87,1870.21,1872.16
2025-04-02 18:00:00+07:00,1872.17,1877.88,1871.23,1874.81
2025-04-02 18:15:00+07:00,1874.81,1877.83,1872.8,1872.9
2025-04-02 18:30:00+07:00,1872.86,1874.29,1869.26,1871.64
2025-04-02 18:45:00+07:00,1871.64,1872.92,1867.51,1868.25
2025-04-02 19:00:00+07:00,1868.26,1870.27,1859.89,1865.56
2025-04-02 19:15:00+07:00,1865.55,1866.34,1857.68,1858.15
2025-04-02 19:30:00+07:00,1858.16,1867.94,1857.78,1867.36
2025-04-02 19:45:00+07:00,1867.34,1872.91,1863.9,1871.58
2025-04-02 20:00:00+07:00,1871.6,1871.6,1860.73,1861.26
2025-04-02 20:15:00+07:00,1861.26,1863.59,1857.48,1858.49
2025-04-02 20:30:00+07:00,1858.5,1876.85,1853.49,1872.6
2025-04-02 20:45:00+07:00,1872.63,1892.21,1870.2,1870.58
2025-04-02 21:00:00+07:00,1870.55,1881.06,1857.19,1863.36
2025-04-02 21:15:00+07:00,1863.39,1872.99,1860.81,1871.14
2025-04-02 21:30:00+07:00,1871.12,1876.02,1863.99,1870.91
2025-04-02 21:45:00+07:00,1870.95,1877.45,1868.74,1875.11
2025-04-02 22:00:00+07:00,1875.12,1894.4,1873.59,1881.22
2025-04-02 22:15:00+07:00,1881.17,1892.64,1880.79,1890.01
2025-04-02 22:30:00+07:00,1890.02,1916.41,1889.79,1914.28
2025-04-02 22:45:00+07:00,1914.26,1918.53,1892.99,1900.41
2025-04-02 23:00:00+07:00,1900.45,1905.42,1894.58,1901.64
2025-04-02 23:15:00+07:00,1901.65,1907.52,1901.09,1907.29
2025-04-02 23:30:00+07:00,1907.3,1909.47,1897.47,1902.49
2025-04-02 23:45:00+07:00,1902.5,1907.26,1898.69,1902.41
2025-04-03 00:00:00+07:00,1902.42,1913.52,1901.36,1911.01
2025-04-03 00:15:00+07:00,1911.03,1911.41,1897.29,1897.29
2025-04-03 00:30:00+07:00,1897.27,1898.25,1883.69,1888.5
2025-04-03 00:45:00+07:00,1888.46,1894.29,1881.68,1892.08
2025-04-03 01:00:00+07:00,1892.07,1897.19,1887.75,1891.85
2025-04-03 01:15:00+07:00,1891.82,1894.99,1888.49,1888.9
2025-04-03 01:30:00+07:00,1888.89,1904.18,1888.45,1901.23
2025-04-03 01:45:00+07:00,1901.22,1904.0,1897.28,1897.57
2025-04-03 02:00:00+07:00,1897.59,1901.81,1897.32,1898.99
2025-04-03 02:15:00+07:00,1899.01,1901.31,1892.67,1900.18
2025-04-03 02:30:00+07:00,1900.12,1906.31,1897.09,1905.72
2025-04-03 02:45:00+07:00,1905.73,1915.74,1905.4,1910.99
2025-04-03 03:00:00+07:00,1911.0,1943.68,1881.49,1933.87
2025-04-03 03:15:00+07:00,1933.71,1956.16,1875.02,1897.93
2025-04-03 03:30:00+07:00,1897.82,1904.06,1865.1,1870.39
2025-04-03 03:45:00+07:00,1870.32,1884.12,1867.14,1880.37
2025-04-03 04:00:00+07:00,1880.4,1884.15,1854.26,1860.29
2025-04-03 04:15:00+07:00,1860.25,1878.48,1857.15,1863.03
2025-04-03 04:30:00+07:00,1862.99,1870.98,1859.92,1869.37
2025-04-03 04:45:00+07:00,1869.33,1869.36,1859.06,1866.73
2025-04-03 05:00:00+07:00,1866.7,1866.7,1829.39,1836.41
2025-04-03 05:15:00+07:00,1836.39,1836.39,1816.1,1824.01
2025-04-03 05:30:00+07:00,1824.02,1825.13,1792.72,1794.49
2025-04-03 05:45:00+07:00,1794.5,1807.05,1788.16,1797.31
2025-04-03 06:00:00+07:00,1797.28,1797.28,1780.88,1794.64
2025-04-03 06:15:00+07:00,1794.66,1797.4,1781.63,1797.14
2025-04-03 06:30:00+07:00,1797.2,1802.11,1794.43,1801.46
2025-04-03 06:45:00+07:00,1801.45,1801.45,1791.83,1794.42
2025-04-03 07:00:00+07:00,1794.41,1811.18,1788.29,1806.91
2025-04-03 07:15:00+07:00,1806.92,1819.53,1803.41,1811.1
2025-04-03 07:30:00+07:00,1811.1,1826.98,1810.77,1820.0
2025-04-03 07:45:00+07:00,1819.99,1821.82,1811.24,1820.02
2025-04-03 08:00:00+07:00,1820.03,1823.22,1813.66,1821.27
2025-04-03 08:15:00+07:00,1821.23,1826.23,1818.37,1825.27
2025-04-03 08:30:00+07:00,1825.33,1827.37,1820.77,1825.62
2025-04-03 08:45:00+07:00,1825.63,1834.44,1825.12,1825.67
2025-04-03 09:00:00+07:00,1825.7,1830.99,1822.49,1826.64
2025-04-03 09:15:00+07:00,1826.56,1827.85,1817.67,1823.85
2025-04-03 09:30:00+07:00,1823.79,1828.59,1818.77,1822.94
2025-04-03 09:45:00+07:00,1822.99,1832.42,1822.35,1829.73
2025-04-03 10:00:00+07:00,1829.74,1830.22,1821.7,1822.67
2025-04-03 10:15:00+07:00,1822.65,1828.56,1822.31,1825.6
2025-04-03 10:30:00+07:00,1825.59,1828.7,1818.93,1819.62
2025-04-03 10:45:00+07:00,1819.66,1825.32,1819.66,1824.03
2025-04-03 11:00:00+07:00,1824.04,1830.16,1822.17,1826.16
2025-04-03 11:15:00+07:00,1826.17,1827.51,1823.77,1824.6
2025-04-03 11:30:00+07:00,1824.56,1842.21,1823.4,1841.75
2025-04-03 11:45:00+07:00,1841.72,1844.98,1833.99,1835.01
2025-04-03 12:00:00+07:00,1835.02,1840.05,1834.34,1835.66
2025-04-03 12:15:00+07:00,1835.67,1835.88,1830.55,1833.05
2025-04-03 12:30:00+07:00,1833.09,1833.43,1826.27,1829.22
2025-04-03 12:45:00+07:00,1829.14,1829.14,1820.58,1821.24
2025-04-03 13:00:00+07:00,1821.26,1825.2,1819.88,1823.52
2025-04-03 13:15:00+07:00,1823.5,1827.37,1819.93,1826.08
2025-04-03 13:30:00+07:00,1826.08,1827.22,1821.03,1822.88
2025-04-03 13:45:00+07:00,1822.87,1826.16,1813.3,1816.83
2025-04-03 14:00:00+07:00,1816.87,1821.75,1811.1,1812.54
2025-04-03 14:15:00+07:00,1812.52,1821.13,1806.51,1819.44
2025-04-03 14:30:00+07:00,1819.46,1820.1,1808.32,1811.35
2025-04-03 14:45:00+07:00,1811.39,1816.75,1808.0,1814.74
2025-04-03 15:00:00+07:00,1814.72,1823.16,1814.11,1819.82
2025-04-03 15:15:00+07:00,1819.81,1822.06,1816.7,1817.42
2025-04-03 15:30:00+07:00,1817.41,1823.79,1816.84,1821.78
2025-04-03 15:45:00+07:00,1821.79,1822.46,1818.13,1820.89
2025-04-03 16:00:00+07:00,1820.93,1822.77,1816.73,1817.19
2025-04-03 16:15:00+07:00,1817.18,1820.31,1815.28,1816.39
2025-04-03 16:30:00+07:00,1816.41,1821.16,1816.41,1820.05
2025-04-03 16:45:00+07:00,1820.02,1820.02,1808.63,1810.87
2025-04-03 17:00:00+07:00,1810.86,1817.04,1808.76,1811.9
2025-04-03 17:15:00+07:00,1811.91,1813.75,1797.82,1799.94
2025-04-03 17:30:00+07:00,1799.91,1803.3,1789.38,1798.58
2025-04-03 17:45:00+07:00,1798.58,1802.17,1790.39,1792.75
2025-04-03 18:00:00+07:00,1792.75,1802.08,1786.36,1801.24
2025-04-03 18:15:00+07:00,1801.21,1802.06,1792.43,1796.07
2025-04-03 18:30:00+07:00,1796.06,1799.44,1791.81,1798.27
2025-04-03 18:45:00+07:00,1798.28,1798.98,1792.5,1794.72
2025-04-03 19:00:00+07:00,1794.71,1800.07,1790.21,1798.11
2025-04-03 19:15:00+07:00,1798.1,1798.1,1785.66,1788.12
2025-04-03 19:30:00+07:00,1788.13,1795.18,1759.99,1767.26
2025-04-03 19:45:00+07:00,1767.35,1776.01,1748.25,1758.88
2025-04-03 20:00:00+07:00,1758.86,1767.7,1755.31,1762.33
2025-04-03 20:15:00+07:00,1762.29,1772.56,1761.11,1771.88
2025-04-03 20:30:00+07:00,1771.9,1791.25,1770.49,1783.32
2025-04-03 20:45:00+07:00,1783.3,1789.24,1779.07,1783.52
2025-04-03 21:00:00+07:00,1783.47,1784.48,1760.44,1764.28
2025-04-03 21:15:00+07:00,1764.32,1779.54,1764.29,1778.21
2025-04-03 21:30:00+07:00,1778.17,1780.2,1763.44,1766.51
2025-04-03 21:45:00+07:00,1766.69,1767.16,1750.7,1757.5
2025-04-03 22:00:00+07:00,1757.36,1769.13,1754.52,1764.03
2025-04-03 22:15:00+07:00,1764.03,1776.4,1763.88,1771.62
2025-04-03 22:30:00+07:00,1771.57,1779.45,1771.2,1779.02
2025-04-03 22:45:00+07:00,1778.99,1782.18,1771.99,1781.84
2025-04-03 23:00:00+07:00,1781.79,1790.27,1779.54,1785.05
2025-04-03 23:15:00+07:00,1784.99,1789.1,1781.7,1787.45
2025-04-03 23:30:00+07:00,1787.46,1789.46,1776.96,1780.25
2025-04-03 23:45:00+07:00,1780.24,1780.77,1770.17,1772.71
2025-04-04 00:00:00+07:00,1772.75,1778.77,1772.16,1774.48
2025-04-04 00:15:00+07:00,1774.46,1775.68,1766.63,1770.57
2025-04-04 00:30:00+07:00,1770.56,1780.98,1767.71,1780.26
2025-04-04 00:45:00+07:00,1780.25,1782.1,1774.32,1775.64
2025-04-04 01:00:00+07:00,1775.59,1778.01,1770.2,1771.28
2025-04-04 01:15:00+07:00,1771.27,1776.55,1769.51,1773.3
2025-04-04 01:30:00+07:00,1773.28,1787.55,1770.87,1785.98
2025-04-04 01:45:00+07:00,1786.1,1798.61,1782.72,1787.87
2025-04-04 02:00:00+07:00,1787.88,1794.59,1785.99,1790.2
2025-04-04 02:15:00+07:00,1790.21,1790.98,1782.08,1782.64
2025-04-04 02:30:00+07:00,1782.62,1790.75,1781.9,1790.75
2025-04-04 02:45:00+07:00,1790.74,1790.79,1783.25,1786.69
2025-04-04 03:00:00+07:00,1786.75,1787.67,1782.73,1786.69
2025-04-04 03:15:00+07:00,1786.73,1788.33,1779.96,1780.59
2025-04-04 03:30:00+07:00,1780.62,1790.33,1779.02,1789.84
2025-04-04 03:45:00+07:00,1789.85,1802.79,1789.85,1798.53
2025-04-04 04:00:00+07:00,1798.54,1807.27,1795.58,1799.57
2025-04-04 04:15:00+07:00,1799.59,1805.43,1797.44,1800.48
2025-04-04 04:30:00+07:00,1800.46,1802.88,1798.44,1800.01
2025-04-04 04:45:00+07:00,1800.01,1818.35,1798.95,1811.79
2025-04-04 05:00:00+07:00,1811.84,1814.7,1805.74,1808.74
2025-04-04 05:15:00+07:00,1808.73,1811.37,1804.98,1808.06
2025-04-04 05:30:00+07:00,1808.06,1815.84,1808.06,1811.11
2025-04-04 05:45:00+07:00,1811.08,1813.05,1808.35,1810.65
2025-04-04 06:00:00+07:00,1810.64,1815.52,1802.61,1805.51
2025-04-04 06:15:00+07:00,1805.5,1811.53,1802.89,1811.03
2025-04-04 06:30:00+07:00,1811.05,1817.71,1810.87,1813.57
2025-04-04 06:45:00+07:00,1813.55,1821.52,1813.04,1816.68
2025-04-04 07:00:00+07:00,1816.8,1820.43,1813.71,1816.08
2025-04-04 07:15:00+07:00,1816.07,1822.83,1814.59,1821.27
2025-04-04 07:30:00+07:00,1821.24,1822.37,1815.04,1816.52
2025-04-04 07:45:00+07:00,1816.51,1816.97,1808.14,1810.0
2025-04-04 08:00:00+07:00,1810.01,1814.23,1808.34,1813.43
2025-04-04 08:15:00+07:00,1813.42,1817.93,1811.57,1812.58
2025-04-04 08:30:00+07:00,1812.55,1812.67,1808.43,1811.04
2025-04-04 08:45:00+07:00,1811.03,1812.47,1770.64,1782.22
2025-04-04 09:00:00+07:00,1782.24,1799.81,1782.24,1798.65
2025-04-04 09:15:00+07:00,1798.59,1803.12,1792.63,1793.75
2025-04-04 09:30:00+07:00,1793.74,1795.87,1789.57,1793.45
2025-04-04 09:45:00+07:00,1793.45,1798.58,1785.6,1788.59
2025-04-04 10:00:00+07:00,1788.53,1790.39,1781.93,1788.86
2025-04-04 10:15:00+07:00,1788.86,1796.38,1785.56,1795.12
2025-04-04 10:30:00+07:00,1795.15,1795.75,1786.13,1789.71
2025-04-04 10:45:00+07:00,1789.7,1793.55,1788.47,1792.4
2025-04-04 11:00:00+07:00,1792.43,1793.32,1786.54,1787.11
2025-04-04 11:15:00+07:00,1787.13,1790.4,1783.4,1789.6
2025-04-04 11:30:00+07:00,1789.61,1792.33,1787.06,1787.35
2025-04-04 11:45:00+07:00,1787.35,1790.01,1784.9,1787.27
2025-04-04 12:00:00+07:00,1787.29,1793.58,1783.58,1792.24
2025-04-04 12:15:00+07:00,1792.23,1799.54,1792.02,1797.82
2025-04-04 12:30:00+07:00,1797.78,1803.56,1796.58,1802.78
2025-04-04 12:45:00+07:00,1802.76,1805.97,1799.69,1805.48
2025-04-04 13:00:00+07:00,1805.46,1808.04,1802.98,1805.17
2025-04-04 13:15:00+07:00,1805.16,1807.07,1802.2,1806.86
2025-04-04 13:30:00+07:00,1806.82,1806.82,1798.57,1800.83
2025-04-04 13:45:00+07:00,1800.84,1802.55,1799.34,1799.34
2025-04-04 14:00:00+07:00,1799.33,1816.5,1799.14,1815.02
2025-04-04 14:15:00+07:00,1815.05,1817.13,1810.36,1813.43
2025-04-04 14:30:00+07:00,1813.44,1815.74,1809.98,1814.3
2025-04-04 14:45:00+07:00,1814.32,1821.3,1814.32,1817.16
2025-04-04 15:00:00+07:00,1817.19,1822.18,1814.06,1820.81
2025-04-04 15:15:00+07:00,1820.79,1835.13,1820.69,1827.19
2025-04-04 15:30:00+07:00,1827.17,1830.64,1824.82,1827.75
2025-04-04 15:45:00+07:00,1827.74,1831.32,1826.99,1827.58
2025-04-04 16:00:00+07:00,1827.6,1829.49,1822.89,1825.91
2025-04-04 16:15:00+07:00,1825.92,1829.78,1823.69,1824.3
2025-04-04 16:30:00+07:00,1824.31,1830.17,1822.33,1828.63
2025-04-04 16:45:00+07:00,1828.63,1832.8,1827.12,1828.82
2025-04-04 17:00:00+07:00,1828.89,1831.69,1809.38,1812.94
2025-04-04 17:15:00+07:00,1812.98,1815.05,1790.68,1793.28
2025-04-04 17:30:00+07:00,1793.26,1800.87,1787.79,1788.28
2025-04-04 17:45:00+07:00,1788.26,1792.83,1780.17,1783.21
2025-04-04 18:00:00+07:00,1783.19,1787.39,1776.37,1779.3
2025-04-04 18:15:00+07:00,1779.29,1784.99,1763.58,1766.75
2025-04-04 18:30:00+07:00,1766.77,1777.95,1757.92,1766.72
2025-04-04 18:45:00+07:00,1766.69,1784.36,1766.51,1783.49
2025-04-04 19:00:00+07:00,1783.45,1783.45,1776.24,1780.43
2025-04-04 19:15:00+07:00,1780.41,1784.32,1772.97,1777.07
2025-04-04 19:30:00+07:00,1777.09,1800.87,1768.6,1780.31
2025-04-04 19:45:00+07:00,1780.29,1788.09,1776.0,1788.09
2025-04-04 20:00:00+07:00,1788.05,1799.43,1782.56,1785.66
2025-04-04 20:15:00+07:00,1785.65,1788.15,1779.02,1779.15
2025-04-04 20:30:00+07:00,1779.22,1788.48,1771.53,1776.56
2025-04-04 20:45:00+07:00,1776.55,1808.76,1773.89,1801.69
2025-04-04 21:00:00+07:00,1801.67,1805.17,1785.81,1792.79
2025-04-04 21:15:00+07:00,1792.76,1797.75,1783.03,1786.46
2025-04-04 21:30:00+07:00,1786.45,1791.7,1781.02,1784.69
2025-04-04 21:45:00+07:00,1784.68,1793.31,1775.33,1789.74
2025-04-04 22:00:00+07:00,1789.69,1815.24,1788.62,1812.63
2025-04-04 22:15:00+07:00,1812.62,1820.46,1800.86,1802.42
2025-04-04 22:30:00+07:00,1802.55,1807.05,1787.03,1791.94
2025-04-04 22:45:00+07:00,1791.94,1803.97,1787.57,1794.73
2025-04-04 23:00:00+07:00,1794.78,1803.62,1791.6,1800.28
2025-04-04 23:15:00+07:00,1800.36,1801.37,1782.46,1789.75
2025-04-04 23:30:00+07:00,1789.74,1796.59,1786.36,1789.65
2025-04-04 23:45:00+07:00,1789.66,1800.92,1786.39,1797.19
2025-04-05 00:00:00+07:00,1797.16,1802.1,1789.98,1791.89
2025-04-05 00:15:00+07:00,1791.85,1802.88,1787.36,1800.03
2025-04-05 00:30:00+07:00,1799.98,1819.34,1796.5,1813.13
2025-04-05 00:45:00+07:00,1813.1,1828.52,1810.92,1820.76
2025-04-05 01:00:00+07:00,1820.74,1822.83,1812.24,1814.0
2025-04-05 01:15:00+07:00,1813.96,1815.34,1807.87,1810.59
2025-04-05 01:30:00+07:00,1810.6,1813.03,1805.77,1807.11
2025-04-05 01:45:00+07:00,1807.07,1813.24,1804.26,1805.97
2025-04-05 02:00:00+07:00,1805.96,1813.64,1801.45,1812.38
2025-04-05 02:15:00+07:00,1812.4,1815.17,1806.28,1810.45
2025-04-05 02:30:00+07:00,1810.42,1814.57,1807.74,1813.01
2025-04-05 02:45:00+07:00,1812.96,1814.49,1809.1,1809.62
2025-04-05 03:00:00+07:00,1809.53,1813.04,1808.38,1809.94
2025-04-05 03:15:00+07:00,1809.93,1810.88,1806.97,1809.94
2025-04-05 03:30:00+07:00,1809.96,1819.77,1809.35,1818.63
2025-04-05 03:45:00+07:00,1818.64,1822.59,1816.7,1818.43
2025-04-05 04:00:00+07:00,1818.43,1823.03,1815.62,1820.24
2025-04-05 04:15:00+07:00,1820.25,1821.11,1817.16,1818.79
2025-04-05 04:30:00+07:00,1818.79,1822.95,1812.31,1822.49
2025-04-05 04:45:00+07:00,1822.51,1827.35,1816.75,1817.62
2025-04-05 05:00:00+07:00,1817.64,1820.68,1815.27,1819.76
2025-04-05 05:15:00+07:00,1819.75,1826.04,1818.82,1823.51
2025-04-05 05:30:00+07:00,1823.5,1823.9,1817.7,1820.98
2025-04-05 05:45:00+07:00,1820.99,1821.01,1818.46,1818.65
2025-04-05 06:00:00+07:00,1818.69,1819.53,1812.14,1812.81
2025-04-05 06:15:00+07:00,1812.84,1814.23,1808.95,1809.43
2025-04-05 06:30:00+07:00,1809.39,1812.7,1809.39,1812.19
2025-04-05 06:45:00+07:00,1812.2,1816.73,1812.2,1816.34
2025-04-05 07:00:00+07:00,1816.36,1816.76,1811.85,1814.29
2025-04-05 07:15:00+07:00,1814.3,1819.34,1814.3,1817.24
2025-04-05 07:30:00+07:00,1817.24,1817.63,1813.15,1814.39
2025-04-05 07:45:00+07:00,1814.38,1824.65,1814.29,1822.39
2025-04-05 08:00:00+07:00,1822.38,1824.27,1819.57,1820.06
2025-04-05 08:15:00+07:00,1820.09,1826.97,1820.09,1824.9
2025-04-05 08:30:00+07:00,1824.91,1825.85,1821.76,1822.32
2025-04-05 08:45:00+07:00,1822.33,1822.46,1818.56,1819.04
2025-04-05 09:00:00+07:00,1819.04,1821.02,1815.15,1816.59
2025-04-05 09:15:00+07:00,1816.6,1818.02,1813.72,1813.93
2025-04-05 09:30:00+07:00,1813.94,1819.96,1812.44,1819.85
2025-04-05 09:45:00+07:00,1819.85,1819.85,1814.02,1815.25
2025-04-05 10:00:00+07:00,1815.24,1815.95,1811.36,1811.54
2025-04-05 10:15:00+07:00,1811.53,1814.91,1808.64,1809.41
2025-04-05 10:30:00+07:00,1809.41,1812.41,1809.0,1811.9
2025-04-05 10:45:00+07:00,1811.9,1812.96,1809.36,1809.4
2025-04-05 11:00:00+07:00,1809.39,1814.45,1809.39,1813.84
2025-04-05 11:15:00+07:00,1813.82,1815.26,1812.08,1815.06
2025-04-05 11:30:00+07:00,1814.97,1815.36,1811.4,1811.4
2025-04-05 11:45:00+07:00,1811.4,1811.4,1806.86,1807.77
2025-04-05 12:00:00+07:00,1807.75,1810.88,1806.41,1810.36
2025-04-05 12:15:00+07:00,1810.36,1814.89,1809.84,1814.27
2025-04-05 12:30:00+07:00,1814.27,1814.94,1810.38,1810.87
2025-04-05 12:45:00+07:00,1810.86,1811.32,1809.44,1809.44
2025-04-05 13:00:00+07:00,1809.42,1812.42,1809.0,1812.23
2025-04-05 13:15:00+07:00,1812.23,1813.33,1810.69,1811.13
2025-04-05 13:30:00+07:00,1811.12,1811.23,1806.83,1807.25
2025-04-05 13:45:00+07:00,1807.26,1809.37,1803.51,1809.04
2025-04-05 14:00:00+07:00,1809.04,1810.53,1806.71,1807.41
2025-04-05 14:15:00+07:00,1807.41,1811.06,1806.47,1811.06
2025-04-05 14:30:00+07:00,1811.07,1811.82,1808.83,1811.51
2025-04-05 14:45:00+07:00,1811.55,1814.15,1811.43,1812.75
2025-04-05 15:00:00+07:00,1812.76,1814.42,1810.8,1810.87
2025-04-05 15:15:00+07:00,1810.88,1813.21,1809.45,1810.9
2025-04-05 15:30:00+07:00,1810.87,1813.18,1809.71,1812.74
2025-04-05 15:45:00+07:00,1812.73,1814.77,1811.87,1813.38
2025-04-05 16:00:00+07:00,1813.39,1818.45,1813.39,1817.59
2025-04-05 16:15:00+07:00,1817.58,1818.79,1815.96,1818.0
2025-04-05 16:30:00+07:00,1818.04,1820.16,1815.6,1819.49
2025-04-05 16:45:00+07:00,1819.48,1821.66,1818.96,1820.29
2025-04-05 17:00:00+07:00,1820.32,1821.09,1816.91,1819.81
2025-04-05 17:15:00+07:00,1819.84,1819.99,1815.96,1817.58
2025-04-05 17:30:00+07:00,1817.56,1819.61,1816.31,1816.45
2025-04-05 17:45:00+07:00,1816.47,1819.1,1815.68,1817.63
2025-04-05 18:00:00+07:00,1817.65,1818.91,1808.38,1809.23
2025-04-05 18:15:00+07:00,1809.3,1812.14,1808.75,1810.31
2025-04-05 18:30:00+07:00,1810.29,1811.28,1805.97,1809.09
2025-04-05 18:45:00+07:00,1809.06,1809.87,1806.43,1806.96
2025-04-05 19:00:00+07:00,1806.98,1807.92,1803.42,1804.02
2025-04-05 19:15:00+07:00,1804.04,1807.43,1800.97,1803.13
2025-04-05 19:30:00+07:00,1803.1,1804.58,1793.83,1796.44
2025-04-05 19:45:00+07:00,1796.42,1797.34,1791.98,1797.34
2025-04-05 20:00:00+07:00,1797.34,1798.25,1791.1,1791.94
2025-04-05 20:15:00+07:00,1792.02,1792.13,1784.57,1788.31
2025-04-05 20:30:00+07:00,1788.3,1790.94,1783.52,1785.25
2025-04-05 20:45:00+07:00,1785.23,1787.02,1782.47,1786.62
2025-04-05 21:00:00+07:00,1786.6,1794.56,1785.76,1790.21
2025-04-05 21:15:00+07:00,1790.26,1790.53,1785.78,1788.36
2025-04-05 21:30:00+07:00,1788.35,1793.71,1786.94,1790.8
2025-04-05 21:45:00+07:00,1790.78,1793.68,1789.17,1790.48
2025-04-05 22:00:00+07:00,1790.46,1790.46,1785.84,1786.67
2025-04-05 22:15:00+07:00,1786.68,1788.99,1784.0,1785.57
2025-04-05 22:30:00+07:00,1785.53,1786.22,1777.46,1778.71
2025-04-05 22:45:00+07:00,1778.67,1782.48,1777.64,1781.47
2025-04-05 23:00:00+07:00,1781.47,1785.23,1779.71,1785.23
2025-04-05 23:15:00+07:00,1785.21,1787.22,1781.28,1784.25
2025-04-05 23:30:00+07:00,1784.27,1787.98,1784.27,1786.08
2025-04-05 23:45:00+07:00,1786.1,1786.54,1782.11,1784.29
2025-04-06 00:00:00+07:00,1784.3,1785.16,1781.92,1783.88
2025-04-06 00:15:00+07:00,1783.89,1787.68,1783.89,1787.65
2025-04-06 00:30:00+07:00,1787.65,1789.59,1786.25,1788.72
2025-04-06 00:45:00+07:00,1788.73,1789.66,1786.96,1787.03
2025-04-06 01:00:00+07:00,1787.02,1793.67,1786.49,1792.97
2025-04-06 01:15:00+07:00,1792.98,1794.08,1789.61,1789.68
2025-04-06 01:30:00+07:00,1789.7,1792.89,1788.93,1792.25
2025-04-06 01:45:00+07:00,1792.27,1793.68,1791.29,1792.64
2025-04-06 02:00:00+07:00,1792.65,1795.11,1791.34,1792.02
2025-04-06 02:15:00+07:00,1792.03,1793.72,1789.98,1790.28
2025-04-06 02:30:00+07:00,1790.28,1791.44,1785.32,1786.25
2025-04-06 02:45:00+07:00,1786.27,1786.28,1779.11,1781.57
2025-04-06 03:00:00+07:00,1781.54,1785.88,1781.38,1785.39
2025-04-06 03:15:00+07:00,1785.4,1789.07,1785.4,1788.13
2025-04-06 03:30:00+07:00,1788.13,1804.41,1763.76,1791.46
2025-04-06 03:45:00+07:00,1791.53,1793.91,1782.69,1789.92
2025-04-06 04:00:00+07:00,1789.96,1790.41,1783.98,1789.14
2025-04-06 04:15:00+07:00,1789.13,1794.87,1786.04,1794.36
2025-04-06 04:30:00+07:00,1794.33,1794.55,1788.7,1792.12
2025-04-06 04:45:00+07:00,1792.15,1792.42,1787.37,1789.82
2025-04-06 05:00:00+07:00,1789.81,1796.45,1789.49,1794.39
2025-04-06 05:15:00+07:00,1794.47,1795.47,1791.06,1791.89
2025-04-06 05:30:00+07:00,1791.92,1794.79,1791.66,1794.1
2025-04-06 05:45:00+07:00,1794.07,1797.24,1792.45,1796.84
2025-04-06 06:00:00+07:00,1796.84,1801.27,1796.12,1799.24
2025-04-06 06:15:00+07:00,1799.24,1800.56,1798.02,1800.42
2025-04-06 06:30:00+07:00,1800.46,1804.3,1800.32,1802.7
2025-04-06 06:45:00+07:00,1802.69,1809.69,1801.78,1805.36
2025-04-06 07:00:00+07:00,1805.42,1807.66,1802.26,1803.69
2025-04-06 07:15:00+07:00,1803.6,1810.7,1803.08,1809.13
2025-04-06 07:30:00+07:00,1809.12,1813.32,1807.33,1812.36
2025-04-06 07:45:00+07:00,1812.36,1813.04,1807.18,1809.93
2025-04-06 08:00:00+07:00,1809.94,1812.21,1807.28,1809.0
2025-04-06 08:15:00+07:00,1809.02,1814.95,1808.43,1812.94
2025-04-06 08:30:00+07:00,1812.98,1816.74,1808.43,1808.44
2025-04-06 08:45:00+07:00,1808.45,1810.6,1806.69,1810.1
2025-04-06 09:00:00+07:00,1810.13,1813.01,1808.59,1809.01
2025-04-06 09:15:00+07:00,1809.01,1809.88,1805.92,1806.01
2025-04-06 09:30:00+07:00,1806.03,1809.59,1805.33,1806.05
2025-04-06 09:45:00+07:00,1806.05,1807.4,1803.88,1803.88
2025-04-06 10:00:00+07:00,1803.8,1806.37,1801.38,1805.6
2025-04-06 10:15:00+07:00,1805.61,1807.16,1801.61,1803.17
2025-04-06 10:30:00+07:00,1803.16,1805.06,1801.47,1805.06
2025-04-06 10:45:00+07:00,1805.07,1809.42,1804.91,1809.42
2025-04-06 11:00:00+07:00,1809.43,1810.79,1805.36,1807.6
2025-04-06 11:15:00+07:00,1807.59,1809.68,1805.44,1807.97
2025-04-06 11:30:00+07:00,1807.97,1809.68,1806.74,1807.04
2025-04-06 11:45:00+07:00,1807.0,1809.3,1805.88,1809.19
2025-04-06 12:00:00+07:00,1809.2,1811.85,1806.54,1807.83
2025-04-06 12:15:00+07:00,1807.89,1809.97,1807.06,1809.27
2025-04-06 12:30:00+07:00,1809.27,1811.36,1807.06,1808.27
2025-04-06 12:45:00+07:00,1808.27,1812.98,1807.55,1810.68
2025-04-06 13:00:00+07:00,1810.71,1812.08,1808.16,1808.74
2025-04-06 13:15:00+07:00,1808.71,1810.48,1807.79,1808.97
2025-04-06 13:30:00+07:00,1808.94,1809.27,1802.6,1804.38
2025-04-06 13:45:00+07:00,1804.34,1805.37,1797.77,1797.89
2025-04-06 14:00:00+07:00,1797.9,1800.95,1790.41,1800.66
2025-04-06 14:15:00+07:00,1800.63,1800.69,1796.76,1797.5
2025-04-06 14:30:00+07:00,1797.51,1800.82,1795.97,1799.35
2025-04-06 14:45:00+07:00,1799.42,1801.1,1796.86,1797.26
2025-04-06 15:00:00+07:00,1797.3,1797.68,1791.51,1791.72
2025-04-06 15:15:00+07:00,1791.71,1794.09,1782.41,1785.7
2025-04-06 15:30:00+07:00,1785.7,1791.18,1785.62,1789.88
2025-04-06 15:45:00+07:00,1789.9,1795.31,1789.42,1794.88
2025-04-06 16:00:00+07:00,1794.85,1794.85,1791.28,1792.72
2025-04-06 16:15:00+07:00,1792.74,1796.13,1792.74,1794.28
2025-04-06 16:30:00+07:00,1794.31,1795.09,1790.41,1792.41
2025-04-06 16:45:00+07:00,1792.4,1792.61,1788.97,1790.52
2025-04-06 17:00:00+07:00,1790.54,1790.66,1785.8,1789.21
2025-04-06 17:15:00+07:00,1789.2,1790.01,1784.46,1785.57
2025-04-06 17:30:00+07:00,1785.56,1789.29,1784.75,1787.31
2025-04-06 17:45:00+07:00,1787.32,1791.92,1786.45,1789.68
2025-04-06 18:00:00+07:00,1789.66,1790.89,1785.18,1785.18
2025-04-06 18:15:00+07:00,1785.15,1788.06,1782.98,1787.21
2025-04-06 18:30:00+07:00,1787.18,1788.56,1784.64,1787.97
2025-04-06 18:45:00+07:00,1787.95,1790.32,1786.89,1788.6
2025-04-06 19:00:00+07:00,1788.59,1791.59,1787.64,1789.16
2025-04-06 19:15:00+07:00,1789.18,1790.42,1785.55,1787.64
2025-04-06 19:30:00+07:00,1787.66,1787.97,1782.57,1785.71
2025-04-06 19:45:00+07:00,1785.75,1786.52,1776.59,1777.53
2025-04-06 20:00:00+07:00,1777.52,1780.46,1775.05,1778.37
2025-04-06 20:15:00+07:00,1778.39,1778.39,1767.44,1769.84
2025-04-06 20:30:00+07:00,1769.86,1772.23,1757.35,1763.35
2025-04-06 20:45:00+07:00,1763.26,1764.49,1738.55,1748.03
2025-04-06 21:00:00+07:00,1748.0,1760.25,1744.21,1759.36
2025-04-06 21:15:00+07:00,1759.35,1759.88,1750.5,1751.73
2025-04-06 21:30:00+07:00,1751.75,1761.72,1751.14,1760.92
2025-04-06 21:45:00+07:00,1760.91,1770.33,1759.67,1769.32
2025-04-06 22:00:00+07:00,1769.29,1773.09,1760.95,1764.85
2025-04-06 22:15:00+07:00,1764.84,1766.25,1757.86,1759.36
2025-04-06 22:30:00+07:00,1759.39,1765.31,1759.36,1764.49
2025-04-06 22:45:00+07:00,1764.48,1765.21,1758.27,1759.42
2025-04-06 23:00:00+07:00,1759.32,1759.49,1751.79,1754.13
2025-04-06 23:15:00+07:00,1754.09,1757.1,1747.41,1754.37
2025-04-06 23:30:00+07:00,1754.38,1756.13,1744.32,1745.85
2025-04-06 23:45:00+07:00,1745.79,1747.79,1712.45,1730.27
2025-04-07 00:00:00+07:00,1730.25,1733.2,1716.06,1719.74
2025-04-07 00:15:00+07:00,1719.7,1725.99,1679.52,1698.79
2025-04-07 00:30:00+07:00,1698.87,1699.24,1667.71,1681.72
2025-04-07 00:45:00+07:00,1681.7,1699.41,1674.21,1683.99
2025-04-07 01:00:00+07:00,1684.01,1684.18,1656.86,1670.64
2025-04-07 01:15:00+07:00,1670.63,1670.63,1619.37,1624.74
2025-04-07 01:30:00+07:00,1624.54,1643.75,1617.94,1618.8
2025-04-07 01:45:00+07:00,1618.76,1632.57,1601.42,1617.84
2025-04-07 02:00:00+07:00,1617.86,1635.53,1608.15,1620.52
2025-04-07 02:15:00+07:00,1620.75,1632.41,1613.99,1619.9
2025-04-07 02:30:00+07:00,1619.99,1626.22,1616.23,1620.34
2025-04-07 02:45:00+07:00,1620.36,1629.25,1611.3,1625.54
2025-04-07 03:00:00+07:00,1625.58,1630.66,1618.03,1619.02
2025-04-07 03:15:00+07:00,1618.96,1624.15,1615.63,1616.08
2025-04-07 03:30:00+07:00,1616.09,1618.1,1552.75,1589.41
2025-04-07 03:45:00+07:00,1589.4,1589.98,1569.32,1574.03
2025-04-07 04:00:00+07:00,1574.04,1589.84,1570.13,1586.78
2025-04-07 04:15:00+07:00,1586.84,1596.79,1582.03,1588.15
2025-04-07 04:30:00+07:00,1588.17,1596.28,1585.6,1592.84
2025-04-07 04:45:00+07:00,1592.85,1596.2,1584.63,1587.06
2025-04-07 05:00:00+07:00,1587.06,1607.56,1567.08,1599.25
2025-04-07 05:15:00+07:00,1599.22,1602.99,1585.45,1593.93
2025-04-07 05:30:00+07:00,1593.99,1594.06,1580.27,1581.6
2025-04-07 05:45:00+07:00,1581.62,1584.73,1563.47,1576.43
2025-04-07 06:00:00+07:00,1576.42,1580.55,1550.51,1566.95
2025-04-07 06:15:00+07:00,1566.97,1568.35,1536.93,1552.04
2025-04-07 06:30:00+07:00,1551.95,1582.14,1550.78,1580.1
2025-04-07 06:45:00+07:00,1580.12,1584.12,1570.28,1580.22
2025-04-07 07:00:00+07:00,1580.24,1585.78,1566.27,1566.95
2025-04-07 07:15:00+07:00,1566.98,1582.98,1566.98,1579.4
2025-04-07 07:30:00+07:00,1579.47,1581.03,1561.83,1564.83
2025-04-07 07:45:00+07:00,1564.8,1574.39,1552.43,1572.28
2025-04-07 08:00:00+07:00,1572.42,1588.04,1570.09,1586.46
2025-04-07 08:15:00+07:00,1586.49,1613.72,1583.44,1608.56
2025-04-07 08:30:00+07:00,1608.55,1612.25,1589.28,1592.26
2025-04-07 08:45:00+07:00,1592.28,1602.95,1587.31,1597.94
2025-04-07 09:00:00+07:00,1597.86,1600.93,1590.83,1594.55
2025-04-07 09:15:00+07:00,1594.56,1598.9,1581.8,1585.03
2025-04-07 09:30:00+07:00,1585.04,1588.15,1572.4,1576.15
2025-04-07 09:45:00+07:00,1576.16,1586.83,1574.19,1578.6
2025-04-07 10:00:00+07:00,1578.64,1582.11,1568.14,1569.0
2025-04-07 10:15:00+07:00,1568.99,1575.66,1562.3,1572.35
2025-04-07 10:30:00+07:00,1572.34,1574.38,1520.52,1527.5
2025-04-07 10:45:00+07:00,1527.48,1544.3,1523.57,1543.1
2025-04-07 11:00:00+07:00,1543.12,1554.89,1533.08,1543.37
2025-04-07 11:15:00+07:00,1543.38,1558.57,1537.32,1552.96
2025-04-07 11:30:00+07:00,1552.97,1555.45,1535.55,1537.81
2025-04-07 11:45:00+07:00,1537.8,1550.8,1535.64,1547.83
2025-04-07 12:00:00+07:00,1547.86,1556.62,1538.47,1550.17
2025-04-07 12:15:00+07:00,1550.18,1561.16,1544.02,1550.04
2025-04-07 12:30:00+07:00,1550.05,1554.88,1541.01,1546.19
2025-04-07 12:45:00+07:00,1546.16,1549.27,1536.51,1540.04
2025-04-07 13:00:00+07:00,1540.03,1552.43,1538.49,1540.29
2025-04-07 13:15:00+07:00,1540.28,1541.99,1504.19,1507.73
2025-04-07 13:30:00+07:00,1507.71,1510.25,1461.78,1468.33
2025-04-07 13:45:00+07:00,1468.41,1476.32,1410.72,1430.52
2025-04-07 14:00:00+07:00,1430.56,1456.3,1430.48,1445.04
2025-04-07 14:15:00+07:00,1445.07,1465.61,1444.45,1450.56
2025-04-07 14:30:00+07:00,1450.56,1476.91,1443.29,1466.51
2025-04-07 14:45:00+07:00,1466.45,1468.37,1453.61,1459.8
2025-04-07 15:00:00+07:00,1459.73,1474.91,1455.02,1466.09
2025-04-07 15:15:00+07:00,1466.1,1498.17,1463.9,1489.53
2025-04-07 15:30:00+07:00,1489.56,1510.84,1482.91,1505.29
2025-04-07 15:45:00+07:00,1505.23,1509.31,1493.21,1495.27
2025-04-07 16:00:00+07:00,1495.26,1501.78,1484.31,1484.7
2025-04-07 16:15:00+07:00,1484.69,1498.23,1476.04,1493.62
2025-04-07 16:30:00+07:00,1493.54,1502.14,1489.22,1498.83
2025-04-07 16:45:00+07:00,1498.8,1505.2,1481.21,1483.98
2025-04-07 17:00:00+07:00,1483.96,1504.13,1481.34,1502.87
2025-04-07 17:15:00+07:00,1502.82,1520.54,1501.12,1505.92
2025-04-07 17:30:00+07:00,1505.92,1513.89,1488.08,1501.87
2025-04-07 17:45:00+07:00,1501.79,1503.94,1488.4,1490.92
2025-04-07 18:00:00+07:00,1490.93,1503.41,1489.89,1493.33
2025-04-07 18:15:00+07:00,1493.32,1499.61,1489.43,1493.92
2025-04-07 18:30:00+07:00,1493.95,1494.96,1473.97,1479.55
2025-04-07 18:45:00+07:00,1479.52,1484.28,1475.04,1482.5
2025-04-07 19:00:00+07:00,1482.53,1488.26,1477.32,1485.0
2025-04-07 19:15:00+07:00,1485.0,1519.18,1481.01,1517.04
2025-04-07 19:30:00+07:00,1517.01,1524.01,1503.66,1505.86
2025-04-07 19:45:00+07:00,1505.85,1526.2,1497.25,1520.21
2025-04-07 20:00:00+07:00,1520.19,1523.94,1509.31,1513.53
2025-04-07 20:15:00+07:00,1513.52,1515.57,1501.27,1502.74
2025-04-07 20:30:00+07:00,1502.73,1517.29,1486.58,1493.9
2025-04-07 20:45:00+07:00,1493.88,1557.37,1489.13,1549.85
2025-04-07 21:00:00+07:00,1549.84,1599.55,1538.46,1587.81
2025-04-07 21:15:00+07:00,1587.7,1638.03,1549.08,1558.34
2025-04-07 21:30:00+07:00,1558.45,1593.46,1544.72,1563.23
2025-04-07 21:45:00+07:00,1563.17,1580.33,1552.05,1569.04
2025-04-07 22:00:00+07:00,1569.15,1577.09,1545.84,1548.39
2025-04-07 22:15:00+07:00,1548.37,1558.91,1534.02,1541.67
2025-04-07 22:30:00+07:00,1541.76,1569.63,1541.55,1566.48
2025-04-07 22:45:00+07:00,1566.37,1567.42,1552.94,1555.82
2025-04-07 23:00:00+07:00,1555.81,1556.27,1540.87,1550.6
2025-04-07 23:15:00+07:00,1550.59,1553.53,1532.61,1549.04
2025-04-07 23:30:00+07:00,1549.05,1556.99,1535.87,1539.02
2025-04-07 23:45:00+07:00,1539.04,1539.11,1525.48,1528.75
2025-04-08 00:00:00+07:00,1528.74,1555.56,1528.64,1549.62
2025-04-08 00:15:00+07:00,1549.61,1559.67,1546.65,1558.28
2025-04-08 00:30:00+07:00,1558.27,1568.23,1550.35,1566.59
2025-04-08 00:45:00+07:00,1566.6,1572.29,1558.02,1565.42
2025-04-08 01:00:00+07:00,1565.46,1566.76,1553.16,1556.95
2025-04-08 01:15:00+07:00,1556.92,1571.67,1549.98,1551.13
2025-04-08 01:30:00+07:00,1551.15,1568.05,1547.74,1561.44
2025-04-08 01:45:00+07:00,1561.46,1564.37,1546.16,1548.87
2025-04-08 02:00:00+07:00,1548.88,1560.36,1542.07,1545.98
2025-04-08 02:15:00+07:00,1545.98,1557.45,1541.49,1545.63
2025-04-08 02:30:00+07:00,1545.62,1562.35,1544.88,1546.45
2025-04-08 02:45:00+07:00,1546.44,1552.05,1542.67,1544.69
2025-04-08 03:00:00+07:00,1544.76,1560.14,1544.68,1554.03
2025-04-08 03:15:00+07:00,1554.04,1567.92,1554.04,1567.4
2025-04-08 03:30:00+07:00,1567.41,1579.59,1567.41,1577.01
2025-04-08 03:45:00+07:00,1577.06,1577.21,1566.83,1570.51
2025-04-08 04:00:00+07:00,1570.48,1570.66,1557.43,1566.45
2025-04-08 04:15:00+07:00,1566.44,1570.01,1557.64,1560.53
2025-04-08 04:30:00+07:00,1560.52,1561.77,1554.6,1559.52
2025-04-08 04:45:00+07:00,1559.55,1576.44,1559.55,1568.18
2025-04-08 05:00:00+07:00,1568.19,1576.23,1564.95,1574.28
2025-04-08 05:15:00+07:00,1574.29,1581.44,1573.08,1580.41
2025-04-08 05:30:00+07:00,1580.38,1583.81,1574.56,1582.17
2025-04-08 05:45:00+07:00,1582.19,1584.86,1577.79,1578.26
2025-04-08 06:00:00+07:00,1578.12,1581.88,1573.59,1574.93
2025-04-08 06:15:00+07:00,1574.94,1575.27,1563.2,1565.78
2025-04-08 06:30:00+07:00,1565.78,1567.5,1555.27,1556.65
2025-04-08 06:45:00+07:00,1556.66,1562.95,1550.91,1552.67
2025-04-08 07:00:00+07:00,1552.66,1560.95,1549.12,1559.48
2025-04-08 07:15:00+07:00,1559.48,1562.85,1553.8,1553.84
2025-04-08 07:30:00+07:00,1553.81,1558.91,1547.18,1556.18
2025-04-08 07:45:00+07:00,1556.22,1556.48,1543.56,1544.2
2025-04-08 08:00:00+07:00,1544.11,1552.72,1540.54,1549.02
2025-04-08 08:15:00+07:00,1549.01,1569.02,1544.75,1566.5
2025-04-08 08:30:00+07:00,1566.57,1586.78,1563.39,1582.66
2025-04-08 08:45:00+07:00,1583.15,1593.53,1577.57,1590.66
2025-04-08 09:00:00+07:00,1590.65,1618.38,1587.78,1610.98
2025-04-08 09:15:00+07:00,1611.02,1612.3,1600.28,1600.49
2025-04-08 09:30:00+07:00,1600.48,1600.48,1589.56,1592.0
2025-04-08 09:45:00+07:00,1592.0,1594.07,1586.24,1589.19
2025-04-08 10:00:00+07:00,1589.18,1592.49,1582.6,1585.74
2025-04-08 10:15:00+07:00,1585.74,1590.08,1581.12,1589.59
2025-04-08 10:30:00+07:00,1589.59,1590.04,1580.84,1582.0
2025-04-08 10:45:00+07:00,1582.01,1584.99,1578.94,1584.33
2025-04-08 11:00:00+07:00,1584.24,1590.33,1583.34,1588.66
2025-04-08 11:15:00+07:00,1588.64,1598.29,1587.05,1597.41
2025-04-08 11:30:00+07:00,1597.38,1600.01,1589.98,1596.64
2025-04-08 11:45:00+07:00,1596.6,1601.88,1592.56,1598.12
2025-04-08 12:00:00+07:00,1598.09,1601.77,1587.15,1588.96
2025-04-08 12:15:00+07:00,1588.95,1590.18,1581.61,1583.11
2025-04-08 12:30:00+07:00,1583.11,1588.13,1581.65,1587.39
2025-04-08 12:45:00+07:00,1587.39,1592.03,1584.44,1591.37
2025-04-08 13:00:00+07:00,1591.34,1591.34,1578.38,1579.19
2025-04-08 13:15:00+07:00,1579.19,1580.94,1573.68,1578.31
2025-04-08 13:30:00+07:00,1578.31,1581.88,1574.23,1581.39
2025-04-08 13:45:00+07:00,1581.38,1582.26,1574.33,1575.77
2025-04-08 14:00:00+07:00,1575.89,1578.23,1568.04,1572.22
2025-04-08 14:15:00+07:00,1572.22,1574.43,1566.41,1571.18
2025-04-08 14:30:00+07:00,1570.91,1570.91,1564.96,1567.67
2025-04-08 14:45:00+07:00,1567.69,1571.83,1561.27,1570.28
2025-04-08 15:00:00+07:00,1570.24,1571.0,1557.45,1558.24
2025-04-08 15:15:00+07:00,1558.23,1560.8,1553.73,1557.28
2025-04-08 15:30:00+07:00,1557.3,1565.59,1557.3,1565.18
2025-04-08 15:45:00+07:00,1565.13,1566.89,1560.16,1566.49
2025-04-08 16:00:00+07:00,1566.45,1575.08,1563.8,1569.75
2025-04-08 16:15:00+07:00,1569.72,1571.52,1564.5,1564.61
2025-04-08 16:30:00+07:00,1564.62,1575.52,1564.1,1572.66
2025-04-08 16:45:00+07:00,1572.63,1573.57,1567.13,1567.78
2025-04-08 17:00:00+07:00,1567.72,1571.86,1565.39,1567.28
2025-04-08 17:15:00+07:00,1567.46,1571.39,1566.65,1569.24
2025-04-08 17:30:00+07:00,1569.23,1573.95,1567.6,1569.34
2025-04-08 17:45:00+07:00,1569.32,1571.58,1564.71,1565.78
2025-04-08 18:00:00+07:00,1565.84,1573.19,1564.44,1567.4
2025-04-08 18:15:00+07:00,1567.39,1575.08,1564.74,1571.48
2025-04-08 18:30:00+07:00,1571.48,1585.85,1571.14,1581.63
2025-04-08 18:45:00+07:00,1581.61,1589.71,1580.75,1587.8
2025-04-08 19:00:00+07:00,1587.91,1593.05,1581.96,1584.67
2025-04-08 19:15:00+07:00,1584.51,1584.89,1573.9,1577.86
2025-04-08 19:30:00+07:00,1577.85,1580.26,1567.22,1568.94
2025-04-08 19:45:00+07:00,1568.99,1573.4,1567.1,1571.11
2025-04-08 20:00:00+07:00,1571.08,1579.82,1567.44,1576.95
2025-04-08 20:15:00+07:00,1576.95,1583.29,1572.32,1580.96
2025-04-08 20:30:00+07:00,1581.25,1586.17,1550.49,1566.52
2025-04-08 20:45:00+07:00,1566.52,1573.98,1557.47,1567.87
2025-04-08 21:00:00+07:00,1567.87,1582.6,1564.07,1574.36
2025-04-08 21:15:00+07:00,1574.35,1578.73,1556.62,1556.91
2025-04-08 21:30:00+07:00,1556.93,1562.02,1544.9,1546.54
2025-04-08 21:45:00+07:00,1546.65,1549.43,1530.03,1530.54
2025-04-08 22:00:00+07:00,1530.54,1538.58,1518.43,1522.8
2025-04-08 22:15:00+07:00,1522.81,1528.75,1517.61,1526.98
2025-04-08 22:30:00+07:00,1527.03,1538.08,1525.67,1534.88
2025-04-08 22:45:00+07:00,1535.01,1537.25,1525.13,1530.96
2025-04-08 23:00:00+07:00,1530.86,1532.47,1521.39,1521.63
2025-04-08 23:15:00+07:00,1521.7,1523.82,1511.53,1520.43
2025-04-08 23:30:00+07:00,1520.41,1523.46,1488.23,1495.86
2025-04-08 23:45:00+07:00,1495.84,1501.47,1481.73,1486.3
2025-04-09 00:00:00+07:00,1486.27,1489.34,1464.8,1472.46
2025-04-09 00:15:00+07:00,1472.44,1475.73,1453.86,1458.49
2025-04-09 00:30:00+07:00,1458.49,1485.09,1456.64,1476.51
2025-04-09 00:45:00+07:00,1476.5,1483.62,1466.53,1480.2
2025-04-09 01:00:00+07:00,1480.32,1487.78,1471.07,1473.63
2025-04-09 01:15:00+07:00,1473.62,1490.54,1473.24,1482.04
2025-04-09 01:30:00+07:00,1482.02,1499.83,1476.24,1476.28
2025-04-09 01:45:00+07:00,1476.36,1481.82,1473.09,1475.33
2025-04-09 02:00:00+07:00,1475.36,1478.34,1461.26,1463.88
2025-04-09 02:15:00+07:00,1463.88,1471.42,1458.66,1468.04
2025-04-09 02:30:00+07:00,1468.0,1468.46,1454.59,1456.64
2025-04-09 02:45:00+07:00,1456.53,1474.27,1456.39,1466.24
2025-04-09 03:00:00+07:00,1466.33,1470.32,1459.68,1468.0
2025-04-09 03:15:00+07:00,1467.94,1473.46,1463.03,1467.14
2025-04-09 03:30:00+07:00,1467.12,1481.52,1466.92,1480.91
2025-04-09 03:45:00+07:00,1480.88,1482.25,1477.09,1481.61
2025-04-09 04:00:00+07:00,1481.64,1485.9,1471.04,1475.02
2025-04-09 04:15:00+07:00,1475.01,1477.7,1465.32,1468.11
2025-04-09 04:30:00+07:00,1468.1,1476.75,1463.46,1474.56
2025-04-09 04:45:00+07:00,1474.56,1478.16,1472.4,1476.95
2025-04-09 05:00:00+07:00,1476.95,1478.16,1460.64,1465.62
2025-04-09 05:15:00+07:00,1465.67,1467.9,1446.6,1459.66
2025-04-09 05:30:00+07:00,1459.74,1462.72,1446.98,1458.11
2025-04-09 05:45:00+07:00,1458.11,1471.04,1455.63,1466.82
2025-04-09 06:00:00+07:00,1466.68,1471.47,1463.59,1468.34
2025-04-09 06:15:00+07:00,1468.41,1475.12,1462.01,1469.8
2025-04-09 06:30:00+07:00,1469.76,1476.25,1469.75,1470.98
2025-04-09 06:45:00+07:00,1470.97,1474.59,1469.65,1473.04
2025-04-09 07:00:00+07:00,1473.04,1481.96,1463.36,1479.19
2025-04-09 07:15:00+07:00,1479.16,1479.57,1470.51,1473.6
2025-04-09 07:30:00+07:00,1473.41,1479.99,1465.04,1472.16
2025-04-09 07:45:00+07:00,1472.23,1475.96,1463.44,1467.27
2025-04-09 08:00:00+07:00,1467.13,1468.61,1422.2,1424.54
2025-04-09 08:15:00+07:00,1424.64,1434.09,1384.29,1397.03
2025-04-09 08:30:00+07:00,1397.0,1432.0,1396.24,1420.19
2025-04-09 08:45:00+07:00,1420.1,1438.27,1418.59,1434.52
2025-04-09 09:00:00+07:00,1434.5,1453.81,1434.5,1447.53
2025-04-09 09:15:00+07:00,1447.48,1450.48,1431.88,1434.54
2025-04-09 09:30:00+07:00,1434.56,1442.0,1421.82,1424.24
2025-04-09 09:45:00+07:00,1424.27,1429.22,1414.63,1418.55
2025-04-09 10:00:00+07:00,1418.64,1425.53,1411.31,1422.66
2025-04-09 10:15:00+07:00,1422.54,1425.9,1415.11,1417.46
2025-04-09 10:30:00+07:00,1417.55,1424.23,1406.99,1412.15
2025-04-09 10:45:00+07:00,1412.19,1422.31,1412.19,1418.17
2025-04-09 11:00:00+07:00,1418.14,1437.71,1414.14,1431.48
2025-04-09 11:15:00+07:00,1431.53,1442.19,1423.18,1428.41
2025-04-09 11:30:00+07:00,1428.38,1448.08,1427.75,1444.7
2025-04-09 11:45:00+07:00,1444.67,1450.18,1437.19,1440.08
2025-04-09 12:00:00+07:00,1440.06,1455.43,1438.8,1449.29
2025-04-09 12:15:00+07:00,1449.29,1463.47,1448.6,1459.4
2025-04-09 12:30:00+07:00,1459.38,1460.27,1452.38,1455.33
2025-04-09 12:45:00+07:00,1455.1,1461.56,1452.14,1458.57
2025-04-09 13:00:00+07:00,1458.55,1476.32,1457.44,1474.37
2025-04-09 13:15:00+07:00,1474.49,1475.27,1462.77,1464.82
2025-04-09 13:30:00+07:00,1464.69,1469.96,1461.35,1468.0
2025-04-09 13:45:00+07:00,1468.05,1469.6,1457.57,1459.49
2025-04-09 14:00:00+07:00,1459.5,1480.79,1458.01,1475.2
2025-04-09 14:15:00+07:00,1475.26,1480.07,1467.59,1478.27
2025-04-09 14:30:00+07:00,1478.36,1491.96,1475.54,1489.34
2025-04-09 14:45:00+07:00,1489.33,1489.35,1480.46,1483.03
2025-04-09 15:00:00+07:00,1483.05,1486.81,1471.85,1474.14
2025-04-09 15:15:00+07:00,1474.09,1487.95,1472.99,1478.01
2025-04-09 15:30:00+07:00,1478.12,1479.52,1470.42,1474.64
2025-04-09 15:45:00+07:00,1474.65,1483.39,1471.84,1482.0
2025-04-09 16:00:00+07:00,1482.01,1485.72,1478.38,1482.02
2025-04-09 16:15:00+07:00,1482.15,1482.39,1473.54,1474.38
2025-04-09 16:30:00+07:00,1474.37,1479.19,1470.66,1479.07
2025-04-09 16:45:00+07:00,1479.05,1482.08,1475.34,1478.97
2025-04-09 17:00:00+07:00,1479.0,1484.7,1473.29,1483.53
2025-04-09 17:15:00+07:00,1483.54,1487.68,1477.77,1482.51
2025-04-09 17:30:00+07:00,1482.5,1483.46,1472.41,1478.69
2025-04-09 17:45:00+07:00,1478.69,1496.2,1478.52,1485.67
2025-04-09 18:00:00+07:00,1486.06,1486.37,1445.58,1460.5
2025-04-09 18:15:00+07:00,1460.56,1467.94,1452.6,1461.0
2025-04-09 18:30:00+07:00,1460.88,1462.77,1444.51,1449.2
2025-04-09 18:45:00+07:00,1449.17,1464.96,1445.74,1454.96
2025-04-09 19:00:00+07:00,1454.94,1457.79,1448.71,1456.31
2025-04-09 19:15:00+07:00,1456.23,1459.58,1446.56,1448.62
2025-04-09 19:30:00+07:00,1448.48,1455.94,1439.75,1455.37
2025-04-09 19:45:00+07:00,1455.29,1469.12,1452.83,1461.15
2025-04-09 20:00:00+07:00,1461.25,1469.07,1458.62,1461.81
2025-04-09 20:15:00+07:00,1461.79,1464.55,1454.89,1457.85
2025-04-09 20:30:00+07:00,1457.86,1493.01,1457.86,1476.72
2025-04-09 20:45:00+07:00,1476.5,1498.5,1473.08,1487.06
2025-04-09 21:00:00+07:00,1487.05,1501.25,1473.74,1476.2
2025-04-09 21:15:00+07:00,1476.25,1491.93,1476.23,1486.62
2025-04-09 21:30:00+07:00,1486.57,1497.37,1480.53,1481.44
2025-04-09 21:45:00+07:00,1481.45,1487.2,1469.16,1470.53
2025-04-09 22:00:00+07:00,1470.59,1484.53,1468.87,1482.62
2025-04-09 22:15:00+07:00,1482.66,1492.27,1482.66,1488.64
2025-04-09 22:30:00+07:00,1488.65,1493.17,1479.35,1479.79
2025-04-09 22:45:00+07:00,1480.0,1496.42,1479.96,1484.89
2025-04-09 23:00:00+07:00,1484.97,1495.48,1481.55,1492.84
2025-04-09 23:15:00+07:00,1492.83,1498.45,1489.4,1490.13
2025-04-09 23:30:00+07:00,1490.29,1509.02,1488.66,1497.49
2025-04-09 23:45:00+07:00,1497.4,1505.84,1493.26,1502.22
2025-04-10 00:00:00+07:00,1502.19,1518.04,1497.85,1504.82
2025-04-10 00:15:00+07:00,1504.85,1595.09,1485.41,1571.39
2025-04-10 00:30:00+07:00,1571.84,1599.94,1570.11,1580.82
2025-04-10 00:45:00+07:00,1581.08,1639.08,1580.99,1632.74
2025-04-10 01:00:00+07:00,1632.49,1672.21,1612.63,1665.97
2025-04-10 01:15:00+07:00,1665.66,1669.71,1652.31,1656.47
2025-04-10 01:30:00+07:00,1656.31,1670.49,1636.89,1637.53
2025-04-10 01:45:00+07:00,1637.61,1644.89,1627.11,1627.81
2025-04-10 02:00:00+07:00,1627.76,1640.6,1623.09,1639.49
2025-04-10 02:15:00+07:00,1639.72,1645.06,1633.01,1641.22
2025-04-10 02:30:00+07:00,1641.19,1646.8,1635.34,1639.14
2025-04-10 02:45:00+07:00,1639.27,1645.64,1635.19,1639.75
2025-04-10 03:00:00+07:00,1639.84,1650.06,1639.84,1648.06
2025-04-10 03:15:00+07:00,1648.11,1656.04,1644.44,1649.23
2025-04-10 03:30:00+07:00,1649.24,1658.58,1648.94,1656.61
2025-04-10 03:45:00+07:00,1656.6,1678.51,1652.9,1673.04
2025-04-10 04:00:00+07:00,1673.19,1686.71,1663.5,1673.94
2025-04-10 04:15:00+07:00,1673.78,1688.43,1668.67,1681.52
2025-04-10 04:30:00+07:00,1681.52,1682.34,1660.71,1664.21
2025-04-10 04:45:00+07:00,1664.18,1678.44,1663.64,1671.2
2025-04-10 05:00:00+07:00,1671.19,1680.14,1665.69,1675.2
2025-04-10 05:15:00+07:00,1675.21,1683.89,1675.21,1680.56
2025-04-10 05:30:00+07:00,1680.53,1683.18,1671.15,1671.96
2025-04-10 05:45:00+07:00,1671.93,1673.98,1667.61,1670.79
2025-04-10 06:00:00+07:00,1670.77,1674.32,1659.02,1660.9
2025-04-10 06:15:00+07:00,1660.91,1661.68,1655.46,1658.09
2025-04-10 06:30:00+07:00,1658.05,1666.79,1656.28,1664.86
2025-04-10 06:45:00+07:00,1664.82,1670.8,1661.87,1669.02
2025-04-10 07:00:00+07:00,1669.02,1669.55,1657.75,1658.01
2025-04-10 07:15:00+07:00,1658.01,1664.01,1651.84,1652.18
2025-04-10 07:30:00+07:00,1652.4,1654.15,1633.81,1637.4
2025-04-10 07:45:00+07:00,1637.39,1647.37,1637.31,1646.13
2025-04-10 08:00:00+07:00,1646.07,1651.41,1641.52,1643.4
2025-04-10 08:15:00+07:00,1643.32,1645.21,1636.93,1637.03
2025-04-10 08:30:00+07:00,1636.83,1637.26,1628.48,1633.33
2025-04-10 08:45:00+07:00,1633.03,1640.19,1632.92,1637.58
2025-04-10 09:00:00+07:00,1637.6,1644.42,1633.72,1643.93
2025-04-10 09:15:00+07:00,1643.88,1645.82,1640.33,1644.68
2025-04-10 09:30:00+07:00,1644.73,1645.04,1638.35,1639.76
2025-04-10 09:45:00+07:00,1639.78,1640.36,1629.49,1632.78
2025-04-10 10:00:00+07:00,1632.77,1635.87,1617.65,1617.73
2025-04-10 10:15:00+07:00,1617.68,1620.89,1602.82,1607.77
2025-04-10 10:30:00+07:00,1607.92,1615.62,1601.47,1611.9
2025-04-10 10:45:00+07:00,1612.02,1616.77,1608.51,1616.7
2025-04-10 11:00:00+07:00,1616.68,1619.31,1609.94,1612.71
2025-04-10 11:15:00+07:00,1612.67,1616.45,1607.93,1608.59
2025-04-10 11:30:00+07:00,1608.6,1618.82,1605.17,1614.94
2025-04-10 11:45:00+07:00,1614.94,1620.31,1614.2,1619.13
2025-04-10 12:00:00+07:00,1619.01,1623.67,1616.07,1622.4
2025-04-10 12:15:00+07:00,1622.43,1625.47,1619.7,1623.71
2025-04-10 12:30:00+07:00,1623.68,1625.13,1617.77,1619.33
2025-04-10 12:45:00+07:00,1619.27,1620.22,1613.75,1616.61
2025-04-10 13:00:00+07:00,1616.63,1622.34,1615.55,1619.18
2025-04-10 13:15:00+07:00,1619.27,1620.09,1610.3,1611.8
2025-04-10 13:30:00+07:00,1611.91,1612.66,1605.95,1609.2
2025-04-10 13:45:00+07:00,1609.19,1616.76,1607.73,1615.78
2025-04-10 14:00:00+07:00,1615.79,1620.14,1612.1,1614.79
2025-04-10 14:15:00+07:00,1614.79,1616.69,1607.82,1608.06
2025-04-10 14:30:00+07:00,1608.06,1608.06,1582.92,1591.51
2025-04-10 14:45:00+07:00,1591.47,1599.42,1590.92,1595.23
2025-04-10 15:00:00+07:00,1595.22,1598.46,1589.76,1595.74
2025-04-10 15:15:00+07:00,1595.93,1597.67,1590.84,1594.67
2025-04-10 15:30:00+07:00,1594.69,1594.73,1582.78,1589.65
2025-04-10 15:45:00+07:00,1589.68,1592.41,1588.56,1592.07
2025-04-10 16:00:00+07:00,1592.18,1593.86,1585.62,1591.61
2025-04-10 16:15:00+07:00,1591.62,1598.59,1591.62,1595.49
2025-04-10 16:30:00+07:00,1595.34,1604.98,1594.65,1597.53
2025-04-10 16:45:00+07:00,1597.59,1606.24,1596.12,1603.45
2025-04-10 17:00:00+07:00,1603.43,1605.4,1600.45,1601.34
2025-04-10 17:15:00+07:00,1601.43,1603.22,1595.17,1596.57
2025-04-10 17:30:00+07:00,1596.48,1597.92,1589.44,1590.49
2025-04-10 17:45:00+07:00,1590.54,1595.11,1587.22,1594.33
2025-04-10 18:00:00+07:00,1594.36,1596.39,1585.99,1586.28
2025-04-10 18:15:00+07:00,1586.23,1589.93,1580.89,1586.3
2025-04-10 18:30:00+07:00,1586.32,1593.67,1585.61,1590.44
2025-04-10 18:45:00+07:00,1590.36,1595.85,1588.34,1594.21
2025-04-10 19:00:00+07:00,1594.19,1617.23,1586.12,1595.72
2025-04-10 19:15:00+07:00,1595.93,1625.01,1593.1,1612.54
2025-04-10 19:30:00+07:00,1612.56,1626.8,1593.61,1598.25
2025-04-10 19:45:00+07:00,1598.24,1598.59,1581.12,1592.44
2025-04-10 20:00:00+07:00,1592.65,1594.25,1584.61,1584.64
2025-04-10 20:15:00+07:00,1584.86,1595.99,1581.56,1588.49
2025-04-10 20:30:00+07:00,1588.37,1592.0,1557.5,1564.21
2025-04-10 20:45:00+07:00,1564.19,1582.88,1563.01,1568.24
2025-04-10 21:00:00+07:00,1568.17,1570.97,1555.68,1563.43
2025-04-10 21:15:00+07:00,1563.54,1575.97,1563.26,1569.33
2025-04-10 21:30:00+07:00,1569.46,1584.15,1569.46,1577.58
2025-04-10 21:45:00+07:00,1577.61,1578.2,1563.01,1565.14
2025-04-10 22:00:00+07:00,1565.04,1567.35,1543.23,1543.7
2025-04-10 22:15:00+07:00,1543.53,1545.39,1525.61,1526.72
2025-04-10 22:30:00+07:00,1526.83,1529.24,1490.74,1501.56
2025-04-10 22:45:00+07:00,1501.52,1508.02,1483.08,1495.4
2025-04-10 23:00:00+07:00,1495.45,1508.32,1484.61,1499.15
2025-04-10 23:15:00+07:00,1499.13,1499.13,1472.35,1487.44
2025-04-10 23:30:00+07:00,1487.73,1508.44,1486.77,1501.1
2025-04-10 23:45:00+07:00,1501.17,1513.35,1495.72,1510.08
2025-04-11 00:00:00+07:00,1510.04,1519.54,1492.54,1494.92
2025-04-11 00:15:00+07:00,1494.9,1504.55,1486.89,1499.57
2025-04-11 00:30:00+07:00,1499.71,1507.85,1497.21,1507.54
2025-04-11 00:45:00+07:00,1507.5,1514.76,1503.33,1510.74
2025-04-11 01:00:00+07:00,1510.95,1518.13,1507.35,1508.21
2025-04-11 01:15:00+07:00,1508.17,1521.71,1506.82,1517.87
2025-04-11 01:30:00+07:00,1517.89,1522.41,1512.49,1519.25
2025-04-11 01:45:00+07:00,1519.27,1520.3,1512.37,1518.03
2025-04-11 02:00:00+07:00,1518.04,1524.33,1515.07,1516.83
2025-04-11 02:15:00+07:00,1516.82,1521.17,1511.28,1511.7
2025-04-11 02:30:00+07:00,1511.72,1519.73,1510.07,1511.66
2025-04-11 02:45:00+07:00,1511.7,1531.71,1510.91,1514.06
2025-04-11 03:00:00+07:00,1513.96,1523.16,1513.61,1522.79
2025-04-11 03:15:00+07:00,1522.78,1523.16,1516.5,1519.05
2025-04-11 03:30:00+07:00,1519.04,1528.74,1518.59,1527.27
2025-04-11 03:45:00+07:00,1527.46,1533.12,1526.63,1530.63
2025-04-11 04:00:00+07:00,1530.65,1532.81,1526.87,1527.88
2025-04-11 04:15:00+07:00,1527.84,1529.06,1518.63,1523.57
2025-04-11 04:30:00+07:00,1523.57,1527.9,1522.52,1525.64
2025-04-11 04:45:00+07:00,1525.6,1525.6,1521.57,1524.31
2025-04-11 05:00:00+07:00,1524.33,1530.29,1520.11,1527.3
2025-04-11 05:15:00+07:00,1527.29,1532.29,1525.44,1526.07
2025-04-11 05:30:00+07:00,1526.08,1532.19,1526.08,1530.3
2025-04-11 05:45:00+07:00,1530.26,1530.26,1523.57,1524.27
2025-04-11 06:00:00+07:00,1524.27,1526.29,1520.13,1522.19
2025-04-11 06:15:00+07:00,1522.18,1526.26,1513.93,1517.06
2025-04-11 06:30:00+07:00,1517.06,1524.9,1515.77,1524.29
2025-04-11 06:45:00+07:00,1524.24,1528.04,1521.17,1521.85
2025-04-11 07:00:00+07:00,1521.81,1527.16,1518.01,1526.38
2025-04-11 07:15:00+07:00,1526.35,1528.75,1520.15,1520.79
2025-04-11 07:30:00+07:00,1520.31,1523.78,1514.66,1521.08
2025-04-11 07:45:00+07:00,1520.97,1523.5,1504.21,1507.76
2025-04-11 08:00:00+07:00,1507.77,1521.17,1506.48,1521.13
2025-04-11 08:15:00+07:00,1521.12,1528.95,1521.12,1527.13
2025-04-11 08:30:00+07:00,1527.28,1547.7,1527.14,1533.25
2025-04-11 08:45:00+07:00,1533.19,1546.19,1532.11,1542.33
2025-04-11 09:00:00+07:00,1542.3,1543.51,1533.03,1536.52
2025-04-11 09:15:00+07:00,1536.48,1549.93,1533.87,1545.64
2025-04-11 09:30:00+07:00,1545.47,1548.36,1538.16,1539.02
2025-04-11 09:45:00+07:00,1539.01,1541.28,1532.77,1534.07
2025-04-11 10:00:00+07:00,1534.02,1540.8,1533.92,1539.58
2025-04-11 10:15:00+07:00,1539.41,1542.69,1536.22,1541.72
2025-04-11 10:30:00+07:00,1541.69,1544.62,1535.44,1543.78
2025-04-11 10:45:00+07:00,1543.77,1545.55,1539.77,1544.15
2025-04-11 11:00:00+07:00,1543.99,1554.01,1542.04,1553.6
2025-04-11 11:15:00+07:00,1553.79,1557.84,1546.16,1549.89
2025-04-11 11:30:00+07:00,1549.91,1551.47,1544.25,1546.23
2025-04-11 11:45:00+07:00,1546.28,1548.22,1544.5,1546.92
2025-04-11 12:00:00+07:00,1546.99,1548.35,1540.33,1544.74
2025-04-11 12:15:00+07:00,1544.74,1551.22,1541.24,1550.05
2025-04-11 12:30:00+07:00,1550.07,1552.69,1545.72,1547.03
2025-04-11 12:45:00+07:00,1547.11,1550.19,1544.5,1548.62
2025-04-11 13:00:00+07:00,1548.63,1562.01,1548.63,1556.99
2025-04-11 13:15:00+07:00,1556.94,1559.58,1551.25,1551.85
2025-04-11 13:30:00+07:00,1551.78,1556.03,1551.44,1555.45
2025-04-11 13:45:00+07:00,1555.46,1559.49,1550.55,1552.11
2025-04-11 14:00:00+07:00,1552.17,1554.2,1546.93,1549.79
2025-04-11 14:15:00+07:00,1549.87,1551.48,1546.19,1547.32
2025-04-11 14:30:00+07:00,1547.06,1557.91,1547.03,1556.2
2025-04-11 14:45:00+07:00,1556.25,1557.69,1551.67,1552.32
2025-04-11 15:00:00+07:00,1552.32,1572.2,1537.45,1557.44
2025-04-11 15:15:00+07:00,1557.42,1557.68,1548.36,1553.04
2025-04-11 15:30:00+07:00,1553.07,1564.15,1548.39,1549.8
2025-04-11 15:45:00+07:00,1549.86,1551.3,1544.87,1550.99
2025-04-11 16:00:00+07:00,1550.98,1552.61,1543.94,1547.99
2025-04-11 16:15:00+07:00,1548.01,1562.32,1547.02,1559.46
2025-04-11 16:30:00+07:00,1559.41,1570.0,1558.54,1562.46
2025-04-11 16:45:00+07:00,1562.47,1564.18,1558.02,1563.03
2025-04-11 17:00:00+07:00,1563.44,1566.0,1553.5,1556.71
2025-04-11 17:15:00+07:00,1556.67,1569.07,1556.27,1567.25
2025-04-11 17:30:00+07:00,1567.22,1584.52,1566.2,1570.3
2025-04-11 17:45:00+07:00,1570.34,1571.22,1562.24,1567.69
2025-04-11 18:00:00+07:00,1567.7,1574.58,1564.34,1564.81
2025-04-11 18:15:00+07:00,1564.97,1564.97,1557.59,1559.09
2025-04-11 18:30:00+07:00,1559.25,1563.74,1557.36,1562.9
2025-04-11 18:45:00+07:00,1562.95,1564.36,1554.97,1558.2
2025-04-11 19:00:00+07:00,1558.27,1561.45,1553.09,1557.67
2025-04-11 19:15:00+07:00,1557.69,1560.91,1556.06,1559.38
2025-04-11 19:30:00+07:00,1559.25,1572.49,1558.84,1562.92
2025-04-11 19:45:00+07:00,1563.0,1563.69,1553.5,1556.03
2025-04-11 20:00:00+07:00,1557.38,1559.24,1550.94,1551.97
2025-04-11 20:15:00+07:00,1551.96,1559.19,1549.07,1557.83
2025-04-11 20:30:00+07:00,1557.91,1581.1,1553.84,1570.46
2025-04-11 20:45:00+07:00,1570.53,1578.27,1567.74,1570.08
2025-04-11 21:00:00+07:00,1570.02,1570.02,1556.13,1564.14
2025-04-11 21:15:00+07:00,1564.04,1567.58,1540.76,1545.43
2025-04-11 21:30:00+07:00,1545.38,1558.08,1544.12,1557.14
2025-04-11 21:45:00+07:00,1557.12,1564.41,1553.81,1555.87
2025-04-11 22:00:00+07:00,1555.88,1562.44,1553.32,1556.56
2025-04-11 22:15:00+07:00,1556.57,1561.93,1553.94,1560.96
2025-04-11 22:30:00+07:00,1560.86,1570.4,1559.82,1566.9
2025-04-11 22:45:00+07:00,1566.96,1567.61,1564.2,1565.09
2025-04-11 23:00:00+07:00,1565.08,1566.14,1559.02,1560.0
2025-04-11 23:15:00+07:00,1560.01,1561.21,1555.19,1560.38
2025-04-11 23:30:00+07:00,1560.43,1573.04,1560.24,1571.69
2025-04-11 23:45:00+07:00,1571.71,1573.21,1565.11,1565.13
2025-04-12 00:00:00+07:00,1565.14,1568.94,1562.81,1566.4
2025-04-12 00:15:00+07:00,1566.45,1569.84,1563.42,1565.95
2025-04-12 00:30:00+07:00,1565.97,1590.83,1565.29,1587.16
2025-04-12 00:45:00+07:00,1587.41,1588.27,1577.64,1579.66
2025-04-12 01:00:00+07:00,1579.5,1582.01,1573.29,1575.02
2025-04-12 01:15:00+07:00,1575.0,1576.84,1566.44,1573.17
2025-04-12 01:30:00+07:00,1573.16,1574.08,1567.82,1569.11
2025-04-12 01:45:00+07:00,1569.14,1569.84,1561.08,1561.72
2025-04-12 02:00:00+07:00,1561.78,1571.38,1561.5,1571.27
2025-04-12 02:15:00+07:00,1571.29,1572.15,1567.19,1567.6
2025-04-12 02:30:00+07:00,1567.59,1567.94,1564.64,1565.89
2025-04-12 02:45:00+07:00,1565.82,1567.53,1561.45,1565.39
2025-04-12 03:00:00+07:00,1565.17,1566.26,1562.31,1564.5
2025-04-12 03:15:00+07:00,1564.57,1572.52,1563.61,1571.96
2025-04-12 03:30:00+07:00,1571.95,1574.37,1568.79,1573.65
2025-04-12 03:45:00+07:00,1573.64,1573.64,1568.04,1571.15
2025-04-12 04:00:00+07:00,1570.93,1580.23,1570.93,1578.5
2025-04-12 04:15:00+07:00,1578.52,1586.55,1575.32,1575.66
2025-04-12 04:30:00+07:00,1575.63,1576.82,1564.95,1571.77
2025-04-12 04:45:00+07:00,1571.82,1575.13,1568.34,1572.35
2025-04-12 05:00:00+07:00,1572.42,1575.04,1569.07,1569.98
2025-04-12 05:15:00+07:00,1569.97,1572.49,1567.04,1572.16
2025-04-12 05:30:00+07:00,1572.19,1572.19,1566.22,1568.16
2025-04-12 05:45:00+07:00,1568.18,1570.51,1565.06,1565.82
2025-04-12 06:00:00+07:00,1565.74,1565.75,1561.55,1563.09
2025-04-12 06:15:00+07:00,1563.09,1565.05,1557.63,1560.6
2025-04-12 06:30:00+07:00,1560.7,1567.68,1560.09,1566.89
2025-04-12 06:45:00+07:00,1566.85,1570.56,1565.97,1566.24
2025-04-12 07:00:00+07:00,1566.08,1569.22,1561.24,1561.31
2025-04-12 07:15:00+07:00,1561.34,1565.2,1560.92,1563.82
2025-04-12 07:30:00+07:00,1563.81,1567.66,1561.06,1565.5
2025-04-12 07:45:00+07:00,1565.45,1566.75,1560.15,1561.52
2025-04-12 08:00:00+07:00,1561.51,1564.1,1556.82,1560.85
2025-04-12 08:15:00+07:00,1560.87,1561.3,1555.06,1557.29
2025-04-12 08:30:00+07:00,1557.28,1560.55,1556.88,1559.13
2025-04-12 08:45:00+07:00,1558.93,1560.96,1551.74,1553.98
2025-04-12 09:00:00+07:00,1553.99,1556.66,1545.33,1548.81
2025-04-12 09:15:00+07:00,1548.86,1554.53,1548.11,1553.83
2025-04-12 09:30:00+07:00,1553.79,1556.61,1551.55,1554.5
2025-04-12 09:45:00+07:00,1554.49,1554.88,1546.97,1547.1
2025-04-12 10:00:00+07:00,1547.09,1551.43,1546.07,1549.33
2025-04-12 10:15:00+07:00,1549.33,1552.27,1548.07,1551.28
2025-04-12 10:30:00+07:00,1551.3,1557.3,1550.1,1557.28
2025-04-12 10:45:00+07:00,1557.26,1558.98,1552.9,1553.86
2025-04-12 11:00:00+07:00,1553.88,1554.35,1549.87,1551.56
2025-04-12 11:15:00+07:00,1551.61,1558.28,1550.3,1558.28
2025-04-12 11:30:00+07:00,1558.26,1569.38,1554.97,1559.3
2025-04-12 11:45:00+07:00,1559.3,1568.85,1558.45,1566.85
2025-04-12 12:00:00+07:00,1567.13,1569.39,1564.07,1566.67
2025-04-12 12:15:00+07:00,1566.66,1570.53,1564.92,1568.1
2025-04-12 12:30:00+07:00,1568.12,1572.11,1567.91,1568.64
2025-04-12 12:45:00+07:00,1568.65,1569.13,1566.68,1568.1
2025-04-12 13:00:00+07:00,1568.16,1575.31,1568.16,1574.94
2025-04-12 13:15:00+07:00,1575.0,1578.42,1571.71,1573.33
2025-04-12 13:30:00+07:00,1573.38,1574.69,1570.49,1574.22
2025-04-12 13:45:00+07:00,1574.2,1574.99,1570.63,1573.36
2025-04-12 14:00:00+07:00,1573.38,1575.58,1570.72,1575.58
2025-04-12 14:15:00+07:00,1575.52,1578.2,1574.21,1576.05
2025-04-12 14:30:00+07:00,1576.06,1581.99,1576.05,1580.21
2025-04-12 14:45:00+07:00,1580.25,1584.85,1579.94,1581.54
2025-04-12 15:00:00+07:00,1581.55,1605.9,1580.34,1603.27
2025-04-12 15:15:00+07:00,1603.22,1603.41,1591.06,1593.37
2025-04-12 15:30:00+07:00,1593.36,1595.51,1588.02,1594.76
2025-04-12 15:45:00+07:00,1594.76,1595.44,1590.81,1591.24
2025-04-12 16:00:00+07:00,1591.22,1597.93,1590.05,1590.86
2025-04-12 16:15:00+07:00,1590.83,1595.23,1588.16,1592.9
2025-04-12 16:30:00+07:00,1592.84,1597.4,1592.56,1596.0
2025-04-12 16:45:00+07:00,1595.98,1601.64,1595.56,1596.95
2025-04-12 17:00:00+07:00,1596.96,1597.16,1591.75,1593.03
2025-04-12 17:15:00+07:00,1593.04,1596.18,1591.12,1593.9
2025-04-12 17:30:00+07:00,1593.86,1594.3,1588.51,1588.52
2025-04-12 17:45:00+07:00,1588.53,1591.97,1587.27,1591.6
2025-04-12 18:00:00+07:00,1591.63,1596.89,1591.63,1596.88
2025-04-12 18:15:00+07:00,1596.76,1598.07,1595.29,1597.33
2025-04-12 18:30:00+07:00,1597.31,1597.31,1592.81,1593.95
2025-04-12 18:45:00+07:00,1593.95,1595.27,1593.06,1593.44
2025-04-12 19:00:00+07:00,1593.46,1596.45,1590.07,1596.34
2025-04-12 19:15:00+07:00,1596.39,1598.57,1594.19,1596.76
2025-04-12 19:30:00+07:00,1596.8,1615.67,1592.87,1602.81
2025-04-12 19:45:00+07:00,1602.76,1609.06,1598.57,1606.66
2025-04-12 20:00:00+07:00,1606.79,1625.05,1605.37,1619.36
2025-04-12 20:15:00+07:00,1619.34,1622.58,1608.02,1620.06
2025-04-12 20:30:00+07:00,1620.18,1630.46,1612.29,1624.23
2025-04-12 20:45:00+07:00,1624.22,1646.65,1623.42,1638.27
2025-04-12 21:00:00+07:00,1638.22,1652.67,1635.26,1645.5
2025-04-12 21:15:00+07:00,1645.51,1669.39,1642.31,1656.45
2025-04-12 21:30:00+07:00,1656.45,1666.92,1651.24,1654.07
2025-04-12 21:45:00+07:00,1654.09,1656.95,1647.33,1653.43
2025-04-12 22:00:00+07:00,1653.41,1656.46,1647.61,1650.05
2025-04-12 22:15:00+07:00,1650.1,1666.81,1650.1,1659.95
2025-04-12 22:30:00+07:00,1659.94,1666.96,1656.61,1660.07
2025-04-12 22:45:00+07:00,1660.02,1661.54,1653.98,1655.48
2025-04-12 23:00:00+07:00,1655.43,1661.92,1650.18,1653.66
2025-04-12 23:15:00+07:00,1653.53,1660.3,1651.94,1657.48
2025-04-12 23:30:00+07:00,1657.49,1658.24,1645.32,1645.87
2025-04-12 23:45:00+07:00,1645.89,1646.48,1636.96,1643.4
2025-04-13 00:00:00+07:00,1643.32,1646.71,1627.8,1629.2
2025-04-13 00:15:00+07:00,1629.3,1639.72,1628.94,1637.22
2025-04-13 00:30:00+07:00,1637.22,1641.61,1636.82,1637.95
2025-04-13 00:45:00+07:00,1637.93,1638.09,1631.71,1633.51
2025-04-13 01:00:00+07:00,1633.53,1641.01,1632.88,1640.23
2025-04-13 01:15:00+07:00,1640.41,1645.81,1639.23,1645.14
2025-04-13 01:30:00+07:00,1645.01,1647.84,1641.62,1647.12
2025-04-13 01:45:00+07:00,1647.13,1654.71,1646.89,1650.29
2025-04-13 02:00:00+07:00,1650.26,1651.14,1644.96,1645.5
2025-04-13 02:15:00+07:00,1645.51,1649.55,1636.47,1639.73
2025-04-13 02:30:00+07:00,1639.66,1641.23,1634.35,1638.71
2025-04-13 02:45:00+07:00,1638.72,1643.34,1638.1,1642.3
2025-04-13 03:00:00+07:00,1642.32,1648.82,1640.75,1644.72
2025-04-13 03:15:00+07:00,1644.74,1648.51,1642.3,1648.48
2025-04-13 03:30:00+07:00,1648.39,1659.74,1647.47,1653.67
2025-04-13 03:45:00+07:00,1653.71,1654.97,1646.78,1648.83
2025-04-13 04:00:00+07:00,1648.79,1651.86,1646.03,1650.24
2025-04-13 04:15:00+07:00,1650.17,1653.25,1648.05,1649.32
2025-04-13 04:30:00+07:00,1649.32,1650.66,1646.25,1650.03
2025-04-13 04:45:00+07:00,1650.03,1654.69,1645.09,1646.93
2025-04-13 05:00:00+07:00,1646.98,1652.41,1646.98,1650.86
2025-04-13 05:15:00+07:00,1650.93,1655.92,1648.59,1648.78
2025-04-13 05:30:00+07:00,1648.8,1652.37,1647.16,1651.76
2025-04-13 05:45:00+07:00,1651.74,1651.74,1647.89,1649.73
2025-04-13 06:00:00+07:00,1649.76,1651.47,1644.6,1646.66
2025-04-13 06:15:00+07:00,1646.67,1651.82,1645.69,1648.17
2025-04-13 06:30:00+07:00,1648.25,1649.11,1645.37,1647.76
2025-04-13 06:45:00+07:00,1647.68,1649.4,1642.68,1643.71
2025-04-13 07:00:00+07:00,1643.85,1647.04,1640.39,1647.02
2025-04-13 07:15:00+07:00,1647.03,1649.12,1636.95,1639.08
2025-04-13 07:30:00+07:00,1639.1,1640.2,1634.44,1639.26
2025-04-13 07:45:00+07:00,1639.25,1646.2,1638.74,1641.88
2025-04-13 08:00:00+07:00,1641.71,1647.69,1638.37,1645.27
2025-04-13 08:15:00+07:00,1645.3,1647.38,1639.31,1645.03
2025-04-13 08:30:00+07:00,1645.08,1649.45,1634.61,1638.71
2025-04-13 08:45:00+07:00,1638.78,1639.84,1608.73,1616.69
2025-04-13 09:00:00+07:00,1616.49,1621.87,1615.47,1617.33
2025-04-13 09:15:00+07:00,1617.3,1619.75,1605.81,1609.52
2025-04-13 09:30:00+07:00,1609.53,1622.35,1607.9,1619.22
2025-04-13 09:45:00+07:00,1619.19,1628.02,1617.68,1624.74
2025-04-13 10:00:00+07:00,1624.77,1628.96,1623.97,1627.12
2025-04-13 10:15:00+07:00,1627.09,1628.14,1620.95,1622.31
2025-04-13 10:30:00+07:00,1622.29,1628.7,1622.08,1624.62
2025-04-13 10:45:00+07:00,1624.62,1628.06,1622.76,1623.82
2025-04-13 11:00:00+07:00,1623.8,1624.1,1616.17,1616.48
2025-04-13 11:15:00+07:00,1616.43,1620.1,1609.21,1617.95
2025-04-13 11:30:00+07:00,1617.98,1618.5,1609.3,1613.06
2025-04-13 11:45:00+07:00,1613.05,1617.7,1602.3,1608.39
2025-04-13 12:00:00+07:00,1608.38,1611.51,1596.51,1598.35
2025-04-13 12:15:00+07:00,1598.32,1607.56,1598.06,1607.41
2025-04-13 12:30:00+07:00,1607.4,1613.09,1606.82,1612.17
2025-04-13 12:45:00+07:00,1612.29,1612.97,1605.37,1608.72
2025-04-13 13:00:00+07:00,1608.72,1612.71,1607.23,1610.93
2025-04-13 13:15:00+07:00,1610.94,1616.8,1608.55,1614.52
2025-04-13 13:30:00+07:00,1614.49,1619.95,1614.38,1617.82
2025-04-13 13:45:00+07:00,1617.83,1623.03,1615.52,1616.39
2025-04-13 14:00:00+07:00,1616.35,1620.96,1616.16,1620.52
2025-04-13 14:15:00+07:00,1620.53,1620.84,1614.83,1615.87
2025-04-13 14:30:00+07:00,1615.88,1616.24,1610.15,1611.72
2025-04-13 14:45:00+07:00,1611.74,1615.13,1611.66,1612.91
2025-04-13 15:00:00+07:00,1612.91,1613.9,1608.05,1608.9
2025-04-13 15:15:00+07:00,1608.91,1617.88,1608.29,1616.76
2025-04-13 15:30:00+07:00,1616.59,1619.68,1615.42,1616.24
2025-04-13 15:45:00+07:00,1616.25,1621.36,1615.78,1619.87
2025-04-13 16:00:00+07:00,1619.9,1622.65,1617.18,1618.34
2025-04-13 16:15:00+07:00,1618.33,1625.94,1616.35,1624.27
2025-04-13 16:30:00+07:00,1624.27,1626.11,1621.16,1624.87
2025-04-13 16:45:00+07:00,1624.87,1627.27,1621.58,1626.54
2025-04-13 17:00:00+07:00,1626.55,1627.61,1618.29,1621.12
2025-04-13 17:15:00+07:00,1621.1,1621.43,1612.59,1613.14
2025-04-13 17:30:00+07:00,1613.02,1616.84,1611.57,1614.89
2025-04-13 17:45:00+07:00,1614.87,1618.75,1613.51,1617.26
2025-04-13 18:00:00+07:00,1617.26,1618.2,1613.75,1615.41
2025-04-13 18:15:00+07:00,1615.38,1615.38,1591.57,1602.69
2025-04-13 18:30:00+07:00,1602.68,1604.29,1597.14,1600.72
2025-04-13 18:45:00+07:00,1600.74,1603.99,1595.68,1603.67
2025-04-13 19:00:00+07:00,1603.77,1606.21,1599.3,1605.47
2025-04-13 19:15:00+07:00,1605.46,1608.72,1600.44,1602.05
2025-04-13 19:30:00+07:00,1602.04,1605.72,1599.12,1603.14
2025-04-13 19:45:00+07:00,1602.87,1605.42,1601.0,1602.55
2025-04-13 20:00:00+07:00,1602.56,1607.19,1597.67,1605.56
2025-04-13 20:15:00+07:00,1605.42,1607.46,1590.64,1592.97
2025-04-13 20:30:00+07:00,1593.07,1597.27,1581.4,1583.44
2025-04-13 20:45:00+07:00,1583.59,1589.33,1565.43,1573.77
2025-04-13 21:00:00+07:00,1573.63,1580.68,1567.57,1578.18
2025-04-13 21:15:00+07:00,1578.2,1581.24,1574.4,1579.46
2025-04-13 21:30:00+07:00,1579.45,1588.98,1577.6,1584.45
2025-04-13 21:45:00+07:00,1584.59,1585.88,1581.86,1585.51
2025-04-13 22:00:00+07:00,1585.46,1587.59,1579.92,1585.34
2025-04-13 22:15:00+07:00,1585.4,1587.66,1579.13,1582.88
2025-04-13 22:30:00+07:00,1582.89,1585.24,1580.17,1581.81
2025-04-13 22:45:00+07:00,1581.8,1588.3,1581.39,1586.17
2025-04-13 23:00:00+07:00,1586.11,1594.74,1585.92,1591.97
2025-04-13 23:15:00+07:00,1591.93,1601.91,1591.32,1596.91
2025-04-13 23:30:00+07:00,1597.01,1598.32,1592.29,1592.89
2025-04-13 23:45:00+07:00,1592.87,1595.49,1590.6,1595.06
2025-04-14 00:00:00+07:00,1595.06,1599.69,1593.6,1599.58
2025-04-14 00:15:00+07:00,1599.54,1635.79,1597.23,1615.46
2025-04-14 00:30:00+07:00,1615.48,1630.85,1610.52,1629.48
2025-04-14 00:45:00+07:00,1629.48,1649.13,1626.83,1636.86
2025-04-14 01:00:00+07:00,1636.54,1647.09,1632.78,1635.97
2025-04-14 01:15:00+07:00,1635.92,1636.41,1625.71,1627.06
2025-04-14 01:30:00+07:00,1627.11,1634.85,1625.73,1631.96
2025-04-14 01:45:00+07:00,1631.9,1632.73,1627.58,1629.39
2025-04-14 02:00:00+07:00,1629.42,1629.81,1617.64,1623.75
2025-04-14 02:15:00+07:00,1623.75,1627.95,1617.19,1620.14
2025-04-14 02:30:00+07:00,1620.25,1624.15,1561.42,1580.33
2025-04-14 02:45:00+07:00,1580.27,1593.22,1573.39,1589.64
2025-04-14 03:00:00+07:00,1589.69,1616.54,1583.38,1607.36
2025-04-14 03:15:00+07:00,1607.32,1612.48,1605.85,1606.85
2025-04-14 03:30:00+07:00,1606.78,1609.41,1584.17,1592.52
2025-04-14 03:45:00+07:00,1592.53,1598.49,1586.9,1590.34
2025-04-14 04:00:00+07:00,1590.4,1590.4,1573.3,1585.78
2025-04-14 04:15:00+07:00,1585.77,1593.68,1582.09,1590.95
2025-04-14 04:30:00+07:00,1590.96,1596.73,1571.88,1581.59
2025-04-14 04:45:00+07:00,1581.64,1602.7,1581.03,1593.34
2025-04-14 05:00:00+07:00,1593.36,1599.44,1586.4,1587.69
2025-04-14 05:15:00+07:00,1587.62,1593.4,1585.97,1592.0
2025-04-14 05:30:00+07:00,1591.99,1594.21,1584.21,1586.74
2025-04-14 05:45:00+07:00,1586.7,1590.46,1583.09,1585.88
2025-04-14 06:00:00+07:00,1585.86,1595.21,1581.12,1592.41
2025-04-14 06:15:00+07:00,1592.37,1596.75,1590.62,1595.55
2025-04-14 06:30:00+07:00,1595.49,1595.9,1586.63,1589.85
2025-04-14 06:45:00+07:00,1589.86,1599.97,1588.88,1597.28
2025-04-14 07:00:00+07:00,1597.25,1610.31,1595.09,1607.62
2025-04-14 07:15:00+07:00,1607.65,1633.46,1605.11,1622.57
2025-04-14 07:30:00+07:00,1622.59,1624.14,1612.83,1619.11
2025-04-14 07:45:00+07:00,1619.25,1620.27,1607.1,1611.45
2025-04-14 08:00:00+07:00,1611.45,1618.14,1608.55,1616.1
2025-04-14 08:15:00+07:00,1616.02,1619.19,1612.65,1619.05
2025-04-14 08:30:00+07:00,1619.03,1622.18,1614.88,1619.27
2025-04-14 08:45:00+07:00,1619.22,1620.99,1611.1,1616.98
2025-04-14 09:00:00+07:00,1616.95,1623.81,1613.96,1622.25
2025-04-14 09:15:00+07:00,1622.31,1640.66,1621.8,1639.77
2025-04-14 09:30:00+07:00,1639.73,1660.07,1638.03,1640.75
2025-04-14 09:45:00+07:00,1640.79,1646.77,1634.02,1635.14
2025-04-14 10:00:00+07:00,1634.99,1636.24,1626.38,1629.14
2025-04-14 10:15:00+07:00,1629.12,1635.23,1627.35,1632.76
2025-04-14 10:30:00+07:00,1632.78,1637.32,1627.82,1631.36
2025-04-14 10:45:00+07:00,1631.35,1633.37,1625.9,1629.33
2025-04-14 11:00:00+07:00,1629.34,1634.91,1629.15,1629.75
2025-04-14 11:15:00+07:00,1629.77,1636.64,1627.19,1636.22
2025-04-14 11:30:00+07:00,1636.26,1638.8,1632.96,1636.24
2025-04-14 11:45:00+07:00,1636.26,1641.96,1635.14,1636.23
2025-04-14 12:00:00+07:00,1636.28,1639.98,1633.57,1636.4
2025-04-14 12:15:00+07:00,1636.42,1637.36,1632.75,1635.86
2025-04-14 12:30:00+07:00,1635.86,1636.76,1621.52,1621.95
2025-04-14 12:45:00+07:00,1622.06,1624.87,1620.22,1623.99
2025-04-14 13:00:00+07:00,1623.94,1624.03,1613.92,1618.5
2025-04-14 13:15:00+07:00,1618.57,1623.9,1617.55,1620.39
2025-04-14 13:30:00+07:00,1620.41,1627.78,1619.71,1626.5
2025-04-14 13:45:00+07:00,1626.52,1627.63,1620.96,1623.35
2025-04-14 14:00:00+07:00,1623.29,1627.83,1614.63,1615.43
2025-04-14 14:15:00+07:00,1615.19,1625.3,1612.05,1625.13
2025-04-14 14:30:00+07:00,1625.08,1628.86,1623.25,1627.34
2025-04-14 14:45:00+07:00,1627.37,1636.01,1627.0,1635.19
2025-04-14 15:00:00+07:00,1635.24,1638.14,1628.92,1630.28
2025-04-14 15:15:00+07:00,1630.35,1636.85,1629.39,1635.4
2025-04-14 15:30:00+07:00,1635.39,1641.29,1632.43,1638.91
2025-04-14 15:45:00+07:00,1638.94,1641.87,1635.53,1637.86
2025-04-14 16:00:00+07:00,1637.89,1645.04,1636.12,1643.03
2025-04-14 16:15:00+07:00,1643.02,1643.41,1632.04,1633.28
2025-04-14 16:30:00+07:00,1633.26,1635.26,1630.74,1634.77
2025-04-14 16:45:00+07:00,1634.8,1642.46,1631.59,1640.79
2025-04-14 17:00:00+07:00,1640.77,1654.89,1638.73,1646.6
2025-04-14 17:15:00+07:00,1646.64,1668.24,1646.6,1662.34
2025-04-14 17:30:00+07:00,1662.31,1680.36,1662.28,1678.61
2025-04-14 17:45:00+07:00,1678.66,1684.67,1673.72,1678.55
2025-04-14 18:00:00+07:00,1678.67,1688.88,1672.23,1685.89
2025-04-14 18:15:00+07:00,1685.89,1690.98,1673.4,1675.61
2025-04-14 18:30:00+07:00,1675.6,1679.89,1671.22,1672.37
2025-04-14 18:45:00+07:00,1672.4,1677.48,1672.01,1675.02
2025-04-14 19:00:00+07:00,1674.95,1677.87,1665.59,1666.45
2025-04-14 19:15:00+07:00,1666.46,1674.56,1665.68,1672.75
2025-04-14 19:30:00+07:00,1672.77,1676.45,1671.17,1672.05
2025-04-14 19:45:00+07:00,1672.06,1677.48,1670.2,1677.48
2025-04-14 20:00:00+07:00,1677.54,1680.45,1669.92,1674.88
2025-04-14 20:15:00+07:00,1674.7,1678.03,1670.94,1673.0
2025-04-14 20:30:00+07:00,1673.04,1675.14,1651.45,1657.32
2025-04-14 20:45:00+07:00,1657.3,1664.52,1647.74,1657.96
2025-04-14 21:00:00+07:00,1657.99,1666.29,1654.51,1662.21
2025-04-14 21:15:00+07:00,1662.26,1668.22,1658.91,1667.59
2025-04-14 21:30:00+07:00,1667.64,1678.74,1666.22,1670.21
2025-04-14 21:45:00+07:00,1670.14,1689.4,1670.14,1672.84
2025-04-14 22:00:00+07:00,1672.87,1674.61,1654.43,1656.25
2025-04-14 22:15:00+07:00,1656.2,1661.8,1649.84,1650.62
2025-04-14 22:30:00+07:00,1650.72,1655.99,1624.84,1636.49
2025-04-14 22:45:00+07:00,1636.48,1637.95,1618.83,1627.36
2025-04-14 23:00:00+07:00,1627.42,1631.57,1614.2,1625.88
2025-04-14 23:15:00+07:00,1625.92,1636.36,1621.19,1623.49
2025-04-14 23:30:00+07:00,1623.43,1634.47,1621.14,1634.31
2025-04-14 23:45:00+07:00,1634.37,1635.18,1626.25,1627.38
2025-04-15 00:00:00+07:00,1627.35,1635.69,1626.6,1633.94
2025-04-15 00:15:00+07:00,1633.95,1646.61,1629.91,1641.08
2025-04-15 00:30:00+07:00,1641.05,1643.12,1636.58,1641.16
2025-04-15 00:45:00+07:00,1641.03,1649.46,1638.88,1647.74
2025-04-15 01:00:00+07:00,1647.76,1651.24,1643.08,1643.76
2025-04-15 01:15:00+07:00,1643.84,1644.56,1639.01,1640.78
2025-04-15 01:30:00+07:00,1640.75,1643.01,1637.65,1641.88
2025-04-15 01:45:00+07:00,1641.87,1642.37,1634.71,1640.13
2025-04-15 02:00:00+07:00,1640.15,1647.09,1637.71,1643.98
2025-04-15 02:15:00+07:00,1643.92,1645.76,1637.51,1638.18
2025-04-15 02:30:00+07:00,1638.21,1641.98,1634.31,1638.51
2025-04-15 02:45:00+07:00,1638.61,1639.52,1630.76,1635.97
2025-04-15 03:00:00+07:00,1636.21,1637.09,1629.05,1634.12
2025-04-15 03:15:00+07:00,1634.07,1634.55,1626.07,1628.4
2025-04-15 03:30:00+07:00,1628.42,1630.84,1626.51,1628.39
2025-04-15 03:45:00+07:00,1628.39,1637.72,1628.18,1635.01
2025-04-15 04:00:00+07:00,1635.02,1635.15,1631.0,1634.82
2025-04-15 04:15:00+07:00,1634.78,1635.38,1628.94,1630.51
2025-04-15 04:30:00+07:00,1630.51,1630.86,1605.76,1618.48
2025-04-15 04:45:00+07:00,1618.21,1626.19,1614.3,1624.05
2025-04-15 05:00:00+07:00,1624.12,1624.67,1618.38,1619.21
2025-04-15 05:15:00+07:00,1619.19,1620.62,1613.58,1616.1
2025-04-15 05:30:00+07:00,1616.09,1623.74,1615.37,1622.26
2025-04-15 05:45:00+07:00,1622.27,1622.78,1619.2,1620.74
2025-04-15 06:00:00+07:00,1620.72,1626.84,1618.38,1626.11
2025-04-15 06:15:00+07:00,1626.31,1628.82,1623.73,1623.91
2025-04-15 06:30:00+07:00,1623.92,1628.68,1617.99,1618.44
2025-04-15 06:45:00+07:00,1618.45,1623.61,1617.61,1623.22
2025-04-15 07:00:00+07:00,1623.27,1627.95,1617.76,1617.76
2025-04-15 07:15:00+07:00,1617.71,1626.92,1614.27,1626.12
2025-04-15 07:30:00+07:00,1626.1,1632.96,1625.27,1630.2
2025-04-15 07:45:00+07:00,1630.22,1633.93,1627.72,1630.72
2025-04-15 08:00:00+07:00,1630.68,1631.31,1615.02,1619.84
2025-04-15 08:15:00+07:00,1619.87,1631.03,1619.36,1630.51
2025-04-15 08:30:00+07:00,1630.52,1634.92,1628.23,1631.83
2025-04-15 08:45:00+07:00,1631.82,1637.9,1630.11,1633.84
2025-04-15 09:00:00+07:00,1633.91,1637.13,1630.52,1635.83
2025-04-15 09:15:00+07:00,1635.81,1637.67,1621.84,1623.39
2025-04-15 09:30:00+07:00,1623.29,1623.65,1616.53,1623.5
2025-04-15 09:45:00+07:00,1623.51,1632.68,1622.47,1631.37
2025-04-15 10:00:00+07:00,1631.33,1633.2,1627.17,1628.8
2025-04-15 10:15:00+07:00,1628.81,1635.8,1627.96,1634.2
2025-04-15 10:30:00+07:00,1634.29,1643.43,1634.07,1639.1
2025-04-15 10:45:00+07:00,1639.08,1639.42,1636.0,1637.48
2025-04-15 11:00:00+07:00,1637.51,1640.93,1634.55,1634.98
2025-04-15 11:15:00+07:00,1634.95,1636.98,1631.99,1632.28
2025-04-15 11:30:00+07:00,1632.27,1637.13,1631.8,1635.22
2025-04-15 11:45:00+07:00,1635.2,1640.98,1633.48,1638.91
2025-04-15 12:00:00+07:00,1638.9,1643.81,1638.64,1641.62
2025-04-15 12:15:00+07:00,1641.71,1646.25,1640.1,1641.4
2025-04-15 12:30:00+07:00,1641.4,1647.99,1638.93,1643.9
2025-04-15 12:45:00+07:00,1643.94,1644.65,1638.4,1638.43
2025-04-15 13:00:00+07:00,1638.43,1641.26,1635.37,1636.9
2025-04-15 13:15:00+07:00,1636.96,1639.55,1633.55,1638.38
2025-04-15 13:30:00+07:00,1638.39,1642.92,1637.47,1639.55
2025-04-15 13:45:00+07:00,1639.53,1640.39,1634.96,1636.32
2025-04-15 14:00:00+07:00,1636.33,1643.93,1635.91,1640.72
2025-04-15 14:15:00+07:00,1640.79,1646.04,1640.79,1643.33
2025-04-15 14:30:00+07:00,1643.4,1646.57,1642.41,1644.6
2025-04-15 14:45:00+07:00,1644.62,1644.96,1643.35,1644.47
2025-04-15 15:00:00+07:00,1644.5,1647.37,1640.58,1645.04
2025-04-15 15:15:00+07:00,1645.05,1646.91,1640.85,1641.78
2025-04-15 15:30:00+07:00,1641.83,1643.2,1639.6,1641.74
2025-04-15 15:45:00+07:00,1641.75,1643.16,1638.43,1640.59
2025-04-15 16:00:00+07:00,1640.54,1647.18,1638.31,1646.45
2025-04-15 16:15:00+07:00,1646.41,1651.32,1643.28,1643.55
2025-04-15 16:30:00+07:00,1643.51,1644.02,1634.65,1640.5
2025-04-15 16:45:00+07:00,1640.49,1648.24,1638.47,1648.1
2025-04-15 17:00:00+07:00,1648.1,1651.15,1642.53,1642.88
2025-04-15 17:15:00+07:00,1642.9,1643.37,1632.11,1634.89
2025-04-15 17:30:00+07:00,1634.94,1636.21,1625.65,1628.9
2025-04-15 17:45:00+07:00,1628.86,1632.63,1626.08,1632.6
2025-04-15 18:00:00+07:00,1632.67,1632.88,1627.36,1628.58
2025-04-15 18:15:00+07:00,1628.49,1629.13,1621.8,1628.62
2025-04-15 18:30:00+07:00,1628.62,1631.79,1625.99,1631.3
2025-04-15 18:45:00+07:00,1631.35,1632.36,1627.85,1631.52
2025-04-15 19:00:00+07:00,1631.51,1637.67,1630.05,1635.51
2025-04-15 19:15:00+07:00,1635.5,1636.6,1629.61,1630.79
2025-04-15 19:30:00+07:00,1630.61,1634.9,1628.25,1633.99
2025-04-15 19:45:00+07:00,1633.98,1642.54,1631.98,1641.47
2025-04-15 20:00:00+07:00,1641.48,1645.18,1639.01,1641.92
2025-04-15 20:15:00+07:00,1641.84,1642.88,1634.51,1639.69
2025-04-15 20:30:00+07:00,1639.77,1647.97,1631.49,1646.16
2025-04-15 20:45:00+07:00,1645.99,1660.79,1620.03,1628.38
2025-04-15 21:00:00+07:00,1628.45,1636.48,1621.28,1629.8
2025-04-15 21:15:00+07:00,1629.71,1632.61,1600.71,1611.95
2025-04-15 21:30:00+07:00,1612.03,1628.74,1609.52,1625.0
2025-04-15 21:45:00+07:00,1624.97,1627.32,1619.0,1619.83
2025-04-15 22:00:00+07:00,1619.84,1627.7,1618.46,1626.06
2025-04-15 22:15:00+07:00,1626.1,1630.91,1622.31,1623.24
2025-04-15 22:30:00+07:00,1623.25,1623.58,1613.62,1615.72
2025-04-15 22:45:00+07:00,1615.78,1620.52,1611.29,1620.43
2025-04-15 23:00:00+07:00,1620.42,1626.71,1618.9,1623.76
2025-04-15 23:15:00+07:00,1623.79,1625.66,1618.34,1624.78
2025-04-15 23:30:00+07:00,1624.83,1626.06,1620.48,1623.41
2025-04-15 23:45:00+07:00,1623.29,1627.6,1619.55,1622.09
2025-04-16 00:00:00+07:00,1622.08,1626.24,1619.95,1626.24
2025-04-16 00:15:00+07:00,1626.24,1626.58,1614.48,1615.8
2025-04-16 00:30:00+07:00,1615.78,1621.94,1613.25,1620.63
2025-04-16 00:45:00+07:00,1620.64,1622.98,1612.32,1615.65
2025-04-16 01:00:00+07:00,1615.63,1618.63,1611.61,1614.26
2025-04-16 01:15:00+07:00,1614.39,1614.39,1603.76,1608.27
2025-04-16 01:30:00+07:00,1608.31,1614.97,1607.86,1614.78
2025-04-16 01:45:00+07:00,1614.84,1616.04,1607.93,1610.1
2025-04-16 02:00:00+07:00,1610.09,1611.72,1605.1,1611.39
2025-04-16 02:15:00+07:00,1611.37,1612.87,1595.94,1602.09
2025-04-16 02:30:00+07:00,1602.23,1607.67,1602.06,1607.06
2025-04-16 02:45:00+07:00,1607.02,1608.21,1601.7,1606.5
2025-04-16 03:00:00+07:00,1606.55,1612.71,1606.08,1612.13
2025-04-16 03:15:00+07:00,1612.09,1614.45,1608.57,1609.1
2025-04-16 03:30:00+07:00,1609.1,1611.51,1607.14,1607.32
2025-04-16 03:45:00+07:00,1607.24,1607.24,1585.71,1594.33
2025-04-16 04:00:00+07:00,1594.47,1599.02,1591.09,1593.71
2025-04-16 04:15:00+07:00,1593.51,1598.3,1589.16,1597.91
2025-04-16 04:30:00+07:00,1597.95,1604.57,1597.24,1602.95
2025-04-16 04:45:00+07:00,1602.97,1605.47,1598.34,1603.08
2025-04-16 05:00:00+07:00,1603.07,1603.36,1594.23,1595.06
2025-04-16 05:15:00+07:00,1595.01,1597.05,1589.93,1593.64
2025-04-16 05:30:00+07:00,1593.72,1596.95,1593.12,1595.09
2025-04-16 05:45:00+07:00,1595.06,1595.85,1582.51,1590.36
2025-04-16 06:00:00+07:00,1590.39,1595.34,1587.2,1595.08
2025-04-16 06:15:00+07:00,1595.15,1595.8,1590.0,1595.76
2025-04-16 06:30:00+07:00,1595.73,1597.07,1586.28,1588.37
2025-04-16 06:45:00+07:00,1588.28,1590.95,1584.74,1588.17
2025-04-16 07:00:00+07:00,1588.11,1591.48,1581.14,1582.75
2025-04-16 07:15:00+07:00,1582.72,1593.45,1575.72,1592.36
2025-04-16 07:30:00+07:00,1592.19,1594.54,1583.93,1585.97
2025-04-16 07:45:00+07:00,1585.92,1588.19,1578.54,1580.22
2025-04-16 08:00:00+07:00,1580.21,1591.92,1578.02,1589.37
2025-04-16 08:15:00+07:00,1589.31,1597.25,1588.9,1594.97
2025-04-16 08:30:00+07:00,1594.97,1594.97,1589.61,1592.49
2025-04-16 08:45:00+07:00,1592.5,1600.24,1592.21,1595.97
2025-04-16 09:00:00+07:00,1595.98,1602.3,1595.03,1601.18
2025-04-16 09:15:00+07:00,1601.19,1603.79,1597.32,1598.58
2025-04-16 09:30:00+07:00,1598.57,1599.9,1592.62,1592.66
2025-04-16 09:45:00+07:00,1592.63,1598.23,1592.29,1597.8
2025-04-16 10:00:00+07:00,1597.93,1599.86,1595.84,1599.19
2025-04-16 10:15:00+07:00,1599.16,1600.44,1594.94,1595.19
2025-04-16 10:30:00+07:00,1595.17,1596.16,1592.3,1593.27
2025-04-16 10:45:00+07:00,1593.25,1593.25,1588.49,1590.41
2025-04-16 11:00:00+07:00,1590.4,1593.1,1585.6,1586.55
2025-04-16 11:15:00+07:00,1586.55,1586.55,1576.24,1581.01
2025-04-16 11:30:00+07:00,1581.02,1585.75,1577.9,1579.39
2025-04-16 11:45:00+07:00,1579.38,1587.55,1577.76,1586.68
2025-04-16 12:00:00+07:00,1586.73,1592.36,1585.64,1590.09
2025-04-16 12:15:00+07:00,1590.09,1591.86,1551.83,1565.75
2025-04-16 12:30:00+07:00,1565.76,1573.43,1558.2,1572.42
2025-04-16 12:45:00+07:00,1572.28,1574.63,1567.79,1568.72
2025-04-16 13:00:00+07:00,1568.71,1573.26,1565.74,1572.87
2025-04-16 13:15:00+07:00,1572.8,1575.58,1570.85,1571.97
2025-04-16 13:30:00+07:00,1571.95,1577.19,1571.79,1576.39
2025-04-16 13:45:00+07:00,1576.36,1579.51,1575.4,1575.99
2025-04-16 14:00:00+07:00,1576.01,1578.68,1571.23,1573.12
2025-04-16 14:15:00+07:00,1573.09,1573.09,1566.1,1568.04
2025-04-16 14:30:00+07:00,1568.04,1571.29,1563.95,1569.44
2025-04-16 14:45:00+07:00,1569.49,1569.82,1562.28,1563.75
2025-04-16 15:00:00+07:00,1563.7,1565.02,1556.54,1557.99
2025-04-16 15:15:00+07:00,1557.93,1575.08,1556.01,1570.55
2025-04-16 15:30:00+07:00,1570.56,1582.98,1570.56,1579.63
2025-04-16 15:45:00+07:00,1579.64,1581.87,1572.94,1574.86
2025-04-16 16:00:00+07:00,1574.89,1578.03,1573.64,1576.8
2025-04-16 16:15:00+07:00,1576.88,1579.29,1573.48,1574.37
2025-04-16 16:30:00+07:00,1574.38,1576.67,1571.44,1571.85
2025-04-16 16:45:00+07:00,1571.83,1573.17,1566.83,1567.63
2025-04-16 17:00:00+07:00,1567.63,1573.21,1567.05,1572.87
2025-04-16 17:15:00+07:00,1572.86,1581.2,1571.74,1579.36
2025-04-16 17:30:00+07:00,1579.36,1580.24,1577.67,1579.12
2025-04-16 17:45:00+07:00,1579.26,1582.28,1579.06,1581.02
2025-04-16 18:00:00+07:00,1580.98,1585.59,1579.31,1582.92
2025-04-16 18:15:00+07:00,1582.96,1584.43,1577.89,1578.51
2025-04-16 18:30:00+07:00,1578.52,1583.07,1575.61,1582.24
2025-04-16 18:45:00+07:00,1582.36,1585.31,1581.54,1583.44
2025-04-16 19:00:00+07:00,1583.55,1587.07,1581.76,1582.43
2025-04-16 19:15:00+07:00,1582.14,1588.11,1582.12,1585.78
2025-04-16 19:30:00+07:00,1585.78,1587.06,1578.95,1579.47
2025-04-16 19:45:00+07:00,1579.38,1580.05,1574.49,1576.85
2025-04-16 20:00:00+07:00,1576.86,1578.62,1575.25,1576.85
2025-04-16 20:15:00+07:00,1576.83,1578.44,1571.62,1572.62
2025-04-16 20:30:00+07:00,1572.63,1581.92,1567.77,1576.94
2025-04-16 20:45:00+07:00,1576.88,1580.49,1565.75,1566.98
2025-04-16 21:00:00+07:00,1566.92,1578.72,1566.49,1573.08
2025-04-16 21:15:00+07:00,1573.09,1585.6,1569.61,1583.98
2025-04-16 21:30:00+07:00,1583.99,1596.95,1583.98,1594.61
2025-04-16 21:45:00+07:00,1594.58,1598.96,1586.98,1590.46
2025-04-16 22:00:00+07:00,1590.37,1593.68,1584.78,1590.39
2025-04-16 22:15:00+07:00,1590.4,1613.89,1588.61,1604.69
2025-04-16 22:30:00+07:00,1604.99,1606.79,1590.96,1592.92
2025-04-16 22:45:00+07:00,1592.93,1594.92,1588.32,1590.15
2025-04-16 23:00:00+07:00,1590.16,1596.67,1589.1,1592.3
2025-04-16 23:15:00+07:00,1592.35,1593.75,1580.67,1584.17
2025-04-16 23:30:00+07:00,1584.34,1587.13,1575.39,1581.78
2025-04-16 23:45:00+07:00,1581.79,1594.87,1579.71,1592.06
2025-04-17 00:00:00+07:00,1592.07,1598.01,1590.49,1594.79
2025-04-17 00:15:00+07:00,1594.82,1612.4,1594.8,1603.95
2025-04-17 00:30:00+07:00,1603.93,1607.41,1575.95,1583.29
2025-04-17 00:45:00+07:00,1583.51,1583.61,1537.85,1545.02
2025-04-17 01:00:00+07:00,1545.09,1569.01,1542.52,1568.02
2025-04-17 01:15:00+07:00,1568.01,1578.82,1555.78,1576.92
2025-04-17 01:30:00+07:00,1576.86,1579.81,1556.92,1559.96
2025-04-17 01:45:00+07:00,1559.74,1569.76,1556.32,1565.83
2025-04-17 02:00:00+07:00,1565.82,1570.0,1558.97,1566.0
2025-04-17 02:15:00+07:00,1565.98,1567.24,1552.9,1554.11
2025-04-17 02:30:00+07:00,1553.97,1565.02,1551.53,1563.11
2025-04-17 02:45:00+07:00,1563.28,1595.1,1562.98,1588.2
2025-04-17 03:00:00+07:00,1588.26,1590.02,1582.97,1586.43
2025-04-17 03:15:00+07:00,1586.4,1593.7,1585.78,1588.42
2025-04-17 03:30:00+07:00,1588.56,1590.0,1578.94,1579.79
2025-04-17 03:45:00+07:00,1579.8,1580.72,1569.33,1572.99
2025-04-17 04:00:00+07:00,1572.99,1582.76,1570.95,1582.69
2025-04-17 04:15:00+07:00,1582.64,1597.86,1580.41,1589.31
2025-04-17 04:30:00+07:00,1589.34,1593.28,1585.53,1587.54
2025-04-17 04:45:00+07:00,1587.54,1597.84,1587.54,1591.61
2025-04-17 05:00:00+07:00,1591.65,1592.63,1586.19,1586.25
2025-04-17 05:15:00+07:00,1586.32,1588.54,1584.27,1585.5
2025-04-17 05:30:00+07:00,1585.6,1590.98,1583.25,1590.45
2025-04-17 05:45:00+07:00,1590.47,1590.58,1586.11,1587.3
2025-04-17 06:00:00+07:00,1587.33,1588.19,1579.7,1580.96
2025-04-17 06:15:00+07:00,1580.97,1582.13,1576.28,1577.54
2025-04-17 06:30:00+07:00,1577.55,1577.94,1572.14,1577.11
2025-04-17 06:45:00+07:00,1576.89,1579.12,1575.9,1576.85
2025-04-17 07:00:00+07:00,1576.84,1582.14,1574.24,1578.36
2025-04-17 07:15:00+07:00,1578.39,1585.07,1575.99,1582.53
2025-04-17 07:30:00+07:00,1582.56,1586.57,1579.93,1581.53
2025-04-17 07:45:00+07:00,1581.31,1584.99,1580.6,1584.94
2025-04-17 08:00:00+07:00,1584.92,1589.31,1582.42,1587.17
2025-04-17 08:15:00+07:00,1587.2,1589.64,1585.32,1588.94
2025-04-17 08:30:00+07:00,1589.01,1593.56,1584.17,1585.17
2025-04-17 08:45:00+07:00,1584.95,1589.73,1582.27,1588.97
2025-04-17 09:00:00+07:00,1588.95,1589.75,1584.23,1584.75
2025-04-17 09:15:00+07:00,1584.76,1588.7,1581.38,1588.18
2025-04-17 09:30:00+07:00,1588.2,1590.79,1584.53,1585.88
2025-04-17 09:45:00+07:00,1585.89,1593.01,1585.72,1591.28
2025-04-17 10:00:00+07:00,1591.32,1594.92,1588.79,1589.46
2025-04-17 10:15:00+07:00,1589.45,1590.02,1577.4,1578.49
2025-04-17 10:30:00+07:00,1578.51,1581.9,1576.67,1580.98
2025-04-17 10:45:00+07:00,1580.99,1585.23,1579.67,1584.39
2025-04-17 11:00:00+07:00,1584.3,1585.77,1581.57,1582.41
2025-04-17 11:15:00+07:00,1582.42,1584.64,1581.31,1583.19
2025-04-17 11:30:00+07:00,1583.19,1584.95,1580.37,1584.52
2025-04-17 11:45:00+07:00,1584.51,1592.14,1584.42,1590.79
2025-04-17 12:00:00+07:00,1590.81,1595.52,1589.35,1593.63
2025-04-17 12:15:00+07:00,1593.51,1598.63,1592.78,1595.49
2025-04-17 12:30:00+07:00,1595.48,1603.23,1594.97,1600.11
2025-04-17 12:45:00+07:00,1600.14,1603.07,1596.99,1598.44
2025-04-17 13:00:00+07:00,1598.45,1604.81,1596.8,1600.99
2025-04-17 13:15:00+07:00,1601.02,1609.05,1600.1,1606.35
2025-04-17 13:30:00+07:00,1606.42,1607.49,1601.68,1602.61
2025-04-17 13:45:00+07:00,1602.59,1604.85,1600.45,1601.56
2025-04-17 14:00:00+07:00,1601.6,1602.58,1599.13,1599.97
2025-04-17 14:15:00+07:00,1599.94,1607.83,1599.21,1607.74
2025-04-17 14:30:00+07:00,1607.75,1610.14,1601.58,1602.82
2025-04-17 14:45:00+07:00,1602.76,1605.07,1599.83,1601.22
2025-04-17 15:00:00+07:00,1601.27,1603.83,1600.08,1601.84
2025-04-17 15:15:00+07:00,1601.83,1602.19,1598.26,1599.28
2025-04-17 15:30:00+07:00,1599.25,1602.11,1598.12,1601.04
2025-04-17 15:45:00+07:00,1601.1,1603.52,1593.66,1594.95
2025-04-17 16:00:00+07:00,1594.97,1596.04,1590.97,1594.65
2025-04-17 16:15:00+07:00,1594.64,1595.49,1591.66,1592.57
2025-04-17 16:30:00+07:00,1592.6,1596.85,1591.94,1596.18
2025-04-17 16:45:00+07:00,1596.03,1597.15,1593.25,1594.73
2025-04-17 17:00:00+07:00,1594.72,1596.61,1589.06,1589.24
2025-04-17 17:15:00+07:00,1589.25,1594.16,1587.93,1593.6
2025-04-17 17:30:00+07:00,1593.63,1594.73,1590.8,1591.82
2025-04-17 17:45:00+07:00,1591.83,1593.77,1590.58,1593.2
2025-04-17 18:00:00+07:00,1593.21,1596.79,1588.34,1589.89
2025-04-17 18:15:00+07:00,1590.09,1594.15,1589.76,1592.94
2025-04-17 18:30:00+07:00,1593.13,1596.48,1590.33,1595.11
2025-04-17 18:45:00+07:00,1595.12,1598.32,1592.53,1592.78
2025-04-17 19:00:00+07:00,1592.78,1598.51,1592.52,1595.07
2025-04-17 19:15:00+07:00,1595.15,1602.94,1594.5,1600.26
2025-04-17 19:30:00+07:00,1600.48,1601.27,1596.63,1598.42
2025-04-17 19:45:00+07:00,1598.41,1601.52,1597.34,1601.21
2025-04-17 20:00:00+07:00,1601.21,1601.28,1592.9,1593.08
2025-04-17 20:15:00+07:00,1593.1,1596.62,1591.04,1595.76
2025-04-17 20:30:00+07:00,1595.76,1597.26,1588.65,1594.77
2025-04-17 20:45:00+07:00,1594.71,1597.21,1590.6,1593.28
2025-04-17 21:00:00+07:00,1593.29,1594.14,1582.24,1585.03
2025-04-17 21:15:00+07:00,1585.05,1586.1,1574.43,1575.99
2025-04-17 21:30:00+07:00,1576.0,1577.94,1562.54,1573.8
2025-04-17 21:45:00+07:00,1573.85,1573.96,1568.96,1569.12
2025-04-17 22:00:00+07:00,1569.13,1587.13,1569.13,1584.13
2025-04-17 22:15:00+07:00,1584.06,1586.46,1577.4,1578.5
2025-04-17 22:30:00+07:00,1578.5,1587.07,1578.29,1582.36
2025-04-17 22:45:00+07:00,1582.38,1586.6,1580.97,1582.61
2025-04-17 23:00:00+07:00,1582.61,1591.78,1576.96,1588.17
2025-04-17 23:15:00+07:00,1588.09,1610.5,1587.24,1604.5
2025-04-17 23:30:00+07:00,1604.56,1616.45,1599.61,1600.03
2025-04-17 23:45:00+07:00,1600.1,1607.32,1597.91,1604.96
2025-04-18 00:00:00+07:00,1604.89,1612.15,1599.99,1606.88
2025-04-18 00:15:00+07:00,1606.69,1609.13,1600.77,1604.07
2025-04-18 00:30:00+07:00,1604.11,1610.56,1604.1,1610.08
2025-04-18 00:45:00+07:00,1609.92,1615.88,1609.19,1609.5
2025-04-18 01:00:00+07:00,1609.57,1614.43,1606.9,1610.31
2025-04-18 01:15:00+07:00,1610.09,1615.24,1608.47,1608.67
2025-04-18 01:30:00+07:00,1608.66,1611.45,1608.66,1610.94
2025-04-18 01:45:00+07:00,1610.92,1613.08,1600.2,1600.24
2025-04-18 02:00:00+07:00,1600.27,1603.39,1594.41,1595.51
2025-04-18 02:15:00+07:00,1595.5,1597.02,1576.35,1581.52
2025-04-18 02:30:00+07:00,1581.82,1585.21,1577.12,1582.71
2025-04-18 02:45:00+07:00,1582.7,1583.18,1578.37,1580.79
2025-04-18 03:00:00+07:00,1580.71,1587.98,1580.61,1587.1
2025-04-18 03:15:00+07:00,1587.09,1588.31,1582.7,1587.48
2025-04-18 03:30:00+07:00,1587.47,1590.32,1579.74,1584.66
2025-04-18 03:45:00+07:00,1584.64,1588.11,1581.66,1584.0
2025-04-18 04:00:00+07:00,1584.02,1585.94,1582.17,1585.56
2025-04-18 04:15:00+07:00,1585.54,1589.52,1583.48,1584.31
2025-04-18 04:30:00+07:00,1584.4,1587.28,1584.36,1585.04
2025-04-18 04:45:00+07:00,1585.05,1591.29,1584.5,1587.05
2025-04-18 05:00:00+07:00,1586.96,1591.26,1586.25,1590.44
2025-04-18 05:15:00+07:00,1590.49,1591.18,1586.92,1588.75
2025-04-18 05:30:00+07:00,1588.83,1590.36,1584.59,1585.41
2025-04-18 05:45:00+07:00,1585.37,1585.37,1578.33,1578.71
2025-04-18 06:00:00+07:00,1578.74,1585.42,1578.74,1585.38
2025-04-18 06:15:00+07:00,1585.38,1588.02,1583.57,1587.34
2025-04-18 06:30:00+07:00,1587.36,1587.93,1582.91,1583.11
2025-04-18 06:45:00+07:00,1583.11,1583.39,1580.93,1583.12
2025-04-18 07:00:00+07:00,1583.13,1584.67,1579.36,1580.87
2025-04-18 07:15:00+07:00,1580.88,1583.37,1577.01,1582.37
2025-04-18 07:30:00+07:00,1582.49,1583.51,1579.95,1580.9
2025-04-18 07:45:00+07:00,1580.88,1582.83,1576.53,1579.24
2025-04-18 08:00:00+07:00,1579.27,1586.39,1577.4,1586.13
2025-04-18 08:15:00+07:00,1586.11,1588.8,1584.72,1587.59
2025-04-18 08:30:00+07:00,1587.58,1587.6,1581.47,1582.29
2025-04-18 08:45:00+07:00,1582.27,1584.82,1580.77,1582.56
2025-04-18 09:00:00+07:00,1582.56,1583.99,1578.31,1579.77
2025-04-18 09:15:00+07:00,1579.82,1584.62,1579.35,1584.4
2025-04-18 09:30:00+07:00,1584.37,1585.19,1582.53,1584.9
2025-04-18 09:45:00+07:00,1584.92,1587.15,1582.81,1584.11
2025-04-18 10:00:00+07:00,1584.14,1584.54,1580.26,1581.3
2025-04-18 10:15:00+07:00,1581.32,1583.6,1578.78,1579.12
2025-04-18 10:30:00+07:00,1579.1,1582.97,1578.48,1582.77
2025-04-18 10:45:00+07:00,1582.77,1585.02,1581.42,1583.65
2025-04-18 11:00:00+07:00,1583.66,1584.75,1579.02,1579.09
2025-04-18 11:15:00+07:00,1579.08,1583.24,1578.21,1583.01
2025-04-18 11:30:00+07:00,1583.02,1583.49,1579.65,1580.44
2025-04-18 11:45:00+07:00,1580.42,1582.69,1579.44,1580.5
2025-04-18 12:00:00+07:00,1580.46,1580.46,1576.93,1578.84
2025-04-18 12:15:00+07:00,1578.87,1579.89,1572.91,1574.16
2025-04-18 12:30:00+07:00,1574.21,1578.25,1573.11,1577.69
2025-04-18 12:45:00+07:00,1577.72,1581.14,1576.75,1580.96
2025-04-18 13:00:00+07:00,1580.95,1581.49,1577.62,1580.57
2025-04-18 13:15:00+07:00,1580.59,1580.82,1576.86,1578.59
2025-04-18 13:30:00+07:00,1578.59,1579.68,1575.29,1577.77
2025-04-18 13:45:00+07:00,1577.75,1581.03,1577.23,1580.67
2025-04-18 14:00:00+07:00,1580.76,1581.03,1578.07,1579.47
2025-04-18 14:15:00+07:00,1579.42,1582.86,1576.3,1581.45
2025-04-18 14:30:00+07:00,1581.44,1583.94,1580.27,1583.94
2025-04-18 14:45:00+07:00,1583.96,1584.81,1581.91,1583.7
2025-04-18 15:00:00+07:00,1583.77,1586.9,1583.01,1586.64
2025-04-18 15:15:00+07:00,1586.63,1588.53,1585.28,1588.53
2025-04-18 15:30:00+07:00,1588.53,1592.49,1586.09,1590.42
2025-04-18 15:45:00+07:00,1590.67,1591.04,1583.98,1586.34
2025-04-18 16:00:00+07:00,1586.35,1586.35,1583.53,1585.06
2025-04-18 16:15:00+07:00,1585.1,1587.72,1583.79,1586.96
2025-04-18 16:30:00+07:00,1586.95,1590.85,1585.69,1589.92
2025-04-18 16:45:00+07:00,1589.97,1591.46,1586.23,1587.87
2025-04-18 17:00:00+07:00,1587.89,1589.21,1586.32,1587.94
2025-04-18 17:15:00+07:00,1587.94,1589.51,1586.47,1586.88
2025-04-18 17:30:00+07:00,1586.92,1587.45,1583.43,1584.56
2025-04-18 17:45:00+07:00,1584.54,1585.84,1582.52,1583.69
2025-04-18 18:00:00+07:00,1583.66,1587.41,1581.67,1587.41
2025-04-18 18:15:00+07:00,1587.4,1588.27,1584.41,1585.95
2025-04-18 18:30:00+07:00,1585.91,1588.87,1585.32,1588.57
2025-04-18 18:45:00+07:00,1588.55,1590.67,1587.59,1590.15
2025-04-18 19:00:00+07:00,1590.18,1591.74,1587.67,1588.52
2025-04-18 19:15:00+07:00,1588.52,1590.91,1586.58,1590.49
2025-04-18 19:30:00+07:00,1590.6,1596.94,1590.6,1594.58
2025-04-18 19:45:00+07:00,1594.59,1595.79,1592.02,1592.75
2025-04-18 20:00:00+07:00,1592.78,1592.81,1586.73,1588.62
2025-04-18 20:15:00+07:00,1588.67,1590.77,1587.18,1589.63
2025-04-18 20:30:00+07:00,1589.62,1592.02,1588.2,1589.01
2025-04-18 20:45:00+07:00,1588.99,1593.32,1588.3,1592.53
2025-04-18 21:00:00+07:00,1592.36,1595.8,1588.24,1588.45
2025-04-18 21:15:00+07:00,1588.44,1588.71,1586.66,1588.28
2025-04-18 21:30:00+07:00,1588.31,1590.53,1585.49,1590.53
2025-04-18 21:45:00+07:00,1590.51,1590.51,1586.72,1588.58
2025-04-18 22:00:00+07:00,1588.58,1589.42,1578.33,1582.54
2025-04-18 22:15:00+07:00,1582.53,1585.65,1579.8,1580.84
2025-04-18 22:30:00+07:00,1580.91,1582.63,1578.98,1579.85
2025-04-18 22:45:00+07:00,1579.84,1582.83,1579.21,1582.45
2025-04-18 23:00:00+07:00,1582.57,1585.5,1581.17,1584.81
2025-04-18 23:15:00+07:00,1584.82,1587.11,1583.3,1583.9
2025-04-18 23:30:00+07:00,1583.72,1585.8,1583.72,1585.41
2025-04-18 23:45:00+07:00,1585.44,1587.29,1583.81,1586.92
2025-04-19 00:00:00+07:00,1586.96,1588.63,1584.61,1587.36
2025-04-19 00:15:00+07:00,1587.34,1588.23,1585.01,1586.26
2025-04-19 00:30:00+07:00,1586.28,1591.12,1585.99,1590.11
2025-04-19 00:45:00+07:00,1590.12,1592.5,1589.74,1591.31
2025-04-19 01:00:00+07:00,1591.33,1592.02,1589.22,1590.17
2025-04-19 01:15:00+07:00,1590.36,1593.12,1590.06,1593.1
2025-04-19 01:30:00+07:00,1593.09,1594.45,1591.03,1594.18
2025-04-19 01:45:00+07:00,1594.06,1594.5,1591.48,1592.99
2025-04-19 02:00:00+07:00,1592.97,1594.02,1590.63,1593.27
2025-04-19 02:15:00+07:00,1593.28,1594.75,1591.48,1593.49
2025-04-19 02:30:00+07:00,1593.49,1593.49,1590.18,1591.75
2025-04-19 02:45:00+07:00,1591.74,1592.99,1590.09,1592.78
2025-04-19 03:00:00+07:00,1592.74,1594.3,1590.28,1591.99
2025-04-19 03:15:00+07:00,1592.0,1593.06,1589.91,1591.71
2025-04-19 03:30:00+07:00,1591.72,1592.98,1590.59,1591.94
2025-04-19 03:45:00+07:00,1591.94,1593.23,1591.02,1593.01
2025-04-19 04:00:00+07:00,1593.01,1594.71,1592.14,1594.49
2025-04-19 04:15:00+07:00,1594.5,1594.79,1593.87,1594.17
2025-04-19 04:30:00+07:00,1594.17,1600.24,1593.85,1598.12
2025-04-19 04:45:00+07:00,1598.14,1599.53,1594.6,1599.29
2025-04-19 05:00:00+07:00,1599.31,1599.65,1593.85,1594.19
2025-04-19 05:15:00+07:00,1594.17,1595.55,1592.81,1594.76
2025-04-19 05:30:00+07:00,1594.78,1595.98,1594.23,1595.21
2025-04-19 05:45:00+07:00,1595.21,1595.66,1591.53,1592.39
2025-04-19 06:00:00+07:00,1592.37,1592.73,1587.76,1589.38
2025-04-19 06:15:00+07:00,1589.4,1589.48,1586.51,1588.49
2025-04-19 06:30:00+07:00,1588.39,1590.92,1588.27,1590.83
2025-04-19 06:45:00+07:00,1590.8,1591.27,1587.69,1588.13
2025-04-19 07:00:00+07:00,1588.15,1589.75,1586.6,1587.47
2025-04-19 07:15:00+07:00,1587.42,1587.92,1584.56,1585.51
2025-04-19 07:30:00+07:00,1585.53,1589.95,1585.53,1588.18
2025-04-19 07:45:00+07:00,1588.17,1589.18,1585.58,1585.93
2025-04-19 08:00:00+07:00,1585.94,1588.99,1585.34,1588.27
2025-04-19 08:15:00+07:00,1588.31,1590.18,1587.54,1589.35
2025-04-19 08:30:00+07:00,1589.36,1590.63,1587.42,1587.6
2025-04-19 08:45:00+07:00,1587.59,1589.77,1586.17,1589.67
2025-04-19 09:00:00+07:00,1589.68,1595.93,1587.27,1591.53
2025-04-19 09:15:00+07:00,1591.67,1595.23,1591.0,1594.23
2025-04-19 09:30:00+07:00,1594.22,1594.66,1590.58,1590.86
2025-04-19 09:45:00+07:00,1590.87,1592.74,1590.87,1591.86
2025-04-19 10:00:00+07:00,1591.89,1596.49,1591.73,1594.23
2025-04-19 10:15:00+07:00,1594.26,1598.98,1594.26,1597.0
2025-04-19 10:30:00+07:00,1597.18,1599.9,1595.86,1596.13
2025-04-19 10:45:00+07:00,1596.18,1599.07,1596.18,1597.31
2025-04-19 11:00:00+07:00,1597.32,1599.0,1596.45,1598.49
2025-04-19 11:15:00+07:00,1598.48,1612.44,1598.21,1610.71
2025-04-19 11:30:00+07:00,1610.59,1613.13,1604.58,1606.46
2025-04-19 11:45:00+07:00,1606.43,1607.13,1601.94,1603.03
2025-04-19 12:00:00+07:00,1603.06,1604.82,1601.1,1601.68
2025-04-19 12:15:00+07:00,1601.67,1605.36,1600.63,1605.09
2025-04-19 12:30:00+07:00,1605.08,1605.08,1602.05,1603.4
2025-04-19 12:45:00+07:00,1603.41,1604.05,1601.52,1601.86
2025-04-19 13:00:00+07:00,1601.9,1602.82,1598.37,1599.05
2025-04-19 13:15:00+07:00,1598.99,1600.41,1598.8,1599.59
2025-04-19 13:30:00+07:00,1599.54,1599.54,1594.86,1595.83
2025-04-19 13:45:00+07:00,1595.85,1596.8,1595.02,1595.99
2025-04-19 14:00:00+07:00,1596.0,1598.11,1596.0,1597.75
2025-04-19 14:15:00+07:00,1597.78,1603.05,1597.46,1601.67
2025-04-19 14:30:00+07:00,1601.69,1603.74,1600.45,1602.53
2025-04-19 14:45:00+07:00,1602.52,1602.93,1600.16,1600.51
2025-04-19 15:00:00+07:00,1600.53,1601.88,1598.81,1598.9
2025-04-19 15:15:00+07:00,1598.87,1602.09,1598.04,1602.09
2025-04-19 15:30:00+07:00,1602.09,1604.81,1599.41,1603.36
2025-04-19 15:45:00+07:00,1603.37,1604.97,1601.34,1602.46
2025-04-19 16:00:00+07:00,1602.46,1604.98,1601.27,1603.53
2025-04-19 16:15:00+07:00,1603.52,1606.08,1602.58,1602.58
2025-04-19 16:30:00+07:00,1602.54,1602.95,1599.51,1599.9
2025-04-19 16:45:00+07:00,1599.92,1601.18,1597.22,1597.61
2025-04-19 17:00:00+07:00,1597.84,1598.01,1595.84,1597.47
2025-04-19 17:15:00+07:00,1597.47,1600.43,1596.3,1598.29
2025-04-19 17:30:00+07:00,1598.32,1598.59,1593.47,1596.02
2025-04-19 17:45:00+07:00,1596.03,1596.97,1594.84,1595.95
2025-04-19 18:00:00+07:00,1595.94,1598.28,1595.81,1596.85
2025-04-19 18:15:00+07:00,1596.85,1598.21,1595.15,1596.4
2025-04-19 18:30:00+07:00,1596.37,1597.53,1594.74,1595.35
2025-04-19 18:45:00+07:00,1595.31,1596.53,1594.28,1596.53
2025-04-19 19:00:00+07:00,1596.56,1598.68,1596.37,1597.01
2025-04-19 19:15:00+07:00,1597.09,1598.78,1594.83,1598.4
2025-04-19 19:30:00+07:00,1598.41,1598.67,1596.26,1596.47
2025-04-19 19:45:00+07:00,1596.51,1597.02,1594.59,1596.74
2025-04-19 20:00:00+07:00,1596.68,1599.26,1594.71,1598.86
2025-04-19 20:15:00+07:00,1598.85,1601.17,1596.93,1600.53
2025-04-19 20:30:00+07:00,1600.57,1602.44,1598.91,1602.2
2025-04-19 20:45:00+07:00,1602.24,1606.02,1601.12,1604.0
2025-04-19 21:00:00+07:00,1604.05,1607.86,1602.62,1605.11
2025-04-19 21:15:00+07:00,1605.02,1606.32,1603.34,1606.0
2025-04-19 21:30:00+07:00,1606.02,1607.27,1604.02,1604.61
2025-04-19 21:45:00+07:00,1604.6,1606.56,1603.89,1605.66
2025-04-19 22:00:00+07:00,1605.77,1607.95,1603.53,1607.18
2025-04-19 22:15:00+07:00,1607.21,1612.1,1605.14,1610.36
2025-04-19 22:30:00+07:00,1610.38,1611.19,1603.18,1605.48
2025-04-19 22:45:00+07:00,1605.46,1607.03,1602.83,1606.83
2025-04-19 23:00:00+07:00,1606.82,1610.71,1606.62,1607.95
2025-04-19 23:15:00+07:00,1607.91,1609.49,1605.15,1605.24
2025-04-19 23:30:00+07:00,1605.22,1605.3,1601.34,1604.38
2025-04-19 23:45:00+07:00,1604.37,1604.44,1597.86,1599.27
2025-04-20 00:00:00+07:00,1599.25,1603.59,1598.61,1602.17
2025-04-20 00:15:00+07:00,1602.18,1606.36,1602.18,1605.92
2025-04-20 00:30:00+07:00,1605.93,1631.35,1605.74,1618.74
2025-04-20 00:45:00+07:00,1618.71,1622.98,1613.68,1618.38
2025-04-20 01:00:00+07:00,1618.37,1622.77,1616.31,1618.44
2025-04-20 01:15:00+07:00,1618.45,1619.78,1615.48,1616.76
2025-04-20 01:30:00+07:00,1616.71,1620.88,1616.67,1617.46
2025-04-20 01:45:00+07:00,1617.73,1618.0,1614.01,1614.71
2025-04-20 02:00:00+07:00,1614.66,1617.97,1612.73,1616.42
2025-04-20 02:15:00+07:00,1616.42,1616.42,1613.04,1614.92
2025-04-20 02:30:00+07:00,1614.92,1616.95,1614.56,1615.79
2025-04-20 02:45:00+07:00,1615.73,1616.97,1613.24,1614.27
2025-04-20 03:00:00+07:00,1614.27,1615.14,1611.69,1612.17
2025-04-20 03:15:00+07:00,1612.12,1613.71,1610.38,1613.52
2025-04-20 03:30:00+07:00,1613.52,1616.59,1613.12,1616.05
2025-04-20 03:45:00+07:00,1616.04,1616.17,1613.45,1613.49
2025-04-20 04:00:00+07:00,1613.47,1619.67,1613.39,1619.08
2025-04-20 04:15:00+07:00,1619.09,1621.94,1617.2,1617.25
2025-04-20 04:30:00+07:00,1617.25,1619.59,1615.09,1617.33
2025-04-20 04:45:00+07:00,1617.3,1620.61,1616.52,1620.28
2025-04-20 05:00:00+07:00,1620.28,1620.83,1616.99,1617.62
2025-04-20 05:15:00+07:00,1617.63,1618.26,1615.32,1616.39
2025-04-20 05:30:00+07:00,1616.38,1619.02,1616.0,1617.69
2025-04-20 05:45:00+07:00,1617.68,1619.03,1616.38,1618.91
2025-04-20 06:00:00+07:00,1618.91,1620.2,1615.46,1615.88
2025-04-20 06:15:00+07:00,1615.88,1617.38,1613.87,1614.39
2025-04-20 06:30:00+07:00,1614.39,1615.92,1613.6,1614.89
2025-04-20 06:45:00+07:00,1614.82,1615.04,1611.45,1612.87
2025-04-20 07:00:00+07:00,1612.73,1613.56,1607.4,1613.53
2025-04-20 07:15:00+07:00,1613.51,1614.71,1609.78,1611.13
2025-04-20 07:30:00+07:00,1611.03,1611.6,1608.49,1608.89
2025-04-20 07:45:00+07:00,1608.89,1611.14,1608.32,1609.7
2025-04-20 08:00:00+07:00,1609.71,1615.06,1609.07,1614.9
2025-04-20 08:15:00+07:00,1614.74,1617.12,1614.3,1615.41
2025-04-20 08:30:00+07:00,1615.4,1618.09,1613.68,1616.19
2025-04-20 08:45:00+07:00,1616.17,1618.51,1615.43,1617.32
2025-04-20 09:00:00+07:00,1617.35,1618.74,1614.1,1614.59
2025-04-20 09:15:00+07:00,1614.62,1614.76,1612.87,1613.21
2025-04-20 09:30:00+07:00,1613.22,1617.65,1612.98,1617.48
2025-04-20 09:45:00+07:00,1617.52,1618.31,1615.51,1615.54
2025-04-20 10:00:00+07:00,1615.57,1616.43,1613.23,1613.87
2025-04-20 10:15:00+07:00,1613.87,1614.78,1611.6,1614.39
2025-04-20 10:30:00+07:00,1614.41,1614.8,1609.06,1610.03
2025-04-20 10:45:00+07:00,1610.05,1611.52,1609.68,1611.4
2025-04-20 11:00:00+07:00,1611.42,1612.4,1610.78,1612.16
2025-04-20 11:15:00+07:00,1612.18,1615.56,1611.41,1615.17
2025-04-20 11:30:00+07:00,1615.38,1617.16,1614.3,1616.26
2025-04-20 11:45:00+07:00,1616.3,1616.79,1613.36,1614.07
2025-04-20 12:00:00+07:00,1614.03,1614.76,1612.23,1614.43
2025-04-20 12:15:00+07:00,1614.45,1615.93,1613.4,1614.56
2025-04-20 12:30:00+07:00,1614.53,1614.53,1611.85,1612.13
2025-04-20 12:45:00+07:00,1612.11,1613.63,1609.04,1609.44
2025-04-20 13:00:00+07:00,1609.43,1612.87,1608.56,1610.2
2025-04-20 13:15:00+07:00,1610.19,1610.38,1606.6,1607.87
2025-04-20 13:30:00+07:00,1607.86,1609.19,1604.73,1606.32
2025-04-20 13:45:00+07:00,1606.3,1606.3,1602.21,1605.08
2025-04-20 14:00:00+07:00,1605.07,1605.07,1599.93,1602.71
2025-04-20 14:15:00+07:00,1602.7,1603.13,1586.06,1593.2
2025-04-20 14:30:00+07:00,1593.17,1594.46,1591.02,1593.74
2025-04-20 14:45:00+07:00,1593.77,1597.0,1592.37,1596.94
2025-04-20 15:00:00+07:00,1596.9,1596.9,1592.85,1595.91
2025-04-20 15:15:00+07:00,1595.93,1597.12,1591.98,1593.76
2025-04-20 15:30:00+07:00,1593.7,1593.73,1590.35,1592.61
2025-04-20 15:45:00+07:00,1592.61,1592.74,1585.94,1589.58
2025-04-20 16:00:00+07:00,1589.59,1592.04,1587.85,1590.44
2025-04-20 16:15:00+07:00,1590.35,1592.82,1589.84,1590.61
2025-04-20 16:30:00+07:00,1590.61,1592.01,1588.64,1589.25
2025-04-20 16:45:00+07:00,1589.24,1591.73,1588.48,1591.25
2025-04-20 17:00:00+07:00,1591.24,1591.83,1589.4,1590.32
2025-04-20 17:15:00+07:00,1590.31,1592.24,1588.78,1590.38
2025-04-20 17:30:00+07:00,1590.34,1591.35,1575.96,1582.06
2025-04-20 17:45:00+07:00,1582.04,1583.26,1568.25,1574.09
2025-04-20 18:00:00+07:00,1574.09,1579.53,1572.91,1578.55
2025-04-20 18:15:00+07:00,1578.61,1578.61,1570.92,1572.36
2025-04-20 18:30:00+07:00,1572.38,1574.31,1568.11,1569.83
2025-04-20 18:45:00+07:00,1569.84,1572.48,1565.04,1572.15
2025-04-20 19:00:00+07:00,1572.08,1576.53,1570.75,1576.28
2025-04-20 19:15:00+07:00,1576.35,1578.19,1573.79,1576.71
2025-04-20 19:30:00+07:00,1576.73,1579.25,1575.69,1576.07
2025-04-20 19:45:00+07:00,1576.14,1576.39,1574.57,1575.34
2025-04-20 20:00:00+07:00,1575.3,1576.31,1571.46,1572.61
2025-04-20 20:15:00+07:00,1572.6,1576.42,1570.39,1575.87
2025-04-20 20:30:00+07:00,1575.85,1580.89,1574.72,1578.58
2025-04-20 20:45:00+07:00,1578.6,1578.82,1576.12,1576.92
2025-04-20 21:00:00+07:00,1576.91,1583.64,1575.93,1579.98
2025-04-20 21:15:00+07:00,1579.97,1580.15,1576.02,1578.03
2025-04-20 21:30:00+07:00,1578.18,1581.79,1578.17,1579.45
2025-04-20 21:45:00+07:00,1579.48,1580.84,1578.55,1579.65
2025-04-20 22:00:00+07:00,1579.58,1580.19,1576.58,1576.82
2025-04-20 22:15:00+07:00,1576.83,1578.22,1572.22,1572.56
2025-04-20 22:30:00+07:00,1572.6,1575.57,1572.47,1575.57
2025-04-20 22:45:00+07:00,1575.65,1576.47,1570.49,1573.09
2025-04-20 23:00:00+07:00,1573.09,1576.28,1570.87,1576.0
2025-04-20 23:15:00+07:00,1575.76,1582.15,1575.27,1578.47
2025-04-20 23:30:00+07:00,1578.49,1579.79,1577.07,1578.19
2025-04-20 23:45:00+07:00,1578.2,1580.84,1578.2,1580.84
2025-04-21 00:00:00+07:00,1580.86,1581.25,1576.65,1576.67
2025-04-21 00:15:00+07:00,1576.72,1578.33,1575.79,1576.91
2025-04-21 00:30:00+07:00,1576.92,1577.51,1575.27,1577.3
2025-04-21 00:45:00+07:00,1577.33,1579.44,1577.19,1579.07
2025-04-21 01:00:00+07:00,1579.01,1580.76,1577.78,1580.26
2025-04-21 01:15:00+07:00,1580.32,1581.56,1579.5,1579.64
2025-04-21 01:30:00+07:00,1579.66,1580.07,1577.7,1579.61
2025-04-21 01:45:00+07:00,1579.61,1581.14,1578.98,1580.82
2025-04-21 02:00:00+07:00,1580.83,1581.04,1578.3,1579.36
2025-04-21 02:15:00+07:00,1579.37,1582.0,1579.37,1581.12
2025-04-21 02:30:00+07:00,1581.13,1583.01,1580.87,1582.1
2025-04-21 02:45:00+07:00,1582.11,1587.43,1582.11,1585.55
2025-04-21 03:00:00+07:00,1585.59,1592.97,1584.34,1591.97
2025-04-21 03:15:00+07:00,1592.01,1600.29,1589.99,1593.03
2025-04-21 03:30:00+07:00,1593.12,1593.51,1589.22,1590.05
2025-04-21 03:45:00+07:00,1590.11,1592.07,1586.33,1589.43
2025-04-21 04:00:00+07:00,1589.41,1589.99,1585.75,1585.88
2025-04-21 04:15:00+07:00,1585.87,1586.94,1583.16,1585.78
2025-04-21 04:30:00+07:00,1585.78,1590.71,1585.78,1588.75
2025-04-21 04:45:00+07:00,1588.65,1589.93,1586.18,1588.5
2025-04-21 05:00:00+07:00,1588.47,1588.71,1580.38,1582.54
2025-04-21 05:15:00+07:00,1582.55,1582.73,1574.08,1576.7
2025-04-21 05:30:00+07:00,1576.7,1580.51,1575.84,1579.66
2025-04-21 05:45:00+07:00,1579.65,1581.71,1578.77,1581.7
2025-04-21 06:00:00+07:00,1581.65,1586.23,1581.65,1585.48
2025-04-21 06:15:00+07:00,1585.5,1587.52,1583.28,1583.58
2025-04-21 06:30:00+07:00,1583.59,1585.11,1582.21,1584.13
2025-04-21 06:45:00+07:00,1584.14,1587.33,1583.86,1586.95
2025-04-21 07:00:00+07:00,1586.96,1593.87,1585.73,1592.61
2025-04-21 07:15:00+07:00,1592.79,1614.07,1592.79,1609.01
2025-04-21 07:30:00+07:00,1609.12,1620.08,1606.41,1614.02
2025-04-21 07:45:00+07:00,1614.09,1620.15,1608.31,1609.61
2025-04-21 08:00:00+07:00,1609.75,1618.33,1607.56,1611.1
2025-04-21 08:15:00+07:00,1611.1,1614.59,1608.79,1614.16
2025-04-21 08:30:00+07:00,1614.25,1620.02,1612.98,1617.65
2025-04-21 08:45:00+07:00,1617.66,1629.31,1617.17,1628.31
2025-04-21 09:00:00+07:00,1628.31,1641.35,1624.56,1631.82
2025-04-21 09:15:00+07:00,1631.82,1641.0,1630.43,1633.96
2025-04-21 09:30:00+07:00,1633.97,1645.33,1624.73,1629.36
2025-04-21 09:45:00+07:00,1629.41,1634.07,1626.73,1632.13
2025-04-21 10:00:00+07:00,1632.12,1640.63,1631.57,1635.85
2025-04-21 10:15:00+07:00,1635.89,1641.47,1633.46,1635.24
2025-04-21 10:30:00+07:00,1635.4,1642.72,1635.35,1637.45
2025-04-21 10:45:00+07:00,1637.48,1638.56,1633.33,1634.3
2025-04-21 11:00:00+07:00,1634.31,1640.97,1633.99,1637.39
2025-04-21 11:15:00+07:00,1637.38,1637.38,1632.03,1632.54
2025-04-21 11:30:00+07:00,1632.47,1636.22,1630.9,1633.96
2025-04-21 11:45:00+07:00,1633.95,1641.05,1633.57,1639.72
2025-04-21 12:00:00+07:00,1639.7,1641.48,1637.11,1638.0
2025-04-21 12:15:00+07:00,1638.01,1640.33,1638.01,1640.01
2025-04-21 12:30:00+07:00,1640.05,1640.69,1636.89,1639.51
2025-04-21 12:45:00+07:00,1639.47,1656.71,1639.36,1647.69
2025-04-21 13:00:00+07:00,1647.69,1650.76,1646.34,1648.88
2025-04-21 13:15:00+07:00,1648.87,1658.19,1645.88,1650.54
2025-04-21 13:30:00+07:00,1650.56,1651.29,1645.96,1647.44
2025-04-21 13:45:00+07:00,1647.44,1649.56,1646.88,1647.49
2025-04-21 14:00:00+07:00,1647.47,1650.04,1641.61,1645.58
2025-04-21 14:15:00+07:00,1645.55,1646.59,1640.98,1642.96
2025-04-21 14:30:00+07:00,1643.36,1647.52,1642.38,1646.7
2025-04-21 14:45:00+07:00,1646.67,1648.55,1644.46,1645.41
2025-04-21 15:00:00+07:00,1645.45,1649.0,1645.24,1646.25
2025-04-21 15:15:00+07:00,1646.21,1648.74,1643.35,1646.24
2025-04-21 15:30:00+07:00,1646.25,1647.27,1645.15,1646.51
2025-04-21 15:45:00+07:00,1646.54,1649.17,1644.95,1648.86
2025-04-21 16:00:00+07:00,1648.89,1654.63,1644.92,1646.03
2025-04-21 16:15:00+07:00,1646.0,1646.37,1642.05,1643.08
2025-04-21 16:30:00+07:00,1643.05,1644.34,1638.92,1641.73
2025-04-21 16:45:00+07:00,1641.77,1643.8,1641.15,1642.26
2025-04-21 17:00:00+07:00,1642.27,1643.18,1637.35,1639.05
2025-04-21 17:15:00+07:00,1639.14,1640.25,1630.93,1632.44
2025-04-21 17:30:00+07:00,1632.51,1633.03,1627.82,1631.48
2025-04-21 17:45:00+07:00,1631.43,1635.65,1630.33,1635.32
2025-04-21 18:00:00+07:00,1635.33,1635.84,1629.62,1629.8
2025-04-21 18:15:00+07:00,1629.79,1629.84,1617.3,1624.19
2025-04-21 18:30:00+07:00,1624.05,1624.95,1621.6,1624.76
2025-04-21 18:45:00+07:00,1624.75,1626.46,1622.68,1625.9
2025-04-21 19:00:00+07:00,1625.89,1631.23,1625.43,1630.51
2025-04-21 19:15:00+07:00,1630.44,1631.21,1626.74,1627.72
2025-04-21 19:30:00+07:00,1627.71,1629.79,1626.1,1626.77
2025-04-21 19:45:00+07:00,1626.66,1627.93,1623.15,1623.19
2025-04-21 20:00:00+07:00,1623.18,1624.12,1617.61,1620.92
2025-04-21 20:15:00+07:00,1621.01,1626.91,1619.91,1626.91
2025-04-21 20:30:00+07:00,1626.88,1630.3,1616.24,1623.07
2025-04-21 20:45:00+07:00,1623.09,1625.65,1610.94,1611.27
2025-04-21 21:00:00+07:00,1611.18,1620.1,1607.94,1620.08
2025-04-21 21:15:00+07:00,1620.29,1637.47,1615.84,1636.79
2025-04-21 21:30:00+07:00,1636.89,1641.62,1630.7,1632.22
2025-04-21 21:45:00+07:00,1632.27,1634.1,1620.56,1633.74
2025-04-21 22:00:00+07:00,1633.77,1634.87,1622.07,1622.83
2025-04-21 22:15:00+07:00,1622.79,1630.95,1622.38,1629.04
2025-04-21 22:30:00+07:00,1629.12,1631.05,1624.45,1625.49
2025-04-21 22:45:00+07:00,1625.51,1625.82,1618.25,1622.78
2025-04-21 23:00:00+07:00,1622.74,1625.75,1617.33,1623.74
2025-04-21 23:15:00+07:00,1623.61,1624.46,1610.95,1613.14
2025-04-21 23:30:00+07:00,1613.09,1616.7,1610.66,1611.31
2025-04-21 23:45:00+07:00,1611.32,1611.67,1586.77,1589.01
2025-04-22 00:00:00+07:00,1589.25,1589.65,1570.73,1583.21
2025-04-22 00:15:00+07:00,1583.25,1589.47,1577.5,1583.81
2025-04-22 00:30:00+07:00,1583.63,1586.47,1578.66,1579.68
2025-04-22 00:45:00+07:00,1579.67,1582.96,1572.96,1577.99
2025-04-22 01:00:00+07:00,1577.99,1578.61,1571.65,1575.89
2025-04-22 01:15:00+07:00,1575.86,1578.73,1571.47,1573.83
2025-04-22 01:30:00+07:00,1573.83,1577.8,1568.39,1574.47
2025-04-22 01:45:00+07:00,1574.46,1575.24,1566.51,1567.01
2025-04-22 02:00:00+07:00,1566.98,1574.85,1562.45,1574.36
2025-04-22 02:15:00+07:00,1574.27,1580.42,1574.25,1578.6
2025-04-22 02:30:00+07:00,1578.56,1580.48,1575.25,1575.44
2025-04-22 02:45:00+07:00,1575.42,1577.7,1572.25,1573.01
2025-04-22 03:00:00+07:00,1573.03,1576.76,1572.29,1574.39
2025-04-22 03:15:00+07:00,1574.38,1576.1,1572.07,1572.72
2025-04-22 03:30:00+07:00,1572.69,1575.54,1570.81,1574.65
2025-04-22 03:45:00+07:00,1574.67,1577.75,1572.7,1577.25
2025-04-22 04:00:00+07:00,1577.11,1578.24,1574.45,1576.84
2025-04-22 04:15:00+07:00,1576.82,1578.22,1573.35,1575.17
2025-04-22 04:30:00+07:00,1575.15,1577.77,1571.62,1575.54
2025-04-22 04:45:00+07:00,1575.57,1579.77,1575.15,1577.87
2025-04-22 05:00:00+07:00,1577.84,1577.94,1571.91,1574.87
2025-04-22 05:15:00+07:00,1574.85,1574.9,1570.89,1574.24
2025-04-22 05:30:00+07:00,1574.15,1577.68,1574.15,1575.96
2025-04-22 05:45:00+07:00,1575.94,1578.25,1575.36,1577.16
2025-04-22 06:00:00+07:00,1577.13,1577.13,1571.48,1574.23
2025-04-22 06:15:00+07:00,1574.22,1576.86,1573.83,1576.86
2025-04-22 06:30:00+07:00,1576.86,1577.43,1574.3,1574.41
2025-04-22 06:45:00+07:00,1574.32,1580.36,1573.22,1578.94
2025-04-22 07:00:00+07:00,1578.93,1580.35,1573.51,1575.45
2025-04-22 07:15:00+07:00,1575.48,1576.94,1573.26,1575.33
2025-04-22 07:30:00+07:00,1575.33,1575.33,1536.93,1560.62
2025-04-22 07:45:00+07:00,1560.64,1568.55,1553.66,1568.44
2025-04-22 08:00:00+07:00,1568.3,1571.15,1564.2,1569.86
2025-04-22 08:15:00+07:00,1569.79,1588.76,1569.64,1577.54
2025-04-22 08:30:00+07:00,1577.55,1586.49,1577.02,1584.76
2025-04-22 08:45:00+07:00,1584.75,1588.21,1582.56,1586.78
2025-04-22 09:00:00+07:00,1586.77,1593.2,1584.18,1584.48
2025-04-22 09:15:00+07:00,1584.39,1584.45,1567.28,1572.0
2025-04-22 09:30:00+07:00,1572.12,1578.79,1566.31,1572.0
2025-04-22 09:45:00+07:00,1571.98,1577.76,1570.81,1576.48
2025-04-22 10:00:00+07:00,1576.49,1580.19,1570.68,1573.31
2025-04-22 10:15:00+07:00,1573.32,1578.31,1571.96,1576.85
2025-04-22 10:30:00+07:00,1576.87,1578.87,1574.5,1578.75
2025-04-22 10:45:00+07:00,1578.76,1580.2,1577.18,1578.51
2025-04-22 11:00:00+07:00,1578.46,1586.37,1578.34,1582.63
2025-04-22 11:15:00+07:00,1582.9,1584.91,1581.88,1583.25
2025-04-22 11:30:00+07:00,1583.26,1584.15,1581.29,1583.54
2025-04-22 11:45:00+07:00,1583.53,1584.11,1576.97,1577.21
2025-04-22 12:00:00+07:00,1577.25,1579.13,1573.33,1573.73
2025-04-22 12:15:00+07:00,1573.75,1576.38,1573.3,1576.26
2025-04-22 12:30:00+07:00,1576.28,1582.29,1575.56,1580.39
2025-04-22 12:45:00+07:00,1580.39,1583.91,1579.39,1583.28
2025-04-22 13:00:00+07:00,1583.28,1585.1,1578.68,1579.7
2025-04-22 13:15:00+07:00,1579.68,1580.82,1576.31,1576.73
2025-04-22 13:30:00+07:00,1576.6,1579.44,1574.22,1578.21
2025-04-22 13:45:00+07:00,1578.0,1583.32,1577.42,1583.29
2025-04-22 14:00:00+07:00,1583.28,1585.21,1582.07,1582.82
2025-04-22 14:15:00+07:00,1582.82,1590.77,1582.28,1590.37
2025-04-22 14:30:00+07:00,1590.34,1623.59,1590.22,1612.26
2025-04-22 14:45:00+07:00,1612.17,1620.23,1611.74,1618.8
2025-04-22 15:00:00+07:00,1618.72,1629.43,1618.48,1625.56
2025-04-22 15:15:00+07:00,1625.58,1634.18,1620.55,1622.32
2025-04-22 15:30:00+07:00,1622.33,1625.85,1619.92,1623.89
2025-04-22 15:45:00+07:00,1623.89,1627.5,1623.34,1627.23
2025-04-22 16:00:00+07:00,1627.26,1629.61,1622.24,1622.92
2025-04-22 16:15:00+07:00,1622.91,1633.03,1621.22,1630.03
2025-04-22 16:30:00+07:00,1630.02,1630.03,1624.64,1627.42
2025-04-22 16:45:00+07:00,1627.43,1628.16,1622.76,1624.93
2025-04-22 17:00:00+07:00,1624.93,1625.2,1620.5,1623.83
2025-04-22 17:15:00+07:00,1623.87,1624.17,1612.72,1616.27
2025-04-22 17:30:00+07:00,1616.29,1629.5,1615.81,1627.4
2025-04-22 17:45:00+07:00,1627.4,1629.75,1625.97,1628.04
2025-04-22 18:00:00+07:00,1627.95,1629.69,1625.24,1627.36
2025-04-22 18:15:00+07:00,1627.36,1633.09,1627.03,1629.22
2025-04-22 18:30:00+07:00,1629.23,1638.04,1627.01,1628.83
2025-04-22 18:45:00+07:00,1628.78,1631.0,1627.9,1630.45
2025-04-22 19:00:00+07:00,1630.43,1633.44,1628.72,1631.7
2025-04-22 19:15:00+07:00,1631.75,1635.27,1631.03,1634.08
2025-04-22 19:30:00+07:00,1634.18,1637.28,1626.85,1633.47
2025-04-22 19:45:00+07:00,1633.58,1639.78,1631.28,1634.44
2025-04-22 20:00:00+07:00,1634.38,1641.3,1632.76,1639.58
2025-04-22 20:15:00+07:00,1639.53,1643.39,1629.17,1629.45
2025-04-22 20:30:00+07:00,1629.57,1647.21,1626.1,1645.52
2025-04-22 20:45:00+07:00,1645.62,1653.62,1634.49,1642.67
2025-04-22 21:00:00+07:00,1642.69,1649.97,1637.49,1649.8
2025-04-22 21:15:00+07:00,1649.79,1652.23,1640.44,1642.89
2025-04-22 21:30:00+07:00,1642.93,1676.19,1639.91,1668.44
2025-04-22 21:45:00+07:00,1669.05,1679.96,1660.2,1674.8
2025-04-22 22:00:00+07:00,1674.83,1725.46,1673.96,1718.08
2025-04-22 22:15:00+07:00,1717.82,1725.58,1706.28,1709.77
2025-04-22 22:30:00+07:00,1709.77,1712.4,1687.07,1688.22
2025-04-22 22:45:00+07:00,1688.21,1703.06,1687.85,1702.73
2025-04-22 23:00:00+07:00,1702.69,1710.41,1695.97,1696.4
2025-04-22 23:15:00+07:00,1696.41,1702.92,1688.48,1698.84
2025-04-22 23:30:00+07:00,1698.85,1700.8,1692.17,1693.78
2025-04-22 23:45:00+07:00,1693.82,1696.47,1686.15,1691.39
2025-04-23 00:00:00+07:00,1691.35,1700.59,1690.62,1692.94
2025-04-23 00:15:00+07:00,1692.84,1694.75,1682.9,1692.38
2025-04-23 00:30:00+07:00,1692.39,1699.14,1690.38,1696.19
2025-04-23 00:45:00+07:00,1696.13,1702.49,1693.88,1699.89
2025-04-23 01:00:00+07:00,1699.89,1707.04,1697.29,1697.33
2025-04-23 01:15:00+07:00,1697.32,1700.15,1695.14,1698.52
2025-04-23 01:30:00+07:00,1698.49,1703.87,1697.26,1702.64
2025-04-23 01:45:00+07:00,1702.72,1705.12,1700.22,1703.35
2025-04-23 02:00:00+07:00,1703.32,1704.98,1698.77,1700.98
2025-04-23 02:15:00+07:00,1701.05,1701.47,1695.21,1696.66
2025-04-23 02:30:00+07:00,1696.65,1697.3,1683.35,1687.57
2025-04-23 02:45:00+07:00,1687.82,1698.64,1684.77,1697.8
2025-04-23 03:00:00+07:00,1697.81,1701.43,1694.06,1694.41
2025-04-23 03:15:00+07:00,1694.35,1700.54,1691.78,1698.74
2025-04-23 03:30:00+07:00,1698.72,1700.46,1696.57,1698.22
2025-04-23 03:45:00+07:00,1698.18,1700.19,1693.01,1694.9
2025-04-23 04:00:00+07:00,1694.85,1704.7,1693.67,1698.27
2025-04-23 04:15:00+07:00,1698.21,1735.93,1697.99,1713.54
2025-04-23 04:30:00+07:00,1713.69,1730.7,1713.69,1728.54
2025-04-23 04:45:00+07:00,1728.6,1778.4,1728.48,1753.49
2025-04-23 05:00:00+07:00,1753.63,1760.97,1743.03,1754.77
2025-04-23 05:15:00+07:00,1755.11,1758.56,1747.23,1749.04
2025-04-23 05:30:00+07:00,1749.21,1751.46,1737.49,1744.39
2025-04-23 05:45:00+07:00,1744.47,1747.9,1740.58,1744.65
2025-04-23 06:00:00+07:00,1745.21,1761.39,1744.49,1758.77
2025-04-23 06:15:00+07:00,1758.75,1762.95,1744.46,1757.88
2025-04-23 06:30:00+07:00,1757.81,1762.29,1752.29,1757.4
2025-04-23 06:45:00+07:00,1757.26,1764.03,1754.64,1755.74
2025-04-23 07:00:00+07:00,1755.75,1761.38,1748.63,1754.41
2025-04-23 07:15:00+07:00,1754.43,1762.96,1749.78,1752.94
2025-04-23 07:30:00+07:00,1752.92,1754.99,1746.75,1747.14
2025-04-23 07:45:00+07:00,1747.13,1754.21,1744.63,1751.02
2025-04-23 08:00:00+07:00,1751.03,1786.21,1747.01,1775.62
2025-04-23 08:15:00+07:00,1775.59,1784.2,1763.61,1782.0
2025-04-23 08:30:00+07:00,1781.98,1782.9,1767.73,1774.3
2025-04-23 08:45:00+07:00,1774.35,1777.63,1759.75,1761.67
2025-04-23 09:00:00+07:00,1761.56,1772.92,1760.64,1772.89
2025-04-23 09:15:00+07:00,1772.91,1804.82,1769.45,1790.72
2025-04-23 09:30:00+07:00,1790.69,1798.91,1786.22,1795.43
2025-04-23 09:45:00+07:00,1795.43,1806.85,1790.55,1791.69
2025-04-23 10:00:00+07:00,1791.54,1793.31,1781.24,1782.5
2025-04-23 10:15:00+07:00,1782.36,1787.56,1779.4,1787.48
2025-04-23 10:30:00+07:00,1787.46,1794.58,1781.5,1791.36
2025-04-23 10:45:00+07:00,1791.48,1796.85,1788.2,1794.77
2025-04-23 11:00:00+07:00,1794.77,1797.7,1785.95,1788.35
2025-04-23 11:15:00+07:00,1788.35,1790.89,1781.95,1785.68
2025-04-23 11:30:00+07:00,1785.74,1791.78,1781.36,1790.16
2025-04-23 11:45:00+07:00,1790.2,1817.65,1789.3,1816.35
2025-04-23 12:00:00+07:00,1816.37,1816.37,1800.59,1811.96
2025-04-23 12:15:00+07:00,1812.1,1813.07,1793.72,1799.12
2025-04-23 12:30:00+07:00,1799.17,1808.71,1797.3,1804.55
2025-04-23 12:45:00+07:00,1804.53,1805.97,1795.02,1797.03
2025-04-23 13:00:00+07:00,1797.0,1799.58,1790.71,1796.75
2025-04-23 13:15:00+07:00,1796.67,1799.25,1790.44,1798.2
2025-04-23 13:30:00+07:00,1798.04,1801.91,1791.0,1793.25
2025-04-23 13:45:00+07:00,1793.23,1794.28,1785.58,1788.45
2025-04-23 14:00:00+07:00,1788.44,1792.9,1774.76,1775.82
2025-04-23 14:15:00+07:00,1776.14,1782.87,1773.45,1781.59
2025-04-23 14:30:00+07:00,1781.46,1786.93,1780.07,1781.43
2025-04-23 14:45:00+07:00,1781.38,1793.94,1781.38,1791.5
2025-04-23 15:00:00+07:00,1791.53,1798.61,1785.38,1797.51
2025-04-23 15:15:00+07:00,1797.46,1801.15,1790.58,1792.63
2025-04-23 15:30:00+07:00,1792.64,1793.92,1788.05,1793.92
2025-04-23 15:45:00+07:00,1793.92,1796.97,1788.39,1790.71
2025-04-23 16:00:00+07:00,1790.75,1801.44,1790.73,1798.92
2025-04-23 16:15:00+07:00,1798.89,1799.75,1792.63,1792.7
2025-04-23 16:30:00+07:00,1792.69,1795.12,1791.16,1792.83
2025-04-23 16:45:00+07:00,1792.83,1795.49,1784.96,1784.97
2025-04-23 17:00:00+07:00,1785.01,1789.42,1778.69,1783.65
2025-04-23 17:15:00+07:00,1783.55,1798.75,1782.8,1795.51
2025-04-23 17:30:00+07:00,1795.44,1799.08,1792.56,1794.9
2025-04-23 17:45:00+07:00,1794.92,1808.98,1793.76,1803.15
2025-04-23 18:00:00+07:00,1803.15,1806.87,1799.18,1801.75
2025-04-23 18:15:00+07:00,1801.73,1811.71,1800.39,1803.26
2025-04-23 18:30:00+07:00,1803.42,1806.8,1796.43,1796.62
2025-04-23 18:45:00+07:00,1796.63,1800.37,1791.99,1796.91
2025-04-23 19:00:00+07:00,1796.84,1829.39,1794.55,1817.47
2025-04-23 19:15:00+07:00,1817.35,1819.28,1808.46,1814.92
2025-04-23 19:30:00+07:00,1814.9,1818.25,1807.63,1810.51
2025-04-23 19:45:00+07:00,1810.51,1816.31,1808.68,1815.02
2025-04-23 20:00:00+07:00,1814.64,1816.02,1808.66,1813.61
2025-04-23 20:15:00+07:00,1813.62,1821.48,1810.48,1813.53
2025-04-23 20:30:00+07:00,1813.46,1834.9,1787.34,1796.93
2025-04-23 20:45:00+07:00,1796.87,1809.0,1782.03,1785.92
2025-04-23 21:00:00+07:00,1786.2,1802.79,1782.8,1795.45
2025-04-23 21:15:00+07:00,1795.43,1800.56,1780.84,1797.98
2025-04-23 21:30:00+07:00,1797.49,1798.36,1788.76,1796.82
2025-04-23 21:45:00+07:00,1796.92,1797.23,1785.27,1787.7
2025-04-23 22:00:00+07:00,1787.78,1790.18,1777.74,1779.77
2025-04-23 22:15:00+07:00,1779.76,1782.02,1761.23,1766.11
2025-04-23 22:30:00+07:00,1766.12,1788.06,1762.69,1779.27
2025-04-23 22:45:00+07:00,1779.31,1797.86,1778.25,1794.12
2025-04-23 23:00:00+07:00,1794.09,1797.41,1788.39,1792.18
2025-04-23 23:15:00+07:00,1792.19,1793.37,1781.44,1792.08
2025-04-23 23:30:00+07:00,1792.13,1797.17,1786.9,1791.42
2025-04-23 23:45:00+07:00,1791.4,1795.36,1788.96,1792.14
2025-04-24 00:00:00+07:00,1792.1,1804.1,1787.66,1798.26
2025-04-24 00:15:00+07:00,1798.14,1799.05,1789.94,1791.43
2025-04-24 00:30:00+07:00,1791.45,1795.26,1788.23,1794.55
2025-04-24 00:45:00+07:00,1794.48,1800.52,1790.72,1800.2
2025-04-24 01:00:00+07:00,1800.24,1809.79,1795.59,1803.52
2025-04-24 01:15:00+07:00,1803.27,1809.05,1800.88,1801.26
2025-04-24 01:30:00+07:00,1801.27,1801.53,1793.57,1793.94
2025-04-24 01:45:00+07:00,1793.96,1799.37,1793.52,1797.68
2025-04-24 02:00:00+07:00,1797.67,1798.78,1784.43,1786.02
2025-04-24 02:15:00+07:00,1786.02,1789.14,1773.82,1776.72
2025-04-24 02:30:00+07:00,1776.61,1787.4,1775.78,1786.51
2025-04-24 02:45:00+07:00,1786.52,1787.35,1777.15,1785.7
2025-04-24 03:00:00+07:00,1785.73,1790.66,1785.13,1788.35
2025-04-24 03:15:00+07:00,1788.36,1796.93,1788.36,1794.84
2025-04-24 03:30:00+07:00,1794.86,1799.48,1793.63,1794.14
2025-04-24 03:45:00+07:00,1794.17,1797.22,1791.69,1795.01
2025-04-24 04:00:00+07:00,1794.92,1798.3,1793.74,1795.46
2025-04-24 04:15:00+07:00,1795.47,1797.36,1792.8,1795.04
2025-04-24 04:30:00+07:00,1795.08,1796.74,1788.1,1789.33
2025-04-24 04:45:00+07:00,1789.34,1793.78,1786.24,1791.02
2025-04-24 05:00:00+07:00,1791.14,1796.14,1788.87,1790.31
2025-04-24 05:15:00+07:00,1790.36,1795.87,1790.35,1795.09
2025-04-24 05:30:00+07:00,1795.12,1804.82,1794.77,1803.87
2025-04-24 05:45:00+07:00,1803.88,1805.61,1801.11,1803.14
2025-04-24 06:00:00+07:00,1803.14,1806.57,1799.91,1804.49
2025-04-24 06:15:00+07:00,1804.51,1805.5,1798.85,1799.39
2025-04-24 06:30:00+07:00,1799.38,1800.68,1792.73,1795.63
2025-04-24 06:45:00+07:00,1795.66,1795.88,1790.8,1794.65
2025-04-24 07:00:00+07:00,1794.65,1797.26,1791.81,1792.5
2025-04-24 07:15:00+07:00,1792.52,1798.0,1784.02,1786.3
2025-04-24 07:30:00+07:00,1786.55,1793.7,1782.71,1791.94
2025-04-24 07:45:00+07:00,1791.96,1792.05,1785.86,1789.39
2025-04-24 08:00:00+07:00,1789.49,1794.45,1785.99,1787.16
2025-04-24 08:15:00+07:00,1787.21,1789.27,1780.8,1785.54
2025-04-24 08:30:00+07:00,1785.57,1794.74,1785.57,1793.02
2025-04-24 08:45:00+07:00,1793.06,1797.5,1789.25,1793.55
2025-04-24 09:00:00+07:00,1793.55,1802.48,1791.74,1798.54
2025-04-24 09:15:00+07:00,1798.38,1800.25,1793.97,1797.27
2025-04-24 09:30:00+07:00,1797.43,1797.85,1783.75,1784.93
2025-04-24 09:45:00+07:00,1784.94,1787.37,1774.74,1778.8
2025-04-24 10:00:00+07:00,1778.78,1787.81,1776.47,1782.91
2025-04-24 10:15:00+07:00,1782.96,1790.67,1782.88,1789.23
2025-04-24 10:30:00+07:00,1789.45,1789.45,1773.9,1774.23
2025-04-24 10:45:00+07:00,1774.25,1778.77,1765.85,1767.68
2025-04-24 11:00:00+07:00,1767.47,1772.7,1757.07,1767.22
2025-04-24 11:15:00+07:00,1767.12,1770.61,1762.26,1763.24
2025-04-24 11:30:00+07:00,1763.27,1767.08,1762.24,1766.46
2025-04-24 11:45:00+07:00,1766.46,1773.02,1765.35,1771.68
2025-04-24 12:00:00+07:00,1771.67,1775.8,1771.27,1775.0
2025-04-24 12:15:00+07:00,1775.13,1775.27,1765.72,1768.01
2025-04-24 12:30:00+07:00,1768.0,1773.86,1767.62,1771.29
2025-04-24 12:45:00+07:00,1771.07,1773.63,1768.06,1768.8
2025-04-24 13:00:00+07:00,1768.81,1772.62,1766.75,1769.95
2025-04-24 13:15:00+07:00,1770.02,1775.51,1761.21,1774.34
2025-04-24 13:30:00+07:00,1774.43,1775.34,1769.12,1769.6
2025-04-24 13:45:00+07:00,1769.63,1773.16,1766.11,1767.56
2025-04-24 14:00:00+07:00,1767.57,1773.88,1765.89,1773.86
2025-04-24 14:15:00+07:00,1773.9,1774.15,1759.51,1762.18
2025-04-24 14:30:00+07:00,1762.24,1764.47,1755.16,1756.93
2025-04-24 14:45:00+07:00,1757.0,1757.0,1750.91,1755.81
2025-04-24 15:00:00+07:00,1755.92,1760.11,1750.03,1750.89
2025-04-24 15:15:00+07:00,1750.82,1755.42,1734.47,1735.55
2025-04-24 15:30:00+07:00,1736.39,1739.08,1722.01,1730.68
2025-04-24 15:45:00+07:00,1730.7,1736.31,1725.37,1734.11
2025-04-24 16:00:00+07:00,1734.16,1741.91,1733.71,1741.32
2025-04-24 16:15:00+07:00,1741.38,1746.37,1739.93,1742.67
2025-04-24 16:30:00+07:00,1742.67,1746.5,1737.88,1741.37
2025-04-24 16:45:00+07:00,1741.31,1744.19,1737.51,1742.83
2025-04-24 17:00:00+07:00,1742.82,1744.44,1739.33,1743.04
2025-04-24 17:15:00+07:00,1742.9,1747.88,1742.74,1746.63
2025-04-24 17:30:00+07:00,1746.64,1749.04,1743.16,1748.63
2025-04-24 17:45:00+07:00,1748.66,1750.94,1745.68,1749.19
2025-04-24 18:00:00+07:00,1749.58,1749.99,1744.36,1745.2
2025-04-24 18:15:00+07:00,1745.15,1746.05,1742.39,1745.41
2025-04-24 18:30:00+07:00,1745.41,1746.98,1740.77,1745.55
2025-04-24 18:45:00+07:00,1745.56,1756.95,1745.56,1754.34
2025-04-24 19:00:00+07:00,1754.33,1755.27,1746.69,1750.29
2025-04-24 19:15:00+07:00,1750.27,1754.44,1748.99,1751.31
2025-04-24 19:30:00+07:00,1751.3,1756.91,1749.66,1754.38
2025-04-24 19:45:00+07:00,1754.39,1757.28,1751.7,1757.18
2025-04-24 20:00:00+07:00,1757.18,1757.72,1752.22,1753.07
2025-04-24 20:15:00+07:00,1753.09,1755.95,1752.67,1754.67
2025-04-24 20:30:00+07:00,1754.67,1760.17,1749.45,1753.09
2025-04-24 20:45:00+07:00,1753.1,1754.22,1743.86,1752.9
2025-04-24 21:00:00+07:00,1752.97,1770.79,1752.06,1759.41
2025-04-24 21:15:00+07:00,1759.44,1764.37,1753.18,1756.83
2025-04-24 21:30:00+07:00,1756.89,1766.44,1755.82,1764.35
2025-04-24 21:45:00+07:00,1764.5,1775.77,1761.34,1764.6
2025-04-24 22:00:00+07:00,1764.61,1777.13,1761.51,1773.07
2025-04-24 22:15:00+07:00,1773.13,1776.97,1765.46,1765.57
2025-04-24 22:30:00+07:00,1765.6,1772.73,1762.56,1769.91
2025-04-24 22:45:00+07:00,1769.92,1771.88,1762.35,1763.8
2025-04-24 23:00:00+07:00,1764.0,1768.64,1762.66,1767.68
2025-04-24 23:15:00+07:00,1767.85,1775.06,1767.82,1774.65
2025-04-24 23:30:00+07:00,1774.58,1776.96,1770.62,1771.15
2025-04-24 23:45:00+07:00,1771.19,1776.58,1769.52,1769.52
2025-04-25 00:00:00+07:00,1769.47,1773.23,1758.13,1758.97
2025-04-25 00:15:00+07:00,1755.05,1761.94,1745.08,1758.87
2025-04-25 00:30:00+07:00,1758.79,1760.59,1747.77,1749.53
2025-04-25 00:45:00+07:00,1749.62,1755.82,1745.79,1754.85
2025-04-25 01:00:00+07:00,1754.78,1767.33,1754.36,1765.89
2025-04-25 01:15:00+07:00,1765.9,1768.87,1756.76,1758.06
2025-04-25 01:30:00+07:00,1758.06,1763.25,1757.61,1761.48
2025-04-25 01:45:00+07:00,1761.48,1766.04,1760.95,1762.46
2025-04-25 02:00:00+07:00,1762.48,1763.49,1755.2,1756.81
2025-04-25 02:15:00+07:00,1756.85,1764.61,1756.19,1762.57
2025-04-25 02:30:00+07:00,1762.61,1764.38,1761.53,1763.74
2025-04-25 02:45:00+07:00,1763.6,1765.87,1759.99,1762.32
2025-04-25 03:00:00+07:00,1762.34,1769.44,1760.52,1764.24
2025-04-25 03:15:00+07:00,1764.26,1766.13,1762.19,1765.81
2025-04-25 03:30:00+07:00,1765.79,1765.79,1762.17,1763.18
2025-04-25 03:45:00+07:00,1763.2,1766.73,1760.26,1761.25
2025-04-25 04:00:00+07:00,1761.37,1763.71,1759.43,1760.77
2025-04-25 04:15:00+07:00,1760.78,1761.94,1748.3,1751.84
2025-04-25 04:30:00+07:00,1751.88,1758.22,1751.88,1756.23
2025-04-25 04:45:00+07:00,1756.22,1760.92,1756.09,1760.49
2025-04-25 05:00:00+07:00,1760.51,1762.8,1756.86,1760.62
2025-04-25 05:15:00+07:00,1760.64,1764.49,1759.73,1762.27
2025-04-25 05:30:00+07:00,1762.25,1764.36,1760.7,1760.9
2025-04-25 05:45:00+07:00,1760.89,1761.23,1755.2,1759.4
2025-04-25 06:00:00+07:00,1759.36,1765.36,1758.16,1765.16
2025-04-25 06:15:00+07:00,1765.16,1769.45,1764.43,1769.02
2025-04-25 06:30:00+07:00,1769.08,1774.3,1766.52,1768.25
2025-04-25 06:45:00+07:00,1768.23,1769.58,1766.69,1768.92
2025-04-25 07:00:00+07:00,1768.94,1769.47,1762.31,1765.92
2025-04-25 07:15:00+07:00,1765.98,1772.98,1763.16,1771.31
2025-04-25 07:30:00+07:00,1771.31,1774.87,1769.27,1772.83
2025-04-25 07:45:00+07:00,1772.84,1773.62,1769.12,1773.45
2025-04-25 08:00:00+07:00,1773.43,1789.83,1770.4,1780.63
2025-04-25 08:15:00+07:00,1780.64,1784.87,1766.39,1767.79
2025-04-25 08:30:00+07:00,1767.77,1772.79,1764.95,1770.92
2025-04-25 08:45:00+07:00,1771.04,1772.35,1764.05,1765.03
2025-04-25 09:00:00+07:00,1765.04,1769.77,1758.87,1759.17
2025-04-25 09:15:00+07:00,1759.24,1759.98,1751.57,1755.68
2025-04-25 09:30:00+07:00,1755.76,1756.09,1749.16,1750.76
2025-04-25 09:45:00+07:00,1750.67,1754.2,1737.81,1743.76
2025-04-25 10:00:00+07:00,1743.79,1748.43,1739.02,1746.72
2025-04-25 10:15:00+07:00,1746.76,1750.93,1744.16,1747.91
2025-04-25 10:30:00+07:00,1747.86,1760.51,1747.83,1757.43
2025-04-25 10:45:00+07:00,1757.41,1761.4,1756.48,1759.97
2025-04-25 11:00:00+07:00,1759.92,1767.94,1757.26,1765.65
2025-04-25 11:15:00+07:00,1765.63,1768.06,1762.04,1762.18
2025-04-25 11:30:00+07:00,1762.22,1770.99,1758.92,1769.77
2025-04-25 11:45:00+07:00,1769.79,1770.17,1763.42,1765.33
2025-04-25 12:00:00+07:00,1765.34,1770.31,1763.76,1768.99
2025-04-25 12:15:00+07:00,1768.63,1769.81,1764.26,1767.9
2025-04-25 12:30:00+07:00,1767.91,1768.45,1762.27,1764.54
2025-04-25 12:45:00+07:00,1764.58,1767.49,1764.1,1766.67
2025-04-25 13:00:00+07:00,1766.69,1774.32,1764.94,1771.28
2025-04-25 13:15:00+07:00,1771.3,1774.72,1767.41,1773.78
2025-04-25 13:30:00+07:00,1774.04,1778.41,1772.55,1773.94
2025-04-25 13:45:00+07:00,1773.91,1779.73,1772.0,1776.15
2025-04-25 14:00:00+07:00,1776.12,1781.14,1773.97,1774.15
2025-04-25 14:15:00+07:00,1774.16,1777.08,1769.2,1771.26
2025-04-25 14:30:00+07:00,1771.24,1775.76,1769.78,1772.41
2025-04-25 14:45:00+07:00,1772.42,1776.79,1769.97,1776.49
2025-04-25 15:00:00+07:00,1776.45,1778.17,1771.61,1772.53
2025-04-25 15:15:00+07:00,1772.5,1777.48,1771.91,1776.5
2025-04-25 15:30:00+07:00,1776.46,1776.58,1772.36,1774.19
2025-04-25 15:45:00+07:00,1774.18,1777.62,1772.77,1774.36
2025-04-25 16:00:00+07:00,1774.39,1774.56,1763.41,1771.03
2025-04-25 16:15:00+07:00,1770.96,1773.51,1765.84,1772.82
2025-04-25 16:30:00+07:00,1772.87,1776.67,1772.39,1774.19
2025-04-25 16:45:00+07:00,1774.21,1792.88,1774.21,1787.48
2025-04-25 17:00:00+07:00,1787.44,1791.25,1777.36,1783.37
2025-04-25 17:15:00+07:00,1783.51,1789.93,1779.71,1780.47
2025-04-25 17:30:00+07:00,1780.48,1781.94,1771.71,1773.31
2025-04-25 17:45:00+07:00,1773.31,1775.61,1768.13,1771.08
2025-04-25 18:00:00+07:00,1770.92,1783.76,1770.8,1783.41
2025-04-25 18:15:00+07:00,1783.41,1787.49,1781.73,1784.89
2025-04-25 18:30:00+07:00,1784.87,1785.61,1779.45,1780.84
2025-04-25 18:45:00+07:00,1780.79,1789.67,1780.32,1789.67
2025-04-25 19:00:00+07:00,1789.58,1802.15,1784.21,1795.93
2025-04-25 19:15:00+07:00,1795.77,1797.87,1782.7,1785.78
2025-04-25 19:30:00+07:00,1785.69,1791.17,1783.44,1789.11
2025-04-25 19:45:00+07:00,1789.01,1789.25,1769.86,1772.18
2025-04-25 20:00:00+07:00,1772.21,1778.34,1768.23,1772.55
2025-04-25 20:15:00+07:00,1772.57,1775.27,1764.1,1765.39
2025-04-25 20:30:00+07:00,1765.45,1774.44,1756.22,1770.9
2025-04-25 20:45:00+07:00,1771.02,1775.8,1763.48,1768.33
2025-04-25 21:00:00+07:00,1768.29,1788.21,1768.2,1788.14
2025-04-25 21:15:00+07:00,1788.13,1789.4,1771.73,1774.14
2025-04-25 21:30:00+07:00,1774.2,1793.8,1770.36,1791.15
2025-04-25 21:45:00+07:00,1791.05,1813.28,1788.66,1807.5
2025-04-25 22:00:00+07:00,1807.55,1813.59,1801.41,1806.08
2025-04-25 22:15:00+07:00,1806.07,1826.7,1800.24,1813.74
2025-04-25 22:30:00+07:00,1813.75,1824.34,1804.59,1807.46
2025-04-25 22:45:00+07:00,1807.47,1811.47,1803.63,1805.69
2025-04-25 23:00:00+07:00,1805.71,1808.63,1792.15,1793.01
2025-04-25 23:15:00+07:00,1793.04,1798.59,1787.46,1798.22
2025-04-25 23:30:00+07:00,1798.23,1803.06,1795.13,1803.05
2025-04-25 23:45:00+07:00,1803.07,1803.21,1796.42,1800.95
2025-04-26 00:00:00+07:00,1800.94,1805.89,1800.11,1804.1
2025-04-26 00:15:00+07:00,1804.09,1810.13,1802.68,1805.77
2025-04-26 00:30:00+07:00,1805.79,1805.79,1784.4,1790.45
2025-04-26 00:45:00+07:00,1790.59,1790.91,1781.76,1784.99
2025-04-26 01:00:00+07:00,1785.01,1792.54,1785.01,1791.7
2025-04-26 01:15:00+07:00,1791.73,1795.73,1790.68,1795.36
2025-04-26 01:30:00+07:00,1795.44,1802.44,1795.03,1801.88
2025-04-26 01:45:00+07:00,1801.81,1802.45,1794.2,1795.53
2025-04-26 02:00:00+07:00,1795.64,1800.04,1790.91,1792.02
2025-04-26 02:15:00+07:00,1791.99,1799.73,1791.77,1798.53
2025-04-26 02:30:00+07:00,1798.49,1798.49,1791.94,1796.13
2025-04-26 02:45:00+07:00,1796.15,1802.39,1791.43,1801.67
2025-04-26 03:00:00+07:00,1801.68,1803.89,1798.39,1799.8
2025-04-26 03:15:00+07:00,1799.82,1805.43,1797.21,1797.29
2025-04-26 03:30:00+07:00,1797.29,1800.99,1791.48,1791.49
2025-04-26 03:45:00+07:00,1791.66,1800.39,1791.66,1797.42
2025-04-26 04:00:00+07:00,1797.41,1808.82,1795.76,1802.5
2025-04-26 04:15:00+07:00,1802.49,1803.09,1793.97,1794.09
2025-04-26 04:30:00+07:00,1794.08,1799.83,1793.28,1797.32
2025-04-26 04:45:00+07:00,1797.34,1797.9,1784.52,1789.07
2025-04-26 05:00:00+07:00,1789.07,1792.74,1788.68,1790.24
2025-04-26 05:15:00+07:00,1790.23,1794.76,1787.73,1793.0
2025-04-26 05:30:00+07:00,1793.02,1798.54,1793.02,1798.05
2025-04-26 05:45:00+07:00,1798.05,1798.66,1793.74,1795.0
2025-04-26 06:00:00+07:00,1795.01,1798.04,1791.36,1794.77
2025-04-26 06:15:00+07:00,1794.76,1794.76,1788.05,1789.75
2025-04-26 06:30:00+07:00,1789.74,1789.74,1785.23,1787.7
2025-04-26 06:45:00+07:00,1787.69,1787.98,1782.94,1783.75
2025-04-26 07:00:00+07:00,1783.78,1792.69,1783.7,1791.24
2025-04-26 07:15:00+07:00,1791.16,1794.43,1787.47,1790.2
2025-04-26 07:30:00+07:00,1790.19,1793.1,1785.34,1792.7
2025-04-26 07:45:00+07:00,1792.58,1798.13,1792.26,1795.9
2025-04-26 08:00:00+07:00,1795.86,1796.52,1790.66,1794.91
2025-04-26 08:15:00+07:00,1794.94,1806.45,1794.3,1802.1
2025-04-26 08:30:00+07:00,1802.11,1815.22,1802.11,1808.76
2025-04-26 08:45:00+07:00,1808.48,1809.05,1803.2,1806.52
2025-04-26 09:00:00+07:00,1806.53,1808.04,1800.61,1802.72
2025-04-26 09:15:00+07:00,1802.74,1806.1,1801.88,1805.07
2025-04-26 09:30:00+07:00,1805.06,1813.96,1803.4,1811.93
2025-04-26 09:45:00+07:00,1811.92,1814.65,1806.48,1807.21
2025-04-26 10:00:00+07:00,1807.23,1809.32,1804.16,1807.12
2025-04-26 10:15:00+07:00,1807.13,1807.13,1791.9,1793.93
2025-04-26 10:30:00+07:00,1793.9,1797.21,1792.83,1796.01
2025-04-26 10:45:00+07:00,1796.01,1798.98,1793.2,1796.63
2025-04-26 11:00:00+07:00,1796.6,1798.19,1794.21,1797.85
2025-04-26 11:15:00+07:00,1798.18,1799.68,1793.07,1793.92
2025-04-26 11:30:00+07:00,1793.72,1794.45,1789.25,1794.17
2025-04-26 11:45:00+07:00,1794.24,1794.6,1790.11,1790.91
2025-04-26 12:00:00+07:00,1790.9,1793.26,1788.08,1790.68
2025-04-26 12:15:00+07:00,1790.79,1794.43,1788.19,1793.85
2025-04-26 12:30:00+07:00,1793.86,1796.11,1791.8,1794.88
2025-04-26 12:45:00+07:00,1794.88,1797.06,1793.47,1793.48
2025-04-26 13:00:00+07:00,1793.45,1796.67,1793.01,1796.13
2025-04-26 13:15:00+07:00,1796.16,1796.22,1794.01,1795.47
2025-04-26 13:30:00+07:00,1795.47,1802.69,1794.76,1802.37
2025-04-26 13:45:00+07:00,1802.38,1806.31,1800.8,1802.06
2025-04-26 14:00:00+07:00,1802.11,1809.85,1801.7,1807.1
2025-04-26 14:15:00+07:00,1807.18,1809.94,1805.02,1805.76
2025-04-26 14:30:00+07:00,1805.72,1806.95,1802.78,1803.02
2025-04-26 14:45:00+07:00,1803.02,1806.68,1798.99,1799.56
2025-04-26 15:00:00+07:00,1799.57,1802.78,1797.32,1802.22
2025-04-26 15:15:00+07:00,1802.36,1840.62,1802.3,1827.71
2025-04-26 15:30:00+07:00,1827.87,1829.61,1806.99,1812.24
2025-04-26 15:45:00+07:00,1812.11,1813.32,1800.11,1805.55
2025-04-26 16:00:00+07:00,1805.5,1811.27,1798.57,1810.84
2025-04-26 16:15:00+07:00,1810.94,1814.68,1805.16,1806.81
2025-04-26 16:30:00+07:00,1806.85,1806.94,1792.06,1798.08
2025-04-26 16:45:00+07:00,1798.03,1802.74,1795.28,1802.69
2025-04-26 17:00:00+07:00,1802.7,1810.24,1800.56,1803.11
2025-04-26 17:15:00+07:00,1803.15,1808.79,1802.39,1805.73
2025-04-26 17:30:00+07:00,1805.64,1810.02,1804.53,1808.68
2025-04-26 17:45:00+07:00,1808.73,1809.02,1802.98,1803.05
2025-04-26 18:00:00+07:00,1803.11,1805.71,1797.52,1798.26
2025-04-26 18:15:00+07:00,1798.25,1801.16,1791.66,1792.27
2025-04-26 18:30:00+07:00,1792.34,1796.38,1783.43,1787.06
2025-04-26 18:45:00+07:00,1787.08,1789.2,1778.2,1784.84
2025-04-26 19:00:00+07:00,1784.9,1794.02,1783.34,1790.81
2025-04-26 19:15:00+07:00,1790.81,1798.48,1787.85,1796.47
2025-04-26 19:30:00+07:00,1796.42,1797.16,1792.6,1794.06
2025-04-26 19:45:00+07:00,1794.04,1795.97,1790.88,1790.91
2025-04-26 20:00:00+07:00,1790.93,1794.78,1789.92,1791.13
2025-04-26 20:15:00+07:00,1791.47,1793.93,1787.09,1787.58
2025-04-26 20:30:00+07:00,1787.47,1790.91,1783.59,1784.77
2025-04-26 20:45:00+07:00,1784.76,1789.79,1779.17,1789.76
2025-04-26 21:00:00+07:00,1789.73,1790.64,1784.16,1789.98
2025-04-26 21:15:00+07:00,1790.0,1792.39,1784.9,1791.55
2025-04-26 21:30:00+07:00,1791.71,1795.84,1789.99,1792.86
2025-04-26 21:45:00+07:00,1792.83,1795.69,1790.61,1791.37
2025-04-26 22:00:00+07:00,1791.39,1797.36,1791.39,1795.53
2025-04-26 22:15:00+07:00,1795.47,1803.39,1795.45,1801.54
2025-04-26 22:30:00+07:00,1801.52,1802.06,1797.12,1799.43
2025-04-26 22:45:00+07:00,1799.38,1803.43,1797.19,1799.44
2025-04-26 23:00:00+07:00,1799.55,1799.6,1795.69,1798.71
2025-04-26 23:15:00+07:00,1798.63,1802.71,1796.68,1802.28
2025-04-26 23:30:00+07:00,1802.26,1804.11,1795.06,1797.03
2025-04-26 23:45:00+07:00,1797.06,1802.5,1796.7,1802.5
2025-04-27 00:00:00+07:00,1802.5,1803.15,1798.55,1799.26
2025-04-27 00:15:00+07:00,1799.28,1806.5,1799.28,1805.01
2025-04-27 00:30:00+07:00,1805.04,1806.63,1802.6,1805.95
2025-04-27 00:45:00+07:00,1805.91,1806.65,1802.5,1803.84
2025-04-27 01:00:00+07:00,1803.83,1805.58,1800.09,1800.84
2025-04-27 01:15:00+07:00,1800.86,1807.75,1800.21,1805.95
2025-04-27 01:30:00+07:00,1805.95,1807.17,1803.95,1804.69
2025-04-27 01:45:00+07:00,1804.69,1806.98,1801.53,1802.01
2025-04-27 02:00:00+07:00,1802.0,1804.81,1800.14,1802.49
2025-04-27 02:15:00+07:00,1802.54,1806.8,1801.79,1806.52
2025-04-27 02:30:00+07:00,1806.53,1807.09,1803.85,1805.01
2025-04-27 02:45:00+07:00,1805.12,1813.73,1804.57,1812.35
2025-04-27 03:00:00+07:00,1812.34,1818.01,1810.57,1811.28
2025-04-27 03:15:00+07:00,1811.29,1811.32,1806.65,1808.38
2025-04-27 03:30:00+07:00,1808.37,1810.78,1807.72,1808.08
2025-04-27 03:45:00+07:00,1808.07,1810.5,1804.63,1805.05
2025-04-27 04:00:00+07:00,1805.05,1814.15,1804.92,1813.55
2025-04-27 04:15:00+07:00,1813.35,1814.9,1808.72,1812.33
2025-04-27 04:30:00+07:00,1812.33,1815.05,1811.01,1813.78
2025-04-27 04:45:00+07:00,1813.79,1814.11,1809.36,1811.26
2025-04-27 05:00:00+07:00,1811.27,1824.92,1811.27,1824.2
2025-04-27 05:15:00+07:00,1824.16,1830.45,1820.03,1821.08
2025-04-27 05:30:00+07:00,1821.12,1824.84,1818.57,1821.88
2025-04-27 05:45:00+07:00,1821.77,1821.77,1813.84,1815.43
2025-04-27 06:00:00+07:00,1815.42,1819.42,1814.27,1814.32
2025-04-27 06:15:00+07:00,1814.44,1819.07,1813.12,1818.08
2025-04-27 06:30:00+07:00,1818.05,1819.09,1815.23,1818.11
2025-04-27 06:45:00+07:00,1818.1,1822.17,1817.41,1820.0
2025-04-27 07:00:00+07:00,1820.07,1833.73,1819.18,1832.13
2025-04-27 07:15:00+07:00,1832.22,1848.6,1832.18,1845.21
2025-04-27 07:30:00+07:00,1845.26,1848.99,1838.34,1846.41
2025-04-27 07:45:00+07:00,1846.44,1847.54,1839.79,1841.19
2025-04-27 08:00:00+07:00,1841.31,1856.91,1838.37,1850.11
2025-04-27 08:15:00+07:00,1849.98,1853.05,1822.77,1828.57
2025-04-27 08:30:00+07:00,1828.4,1829.9,1805.32,1814.99
2025-04-27 08:45:00+07:00,1814.99,1815.84,1800.17,1803.86
2025-04-27 09:00:00+07:00,1803.79,1815.4,1800.11,1814.76
2025-04-27 09:15:00+07:00,1814.77,1817.15,1810.89,1815.01
2025-04-27 09:30:00+07:00,1815.0,1815.48,1810.09,1811.06
2025-04-27 09:45:00+07:00,1811.05,1812.82,1805.91,1812.08
2025-04-27 10:00:00+07:00,1812.06,1816.56,1811.04,1811.57
2025-04-27 10:15:00+07:00,1811.5,1814.27,1806.39,1808.35
2025-04-27 10:30:00+07:00,1808.47,1812.15,1807.53,1809.6
2025-04-27 10:45:00+07:00,1809.59,1810.96,1804.42,1808.88
2025-04-27 11:00:00+07:00,1808.81,1810.79,1805.56,1810.03
2025-04-27 11:15:00+07:00,1809.98,1810.28,1806.06,1806.88
2025-04-27 11:30:00+07:00,1806.86,1807.21,1797.87,1801.06
2025-04-27 11:45:00+07:00,1801.07,1802.99,1795.89,1797.43
2025-04-27 12:00:00+07:00,1797.3,1805.72,1796.44,1802.2
2025-04-27 12:15:00+07:00,1802.11,1804.37,1789.16,1793.46
2025-04-27 12:30:00+07:00,1793.15,1796.3,1790.48,1795.25
2025-04-27 12:45:00+07:00,1795.28,1798.23,1794.25,1797.81
2025-04-27 13:00:00+07:00,1797.83,1801.49,1797.08,1801.22
2025-04-27 13:15:00+07:00,1801.25,1803.32,1798.63,1802.47
2025-04-27 13:30:00+07:00,1802.46,1802.55,1799.47,1800.69
2025-04-27 13:45:00+07:00,1800.66,1801.04,1796.66,1799.83
2025-04-27 14:00:00+07:00,1799.95,1801.31,1796.16,1798.49
2025-04-27 14:15:00+07:00,1798.49,1803.47,1798.47,1802.1
2025-04-27 14:30:00+07:00,1802.11,1804.28,1800.95,1804.28
2025-04-27 14:45:00+07:00,1804.48,1804.5,1801.85,1802.96
2025-04-27 15:00:00+07:00,1802.94,1806.3,1800.63,1805.58
2025-04-27 15:15:00+07:00,1805.54,1814.95,1804.81,1807.74
2025-04-27 15:30:00+07:00,1807.72,1811.53,1806.35,1811.22
2025-04-27 15:45:00+07:00,1811.21,1813.03,1808.47,1809.15
2025-04-27 16:00:00+07:00,1809.14,1810.31,1805.77,1806.11
2025-04-27 16:15:00+07:00,1806.1,1809.29,1805.31,1805.31
2025-04-27 16:30:00+07:00,1805.28,1811.98,1804.5,1811.83
2025-04-27 16:45:00+07:00,1811.79,1812.07,1808.91,1809.72
2025-04-27 17:00:00+07:00,1809.71,1812.27,1808.07,1810.72
2025-04-27 17:15:00+07:00,1810.69,1811.64,1806.01,1806.34
2025-04-27 17:30:00+07:00,1806.38,1809.71,1805.11,1809.53
2025-04-27 17:45:00+07:00,1809.5,1810.62,1806.68,1808.4
2025-04-27 18:00:00+07:00,1808.38,1808.83,1803.33,1804.71
2025-04-27 18:15:00+07:00,1804.7,1806.74,1802.7,1805.38
2025-04-27 18:30:00+07:00,1805.45,1809.26,1803.13,1805.95
2025-04-27 18:45:00+07:00,1805.73,1808.79,1805.2,1805.2
2025-04-27 19:00:00+07:00,1805.19,1806.6,1801.29,1801.52
2025-04-27 19:15:00+07:00,1801.5,1805.23,1799.48,1799.94
2025-04-27 19:30:00+07:00,1799.96,1802.49,1795.25,1802.16
2025-04-27 19:45:00+07:00,1802.15,1806.76,1793.49,1795.18
2025-04-27 20:00:00+07:00,1795.2,1797.58,1781.45,1792.98
2025-04-27 20:15:00+07:00,1792.92,1795.05,1788.2,1791.76
2025-04-27 20:30:00+07:00,1791.79,1796.85,1791.11,1795.87
2025-04-27 20:45:00+07:00,1795.76,1799.47,1792.74,1797.12
2025-04-27 21:00:00+07:00,1796.89,1798.17,1791.97,1792.02
2025-04-27 21:15:00+07:00,1792.03,1807.06,1792.03,1798.34
2025-04-27 21:30:00+07:00,1798.34,1801.19,1796.09,1798.73
2025-04-27 21:45:00+07:00,1798.71,1800.03,1795.2,1795.55
2025-04-27 22:00:00+07:00,1795.53,1796.85,1789.35,1792.39
2025-04-27 22:15:00+07:00,1792.35,1795.91,1789.64,1789.73
2025-04-27 22:30:00+07:00,1789.7,1792.88,1788.23,1791.19
2025-04-27 22:45:00+07:00,1791.21,1795.43,1790.72,1792.96
2025-04-27 23:00:00+07:00,1792.94,1794.97,1791.04,1793.91
2025-04-27 23:15:00+07:00,1793.98,1794.34,1789.59,1791.45
2025-04-27 23:30:00+07:00,1791.44,1796.04,1786.23,1795.99
2025-04-27 23:45:00+07:00,1796.01,1797.46,1791.46,1794.64
2025-04-28 00:00:00+07:00,1794.65,1799.87,1792.04,1798.29
2025-04-28 00:15:00+07:00,1798.31,1801.27,1796.32,1796.64
2025-04-28 00:30:00+07:00,1796.65,1797.72,1794.33,1797.37
2025-04-28 00:45:00+07:00,1797.39,1799.83,1796.78,1797.34
2025-04-28 01:00:00+07:00,1797.33,1799.98,1796.26,1799.78
2025-04-28 01:15:00+07:00,1799.78,1804.06,1799.78,1800.95
2025-04-28 01:30:00+07:00,1801.02,1807.62,1801.02,1805.07
2025-04-28 01:45:00+07:00,1805.08,1806.34,1802.01,1802.59
2025-04-28 02:00:00+07:00,1802.65,1803.93,1801.7,1802.22
2025-04-28 02:15:00+07:00,1802.24,1804.45,1799.79,1803.95
2025-04-28 02:30:00+07:00,1803.95,1805.21,1802.09,1803.58
2025-04-28 02:45:00+07:00,1803.57,1807.44,1803.47,1806.97
2025-04-28 03:00:00+07:00,1807.01,1807.28,1800.3,1801.88
2025-04-28 03:15:00+07:00,1801.84,1803.67,1797.6,1798.49
2025-04-28 03:30:00+07:00,1798.5,1801.61,1798.5,1800.05
2025-04-28 03:45:00+07:00,1800.02,1804.16,1799.05,1801.54
2025-04-28 04:00:00+07:00,1801.56,1801.62,1795.18,1796.39
2025-04-28 04:15:00+07:00,1796.36,1803.05,1795.61,1803.02
2025-04-28 04:30:00+07:00,1803.02,1806.14,1802.42,1805.65
2025-04-28 04:45:00+07:00,1805.67,1806.52,1801.14,1802.1
2025-04-28 05:00:00+07:00,1802.12,1802.35,1788.63,1789.37
2025-04-28 05:15:00+07:00,1789.41,1793.7,1787.46,1788.67
2025-04-28 05:30:00+07:00,1788.68,1791.76,1783.44,1791.76
2025-04-28 05:45:00+07:00,1791.73,1794.23,1789.84,1793.7
2025-04-28 06:00:00+07:00,1793.68,1793.68,1788.09,1788.7
2025-04-28 06:15:00+07:00,1788.67,1792.71,1787.45,1791.42
2025-04-28 06:30:00+07:00,1791.46,1795.55,1790.5,1791.13
2025-04-28 06:45:00+07:00,1791.11,1793.71,1790.01,1790.37
2025-04-28 07:00:00+07:00,1790.33,1793.06,1771.98,1780.94
2025-04-28 07:15:00+07:00,1781.28,1788.12,1767.52,1779.35
2025-04-28 07:30:00+07:00,1779.36,1784.32,1776.15,1777.08
2025-04-28 07:45:00+07:00,1776.93,1778.13,1771.08,1772.63
2025-04-28 08:00:00+07:00,1772.72,1777.79,1767.09,1774.96
2025-04-28 08:15:00+07:00,1774.93,1776.55,1765.04,1769.87
2025-04-28 08:30:00+07:00,1769.86,1771.26,1751.11,1757.27
2025-04-28 08:45:00+07:00,1757.28,1765.29,1756.9,1763.16
2025-04-28 09:00:00+07:00,1763.09,1770.76,1761.0,1766.0
2025-04-28 09:15:00+07:00,1766.05,1770.94,1764.8,1768.79
2025-04-28 09:30:00+07:00,1768.76,1772.75,1767.5,1770.38
2025-04-28 09:45:00+07:00,1770.36,1773.31,1769.62,1771.96
2025-04-28 10:00:00+07:00,1772.09,1773.6,1768.71,1770.89
2025-04-28 10:15:00+07:00,1770.89,1779.25,1770.56,1777.56
2025-04-28 10:30:00+07:00,1777.54,1786.24,1777.54,1781.55
2025-04-28 10:45:00+07:00,1781.53,1784.6,1780.43,1783.31
2025-04-28 11:00:00+07:00,1783.33,1787.6,1783.27,1786.81
2025-04-28 11:15:00+07:00,1786.89,1792.66,1785.21,1792.66
2025-04-28 11:30:00+07:00,1792.65,1793.26,1786.36,1787.87
2025-04-28 11:45:00+07:00,1787.87,1789.28,1785.55,1786.81
2025-04-28 12:00:00+07:00,1786.8,1791.33,1785.06,1789.3
2025-04-28 12:15:00+07:00,1789.39,1802.26,1788.28,1794.81
2025-04-28 12:30:00+07:00,1794.84,1797.78,1791.33,1793.84
2025-04-28 12:45:00+07:00,1793.83,1796.31,1791.64,1794.89
2025-04-28 13:00:00+07:00,1794.94,1799.41,1794.64,1798.29
2025-04-28 13:15:00+07:00,1798.34,1801.88,1796.4,1797.17
2025-04-28 13:30:00+07:00,1797.15,1805.26,1797.13,1804.82
2025-04-28 13:45:00+07:00,1804.84,1805.33,1800.44,1803.81
2025-04-28 14:00:00+07:00,1803.84,1805.95,1799.47,1799.92
2025-04-28 14:15:00+07:00,1800.0,1807.55,1800.0,1806.3
2025-04-28 14:30:00+07:00,1806.29,1811.26,1804.93,1806.29
2025-04-28 14:45:00+07:00,1806.27,1807.61,1803.01,1803.85
2025-04-28 15:00:00+07:00,1803.9,1807.57,1800.65,1805.13
2025-04-28 15:15:00+07:00,1805.14,1807.92,1802.9,1806.58
2025-04-28 15:30:00+07:00,1806.58,1809.48,1804.44,1807.95
2025-04-28 15:45:00+07:00,1807.93,1808.75,1804.66,1808.48
2025-04-28 16:00:00+07:00,1808.55,1811.91,1805.39,1806.85
2025-04-28 16:15:00+07:00,1806.87,1814.6,1806.41,1810.03
2025-04-28 16:30:00+07:00,1809.97,1812.4,1807.6,1809.89
2025-04-28 16:45:00+07:00,1809.92,1810.23,1803.53,1804.9
2025-04-28 17:00:00+07:00,1804.93,1808.06,1797.81,1804.33
2025-04-28 17:15:00+07:00,1804.33,1805.26,1787.15,1794.99
2025-04-28 17:30:00+07:00,1795.02,1823.36,1794.91,1819.38
2025-04-28 17:45:00+07:00,1819.35,1822.96,1812.36,1814.41
2025-04-28 18:00:00+07:00,1814.46,1817.91,1809.54,1812.08
2025-04-28 18:15:00+07:00,1812.23,1820.0,1811.75,1819.67
2025-04-28 18:30:00+07:00,1819.8,1826.42,1817.52,1821.08
2025-04-28 18:45:00+07:00,1821.11,1823.4,1813.58,1815.28
2025-04-28 19:00:00+07:00,1815.3,1816.18,1806.5,1808.32
2025-04-28 19:15:00+07:00,1808.33,1811.74,1806.54,1811.49
2025-04-28 19:30:00+07:00,1811.51,1812.33,1805.65,1812.28
2025-04-28 19:45:00+07:00,1812.25,1814.06,1803.96,1805.71
2025-04-28 20:00:00+07:00,1805.79,1809.6,1800.91,1805.04
2025-04-28 20:15:00+07:00,1804.96,1806.82,1796.29,1796.76
2025-04-28 20:30:00+07:00,1796.67,1800.44,1784.01,1794.2
2025-04-28 20:45:00+07:00,1794.32,1796.16,1781.15,1783.21
2025-04-28 21:00:00+07:00,1783.18,1792.04,1778.74,1791.14
2025-04-28 21:15:00+07:00,1790.93,1798.14,1789.08,1790.7
2025-04-28 21:30:00+07:00,1790.72,1791.29,1782.14,1787.22
2025-04-28 21:45:00+07:00,1787.24,1789.97,1779.03,1781.04
2025-04-28 22:00:00+07:00,1781.01,1784.56,1771.85,1775.69
2025-04-28 22:15:00+07:00,1775.69,1777.43,1756.46,1759.53
2025-04-28 22:30:00+07:00,1759.43,1763.16,1753.16,1754.95
2025-04-28 22:45:00+07:00,1754.91,1762.36,1751.82,1762.32
2025-04-28 23:00:00+07:00,1762.18,1764.5,1752.61,1754.59
2025-04-28 23:15:00+07:00,1754.71,1759.85,1743.38,1758.02
2025-04-28 23:30:00+07:00,1757.8,1767.73,1756.65,1767.23
2025-04-28 23:45:00+07:00,1767.22,1767.22,1754.58,1757.14
2025-04-29 00:00:00+07:00,1757.09,1761.93,1753.54,1754.09
2025-04-29 00:15:00+07:00,1754.12,1760.26,1753.71,1755.97
2025-04-29 00:30:00+07:00,1755.95,1765.73,1754.94,1764.06
2025-04-29 00:45:00+07:00,1763.99,1773.68,1763.7,1769.83
2025-04-29 01:00:00+07:00,1769.81,1775.77,1763.68,1764.09
2025-04-29 01:15:00+07:00,1764.01,1769.6,1764.01,1766.13
2025-04-29 01:30:00+07:00,1766.31,1771.59,1764.76,1769.14
2025-04-29 01:45:00+07:00,1769.11,1780.58,1768.92,1777.29
2025-04-29 02:00:00+07:00,1777.26,1804.21,1776.76,1789.04
2025-04-29 02:15:00+07:00,1789.03,1800.88,1789.01,1795.26
2025-04-29 02:30:00+07:00,1795.23,1802.45,1794.53,1800.39
2025-04-29 02:45:00+07:00,1800.38,1801.15,1792.96,1796.4
2025-04-29 03:00:00+07:00,1796.32,1798.3,1786.04,1786.95
2025-04-29 03:15:00+07:00,1786.93,1789.91,1782.58,1786.91
2025-04-29 03:30:00+07:00,1786.92,1789.82,1783.69,1784.33
2025-04-29 03:45:00+07:00,1784.36,1787.24,1783.18,1785.13
2025-04-29 04:00:00+07:00,1785.15,1787.55,1780.31,1782.01
2025-04-29 04:15:00+07:00,1782.01,1784.7,1780.49,1784.7
2025-04-29 04:30:00+07:00,1784.73,1786.86,1783.09,1786.05
2025-04-29 04:45:00+07:00,1786.02,1793.55,1784.54,1792.68
2025-04-29 05:00:00+07:00,1792.69,1804.86,1791.49,1797.94
2025-04-29 05:15:00+07:00,1797.93,1799.7,1792.54,1792.57
2025-04-29 05:30:00+07:00,1792.55,1795.2,1790.8,1792.91
2025-04-29 05:45:00+07:00,1792.92,1803.67,1792.79,1801.11
2025-04-29 06:00:00+07:00,1801.04,1801.84,1797.16,1797.7
2025-04-29 06:15:00+07:00,1797.7,1801.07,1794.23,1797.38
2025-04-29 06:30:00+07:00,1797.38,1805.61,1795.91,1799.13
2025-04-29 06:45:00+07:00,1799.23,1799.57,1796.04,1799.06
2025-04-29 07:00:00+07:00,1799.09,1801.7,1794.12,1797.44
2025-04-29 07:15:00+07:00,1797.5,1801.91,1792.83,1801.42
2025-04-29 07:30:00+07:00,1801.53,1805.11,1798.94,1802.05
2025-04-29 07:45:00+07:00,1801.97,1803.63,1795.57,1801.18
2025-04-29 08:00:00+07:00,1801.15,1805.73,1795.35,1795.84
2025-04-29 08:15:00+07:00,1796.13,1801.32,1791.69,1799.27
2025-04-29 08:30:00+07:00,1799.32,1810.84,1796.58,1803.56
2025-04-29 08:45:00+07:00,1803.63,1809.49,1795.26,1795.68
2025-04-29 09:00:00+07:00,1795.68,1797.44,1790.27,1794.76
2025-04-29 09:15:00+07:00,1794.72,1797.36,1791.12,1796.62
2025-04-29 09:30:00+07:00,1796.57,1801.2,1794.97,1795.98
2025-04-29 09:45:00+07:00,1795.94,1795.94,1786.87,1793.81
2025-04-29 10:00:00+07:00,1793.88,1795.53,1791.34,1793.43
2025-04-29 10:15:00+07:00,1793.43,1798.96,1793.43,1797.99
2025-04-29 10:30:00+07:00,1797.97,1800.11,1796.76,1800.0
2025-04-29 10:45:00+07:00,1800.04,1804.47,1799.68,1801.18
2025-04-29 11:00:00+07:00,1801.19,1803.7,1798.97,1802.97
2025-04-29 11:15:00+07:00,1803.04,1804.11,1798.98,1802.07
2025-04-29 11:30:00+07:00,1802.09,1802.65,1793.58,1795.97
2025-04-29 11:45:00+07:00,1795.93,1795.93,1788.16,1791.62
2025-04-29 12:00:00+07:00,1791.67,1793.21,1788.03,1789.46
2025-04-29 12:15:00+07:00,1789.46,1793.43,1787.33,1792.66
2025-04-29 12:30:00+07:00,1792.64,1795.76,1791.25,1791.87
2025-04-29 12:45:00+07:00,1791.86,1795.0,1791.38,1794.02
2025-04-29 13:00:00+07:00,1794.01,1802.23,1793.26,1801.82
2025-04-29 13:15:00+07:00,1801.83,1818.71,1801.83,1812.44
2025-04-29 13:30:00+07:00,1812.42,1817.56,1811.98,1813.01
2025-04-29 13:45:00+07:00,1813.02,1821.44,1812.57,1820.27
2025-04-29 14:00:00+07:00,1820.28,1823.34,1815.51,1818.63
2025-04-29 14:15:00+07:00,1818.49,1823.3,1816.59,1821.37
2025-04-29 14:30:00+07:00,1821.38,1824.21,1818.48,1818.68
2025-04-29 14:45:00+07:00,1818.68,1821.86,1817.81,1820.72
2025-04-29 15:00:00+07:00,1820.65,1825.4,1819.47,1822.79
2025-04-29 15:15:00+07:00,1822.8,1827.36,1817.57,1820.89
2025-04-29 15:30:00+07:00,1820.88,1824.39,1815.68,1822.53
2025-04-29 15:45:00+07:00,1822.57,1834.9,1818.63,1831.5
2025-04-29 16:00:00+07:00,1831.63,1834.51,1826.59,1827.03
2025-04-29 16:15:00+07:00,1827.02,1829.73,1823.49,1829.23
2025-04-29 16:30:00+07:00,1829.25,1833.43,1826.04,1829.33
2025-04-29 16:45:00+07:00,1829.34,1833.02,1826.2,1831.05
2025-04-29 17:00:00+07:00,1831.06,1842.25,1830.13,1835.7
2025-04-29 17:15:00+07:00,1835.7,1841.16,1831.32,1832.56
2025-04-29 17:30:00+07:00,1832.62,1833.09,1824.56,1826.93
2025-04-29 17:45:00+07:00,1826.99,1829.39,1822.25,1824.99
2025-04-29 18:00:00+07:00,1825.0,1836.17,1824.22,1835.64
2025-04-29 18:15:00+07:00,1835.63,1837.65,1831.69,1831.86
2025-04-29 18:30:00+07:00,1831.87,1833.95,1826.83,1827.17
2025-04-29 18:45:00+07:00,1827.28,1829.68,1826.61,1828.95
2025-04-29 19:00:00+07:00,1828.93,1832.32,1825.84,1830.28
2025-04-29 19:15:00+07:00,1830.28,1832.65,1826.06,1828.01
2025-04-29 19:30:00+07:00,1827.97,1829.19,1822.51,1829.19
2025-04-29 19:45:00+07:00,1829.32,1830.43,1820.23,1821.15
2025-04-29 20:00:00+07:00,1821.03,1824.11,1815.94,1821.18
2025-04-29 20:15:00+07:00,1821.0,1821.16,1801.78,1813.02
2025-04-29 20:30:00+07:00,1812.99,1817.3,1807.72,1814.76
2025-04-29 20:45:00+07:00,1814.78,1818.76,1811.03,1813.85
2025-04-29 21:00:00+07:00,1813.72,1825.63,1808.57,1819.34
2025-04-29 21:15:00+07:00,1819.18,1819.5,1811.46,1813.34
2025-04-29 21:30:00+07:00,1813.38,1824.71,1812.48,1820.06
2025-04-29 21:45:00+07:00,1820.11,1823.28,1815.97,1822.45
2025-04-29 22:00:00+07:00,1822.44,1824.6,1819.33,1820.23
2025-04-29 22:15:00+07:00,1820.23,1820.94,1811.45,1816.68
2025-04-29 22:30:00+07:00,1816.69,1820.0,1811.42,1819.56
2025-04-29 22:45:00+07:00,1819.53,1820.69,1813.78,1814.24
2025-04-29 23:00:00+07:00,1814.2,1818.92,1813.34,1818.19
2025-04-29 23:15:00+07:00,1818.19,1823.69,1816.98,1822.82
2025-04-29 23:30:00+07:00,1822.84,1831.61,1821.76,1829.6
2025-04-29 23:45:00+07:00,1829.59,1829.97,1812.38,1815.27
2025-04-30 00:00:00+07:00,1815.26,1819.1,1806.19,1817.05
2025-04-30 00:15:00+07:00,1817.11,1821.49,1814.79,1819.74
2025-04-30 00:30:00+07:00,1819.65,1823.52,1815.86,1821.54
2025-04-30 00:45:00+07:00,1821.5,1828.99,1818.71,1824.32
2025-04-30 01:00:00+07:00,1824.33,1826.36,1819.88,1821.98
2025-04-30 01:15:00+07:00,1821.86,1826.76,1820.82,1826.47
2025-04-30 01:30:00+07:00,1826.48,1827.26,1823.87,1825.79
2025-04-30 01:45:00+07:00,1825.81,1827.99,1823.21,1824.61
2025-04-30 02:00:00+07:00,1824.61,1826.27,1821.96,1822.54
2025-04-30 02:15:00+07:00,1822.53,1828.03,1820.74,1823.44
2025-04-30 02:30:00+07:00,1823.42,1824.63,1818.66,1819.31
2025-04-30 02:45:00+07:00,1819.24,1823.78,1817.99,1820.93
2025-04-30 03:00:00+07:00,1820.95,1824.91,1811.96,1813.67
2025-04-30 03:15:00+07:00,1813.69,1816.0,1811.66,1813.24
2025-04-30 03:30:00+07:00,1813.31,1813.52,1806.21,1810.9
2025-04-30 03:45:00+07:00,1810.81,1812.33,1807.14,1807.58
2025-04-30 04:00:00+07:00,1807.61,1810.72,1797.41,1800.05
2025-04-30 04:15:00+07:00,1799.98,1799.99,1788.8,1795.45
2025-04-30 04:30:00+07:00,1795.45,1800.63,1791.15,1797.87
2025-04-30 04:45:00+07:00,1797.9,1800.41,1791.25,1799.38
2025-04-30 05:00:00+07:00,1799.38,1799.38,1791.9,1796.34
2025-04-30 05:15:00+07:00,1796.25,1797.84,1789.09,1792.6
2025-04-30 05:30:00+07:00,1792.7,1796.34,1791.0,1791.77
2025-04-30 05:45:00+07:00,1791.82,1796.58,1791.18,1791.61
2025-04-30 06:00:00+07:00,1791.55,1793.74,1779.61,1782.82
2025-04-30 06:15:00+07:00,1782.78,1785.91,1779.67,1785.78
2025-04-30 06:30:00+07:00,1785.55,1792.87,1784.55,1792.11
2025-04-30 06:45:00+07:00,1792.11,1798.92,1791.39,1796.6
2025-04-30 07:00:00+07:00,1796.57,1803.51,1793.92,1801.33
2025-04-30 07:15:00+07:00,1801.42,1805.5,1798.44,1799.35
2025-04-30 07:30:00+07:00,1799.34,1812.09,1797.67,1805.54
2025-04-30 07:45:00+07:00,1805.55,1805.66,1801.93,1804.62
2025-04-30 08:00:00+07:00,1804.57,1805.63,1797.18,1798.55
2025-04-30 08:15:00+07:00,1798.56,1803.63,1797.11,1802.18
2025-04-30 08:30:00+07:00,1802.17,1802.19,1795.01,1795.2
2025-04-30 08:45:00+07:00,1795.22,1797.78,1787.87,1796.82
2025-04-30 09:00:00+07:00,1796.84,1797.35,1792.56,1795.97
2025-04-30 09:15:00+07:00,1795.98,1803.66,1795.36,1797.88
2025-04-30 09:30:00+07:00,1797.92,1803.04,1795.31,1801.95
2025-04-30 09:45:00+07:00,1801.74,1805.47,1800.78,1802.15
2025-04-30 10:00:00+07:00,1802.12,1802.16,1797.52,1799.51
2025-04-30 10:15:00+07:00,1799.42,1803.06,1798.77,1799.55
2025-04-30 10:30:00+07:00,1799.52,1803.0,1799.21,1801.28
2025-04-30 10:45:00+07:00,1801.29,1811.87,1800.96,1808.0
2025-04-30 11:00:00+07:00,1808.0,1809.35,1804.37,1805.66
2025-04-30 11:15:00+07:00,1805.74,1810.16,1805.74,1809.66
2025-04-30 11:30:00+07:00,1809.65,1810.37,1806.94,1807.7
2025-04-30 11:45:00+07:00,1807.69,1812.07,1807.69,1811.02
2025-04-30 12:00:00+07:00,1811.06,1811.47,1804.92,1805.85
2025-04-30 12:15:00+07:00,1805.84,1807.33,1802.66,1802.95
2025-04-30 12:30:00+07:00,1802.99,1805.48,1801.95,1802.64
2025-04-30 12:45:00+07:00,1802.69,1805.27,1800.5,1805.27
2025-04-30 13:00:00+07:00,1805.28,1807.09,1802.3,1806.47
2025-04-30 13:15:00+07:00,1806.48,1807.95,1805.55,1806.83
2025-04-30 13:30:00+07:00,1806.88,1807.75,1801.9,1802.12
2025-04-30 13:45:00+07:00,1802.08,1805.59,1801.91,1802.42
2025-04-30 14:00:00+07:00,1802.41,1805.99,1801.66,1805.96
2025-04-30 14:15:00+07:00,1805.98,1806.99,1802.88,1803.57
2025-04-30 14:30:00+07:00,1803.56,1803.97,1795.18,1796.88
2025-04-30 14:45:00+07:00,1796.83,1796.94,1789.98,1795.65
2025-04-30 15:00:00+07:00,1795.63,1800.16,1791.79,1799.16
2025-04-30 15:15:00+07:00,1799.15,1801.48,1794.49,1795.32
2025-04-30 15:30:00+07:00,1795.39,1798.34,1794.28,1797.59
2025-04-30 15:45:00+07:00,1797.56,1799.72,1794.05,1794.26
2025-04-30 16:00:00+07:00,1794.28,1797.45,1793.99,1795.3
2025-04-30 16:15:00+07:00,1795.26,1800.34,1795.07,1800.09
2025-04-30 16:30:00+07:00,1800.07,1807.54,1800.05,1805.92
2025-04-30 16:45:00+07:00,1805.86,1807.49,1803.75,1805.56
2025-04-30 17:00:00+07:00,1805.61,1806.63,1802.82,1805.86
2025-04-30 17:15:00+07:00,1805.91,1808.34,1803.58,1805.25
2025-04-30 17:30:00+07:00,1805.22,1807.48,1802.83,1807.48
2025-04-30 17:45:00+07:00,1807.47,1809.98,1805.72,1806.55
2025-04-30 18:00:00+07:00,1806.55,1809.56,1806.55,1808.42
2025-04-30 18:15:00+07:00,1808.42,1812.02,1807.07,1809.3
2025-04-30 18:30:00+07:00,1809.28,1815.99,1808.03,1813.5
2025-04-30 18:45:00+07:00,1813.47,1815.14,1811.55,1814.76
2025-04-30 19:00:00+07:00,1814.74,1815.47,1807.55,1809.58
2025-04-30 19:15:00+07:00,1809.51,1809.8,1793.52,1795.8
2025-04-30 19:30:00+07:00,1795.8,1799.55,1774.31,1776.55
2025-04-30 19:45:00+07:00,1776.56,1782.11,1765.99,1774.43
2025-04-30 20:00:00+07:00,1774.33,1775.15,1759.2,1760.77
2025-04-30 20:15:00+07:00,1760.79,1772.39,1757.46,1771.42
2025-04-30 20:30:00+07:00,1771.51,1771.51,1746.78,1757.26
2025-04-30 20:45:00+07:00,1757.19,1759.72,1734.17,1739.75
2025-04-30 21:00:00+07:00,1740.07,1754.1,1730.59,1752.15
2025-04-30 21:15:00+07:00,1752.17,1764.53,1743.94,1763.44
2025-04-30 21:30:00+07:00,1763.39,1772.05,1754.57,1759.12
2025-04-30 21:45:00+07:00,1759.09,1761.3,1751.79,1758.16
2025-04-30 22:00:00+07:00,1758.17,1765.64,1758.07,1762.06
2025-04-30 22:15:00+07:00,1762.09,1765.43,1756.43,1763.09
2025-04-30 22:30:00+07:00,1763.08,1770.7,1760.05,1769.4
2025-04-30 22:45:00+07:00,1769.48,1769.48,1761.84,1763.74
2025-04-30 23:00:00+07:00,1763.69,1765.66,1758.4,1758.78
2025-04-30 23:15:00+07:00,1758.76,1761.22,1755.07,1761.13
2025-04-30 23:30:00+07:00,1761.13,1770.23,1757.52,1766.99
2025-04-30 23:45:00+07:00,1767.1,1769.09,1764.45,1766.86
2025-05-01 00:00:00+07:00,1767.0,1771.57,1760.6,1763.35
2025-05-01 00:15:00+07:00,1763.4,1771.4,1763.39,1770.1
2025-05-01 00:30:00+07:00,1770.05,1778.07,1767.25,1777.83
2025-05-01 00:45:00+07:00,1777.88,1778.85,1772.28,1774.68
2025-05-01 01:00:00+07:00,1774.69,1787.99,1772.09,1784.74
2025-05-01 01:15:00+07:00,1784.75,1788.91,1778.73,1779.47
2025-05-01 01:30:00+07:00,1779.46,1781.98,1776.13,1779.04
2025-05-01 01:45:00+07:00,1779.09,1784.84,1778.4,1781.74
2025-05-01 02:00:00+07:00,1781.76,1786.71,1781.76,1785.25
2025-05-01 02:15:00+07:00,1785.27,1786.14,1775.74,1777.6
2025-05-01 02:30:00+07:00,1777.54,1781.49,1775.06,1780.78
2025-05-01 02:45:00+07:00,1780.77,1792.38,1780.56,1785.94
2025-05-01 03:00:00+07:00,1786.1,1808.63,1784.13,1806.28
2025-05-01 03:15:00+07:00,1806.24,1808.93,1801.59,1803.47
2025-05-01 03:30:00+07:00,1803.36,1803.81,1795.85,1797.91
2025-05-01 03:45:00+07:00,1797.94,1799.9,1791.83,1793.34
2025-05-01 04:00:00+07:00,1792.97,1799.96,1792.92,1795.42
2025-05-01 04:15:00+07:00,1795.36,1798.89,1795.35,1797.1
2025-05-01 04:30:00+07:00,1797.11,1797.38,1793.05,1794.62
2025-05-01 04:45:00+07:00,1794.61,1796.53,1789.87,1791.46
2025-05-01 05:00:00+07:00,1791.47,1798.7,1791.06,1795.42
2025-05-01 05:15:00+07:00,1795.46,1796.25,1791.6,1791.69
2025-05-01 05:30:00+07:00,1791.7,1794.21,1789.45,1792.28
2025-05-01 05:45:00+07:00,1792.25,1795.3,1788.27,1794.55
2025-05-01 06:00:00+07:00,1794.56,1798.82,1793.11,1798.4
2025-05-01 06:15:00+07:00,1798.35,1798.61,1793.73,1795.57
2025-05-01 06:30:00+07:00,1795.58,1797.0,1793.01,1793.01
2025-05-01 06:45:00+07:00,1793.0,1793.58,1791.22,1792.7
2025-05-01 07:00:00+07:00,1792.66,1798.22,1791.62,1794.69
2025-05-01 07:15:00+07:00,1794.73,1796.08,1792.01,1793.45
2025-05-01 07:30:00+07:00,1793.45,1796.04,1792.2,1795.0
2025-05-01 07:45:00+07:00,1794.9,1797.47,1794.83,1796.82
2025-05-01 08:00:00+07:00,1796.82,1805.87,1796.82,1801.98
2025-05-01 08:15:00+07:00,1801.91,1805.82,1799.9,1801.06
2025-05-01 08:30:00+07:00,1801.04,1805.14,1799.36,1802.96
2025-05-01 08:45:00+07:00,1802.93,1809.93,1800.13,1809.16
2025-05-01 09:00:00+07:00,1809.19,1815.52,1806.27,1809.41
2025-05-01 09:15:00+07:00,1809.44,1814.93,1809.44,1814.38
2025-05-01 09:30:00+07:00,1814.39,1818.22,1811.73,1813.29
2025-05-01 09:45:00+07:00,1813.36,1813.9,1805.32,1806.78
2025-05-01 10:00:00+07:00,1806.79,1812.32,1805.66,1808.05
2025-05-01 10:15:00+07:00,1807.99,1811.31,1806.91,1811.18
2025-05-01 10:30:00+07:00,1811.17,1813.43,1808.74,1811.38
2025-05-01 10:45:00+07:00,1811.38,1811.38,1804.51,1807.09
2025-05-01 11:00:00+07:00,1807.16,1809.47,1804.54,1807.02
2025-05-01 11:15:00+07:00,1807.06,1808.27,1803.18,1805.74
2025-05-01 11:30:00+07:00,1805.74,1809.09,1804.67,1808.97
2025-05-01 11:45:00+07:00,1808.84,1809.19,1806.27,1808.37
2025-05-01 12:00:00+07:00,1808.37,1809.23,1804.92,1808.97
2025-05-01 12:15:00+07:00,1808.93,1810.04,1805.57,1807.71
2025-05-01 12:30:00+07:00,1807.77,1814.09,1806.18,1812.84
2025-05-01 12:45:00+07:00,1812.84,1816.04,1809.7,1812.74
2025-05-01 13:00:00+07:00,1812.73,1814.52,1808.63,1809.35
2025-05-01 13:15:00+07:00,1809.36,1810.66,1807.27,1808.45
2025-05-01 13:30:00+07:00,1808.48,1809.89,1804.34,1805.19
2025-05-01 13:45:00+07:00,1805.21,1807.5,1804.22,1805.83
2025-05-01 14:00:00+07:00,1805.64,1806.58,1801.52,1806.58
2025-05-01 14:15:00+07:00,1806.54,1809.5,1804.04,1808.08
2025-05-01 14:30:00+07:00,1807.96,1812.29,1807.6,1810.93
2025-05-01 14:45:00+07:00,1810.95,1813.99,1809.51,1809.68
2025-05-01 15:00:00+07:00,1809.73,1813.99,1807.75,1812.95
2025-05-01 15:15:00+07:00,1812.96,1815.61,1811.04,1812.34
2025-05-01 15:30:00+07:00,1812.41,1819.84,1812.18,1813.17
2025-05-01 15:45:00+07:00,1813.19,1818.89,1813.12,1816.81
2025-05-01 16:00:00+07:00,1816.77,1817.59,1814.07,1814.94
2025-05-01 16:15:00+07:00,1814.94,1819.34,1814.33,1818.15
2025-05-01 16:30:00+07:00,1818.15,1823.7,1817.13,1819.12
2025-05-01 16:45:00+07:00,1819.18,1823.44,1816.26,1816.54
2025-05-01 17:00:00+07:00,1816.55,1821.22,1816.55,1819.96
2025-05-01 17:15:00+07:00,1820.02,1843.27,1820.02,1840.95
2025-05-01 17:30:00+07:00,1841.0,1850.3,1833.43,1838.66
2025-05-01 17:45:00+07:00,1838.67,1849.31,1833.9,1846.97
2025-05-01 18:00:00+07:00,1847.05,1858.64,1844.3,1848.11
2025-05-01 18:15:00+07:00,1848.15,1848.52,1837.34,1840.06
2025-05-01 18:30:00+07:00,1840.13,1844.57,1839.9,1843.08
2025-05-01 18:45:00+07:00,1843.11,1847.73,1843.03,1844.77
2025-05-01 19:00:00+07:00,1844.76,1854.57,1841.19,1852.07
2025-05-01 19:15:00+07:00,1852.12,1852.73,1843.41,1845.1
2025-05-01 19:30:00+07:00,1845.03,1852.09,1842.38,1851.01
2025-05-01 19:45:00+07:00,1850.99,1851.72,1847.48,1848.35
2025-05-01 20:00:00+07:00,1848.27,1848.98,1844.14,1848.77
2025-05-01 20:15:00+07:00,1848.81,1850.78,1843.86,1850.71
2025-05-01 20:30:00+07:00,1850.74,1850.88,1824.29,1833.42
2025-05-01 20:45:00+07:00,1833.37,1837.03,1824.54,1826.2
2025-05-01 21:00:00+07:00,1825.87,1838.22,1825.87,1837.11
2025-05-01 21:15:00+07:00,1837.09,1841.07,1835.16,1839.21
2025-05-01 21:30:00+07:00,1839.29,1842.99,1833.69,1837.27
2025-05-01 21:45:00+07:00,1837.15,1848.68,1836.82,1847.8
2025-05-01 22:00:00+07:00,1847.73,1872.1,1843.79,1870.1
2025-05-01 22:15:00+07:00,1870.03,1872.58,1859.56,1862.6
2025-05-01 22:30:00+07:00,1862.64,1865.7,1857.81,1858.94
2025-05-01 22:45:00+07:00,1858.89,1860.24,1848.96,1852.09
2025-05-01 23:00:00+07:00,1852.13,1860.79,1851.62,1857.59
2025-05-01 23:15:00+07:00,1857.59,1862.71,1852.04,1860.95
2025-05-01 23:30:00+07:00,1860.94,1869.66,1859.94,1868.13
2025-05-01 23:45:00+07:00,1868.04,1868.04,1857.63,1858.75
2025-05-02 00:00:00+07:00,1858.74,1861.65,1858.17,1858.62
2025-05-02 00:15:00+07:00,1858.54,1864.07,1855.15,1856.02
2025-05-02 00:30:00+07:00,1856.04,1858.1,1845.41,1847.84
2025-05-02 00:45:00+07:00,1847.81,1855.51,1846.55,1855.04
2025-05-02 01:00:00+07:00,1855.12,1855.54,1849.94,1850.05
2025-05-02 01:15:00+07:00,1850.02,1853.06,1846.7,1849.48
2025-05-02 01:30:00+07:00,1849.47,1853.71,1847.91,1852.61
2025-05-02 01:45:00+07:00,1852.66,1857.66,1852.52,1855.08
2025-05-02 02:00:00+07:00,1855.04,1855.33,1846.11,1847.45
2025-05-02 02:15:00+07:00,1847.49,1850.58,1846.42,1849.16
2025-05-02 02:30:00+07:00,1849.14,1849.99,1846.81,1848.23
2025-05-02 02:45:00+07:00,1848.06,1852.68,1839.83,1842.1
2025-05-02 03:00:00+07:00,1842.13,1846.64,1837.48,1846.57
2025-05-02 03:15:00+07:00,1846.58,1850.43,1844.78,1845.9
2025-05-02 03:30:00+07:00,1845.91,1848.08,1839.54,1840.63
2025-05-02 03:45:00+07:00,1840.6,1840.92,1836.21,1838.75
2025-05-02 04:00:00+07:00,1838.69,1846.87,1838.51,1846.1
2025-05-02 04:15:00+07:00,1846.08,1846.58,1842.67,1844.24
2025-05-02 04:30:00+07:00,1844.23,1848.68,1840.12,1847.34
2025-05-02 04:45:00+07:00,1847.38,1848.49,1842.42,1843.0
2025-05-02 05:00:00+07:00,1843.04,1845.04,1840.56,1845.04
2025-05-02 05:15:00+07:00,1845.05,1845.33,1840.63,1842.0
2025-05-02 05:30:00+07:00,1842.01,1842.12,1837.81,1838.59
2025-05-02 05:45:00+07:00,1838.56,1839.51,1836.56,1837.87
2025-05-02 06:00:00+07:00,1837.89,1839.68,1832.65,1835.18
2025-05-02 06:15:00+07:00,1835.22,1840.23,1835.15,1837.65
2025-05-02 06:30:00+07:00,1837.65,1837.65,1833.22,1836.03
2025-05-02 06:45:00+07:00,1835.99,1839.08,1834.86,1837.26
2025-05-02 07:00:00+07:00,1837.26,1841.76,1834.96,1837.09
2025-05-02 07:15:00+07:00,1837.14,1846.55,1834.2,1846.27
2025-05-02 07:30:00+07:00,1846.3,1849.69,1840.02,1842.56
2025-05-02 07:45:00+07:00,1842.56,1847.4,1842.24,1846.8
2025-05-02 08:00:00+07:00,1846.79,1850.12,1844.46,1846.15
2025-05-02 08:15:00+07:00,1846.18,1850.54,1844.3,1844.42
2025-05-02 08:30:00+07:00,1844.46,1844.66,1838.09,1840.38
2025-05-02 08:45:00+07:00,1840.37,1843.75,1838.73,1841.77
2025-05-02 09:00:00+07:00,1841.76,1842.47,1838.13,1842.31
2025-05-02 09:15:00+07:00,1842.32,1848.64,1841.14,1847.25
2025-05-02 09:30:00+07:00,1847.29,1848.77,1845.46,1846.23
2025-05-02 09:45:00+07:00,1846.28,1848.87,1845.66,1845.91
2025-05-02 10:00:00+07:00,1845.92,1849.51,1845.69,1847.97
2025-05-02 10:15:00+07:00,1847.97,1848.22,1842.84,1844.71
2025-05-02 10:30:00+07:00,1844.72,1849.32,1844.61,1847.98
2025-05-02 10:45:00+07:00,1847.86,1849.84,1846.14,1846.75
2025-05-02 11:00:00+07:00,1846.72,1850.57,1845.26,1845.59
2025-05-02 11:15:00+07:00,1845.63,1848.4,1844.57,1844.74
2025-05-02 11:30:00+07:00,1844.74,1844.88,1838.33,1840.17
2025-05-02 11:45:00+07:00,1840.07,1843.06,1838.81,1840.57
2025-05-02 12:00:00+07:00,1840.58,1843.26,1839.87,1841.37
2025-05-02 12:15:00+07:00,1841.35,1841.35,1834.32,1836.87
2025-05-02 12:30:00+07:00,1836.86,1838.55,1833.28,1835.6
2025-05-02 12:45:00+07:00,1835.63,1838.63,1828.3,1831.15
2025-05-02 13:00:00+07:00,1831.09,1833.84,1828.46,1832.12
2025-05-02 13:15:00+07:00,1832.12,1835.24,1827.2,1834.97
2025-05-02 13:30:00+07:00,1834.97,1836.54,1829.29,1829.56
2025-05-02 13:45:00+07:00,1829.26,1831.7,1828.3,1831.38
2025-05-02 14:00:00+07:00,1831.35,1831.35,1818.36,1820.78
2025-05-02 14:15:00+07:00,1820.77,1825.16,1817.92,1822.0
2025-05-02 14:30:00+07:00,1821.96,1823.41,1815.62,1818.12
2025-05-02 14:45:00+07:00,1818.14,1820.4,1815.22,1815.27
2025-05-02 15:00:00+07:00,1815.33,1819.85,1812.11,1819.09
2025-05-02 15:15:00+07:00,1819.09,1822.54,1817.99,1820.86
2025-05-02 15:30:00+07:00,1820.85,1825.88,1819.8,1822.81
2025-05-02 15:45:00+07:00,1822.84,1823.99,1820.74,1822.75
2025-05-02 16:00:00+07:00,1822.76,1826.32,1820.45,1825.63
2025-05-02 16:15:00+07:00,1825.61,1825.85,1821.4,1823.57
2025-05-02 16:30:00+07:00,1823.65,1823.72,1820.85,1821.45
2025-05-02 16:45:00+07:00,1821.45,1825.06,1819.23,1819.61
2025-05-02 17:00:00+07:00,1819.63,1823.83,1819.59,1822.7
2025-05-02 17:15:00+07:00,1822.69,1824.22,1820.11,1823.63
2025-05-02 17:30:00+07:00,1823.63,1830.64,1823.54,1829.42
2025-05-02 17:45:00+07:00,1829.41,1834.33,1827.25,1828.37
2025-05-02 18:00:00+07:00,1828.39,1833.19,1828.39,1832.96
2025-05-02 18:15:00+07:00,1832.99,1834.65,1830.59,1831.69
2025-05-02 18:30:00+07:00,1831.71,1832.36,1829.51,1831.48
2025-05-02 18:45:00+07:00,1831.36,1833.29,1829.46,1832.34
2025-05-02 19:00:00+07:00,1832.36,1835.56,1829.35,1830.08
2025-05-02 19:15:00+07:00,1830.07,1832.48,1827.86,1832.28
2025-05-02 19:30:00+07:00,1832.3,1842.19,1822.11,1832.94
2025-05-02 19:45:00+07:00,1832.94,1840.27,1832.11,1840.08
2025-05-02 20:00:00+07:00,1840.08,1841.4,1831.94,1832.23
2025-05-02 20:15:00+07:00,1832.19,1835.91,1831.88,1834.52
2025-05-02 20:30:00+07:00,1834.6,1839.16,1828.24,1833.81
2025-05-02 20:45:00+07:00,1833.87,1836.21,1830.47,1832.87
2025-05-02 21:00:00+07:00,1832.92,1841.67,1832.81,1837.02
2025-05-02 21:15:00+07:00,1837.05,1844.5,1835.15,1843.75
2025-05-02 21:30:00+07:00,1843.76,1850.27,1840.43,1841.73
2025-05-02 21:45:00+07:00,1841.64,1851.06,1840.75,1848.0
2025-05-02 22:00:00+07:00,1847.98,1853.55,1843.1,1843.55
2025-05-02 22:15:00+07:00,1843.6,1846.5,1831.45,1835.25
2025-05-02 22:30:00+07:00,1835.18,1840.63,1833.18,1840.15
2025-05-02 22:45:00+07:00,1840.22,1841.4,1836.98,1840.19
2025-05-02 23:00:00+07:00,1840.13,1870.34,1840.05,1860.86
2025-05-02 23:15:00+07:00,1860.94,1867.27,1856.22,1857.13
2025-05-02 23:30:00+07:00,1857.11,1859.5,1852.81,1855.91
2025-05-02 23:45:00+07:00,1855.9,1855.9,1849.75,1851.73
2025-05-03 00:00:00+07:00,1851.79,1851.81,1840.54,1844.44
2025-05-03 00:15:00+07:00,1844.51,1851.51,1843.87,1849.37
2025-05-03 00:30:00+07:00,1849.38,1851.01,1845.15,1846.99
2025-05-03 00:45:00+07:00,1847.0,1852.77,1846.36,1851.5
2025-05-03 01:00:00+07:00,1851.53,1854.8,1850.72,1853.06
2025-05-03 01:15:00+07:00,1853.08,1854.43,1849.42,1849.68
2025-05-03 01:30:00+07:00,1849.81,1852.98,1849.15,1850.98
2025-05-03 01:45:00+07:00,1850.98,1851.88,1844.57,1848.19
2025-05-03 02:00:00+07:00,1848.18,1849.65,1844.8,1845.54
2025-05-03 02:15:00+07:00,1845.51,1848.82,1843.52,1848.24
2025-05-03 02:30:00+07:00,1848.05,1848.05,1836.6,1839.06
2025-05-03 02:45:00+07:00,1839.1,1840.56,1830.65,1838.72
2025-05-03 03:00:00+07:00,1838.69,1842.75,1834.68,1842.75
2025-05-03 03:15:00+07:00,1842.73,1844.11,1839.97,1843.41
2025-05-03 03:30:00+07:00,1843.39,1847.03,1843.04,1844.93
2025-05-03 03:45:00+07:00,1844.95,1846.91,1844.16,1846.0
2025-05-03 04:00:00+07:00,1845.78,1845.88,1842.03,1842.43
2025-05-03 04:15:00+07:00,1842.39,1843.88,1840.48,1842.76
2025-05-03 04:30:00+07:00,1842.81,1845.1,1838.98,1839.4
2025-05-03 04:45:00+07:00,1839.4,1840.17,1832.09,1836.78
2025-05-03 05:00:00+07:00,1836.77,1839.1,1833.7,1834.92
2025-05-03 05:15:00+07:00,1834.97,1837.55,1832.11,1835.62
2025-05-03 05:30:00+07:00,1835.62,1837.34,1833.5,1834.01
2025-05-03 05:45:00+07:00,1834.09,1836.21,1833.66,1834.32
2025-05-03 06:00:00+07:00,1834.42,1839.26,1833.7,1838.45
2025-05-03 06:15:00+07:00,1838.43,1840.8,1837.15,1837.96
2025-05-03 06:30:00+07:00,1837.96,1840.91,1837.52,1839.93
2025-05-03 06:45:00+07:00,1839.98,1841.8,1838.44,1841.17
2025-05-03 07:00:00+07:00,1841.22,1841.6,1838.92,1840.15
2025-05-03 07:15:00+07:00,1840.14,1842.24,1837.42,1838.16
2025-05-03 07:30:00+07:00,1838.13,1841.76,1837.62,1838.13
2025-05-03 07:45:00+07:00,1838.18,1838.9,1835.32,1837.87
2025-05-03 08:00:00+07:00,1837.97,1839.66,1833.51,1834.06
2025-05-03 08:15:00+07:00,1834.04,1835.98,1832.26,1832.63
2025-05-03 08:30:00+07:00,1832.69,1832.96,1825.64,1827.72
2025-05-03 08:45:00+07:00,1827.71,1828.16,1826.04,1828.15
2025-05-03 09:00:00+07:00,1828.19,1832.02,1827.84,1832.02
2025-05-03 09:15:00+07:00,1832.05,1834.12,1830.94,1833.81
2025-05-03 09:30:00+07:00,1833.85,1834.93,1830.86,1831.35
2025-05-03 09:45:00+07:00,1831.34,1834.16,1830.32,1833.26
2025-05-03 10:00:00+07:00,1833.26,1835.18,1832.28,1832.28
2025-05-03 10:15:00+07:00,1832.25,1833.96,1830.35,1833.39
2025-05-03 10:30:00+07:00,1833.43,1835.86,1832.32,1835.58
2025-05-03 10:45:00+07:00,1835.5,1836.97,1833.53,1833.98
2025-05-03 11:00:00+07:00,1833.98,1835.9,1832.91,1835.59
2025-05-03 11:15:00+07:00,1835.58,1837.0,1833.16,1836.16
2025-05-03 11:30:00+07:00,1836.16,1837.95,1835.55,1837.07
2025-05-03 11:45:00+07:00,1837.09,1838.58,1835.81,1837.5
2025-05-03 12:00:00+07:00,1837.48,1837.77,1834.1,1834.65
2025-05-03 12:15:00+07:00,1834.66,1837.31,1834.66,1835.3
2025-05-03 12:30:00+07:00,1835.3,1835.61,1832.92,1835.53
2025-05-03 12:45:00+07:00,1835.55,1835.55,1832.14,1832.44
2025-05-03 13:00:00+07:00,1832.43,1832.59,1827.82,1828.64
2025-05-03 13:15:00+07:00,1828.63,1828.63,1823.52,1824.89
2025-05-03 13:30:00+07:00,1824.94,1828.99,1823.68,1828.93
2025-05-03 13:45:00+07:00,1828.94,1830.17,1824.5,1826.45
2025-05-03 14:00:00+07:00,1826.45,1829.09,1825.14,1827.88
2025-05-03 14:15:00+07:00,1827.88,1828.43,1824.0,1824.91
2025-05-03 14:30:00+07:00,1824.88,1827.72,1824.82,1826.42
2025-05-03 14:45:00+07:00,1826.43,1828.11,1825.04,1825.51
2025-05-03 15:00:00+07:00,1825.59,1825.62,1821.48,1822.86
2025-05-03 15:15:00+07:00,1822.93,1826.58,1822.72,1826.58
2025-05-03 15:30:00+07:00,1826.62,1829.23,1826.06,1826.51
2025-05-03 15:45:00+07:00,1826.5,1827.31,1823.74,1824.64
2025-05-03 16:00:00+07:00,1824.65,1824.94,1821.35,1823.27
2025-05-03 16:15:00+07:00,1823.15,1827.72,1822.65,1825.38
2025-05-03 16:30:00+07:00,1825.38,1826.46,1824.2,1824.57
2025-05-03 16:45:00+07:00,1824.59,1826.83,1818.61,1826.49
2025-05-03 17:00:00+07:00,1826.4,1827.3,1821.63,1826.42
2025-05-03 17:15:00+07:00,1826.41,1829.69,1825.1,1825.54
2025-05-03 17:30:00+07:00,1825.41,1827.27,1822.05,1823.24
2025-05-03 17:45:00+07:00,1823.21,1825.54,1816.53,1818.43
2025-05-03 18:00:00+07:00,1818.43,1821.38,1817.68,1821.02
2025-05-03 18:15:00+07:00,1821.06,1824.38,1819.82,1823.15
2025-05-03 18:30:00+07:00,1823.14,1825.48,1821.11,1822.42
2025-05-03 18:45:00+07:00,1822.42,1824.92,1821.71,1823.25
2025-05-03 19:00:00+07:00,1823.25,1825.19,1822.99,1823.86
2025-05-03 19:15:00+07:00,1823.87,1831.46,1823.87,1829.32
2025-05-03 19:30:00+07:00,1829.33,1831.91,1827.67,1830.25
2025-05-03 19:45:00+07:00,1830.21,1831.12,1828.49,1828.5
2025-05-03 20:00:00+07:00,1828.47,1831.74,1828.08,1830.88
2025-05-03 20:15:00+07:00,1830.9,1834.81,1830.9,1834.68
2025-05-03 20:30:00+07:00,1834.56,1835.94,1832.26,1834.27
2025-05-03 20:45:00+07:00,1834.25,1835.98,1832.75,1834.12
2025-05-03 21:00:00+07:00,1834.13,1836.22,1831.65,1831.9
2025-05-03 21:15:00+07:00,1831.89,1834.67,1831.54,1831.63
2025-05-03 21:30:00+07:00,1831.63,1833.88,1830.41,1833.29
2025-05-03 21:45:00+07:00,1833.25,1835.21,1832.34,1834.21
2025-05-03 22:00:00+07:00,1834.23,1839.19,1834.23,1835.9
2025-05-03 22:15:00+07:00,1835.84,1837.57,1835.08,1835.08
2025-05-03 22:30:00+07:00,1835.07,1837.67,1834.53,1835.51
2025-05-03 22:45:00+07:00,1835.46,1835.46,1832.01,1833.51
2025-05-03 23:00:00+07:00,1833.5,1834.33,1829.43,1829.93
2025-05-03 23:15:00+07:00,1829.89,1831.92,1828.8,1831.34
2025-05-03 23:30:00+07:00,1831.34,1831.34,1823.9,1826.93
2025-05-03 23:45:00+07:00,1826.91,1827.72,1822.47,1826.24
2025-05-04 00:00:00+07:00,1826.26,1826.48,1808.41,1817.86
2025-05-04 00:15:00+07:00,1817.92,1819.84,1810.7,1819.61
2025-05-04 00:30:00+07:00,1819.69,1819.69,1813.43,1817.58
2025-05-04 00:45:00+07:00,1817.65,1824.43,1817.65,1822.92
2025-05-04 01:00:00+07:00,1822.9,1826.24,1821.65,1825.39
2025-05-04 01:15:00+07:00,1825.38,1830.18,1824.91,1827.63
2025-05-04 01:30:00+07:00,1827.62,1827.78,1824.79,1825.08
2025-05-04 01:45:00+07:00,1825.09,1825.87,1823.38,1825.08
2025-05-04 02:00:00+07:00,1825.04,1828.88,1823.68,1827.74
2025-05-04 02:15:00+07:00,1827.75,1833.42,1827.75,1833.4
2025-05-04 02:30:00+07:00,1833.39,1836.8,1831.44,1834.85
2025-05-04 02:45:00+07:00,1834.87,1838.37,1834.86,1837.48
2025-05-04 03:00:00+07:00,1837.56,1838.66,1834.39,1834.51
2025-05-04 03:15:00+07:00,1834.54,1837.89,1833.8,1837.89
2025-05-04 03:30:00+07:00,1837.88,1838.21,1834.7,1835.89
2025-05-04 03:45:00+07:00,1835.86,1838.97,1834.62,1838.06
2025-05-04 04:00:00+07:00,1838.08,1838.77,1835.45,1838.41
2025-05-04 04:15:00+07:00,1838.35,1846.15,1838.19,1845.05
2025-05-04 04:30:00+07:00,1845.06,1847.9,1840.9,1842.29
2025-05-04 04:45:00+07:00,1842.3,1844.73,1837.92,1840.2
2025-05-04 05:00:00+07:00,1840.21,1841.34,1835.67,1836.08
2025-05-04 05:15:00+07:00,1836.13,1838.74,1834.98,1838.74
2025-05-04 05:30:00+07:00,1838.74,1844.78,1838.74,1844.38
2025-05-04 05:45:00+07:00,1844.42,1844.42,1840.94,1841.91
2025-05-04 06:00:00+07:00,1841.93,1842.37,1839.05,1839.69
2025-05-04 06:15:00+07:00,1839.68,1840.8,1828.34,1830.33
2025-05-04 06:30:00+07:00,1830.45,1834.73,1827.72,1833.47
2025-05-04 06:45:00+07:00,1833.5,1835.08,1831.73,1832.61
2025-05-04 07:00:00+07:00,1832.57,1839.07,1828.99,1838.79
2025-05-04 07:15:00+07:00,1838.77,1841.28,1835.74,1835.9
2025-05-04 07:30:00+07:00,1836.0,1837.01,1831.49,1831.71
2025-05-04 07:45:00+07:00,1831.72,1838.91,1829.63,1835.64
2025-05-04 08:00:00+07:00,1835.66,1838.88,1833.74,1838.28
2025-05-04 08:15:00+07:00,1838.23,1840.32,1835.39,1838.81
2025-05-04 08:30:00+07:00,1838.79,1839.56,1832.06,1832.83
2025-05-04 08:45:00+07:00,1832.74,1838.59,1828.34,1836.63
2025-05-04 09:00:00+07:00,1836.61,1848.86,1836.53,1843.97
2025-05-04 09:15:00+07:00,1843.94,1844.74,1839.78,1840.9
2025-05-04 09:30:00+07:00,1840.89,1841.37,1829.18,1831.87
2025-05-04 09:45:00+07:00,1831.83,1834.33,1830.55,1833.22
2025-05-04 10:00:00+07:00,1833.2,1833.2,1825.51,1828.58
2025-05-04 10:15:00+07:00,1828.55,1833.61,1827.45,1833.57
2025-05-04 10:30:00+07:00,1833.55,1835.73,1831.68,1834.05
2025-05-04 10:45:00+07:00,1834.01,1835.27,1830.8,1831.26
2025-05-04 11:00:00+07:00,1831.25,1835.57,1830.43,1834.58
2025-05-04 11:15:00+07:00,1834.67,1836.48,1833.17,1834.25
2025-05-04 11:30:00+07:00,1834.32,1834.32,1828.81,1830.55
2025-05-04 11:45:00+07:00,1830.53,1832.08,1828.83,1829.86
2025-05-04 12:00:00+07:00,1829.84,1838.27,1829.27,1837.5
2025-05-04 12:15:00+07:00,1837.48,1846.3,1835.11,1841.69
2025-05-04 12:30:00+07:00,1841.65,1845.43,1841.23,1843.17
2025-05-04 12:45:00+07:00,1843.07,1849.33,1843.07,1844.92
2025-05-04 13:00:00+07:00,1844.94,1848.4,1841.07,1842.87
2025-05-04 13:15:00+07:00,1842.96,1844.94,1839.56,1840.84
2025-05-04 13:30:00+07:00,1840.9,1842.49,1838.57,1842.49
2025-05-04 13:45:00+07:00,1842.49,1847.81,1841.87,1844.65
2025-05-04 14:00:00+07:00,1844.66,1845.95,1842.19,1845.41
2025-05-04 14:15:00+07:00,1845.41,1845.93,1840.32,1841.63
2025-05-04 14:30:00+07:00,1841.63,1841.65,1835.5,1837.99
2025-05-04 14:45:00+07:00,1837.98,1840.14,1835.72,1840.14
2025-05-04 15:00:00+07:00,1840.14,1840.67,1837.61,1838.26
2025-05-04 15:15:00+07:00,1838.19,1838.57,1830.05,1834.43
2025-05-04 15:30:00+07:00,1834.48,1835.66,1829.95,1830.92
2025-05-04 15:45:00+07:00,1830.77,1833.0,1828.71,1830.16
2025-05-04 16:00:00+07:00,1830.15,1831.8,1826.72,1829.13
2025-05-04 16:15:00+07:00,1829.08,1830.87,1822.31,1824.35
2025-05-04 16:30:00+07:00,1824.39,1828.41,1822.28,1824.14
2025-05-04 16:45:00+07:00,1824.15,1827.89,1823.06,1826.89
2025-05-04 17:00:00+07:00,1827.03,1827.37,1823.69,1824.24
2025-05-04 17:15:00+07:00,1824.28,1825.92,1821.03,1825.68
2025-05-04 17:30:00+07:00,1825.66,1828.63,1824.94,1827.19
2025-05-04 17:45:00+07:00,1827.28,1827.59,1825.47,1826.45
2025-05-04 18:00:00+07:00,1826.42,1833.02,1825.06,1831.85
2025-05-04 18:15:00+07:00,1831.77,1835.33,1831.2,1831.45
2025-05-04 18:30:00+07:00,1831.46,1832.43,1829.06,1830.77
2025-05-04 18:45:00+07:00,1830.77,1831.57,1824.59,1826.73
2025-05-04 19:00:00+07:00,1826.72,1831.16,1826.17,1831.1
2025-05-04 19:15:00+07:00,1831.11,1831.98,1827.56,1829.76
2025-05-04 19:30:00+07:00,1829.62,1831.82,1828.25,1831.12
2025-05-04 19:45:00+07:00,1831.11,1833.14,1829.09,1829.31
2025-05-04 20:00:00+07:00,1829.32,1832.2,1829.02,1829.3
2025-05-04 20:15:00+07:00,1829.29,1829.29,1824.9,1827.84
2025-05-04 20:30:00+07:00,1827.88,1828.36,1820.58,1820.64
2025-05-04 20:45:00+07:00,1820.58,1825.67,1817.29,1824.34
2025-05-04 21:00:00+07:00,1824.34,1827.38,1823.43,1825.24
2025-05-04 21:15:00+07:00,1825.26,1828.29,1824.92,1827.99
2025-05-04 21:30:00+07:00,1828.0,1831.37,1825.51,1829.82
2025-05-04 21:45:00+07:00,1829.85,1831.54,1828.05,1830.17
2025-05-04 22:00:00+07:00,1830.14,1832.75,1828.84,1831.09
2025-05-04 22:15:00+07:00,1831.12,1831.81,1826.94,1829.05
2025-05-04 22:30:00+07:00,1829.17,1829.82,1825.46,1826.11
2025-05-04 22:45:00+07:00,1826.1,1830.44,1824.66,1829.78
2025-05-04 23:00:00+07:00,1829.72,1832.32,1828.32,1829.03
2025-05-04 23:15:00+07:00,1829.06,1830.25,1825.15,1829.9
2025-05-04 23:30:00+07:00,1829.91,1830.52,1823.47,1824.55
2025-05-04 23:45:00+07:00,1824.55,1827.51,1821.8,1826.9
2025-05-05 00:00:00+07:00,1826.96,1830.61,1826.13,1828.65
2025-05-05 00:15:00+07:00,1828.64,1829.31,1823.53,1824.39
2025-05-05 00:30:00+07:00,1824.39,1827.27,1821.06,1826.47
2025-05-05 00:45:00+07:00,1826.48,1829.98,1826.48,1826.96
2025-05-05 01:00:00+07:00,1826.96,1830.23,1825.7,1825.74
2025-05-05 01:15:00+07:00,1825.9,1829.37,1825.9,1828.36
2025-05-05 01:30:00+07:00,1828.38,1829.84,1826.02,1827.07
2025-05-05 01:45:00+07:00,1827.09,1827.47,1824.57,1825.03
2025-05-05 02:00:00+07:00,1825.04,1827.93,1823.8,1825.1
2025-05-05 02:15:00+07:00,1825.02,1827.77,1824.01,1827.26
2025-05-05 02:30:00+07:00,1827.22,1830.0,1826.77,1829.79
2025-05-05 02:45:00+07:00,1829.64,1830.27,1826.8,1827.5
2025-05-05 03:00:00+07:00,1827.52,1830.16,1827.35,1829.82
2025-05-05 03:15:00+07:00,1829.72,1841.74,1828.03,1840.01
2025-05-05 03:30:00+07:00,1840.0,1840.79,1834.09,1835.29
2025-05-05 03:45:00+07:00,1835.28,1837.66,1834.16,1835.33
2025-05-05 04:00:00+07:00,1835.32,1836.43,1830.96,1831.74
2025-05-05 04:15:00+07:00,1831.74,1834.08,1830.99,1834.08
2025-05-05 04:30:00+07:00,1834.08,1835.41,1832.91,1835.17
2025-05-05 04:45:00+07:00,1835.17,1835.61,1833.34,1834.58
2025-05-05 05:00:00+07:00,1834.34,1834.41,1820.26,1821.99
2025-05-05 05:15:00+07:00,1821.99,1825.82,1821.43,1824.48
2025-05-05 05:30:00+07:00,1824.44,1824.44,1811.61,1814.5
2025-05-05 05:45:00+07:00,1814.49,1817.71,1810.57,1816.9
2025-05-05 06:00:00+07:00,1816.86,1818.24,1811.66,1815.78
2025-05-05 06:15:00+07:00,1815.84,1815.85,1808.26,1808.85
2025-05-05 06:30:00+07:00,1808.65,1811.96,1801.88,1804.01
2025-05-05 06:45:00+07:00,1804.02,1808.66,1803.69,1807.76
2025-05-05 07:00:00+07:00,1807.75,1812.45,1805.35,1811.58
2025-05-05 07:15:00+07:00,1811.57,1816.8,1808.85,1815.64
2025-05-05 07:30:00+07:00,1815.65,1816.12,1812.48,1813.36
2025-05-05 07:45:00+07:00,1813.37,1817.54,1813.36,1814.95
2025-05-05 08:00:00+07:00,1814.97,1816.32,1808.42,1811.99
2025-05-05 08:15:00+07:00,1811.99,1813.42,1802.91,1802.91
2025-05-05 08:30:00+07:00,1802.91,1803.71,1780.47,1790.95
2025-05-05 08:45:00+07:00,1790.94,1792.48,1786.34,1790.77
2025-05-05 09:00:00+07:00,1790.78,1791.97,1780.83,1791.71
2025-05-05 09:15:00+07:00,1791.69,1797.89,1791.69,1793.7
2025-05-05 09:30:00+07:00,1793.71,1799.7,1793.71,1797.24
2025-05-05 09:45:00+07:00,1797.25,1801.79,1797.08,1798.36
2025-05-05 10:00:00+07:00,1798.56,1799.97,1794.36,1794.8
2025-05-05 10:15:00+07:00,1794.87,1796.78,1792.28,1793.38
2025-05-05 10:30:00+07:00,1793.42,1797.27,1793.42,1797.18
2025-05-05 10:45:00+07:00,1797.2,1797.25,1793.16,1793.72
2025-05-05 11:00:00+07:00,1793.76,1797.03,1791.87,1795.89
2025-05-05 11:15:00+07:00,1795.9,1799.12,1795.9,1798.71
2025-05-05 11:30:00+07:00,1798.75,1802.98,1798.11,1802.14
2025-05-05 11:45:00+07:00,1802.25,1804.61,1800.93,1803.99
2025-05-05 12:00:00+07:00,1803.98,1806.15,1800.21,1801.3
2025-05-05 12:15:00+07:00,1801.37,1804.54,1800.77,1804.02
2025-05-05 12:30:00+07:00,1804.07,1806.59,1802.52,1805.03
2025-05-05 12:45:00+07:00,1805.04,1817.91,1804.92,1815.69
2025-05-05 13:00:00+07:00,1815.62,1820.99,1810.89,1811.31
2025-05-05 13:15:00+07:00,1811.33,1815.42,1811.33,1814.85
2025-05-05 13:30:00+07:00,1814.83,1820.85,1813.76,1818.1
2025-05-05 13:45:00+07:00,1818.11,1820.01,1816.76,1819.2
2025-05-05 14:00:00+07:00,1819.16,1819.7,1815.74,1817.84
2025-05-05 14:15:00+07:00,1817.85,1823.64,1816.24,1819.64
2025-05-05 14:30:00+07:00,1819.64,1829.17,1819.52,1827.04
2025-05-05 14:45:00+07:00,1827.04,1827.91,1823.67,1825.71
2025-05-05 15:00:00+07:00,1825.69,1827.46,1822.58,1823.71
2025-05-05 15:15:00+07:00,1823.77,1827.6,1823.06,1825.68
2025-05-05 15:30:00+07:00,1825.66,1830.87,1824.24,1827.75
2025-05-05 15:45:00+07:00,1827.76,1829.63,1825.62,1827.57
2025-05-05 16:00:00+07:00,1827.55,1829.78,1824.72,1825.29
2025-05-05 16:15:00+07:00,1825.33,1827.83,1823.92,1826.84
2025-05-05 16:30:00+07:00,1826.84,1828.95,1825.16,1825.81
2025-05-05 16:45:00+07:00,1825.75,1827.32,1821.75,1822.7
2025-05-05 17:00:00+07:00,1822.67,1823.16,1818.16,1818.73
2025-05-05 17:15:00+07:00,1818.72,1819.38,1812.3,1812.7
2025-05-05 17:30:00+07:00,1812.74,1815.63,1804.83,1805.2
2025-05-05 17:45:00+07:00,1805.09,1807.05,1797.21,1803.93
2025-05-05 18:00:00+07:00,1803.96,1809.38,1803.69,1808.61
2025-05-05 18:15:00+07:00,1808.53,1810.03,1800.68,1801.53
2025-05-05 18:30:00+07:00,1801.52,1804.3,1798.09,1799.54
2025-05-05 18:45:00+07:00,1799.6,1806.04,1799.6,1803.78
2025-05-05 19:00:00+07:00,1803.79,1807.13,1798.89,1806.55
2025-05-05 19:15:00+07:00,1806.57,1808.72,1803.7,1806.94
2025-05-05 19:30:00+07:00,1806.94,1807.9,1803.6,1804.29
2025-05-05 19:45:00+07:00,1804.28,1804.83,1801.12,1804.8
2025-05-05 20:00:00+07:00,1804.79,1807.51,1799.46,1801.1
2025-05-05 20:15:00+07:00,1801.1,1805.4,1799.7,1801.64
2025-05-05 20:30:00+07:00,1801.62,1805.2,1793.58,1798.26
2025-05-05 20:45:00+07:00,1798.24,1808.41,1795.08,1807.96
2025-05-05 21:00:00+07:00,1807.97,1814.75,1801.62,1802.47
2025-05-05 21:15:00+07:00,1802.51,1806.58,1800.05,1802.89
2025-05-05 21:30:00+07:00,1802.88,1808.06,1798.25,1805.76
2025-05-05 21:45:00+07:00,1805.76,1808.53,1801.71,1803.6
2025-05-05 22:00:00+07:00,1803.56,1806.09,1801.37,1804.31
2025-05-05 22:15:00+07:00,1804.3,1807.48,1800.96,1803.54
2025-05-05 22:30:00+07:00,1803.55,1805.67,1797.2,1797.67
2025-05-05 22:45:00+07:00,1798.12,1800.54,1794.31,1800.24
2025-05-05 23:00:00+07:00,1800.24,1805.61,1799.89,1802.1
2025-05-05 23:15:00+07:00,1802.08,1811.37,1802.0,1807.69
2025-05-05 23:30:00+07:00,1807.72,1811.17,1807.29,1809.04
2025-05-05 23:45:00+07:00,1809.05,1809.76,1805.64,1807.2
2025-05-06 00:00:00+07:00,1807.21,1809.32,1805.43,1805.66
2025-05-06 00:15:00+07:00,1805.6,1813.68,1804.37,1811.14
2025-05-06 00:30:00+07:00,1811.12,1816.94,1811.07,1813.15
2025-05-06 00:45:00+07:00,1813.14,1815.41,1812.47,1813.75
2025-05-06 01:00:00+07:00,1813.76,1816.77,1811.23,1816.21
2025-05-06 01:15:00+07:00,1816.23,1816.65,1814.08,1816.5
2025-05-06 01:30:00+07:00,1816.44,1827.95,1815.54,1824.89
2025-05-06 01:45:00+07:00,1824.89,1826.52,1820.09,1821.88
2025-05-06 02:00:00+07:00,1821.83,1825.72,1820.63,1823.3
2025-05-06 02:15:00+07:00,1823.3,1825.28,1819.07,1820.28
2025-05-06 02:30:00+07:00,1820.27,1821.11,1815.06,1817.29
2025-05-06 02:45:00+07:00,1817.3,1818.61,1812.62,1815.62
2025-05-06 03:00:00+07:00,1815.62,1815.76,1810.13,1812.45
2025-05-06 03:15:00+07:00,1812.42,1814.6,1810.86,1812.61
2025-05-06 03:30:00+07:00,1812.6,1812.6,1798.39,1804.66
2025-05-06 03:45:00+07:00,1804.57,1809.44,1802.18,1807.97
2025-05-06 04:00:00+07:00,1808.08,1813.87,1807.51,1813.58
2025-05-06 04:15:00+07:00,1813.63,1816.32,1812.82,1815.62
2025-05-06 04:30:00+07:00,1815.62,1815.62,1808.31,1812.37
2025-05-06 04:45:00+07:00,1812.34,1818.87,1812.26,1815.82
2025-05-06 05:00:00+07:00,1815.7,1819.7,1815.38,1819.7
2025-05-06 05:15:00+07:00,1819.72,1822.53,1818.51,1820.26
2025-05-06 05:30:00+07:00,1820.32,1832.79,1820.32,1829.46
2025-05-06 05:45:00+07:00,1829.45,1829.45,1823.88,1825.39
2025-05-06 06:00:00+07:00,1825.4,1827.96,1824.41,1825.61
2025-05-06 06:15:00+07:00,1825.6,1829.4,1823.42,1824.1
2025-05-06 06:30:00+07:00,1824.13,1824.65,1820.27,1821.6
2025-05-06 06:45:00+07:00,1821.44,1821.89,1816.09,1819.37
2025-05-06 07:00:00+07:00,1819.45,1819.99,1815.03,1815.89
2025-05-06 07:15:00+07:00,1815.91,1818.19,1811.71,1817.8
2025-05-06 07:30:00+07:00,1817.73,1818.06,1810.17,1811.2
2025-05-06 07:45:00+07:00,1811.17,1813.3,1810.07,1813.3
2025-05-06 08:00:00+07:00,1813.31,1816.43,1809.16,1815.78
2025-05-06 08:15:00+07:00,1815.78,1820.15,1815.78,1816.33
2025-05-06 08:30:00+07:00,1816.35,1816.9,1803.57,1805.06
2025-05-06 08:45:00+07:00,1805.07,1806.88,1802.25,1803.49
2025-05-06 09:00:00+07:00,1803.48,1806.43,1800.52,1802.51
2025-05-06 09:15:00+07:00,1802.44,1802.44,1791.6,1795.67
2025-05-06 09:30:00+07:00,1795.71,1799.34,1792.93,1797.85
2025-05-06 09:45:00+07:00,1797.84,1804.08,1797.65,1802.68
2025-05-06 10:00:00+07:00,1802.64,1803.55,1798.43,1798.51
2025-05-06 10:15:00+07:00,1798.53,1803.04,1796.89,1802.94
2025-05-06 10:30:00+07:00,1802.89,1806.19,1802.04,1805.8
2025-05-06 10:45:00+07:00,1805.83,1806.51,1803.93,1805.33
2025-05-06 11:00:00+07:00,1805.58,1806.25,1802.7,1803.86
2025-05-06 11:15:00+07:00,1803.89,1807.97,1803.63,1806.62
2025-05-06 11:30:00+07:00,1806.62,1807.65,1804.02,1804.87
2025-05-06 11:45:00+07:00,1804.88,1806.96,1804.88,1806.17
2025-05-06 12:00:00+07:00,1806.18,1807.18,1803.39,1803.94
2025-05-06 12:15:00+07:00,1803.88,1804.96,1800.17,1800.97
2025-05-06 12:30:00+07:00,1800.93,1802.62,1798.98,1800.88
2025-05-06 12:45:00+07:00,1800.85,1801.93,1797.29,1798.13
2025-05-06 13:00:00+07:00,1798.12,1803.3,1797.75,1802.59
2025-05-06 13:15:00+07:00,1802.58,1804.55,1800.86,1802.56
2025-05-06 13:30:00+07:00,1802.55,1805.02,1801.01,1804.95
2025-05-06 13:45:00+07:00,1804.95,1805.65,1802.61,1805.64
2025-05-06 14:00:00+07:00,1805.61,1808.52,1804.37,1804.91
2025-05-06 14:15:00+07:00,1804.91,1804.91,1802.45,1803.07
2025-05-06 14:30:00+07:00,1803.1,1806.06,1800.58,1804.46
2025-05-06 14:45:00+07:00,1804.61,1806.53,1803.64,1805.23
2025-05-06 15:00:00+07:00,1805.05,1805.28,1798.85,1799.68
2025-05-06 15:15:00+07:00,1799.69,1799.72,1787.2,1793.64
2025-05-06 15:30:00+07:00,1793.64,1798.59,1793.64,1798.26
2025-05-06 15:45:00+07:00,1798.29,1801.14,1796.5,1800.73
2025-05-06 16:00:00+07:00,1800.7,1800.92,1796.3,1796.74
2025-05-06 16:15:00+07:00,1796.72,1797.45,1794.33,1796.71
2025-05-06 16:30:00+07:00,1796.75,1798.53,1792.44,1792.67
2025-05-06 16:45:00+07:00,1792.68,1797.45,1791.26,1797.22
2025-05-06 17:00:00+07:00,1797.21,1797.21,1792.53,1793.24
2025-05-06 17:15:00+07:00,1793.27,1797.24,1792.03,1792.94
2025-05-06 17:30:00+07:00,1792.92,1797.12,1790.26,1791.03
2025-05-06 17:45:00+07:00,1790.99,1791.75,1781.49,1784.31
2025-05-06 18:00:00+07:00,1784.34,1789.76,1783.12,1787.49
2025-05-06 18:15:00+07:00,1787.46,1788.9,1781.13,1781.67
2025-05-06 18:30:00+07:00,1781.7,1782.88,1768.96,1774.42
2025-05-06 18:45:00+07:00,1774.34,1775.27,1756.35,1769.17
2025-05-06 19:00:00+07:00,1769.18,1774.48,1765.98,1772.15
2025-05-06 19:15:00+07:00,1772.16,1773.57,1769.86,1771.73
2025-05-06 19:30:00+07:00,1771.9,1776.03,1769.96,1774.59
2025-05-06 19:45:00+07:00,1774.47,1775.94,1771.96,1774.38
2025-05-06 20:00:00+07:00,1774.35,1774.93,1763.65,1765.59
2025-05-06 20:15:00+07:00,1765.6,1767.89,1758.94,1759.15
2025-05-06 20:30:00+07:00,1759.11,1769.49,1758.1,1767.15
2025-05-06 20:45:00+07:00,1767.17,1769.65,1750.83,1758.23
2025-05-06 21:00:00+07:00,1758.2,1770.67,1758.2,1767.31
2025-05-06 21:15:00+07:00,1767.34,1778.86,1767.33,1773.31
2025-05-06 21:30:00+07:00,1773.39,1776.81,1770.62,1770.67
2025-05-06 21:45:00+07:00,1770.68,1773.73,1766.37,1767.78
2025-05-06 22:00:00+07:00,1767.78,1769.81,1759.49,1768.51
2025-05-06 22:15:00+07:00,1768.5,1774.38,1765.65,1773.85
2025-05-06 22:30:00+07:00,1773.79,1778.1,1771.12,1771.84
2025-05-06 22:45:00+07:00,1771.86,1773.31,1766.68,1769.37
2025-05-06 23:00:00+07:00,1769.38,1774.31,1761.11,1773.46
2025-05-06 23:15:00+07:00,1773.55,1774.0,1764.13,1767.67
2025-05-06 23:30:00+07:00,1767.67,1773.45,1765.02,1765.61
2025-05-06 23:45:00+07:00,1765.6,1766.78,1761.4,1762.19
2025-05-07 00:00:00+07:00,1762.14,1769.77,1762.02,1768.94
2025-05-07 00:15:00+07:00,1768.94,1774.05,1768.42,1771.76
2025-05-07 00:30:00+07:00,1771.8,1775.65,1767.02,1767.7
2025-05-07 00:45:00+07:00,1767.71,1767.73,1764.07,1767.12
2025-05-07 01:00:00+07:00,1767.13,1772.07,1765.85,1770.34
2025-05-07 01:15:00+07:00,1770.38,1776.98,1770.15,1776.26
2025-05-07 01:30:00+07:00,1776.25,1777.11,1773.9,1774.41
2025-05-07 01:45:00+07:00,1774.45,1790.59,1774.34,1789.19
2025-05-07 02:00:00+07:00,1789.13,1798.16,1783.94,1785.59
2025-05-07 02:15:00+07:00,1785.62,1789.32,1784.22,1787.85
2025-05-07 02:30:00+07:00,1787.87,1791.52,1786.17,1790.7
2025-05-07 02:45:00+07:00,1790.43,1791.65,1783.4,1783.97
2025-05-07 03:00:00+07:00,1783.97,1787.28,1781.7,1785.38
2025-05-07 03:15:00+07:00,1785.43,1788.26,1777.87,1778.75
2025-05-07 03:30:00+07:00,1778.78,1779.21,1767.31,1773.36
2025-05-07 03:45:00+07:00,1773.58,1775.83,1769.03,1774.43
2025-05-07 04:00:00+07:00,1774.4,1780.28,1771.42,1772.66
2025-05-07 04:15:00+07:00,1772.57,1775.04,1764.38,1766.25
2025-05-07 04:30:00+07:00,1766.24,1772.41,1764.96,1771.32
2025-05-07 04:45:00+07:00,1771.36,1776.12,1770.12,1774.95
2025-05-07 05:00:00+07:00,1774.92,1798.58,1774.66,1788.49
2025-05-07 05:15:00+07:00,1788.52,1800.67,1788.13,1799.84
2025-05-07 05:30:00+07:00,1799.92,1806.7,1796.63,1804.52
2025-05-07 05:45:00+07:00,1804.65,1812.6,1802.24,1810.31
2025-05-07 06:00:00+07:00,1810.27,1811.87,1801.18,1804.91
2025-05-07 06:15:00+07:00,1804.8,1817.95,1804.49,1814.11
2025-05-07 06:30:00+07:00,1814.1,1816.74,1808.71,1816.68
2025-05-07 06:45:00+07:00,1816.56,1818.62,1813.44,1816.18
2025-05-07 07:00:00+07:00,1816.19,1820.22,1813.53,1818.97
2025-05-07 07:15:00+07:00,1819.07,1847.02,1818.26,1836.33
2025-05-07 07:30:00+07:00,1836.33,1839.7,1831.42,1836.83
2025-05-07 07:45:00+07:00,1836.77,1842.01,1835.0,1841.66
2025-05-07 08:00:00+07:00,1841.58,1849.71,1839.7,1843.95
2025-05-07 08:15:00+07:00,1843.94,1848.43,1841.51,1845.93
2025-05-07 08:30:00+07:00,1845.92,1846.5,1838.02,1839.6
2025-05-07 08:45:00+07:00,1839.61,1842.44,1828.33,1832.08
2025-05-07 09:00:00+07:00,1832.07,1834.53,1821.32,1828.01
2025-05-07 09:15:00+07:00,1828.01,1829.88,1824.18,1826.7
2025-05-07 09:30:00+07:00,1826.71,1828.52,1824.24,1824.67
2025-05-07 09:45:00+07:00,1824.68,1827.51,1821.0,1824.15
2025-05-07 10:00:00+07:00,1824.14,1825.18,1820.65,1822.56
2025-05-07 10:15:00+07:00,1822.54,1823.53,1816.3,1823.41
2025-05-07 10:30:00+07:00,1823.42,1827.73,1822.29,1827.35
2025-05-07 10:45:00+07:00,1827.36,1827.73,1824.86,1825.68
2025-05-07 11:00:00+07:00,1825.64,1832.79,1825.64,1831.86
2025-05-07 11:15:00+07:00,1831.85,1831.85,1827.46,1827.46
2025-05-07 11:30:00+07:00,1827.44,1827.57,1825.57,1825.65
2025-05-07 11:45:00+07:00,1825.65,1828.41,1823.8,1827.93
2025-05-07 12:00:00+07:00,1827.9,1828.12,1825.0,1826.8
2025-05-07 12:15:00+07:00,1826.73,1829.47,1825.29,1827.76
2025-05-07 12:30:00+07:00,1827.64,1829.97,1825.06,1826.08
2025-05-07 12:45:00+07:00,1826.06,1828.29,1825.33,1827.64
2025-05-07 13:00:00+07:00,1827.63,1833.26,1826.96,1832.52
2025-05-07 13:15:00+07:00,1832.42,1833.55,1827.73,1828.03
2025-05-07 13:30:00+07:00,1828.02,1829.24,1826.59,1827.02
2025-05-07 13:45:00+07:00,1827.0,1830.06,1825.57,1829.89
2025-05-07 14:00:00+07:00,1829.93,1833.02,1829.33,1831.92
2025-05-07 14:15:00+07:00,1831.93,1835.33,1831.14,1834.33
2025-05-07 14:30:00+07:00,1834.21,1834.73,1831.65,1833.93
2025-05-07 14:45:00+07:00,1833.96,1837.64,1833.17,1837.28
2025-05-07 15:00:00+07:00,1837.25,1841.08,1833.5,1834.38
2025-05-07 15:15:00+07:00,1834.42,1837.38,1834.16,1836.26
2025-05-07 15:30:00+07:00,1836.18,1843.63,1835.16,1841.24
2025-05-07 15:45:00+07:00,1841.29,1843.1,1838.57,1839.82
2025-05-07 16:00:00+07:00,1839.83,1843.03,1837.93,1838.47
2025-05-07 16:15:00+07:00,1838.51,1840.15,1837.05,1839.24
2025-05-07 16:30:00+07:00,1839.24,1844.57,1838.1,1841.99
2025-05-07 16:45:00+07:00,1841.96,1844.01,1841.58,1843.75
2025-05-07 17:00:00+07:00,1843.14,1846.36,1840.92,1842.28
2025-05-07 17:15:00+07:00,1842.27,1842.34,1833.05,1834.35
2025-05-07 17:30:00+07:00,1834.24,1838.86,1829.7,1838.84
2025-05-07 17:45:00+07:00,1838.83,1838.83,1832.34,1832.76
2025-05-07 18:00:00+07:00,1832.78,1834.66,1830.09,1833.54
2025-05-07 18:15:00+07:00,1833.67,1835.32,1832.11,1832.7
2025-05-07 18:30:00+07:00,1832.61,1836.33,1832.32,1835.39
2025-05-07 18:45:00+07:00,1835.37,1836.35,1834.02,1835.66
2025-05-07 19:00:00+07:00,1835.66,1836.32,1830.18,1831.55
2025-05-07 19:15:00+07:00,1831.49,1834.31,1827.85,1828.89
2025-05-07 19:30:00+07:00,1828.92,1831.13,1826.06,1828.67
2025-05-07 19:45:00+07:00,1828.83,1830.44,1826.73,1829.84
2025-05-07 20:00:00+07:00,1829.83,1829.83,1822.97,1824.11
2025-05-07 20:15:00+07:00,1824.08,1825.65,1822.03,1822.94
2025-05-07 20:30:00+07:00,1823.04,1834.41,1821.75,1832.39
2025-05-07 20:45:00+07:00,1832.37,1832.6,1822.54,1828.11
2025-05-07 21:00:00+07:00,1828.09,1831.43,1826.1,1828.17
2025-05-07 21:15:00+07:00,1828.14,1832.57,1826.39,1831.19
2025-05-07 21:30:00+07:00,1831.23,1832.15,1825.79,1827.2
2025-05-07 21:45:00+07:00,1827.16,1827.36,1815.84,1821.57
2025-05-07 22:00:00+07:00,1821.59,1824.52,1816.09,1818.83
2025-05-07 22:15:00+07:00,1818.79,1822.54,1817.98,1820.28
2025-05-07 22:30:00+07:00,1820.2,1822.99,1816.38,1820.51
2025-05-07 22:45:00+07:00,1820.43,1821.35,1813.49,1816.7
2025-05-07 23:00:00+07:00,1816.66,1817.29,1810.43,1814.08
2025-05-07 23:15:00+07:00,1814.06,1814.06,1803.31,1803.54
2025-05-07 23:30:00+07:00,1803.56,1807.09,1799.03,1806.98
2025-05-07 23:45:00+07:00,1807.02,1812.74,1806.45,1811.0
2025-05-08 00:00:00+07:00,1811.01,1812.38,1805.88,1808.83
2025-05-08 00:15:00+07:00,1808.81,1810.47,1804.63,1805.02
2025-05-08 00:30:00+07:00,1804.94,1806.27,1800.12,1802.88
2025-05-08 00:45:00+07:00,1802.83,1808.12,1787.8,1795.49
2025-05-08 01:00:00+07:00,1795.35,1807.76,1787.72,1795.21
2025-05-08 01:15:00+07:00,1795.05,1804.62,1792.75,1801.29
2025-05-08 01:30:00+07:00,1801.26,1816.36,1798.47,1802.96
2025-05-08 01:45:00+07:00,1803.13,1807.46,1791.61,1805.61
2025-05-08 02:00:00+07:00,1805.7,1807.39,1798.52,1798.74
2025-05-08 02:15:00+07:00,1798.73,1802.08,1788.12,1790.91
2025-05-08 02:30:00+07:00,1790.83,1806.12,1786.05,1802.55
2025-05-08 02:45:00+07:00,1802.59,1803.95,1792.32,1795.0
2025-05-08 03:00:00+07:00,1795.13,1799.4,1793.2,1798.79
2025-05-08 03:15:00+07:00,1798.79,1800.28,1792.29,1794.47
2025-05-08 03:30:00+07:00,1794.48,1795.41,1788.03,1791.57
2025-05-08 03:45:00+07:00,1791.53,1797.47,1791.07,1797.47
2025-05-08 04:00:00+07:00,1797.51,1801.18,1795.32,1800.76
2025-05-08 04:15:00+07:00,1800.77,1805.68,1799.93,1805.49
2025-05-08 04:30:00+07:00,1805.5,1808.58,1798.13,1802.19
2025-05-08 04:45:00+07:00,1802.22,1804.98,1800.09,1801.8
2025-05-08 05:00:00+07:00,1801.83,1814.07,1799.7,1811.67
2025-05-08 05:15:00+07:00,1811.67,1812.91,1805.21,1809.44
2025-05-08 05:30:00+07:00,1809.45,1821.04,1808.81,1817.44
2025-05-08 05:45:00+07:00,1817.4,1817.9,1815.19,1816.14
2025-05-08 06:00:00+07:00,1816.14,1824.75,1814.96,1823.15
2025-05-08 06:15:00+07:00,1823.12,1823.65,1817.13,1817.42
2025-05-08 06:30:00+07:00,1817.25,1819.25,1810.47,1811.19
2025-05-08 06:45:00+07:00,1811.19,1811.89,1807.35,1810.13
2025-05-08 07:00:00+07:00,1810.18,1814.32,1809.15,1813.08
2025-05-08 07:15:00+07:00,1813.11,1815.73,1811.7,1815.24
2025-05-08 07:30:00+07:00,1815.25,1815.75,1807.82,1809.31
2025-05-08 07:45:00+07:00,1809.45,1827.71,1807.7,1826.17
2025-05-08 08:00:00+07:00,1826.09,1836.65,1821.47,1824.66
2025-05-08 08:15:00+07:00,1824.63,1831.56,1819.6,1827.51
2025-05-08 08:30:00+07:00,1827.6,1830.12,1824.02,1824.99
2025-05-08 08:45:00+07:00,1824.99,1827.91,1819.02,1822.05
2025-05-08 09:00:00+07:00,1822.07,1828.42,1822.07,1828.24
2025-05-08 09:15:00+07:00,1828.25,1840.23,1827.92,1839.32
2025-05-08 09:30:00+07:00,1839.35,1847.1,1837.36,1839.77
2025-05-08 09:45:00+07:00,1839.67,1844.58,1839.44,1840.7
2025-05-08 10:00:00+07:00,1840.71,1862.37,1838.01,1855.15
2025-05-08 10:15:00+07:00,1855.13,1869.4,1854.27,1863.21
2025-05-08 10:30:00+07:00,1863.19,1887.92,1859.92,1887.46
2025-05-08 10:45:00+07:00,1887.57,1906.29,1882.72,1900.32
2025-05-08 11:00:00+07:00,1900.36,1915.93,1899.45,1906.58
2025-05-08 11:15:00+07:00,1906.6,1913.25,1904.6,1905.13
2025-05-08 11:30:00+07:00,1905.14,1906.89,1897.9,1898.33
2025-05-08 11:45:00+07:00,1898.33,1901.06,1892.06,1893.11
2025-05-08 12:00:00+07:00,1893.16,1903.79,1893.16,1898.16
2025-05-08 12:15:00+07:00,1898.19,1898.91,1891.41,1897.11
2025-05-08 12:30:00+07:00,1897.1,1900.74,1895.84,1900.43
2025-05-08 12:45:00+07:00,1900.3,1902.86,1895.58,1896.09
2025-05-08 13:00:00+07:00,1896.07,1902.39,1895.33,1901.94
2025-05-08 13:15:00+07:00,1901.9,1905.45,1899.39,1903.34
2025-05-08 13:30:00+07:00,1903.36,1906.96,1901.26,1906.92
2025-05-08 13:45:00+07:00,1906.91,1910.99,1904.22,1910.4
2025-05-08 14:00:00+07:00,1910.43,1912.57,1907.49,1908.48
2025-05-08 14:15:00+07:00,1908.42,1914.95,1907.81,1914.0
2025-05-08 14:30:00+07:00,1913.96,1943.23,1911.9,1931.52
2025-05-08 14:45:00+07:00,1931.39,1931.68,1924.23,1927.62
2025-05-08 15:00:00+07:00,1927.74,1931.51,1925.28,1928.2
2025-05-08 15:15:00+07:00,1928.18,1934.18,1927.41,1930.15
2025-05-08 15:30:00+07:00,1930.19,1937.41,1928.72,1936.11
2025-05-08 15:45:00+07:00,1936.22,1946.22,1932.78,1934.11
2025-05-08 16:00:00+07:00,1934.1,1936.49,1928.8,1935.47
2025-05-08 16:15:00+07:00,1935.46,1940.83,1935.29,1940.29
2025-05-08 16:30:00+07:00,1940.28,1940.35,1931.4,1934.58
2025-05-08 16:45:00+07:00,1934.59,1940.56,1934.39,1940.25
2025-05-08 17:00:00+07:00,1940.21,1945.1,1938.19,1939.7
2025-05-08 17:15:00+07:00,1939.83,1949.63,1938.39,1947.42
2025-05-08 17:30:00+07:00,1947.32,1949.77,1942.55,1945.11
2025-05-08 17:45:00+07:00,1945.11,1967.81,1945.05,1960.17
2025-05-08 18:00:00+07:00,1960.11,1960.65,1950.84,1953.76
2025-05-08 18:15:00+07:00,1953.69,1956.55,1946.42,1947.04
2025-05-08 18:30:00+07:00,1947.05,1953.34,1944.42,1951.14
2025-05-08 18:45:00+07:00,1951.16,1958.24,1950.64,1956.74
2025-05-08 19:00:00+07:00,1956.68,1964.28,1955.72,1959.52
2025-05-08 19:15:00+07:00,1959.51,1976.47,1959.51,1966.75
2025-05-08 19:30:00+07:00,1966.75,1972.49,1953.63,1957.64
2025-05-08 19:45:00+07:00,1957.62,1965.23,1957.16,1958.9
2025-05-08 20:00:00+07:00,1958.92,1968.89,1958.78,1965.51
2025-05-08 20:15:00+07:00,1965.37,1970.31,1964.8,1966.45
2025-05-08 20:30:00+07:00,1966.86,1984.05,1964.9,1970.28
2025-05-08 20:45:00+07:00,1970.14,1978.98,1961.73,1975.23
2025-05-08 21:00:00+07:00,1975.24,1982.14,1968.06,1970.43
2025-05-08 21:15:00+07:00,1970.35,1979.89,1969.64,1978.66
2025-05-08 21:30:00+07:00,1978.77,1995.15,1978.52,1985.58
2025-05-08 21:45:00+07:00,1985.46,2009.97,1984.23,1988.46
2025-05-08 22:00:00+07:00,1988.49,2006.94,1986.56,2001.87
2025-05-08 22:15:00+07:00,2001.79,2031.58,1998.24,2020.14
2025-05-08 22:30:00+07:00,2020.08,2075.25,2012.23,2057.33
2025-05-08 22:45:00+07:00,2057.37,2066.93,2031.47,2050.34
2025-05-08 23:00:00+07:00,2050.56,2058.32,2040.78,2053.93
2025-05-08 23:15:00+07:00,2054.08,2065.46,2041.3,2042.13
2025-05-08 23:30:00+07:00,2042.14,2050.85,2035.93,2047.67
2025-05-08 23:45:00+07:00,2047.73,2054.18,2042.44,2049.77
2025-05-09 00:00:00+07:00,2049.77,2052.22,2042.14,2046.79
2025-05-09 00:15:00+07:00,2046.83,2056.75,2045.14,2048.0
2025-05-09 00:30:00+07:00,2048.02,2051.4,2041.97,2045.23
2025-05-09 00:45:00+07:00,2045.29,2049.41,2035.8,2045.45
2025-05-09 01:00:00+07:00,2045.44,2053.94,2043.04,2051.05
2025-05-09 01:15:00+07:00,2051.04,2066.21,2050.5,2053.09
2025-05-09 01:30:00+07:00,2053.08,2073.71,2050.69,2065.08
2025-05-09 01:45:00+07:00,2065.13,2068.85,2061.07,2066.76
2025-05-09 02:00:00+07:00,2066.72,2068.17,2060.35,2063.31
2025-05-09 02:15:00+07:00,2063.29,2087.48,2061.43,2074.31
2025-05-09 02:30:00+07:00,2074.34,2081.29,2068.23,2079.52
2025-05-09 02:45:00+07:00,2079.57,2140.19,2076.52,2117.15
2025-05-09 03:00:00+07:00,2117.43,2126.46,2114.03,2114.14
2025-05-09 03:15:00+07:00,2114.04,2128.19,2110.72,2124.78
2025-05-09 03:30:00+07:00,2124.8,2160.16,2124.23,2151.05
2025-05-09 03:45:00+07:00,2151.05,2199.13,2144.35,2184.32
2025-05-09 04:00:00+07:00,2184.45,2186.81,2157.03,2185.4
2025-05-09 04:15:00+07:00,2185.38,2225.72,2181.51,2198.37
2025-05-09 04:30:00+07:00,2198.33,2209.55,2166.22,2180.42
2025-05-09 04:45:00+07:00,2180.5,2188.54,2159.88,2179.5
2025-05-09 05:00:00+07:00,2179.48,2180.57,2166.1,2177.04
2025-05-09 05:15:00+07:00,2177.15,2188.42,2173.99,2179.7
2025-05-09 05:30:00+07:00,2179.62,2194.59,2171.33,2193.97
2025-05-09 05:45:00+07:00,2194.28,2195.99,2177.0,2178.8
2025-05-09 06:00:00+07:00,2178.97,2179.63,2165.54,2173.87
2025-05-09 06:15:00+07:00,2173.85,2186.61,2171.57,2184.24
2025-05-09 06:30:00+07:00,2184.23,2195.58,2183.38,2191.73
2025-05-09 06:45:00+07:00,2191.73,2207.95,2191.01,2206.63
2025-05-09 07:00:00+07:00,2206.49,2207.72,2186.53,2187.37
2025-05-09 07:15:00+07:00,2187.37,2196.96,2183.84,2190.43
2025-05-09 07:30:00+07:00,2190.44,2203.31,2184.94,2200.69
2025-05-09 07:45:00+07:00,2200.62,2214.7,2197.2,2200.12
2025-05-09 08:00:00+07:00,2200.08,2212.18,2192.29,2210.44
2025-05-09 08:15:00+07:00,2210.45,2243.98,2197.68,2205.09
2025-05-09 08:30:00+07:00,2205.0,2207.99,2189.43,2198.66
2025-05-09 08:45:00+07:00,2198.59,2208.6,2191.52,2205.91
2025-05-09 09:00:00+07:00,2206.25,2207.51,2193.81,2198.84
2025-05-09 09:15:00+07:00,2198.86,2206.37,2193.63,2197.4
2025-05-09 09:30:00+07:00,2197.39,2205.76,2196.85,2203.05
2025-05-09 09:45:00+07:00,2203.04,2216.66,2201.55,2215.89
2025-05-09 10:00:00+07:00,2215.91,2241.81,2211.58,2234.41
2025-05-09 10:15:00+07:00,2234.45,2244.65,2224.8,2227.08
2025-05-09 10:30:00+07:00,2227.15,2227.33,2213.97,2216.96
2025-05-09 10:45:00+07:00,2217.0,2224.01,2196.3,2204.39
2025-05-09 11:00:00+07:00,2204.46,2213.67,2201.78,2212.51
2025-05-09 11:15:00+07:00,2212.49,2222.19,2209.84,2219.51
2025-05-09 11:30:00+07:00,2219.5,2221.22,2211.1,2215.3
2025-05-09 11:45:00+07:00,2215.13,2220.66,2211.5,2213.02
2025-05-09 12:00:00+07:00,2213.17,2216.58,2207.93,2214.1
2025-05-09 12:15:00+07:00,2214.12,2219.09,2204.55,2209.1
2025-05-09 12:30:00+07:00,2209.08,2213.49,2205.16,2213.08
2025-05-09 12:45:00+07:00,2213.14,2214.57,2207.2,2214.08
2025-05-09 13:00:00+07:00,2214.11,2228.01,2213.47,2221.86
2025-05-09 13:15:00+07:00,2221.9,2254.57,2221.78,2250.61
2025-05-09 13:30:00+07:00,2250.3,2259.02,2240.15,2246.57
2025-05-09 13:45:00+07:00,2246.6,2256.48,2242.02,2256.02
2025-05-09 14:00:00+07:00,2255.86,2302.17,2255.18,2293.08
2025-05-09 14:15:00+07:00,2293.18,2308.75,2288.55,2308.49
2025-05-09 14:30:00+07:00,2308.64,2377.18,2293.62,2352.59
2025-05-09 14:45:00+07:00,2352.24,2393.37,2345.95,2363.49
2025-05-09 15:00:00+07:00,2363.59,2385.91,2362.04,2369.46
2025-05-09 15:15:00+07:00,2369.46,2442.35,2368.45,2426.53
2025-05-09 15:30:00+07:00,2427.0,2490.67,2370.1,2378.44
2025-05-09 15:45:00+07:00,2378.41,2427.81,2377.81,2411.0
2025-05-09 16:00:00+07:00,2411.45,2423.01,2316.9,2354.82
2025-05-09 16:15:00+07:00,2355.14,2356.52,2291.53,2311.27
2025-05-09 16:30:00+07:00,2310.88,2345.5,2309.64,2339.13
2025-05-09 16:45:00+07:00,2339.16,2346.27,2315.87,2340.89
2025-05-09 17:00:00+07:00,2341.1,2358.9,2329.77,2352.1
2025-05-09 17:15:00+07:00,2351.63,2353.14,2328.29,2335.66
2025-05-09 17:30:00+07:00,2335.59,2343.32,2329.3,2339.34
2025-05-09 17:45:00+07:00,2339.25,2353.67,2338.02,2348.09
2025-05-09 18:00:00+07:00,2348.1,2351.73,2332.73,2349.23
2025-05-09 18:15:00+07:00,2349.29,2374.52,2313.72,2342.62
2025-05-09 18:30:00+07:00,2342.61,2351.99,2333.08,2351.9
2025-05-09 18:45:00+07:00,2351.6,2360.41,2343.7,2350.7
2025-05-09 19:00:00+07:00,2350.75,2352.68,2325.23,2330.21
2025-05-09 19:15:00+07:00,2330.39,2342.39,2325.09,2340.18
2025-05-09 19:30:00+07:00,2339.84,2346.3,2335.06,2338.52
2025-05-09 19:45:00+07:00,2338.49,2342.09,2335.32,2339.24
2025-05-09 20:00:00+07:00,2339.47,2351.91,2338.1,2347.98
2025-05-09 20:15:00+07:00,2348.0,2351.3,2340.96,2345.66
2025-05-09 20:30:00+07:00,2345.65,2371.6,2328.38,2364.58
2025-05-09 20:45:00+07:00,2364.57,2387.9,2363.28,2369.36
2025-05-09 21:00:00+07:00,2369.05,2369.05,2342.03,2358.89
2025-05-09 21:15:00+07:00,2358.83,2363.09,2311.91,2315.65
2025-05-09 21:30:00+07:00,2315.68,2332.85,2271.18,2311.02
2025-05-09 21:45:00+07:00,2311.6,2316.04,2286.33,2305.2
2025-05-09 22:00:00+07:00,2305.21,2320.61,2298.92,2316.5
2025-05-09 22:15:00+07:00,2316.53,2320.53,2286.32,2301.15
2025-05-09 22:30:00+07:00,2301.14,2306.24,2281.32,2296.2
2025-05-09 22:45:00+07:00,2296.23,2308.76,2285.14,2300.56
2025-05-09 23:00:00+07:00,2300.59,2303.51,2273.86,2301.13
2025-05-09 23:15:00+07:00,2301.15,2311.09,2294.93,2302.38
2025-05-09 23:30:00+07:00,2302.3,2315.0,2300.33,2313.47
2025-05-09 23:45:00+07:00,2313.52,2315.63,2292.53,2297.58
2025-05-10 00:00:00+07:00,2297.58,2318.84,2294.23,2314.57
2025-05-10 00:15:00+07:00,2314.59,2332.49,2313.88,2329.2
2025-05-10 00:30:00+07:00,2329.25,2340.98,2324.34,2336.61
2025-05-10 00:45:00+07:00,2336.59,2354.59,2336.26,2349.38
2025-05-10 01:00:00+07:00,2349.33,2352.02,2336.7,2341.2
2025-05-10 01:15:00+07:00,2341.07,2342.74,2327.51,2334.19
2025-05-10 01:30:00+07:00,2334.17,2343.23,2333.14,2338.74
2025-05-10 01:45:00+07:00,2339.02,2345.66,2337.28,2339.26
2025-05-10 02:00:00+07:00,2339.27,2343.7,2327.93,2328.79
2025-05-10 02:15:00+07:00,2328.08,2328.44,2308.5,2320.92
2025-05-10 02:30:00+07:00,2321.04,2324.58,2316.27,2321.7
2025-05-10 02:45:00+07:00,2321.72,2331.96,2317.62,2330.75
2025-05-10 03:00:00+07:00,2330.78,2346.29,2328.7,2338.98
2025-05-10 03:15:00+07:00,2338.87,2351.24,2337.93,2345.4
2025-05-10 03:30:00+07:00,2345.37,2345.68,2328.13,2332.32
2025-05-10 03:45:00+07:00,2332.35,2340.2,2325.6,2339.22
2025-05-10 04:00:00+07:00,2339.19,2341.5,2331.78,2332.26
2025-05-10 04:15:00+07:00,2332.29,2334.83,2321.5,2334.78
2025-05-10 04:30:00+07:00,2334.7,2342.69,2330.85,2332.73
2025-05-10 04:45:00+07:00,2332.76,2337.91,2331.13,2336.98
2025-05-10 05:00:00+07:00,2337.01,2339.8,2331.85,2335.22
2025-05-10 05:15:00+07:00,2335.23,2340.43,2327.99,2340.21
2025-05-10 05:30:00+07:00,2340.43,2345.1,2336.59,2338.5
2025-05-10 05:45:00+07:00,2338.56,2341.23,2332.52,2333.76
2025-05-10 06:00:00+07:00,2333.77,2340.86,2332.15,2340.86
2025-05-10 06:15:00+07:00,2340.92,2346.99,2338.05,2342.42
2025-05-10 06:30:00+07:00,2342.44,2345.23,2337.27,2338.26
2025-05-10 06:45:00+07:00,2338.52,2345.89,2338.04,2344.31
2025-05-10 07:00:00+07:00,2344.34,2357.28,2340.0,2348.06
2025-05-10 07:15:00+07:00,2348.05,2379.88,2347.63,2360.21
2025-05-10 07:30:00+07:00,2360.18,2360.39,2340.18,2342.99
2025-05-10 07:45:00+07:00,2342.97,2342.97,2316.34,2325.69
2025-05-10 08:00:00+07:00,2325.66,2338.31,2325.01,2334.39
2025-05-10 08:15:00+07:00,2334.09,2348.4,2333.54,2347.16
2025-05-10 08:30:00+07:00,2347.14,2353.76,2342.33,2345.46
2025-05-10 08:45:00+07:00,2345.4,2349.87,2331.49,2334.38
2025-05-10 09:00:00+07:00,2334.41,2342.29,2331.91,2341.87
2025-05-10 09:15:00+07:00,2341.86,2342.54,2332.19,2338.28
2025-05-10 09:30:00+07:00,2338.29,2348.32,2334.36,2342.56
2025-05-10 09:45:00+07:00,2342.44,2345.93,2338.5,2341.14
2025-05-10 10:00:00+07:00,2341.02,2342.03,2332.87,2333.85
2025-05-10 10:15:00+07:00,2334.01,2338.19,2330.48,2337.58
2025-05-10 10:30:00+07:00,2337.63,2340.47,2331.84,2337.2
2025-05-10 10:45:00+07:00,2337.23,2340.61,2334.06,2338.89
2025-05-10 11:00:00+07:00,2338.92,2338.93,2325.49,2331.91
2025-05-10 11:15:00+07:00,2331.92,2335.11,2327.4,2329.47
2025-05-10 11:30:00+07:00,2329.46,2333.72,2326.65,2331.55
2025-05-10 11:45:00+07:00,2331.47,2336.19,2329.85,2336.1
2025-05-10 12:00:00+07:00,2337.88,2344.24,2336.82,2338.07
2025-05-10 12:15:00+07:00,2338.08,2346.02,2337.46,2342.36
2025-05-10 12:30:00+07:00,2342.31,2345.09,2338.03,2342.6
2025-05-10 12:45:00+07:00,2342.65,2354.68,2340.71,2352.38
2025-05-10 13:00:00+07:00,2352.38,2370.07,2351.62,2361.09
2025-05-10 13:15:00+07:00,2360.97,2377.38,2357.46,2372.02
2025-05-10 13:30:00+07:00,2372.04,2375.15,2355.72,2357.2
2025-05-10 13:45:00+07:00,2357.18,2367.04,2349.75,2366.67
2025-05-10 14:00:00+07:00,2366.48,2371.9,2359.73,2360.23
2025-05-10 14:15:00+07:00,2360.28,2365.16,2353.96,2358.85
2025-05-10 14:30:00+07:00,2358.69,2367.44,2356.56,2364.49
2025-05-10 14:45:00+07:00,2364.49,2416.19,2364.38,2398.58
2025-05-10 15:00:00+07:00,2399.13,2435.14,2394.35,2403.97
2025-05-10 15:15:00+07:00,2404.05,2418.19,2403.49,2413.48
2025-05-10 15:30:00+07:00,2413.52,2421.45,2406.71,2412.34
2025-05-10 15:45:00+07:00,2412.42,2417.24,2360.39,2381.68
2025-05-10 16:00:00+07:00,2381.72,2384.45,2364.32,2372.72
2025-05-10 16:15:00+07:00,2372.71,2399.19,2365.68,2390.94
2025-05-10 16:30:00+07:00,2390.97,2423.28,2383.49,2405.44
2025-05-10 16:45:00+07:00,2405.49,2415.48,2396.0,2400.43
2025-05-10 17:00:00+07:00,2400.43,2411.49,2384.39,2407.19
2025-05-10 17:15:00+07:00,2407.31,2415.04,2403.53,2405.07
2025-05-10 17:30:00+07:00,2405.18,2428.64,2404.58,2415.75
2025-05-10 17:45:00+07:00,2415.78,2422.8,2394.03,2395.7
2025-05-10 18:00:00+07:00,2395.75,2402.79,2385.61,2402.14
2025-05-10 18:15:00+07:00,2402.19,2403.32,2388.79,2390.21
2025-05-10 18:30:00+07:00,2390.18,2390.18,2374.37,2381.38
2025-05-10 18:45:00+07:00,2381.36,2392.27,2378.34,2383.63
2025-05-10 19:00:00+07:00,2383.64,2407.48,2383.64,2402.59
2025-05-10 19:15:00+07:00,2402.55,2414.8,2397.43,2409.88
2025-05-10 19:30:00+07:00,2409.86,2420.3,2402.59,2403.64
2025-05-10 19:45:00+07:00,2403.62,2410.06,2398.25,2407.34
2025-05-10 20:00:00+07:00,2407.36,2417.69,2407.35,2413.67
2025-05-10 20:15:00+07:00,2413.83,2420.55,2408.55,2417.19
2025-05-10 20:30:00+07:00,2417.25,2423.66,2411.7,2421.82
2025-05-10 20:45:00+07:00,2421.85,2447.81,2421.12,2436.87
2025-05-10 21:00:00+07:00,2436.94,2443.89,2419.48,2424.61
2025-05-10 21:15:00+07:00,2424.68,2427.02,2405.84,2414.08
2025-05-10 21:30:00+07:00,2414.04,2427.82,2412.81,2427.19
2025-05-10 21:45:00+07:00,2427.18,2443.9,2426.44,2435.04
2025-05-10 22:00:00+07:00,2435.06,2438.19,2421.39,2430.27
2025-05-10 22:15:00+07:00,2430.34,2438.45,2423.36,2435.46
2025-05-10 22:30:00+07:00,2435.63,2445.28,2423.95,2430.08
2025-05-10 22:45:00+07:00,2430.24,2444.19,2428.97,2432.56
2025-05-10 23:00:00+07:00,2432.39,2442.79,2427.61,2438.76
2025-05-10 23:15:00+07:00,2438.79,2467.15,2437.79,2447.1
2025-05-10 23:30:00+07:00,2447.11,2474.27,2443.28,2460.78
2025-05-10 23:45:00+07:00,2460.76,2470.68,2456.31,2459.96
2025-05-11 00:00:00+07:00,2459.98,2482.8,2454.37,2477.09
2025-05-11 00:15:00+07:00,2477.13,2489.68,2469.56,2478.36
2025-05-11 00:30:00+07:00,2478.85,2511.76,2477.47,2494.36
2025-05-11 00:45:00+07:00,2494.26,2503.84,2449.26,2459.92
2025-05-11 01:00:00+07:00,2459.8,2481.19,2456.03,2480.16
2025-05-11 01:15:00+07:00,2480.18,2486.47,2461.03,2467.86
2025-05-11 01:30:00+07:00,2467.83,2481.54,2462.25,2479.87
2025-05-11 01:45:00+07:00,2479.81,2506.1,2475.86,2494.28
2025-05-11 02:00:00+07:00,2494.3,2498.51,2477.26,2480.83
2025-05-11 02:15:00+07:00,2480.85,2487.48,2478.54,2480.65
2025-05-11 02:30:00+07:00,2480.6,2493.14,2475.76,2491.15
2025-05-11 02:45:00+07:00,2490.93,2506.34,2488.79,2498.3
2025-05-11 03:00:00+07:00,2498.28,2503.9,2468.62,2483.97
2025-05-11 03:15:00+07:00,2483.91,2490.42,2475.92,2486.04
2025-05-11 03:30:00+07:00,2486.06,2496.45,2486.06,2493.43
2025-05-11 03:45:00+07:00,2493.42,2500.11,2488.02,2489.79
2025-05-11 04:00:00+07:00,2489.87,2517.09,2489.74,2510.63
2025-05-11 04:15:00+07:00,2510.69,2514.47,2498.83,2505.36
2025-05-11 04:30:00+07:00,2505.5,2513.89,2505.23,2512.32
2025-05-11 04:45:00+07:00,2512.24,2544.76,2511.75,2532.46
2025-05-11 05:00:00+07:00,2532.49,2538.04,2519.8,2525.68
2025-05-11 05:15:00+07:00,2525.58,2551.78,2520.81,2538.46
2025-05-11 05:30:00+07:00,2538.34,2578.08,2536.75,2569.52
2025-05-11 05:45:00+07:00,2569.39,2585.55,2555.26,2576.93
2025-05-11 06:00:00+07:00,2576.36,2587.86,2562.39,2569.8
2025-05-11 06:15:00+07:00,2569.78,2599.92,2566.64,2581.28
2025-05-11 06:30:00+07:00,2581.31,2597.68,2565.75,2585.18
2025-05-11 06:45:00+07:00,2585.2,2594.07,2576.48,2582.1
2025-05-11 07:00:00+07:00,2581.71,2606.64,2572.85,2579.62
2025-05-11 07:15:00+07:00,2579.62,2582.62,2503.82,2512.57
2025-05-11 07:30:00+07:00,2512.55,2544.52,2512.45,2535.27
2025-05-11 07:45:00+07:00,2535.25,2550.55,2534.74,2542.73
2025-05-11 08:00:00+07:00,2542.65,2556.39,2529.01,2548.51
2025-05-11 08:15:00+07:00,2548.5,2550.75,2538.41,2547.96
2025-05-11 08:30:00+07:00,2548.0,2553.45,2533.2,2542.0
2025-05-11 08:45:00+07:00,2541.67,2542.38,2511.04,2531.66
2025-05-11 09:00:00+07:00,2531.63,2547.22,2521.61,2544.47
2025-05-11 09:15:00+07:00,2544.44,2564.79,2544.06,2554.33
2025-05-11 09:30:00+07:00,2554.4,2564.33,2540.92,2546.99
2025-05-11 09:45:00+07:00,2546.98,2546.98,2523.03,2542.11
2025-05-11 10:00:00+07:00,2542.09,2543.12,2529.31,2539.72
2025-05-11 10:15:00+07:00,2539.78,2549.97,2535.1,2548.35
2025-05-11 10:30:00+07:00,2548.36,2553.92,2537.51,2549.82
2025-05-11 10:45:00+07:00,2549.9,2552.65,2532.87,2537.02
2025-05-11 11:00:00+07:00,2536.38,2549.56,2529.96,2539.96
2025-05-11 11:15:00+07:00,2540.0,2547.19,2537.87,2540.77
2025-05-11 11:30:00+07:00,2540.78,2541.51,2529.23,2537.25
2025-05-11 11:45:00+07:00,2537.25,2544.48,2534.43,2543.93
2025-05-11 12:00:00+07:00,2543.92,2546.45,2535.61,2543.23
2025-05-11 12:15:00+07:00,2543.25,2550.86,2539.4,2550.4
2025-05-11 12:30:00+07:00,2550.44,2559.65,2548.39,2559.33
2025-05-11 12:45:00+07:00,2559.31,2561.25,2551.43,2553.43
2025-05-11 13:00:00+07:00,2553.44,2554.84,2522.23,2532.15
2025-05-11 13:15:00+07:00,2532.09,2543.24,2530.48,2541.87
2025-05-11 13:30:00+07:00,2541.79,2541.79,2516.8,2521.84
2025-05-11 13:45:00+07:00,2521.98,2525.31,2504.03,2519.96
2025-05-11 14:00:00+07:00,2520.0,2520.03,2479.6,2496.61
2025-05-11 14:15:00+07:00,2497.23,2497.87,2479.21,2489.03
2025-05-11 14:30:00+07:00,2489.58,2499.74,2454.08,2454.1
2025-05-11 14:45:00+07:00,2453.57,2477.7,2453.31,2472.67
2025-05-11 15:00:00+07:00,2472.61,2498.74,2472.54,2494.21
2025-05-11 15:15:00+07:00,2494.19,2503.96,2485.97,2486.57
2025-05-11 15:30:00+07:00,2486.51,2491.93,2471.42,2488.9
2025-05-11 15:45:00+07:00,2488.95,2490.52,2477.42,2480.05
2025-05-11 16:00:00+07:00,2480.01,2502.91,2480.01,2502.34
2025-05-11 16:15:00+07:00,2502.2,2515.92,2496.43,2514.28
2025-05-11 16:30:00+07:00,2514.38,2515.81,2506.16,2509.1
2025-05-11 16:45:00+07:00,2509.15,2520.89,2507.53,2514.18
2025-05-11 17:00:00+07:00,2514.18,2520.03,2506.15,2506.99
2025-05-11 17:15:00+07:00,2506.97,2507.59,2494.15,2507.14
2025-05-11 17:30:00+07:00,2507.19,2510.76,2498.29,2499.66
2025-05-11 17:45:00+07:00,2499.52,2510.0,2495.76,2509.78
2025-05-11 18:00:00+07:00,2509.53,2518.63,2509.0,2511.72
2025-05-11 18:15:00+07:00,2511.61,2515.59,2505.38,2514.12
2025-05-11 18:30:00+07:00,2514.15,2531.77,2509.91,2528.18
2025-05-11 18:45:00+07:00,2528.19,2534.92,2521.44,2529.32
2025-05-11 19:00:00+07:00,2529.3,2530.66,2521.87,2523.67
2025-05-11 19:15:00+07:00,2523.77,2523.77,2513.15,2519.02
2025-05-11 19:30:00+07:00,2519.08,2523.65,2510.32,2514.69
2025-05-11 19:45:00+07:00,2514.63,2520.31,2509.78,2514.23
2025-05-11 20:00:00+07:00,2514.23,2528.66,2513.58,2525.59
2025-05-11 20:15:00+07:00,2525.58,2525.58,2494.85,2500.3
2025-05-11 20:30:00+07:00,2500.39,2500.47,2477.94,2488.02
2025-05-11 20:45:00+07:00,2488.01,2493.35,2464.59,2468.4
2025-05-11 21:00:00+07:00,2468.44,2482.7,2467.42,2477.94
2025-05-11 21:15:00+07:00,2477.93,2488.53,2471.95,2481.86
2025-05-11 21:30:00+07:00,2481.87,2493.19,2478.36,2489.89
2025-05-11 21:45:00+07:00,2489.91,2490.89,2480.53,2484.96
2025-05-11 22:00:00+07:00,2484.93,2503.98,2483.83,2499.61
2025-05-11 22:15:00+07:00,2499.64,2502.94,2482.82,2485.06
2025-05-11 22:30:00+07:00,2485.1,2489.31,2475.07,2478.22
2025-05-11 22:45:00+07:00,2478.14,2482.75,2434.36,2461.34
2025-05-11 23:00:00+07:00,2461.14,2465.87,2439.09,2454.56
2025-05-11 23:15:00+07:00,2454.59,2476.87,2445.07,2473.51
2025-05-11 23:30:00+07:00,2473.66,2479.64,2465.27,2471.12
2025-05-11 23:45:00+07:00,2471.07,2471.5,2455.37,2470.0
2025-05-12 00:00:00+07:00,2469.99,2481.99,2465.47,2481.34
2025-05-12 00:15:00+07:00,2481.41,2490.67,2474.13,2478.47
2025-05-12 00:30:00+07:00,2478.45,2494.87,2477.28,2487.3
2025-05-12 00:45:00+07:00,2487.15,2494.95,2480.57,2490.63
2025-05-12 01:00:00+07:00,2490.68,2493.23,2481.27,2483.69
2025-05-12 01:15:00+07:00,2483.4,2488.7,2477.62,2478.48
2025-05-12 01:30:00+07:00,2478.53,2511.28,2471.41,2500.31
2025-05-12 01:45:00+07:00,2500.31,2513.95,2498.93,2503.51
2025-05-12 02:00:00+07:00,2503.42,2510.64,2501.05,2508.36
2025-05-12 02:15:00+07:00,2508.39,2518.72,2507.51,2514.62
2025-05-12 02:30:00+07:00,2514.52,2524.21,2513.27,2514.73
2025-05-12 02:45:00+07:00,2514.82,2521.0,2505.6,2506.89
2025-05-12 03:00:00+07:00,2506.82,2508.75,2492.09,2503.38
2025-05-12 03:15:00+07:00,2503.38,2507.13,2498.79,2503.32
2025-05-12 03:30:00+07:00,2503.34,2510.52,2498.26,2505.5
2025-05-12 03:45:00+07:00,2505.64,2511.75,2500.44,2508.77
2025-05-12 04:00:00+07:00,2508.76,2509.17,2496.43,2501.27
2025-05-12 04:15:00+07:00,2501.11,2514.7,2499.64,2500.64
2025-05-12 04:30:00+07:00,2500.25,2508.0,2499.67,2506.71
2025-05-12 04:45:00+07:00,2506.68,2519.35,2504.79,2515.88
2025-05-12 05:00:00+07:00,2515.9,2527.75,2502.23,2508.2
2025-05-12 05:15:00+07:00,2508.17,2513.1,2495.32,2502.01
2025-05-12 05:30:00+07:00,2501.47,2506.69,2482.5,2483.37
2025-05-12 05:45:00+07:00,2483.46,2503.36,2482.53,2502.12
2025-05-12 06:00:00+07:00,2502.23,2510.69,2501.43,2506.51
2025-05-12 06:15:00+07:00,2506.53,2511.82,2502.91,2506.26
2025-05-12 06:30:00+07:00,2506.27,2507.64,2496.65,2507.48
2025-05-12 06:45:00+07:00,2507.49,2514.27,2503.18,2513.36
2025-05-12 07:00:00+07:00,2513.49,2520.89,2509.93,2519.62
2025-05-12 07:15:00+07:00,2519.6,2533.84,2514.88,2530.7
2025-05-12 07:30:00+07:00,2530.56,2544.78,2527.06,2527.63
2025-05-12 07:45:00+07:00,2527.64,2534.32,2521.59,2530.03
2025-05-12 08:00:00+07:00,2530.07,2547.53,2527.18,2535.65
2025-05-12 08:15:00+07:00,2535.74,2538.78,2511.12,2516.9
2025-05-12 08:30:00+07:00,2517.18,2517.54,2490.1,2508.47
2025-05-12 08:45:00+07:00,2508.44,2515.22,2502.86,2504.3
2025-05-12 09:00:00+07:00,2504.37,2514.5,2500.93,2507.74
2025-05-12 09:15:00+07:00,2507.92,2523.66,2502.95,2516.12
2025-05-12 09:30:00+07:00,2516.07,2534.6,2516.07,2520.96
2025-05-12 09:45:00+07:00,2520.99,2527.54,2510.73,2521.98
2025-05-12 10:00:00+07:00,2521.96,2521.96,2508.76,2515.37
2025-05-12 10:15:00+07:00,2515.38,2526.37,2509.79,2515.47
2025-05-12 10:30:00+07:00,2515.54,2519.83,2510.22,2513.18
2025-05-12 10:45:00+07:00,2513.16,2519.14,2510.18,2519.0
2025-05-12 11:00:00+07:00,2518.97,2524.85,2512.74,2522.54
2025-05-12 11:15:00+07:00,2522.59,2526.75,2507.92,2509.96
2025-05-12 11:30:00+07:00,2509.99,2515.44,2506.73,2512.36
2025-05-12 11:45:00+07:00,2512.35,2523.27,2509.15,2517.36
2025-05-12 12:00:00+07:00,2517.43,2520.48,2506.08,2508.36
2025-05-12 12:15:00+07:00,2508.35,2510.74,2496.09,2498.44
2025-05-12 12:30:00+07:00,2498.48,2503.65,2490.71,2501.37
2025-05-12 12:45:00+07:00,2501.4,2503.65,2492.06,2496.77
2025-05-12 13:00:00+07:00,2496.81,2500.82,2485.27,2496.87
2025-05-12 13:15:00+07:00,2496.84,2508.12,2488.19,2506.9
2025-05-12 13:30:00+07:00,2506.92,2511.15,2503.74,2507.72
2025-05-12 13:45:00+07:00,2507.66,2521.02,2507.27,2516.6
2025-05-12 14:00:00+07:00,2516.62,2573.95,2516.62,2572.49
2025-05-12 14:15:00+07:00,2572.62,2603.02,2556.68,2597.42
2025-05-12 14:30:00+07:00,2597.41,2623.25,2555.46,2571.21
2025-05-12 14:45:00+07:00,2571.23,2572.16,2527.9,2553.48
2025-05-12 15:00:00+07:00,2553.5,2554.05,2530.52,2543.47
2025-05-12 15:15:00+07:00,2543.48,2554.69,2534.2,2544.97
2025-05-12 15:30:00+07:00,2544.9,2575.48,2540.76,2572.11
2025-05-12 15:45:00+07:00,2572.12,2584.56,2564.92,2576.33
2025-05-12 16:00:00+07:00,2576.42,2581.3,2564.83,2566.5
2025-05-12 16:15:00+07:00,2566.55,2576.46,2561.52,2568.42
2025-05-12 16:30:00+07:00,2568.44,2568.86,2551.39,2558.31
2025-05-12 16:45:00+07:00,2558.24,2560.0,2546.52,2549.62
2025-05-12 17:00:00+07:00,2549.6,2557.79,2538.73,2547.25
2025-05-12 17:15:00+07:00,2547.18,2552.86,2541.51,2548.64
2025-05-12 17:30:00+07:00,2548.62,2562.45,2546.43,2554.77
2025-05-12 17:45:00+07:00,2554.79,2560.78,2550.43,2559.07
2025-05-12 18:00:00+07:00,2559.18,2565.91,2555.61,2562.98
2025-05-12 18:15:00+07:00,2562.88,2563.15,2547.42,2553.13
2025-05-12 18:30:00+07:00,2553.17,2555.45,2539.82,2540.52
2025-05-12 18:45:00+07:00,2540.48,2547.7,2520.77,2529.15
2025-05-12 19:00:00+07:00,2529.08,2543.78,2527.77,2542.8
2025-05-12 19:15:00+07:00,2542.76,2554.03,2537.58,2545.58
2025-05-12 19:30:00+07:00,2545.55,2555.13,2538.95,2554.39
2025-05-12 19:45:00+07:00,2554.37,2559.6,2548.29,2548.37
2025-05-12 20:00:00+07:00,2548.48,2563.8,2542.57,2561.36
2025-05-12 20:15:00+07:00,2561.33,2575.54,2551.12,2556.66
2025-05-12 20:30:00+07:00,2556.61,2572.11,2544.36,2556.9
2025-05-12 20:45:00+07:00,2557.04,2575.36,2550.2,2557.08
2025-05-12 21:00:00+07:00,2557.19,2569.22,2551.27,2555.54
2025-05-12 21:15:00+07:00,2555.44,2563.23,2499.61,2509.39
2025-05-12 21:30:00+07:00,2509.49,2534.9,2487.61,2529.6
2025-05-12 21:45:00+07:00,2529.61,2529.63,2501.6,2505.01
2025-05-12 22:00:00+07:00,2505.08,2512.92,2477.93,2506.35
2025-05-12 22:15:00+07:00,2506.35,2514.57,2498.8,2501.56
2025-05-12 22:30:00+07:00,2501.56,2509.61,2487.25,2492.49
2025-05-12 22:45:00+07:00,2492.47,2497.48,2480.83,2486.31
2025-05-12 23:00:00+07:00,2486.27,2494.19,2470.97,2489.25
2025-05-12 23:15:00+07:00,2489.4,2501.84,2488.71,2497.46
2025-05-12 23:30:00+07:00,2497.39,2504.25,2490.92,2500.75
2025-05-12 23:45:00+07:00,2500.77,2508.01,2498.0,2499.86
2025-05-13 00:00:00+07:00,2499.88,2511.77,2496.07,2503.55
2025-05-13 00:15:00+07:00,2503.53,2506.54,2484.3,2492.7
2025-05-13 00:30:00+07:00,2492.68,2494.79,2479.31,2480.45
2025-05-13 00:45:00+07:00,2480.49,2485.99,2464.15,2475.76
2025-05-13 01:00:00+07:00,2475.79,2484.53,2450.7,2460.67
2025-05-13 01:15:00+07:00,2460.72,2474.13,2438.6,2444.91
2025-05-13 01:30:00+07:00,2444.94,2451.29,2434.89,2447.18
2025-05-13 01:45:00+07:00,2447.15,2453.63,2406.71,2434.27
2025-05-13 02:00:00+07:00,2434.32,2456.12,2427.91,2450.77
2025-05-13 02:15:00+07:00,2450.57,2466.61,2448.94,2453.65
2025-05-13 02:30:00+07:00,2453.83,2462.82,2444.55,2448.94
2025-05-13 02:45:00+07:00,2449.19,2461.55,2449.19,2459.17
2025-05-13 03:00:00+07:00,2459.13,2464.91,2451.02,2457.01
2025-05-13 03:15:00+07:00,2456.92,2471.07,2455.39,2468.66
2025-05-13 03:30:00+07:00,2468.71,2486.21,2467.47,2478.83
2025-05-13 03:45:00+07:00,2478.92,2494.59,2473.12,2484.35
2025-05-13 04:00:00+07:00,2484.29,2490.86,2476.69,2476.8
2025-05-13 04:15:00+07:00,2476.7,2483.87,2467.63,2467.97
2025-05-13 04:30:00+07:00,2467.71,2481.05,2466.0,2478.69
2025-05-13 04:45:00+07:00,2478.76,2483.55,2471.3,2478.78
2025-05-13 05:00:00+07:00,2478.8,2486.71,2472.74,2480.19
2025-05-13 05:15:00+07:00,2480.19,2486.29,2480.19,2482.36
2025-05-13 05:30:00+07:00,2482.69,2495.8,2481.54,2490.81
2025-05-13 05:45:00+07:00,2490.75,2496.43,2484.42,2484.7
2025-05-13 06:00:00+07:00,2484.73,2492.87,2484.27,2489.21
2025-05-13 06:15:00+07:00,2489.24,2499.42,2489.07,2495.13
2025-05-13 06:30:00+07:00,2495.13,2495.99,2486.88,2490.0
2025-05-13 06:45:00+07:00,2490.24,2496.08,2488.99,2494.04
2025-05-13 07:00:00+07:00,2494.27,2494.73,2473.37,2476.48
2025-05-13 07:15:00+07:00,2476.25,2480.65,2465.32,2471.03
2025-05-13 07:30:00+07:00,2471.15,2471.47,2457.46,2458.38
2025-05-13 07:45:00+07:00,2458.42,2469.8,2458.03,2461.95
2025-05-13 08:00:00+07:00,2461.85,2475.22,2454.49,2464.61
2025-05-13 08:15:00+07:00,2464.6,2472.72,2460.53,2460.53
2025-05-13 08:30:00+07:00,2460.46,2464.99,2438.88,2448.36
2025-05-13 08:45:00+07:00,2448.2,2457.36,2441.98,2451.74
2025-05-13 09:00:00+07:00,2451.77,2458.31,2433.2,2436.22
2025-05-13 09:15:00+07:00,2436.28,2445.71,2414.69,2445.3
2025-05-13 09:30:00+07:00,2445.42,2446.02,2431.38,2432.17
2025-05-13 09:45:00+07:00,2432.22,2441.77,2428.82,2438.12
2025-05-13 10:00:00+07:00,2438.12,2443.78,2429.89,2441.28
2025-05-13 10:15:00+07:00,2441.25,2443.35,2417.11,2424.52
2025-05-13 10:30:00+07:00,2424.73,2432.21,2418.38,2431.25
2025-05-13 10:45:00+07:00,2431.18,2432.22,2417.68,2423.94
2025-05-13 11:00:00+07:00,2423.9,2432.91,2418.8,2427.26
2025-05-13 11:15:00+07:00,2427.71,2440.69,2423.24,2438.25
2025-05-13 11:30:00+07:00,2438.25,2451.1,2437.56,2447.89
2025-05-13 11:45:00+07:00,2447.9,2457.69,2446.54,2454.43
2025-05-13 12:00:00+07:00,2454.57,2462.47,2450.76,2458.74
2025-05-13 12:15:00+07:00,2458.87,2460.01,2449.1,2452.36
2025-05-13 12:30:00+07:00,2452.78,2453.19,2438.13,2442.19
2025-05-13 12:45:00+07:00,2442.16,2450.95,2441.79,2448.93
2025-05-13 13:00:00+07:00,2448.95,2459.9,2448.92,2458.73
2025-05-13 13:15:00+07:00,2458.74,2459.22,2446.19,2449.61
2025-05-13 13:30:00+07:00,2449.63,2458.84,2448.34,2456.13
2025-05-13 13:45:00+07:00,2456.13,2458.21,2450.44,2452.44
2025-05-13 14:00:00+07:00,2452.44,2464.91,2451.42,2462.46
2025-05-13 14:15:00+07:00,2462.6,2479.21,2462.6,2469.23
2025-05-13 14:30:00+07:00,2469.22,2472.68,2461.07,2463.37
2025-05-13 14:45:00+07:00,2463.46,2465.96,2458.35,2459.65
2025-05-13 15:00:00+07:00,2459.8,2470.38,2459.8,2466.57
2025-05-13 15:15:00+07:00,2466.56,2468.92,2452.03,2452.4
2025-05-13 15:30:00+07:00,2452.42,2461.87,2450.35,2456.77
2025-05-13 15:45:00+07:00,2456.91,2460.25,2453.63,2456.25
2025-05-13 16:00:00+07:00,2456.27,2470.62,2455.75,2468.34
2025-05-13 16:15:00+07:00,2468.34,2482.41,2466.74,2479.23
2025-05-13 16:30:00+07:00,2479.42,2484.91,2475.54,2476.51
2025-05-13 16:45:00+07:00,2476.56,2486.53,2476.19,2483.57
2025-05-13 17:00:00+07:00,2483.59,2486.37,2479.55,2481.71
2025-05-13 17:15:00+07:00,2481.6,2482.64,2470.51,2480.62
2025-05-13 17:30:00+07:00,2480.64,2481.63,2473.22,2480.41
2025-05-13 17:45:00+07:00,2480.4,2485.21,2476.6,2481.12
2025-05-13 18:00:00+07:00,2481.05,2484.51,2477.41,2478.56
2025-05-13 18:15:00+07:00,2478.48,2508.92,2477.56,2497.91
2025-05-13 18:30:00+07:00,2497.9,2525.06,2495.08,2516.13
2025-05-13 18:45:00+07:00,2516.12,2518.06,2503.44,2512.44
2025-05-13 19:00:00+07:00,2512.41,2513.45,2491.76,2499.71
2025-05-13 19:15:00+07:00,2499.79,2503.89,2490.36,2502.76
2025-05-13 19:30:00+07:00,2502.33,2540.92,2501.56,2534.62
2025-05-13 19:45:00+07:00,2534.59,2537.4,2520.58,2523.41
2025-05-13 20:00:00+07:00,2523.74,2531.74,2517.87,2524.37
2025-05-13 20:15:00+07:00,2524.26,2549.67,2523.25,2543.01
2025-05-13 20:30:00+07:00,2543.06,2561.24,2540.24,2545.59
2025-05-13 20:45:00+07:00,2545.57,2553.57,2532.65,2548.36
2025-05-13 21:00:00+07:00,2548.46,2554.19,2528.18,2536.25
2025-05-13 21:15:00+07:00,2536.14,2556.02,2525.63,2551.0
2025-05-13 21:30:00+07:00,2550.76,2551.27,2536.83,2542.28
2025-05-13 21:45:00+07:00,2542.45,2550.43,2530.89,2543.67
2025-05-13 22:00:00+07:00,2543.69,2564.04,2538.43,2551.29
2025-05-13 22:15:00+07:00,2551.35,2560.65,2546.42,2557.06
2025-05-13 22:30:00+07:00,2557.03,2573.2,2551.26,2564.32
2025-05-13 22:45:00+07:00,2564.3,2568.5,2555.88,2564.77
2025-05-13 23:00:00+07:00,2564.68,2594.94,2558.62,2587.0
2025-05-13 23:15:00+07:00,2586.89,2596.96,2579.99,2588.27
2025-05-13 23:30:00+07:00,2588.46,2600.04,2582.77,2587.58
2025-05-13 23:45:00+07:00,2587.52,2597.79,2576.97,2596.44
2025-05-14 00:00:00+07:00,2596.75,2614.03,2594.43,2601.85
2025-05-14 00:15:00+07:00,2601.88,2617.88,2598.13,2601.73
2025-05-14 00:30:00+07:00,2601.69,2615.27,2589.03,2606.47
2025-05-14 00:45:00+07:00,2606.48,2621.11,2602.98,2609.31
2025-05-14 01:00:00+07:00,2609.34,2616.76,2604.64,2614.76
2025-05-14 01:15:00+07:00,2614.76,2629.43,2610.48,2621.31
2025-05-14 01:30:00+07:00,2621.3,2649.64,2618.18,2627.44
2025-05-14 01:45:00+07:00,2627.43,2671.34,2626.64,2668.79
2025-05-14 02:00:00+07:00,2668.82,2673.8,2652.5,2667.68
2025-05-14 02:15:00+07:00,2667.66,2698.4,2666.13,2694.98
2025-05-14 02:30:00+07:00,2694.91,2716.08,2686.45,2713.1
2025-05-14 02:45:00+07:00,2713.07,2738.39,2671.15,2690.39
2025-05-14 03:00:00+07:00,2689.96,2695.57,2653.73,2667.41
2025-05-14 03:15:00+07:00,2667.39,2682.48,2657.47,2677.09
2025-05-14 03:30:00+07:00,2677.07,2689.34,2670.36,2686.01
2025-05-14 03:45:00+07:00,2686.0,2696.29,2678.09,2688.63
2025-05-14 04:00:00+07:00,2688.53,2689.96,2668.66,2670.68
2025-05-14 04:15:00+07:00,2670.79,2686.87,2670.76,2683.82
2025-05-14 04:30:00+07:00,2683.8,2692.14,2678.22,2681.88
2025-05-14 04:45:00+07:00,2681.91,2691.8,2679.81,2690.06
2025-05-14 05:00:00+07:00,2690.1,2697.27,2676.71,2688.1
2025-05-14 05:15:00+07:00,2688.2,2707.23,2685.47,2696.64
2025-05-14 05:30:00+07:00,2696.73,2703.26,2691.37,2692.87
2025-05-14 05:45:00+07:00,2692.88,2695.93,2675.22,2678.87
2025-05-14 06:00:00+07:00,2678.93,2681.84,2655.92,2680.29
2025-05-14 06:15:00+07:00,2680.36,2682.94,2665.76,2667.52
2025-05-14 06:30:00+07:00,2667.51,2677.56,2664.75,2677.53
2025-05-14 06:45:00+07:00,2677.56,2686.12,2671.92,2678.85
2025-05-14 07:00:00+07:00,2678.82,2686.76,2671.85,2682.45
2025-05-14 07:15:00+07:00,2682.65,2698.48,2677.89,2688.36
2025-05-14 07:30:00+07:00,2688.11,2696.19,2677.58,2684.27
2025-05-14 07:45:00+07:00,2684.21,2700.19,2682.9,2695.06
2025-05-14 08:00:00+07:00,2695.12,2709.54,2690.18,2705.3
2025-05-14 08:15:00+07:00,2705.27,2717.31,2695.51,2700.28
2025-05-14 08:30:00+07:00,2700.25,2724.14,2698.11,2716.83
2025-05-14 08:45:00+07:00,2716.68,2717.09,2664.7,2670.82
2025-05-14 09:00:00+07:00,2670.92,2671.56,2621.63,2653.97
2025-05-14 09:15:00+07:00,2653.96,2668.42,2634.52,2638.18
2025-05-14 09:30:00+07:00,2638.32,2653.83,2628.57,2653.27
2025-05-14 09:45:00+07:00,2653.16,2653.38,2635.43,2637.33
2025-05-14 10:00:00+07:00,2637.35,2642.19,2623.23,2641.36
2025-05-14 10:15:00+07:00,2641.33,2645.86,2629.36,2635.81
2025-05-14 10:30:00+07:00,2635.82,2644.64,2630.33,2641.88
2025-05-14 10:45:00+07:00,2641.62,2646.85,2636.66,2645.92
2025-05-14 11:00:00+07:00,2645.88,2645.88,2635.2,2640.05
2025-05-14 11:15:00+07:00,2640.07,2652.69,2635.97,2649.19
2025-05-14 11:30:00+07:00,2649.09,2671.42,2646.6,2664.16
2025-05-14 11:45:00+07:00,2664.12,2673.21,2658.81,2673.21
2025-05-14 12:00:00+07:00,2673.24,2686.21,2666.24,2666.61
2025-05-14 12:15:00+07:00,2666.54,2674.65,2664.39,2665.89
2025-05-14 12:30:00+07:00,2665.81,2671.04,2661.82,2669.9
2025-05-14 12:45:00+07:00,2669.81,2679.69,2667.66,2672.02
2025-05-14 13:00:00+07:00,2672.07,2675.52,2663.77,2666.1
2025-05-14 13:15:00+07:00,2666.12,2671.76,2658.64,2665.74
2025-05-14 13:30:00+07:00,2665.78,2670.41,2660.5,2670.12
2025-05-14 13:45:00+07:00,2670.13,2676.71,2663.87,2672.59
2025-05-14 14:00:00+07:00,2672.7,2673.25,2664.92,2669.42
2025-05-14 14:15:00+07:00,2669.47,2669.73,2640.67,2648.05
2025-05-14 14:30:00+07:00,2648.17,2654.93,2638.81,2654.69
2025-05-14 14:45:00+07:00,2654.68,2655.47,2638.43,2639.34
2025-05-14 15:00:00+07:00,2639.3,2644.87,2608.0,2622.9
2025-05-14 15:15:00+07:00,2622.94,2631.09,2617.01,2627.14
2025-05-14 15:30:00+07:00,2627.25,2636.32,2621.38,2634.21
2025-05-14 15:45:00+07:00,2634.15,2634.2,2586.29,2596.15
2025-05-14 16:00:00+07:00,2596.36,2605.98,2576.92,2596.35
2025-05-14 16:15:00+07:00,2596.52,2606.94,2590.67,2606.61
2025-05-14 16:30:00+07:00,2606.58,2609.16,2597.87,2601.17
2025-05-14 16:45:00+07:00,2601.4,2608.99,2601.4,2606.8
2025-05-14 17:00:00+07:00,2606.76,2615.94,2601.55,2603.79
2025-05-14 17:15:00+07:00,2603.81,2613.99,2587.66,2608.02
2025-05-14 17:30:00+07:00,2608.09,2609.54,2598.96,2604.15
2025-05-14 17:45:00+07:00,2603.96,2604.11,2591.98,2594.8
2025-05-14 18:00:00+07:00,2594.76,2612.74,2594.69,2612.68
2025-05-14 18:15:00+07:00,2612.41,2614.77,2602.83,2612.17
2025-05-14 18:30:00+07:00,2612.16,2634.51,2610.84,2627.95
2025-05-14 18:45:00+07:00,2627.92,2629.8,2618.16,2624.07
2025-05-14 19:00:00+07:00,2624.09,2629.3,2617.19,2625.83
2025-05-14 19:15:00+07:00,2625.86,2634.26,2623.24,2624.15
2025-05-14 19:30:00+07:00,2624.25,2627.59,2610.34,2617.59
2025-05-14 19:45:00+07:00,2617.55,2619.35,2603.55,2611.88
2025-05-14 20:00:00+07:00,2611.85,2617.71,2601.14,2613.04
2025-05-14 20:15:00+07:00,2613.02,2617.83,2606.73,2610.92
2025-05-14 20:30:00+07:00,2611.02,2626.34,2584.15,2588.68
2025-05-14 20:45:00+07:00,2588.94,2605.39,2576.29,2605.14
2025-05-14 21:00:00+07:00,2605.09,2605.42,2586.76,2589.41
2025-05-14 21:15:00+07:00,2589.47,2589.73,2557.39,2567.73
2025-05-14 21:30:00+07:00,2567.62,2585.84,2561.97,2582.58
2025-05-14 21:45:00+07:00,2582.67,2588.91,2573.28,2582.38
2025-05-14 22:00:00+07:00,2582.39,2583.84,2559.47,2581.8
2025-05-14 22:15:00+07:00,2581.75,2584.97,2566.67,2583.59
2025-05-14 22:30:00+07:00,2583.32,2599.76,2575.24,2592.55
2025-05-14 22:45:00+07:00,2592.45,2596.55,2586.79,2596.18
2025-05-14 23:00:00+07:00,2596.19,2598.71,2587.21,2593.74
2025-05-14 23:15:00+07:00,2593.71,2593.71,2579.23,2586.15
2025-05-14 23:30:00+07:00,2585.99,2593.32,2581.66,2586.64
2025-05-14 23:45:00+07:00,2586.52,2590.05,2576.99,2588.64
2025-05-15 00:00:00+07:00,2588.77,2591.24,2569.73,2573.71
2025-05-15 00:15:00+07:00,2573.78,2574.28,2546.48,2565.87
2025-05-15 00:30:00+07:00,2565.9,2581.45,2563.92,2578.0
2025-05-15 00:45:00+07:00,2578.07,2590.67,2575.49,2589.11
2025-05-15 01:00:00+07:00,2589.08,2598.16,2580.62,2583.35
2025-05-15 01:15:00+07:00,2583.34,2609.14,2578.55,2591.17
2025-05-15 01:30:00+07:00,2591.16,2603.29,2590.66,2596.33
2025-05-15 01:45:00+07:00,2596.31,2613.07,2592.72,2612.53
2025-05-15 02:00:00+07:00,2612.33,2613.7,2604.67,2605.35
2025-05-15 02:15:00+07:00,2605.38,2616.45,2601.23,2601.77
2025-05-15 02:30:00+07:00,2601.77,2606.03,2598.19,2599.55
2025-05-15 02:45:00+07:00,2599.54,2610.3,2597.04,2603.63
2025-05-15 03:00:00+07:00,2603.68,2609.78,2599.52,2602.09
2025-05-15 03:15:00+07:00,2602.22,2605.74,2600.35,2603.54
2025-05-15 03:30:00+07:00,2603.53,2604.16,2596.58,2601.8
2025-05-15 03:45:00+07:00,2601.5,2606.91,2598.66,2599.16
2025-05-15 04:00:00+07:00,2599.15,2600.27,2582.65,2585.14
2025-05-15 04:15:00+07:00,2585.23,2593.49,2583.98,2593.49
2025-05-15 04:30:00+07:00,2593.42,2599.65,2590.34,2594.46
2025-05-15 04:45:00+07:00,2594.48,2609.28,2592.95,2605.29
2025-05-15 05:00:00+07:00,2605.26,2606.72,2599.6,2600.83
2025-05-15 05:15:00+07:00,2600.87,2605.52,2599.92,2602.44
2025-05-15 05:30:00+07:00,2602.45,2603.43,2594.13,2595.15
2025-05-15 05:45:00+07:00,2595.07,2596.07,2585.55,2594.77
2025-05-15 06:00:00+07:00,2594.78,2599.4,2590.33,2599.25
2025-05-15 06:15:00+07:00,2598.98,2599.53,2582.64,2593.81
2025-05-15 06:30:00+07:00,2593.67,2605.35,2591.97,2602.37
2025-05-15 06:45:00+07:00,2602.6,2612.92,2602.6,2608.6
2025-05-15 07:00:00+07:00,2608.74,2619.24,2605.83,2617.73
2025-05-15 07:15:00+07:00,2617.74,2646.11,2617.74,2631.43
2025-05-15 07:30:00+07:00,2631.34,2642.02,2624.65,2638.64
2025-05-15 07:45:00+07:00,2638.71,2640.26,2628.22,2631.09
2025-05-15 08:00:00+07:00,2631.06,2635.99,2615.9,2619.82
2025-05-15 08:15:00+07:00,2619.56,2624.89,2612.77,2615.07
2025-05-15 08:30:00+07:00,2615.06,2617.99,2587.29,2591.92
2025-05-15 08:45:00+07:00,2592.12,2594.99,2565.61,2576.71
2025-05-15 09:00:00+07:00,2576.41,2587.69,2569.65,2581.84
2025-05-15 09:15:00+07:00,2581.84,2594.67,2575.49,2589.84
2025-05-15 09:30:00+07:00,2589.8,2592.78,2581.62,2584.34
2025-05-15 09:45:00+07:00,2584.17,2597.11,2582.88,2590.03
2025-05-15 10:00:00+07:00,2590.01,2593.9,2582.4,2584.68
2025-05-15 10:15:00+07:00,2584.62,2591.76,2577.45,2590.15
2025-05-15 10:30:00+07:00,2590.08,2590.9,2583.14,2586.92
2025-05-15 10:45:00+07:00,2587.0,2587.0,2569.24,2573.93
2025-05-15 11:00:00+07:00,2573.63,2582.52,2570.71,2576.01
2025-05-15 11:15:00+07:00,2575.91,2587.17,2575.33,2585.2
2025-05-15 11:30:00+07:00,2585.22,2593.34,2582.81,2586.62
2025-05-15 11:45:00+07:00,2586.89,2594.27,2584.48,2592.01
2025-05-15 12:00:00+07:00,2591.99,2595.41,2581.84,2582.66
2025-05-15 12:15:00+07:00,2582.69,2585.06,2574.99,2583.11
2025-05-15 12:30:00+07:00,2583.17,2588.45,2571.8,2580.41
2025-05-15 12:45:00+07:00,2580.39,2580.96,2562.19,2566.88
2025-05-15 13:00:00+07:00,2566.94,2580.5,2563.72,2577.58
2025-05-15 13:15:00+07:00,2577.6,2582.7,2573.84,2578.22
2025-05-15 13:30:00+07:00,2578.17,2581.15,2554.49,2557.86
2025-05-15 13:45:00+07:00,2557.87,2573.39,2557.46,2572.63
2025-05-15 14:00:00+07:00,2572.63,2576.28,2555.95,2557.19
2025-05-15 14:15:00+07:00,2557.18,2564.19,2536.74,2539.86
2025-05-15 14:30:00+07:00,2539.73,2544.3,2527.86,2530.66
2025-05-15 14:45:00+07:00,2530.61,2536.44,2514.52,2529.55
2025-05-15 15:00:00+07:00,2529.53,2548.8,2527.43,2541.71
2025-05-15 15:15:00+07:00,2541.7,2548.09,2537.18,2547.14
2025-05-15 15:30:00+07:00,2547.18,2559.55,2545.02,2551.99
2025-05-15 15:45:00+07:00,2551.93,2565.69,2551.84,2563.13
2025-05-15 16:00:00+07:00,2563.1,2565.35,2546.09,2546.09
2025-05-15 16:15:00+07:00,2546.0,2553.79,2539.18,2549.59
2025-05-15 16:30:00+07:00,2549.52,2550.77,2532.53,2535.99
2025-05-15 16:45:00+07:00,2536.11,2542.57,2521.23,2538.32
2025-05-15 17:00:00+07:00,2538.31,2540.87,2521.66,2528.56
2025-05-15 17:15:00+07:00,2528.46,2544.11,2527.81,2539.28
2025-05-15 17:30:00+07:00,2539.29,2540.79,2523.48,2525.88
2025-05-15 17:45:00+07:00,2526.17,2545.04,2516.03,2542.26
2025-05-15 18:00:00+07:00,2542.3,2555.44,2541.45,2547.71
2025-05-15 18:15:00+07:00,2547.61,2558.92,2546.12,2555.26
2025-05-15 18:30:00+07:00,2555.24,2564.81,2550.83,2552.0
2025-05-15 18:45:00+07:00,2551.92,2554.81,2547.11,2553.77
2025-05-15 19:00:00+07:00,2553.73,2558.33,2542.31,2546.0
2025-05-15 19:15:00+07:00,2545.98,2555.6,2542.48,2549.56
2025-05-15 19:30:00+07:00,2549.47,2578.73,2548.32,2564.99
2025-05-15 19:45:00+07:00,2565.05,2565.92,2543.35,2551.54
2025-05-15 20:00:00+07:00,2551.85,2564.36,2545.62,2562.58
2025-05-15 20:15:00+07:00,2562.61,2565.94,2555.75,2560.0
2025-05-15 20:30:00+07:00,2560.01,2567.57,2532.98,2544.05
2025-05-15 20:45:00+07:00,2544.25,2544.6,2502.52,2530.31
2025-05-15 21:00:00+07:00,2530.22,2539.88,2512.17,2523.86
2025-05-15 21:15:00+07:00,2523.98,2531.61,2506.72,2514.97
2025-05-15 21:30:00+07:00,2515.01,2519.21,2485.8,2492.32
2025-05-15 21:45:00+07:00,2492.17,2501.69,2477.69,2499.06
2025-05-15 22:00:00+07:00,2499.03,2515.45,2497.02,2511.33
2025-05-15 22:15:00+07:00,2511.54,2534.06,2511.31,2532.46
2025-05-15 22:30:00+07:00,2532.45,2548.69,2530.18,2544.48
2025-05-15 22:45:00+07:00,2544.5,2568.12,2542.58,2562.97
2025-05-15 23:00:00+07:00,2562.82,2568.51,2554.25,2556.78
2025-05-15 23:15:00+07:00,2556.8,2571.8,2555.88,2558.34
2025-05-15 23:30:00+07:00,2558.32,2571.37,2553.6,2569.09
2025-05-15 23:45:00+07:00,2568.73,2598.5,2568.59,2597.83
2025-05-16 00:00:00+07:00,2598.04,2599.03,2579.88,2583.76
2025-05-16 00:15:00+07:00,2583.89,2602.89,2583.89,2594.16
2025-05-16 00:30:00+07:00,2594.39,2594.4,2584.08,2589.56
2025-05-16 00:45:00+07:00,2589.55,2593.71,2565.99,2570.91
2025-05-16 01:00:00+07:00,2570.43,2577.57,2557.78,2571.32
2025-05-16 01:15:00+07:00,2571.43,2572.72,2536.93,2541.28
2025-05-16 01:30:00+07:00,2541.06,2549.86,2523.64,2540.88
2025-05-16 01:45:00+07:00,2540.79,2542.92,2519.43,2523.87
2025-05-16 02:00:00+07:00,2523.84,2543.09,2521.19,2539.94
2025-05-16 02:15:00+07:00,2539.93,2546.95,2510.45,2523.76
2025-05-16 02:30:00+07:00,2523.73,2532.5,2522.29,2528.56
2025-05-16 02:45:00+07:00,2528.56,2535.83,2520.1,2529.65
2025-05-16 03:00:00+07:00,2529.66,2543.36,2518.94,2520.22
2025-05-16 03:15:00+07:00,2520.1,2539.75,2514.39,2535.16
2025-05-16 03:30:00+07:00,2535.13,2537.96,2525.08,2534.04
2025-05-16 03:45:00+07:00,2534.16,2537.82,2531.18,2535.81
2025-05-16 04:00:00+07:00,2535.74,2538.43,2526.39,2528.08
2025-05-16 04:15:00+07:00,2528.13,2528.27,2510.68,2525.51
2025-05-16 04:30:00+07:00,2525.54,2535.28,2515.66,2532.78
2025-05-16 04:45:00+07:00,2532.65,2540.52,2530.97,2533.86
2025-05-16 05:00:00+07:00,2533.88,2552.34,2530.82,2550.07
2025-05-16 05:15:00+07:00,2550.07,2563.59,2546.7,2551.24
2025-05-16 05:30:00+07:00,2551.25,2562.29,2550.31,2560.67
2025-05-16 05:45:00+07:00,2560.65,2562.52,2540.35,2540.35
2025-05-16 06:00:00+07:00,2540.38,2544.02,2527.19,2528.02
2025-05-16 06:15:00+07:00,2527.97,2533.64,2515.06,2529.48
2025-05-16 06:30:00+07:00,2529.52,2549.45,2529.52,2544.82
2025-05-16 06:45:00+07:00,2544.83,2548.67,2538.52,2547.87
2025-05-16 07:00:00+07:00,2547.79,2555.88,2542.56,2554.84
2025-05-16 07:15:00+07:00,2554.94,2558.64,2544.68,2548.89
2025-05-16 07:30:00+07:00,2548.97,2564.32,2548.4,2561.22
2025-05-16 07:45:00+07:00,2561.09,2561.63,2538.07,2543.58
2025-05-16 08:00:00+07:00,2543.62,2552.43,2533.01,2545.33
2025-05-16 08:15:00+07:00,2545.29,2554.24,2534.63,2553.71
2025-05-16 08:30:00+07:00,2553.65,2568.15,2552.42,2564.88
2025-05-16 08:45:00+07:00,2564.92,2567.88,2558.17,2565.84
2025-05-16 09:00:00+07:00,2565.87,2582.38,2565.87,2576.2
2025-05-16 09:15:00+07:00,2576.16,2578.31,2554.47,2570.48
2025-05-16 09:30:00+07:00,2570.46,2575.91,2564.82,2566.43
2025-05-16 09:45:00+07:00,2566.36,2575.4,2566.24,2572.82
2025-05-16 10:00:00+07:00,2572.91,2575.59,2569.0,2572.64
2025-05-16 10:15:00+07:00,2572.63,2580.58,2567.19,2574.06
2025-05-16 10:30:00+07:00,2574.06,2580.19,2571.35,2573.22
2025-05-16 10:45:00+07:00,2573.3,2583.45,2573.18,2580.23
2025-05-16 11:00:00+07:00,2580.24,2588.6,2576.58,2580.07
2025-05-16 11:15:00+07:00,2580.02,2581.31,2570.8,2572.84
2025-05-16 11:30:00+07:00,2572.92,2574.17,2562.8,2567.01
2025-05-16 11:45:00+07:00,2567.03,2573.64,2566.05,2573.09
2025-05-16 12:00:00+07:00,2573.17,2580.07,2573.14,2576.59
2025-05-16 12:15:00+07:00,2576.6,2591.41,2576.21,2587.39
2025-05-16 12:30:00+07:00,2587.34,2594.19,2582.26,2593.94
2025-05-16 12:45:00+07:00,2594.08,2595.83,2587.25,2593.25
2025-05-16 13:00:00+07:00,2593.24,2597.61,2585.73,2588.92
2025-05-16 13:15:00+07:00,2588.96,2599.0,2588.96,2593.38
2025-05-16 13:30:00+07:00,2593.37,2599.53,2590.34,2592.93
2025-05-16 13:45:00+07:00,2593.05,2599.27,2592.04,2596.38
2025-05-16 14:00:00+07:00,2596.4,2596.83,2582.86,2588.69
2025-05-16 14:15:00+07:00,2588.61,2618.86,2586.67,2607.86
2025-05-16 14:30:00+07:00,2607.95,2610.92,2594.6,2595.48
2025-05-16 14:45:00+07:00,2595.54,2605.74,2594.16,2600.31
2025-05-16 15:00:00+07:00,2600.32,2604.32,2593.81,2596.66
2025-05-16 15:15:00+07:00,2596.68,2597.34,2557.96,2567.53
2025-05-16 15:30:00+07:00,2567.52,2572.81,2556.97,2568.06
2025-05-16 15:45:00+07:00,2567.97,2575.17,2562.53,2572.38
2025-05-16 16:00:00+07:00,2572.43,2607.28,2570.45,2597.83
2025-05-16 16:15:00+07:00,2597.88,2612.93,2593.63,2608.42
2025-05-16 16:30:00+07:00,2608.48,2616.11,2602.41,2607.58
2025-05-16 16:45:00+07:00,2607.84,2614.37,2607.84,2610.23
2025-05-16 17:00:00+07:00,2610.24,2624.12,2604.75,2616.26
2025-05-16 17:15:00+07:00,2616.29,2620.01,2610.31,2611.19
2025-05-16 17:30:00+07:00,2611.2,2626.17,2610.51,2620.64
2025-05-16 17:45:00+07:00,2620.72,2627.86,2618.59,2623.77
2025-05-16 18:00:00+07:00,2624.05,2632.95,2620.8,2629.17
2025-05-16 18:15:00+07:00,2629.06,2647.45,2623.71,2623.94
2025-05-16 18:30:00+07:00,2623.84,2627.38,2615.46,2616.04
2025-05-16 18:45:00+07:00,2616.22,2624.58,2616.22,2619.78
2025-05-16 19:00:00+07:00,2619.83,2622.12,2611.34,2614.51
2025-05-16 19:15:00+07:00,2614.37,2614.37,2591.34,2598.0
2025-05-16 19:30:00+07:00,2597.95,2607.48,2597.83,2599.4
2025-05-16 19:45:00+07:00,2599.51,2602.79,2594.78,2597.23
2025-05-16 20:00:00+07:00,2597.2,2608.6,2593.09,2605.95
2025-05-16 20:15:00+07:00,2606.03,2613.66,2598.02,2598.41
2025-05-16 20:30:00+07:00,2598.31,2614.89,2592.57,2601.01
2025-05-16 20:45:00+07:00,2601.03,2608.35,2598.12,2605.03
2025-05-16 21:00:00+07:00,2605.35,2605.35,2580.26,2587.77
2025-05-16 21:15:00+07:00,2587.95,2605.57,2585.69,2595.89
2025-05-16 21:30:00+07:00,2595.91,2595.91,2572.71,2573.17
2025-05-16 21:45:00+07:00,2573.08,2585.91,2572.43,2583.57
2025-05-16 22:00:00+07:00,2583.54,2602.96,2583.5,2595.8
2025-05-16 22:15:00+07:00,2595.78,2597.38,2584.03,2585.51
2025-05-16 22:30:00+07:00,2585.62,2593.38,2583.99,2587.12
2025-05-16 22:45:00+07:00,2587.27,2594.84,2585.28,2593.88
2025-05-16 23:00:00+07:00,2593.95,2600.98,2586.73,2586.84
2025-05-16 23:15:00+07:00,2586.89,2591.91,2577.35,2580.06
2025-05-16 23:30:00+07:00,2580.08,2583.57,2568.31,2575.04
2025-05-16 23:45:00+07:00,2574.95,2586.92,2570.69,2585.42
2025-05-17 00:00:00+07:00,2585.4,2589.66,2578.72,2583.16
2025-05-17 00:15:00+07:00,2583.37,2594.11,2583.37,2588.51
2025-05-17 00:30:00+07:00,2588.52,2590.93,2576.86,2585.69
2025-05-17 00:45:00+07:00,2585.43,2587.8,2570.81,2577.04
2025-05-17 01:00:00+07:00,2577.02,2583.37,2576.07,2581.99
2025-05-17 01:15:00+07:00,2581.84,2585.4,2574.64,2577.32
2025-05-17 01:30:00+07:00,2577.3,2585.29,2574.47,2580.2
2025-05-17 01:45:00+07:00,2580.19,2591.26,2578.68,2585.3
2025-05-17 02:00:00+07:00,2585.25,2592.5,2581.46,2582.62
2025-05-17 02:15:00+07:00,2582.67,2584.9,2575.95,2583.33
2025-05-17 02:30:00+07:00,2583.21,2585.97,2581.83,2583.66
2025-05-17 02:45:00+07:00,2583.93,2592.5,2580.79,2590.93
2025-05-17 03:00:00+07:00,2590.99,2591.71,2585.74,2586.27
2025-05-17 03:15:00+07:00,2586.21,2586.21,2580.37,2582.18
2025-05-17 03:30:00+07:00,2582.16,2582.16,2563.57,2564.18
2025-05-17 03:45:00+07:00,2564.15,2572.45,2560.88,2569.72
2025-05-17 04:00:00+07:00,2569.73,2582.39,2568.32,2581.78
2025-05-17 04:15:00+07:00,2581.77,2581.77,2566.05,2567.35
2025-05-17 04:30:00+07:00,2567.4,2576.9,2548.01,2574.93
2025-05-17 04:45:00+07:00,2574.85,2576.09,2562.2,2566.26
2025-05-17 05:00:00+07:00,2566.24,2568.81,2550.08,2553.77
2025-05-17 05:15:00+07:00,2553.98,2558.12,2544.78,2547.79
2025-05-17 05:30:00+07:00,2547.73,2555.75,2547.01,2548.46
2025-05-17 05:45:00+07:00,2548.42,2550.48,2527.95,2544.7
2025-05-17 06:00:00+07:00,2544.63,2552.79,2544.33,2552.54
2025-05-17 06:15:00+07:00,2552.55,2553.76,2543.81,2551.97
2025-05-17 06:30:00+07:00,2551.82,2556.66,2549.6,2550.7
2025-05-17 06:45:00+07:00,2550.67,2550.67,2529.22,2535.83
2025-05-17 07:00:00+07:00,2535.82,2536.69,2514.47,2527.4
2025-05-17 07:15:00+07:00,2527.43,2527.43,2495.72,2499.62
2025-05-17 07:30:00+07:00,2499.35,2503.27,2482.2,2502.97
2025-05-17 07:45:00+07:00,2503.02,2509.6,2491.87,2499.75
2025-05-17 08:00:00+07:00,2499.72,2499.78,2485.03,2488.33
2025-05-17 08:15:00+07:00,2488.37,2495.45,2477.64,2495.08
2025-05-17 08:30:00+07:00,2495.05,2495.12,2479.05,2488.61
2025-05-17 08:45:00+07:00,2488.69,2488.85,2457.18,2474.6
2025-05-17 09:00:00+07:00,2474.64,2476.76,2454.97,2455.84
2025-05-17 09:15:00+07:00,2456.27,2482.84,2451.13,2482.05
2025-05-17 09:30:00+07:00,2481.93,2495.11,2481.7,2494.26
2025-05-17 09:45:00+07:00,2494.31,2501.43,2484.24,2489.26
2025-05-17 10:00:00+07:00,2489.26,2494.72,2482.13,2485.85
2025-05-17 10:15:00+07:00,2485.86,2486.45,2474.14,2485.4
2025-05-17 10:30:00+07:00,2485.38,2492.95,2481.68,2491.54
2025-05-17 10:45:00+07:00,2491.54,2496.42,2487.68,2495.74
2025-05-17 11:00:00+07:00,2495.85,2498.97,2490.37,2491.01
2025-05-17 11:15:00+07:00,2491.04,2506.85,2490.79,2504.7
2025-05-17 11:30:00+07:00,2504.71,2512.15,2500.59,2510.93
2025-05-17 11:45:00+07:00,2510.8,2510.8,2501.55,2505.1
2025-05-17 12:00:00+07:00,2505.07,2508.39,2502.04,2502.38
2025-05-17 12:15:00+07:00,2502.4,2505.23,2486.44,2494.44
2025-05-17 12:30:00+07:00,2494.39,2496.72,2486.32,2488.03
2025-05-17 12:45:00+07:00,2487.92,2487.92,2473.96,2479.23
2025-05-17 13:00:00+07:00,2479.26,2495.64,2478.99,2494.66
2025-05-17 13:15:00+07:00,2494.57,2494.91,2482.9,2484.59
2025-05-17 13:30:00+07:00,2484.63,2489.94,2481.07,2489.9
2025-05-17 13:45:00+07:00,2489.9,2493.74,2487.4,2492.09
2025-05-17 14:00:00+07:00,2492.11,2503.8,2490.92,2497.45
2025-05-17 14:15:00+07:00,2497.46,2505.25,2496.49,2503.99
2025-05-17 14:30:00+07:00,2503.92,2504.45,2486.12,2486.25
2025-05-17 14:45:00+07:00,2486.34,2491.72,2480.23,2491.72
2025-05-17 15:00:00+07:00,2491.69,2492.92,2484.13,2485.96
2025-05-17 15:15:00+07:00,2485.96,2491.81,2476.12,2490.57
2025-05-17 15:30:00+07:00,2490.61,2495.22,2484.41,2485.83
2025-05-17 15:45:00+07:00,2485.86,2488.01,2478.55,2480.18
2025-05-17 16:00:00+07:00,2480.2,2484.48,2465.41,2477.73
2025-05-17 16:15:00+07:00,2477.59,2479.28,2467.34,2474.26
2025-05-17 16:30:00+07:00,2474.27,2484.9,2473.31,2480.44
2025-05-17 16:45:00+07:00,2480.29,2485.46,2476.05,2477.46
2025-05-17 17:00:00+07:00,2477.42,2486.62,2473.65,2484.4
2025-05-17 17:15:00+07:00,2484.38,2490.63,2482.16,2487.98
2025-05-17 17:30:00+07:00,2487.93,2488.69,2476.99,2477.78
2025-05-17 17:45:00+07:00,2477.82,2485.03,2477.34,2484.95
2025-05-17 18:00:00+07:00,2484.88,2488.17,2479.07,2480.78
2025-05-17 18:15:00+07:00,2480.74,2483.97,2473.49,2475.43
2025-05-17 18:30:00+07:00,2475.45,2483.57,2475.19,2483.15
2025-05-17 18:45:00+07:00,2483.14,2486.02,2479.68,2480.66
2025-05-17 19:00:00+07:00,2480.71,2485.44,2478.47,2479.47
2025-05-17 19:15:00+07:00,2479.45,2485.84,2478.93,2481.06
2025-05-17 19:30:00+07:00,2481.06,2483.07,2476.51,2479.6
2025-05-17 19:45:00+07:00,2479.59,2479.59,2469.09,2471.38
2025-05-17 20:00:00+07:00,2471.43,2477.13,2460.23,2476.84
2025-05-17 20:15:00+07:00,2476.82,2479.43,2464.03,2468.52
2025-05-17 20:30:00+07:00,2468.55,2468.59,2451.8,2459.77
2025-05-17 20:45:00+07:00,2459.89,2461.85,2445.35,2460.6
2025-05-17 21:00:00+07:00,2460.43,2469.24,2459.98,2468.98
2025-05-17 21:15:00+07:00,2469.13,2481.18,2467.83,2479.23
2025-05-17 21:30:00+07:00,2479.12,2484.43,2471.42,2476.3
2025-05-17 21:45:00+07:00,2476.38,2485.03,2476.38,2481.49
2025-05-17 22:00:00+07:00,2481.33,2483.57,2472.2,2477.03
2025-05-17 22:15:00+07:00,2476.86,2482.5,2471.82,2479.5
2025-05-17 22:30:00+07:00,2479.53,2482.75,2476.93,2478.97
2025-05-17 22:45:00+07:00,2478.9,2478.92,2472.03,2473.39
2025-05-17 23:00:00+07:00,2473.32,2479.61,2467.38,2474.43
2025-05-17 23:15:00+07:00,2474.46,2476.47,2462.56,2467.0
2025-05-17 23:30:00+07:00,2466.88,2467.24,2450.72,2458.66
2025-05-17 23:45:00+07:00,2458.6,2466.89,2447.0,2466.84
2025-05-18 00:00:00+07:00,2466.87,2473.8,2463.77,2471.13
2025-05-18 00:15:00+07:00,2471.25,2474.6,2462.68,2473.83
2025-05-18 00:30:00+07:00,2473.84,2479.52,2470.01,2475.96
2025-05-18 00:45:00+07:00,2476.14,2476.64,2468.86,2469.23
2025-05-18 01:00:00+07:00,2469.17,2482.07,2467.99,2478.2
2025-05-18 01:15:00+07:00,2478.25,2488.14,2468.88,2482.36
2025-05-18 01:30:00+07:00,2482.38,2482.92,2470.65,2476.08
2025-05-18 01:45:00+07:00,2476.08,2476.08,2462.08,2465.94
2025-05-18 02:00:00+07:00,2465.93,2474.8,2460.72,2474.16
2025-05-18 02:15:00+07:00,2474.17,2479.44,2471.48,2473.48
2025-05-18 02:30:00+07:00,2473.47,2475.47,2467.46,2474.4
2025-05-18 02:45:00+07:00,2474.4,2474.9,2466.85,2469.21
2025-05-18 03:00:00+07:00,2468.97,2474.78,2463.42,2464.41
2025-05-18 03:15:00+07:00,2464.44,2474.69,2464.13,2472.83
2025-05-18 03:30:00+07:00,2473.06,2481.88,2472.68,2478.39
2025-05-18 03:45:00+07:00,2478.45,2495.1,2474.75,2488.12
2025-05-18 04:00:00+07:00,2488.15,2493.24,2483.31,2488.05
2025-05-18 04:15:00+07:00,2488.06,2488.72,2480.65,2482.56
2025-05-18 04:30:00+07:00,2482.59,2490.56,2482.59,2485.12
2025-05-18 04:45:00+07:00,2485.1,2485.93,2478.81,2484.92
2025-05-18 05:00:00+07:00,2484.91,2485.38,2463.02,2468.22
2025-05-18 05:15:00+07:00,2468.2,2468.48,2456.15,2457.87
2025-05-18 05:30:00+07:00,2457.85,2465.69,2451.82,2464.42
2025-05-18 05:45:00+07:00,2464.48,2465.22,2455.95,2459.29
2025-05-18 06:00:00+07:00,2459.22,2472.65,2456.2,2469.11
2025-05-18 06:15:00+07:00,2469.27,2474.77,2466.02,2474.34
2025-05-18 06:30:00+07:00,2474.34,2477.46,2470.79,2472.58
2025-05-18 06:45:00+07:00,2472.59,2474.76,2471.04,2474.27
2025-05-18 07:00:00+07:00,2474.38,2482.47,2472.4,2479.09
2025-05-18 07:15:00+07:00,2479.16,2481.06,2472.53,2476.7
2025-05-18 07:30:00+07:00,2476.75,2477.9,2471.15,2472.25
2025-05-18 07:45:00+07:00,2472.27,2485.3,2470.94,2481.87
2025-05-18 08:00:00+07:00,2481.88,2483.5,2477.11,2477.9
2025-05-18 08:15:00+07:00,2477.75,2482.99,2474.29,2475.27
2025-05-18 08:30:00+07:00,2475.27,2480.24,2472.04,2476.17
2025-05-18 08:45:00+07:00,2476.18,2486.6,2473.52,2484.31
2025-05-18 09:00:00+07:00,2484.26,2486.85,2481.69,2483.11
2025-05-18 09:15:00+07:00,2483.24,2483.95,2480.0,2482.87
2025-05-18 09:30:00+07:00,2482.89,2484.42,2475.03,2476.82
2025-05-18 09:45:00+07:00,2476.79,2483.12,2476.1,2480.19
2025-05-18 10:00:00+07:00,2480.28,2485.94,2474.51,2477.53
2025-05-18 10:15:00+07:00,2477.54,2477.68,2466.97,2467.71
2025-05-18 10:30:00+07:00,2467.65,2480.71,2467.27,2479.21
2025-05-18 10:45:00+07:00,2479.12,2480.95,2475.3,2476.36
2025-05-18 11:00:00+07:00,2476.37,2483.22,2476.35,2481.38
2025-05-18 11:15:00+07:00,2481.39,2483.47,2479.58,2481.18
2025-05-18 11:30:00+07:00,2481.18,2487.81,2480.05,2486.87
2025-05-18 11:45:00+07:00,2486.93,2488.35,2482.76,2485.03
2025-05-18 12:00:00+07:00,2485.05,2492.6,2484.63,2491.41
2025-05-18 12:15:00+07:00,2491.31,2505.84,2491.31,2501.24
2025-05-18 12:30:00+07:00,2501.27,2505.23,2494.96,2496.96
2025-05-18 12:45:00+07:00,2496.89,2514.39,2496.56,2511.36
2025-05-18 13:00:00+07:00,2511.32,2512.71,2504.89,2508.44
2025-05-18 13:15:00+07:00,2508.43,2510.71,2500.21,2503.93
2025-05-18 13:30:00+07:00,2503.69,2503.69,2493.86,2497.85
2025-05-18 13:45:00+07:00,2497.87,2498.59,2491.46,2496.46
2025-05-18 14:00:00+07:00,2496.12,2501.69,2493.65,2500.67
2025-05-18 14:15:00+07:00,2500.81,2506.37,2500.6,2505.03
2025-05-18 14:30:00+07:00,2505.03,2505.28,2500.45,2503.38
2025-05-18 14:45:00+07:00,2503.29,2510.33,2501.17,2508.0
2025-05-18 15:00:00+07:00,2508.41,2527.46,2508.41,2518.09
2025-05-18 15:15:00+07:00,2518.09,2524.81,2514.33,2524.3
2025-05-18 15:30:00+07:00,2524.28,2527.29,2516.1,2516.75
2025-05-18 15:45:00+07:00,2516.73,2519.9,2513.93,2516.27
2025-05-18 16:00:00+07:00,2516.27,2522.35,2516.27,2522.28
2025-05-18 16:15:00+07:00,2522.25,2522.25,2514.61,2516.17
2025-05-18 16:30:00+07:00,2516.15,2516.53,2504.07,2504.27
2025-05-18 16:45:00+07:00,2504.33,2509.37,2502.69,2507.06
2025-05-18 17:00:00+07:00,2507.06,2511.69,2505.09,2511.32
2025-05-18 17:15:00+07:00,2511.26,2512.3,2499.91,2500.05
2025-05-18 17:30:00+07:00,2500.1,2502.67,2497.36,2501.76
2025-05-18 17:45:00+07:00,2501.78,2504.41,2499.81,2504.27
2025-05-18 18:00:00+07:00,2504.25,2508.12,2502.95,2505.58
2025-05-18 18:15:00+07:00,2505.53,2512.46,2505.41,2507.18
2025-05-18 18:30:00+07:00,2507.2,2510.78,2501.02,2501.26
2025-05-18 18:45:00+07:00,2501.29,2505.0,2499.61,2500.54
2025-05-18 19:00:00+07:00,2500.46,2501.34,2487.47,2493.48
2025-05-18 19:15:00+07:00,2493.53,2501.29,2490.78,2500.5
2025-05-18 19:30:00+07:00,2500.54,2503.88,2499.53,2501.36
2025-05-18 19:45:00+07:00,2501.33,2507.65,2500.73,2507.3
2025-05-18 20:00:00+07:00,2507.34,2508.03,2503.41,2505.54
2025-05-18 20:15:00+07:00,2505.64,2513.26,2505.22,2510.92
2025-05-18 20:30:00+07:00,2510.93,2521.49,2509.63,2517.07
2025-05-18 20:45:00+07:00,2517.09,2544.2,2513.09,2541.21
2025-05-18 21:00:00+07:00,2541.32,2549.66,2528.23,2529.11
2025-05-18 21:15:00+07:00,2529.12,2539.67,2529.12,2535.57
2025-05-18 21:30:00+07:00,2535.63,2554.16,2534.34,2549.96
2025-05-18 21:45:00+07:00,2549.82,2568.72,2549.07,2557.14
2025-05-18 22:00:00+07:00,2557.15,2560.25,2547.26,2558.74
2025-05-18 22:15:00+07:00,2558.74,2567.35,2554.52,2560.92
2025-05-18 22:30:00+07:00,2560.94,2571.38,2556.72,2568.01
2025-05-18 22:45:00+07:00,2567.97,2586.67,2565.86,2578.27
2025-05-18 23:00:00+07:00,2578.33,2583.27,2571.55,2572.28
2025-05-18 23:15:00+07:00,2572.29,2574.73,2553.55,2563.53
2025-05-18 23:30:00+07:00,2563.5,2573.48,2557.34,2569.46
2025-05-18 23:45:00+07:00,2569.55,2582.38,2565.77,2572.92
2025-05-19 00:00:00+07:00,2572.95,2574.71,2564.21,2570.25
2025-05-19 00:15:00+07:00,2570.22,2570.62,2511.4,2540.39
2025-05-19 00:30:00+07:00,2540.34,2546.21,2521.38,2529.8
2025-05-19 00:45:00+07:00,2529.76,2530.39,2481.76,2488.81
2025-05-19 01:00:00+07:00,2488.42,2495.16,2453.21,2472.55
2025-05-19 01:15:00+07:00,2472.75,2476.77,2449.01,2476.56
2025-05-19 01:30:00+07:00,2476.43,2476.43,2462.18,2470.84
2025-05-19 01:45:00+07:00,2470.82,2475.17,2454.38,2461.73
2025-05-19 02:00:00+07:00,2461.72,2466.6,2458.2,2463.01
2025-05-19 02:15:00+07:00,2463.16,2470.29,2456.79,2466.18
2025-05-19 02:30:00+07:00,2466.17,2466.17,2422.26,2431.51
2025-05-19 02:45:00+07:00,2431.46,2435.23,2401.94,2406.9
2025-05-19 03:00:00+07:00,2406.87,2406.87,2315.29,2367.12
2025-05-19 03:15:00+07:00,2367.1,2381.6,2364.29,2378.05
2025-05-19 03:30:00+07:00,2377.47,2395.87,2370.0,2395.83
2025-05-19 03:45:00+07:00,2395.71,2404.91,2384.88,2392.39
2025-05-19 04:00:00+07:00,2392.43,2409.94,2391.57,2404.36
2025-05-19 04:15:00+07:00,2404.51,2421.63,2400.7,2420.56
2025-05-19 04:30:00+07:00,2420.41,2432.28,2410.73,2425.34
2025-05-19 04:45:00+07:00,2425.3,2428.01,2396.27,2405.93
2025-05-19 05:00:00+07:00,2405.85,2408.27,2379.35,2389.05
2025-05-19 05:15:00+07:00,2388.7,2417.08,2374.86,2415.08
2025-05-19 05:30:00+07:00,2414.77,2437.74,2413.51,2428.97
2025-05-19 05:45:00+07:00,2428.68,2455.52,2428.17,2453.92
2025-05-19 06:00:00+07:00,2453.83,2453.98,2435.24,2439.98
2025-05-19 06:15:00+07:00,2440.12,2452.19,2435.04,2451.04
2025-05-19 06:30:00+07:00,2451.09,2456.74,2446.73,2454.87
2025-05-19 06:45:00+07:00,2454.92,2510.27,2451.05,2496.78
2025-05-19 07:00:00+07:00,2496.91,2512.35,2473.48,2479.9
2025-05-19 07:15:00+07:00,2479.75,2482.72,2450.65,2450.76
2025-05-19 07:30:00+07:00,2450.81,2455.35,2427.45,2442.57
2025-05-19 07:45:00+07:00,2442.6,2449.21,2429.01,2442.1
2025-05-19 08:00:00+07:00,2442.14,2449.54,2422.65,2429.91
2025-05-19 08:15:00+07:00,2429.93,2438.57,2413.69,2432.37
2025-05-19 08:30:00+07:00,2432.38,2440.96,2420.99,2425.3
2025-05-19 08:45:00+07:00,2425.41,2437.23,2423.28,2427.63
2025-05-19 09:00:00+07:00,2427.6,2434.5,2396.83,2397.91
2025-05-19 09:15:00+07:00,2398.02,2409.84,2391.2,2408.18
2025-05-19 09:30:00+07:00,2408.21,2416.68,2405.1,2407.96
2025-05-19 09:45:00+07:00,2408.02,2409.43,2396.53,2400.29
2025-05-19 10:00:00+07:00,2400.3,2403.77,2383.43,2384.97
2025-05-19 10:15:00+07:00,2384.92,2398.49,2382.05,2391.2
2025-05-19 10:30:00+07:00,2391.16,2394.89,2380.75,2382.33
2025-05-19 10:45:00+07:00,2382.38,2390.18,2378.33,2384.14
2025-05-19 11:00:00+07:00,2384.3,2404.11,2379.82,2400.19
2025-05-19 11:15:00+07:00,2400.25,2402.42,2387.77,2393.17
2025-05-19 11:30:00+07:00,2393.14,2397.43,2363.69,2377.55
2025-05-19 11:45:00+07:00,2377.68,2379.41,2350.88,2364.75
2025-05-19 12:00:00+07:00,2364.75,2377.41,2356.34,2375.33
2025-05-19 12:15:00+07:00,2375.32,2379.25,2369.79,2376.31
2025-05-19 12:30:00+07:00,2376.42,2385.32,2365.36,2379.71
2025-05-19 12:45:00+07:00,2379.6,2380.82,2371.52,2377.75
2025-05-19 13:00:00+07:00,2377.67,2397.1,2372.69,2393.2
2025-05-19 13:15:00+07:00,2393.21,2393.21,2379.37,2386.21
2025-05-19 13:30:00+07:00,2386.38,2386.58,2363.02,2370.12
2025-05-19 13:45:00+07:00,2370.22,2373.02,2347.66,2352.89
2025-05-19 14:00:00+07:00,2352.93,2397.38,2350.74,2391.92
2025-05-19 14:15:00+07:00,2391.84,2411.98,2390.54,2397.36
2025-05-19 14:30:00+07:00,2397.32,2409.22,2396.47,2407.45
2025-05-19 14:45:00+07:00,2407.36,2408.87,2399.04,2402.52
2025-05-19 15:00:00+07:00,2402.5,2409.04,2389.1,2408.42
2025-05-19 15:15:00+07:00,2408.32,2421.78,2403.7,2405.08
2025-05-19 15:30:00+07:00,2404.9,2406.49,2393.78,2396.49
2025-05-19 15:45:00+07:00,2396.45,2408.0,2395.24,2403.95
2025-05-19 16:00:00+07:00,2403.99,2411.61,2389.54,2400.05
2025-05-19 16:15:00+07:00,2399.99,2409.12,2398.47,2406.87
2025-05-19 16:30:00+07:00,2406.91,2414.65,2406.6,2413.11
2025-05-19 16:45:00+07:00,2413.13,2413.19,2404.12,2404.19
2025-05-19 17:00:00+07:00,2404.13,2405.85,2391.98,2396.24
2025-05-19 17:15:00+07:00,2396.25,2408.69,2395.78,2407.37
2025-05-19 17:30:00+07:00,2407.53,2411.01,2400.55,2409.34
2025-05-19 17:45:00+07:00,2409.43,2418.38,2407.3,2408.88
2025-05-19 18:00:00+07:00,2408.9,2414.49,2406.21,2409.38
2025-05-19 18:15:00+07:00,2409.43,2417.42,2408.71,2412.77
2025-05-19 18:30:00+07:00,2412.75,2419.88,2408.07,2419.07
2025-05-19 18:45:00+07:00,2419.05,2421.33,2416.28,2416.5
2025-05-19 19:00:00+07:00,2416.56,2420.23,2395.22,2399.92
2025-05-19 19:15:00+07:00,2400.1,2404.94,2391.21,2403.49
2025-05-19 19:30:00+07:00,2403.54,2403.66,2384.15,2399.56
2025-05-19 19:45:00+07:00,2399.54,2400.5,2388.75,2400.05
2025-05-19 20:00:00+07:00,2400.18,2407.11,2394.2,2395.44
2025-05-19 20:15:00+07:00,2395.25,2405.98,2393.57,2402.45
2025-05-19 20:30:00+07:00,2402.44,2439.86,2395.05,2432.28
2025-05-19 20:45:00+07:00,2432.37,2441.69,2424.74,2426.29
2025-05-19 21:00:00+07:00,2426.32,2436.96,2417.09,2427.43
2025-05-19 21:15:00+07:00,2427.42,2447.85,2427.05,2433.15
2025-05-19 21:30:00+07:00,2433.17,2448.43,2432.0,2444.63
2025-05-19 21:45:00+07:00,2444.65,2453.48,2444.12,2446.18
2025-05-19 22:00:00+07:00,2446.15,2459.28,2442.06,2453.66
2025-05-19 22:15:00+07:00,2453.52,2458.43,2447.0,2448.29
2025-05-19 22:30:00+07:00,2448.18,2465.45,2447.12,2465.39
2025-05-19 22:45:00+07:00,2465.46,2472.54,2458.07,2465.54
2025-05-19 23:00:00+07:00,2465.58,2467.19,2449.55,2454.95
2025-05-19 23:15:00+07:00,2454.99,2471.76,2454.61,2470.96
2025-05-19 23:30:00+07:00,2470.88,2476.47,2462.75,2475.92
2025-05-19 23:45:00+07:00,2475.9,2509.11,2474.5,2508.85
2025-05-20 00:00:00+07:00,2508.78,2546.57,2506.36,2517.68
2025-05-20 00:15:00+07:00,2517.66,2534.49,2515.81,2527.23
2025-05-20 00:30:00+07:00,2527.18,2530.22,2511.75,2516.15
2025-05-20 00:45:00+07:00,2516.18,2520.84,2500.93,2504.22
2025-05-20 01:00:00+07:00,2504.0,2514.98,2500.42,2510.55
2025-05-20 01:15:00+07:00,2510.52,2518.07,2494.39,2497.96
2025-05-20 01:30:00+07:00,2497.92,2500.56,2473.67,2495.34
2025-05-20 01:45:00+07:00,2495.38,2499.08,2483.26,2488.86
2025-05-20 02:00:00+07:00,2488.97,2493.14,2478.59,2491.89
2025-05-20 02:15:00+07:00,2491.87,2507.11,2488.67,2497.34
2025-05-20 02:30:00+07:00,2497.36,2524.04,2497.34,2516.3
2025-05-20 02:45:00+07:00,2516.21,2524.41,2511.86,2518.76
2025-05-20 03:00:00+07:00,2517.89,2521.24,2505.66,2507.16
2025-05-20 03:15:00+07:00,2507.21,2528.35,2507.21,2524.65
2025-05-20 03:30:00+07:00,2524.63,2530.9,2518.25,2523.63
2025-05-20 03:45:00+07:00,2523.64,2533.87,2517.83,2519.66
2025-05-20 04:00:00+07:00,2519.68,2520.58,2509.85,2518.93
2025-05-20 04:15:00+07:00,2518.95,2519.08,2502.02,2503.47
2025-05-20 04:30:00+07:00,2503.52,2513.55,2503.52,2511.32
2025-05-20 04:45:00+07:00,2511.35,2524.09,2511.35,2521.64
2025-05-20 05:00:00+07:00,2521.63,2521.63,2498.13,2499.04
2025-05-20 05:15:00+07:00,2499.11,2504.14,2491.6,2492.21
2025-05-20 05:30:00+07:00,2492.29,2501.57,2492.21,2500.97
2025-05-20 05:45:00+07:00,2500.95,2503.61,2496.63,2503.34
2025-05-20 06:00:00+07:00,2503.29,2517.39,2500.04,2513.17
2025-05-20 06:15:00+07:00,2513.18,2520.72,2513.18,2517.1
2025-05-20 06:30:00+07:00,2517.09,2530.94,2515.43,2529.51
2025-05-20 06:45:00+07:00,2529.59,2532.83,2525.81,2527.02
2025-05-20 07:00:00+07:00,2527.09,2544.84,2522.58,2542.65
2025-05-20 07:15:00+07:00,2542.63,2563.4,2528.7,2530.85
2025-05-20 07:30:00+07:00,2530.92,2537.7,2520.69,2525.64
2025-05-20 07:45:00+07:00,2525.61,2527.66,2510.2,2514.25
2025-05-20 08:00:00+07:00,2514.22,2522.45,2509.43,2517.58
2025-05-20 08:15:00+07:00,2517.57,2530.94,2514.33,2529.07
2025-05-20 08:30:00+07:00,2529.05,2545.86,2527.91,2537.0
2025-05-20 08:45:00+07:00,2536.55,2549.07,2532.48,2539.5
2025-05-20 09:00:00+07:00,2539.53,2560.53,2538.77,2560.35
2025-05-20 09:15:00+07:00,2560.33,2582.38,2555.47,2564.99
2025-05-20 09:30:00+07:00,2565.1,2587.11,2565.04,2574.67
2025-05-20 09:45:00+07:00,2574.55,2580.67,2559.28,2565.92
2025-05-20 10:00:00+07:00,2565.87,2578.91,2558.8,2575.1
2025-05-20 10:15:00+07:00,2575.07,2577.74,2559.3,2560.09
2025-05-20 10:30:00+07:00,2560.11,2560.99,2545.46,2550.2
2025-05-20 10:45:00+07:00,2550.24,2555.21,2542.76,2552.18
2025-05-20 11:00:00+07:00,2552.22,2554.86,2543.76,2551.92
2025-05-20 11:15:00+07:00,2551.98,2552.51,2545.55,2547.14
2025-05-20 11:30:00+07:00,2547.18,2556.83,2546.62,2554.02
2025-05-20 11:45:00+07:00,2554.04,2576.83,2554.04,2570.15
2025-05-20 12:00:00+07:00,2570.22,2575.39,2565.95,2569.99
2025-05-20 12:15:00+07:00,2570.17,2575.47,2567.86,2569.88
2025-05-20 12:30:00+07:00,2569.8,2571.81,2563.13,2564.57
2025-05-20 12:45:00+07:00,2564.54,2566.16,2555.43,2558.32
2025-05-20 13:00:00+07:00,2558.29,2560.73,2543.87,2544.13
2025-05-20 13:15:00+07:00,2544.16,2550.14,2533.84,2538.27
2025-05-20 13:30:00+07:00,2538.19,2544.33,2533.43,2540.88
2025-05-20 13:45:00+07:00,2540.85,2549.87,2539.84,2542.91
2025-05-20 14:00:00+07:00,2542.93,2546.1,2521.82,2541.88
2025-05-20 14:15:00+07:00,2541.96,2543.31,2532.35,2539.25
2025-05-20 14:30:00+07:00,2539.26,2542.53,2526.99,2528.57
2025-05-20 14:45:00+07:00,2528.55,2532.86,2520.83,2531.46
2025-05-20 15:00:00+07:00,2531.28,2538.46,2522.52,2524.12
2025-05-20 15:15:00+07:00,2524.32,2531.76,2520.93,2523.04
2025-05-20 15:30:00+07:00,2523.06,2534.47,2521.66,2533.78
2025-05-20 15:45:00+07:00,2533.76,2539.07,2528.74,2533.4
2025-05-20 16:00:00+07:00,2533.4,2538.81,2529.61,2532.87
2025-05-20 16:15:00+07:00,2532.91,2534.77,2524.64,2527.85
2025-05-20 16:30:00+07:00,2528.15,2536.21,2526.76,2532.82
2025-05-20 16:45:00+07:00,2532.77,2533.55,2523.56,2525.32
2025-05-20 17:00:00+07:00,2525.35,2532.11,2515.31,2520.73
2025-05-20 17:15:00+07:00,2520.97,2522.7,2512.63,2515.59
2025-05-20 17:30:00+07:00,2515.58,2516.26,2506.57,2515.64
2025-05-20 17:45:00+07:00,2515.66,2517.35,2508.02,2514.98
2025-05-20 18:00:00+07:00,2515.01,2516.16,2501.27,2503.42
2025-05-20 18:15:00+07:00,2503.59,2507.92,2491.58,2507.41
2025-05-20 18:30:00+07:00,2507.46,2518.69,2507.46,2515.1
2025-05-20 18:45:00+07:00,2515.03,2515.57,2508.57,2513.26
2025-05-20 19:00:00+07:00,2513.25,2514.29,2500.12,2506.05
2025-05-20 19:15:00+07:00,2506.03,2510.58,2494.27,2496.06
2025-05-20 19:30:00+07:00,2496.09,2499.25,2477.7,2486.51
2025-05-20 19:45:00+07:00,2486.41,2490.57,2479.15,2483.47
2025-05-20 20:00:00+07:00,2483.48,2491.34,2480.24,2480.65
2025-05-20 20:15:00+07:00,2480.68,2489.57,2478.77,2482.28
2025-05-20 20:30:00+07:00,2482.29,2486.43,2466.79,2471.56
2025-05-20 20:45:00+07:00,2471.58,2480.75,2463.27,2474.47
2025-05-20 21:00:00+07:00,2474.41,2482.75,2466.06,2468.85
2025-05-20 21:15:00+07:00,2469.18,2488.97,2466.66,2472.34
2025-05-20 21:30:00+07:00,2472.3,2478.59,2465.26,2477.24
2025-05-20 21:45:00+07:00,2477.27,2483.08,2467.49,2467.84
2025-05-20 22:00:00+07:00,2467.8,2477.75,2466.76,2476.1
2025-05-20 22:15:00+07:00,2476.07,2484.87,2467.84,2484.86
2025-05-20 22:30:00+07:00,2484.95,2491.41,2480.09,2480.8
2025-05-20 22:45:00+07:00,2480.72,2485.75,2475.55,2481.57
2025-05-20 23:00:00+07:00,2481.54,2489.18,2471.69,2474.29
2025-05-20 23:15:00+07:00,2474.33,2482.47,2467.86,2472.16
2025-05-20 23:30:00+07:00,2472.12,2482.75,2471.49,2479.55
2025-05-20 23:45:00+07:00,2479.6,2482.5,2473.0,2473.83
2025-05-21 00:00:00+07:00,2473.88,2497.16,2473.18,2494.57
2025-05-21 00:15:00+07:00,2494.16,2496.9,2485.4,2493.23
2025-05-21 00:30:00+07:00,2493.17,2495.51,2482.11,2493.26
2025-05-21 00:45:00+07:00,2493.42,2507.78,2492.16,2496.75
2025-05-21 01:00:00+07:00,2496.17,2503.26,2492.68,2498.48
2025-05-21 01:15:00+07:00,2498.47,2499.87,2468.76,2471.07
2025-05-21 01:30:00+07:00,2471.05,2483.73,2466.09,2470.62
2025-05-21 01:45:00+07:00,2470.6,2471.62,2442.21,2451.7
2025-05-21 02:00:00+07:00,2451.62,2466.52,2446.61,2465.77
2025-05-21 02:15:00+07:00,2465.82,2481.49,2459.52,2479.4
2025-05-21 02:30:00+07:00,2479.47,2490.05,2478.86,2486.59
2025-05-21 02:45:00+07:00,2486.62,2510.54,2486.62,2499.9
2025-05-21 03:00:00+07:00,2500.2,2508.91,2483.97,2498.82
2025-05-21 03:15:00+07:00,2498.75,2509.18,2492.96,2501.52
2025-05-21 03:30:00+07:00,2501.54,2515.54,2501.54,2506.54
2025-05-21 03:45:00+07:00,2506.64,2522.65,2506.64,2512.54
2025-05-21 04:00:00+07:00,2512.57,2525.45,2500.31,2502.14
2025-05-21 04:15:00+07:00,2502.29,2511.92,2495.16,2496.59
2025-05-21 04:30:00+07:00,2496.57,2505.22,2489.17,2504.6
2025-05-21 04:45:00+07:00,2504.66,2515.87,2503.79,2509.32
2025-05-21 05:00:00+07:00,2509.3,2514.96,2500.44,2502.5
2025-05-21 05:15:00+07:00,2502.44,2504.18,2487.27,2500.81
2025-05-21 05:30:00+07:00,2500.8,2509.18,2494.02,2509.06
2025-05-21 05:45:00+07:00,2509.13,2516.82,2505.15,2515.35
2025-05-21 06:00:00+07:00,2515.43,2532.61,2512.58,2531.34
2025-05-21 06:15:00+07:00,2531.32,2540.08,2525.93,2527.69
2025-05-21 06:30:00+07:00,2527.64,2529.77,2515.75,2517.08
2025-05-21 06:45:00+07:00,2517.12,2526.1,2513.35,2523.1
2025-05-21 07:00:00+07:00,2523.15,2531.87,2520.32,2531.83
2025-05-21 07:15:00+07:00,2531.76,2533.22,2518.07,2529.74
2025-05-21 07:30:00+07:00,2529.66,2536.71,2520.8,2525.87
2025-05-21 07:45:00+07:00,2525.83,2534.32,2524.57,2528.85
2025-05-21 08:00:00+07:00,2528.86,2544.58,2525.07,2536.81
2025-05-21 08:15:00+07:00,2536.95,2539.25,2529.11,2534.1
2025-05-21 08:30:00+07:00,2534.15,2547.61,2531.91,2540.26
2025-05-21 08:45:00+07:00,2540.25,2544.26,2531.58,2532.96
2025-05-21 09:00:00+07:00,2533.0,2534.42,2507.88,2519.39
2025-05-21 09:15:00+07:00,2519.4,2523.65,2513.31,2521.56
2025-05-21 09:30:00+07:00,2521.58,2535.44,2520.53,2533.29
2025-05-21 09:45:00+07:00,2533.34,2539.6,2528.55,2538.4
2025-05-21 10:00:00+07:00,2538.37,2542.5,2533.92,2540.65
2025-05-21 10:15:00+07:00,2540.76,2546.29,2535.93,2544.73
2025-05-21 10:30:00+07:00,2544.72,2553.68,2543.14,2547.46
2025-05-21 10:45:00+07:00,2547.37,2551.96,2540.28,2543.86
2025-05-21 11:00:00+07:00,2543.84,2550.63,2540.3,2544.67
2025-05-21 11:15:00+07:00,2544.67,2545.39,2537.9,2539.73
2025-05-21 11:30:00+07:00,2539.9,2560.46,2533.47,2554.66
2025-05-21 11:45:00+07:00,2554.52,2556.69,2546.17,2549.65
2025-05-21 12:00:00+07:00,2549.63,2565.65,2549.39,2562.81
2025-05-21 12:15:00+07:00,2562.84,2594.29,2562.78,2579.49
2025-05-21 12:30:00+07:00,2579.48,2593.15,2579.48,2585.83
2025-05-21 12:45:00+07:00,2585.86,2599.33,2579.9,2592.62
2025-05-21 13:00:00+07:00,2592.53,2598.39,2583.33,2588.65
2025-05-21 13:15:00+07:00,2588.66,2605.05,2581.25,2600.49
2025-05-21 13:30:00+07:00,2600.43,2615.37,2592.96,2602.03
2025-05-21 13:45:00+07:00,2602.02,2608.84,2593.5,2596.37
2025-05-21 14:00:00+07:00,2596.77,2600.01,2567.94,2571.35
2025-05-21 14:15:00+07:00,2571.22,2572.12,2542.83,2556.74
2025-05-21 14:30:00+07:00,2556.75,2563.84,2545.64,2552.12
2025-05-21 14:45:00+07:00,2552.12,2560.58,2547.24,2550.85
2025-05-21 15:00:00+07:00,2550.84,2561.4,2549.39,2559.46
2025-05-21 15:15:00+07:00,2559.44,2559.53,2546.25,2551.61
2025-05-21 15:30:00+07:00,2551.57,2552.05,2537.19,2542.79
2025-05-21 15:45:00+07:00,2542.53,2544.88,2534.85,2537.19
2025-05-21 16:00:00+07:00,2537.22,2544.09,2525.68,2532.96
2025-05-21 16:15:00+07:00,2533.03,2533.35,2522.87,2526.48
2025-05-21 16:30:00+07:00,2526.45,2531.16,2517.45,2518.77
2025-05-21 16:45:00+07:00,2518.82,2524.53,2516.73,2523.12
2025-05-21 17:00:00+07:00,2522.97,2531.33,2518.32,2529.34
2025-05-21 17:15:00+07:00,2529.23,2530.01,2514.55,2518.64
2025-05-21 17:30:00+07:00,2518.67,2527.94,2517.79,2527.24
2025-05-21 17:45:00+07:00,2527.16,2529.36,2524.76,2527.82
2025-05-21 18:00:00+07:00,2527.96,2542.1,2527.11,2539.47
2025-05-21 18:15:00+07:00,2539.46,2555.11,2537.83,2550.73
2025-05-21 18:30:00+07:00,2550.78,2552.03,2543.98,2545.83
2025-05-21 18:45:00+07:00,2545.76,2546.21,2533.37,2536.02
2025-05-21 19:00:00+07:00,2536.04,2536.85,2525.28,2531.27
2025-05-21 19:15:00+07:00,2531.28,2549.15,2531.28,2547.3
2025-05-21 19:30:00+07:00,2547.02,2547.02,2535.86,2538.61
2025-05-21 19:45:00+07:00,2538.59,2541.73,2534.32,2538.14
2025-05-21 20:00:00+07:00,2538.2,2540.23,2521.06,2523.02
2025-05-21 20:15:00+07:00,2523.06,2531.34,2521.26,2528.4
2025-05-21 20:30:00+07:00,2528.51,2554.08,2528.01,2550.46
2025-05-21 20:45:00+07:00,2550.46,2558.2,2542.69,2545.65
2025-05-21 21:00:00+07:00,2545.71,2556.34,2541.93,2547.13
2025-05-21 21:15:00+07:00,2547.17,2561.8,2546.01,2546.9
2025-05-21 21:30:00+07:00,2546.88,2552.46,2530.78,2550.5
2025-05-21 21:45:00+07:00,2550.49,2580.07,2546.72,2579.68
2025-05-21 22:00:00+07:00,2579.58,2581.31,2556.36,2563.94
2025-05-21 22:15:00+07:00,2564.07,2576.9,2561.15,2570.05
2025-05-21 22:30:00+07:00,2569.9,2576.21,2541.78,2559.25
2025-05-21 22:45:00+07:00,2559.31,2570.61,2551.66,2565.86
2025-05-21 23:00:00+07:00,2565.98,2570.35,2553.8,2570.31
2025-05-21 23:15:00+07:00,2570.34,2584.67,2569.84,2578.3
2025-05-21 23:30:00+07:00,2578.32,2614.19,2577.86,2613.35
2025-05-21 23:45:00+07:00,2613.56,2614.52,2583.34,2585.34
2025-05-22 00:00:00+07:00,2585.36,2595.01,2557.95,2565.98
2025-05-22 00:15:00+07:00,2565.96,2568.31,2472.28,2476.06
2025-05-22 00:30:00+07:00,2476.88,2514.61,2456.4,2475.77
2025-05-22 00:45:00+07:00,2475.94,2498.03,2451.01,2470.36
2025-05-22 01:00:00+07:00,2470.51,2493.83,2457.57,2480.18
2025-05-22 01:15:00+07:00,2480.1,2491.26,2470.04,2472.26
2025-05-22 01:30:00+07:00,2472.37,2495.89,2471.69,2494.25
2025-05-22 01:45:00+07:00,2494.28,2495.18,2471.04,2473.38
2025-05-22 02:00:00+07:00,2473.44,2486.96,2462.06,2470.31
2025-05-22 02:15:00+07:00,2470.34,2480.91,2463.15,2480.91
2025-05-22 02:30:00+07:00,2481.02,2505.81,2480.71,2500.89
2025-05-22 02:45:00+07:00,2500.88,2516.53,2495.59,2511.21
2025-05-22 03:00:00+07:00,2511.07,2511.59,2496.82,2499.52
2025-05-22 03:15:00+07:00,2499.61,2509.84,2496.87,2506.96
2025-05-22 03:30:00+07:00,2507.01,2508.79,2495.58,2497.75
2025-05-22 03:45:00+07:00,2497.76,2507.67,2485.74,2507.63
2025-05-22 04:00:00+07:00,2507.64,2519.37,2497.67,2513.32
2025-05-22 04:15:00+07:00,2513.22,2513.73,2500.05,2500.07
2025-05-22 04:30:00+07:00,2500.03,2510.01,2496.6,2507.27
2025-05-22 04:45:00+07:00,2507.35,2511.12,2500.37,2503.54
2025-05-22 05:00:00+07:00,2503.41,2509.41,2498.85,2502.3
2025-05-22 05:15:00+07:00,2502.38,2519.22,2501.72,2518.82
2025-05-22 05:30:00+07:00,2518.74,2528.09,2515.37,2520.21
2025-05-22 05:45:00+07:00,2520.24,2541.25,2516.65,2534.51
2025-05-22 06:00:00+07:00,2534.52,2540.86,2523.74,2538.6
2025-05-22 06:15:00+07:00,2538.58,2597.46,2536.57,2555.46
2025-05-22 06:30:00+07:00,2555.65,2573.93,2552.71,2559.73
2025-05-22 06:45:00+07:00,2559.59,2564.41,2540.54,2549.86
2025-05-22 07:00:00+07:00,2550.07,2563.79,2543.57,2557.01
2025-05-22 07:15:00+07:00,2557.13,2580.5,2551.49,2569.17
2025-05-22 07:30:00+07:00,2569.14,2576.38,2553.98,2559.56
2025-05-22 07:45:00+07:00,2559.53,2586.97,2559.53,2585.02
2025-05-22 08:00:00+07:00,2585.16,2602.36,2577.9,2592.46
2025-05-22 08:15:00+07:00,2592.49,2599.73,2585.13,2591.36
2025-05-22 08:30:00+07:00,2591.29,2598.27,2571.51,2574.29
2025-05-22 08:45:00+07:00,2574.36,2580.71,2560.37,2573.7
2025-05-22 09:00:00+07:00,2573.7,2587.9,2573.33,2582.74
2025-05-22 09:15:00+07:00,2582.76,2597.87,2578.08,2589.78
2025-05-22 09:30:00+07:00,2589.66,2602.19,2585.01,2589.58
2025-05-22 09:45:00+07:00,2589.67,2598.13,2587.24,2593.54
2025-05-22 10:00:00+07:00,2593.58,2596.96,2584.31,2592.33
2025-05-22 10:15:00+07:00,2592.34,2608.46,2586.91,2608.31
2025-05-22 10:30:00+07:00,2608.27,2637.76,2600.16,2634.57
2025-05-22 10:45:00+07:00,2634.61,2647.07,2627.25,2628.44
2025-05-22 11:00:00+07:00,2628.45,2633.96,2613.0,2620.91
2025-05-22 11:15:00+07:00,2620.75,2625.73,2613.85,2621.43
2025-05-22 11:30:00+07:00,2621.34,2634.96,2613.96,2634.68
2025-05-22 11:45:00+07:00,2634.73,2637.65,2624.37,2627.4
2025-05-22 12:00:00+07:00,2627.33,2635.54,2619.47,2624.54
2025-05-22 12:15:00+07:00,2624.56,2646.72,2624.56,2643.14
2025-05-22 12:30:00+07:00,2643.11,2643.37,2632.4,2636.13
2025-05-22 12:45:00+07:00,2636.07,2636.64,2605.42,2608.52
2025-05-22 13:00:00+07:00,2608.63,2617.4,2601.48,2613.51
2025-05-22 13:15:00+07:00,2613.58,2613.81,2601.82,2609.57
2025-05-22 13:30:00+07:00,2609.59,2618.18,2604.33,2617.51
2025-05-22 13:45:00+07:00,2617.5,2622.46,2604.52,2608.65
2025-05-22 14:00:00+07:00,2608.69,2622.43,2603.43,2621.5
2025-05-22 14:15:00+07:00,2621.32,2637.95,2612.06,2615.26
2025-05-22 14:30:00+07:00,2615.15,2636.9,2612.13,2627.61
2025-05-22 14:45:00+07:00,2627.62,2634.33,2623.94,2633.81
2025-05-22 15:00:00+07:00,2634.46,2644.4,2626.4,2642.95
2025-05-22 15:15:00+07:00,2642.89,2680.96,2641.82,2664.22
2025-05-22 15:30:00+07:00,2664.32,2668.97,2652.24,2659.69
2025-05-22 15:45:00+07:00,2659.66,2666.11,2654.31,2662.72
2025-05-22 16:00:00+07:00,2662.71,2677.86,2660.91,2670.74
2025-05-22 16:15:00+07:00,2670.72,2692.29,2669.92,2691.36
2025-05-22 16:30:00+07:00,2691.45,2691.61,2664.32,2665.67
2025-05-22 16:45:00+07:00,2665.72,2668.66,2658.95,2663.97
2025-05-22 17:00:00+07:00,2664.43,2665.49,2651.41,2663.6
2025-05-22 17:15:00+07:00,2663.84,2678.32,2659.48,2668.34
2025-05-22 17:30:00+07:00,2668.31,2673.61,2656.88,2660.64
2025-05-22 17:45:00+07:00,2660.64,2662.55,2651.67,2655.95
2025-05-22 18:00:00+07:00,2655.81,2659.77,2642.36,2649.94
2025-05-22 18:15:00+07:00,2649.96,2654.05,2634.34,2638.61
2025-05-22 18:30:00+07:00,2638.92,2651.58,2638.02,2651.58
2025-05-22 18:45:00+07:00,2651.58,2663.28,2648.36,2650.03
2025-05-22 19:00:00+07:00,2649.86,2661.91,2643.28,2643.81
2025-05-22 19:15:00+07:00,2643.8,2655.11,2641.13,2645.33
2025-05-22 19:30:00+07:00,2645.48,2657.35,2638.27,2651.53
2025-05-22 19:45:00+07:00,2651.48,2660.81,2650.3,2656.88
2025-05-22 20:00:00+07:00,2656.9,2658.6,2640.57,2643.75
2025-05-22 20:15:00+07:00,2643.76,2653.73,2638.69,2651.45
2025-05-22 20:30:00+07:00,2651.46,2659.97,2621.5,2642.32
2025-05-22 20:45:00+07:00,2642.29,2651.79,2632.62,2643.13
2025-05-22 21:00:00+07:00,2643.14,2667.57,2643.14,2650.48
2025-05-22 21:15:00+07:00,2650.36,2663.64,2646.27,2662.51
2025-05-22 21:30:00+07:00,2662.53,2675.67,2655.13,2663.52
2025-05-22 21:45:00+07:00,2663.44,2672.66,2652.93,2665.52
2025-05-22 22:00:00+07:00,2665.58,2669.22,2657.94,2663.82
2025-05-22 22:15:00+07:00,2663.79,2674.52,2660.81,2668.89
2025-05-22 22:30:00+07:00,2668.76,2679.49,2667.49,2675.63
2025-05-22 22:45:00+07:00,2675.65,2676.86,2659.94,2663.32
2025-05-22 23:00:00+07:00,2663.39,2671.1,2661.54,2670.03
2025-05-22 23:15:00+07:00,2670.12,2675.51,2650.43,2650.43
2025-05-22 23:30:00+07:00,2650.41,2659.29,2634.58,2656.16
2025-05-22 23:45:00+07:00,2656.22,2656.78,2640.45,2645.15
2025-05-23 00:00:00+07:00,2645.17,2659.96,2641.87,2657.03
2025-05-23 00:15:00+07:00,2657.02,2673.56,2655.71,2661.89
2025-05-23 00:30:00+07:00,2661.92,2665.65,2657.02,2660.67
2025-05-23 00:45:00+07:00,2660.51,2661.45,2650.4,2658.36
2025-05-23 01:00:00+07:00,2658.28,2658.92,2646.85,2654.63
2025-05-23 01:15:00+07:00,2654.64,2664.68,2654.64,2664.17
2025-05-23 01:30:00+07:00,2664.33,2669.84,2658.77,2660.25
2025-05-23 01:45:00+07:00,2660.27,2664.21,2657.15,2657.83
2025-05-23 02:00:00+07:00,2657.82,2660.66,2648.17,2657.89
2025-05-23 02:15:00+07:00,2657.86,2657.86,2649.61,2652.48
2025-05-23 02:30:00+07:00,2652.6,2654.14,2635.13,2638.05
2025-05-23 02:45:00+07:00,2638.03,2638.03,2625.22,2633.58
2025-05-23 03:00:00+07:00,2634.02,2648.4,2631.21,2645.34
2025-05-23 03:15:00+07:00,2645.36,2645.59,2633.44,2636.37
2025-05-23 03:30:00+07:00,2636.43,2643.07,2628.81,2641.06
2025-05-23 03:45:00+07:00,2641.08,2647.3,2636.68,2640.04
2025-05-23 04:00:00+07:00,2639.97,2639.97,2633.02,2637.17
2025-05-23 04:15:00+07:00,2637.15,2642.15,2627.92,2630.75
2025-05-23 04:30:00+07:00,2630.09,2636.28,2627.05,2635.3
2025-05-23 04:45:00+07:00,2635.31,2637.85,2628.03,2635.06
2025-05-23 05:00:00+07:00,2635.09,2648.74,2634.72,2645.07
2025-05-23 05:15:00+07:00,2645.05,2651.35,2641.56,2643.77
2025-05-23 05:30:00+07:00,2643.79,2650.34,2642.58,2645.51
2025-05-23 05:45:00+07:00,2645.48,2645.89,2631.87,2634.52
2025-05-23 06:00:00+07:00,2634.66,2645.6,2634.65,2645.43
2025-05-23 06:15:00+07:00,2645.45,2650.94,2639.64,2648.98
2025-05-23 06:30:00+07:00,2649.0,2658.53,2648.49,2657.81
2025-05-23 06:45:00+07:00,2657.85,2664.86,2656.47,2663.58
2025-05-23 07:00:00+07:00,2663.82,2665.07,2652.07,2661.64
2025-05-23 07:15:00+07:00,2661.64,2664.1,2651.95,2654.28
2025-05-23 07:30:00+07:00,2654.43,2654.94,2643.78,2650.39
2025-05-23 07:45:00+07:00,2650.36,2678.58,2648.64,2662.07
2025-05-23 08:00:00+07:00,2662.0,2667.7,2650.0,2658.07
2025-05-23 08:15:00+07:00,2658.17,2670.58,2652.63,2668.52
2025-05-23 08:30:00+07:00,2668.71,2693.66,2668.53,2677.35
2025-05-23 08:45:00+07:00,2677.54,2680.4,2670.62,2674.74
2025-05-23 09:00:00+07:00,2674.79,2702.74,2671.22,2701.11
2025-05-23 09:15:00+07:00,2701.57,2733.23,2696.89,2721.88
2025-05-23 09:30:00+07:00,2722.04,2731.96,2703.41,2711.92
2025-05-23 09:45:00+07:00,2712.05,2719.73,2696.24,2704.84
2025-05-23 10:00:00+07:00,2704.86,2712.84,2701.7,2705.3
2025-05-23 10:15:00+07:00,2705.36,2715.95,2699.35,2710.11
2025-05-23 10:30:00+07:00,2710.16,2721.51,2708.96,2720.82
2025-05-23 10:45:00+07:00,2720.84,2729.84,2717.15,2720.99
2025-05-23 11:00:00+07:00,2720.96,2725.18,2711.27,2712.4
2025-05-23 11:15:00+07:00,2712.44,2714.66,2701.29,2706.88
2025-05-23 11:30:00+07:00,2706.92,2709.53,2676.89,2683.55
2025-05-23 11:45:00+07:00,2683.46,2701.45,2682.91,2696.55
2025-05-23 12:00:00+07:00,2696.52,2706.0,2689.48,2705.1
2025-05-23 12:15:00+07:00,2705.16,2705.61,2681.96,2686.47
2025-05-23 12:30:00+07:00,2686.59,2693.04,2678.55,2691.14
2025-05-23 12:45:00+07:00,2691.22,2696.52,2686.66,2695.81
2025-05-23 13:00:00+07:00,2695.8,2696.56,2666.42,2671.65
2025-05-23 13:15:00+07:00,2671.61,2673.56,2656.41,2663.82
2025-05-23 13:30:00+07:00,2663.98,2668.9,2654.49,2664.78
2025-05-23 13:45:00+07:00,2664.77,2665.02,2650.43,2656.24
2025-05-23 14:00:00+07:00,2656.22,2666.96,2656.22,2665.53
2025-05-23 14:15:00+07:00,2665.49,2671.82,2662.13,2668.48
2025-05-23 14:30:00+07:00,2668.61,2670.74,2656.89,2662.1
2025-05-23 14:45:00+07:00,2662.07,2662.07,2650.16,2654.8
2025-05-23 15:00:00+07:00,2654.8,2661.75,2652.85,2661.45
2025-05-23 15:15:00+07:00,2661.43,2666.26,2653.88,2666.05
2025-05-23 15:30:00+07:00,2666.01,2675.51,2661.36,2669.58
2025-05-23 15:45:00+07:00,2669.6,2673.61,2666.11,2668.34
2025-05-23 16:00:00+07:00,2668.35,2674.81,2664.13,2673.33
2025-05-23 16:15:00+07:00,2673.29,2683.74,2673.0,2676.83
2025-05-23 16:30:00+07:00,2676.83,2685.26,2676.83,2679.27
2025-05-23 16:45:00+07:00,2679.24,2687.79,2678.4,2681.91
2025-05-23 17:00:00+07:00,2681.93,2682.53,2660.82,2664.99
2025-05-23 17:15:00+07:00,2664.95,2668.15,2656.5,2663.32
2025-05-23 17:30:00+07:00,2663.38,2667.55,2657.16,2665.52
2025-05-23 17:45:00+07:00,2666.0,2671.54,2661.56,2670.77
2025-05-23 18:00:00+07:00,2670.75,2671.22,2659.6,2661.93
2025-05-23 18:15:00+07:00,2661.98,2666.11,2636.25,2648.41
2025-05-23 18:30:00+07:00,2648.39,2651.89,2624.42,2629.3
2025-05-23 18:45:00+07:00,2629.54,2630.66,2549.67,2565.37
2025-05-23 19:00:00+07:00,2565.7,2567.35,2520.03,2542.91
2025-05-23 19:15:00+07:00,2542.88,2545.63,2497.15,2544.46
2025-05-23 19:30:00+07:00,2544.56,2556.44,2538.1,2544.18
2025-05-23 19:45:00+07:00,2544.27,2550.23,2534.53,2547.69
2025-05-23 20:00:00+07:00,2547.71,2553.76,2536.14,2548.99
2025-05-23 20:15:00+07:00,2548.93,2563.13,2546.17,2558.49
2025-05-23 20:30:00+07:00,2558.54,2581.61,2555.48,2573.03
2025-05-23 20:45:00+07:00,2573.02,2583.29,2563.48,2580.89
2025-05-23 21:00:00+07:00,2580.88,2590.98,2573.65,2583.53
2025-05-23 21:15:00+07:00,2583.45,2585.86,2570.55,2573.22
2025-05-23 21:30:00+07:00,2573.26,2581.39,2571.74,2576.74
2025-05-23 21:45:00+07:00,2576.71,2587.33,2572.96,2573.02
2025-05-23 22:00:00+07:00,2573.06,2580.16,2564.16,2575.39
2025-05-23 22:15:00+07:00,2575.32,2579.59,2571.37,2575.25
2025-05-23 22:30:00+07:00,2575.43,2581.53,2573.24,2575.5
2025-05-23 22:45:00+07:00,2575.52,2575.66,2564.75,2567.21
2025-05-23 23:00:00+07:00,2567.26,2574.87,2554.31,2559.05
2025-05-23 23:15:00+07:00,2559.03,2572.04,2545.34,2567.81
2025-05-23 23:30:00+07:00,2567.86,2569.09,2554.24,2556.85
2025-05-23 23:45:00+07:00,2556.87,2567.01,2556.87,2566.01
2025-05-24 00:00:00+07:00,2565.98,2578.95,2564.81,2578.76
2025-05-24 00:15:00+07:00,2578.56,2586.22,2575.38,2584.43
2025-05-24 00:30:00+07:00,2584.23,2584.23,2567.29,2569.36
2025-05-24 00:45:00+07:00,2569.45,2579.55,2567.99,2575.71
2025-05-24 01:00:00+07:00,2575.65,2580.56,2571.09,2574.49
2025-05-24 01:15:00+07:00,2574.44,2576.4,2554.65,2565.86
2025-05-24 01:30:00+07:00,2565.95,2568.86,2560.78,2563.74
2025-05-24 01:45:00+07:00,2563.73,2564.0,2552.09,2558.68
2025-05-24 02:00:00+07:00,2558.68,2574.49,2555.23,2570.62
2025-05-24 02:15:00+07:00,2570.54,2571.75,2563.22,2567.39
2025-05-24 02:30:00+07:00,2567.36,2572.44,2565.56,2569.15
2025-05-24 02:45:00+07:00,2569.13,2569.13,2556.19,2559.72
2025-05-24 03:00:00+07:00,2559.72,2559.8,2548.57,2550.95
2025-05-24 03:15:00+07:00,2550.97,2561.52,2550.97,2561.16
2025-05-24 03:30:00+07:00,2561.21,2561.66,2526.08,2541.87
2025-05-24 03:45:00+07:00,2541.9,2549.67,2538.94,2542.29
2025-05-24 04:00:00+07:00,2542.3,2542.78,2529.03,2538.89
2025-05-24 04:15:00+07:00,2538.96,2552.6,2538.96,2544.07
2025-05-24 04:30:00+07:00,2544.06,2544.06,2534.76,2539.25
2025-05-24 04:45:00+07:00,2539.19,2546.29,2526.01,2533.42
2025-05-24 05:00:00+07:00,2533.46,2557.13,2530.98,2556.51
2025-05-24 05:15:00+07:00,2556.44,2558.1,2546.96,2547.87
2025-05-24 05:30:00+07:00,2547.84,2552.26,2535.39,2535.53
2025-05-24 05:45:00+07:00,2535.58,2540.84,2528.9,2537.47
2025-05-24 06:00:00+07:00,2537.45,2541.53,2519.98,2531.18
2025-05-24 06:15:00+07:00,2531.12,2531.6,2519.59,2528.76
2025-05-24 06:30:00+07:00,2528.78,2535.51,2502.6,2513.7
2025-05-24 06:45:00+07:00,2513.81,2528.69,2505.23,2525.59
2025-05-24 07:00:00+07:00,2525.53,2542.16,2515.69,2536.71
2025-05-24 07:15:00+07:00,2536.82,2543.69,2524.88,2525.18
2025-05-24 07:30:00+07:00,2525.19,2537.55,2525.03,2528.85
2025-05-24 07:45:00+07:00,2528.87,2529.91,2514.26,2514.99
2025-05-24 08:00:00+07:00,2514.97,2527.34,2514.33,2518.82
2025-05-24 08:15:00+07:00,2518.84,2534.36,2518.54,2527.57
2025-05-24 08:30:00+07:00,2527.52,2534.73,2527.4,2531.79
2025-05-24 08:45:00+07:00,2531.7,2533.95,2521.85,2523.43
2025-05-24 09:00:00+07:00,2523.42,2531.95,2517.49,2529.4
2025-05-24 09:15:00+07:00,2529.4,2538.78,2529.36,2536.87
2025-05-24 09:30:00+07:00,2536.92,2543.71,2534.63,2540.87
2025-05-24 09:45:00+07:00,2540.79,2544.08,2536.39,2539.96
2025-05-24 10:00:00+07:00,2539.77,2549.63,2536.88,2546.57
2025-05-24 10:15:00+07:00,2546.59,2555.29,2545.31,2552.15
2025-05-24 10:30:00+07:00,2552.01,2553.01,2546.27,2547.34
2025-05-24 10:45:00+07:00,2547.33,2550.64,2543.82,2549.11
2025-05-24 11:00:00+07:00,2549.12,2552.13,2544.83,2549.48
2025-05-24 11:15:00+07:00,2549.23,2553.71,2548.74,2551.44
2025-05-24 11:30:00+07:00,2551.29,2558.25,2549.58,2556.39
2025-05-24 11:45:00+07:00,2556.29,2562.44,2555.43,2558.33
2025-05-24 12:00:00+07:00,2558.3,2559.59,2550.64,2552.52
2025-05-24 12:15:00+07:00,2552.55,2552.7,2543.99,2550.07
2025-05-24 12:30:00+07:00,2550.06,2552.22,2543.88,2546.05
2025-05-24 12:45:00+07:00,2546.05,2550.68,2542.07,2550.15
2025-05-24 13:00:00+07:00,2550.13,2554.76,2548.93,2550.25
2025-05-24 13:15:00+07:00,2550.24,2550.9,2544.17,2549.54
2025-05-24 13:30:00+07:00,2549.5,2549.5,2534.3,2543.03
2025-05-24 13:45:00+07:00,2543.05,2546.46,2536.62,2546.45
2025-05-24 14:00:00+07:00,2546.5,2558.03,2546.5,2554.85
2025-05-24 14:15:00+07:00,2554.9,2559.56,2553.66,2558.52
2025-05-24 14:30:00+07:00,2558.52,2558.52,2548.24,2550.63
2025-05-24 14:45:00+07:00,2550.61,2550.67,2543.46,2545.92
2025-05-24 15:00:00+07:00,2545.95,2556.63,2544.93,2553.1
2025-05-24 15:15:00+07:00,2553.12,2553.45,2543.96,2547.58
2025-05-24 15:30:00+07:00,2547.65,2553.48,2545.14,2552.17
2025-05-24 15:45:00+07:00,2552.19,2557.39,2551.82,2555.9
2025-05-24 16:00:00+07:00,2555.93,2558.12,2552.01,2552.51
2025-05-24 16:15:00+07:00,2552.58,2559.52,2552.5,2557.19
2025-05-24 16:30:00+07:00,2557.15,2559.17,2554.56,2557.19
2025-05-24 16:45:00+07:00,2557.16,2558.09,2550.2,2551.7
2025-05-24 17:00:00+07:00,2551.7,2554.92,2551.26,2551.94
2025-05-24 17:15:00+07:00,2551.93,2559.07,2551.93,2558.81
2025-05-24 17:30:00+07:00,2558.84,2571.37,2558.72,2569.38
2025-05-24 17:45:00+07:00,2569.34,2574.63,2566.53,2568.79
2025-05-24 18:00:00+07:00,2568.78,2574.58,2565.53,2565.83
2025-05-24 18:15:00+07:00,2565.77,2570.07,2562.34,2566.99
2025-05-24 18:30:00+07:00,2566.88,2570.58,2563.74,2563.74
2025-05-24 18:45:00+07:00,2563.71,2565.99,2561.0,2562.19
2025-05-24 19:00:00+07:00,2562.29,2564.5,2550.9,2556.49
2025-05-24 19:15:00+07:00,2556.47,2559.69,2548.12,2555.83
2025-05-24 19:30:00+07:00,2555.76,2558.49,2552.33,2556.31
2025-05-24 19:45:00+07:00,2556.3,2559.12,2553.09,2558.11
2025-05-24 20:00:00+07:00,2558.13,2561.61,2552.06,2553.71
2025-05-24 20:15:00+07:00,2553.67,2556.9,2548.62,2556.1
2025-05-24 20:30:00+07:00,2556.05,2556.91,2549.83,2551.42
2025-05-24 20:45:00+07:00,2551.5,2553.64,2542.51,2545.52
2025-05-24 21:00:00+07:00,2545.39,2553.62,2542.47,2552.26
2025-05-24 21:15:00+07:00,2552.3,2556.76,2547.82,2548.78
2025-05-24 21:30:00+07:00,2548.75,2556.71,2546.23,2553.17
2025-05-24 21:45:00+07:00,2553.19,2560.54,2553.19,2557.4
2025-05-24 22:00:00+07:00,2557.4,2563.69,2554.24,2559.79
2025-05-24 22:15:00+07:00,2559.8,2559.83,2552.31,2555.02
2025-05-24 22:30:00+07:00,2554.99,2556.69,2549.08,2549.93
2025-05-24 22:45:00+07:00,2549.83,2554.8,2548.35,2554.33
2025-05-24 23:00:00+07:00,2554.36,2554.92,2545.62,2548.26
2025-05-24 23:15:00+07:00,2548.24,2551.5,2542.59,2549.2
2025-05-24 23:30:00+07:00,2549.18,2554.04,2547.89,2553.55
2025-05-24 23:45:00+07:00,2553.56,2561.07,2551.2,2556.25
2025-05-25 00:00:00+07:00,2556.37,2563.51,2556.37,2561.29
2025-05-25 00:15:00+07:00,2561.34,2561.77,2554.28,2557.59
2025-05-25 00:30:00+07:00,2557.5,2561.84,2554.04,2559.59
2025-05-25 00:45:00+07:00,2559.59,2562.09,2556.48,2556.48
2025-05-25 01:00:00+07:00,2556.46,2562.02,2555.68,2561.47
2025-05-25 01:15:00+07:00,2561.46,2566.45,2559.62,2560.1
2025-05-25 01:30:00+07:00,2560.2,2560.31,2554.86,2556.81
2025-05-25 01:45:00+07:00,2556.81,2556.81,2543.53,2548.29
2025-05-25 02:00:00+07:00,2548.21,2552.99,2545.27,2548.43
2025-05-25 02:15:00+07:00,2548.43,2551.61,2547.38,2550.35
2025-05-25 02:30:00+07:00,2550.53,2554.5,2548.09,2550.8
2025-05-25 02:45:00+07:00,2550.8,2554.17,2547.68,2553.38
2025-05-25 03:00:00+07:00,2553.42,2553.8,2548.68,2553.26
2025-05-25 03:15:00+07:00,2553.31,2554.39,2549.35,2551.93
2025-05-25 03:30:00+07:00,2551.93,2555.57,2551.19,2551.79
2025-05-25 03:45:00+07:00,2551.83,2553.54,2549.14,2551.23
2025-05-25 04:00:00+07:00,2551.18,2551.77,2545.33,2547.0
2025-05-25 04:15:00+07:00,2547.0,2547.49,2519.74,2535.26
2025-05-25 04:30:00+07:00,2535.27,2541.06,2531.52,2534.91
2025-05-25 04:45:00+07:00,2534.86,2542.03,2529.17,2539.04
2025-05-25 05:00:00+07:00,2539.22,2539.27,2527.05,2533.73
2025-05-25 05:15:00+07:00,2533.68,2535.03,2525.4,2531.15
2025-05-25 05:30:00+07:00,2531.07,2536.39,2524.23,2532.34
2025-05-25 05:45:00+07:00,2532.33,2534.06,2520.18,2524.25
2025-05-25 06:00:00+07:00,2524.2,2528.14,2516.05,2527.33
2025-05-25 06:15:00+07:00,2527.04,2533.9,2522.02,2528.08
2025-05-25 06:30:00+07:00,2528.05,2532.22,2524.05,2524.5
2025-05-25 06:45:00+07:00,2524.46,2531.67,2520.72,2528.99
2025-05-25 07:00:00+07:00,2529.19,2538.39,2528.02,2532.57
2025-05-25 07:15:00+07:00,2532.41,2535.6,2526.07,2533.99
2025-05-25 07:30:00+07:00,2534.09,2537.19,2481.06,2494.79
2025-05-25 07:45:00+07:00,2494.77,2500.31,2474.6,2485.62
2025-05-25 08:00:00+07:00,2485.57,2493.22,2478.1,2486.72
2025-05-25 08:15:00+07:00,2486.67,2500.69,2479.08,2496.24
2025-05-25 08:30:00+07:00,2496.25,2503.05,2491.48,2502.61
2025-05-25 08:45:00+07:00,2502.66,2502.72,2493.35,2494.73
2025-05-25 09:00:00+07:00,2494.74,2500.1,2488.2,2491.54
2025-05-25 09:15:00+07:00,2491.56,2502.07,2485.45,2498.18
2025-05-25 09:30:00+07:00,2498.25,2508.59,2497.93,2499.85
2025-05-25 09:45:00+07:00,2499.84,2509.85,2499.37,2507.15
2025-05-25 10:00:00+07:00,2507.04,2514.32,2505.88,2512.76
2025-05-25 10:15:00+07:00,2512.77,2514.46,2508.93,2512.45
2025-05-25 10:30:00+07:00,2512.44,2519.68,2512.44,2515.7
2025-05-25 10:45:00+07:00,2515.7,2517.83,2511.58,2512.1
2025-05-25 11:00:00+07:00,2512.09,2512.31,2504.82,2506.37
2025-05-25 11:15:00+07:00,2506.43,2511.79,2504.92,2509.98
2025-05-25 11:30:00+07:00,2510.02,2515.44,2509.25,2513.88
2025-05-25 11:45:00+07:00,2513.87,2517.84,2511.68,2516.48
2025-05-25 12:00:00+07:00,2516.47,2517.82,2511.33,2511.56
2025-05-25 12:15:00+07:00,2511.75,2514.75,2509.94,2510.78
2025-05-25 12:30:00+07:00,2510.82,2513.36,2506.2,2508.44
2025-05-25 12:45:00+07:00,2508.46,2513.58,2506.92,2511.72
2025-05-25 13:00:00+07:00,2511.82,2512.48,2506.96,2507.57
2025-05-25 13:15:00+07:00,2507.56,2509.07,2501.35,2504.29
2025-05-25 13:30:00+07:00,2504.22,2506.2,2501.26,2504.0
2025-05-25 13:45:00+07:00,2503.96,2508.75,2502.32,2506.56
2025-05-25 14:00:00+07:00,2506.5,2506.5,2495.35,2496.18
2025-05-25 14:15:00+07:00,2496.08,2499.91,2488.55,2491.36
2025-05-25 14:30:00+07:00,2491.35,2495.57,2486.56,2492.04
2025-05-25 14:45:00+07:00,2492.07,2495.26,2488.24,2493.59
2025-05-25 15:00:00+07:00,2493.61,2493.68,2481.61,2482.74
2025-05-25 15:15:00+07:00,2482.6,2488.84,2479.04,2484.12
2025-05-25 15:30:00+07:00,2484.15,2489.82,2482.54,2485.01
2025-05-25 15:45:00+07:00,2485.05,2485.39,2463.13,2476.89
2025-05-25 16:00:00+07:00,2476.9,2482.79,2471.45,2479.94
2025-05-25 16:15:00+07:00,2479.97,2486.22,2473.54,2483.39
2025-05-25 16:30:00+07:00,2483.42,2485.57,2474.84,2482.72
2025-05-25 16:45:00+07:00,2482.79,2494.9,2482.64,2494.51
2025-05-25 17:00:00+07:00,2494.53,2501.34,2490.56,2495.92
2025-05-25 17:15:00+07:00,2495.96,2498.45,2491.73,2492.38
2025-05-25 17:30:00+07:00,2492.41,2499.19,2492.41,2494.88
2025-05-25 17:45:00+07:00,2495.03,2500.01,2487.3,2491.45
2025-05-25 18:00:00+07:00,2491.5,2498.38,2487.65,2498.02
2025-05-25 18:15:00+07:00,2498.05,2499.15,2492.86,2496.14
2025-05-25 18:30:00+07:00,2496.15,2498.24,2491.85,2493.15
2025-05-25 18:45:00+07:00,2493.29,2497.62,2490.97,2496.68
2025-05-25 19:00:00+07:00,2496.68,2499.01,2493.96,2498.87
2025-05-25 19:15:00+07:00,2498.87,2515.19,2498.81,2513.58
2025-05-25 19:30:00+07:00,2513.49,2516.83,2510.56,2513.26
2025-05-25 19:45:00+07:00,2513.27,2516.71,2511.1,2515.71
2025-05-25 20:00:00+07:00,2515.68,2519.65,2510.24,2512.95
2025-05-25 20:15:00+07:00,2512.93,2519.44,2510.35,2518.9
2025-05-25 20:30:00+07:00,2518.81,2523.83,2515.25,2517.8
2025-05-25 20:45:00+07:00,2517.8,2520.63,2512.22,2512.8
2025-05-25 21:00:00+07:00,2512.51,2517.19,2507.04,2513.58
2025-05-25 21:15:00+07:00,2513.58,2515.02,2509.12,2514.8
2025-05-25 21:30:00+07:00,2514.81,2516.29,2501.28,2501.88
2025-05-25 21:45:00+07:00,2501.91,2506.89,2496.55,2505.13
2025-05-25 22:00:00+07:00,2505.16,2507.43,2495.3,2497.37
2025-05-25 22:15:00+07:00,2497.4,2499.0,2478.42,2488.06
2025-05-25 22:30:00+07:00,2488.06,2507.62,2484.99,2503.22
2025-05-25 22:45:00+07:00,2503.42,2514.35,2496.38,2510.4
2025-05-25 23:00:00+07:00,2510.43,2512.27,2502.21,2506.18
2025-05-25 23:15:00+07:00,2506.2,2506.98,2495.24,2497.42
2025-05-25 23:30:00+07:00,2497.47,2509.78,2494.98,2507.24
2025-05-25 23:45:00+07:00,2507.3,2512.6,2506.13,2510.65
2025-05-26 00:00:00+07:00,2510.69,2515.02,2509.57,2511.32
2025-05-26 00:15:00+07:00,2511.37,2515.92,2507.88,2515.72
2025-05-26 00:30:00+07:00,2515.72,2515.89,2507.76,2511.09
2025-05-26 00:45:00+07:00,2511.15,2513.61,2511.04,2512.73
2025-05-26 01:00:00+07:00,2512.56,2516.81,2510.02,2516.47
2025-05-26 01:15:00+07:00,2516.44,2522.49,2513.58,2519.8
2025-05-26 01:30:00+07:00,2519.77,2520.49,2514.45,2515.66
2025-05-26 01:45:00+07:00,2515.61,2518.03,2513.86,2515.01
2025-05-26 02:00:00+07:00,2514.98,2517.22,2513.73,2514.89
2025-05-26 02:15:00+07:00,2514.93,2520.46,2514.93,2520.46
2025-05-26 02:30:00+07:00,2520.49,2524.37,2519.57,2520.78
2025-05-26 02:45:00+07:00,2520.77,2534.62,2519.38,2525.39
2025-05-26 03:00:00+07:00,2525.37,2527.91,2516.3,2517.33
2025-05-26 03:15:00+07:00,2517.36,2520.93,2510.71,2520.47
2025-05-26 03:30:00+07:00,2520.5,2525.45,2519.7,2524.94
2025-05-26 03:45:00+07:00,2524.54,2524.54,2519.62,2522.93
2025-05-26 04:00:00+07:00,2522.97,2530.09,2521.95,2530.09
2025-05-26 04:15:00+07:00,2530.13,2530.53,2519.02,2520.58
2025-05-26 04:30:00+07:00,2520.55,2520.55,2506.64,2516.09
2025-05-26 04:45:00+07:00,2516.05,2519.9,2512.87,2514.22
2025-05-26 05:00:00+07:00,2514.34,2547.95,2511.47,2532.73
2025-05-26 05:15:00+07:00,2532.98,2541.8,2530.32,2534.82
2025-05-26 05:30:00+07:00,2534.84,2546.62,2533.09,2544.96
2025-05-26 05:45:00+07:00,2544.96,2552.99,2541.11,2548.05
2025-05-26 06:00:00+07:00,2547.97,2550.83,2542.25,2543.31
2025-05-26 06:15:00+07:00,2543.35,2543.35,2533.92,2537.54
2025-05-26 06:30:00+07:00,2537.51,2546.96,2536.38,2546.13
2025-05-26 06:45:00+07:00,2546.29,2553.06,2542.43,2550.09
2025-05-26 07:00:00+07:00,2550.2,2557.85,2546.43,2546.53
2025-05-26 07:15:00+07:00,2546.49,2555.93,2536.96,2544.11
2025-05-26 07:30:00+07:00,2544.15,2559.13,2541.71,2555.05
2025-05-26 07:45:00+07:00,2555.03,2573.85,2552.06,2570.67
2025-05-26 08:00:00+07:00,2570.67,2576.12,2557.23,2559.13
2025-05-26 08:15:00+07:00,2559.12,2563.02,2554.88,2557.79
2025-05-26 08:30:00+07:00,2557.8,2565.62,2554.06,2562.71
2025-05-26 08:45:00+07:00,2562.59,2566.33,2554.64,2557.66
2025-05-26 09:00:00+07:00,2557.69,2560.12,2550.57,2553.75
2025-05-26 09:15:00+07:00,2553.74,2563.11,2551.46,2559.95
2025-05-26 09:30:00+07:00,2559.91,2560.03,2547.35,2550.79
2025-05-26 09:45:00+07:00,2550.92,2553.87,2546.31,2551.98
2025-05-26 10:00:00+07:00,2551.96,2552.9,2547.67,2549.96
2025-05-26 10:15:00+07:00,2549.97,2559.89,2548.57,2558.85
2025-05-26 10:30:00+07:00,2558.87,2562.81,2554.72,2560.64
2025-05-26 10:45:00+07:00,2560.68,2565.77,2558.13,2559.06
2025-05-26 11:00:00+07:00,2559.21,2563.48,2556.29,2558.4
2025-05-26 11:15:00+07:00,2558.72,2565.44,2557.44,2563.57
2025-05-26 11:30:00+07:00,2563.56,2565.88,2562.08,2564.32
2025-05-26 11:45:00+07:00,2564.36,2569.04,2562.56,2563.36
2025-05-26 12:00:00+07:00,2563.33,2565.08,2560.41,2562.33
2025-05-26 12:15:00+07:00,2562.23,2571.09,2561.29,2569.05
2025-05-26 12:30:00+07:00,2569.03,2574.44,2566.69,2567.04
2025-05-26 12:45:00+07:00,2567.07,2570.23,2566.27,2567.24
2025-05-26 13:00:00+07:00,2567.21,2571.2,2564.13,2565.85
2025-05-26 13:15:00+07:00,2565.8,2571.65,2565.62,2570.81
2025-05-26 13:30:00+07:00,2570.79,2570.79,2565.99,2569.13
2025-05-26 13:45:00+07:00,2569.14,2584.96,2567.9,2581.8
2025-05-26 14:00:00+07:00,2581.68,2598.48,2578.46,2585.15
2025-05-26 14:15:00+07:00,2585.18,2591.62,2580.15,2580.75
2025-05-26 14:30:00+07:00,2580.71,2585.94,2576.54,2582.58
2025-05-26 14:45:00+07:00,2582.61,2584.12,2576.07,2579.87
2025-05-26 15:00:00+07:00,2579.93,2581.78,2572.18,2578.08
2025-05-26 15:15:00+07:00,2578.11,2580.47,2573.0,2573.79
2025-05-26 15:30:00+07:00,2573.84,2575.92,2567.37,2569.32
2025-05-26 15:45:00+07:00,2569.38,2570.78,2564.13,2567.33
2025-05-26 16:00:00+07:00,2567.39,2572.76,2563.53,2572.2
2025-05-26 16:15:00+07:00,2572.16,2573.59,2569.73,2570.22
2025-05-26 16:30:00+07:00,2570.23,2570.73,2554.49,2561.01
2025-05-26 16:45:00+07:00,2560.96,2563.21,2557.8,2562.11
2025-05-26 17:00:00+07:00,2562.09,2565.82,2558.74,2563.2
2025-05-26 17:15:00+07:00,2563.14,2568.54,2560.36,2565.87
2025-05-26 17:30:00+07:00,2565.8,2566.77,2562.53,2565.6
2025-05-26 17:45:00+07:00,2565.62,2566.66,2553.47,2558.48
2025-05-26 18:00:00+07:00,2558.48,2562.62,2554.52,2560.77
2025-05-26 18:15:00+07:00,2560.89,2562.94,2559.4,2561.63
2025-05-26 18:30:00+07:00,2561.66,2566.79,2555.57,2565.54
2025-05-26 18:45:00+07:00,2565.41,2567.48,2563.2,2567.05
2025-05-26 19:00:00+07:00,2566.82,2569.35,2561.73,2562.88
2025-05-26 19:15:00+07:00,2563.11,2565.82,2559.64,2561.84
2025-05-26 19:30:00+07:00,2561.86,2564.99,2560.9,2564.99
2025-05-26 19:45:00+07:00,2565.02,2573.28,2564.02,2567.18
2025-05-26 20:00:00+07:00,2567.2,2570.61,2558.66,2561.51
2025-05-26 20:15:00+07:00,2561.59,2565.69,2555.37,2563.39
2025-05-26 20:30:00+07:00,2563.33,2567.63,2560.76,2563.97
2025-05-26 20:45:00+07:00,2564.12,2564.51,2537.58,2550.09
2025-05-26 21:00:00+07:00,2550.12,2555.42,2545.96,2555.09
2025-05-26 21:15:00+07:00,2555.08,2555.16,2544.82,2549.15
2025-05-26 21:30:00+07:00,2548.97,2549.54,2540.87,2546.74
2025-05-26 21:45:00+07:00,2546.71,2549.93,2541.88,2549.61
2025-05-26 22:00:00+07:00,2549.65,2552.35,2544.16,2546.34
2025-05-26 22:15:00+07:00,2546.19,2556.4,2545.27,2555.28
2025-05-26 22:30:00+07:00,2555.29,2570.13,2555.29,2560.73
2025-05-26 22:45:00+07:00,2560.72,2567.78,2560.45,2564.93
2025-05-26 23:00:00+07:00,2564.97,2572.39,2561.43,2562.77
2025-05-26 23:15:00+07:00,2562.8,2563.41,2534.64,2543.0
2025-05-26 23:30:00+07:00,2542.99,2549.09,2536.36,2546.37
2025-05-26 23:45:00+07:00,2546.61,2548.65,2538.68,2541.5
2025-05-27 00:00:00+07:00,2541.48,2547.99,2540.17,2544.27
2025-05-27 00:15:00+07:00,2544.18,2546.75,2536.78,2540.93
2025-05-27 00:30:00+07:00,2540.85,2542.61,2534.43,2538.21
2025-05-27 00:45:00+07:00,2538.19,2538.19,2524.1,2532.59
2025-05-27 01:00:00+07:00,2532.71,2540.24,2526.8,2539.87
2025-05-27 01:15:00+07:00,2539.78,2542.56,2534.64,2542.2
2025-05-27 01:30:00+07:00,2542.22,2545.41,2539.52,2541.18
2025-05-27 01:45:00+07:00,2541.18,2541.21,2531.63,2533.8
2025-05-27 02:00:00+07:00,2533.87,2539.6,2531.18,2537.8
2025-05-27 02:15:00+07:00,2538.0,2542.41,2537.28,2539.48
2025-05-27 02:30:00+07:00,2539.48,2541.1,2534.65,2539.06
2025-05-27 02:45:00+07:00,2539.06,2543.31,2537.83,2540.08
2025-05-27 03:00:00+07:00,2539.91,2546.03,2535.17,2545.43
2025-05-27 03:15:00+07:00,2545.37,2547.62,2541.52,2545.01
2025-05-27 03:30:00+07:00,2544.81,2560.91,2543.84,2555.58
2025-05-27 03:45:00+07:00,2555.59,2567.1,2551.37,2565.24
2025-05-27 04:00:00+07:00,2565.21,2567.28,2558.82,2559.75
2025-05-27 04:15:00+07:00,2559.69,2563.61,2554.43,2560.46
2025-05-27 04:30:00+07:00,2560.52,2566.61,2556.29,2558.64
2025-05-27 04:45:00+07:00,2558.48,2564.12,2556.87,2561.45
2025-05-27 05:00:00+07:00,2561.46,2583.84,2557.13,2575.04
2025-05-27 05:15:00+07:00,2575.08,2579.53,2563.26,2563.49
2025-05-27 05:30:00+07:00,2563.49,2567.85,2559.78,2560.61
2025-05-27 05:45:00+07:00,2560.59,2562.49,2555.96,2558.66
2025-05-27 06:00:00+07:00,2558.66,2559.39,2552.07,2557.96
2025-05-27 06:15:00+07:00,2558.03,2558.5,2553.4,2556.24
2025-05-27 06:30:00+07:00,2556.39,2562.7,2555.0,2559.98
2025-05-27 06:45:00+07:00,2560.02,2563.85,2559.21,2562.87
2025-05-27 07:00:00+07:00,2562.75,2568.12,2559.33,2567.83
2025-05-27 07:15:00+07:00,2567.91,2572.69,2557.8,2558.91
2025-05-27 07:30:00+07:00,2558.92,2559.24,2552.06,2553.36
2025-05-27 07:45:00+07:00,2553.44,2557.51,2548.22,2550.05
2025-05-27 08:00:00+07:00,2550.12,2550.16,2534.16,2535.46
2025-05-27 08:15:00+07:00,2535.43,2536.29,2508.61,2526.31
2025-05-27 08:30:00+07:00,2526.18,2530.57,2520.71,2525.86
2025-05-27 08:45:00+07:00,2525.84,2530.26,2522.82,2528.77
2025-05-27 09:00:00+07:00,2528.76,2535.73,2527.0,2535.09
2025-05-27 09:15:00+07:00,2535.0,2540.63,2529.86,2539.6
2025-05-27 09:30:00+07:00,2539.63,2543.56,2538.0,2539.61
2025-05-27 09:45:00+07:00,2539.62,2540.65,2531.24,2534.57
2025-05-27 10:00:00+07:00,2534.54,2559.85,2534.48,2556.98
2025-05-27 10:15:00+07:00,2557.1,2564.33,2551.41,2552.04
2025-05-27 10:30:00+07:00,2552.0,2554.54,2548.68,2550.9
2025-05-27 10:45:00+07:00,2550.92,2552.44,2547.25,2548.16
2025-05-27 11:00:00+07:00,2548.25,2557.48,2547.8,2553.13
2025-05-27 11:15:00+07:00,2552.89,2560.85,2551.94,2558.26
2025-05-27 11:30:00+07:00,2558.19,2562.43,2556.34,2560.39
2025-05-27 11:45:00+07:00,2560.36,2567.85,2555.39,2558.05
2025-05-27 12:00:00+07:00,2558.15,2558.97,2553.87,2557.46
2025-05-27 12:15:00+07:00,2557.47,2558.02,2549.26,2554.78
2025-05-27 12:30:00+07:00,2554.77,2564.3,2553.03,2562.91
2025-05-27 12:45:00+07:00,2562.83,2572.27,2561.13,2568.67
2025-05-27 13:00:00+07:00,2568.65,2606.3,2568.65,2598.8
2025-05-27 13:15:00+07:00,2598.84,2610.02,2589.25,2595.67
2025-05-27 13:30:00+07:00,2595.67,2601.44,2590.26,2591.45
2025-05-27 13:45:00+07:00,2591.65,2592.71,2563.89,2568.65
2025-05-27 14:00:00+07:00,2568.78,2584.43,2568.61,2582.73
2025-05-27 14:15:00+07:00,2582.95,2589.93,2580.26,2589.91
2025-05-27 14:30:00+07:00,2589.85,2605.3,2589.34,2598.27
2025-05-27 14:45:00+07:00,2598.28,2618.76,2598.28,2606.56
2025-05-27 15:00:00+07:00,2606.69,2637.36,2606.69,2624.99
2025-05-27 15:15:00+07:00,2625.01,2642.01,2624.41,2637.07
2025-05-27 15:30:00+07:00,2637.05,2640.75,2629.73,2632.56
2025-05-27 15:45:00+07:00,2632.81,2639.45,2630.25,2634.19
2025-05-27 16:00:00+07:00,2634.19,2639.32,2633.13,2635.55
2025-05-27 16:15:00+07:00,2635.55,2635.95,2620.99,2622.59
2025-05-27 16:30:00+07:00,2622.7,2636.01,2622.28,2634.96
2025-05-27 16:45:00+07:00,2634.94,2645.76,2633.28,2636.95
2025-05-27 17:00:00+07:00,2637.23,2638.73,2629.92,2633.05
2025-05-27 17:15:00+07:00,2633.23,2640.21,2630.69,2639.42
2025-05-27 17:30:00+07:00,2639.53,2641.25,2632.24,2632.46
2025-05-27 17:45:00+07:00,2632.46,2638.76,2632.2,2637.53
2025-05-27 18:00:00+07:00,2637.5,2640.39,2630.17,2631.6
2025-05-27 18:15:00+07:00,2631.68,2637.32,2625.88,2637.09
2025-05-27 18:30:00+07:00,2637.07,2649.65,2636.74,2643.8
2025-05-27 18:45:00+07:00,2643.8,2653.62,2641.09,2651.28
2025-05-27 19:00:00+07:00,2651.38,2653.27,2636.62,2638.76
2025-05-27 19:15:00+07:00,2638.51,2648.59,2633.72,2647.51
2025-05-27 19:30:00+07:00,2647.38,2648.14,2636.9,2637.86
2025-05-27 19:45:00+07:00,2637.88,2647.71,2636.88,2647.15
2025-05-27 20:00:00+07:00,2647.11,2671.38,2644.74,2663.39
2025-05-27 20:15:00+07:00,2663.43,2683.13,2660.55,2665.89
2025-05-27 20:30:00+07:00,2666.01,2674.65,2648.43,2655.58
2025-05-27 20:45:00+07:00,2655.56,2662.47,2643.28,2654.39
2025-05-27 21:00:00+07:00,2654.41,2667.3,2653.11,2663.92
2025-05-27 21:15:00+07:00,2663.78,2664.38,2648.4,2650.2
2025-05-27 21:30:00+07:00,2650.37,2660.37,2632.35,2659.76
2025-05-27 21:45:00+07:00,2659.5,2670.65,2652.53,2659.93
2025-05-27 22:00:00+07:00,2659.96,2668.02,2652.33,2664.03
2025-05-27 22:15:00+07:00,2664.04,2668.01,2655.57,2662.0
2025-05-27 22:30:00+07:00,2661.98,2666.03,2658.55,2663.19
2025-05-27 22:45:00+07:00,2663.45,2669.54,2661.59,2667.1
2025-05-27 23:00:00+07:00,2667.37,2668.42,2657.19,2665.05
2025-05-27 23:15:00+07:00,2665.09,2679.81,2661.39,2661.39
2025-05-27 23:30:00+07:00,2661.31,2676.21,2660.49,2674.29
2025-05-27 23:45:00+07:00,2674.28,2683.23,2666.6,2669.05
2025-05-28 00:00:00+07:00,2669.38,2693.74,2669.0,2686.96
2025-05-28 00:15:00+07:00,2687.02,2691.94,2670.49,2678.6
2025-05-28 00:30:00+07:00,2678.62,2702.17,2675.25,2699.25
2025-05-28 00:45:00+07:00,2699.24,2711.51,2693.9,2694.71
2025-05-28 01:00:00+07:00,2694.7,2707.32,2693.91,2697.27
2025-05-28 01:15:00+07:00,2697.6,2703.04,2682.53,2683.39
2025-05-28 01:30:00+07:00,2683.41,2690.02,2674.5,2680.34
2025-05-28 01:45:00+07:00,2680.49,2684.63,2677.87,2679.05
2025-05-28 02:00:00+07:00,2679.02,2685.75,2673.28,2681.3
2025-05-28 02:15:00+07:00,2681.27,2684.31,2676.03,2680.21
2025-05-28 02:30:00+07:00,2680.23,2683.07,2670.28,2680.48
2025-05-28 02:45:00+07:00,2680.37,2687.38,2679.89,2686.65
2025-05-28 03:00:00+07:00,2686.68,2693.11,2683.2,2688.54
2025-05-28 03:15:00+07:00,2688.52,2692.32,2679.1,2682.06
2025-05-28 03:30:00+07:00,2682.23,2682.81,2664.53,2666.74
2025-05-28 03:45:00+07:00,2666.85,2676.12,2663.15,2667.28
2025-05-28 04:00:00+07:00,2667.27,2675.8,2667.27,2675.8
2025-05-28 04:15:00+07:00,2675.8,2676.31,2657.38,2664.72
2025-05-28 04:30:00+07:00,2664.9,2671.09,2657.82,2661.36
2025-05-28 04:45:00+07:00,2661.32,2665.3,2657.8,2661.82
2025-05-28 05:00:00+07:00,2661.94,2668.69,2656.0,2660.42
2025-05-28 05:15:00+07:00,2660.42,2665.99,2652.58,2661.71
2025-05-28 05:30:00+07:00,2661.64,2666.67,2658.26,2663.97
2025-05-28 05:45:00+07:00,2663.97,2667.63,2657.1,2658.96
2025-05-28 06:00:00+07:00,2658.94,2662.79,2654.88,2660.2
2025-05-28 06:15:00+07:00,2660.24,2662.16,2651.22,2651.79
2025-05-28 06:30:00+07:00,2651.77,2663.69,2651.21,2660.07
2025-05-28 06:45:00+07:00,2660.05,2663.84,2658.94,2659.85
2025-05-28 07:00:00+07:00,2659.84,2660.77,2647.91,2649.24
2025-05-28 07:15:00+07:00,2649.23,2653.85,2639.75,2651.5
2025-05-28 07:30:00+07:00,2651.66,2653.45,2642.71,2650.28
2025-05-28 07:45:00+07:00,2650.17,2659.65,2642.73,2657.42
2025-05-28 08:00:00+07:00,2657.29,2658.59,2647.73,2647.94
2025-05-28 08:15:00+07:00,2648.04,2648.46,2637.32,2639.25
2025-05-28 08:30:00+07:00,2639.26,2644.53,2635.57,2639.23
2025-05-28 08:45:00+07:00,2639.22,2645.08,2630.29,2633.51
2025-05-28 09:00:00+07:00,2633.5,2636.65,2625.66,2630.22
2025-05-28 09:15:00+07:00,2630.15,2632.1,2617.6,2621.05
2025-05-28 09:30:00+07:00,2621.21,2637.35,2619.08,2634.58
2025-05-28 09:45:00+07:00,2634.54,2641.3,2633.4,2637.33
2025-05-28 10:00:00+07:00,2637.35,2640.11,2632.44,2639.72
2025-05-28 10:15:00+07:00,2639.71,2640.41,2632.18,2635.25
2025-05-28 10:30:00+07:00,2635.13,2646.28,2634.09,2643.05
2025-05-28 10:45:00+07:00,2643.08,2648.86,2642.25,2644.18
2025-05-28 11:00:00+07:00,2644.16,2647.0,2640.13,2641.08
2025-05-28 11:15:00+07:00,2641.11,2644.51,2632.76,2635.79
2025-05-28 11:30:00+07:00,2635.66,2647.38,2635.23,2646.59
2025-05-28 11:45:00+07:00,2646.6,2651.46,2644.77,2645.25
2025-05-28 12:00:00+07:00,2645.27,2645.9,2635.9,2637.81
2025-05-28 12:15:00+07:00,2637.81,2641.73,2636.32,2638.89
2025-05-28 12:30:00+07:00,2638.89,2643.75,2633.61,2637.17
2025-05-28 12:45:00+07:00,2637.14,2640.91,2636.03,2638.34
2025-05-28 13:00:00+07:00,2638.34,2638.37,2623.23,2623.29
2025-05-28 13:15:00+07:00,2623.22,2633.65,2622.45,2632.72
2025-05-28 13:30:00+07:00,2632.71,2632.71,2623.72,2627.13
2025-05-28 13:45:00+07:00,2627.03,2631.44,2625.56,2626.54
2025-05-28 14:00:00+07:00,2626.49,2636.45,2623.5,2633.18
2025-05-28 14:15:00+07:00,2632.9,2637.1,2631.81,2632.79
2025-05-28 14:30:00+07:00,2632.82,2639.6,2632.36,2639.13
2025-05-28 14:45:00+07:00,2639.17,2642.03,2633.97,2635.17
2025-05-28 15:00:00+07:00,2635.25,2639.12,2627.41,2630.76
2025-05-28 15:15:00+07:00,2630.74,2640.14,2628.75,2638.38
2025-05-28 15:30:00+07:00,2638.44,2644.61,2632.22,2643.68
2025-05-28 15:45:00+07:00,2643.68,2643.85,2639.42,2641.82
2025-05-28 16:00:00+07:00,2641.83,2642.54,2634.94,2635.46
2025-05-28 16:15:00+07:00,2635.54,2637.57,2629.34,2630.11
2025-05-28 16:30:00+07:00,2630.09,2632.18,2620.87,2627.42
2025-05-28 16:45:00+07:00,2627.41,2629.5,2623.21,2625.75
2025-05-28 17:00:00+07:00,2625.88,2626.05,2607.62,2625.0
2025-05-28 17:15:00+07:00,2624.97,2633.23,2618.14,2633.23
2025-05-28 17:30:00+07:00,2633.32,2641.49,2632.97,2635.2
2025-05-28 17:45:00+07:00,2635.19,2641.83,2634.19,2639.57
2025-05-28 18:00:00+07:00,2639.46,2648.18,2639.05,2643.06
2025-05-28 18:15:00+07:00,2643.29,2648.15,2640.55,2641.95
2025-05-28 18:30:00+07:00,2641.98,2653.29,2641.94,2649.1
2025-05-28 18:45:00+07:00,2649.06,2658.06,2647.79,2655.91
2025-05-28 19:00:00+07:00,2656.03,2658.95,2651.7,2654.21
2025-05-28 19:15:00+07:00,2654.19,2680.57,2654.02,2670.59
2025-05-28 19:30:00+07:00,2670.51,2675.64,2665.87,2672.77
2025-05-28 19:45:00+07:00,2672.75,2674.8,2663.23,2665.91
2025-05-28 20:00:00+07:00,2666.01,2671.09,2658.78,2667.72
2025-05-28 20:15:00+07:00,2667.7,2676.19,2661.17,2672.66
2025-05-28 20:30:00+07:00,2672.68,2688.36,2664.82,2670.08
2025-05-28 20:45:00+07:00,2670.12,2671.26,2653.16,2656.36
2025-05-28 21:00:00+07:00,2656.24,2659.47,2633.32,2633.55
2025-05-28 21:15:00+07:00,2633.04,2642.11,2619.81,2641.14
2025-05-28 21:30:00+07:00,2641.21,2641.91,2631.31,2636.56
2025-05-28 21:45:00+07:00,2636.45,2640.59,2626.21,2627.61
2025-05-28 22:00:00+07:00,2627.45,2636.65,2612.26,2615.34
2025-05-28 22:15:00+07:00,2615.49,2633.22,2615.1,2630.42
2025-05-28 22:30:00+07:00,2630.34,2639.35,2626.03,2635.87
2025-05-28 22:45:00+07:00,2635.95,2637.69,2624.45,2626.04
2025-05-28 23:00:00+07:00,2626.14,2635.91,2625.78,2632.37
2025-05-28 23:15:00+07:00,2632.18,2642.9,2632.0,2640.89
2025-05-28 23:30:00+07:00,2640.89,2641.0,2632.47,2636.69
2025-05-28 23:45:00+07:00,2636.73,2639.93,2634.34,2639.76
2025-05-29 00:00:00+07:00,2639.78,2661.42,2639.78,2652.48
2025-05-29 00:15:00+07:00,2652.49,2663.81,2646.2,2651.9
2025-05-29 00:30:00+07:00,2651.77,2652.62,2642.42,2646.29
2025-05-29 00:45:00+07:00,2646.32,2654.62,2645.4,2651.69
2025-05-29 01:00:00+07:00,2651.67,2656.29,2647.66,2654.04
2025-05-29 01:15:00+07:00,2654.05,2657.27,2644.2,2644.39
2025-05-29 01:30:00+07:00,2644.38,2650.89,2640.31,2649.44
2025-05-29 01:45:00+07:00,2649.44,2652.26,2632.43,2635.46
2025-05-29 02:00:00+07:00,2635.43,2654.83,2633.95,2648.11
2025-05-29 02:15:00+07:00,2648.09,2652.42,2637.75,2638.7
2025-05-29 02:30:00+07:00,2638.67,2640.46,2618.89,2619.06
2025-05-29 02:45:00+07:00,2618.99,2625.21,2615.18,2616.94
2025-05-29 03:00:00+07:00,2616.48,2626.44,2614.57,2618.83
2025-05-29 03:15:00+07:00,2618.83,2630.44,2611.25,2628.86
2025-05-29 03:30:00+07:00,2628.93,2633.15,2622.03,2630.68
2025-05-29 03:45:00+07:00,2630.7,2634.55,2625.2,2633.42
2025-05-29 04:00:00+07:00,2633.52,2638.68,2629.88,2638.68
2025-05-29 04:15:00+07:00,2638.73,2647.68,2637.48,2639.62
2025-05-29 04:30:00+07:00,2639.45,2646.28,2639.3,2646.28
2025-05-29 04:45:00+07:00,2646.36,2658.34,2644.38,2650.95
2025-05-29 05:00:00+07:00,2650.93,2652.21,2641.34,2645.63
2025-05-29 05:15:00+07:00,2645.7,2646.06,2637.85,2638.76
2025-05-29 05:30:00+07:00,2638.82,2645.37,2636.82,2643.81
2025-05-29 05:45:00+07:00,2643.77,2649.52,2638.21,2647.59
2025-05-29 06:00:00+07:00,2647.5,2672.35,2647.38,2672.13
2025-05-29 06:15:00+07:00,2672.19,2679.07,2663.84,2676.61
2025-05-29 06:30:00+07:00,2676.62,2685.64,2672.98,2675.85
2025-05-29 06:45:00+07:00,2675.79,2682.67,2670.14,2680.25
2025-05-29 07:00:00+07:00,2680.31,2684.61,2669.93,2678.25
2025-05-29 07:15:00+07:00,2678.39,2704.59,2675.79,2701.74
2025-05-29 07:30:00+07:00,2701.83,2708.69,2694.8,2701.37
2025-05-29 07:45:00+07:00,2701.35,2720.95,2701.29,2720.95
2025-05-29 08:00:00+07:00,2720.91,2721.93,2704.15,2710.12
2025-05-29 08:15:00+07:00,2710.14,2719.08,2705.67,2707.32
2025-05-29 08:30:00+07:00,2707.38,2712.69,2697.36,2706.33
2025-05-29 08:45:00+07:00,2706.32,2719.83,2706.15,2710.73
2025-05-29 09:00:00+07:00,2710.72,2713.68,2704.89,2706.98
2025-05-29 09:15:00+07:00,2707.02,2749.62,2707.02,2745.08
2025-05-29 09:30:00+07:00,2745.12,2788.51,2745.12,2771.78
2025-05-29 09:45:00+07:00,2771.81,2774.58,2765.11,2769.89
2025-05-29 10:00:00+07:00,2769.87,2773.07,2753.23,2758.27
2025-05-29 10:15:00+07:00,2758.32,2764.23,2754.22,2761.31
2025-05-29 10:30:00+07:00,2761.48,2769.0,2746.34,2750.24
2025-05-29 10:45:00+07:00,2750.32,2762.58,2749.32,2761.82
2025-05-29 11:00:00+07:00,2761.77,2766.18,2753.13,2757.14
2025-05-29 11:15:00+07:00,2757.19,2757.49,2738.31,2754.24
2025-05-29 11:30:00+07:00,2754.37,2756.73,2717.37,2724.24
2025-05-29 11:45:00+07:00,2724.22,2730.41,2701.31,2726.99
2025-05-29 12:00:00+07:00,2727.18,2731.09,2718.43,2724.51
2025-05-29 12:15:00+07:00,2724.63,2736.05,2722.34,2723.7
2025-05-29 12:30:00+07:00,2723.5,2731.16,2720.84,2730.2
2025-05-29 12:45:00+07:00,2730.15,2734.51,2715.62,2721.96
2025-05-29 13:00:00+07:00,2721.93,2726.01,2715.37,2722.52
2025-05-29 13:15:00+07:00,2722.82,2729.6,2721.92,2729.6
2025-05-29 13:30:00+07:00,2729.54,2731.21,2720.45,2724.36
2025-05-29 13:45:00+07:00,2724.29,2729.91,2724.18,2726.85
2025-05-29 14:00:00+07:00,2726.86,2728.84,2715.49,2726.12
2025-05-29 14:15:00+07:00,2726.13,2735.79,2723.96,2732.74
2025-05-29 14:30:00+07:00,2732.74,2733.75,2725.3,2728.44
2025-05-29 14:45:00+07:00,2728.43,2732.14,2725.52,2730.1
2025-05-29 15:00:00+07:00,2730.17,2731.01,2710.57,2723.75
2025-05-29 15:15:00+07:00,2723.77,2731.48,2719.38,2719.88
2025-05-29 15:30:00+07:00,2719.87,2724.2,2717.38,2717.84
2025-05-29 15:45:00+07:00,2717.78,2726.37,2713.96,2722.06
2025-05-29 16:00:00+07:00,2721.95,2724.24,2715.4,2719.21
2025-05-29 16:15:00+07:00,2719.17,2721.74,2716.6,2719.01
2025-05-29 16:30:00+07:00,2719.13,2728.41,2718.56,2725.02
2025-05-29 16:45:00+07:00,2725.06,2738.69,2723.95,2735.16
2025-05-29 17:00:00+07:00,2735.21,2743.09,2726.13,2728.24
2025-05-29 17:15:00+07:00,2728.26,2732.67,2723.7,2724.06
2025-05-29 17:30:00+07:00,2724.08,2730.26,2723.7,2728.38
2025-05-29 17:45:00+07:00,2728.29,2734.5,2727.64,2729.44
2025-05-29 18:00:00+07:00,2729.51,2729.65,2722.01,2725.78
2025-05-29 18:15:00+07:00,2725.63,2730.69,2723.83,2724.08
2025-05-29 18:30:00+07:00,2724.1,2726.34,2713.61,2716.28
2025-05-29 18:45:00+07:00,2716.21,2716.21,2706.53,2714.92
2025-05-29 19:00:00+07:00,2714.88,2718.08,2706.29,2715.8
2025-05-29 19:15:00+07:00,2715.76,2716.9,2701.05,2707.58
2025-05-29 19:30:00+07:00,2707.67,2716.77,2674.48,2687.14
2025-05-29 19:45:00+07:00,2687.09,2694.49,2680.96,2692.27
2025-05-29 20:00:00+07:00,2692.16,2698.63,2691.48,2694.11
2025-05-29 20:15:00+07:00,2694.0,2697.25,2678.22,2685.45
2025-05-29 20:30:00+07:00,2685.51,2687.1,2656.47,2657.82
2025-05-29 20:45:00+07:00,2657.74,2672.68,2652.44,2659.39
2025-05-29 21:00:00+07:00,2659.23,2666.16,2641.75,2649.21
2025-05-29 21:15:00+07:00,2649.12,2649.89,2620.67,2636.59
2025-05-29 21:30:00+07:00,2636.57,2648.0,2629.26,2646.56
2025-05-29 21:45:00+07:00,2646.66,2674.71,2644.91,2671.03
2025-05-29 22:00:00+07:00,2671.06,2673.55,2660.24,2662.81
2025-05-29 22:15:00+07:00,2662.75,2665.95,2655.91,2660.44
2025-05-29 22:30:00+07:00,2660.52,2661.98,2643.6,2648.92
2025-05-29 22:45:00+07:00,2648.91,2652.04,2637.89,2642.42
2025-05-29 23:00:00+07:00,2642.47,2653.63,2639.56,2651.34
2025-05-29 23:15:00+07:00,2651.24,2659.15,2641.8,2647.95
2025-05-29 23:30:00+07:00,2647.95,2650.3,2640.28,2643.96
2025-05-29 23:45:00+07:00,2643.94,2646.63,2629.39,2639.08
2025-05-30 00:00:00+07:00,2639.03,2645.8,2637.36,2641.99
2025-05-30 00:15:00+07:00,2641.95,2651.88,2638.14,2648.02
2025-05-30 00:30:00+07:00,2648.08,2662.09,2646.99,2650.23
2025-05-30 00:45:00+07:00,2650.24,2669.08,2648.94,2658.24
2025-05-30 01:00:00+07:00,2658.38,2672.44,2656.66,2669.09
2025-05-30 01:15:00+07:00,2669.09,2671.17,2654.21,2655.04
2025-05-30 01:30:00+07:00,2655.05,2659.94,2644.29,2646.83
2025-05-30 01:45:00+07:00,2646.86,2657.65,2645.78,2648.88
2025-05-30 02:00:00+07:00,2648.91,2656.38,2627.57,2630.0
2025-05-30 02:15:00+07:00,2630.03,2644.13,2629.66,2642.41
2025-05-30 02:30:00+07:00,2642.37,2648.53,2638.07,2640.86
2025-05-30 02:45:00+07:00,2640.8,2654.55,2640.36,2648.99
2025-05-30 03:00:00+07:00,2648.97,2660.72,2648.13,2650.45
2025-05-30 03:15:00+07:00,2650.5,2659.09,2650.5,2652.06
2025-05-30 03:30:00+07:00,2652.08,2655.61,2641.94,2642.31
2025-05-30 03:45:00+07:00,2642.52,2645.33,2639.12,2642.93
2025-05-30 04:00:00+07:00,2642.95,2646.2,2642.68,2644.4
2025-05-30 04:15:00+07:00,2644.4,2651.45,2643.56,2648.42
2025-05-30 04:30:00+07:00,2648.42,2654.5,2648.28,2654.0
2025-05-30 04:45:00+07:00,2654.04,2661.26,2648.69,2659.57
2025-05-30 05:00:00+07:00,2659.58,2667.92,2656.7,2662.3
2025-05-30 05:15:00+07:00,2662.29,2667.06,2658.2,2658.29
2025-05-30 05:30:00+07:00,2658.23,2659.68,2655.66,2655.66
2025-05-30 05:45:00+07:00,2655.63,2658.13,2643.85,2644.02
2025-05-30 06:00:00+07:00,2644.04,2648.18,2642.71,2643.39
2025-05-30 06:15:00+07:00,2643.42,2644.27,2627.2,2633.19
2025-05-30 06:30:00+07:00,2633.79,2637.77,2627.07,2631.76
2025-05-30 06:45:00+07:00,2631.77,2633.68,2618.02,2630.48
2025-05-30 07:00:00+07:00,2630.46,2640.97,2630.0,2640.83
2025-05-30 07:15:00+07:00,2640.87,2644.32,2633.63,2636.49
2025-05-30 07:30:00+07:00,2636.39,2636.99,2620.28,2629.47
2025-05-30 07:45:00+07:00,2629.49,2630.44,2557.7,2572.12
2025-05-30 08:00:00+07:00,2572.25,2596.02,2567.39,2594.2
2025-05-30 08:15:00+07:00,2594.05,2607.26,2587.33,2604.75
2025-05-30 08:30:00+07:00,2604.75,2607.84,2595.53,2604.56
2025-05-30 08:45:00+07:00,2604.52,2606.82,2593.98,2597.1
2025-05-30 09:00:00+07:00,2597.06,2616.72,2596.52,2613.62
2025-05-30 09:15:00+07:00,2613.6,2621.89,2611.11,2618.43
2025-05-30 09:30:00+07:00,2618.41,2633.17,2617.82,2630.19
2025-05-30 09:45:00+07:00,2630.14,2632.02,2624.48,2628.83
2025-05-30 10:00:00+07:00,2628.8,2639.71,2624.96,2635.91
2025-05-30 10:15:00+07:00,2635.97,2641.31,2631.89,2637.45
2025-05-30 10:30:00+07:00,2637.42,2639.48,2631.34,2633.79
2025-05-30 10:45:00+07:00,2633.77,2635.85,2627.94,2630.1
2025-05-30 11:00:00+07:00,2630.12,2630.67,2620.96,2625.91
2025-05-30 11:15:00+07:00,2625.89,2628.54,2621.13,2622.58
2025-05-30 11:30:00+07:00,2622.54,2631.95,2620.3,2631.42
2025-05-30 11:45:00+07:00,2631.59,2637.35,2631.59,2634.0
2025-05-30 12:00:00+07:00,2634.05,2638.86,2631.6,2631.74
2025-05-30 12:15:00+07:00,2631.71,2638.37,2629.22,2635.59
2025-05-30 12:30:00+07:00,2635.54,2648.19,2634.7,2644.74
2025-05-30 12:45:00+07:00,2644.77,2644.77,2635.22,2642.76
2025-05-30 13:00:00+07:00,2642.74,2644.01,2635.42,2636.59
2025-05-30 13:15:00+07:00,2636.58,2636.8,2624.67,2626.49
2025-05-30 13:30:00+07:00,2626.45,2629.75,2611.39,2615.82
2025-05-30 13:45:00+07:00,2615.81,2621.41,2605.59,2619.36
2025-05-30 14:00:00+07:00,2619.38,2628.04,2614.13,2620.91
2025-05-30 14:15:00+07:00,2620.88,2642.28,2620.88,2630.92
2025-05-30 14:30:00+07:00,2630.87,2630.87,2618.95,2625.71
2025-05-30 14:45:00+07:00,2625.58,2628.86,2613.78,2617.55
2025-05-30 15:00:00+07:00,2617.6,2623.49,2606.57,2616.69
2025-05-30 15:15:00+07:00,2616.87,2621.96,2609.3,2621.19
2025-05-30 15:30:00+07:00,2621.16,2626.18,2610.42,2619.15
2025-05-30 15:45:00+07:00,2619.29,2624.62,2616.26,2616.45
2025-05-30 16:00:00+07:00,2616.32,2622.85,2609.53,2613.44
2025-05-30 16:15:00+07:00,2613.47,2620.51,2611.71,2613.72
2025-05-30 16:30:00+07:00,2613.7,2614.47,2587.35,2601.4
2025-05-30 16:45:00+07:00,2601.34,2616.96,2596.78,2614.28
2025-05-30 17:00:00+07:00,2614.16,2617.18,2602.82,2603.57
2025-05-30 17:15:00+07:00,2603.55,2616.5,2601.68,2616.2
2025-05-30 17:30:00+07:00,2616.17,2616.7,2609.07,2613.55
2025-05-30 17:45:00+07:00,2613.49,2622.67,2612.01,2621.21
2025-05-30 18:00:00+07:00,2621.23,2627.21,2618.7,2618.7
2025-05-30 18:15:00+07:00,2618.71,2624.92,2613.82,2616.46
2025-05-30 18:30:00+07:00,2616.53,2622.63,2614.49,2614.92
2025-05-30 18:45:00+07:00,2614.96,2623.46,2614.87,2620.88
2025-05-30 19:00:00+07:00,2620.89,2625.34,2587.76,2587.82
2025-05-30 19:15:00+07:00,2587.78,2601.17,2577.93,2593.63
2025-05-30 19:30:00+07:00,2593.3,2616.95,2592.1,2614.94
2025-05-30 19:45:00+07:00,2614.93,2621.35,2608.81,2609.02
2025-05-30 20:00:00+07:00,2609.08,2617.29,2601.23,2604.11
2025-05-30 20:15:00+07:00,2604.03,2607.31,2587.54,2592.03
2025-05-30 20:30:00+07:00,2591.96,2598.42,2581.88,2593.0
2025-05-30 20:45:00+07:00,2593.03,2595.65,2571.19,2575.37
2025-05-30 21:00:00+07:00,2575.59,2588.88,2575.59,2582.95
2025-05-30 21:15:00+07:00,2582.89,2587.78,2577.06,2586.53
2025-05-30 21:30:00+07:00,2586.46,2603.11,2584.38,2593.17
2025-05-30 21:45:00+07:00,2593.49,2599.07,2586.47,2594.06
2025-05-30 22:00:00+07:00,2594.05,2606.1,2593.46,2605.37
2025-05-30 22:15:00+07:00,2605.36,2615.23,2596.82,2611.91
2025-05-30 22:30:00+07:00,2611.84,2613.27,2596.08,2602.29
2025-05-30 22:45:00+07:00,2602.13,2604.75,2595.88,2596.75
2025-05-30 23:00:00+07:00,2596.88,2603.04,2590.61,2595.49
2025-05-30 23:15:00+07:00,2595.61,2595.61,2568.86,2571.21
2025-05-30 23:30:00+07:00,2571.41,2572.89,2532.16,2551.21
2025-05-30 23:45:00+07:00,2551.24,2551.68,2538.26,2539.52
2025-05-31 00:00:00+07:00,2539.54,2558.53,2538.65,2550.59
2025-05-31 00:15:00+07:00,2550.57,2556.77,2544.15,2546.39
2025-05-31 00:30:00+07:00,2546.38,2553.26,2541.73,2546.0
2025-05-31 00:45:00+07:00,2546.01,2549.67,2538.2,2548.46
2025-05-31 01:00:00+07:00,2548.21,2559.74,2546.51,2555.43
2025-05-31 01:15:00+07:00,2555.44,2575.97,2555.44,2572.67
2025-05-31 01:30:00+07:00,2572.66,2574.79,2566.28,2569.51
2025-05-31 01:45:00+07:00,2569.14,2577.86,2568.99,2576.94
2025-05-31 02:00:00+07:00,2576.81,2584.34,2573.13,2577.16
2025-05-31 02:15:00+07:00,2577.2,2581.03,2576.87,2579.61
2025-05-31 02:30:00+07:00,2579.6,2580.73,2572.28,2576.05
2025-05-31 02:45:00+07:00,2575.98,2579.54,2571.37,2573.35
2025-05-31 03:00:00+07:00,2573.3,2574.97,2564.59,2568.27
2025-05-31 03:15:00+07:00,2568.32,2577.52,2567.88,2571.64
2025-05-31 03:30:00+07:00,2571.71,2584.19,2568.2,2582.61
2025-05-31 03:45:00+07:00,2582.5,2588.41,2574.34,2576.37
2025-05-31 04:00:00+07:00,2576.46,2582.28,2575.26,2580.83
2025-05-31 04:15:00+07:00,2580.88,2585.27,2579.85,2580.45
2025-05-31 04:30:00+07:00,2580.4,2584.08,2567.26,2568.14
2025-05-31 04:45:00+07:00,2568.2,2572.96,2561.84,2568.12
2025-05-31 05:00:00+07:00,2568.12,2572.1,2559.14,2564.96
2025-05-31 05:15:00+07:00,2564.93,2564.93,2544.98,2547.22
2025-05-31 05:30:00+07:00,2547.39,2553.24,2522.13,2523.55
2025-05-31 05:45:00+07:00,2523.69,2543.41,2523.69,2525.57
2025-05-31 06:00:00+07:00,2525.62,2535.24,2512.12,2526.31
2025-05-31 06:15:00+07:00,2526.33,2533.35,2506.55,2518.47
2025-05-31 06:30:00+07:00,2518.56,2526.16,2507.75,2517.86
2025-05-31 06:45:00+07:00,2517.95,2532.69,2517.95,2529.79
2025-05-31 07:00:00+07:00,2529.81,2538.57,2522.39,2525.84
2025-05-31 07:15:00+07:00,2525.97,2529.0,2501.86,2514.65
2025-05-31 07:30:00+07:00,2514.72,2533.66,2514.72,2530.71
2025-05-31 07:45:00+07:00,2530.65,2534.16,2515.83,2518.85
2025-05-31 08:00:00+07:00,2518.83,2524.32,2508.08,2519.87
2025-05-31 08:15:00+07:00,2519.99,2527.02,2502.95,2508.1
2025-05-31 08:30:00+07:00,2508.1,2513.37,2474.93,2497.05
2025-05-31 08:45:00+07:00,2496.81,2497.63,2483.41,2492.16
2025-05-31 09:00:00+07:00,2491.9,2510.93,2484.34,2509.64
2025-05-31 09:15:00+07:00,2509.63,2515.86,2502.27,2503.98
2025-05-31 09:30:00+07:00,2504.17,2504.2,2491.37,2497.77
2025-05-31 09:45:00+07:00,2497.77,2501.22,2484.32,2489.32
2025-05-31 10:00:00+07:00,2489.27,2496.03,2483.97,2494.94
2025-05-31 10:15:00+07:00,2494.95,2504.45,2485.88,2503.42
2025-05-31 10:30:00+07:00,2503.44,2511.54,2498.96,2511.08
2025-05-31 10:45:00+07:00,2511.12,2515.76,2508.81,2512.81
2025-05-31 11:00:00+07:00,2512.84,2512.87,2503.62,2508.62
2025-05-31 11:15:00+07:00,2508.53,2525.29,2503.46,2518.36
2025-05-31 11:30:00+07:00,2518.31,2522.34,2516.44,2516.91
2025-05-31 11:45:00+07:00,2516.92,2523.48,2516.92,2521.42
2025-05-31 12:00:00+07:00,2521.42,2525.32,2516.73,2517.36
2025-05-31 12:15:00+07:00,2517.27,2519.71,2512.72,2516.94
2025-05-31 12:30:00+07:00,2516.94,2521.3,2514.74,2520.74
2025-05-31 12:45:00+07:00,2520.69,2520.69,2510.48,2511.21
2025-05-31 13:00:00+07:00,2511.19,2519.13,2511.02,2517.01
2025-05-31 13:15:00+07:00,2517.02,2520.99,2515.55,2518.61
2025-05-31 13:30:00+07:00,2518.58,2525.21,2515.48,2524.28
2025-05-31 13:45:00+07:00,2524.24,2524.36,2519.22,2520.33
2025-05-31 14:00:00+07:00,2520.3,2522.28,2515.88,2515.9
2025-05-31 14:15:00+07:00,2515.83,2519.99,2513.49,2518.55
2025-05-31 14:30:00+07:00,2518.53,2522.78,2518.08,2519.58
2025-05-31 14:45:00+07:00,2519.61,2524.7,2517.57,2519.93
2025-05-31 15:00:00+07:00,2520.02,2524.85,2518.56,2519.17
2025-05-31 15:15:00+07:00,2519.19,2523.21,2515.72,2519.75
2025-05-31 15:30:00+07:00,2519.59,2524.54,2514.84,2517.38
2025-05-31 15:45:00+07:00,2517.35,2529.23,2516.94,2523.38
2025-05-31 16:00:00+07:00,2523.37,2528.35,2522.08,2524.75
2025-05-31 16:15:00+07:00,2524.74,2526.42,2516.17,2518.41
2025-05-31 16:30:00+07:00,2518.39,2521.9,2517.2,2519.16
2025-05-31 16:45:00+07:00,2519.18,2523.3,2517.62,2522.27
2025-05-31 17:00:00+07:00,2522.28,2537.04,2519.12,2531.66
2025-05-31 17:15:00+07:00,2531.75,2537.62,2520.32,2521.27
2025-05-31 17:30:00+07:00,2521.24,2523.13,2512.27,2514.91
2025-05-31 17:45:00+07:00,2514.9,2519.98,2507.46,2519.0
2025-05-31 18:00:00+07:00,2519.07,2520.88,2508.59,2511.32
2025-05-31 18:15:00+07:00,2511.3,2518.36,2510.55,2516.18
2025-05-31 18:30:00+07:00,2516.15,2519.48,2511.86,2518.74
2025-05-31 18:45:00+07:00,2518.91,2519.74,2516.74,2518.55
2025-05-31 19:00:00+07:00,2518.57,2530.76,2515.31,2529.36
2025-05-31 19:15:00+07:00,2529.37,2532.83,2523.82,2524.87
2025-05-31 19:30:00+07:00,2524.95,2530.62,2524.32,2526.66
2025-05-31 19:45:00+07:00,2526.7,2536.9,2526.7,2536.56
2025-05-31 20:00:00+07:00,2536.27,2546.41,2533.96,2536.67
2025-05-31 20:15:00+07:00,2536.65,2539.53,2528.86,2533.99
2025-05-31 20:30:00+07:00,2533.98,2538.29,2530.0,2530.2
2025-05-31 20:45:00+07:00,2530.23,2532.19,2525.04,2531.86
2025-05-31 21:00:00+07:00,2531.62,2542.82,2529.99,2540.24
2025-05-31 21:15:00+07:00,2540.31,2543.25,2535.08,2537.32
2025-05-31 21:30:00+07:00,2537.3,2540.9,2535.3,2539.41
2025-05-31 21:45:00+07:00,2539.4,2542.35,2537.12,2541.05
2025-05-31 22:00:00+07:00,2540.96,2543.24,2532.88,2537.34
2025-05-31 22:15:00+07:00,2537.31,2549.04,2536.3,2545.92
2025-05-31 22:30:00+07:00,2545.92,2547.39,2535.45,2535.81
2025-05-31 22:45:00+07:00,2535.82,2538.12,2531.08,2535.01
2025-05-31 23:00:00+07:00,2534.96,2539.08,2531.64,2536.87
2025-05-31 23:15:00+07:00,2536.87,2545.49,2536.87,2542.46
2025-05-31 23:30:00+07:00,2542.47,2546.57,2535.05,2538.98
2025-05-31 23:45:00+07:00,2538.96,2540.36,2535.62,2539.43
2025-06-01 00:00:00+07:00,2539.4,2539.86,2533.77,2538.07
2025-06-01 00:15:00+07:00,2538.03,2540.14,2533.44,2534.04
2025-06-01 00:30:00+07:00,2534.1,2536.85,2531.43,2534.25
2025-06-01 00:45:00+07:00,2534.24,2534.81,2522.41,2526.23
2025-06-01 01:00:00+07:00,2526.19,2534.2,2524.59,2533.63
2025-06-01 01:15:00+07:00,2533.66,2541.42,2532.83,2536.51
2025-06-01 01:30:00+07:00,2536.51,2539.98,2535.12,2535.41
2025-06-01 01:45:00+07:00,2535.66,2539.56,2534.14,2538.59
2025-06-01 02:00:00+07:00,2538.63,2541.95,2536.28,2537.19
2025-06-01 02:15:00+07:00,2537.18,2541.22,2536.96,2540.21
2025-06-01 02:30:00+07:00,2540.26,2541.45,2536.4,2538.27
2025-06-01 02:45:00+07:00,2538.21,2540.08,2535.08,2536.34
2025-06-01 03:00:00+07:00,2536.32,2539.7,2530.56,2532.86
2025-06-01 03:15:00+07:00,2532.91,2539.84,2531.15,2538.66
2025-06-01 03:30:00+07:00,2538.62,2540.3,2537.38,2538.21
2025-06-01 03:45:00+07:00,2538.24,2541.19,2537.78,2540.93
2025-06-01 04:00:00+07:00,2540.97,2549.29,2539.74,2539.79
2025-06-01 04:15:00+07:00,2539.8,2543.28,2537.91,2542.93
2025-06-01 04:30:00+07:00,2542.93,2545.38,2539.33,2543.01
2025-06-01 04:45:00+07:00,2543.02,2544.19,2538.63,2542.22
2025-06-01 05:00:00+07:00,2542.24,2544.02,2535.12,2539.94
2025-06-01 05:15:00+07:00,2539.92,2540.14,2535.03,2535.48
2025-06-01 05:30:00+07:00,2535.48,2538.03,2533.21,2537.55
2025-06-01 05:45:00+07:00,2537.52,2537.52,2529.25,2529.49
2025-06-01 06:00:00+07:00,2529.47,2537.32,2523.1,2537.12
2025-06-01 06:15:00+07:00,2537.17,2546.59,2532.71,2533.21
2025-06-01 06:30:00+07:00,2533.21,2535.03,2527.65,2529.36
2025-06-01 06:45:00+07:00,2529.35,2530.42,2525.49,2527.01
2025-06-01 07:00:00+07:00,2526.99,2527.76,2517.0,2519.36
2025-06-01 07:15:00+07:00,2519.35,2522.07,2514.1,2516.68
2025-06-01 07:30:00+07:00,2516.76,2520.77,2514.84,2520.77
2025-06-01 07:45:00+07:00,2520.78,2524.99,2519.92,2524.91
2025-06-01 08:00:00+07:00,2524.88,2528.03,2517.23,2527.15
2025-06-01 08:15:00+07:00,2527.12,2529.41,2517.21,2522.24
2025-06-01 08:30:00+07:00,2522.25,2524.91,2515.46,2515.93
2025-06-01 08:45:00+07:00,2515.92,2519.84,2491.87,2506.4
2025-06-01 09:00:00+07:00,2506.41,2506.41,2492.47,2495.88
2025-06-01 09:15:00+07:00,2495.97,2508.52,2495.84,2506.3
2025-06-01 09:30:00+07:00,2506.36,2511.57,2506.36,2508.85
2025-06-01 09:45:00+07:00,2508.79,2512.64,2504.61,2506.03
2025-06-01 10:00:00+07:00,2506.05,2507.64,2499.33,2500.34
2025-06-01 10:15:00+07:00,2500.32,2505.02,2491.35,2501.14
2025-06-01 10:30:00+07:00,2501.18,2510.69,2501.11,2508.85
2025-06-01 10:45:00+07:00,2508.69,2517.51,2508.69,2512.09
2025-06-01 11:00:00+07:00,2512.06,2514.72,2510.24,2511.63
2025-06-01 11:15:00+07:00,2511.63,2515.36,2511.63,2514.67
2025-06-01 11:30:00+07:00,2514.77,2524.34,2514.77,2522.52
2025-06-01 11:45:00+07:00,2522.53,2526.19,2520.68,2521.01
2025-06-01 12:00:00+07:00,2520.98,2526.28,2520.15,2521.69
2025-06-01 12:15:00+07:00,2521.68,2523.14,2516.35,2518.49
2025-06-01 12:30:00+07:00,2518.49,2521.21,2515.75,2515.75
2025-06-01 12:45:00+07:00,2515.78,2519.25,2514.48,2517.41
2025-06-01 13:00:00+07:00,2517.36,2518.19,2514.42,2515.77
2025-06-01 13:15:00+07:00,2515.81,2515.89,2507.79,2512.14
2025-06-01 13:30:00+07:00,2512.16,2517.91,2512.16,2514.26
2025-06-01 13:45:00+07:00,2514.34,2516.11,2509.98,2511.23
2025-06-01 14:00:00+07:00,2511.19,2512.54,2506.13,2511.98
2025-06-01 14:15:00+07:00,2512.21,2514.42,2509.56,2511.44
2025-06-01 14:30:00+07:00,2511.48,2511.88,2504.75,2507.25
2025-06-01 14:45:00+07:00,2507.37,2509.26,2504.86,2507.69
2025-06-01 15:00:00+07:00,2507.64,2509.69,2502.16,2503.43
2025-06-01 15:15:00+07:00,2503.59,2505.41,2497.6,2501.3
2025-06-01 15:30:00+07:00,2501.29,2507.51,2499.98,2506.76
2025-06-01 15:45:00+07:00,2506.76,2507.61,2499.91,2504.61
2025-06-01 16:00:00+07:00,2504.69,2509.65,2495.97,2500.43
2025-06-01 16:15:00+07:00,2500.36,2501.24,2490.83,2493.23
2025-06-01 16:30:00+07:00,2493.27,2493.52,2481.63,2484.6
2025-06-01 16:45:00+07:00,2484.59,2491.63,2476.39,2491.14
2025-06-01 17:00:00+07:00,2491.1,2494.84,2485.51,2493.35
2025-06-01 17:15:00+07:00,2493.28,2495.63,2490.92,2493.38
2025-06-01 17:30:00+07:00,2493.4,2494.05,2486.23,2489.42
2025-06-01 17:45:00+07:00,2489.41,2493.56,2485.97,2492.59
2025-06-01 18:00:00+07:00,2492.58,2495.78,2489.97,2492.38
2025-06-01 18:15:00+07:00,2492.35,2500.94,2492.35,2498.5
2025-06-01 18:30:00+07:00,2498.52,2501.69,2496.57,2501.41
2025-06-01 18:45:00+07:00,2501.42,2501.73,2494.48,2496.1
2025-06-01 19:00:00+07:00,2496.26,2500.53,2491.64,2497.34
2025-06-01 19:15:00+07:00,2497.39,2498.67,2488.85,2492.2
2025-06-01 19:30:00+07:00,2492.13,2492.95,2467.39,2480.51
2025-06-01 19:45:00+07:00,2480.48,2483.66,2475.85,2483.25
2025-06-01 20:00:00+07:00,2483.06,2489.9,2479.52,2489.86
2025-06-01 20:15:00+07:00,2489.75,2495.73,2486.73,2490.09
2025-06-01 20:30:00+07:00,2490.12,2496.48,2489.47,2495.73
2025-06-01 20:45:00+07:00,2495.75,2497.57,2491.87,2492.79
2025-06-01 21:00:00+07:00,2492.81,2507.93,2492.81,2501.86
2025-06-01 21:15:00+07:00,2501.88,2513.62,2501.88,2510.83
2025-06-01 21:30:00+07:00,2510.92,2514.44,2507.85,2512.15
2025-06-01 21:45:00+07:00,2512.32,2517.38,2507.29,2508.34
2025-06-01 22:00:00+07:00,2508.18,2509.92,2502.91,2505.4
2025-06-01 22:15:00+07:00,2505.43,2518.84,2503.86,2516.37
2025-06-01 22:30:00+07:00,2516.6,2521.64,2514.32,2520.62
2025-06-01 22:45:00+07:00,2520.56,2523.99,2517.04,2522.05
2025-06-01 23:00:00+07:00,2522.03,2540.64,2519.77,2536.33
2025-06-01 23:15:00+07:00,2536.2,2541.42,2528.45,2535.65
2025-06-01 23:30:00+07:00,2535.68,2546.79,2531.14,2544.33
2025-06-01 23:45:00+07:00,2544.43,2546.46,2535.93,2537.6
2025-06-02 00:00:00+07:00,2537.62,2542.59,2532.96,2538.0
2025-06-02 00:15:00+07:00,2538.02,2542.98,2536.27,2542.98
2025-06-02 00:30:00+07:00,2542.98,2545.92,2538.6,2538.85
2025-06-02 00:45:00+07:00,2538.82,2542.79,2536.21,2537.83
2025-06-02 01:00:00+07:00,2537.93,2537.99,2523.4,2528.54
2025-06-02 01:15:00+07:00,2528.54,2529.01,2511.53,2514.89
2025-06-02 01:30:00+07:00,2514.84,2514.84,2492.71,2499.98
2025-06-02 01:45:00+07:00,2499.99,2522.53,2498.52,2518.99
2025-06-02 02:00:00+07:00,2519.09,2525.7,2510.54,2513.67
2025-06-02 02:15:00+07:00,2513.68,2521.44,2512.6,2517.67
2025-06-02 02:30:00+07:00,2517.75,2521.49,2516.17,2518.94
2025-06-02 02:45:00+07:00,2518.95,2526.25,2518.95,2525.18
2025-06-02 03:00:00+07:00,2525.09,2525.64,2518.23,2521.34
2025-06-02 03:15:00+07:00,2521.35,2527.31,2521.35,2525.78
2025-06-02 03:30:00+07:00,2525.89,2536.03,2525.0,2533.7
2025-06-02 03:45:00+07:00,2533.76,2534.99,2522.88,2524.58
2025-06-02 04:00:00+07:00,2524.52,2530.98,2523.28,2530.31
2025-06-02 04:15:00+07:00,2530.32,2535.09,2530.11,2531.97
2025-06-02 04:30:00+07:00,2532.05,2539.82,2530.33,2532.82
2025-06-02 04:45:00+07:00,2532.85,2539.75,2532.38,2538.12
2025-06-02 05:00:00+07:00,2538.05,2546.44,2537.84,2545.28
2025-06-02 05:15:00+07:00,2545.3,2546.08,2534.13,2535.69
2025-06-02 05:30:00+07:00,2535.76,2538.93,2534.13,2537.27
2025-06-02 05:45:00+07:00,2537.27,2537.36,2531.35,2534.17
2025-06-02 06:00:00+07:00,2534.13,2542.26,2533.15,2540.07
2025-06-02 06:15:00+07:00,2540.09,2544.18,2536.33,2536.73
2025-06-02 06:30:00+07:00,2536.83,2541.3,2533.98,2534.85
2025-06-02 06:45:00+07:00,2534.83,2538.4,2532.1,2538.04
2025-06-02 07:00:00+07:00,2538.09,2539.67,2533.7,2535.18
2025-06-02 07:15:00+07:00,2535.24,2538.88,2527.68,2529.5
2025-06-02 07:30:00+07:00,2529.52,2533.55,2525.4,2533.36
2025-06-02 07:45:00+07:00,2533.43,2533.54,2528.94,2533.37
2025-06-02 08:00:00+07:00,2533.39,2540.48,2533.11,2538.14
2025-06-02 08:15:00+07:00,2536.65,2540.82,2528.39,2530.54
2025-06-02 08:30:00+07:00,2529.87,2531.38,2525.58,2526.67
2025-06-02 08:45:00+07:00,2526.68,2530.34,2523.92,2525.2
2025-06-02 09:00:00+07:00,2525.18,2526.58,2514.3,2516.76
2025-06-02 09:15:00+07:00,2516.77,2522.04,2512.51,2518.74
2025-06-02 09:30:00+07:00,2518.73,2522.0,2513.8,2520.0
2025-06-02 09:45:00+07:00,2519.9,2520.66,2506.45,2507.69
2025-06-02 10:00:00+07:00,2507.71,2509.26,2491.94,2492.35
2025-06-02 10:15:00+07:00,2492.34,2497.98,2484.09,2493.01
2025-06-02 10:30:00+07:00,2492.98,2502.17,2488.82,2497.43
2025-06-02 10:45:00+07:00,2497.53,2499.24,2492.44,2495.07
2025-06-02 11:00:00+07:00,2495.1,2498.67,2491.74,2498.23
2025-06-02 11:15:00+07:00,2498.24,2500.56,2495.23,2495.51
2025-06-02 11:30:00+07:00,2495.48,2500.68,2494.83,2497.86
2025-06-02 11:45:00+07:00,2497.79,2499.05,2486.37,2491.46
2025-06-02 12:00:00+07:00,2491.54,2496.15,2485.37,2494.41
2025-06-02 12:15:00+07:00,2494.36,2496.26,2487.98,2493.6
2025-06-02 12:30:00+07:00,2493.57,2493.85,2485.51,2485.51
2025-06-02 12:45:00+07:00,2485.5,2492.12,2482.37,2491.71
2025-06-02 13:00:00+07:00,2491.73,2498.4,2486.15,2488.09
2025-06-02 13:15:00+07:00,2488.27,2494.16,2483.42,2493.39
2025-06-02 13:30:00+07:00,2493.4,2498.37,2487.09,2497.69
2025-06-02 13:45:00+07:00,2497.88,2498.89,2492.29,2493.65
2025-06-02 14:00:00+07:00,2493.59,2506.03,2493.34,2504.5
2025-06-02 14:15:00+07:00,2504.57,2512.85,2500.07,2501.95
2025-06-02 14:30:00+07:00,2501.83,2506.8,2498.7,2506.3
2025-06-02 14:45:00+07:00,2506.28,2507.81,2501.86,2505.66
2025-06-02 15:00:00+07:00,2505.63,2510.88,2502.33,2506.99
2025-06-02 15:15:00+07:00,2507.05,2513.75,2502.32,2512.01
2025-06-02 15:30:00+07:00,2511.95,2514.95,2497.03,2498.99
2025-06-02 15:45:00+07:00,2498.69,2501.64,2488.84,2493.26
2025-06-02 16:00:00+07:00,2493.3,2493.77,2477.11,2481.41
2025-06-02 16:15:00+07:00,2481.41,2486.92,2476.41,2483.68
2025-06-02 16:30:00+07:00,2482.47,2488.46,2477.45,2479.53
2025-06-02 16:45:00+07:00,2479.15,2482.42,2473.62,2480.5
2025-06-02 17:00:00+07:00,2480.48,2488.81,2475.16,2488.07
2025-06-02 17:15:00+07:00,2488.05,2488.05,2476.83,2481.46
2025-06-02 17:30:00+07:00,2481.51,2484.52,2476.0,2480.42
2025-06-02 17:45:00+07:00,2480.36,2483.77,2479.65,2481.03
2025-06-02 18:00:00+07:00,2481.02,2487.73,2476.96,2485.75
2025-06-02 18:15:00+07:00,2485.64,2487.02,2481.39,2481.79
2025-06-02 18:30:00+07:00,2481.91,2485.43,2475.71,2477.13
2025-06-02 18:45:00+07:00,2477.15,2482.31,2474.62,2480.13
2025-06-02 19:00:00+07:00,2480.0,2484.67,2477.67,2483.63
2025-06-02 19:15:00+07:00,2483.78,2483.78,2477.0,2483.05
2025-06-02 19:30:00+07:00,2483.08,2496.5,2481.67,2492.63
2025-06-02 19:45:00+07:00,2492.69,2497.36,2489.19,2496.93
2025-06-02 20:00:00+07:00,2496.97,2498.27,2487.53,2491.91
2025-06-02 20:15:00+07:00,2491.87,2501.84,2486.6,2499.25
2025-06-02 20:30:00+07:00,2499.12,2519.16,2498.63,2510.8
2025-06-02 20:45:00+07:00,2510.86,2512.27,2495.22,2503.66
2025-06-02 21:00:00+07:00,2503.41,2515.66,2494.59,2513.66
2025-06-02 21:15:00+07:00,2513.76,2539.58,2508.48,2530.07
2025-06-02 21:30:00+07:00,2530.18,2536.54,2521.51,2523.99
2025-06-02 21:45:00+07:00,2523.91,2531.27,2516.68,2530.34
2025-06-02 22:00:00+07:00,2530.33,2536.97,2522.25,2534.61
2025-06-02 22:15:00+07:00,2534.63,2555.7,2530.57,2538.41
2025-06-02 22:30:00+07:00,2538.45,2542.14,2532.57,2539.54
2025-06-02 22:45:00+07:00,2539.51,2546.69,2537.07,2543.05
2025-06-02 23:00:00+07:00,2543.21,2544.98,2535.66,2536.26
2025-06-02 23:15:00+07:00,2536.23,2541.04,2528.68,2533.21
2025-06-02 23:30:00+07:00,2533.19,2540.73,2531.06,2537.15
2025-06-02 23:45:00+07:00,2537.21,2553.1,2534.9,2545.37
2025-06-03 00:00:00+07:00,2545.35,2551.41,2538.47,2539.18
2025-06-03 00:15:00+07:00,2538.94,2552.02,2537.7,2543.15
2025-06-03 00:30:00+07:00,2543.12,2546.81,2537.65,2540.84
2025-06-03 00:45:00+07:00,2540.86,2551.61,2539.32,2548.77
2025-06-03 01:00:00+07:00,2548.78,2552.11,2543.46,2550.49
2025-06-03 01:15:00+07:00,2550.46,2564.14,2546.13,2555.94
2025-06-03 01:30:00+07:00,2555.87,2556.62,2543.83,2544.77
2025-06-03 01:45:00+07:00,2544.74,2544.74,2536.65,2543.43
2025-06-03 02:00:00+07:00,2543.42,2548.04,2533.34,2533.34
2025-06-03 02:15:00+07:00,2533.36,2541.54,2533.01,2536.93
2025-06-03 02:30:00+07:00,2537.04,2537.63,2523.36,2527.96
2025-06-03 02:45:00+07:00,2527.95,2533.33,2524.62,2531.21
2025-06-03 03:00:00+07:00,2531.16,2545.52,2530.7,2544.84
2025-06-03 03:15:00+07:00,2544.87,2546.84,2539.14,2541.06
2025-06-03 03:30:00+07:00,2541.09,2542.49,2537.02,2539.81
2025-06-03 03:45:00+07:00,2539.77,2540.63,2534.49,2538.7
2025-06-03 04:00:00+07:00,2538.73,2546.92,2538.4,2545.06
2025-06-03 04:15:00+07:00,2545.05,2545.45,2539.37,2545.23
2025-06-03 04:30:00+07:00,2545.25,2553.36,2542.72,2549.9
2025-06-03 04:45:00+07:00,2550.06,2560.23,2548.89,2559.13
2025-06-03 05:00:00+07:00,2559.1,2574.43,2558.61,2570.89
2025-06-03 05:15:00+07:00,2570.88,2583.06,2568.23,2579.65
2025-06-03 05:30:00+07:00,2579.6,2583.86,2573.53,2575.65
2025-06-03 05:45:00+07:00,2575.67,2583.5,2573.37,2583.5
2025-06-03 06:00:00+07:00,2583.52,2604.69,2581.48,2592.64
2025-06-03 06:15:00+07:00,2592.79,2608.67,2591.97,2606.02
2025-06-03 06:30:00+07:00,2606.04,2612.58,2599.98,2610.65
2025-06-03 06:45:00+07:00,2610.56,2614.24,2604.14,2606.64
2025-06-03 07:00:00+07:00,2606.64,2617.24,2600.51,2615.29
2025-06-03 07:15:00+07:00,2615.32,2622.7,2612.93,2614.24
2025-06-03 07:30:00+07:00,2614.23,2625.51,2614.23,2619.17
2025-06-03 07:45:00+07:00,2619.03,2622.4,2615.6,2620.94
2025-06-03 08:00:00+07:00,2621.0,2626.82,2617.17,2618.38
2025-06-03 08:15:00+07:00,2618.42,2627.81,2616.08,2624.57
2025-06-03 08:30:00+07:00,2624.55,2641.93,2624.21,2637.01
2025-06-03 08:45:00+07:00,2637.06,2648.96,2635.16,2644.86
2025-06-03 09:00:00+07:00,2644.91,2647.07,2635.51,2638.31
2025-06-03 09:15:00+07:00,2638.48,2639.71,2629.89,2629.98
2025-06-03 09:30:00+07:00,2630.03,2633.95,2624.79,2626.43
2025-06-03 09:45:00+07:00,2626.42,2626.97,2612.6,2615.05
2025-06-03 10:00:00+07:00,2615.04,2618.68,2593.19,2596.68
2025-06-03 10:15:00+07:00,2596.71,2606.51,2593.19,2594.52
2025-06-03 10:30:00+07:00,2594.52,2601.59,2588.19,2599.99
2025-06-03 10:45:00+07:00,2599.99,2605.37,2598.78,2602.47
2025-06-03 11:00:00+07:00,2602.4,2604.19,2592.68,2597.33
2025-06-03 11:15:00+07:00,2597.57,2600.39,2594.7,2597.57
2025-06-03 11:30:00+07:00,2597.74,2599.68,2589.51,2593.7
2025-06-03 11:45:00+07:00,2593.72,2594.94,2589.14,2591.16
2025-06-03 12:00:00+07:00,2591.11,2601.91,2591.04,2600.33
2025-06-03 12:15:00+07:00,2600.38,2603.48,2598.54,2602.57
2025-06-03 12:30:00+07:00,2602.53,2608.69,2600.54,2606.74
2025-06-03 12:45:00+07:00,2606.72,2616.65,2604.61,2613.45
2025-06-03 13:00:00+07:00,2613.42,2613.85,2605.46,2606.63
2025-06-03 13:15:00+07:00,2606.67,2608.09,2603.39,2605.23
2025-06-03 13:30:00+07:00,2605.21,2612.13,2603.67,2608.24
2025-06-03 13:45:00+07:00,2608.27,2617.72,2608.18,2617.34
2025-06-03 14:00:00+07:00,2617.38,2619.43,2612.08,2613.1
2025-06-03 14:15:00+07:00,2613.04,2614.62,2606.74,2609.16
2025-06-03 14:30:00+07:00,2609.17,2615.26,2609.17,2612.83
2025-06-03 14:45:00+07:00,2612.61,2612.74,2606.6,2608.91
2025-06-03 15:00:00+07:00,2608.78,2610.25,2595.57,2598.81
2025-06-03 15:15:00+07:00,2598.93,2604.81,2593.41,2603.92
2025-06-03 15:30:00+07:00,2603.95,2606.7,2594.83,2600.01
2025-06-03 15:45:00+07:00,2600.06,2608.12,2599.16,2605.98
2025-06-03 16:00:00+07:00,2606.0,2607.74,2601.81,2603.24
2025-06-03 16:15:00+07:00,2603.27,2605.42,2599.96,2600.81
2025-06-03 16:30:00+07:00,2600.81,2614.07,2600.0,2612.75
2025-06-03 16:45:00+07:00,2612.75,2617.84,2611.34,2613.08
2025-06-03 17:00:00+07:00,2612.94,2617.72,2610.5,2617.29
2025-06-03 17:15:00+07:00,2617.32,2617.32,2613.13,2615.45
2025-06-03 17:30:00+07:00,2615.49,2619.29,2611.56,2612.62
2025-06-03 17:45:00+07:00,2612.54,2614.22,2608.78,2610.22
2025-06-03 18:00:00+07:00,2610.28,2615.68,2609.17,2613.1
2025-06-03 18:15:00+07:00,2613.08,2613.08,2604.27,2607.22
2025-06-03 18:30:00+07:00,2607.17,2609.47,2603.4,2604.05
2025-06-03 18:45:00+07:00,2603.98,2605.77,2599.39,2600.35
2025-06-03 19:00:00+07:00,2600.33,2607.05,2596.42,2607.03
2025-06-03 19:15:00+07:00,2607.03,2607.59,2599.0,2605.98
2025-06-03 19:30:00+07:00,2605.99,2612.22,2601.96,2608.23
2025-06-03 19:45:00+07:00,2608.26,2611.19,2607.7,2608.52
2025-06-03 20:00:00+07:00,2608.52,2618.09,2608.52,2617.06
2025-06-03 20:15:00+07:00,2617.09,2626.41,2617.09,2620.21
2025-06-03 20:30:00+07:00,2620.23,2627.38,2605.66,2625.85
2025-06-03 20:45:00+07:00,2625.81,2631.23,2614.97,2625.36
2025-06-03 21:00:00+07:00,2625.38,2630.52,2612.46,2615.7
2025-06-03 21:15:00+07:00,2615.56,2636.55,2614.84,2631.69
2025-06-03 21:30:00+07:00,2631.66,2635.47,2625.5,2634.79
2025-06-03 21:45:00+07:00,2634.75,2654.68,2629.57,2647.05
2025-06-03 22:00:00+07:00,2647.08,2650.43,2633.13,2636.48
2025-06-03 22:15:00+07:00,2636.37,2645.49,2633.34,2641.43
2025-06-03 22:30:00+07:00,2641.49,2642.91,2624.62,2632.14
2025-06-03 22:45:00+07:00,2632.1,2632.69,2615.24,2622.57
2025-06-03 23:00:00+07:00,2622.65,2624.07,2614.15,2619.78
2025-06-03 23:15:00+07:00,2619.77,2620.54,2607.25,2609.4
2025-06-03 23:30:00+07:00,2609.36,2617.63,2608.55,2613.82
2025-06-03 23:45:00+07:00,2613.81,2615.17,2602.54,2604.28
2025-06-04 00:00:00+07:00,2604.26,2616.37,2602.01,2615.81
2025-06-04 00:15:00+07:00,2615.68,2626.34,2615.48,2622.31
2025-06-04 00:30:00+07:00,2622.28,2623.32,2615.26,2618.38
2025-06-04 00:45:00+07:00,2618.54,2621.64,2613.35,2617.9
2025-06-04 01:00:00+07:00,2617.95,2618.39,2605.8,2608.67
2025-06-04 01:15:00+07:00,2608.57,2615.93,2605.84,2612.82
2025-06-04 01:30:00+07:00,2612.59,2617.54,2609.12,2617.25
2025-06-04 01:45:00+07:00,2617.27,2619.41,2614.11,2617.2
2025-06-04 02:00:00+07:00,2617.15,2624.84,2617.12,2619.51
2025-06-04 02:15:00+07:00,2619.48,2627.51,2618.43,2625.05
2025-06-04 02:30:00+07:00,2624.94,2624.94,2617.57,2619.72
2025-06-04 02:45:00+07:00,2619.76,2623.73,2613.66,2623.7
2025-06-04 03:00:00+07:00,2623.94,2624.3,2615.46,2618.47
2025-06-04 03:15:00+07:00,2618.49,2618.88,2602.43,2602.96
2025-06-04 03:30:00+07:00,2603.08,2618.11,2592.93,2615.23
2025-06-04 03:45:00+07:00,2615.25,2618.28,2608.99,2613.97
2025-06-04 04:00:00+07:00,2613.98,2615.79,2604.04,2604.64
2025-06-04 04:15:00+07:00,2604.38,2610.79,2599.77,2610.79
2025-06-04 04:30:00+07:00,2610.81,2614.7,2598.3,2600.53
2025-06-04 04:45:00+07:00,2600.52,2604.74,2576.29,2587.51
2025-06-04 05:00:00+07:00,2587.91,2596.43,2585.13,2595.14
2025-06-04 05:15:00+07:00,2595.19,2599.77,2590.45,2599.53
2025-06-04 05:30:00+07:00,2599.49,2607.34,2597.53,2606.74
2025-06-04 05:45:00+07:00,2606.78,2609.08,2602.23,2603.31
2025-06-04 06:00:00+07:00,2603.31,2603.72,2597.99,2603.37
2025-06-04 06:15:00+07:00,2603.28,2603.28,2589.27,2592.39
2025-06-04 06:30:00+07:00,2592.38,2596.6,2587.82,2590.99
2025-06-04 06:45:00+07:00,2591.02,2594.07,2585.22,2591.83
2025-06-04 07:00:00+07:00,2592.05,2601.94,2590.0,2593.01
2025-06-04 07:15:00+07:00,2593.02,2600.07,2592.73,2593.54
2025-06-04 07:30:00+07:00,2593.51,2593.51,2582.28,2587.51
2025-06-04 07:45:00+07:00,2587.57,2598.63,2587.04,2597.81
2025-06-04 08:00:00+07:00,2597.91,2612.72,2597.38,2610.08
2025-06-04 08:15:00+07:00,2610.08,2620.93,2605.42,2614.52
2025-06-04 08:30:00+07:00,2614.48,2614.99,2604.17,2610.87
2025-06-04 08:45:00+07:00,2610.96,2613.55,2606.46,2611.21
2025-06-04 09:00:00+07:00,2611.27,2619.73,2609.99,2614.36
2025-06-04 09:15:00+07:00,2614.52,2617.91,2611.98,2613.61
2025-06-04 09:30:00+07:00,2613.33,2614.89,2608.96,2612.93
2025-06-04 09:45:00+07:00,2612.8,2614.92,2609.22,2611.0
2025-06-04 10:00:00+07:00,2611.06,2627.09,2608.54,2622.97
2025-06-04 10:15:00+07:00,2623.03,2639.88,2623.03,2632.99
2025-06-04 10:30:00+07:00,2633.0,2639.55,2630.36,2631.83
2025-06-04 10:45:00+07:00,2632.35,2635.21,2625.79,2626.71
2025-06-04 11:00:00+07:00,2626.68,2632.54,2623.84,2627.58
2025-06-04 11:15:00+07:00,2627.56,2628.55,2622.14,2628.11
2025-06-04 11:30:00+07:00,2628.05,2628.05,2621.71,2626.45
2025-06-04 11:45:00+07:00,2626.49,2637.24,2625.21,2636.29
2025-06-04 12:00:00+07:00,2636.31,2643.81,2631.23,2632.23
2025-06-04 12:15:00+07:00,2632.07,2636.58,2618.89,2621.16
2025-06-04 12:30:00+07:00,2621.26,2624.46,2618.45,2622.35
2025-06-04 12:45:00+07:00,2622.2,2628.27,2621.8,2623.6
2025-06-04 13:00:00+07:00,2623.6,2629.85,2621.28,2625.19
2025-06-04 13:15:00+07:00,2625.06,2625.3,2620.3,2624.8
2025-06-04 13:30:00+07:00,2624.78,2633.17,2621.52,2631.21
2025-06-04 13:45:00+07:00,2631.18,2633.51,2627.57,2628.47
2025-06-04 14:00:00+07:00,2628.52,2633.13,2624.59,2624.59
2025-06-04 14:15:00+07:00,2624.56,2626.49,2621.26,2626.13
2025-06-04 14:30:00+07:00,2626.11,2627.44,2622.59,2623.88
2025-06-04 14:45:00+07:00,2623.84,2628.47,2622.58,2626.43
2025-06-04 15:00:00+07:00,2626.45,2637.99,2626.45,2634.9
2025-06-04 15:15:00+07:00,2634.91,2645.11,2634.25,2638.09
2025-06-04 15:30:00+07:00,2638.07,2642.07,2637.86,2638.82
2025-06-04 15:45:00+07:00,2638.89,2640.46,2638.12,2639.62
2025-06-04 16:00:00+07:00,2639.61,2642.93,2635.05,2635.05
2025-06-04 16:15:00+07:00,2635.02,2636.54,2630.39,2634.9
2025-06-04 16:30:00+07:00,2634.81,2637.43,2630.1,2637.39
2025-06-04 16:45:00+07:00,2637.41,2647.01,2637.4,2642.39
2025-06-04 17:00:00+07:00,2642.41,2649.2,2639.43,2647.57
2025-06-04 17:15:00+07:00,2647.52,2648.69,2637.38,2637.91
2025-06-04 17:30:00+07:00,2637.94,2639.66,2633.79,2637.79
2025-06-04 17:45:00+07:00,2637.77,2638.79,2634.03,2637.35
2025-06-04 18:00:00+07:00,2637.25,2638.48,2632.95,2637.57
2025-06-04 18:15:00+07:00,2637.57,2643.94,2628.37,2631.74
2025-06-04 18:30:00+07:00,2631.73,2631.75,2624.91,2627.93
2025-06-04 18:45:00+07:00,2627.94,2630.1,2622.95,2623.59
2025-06-04 19:00:00+07:00,2623.69,2637.67,2622.0,2633.98
2025-06-04 19:15:00+07:00,2634.0,2634.15,2614.86,2618.67
2025-06-04 19:30:00+07:00,2618.68,2624.57,2615.16,2623.6
2025-06-04 19:45:00+07:00,2623.55,2626.19,2613.86,2615.82
2025-06-04 20:00:00+07:00,2615.78,2619.06,2608.49,2610.8
2025-06-04 20:15:00+07:00,2610.86,2620.14,2606.92,2613.21
2025-06-04 20:30:00+07:00,2613.2,2627.49,2612.84,2619.22
2025-06-04 20:45:00+07:00,2619.24,2625.47,2612.42,2613.86
2025-06-04 21:00:00+07:00,2613.85,2613.85,2593.09,2605.61
2025-06-04 21:15:00+07:00,2605.56,2616.7,2603.54,2611.91
2025-06-04 21:30:00+07:00,2611.88,2617.6,2609.73,2617.43
2025-06-04 21:45:00+07:00,2617.67,2640.62,2616.63,2639.16
2025-06-04 22:00:00+07:00,2639.15,2646.86,2632.7,2644.33
2025-06-04 22:15:00+07:00,2644.32,2658.69,2644.09,2648.42
2025-06-04 22:30:00+07:00,2648.45,2673.47,2641.87,2668.17
2025-06-04 22:45:00+07:00,2668.22,2678.46,2661.75,2666.81
2025-06-04 23:00:00+07:00,2666.87,2668.11,2655.65,2658.7
2025-06-04 23:15:00+07:00,2658.68,2661.26,2648.74,2649.18
2025-06-04 23:30:00+07:00,2649.14,2659.78,2648.09,2653.93
2025-06-04 23:45:00+07:00,2653.94,2658.96,2650.2,2658.78
2025-06-05 00:00:00+07:00,2658.75,2658.95,2648.46,2652.9
2025-06-05 00:15:00+07:00,2652.89,2653.4,2641.48,2641.57
2025-06-05 00:30:00+07:00,2641.54,2641.54,2630.56,2635.1
2025-06-05 00:45:00+07:00,2635.01,2637.91,2632.0,2634.24
2025-06-05 01:00:00+07:00,2634.25,2641.35,2632.24,2635.29
2025-06-05 01:15:00+07:00,2634.88,2640.58,2634.23,2635.41
2025-06-05 01:30:00+07:00,2635.4,2638.51,2633.69,2637.46
2025-06-05 01:45:00+07:00,2637.53,2638.73,2624.52,2628.0
2025-06-05 02:00:00+07:00,2628.0,2630.71,2623.56,2626.71
2025-06-05 02:15:00+07:00,2626.7,2628.27,2621.69,2623.17
2025-06-05 02:30:00+07:00,2623.1,2630.76,2621.19,2629.96
2025-06-05 02:45:00+07:00,2629.97,2632.23,2622.53,2622.53
2025-06-05 03:00:00+07:00,2622.4,2623.98,2615.9,2616.83
2025-06-05 03:15:00+07:00,2616.53,2616.87,2599.67,2612.22
2025-06-05 03:30:00+07:00,2612.13,2613.42,2604.72,2609.31
2025-06-05 03:45:00+07:00,2609.33,2609.46,2598.06,2604.49
2025-06-05 04:00:00+07:00,2604.49,2613.04,2598.29,2611.3
2025-06-05 04:15:00+07:00,2611.28,2611.28,2603.9,2608.81
2025-06-05 04:30:00+07:00,2608.79,2618.45,2607.16,2616.29
2025-06-05 04:45:00+07:00,2616.37,2622.43,2616.32,2617.71
2025-06-05 05:00:00+07:00,2617.87,2620.2,2607.8,2612.46
2025-06-05 05:15:00+07:00,2612.45,2615.86,2604.09,2606.11
2025-06-05 05:30:00+07:00,2606.16,2612.71,2604.35,2611.84
2025-06-05 05:45:00+07:00,2611.83,2611.83,2602.64,2604.54
2025-06-05 06:00:00+07:00,2604.33,2614.98,2602.45,2606.43
2025-06-05 06:15:00+07:00,2606.51,2607.69,2598.2,2605.4
2025-06-05 06:30:00+07:00,2605.37,2610.97,2602.55,2610.93
2025-06-05 06:45:00+07:00,2610.96,2611.48,2605.0,2606.69
2025-06-05 07:00:00+07:00,2606.66,2611.83,2605.83,2606.37
2025-06-05 07:15:00+07:00,2606.67,2609.62,2600.46,2607.61
2025-06-05 07:30:00+07:00,2607.54,2613.63,2607.32,2608.42
2025-06-05 07:45:00+07:00,2608.44,2611.86,2603.24,2610.75
2025-06-05 08:00:00+07:00,2610.73,2614.38,2610.33,2612.84
2025-06-05 08:15:00+07:00,2612.85,2614.73,2605.73,2608.18
2025-06-05 08:30:00+07:00,2608.13,2608.25,2603.69,2607.54
2025-06-05 08:45:00+07:00,2607.23,2608.88,2603.11,2607.65
2025-06-05 09:00:00+07:00,2607.73,2618.74,2607.73,2617.26
2025-06-05 09:15:00+07:00,2617.26,2618.78,2611.21,2612.05
2025-06-05 09:30:00+07:00,2612.05,2627.39,2612.05,2623.75
2025-06-05 09:45:00+07:00,2623.82,2626.22,2618.18,2618.8
2025-06-05 10:00:00+07:00,2618.86,2624.9,2615.93,2622.83
2025-06-05 10:15:00+07:00,2622.78,2626.94,2621.33,2622.6
2025-06-05 10:30:00+07:00,2622.37,2630.85,2619.98,2626.31
2025-06-05 10:45:00+07:00,2626.31,2628.84,2623.14,2623.87
2025-06-05 11:00:00+07:00,2623.9,2627.88,2620.34,2624.61
2025-06-05 11:15:00+07:00,2624.64,2631.04,2624.64,2627.04
2025-06-05 11:30:00+07:00,2627.02,2632.44,2626.01,2631.41
2025-06-05 11:45:00+07:00,2631.38,2633.37,2628.83,2629.45
2025-06-05 12:00:00+07:00,2629.5,2630.37,2623.43,2624.4
2025-06-05 12:15:00+07:00,2624.43,2626.83,2618.78,2620.26
2025-06-05 12:30:00+07:00,2620.5,2620.55,2607.12,2610.26
2025-06-05 12:45:00+07:00,2610.25,2614.05,2607.98,2611.98
2025-06-05 13:00:00+07:00,2612.07,2614.73,2608.11,2610.99
2025-06-05 13:15:00+07:00,2611.01,2616.9,2605.13,2616.2
2025-06-05 13:30:00+07:00,2616.19,2617.07,2601.32,2603.36
2025-06-05 13:45:00+07:00,2603.37,2606.71,2601.39,2603.31
2025-06-05 14:00:00+07:00,2603.47,2609.92,2603.47,2609.01
2025-06-05 14:15:00+07:00,2608.87,2613.74,2608.87,2611.58
2025-06-05 14:30:00+07:00,2611.59,2611.94,2603.97,2604.86
2025-06-05 14:45:00+07:00,2604.86,2604.97,2599.85,2603.14
2025-06-05 15:00:00+07:00,2603.22,2606.85,2602.03,2604.52
2025-06-05 15:15:00+07:00,2604.47,2609.49,2596.56,2607.31
2025-06-05 15:30:00+07:00,2607.26,2609.01,2600.58,2602.95
2025-06-05 15:45:00+07:00,2602.91,2606.67,2600.75,2604.4
2025-06-05 16:00:00+07:00,2604.31,2609.31,2604.23,2606.55
2025-06-05 16:15:00+07:00,2606.66,2608.27,2601.13,2604.33
2025-06-05 16:30:00+07:00,2604.35,2607.56,2602.31,2606.71
2025-06-05 16:45:00+07:00,2606.69,2609.57,2604.56,2608.83
2025-06-05 17:00:00+07:00,2608.81,2612.8,2607.13,2611.44
2025-06-05 17:15:00+07:00,2611.44,2612.05,2600.8,2601.73
2025-06-05 17:30:00+07:00,2601.8,2604.69,2579.65,2590.47
2025-06-05 17:45:00+07:00,2590.45,2597.49,2585.64,2595.74
2025-06-05 18:00:00+07:00,2595.77,2599.22,2592.37,2594.43
2025-06-05 18:15:00+07:00,2594.46,2604.31,2592.98,2602.82
2025-06-05 18:30:00+07:00,2602.81,2608.63,2602.67,2604.63
2025-06-05 18:45:00+07:00,2604.67,2608.74,2604.67,2606.8
2025-06-05 19:00:00+07:00,2606.81,2619.86,2604.46,2618.49
2025-06-05 19:15:00+07:00,2618.46,2627.72,2617.3,2625.2
2025-06-05 19:30:00+07:00,2625.19,2630.1,2618.87,2627.7
2025-06-05 19:45:00+07:00,2627.72,2640.13,2625.82,2630.62
2025-06-05 20:00:00+07:00,2630.6,2634.88,2620.9,2625.4
2025-06-05 20:15:00+07:00,2625.4,2630.92,2621.01,2628.33
2025-06-05 20:30:00+07:00,2628.34,2629.89,2611.7,2613.1
2025-06-05 20:45:00+07:00,2613.1,2613.69,2578.95,2588.69
2025-06-05 21:00:00+07:00,2588.56,2594.05,2583.66,2586.25
2025-06-05 21:15:00+07:00,2586.31,2587.68,2561.73,2581.27
2025-06-05 21:30:00+07:00,2581.36,2595.01,2570.17,2592.68
2025-06-05 21:45:00+07:00,2592.68,2614.59,2578.61,2586.69
2025-06-05 22:00:00+07:00,2586.6,2591.88,2580.82,2582.17
2025-06-05 22:15:00+07:00,2582.18,2601.34,2580.67,2599.1
2025-06-05 22:30:00+07:00,2599.06,2600.64,2589.41,2595.35
2025-06-05 22:45:00+07:00,2595.3,2596.13,2586.82,2588.29
2025-06-05 23:00:00+07:00,2588.33,2590.65,2579.35,2579.67
2025-06-05 23:15:00+07:00,2579.77,2579.97,2555.99,2563.59
2025-06-05 23:30:00+07:00,2563.57,2570.87,2556.65,2564.09
2025-06-05 23:45:00+07:00,2564.51,2565.25,2551.93,2558.26
2025-06-06 00:00:00+07:00,2558.28,2572.47,2557.4,2569.96
2025-06-06 00:15:00+07:00,2569.98,2576.37,2564.91,2570.96
2025-06-06 00:30:00+07:00,2570.89,2573.8,2565.58,2569.11
2025-06-06 00:45:00+07:00,2568.96,2570.09,2562.09,2569.26
2025-06-06 01:00:00+07:00,2569.05,2573.62,2555.07,2558.43
2025-06-06 01:15:00+07:00,2558.35,2577.59,2553.33,2576.59
2025-06-06 01:30:00+07:00,2576.56,2583.05,2573.18,2576.04
2025-06-06 01:45:00+07:00,2576.09,2581.42,2571.57,2575.06
2025-06-06 02:00:00+07:00,2575.05,2577.35,2562.27,2563.42
2025-06-06 02:15:00+07:00,2563.27,2565.39,2505.41,2538.91
2025-06-06 02:30:00+07:00,2538.91,2549.75,2535.74,2540.93
2025-06-06 02:45:00+07:00,2541.08,2541.58,2525.03,2527.76
2025-06-06 03:00:00+07:00,2527.93,2534.5,2490.36,2505.73
2025-06-06 03:15:00+07:00,2505.29,2506.26,2437.28,2472.19
2025-06-06 03:30:00+07:00,2472.23,2473.84,2404.08,2417.73
2025-06-06 03:45:00+07:00,2417.67,2442.96,2392.53,2397.71
2025-06-06 04:00:00+07:00,2397.6,2428.36,2390.28,2409.78
2025-06-06 04:15:00+07:00,2409.74,2425.2,2409.11,2418.35
2025-06-06 04:30:00+07:00,2418.31,2447.03,2413.35,2440.53
2025-06-06 04:45:00+07:00,2440.49,2440.91,2421.9,2436.16
2025-06-06 05:00:00+07:00,2436.12,2436.12,2409.17,2411.21
2025-06-06 05:15:00+07:00,2411.12,2424.82,2408.47,2416.95
2025-06-06 05:30:00+07:00,2416.93,2427.4,2415.66,2424.1
2025-06-06 05:45:00+07:00,2424.06,2434.88,2423.06,2428.83
2025-06-06 06:00:00+07:00,2428.87,2434.95,2423.47,2430.34
2025-06-06 06:15:00+07:00,2430.15,2431.71,2417.35,2420.82
2025-06-06 06:30:00+07:00,2420.81,2425.24,2417.75,2420.5
2025-06-06 06:45:00+07:00,2420.42,2420.42,2410.18,2413.05
2025-06-06 07:00:00+07:00,2413.1,2416.38,2402.86,2406.04
2025-06-06 07:15:00+07:00,2406.06,2412.34,2382.4,2408.84
2025-06-06 07:30:00+07:00,2408.84,2423.57,2408.06,2422.55
2025-06-06 07:45:00+07:00,2422.28,2427.22,2416.58,2425.16
2025-06-06 08:00:00+07:00,2425.13,2427.83,2418.77,2424.58
2025-06-06 08:15:00+07:00,2424.93,2425.72,2416.11,2421.58
2025-06-06 08:30:00+07:00,2421.73,2427.45,2416.73,2418.65
2025-06-06 08:45:00+07:00,2418.61,2424.2,2415.44,2420.34
2025-06-06 09:00:00+07:00,2420.37,2423.53,2416.28,2419.05
2025-06-06 09:15:00+07:00,2419.02,2419.02,2402.82,2405.53
2025-06-06 09:30:00+07:00,2405.84,2418.44,2401.66,2416.94
2025-06-06 09:45:00+07:00,2416.77,2435.32,2413.24,2434.33
2025-06-06 10:00:00+07:00,2434.55,2435.62,2427.02,2427.81
2025-06-06 10:15:00+07:00,2427.79,2444.17,2427.32,2442.28
2025-06-06 10:30:00+07:00,2442.31,2449.08,2440.02,2448.22
2025-06-06 10:45:00+07:00,2448.28,2455.75,2447.64,2454.41
2025-06-06 11:00:00+07:00,2454.42,2457.03,2447.49,2450.52
2025-06-06 11:15:00+07:00,2450.65,2456.23,2445.92,2449.72
2025-06-06 11:30:00+07:00,2449.66,2455.36,2447.47,2452.48
2025-06-06 11:45:00+07:00,2452.38,2462.7,2451.7,2457.71
2025-06-06 12:00:00+07:00,2457.68,2464.35,2455.63,2462.13
2025-06-06 12:15:00+07:00,2461.92,2464.55,2446.72,2449.49
2025-06-06 12:30:00+07:00,2449.62,2458.34,2445.39,2457.7
2025-06-06 12:45:00+07:00,2457.72,2461.1,2455.0,2458.75
2025-06-06 13:00:00+07:00,2458.72,2464.18,2452.95,2463.33
2025-06-06 13:15:00+07:00,2463.26,2467.24,2448.78,2456.29
2025-06-06 13:30:00+07:00,2456.22,2462.52,2455.55,2456.47
2025-06-06 13:45:00+07:00,2456.28,2460.93,2455.93,2456.7
2025-06-06 14:00:00+07:00,2456.72,2461.07,2456.15,2459.64
2025-06-06 14:15:00+07:00,2459.67,2465.9,2456.14,2461.9
2025-06-06 14:30:00+07:00,2461.89,2461.97,2451.7,2454.26
2025-06-06 14:45:00+07:00,2454.31,2454.42,2449.53,2454.1
2025-06-06 15:00:00+07:00,2454.2,2460.89,2452.64,2460.07
2025-06-06 15:15:00+07:00,2460.18,2464.88,2459.24,2462.07
2025-06-06 15:30:00+07:00,2462.07,2464.97,2455.94,2462.18
2025-06-06 15:45:00+07:00,2462.27,2463.56,2458.95,2460.0
2025-06-06 16:00:00+07:00,2460.01,2463.84,2458.51,2462.8
2025-06-06 16:15:00+07:00,2462.85,2481.02,2462.49,2472.52
2025-06-06 16:30:00+07:00,2472.56,2475.29,2470.58,2472.63
2025-06-06 16:45:00+07:00,2472.65,2473.28,2466.61,2467.46
2025-06-06 17:00:00+07:00,2467.47,2478.78,2467.04,2477.85
2025-06-06 17:15:00+07:00,2477.89,2485.89,2475.35,2479.68
2025-06-06 17:30:00+07:00,2479.67,2481.94,2475.99,2481.21
2025-06-06 17:45:00+07:00,2481.19,2484.78,2478.69,2480.62
2025-06-06 18:00:00+07:00,2480.32,2487.25,2478.62,2483.91
2025-06-06 18:15:00+07:00,2483.76,2492.41,2482.46,2483.0
2025-06-06 18:30:00+07:00,2482.77,2483.75,2471.18,2479.98
2025-06-06 18:45:00+07:00,2479.98,2481.13,2472.29,2475.0
2025-06-06 19:00:00+07:00,2475.01,2479.44,2472.34,2478.79
2025-06-06 19:15:00+07:00,2478.71,2478.92,2472.79,2477.58
2025-06-06 19:30:00+07:00,2477.6,2498.45,2465.55,2472.29
2025-06-06 19:45:00+07:00,2472.33,2479.16,2472.16,2473.99
2025-06-06 20:00:00+07:00,2474.28,2488.08,2474.28,2484.99
2025-06-06 20:15:00+07:00,2484.9,2485.88,2477.96,2481.38
2025-06-06 20:30:00+07:00,2481.39,2507.1,2479.46,2498.41
2025-06-06 20:45:00+07:00,2498.43,2518.63,2498.43,2502.0
2025-06-06 21:00:00+07:00,2501.97,2509.56,2493.3,2508.26
2025-06-06 21:15:00+07:00,2508.26,2513.71,2501.49,2506.11
2025-06-06 21:30:00+07:00,2506.08,2517.5,2500.01,2517.5
2025-06-06 21:45:00+07:00,2517.46,2523.21,2512.63,2517.57
2025-06-06 22:00:00+07:00,2517.57,2525.58,2511.74,2523.83
2025-06-06 22:15:00+07:00,2523.9,2529.38,2504.87,2507.65
2025-06-06 22:30:00+07:00,2507.2,2511.21,2494.73,2499.67
2025-06-06 22:45:00+07:00,2499.7,2508.84,2499.7,2508.27
2025-06-06 23:00:00+07:00,2508.25,2517.2,2505.12,2505.73
2025-06-06 23:15:00+07:00,2505.69,2512.83,2502.95,2506.61
2025-06-06 23:30:00+07:00,2506.53,2512.55,2498.65,2502.75
2025-06-06 23:45:00+07:00,2502.85,2507.61,2491.08,2496.33
2025-06-07 00:00:00+07:00,2496.31,2497.59,2484.92,2489.29
2025-06-07 00:15:00+07:00,2489.28,2496.95,2483.27,2488.28
2025-06-07 00:30:00+07:00,2488.27,2489.85,2482.12,2486.28
2025-06-07 00:45:00+07:00,2486.28,2500.73,2484.89,2498.44
2025-06-07 01:00:00+07:00,2498.49,2502.88,2491.06,2492.51
2025-06-07 01:15:00+07:00,2492.49,2497.27,2487.33,2489.05
2025-06-07 01:30:00+07:00,2488.98,2494.96,2487.71,2493.93
2025-06-07 01:45:00+07:00,2493.92,2496.21,2490.38,2494.07
2025-06-07 02:00:00+07:00,2493.81,2501.38,2492.68,2498.3
2025-06-07 02:15:00+07:00,2498.28,2498.98,2488.11,2488.51
2025-06-07 02:30:00+07:00,2488.42,2492.46,2485.22,2491.67
2025-06-07 02:45:00+07:00,2491.62,2494.45,2482.57,2483.01
2025-06-07 03:00:00+07:00,2483.02,2493.86,2480.89,2492.3
2025-06-07 03:15:00+07:00,2492.09,2495.73,2490.62,2493.62
2025-06-07 03:30:00+07:00,2493.61,2505.99,2492.13,2503.87
2025-06-07 03:45:00+07:00,2503.86,2503.86,2494.21,2498.5
2025-06-07 04:00:00+07:00,2498.64,2499.05,2487.17,2487.84
2025-06-07 04:15:00+07:00,2487.86,2492.14,2486.04,2490.1
2025-06-07 04:30:00+07:00,2490.07,2497.28,2489.53,2497.28
2025-06-07 04:45:00+07:00,2497.27,2497.98,2489.88,2490.69
2025-06-07 05:00:00+07:00,2490.7,2492.44,2484.14,2486.0
2025-06-07 05:15:00+07:00,2486.08,2488.81,2481.67,2487.69
2025-06-07 05:30:00+07:00,2487.67,2487.67,2475.97,2479.15
2025-06-07 05:45:00+07:00,2478.94,2483.4,2476.35,2481.37
2025-06-07 06:00:00+07:00,2481.32,2482.08,2471.44,2472.59
2025-06-07 06:15:00+07:00,2472.6,2478.77,2471.98,2477.7
2025-06-07 06:30:00+07:00,2477.69,2480.97,2476.36,2479.01
2025-06-07 06:45:00+07:00,2478.98,2480.95,2473.63,2475.31
2025-06-07 07:00:00+07:00,2475.31,2476.94,2461.7,2462.67
2025-06-07 07:15:00+07:00,2462.83,2467.71,2455.84,2466.13
2025-06-07 07:30:00+07:00,2466.08,2474.74,2465.31,2472.55
2025-06-07 07:45:00+07:00,2472.6,2481.65,2469.31,2479.78
2025-06-07 08:00:00+07:00,2479.75,2480.32,2472.32,2478.3
2025-06-07 08:15:00+07:00,2478.23,2478.73,2469.93,2470.0
2025-06-07 08:30:00+07:00,2470.02,2471.92,2465.08,2469.66
2025-06-07 08:45:00+07:00,2469.63,2473.73,2469.63,2470.14
2025-06-07 09:00:00+07:00,2470.08,2471.2,2467.05,2469.36
2025-06-07 09:15:00+07:00,2469.4,2474.68,2469.09,2472.35
2025-06-07 09:30:00+07:00,2472.33,2473.8,2469.52,2470.85
2025-06-07 09:45:00+07:00,2470.85,2481.04,2470.09,2478.83
2025-06-07 10:00:00+07:00,2478.8,2487.5,2476.4,2485.49
2025-06-07 10:15:00+07:00,2485.5,2491.75,2482.84,2489.04
2025-06-07 10:30:00+07:00,2489.08,2491.64,2485.1,2489.55
2025-06-07 10:45:00+07:00,2489.55,2492.53,2486.36,2487.95
2025-06-07 11:00:00+07:00,2487.92,2488.51,2481.46,2481.94
2025-06-07 11:15:00+07:00,2481.9,2486.11,2481.43,2482.69
2025-06-07 11:30:00+07:00,2482.7,2487.88,2478.8,2487.41
2025-06-07 11:45:00+07:00,2487.57,2489.23,2485.28,2488.78
2025-06-07 12:00:00+07:00,2488.81,2489.45,2484.15,2487.67
2025-06-07 12:15:00+07:00,2487.7,2489.06,2484.34,2487.74
2025-06-07 12:30:00+07:00,2487.74,2492.97,2485.54,2492.32
2025-06-07 12:45:00+07:00,2492.48,2495.25,2491.03,2492.82
2025-06-07 13:00:00+07:00,2492.79,2493.15,2485.97,2486.65
2025-06-07 13:15:00+07:00,2486.58,2487.97,2482.99,2483.48
2025-06-07 13:30:00+07:00,2483.48,2489.13,2483.48,2488.2
2025-06-07 13:45:00+07:00,2488.19,2500.34,2487.34,2500.34
2025-06-07 14:00:00+07:00,2500.33,2500.78,2488.95,2490.51
2025-06-07 14:15:00+07:00,2490.54,2495.72,2486.02,2490.89
2025-06-07 14:30:00+07:00,2490.9,2494.77,2490.82,2491.11
2025-06-07 14:45:00+07:00,2491.07,2491.73,2487.97,2490.14
2025-06-07 15:00:00+07:00,2490.19,2491.1,2485.59,2486.19
2025-06-07 15:15:00+07:00,2486.17,2489.04,2483.51,2487.62
2025-06-07 15:30:00+07:00,2487.61,2488.02,2485.34,2485.47
2025-06-07 15:45:00+07:00,2485.28,2486.84,2480.89,2482.69
2025-06-07 16:00:00+07:00,2482.74,2487.22,2481.91,2486.61
2025-06-07 16:15:00+07:00,2486.7,2489.43,2483.21,2487.76
2025-06-07 16:30:00+07:00,2487.81,2488.32,2483.97,2484.05
2025-06-07 16:45:00+07:00,2484.05,2486.53,2483.46,2484.87
2025-06-07 17:00:00+07:00,2484.94,2488.74,2483.33,2488.49
2025-06-07 17:15:00+07:00,2488.47,2494.41,2487.99,2493.46
2025-06-07 17:30:00+07:00,2493.48,2494.06,2489.9,2490.63
2025-06-07 17:45:00+07:00,2490.53,2495.53,2487.09,2493.71
2025-06-07 18:00:00+07:00,2493.73,2495.46,2491.39,2492.92
2025-06-07 18:15:00+07:00,2492.92,2499.6,2492.07,2495.81
2025-06-07 18:30:00+07:00,2495.91,2500.17,2494.06,2496.98
2025-06-07 18:45:00+07:00,2496.98,2496.98,2491.81,2494.18
2025-06-07 19:00:00+07:00,2494.28,2496.31,2492.07,2493.97
2025-06-07 19:15:00+07:00,2493.9,2497.71,2492.63,2497.14
2025-06-07 19:30:00+07:00,2497.18,2505.73,2495.81,2504.83
2025-06-07 19:45:00+07:00,2504.82,2505.15,2495.17,2496.52
2025-06-07 20:00:00+07:00,2496.57,2505.31,2491.24,2503.99
2025-06-07 20:15:00+07:00,2504.03,2508.97,2501.62,2504.1
2025-06-07 20:30:00+07:00,2504.11,2507.99,2501.52,2507.07
2025-06-07 20:45:00+07:00,2507.02,2513.24,2505.47,2505.99
2025-06-07 21:00:00+07:00,2505.98,2511.94,2503.5,2510.7
2025-06-07 21:15:00+07:00,2510.8,2511.17,2504.06,2506.93
2025-06-07 21:30:00+07:00,2506.88,2517.19,2506.81,2516.4
2025-06-07 21:45:00+07:00,2516.41,2516.89,2511.52,2514.64
2025-06-07 22:00:00+07:00,2514.62,2522.52,2514.62,2516.54
2025-06-07 22:15:00+07:00,2516.4,2522.71,2514.38,2516.36
2025-06-07 22:30:00+07:00,2516.33,2517.8,2511.58,2513.6
2025-06-07 22:45:00+07:00,2513.54,2518.88,2513.02,2518.37
2025-06-07 23:00:00+07:00,2518.45,2524.75,2517.57,2519.9
2025-06-07 23:15:00+07:00,2519.93,2522.84,2514.81,2515.9
2025-06-07 23:30:00+07:00,2515.94,2516.17,2508.81,2514.24
2025-06-07 23:45:00+07:00,2514.39,2514.74,2506.96,2508.89
2025-06-08 00:00:00+07:00,2508.8,2512.55,2508.59,2511.22
2025-06-08 00:15:00+07:00,2511.14,2512.11,2506.75,2510.92
2025-06-08 00:30:00+07:00,2510.91,2512.46,2507.02,2510.39
2025-06-08 00:45:00+07:00,2510.39,2510.67,2505.5,2506.72
2025-06-08 01:00:00+07:00,2506.75,2515.79,2506.04,2513.57
2025-06-08 01:15:00+07:00,2513.58,2522.59,2513.52,2519.69
2025-06-08 01:30:00+07:00,2519.75,2521.81,2511.77,2511.98
2025-06-08 01:45:00+07:00,2511.89,2516.34,2510.11,2515.65
2025-06-08 02:00:00+07:00,2515.77,2520.62,2515.33,2517.56
2025-06-08 02:15:00+07:00,2517.54,2522.7,2517.05,2521.61
2025-06-08 02:30:00+07:00,2521.6,2522.56,2516.24,2516.27
2025-06-08 02:45:00+07:00,2516.22,2518.43,2515.1,2515.76
2025-06-08 03:00:00+07:00,2515.79,2524.66,2515.79,2523.67
2025-06-08 03:15:00+07:00,2523.68,2523.98,2518.64,2522.36
2025-06-08 03:30:00+07:00,2522.34,2522.34,2517.78,2518.35
2025-06-08 03:45:00+07:00,2518.5,2522.26,2517.53,2520.68
2025-06-08 04:00:00+07:00,2520.68,2521.54,2517.07,2519.02
2025-06-08 04:15:00+07:00,2518.59,2521.0,2517.02,2519.19
2025-06-08 04:30:00+07:00,2519.19,2522.18,2519.07,2522.15
2025-06-08 04:45:00+07:00,2522.16,2522.25,2518.34,2521.2
2025-06-08 05:00:00+07:00,2521.18,2522.35,2518.09,2519.31
2025-06-08 05:15:00+07:00,2519.37,2522.87,2518.63,2522.67
2025-06-08 05:30:00+07:00,2522.67,2543.37,2521.06,2534.48
2025-06-08 05:45:00+07:00,2534.46,2541.15,2532.64,2534.25
2025-06-08 06:00:00+07:00,2534.28,2534.92,2526.22,2528.44
2025-06-08 06:15:00+07:00,2528.44,2528.98,2523.29,2525.11
2025-06-08 06:30:00+07:00,2525.08,2527.95,2520.94,2523.17
2025-06-08 06:45:00+07:00,2523.15,2525.08,2521.44,2523.54
2025-06-08 07:00:00+07:00,2523.4,2524.05,2516.33,2516.67
2025-06-08 07:15:00+07:00,2516.6,2519.67,2515.81,2519.58
2025-06-08 07:30:00+07:00,2519.81,2524.89,2518.74,2519.05
2025-06-08 07:45:00+07:00,2519.01,2519.01,2513.33,2516.45
2025-06-08 08:00:00+07:00,2516.45,2516.45,2510.01,2514.67
2025-06-08 08:15:00+07:00,2514.66,2514.66,2510.18,2511.96
2025-06-08 08:30:00+07:00,2511.95,2520.11,2510.62,2517.96
2025-06-08 08:45:00+07:00,2517.88,2520.48,2515.7,2517.69
2025-06-08 09:00:00+07:00,2517.65,2517.98,2511.22,2512.86
2025-06-08 09:15:00+07:00,2512.85,2515.52,2511.72,2512.6
2025-06-08 09:30:00+07:00,2512.74,2515.48,2512.41,2513.57
2025-06-08 09:45:00+07:00,2513.58,2514.81,2510.48,2510.94
2025-06-08 10:00:00+07:00,2510.95,2511.43,2506.94,2509.19
2025-06-08 10:15:00+07:00,2509.19,2511.42,2508.45,2509.45
2025-06-08 10:30:00+07:00,2509.45,2513.8,2509.28,2513.39
2025-06-08 10:45:00+07:00,2513.44,2513.44,2509.8,2510.51
2025-06-08 11:00:00+07:00,2510.52,2510.53,2507.14,2508.29
2025-06-08 11:15:00+07:00,2508.26,2511.42,2507.84,2510.61
2025-06-08 11:30:00+07:00,2510.62,2517.44,2510.62,2516.98
2025-06-08 11:45:00+07:00,2516.94,2518.87,2513.96,2515.05
2025-06-08 12:00:00+07:00,2515.05,2515.48,2510.1,2510.1
2025-06-08 12:15:00+07:00,2510.08,2515.3,2509.92,2514.13
2025-06-08 12:30:00+07:00,2514.21,2514.8,2508.75,2509.54
2025-06-08 12:45:00+07:00,2509.32,2510.42,2507.55,2510.42
2025-06-08 13:00:00+07:00,2510.4,2512.03,2509.94,2511.77
2025-06-08 13:15:00+07:00,2511.77,2515.4,2510.18,2512.92
2025-06-08 13:30:00+07:00,2512.95,2515.24,2512.43,2515.21
2025-06-08 13:45:00+07:00,2515.23,2516.21,2511.49,2511.58
2025-06-08 14:00:00+07:00,2511.57,2514.16,2511.03,2512.57
2025-06-08 14:15:00+07:00,2512.57,2514.65,2511.26,2513.51
2025-06-08 14:30:00+07:00,2513.53,2515.21,2511.65,2511.94
2025-06-08 14:45:00+07:00,2511.95,2513.3,2510.02,2513.29
2025-06-08 15:00:00+07:00,2513.44,2519.93,2513.35,2516.61
2025-06-08 15:15:00+07:00,2516.62,2517.36,2514.08,2514.22
2025-06-08 15:30:00+07:00,2514.24,2517.15,2513.94,2514.92
2025-06-08 15:45:00+07:00,2514.92,2517.98,2514.92,2515.3
2025-06-08 16:00:00+07:00,2515.33,2516.16,2509.37,2511.16
2025-06-08 16:15:00+07:00,2511.21,2511.75,2490.47,2498.34
2025-06-08 16:30:00+07:00,2498.45,2500.79,2494.51,2495.32
2025-06-08 16:45:00+07:00,2495.22,2500.15,2494.16,2496.48
2025-06-08 17:00:00+07:00,2496.52,2497.89,2491.07,2491.89
2025-06-08 17:15:00+07:00,2491.97,2495.71,2491.72,2492.37
2025-06-08 17:30:00+07:00,2492.39,2500.85,2492.39,2500.18
2025-06-08 17:45:00+07:00,2500.25,2503.11,2498.17,2501.96
2025-06-08 18:00:00+07:00,2501.96,2507.05,2501.66,2503.58
2025-06-08 18:15:00+07:00,2503.58,2514.06,2503.48,2510.06
2025-06-08 18:30:00+07:00,2510.09,2515.93,2508.71,2512.69
2025-06-08 18:45:00+07:00,2512.76,2515.32,2510.79,2512.19
2025-06-08 19:00:00+07:00,2512.2,2513.22,2507.55,2512.75
2025-06-08 19:15:00+07:00,2512.72,2513.13,2505.32,2507.27
2025-06-08 19:30:00+07:00,2507.2,2507.2,2498.68,2502.33
2025-06-08 19:45:00+07:00,2502.23,2509.68,2502.23,2506.66
2025-06-08 20:00:00+07:00,2506.64,2507.39,2504.39,2505.73
2025-06-08 20:15:00+07:00,2505.73,2508.75,2504.76,2508.69
2025-06-08 20:30:00+07:00,2508.71,2518.88,2508.36,2517.02
2025-06-08 20:45:00+07:00,2517.17,2525.98,2505.69,2507.66
2025-06-08 21:00:00+07:00,2507.69,2510.29,2502.3,2509.99
2025-06-08 21:15:00+07:00,2509.96,2515.39,2506.89,2508.57
2025-06-08 21:30:00+07:00,2508.55,2509.19,2505.01,2508.55
2025-06-08 21:45:00+07:00,2508.48,2513.95,2506.6,2513.15
2025-06-08 22:00:00+07:00,2513.18,2520.7,2511.9,2517.51
2025-06-08 22:15:00+07:00,2517.53,2518.75,2513.35,2515.21
2025-06-08 22:30:00+07:00,2515.21,2515.49,2511.76,2514.68
2025-06-08 22:45:00+07:00,2514.68,2515.53,2510.41,2513.21
2025-06-08 23:00:00+07:00,2513.3,2521.67,2511.3,2518.93
2025-06-08 23:15:00+07:00,2518.92,2524.91,2517.15,2520.46
2025-06-08 23:30:00+07:00,2520.55,2526.79,2520.02,2523.67
2025-06-08 23:45:00+07:00,2523.64,2528.81,2521.3,2526.67
2025-06-09 00:00:00+07:00,2526.56,2533.59,2524.7,2525.23
2025-06-09 00:15:00+07:00,2525.24,2528.69,2523.16,2526.38
2025-06-09 00:30:00+07:00,2526.46,2530.0,2523.11,2525.62
2025-06-09 00:45:00+07:00,2525.61,2528.04,2521.13,2521.91
2025-06-09 01:00:00+07:00,2521.88,2531.19,2517.32,2530.28
2025-06-09 01:15:00+07:00,2530.56,2532.15,2527.97,2529.39
2025-06-09 01:30:00+07:00,2529.38,2530.26,2525.48,2527.27
2025-06-09 01:45:00+07:00,2527.31,2531.41,2526.02,2530.87
2025-06-09 02:00:00+07:00,2530.83,2539.52,2530.67,2536.13
2025-06-09 02:15:00+07:00,2536.06,2537.24,2533.54,2534.38
2025-06-09 02:30:00+07:00,2534.36,2534.83,2527.78,2528.18
2025-06-09 02:45:00+07:00,2528.17,2533.04,2528.1,2531.43
2025-06-09 03:00:00+07:00,2531.34,2536.62,2528.12,2535.06
2025-06-09 03:15:00+07:00,2535.06,2535.75,2532.1,2533.84
2025-06-09 03:30:00+07:00,2533.82,2534.37,2530.66,2534.15
2025-06-09 03:45:00+07:00,2534.14,2534.14,2528.02,2529.8
2025-06-09 04:00:00+07:00,2529.82,2534.46,2529.82,2534.33
2025-06-09 04:15:00+07:00,2534.33,2535.48,2531.2,2533.09
2025-06-09 04:30:00+07:00,2533.07,2534.09,2530.8,2534.09
2025-06-09 04:45:00+07:00,2534.21,2547.78,2533.77,2536.9
2025-06-09 05:00:00+07:00,2537.27,2539.07,2517.88,2519.14
2025-06-09 05:15:00+07:00,2519.21,2526.72,2514.2,2517.17
2025-06-09 05:30:00+07:00,2516.91,2519.4,2500.9,2511.49
2025-06-09 05:45:00+07:00,2511.48,2512.83,2499.0,2506.76
2025-06-09 06:00:00+07:00,2506.74,2509.17,2499.24,2508.21
2025-06-09 06:15:00+07:00,2508.49,2512.51,2503.18,2507.76
2025-06-09 06:30:00+07:00,2507.78,2510.86,2504.44,2506.27
2025-06-09 06:45:00+07:00,2506.38,2509.37,2504.73,2508.35
2025-06-09 07:00:00+07:00,2508.35,2510.82,2503.38,2506.53
2025-06-09 07:15:00+07:00,2506.75,2508.93,2498.89,2505.3
2025-06-09 07:30:00+07:00,2505.37,2509.74,2500.09,2502.3
2025-06-09 07:45:00+07:00,2502.29,2504.22,2493.83,2504.19
2025-06-09 08:00:00+07:00,2504.17,2504.25,2494.29,2498.8
2025-06-09 08:15:00+07:00,2498.79,2503.97,2495.86,2502.69
2025-06-09 08:30:00+07:00,2502.94,2503.8,2496.38,2496.64
2025-06-09 08:45:00+07:00,2496.67,2498.85,2490.31,2493.82
2025-06-09 09:00:00+07:00,2493.65,2500.5,2490.69,2500.31
2025-06-09 09:15:00+07:00,2500.35,2503.55,2498.49,2499.07
2025-06-09 09:30:00+07:00,2499.11,2499.28,2488.44,2490.61
2025-06-09 09:45:00+07:00,2490.36,2494.46,2489.79,2491.57
2025-06-09 10:00:00+07:00,2491.62,2492.93,2482.18,2485.14
2025-06-09 10:15:00+07:00,2485.15,2489.82,2480.94,2488.59
2025-06-09 10:30:00+07:00,2488.6,2491.09,2485.55,2489.25
2025-06-09 10:45:00+07:00,2489.25,2496.79,2489.25,2495.57
2025-06-09 11:00:00+07:00,2495.51,2495.85,2491.66,2491.71
2025-06-09 11:15:00+07:00,2491.72,2494.08,2488.38,2489.7
2025-06-09 11:30:00+07:00,2489.73,2490.87,2485.75,2485.75
2025-06-09 11:45:00+07:00,2485.67,2486.53,2482.95,2484.18
2025-06-09 12:00:00+07:00,2484.19,2488.16,2480.92,2487.63
2025-06-09 12:15:00+07:00,2487.59,2490.74,2484.92,2485.26
2025-06-09 12:30:00+07:00,2485.28,2485.34,2476.93,2483.01
2025-06-09 12:45:00+07:00,2482.92,2484.81,2478.77,2479.63
2025-06-09 13:00:00+07:00,2479.6,2484.43,2476.58,2480.09
2025-06-09 13:15:00+07:00,2480.13,2486.65,2480.12,2485.44
2025-06-09 13:30:00+07:00,2485.34,2488.4,2485.09,2487.12
2025-06-09 13:45:00+07:00,2487.12,2492.59,2487.12,2492.12
2025-06-09 14:00:00+07:00,2492.12,2492.12,2486.59,2487.32
2025-06-09 14:15:00+07:00,2487.29,2487.29,2482.0,2484.56
2025-06-09 14:30:00+07:00,2484.29,2489.94,2484.29,2487.74
2025-06-09 14:45:00+07:00,2487.74,2491.17,2486.72,2490.49
2025-06-09 15:00:00+07:00,2490.7,2495.08,2487.99,2488.98
2025-06-09 15:15:00+07:00,2488.98,2490.51,2483.22,2485.98
2025-06-09 15:30:00+07:00,2485.91,2489.8,2483.85,2488.6
2025-06-09 15:45:00+07:00,2488.56,2495.96,2487.66,2494.15
2025-06-09 16:00:00+07:00,2494.16,2494.95,2490.6,2493.5
2025-06-09 16:15:00+07:00,2493.5,2497.7,2489.77,2497.47
2025-06-09 16:30:00+07:00,2497.34,2512.74,2496.25,2512.06
2025-06-09 16:45:00+07:00,2512.13,2521.16,2507.14,2508.16
2025-06-09 17:00:00+07:00,2508.2,2525.69,2507.95,2523.39
2025-06-09 17:15:00+07:00,2523.72,2534.73,2523.45,2530.97
2025-06-09 17:30:00+07:00,2531.02,2537.86,2527.68,2532.49
2025-06-09 17:45:00+07:00,2532.48,2539.78,2532.21,2534.04
2025-06-09 18:00:00+07:00,2534.05,2535.78,2528.4,2535.78
2025-06-09 18:15:00+07:00,2535.82,2539.89,2531.2,2538.39
2025-06-09 18:30:00+07:00,2538.45,2546.56,2537.19,2542.84
2025-06-09 18:45:00+07:00,2542.64,2543.34,2533.5,2540.61
2025-06-09 19:00:00+07:00,2540.87,2541.29,2533.36,2533.65
2025-06-09 19:15:00+07:00,2533.68,2539.13,2533.68,2536.14
2025-06-09 19:30:00+07:00,2536.14,2547.49,2536.14,2547.18
2025-06-09 19:45:00+07:00,2547.09,2547.74,2541.47,2544.26
2025-06-09 20:00:00+07:00,2544.21,2545.31,2537.44,2538.31
2025-06-09 20:15:00+07:00,2538.3,2544.17,2535.04,2535.53
2025-06-09 20:30:00+07:00,2535.55,2541.27,2519.05,2530.48
2025-06-09 20:45:00+07:00,2530.5,2531.53,2508.43,2515.94
2025-06-09 21:00:00+07:00,2515.93,2528.84,2512.98,2526.97
2025-06-09 21:15:00+07:00,2526.82,2533.52,2524.0,2529.47
2025-06-09 21:30:00+07:00,2529.54,2538.02,2529.39,2534.99
2025-06-09 21:45:00+07:00,2535.01,2538.68,2525.67,2529.68
2025-06-09 22:00:00+07:00,2529.7,2541.7,2528.58,2538.0
2025-06-09 22:15:00+07:00,2538.27,2540.99,2533.76,2540.39
2025-06-09 22:30:00+07:00,2540.3,2541.9,2534.04,2536.43
2025-06-09 22:45:00+07:00,2536.45,2540.36,2532.34,2532.89
2025-06-09 23:00:00+07:00,2532.9,2541.56,2532.77,2541.41
2025-06-09 23:15:00+07:00,2541.36,2569.3,2540.31,2566.21
2025-06-09 23:30:00+07:00,2566.16,2571.98,2560.69,2566.77
2025-06-09 23:45:00+07:00,2566.55,2569.01,2555.79,2556.8
2025-06-10 00:00:00+07:00,2556.92,2570.25,2554.38,2568.96
2025-06-10 00:15:00+07:00,2568.94,2574.25,2563.44,2566.27
2025-06-10 00:30:00+07:00,2566.35,2570.07,2560.04,2569.85
2025-06-10 00:45:00+07:00,2569.86,2575.41,2568.96,2570.28
2025-06-10 01:00:00+07:00,2570.28,2576.58,2566.72,2573.17
2025-06-10 01:15:00+07:00,2573.22,2577.74,2571.83,2576.42
2025-06-10 01:30:00+07:00,2576.39,2584.91,2572.43,2575.28
2025-06-10 01:45:00+07:00,2575.26,2583.52,2571.17,2583.26
2025-06-10 02:00:00+07:00,2583.23,2584.39,2576.84,2579.02
2025-06-10 02:15:00+07:00,2579.02,2587.34,2577.95,2585.02
2025-06-10 02:30:00+07:00,2585.01,2589.05,2577.16,2577.51
2025-06-10 02:45:00+07:00,2577.52,2583.15,2571.94,2579.49
2025-06-10 03:00:00+07:00,2579.5,2583.12,2574.65,2575.44
2025-06-10 03:15:00+07:00,2575.47,2580.75,2575.47,2579.78
2025-06-10 03:30:00+07:00,2579.79,2586.11,2578.96,2582.94
2025-06-10 03:45:00+07:00,2582.95,2591.91,2579.54,2588.17
2025-06-10 04:00:00+07:00,2588.15,2626.13,2588.15,2618.01
2025-06-10 04:15:00+07:00,2618.03,2639.71,2616.51,2638.5
2025-06-10 04:30:00+07:00,2638.28,2639.75,2626.35,2632.83
2025-06-10 04:45:00+07:00,2632.86,2649.22,2626.32,2642.71
2025-06-10 05:00:00+07:00,2642.75,2649.4,2640.79,2644.22
2025-06-10 05:15:00+07:00,2644.4,2665.97,2643.83,2660.0
2025-06-10 05:30:00+07:00,2660.15,2664.91,2651.61,2653.89
2025-06-10 05:45:00+07:00,2653.84,2668.25,2653.71,2664.94
2025-06-10 06:00:00+07:00,2665.02,2667.2,2657.37,2658.74
2025-06-10 06:15:00+07:00,2658.75,2665.11,2656.68,2661.62
2025-06-10 06:30:00+07:00,2661.68,2692.67,2660.71,2690.11
2025-06-10 06:45:00+07:00,2690.61,2693.27,2678.09,2679.18
2025-06-10 07:00:00+07:00,2679.16,2694.23,2676.81,2690.35
2025-06-10 07:15:00+07:00,2690.21,2719.23,2687.72,2716.92
2025-06-10 07:30:00+07:00,2716.92,2726.48,2707.62,2709.95
2025-06-10 07:45:00+07:00,2709.97,2711.05,2694.11,2698.22
2025-06-10 08:00:00+07:00,2698.2,2709.52,2695.73,2702.29
2025-06-10 08:15:00+07:00,2702.14,2713.81,2701.36,2710.63
2025-06-10 08:30:00+07:00,2710.6,2714.31,2704.64,2708.42
2025-06-10 08:45:00+07:00,2708.54,2709.73,2702.29,2707.55
2025-06-10 09:00:00+07:00,2707.52,2708.64,2681.33,2688.49
2025-06-10 09:15:00+07:00,2688.52,2690.74,2677.1,2685.65
2025-06-10 09:30:00+07:00,2685.63,2694.09,2682.56,2693.42
2025-06-10 09:45:00+07:00,2693.63,2697.88,2690.05,2691.43
2025-06-10 10:00:00+07:00,2691.48,2693.09,2679.33,2680.35
2025-06-10 10:15:00+07:00,2680.47,2684.6,2674.17,2680.64
2025-06-10 10:30:00+07:00,2680.45,2683.85,2675.49,2682.11
2025-06-10 10:45:00+07:00,2682.12,2691.74,2681.42,2688.18
2025-06-10 11:00:00+07:00,2688.24,2691.36,2684.88,2686.49
2025-06-10 11:15:00+07:00,2686.5,2688.38,2684.39,2686.33
2025-06-10 11:30:00+07:00,2686.22,2690.84,2684.75,2689.28
2025-06-10 11:45:00+07:00,2689.22,2690.7,2685.29,2688.29
2025-06-10 12:00:00+07:00,2688.28,2691.57,2685.37,2691.15
2025-06-10 12:15:00+07:00,2691.1,2698.73,2672.45,2675.26
2025-06-10 12:30:00+07:00,2675.27,2681.21,2665.79,2676.24
2025-06-10 12:45:00+07:00,2676.29,2679.89,2663.78,2669.7
2025-06-10 13:00:00+07:00,2669.73,2669.95,2654.75,2657.81
2025-06-10 13:15:00+07:00,2657.83,2668.52,2656.99,2667.71
2025-06-10 13:30:00+07:00,2667.65,2679.63,2663.09,2676.14
2025-06-10 13:45:00+07:00,2676.08,2678.95,2672.59,2674.81
2025-06-10 14:00:00+07:00,2674.87,2676.51,2665.54,2670.4
2025-06-10 14:15:00+07:00,2670.09,2683.18,2666.49,2681.93
2025-06-10 14:30:00+07:00,2681.88,2684.41,2671.99,2673.37
2025-06-10 14:45:00+07:00,2672.65,2677.55,2668.06,2676.29
2025-06-10 15:00:00+07:00,2676.37,2683.11,2670.93,2671.72
2025-06-10 15:15:00+07:00,2671.71,2676.42,2668.72,2673.37
2025-06-10 15:30:00+07:00,2673.3,2681.67,2672.7,2679.14
2025-06-10 15:45:00+07:00,2679.16,2680.23,2671.91,2672.67
2025-06-10 16:00:00+07:00,2672.75,2677.59,2671.75,2677.22
2025-06-10 16:15:00+07:00,2677.31,2684.68,2673.78,2681.62
2025-06-10 16:30:00+07:00,2681.75,2692.71,2681.56,2685.93
2025-06-10 16:45:00+07:00,2685.95,2692.33,2682.55,2691.53
2025-06-10 17:00:00+07:00,2691.52,2695.29,2687.98,2693.07
2025-06-10 17:15:00+07:00,2693.13,2696.77,2688.95,2689.41
2025-06-10 17:30:00+07:00,2689.55,2689.85,2680.08,2682.9
2025-06-10 17:45:00+07:00,2682.88,2694.26,2682.45,2694.26
2025-06-10 18:00:00+07:00,2694.23,2706.32,2687.42,2705.76
2025-06-10 18:15:00+07:00,2705.63,2762.84,2705.53,2759.25
2025-06-10 18:30:00+07:00,2759.31,2798.25,2753.61,2788.65
2025-06-10 18:45:00+07:00,2788.68,2790.21,2764.02,2773.13
2025-06-10 19:00:00+07:00,2773.08,2778.12,2745.52,2753.87
2025-06-10 19:15:00+07:00,2753.91,2765.0,2748.46,2754.23
2025-06-10 19:30:00+07:00,2754.21,2773.1,2750.67,2768.3
2025-06-10 19:45:00+07:00,2768.28,2770.03,2760.76,2764.45
2025-06-10 20:00:00+07:00,2764.49,2778.11,2763.66,2772.8
2025-06-10 20:15:00+07:00,2772.77,2774.26,2755.47,2755.5
2025-06-10 20:30:00+07:00,2755.46,2761.06,2717.71,2719.99
2025-06-10 20:45:00+07:00,2720.05,2745.13,2716.79,2742.66
2025-06-10 21:00:00+07:00,2742.68,2752.99,2726.37,2745.68
2025-06-10 21:15:00+07:00,2745.52,2746.86,2733.52,2741.05
2025-06-10 21:30:00+07:00,2741.09,2743.98,2728.7,2734.49
2025-06-10 21:45:00+07:00,2734.28,2740.47,2730.54,2735.43
2025-06-10 22:00:00+07:00,2735.12,2749.72,2730.67,2746.75
2025-06-10 22:15:00+07:00,2746.74,2753.04,2731.9,2732.06
2025-06-10 22:30:00+07:00,2732.08,2732.1,2689.28,2716.51
2025-06-10 22:45:00+07:00,2716.49,2734.93,2714.45,2731.77
2025-06-10 23:00:00+07:00,2731.89,2745.29,2731.44,2744.21
2025-06-10 23:15:00+07:00,2744.17,2747.67,2727.23,2742.16
2025-06-10 23:30:00+07:00,2742.16,2742.77,2730.12,2738.6
2025-06-10 23:45:00+07:00,2738.62,2742.01,2728.22,2729.78
2025-06-11 00:00:00+07:00,2729.78,2742.31,2729.72,2740.48
2025-06-11 00:15:00+07:00,2740.5,2751.38,2737.93,2738.18
2025-06-11 00:30:00+07:00,2738.16,2746.58,2733.42,2740.83
2025-06-11 00:45:00+07:00,2740.86,2745.63,2734.5,2739.85
2025-06-11 01:00:00+07:00,2740.01,2743.01,2730.71,2741.05
2025-06-11 01:15:00+07:00,2741.14,2750.26,2740.6,2747.85
2025-06-11 01:30:00+07:00,2747.79,2751.94,2734.34,2748.74
2025-06-11 01:45:00+07:00,2748.76,2764.81,2746.95,2753.5
2025-06-11 02:00:00+07:00,2753.49,2767.85,2753.39,2764.09
2025-06-11 02:15:00+07:00,2764.19,2778.34,2760.21,2777.17
2025-06-11 02:30:00+07:00,2777.14,2806.2,2776.64,2781.29
2025-06-11 02:45:00+07:00,2781.45,2784.39,2755.61,2772.71
2025-06-11 03:00:00+07:00,2772.9,2774.18,2752.93,2758.65
2025-06-11 03:15:00+07:00,2758.64,2766.47,2753.18,2759.17
2025-06-11 03:30:00+07:00,2759.17,2765.41,2756.2,2760.89
2025-06-11 03:45:00+07:00,2760.86,2774.99,2759.99,2773.34
2025-06-11 04:00:00+07:00,2773.35,2779.43,2756.57,2756.61
2025-06-11 04:15:00+07:00,2756.6,2766.91,2734.67,2764.22
2025-06-11 04:30:00+07:00,2764.15,2778.91,2756.49,2777.04
2025-06-11 04:45:00+07:00,2776.86,2778.01,2764.97,2772.14
2025-06-11 05:00:00+07:00,2772.15,2816.89,2771.62,2802.96
2025-06-11 05:15:00+07:00,2803.03,2817.78,2798.68,2813.62
2025-06-11 05:30:00+07:00,2813.74,2826.45,2802.46,2803.9
2025-06-11 05:45:00+07:00,2803.87,2807.62,2792.08,2802.09
2025-06-11 06:00:00+07:00,2802.53,2804.86,2787.93,2792.67
2025-06-11 06:15:00+07:00,2792.71,2800.31,2788.9,2797.69
2025-06-11 06:30:00+07:00,2797.95,2812.88,2796.73,2811.78
2025-06-11 06:45:00+07:00,2811.78,2816.05,2804.64,2815.5
2025-06-11 07:00:00+07:00,2815.51,2828.4,2810.22,2820.6
2025-06-11 07:15:00+07:00,2820.73,2834.11,2802.96,2805.01
2025-06-11 07:30:00+07:00,2805.02,2812.81,2794.5,2797.48
2025-06-11 07:45:00+07:00,2797.46,2806.94,2791.06,2794.55
2025-06-11 08:00:00+07:00,2794.53,2798.44,2782.98,2793.57
2025-06-11 08:15:00+07:00,2793.56,2794.75,2782.34,2787.8
2025-06-11 08:30:00+07:00,2787.62,2788.5,2777.34,2784.04
2025-06-11 08:45:00+07:00,2783.85,2785.77,2778.59,2783.67
2025-06-11 09:00:00+07:00,2783.71,2802.43,2783.6,2789.57
2025-06-11 09:15:00+07:00,2789.64,2792.65,2779.05,2781.94
2025-06-11 09:30:00+07:00,2781.96,2784.84,2776.45,2779.58
2025-06-11 09:45:00+07:00,2779.52,2781.56,2771.2,2780.49
2025-06-11 10:00:00+07:00,2780.46,2790.15,2779.5,2788.52
2025-06-11 10:15:00+07:00,2788.5,2794.12,2783.17,2789.05
2025-06-11 10:30:00+07:00,2789.09,2796.56,2788.79,2793.51
2025-06-11 10:45:00+07:00,2793.78,2795.28,2788.05,2789.95
2025-06-11 11:00:00+07:00,2790.17,2794.34,2786.06,2787.15
2025-06-11 11:15:00+07:00,2787.11,2796.45,2784.8,2791.85
2025-06-11 11:30:00+07:00,2791.75,2803.17,2790.8,2792.97
2025-06-11 11:45:00+07:00,2793.16,2798.61,2790.06,2796.2
2025-06-11 12:00:00+07:00,2796.21,2797.1,2786.95,2792.18
2025-06-11 12:15:00+07:00,2792.28,2801.55,2785.67,2800.5
2025-06-11 12:30:00+07:00,2800.47,2800.47,2790.58,2792.72
2025-06-11 12:45:00+07:00,2792.72,2796.32,2789.66,2792.67
2025-06-11 13:00:00+07:00,2792.68,2797.04,2788.99,2790.21
2025-06-11 13:15:00+07:00,2790.25,2791.25,2783.08,2785.1
2025-06-11 13:30:00+07:00,2785.02,2787.65,2779.18,2786.61
2025-06-11 13:45:00+07:00,2786.64,2794.42,2780.84,2791.2
2025-06-11 14:00:00+07:00,2791.22,2798.93,2786.72,2796.1
2025-06-11 14:15:00+07:00,2795.9,2797.41,2790.95,2794.9
2025-06-11 14:30:00+07:00,2794.9,2801.09,2793.2,2796.69
2025-06-11 14:45:00+07:00,2796.65,2797.44,2790.14,2790.41
2025-06-11 15:00:00+07:00,2790.68,2792.65,2783.74,2785.27
2025-06-11 15:15:00+07:00,2785.23,2788.45,2772.9,2777.99
2025-06-11 15:30:00+07:00,2778.11,2780.76,2770.9,2775.06
2025-06-11 15:45:00+07:00,2775.05,2775.05,2764.3,2768.29
2025-06-11 16:00:00+07:00,2768.25,2769.87,2760.71,2764.51
2025-06-11 16:15:00+07:00,2764.46,2772.2,2764.45,2770.33
2025-06-11 16:30:00+07:00,2770.1,2772.67,2765.13,2766.44
2025-06-11 16:45:00+07:00,2766.44,2768.31,2752.84,2758.4
2025-06-11 17:00:00+07:00,2758.42,2767.12,2756.33,2764.32
2025-06-11 17:15:00+07:00,2764.28,2768.17,2760.33,2767.15
2025-06-11 17:30:00+07:00,2767.09,2770.57,2762.87,2765.59
2025-06-11 17:45:00+07:00,2765.64,2772.55,2765.44,2770.7
2025-06-11 18:00:00+07:00,2770.72,2771.01,2765.8,2766.1
2025-06-11 18:15:00+07:00,2765.95,2766.91,2761.0,2765.13
2025-06-11 18:30:00+07:00,2765.24,2774.37,2760.79,2763.31
2025-06-11 18:45:00+07:00,2763.32,2773.16,2761.69,2771.66
2025-06-11 19:00:00+07:00,2771.67,2782.72,2764.82,2779.75
2025-06-11 19:15:00+07:00,2779.71,2779.75,2762.95,2772.11
2025-06-11 19:30:00+07:00,2772.06,2821.8,2772.02,2813.17
2025-06-11 19:45:00+07:00,2813.3,2815.36,2795.69,2804.1
2025-06-11 20:00:00+07:00,2804.29,2813.67,2793.05,2806.77
2025-06-11 20:15:00+07:00,2806.96,2817.73,2804.88,2815.86
2025-06-11 20:30:00+07:00,2815.79,2816.0,2784.25,2797.8
2025-06-11 20:45:00+07:00,2797.76,2800.73,2787.25,2795.18
2025-06-11 21:00:00+07:00,2795.23,2809.92,2790.09,2809.84
2025-06-11 21:15:00+07:00,2809.93,2842.63,2808.98,2841.66
2025-06-11 21:30:00+07:00,2841.78,2856.18,2827.67,2846.28
2025-06-11 21:45:00+07:00,2846.37,2849.14,2832.79,2839.48
2025-06-11 22:00:00+07:00,2839.46,2845.91,2827.52,2830.25
2025-06-11 22:15:00+07:00,2830.31,2854.79,2828.73,2850.04
2025-06-11 22:30:00+07:00,2849.85,2878.36,2849.62,2865.05
2025-06-11 22:45:00+07:00,2865.15,2876.31,2860.12,2864.01
2025-06-11 23:00:00+07:00,2863.74,2864.55,2844.06,2857.35
2025-06-11 23:15:00+07:00,2857.36,2863.07,2846.1,2862.23
2025-06-11 23:30:00+07:00,2862.13,2867.0,2853.67,2863.21
2025-06-11 23:45:00+07:00,2863.19,2874.84,2857.65,2866.51
2025-06-12 00:00:00+07:00,2866.5,2866.5,2832.77,2851.89
2025-06-12 00:15:00+07:00,2851.92,2868.38,2844.71,2866.79
2025-06-12 00:30:00+07:00,2866.66,2872.05,2851.5,2851.9
2025-06-12 00:45:00+07:00,2852.08,2853.44,2825.11,2828.64
2025-06-12 01:00:00+07:00,2828.61,2832.3,2808.33,2809.17
2025-06-12 01:15:00+07:00,2809.04,2819.57,2800.43,2816.93
2025-06-12 01:30:00+07:00,2816.99,2828.6,2804.39,2827.58
2025-06-12 01:45:00+07:00,2827.28,2832.25,2820.2,2820.3
2025-06-12 02:00:00+07:00,2820.66,2822.98,2804.6,2820.73
2025-06-12 02:15:00+07:00,2820.81,2824.85,2815.45,2819.95
2025-06-12 02:30:00+07:00,2819.97,2820.87,2801.09,2813.05
2025-06-12 02:45:00+07:00,2813.03,2813.35,2802.32,2812.02
2025-06-12 03:00:00+07:00,2812.01,2812.74,2787.91,2806.34
2025-06-12 03:15:00+07:00,2806.49,2819.85,2805.88,2818.11
2025-06-12 03:30:00+07:00,2818.13,2825.81,2813.38,2820.49
2025-06-12 03:45:00+07:00,2820.59,2820.8,2812.0,2814.21
2025-06-12 04:00:00+07:00,2814.47,2830.18,2814.13,2830.17
2025-06-12 04:15:00+07:00,2830.16,2830.16,2815.99,2817.65
2025-06-12 04:30:00+07:00,2817.64,2818.46,2780.57,2796.14
2025-06-12 04:45:00+07:00,2796.19,2802.94,2773.74,2781.07
2025-06-12 05:00:00+07:00,2781.13,2785.13,2759.97,2779.52
2025-06-12 05:15:00+07:00,2779.5,2780.6,2742.37,2758.02
2025-06-12 05:30:00+07:00,2758.0,2763.68,2750.68,2760.65
2025-06-12 05:45:00+07:00,2760.65,2766.99,2754.83,2758.09
2025-06-12 06:00:00+07:00,2758.1,2769.19,2754.01,2765.12
2025-06-12 06:15:00+07:00,2765.14,2773.39,2765.14,2770.47
2025-06-12 06:30:00+07:00,2770.7,2777.35,2767.68,2776.14
2025-06-12 06:45:00+07:00,2776.13,2776.37,2770.15,2770.58
2025-06-12 07:00:00+07:00,2770.44,2776.51,2763.85,2769.0
2025-06-12 07:15:00+07:00,2769.06,2783.65,2763.15,2763.21
2025-06-12 07:30:00+07:00,2763.04,2776.91,2757.71,2774.26
2025-06-12 07:45:00+07:00,2774.22,2777.09,2768.74,2774.46
2025-06-12 08:00:00+07:00,2774.43,2777.53,2764.18,2766.67
2025-06-12 08:15:00+07:00,2766.42,2774.4,2760.35,2764.69
2025-06-12 08:30:00+07:00,2764.69,2767.57,2750.77,2766.22
2025-06-12 08:45:00+07:00,2766.23,2775.55,2759.48,2774.91
2025-06-12 09:00:00+07:00,2774.89,2783.56,2772.48,2773.41
2025-06-12 09:15:00+07:00,2773.43,2774.88,2766.43,2771.98
2025-06-12 09:30:00+07:00,2771.98,2773.62,2766.54,2766.68
2025-06-12 09:45:00+07:00,2766.48,2770.78,2755.55,2756.86
2025-06-12 10:00:00+07:00,2756.9,2760.94,2752.95,2760.34
2025-06-12 10:15:00+07:00,2760.4,2761.0,2745.18,2751.21
2025-06-12 10:30:00+07:00,2751.23,2769.07,2750.59,2769.07
2025-06-12 10:45:00+07:00,2770.14,2775.59,2763.57,2763.91
2025-06-12 11:00:00+07:00,2763.94,2768.3,2755.46,2755.48
2025-06-12 11:15:00+07:00,2756.17,2762.46,2750.23,2757.44
2025-06-12 11:30:00+07:00,2757.52,2760.99,2749.0,2752.03
2025-06-12 11:45:00+07:00,2752.02,2762.32,2751.11,2761.51
2025-06-12 12:00:00+07:00,2761.51,2761.51,2750.51,2756.95
2025-06-12 12:15:00+07:00,2757.06,2767.22,2756.85,2765.31
2025-06-12 12:30:00+07:00,2765.32,2769.58,2757.24,2758.32
2025-06-12 12:45:00+07:00,2758.33,2767.69,2758.1,2763.93
2025-06-12 13:00:00+07:00,2763.92,2765.07,2758.08,2759.12
2025-06-12 13:15:00+07:00,2759.4,2764.05,2753.79,2762.31
2025-06-12 13:30:00+07:00,2762.45,2775.37,2761.75,2772.48
2025-06-12 13:45:00+07:00,2772.48,2772.48,2766.5,2766.96
2025-06-12 14:00:00+07:00,2767.01,2772.8,2763.75,2767.12
2025-06-12 14:15:00+07:00,2767.09,2769.39,2755.81,2756.99
2025-06-12 14:30:00+07:00,2756.97,2759.27,2732.95,2744.32
2025-06-12 14:45:00+07:00,2745.76,2750.62,2738.01,2739.24
2025-06-12 15:00:00+07:00,2739.13,2749.28,2731.24,2748.0
2025-06-12 15:15:00+07:00,2747.93,2755.28,2744.44,2753.1
2025-06-12 15:30:00+07:00,2753.07,2755.61,2746.37,2752.75
2025-06-12 15:45:00+07:00,2752.63,2759.73,2749.6,2756.16
2025-06-12 16:00:00+07:00,2756.15,2761.01,2752.09,2752.09
2025-06-12 16:15:00+07:00,2752.08,2756.67,2747.46,2754.05
2025-06-12 16:30:00+07:00,2754.0,2760.61,2753.98,2754.67
2025-06-12 16:45:00+07:00,2754.69,2756.18,2751.08,2751.55
2025-06-12 17:00:00+07:00,2751.55,2752.43,2742.41,2743.94
2025-06-12 17:15:00+07:00,2743.91,2749.89,2733.62,2739.02
2025-06-12 17:30:00+07:00,2739.0,2742.86,2732.17,2741.47
2025-06-12 17:45:00+07:00,2741.67,2751.75,2738.34,2749.05
2025-06-12 18:00:00+07:00,2749.04,2752.58,2743.16,2746.98
2025-06-12 18:15:00+07:00,2746.93,2747.99,2720.25,2726.2
2025-06-12 18:30:00+07:00,2726.42,2735.23,2722.49,2734.05
2025-06-12 18:45:00+07:00,2733.95,2738.42,2727.51,2728.54
2025-06-12 19:00:00+07:00,2728.56,2734.56,2710.51,2716.94
2025-06-12 19:15:00+07:00,2716.9,2725.48,2714.26,2723.34
2025-06-12 19:30:00+07:00,2723.3,2744.82,2722.22,2742.92
2025-06-12 19:45:00+07:00,2742.53,2743.15,2730.27,2735.49
2025-06-12 20:00:00+07:00,2735.46,2746.51,2732.27,2741.18
2025-06-12 20:15:00+07:00,2741.15,2747.63,2732.71,2737.83
2025-06-12 20:30:00+07:00,2737.63,2753.29,2730.81,2749.9
2025-06-12 20:45:00+07:00,2749.88,2753.53,2741.06,2748.28
2025-06-12 21:00:00+07:00,2748.33,2761.53,2745.85,2760.35
2025-06-12 21:15:00+07:00,2760.27,2764.42,2755.6,2758.45
2025-06-12 21:30:00+07:00,2758.5,2769.07,2756.14,2763.6
2025-06-12 21:45:00+07:00,2763.52,2768.27,2760.44,2763.34
2025-06-12 22:00:00+07:00,2763.38,2771.56,2762.49,2764.72
2025-06-12 22:15:00+07:00,2764.71,2769.53,2741.38,2747.12
2025-06-12 22:30:00+07:00,2747.1,2755.49,2744.4,2751.15
2025-06-12 22:45:00+07:00,2751.08,2751.59,2711.79,2718.48
2025-06-12 23:00:00+07:00,2718.51,2734.13,2713.57,2728.59
2025-06-12 23:15:00+07:00,2728.67,2744.31,2727.34,2741.77
2025-06-12 23:30:00+07:00,2741.97,2742.22,2731.67,2739.67
2025-06-12 23:45:00+07:00,2739.7,2743.18,2733.82,2741.89
2025-06-13 00:00:00+07:00,2741.91,2750.08,2739.54,2748.7
2025-06-13 00:15:00+07:00,2748.71,2763.89,2748.17,2759.12
2025-06-13 00:30:00+07:00,2759.18,2766.7,2759.14,2763.65
2025-06-13 00:45:00+07:00,2764.05,2769.85,2757.08,2760.81
2025-06-13 01:00:00+07:00,2760.78,2762.76,2745.15,2748.74
2025-06-13 01:15:00+07:00,2748.75,2751.54,2726.27,2732.31
2025-06-13 01:30:00+07:00,2732.33,2743.08,2723.67,2724.85
2025-06-13 01:45:00+07:00,2724.51,2735.61,2716.54,2733.91
2025-06-13 02:00:00+07:00,2733.85,2737.85,2728.46,2734.43
2025-06-13 02:15:00+07:00,2734.55,2742.72,2731.6,2736.8
2025-06-13 02:30:00+07:00,2736.81,2737.17,2719.52,2721.09
2025-06-13 02:45:00+07:00,2721.07,2721.07,2690.44,2693.14
2025-06-13 03:00:00+07:00,2693.09,2702.16,2679.65,2683.37
2025-06-13 03:15:00+07:00,2683.47,2694.02,2676.51,2688.85
2025-06-13 03:30:00+07:00,2688.81,2691.79,2642.92,2650.41
2025-06-13 03:45:00+07:00,2650.56,2655.49,2614.82,2637.85
2025-06-13 04:00:00+07:00,2637.85,2651.92,2630.11,2642.98
2025-06-13 04:15:00+07:00,2642.92,2658.33,2642.43,2658.15
2025-06-13 04:30:00+07:00,2658.2,2658.75,2636.16,2643.73
2025-06-13 04:45:00+07:00,2643.76,2650.81,2629.89,2632.3
2025-06-13 05:00:00+07:00,2632.22,2647.67,2631.45,2644.43
2025-06-13 05:15:00+07:00,2644.44,2645.55,2637.18,2637.69
2025-06-13 05:30:00+07:00,2637.67,2643.77,2633.74,2633.74
2025-06-13 05:45:00+07:00,2633.67,2641.04,2631.71,2638.83
2025-06-13 06:00:00+07:00,2638.53,2651.94,2637.31,2642.6
2025-06-13 06:15:00+07:00,2642.62,2657.57,2642.62,2656.23
2025-06-13 06:30:00+07:00,2656.21,2656.48,2648.06,2652.63
2025-06-13 06:45:00+07:00,2652.59,2655.51,2641.11,2641.19
2025-06-13 07:00:00+07:00,2641.34,2644.11,2534.41,2566.81
2025-06-13 07:15:00+07:00,2566.56,2571.95,2539.93,2549.65
2025-06-13 07:30:00+07:00,2549.62,2557.33,2495.65,2534.96
2025-06-13 07:45:00+07:00,2534.96,2544.16,2507.94,2528.32
2025-06-13 08:00:00+07:00,2528.33,2528.33,2452.78,2473.73
2025-06-13 08:15:00+07:00,2474.27,2505.97,2471.52,2492.09
2025-06-13 08:30:00+07:00,2492.19,2500.13,2474.21,2498.63
2025-06-13 08:45:00+07:00,2498.62,2506.33,2487.2,2496.61
2025-06-13 09:00:00+07:00,2496.75,2497.51,2476.77,2485.04
2025-06-13 09:15:00+07:00,2485.01,2490.05,2466.7,2481.76
2025-06-13 09:30:00+07:00,2481.75,2489.32,2436.47,2450.77
2025-06-13 09:45:00+07:00,2450.77,2476.03,2445.17,2474.92
2025-06-13 10:00:00+07:00,2474.91,2498.35,2472.96,2492.14
2025-06-13 10:15:00+07:00,2492.12,2505.16,2490.88,2495.55
2025-06-13 10:30:00+07:00,2495.55,2509.78,2491.75,2502.03
2025-06-13 10:45:00+07:00,2502.08,2523.75,2498.88,2512.92
2025-06-13 11:00:00+07:00,2512.96,2514.28,2496.93,2497.99
2025-06-13 11:15:00+07:00,2498.04,2511.68,2493.76,2510.91
2025-06-13 11:30:00+07:00,2510.81,2517.6,2509.02,2515.09
2025-06-13 11:45:00+07:00,2515.39,2515.93,2504.47,2506.92
2025-06-13 12:00:00+07:00,2506.9,2512.04,2501.97,2508.1
2025-06-13 12:15:00+07:00,2508.08,2516.62,2504.76,2511.78
2025-06-13 12:30:00+07:00,2511.71,2515.98,2508.81,2515.23
2025-06-13 12:45:00+07:00,2515.23,2518.69,2504.74,2505.22
2025-06-13 13:00:00+07:00,2505.4,2510.07,2498.21,2501.75
2025-06-13 13:15:00+07:00,2501.75,2502.57,2490.81,2491.02
2025-06-13 13:30:00+07:00,2491.05,2504.81,2491.05,2504.58
2025-06-13 13:45:00+07:00,2504.69,2532.49,2498.19,2531.74
2025-06-13 14:00:00+07:00,2531.75,2532.23,2514.81,2521.93
2025-06-13 14:15:00+07:00,2521.9,2534.43,2516.54,2533.28
2025-06-13 14:30:00+07:00,2533.22,2541.06,2524.05,2529.34
2025-06-13 14:45:00+07:00,2529.33,2534.06,2524.12,2525.35
2025-06-13 15:00:00+07:00,2525.4,2539.45,2522.28,2538.0
2025-06-13 15:15:00+07:00,2537.98,2538.71,2526.44,2529.58
2025-06-13 15:30:00+07:00,2529.55,2533.37,2515.31,2519.51
2025-06-13 15:45:00+07:00,2519.5,2523.06,2509.01,2516.45
2025-06-13 16:00:00+07:00,2516.39,2521.99,2510.38,2515.82
2025-06-13 16:15:00+07:00,2515.89,2518.84,2505.51,2511.69
2025-06-13 16:30:00+07:00,2511.42,2514.1,2506.03,2508.93
2025-06-13 16:45:00+07:00,2509.12,2525.9,2506.65,2519.8
2025-06-13 17:00:00+07:00,2519.75,2521.43,2508.21,2516.99
2025-06-13 17:15:00+07:00,2517.01,2519.74,2512.01,2517.33
2025-06-13 17:30:00+07:00,2517.26,2529.8,2514.15,2526.46
2025-06-13 17:45:00+07:00,2526.47,2532.98,2520.51,2531.48
2025-06-13 18:00:00+07:00,2531.64,2537.52,2524.5,2527.24
2025-06-13 18:15:00+07:00,2527.23,2529.61,2520.87,2522.94
2025-06-13 18:30:00+07:00,2522.91,2534.58,2521.71,2534.41
2025-06-13 18:45:00+07:00,2534.31,2544.38,2528.61,2543.81
2025-06-13 19:00:00+07:00,2543.84,2557.42,2538.42,2550.32
2025-06-13 19:15:00+07:00,2550.39,2555.44,2545.04,2552.25
2025-06-13 19:30:00+07:00,2552.21,2562.15,2543.89,2544.66
2025-06-13 19:45:00+07:00,2544.72,2548.66,2535.58,2540.99
2025-06-13 20:00:00+07:00,2541.07,2542.37,2533.65,2541.07
2025-06-13 20:15:00+07:00,2541.03,2547.47,2537.05,2543.43
2025-06-13 20:30:00+07:00,2543.53,2560.76,2540.96,2557.87
2025-06-13 20:45:00+07:00,2557.9,2558.25,2540.51,2541.54
2025-06-13 21:00:00+07:00,2541.68,2553.1,2522.98,2528.5
2025-06-13 21:15:00+07:00,2528.45,2528.79,2504.54,2507.8
2025-06-13 21:30:00+07:00,2507.75,2531.84,2502.68,2528.23
2025-06-13 21:45:00+07:00,2528.35,2539.25,2522.0,2537.15
2025-06-13 22:00:00+07:00,2537.15,2554.09,2529.4,2547.86
2025-06-13 22:15:00+07:00,2547.87,2556.79,2541.57,2550.67
2025-06-13 22:30:00+07:00,2550.73,2558.91,2543.9,2555.82
2025-06-13 22:45:00+07:00,2555.66,2559.26,2543.02,2550.17
2025-06-13 23:00:00+07:00,2550.2,2578.68,2545.09,2576.62
2025-06-13 23:15:00+07:00,2576.67,2584.1,2563.37,2566.41
2025-06-13 23:30:00+07:00,2566.45,2568.98,2551.18,2557.61
2025-06-13 23:45:00+07:00,2557.59,2562.21,2543.26,2560.67
2025-06-14 00:00:00+07:00,2560.6,2560.65,2546.13,2547.19
2025-06-14 00:15:00+07:00,2547.17,2551.16,2534.03,2534.14
2025-06-14 00:30:00+07:00,2534.07,2544.78,2533.33,2534.91
2025-06-14 00:45:00+07:00,2535.01,2544.11,2521.41,2542.07
2025-06-14 01:00:00+07:00,2542.03,2544.76,2523.76,2528.21
2025-06-14 01:15:00+07:00,2528.25,2530.93,2516.77,2520.68
2025-06-14 01:30:00+07:00,2520.6,2521.74,2508.8,2515.08
2025-06-14 01:45:00+07:00,2515.34,2537.23,2513.84,2528.55
2025-06-14 02:00:00+07:00,2528.54,2535.83,2519.95,2533.07
2025-06-14 02:15:00+07:00,2532.98,2540.32,2521.64,2527.51
2025-06-14 02:30:00+07:00,2527.53,2534.57,2523.28,2526.55
2025-06-14 02:45:00+07:00,2526.53,2531.76,2522.1,2526.21
2025-06-14 03:00:00+07:00,2526.2,2539.72,2522.92,2538.34
2025-06-14 03:15:00+07:00,2538.36,2539.93,2529.0,2535.92
2025-06-14 03:30:00+07:00,2535.88,2551.89,2533.44,2551.32
2025-06-14 03:45:00+07:00,2551.33,2551.33,2538.65,2545.62
2025-06-14 04:00:00+07:00,2545.47,2549.17,2541.3,2545.3
2025-06-14 04:15:00+07:00,2544.98,2554.62,2541.11,2553.03
2025-06-14 04:30:00+07:00,2553.08,2555.19,2546.09,2551.67
2025-06-14 04:45:00+07:00,2551.54,2558.79,2549.6,2552.86
2025-06-14 05:00:00+07:00,2552.9,2568.72,2552.9,2559.9
2025-06-14 05:15:00+07:00,2559.94,2562.62,2556.22,2560.36
2025-06-14 05:30:00+07:00,2560.31,2563.3,2558.06,2560.23
2025-06-14 05:45:00+07:00,2560.25,2573.28,2560.25,2570.35
2025-06-14 06:00:00+07:00,2570.71,2578.54,2566.17,2568.26
2025-06-14 06:15:00+07:00,2568.24,2575.98,2567.54,2573.26
2025-06-14 06:30:00+07:00,2573.31,2579.43,2571.04,2579.43
2025-06-14 06:45:00+07:00,2579.5,2582.18,2572.9,2577.88
2025-06-14 07:00:00+07:00,2577.96,2578.21,2565.33,2567.25
2025-06-14 07:15:00+07:00,2567.29,2574.4,2558.04,2563.39
2025-06-14 07:30:00+07:00,2563.55,2569.69,2560.37,2566.27
2025-06-14 07:45:00+07:00,2566.28,2571.85,2558.79,2561.19
2025-06-14 08:00:00+07:00,2561.11,2561.29,2549.1,2551.89
2025-06-14 08:15:00+07:00,2552.09,2559.72,2550.63,2557.97
2025-06-14 08:30:00+07:00,2558.09,2562.73,2555.82,2561.59
2025-06-14 08:45:00+07:00,2561.61,2565.09,2553.72,2556.67
2025-06-14 09:00:00+07:00,2556.47,2560.8,2553.96,2559.24
2025-06-14 09:15:00+07:00,2559.24,2566.19,2555.34,2556.87
2025-06-14 09:30:00+07:00,2556.82,2557.6,2551.35,2551.85
2025-06-14 09:45:00+07:00,2551.88,2554.85,2551.34,2553.98
2025-06-14 10:00:00+07:00,2554.01,2556.68,2551.94,2551.95
2025-06-14 10:15:00+07:00,2551.93,2557.18,2548.6,2556.18
2025-06-14 10:30:00+07:00,2556.12,2559.24,2550.95,2552.66
2025-06-14 10:45:00+07:00,2552.69,2553.67,2545.89,2547.83
2025-06-14 11:00:00+07:00,2547.79,2553.88,2547.3,2550.92
2025-06-14 11:15:00+07:00,2550.92,2553.98,2549.39,2553.04
2025-06-14 11:30:00+07:00,2553.11,2555.5,2550.92,2553.28
2025-06-14 11:45:00+07:00,2553.28,2555.15,2548.56,2550.69
2025-06-14 12:00:00+07:00,2550.8,2552.04,2546.53,2546.73
2025-06-14 12:15:00+07:00,2546.72,2550.09,2546.38,2548.4
2025-06-14 12:30:00+07:00,2548.39,2552.46,2546.15,2552.35
2025-06-14 12:45:00+07:00,2552.37,2555.44,2550.08,2550.76
2025-06-14 13:00:00+07:00,2550.81,2555.26,2547.45,2550.26
2025-06-14 13:15:00+07:00,2550.15,2550.77,2540.9,2544.01
2025-06-14 13:30:00+07:00,2543.92,2546.25,2540.7,2545.95
2025-06-14 13:45:00+07:00,2545.94,2546.25,2541.66,2542.1
2025-06-14 14:00:00+07:00,2542.13,2542.7,2535.3,2536.21
2025-06-14 14:15:00+07:00,2536.24,2538.53,2524.99,2534.28
2025-06-14 14:30:00+07:00,2534.32,2541.04,2533.35,2540.22
2025-06-14 14:45:00+07:00,2540.22,2540.78,2535.36,2535.99
2025-06-14 15:00:00+07:00,2535.94,2536.53,2525.33,2527.62
2025-06-14 15:15:00+07:00,2527.55,2532.83,2526.93,2532.64
2025-06-14 15:30:00+07:00,2532.66,2535.51,2525.57,2535.11
2025-06-14 15:45:00+07:00,2535.17,2536.69,2530.99,2534.56
2025-06-14 16:00:00+07:00,2534.57,2534.77,2527.47,2528.9
2025-06-14 16:15:00+07:00,2529.03,2533.51,2528.21,2529.06
2025-06-14 16:30:00+07:00,2529.04,2530.43,2526.66,2528.19
2025-06-14 16:45:00+07:00,2528.25,2528.74,2520.54,2521.71
2025-06-14 17:00:00+07:00,2521.98,2526.42,2517.83,2525.76
2025-06-14 17:15:00+07:00,2525.68,2529.79,2521.38,2529.07
2025-06-14 17:30:00+07:00,2529.06,2534.17,2526.1,2528.45
2025-06-14 17:45:00+07:00,2528.51,2532.02,2528.17,2529.81
2025-06-14 18:00:00+07:00,2529.83,2534.39,2529.83,2532.46
2025-06-14 18:15:00+07:00,2532.51,2538.07,2531.3,2534.17
2025-06-14 18:30:00+07:00,2534.28,2536.87,2529.24,2530.26
2025-06-14 18:45:00+07:00,2530.27,2538.61,2529.12,2537.04
2025-06-14 19:00:00+07:00,2537.02,2537.89,2530.88,2532.38
2025-06-14 19:15:00+07:00,2532.36,2535.99,2527.39,2530.81
2025-06-14 19:30:00+07:00,2530.74,2537.16,2527.82,2529.37
2025-06-14 19:45:00+07:00,2529.42,2536.23,2529.42,2535.53
2025-06-14 20:00:00+07:00,2535.38,2545.03,2533.47,2539.09
2025-06-14 20:15:00+07:00,2539.06,2539.87,2534.28,2536.97
2025-06-14 20:30:00+07:00,2536.98,2537.18,2528.28,2529.61
2025-06-14 20:45:00+07:00,2529.62,2533.89,2524.78,2533.53
2025-06-14 21:00:00+07:00,2533.56,2534.48,2529.48,2532.32
2025-06-14 21:15:00+07:00,2532.39,2535.9,2530.31,2532.32
2025-06-14 21:30:00+07:00,2532.28,2533.36,2525.8,2527.7
2025-06-14 21:45:00+07:00,2527.59,2528.74,2522.82,2528.26
2025-06-14 22:00:00+07:00,2528.14,2532.0,2525.71,2525.94
2025-06-14 22:15:00+07:00,2526.25,2529.81,2518.09,2521.84
2025-06-14 22:30:00+07:00,2521.82,2521.82,2507.97,2510.51
2025-06-14 22:45:00+07:00,2510.73,2519.46,2503.72,2518.18
2025-06-14 23:00:00+07:00,2518.14,2525.06,2512.58,2515.52
2025-06-14 23:15:00+07:00,2515.37,2517.3,2508.12,2510.5
2025-06-14 23:30:00+07:00,2510.83,2513.47,2503.94,2507.69
2025-06-14 23:45:00+07:00,2507.57,2507.8,2490.91,2496.45
2025-06-15 00:00:00+07:00,2496.4,2504.69,2487.61,2502.14
2025-06-15 00:15:00+07:00,2502.13,2517.16,2501.76,2513.88
2025-06-15 00:30:00+07:00,2513.89,2515.45,2501.74,2504.67
2025-06-15 00:45:00+07:00,2504.68,2512.12,2503.6,2510.38
2025-06-15 01:00:00+07:00,2510.45,2522.46,2509.92,2516.62
2025-06-15 01:15:00+07:00,2516.61,2517.53,2501.91,2502.56
2025-06-15 01:30:00+07:00,2502.55,2504.38,2487.41,2494.6
2025-06-15 01:45:00+07:00,2494.61,2508.85,2488.61,2507.2
2025-06-15 02:00:00+07:00,2507.21,2514.63,2504.08,2513.85
2025-06-15 02:15:00+07:00,2513.99,2517.33,2510.71,2513.09
2025-06-15 02:30:00+07:00,2513.1,2520.73,2512.9,2516.61
2025-06-15 02:45:00+07:00,2516.54,2516.54,2505.53,2506.25
2025-06-15 03:00:00+07:00,2506.3,2512.27,2495.27,2497.9
2025-06-15 03:15:00+07:00,2497.88,2508.82,2496.05,2505.71
2025-06-15 03:30:00+07:00,2505.7,2511.56,2501.04,2509.25
2025-06-15 03:45:00+07:00,2509.09,2512.73,2504.62,2508.18
2025-06-15 04:00:00+07:00,2508.2,2511.87,2505.01,2511.87
2025-06-15 04:15:00+07:00,2511.96,2519.99,2507.77,2519.04
2025-06-15 04:30:00+07:00,2519.15,2522.05,2512.66,2520.71
2025-06-15 04:45:00+07:00,2520.78,2533.93,2520.61,2526.82
2025-06-15 05:00:00+07:00,2526.88,2532.22,2523.13,2530.43
2025-06-15 05:15:00+07:00,2530.32,2531.76,2525.65,2527.65
2025-06-15 05:30:00+07:00,2527.59,2527.59,2516.54,2519.18
2025-06-15 05:45:00+07:00,2519.21,2525.92,2518.57,2525.0
2025-06-15 06:00:00+07:00,2524.95,2531.48,2524.69,2528.53
2025-06-15 06:15:00+07:00,2528.51,2530.1,2525.53,2529.21
2025-06-15 06:30:00+07:00,2529.27,2536.48,2527.31,2535.88
2025-06-15 06:45:00+07:00,2535.78,2538.97,2529.3,2529.51
2025-06-15 07:00:00+07:00,2529.6,2534.12,2527.5,2533.58
2025-06-15 07:15:00+07:00,2533.53,2537.04,2530.02,2533.45
2025-06-15 07:30:00+07:00,2533.5,2537.68,2529.84,2534.67
2025-06-15 07:45:00+07:00,2534.75,2539.89,2532.75,2536.35
2025-06-15 08:00:00+07:00,2536.34,2538.11,2531.52,2534.45
2025-06-15 08:15:00+07:00,2534.37,2534.37,2524.62,2527.22
2025-06-15 08:30:00+07:00,2527.17,2531.61,2523.76,2531.31
2025-06-15 08:45:00+07:00,2531.28,2532.38,2527.24,2527.87
2025-06-15 09:00:00+07:00,2527.93,2536.93,2527.93,2534.57
2025-06-15 09:15:00+07:00,2534.57,2535.41,2531.69,2534.01
2025-06-15 09:30:00+07:00,2534.05,2535.14,2530.58,2531.86
2025-06-15 09:45:00+07:00,2531.87,2532.61,2526.97,2528.19
2025-06-15 10:00:00+07:00,2528.24,2532.32,2526.7,2531.29
2025-06-15 10:15:00+07:00,2531.31,2532.56,2528.71,2530.87
2025-06-15 10:30:00+07:00,2530.61,2533.97,2528.78,2531.61
2025-06-15 10:45:00+07:00,2531.64,2532.72,2528.58,2529.12
2025-06-15 11:00:00+07:00,2529.17,2532.67,2528.64,2532.36
2025-06-15 11:15:00+07:00,2532.47,2533.72,2529.21,2531.73
2025-06-15 11:30:00+07:00,2531.77,2539.54,2531.73,2538.46
2025-06-15 11:45:00+07:00,2538.24,2545.4,2536.77,2542.53
2025-06-15 12:00:00+07:00,2542.49,2542.5,2537.41,2538.11
2025-06-15 12:15:00+07:00,2538.1,2540.22,2534.02,2540.07
2025-06-15 12:30:00+07:00,2539.96,2548.43,2539.18,2548.12
2025-06-15 12:45:00+07:00,2548.0,2551.6,2546.38,2550.07
2025-06-15 13:00:00+07:00,2550.14,2552.18,2540.05,2540.81
2025-06-15 13:15:00+07:00,2540.98,2543.3,2532.15,2535.14
2025-06-15 13:30:00+07:00,2535.21,2537.1,2532.4,2536.0
2025-06-15 13:45:00+07:00,2536.04,2537.23,2532.46,2534.42
2025-06-15 14:00:00+07:00,2534.41,2535.06,2524.41,2530.63
2025-06-15 14:15:00+07:00,2530.42,2531.21,2526.24,2527.47
2025-06-15 14:30:00+07:00,2527.43,2527.99,2521.34,2524.89
2025-06-15 14:45:00+07:00,2524.88,2530.36,2524.05,2527.32
2025-06-15 15:00:00+07:00,2527.38,2528.93,2518.06,2521.25
2025-06-15 15:15:00+07:00,2521.36,2523.91,2519.59,2522.78
2025-06-15 15:30:00+07:00,2522.83,2524.46,2517.72,2521.41
2025-06-15 15:45:00+07:00,2521.38,2521.89,2517.25,2519.61
2025-06-15 16:00:00+07:00,2519.57,2519.57,2511.8,2513.36
2025-06-15 16:15:00+07:00,2513.33,2515.44,2509.02,2512.26
2025-06-15 16:30:00+07:00,2512.23,2515.39,2507.46,2513.68
2025-06-15 16:45:00+07:00,2513.64,2515.55,2507.42,2509.43
2025-06-15 17:00:00+07:00,2509.45,2522.82,2508.87,2520.85
2025-06-15 17:15:00+07:00,2520.71,2522.46,2513.36,2515.46
2025-06-15 17:30:00+07:00,2515.44,2518.08,2512.52,2517.9
2025-06-15 17:45:00+07:00,2518.01,2520.55,2515.46,2518.88
2025-06-15 18:00:00+07:00,2518.89,2522.07,2517.31,2517.31
2025-06-15 18:15:00+07:00,2517.31,2518.87,2513.57,2514.12
2025-06-15 18:30:00+07:00,2514.13,2516.58,2510.46,2513.23
2025-06-15 18:45:00+07:00,2513.33,2519.8,2511.4,2515.06
2025-06-15 19:00:00+07:00,2515.06,2523.48,2514.62,2520.42
2025-06-15 19:15:00+07:00,2520.42,2523.08,2515.83,2517.41
2025-06-15 19:30:00+07:00,2517.4,2520.81,2516.23,2518.98
2025-06-15 19:45:00+07:00,2518.97,2525.64,2518.72,2524.69
2025-06-15 20:00:00+07:00,2524.64,2534.91,2521.45,2530.36
2025-06-15 20:15:00+07:00,2530.41,2537.3,2530.12,2532.16
2025-06-15 20:30:00+07:00,2532.11,2537.64,2526.76,2537.64
2025-06-15 20:45:00+07:00,2537.62,2544.19,2536.4,2541.98
2025-06-15 21:00:00+07:00,2541.99,2547.51,2536.17,2542.54
2025-06-15 21:15:00+07:00,2542.59,2544.52,2536.26,2538.01
2025-06-15 21:30:00+07:00,2538.09,2545.64,2534.77,2541.82
2025-06-15 21:45:00+07:00,2541.82,2554.01,2541.33,2547.56
2025-06-15 22:00:00+07:00,2547.61,2549.87,2543.12,2545.04
2025-06-15 22:15:00+07:00,2545.15,2550.51,2543.94,2550.3
2025-06-15 22:30:00+07:00,2550.28,2552.08,2545.08,2545.08
2025-06-15 22:45:00+07:00,2545.05,2548.11,2537.32,2540.51
2025-06-15 23:00:00+07:00,2540.69,2547.39,2539.82,2540.7
2025-06-15 23:15:00+07:00,2540.54,2542.49,2534.85,2542.44
2025-06-15 23:30:00+07:00,2542.45,2554.39,2538.68,2550.13
2025-06-15 23:45:00+07:00,2550.16,2550.79,2545.06,2550.36
2025-06-16 00:00:00+07:00,2550.39,2551.66,2544.18,2544.24
2025-06-16 00:15:00+07:00,2544.33,2549.63,2543.43,2547.83
2025-06-16 00:30:00+07:00,2547.68,2550.0,2544.15,2549.28
2025-06-16 00:45:00+07:00,2549.24,2558.21,2547.93,2552.61
2025-06-16 01:00:00+07:00,2552.43,2553.46,2543.22,2545.87
2025-06-16 01:15:00+07:00,2545.92,2546.43,2539.85,2544.32
2025-06-16 01:30:00+07:00,2544.32,2546.85,2541.53,2545.34
2025-06-16 01:45:00+07:00,2545.11,2548.75,2542.85,2547.81
2025-06-16 02:00:00+07:00,2547.54,2552.25,2546.01,2550.63
2025-06-16 02:15:00+07:00,2550.72,2551.97,2544.29,2546.01
2025-06-16 02:30:00+07:00,2546.0,2548.07,2529.82,2532.7
2025-06-16 02:45:00+07:00,2532.62,2537.13,2530.18,2535.77
2025-06-16 03:00:00+07:00,2535.8,2535.9,2520.94,2522.32
2025-06-16 03:15:00+07:00,2522.33,2522.75,2510.54,2511.97
2025-06-16 03:30:00+07:00,2511.86,2518.36,2490.35,2492.43
2025-06-16 03:45:00+07:00,2492.43,2503.44,2490.97,2501.97
2025-06-16 04:00:00+07:00,2501.95,2505.45,2496.06,2503.35
2025-06-16 04:15:00+07:00,2503.38,2512.61,2503.32,2511.92
2025-06-16 04:30:00+07:00,2512.02,2512.21,2503.11,2508.71
2025-06-16 04:45:00+07:00,2508.77,2517.31,2508.71,2515.87
2025-06-16 05:00:00+07:00,2515.86,2544.94,2512.15,2540.31
2025-06-16 05:15:00+07:00,2540.28,2546.0,2535.65,2538.84
2025-06-16 05:30:00+07:00,2538.77,2542.72,2532.88,2540.52
2025-06-16 05:45:00+07:00,2540.52,2548.98,2539.25,2543.57
2025-06-16 06:00:00+07:00,2543.62,2547.12,2538.32,2539.92
2025-06-16 06:15:00+07:00,2539.92,2546.03,2539.59,2543.14
2025-06-16 06:30:00+07:00,2543.22,2548.63,2542.2,2547.66
2025-06-16 06:45:00+07:00,2547.74,2548.47,2543.06,2546.22
2025-06-16 07:00:00+07:00,2546.25,2548.36,2539.67,2542.33
2025-06-16 07:15:00+07:00,2542.34,2551.61,2537.01,2541.49
2025-06-16 07:30:00+07:00,2541.5,2547.31,2538.22,2544.7
2025-06-16 07:45:00+07:00,2544.84,2546.89,2538.98,2543.6
2025-06-16 08:00:00+07:00,2543.4,2544.96,2522.34,2524.2
2025-06-16 08:15:00+07:00,2524.18,2529.7,2518.64,2521.41
2025-06-16 08:30:00+07:00,2521.47,2539.87,2513.67,2537.13
2025-06-16 08:45:00+07:00,2537.12,2558.51,2535.14,2553.59
2025-06-16 09:00:00+07:00,2553.22,2576.46,2553.19,2572.62
2025-06-16 09:15:00+07:00,2572.48,2577.92,2563.94,2568.37
2025-06-16 09:30:00+07:00,2568.16,2577.12,2565.03,2572.73
2025-06-16 09:45:00+07:00,2572.77,2576.31,2570.69,2573.18
2025-06-16 10:00:00+07:00,2573.22,2574.43,2564.32,2568.06
2025-06-16 10:15:00+07:00,2567.99,2573.3,2564.75,2571.31
2025-06-16 10:30:00+07:00,2571.29,2572.71,2568.75,2569.95
2025-06-16 10:45:00+07:00,2569.93,2570.11,2566.74,2567.42
2025-06-16 11:00:00+07:00,2567.47,2573.36,2565.59,2573.36
2025-06-16 11:15:00+07:00,2573.43,2577.56,2568.96,2571.59
2025-06-16 11:30:00+07:00,2571.53,2576.99,2569.23,2575.77
2025-06-16 11:45:00+07:00,2575.75,2575.75,2571.71,2574.55
2025-06-16 12:00:00+07:00,2574.57,2577.63,2572.07,2573.54
2025-06-16 12:15:00+07:00,2573.6,2596.83,2573.37,2595.89
2025-06-16 12:30:00+07:00,2595.88,2619.78,2593.75,2605.15
2025-06-16 12:45:00+07:00,2605.14,2609.43,2602.97,2606.29
2025-06-16 13:00:00+07:00,2606.28,2610.55,2602.14,2609.71
2025-06-16 13:15:00+07:00,2609.68,2615.85,2608.55,2610.2
2025-06-16 13:30:00+07:00,2610.22,2616.68,2608.27,2613.33
2025-06-16 13:45:00+07:00,2613.37,2619.02,2604.53,2606.61
2025-06-16 14:00:00+07:00,2606.62,2637.46,2606.62,2629.03
2025-06-16 14:15:00+07:00,2629.01,2631.63,2617.36,2623.25
2025-06-16 14:30:00+07:00,2623.22,2631.96,2621.54,2626.22
2025-06-16 14:45:00+07:00,2626.16,2627.98,2623.0,2627.72
2025-06-16 15:00:00+07:00,2627.75,2629.34,2624.17,2627.35
2025-06-16 15:15:00+07:00,2627.36,2630.59,2620.54,2622.32
2025-06-16 15:30:00+07:00,2622.3,2628.91,2621.43,2626.99
2025-06-16 15:45:00+07:00,2627.02,2629.63,2625.07,2629.45
2025-06-16 16:00:00+07:00,2629.62,2630.19,2623.62,2624.7
2025-06-16 16:15:00+07:00,2624.63,2628.02,2621.5,2623.65
2025-06-16 16:30:00+07:00,2623.68,2624.52,2618.58,2620.6
2025-06-16 16:45:00+07:00,2620.57,2623.48,2617.72,2620.6
2025-06-16 17:00:00+07:00,2620.62,2629.15,2620.18,2627.9
2025-06-16 17:15:00+07:00,2627.99,2632.63,2622.97,2625.13
2025-06-16 17:30:00+07:00,2625.07,2625.59,2618.82,2619.56
2025-06-16 17:45:00+07:00,2619.53,2619.69,2609.47,2616.16
2025-06-16 18:00:00+07:00,2616.21,2616.35,2608.14,2608.7
2025-06-16 18:15:00+07:00,2608.75,2610.38,2591.45,2596.98
2025-06-16 18:30:00+07:00,2596.96,2614.59,2595.99,2612.57
2025-06-16 18:45:00+07:00,2612.76,2619.3,2610.83,2615.84
2025-06-16 19:00:00+07:00,2615.83,2616.17,2605.29,2610.6
2025-06-16 19:15:00+07:00,2610.63,2613.62,2603.3,2608.8
2025-06-16 19:30:00+07:00,2608.8,2616.25,2605.4,2614.25
2025-06-16 19:45:00+07:00,2614.24,2618.21,2612.38,2614.08
2025-06-16 20:00:00+07:00,2614.06,2617.46,2607.97,2612.19
2025-06-16 20:15:00+07:00,2612.08,2613.73,2606.93,2611.1
2025-06-16 20:30:00+07:00,2611.14,2623.22,2609.0,2620.79
2025-06-16 20:45:00+07:00,2620.95,2644.91,2613.92,2638.52
2025-06-16 21:00:00+07:00,2638.42,2644.29,2625.45,2632.2
2025-06-16 21:15:00+07:00,2631.92,2641.42,2628.11,2638.58
2025-06-16 21:30:00+07:00,2638.59,2656.71,2637.44,2643.33
2025-06-16 21:45:00+07:00,2643.17,2647.21,2636.31,2638.42
2025-06-16 22:00:00+07:00,2638.42,2641.74,2633.05,2639.32
2025-06-16 22:15:00+07:00,2639.43,2644.56,2633.99,2636.16
2025-06-16 22:30:00+07:00,2635.96,2642.68,2635.45,2639.58
2025-06-16 22:45:00+07:00,2639.61,2645.87,2626.7,2630.64
2025-06-16 23:00:00+07:00,2630.8,2639.16,2627.39,2638.99
2025-06-16 23:15:00+07:00,2639.09,2644.55,2634.91,2635.3
2025-06-16 23:30:00+07:00,2635.26,2641.53,2632.94,2633.3
2025-06-16 23:45:00+07:00,2632.76,2638.7,2626.15,2634.75
2025-06-17 00:00:00+07:00,2634.62,2638.5,2632.52,2633.01
2025-06-17 00:15:00+07:00,2632.98,2640.34,2629.99,2636.77
2025-06-17 00:30:00+07:00,2636.73,2641.43,2633.05,2633.59
2025-06-17 00:45:00+07:00,2633.68,2636.88,2628.03,2632.8
2025-06-17 01:00:00+07:00,2632.85,2638.11,2630.74,2637.08
2025-06-17 01:15:00+07:00,2637.06,2644.19,2634.34,2642.16
2025-06-17 01:30:00+07:00,2642.18,2642.93,2636.5,2640.4
2025-06-17 01:45:00+07:00,2640.3,2653.7,2637.45,2652.97
2025-06-17 02:00:00+07:00,2652.95,2658.87,2643.3,2647.42
2025-06-17 02:15:00+07:00,2647.38,2668.99,2647.38,2664.54
2025-06-17 02:30:00+07:00,2664.61,2664.97,2647.75,2651.81
2025-06-17 02:45:00+07:00,2651.87,2660.3,2648.13,2659.08
2025-06-17 03:00:00+07:00,2659.12,2659.47,2642.61,2651.1
2025-06-17 03:15:00+07:00,2651.04,2657.58,2648.1,2657.18
2025-06-17 03:30:00+07:00,2657.17,2670.98,2654.49,2669.78
2025-06-17 03:45:00+07:00,2669.9,2679.53,2666.78,2668.48
2025-06-17 04:00:00+07:00,2668.47,2670.4,2653.98,2654.18
2025-06-17 04:15:00+07:00,2654.13,2658.34,2651.02,2656.72
2025-06-17 04:30:00+07:00,2656.74,2656.92,2643.49,2648.14
2025-06-17 04:45:00+07:00,2648.14,2654.04,2645.57,2647.71
2025-06-17 05:00:00+07:00,2647.69,2656.59,2647.06,2652.39
2025-06-17 05:15:00+07:00,2652.45,2654.75,2649.35,2654.69
2025-06-17 05:30:00+07:00,2654.69,2654.9,2556.74,2557.78
2025-06-17 05:45:00+07:00,2554.36,2579.59,2542.26,2568.79
2025-06-17 06:00:00+07:00,2568.74,2588.71,2558.79,2586.32
2025-06-17 06:15:00+07:00,2586.36,2594.41,2569.07,2573.6
2025-06-17 06:30:00+07:00,2573.6,2578.4,2557.96,2568.3
2025-06-17 06:45:00+07:00,2568.31,2570.95,2533.91,2543.11
2025-06-17 07:00:00+07:00,2543.21,2543.78,2523.63,2537.5
2025-06-17 07:15:00+07:00,2537.59,2570.73,2527.46,2569.86
2025-06-17 07:30:00+07:00,2569.92,2573.76,2557.12,2559.62
2025-06-17 07:45:00+07:00,2559.74,2587.53,2559.24,2586.25
2025-06-17 08:00:00+07:00,2586.42,2590.4,2572.16,2576.62
2025-06-17 08:15:00+07:00,2576.87,2583.14,2574.05,2577.96
2025-06-17 08:30:00+07:00,2577.92,2589.55,2576.42,2580.03
2025-06-17 08:45:00+07:00,2580.05,2586.37,2576.28,2579.84
2025-06-17 09:00:00+07:00,2579.85,2580.3,2573.25,2578.16
2025-06-17 09:15:00+07:00,2578.13,2578.13,2560.57,2563.01
2025-06-17 09:30:00+07:00,2563.03,2573.3,2557.16,2572.05
2025-06-17 09:45:00+07:00,2572.14,2615.56,2565.84,2607.65
2025-06-17 10:00:00+07:00,2607.62,2617.45,2599.67,2611.74
2025-06-17 10:15:00+07:00,2611.74,2616.12,2605.03,2605.98
2025-06-17 10:30:00+07:00,2606.13,2612.52,2604.02,2605.13
2025-06-17 10:45:00+07:00,2605.15,2610.52,2602.72,2606.19
2025-06-17 11:00:00+07:00,2606.23,2609.6,2600.96,2604.76
2025-06-17 11:15:00+07:00,2604.79,2606.14,2592.15,2594.7
2025-06-17 11:30:00+07:00,2594.66,2595.34,2586.37,2591.21
2025-06-17 11:45:00+07:00,2591.67,2597.54,2590.85,2590.85
2025-06-17 12:00:00+07:00,2590.79,2597.11,2590.37,2592.15
2025-06-17 12:15:00+07:00,2592.35,2593.41,2577.52,2585.25
2025-06-17 12:30:00+07:00,2585.25,2587.92,2582.52,2583.15
2025-06-17 12:45:00+07:00,2583.17,2583.39,2575.03,2578.91
2025-06-17 13:00:00+07:00,2578.82,2587.52,2573.66,2585.29
2025-06-17 13:15:00+07:00,2585.27,2586.84,2576.55,2581.71
2025-06-17 13:30:00+07:00,2581.72,2582.91,2575.69,2580.05
2025-06-17 13:45:00+07:00,2580.17,2584.06,2575.59,2581.18
2025-06-17 14:00:00+07:00,2581.13,2585.55,2577.35,2577.86
2025-06-17 14:15:00+07:00,2577.84,2580.48,2569.17,2569.37
2025-06-17 14:30:00+07:00,2569.38,2580.41,2569.38,2578.43
2025-06-17 14:45:00+07:00,2578.34,2585.41,2578.03,2581.18
2025-06-17 15:00:00+07:00,2581.16,2584.37,2579.33,2582.63
2025-06-17 15:15:00+07:00,2582.65,2582.65,2573.1,2579.83
2025-06-17 15:30:00+07:00,2579.8,2579.82,2565.05,2570.04
2025-06-17 15:45:00+07:00,2570.01,2575.43,2567.33,2570.64
2025-06-17 16:00:00+07:00,2570.67,2575.13,2562.68,2568.7
2025-06-17 16:15:00+07:00,2568.83,2572.85,2566.12,2569.01
2025-06-17 16:30:00+07:00,2569.01,2572.89,2560.29,2565.91
2025-06-17 16:45:00+07:00,2565.84,2568.48,2562.57,2565.8
2025-06-17 17:00:00+07:00,2565.87,2568.51,2557.78,2560.46
2025-06-17 17:15:00+07:00,2560.38,2565.29,2553.67,2561.8
2025-06-17 17:30:00+07:00,2561.83,2562.88,2546.57,2547.59
2025-06-17 17:45:00+07:00,2547.61,2556.33,2543.89,2555.94
2025-06-17 18:00:00+07:00,2555.93,2556.22,2546.59,2547.73
2025-06-17 18:15:00+07:00,2547.71,2549.72,2540.43,2543.59
2025-06-17 18:30:00+07:00,2543.53,2548.96,2542.18,2543.54
2025-06-17 18:45:00+07:00,2543.58,2553.0,2542.98,2551.21
2025-06-17 19:00:00+07:00,2551.16,2557.29,2549.06,2554.84
2025-06-17 19:15:00+07:00,2554.86,2555.81,2547.69,2548.72
2025-06-17 19:30:00+07:00,2548.57,2558.61,2545.6,2555.77
2025-06-17 19:45:00+07:00,2555.71,2556.14,2544.11,2546.71
2025-06-17 20:00:00+07:00,2546.69,2552.79,2545.13,2549.47
2025-06-17 20:15:00+07:00,2549.47,2556.77,2546.85,2555.54
2025-06-17 20:30:00+07:00,2555.9,2562.88,2546.48,2548.54
2025-06-17 20:45:00+07:00,2548.75,2557.16,2547.54,2552.14
2025-06-17 21:00:00+07:00,2552.22,2566.75,2546.52,2564.37
2025-06-17 21:15:00+07:00,2564.35,2565.1,2552.23,2558.13
2025-06-17 21:30:00+07:00,2558.03,2560.75,2547.74,2551.27
2025-06-17 21:45:00+07:00,2551.29,2556.54,2527.64,2532.29
2025-06-17 22:00:00+07:00,2532.04,2539.83,2507.92,2520.21
2025-06-17 22:15:00+07:00,2520.23,2520.23,2489.53,2494.99
2025-06-17 22:30:00+07:00,2495.04,2504.64,2480.43,2499.5
2025-06-17 22:45:00+07:00,2499.52,2500.78,2490.16,2497.6
2025-06-17 23:00:00+07:00,2497.56,2501.18,2490.56,2495.61
2025-06-17 23:15:00+07:00,2495.7,2497.51,2483.5,2485.37
2025-06-17 23:30:00+07:00,2485.26,2495.89,2474.25,2483.86
2025-06-17 23:45:00+07:00,2483.98,2486.74,2457.95,2460.43
2025-06-18 00:00:00+07:00,2460.2,2471.08,2452.29,2460.62
2025-06-18 00:15:00+07:00,2460.89,2476.34,2458.73,2475.12
2025-06-18 00:30:00+07:00,2475.08,2485.61,2467.49,2469.97
2025-06-18 00:45:00+07:00,2469.95,2472.44,2463.09,2465.6
2025-06-18 01:00:00+07:00,2465.54,2477.04,2462.93,2472.92
2025-06-18 01:15:00+07:00,2472.87,2473.56,2463.14,2463.62
2025-06-18 01:30:00+07:00,2463.7,2474.68,2463.66,2473.64
2025-06-18 01:45:00+07:00,2473.67,2495.92,2473.55,2495.91
2025-06-18 02:00:00+07:00,2495.91,2514.54,2495.68,2513.64
2025-06-18 02:15:00+07:00,2513.62,2540.11,2513.32,2532.27
2025-06-18 02:30:00+07:00,2532.26,2538.07,2524.13,2529.55
2025-06-18 02:45:00+07:00,2529.56,2542.65,2526.33,2526.78
2025-06-18 03:00:00+07:00,2526.87,2533.14,2521.38,2523.55
2025-06-18 03:15:00+07:00,2523.25,2527.54,2510.09,2522.5
2025-06-18 03:30:00+07:00,2522.52,2525.89,2512.8,2518.48
2025-06-18 03:45:00+07:00,2518.51,2519.0,2505.46,2509.58
2025-06-18 04:00:00+07:00,2509.56,2515.34,2502.05,2506.41
2025-06-18 04:15:00+07:00,2506.44,2516.67,2503.52,2515.33
2025-06-18 04:30:00+07:00,2515.29,2524.82,2515.29,2520.81
2025-06-18 04:45:00+07:00,2520.74,2522.57,2510.4,2518.65
2025-06-18 05:00:00+07:00,2518.82,2519.59,2509.34,2517.89
2025-06-18 05:15:00+07:00,2517.85,2520.0,2512.75,2514.38
2025-06-18 05:30:00+07:00,2514.19,2514.69,2505.34,2508.98
2025-06-18 05:45:00+07:00,2509.18,2510.79,2490.82,2493.32
2025-06-18 06:00:00+07:00,2493.38,2506.49,2492.51,2505.45
2025-06-18 06:15:00+07:00,2505.47,2512.68,2504.61,2511.81
2025-06-18 06:30:00+07:00,2511.74,2518.6,2510.81,2516.75
2025-06-18 06:45:00+07:00,2516.58,2518.3,2508.25,2508.91
2025-06-18 07:00:00+07:00,2508.96,2520.27,2508.96,2516.56
2025-06-18 07:15:00+07:00,2516.69,2519.77,2507.04,2507.98
2025-06-18 07:30:00+07:00,2508.04,2528.61,2505.01,2521.97
2025-06-18 07:45:00+07:00,2521.98,2525.55,2514.41,2525.03
2025-06-18 08:00:00+07:00,2525.01,2535.12,2523.05,2528.07
2025-06-18 08:15:00+07:00,2528.15,2534.85,2520.21,2520.97
2025-06-18 08:30:00+07:00,2520.91,2528.0,2520.73,2523.87
2025-06-18 08:45:00+07:00,2524.04,2524.04,2517.13,2518.36
2025-06-18 09:00:00+07:00,2518.4,2523.9,2516.46,2519.91
2025-06-18 09:15:00+07:00,2519.7,2527.68,2513.15,2525.89
2025-06-18 09:30:00+07:00,2525.89,2528.67,2518.01,2518.01
2025-06-18 09:45:00+07:00,2518.01,2523.12,2513.7,2513.74
2025-06-18 10:00:00+07:00,2513.82,2517.97,2511.38,2515.79
2025-06-18 10:15:00+07:00,2515.81,2523.17,2515.48,2521.24
2025-06-18 10:30:00+07:00,2521.36,2531.15,2521.36,2529.42
2025-06-18 10:45:00+07:00,2529.41,2529.6,2523.72,2526.82
2025-06-18 11:00:00+07:00,2526.79,2532.25,2524.17,2531.93
2025-06-18 11:15:00+07:00,2531.95,2533.65,2526.11,2528.56
2025-06-18 11:30:00+07:00,2528.6,2537.2,2527.07,2535.78
2025-06-18 11:45:00+07:00,2535.81,2545.07,2533.7,2535.84
2025-06-18 12:00:00+07:00,2536.05,2537.82,2532.4,2533.13
2025-06-18 12:15:00+07:00,2533.12,2538.71,2533.12,2536.72
2025-06-18 12:30:00+07:00,2536.7,2542.33,2536.15,2539.22
2025-06-18 12:45:00+07:00,2539.13,2539.65,2535.35,2535.86
2025-06-18 13:00:00+07:00,2535.93,2540.03,2531.98,2535.32
2025-06-18 13:15:00+07:00,2535.13,2535.75,2528.96,2531.97
2025-06-18 13:30:00+07:00,2531.96,2535.76,2525.08,2526.37
2025-06-18 13:45:00+07:00,2526.38,2527.79,2518.31,2522.89
2025-06-18 14:00:00+07:00,2522.86,2526.45,2516.32,2518.26
2025-06-18 14:15:00+07:00,2518.16,2525.62,2517.16,2524.16
2025-06-18 14:30:00+07:00,2524.12,2532.11,2522.45,2529.63
2025-06-18 14:45:00+07:00,2529.72,2532.61,2528.38,2532.44
2025-06-18 15:00:00+07:00,2532.42,2547.49,2531.8,2541.96
2025-06-18 15:15:00+07:00,2542.02,2543.98,2536.04,2536.16
2025-06-18 15:30:00+07:00,2536.29,2536.56,2525.37,2527.18
2025-06-18 15:45:00+07:00,2527.33,2535.4,2527.33,2532.34
2025-06-18 16:00:00+07:00,2532.32,2539.68,2530.02,2534.23
2025-06-18 16:15:00+07:00,2534.22,2538.73,2532.21,2533.92
2025-06-18 16:30:00+07:00,2533.9,2534.23,2521.77,2523.63
2025-06-18 16:45:00+07:00,2523.46,2526.47,2520.05,2526.06
2025-06-18 17:00:00+07:00,2525.96,2526.51,2517.51,2521.37
2025-06-18 17:15:00+07:00,2521.34,2528.01,2510.83,2514.21
2025-06-18 17:30:00+07:00,2514.26,2517.0,2505.09,2507.98
2025-06-18 17:45:00+07:00,2508.01,2509.93,2487.48,2493.93
2025-06-18 18:00:00+07:00,2493.91,2505.67,2489.66,2504.94
2025-06-18 18:15:00+07:00,2504.99,2505.43,2496.32,2505.09
2025-06-18 18:30:00+07:00,2505.08,2513.07,2500.44,2511.01
2025-06-18 18:45:00+07:00,2511.01,2515.85,2508.67,2512.67
2025-06-18 19:00:00+07:00,2512.66,2514.97,2507.12,2511.17
2025-06-18 19:15:00+07:00,2511.13,2511.23,2500.35,2502.99
2025-06-18 19:30:00+07:00,2503.02,2506.29,2493.4,2494.97
2025-06-18 19:45:00+07:00,2495.09,2498.67,2490.81,2492.5
2025-06-18 20:00:00+07:00,2492.53,2493.99,2476.95,2481.85
2025-06-18 20:15:00+07:00,2481.87,2485.12,2466.82,2469.85
2025-06-18 20:30:00+07:00,2469.66,2490.81,2464.82,2485.45
2025-06-18 20:45:00+07:00,2485.19,2504.19,2477.58,2500.75
2025-06-18 21:00:00+07:00,2500.75,2532.83,2492.61,2528.96
2025-06-18 21:15:00+07:00,2528.93,2537.84,2522.06,2531.92
2025-06-18 21:30:00+07:00,2531.78,2535.57,2523.77,2527.18
2025-06-18 21:45:00+07:00,2527.41,2528.26,2493.98,2503.94
2025-06-18 22:00:00+07:00,2503.97,2514.44,2497.49,2499.43
2025-06-18 22:15:00+07:00,2499.4,2513.66,2489.08,2509.48
2025-06-18 22:30:00+07:00,2509.45,2517.69,2503.42,2513.03
2025-06-18 22:45:00+07:00,2513.37,2519.38,2505.97,2507.78
2025-06-18 23:00:00+07:00,2507.7,2513.6,2502.68,2506.98
2025-06-18 23:15:00+07:00,2507.1,2507.1,2494.11,2496.18
2025-06-18 23:30:00+07:00,2495.96,2506.54,2494.09,2504.01
2025-06-18 23:45:00+07:00,2504.06,2504.43,2495.2,2498.92
2025-06-19 00:00:00+07:00,2498.89,2499.54,2480.96,2488.8
2025-06-19 00:15:00+07:00,2488.9,2494.83,2478.65,2480.94
2025-06-19 00:30:00+07:00,2480.95,2491.56,2465.89,2490.61
2025-06-19 00:45:00+07:00,2490.59,2502.5,2484.2,2495.39
2025-06-19 01:00:00+07:00,2495.35,2517.21,2479.4,2491.17
2025-06-19 01:15:00+07:00,2491.17,2497.83,2484.31,2493.67
2025-06-19 01:30:00+07:00,2493.72,2509.52,2491.45,2497.98
2025-06-19 01:45:00+07:00,2497.91,2501.91,2471.4,2474.29
2025-06-19 02:00:00+07:00,2474.16,2509.22,2469.9,2504.66
2025-06-19 02:15:00+07:00,2504.33,2507.9,2486.76,2487.64
2025-06-19 02:30:00+07:00,2487.6,2502.73,2485.79,2500.55
2025-06-19 02:45:00+07:00,2500.33,2502.39,2490.15,2491.22
2025-06-19 03:00:00+07:00,2491.21,2497.05,2481.44,2493.23
2025-06-19 03:15:00+07:00,2493.35,2503.75,2492.67,2502.79
2025-06-19 03:30:00+07:00,2502.84,2523.29,2500.95,2522.5
2025-06-19 03:45:00+07:00,2522.44,2536.1,2521.72,2527.64
2025-06-19 04:00:00+07:00,2527.64,2530.72,2509.3,2511.09
2025-06-19 04:15:00+07:00,2511.1,2527.35,2511.1,2521.78
2025-06-19 04:30:00+07:00,2521.78,2527.27,2519.01,2525.96
2025-06-19 04:45:00+07:00,2526.06,2536.66,2522.43,2527.29
2025-06-19 05:00:00+07:00,2527.26,2532.81,2522.61,2524.16
2025-06-19 05:15:00+07:00,2524.27,2528.79,2518.39,2527.01
2025-06-19 05:30:00+07:00,2527.07,2527.99,2521.12,2522.75
2025-06-19 05:45:00+07:00,2522.52,2527.24,2522.52,2523.95
2025-06-19 06:00:00+07:00,2524.12,2532.21,2523.22,2526.7
2025-06-19 06:15:00+07:00,2526.68,2527.98,2520.12,2520.3
2025-06-19 06:30:00+07:00,2520.26,2520.28,2513.38,2514.9
2025-06-19 06:45:00+07:00,2514.92,2524.61,2514.82,2523.61
2025-06-19 07:00:00+07:00,2523.58,2525.27,2515.43,2515.75
2025-06-19 07:15:00+07:00,2515.74,2535.19,2511.89,2534.32
2025-06-19 07:30:00+07:00,2534.3,2546.02,2531.42,2536.48
2025-06-19 07:45:00+07:00,2536.47,2540.43,2526.66,2528.26
2025-06-19 08:00:00+07:00,2528.37,2529.15,2505.99,2513.05
2025-06-19 08:15:00+07:00,2513.07,2521.68,2511.62,2520.48
2025-06-19 08:30:00+07:00,2520.41,2520.68,2512.27,2513.05
2025-06-19 08:45:00+07:00,2513.07,2517.28,2509.37,2513.64
2025-06-19 09:00:00+07:00,2513.69,2519.25,2509.55,2510.96
2025-06-19 09:15:00+07:00,2510.91,2515.46,2506.66,2513.01
2025-06-19 09:30:00+07:00,2512.96,2525.89,2511.83,2524.85
2025-06-19 09:45:00+07:00,2524.47,2525.19,2512.78,2513.24
2025-06-19 10:00:00+07:00,2513.3,2519.15,2513.06,2516.83
2025-06-19 10:15:00+07:00,2516.83,2523.29,2516.09,2522.28
2025-06-19 10:30:00+07:00,2522.34,2522.39,2517.75,2521.76
2025-06-19 10:45:00+07:00,2521.78,2524.99,2518.48,2524.36
2025-06-19 11:00:00+07:00,2524.44,2524.73,2517.36,2522.01
2025-06-19 11:15:00+07:00,2522.02,2522.98,2514.59,2515.39
2025-06-19 11:30:00+07:00,2515.41,2519.32,2513.03,2518.33
2025-06-19 11:45:00+07:00,2518.25,2523.56,2518.25,2523.21
2025-06-19 12:00:00+07:00,2523.12,2527.86,2520.94,2522.84
2025-06-19 12:15:00+07:00,2522.91,2530.08,2520.99,2527.85
2025-06-19 12:30:00+07:00,2527.88,2530.13,2523.1,2524.69
2025-06-19 12:45:00+07:00,2524.85,2525.11,2519.18,2520.81
2025-06-19 13:00:00+07:00,2520.77,2526.13,2517.78,2518.62
2025-06-19 13:15:00+07:00,2518.55,2520.31,2515.47,2515.47
2025-06-19 13:30:00+07:00,2515.47,2519.91,2515.47,2518.52
2025-06-19 13:45:00+07:00,2518.59,2519.16,2515.87,2518.07
2025-06-19 14:00:00+07:00,2518.07,2524.5,2518.07,2523.08
2025-06-19 14:15:00+07:00,2523.3,2524.68,2516.56,2518.77
2025-06-19 14:30:00+07:00,2518.68,2522.72,2517.78,2521.38
2025-06-19 14:45:00+07:00,2521.37,2521.88,2516.78,2517.65
2025-06-19 15:00:00+07:00,2517.65,2526.81,2517.65,2524.49
2025-06-19 15:15:00+07:00,2524.47,2526.74,2523.69,2525.87
2025-06-19 15:30:00+07:00,2525.84,2526.43,2522.27,2525.47
2025-06-19 15:45:00+07:00,2525.47,2529.37,2521.43,2522.4
2025-06-19 16:00:00+07:00,2522.23,2526.44,2521.11,2522.87
2025-06-19 16:15:00+07:00,2522.83,2529.08,2522.31,2528.91
2025-06-19 16:30:00+07:00,2528.94,2531.81,2527.64,2528.2
2025-06-19 16:45:00+07:00,2528.2,2541.48,2528.2,2537.25
2025-06-19 17:00:00+07:00,2537.28,2539.81,2532.42,2534.71
2025-06-19 17:15:00+07:00,2534.73,2543.41,2533.23,2542.3
2025-06-19 17:30:00+07:00,2542.2,2543.64,2537.86,2538.88
2025-06-19 17:45:00+07:00,2538.65,2540.03,2533.61,2537.33
2025-06-19 18:00:00+07:00,2537.27,2537.34,2529.04,2532.45
2025-06-19 18:15:00+07:00,2532.32,2533.56,2529.16,2530.47
2025-06-19 18:30:00+07:00,2530.45,2530.45,2525.81,2527.82
2025-06-19 18:45:00+07:00,2527.84,2532.49,2526.12,2530.57
2025-06-19 19:00:00+07:00,2530.58,2535.7,2523.91,2535.34
2025-06-19 19:15:00+07:00,2535.32,2535.32,2530.97,2532.59
2025-06-19 19:30:00+07:00,2532.56,2534.04,2522.6,2522.82
2025-06-19 19:45:00+07:00,2522.77,2525.23,2518.3,2524.1
2025-06-19 20:00:00+07:00,2524.09,2524.76,2518.26,2518.95
2025-06-19 20:15:00+07:00,2519.02,2524.06,2515.93,2523.1
2025-06-19 20:30:00+07:00,2523.06,2523.06,2513.41,2515.49
2025-06-19 20:45:00+07:00,2515.47,2516.59,2505.84,2508.63
2025-06-19 21:00:00+07:00,2508.61,2516.63,2508.27,2512.64
2025-06-19 21:15:00+07:00,2512.65,2521.0,2510.42,2517.56
2025-06-19 21:30:00+07:00,2517.63,2518.53,2506.73,2506.8
2025-06-19 21:45:00+07:00,2506.87,2506.87,2493.44,2495.67
2025-06-19 22:00:00+07:00,2495.59,2504.03,2495.54,2503.28
2025-06-19 22:15:00+07:00,2503.34,2503.88,2494.58,2499.08
2025-06-19 22:30:00+07:00,2499.03,2499.44,2493.22,2497.7
2025-06-19 22:45:00+07:00,2497.68,2501.57,2488.69,2491.75
2025-06-19 23:00:00+07:00,2491.72,2500.58,2491.61,2498.64
2025-06-19 23:15:00+07:00,2498.57,2502.75,2495.89,2499.09
2025-06-19 23:30:00+07:00,2499.11,2499.39,2493.68,2499.15
2025-06-19 23:45:00+07:00,2499.08,2500.93,2483.57,2486.91
2025-06-20 00:00:00+07:00,2486.94,2493.87,2485.29,2492.59
2025-06-20 00:15:00+07:00,2492.53,2495.55,2488.91,2494.63
2025-06-20 00:30:00+07:00,2494.62,2522.21,2493.14,2515.79
2025-06-20 00:45:00+07:00,2515.72,2519.83,2506.12,2507.36
2025-06-20 01:00:00+07:00,2507.34,2516.55,2505.72,2512.06
2025-06-20 01:15:00+07:00,2512.08,2515.01,2508.05,2508.88
2025-06-20 01:30:00+07:00,2508.91,2512.08,2503.98,2504.96
2025-06-20 01:45:00+07:00,2504.94,2504.96,2497.94,2503.42
2025-06-20 02:00:00+07:00,2503.42,2506.41,2496.59,2506.31
2025-06-20 02:15:00+07:00,2506.43,2509.65,2504.54,2507.65
2025-06-20 02:30:00+07:00,2507.56,2508.82,2501.09,2502.21
2025-06-20 02:45:00+07:00,2502.01,2507.16,2501.78,2503.43
2025-06-20 03:00:00+07:00,2503.59,2514.25,2503.59,2511.09
2025-06-20 03:15:00+07:00,2511.12,2515.39,2506.04,2509.56
2025-06-20 03:30:00+07:00,2509.7,2511.71,2501.46,2501.69
2025-06-20 03:45:00+07:00,2501.76,2507.26,2501.69,2505.94
2025-06-20 04:00:00+07:00,2506.01,2509.82,2503.72,2503.77
2025-06-20 04:15:00+07:00,2503.8,2513.24,2503.54,2507.15
2025-06-20 04:30:00+07:00,2507.08,2513.99,2503.2,2508.65
2025-06-20 04:45:00+07:00,2508.64,2512.27,2504.97,2508.63
2025-06-20 05:00:00+07:00,2508.82,2517.5,2508.77,2515.45
2025-06-20 05:15:00+07:00,2515.6,2519.69,2513.71,2516.73
2025-06-20 05:30:00+07:00,2516.78,2530.25,2516.11,2526.52
2025-06-20 05:45:00+07:00,2526.54,2531.15,2522.27,2522.58
2025-06-20 06:00:00+07:00,2522.61,2526.62,2518.03,2525.96
2025-06-20 06:15:00+07:00,2525.83,2529.01,2521.11,2521.35
2025-06-20 06:30:00+07:00,2521.31,2524.63,2518.52,2523.06
2025-06-20 06:45:00+07:00,2523.02,2523.92,2519.54,2519.99
2025-06-20 07:00:00+07:00,2520.02,2530.52,2519.09,2527.27
2025-06-20 07:15:00+07:00,2527.32,2527.73,2521.58,2521.74
2025-06-20 07:30:00+07:00,2521.65,2526.6,2521.23,2525.74
2025-06-20 07:45:00+07:00,2525.79,2529.74,2523.52,2524.54
2025-06-20 08:00:00+07:00,2524.62,2526.26,2515.99,2521.37
2025-06-20 08:15:00+07:00,2521.37,2521.77,2515.35,2516.16
2025-06-20 08:30:00+07:00,2516.18,2525.12,2515.99,2523.43
2025-06-20 08:45:00+07:00,2523.5,2529.53,2523.22,2526.25
2025-06-20 09:00:00+07:00,2526.27,2527.19,2522.21,2522.4
2025-06-20 09:15:00+07:00,2522.41,2524.21,2520.96,2521.25
2025-06-20 09:30:00+07:00,2521.18,2521.18,2512.84,2515.28
2025-06-20 09:45:00+07:00,2515.29,2518.42,2512.75,2517.2
2025-06-20 10:00:00+07:00,2517.2,2517.2,2511.26,2515.11
2025-06-20 10:15:00+07:00,2515.06,2522.21,2514.09,2520.54
2025-06-20 10:30:00+07:00,2520.47,2520.64,2517.19,2517.21
2025-06-20 10:45:00+07:00,2517.22,2518.84,2515.78,2516.2
2025-06-20 11:00:00+07:00,2516.13,2518.54,2513.84,2517.96
2025-06-20 11:15:00+07:00,2518.02,2519.2,2508.04,2510.35
2025-06-20 11:30:00+07:00,2510.54,2511.62,2505.76,2507.68
2025-06-20 11:45:00+07:00,2507.67,2509.3,2502.5,2503.18
2025-06-20 12:00:00+07:00,2503.22,2508.14,2502.52,2507.22
2025-06-20 12:15:00+07:00,2507.29,2508.72,2502.76,2506.29
2025-06-20 12:30:00+07:00,2506.3,2512.37,2505.32,2512.05
2025-06-20 12:45:00+07:00,2512.15,2515.35,2511.67,2514.68
2025-06-20 13:00:00+07:00,2514.68,2521.82,2514.57,2519.54
2025-06-20 13:15:00+07:00,2519.51,2523.3,2517.7,2520.72
2025-06-20 13:30:00+07:00,2520.7,2521.87,2517.54,2520.99
2025-06-20 13:45:00+07:00,2520.98,2520.98,2517.15,2520.22
2025-06-20 14:00:00+07:00,2520.02,2525.39,2518.04,2524.9
2025-06-20 14:15:00+07:00,2524.93,2539.81,2524.93,2532.93
2025-06-20 14:30:00+07:00,2532.77,2541.8,2532.56,2539.18
2025-06-20 14:45:00+07:00,2539.17,2550.25,2535.37,2548.41
2025-06-20 15:00:00+07:00,2548.42,2565.88,2546.16,2564.12
2025-06-20 15:15:00+07:00,2564.17,2568.26,2559.21,2560.21
2025-06-20 15:30:00+07:00,2560.17,2563.18,2541.99,2542.4
2025-06-20 15:45:00+07:00,2542.37,2555.09,2542.31,2552.44
2025-06-20 16:00:00+07:00,2552.53,2554.87,2544.26,2554.48
2025-06-20 16:15:00+07:00,2554.49,2554.66,2545.08,2546.44
2025-06-20 16:30:00+07:00,2546.41,2551.5,2545.35,2551.41
2025-06-20 16:45:00+07:00,2551.47,2554.18,2549.03,2552.36
2025-06-20 17:00:00+07:00,2552.31,2554.4,2546.66,2549.74
2025-06-20 17:15:00+07:00,2549.73,2556.8,2546.63,2553.18
2025-06-20 17:30:00+07:00,2553.14,2555.74,2551.48,2555.1
2025-06-20 17:45:00+07:00,2555.12,2555.77,2550.23,2551.73
2025-06-20 18:00:00+07:00,2551.63,2552.47,2545.88,2546.92
2025-06-20 18:15:00+07:00,2546.91,2547.95,2540.14,2544.03
2025-06-20 18:30:00+07:00,2544.0,2550.47,2541.15,2550.29
2025-06-20 18:45:00+07:00,2550.39,2554.74,2547.47,2548.69
2025-06-20 19:00:00+07:00,2548.7,2553.96,2546.12,2549.22
2025-06-20 19:15:00+07:00,2549.33,2551.07,2547.86,2550.05
2025-06-20 19:30:00+07:00,2550.05,2557.35,2548.72,2552.48
2025-06-20 19:45:00+07:00,2552.69,2554.48,2549.22,2550.66
2025-06-20 20:00:00+07:00,2550.68,2558.38,2550.68,2554.6
2025-06-20 20:15:00+07:00,2554.69,2558.45,2552.05,2553.68
2025-06-20 20:30:00+07:00,2553.92,2557.49,2543.87,2547.86
2025-06-20 20:45:00+07:00,2547.91,2548.6,2527.56,2535.05
2025-06-20 21:00:00+07:00,2535.04,2539.86,2527.48,2531.65
2025-06-20 21:15:00+07:00,2531.58,2536.37,2510.97,2518.93
2025-06-20 21:30:00+07:00,2518.74,2522.92,2504.86,2508.41
2025-06-20 21:45:00+07:00,2508.32,2510.78,2488.21,2488.66
2025-06-20 22:00:00+07:00,2488.68,2499.46,2486.99,2497.8
2025-06-20 22:15:00+07:00,2497.64,2503.55,2495.03,2495.36
2025-06-20 22:30:00+07:00,2495.36,2507.77,2490.08,2505.31
2025-06-20 22:45:00+07:00,2505.35,2505.88,2486.04,2492.56
2025-06-20 23:00:00+07:00,2492.61,2495.08,2482.8,2486.04
2025-06-20 23:15:00+07:00,2486.0,2488.93,2474.74,2484.49
2025-06-20 23:30:00+07:00,2484.22,2489.27,2483.51,2486.55
2025-06-20 23:45:00+07:00,2486.5,2489.59,2477.67,2481.62
2025-06-21 00:00:00+07:00,2481.49,2486.33,2474.52,2478.58
2025-06-21 00:15:00+07:00,2478.44,2480.82,2404.98,2416.25
2025-06-21 00:30:00+07:00,2416.24,2416.49,2364.07,2409.36
2025-06-21 00:45:00+07:00,2409.2,2424.12,2397.44,2417.9
2025-06-21 01:00:00+07:00,2417.88,2428.23,2411.82,2426.69
2025-06-21 01:15:00+07:00,2426.68,2432.55,2415.31,2417.56
2025-06-21 01:30:00+07:00,2417.6,2429.41,2415.77,2423.63
2025-06-21 01:45:00+07:00,2423.62,2428.16,2415.92,2418.6
2025-06-21 02:00:00+07:00,2418.59,2419.61,2394.03,2398.74
2025-06-21 02:15:00+07:00,2398.91,2408.11,2397.66,2405.7
2025-06-21 02:30:00+07:00,2405.71,2415.46,2405.07,2409.96
2025-06-21 02:45:00+07:00,2409.99,2422.9,2408.49,2413.49
2025-06-21 03:00:00+07:00,2413.44,2427.69,2413.11,2427.42
2025-06-21 03:15:00+07:00,2427.49,2436.73,2422.63,2429.78
2025-06-21 03:30:00+07:00,2429.69,2433.0,2427.6,2430.41
2025-06-21 03:45:00+07:00,2430.45,2434.64,2423.98,2425.83
2025-06-21 04:00:00+07:00,2425.77,2426.06,2416.35,2419.21
2025-06-21 04:15:00+07:00,2419.11,2419.52,2409.16,2415.63
2025-06-21 04:30:00+07:00,2415.47,2425.1,2413.94,2422.75
2025-06-21 04:45:00+07:00,2422.74,2426.03,2413.62,2415.54
2025-06-21 05:00:00+07:00,2415.56,2417.08,2401.8,2405.7
2025-06-21 05:15:00+07:00,2405.78,2408.1,2399.37,2402.41
2025-06-21 05:30:00+07:00,2402.42,2407.94,2386.58,2396.22
2025-06-21 05:45:00+07:00,2396.25,2396.71,2380.87,2389.84
2025-06-21 06:00:00+07:00,2389.8,2397.49,2382.56,2387.48
2025-06-21 06:15:00+07:00,2387.56,2399.42,2386.94,2399.39
2025-06-21 06:30:00+07:00,2399.49,2404.81,2397.82,2404.78
2025-06-21 06:45:00+07:00,2404.81,2406.45,2402.67,2405.37
2025-06-21 07:00:00+07:00,2405.35,2405.35,2394.72,2397.29
2025-06-21 07:15:00+07:00,2397.27,2412.25,2395.5,2411.96
2025-06-21 07:30:00+07:00,2411.98,2417.84,2407.63,2415.32
2025-06-21 07:45:00+07:00,2415.33,2415.33,2407.87,2409.77
2025-06-21 08:00:00+07:00,2409.9,2414.58,2408.93,2414.58
2025-06-21 08:15:00+07:00,2414.64,2418.63,2409.01,2417.78
2025-06-21 08:30:00+07:00,2417.79,2430.86,2415.0,2429.4
2025-06-21 08:45:00+07:00,2429.37,2430.34,2422.81,2430.06
2025-06-21 09:00:00+07:00,2430.11,2431.25,2420.21,2421.48
2025-06-21 09:15:00+07:00,2421.51,2423.64,2417.01,2417.19
2025-06-21 09:30:00+07:00,2417.37,2421.8,2417.27,2419.64
2025-06-21 09:45:00+07:00,2419.67,2423.26,2417.76,2421.67
2025-06-21 10:00:00+07:00,2421.81,2428.34,2421.81,2424.45
2025-06-21 10:15:00+07:00,2424.48,2428.64,2424.48,2428.0
2025-06-21 10:30:00+07:00,2428.04,2429.91,2425.8,2426.75
2025-06-21 10:45:00+07:00,2426.77,2428.55,2424.31,2424.32
2025-06-21 11:00:00+07:00,2424.25,2425.74,2420.79,2421.47
2025-06-21 11:15:00+07:00,2421.47,2424.7,2419.88,2420.79
2025-06-21 11:30:00+07:00,2420.73,2423.57,2418.19,2423.03
2025-06-21 11:45:00+07:00,2423.04,2423.04,2417.92,2422.01
2025-06-21 12:00:00+07:00,2422.02,2422.93,2418.57,2419.33
2025-06-21 12:15:00+07:00,2419.35,2426.07,2419.35,2425.33
2025-06-21 12:30:00+07:00,2425.33,2426.04,2421.19,2422.05
2025-06-21 12:45:00+07:00,2422.1,2422.9,2419.94,2422.87
2025-06-21 13:00:00+07:00,2422.88,2424.6,2421.82,2422.15
2025-06-21 13:15:00+07:00,2422.15,2424.97,2419.74,2423.96
2025-06-21 13:30:00+07:00,2423.97,2424.85,2421.89,2424.11
2025-06-21 13:45:00+07:00,2424.19,2427.36,2423.11,2423.81
2025-06-21 14:00:00+07:00,2424.0,2424.35,2418.64,2420.49
2025-06-21 14:15:00+07:00,2420.53,2424.49,2419.68,2424.13
2025-06-21 14:30:00+07:00,2423.95,2425.46,2422.84,2424.7
2025-06-21 14:45:00+07:00,2424.7,2426.93,2424.28,2425.67
2025-06-21 15:00:00+07:00,2425.67,2430.68,2425.66,2427.06
2025-06-21 15:15:00+07:00,2427.03,2427.03,2422.26,2425.04
2025-06-21 15:30:00+07:00,2425.14,2428.47,2424.15,2428.04
2025-06-21 15:45:00+07:00,2428.04,2443.42,2426.67,2440.44
2025-06-21 16:00:00+07:00,2440.4,2440.87,2430.9,2433.36
2025-06-21 16:15:00+07:00,2433.37,2437.48,2433.37,2436.19
2025-06-21 16:30:00+07:00,2436.05,2442.39,2434.02,2442.03
2025-06-21 16:45:00+07:00,2442.05,2447.01,2439.18,2443.32
2025-06-21 17:00:00+07:00,2443.78,2446.12,2440.45,2440.45
2025-06-21 17:15:00+07:00,2440.53,2441.58,2436.33,2441.48
2025-06-21 17:30:00+07:00,2441.46,2442.27,2435.36,2437.02
2025-06-21 17:45:00+07:00,2437.0,2438.16,2430.28,2437.89
2025-06-21 18:00:00+07:00,2437.93,2440.78,2434.53,2440.19
2025-06-21 18:15:00+07:00,2440.23,2442.97,2437.93,2441.6
2025-06-21 18:30:00+07:00,2441.61,2445.16,2440.15,2440.67
2025-06-21 18:45:00+07:00,2440.68,2442.97,2436.49,2441.36
2025-06-21 19:00:00+07:00,2441.33,2444.04,2440.86,2442.96
2025-06-21 19:15:00+07:00,2442.96,2442.96,2438.04,2442.11
2025-06-21 19:30:00+07:00,2442.08,2442.4,2436.7,2437.94
2025-06-21 19:45:00+07:00,2437.92,2439.0,2433.13,2434.8
2025-06-21 20:00:00+07:00,2434.82,2439.93,2434.82,2439.93
2025-06-21 20:15:00+07:00,2439.98,2442.24,2437.14,2441.06
2025-06-21 20:30:00+07:00,2441.06,2441.5,2429.44,2431.14
2025-06-21 20:45:00+07:00,2431.18,2431.18,2411.98,2419.28
2025-06-21 21:00:00+07:00,2419.28,2424.21,2414.29,2419.31
2025-06-21 21:15:00+07:00,2419.35,2422.88,2412.78,2416.92
2025-06-21 21:30:00+07:00,2416.91,2433.99,2415.18,2424.17
2025-06-21 21:45:00+07:00,2424.1,2424.37,2416.87,2418.45
2025-06-21 22:00:00+07:00,2418.43,2426.62,2418.24,2422.84
2025-06-21 22:15:00+07:00,2422.75,2422.75,2412.01,2415.02
2025-06-21 22:30:00+07:00,2415.01,2419.95,2411.18,2418.55
2025-06-21 22:45:00+07:00,2418.46,2424.73,2412.97,2422.28
2025-06-21 23:00:00+07:00,2422.25,2427.26,2416.86,2422.18
2025-06-21 23:15:00+07:00,2422.19,2426.64,2421.93,2426.4
2025-06-21 23:30:00+07:00,2426.4,2426.4,2414.33,2415.96
2025-06-21 23:45:00+07:00,2415.92,2419.53,2412.47,2415.17
2025-06-22 00:00:00+07:00,2415.15,2419.66,2415.01,2418.59
2025-06-22 00:15:00+07:00,2418.55,2423.28,2412.64,2413.8
2025-06-22 00:30:00+07:00,2413.79,2413.79,2396.34,2403.54
2025-06-22 00:45:00+07:00,2403.81,2404.71,2395.13,2397.93
2025-06-22 01:00:00+07:00,2397.94,2406.7,2397.3,2404.65
2025-06-22 01:15:00+07:00,2404.63,2406.47,2398.64,2404.16
2025-06-22 01:30:00+07:00,2404.11,2410.63,2401.08,2401.98
2025-06-22 01:45:00+07:00,2402.06,2402.06,2383.24,2386.46
2025-06-22 02:00:00+07:00,2386.56,2393.74,2382.92,2390.51
2025-06-22 02:15:00+07:00,2390.57,2399.16,2387.14,2393.76
2025-06-22 02:30:00+07:00,2393.79,2396.29,2383.14,2390.46
2025-06-22 02:45:00+07:00,2390.39,2393.47,2381.02,2383.91
2025-06-22 03:00:00+07:00,2383.84,2393.08,2377.29,2391.6
2025-06-22 03:15:00+07:00,2391.59,2394.74,2383.89,2392.29
2025-06-22 03:30:00+07:00,2392.09,2404.69,2391.75,2399.48
2025-06-22 03:45:00+07:00,2399.49,2408.26,2395.85,2402.46
2025-06-22 04:00:00+07:00,2402.45,2404.84,2393.36,2393.96
2025-06-22 04:15:00+07:00,2393.95,2396.9,2298.47,2337.94
2025-06-22 04:30:00+07:00,2338.38,2338.68,2234.02,2297.43
2025-06-22 04:45:00+07:00,2297.53,2301.47,2274.52,2280.35
2025-06-22 05:00:00+07:00,2280.29,2306.74,2278.14,2298.94
2025-06-22 05:15:00+07:00,2298.85,2305.56,2292.51,2301.36
2025-06-22 05:30:00+07:00,2301.56,2302.22,2277.15,2280.37
2025-06-22 05:45:00+07:00,2280.43,2290.54,2279.25,2285.33
2025-06-22 06:00:00+07:00,2285.37,2290.63,2276.34,2278.79
2025-06-22 06:15:00+07:00,2278.68,2281.91,2258.48,2260.23
2025-06-22 06:30:00+07:00,2260.6,2261.24,2213.81,2238.74
2025-06-22 06:45:00+07:00,2238.72,2313.77,2216.74,2294.59
2025-06-22 07:00:00+07:00,2294.63,2312.25,2253.98,2278.36
2025-06-22 07:15:00+07:00,2278.13,2293.23,2273.29,2282.79
2025-06-22 07:30:00+07:00,2282.99,2312.89,2276.55,2296.45
2025-06-22 07:45:00+07:00,2296.35,2305.86,2289.34,2293.52
2025-06-22 08:00:00+07:00,2293.59,2299.94,2284.35,2291.89
2025-06-22 08:15:00+07:00,2291.93,2294.01,2277.57,2285.62
2025-06-22 08:30:00+07:00,2285.72,2286.88,2265.54,2275.97
2025-06-22 08:45:00+07:00,2275.94,2283.72,2263.81,2265.35
2025-06-22 09:00:00+07:00,2265.36,2283.87,2253.05,2272.56
2025-06-22 09:15:00+07:00,2272.59,2274.44,2253.93,2264.55
2025-06-22 09:30:00+07:00,2264.79,2265.28,2245.13,2259.03
2025-06-22 09:45:00+07:00,2259.04,2270.7,2254.19,2264.23
2025-06-22 10:00:00+07:00,2264.12,2274.27,2263.96,2267.22
2025-06-22 10:15:00+07:00,2267.11,2273.28,2249.91,2254.0
2025-06-22 10:30:00+07:00,2254.0,2264.14,2253.49,2262.14
2025-06-22 10:45:00+07:00,2262.1,2264.38,2253.54,2263.5
2025-06-22 11:00:00+07:00,2263.53,2283.92,2260.62,2280.09
2025-06-22 11:15:00+07:00,2279.98,2280.91,2272.55,2277.53
2025-06-22 11:30:00+07:00,2277.63,2287.68,2274.3,2275.74
2025-06-22 11:45:00+07:00,2275.72,2285.47,2274.72,2280.75
2025-06-22 12:00:00+07:00,2280.69,2290.6,2280.42,2286.73
2025-06-22 12:15:00+07:00,2286.6,2293.24,2282.46,2287.28
2025-06-22 12:30:00+07:00,2287.19,2287.19,2277.82,2279.72
2025-06-22 12:45:00+07:00,2279.7,2290.25,2277.66,2287.57
2025-06-22 13:00:00+07:00,2287.58,2293.57,2282.56,2291.96
2025-06-22 13:15:00+07:00,2292.0,2297.23,2287.67,2289.41
2025-06-22 13:30:00+07:00,2289.48,2292.44,2285.98,2286.35
2025-06-22 13:45:00+07:00,2286.54,2288.96,2282.64,2285.95
2025-06-22 14:00:00+07:00,2285.85,2287.65,2281.83,2282.24
2025-06-22 14:15:00+07:00,2282.06,2286.04,2278.76,2283.26
2025-06-22 14:30:00+07:00,2283.16,2283.16,2266.76,2269.35
2025-06-22 14:45:00+07:00,2269.02,2272.76,2267.0,2269.59
2025-06-22 15:00:00+07:00,2269.63,2275.14,2262.52,2271.56
2025-06-22 15:15:00+07:00,2271.59,2276.98,2267.51,2273.08
2025-06-22 15:30:00+07:00,2273.17,2275.66,2267.88,2273.95
2025-06-22 15:45:00+07:00,2273.8,2274.41,2267.09,2273.4
2025-06-22 16:00:00+07:00,2273.35,2279.12,2267.64,2272.39
2025-06-22 16:15:00+07:00,2272.37,2274.99,2252.01,2255.49
2025-06-22 16:30:00+07:00,2255.47,2262.99,2247.69,2256.56
2025-06-22 16:45:00+07:00,2256.52,2261.45,2235.94,2240.57
2025-06-22 17:00:00+07:00,2240.61,2253.63,2237.77,2253.63
2025-06-22 17:15:00+07:00,2253.64,2260.43,2247.33,2253.3
2025-06-22 17:30:00+07:00,2253.33,2262.01,2252.33,2261.72
2025-06-22 17:45:00+07:00,2261.59,2263.94,2257.9,2258.13
2025-06-22 18:00:00+07:00,2258.24,2269.56,2257.01,2266.16
2025-06-22 18:15:00+07:00,2266.15,2278.18,2265.25,2275.4
2025-06-22 18:30:00+07:00,2275.43,2277.61,2269.31,2271.54
2025-06-22 18:45:00+07:00,2271.55,2274.98,2268.05,2272.02
2025-06-22 19:00:00+07:00,2272.07,2285.99,2269.37,2278.33
2025-06-22 19:15:00+07:00,2277.94,2278.61,2271.1,2274.75
2025-06-22 19:30:00+07:00,2274.73,2275.41,2264.33,2269.97
2025-06-22 19:45:00+07:00,2270.01,2279.7,2266.89,2278.76
2025-06-22 20:00:00+07:00,2278.79,2283.93,2257.93,2260.53
2025-06-22 20:15:00+07:00,2260.52,2261.31,2161.43,2194.54
2025-06-22 20:30:00+07:00,2194.53,2205.38,2176.18,2181.82
2025-06-22 20:45:00+07:00,2181.63,2205.57,2179.27,2198.82
2025-06-22 21:00:00+07:00,2198.74,2210.96,2188.33,2189.47
2025-06-22 21:15:00+07:00,2189.6,2193.11,2155.5,2169.7
2025-06-22 21:30:00+07:00,2169.76,2190.31,2166.48,2177.32
2025-06-22 21:45:00+07:00,2177.35,2207.97,2176.05,2200.17
2025-06-22 22:00:00+07:00,2200.22,2207.01,2190.39,2196.58
2025-06-22 22:15:00+07:00,2196.6,2204.52,2181.72,2181.78
2025-06-22 22:30:00+07:00,2181.87,2192.75,2177.42,2180.04
2025-06-22 22:45:00+07:00,2179.8,2185.44,2168.07,2173.92
2025-06-22 23:00:00+07:00,2173.83,2187.8,2172.43,2180.35
2025-06-22 23:15:00+07:00,2180.18,2189.34,2174.56,2179.74
2025-06-22 23:30:00+07:00,2179.75,2196.7,2178.58,2181.52
2025-06-22 23:45:00+07:00,2181.49,2197.57,2180.59,2195.92
2025-06-23 00:00:00+07:00,2195.9,2219.11,2188.54,2203.97
2025-06-23 00:15:00+07:00,2204.06,2204.94,2185.24,2189.66
2025-06-23 00:30:00+07:00,2189.73,2198.65,2188.75,2194.96
2025-06-23 00:45:00+07:00,2195.24,2203.56,2187.93,2191.45
2025-06-23 01:00:00+07:00,2191.44,2197.91,2183.98,2185.36
2025-06-23 01:15:00+07:00,2185.4,2190.13,2178.29,2187.03
2025-06-23 01:30:00+07:00,2187.12,2192.63,2178.97,2191.67
2025-06-23 01:45:00+07:00,2191.78,2191.93,2179.34,2181.84
2025-06-23 02:00:00+07:00,2181.81,2188.24,2169.45,2179.58
2025-06-23 02:15:00+07:00,2179.6,2188.3,2176.08,2186.76
2025-06-23 02:30:00+07:00,2186.74,2189.57,2180.57,2182.54
2025-06-23 02:45:00+07:00,2182.53,2186.02,2176.37,2182.93
2025-06-23 03:00:00+07:00,2182.94,2186.54,2118.34,2136.89
2025-06-23 03:15:00+07:00,2137.0,2143.98,2111.14,2129.2
2025-06-23 03:30:00+07:00,2129.18,2170.14,2123.77,2168.86
2025-06-23 03:45:00+07:00,2168.97,2196.36,2160.07,2186.76
2025-06-23 04:00:00+07:00,2186.79,2195.6,2179.65,2187.88
2025-06-23 04:15:00+07:00,2187.84,2194.39,2177.68,2179.77
2025-06-23 04:30:00+07:00,2178.53,2186.54,2172.48,2186.17
2025-06-23 04:45:00+07:00,2186.21,2189.22,2172.65,2178.25
2025-06-23 05:00:00+07:00,2178.03,2225.74,2176.12,2215.39
2025-06-23 05:15:00+07:00,2215.31,2221.42,2199.57,2207.71
2025-06-23 05:30:00+07:00,2207.65,2234.89,2207.1,2232.32
2025-06-23 05:45:00+07:00,2232.44,2234.43,2222.3,2232.82
2025-06-23 06:00:00+07:00,2232.93,2235.98,2218.39,2222.05
2025-06-23 06:15:00+07:00,2222.06,2231.35,2221.95,2230.51
2025-06-23 06:30:00+07:00,2230.49,2231.19,2222.42,2225.54
2025-06-23 06:45:00+07:00,2225.47,2228.44,2220.44,2226.46
2025-06-23 07:00:00+07:00,2226.36,2227.35,2220.98,2226.73
2025-06-23 07:15:00+07:00,2226.8,2238.16,2226.07,2232.56
2025-06-23 07:30:00+07:00,2232.71,2253.5,2224.09,2250.76
2025-06-23 07:45:00+07:00,2250.47,2258.79,2236.74,2239.87
2025-06-23 08:00:00+07:00,2239.89,2240.7,2227.5,2236.53
2025-06-23 08:15:00+07:00,2236.56,2237.67,2228.26,2228.64
2025-06-23 08:30:00+07:00,2228.65,2234.93,2223.7,2233.87
2025-06-23 08:45:00+07:00,2233.86,2246.87,2232.96,2244.83
2025-06-23 09:00:00+07:00,2244.81,2246.57,2235.67,2236.85
2025-06-23 09:15:00+07:00,2236.81,2242.28,2232.23,2240.89
2025-06-23 09:30:00+07:00,2240.72,2243.08,2236.44,2237.8
2025-06-23 09:45:00+07:00,2237.76,2241.42,2234.79,2238.0
2025-06-23 10:00:00+07:00,2237.72,2242.77,2232.44,2241.02
2025-06-23 10:15:00+07:00,2241.15,2241.4,2234.53,2236.08
2025-06-23 10:30:00+07:00,2236.08,2239.37,2232.88,2233.57
2025-06-23 10:45:00+07:00,2233.59,2235.84,2230.25,2233.68
2025-06-23 11:00:00+07:00,2233.83,2235.82,2226.65,2230.23
2025-06-23 11:15:00+07:00,2230.25,2243.08,2230.25,2237.73
2025-06-23 11:30:00+07:00,2237.73,2238.46,2232.4,2233.06
2025-06-23 11:45:00+07:00,2233.09,2233.73,2230.69,2232.78
2025-06-23 12:00:00+07:00,2232.93,2242.18,2232.92,2239.53
2025-06-23 12:15:00+07:00,2239.48,2244.82,2238.63,2240.24
2025-06-23 12:30:00+07:00,2240.26,2241.2,2237.05,2237.95
2025-06-23 12:45:00+07:00,2237.94,2249.49,2237.04,2245.25
2025-06-23 13:00:00+07:00,2245.28,2253.48,2244.97,2250.34
2025-06-23 13:15:00+07:00,2250.36,2253.81,2237.83,2239.66
2025-06-23 13:30:00+07:00,2239.61,2248.55,2234.86,2236.93
2025-06-23 13:45:00+07:00,2236.94,2250.55,2232.66,2249.9
2025-06-23 14:00:00+07:00,2249.91,2274.31,2249.48,2260.58
2025-06-23 14:15:00+07:00,2260.6,2260.61,2254.32,2255.27
2025-06-23 14:30:00+07:00,2255.31,2258.57,2251.53,2255.68
2025-06-23 14:45:00+07:00,2255.69,2257.83,2253.53,2257.62
2025-06-23 15:00:00+07:00,2257.58,2273.32,2256.26,2264.2
2025-06-23 15:15:00+07:00,2264.12,2267.21,2260.11,2261.48
2025-06-23 15:30:00+07:00,2261.46,2261.98,2255.5,2258.45
2025-06-23 15:45:00+07:00,2258.51,2261.84,2257.77,2260.72
2025-06-23 16:00:00+07:00,2260.82,2260.9,2252.01,2256.34
2025-06-23 16:15:00+07:00,2256.38,2258.95,2243.77,2244.5
2025-06-23 16:30:00+07:00,2244.57,2250.32,2242.54,2249.01
2025-06-23 16:45:00+07:00,2248.99,2253.14,2247.43,2250.81
2025-06-23 17:00:00+07:00,2250.79,2251.89,2245.06,2247.89
2025-06-23 17:15:00+07:00,2247.9,2247.91,2243.02,2243.67
2025-06-23 17:30:00+07:00,2243.72,2248.36,2237.59,2239.04
2025-06-23 17:45:00+07:00,2239.03,2247.74,2239.03,2245.95
2025-06-23 18:00:00+07:00,2245.95,2249.85,2242.82,2245.75
2025-06-23 18:15:00+07:00,2245.95,2246.09,2240.48,2244.29
2025-06-23 18:30:00+07:00,2244.26,2248.97,2243.43,2247.72
2025-06-23 18:45:00+07:00,2247.67,2257.08,2243.47,2252.1
2025-06-23 19:00:00+07:00,2252.15,2253.67,2245.32,2247.12
2025-06-23 19:15:00+07:00,2247.14,2250.2,2244.3,2246.29
2025-06-23 19:30:00+07:00,2246.29,2263.11,2244.56,2258.89
2025-06-23 19:45:00+07:00,2258.87,2266.09,2256.25,2265.34
2025-06-23 20:00:00+07:00,2265.26,2265.32,2250.68,2251.63
2025-06-23 20:15:00+07:00,2251.68,2254.98,2245.54,2247.16
2025-06-23 20:30:00+07:00,2247.22,2299.63,2231.08,2287.87
2025-06-23 20:45:00+07:00,2287.86,2297.15,2275.63,2293.76
2025-06-23 21:00:00+07:00,2293.87,2312.23,2290.57,2299.28
2025-06-23 21:15:00+07:00,2299.3,2301.8,2274.64,2279.14
2025-06-23 21:30:00+07:00,2279.13,2286.78,2273.04,2283.66
2025-06-23 21:45:00+07:00,2283.67,2288.22,2270.62,2272.89
2025-06-23 22:00:00+07:00,2273.05,2287.27,2272.36,2285.79
2025-06-23 22:15:00+07:00,2285.92,2286.89,2263.04,2264.65
2025-06-23 22:30:00+07:00,2264.62,2274.51,2255.36,2259.46
2025-06-23 22:45:00+07:00,2259.43,2259.43,2246.45,2247.38
2025-06-23 23:00:00+07:00,2247.32,2250.85,2227.06,2228.74
2025-06-23 23:15:00+07:00,2228.73,2235.06,2205.88,2209.7
2025-06-23 23:30:00+07:00,2209.66,2226.45,2187.11,2219.9
2025-06-23 23:45:00+07:00,2219.71,2234.99,2208.85,2220.9
2025-06-24 00:00:00+07:00,2220.91,2264.26,2216.1,2242.21
2025-06-24 00:15:00+07:00,2242.23,2282.85,2241.65,2274.79
2025-06-24 00:30:00+07:00,2274.28,2286.11,2269.32,2277.93
2025-06-24 00:45:00+07:00,2277.97,2283.59,2262.02,2273.62
2025-06-24 01:00:00+07:00,2273.81,2302.21,2271.88,2290.91
2025-06-24 01:15:00+07:00,2290.72,2300.98,2281.74,2282.9
2025-06-24 01:30:00+07:00,2282.88,2311.64,2281.92,2303.38
2025-06-24 01:45:00+07:00,2303.23,2306.85,2297.69,2304.36
2025-06-24 02:00:00+07:00,2304.36,2311.13,2298.15,2302.65
2025-06-24 02:15:00+07:00,2302.56,2305.14,2294.23,2299.25
2025-06-24 02:30:00+07:00,2299.39,2324.34,2294.72,2302.82
2025-06-24 02:45:00+07:00,2302.77,2317.84,2298.69,2311.5
2025-06-24 03:00:00+07:00,2311.58,2337.58,2302.37,2333.72
2025-06-24 03:15:00+07:00,2333.82,2378.81,2328.75,2360.15
2025-06-24 03:30:00+07:00,2359.93,2366.03,2346.49,2352.39
2025-06-24 03:45:00+07:00,2352.14,2353.86,2342.12,2346.05
2025-06-24 04:00:00+07:00,2346.07,2352.47,2343.96,2348.98
2025-06-24 04:15:00+07:00,2349.0,2362.54,2341.01,2343.07
2025-06-24 04:30:00+07:00,2343.04,2347.74,2337.55,2341.51
2025-06-24 04:45:00+07:00,2341.52,2345.27,2332.77,2339.79
2025-06-24 05:00:00+07:00,2339.77,2408.16,2339.53,2402.73
2025-06-24 05:15:00+07:00,2402.66,2437.75,2389.49,2424.87
2025-06-24 05:30:00+07:00,2425.0,2430.47,2383.49,2394.11
2025-06-24 05:45:00+07:00,2394.13,2414.53,2385.5,2405.77
2025-06-24 06:00:00+07:00,2405.73,2418.31,2404.46,2414.82
2025-06-24 06:15:00+07:00,2414.84,2428.84,2409.82,2418.89
2025-06-24 06:30:00+07:00,2419.0,2428.06,2412.31,2423.79
2025-06-24 06:45:00+07:00,2423.97,2427.15,2408.08,2410.38
2025-06-24 07:00:00+07:00,2410.39,2416.71,2403.32,2404.21
2025-06-24 07:15:00+07:00,2404.22,2408.28,2398.11,2402.3
2025-06-24 07:30:00+07:00,2402.34,2407.9,2397.68,2401.38
2025-06-24 07:45:00+07:00,2401.4,2407.37,2391.52,2401.74
2025-06-24 08:00:00+07:00,2401.71,2406.95,2395.1,2406.43
2025-06-24 08:15:00+07:00,2406.35,2416.53,2400.67,2409.58
2025-06-24 08:30:00+07:00,2409.58,2409.6,2402.74,2407.17
2025-06-24 08:45:00+07:00,2407.16,2414.32,2405.09,2412.71
2025-06-24 09:00:00+07:00,2412.62,2412.62,2388.25,2398.04
2025-06-24 09:15:00+07:00,2398.08,2400.03,2388.88,2397.04
2025-06-24 09:30:00+07:00,2397.01,2399.25,2389.95,2394.37
2025-06-24 09:45:00+07:00,2394.36,2395.72,2389.53,2391.02
2025-06-24 10:00:00+07:00,2391.01,2399.7,2390.46,2398.93
2025-06-24 10:15:00+07:00,2398.99,2409.95,2398.37,2401.93
2025-06-24 10:30:00+07:00,2401.93,2404.62,2395.7,2397.06
2025-06-24 10:45:00+07:00,2397.02,2403.08,2396.06,2397.63
2025-06-24 11:00:00+07:00,2397.53,2401.21,2393.6,2393.9
2025-06-24 11:15:00+07:00,2393.78,2399.31,2391.5,2396.1
2025-06-24 11:30:00+07:00,2396.08,2398.66,2393.74,2396.26
2025-06-24 11:45:00+07:00,2396.23,2405.61,2393.61,2402.55
2025-06-24 12:00:00+07:00,2402.55,2408.63,2400.07,2407.73
2025-06-24 12:15:00+07:00,2407.68,2413.1,2401.61,2411.7
2025-06-24 12:30:00+07:00,2411.65,2419.96,2409.25,2417.66
2025-06-24 12:45:00+07:00,2417.66,2423.2,2415.38,2418.72
2025-06-24 13:00:00+07:00,2418.74,2420.88,2409.6,2414.69
2025-06-24 13:15:00+07:00,2414.63,2421.45,2413.72,2420.22
2025-06-24 13:30:00+07:00,2420.21,2429.72,2419.07,2424.89
2025-06-24 13:45:00+07:00,2424.98,2433.09,2422.36,2424.1
2025-06-24 14:00:00+07:00,2424.09,2427.53,2416.81,2417.36
2025-06-24 14:15:00+07:00,2417.33,2425.33,2414.28,2414.58
2025-06-24 14:30:00+07:00,2414.39,2415.45,2395.07,2402.29
2025-06-24 14:45:00+07:00,2402.31,2404.49,2389.84,2391.82
2025-06-24 15:00:00+07:00,2391.81,2396.06,2379.39,2385.62
2025-06-24 15:15:00+07:00,2385.51,2405.07,2375.07,2400.9
2025-06-24 15:30:00+07:00,2401.07,2411.56,2395.48,2402.34
2025-06-24 15:45:00+07:00,2402.26,2403.26,2397.87,2402.38
2025-06-24 16:00:00+07:00,2402.31,2408.62,2397.99,2400.87
2025-06-24 16:15:00+07:00,2400.85,2447.71,2398.94,2430.2
2025-06-24 16:30:00+07:00,2430.16,2433.77,2412.94,2415.78
2025-06-24 16:45:00+07:00,2415.88,2420.01,2413.18,2414.94
2025-06-24 17:00:00+07:00,2414.76,2418.43,2411.34,2414.96
2025-06-24 17:15:00+07:00,2414.99,2422.4,2411.7,2413.59
2025-06-24 17:30:00+07:00,2413.71,2418.47,2405.5,2409.95
2025-06-24 17:45:00+07:00,2410.39,2414.4,2407.73,2412.9
2025-06-24 18:00:00+07:00,2412.89,2416.14,2405.09,2408.61
2025-06-24 18:15:00+07:00,2408.55,2417.45,2396.51,2416.65
2025-06-24 18:30:00+07:00,2416.56,2419.94,2403.43,2406.62
2025-06-24 18:45:00+07:00,2407.03,2410.95,2405.36,2408.31
2025-06-24 19:00:00+07:00,2408.35,2415.68,2407.58,2413.15
2025-06-24 19:15:00+07:00,2413.12,2414.48,2401.51,2406.86
2025-06-24 19:30:00+07:00,2406.79,2415.14,2403.16,2415.14
2025-06-24 19:45:00+07:00,2415.14,2417.39,2410.34,2412.77
2025-06-24 20:00:00+07:00,2412.75,2414.15,2405.2,2412.25
2025-06-24 20:15:00+07:00,2412.24,2426.23,2411.28,2412.6
2025-06-24 20:30:00+07:00,2412.53,2430.8,2403.5,2418.05
2025-06-24 20:45:00+07:00,2417.94,2425.19,2409.93,2420.46
2025-06-24 21:00:00+07:00,2420.52,2433.26,2418.95,2427.98
2025-06-24 21:15:00+07:00,2427.97,2440.18,2424.82,2430.44
2025-06-24 21:30:00+07:00,2430.39,2437.73,2426.63,2434.12
2025-06-24 21:45:00+07:00,2434.11,2436.16,2424.53,2429.92
2025-06-24 22:00:00+07:00,2430.01,2446.81,2429.95,2431.13
2025-06-24 22:15:00+07:00,2431.1,2436.85,2426.2,2435.26
2025-06-24 22:30:00+07:00,2435.3,2440.2,2423.6,2428.2
2025-06-24 22:45:00+07:00,2428.24,2452.52,2425.02,2436.87
2025-06-24 23:00:00+07:00,2437.1,2443.5,2432.89,2436.41
2025-06-24 23:15:00+07:00,2436.47,2449.7,2436.31,2444.65
2025-06-24 23:30:00+07:00,2444.69,2474.55,2438.8,2469.39
2025-06-24 23:45:00+07:00,2469.49,2481.12,2460.55,2477.93
2025-06-25 00:00:00+07:00,2477.94,2480.44,2457.59,2458.87
2025-06-25 00:15:00+07:00,2458.86,2466.94,2442.13,2447.49
2025-06-25 00:30:00+07:00,2447.53,2456.09,2444.15,2454.81
2025-06-25 00:45:00+07:00,2454.86,2464.71,2453.44,2456.38
2025-06-25 01:00:00+07:00,2456.4,2461.99,2446.28,2446.61
2025-06-25 01:15:00+07:00,2445.25,2447.03,2432.9,2442.97
2025-06-25 01:30:00+07:00,2443.43,2444.55,2435.71,2441.29
2025-06-25 01:45:00+07:00,2441.3,2447.53,2433.83,2433.88
2025-06-25 02:00:00+07:00,2433.96,2440.3,2428.54,2430.78
2025-06-25 02:15:00+07:00,2430.82,2434.39,2426.52,2429.66
2025-06-25 02:30:00+07:00,2429.59,2438.33,2427.48,2430.31
2025-06-25 02:45:00+07:00,2430.29,2434.8,2415.98,2432.79
2025-06-25 03:00:00+07:00,2432.75,2436.13,2429.19,2431.41
2025-06-25 03:15:00+07:00,2431.33,2442.73,2429.33,2440.7
2025-06-25 03:30:00+07:00,2440.67,2444.8,2438.74,2443.48
2025-06-25 03:45:00+07:00,2443.42,2448.82,2440.92,2447.66
2025-06-25 04:00:00+07:00,2447.64,2448.37,2434.38,2436.32
2025-06-25 04:15:00+07:00,2436.31,2442.33,2435.88,2439.27
2025-06-25 04:30:00+07:00,2439.42,2443.76,2435.75,2435.93
2025-06-25 04:45:00+07:00,2436.13,2445.27,2436.12,2444.1
2025-06-25 05:00:00+07:00,2443.71,2443.72,2432.52,2437.59
2025-06-25 05:15:00+07:00,2437.75,2440.91,2432.97,2438.82
2025-06-25 05:30:00+07:00,2438.83,2439.74,2433.86,2438.66
2025-06-25 05:45:00+07:00,2438.6,2441.57,2436.42,2440.19
2025-06-25 06:00:00+07:00,2440.08,2441.53,2429.54,2430.74
2025-06-25 06:15:00+07:00,2430.76,2435.95,2429.05,2435.91
2025-06-25 06:30:00+07:00,2435.87,2446.53,2433.07,2445.91
2025-06-25 06:45:00+07:00,2446.06,2447.92,2441.98,2447.52
2025-06-25 07:00:00+07:00,2447.55,2456.44,2442.6,2453.66
2025-06-25 07:15:00+07:00,2453.64,2454.92,2445.57,2448.04
2025-06-25 07:30:00+07:00,2447.99,2449.96,2435.37,2440.93
2025-06-25 07:45:00+07:00,2440.97,2460.87,2439.77,2457.06
2025-06-25 08:00:00+07:00,2456.99,2461.81,2453.44,2454.34
2025-06-25 08:15:00+07:00,2454.3,2459.61,2443.74,2448.71
2025-06-25 08:30:00+07:00,2448.7,2461.7,2444.14,2460.89
2025-06-25 08:45:00+07:00,2460.92,2464.74,2453.66,2459.79
2025-06-25 09:00:00+07:00,2459.86,2467.34,2454.42,2461.07
2025-06-25 09:15:00+07:00,2461.12,2463.15,2454.09,2454.12
2025-06-25 09:30:00+07:00,2454.08,2457.02,2451.32,2453.32
2025-06-25 09:45:00+07:00,2453.26,2459.16,2449.12,2450.34
2025-06-25 10:00:00+07:00,2450.33,2456.27,2445.36,2454.08
2025-06-25 10:15:00+07:00,2454.06,2459.39,2450.82,2454.62
2025-06-25 10:30:00+07:00,2454.58,2457.42,2449.56,2450.28
2025-06-25 10:45:00+07:00,2450.37,2452.43,2442.45,2442.9
2025-06-25 11:00:00+07:00,2442.96,2446.48,2436.58,2438.49
2025-06-25 11:15:00+07:00,2438.48,2443.63,2434.52,2443.25
2025-06-25 11:30:00+07:00,2443.17,2443.41,2430.51,2432.51
2025-06-25 11:45:00+07:00,2432.5,2435.73,2427.47,2434.42
2025-06-25 12:00:00+07:00,2434.39,2438.43,2428.1,2431.38
2025-06-25 12:15:00+07:00,2431.46,2431.63,2422.89,2428.89
2025-06-25 12:30:00+07:00,2428.9,2434.92,2425.73,2431.12
2025-06-25 12:45:00+07:00,2431.13,2433.86,2428.02,2428.02
2025-06-25 13:00:00+07:00,2428.01,2435.4,2425.01,2434.92
2025-06-25 13:15:00+07:00,2434.83,2442.45,2432.37,2440.05
2025-06-25 13:30:00+07:00,2440.05,2442.84,2436.86,2442.04
2025-06-25 13:45:00+07:00,2442.02,2444.33,2439.3,2443.4
2025-06-25 14:00:00+07:00,2443.34,2446.04,2438.89,2441.02
2025-06-25 14:15:00+07:00,2441.05,2449.69,2440.7,2447.62
2025-06-25 14:30:00+07:00,2447.64,2449.6,2442.14,2445.88
2025-06-25 14:45:00+07:00,2445.84,2448.54,2441.83,2443.36
2025-06-25 15:00:00+07:00,2443.46,2444.77,2436.06,2441.46
2025-06-25 15:15:00+07:00,2441.47,2444.93,2432.65,2433.3
2025-06-25 15:30:00+07:00,2433.22,2433.22,2427.15,2429.32
2025-06-25 15:45:00+07:00,2429.3,2438.57,2423.16,2438.57
2025-06-25 16:00:00+07:00,2438.64,2447.43,2436.02,2440.98
2025-06-25 16:15:00+07:00,2441.05,2445.28,2439.45,2439.72
2025-06-25 16:30:00+07:00,2439.89,2443.13,2406.29,2411.64
2025-06-25 16:45:00+07:00,2411.86,2420.72,2411.36,2419.15
2025-06-25 17:00:00+07:00,2419.14,2421.06,2413.23,2418.41
2025-06-25 17:15:00+07:00,2418.43,2430.56,2416.84,2430.09
2025-06-25 17:30:00+07:00,2430.08,2430.08,2422.4,2423.17
2025-06-25 17:45:00+07:00,2423.11,2428.15,2420.93,2425.04
2025-06-25 18:00:00+07:00,2425.05,2427.6,2415.53,2417.52
2025-06-25 18:15:00+07:00,2417.5,2420.49,2411.49,2419.13
2025-06-25 18:30:00+07:00,2419.04,2428.45,2417.78,2426.02
2025-06-25 18:45:00+07:00,2426.0,2428.98,2425.02,2427.79
2025-06-25 19:00:00+07:00,2427.88,2428.16,2420.12,2421.04
2025-06-25 19:15:00+07:00,2421.02,2422.89,2415.04,2416.83
2025-06-25 19:30:00+07:00,2416.88,2426.88,2414.09,2422.78
2025-06-25 19:45:00+07:00,2422.74,2428.34,2418.9,2427.59
2025-06-25 20:00:00+07:00,2427.67,2435.53,2422.47,2434.02
2025-06-25 20:15:00+07:00,2434.06,2445.06,2431.35,2439.74
2025-06-25 20:30:00+07:00,2439.58,2440.45,2422.96,2434.31
2025-06-25 20:45:00+07:00,2434.17,2444.7,2426.38,2433.58
2025-06-25 21:00:00+07:00,2433.69,2440.44,2427.97,2428.06
2025-06-25 21:15:00+07:00,2428.08,2428.29,2388.62,2403.67
2025-06-25 21:30:00+07:00,2403.68,2421.43,2399.81,2420.12
2025-06-25 21:45:00+07:00,2420.05,2442.79,2416.81,2431.09
2025-06-25 22:00:00+07:00,2431.09,2431.71,2411.35,2417.79
2025-06-25 22:15:00+07:00,2417.83,2418.64,2400.31,2411.99
2025-06-25 22:30:00+07:00,2412.02,2414.79,2396.0,2406.38
2025-06-25 22:45:00+07:00,2406.33,2413.25,2401.92,2404.46
2025-06-25 23:00:00+07:00,2404.46,2415.12,2404.29,2410.53
2025-06-25 23:15:00+07:00,2410.57,2418.96,2410.24,2417.57
2025-06-25 23:30:00+07:00,2417.56,2419.74,2405.16,2408.77
2025-06-25 23:45:00+07:00,2408.76,2413.03,2400.11,2409.6
2025-06-26 00:00:00+07:00,2409.69,2417.7,2406.87,2415.85
2025-06-26 00:15:00+07:00,2415.89,2430.75,2415.49,2422.55
2025-06-26 00:30:00+07:00,2422.67,2425.12,2405.74,2409.5
2025-06-26 00:45:00+07:00,2409.31,2423.78,2408.17,2421.51
2025-06-26 01:00:00+07:00,2421.47,2423.44,2415.63,2421.72
2025-06-26 01:15:00+07:00,2421.73,2422.42,2414.3,2414.66
2025-06-26 01:30:00+07:00,2414.63,2420.02,2410.45,2414.51
2025-06-26 01:45:00+07:00,2414.52,2418.63,2412.55,2417.35
2025-06-26 02:00:00+07:00,2417.34,2431.42,2416.87,2428.67
2025-06-26 02:15:00+07:00,2428.7,2438.52,2425.66,2434.6
2025-06-26 02:30:00+07:00,2434.45,2434.92,2425.33,2430.47
2025-06-26 02:45:00+07:00,2430.44,2434.99,2426.61,2431.61
2025-06-26 03:00:00+07:00,2431.56,2434.83,2427.27,2430.62
2025-06-26 03:15:00+07:00,2431.13,2433.53,2426.59,2427.86
2025-06-26 03:30:00+07:00,2427.83,2432.72,2424.79,2425.71
2025-06-26 03:45:00+07:00,2425.68,2440.95,2424.84,2437.34
2025-06-26 04:00:00+07:00,2437.31,2453.41,2433.66,2433.93
2025-06-26 04:15:00+07:00,2434.07,2440.77,2427.48,2428.89
2025-06-26 04:30:00+07:00,2428.87,2436.62,2426.07,2432.41
2025-06-26 04:45:00+07:00,2432.23,2433.57,2425.79,2429.35
2025-06-26 05:00:00+07:00,2429.29,2429.63,2417.42,2423.05
2025-06-26 05:15:00+07:00,2423.06,2423.18,2415.81,2417.57
2025-06-26 05:30:00+07:00,2417.54,2418.21,2410.23,2412.16
2025-06-26 05:45:00+07:00,2412.19,2416.8,2408.69,2414.82
2025-06-26 06:00:00+07:00,2414.71,2414.77,2406.63,2413.55
2025-06-26 06:15:00+07:00,2413.58,2417.01,2410.93,2413.82
2025-06-26 06:30:00+07:00,2413.83,2417.61,2412.77,2416.49
2025-06-26 06:45:00+07:00,2416.45,2418.28,2411.97,2417.29
2025-06-26 07:00:00+07:00,2417.37,2422.15,2416.44,2421.4
2025-06-26 07:15:00+07:00,2421.41,2426.84,2418.76,2419.77
2025-06-26 07:30:00+07:00,2419.8,2425.54,2415.71,2423.32
2025-06-26 07:45:00+07:00,2423.37,2427.35,2420.02,2425.36
2025-06-26 08:00:00+07:00,2425.35,2425.75,2421.46,2423.91
2025-06-26 08:15:00+07:00,2423.91,2442.89,2417.84,2440.16
2025-06-26 08:30:00+07:00,2440.11,2473.97,2435.42,2455.92
2025-06-26 08:45:00+07:00,2455.6,2460.04,2450.63,2457.68
2025-06-26 09:00:00+07:00,2457.77,2473.51,2457.77,2464.64
2025-06-26 09:15:00+07:00,2464.62,2469.78,2462.47,2467.23
2025-06-26 09:30:00+07:00,2467.29,2468.98,2460.26,2461.84
2025-06-26 09:45:00+07:00,2461.85,2500.22,2458.15,2492.12
2025-06-26 10:00:00+07:00,2492.04,2519.72,2491.63,2499.55
2025-06-26 10:15:00+07:00,2499.57,2504.55,2489.24,2490.85
2025-06-26 10:30:00+07:00,2490.86,2493.58,2482.01,2484.16
2025-06-26 10:45:00+07:00,2484.15,2488.58,2482.25,2487.93
2025-06-26 11:00:00+07:00,2487.94,2490.48,2478.74,2482.27
2025-06-26 11:15:00+07:00,2482.26,2483.47,2473.04,2475.04
2025-06-26 11:30:00+07:00,2474.99,2485.69,2473.39,2476.44
2025-06-26 11:45:00+07:00,2476.48,2480.3,2469.89,2479.5
2025-06-26 12:00:00+07:00,2479.44,2482.85,2474.12,2479.16
2025-06-26 12:15:00+07:00,2479.1,2479.33,2471.27,2473.82
2025-06-26 12:30:00+07:00,2473.78,2476.38,2466.04,2470.49
2025-06-26 12:45:00+07:00,2470.46,2475.63,2468.89,2474.76
2025-06-26 13:00:00+07:00,2474.74,2485.75,2472.51,2482.03
2025-06-26 13:15:00+07:00,2481.95,2482.88,2477.15,2478.86
2025-06-26 13:30:00+07:00,2478.94,2484.21,2477.94,2480.19
2025-06-26 13:45:00+07:00,2480.21,2488.36,2479.72,2485.99
2025-06-26 14:00:00+07:00,2485.93,2488.97,2479.07,2487.1
2025-06-26 14:15:00+07:00,2487.27,2496.73,2485.01,2492.49
2025-06-26 14:30:00+07:00,2492.51,2495.48,2488.37,2493.94
2025-06-26 14:45:00+07:00,2493.98,2499.46,2486.82,2488.8
2025-06-26 15:00:00+07:00,2488.77,2497.36,2488.49,2497.31
2025-06-26 15:15:00+07:00,2497.46,2499.45,2488.35,2488.93
2025-06-26 15:30:00+07:00,2488.92,2493.91,2483.38,2487.12
2025-06-26 15:45:00+07:00,2487.14,2488.62,2484.0,2485.89
2025-06-26 16:00:00+07:00,2485.9,2488.05,2466.24,2468.59
2025-06-26 16:15:00+07:00,2468.43,2475.4,2467.88,2470.85
2025-06-26 16:30:00+07:00,2470.82,2474.05,2467.0,2469.34
2025-06-26 16:45:00+07:00,2469.35,2470.42,2461.25,2462.32
2025-06-26 17:00:00+07:00,2462.18,2466.17,2451.75,2462.94
2025-06-26 17:15:00+07:00,2462.82,2463.21,2456.97,2458.62
2025-06-26 17:30:00+07:00,2458.64,2460.66,2454.12,2455.22
2025-06-26 17:45:00+07:00,2455.24,2458.26,2445.29,2449.75
2025-06-26 18:00:00+07:00,2449.75,2452.99,2448.3,2451.74
2025-06-26 18:15:00+07:00,2451.73,2452.67,2438.78,2446.07
2025-06-26 18:30:00+07:00,2445.99,2448.91,2442.28,2442.55
2025-06-26 18:45:00+07:00,2442.45,2451.83,2441.98,2449.26
2025-06-26 19:00:00+07:00,2449.28,2453.69,2440.76,2443.85
2025-06-26 19:15:00+07:00,2443.83,2446.28,2432.81,2442.05
2025-06-26 19:30:00+07:00,2442.08,2451.12,2438.6,2447.74
2025-06-26 19:45:00+07:00,2447.76,2448.14,2433.74,2438.88
2025-06-26 20:00:00+07:00,2438.95,2442.73,2427.27,2430.29
2025-06-26 20:15:00+07:00,2430.32,2440.34,2430.32,2438.61
2025-06-26 20:30:00+07:00,2438.61,2445.41,2431.62,2441.56
2025-06-26 20:45:00+07:00,2441.66,2444.18,2423.56,2432.41
2025-06-26 21:00:00+07:00,2432.39,2437.16,2421.3,2428.08
2025-06-26 21:15:00+07:00,2428.08,2436.83,2424.42,2434.78
2025-06-26 21:30:00+07:00,2434.79,2449.08,2434.2,2448.23
2025-06-26 21:45:00+07:00,2448.17,2458.52,2442.29,2445.11
2025-06-26 22:00:00+07:00,2445.55,2448.09,2439.11,2439.24
2025-06-26 22:15:00+07:00,2439.19,2446.54,2412.74,2416.53
2025-06-26 22:30:00+07:00,2416.25,2429.63,2408.28,2424.24
2025-06-26 22:45:00+07:00,2424.08,2435.66,2423.94,2432.34
2025-06-26 23:00:00+07:00,2432.07,2436.15,2423.71,2428.02
2025-06-26 23:15:00+07:00,2427.98,2431.31,2422.07,2428.68
2025-06-26 23:30:00+07:00,2428.46,2429.37,2422.6,2423.66
2025-06-26 23:45:00+07:00,2423.6,2426.61,2416.92,2426.61
2025-06-27 00:00:00+07:00,2426.72,2434.92,2421.31,2421.72
2025-06-27 00:15:00+07:00,2421.73,2427.94,2420.1,2425.53
2025-06-27 00:30:00+07:00,2425.55,2428.65,2423.37,2427.06
2025-06-27 00:45:00+07:00,2427.03,2429.36,2418.59,2419.38
2025-06-27 01:00:00+07:00,2419.54,2431.64,2416.78,2430.1
2025-06-27 01:15:00+07:00,2430.13,2436.61,2422.91,2424.81
2025-06-27 01:30:00+07:00,2424.77,2425.92,2418.31,2425.35
2025-06-27 01:45:00+07:00,2425.12,2427.79,2419.64,2424.43
2025-06-27 02:00:00+07:00,2424.44,2429.82,2421.44,2426.7
2025-06-27 02:15:00+07:00,2426.73,2434.04,2426.1,2428.59
2025-06-27 02:30:00+07:00,2428.59,2438.9,2428.25,2437.26
2025-06-27 02:45:00+07:00,2437.16,2442.03,2433.44,2434.57
2025-06-27 03:00:00+07:00,2434.56,2442.74,2429.06,2438.07
2025-06-27 03:15:00+07:00,2438.1,2444.02,2437.44,2442.55
2025-06-27 03:30:00+07:00,2442.66,2456.08,2441.46,2455.92
2025-06-27 03:45:00+07:00,2455.74,2456.52,2441.59,2444.55
2025-06-27 04:00:00+07:00,2444.59,2444.72,2416.71,2421.75
2025-06-27 04:15:00+07:00,2421.73,2428.68,2418.14,2425.65
2025-06-27 04:30:00+07:00,2425.57,2429.52,2392.89,2408.97
2025-06-27 04:45:00+07:00,2408.92,2415.95,2404.09,2412.93
2025-06-27 05:00:00+07:00,2412.72,2423.32,2410.36,2411.53
2025-06-27 05:15:00+07:00,2411.54,2422.26,2410.56,2418.58
2025-06-27 05:30:00+07:00,2418.59,2420.38,2411.25,2411.57
2025-06-27 05:45:00+07:00,2411.34,2417.98,2410.98,2412.08
2025-06-27 06:00:00+07:00,2412.4,2414.31,2404.59,2405.18
2025-06-27 06:15:00+07:00,2405.25,2416.45,2405.25,2414.06
2025-06-27 06:30:00+07:00,2414.05,2416.25,2410.9,2413.76
2025-06-27 06:45:00+07:00,2413.72,2415.52,2411.31,2414.87
2025-06-27 07:00:00+07:00,2414.7,2420.49,2413.38,2414.75
2025-06-27 07:15:00+07:00,2414.85,2419.33,2414.75,2418.06
2025-06-27 07:30:00+07:00,2418.06,2418.74,2405.21,2406.99
2025-06-27 07:45:00+07:00,2406.7,2409.84,2398.63,2399.19
2025-06-27 08:00:00+07:00,2399.26,2421.02,2380.77,2417.53
2025-06-27 08:15:00+07:00,2417.47,2426.18,2411.85,2421.36
2025-06-27 08:30:00+07:00,2421.34,2428.85,2420.01,2426.2
2025-06-27 08:45:00+07:00,2426.19,2430.9,2423.96,2425.12
2025-06-27 09:00:00+07:00,2425.18,2430.09,2422.26,2428.81
2025-06-27 09:15:00+07:00,2428.86,2432.81,2428.7,2429.99
2025-06-27 09:30:00+07:00,2430.19,2435.8,2429.33,2433.74
2025-06-27 09:45:00+07:00,2433.64,2439.01,2432.61,2436.71
2025-06-27 10:00:00+07:00,2436.73,2441.46,2431.64,2431.82
2025-06-27 10:15:00+07:00,2432.05,2443.84,2432.05,2440.24
2025-06-27 10:30:00+07:00,2440.21,2443.63,2439.25,2442.6
2025-06-27 10:45:00+07:00,2442.61,2447.56,2442.31,2445.69
2025-06-27 11:00:00+07:00,2445.7,2446.33,2442.95,2444.16
2025-06-27 11:15:00+07:00,2444.1,2449.9,2438.18,2447.79
2025-06-27 11:30:00+07:00,2447.8,2452.1,2447.19,2448.46
2025-06-27 11:45:00+07:00,2448.49,2451.84,2447.74,2448.46
2025-06-27 12:00:00+07:00,2448.47,2451.87,2444.82,2448.03
2025-06-27 12:15:00+07:00,2448.07,2448.27,2434.18,2435.43
2025-06-27 12:30:00+07:00,2435.46,2438.61,2433.43,2437.5
2025-06-27 12:45:00+07:00,2437.53,2439.77,2435.92,2438.17
2025-06-27 13:00:00+07:00,2438.17,2443.27,2435.35,2441.95
2025-06-27 13:15:00+07:00,2441.95,2446.51,2438.33,2440.18
2025-06-27 13:30:00+07:00,2440.0,2445.84,2438.24,2444.75
2025-06-27 13:45:00+07:00,2444.78,2449.47,2442.84,2447.18
2025-06-27 14:00:00+07:00,2447.2,2451.55,2443.98,2450.99
2025-06-27 14:15:00+07:00,2451.03,2458.59,2442.82,2444.55
2025-06-27 14:30:00+07:00,2444.55,2444.66,2436.88,2437.88
2025-06-27 14:45:00+07:00,2437.97,2441.71,2436.13,2441.14
2025-06-27 15:00:00+07:00,2441.17,2444.03,2434.36,2438.57
2025-06-27 15:15:00+07:00,2438.55,2441.22,2436.2,2436.71
2025-06-27 15:30:00+07:00,2436.69,2449.04,2435.95,2448.33
2025-06-27 15:45:00+07:00,2448.43,2462.7,2443.69,2447.18
2025-06-27 16:00:00+07:00,2447.16,2449.24,2440.99,2445.06
2025-06-27 16:15:00+07:00,2445.1,2453.09,2444.94,2447.09
2025-06-27 16:30:00+07:00,2447.13,2456.0,2447.13,2454.75
2025-06-27 16:45:00+07:00,2454.78,2462.36,2452.54,2459.53
2025-06-27 17:00:00+07:00,2459.54,2460.61,2448.94,2450.55
2025-06-27 17:15:00+07:00,2450.55,2453.02,2446.13,2450.39
2025-06-27 17:30:00+07:00,2450.44,2452.76,2446.17,2448.01
2025-06-27 17:45:00+07:00,2448.02,2450.18,2444.39,2444.86
2025-06-27 18:00:00+07:00,2444.89,2449.19,2444.8,2448.11
2025-06-27 18:15:00+07:00,2448.05,2453.88,2442.25,2442.64
2025-06-27 18:30:00+07:00,2442.66,2445.76,2441.32,2444.1
2025-06-27 18:45:00+07:00,2444.08,2446.36,2442.11,2446.32
2025-06-27 19:00:00+07:00,2446.31,2449.41,2442.88,2448.38
2025-06-27 19:15:00+07:00,2448.35,2455.91,2446.43,2451.51
2025-06-27 19:30:00+07:00,2451.53,2451.96,2435.34,2437.3
2025-06-27 19:45:00+07:00,2437.17,2439.85,2425.61,2429.0
2025-06-27 20:00:00+07:00,2428.71,2434.38,2424.18,2434.14
2025-06-27 20:15:00+07:00,2434.14,2435.61,2421.18,2424.84
2025-06-27 20:30:00+07:00,2424.71,2434.78,2422.32,2427.37
2025-06-27 20:45:00+07:00,2427.23,2429.02,2415.76,2426.82
2025-06-27 21:00:00+07:00,2426.84,2436.84,2422.4,2422.42
2025-06-27 21:15:00+07:00,2422.53,2427.09,2415.43,2419.25
2025-06-27 21:30:00+07:00,2419.3,2425.21,2412.69,2422.22
2025-06-27 21:45:00+07:00,2422.4,2426.94,2419.57,2421.97
2025-06-27 22:00:00+07:00,2421.89,2425.51,2418.13,2422.2
2025-06-27 22:15:00+07:00,2422.26,2430.19,2419.85,2429.48
2025-06-27 22:30:00+07:00,2429.51,2439.85,2427.59,2436.87
2025-06-27 22:45:00+07:00,2437.47,2441.78,2432.86,2437.29
2025-06-27 23:00:00+07:00,2437.36,2439.67,2431.83,2432.19
2025-06-27 23:15:00+07:00,2432.17,2436.15,2430.36,2434.49
2025-06-27 23:30:00+07:00,2434.45,2448.45,2434.12,2435.63
2025-06-27 23:45:00+07:00,2435.69,2436.54,2430.86,2432.13
2025-06-28 00:00:00+07:00,2432.09,2432.53,2417.68,2419.64
2025-06-28 00:15:00+07:00,2419.41,2425.09,2413.73,2415.42
2025-06-28 00:30:00+07:00,2415.41,2417.65,2403.03,2403.75
2025-06-28 00:45:00+07:00,2403.73,2406.48,2394.34,2403.38
2025-06-28 01:00:00+07:00,2403.32,2407.32,2400.18,2401.0
2025-06-28 01:15:00+07:00,2401.03,2405.11,2393.83,2396.19
2025-06-28 01:30:00+07:00,2396.14,2399.87,2387.99,2391.02
2025-06-28 01:45:00+07:00,2391.0,2393.93,2386.78,2393.8
2025-06-28 02:00:00+07:00,2393.56,2409.76,2390.88,2405.13
2025-06-28 02:15:00+07:00,2405.2,2409.35,2400.35,2405.4
2025-06-28 02:30:00+07:00,2405.51,2409.59,2402.83,2408.37
2025-06-28 02:45:00+07:00,2408.1,2416.45,2407.61,2411.57
2025-06-28 03:00:00+07:00,2411.65,2421.51,2410.36,2417.61
2025-06-28 03:15:00+07:00,2417.59,2423.71,2417.56,2421.41
2025-06-28 03:30:00+07:00,2421.44,2424.65,2419.57,2423.62
2025-06-28 03:45:00+07:00,2423.65,2426.72,2420.37,2425.42
2025-06-28 04:00:00+07:00,2425.48,2427.37,2420.47,2420.64
2025-06-28 04:15:00+07:00,2420.63,2427.33,2415.92,2426.85
2025-06-28 04:30:00+07:00,2426.86,2428.74,2418.91,2420.51
2025-06-28 04:45:00+07:00,2420.55,2423.57,2417.59,2418.66
2025-06-28 05:00:00+07:00,2418.59,2423.54,2418.56,2420.27
2025-06-28 05:15:00+07:00,2420.02,2422.84,2419.81,2420.31
2025-06-28 05:30:00+07:00,2420.31,2424.21,2418.49,2421.45
2025-06-28 05:45:00+07:00,2421.43,2423.61,2420.66,2421.43
2025-06-28 06:00:00+07:00,2421.12,2423.51,2419.25,2420.49
2025-06-28 06:15:00+07:00,2420.43,2420.43,2415.46,2415.54
2025-06-28 06:30:00+07:00,2415.47,2419.33,2413.78,2418.74
2025-06-28 06:45:00+07:00,2418.72,2423.14,2418.7,2422.0
2025-06-28 07:00:00+07:00,2422.05,2422.95,2416.11,2416.13
2025-06-28 07:15:00+07:00,2416.08,2420.37,2415.79,2419.24
2025-06-28 07:30:00+07:00,2419.51,2420.73,2416.65,2418.58
2025-06-28 07:45:00+07:00,2418.6,2422.26,2416.12,2417.08
2025-06-28 08:00:00+07:00,2417.05,2418.88,2411.66,2412.61
2025-06-28 08:15:00+07:00,2412.59,2413.44,2408.27,2411.23
2025-06-28 08:30:00+07:00,2411.23,2413.12,2404.69,2412.87
2025-06-28 08:45:00+07:00,2412.91,2417.72,2412.17,2416.81
2025-06-28 09:00:00+07:00,2416.9,2417.87,2413.75,2414.12
2025-06-28 09:15:00+07:00,2414.14,2420.59,2414.14,2420.27
2025-06-28 09:30:00+07:00,2420.21,2421.74,2419.04,2419.89
2025-06-28 09:45:00+07:00,2419.85,2419.85,2417.52,2417.6
2025-06-28 10:00:00+07:00,2417.62,2419.53,2415.29,2416.46
2025-06-28 10:15:00+07:00,2416.5,2421.46,2416.5,2419.51
2025-06-28 10:30:00+07:00,2419.65,2421.03,2417.39,2419.9
2025-06-28 10:45:00+07:00,2419.92,2421.56,2418.35,2419.73
2025-06-28 11:00:00+07:00,2419.75,2420.86,2417.27,2417.74
2025-06-28 11:15:00+07:00,2417.81,2420.22,2416.4,2420.22
2025-06-28 11:30:00+07:00,2420.22,2420.22,2418.01,2419.26
2025-06-28 11:45:00+07:00,2419.26,2420.2,2417.96,2419.93
2025-06-28 12:00:00+07:00,2419.97,2427.68,2419.97,2427.05
2025-06-28 12:15:00+07:00,2426.99,2427.21,2422.33,2422.92
2025-06-28 12:30:00+07:00,2422.93,2424.88,2417.97,2418.21
2025-06-28 12:45:00+07:00,2418.2,2421.53,2417.43,2421.09
2025-06-28 13:00:00+07:00,2421.11,2425.62,2420.76,2425.5
2025-06-28 13:15:00+07:00,2425.49,2425.67,2422.56,2424.98
2025-06-28 13:30:00+07:00,2424.92,2424.92,2422.52,2423.5
2025-06-28 13:45:00+07:00,2423.8,2426.62,2422.42,2426.28
2025-06-28 14:00:00+07:00,2426.3,2426.62,2422.92,2424.31
2025-06-28 14:15:00+07:00,2424.32,2426.87,2423.31,2426.02
2025-06-28 14:30:00+07:00,2426.0,2427.88,2425.35,2426.73
2025-06-28 14:45:00+07:00,2426.75,2432.79,2426.75,2430.61
2025-06-28 15:00:00+07:00,2430.72,2431.36,2419.68,2421.29
2025-06-28 15:15:00+07:00,2421.31,2424.39,2418.56,2422.92
2025-06-28 15:30:00+07:00,2422.93,2424.43,2421.33,2422.16
2025-06-28 15:45:00+07:00,2422.16,2423.44,2420.29,2423.44
2025-06-28 16:00:00+07:00,2423.4,2423.96,2419.71,2420.11
2025-06-28 16:15:00+07:00,2420.11,2423.34,2418.61,2422.85
2025-06-28 16:30:00+07:00,2422.85,2427.02,2422.84,2424.75
2025-06-28 16:45:00+07:00,2424.75,2427.66,2424.75,2425.81
2025-06-28 17:00:00+07:00,2425.77,2427.78,2425.77,2426.72
2025-06-28 17:15:00+07:00,2426.72,2428.77,2424.37,2428.41
2025-06-28 17:30:00+07:00,2428.37,2428.95,2423.22,2424.27
2025-06-28 17:45:00+07:00,2424.23,2425.23,2422.54,2425.14
2025-06-28 18:00:00+07:00,2425.17,2427.82,2425.17,2426.47
2025-06-28 18:15:00+07:00,2426.45,2427.49,2425.36,2427.03
2025-06-28 18:30:00+07:00,2427.03,2427.2,2425.22,2426.8
2025-06-28 18:45:00+07:00,2426.8,2427.57,2425.33,2426.37
2025-06-28 19:00:00+07:00,2426.41,2426.96,2424.51,2424.9
2025-06-28 19:15:00+07:00,2424.94,2425.05,2421.37,2422.97
2025-06-28 19:30:00+07:00,2422.97,2427.12,2422.97,2425.27
2025-06-28 19:45:00+07:00,2425.27,2426.57,2424.09,2425.12
2025-06-28 20:00:00+07:00,2425.12,2428.47,2425.12,2426.09
2025-06-28 20:15:00+07:00,2426.09,2426.09,2421.71,2423.08
2025-06-28 20:30:00+07:00,2423.19,2423.41,2418.8,2421.47
2025-06-28 20:45:00+07:00,2421.49,2422.23,2420.31,2421.88
2025-06-28 21:00:00+07:00,2421.82,2425.39,2421.53,2425.23
2025-06-28 21:15:00+07:00,2425.21,2426.76,2424.52,2425.44
2025-06-28 21:30:00+07:00,2425.46,2426.52,2423.66,2425.29
2025-06-28 21:45:00+07:00,2425.27,2425.27,2423.66,2424.78
2025-06-28 22:00:00+07:00,2424.78,2425.99,2423.76,2425.04
2025-06-28 22:15:00+07:00,2424.93,2426.57,2422.07,2423.89
2025-06-28 22:30:00+07:00,2423.89,2426.46,2423.89,2426.08
2025-06-28 22:45:00+07:00,2426.08,2441.59,2425.94,2434.99
2025-06-28 23:00:00+07:00,2435.04,2442.91,2435.04,2437.55
2025-06-28 23:15:00+07:00,2437.59,2438.47,2430.56,2435.8
2025-06-28 23:30:00+07:00,2435.82,2439.74,2430.77,2432.54
2025-06-28 23:45:00+07:00,2432.58,2434.32,2430.4,2433.89
2025-06-29 00:00:00+07:00,2433.84,2438.4,2433.38,2437.37
2025-06-29 00:15:00+07:00,2437.42,2437.66,2432.21,2435.27
2025-06-29 00:30:00+07:00,2435.3,2441.01,2433.97,2438.7
2025-06-29 00:45:00+07:00,2438.61,2446.99,2437.39,2443.01
2025-06-29 01:00:00+07:00,2443.04,2443.73,2437.35,2438.69
2025-06-29 01:15:00+07:00,2438.69,2439.61,2435.29,2437.1
2025-06-29 01:30:00+07:00,2436.94,2439.0,2432.62,2433.93
2025-06-29 01:45:00+07:00,2433.89,2437.64,2431.53,2436.18
2025-06-29 02:00:00+07:00,2436.16,2436.17,2432.9,2434.17
2025-06-29 02:15:00+07:00,2434.17,2439.12,2434.17,2435.47
2025-06-29 02:30:00+07:00,2435.42,2435.71,2431.1,2433.08
2025-06-29 02:45:00+07:00,2433.05,2433.51,2431.83,2432.31
2025-06-29 03:00:00+07:00,2432.31,2433.92,2430.59,2431.34
2025-06-29 03:15:00+07:00,2431.34,2431.34,2426.24,2430.56
2025-06-29 03:30:00+07:00,2430.56,2433.23,2429.92,2431.69
2025-06-29 03:45:00+07:00,2431.75,2431.98,2427.29,2428.42
2025-06-29 04:00:00+07:00,2428.53,2430.94,2428.03,2429.16
2025-06-29 04:15:00+07:00,2429.13,2431.27,2427.92,2430.21
2025-06-29 04:30:00+07:00,2430.21,2433.43,2430.15,2431.95
2025-06-29 04:45:00+07:00,2431.91,2437.23,2429.36,2435.61
2025-06-29 05:00:00+07:00,2435.58,2436.6,2432.81,2433.24
2025-06-29 05:15:00+07:00,2433.24,2439.32,2433.24,2437.11
2025-06-29 05:30:00+07:00,2437.26,2440.21,2434.91,2439.71
2025-06-29 05:45:00+07:00,2439.54,2440.25,2437.76,2438.93
2025-06-29 06:00:00+07:00,2439.1,2441.25,2438.43,2438.48
2025-06-29 06:15:00+07:00,2438.46,2438.94,2435.92,2436.91
2025-06-29 06:30:00+07:00,2436.9,2436.98,2434.4,2435.1
2025-06-29 06:45:00+07:00,2435.16,2436.09,2433.82,2434.63
2025-06-29 07:00:00+07:00,2434.8,2435.83,2431.01,2432.62
2025-06-29 07:15:00+07:00,2432.59,2439.39,2430.72,2436.6
2025-06-29 07:30:00+07:00,2436.6,2440.36,2435.35,2436.28
2025-06-29 07:45:00+07:00,2436.16,2441.83,2436.16,2437.61
2025-06-29 08:00:00+07:00,2437.61,2438.02,2433.87,2433.87
2025-06-29 08:15:00+07:00,2433.87,2436.82,2432.48,2432.84
2025-06-29 08:30:00+07:00,2432.91,2434.45,2428.96,2429.78
2025-06-29 08:45:00+07:00,2429.76,2431.46,2427.1,2428.59
2025-06-29 09:00:00+07:00,2428.58,2429.53,2423.2,2425.87
2025-06-29 09:15:00+07:00,2425.83,2429.01,2425.24,2427.75
2025-06-29 09:30:00+07:00,2427.72,2432.49,2427.16,2430.61
2025-06-29 09:45:00+07:00,2430.58,2431.14,2429.3,2430.87
2025-06-29 10:00:00+07:00,2430.94,2431.92,2429.11,2430.34
2025-06-29 10:15:00+07:00,2430.34,2432.0,2429.89,2430.46
2025-06-29 10:30:00+07:00,2430.48,2430.94,2425.82,2426.13
2025-06-29 10:45:00+07:00,2425.92,2427.84,2425.78,2426.74
2025-06-29 11:00:00+07:00,2426.78,2429.95,2425.57,2429.95
2025-06-29 11:15:00+07:00,2429.96,2430.34,2427.21,2427.73
2025-06-29 11:30:00+07:00,2427.74,2429.82,2427.3,2427.88
2025-06-29 11:45:00+07:00,2427.88,2429.08,2427.88,2428.7
2025-06-29 12:00:00+07:00,2428.68,2429.67,2426.3,2429.38
2025-06-29 12:15:00+07:00,2429.33,2429.69,2427.09,2428.03
2025-06-29 12:30:00+07:00,2427.96,2430.23,2426.82,2430.05
2025-06-29 12:45:00+07:00,2430.05,2433.79,2430.05,2432.61
2025-06-29 13:00:00+07:00,2432.54,2434.37,2432.5,2433.22
2025-06-29 13:15:00+07:00,2433.26,2434.12,2431.22,2432.1
2025-06-29 13:30:00+07:00,2432.09,2433.81,2431.43,2433.51
2025-06-29 13:45:00+07:00,2433.51,2436.61,2431.75,2435.72
2025-06-29 14:00:00+07:00,2435.73,2437.49,2434.8,2437.18
2025-06-29 14:15:00+07:00,2437.2,2439.31,2435.27,2437.6
2025-06-29 14:30:00+07:00,2437.6,2438.27,2435.87,2436.65
2025-06-29 14:45:00+07:00,2436.63,2438.95,2433.9,2438.95
2025-06-29 15:00:00+07:00,2439.57,2442.95,2437.61,2439.1
2025-06-29 15:15:00+07:00,2439.11,2440.3,2436.95,2438.72
2025-06-29 15:30:00+07:00,2438.69,2446.1,2437.82,2445.31
2025-06-29 15:45:00+07:00,2445.43,2446.37,2441.26,2442.63
2025-06-29 16:00:00+07:00,2442.59,2444.23,2437.78,2442.57
2025-06-29 16:15:00+07:00,2442.59,2449.21,2441.73,2447.59
2025-06-29 16:30:00+07:00,2447.42,2456.83,2445.32,2452.46
2025-06-29 16:45:00+07:00,2452.44,2455.35,2444.5,2446.86
2025-06-29 17:00:00+07:00,2446.83,2458.0,2446.79,2454.55
2025-06-29 17:15:00+07:00,2454.4,2457.14,2450.27,2453.27
2025-06-29 17:30:00+07:00,2453.29,2454.08,2449.33,2450.06
2025-06-29 17:45:00+07:00,2450.0,2457.24,2446.18,2455.44
2025-06-29 18:00:00+07:00,2455.45,2456.46,2452.14,2452.61
2025-06-29 18:15:00+07:00,2452.67,2455.22,2451.99,2453.71
2025-06-29 18:30:00+07:00,2453.68,2457.47,2453.68,2456.62
2025-06-29 18:45:00+07:00,2456.64,2462.34,2456.41,2460.89
2025-06-29 19:00:00+07:00,2460.88,2462.22,2450.29,2452.54
2025-06-29 19:15:00+07:00,2452.55,2455.86,2452.01,2452.57
2025-06-29 19:30:00+07:00,2452.56,2454.96,2448.24,2448.34
2025-06-29 19:45:00+07:00,2448.41,2453.52,2448.41,2453.5
2025-06-29 20:00:00+07:00,2453.51,2455.44,2450.25,2452.4
2025-06-29 20:15:00+07:00,2452.49,2453.72,2450.71,2451.48
2025-06-29 20:30:00+07:00,2451.44,2451.78,2446.87,2449.11
2025-06-29 20:45:00+07:00,2449.16,2450.13,2445.04,2445.92
2025-06-29 21:00:00+07:00,2445.92,2450.91,2443.88,2450.31
2025-06-29 21:15:00+07:00,2450.16,2450.69,2444.85,2445.19
2025-06-29 21:30:00+07:00,2445.21,2445.49,2434.99,2437.86
2025-06-29 21:45:00+07:00,2437.86,2442.18,2435.74,2438.91
2025-06-29 22:00:00+07:00,2438.84,2442.26,2436.03,2440.5
2025-06-29 22:15:00+07:00,2440.51,2440.54,2437.15,2439.24
2025-06-29 22:30:00+07:00,2439.21,2443.6,2438.4,2441.64
2025-06-29 22:45:00+07:00,2441.56,2441.56,2431.91,2435.71
2025-06-29 23:00:00+07:00,2435.41,2437.97,2434.28,2436.6
2025-06-29 23:15:00+07:00,2436.59,2439.18,2428.28,2431.73
2025-06-29 23:30:00+07:00,2431.77,2435.5,2430.38,2432.28
2025-06-29 23:45:00+07:00,2432.28,2439.08,2428.35,2437.96
2025-06-30 00:00:00+07:00,2437.97,2439.51,2435.52,2437.09
2025-06-30 00:15:00+07:00,2437.1,2437.68,2434.67,2435.44
2025-06-30 00:30:00+07:00,2435.45,2437.14,2431.38,2433.17
2025-06-30 00:45:00+07:00,2433.21,2438.72,2432.98,2437.88
2025-06-30 01:00:00+07:00,2437.89,2437.99,2432.99,2433.28
2025-06-30 01:15:00+07:00,2433.28,2441.63,2433.04,2440.24
2025-06-30 01:30:00+07:00,2440.22,2441.54,2437.37,2439.7
2025-06-30 01:45:00+07:00,2439.74,2440.91,2436.67,2436.67
2025-06-30 02:00:00+07:00,2436.67,2436.95,2433.54,2434.18
2025-06-30 02:15:00+07:00,2434.19,2437.73,2432.49,2437.73
2025-06-30 02:30:00+07:00,2437.74,2438.47,2434.0,2435.16
2025-06-30 02:45:00+07:00,2435.12,2437.88,2434.48,2436.87
2025-06-30 03:00:00+07:00,2436.83,2438.02,2433.6,2433.62
2025-06-30 03:15:00+07:00,2433.68,2435.8,2431.75,2433.72
2025-06-30 03:30:00+07:00,2433.72,2434.75,2431.66,2431.83
2025-06-30 03:45:00+07:00,2431.86,2434.95,2431.12,2431.12
2025-06-30 04:00:00+07:00,2431.16,2433.08,2410.86,2422.25
2025-06-30 04:15:00+07:00,2422.32,2434.43,2421.34,2430.87
2025-06-30 04:30:00+07:00,2431.06,2437.51,2431.06,2434.93
2025-06-30 04:45:00+07:00,2434.91,2436.48,2428.97,2430.02
2025-06-30 05:00:00+07:00,2430.09,2447.79,2429.37,2444.49
2025-06-30 05:15:00+07:00,2444.5,2479.56,2442.54,2477.4
2025-06-30 05:30:00+07:00,2477.88,2494.32,2470.22,2492.13
2025-06-30 05:45:00+07:00,2492.08,2509.92,2489.91,2501.02
2025-06-30 06:00:00+07:00,2501.07,2524.46,2501.07,2506.08
2025-06-30 06:15:00+07:00,2506.05,2507.96,2494.08,2504.9
2025-06-30 06:30:00+07:00,2504.94,2509.37,2496.31,2498.79
2025-06-30 06:45:00+07:00,2498.72,2504.66,2498.46,2499.19
2025-06-30 07:00:00+07:00,2499.32,2507.75,2498.91,2504.66
2025-06-30 07:15:00+07:00,2504.99,2519.05,2499.6,2515.0
2025-06-30 07:30:00+07:00,2514.99,2523.18,2509.59,2517.32
2025-06-30 07:45:00+07:00,2517.25,2521.65,2512.99,2517.84
2025-06-30 08:00:00+07:00,2517.88,2518.85,2503.91,2507.7
2025-06-30 08:15:00+07:00,2507.87,2511.13,2503.53,2508.78
2025-06-30 08:30:00+07:00,2508.76,2518.78,2506.52,2516.03
2025-06-30 08:45:00+07:00,2516.03,2518.25,2509.31,2509.74
2025-06-30 09:00:00+07:00,2509.76,2510.39,2506.61,2510.22
2025-06-30 09:15:00+07:00,2510.24,2510.65,2504.53,2505.7
2025-06-30 09:30:00+07:00,2505.69,2506.6,2502.4,2503.81
2025-06-30 09:45:00+07:00,2503.77,2508.06,2498.29,2500.43
2025-06-30 10:00:00+07:00,2500.56,2503.73,2499.52,2500.57
2025-06-30 10:15:00+07:00,2500.59,2500.94,2494.25,2495.11
2025-06-30 10:30:00+07:00,2495.09,2500.72,2495.02,2500.28
2025-06-30 10:45:00+07:00,2500.3,2502.45,2497.48,2498.57
2025-06-30 11:00:00+07:00,2498.56,2504.74,2497.95,2502.68
2025-06-30 11:15:00+07:00,2502.64,2503.78,2498.46,2500.43
2025-06-30 11:30:00+07:00,2500.42,2501.89,2494.96,2495.44
2025-06-30 11:45:00+07:00,2495.44,2498.52,2494.1,2494.7
2025-06-30 12:00:00+07:00,2494.69,2500.36,2491.42,2499.76
2025-06-30 12:15:00+07:00,2499.8,2500.11,2495.51,2496.11
2025-06-30 12:30:00+07:00,2496.09,2501.62,2494.3,2500.8
2025-06-30 12:45:00+07:00,2500.83,2502.32,2498.71,2502.01
2025-06-30 13:00:00+07:00,2501.9,2503.0,2499.28,2499.92
2025-06-30 13:15:00+07:00,2499.9,2499.9,2496.96,2497.28
2025-06-30 13:30:00+07:00,2497.25,2498.95,2480.27,2482.66
2025-06-30 13:45:00+07:00,2482.67,2483.84,2454.48,2462.93
2025-06-30 14:00:00+07:00,2462.79,2470.86,2459.2,2468.48
2025-06-30 14:15:00+07:00,2468.61,2476.65,2466.79,2474.91
2025-06-30 14:30:00+07:00,2475.07,2476.07,2470.91,2473.79
2025-06-30 14:45:00+07:00,2473.81,2482.55,2473.81,2479.48
2025-06-30 15:00:00+07:00,2479.5,2485.56,2476.67,2476.86
2025-06-30 15:15:00+07:00,2476.68,2477.92,2472.16,2475.14
2025-06-30 15:30:00+07:00,2475.07,2475.72,2467.2,2467.45
2025-06-30 15:45:00+07:00,2467.52,2471.4,2464.92,2467.7
2025-06-30 16:00:00+07:00,2467.77,2475.96,2466.67,2473.55
2025-06-30 16:15:00+07:00,2473.59,2475.78,2469.36,2471.22
2025-06-30 16:30:00+07:00,2471.18,2473.0,2454.31,2458.25
2025-06-30 16:45:00+07:00,2458.11,2462.81,2450.1,2450.61
2025-06-30 17:00:00+07:00,2450.61,2453.96,2446.95,2448.45
2025-06-30 17:15:00+07:00,2448.18,2452.96,2445.3,2451.5
2025-06-30 17:30:00+07:00,2451.52,2456.66,2448.64,2455.34
2025-06-30 17:45:00+07:00,2455.34,2456.47,2453.61,2454.82
2025-06-30 18:00:00+07:00,2454.8,2458.75,2451.77,2458.72
2025-06-30 18:15:00+07:00,2458.59,2466.69,2455.29,2462.38
2025-06-30 18:30:00+07:00,2462.35,2465.42,2459.9,2461.72
2025-06-30 18:45:00+07:00,2461.73,2464.13,2455.46,2457.12
2025-06-30 19:00:00+07:00,2457.08,2463.49,2456.82,2460.75
2025-06-30 19:15:00+07:00,2460.7,2463.91,2458.2,2461.99
2025-06-30 19:30:00+07:00,2461.96,2464.12,2456.28,2461.78
2025-06-30 19:45:00+07:00,2461.75,2461.78,2455.72,2458.78
2025-06-30 20:00:00+07:00,2458.76,2463.59,2458.54,2462.81
2025-06-30 20:15:00+07:00,2462.86,2473.32,2462.03,2471.83
2025-06-30 20:30:00+07:00,2471.85,2473.42,2458.08,2462.21
2025-06-30 20:45:00+07:00,2462.07,2466.39,2457.15,2461.18
2025-06-30 21:00:00+07:00,2461.28,2466.05,2448.71,2464.46
2025-06-30 21:15:00+07:00,2464.54,2468.57,2450.72,2457.41
2025-06-30 21:30:00+07:00,2457.43,2462.77,2453.6,2458.22
2025-06-30 21:45:00+07:00,2458.22,2460.2,2433.28,2437.73
2025-06-30 22:00:00+07:00,2437.75,2446.77,2434.52,2444.76
2025-06-30 22:15:00+07:00,2444.68,2464.68,2438.57,2461.74
2025-06-30 22:30:00+07:00,2461.75,2465.57,2456.7,2462.51
2025-06-30 22:45:00+07:00,2462.34,2487.36,2461.49,2473.37
2025-06-30 23:00:00+07:00,2473.41,2480.94,2467.37,2476.17
2025-06-30 23:15:00+07:00,2476.1,2477.44,2460.42,2462.32
2025-06-30 23:30:00+07:00,2462.31,2472.6,2461.37,2471.4
2025-06-30 23:45:00+07:00,2471.36,2476.56,2467.4,2474.1
2025-07-01 00:00:00+07:00,2474.18,2484.77,2472.45,2482.52
2025-07-01 00:15:00+07:00,2482.54,2483.86,2474.89,2479.83
2025-07-01 00:30:00+07:00,2479.8,2488.61,2475.51,2484.08
2025-07-01 00:45:00+07:00,2484.06,2497.05,2480.02,2486.67
2025-07-01 01:00:00+07:00,2486.61,2494.9,2481.77,2482.83
2025-07-01 01:15:00+07:00,2482.84,2498.22,2482.53,2490.99
2025-07-01 01:30:00+07:00,2491.03,2491.47,2478.42,2482.05
2025-07-01 01:45:00+07:00,2482.08,2488.38,2481.88,2484.77
2025-07-01 02:00:00+07:00,2484.9,2495.58,2483.69,2494.86
2025-07-01 02:15:00+07:00,2494.8,2517.34,2493.94,2508.66
2025-07-01 02:30:00+07:00,2508.69,2514.11,2504.85,2510.06
2025-07-01 02:45:00+07:00,2510.09,2517.52,2503.9,2515.58
2025-07-01 03:00:00+07:00,2514.74,2515.47,2504.05,2509.9
2025-07-01 03:15:00+07:00,2510.07,2521.27,2510.07,2512.47
2025-07-01 03:30:00+07:00,2512.48,2514.79,2504.9,2506.01
2025-07-01 03:45:00+07:00,2506.11,2509.49,2500.98,2502.11
2025-07-01 04:00:00+07:00,2502.04,2503.81,2496.72,2500.81
2025-07-01 04:15:00+07:00,2500.92,2501.02,2493.04,2494.55
2025-07-01 04:30:00+07:00,2494.53,2498.99,2491.99,2494.45
2025-07-01 04:45:00+07:00,2494.55,2494.6,2481.4,2486.66
2025-07-01 05:00:00+07:00,2486.68,2493.2,2483.95,2485.11
2025-07-01 05:15:00+07:00,2485.14,2489.85,2483.78,2489.39
2025-07-01 05:30:00+07:00,2489.54,2495.03,2489.54,2493.67
2025-07-01 05:45:00+07:00,2493.6,2493.6,2487.05,2489.21
2025-07-01 06:00:00+07:00,2489.16,2493.66,2486.64,2492.17
2025-07-01 06:15:00+07:00,2492.07,2492.15,2487.72,2489.26
2025-07-01 06:30:00+07:00,2489.24,2489.78,2485.47,2488.87
2025-07-01 06:45:00+07:00,2488.96,2488.96,2483.32,2483.82
2025-07-01 07:00:00+07:00,2484.15,2493.62,2483.55,2491.59
2025-07-01 07:15:00+07:00,2491.37,2495.41,2483.12,2483.21
2025-07-01 07:30:00+07:00,2483.24,2487.93,2476.11,2487.33
2025-07-01 07:45:00+07:00,2487.32,2493.66,2487.1,2491.8
2025-07-01 08:00:00+07:00,2491.67,2497.45,2488.97,2496.98
2025-07-01 08:15:00+07:00,2497.07,2497.52,2490.69,2491.88
2025-07-01 08:30:00+07:00,2491.91,2499.53,2490.48,2491.06
2025-07-01 08:45:00+07:00,2491.15,2494.17,2485.38,2487.59
2025-07-01 09:00:00+07:00,2487.57,2492.22,2484.38,2489.57
2025-07-01 09:15:00+07:00,2489.78,2493.77,2488.3,2493.28
2025-07-01 09:30:00+07:00,2493.46,2494.67,2485.58,2486.32
2025-07-01 09:45:00+07:00,2486.28,2486.28,2481.06,2482.38
2025-07-01 10:00:00+07:00,2482.4,2484.97,2477.75,2482.59
2025-07-01 10:15:00+07:00,2482.63,2486.99,2482.41,2486.48
2025-07-01 10:30:00+07:00,2486.48,2486.88,2481.6,2482.69
2025-07-01 10:45:00+07:00,2482.57,2485.27,2480.48,2484.24
2025-07-01 11:00:00+07:00,2484.36,2484.77,2480.54,2482.46
2025-07-01 11:15:00+07:00,2482.44,2482.54,2475.03,2476.13
2025-07-01 11:30:00+07:00,2476.07,2478.68,2472.76,2473.65
2025-07-01 11:45:00+07:00,2473.66,2474.38,2458.58,2459.74
2025-07-01 12:00:00+07:00,2459.82,2465.53,2456.3,2458.15
2025-07-01 12:15:00+07:00,2458.21,2461.5,2451.7,2453.89
2025-07-01 12:30:00+07:00,2453.92,2458.98,2450.14,2454.51
2025-07-01 12:45:00+07:00,2454.5,2460.37,2451.84,2459.96
2025-07-01 13:00:00+07:00,2459.96,2459.96,2455.16,2457.34
2025-07-01 13:15:00+07:00,2457.36,2460.47,2456.01,2456.7
2025-07-01 13:30:00+07:00,2456.6,2461.27,2456.17,2460.28
2025-07-01 13:45:00+07:00,2460.21,2461.51,2457.42,2458.2
2025-07-01 14:00:00+07:00,2458.25,2462.32,2456.69,2456.69
2025-07-01 14:15:00+07:00,2456.64,2461.71,2444.03,2460.55
2025-07-01 14:30:00+07:00,2460.54,2467.55,2459.51,2460.94
2025-07-01 14:45:00+07:00,2460.9,2466.22,2460.29,2463.93
2025-07-01 15:00:00+07:00,2463.93,2463.93,2455.11,2455.67
2025-07-01 15:15:00+07:00,2455.68,2460.57,2455.68,2458.72
2025-07-01 15:30:00+07:00,2458.75,2459.68,2451.85,2453.3
2025-07-01 15:45:00+07:00,2453.08,2455.2,2450.04,2452.12
2025-07-01 16:00:00+07:00,2452.1,2457.45,2450.98,2454.61
2025-07-01 16:15:00+07:00,2454.59,2457.42,2452.0,2455.17
2025-07-01 16:30:00+07:00,2455.16,2455.16,2448.99,2452.47
2025-07-01 16:45:00+07:00,2452.48,2457.33,2449.99,2455.87
2025-07-01 17:00:00+07:00,2455.89,2460.66,2454.52,2457.15
2025-07-01 17:15:00+07:00,2457.16,2459.32,2452.53,2452.53
2025-07-01 17:30:00+07:00,2452.42,2457.19,2448.2,2451.7
2025-07-01 17:45:00+07:00,2451.74,2455.63,2448.82,2454.88
2025-07-01 18:00:00+07:00,2454.79,2457.9,2446.7,2447.12
2025-07-01 18:15:00+07:00,2447.13,2452.03,2446.18,2449.79
2025-07-01 18:30:00+07:00,2449.82,2453.73,2446.41,2446.89
2025-07-01 18:45:00+07:00,2446.96,2449.46,2441.19,2448.17
2025-07-01 19:00:00+07:00,2448.14,2452.3,2445.36,2447.09
2025-07-01 19:15:00+07:00,2447.11,2447.69,2436.09,2440.46
2025-07-01 19:30:00+07:00,2440.46,2444.45,2437.21,2438.06
2025-07-01 19:45:00+07:00,2438.09,2439.71,2433.13,2436.27
2025-07-01 20:00:00+07:00,2436.27,2441.41,2434.27,2435.99
2025-07-01 20:15:00+07:00,2435.98,2441.53,2435.48,2441.44
2025-07-01 20:30:00+07:00,2441.36,2446.13,2422.87,2432.31
2025-07-01 20:45:00+07:00,2432.25,2443.99,2430.73,2441.8
2025-07-01 21:00:00+07:00,2441.82,2452.85,2440.23,2449.88
2025-07-01 21:15:00+07:00,2449.91,2455.42,2421.93,2426.0
2025-07-01 21:30:00+07:00,2425.96,2431.79,2412.3,2415.84
2025-07-01 21:45:00+07:00,2415.86,2419.77,2405.37,2418.46
2025-07-01 22:00:00+07:00,2418.4,2427.08,2414.61,2418.02
2025-07-01 22:15:00+07:00,2418.01,2424.71,2417.6,2423.64
2025-07-01 22:30:00+07:00,2423.67,2430.68,2417.16,2420.28
2025-07-01 22:45:00+07:00,2420.29,2424.21,2419.67,2422.43
2025-07-01 23:00:00+07:00,2422.4,2430.05,2418.08,2428.25
2025-07-01 23:15:00+07:00,2428.36,2429.59,2423.11,2427.79
2025-07-01 23:30:00+07:00,2427.72,2429.99,2424.76,2425.81
2025-07-01 23:45:00+07:00,2425.79,2427.63,2420.38,2423.3
2025-07-02 00:00:00+07:00,2423.19,2428.41,2416.58,2424.15
2025-07-02 00:15:00+07:00,2424.2,2430.39,2422.4,2425.66
2025-07-02 00:30:00+07:00,2425.61,2430.07,2423.05,2427.78
2025-07-02 00:45:00+07:00,2428.07,2432.78,2424.18,2431.05
2025-07-02 01:00:00+07:00,2431.1,2432.15,2427.36,2427.78
2025-07-02 01:15:00+07:00,2427.84,2427.99,2419.29,2420.03
2025-07-02 01:30:00+07:00,2419.97,2423.32,2419.78,2421.3
2025-07-02 01:45:00+07:00,2421.34,2422.12,2399.39,2408.76
2025-07-02 02:00:00+07:00,2408.98,2417.86,2403.03,2417.28
2025-07-02 02:15:00+07:00,2417.09,2421.11,2414.4,2419.37
2025-07-02 02:30:00+07:00,2419.35,2419.95,2406.59,2410.78
2025-07-02 02:45:00+07:00,2410.79,2416.27,2400.9,2401.54
2025-07-02 03:00:00+07:00,2401.46,2407.67,2393.04,2398.91
2025-07-02 03:15:00+07:00,2398.87,2408.89,2398.67,2408.21
2025-07-02 03:30:00+07:00,2408.27,2415.27,2407.83,2413.56
2025-07-02 03:45:00+07:00,2413.55,2417.54,2411.64,2413.79
2025-07-02 04:00:00+07:00,2413.75,2413.78,2402.85,2404.87
2025-07-02 04:15:00+07:00,2405.0,2417.4,2404.14,2412.29
2025-07-02 04:30:00+07:00,2412.32,2412.34,2405.05,2407.52
2025-07-02 04:45:00+07:00,2407.52,2409.48,2403.44,2405.99
2025-07-02 05:00:00+07:00,2405.87,2409.39,2398.05,2406.68
2025-07-02 05:15:00+07:00,2406.75,2409.11,2404.07,2405.82
2025-07-02 05:30:00+07:00,2405.8,2412.32,2404.2,2409.68
2025-07-02 05:45:00+07:00,2409.71,2410.14,2398.25,2399.74
2025-07-02 06:00:00+07:00,2399.7,2400.73,2384.52,2388.89
2025-07-02 06:15:00+07:00,2388.94,2396.05,2388.94,2395.68
2025-07-02 06:30:00+07:00,2395.7,2400.92,2395.19,2400.81
2025-07-02 06:45:00+07:00,2400.81,2405.15,2400.81,2403.68
2025-07-02 07:00:00+07:00,2403.68,2406.82,2401.76,2406.07
2025-07-02 07:15:00+07:00,2406.17,2408.73,2403.3,2406.65
2025-07-02 07:30:00+07:00,2406.52,2408.81,2402.8,2405.91
2025-07-02 07:45:00+07:00,2405.94,2405.94,2396.37,2397.33
2025-07-02 08:00:00+07:00,2397.38,2400.98,2397.38,2400.85
2025-07-02 08:15:00+07:00,2400.89,2405.07,2372.13,2404.63
2025-07-02 08:30:00+07:00,2404.67,2409.82,2400.97,2408.98
2025-07-02 08:45:00+07:00,2408.97,2410.56,2406.29,2410.0
2025-07-02 09:00:00+07:00,2410.08,2416.77,2406.74,2407.57
2025-07-02 09:15:00+07:00,2407.54,2413.73,2405.87,2413.31
2025-07-02 09:30:00+07:00,2413.29,2414.75,2410.14,2414.24
2025-07-02 09:45:00+07:00,2414.22,2417.78,2413.18,2416.81
2025-07-02 10:00:00+07:00,2416.89,2423.89,2414.96,2423.47
2025-07-02 10:15:00+07:00,2423.43,2431.41,2421.33,2427.39
2025-07-02 10:30:00+07:00,2427.41,2428.7,2424.52,2426.35
2025-07-02 10:45:00+07:00,2426.36,2430.42,2425.1,2429.16
2025-07-02 11:00:00+07:00,2429.16,2429.76,2424.05,2428.03
2025-07-02 11:15:00+07:00,2428.03,2432.61,2424.93,2430.41
2025-07-02 11:30:00+07:00,2430.37,2436.08,2427.8,2434.35
2025-07-02 11:45:00+07:00,2434.36,2440.48,2432.84,2438.36
2025-07-02 12:00:00+07:00,2438.4,2438.92,2432.98,2434.78
2025-07-02 12:15:00+07:00,2434.81,2445.95,2434.81,2437.9
2025-07-02 12:30:00+07:00,2437.92,2441.63,2436.57,2440.54
2025-07-02 12:45:00+07:00,2440.53,2444.52,2439.37,2443.03
2025-07-02 13:00:00+07:00,2442.99,2447.96,2442.74,2445.96
2025-07-02 13:15:00+07:00,2445.98,2447.37,2437.19,2439.27
2025-07-02 13:30:00+07:00,2439.3,2447.75,2439.3,2446.7
2025-07-02 13:45:00+07:00,2446.77,2452.61,2445.91,2450.41
2025-07-02 14:00:00+07:00,2450.44,2453.34,2440.93,2441.25
2025-07-02 14:15:00+07:00,2441.4,2446.45,2441.18,2442.06
2025-07-02 14:30:00+07:00,2442.13,2449.53,2441.69,2446.78
2025-07-02 14:45:00+07:00,2446.73,2448.94,2445.52,2445.7
2025-07-02 15:00:00+07:00,2445.85,2451.3,2445.85,2449.11
2025-07-02 15:15:00+07:00,2449.15,2454.54,2448.38,2450.17
2025-07-02 15:30:00+07:00,2450.14,2451.07,2445.02,2448.5
2025-07-02 15:45:00+07:00,2448.51,2448.92,2443.08,2447.93
2025-07-02 16:00:00+07:00,2447.94,2450.25,2444.68,2449.44
2025-07-02 16:15:00+07:00,2449.46,2452.06,2447.18,2447.74
2025-07-02 16:30:00+07:00,2447.77,2450.24,2445.01,2449.91
2025-07-02 16:45:00+07:00,2449.91,2450.95,2445.52,2447.56
2025-07-02 17:00:00+07:00,2447.57,2448.0,2442.45,2446.58
2025-07-02 17:15:00+07:00,2446.8,2448.84,2446.02,2447.31
2025-07-02 17:30:00+07:00,2447.33,2451.27,2447.19,2451.27
2025-07-02 17:45:00+07:00,2451.29,2453.06,2449.05,2452.2
2025-07-02 18:00:00+07:00,2452.13,2459.54,2450.53,2457.03
2025-07-02 18:15:00+07:00,2457.09,2457.42,2452.9,2453.82
2025-07-02 18:30:00+07:00,2453.84,2453.94,2445.35,2447.02
2025-07-02 18:45:00+07:00,2447.01,2447.01,2440.68,2444.61
2025-07-02 19:00:00+07:00,2444.5,2446.64,2441.24,2443.55
2025-07-02 19:15:00+07:00,2443.55,2443.55,2437.3,2441.6
2025-07-02 19:30:00+07:00,2441.65,2442.33,2430.48,2432.69
2025-07-02 19:45:00+07:00,2432.7,2437.52,2431.95,2437.52
2025-07-02 20:00:00+07:00,2437.55,2448.75,2435.49,2448.1
2025-07-02 20:15:00+07:00,2448.05,2448.18,2442.78,2446.32
2025-07-02 20:30:00+07:00,2446.3,2453.88,2441.58,2450.88
2025-07-02 20:45:00+07:00,2451.08,2457.47,2444.96,2448.3
2025-07-02 21:00:00+07:00,2448.23,2455.71,2447.14,2454.52
2025-07-02 21:15:00+07:00,2454.54,2471.8,2448.73,2462.68
2025-07-02 21:30:00+07:00,2462.99,2469.24,2458.55,2458.68
2025-07-02 21:45:00+07:00,2458.35,2470.78,2458.22,2468.21
2025-07-02 22:00:00+07:00,2468.37,2501.9,2467.44,2490.65
2025-07-02 22:15:00+07:00,2490.59,2497.69,2486.16,2487.99
2025-07-02 22:30:00+07:00,2488.0,2492.98,2485.63,2491.92
2025-07-02 22:45:00+07:00,2491.89,2501.27,2491.72,2497.68
2025-07-02 23:00:00+07:00,2497.69,2538.89,2493.88,2534.13
2025-07-02 23:15:00+07:00,2534.15,2550.04,2531.13,2537.9
2025-07-02 23:30:00+07:00,2537.96,2544.91,2533.94,2542.6
2025-07-02 23:45:00+07:00,2542.6,2563.24,2542.6,2559.95
2025-07-03 00:00:00+07:00,2559.96,2570.37,2558.06,2563.22
2025-07-03 00:15:00+07:00,2563.19,2588.82,2563.08,2580.35
2025-07-03 00:30:00+07:00,2580.37,2582.61,2555.28,2564.15
2025-07-03 00:45:00+07:00,2564.11,2566.12,2551.4,2566.09
2025-07-03 01:00:00+07:00,2565.96,2572.29,2562.54,2567.27
2025-07-03 01:15:00+07:00,2567.2,2571.53,2566.14,2570.64
2025-07-03 01:30:00+07:00,2570.7,2579.44,2567.07,2576.89
2025-07-03 01:45:00+07:00,2576.93,2583.01,2575.9,2581.3
2025-07-03 02:00:00+07:00,2581.51,2582.5,2566.43,2572.52
2025-07-03 02:15:00+07:00,2572.43,2584.28,2570.14,2581.49
2025-07-03 02:30:00+07:00,2581.58,2582.09,2577.67,2581.18
2025-07-03 02:45:00+07:00,2581.19,2606.99,2579.05,2604.46
2025-07-03 03:00:00+07:00,2603.62,2603.74,2591.0,2594.82
2025-07-03 03:15:00+07:00,2594.8,2601.01,2585.35,2598.6
2025-07-03 03:30:00+07:00,2598.91,2603.74,2595.81,2600.05
2025-07-03 03:45:00+07:00,2600.08,2600.32,2589.06,2589.1
2025-07-03 04:00:00+07:00,2589.12,2591.4,2585.56,2587.58
2025-07-03 04:15:00+07:00,2587.57,2595.58,2582.75,2585.78
2025-07-03 04:30:00+07:00,2585.84,2593.23,2585.37,2588.27
2025-07-03 04:45:00+07:00,2588.22,2599.71,2587.53,2595.83
2025-07-03 05:00:00+07:00,2595.88,2599.91,2591.44,2595.19
2025-07-03 05:15:00+07:00,2595.21,2596.93,2591.37,2596.04
2025-07-03 05:30:00+07:00,2596.04,2618.27,2594.65,2599.33
2025-07-03 05:45:00+07:00,2599.37,2599.37,2592.03,2593.78
2025-07-03 06:00:00+07:00,2593.78,2594.88,2586.14,2591.23
2025-07-03 06:15:00+07:00,2591.25,2591.84,2582.21,2586.89
2025-07-03 06:30:00+07:00,2586.92,2588.69,2573.28,2573.84
2025-07-03 06:45:00+07:00,2574.02,2578.82,2568.18,2569.45
2025-07-03 07:00:00+07:00,2569.38,2577.95,2567.42,2573.51
2025-07-03 07:15:00+07:00,2573.33,2576.24,2562.02,2567.1
2025-07-03 07:30:00+07:00,2567.13,2578.95,2563.65,2577.86
2025-07-03 07:45:00+07:00,2577.82,2578.05,2570.38,2572.84
2025-07-03 08:00:00+07:00,2572.82,2577.7,2564.59,2575.59
2025-07-03 08:15:00+07:00,2575.55,2586.29,2572.93,2579.63
2025-07-03 08:30:00+07:00,2579.49,2583.14,2576.47,2578.11
2025-07-03 08:45:00+07:00,2578.15,2581.94,2576.83,2579.27
2025-07-03 09:00:00+07:00,2579.27,2579.88,2571.16,2572.62
2025-07-03 09:15:00+07:00,2572.63,2572.85,2561.75,2562.52
2025-07-03 09:30:00+07:00,2562.54,2563.42,2555.8,2557.21
2025-07-03 09:45:00+07:00,2557.04,2567.87,2555.28,2566.55
2025-07-03 10:00:00+07:00,2566.54,2567.73,2563.23,2564.8
2025-07-03 10:15:00+07:00,2564.8,2571.29,2560.26,2566.94
2025-07-03 10:30:00+07:00,2567.03,2570.1,2562.71,2566.89
2025-07-03 10:45:00+07:00,2567.5,2567.5,2559.02,2560.19
2025-07-03 11:00:00+07:00,2560.13,2565.76,2558.19,2564.91
2025-07-03 11:15:00+07:00,2564.92,2568.45,2563.99,2567.13
2025-07-03 11:30:00+07:00,2567.1,2571.71,2564.49,2564.86
2025-07-03 11:45:00+07:00,2564.92,2568.99,2564.04,2565.43
2025-07-03 12:00:00+07:00,2565.66,2580.79,2564.78,2575.66
2025-07-03 12:15:00+07:00,2575.98,2584.67,2575.24,2582.34
2025-07-03 12:30:00+07:00,2582.29,2600.46,2580.35,2586.64
2025-07-03 12:45:00+07:00,2586.51,2589.14,2583.86,2588.61
2025-07-03 13:00:00+07:00,2588.44,2593.94,2584.3,2590.42
2025-07-03 13:15:00+07:00,2590.41,2599.97,2589.39,2597.39
2025-07-03 13:30:00+07:00,2597.35,2598.28,2591.34,2596.82
2025-07-03 13:45:00+07:00,2596.8,2602.49,2596.16,2598.14
2025-07-03 14:00:00+07:00,2598.05,2598.18,2590.24,2591.8
2025-07-03 14:15:00+07:00,2591.86,2595.54,2588.26,2594.95
2025-07-03 14:30:00+07:00,2594.9,2604.83,2592.63,2597.99
2025-07-03 14:45:00+07:00,2598.0,2599.63,2595.99,2599.16
2025-07-03 15:00:00+07:00,2599.25,2606.99,2595.69,2597.22
2025-07-03 15:15:00+07:00,2597.18,2600.72,2596.09,2598.1
2025-07-03 15:30:00+07:00,2598.12,2599.04,2591.68,2596.68
2025-07-03 15:45:00+07:00,2596.63,2597.03,2586.18,2586.92
2025-07-03 16:00:00+07:00,2586.99,2597.01,2585.28,2596.8
2025-07-03 16:15:00+07:00,2596.85,2604.67,2594.67,2602.48
2025-07-03 16:30:00+07:00,2602.47,2615.87,2597.85,2613.82
2025-07-03 16:45:00+07:00,2613.8,2614.37,2592.24,2597.76
2025-07-03 17:00:00+07:00,2597.92,2600.87,2592.33,2598.52
2025-07-03 17:15:00+07:00,2598.49,2598.5,2583.12,2591.02
2025-07-03 17:30:00+07:00,2590.87,2593.64,2588.48,2592.22
2025-07-03 17:45:00+07:00,2592.05,2599.69,2587.09,2597.11
2025-07-03 18:00:00+07:00,2597.1,2597.79,2590.16,2591.61
2025-07-03 18:15:00+07:00,2591.63,2595.62,2589.61,2589.94
2025-07-03 18:30:00+07:00,2590.03,2594.25,2580.96,2593.13
2025-07-03 18:45:00+07:00,2593.07,2597.0,2589.84,2596.27
2025-07-03 19:00:00+07:00,2596.25,2601.77,2592.99,2598.35
2025-07-03 19:15:00+07:00,2598.39,2601.53,2597.04,2599.47
2025-07-03 19:30:00+07:00,2599.54,2613.34,2563.97,2577.78
2025-07-03 19:45:00+07:00,2578.05,2589.63,2568.87,2587.8
2025-07-03 20:00:00+07:00,2587.75,2597.2,2585.32,2589.46
2025-07-03 20:15:00+07:00,2589.39,2592.78,2585.2,2590.03
2025-07-03 20:30:00+07:00,2590.04,2634.41,2590.04,2621.13
2025-07-03 20:45:00+07:00,2621.08,2634.59,2610.72,2623.68
2025-07-03 21:00:00+07:00,2623.62,2631.16,2611.97,2613.26
2025-07-03 21:15:00+07:00,2613.21,2619.55,2600.58,2602.85
2025-07-03 21:30:00+07:00,2602.57,2605.4,2583.19,2596.4
2025-07-03 21:45:00+07:00,2596.64,2599.78,2589.45,2593.88
2025-07-03 22:00:00+07:00,2593.89,2596.93,2576.66,2582.43
2025-07-03 22:15:00+07:00,2582.45,2587.81,2578.79,2582.76
2025-07-03 22:30:00+07:00,2582.99,2585.28,2564.42,2574.22
2025-07-03 22:45:00+07:00,2574.15,2576.52,2566.24,2569.19
2025-07-03 23:00:00+07:00,2569.18,2580.62,2564.03,2576.12
2025-07-03 23:15:00+07:00,2576.01,2576.08,2564.36,2571.11
2025-07-03 23:30:00+07:00,2571.09,2577.99,2569.19,2572.58
2025-07-03 23:45:00+07:00,2572.53,2579.99,2566.1,2570.88
2025-07-04 00:00:00+07:00,2570.58,2578.94,2570.4,2578.88
2025-07-04 00:15:00+07:00,2578.93,2579.45,2570.65,2571.39
2025-07-04 00:30:00+07:00,2571.42,2575.21,2571.16,2574.17
2025-07-04 00:45:00+07:00,2574.18,2578.02,2573.97,2576.11
2025-07-04 01:00:00+07:00,2576.04,2584.3,2572.84,2576.86
2025-07-04 01:15:00+07:00,2576.97,2586.44,2573.67,2584.98
2025-07-04 01:30:00+07:00,2584.95,2585.15,2579.07,2584.4
2025-07-04 01:45:00+07:00,2584.39,2584.6,2578.41,2584.34
2025-07-04 02:00:00+07:00,2584.31,2591.11,2583.5,2588.74
2025-07-04 02:15:00+07:00,2588.69,2591.02,2587.17,2587.17
2025-07-04 02:30:00+07:00,2587.13,2587.54,2580.66,2584.79
2025-07-04 02:45:00+07:00,2584.77,2586.5,2582.46,2584.24
2025-07-04 03:00:00+07:00,2584.79,2592.61,2584.25,2589.02
2025-07-04 03:15:00+07:00,2588.99,2595.48,2586.95,2593.63
2025-07-04 03:30:00+07:00,2593.61,2596.98,2591.09,2595.78
2025-07-04 03:45:00+07:00,2595.76,2598.01,2594.02,2598.01
2025-07-04 04:00:00+07:00,2598.05,2602.75,2592.02,2594.34
2025-07-04 04:15:00+07:00,2594.36,2596.35,2590.26,2593.14
2025-07-04 04:30:00+07:00,2593.13,2594.19,2588.4,2590.87
2025-07-04 04:45:00+07:00,2590.8,2595.53,2589.26,2594.34
2025-07-04 05:00:00+07:00,2594.3,2600.61,2592.56,2593.35
2025-07-04 05:15:00+07:00,2593.33,2595.63,2589.04,2590.04
2025-07-04 05:30:00+07:00,2590.01,2594.69,2589.5,2593.26
2025-07-04 05:45:00+07:00,2593.19,2593.75,2590.0,2592.6
2025-07-04 06:00:00+07:00,2592.56,2596.94,2589.52,2591.42
2025-07-04 06:15:00+07:00,2591.44,2591.74,2585.28,2587.26
2025-07-04 06:30:00+07:00,2587.28,2588.4,2584.29,2588.1
2025-07-04 06:45:00+07:00,2588.07,2590.21,2587.36,2590.12
2025-07-04 07:00:00+07:00,2590.13,2593.17,2588.18,2591.71
2025-07-04 07:15:00+07:00,2591.7,2594.45,2587.09,2589.34
2025-07-04 07:30:00+07:00,2589.37,2597.52,2589.37,2594.72
2025-07-04 07:45:00+07:00,2594.72,2597.45,2580.27,2587.36
2025-07-04 08:00:00+07:00,2587.52,2595.96,2586.62,2593.99
2025-07-04 08:15:00+07:00,2593.95,2602.02,2592.98,2595.1
2025-07-04 08:30:00+07:00,2595.06,2596.66,2586.09,2587.48
2025-07-04 08:45:00+07:00,2587.47,2591.11,2586.79,2588.96
2025-07-04 09:00:00+07:00,2588.94,2590.96,2584.57,2588.15
2025-07-04 09:15:00+07:00,2588.1,2590.28,2583.09,2587.58
2025-07-04 09:30:00+07:00,2587.61,2587.78,2571.46,2573.0
2025-07-04 09:45:00+07:00,2573.03,2577.01,2570.16,2574.08
2025-07-04 10:00:00+07:00,2574.05,2578.93,2570.5,2576.91
2025-07-04 10:15:00+07:00,2576.87,2584.22,2576.09,2583.52
2025-07-04 10:30:00+07:00,2583.55,2583.85,2579.31,2582.73
2025-07-04 10:45:00+07:00,2582.83,2582.94,2576.08,2576.69
2025-07-04 11:00:00+07:00,2576.7,2580.54,2576.7,2579.92
2025-07-04 11:15:00+07:00,2579.87,2583.66,2576.57,2578.62
2025-07-04 11:30:00+07:00,2578.6,2578.6,2572.18,2573.36
2025-07-04 11:45:00+07:00,2573.4,2574.41,2568.08,2569.37
2025-07-04 12:00:00+07:00,2569.42,2577.45,2568.72,2575.36
2025-07-04 12:15:00+07:00,2575.35,2577.44,2569.21,2575.15
2025-07-04 12:30:00+07:00,2575.13,2580.23,2574.6,2576.37
2025-07-04 12:45:00+07:00,2576.13,2576.86,2562.57,2567.7
2025-07-04 13:00:00+07:00,2567.67,2569.07,2548.83,2554.34
2025-07-04 13:15:00+07:00,2554.4,2556.77,2547.81,2553.38
2025-07-04 13:30:00+07:00,2553.41,2558.96,2552.99,2558.31
2025-07-04 13:45:00+07:00,2558.31,2561.74,2555.32,2557.35
2025-07-04 14:00:00+07:00,2557.38,2563.84,2550.85,2551.57
2025-07-04 14:15:00+07:00,2551.65,2553.56,2542.74,2545.62
2025-07-04 14:30:00+07:00,2545.62,2548.76,2542.71,2546.24
2025-07-04 14:45:00+07:00,2546.23,2547.38,2528.94,2533.95
2025-07-04 15:00:00+07:00,2533.96,2536.94,2526.34,2529.21
2025-07-04 15:15:00+07:00,2529.21,2544.95,2526.56,2543.96
2025-07-04 15:30:00+07:00,2543.92,2552.75,2540.44,2552.63
2025-07-04 15:45:00+07:00,2552.8,2552.99,2543.8,2546.04
2025-07-04 16:00:00+07:00,2546.06,2549.8,2545.19,2548.24
2025-07-04 16:15:00+07:00,2548.26,2557.6,2545.28,2555.39
2025-07-04 16:30:00+07:00,2555.38,2556.18,2551.21,2555.07
2025-07-04 16:45:00+07:00,2555.05,2555.05,2548.5,2550.47
2025-07-04 17:00:00+07:00,2550.51,2554.42,2550.5,2550.79
2025-07-04 17:15:00+07:00,2550.8,2551.89,2546.38,2548.76
2025-07-04 17:30:00+07:00,2548.76,2552.81,2546.77,2548.5
2025-07-04 17:45:00+07:00,2548.45,2550.81,2543.89,2547.08
2025-07-04 18:00:00+07:00,2547.03,2553.99,2546.31,2550.41
2025-07-04 18:15:00+07:00,2550.78,2555.73,2547.45,2553.8
2025-07-04 18:30:00+07:00,2553.81,2554.45,2549.88,2551.7
2025-07-04 18:45:00+07:00,2551.71,2553.11,2546.41,2547.94
2025-07-04 19:00:00+07:00,2547.94,2550.63,2544.48,2548.34
2025-07-04 19:15:00+07:00,2548.38,2552.84,2546.05,2551.58
2025-07-04 19:30:00+07:00,2551.56,2551.7,2547.22,2547.26
2025-07-04 19:45:00+07:00,2547.22,2549.12,2541.94,2546.89
2025-07-04 20:00:00+07:00,2546.85,2554.77,2537.97,2539.1
2025-07-04 20:15:00+07:00,2539.02,2540.34,2532.7,2535.11
2025-07-04 20:30:00+07:00,2535.07,2538.35,2529.6,2531.35
2025-07-04 20:45:00+07:00,2530.55,2534.09,2521.09,2524.6
2025-07-04 21:00:00+07:00,2524.57,2527.68,2509.45,2512.83
2025-07-04 21:15:00+07:00,2512.86,2516.85,2496.65,2516.22
2025-07-04 21:30:00+07:00,2516.21,2521.87,2508.62,2520.49
2025-07-04 21:45:00+07:00,2520.48,2520.48,2512.88,2515.49
2025-07-04 22:00:00+07:00,2515.44,2517.31,2505.45,2506.06
2025-07-04 22:15:00+07:00,2506.15,2509.99,2497.8,2507.49
2025-07-04 22:30:00+07:00,2507.52,2508.18,2497.94,2500.85
2025-07-04 22:45:00+07:00,2500.87,2503.98,2497.96,2499.51
2025-07-04 23:00:00+07:00,2499.64,2502.55,2480.71,2483.16
2025-07-04 23:15:00+07:00,2483.53,2487.1,2473.11,2482.34
2025-07-04 23:30:00+07:00,2482.28,2489.72,2475.93,2481.82
2025-07-04 23:45:00+07:00,2481.81,2486.98,2481.44,2486.52
2025-07-05 00:00:00+07:00,2486.52,2496.25,2485.59,2487.64
2025-07-05 00:15:00+07:00,2487.56,2492.0,2487.36,2490.0
2025-07-05 00:30:00+07:00,2489.96,2496.77,2487.91,2492.51
2025-07-05 00:45:00+07:00,2492.56,2496.58,2490.92,2495.72
2025-07-05 01:00:00+07:00,2495.72,2495.74,2486.41,2487.02
2025-07-05 01:15:00+07:00,2486.8,2487.59,2478.96,2481.72
2025-07-05 01:30:00+07:00,2481.76,2490.26,2481.75,2487.63
2025-07-05 01:45:00+07:00,2487.73,2490.12,2482.95,2483.5
2025-07-05 02:00:00+07:00,2483.39,2487.21,2481.68,2486.74
2025-07-05 02:15:00+07:00,2486.83,2489.26,2473.36,2473.81
2025-07-05 02:30:00+07:00,2473.83,2483.98,2473.83,2483.3
2025-07-05 02:45:00+07:00,2483.52,2483.92,2479.19,2481.58
2025-07-05 03:00:00+07:00,2481.6,2489.22,2480.13,2489.16
2025-07-05 03:15:00+07:00,2489.16,2492.99,2487.1,2490.73
2025-07-05 03:30:00+07:00,2490.73,2495.28,2490.36,2492.51
2025-07-05 03:45:00+07:00,2492.55,2493.34,2488.38,2489.28
2025-07-05 04:00:00+07:00,2489.31,2491.62,2488.44,2488.72
2025-07-05 04:15:00+07:00,2488.7,2492.74,2488.47,2491.48
2025-07-05 04:30:00+07:00,2491.48,2491.48,2485.84,2490.94
2025-07-05 04:45:00+07:00,2490.92,2495.98,2489.92,2495.5
2025-07-05 05:00:00+07:00,2495.31,2505.49,2493.56,2501.94
2025-07-05 05:15:00+07:00,2501.92,2514.34,2500.25,2510.01
2025-07-05 05:30:00+07:00,2510.03,2517.93,2509.46,2516.2
2025-07-05 05:45:00+07:00,2516.16,2519.58,2513.73,2519.12
2025-07-05 06:00:00+07:00,2519.12,2519.26,2512.7,2514.48
2025-07-05 06:15:00+07:00,2514.2,2514.2,2509.16,2510.63
2025-07-05 06:30:00+07:00,2510.66,2511.83,2502.65,2504.34
2025-07-05 06:45:00+07:00,2504.38,2507.94,2503.44,2506.87
2025-07-05 07:00:00+07:00,2506.89,2513.44,2505.47,2513.44
2025-07-05 07:15:00+07:00,2513.44,2515.76,2511.68,2513.82
2025-07-05 07:30:00+07:00,2513.86,2517.1,2511.08,2515.43
2025-07-05 07:45:00+07:00,2515.49,2516.75,2512.86,2515.29
2025-07-05 08:00:00+07:00,2515.26,2515.38,2508.78,2509.37
2025-07-05 08:15:00+07:00,2509.34,2510.1,2505.33,2508.78
2025-07-05 08:30:00+07:00,2508.77,2514.78,2507.36,2512.04
2025-07-05 08:45:00+07:00,2512.07,2513.68,2509.12,2512.94
2025-07-05 09:00:00+07:00,2512.93,2513.2,2509.19,2510.38
2025-07-05 09:15:00+07:00,2510.33,2513.32,2505.86,2506.26
2025-07-05 09:30:00+07:00,2506.3,2512.83,2497.13,2512.47
2025-07-05 09:45:00+07:00,2512.46,2517.93,2512.14,2517.63
2025-07-05 10:00:00+07:00,2517.67,2523.86,2517.33,2517.94
2025-07-05 10:15:00+07:00,2517.97,2520.25,2516.97,2520.25
2025-07-05 10:30:00+07:00,2520.26,2522.36,2515.41,2515.65
2025-07-05 10:45:00+07:00,2515.67,2518.89,2514.68,2517.14
2025-07-05 11:00:00+07:00,2517.17,2517.91,2511.26,2514.2
2025-07-05 11:15:00+07:00,2514.24,2523.82,2513.3,2523.72
2025-07-05 11:30:00+07:00,2523.61,2524.6,2518.76,2519.75
2025-07-05 11:45:00+07:00,2519.84,2520.22,2514.84,2515.15
2025-07-05 12:00:00+07:00,2515.13,2515.38,2511.85,2514.58
2025-07-05 12:15:00+07:00,2514.56,2519.27,2511.93,2518.91
2025-07-05 12:30:00+07:00,2518.89,2518.89,2514.22,2516.16
2025-07-05 12:45:00+07:00,2516.17,2519.99,2516.17,2518.54
2025-07-05 13:00:00+07:00,2518.55,2519.07,2515.69,2517.23
2025-07-05 13:15:00+07:00,2517.23,2526.4,2515.55,2523.97
2025-07-05 13:30:00+07:00,2524.03,2525.57,2520.48,2521.48
2025-07-05 13:45:00+07:00,2521.53,2527.44,2521.53,2526.06
2025-07-05 14:00:00+07:00,2526.08,2528.66,2523.05,2523.99
2025-07-05 14:15:00+07:00,2523.91,2526.35,2522.5,2524.76
2025-07-05 14:30:00+07:00,2524.76,2524.76,2520.2,2521.17
2025-07-05 14:45:00+07:00,2521.16,2521.41,2518.08,2520.53
2025-07-05 15:00:00+07:00,2520.29,2523.07,2518.43,2523.07
2025-07-05 15:15:00+07:00,2523.09,2523.96,2518.59,2518.59
2025-07-05 15:30:00+07:00,2518.46,2519.72,2511.8,2512.64
2025-07-05 15:45:00+07:00,2513.25,2516.31,2508.78,2515.11
2025-07-05 16:00:00+07:00,2515.11,2515.56,2510.21,2510.75
2025-07-05 16:15:00+07:00,2510.72,2511.85,2507.63,2511.13
2025-07-05 16:30:00+07:00,2510.92,2514.79,2509.3,2512.71
2025-07-05 16:45:00+07:00,2512.66,2521.57,2512.58,2520.17
2025-07-05 17:00:00+07:00,2520.16,2522.02,2517.03,2518.59
2025-07-05 17:15:00+07:00,2518.58,2520.19,2516.6,2519.3
2025-07-05 17:30:00+07:00,2519.38,2520.91,2517.62,2518.76
2025-07-05 17:45:00+07:00,2518.68,2521.68,2516.57,2517.06
2025-07-05 18:00:00+07:00,2517.12,2521.12,2517.12,2520.26
2025-07-05 18:15:00+07:00,2520.28,2523.6,2519.75,2522.19
2025-07-05 18:30:00+07:00,2522.2,2524.47,2522.2,2522.54
2025-07-05 18:45:00+07:00,2522.57,2523.18,2516.31,2516.65
2025-07-05 19:00:00+07:00,2516.72,2517.93,2511.35,2514.39
2025-07-05 19:15:00+07:00,2514.39,2515.74,2510.41,2512.15
2025-07-05 19:30:00+07:00,2512.09,2514.92,2509.3,2513.93
2025-07-05 19:45:00+07:00,2513.93,2517.1,2512.81,2516.78
2025-07-05 20:00:00+07:00,2516.77,2518.72,2515.16,2516.82
2025-07-05 20:15:00+07:00,2516.83,2520.8,2516.39,2518.69
2025-07-05 20:30:00+07:00,2518.7,2518.7,2511.53,2515.64
2025-07-05 20:45:00+07:00,2515.64,2515.64,2511.75,2512.99
2025-07-05 21:00:00+07:00,2513.01,2516.33,2510.49,2514.15
2025-07-05 21:15:00+07:00,2514.02,2519.12,2513.05,2515.1
2025-07-05 21:30:00+07:00,2515.05,2518.78,2511.24,2514.81
2025-07-05 21:45:00+07:00,2514.82,2517.48,2512.53,2517.46
2025-07-05 22:00:00+07:00,2517.43,2517.76,2515.49,2515.98
2025-07-05 22:15:00+07:00,2515.97,2517.36,2512.18,2512.59
2025-07-05 22:30:00+07:00,2512.6,2514.73,2510.06,2510.53
2025-07-05 22:45:00+07:00,2510.53,2510.97,2503.92,2506.83
2025-07-05 23:00:00+07:00,2506.89,2508.83,2504.31,2508.58
2025-07-05 23:15:00+07:00,2508.56,2512.27,2502.44,2503.31
2025-07-05 23:30:00+07:00,2503.34,2503.92,2490.5,2496.86
2025-07-05 23:45:00+07:00,2496.84,2505.06,2494.06,2504.82
2025-07-06 00:00:00+07:00,2504.87,2510.81,2500.94,2502.81
2025-07-06 00:15:00+07:00,2502.97,2504.92,2494.65,2499.54
2025-07-06 00:30:00+07:00,2499.5,2503.51,2496.79,2501.94
2025-07-06 00:45:00+07:00,2501.91,2503.26,2499.4,2502.71
2025-07-06 01:00:00+07:00,2502.77,2504.12,2496.46,2497.63
2025-07-06 01:15:00+07:00,2497.71,2498.87,2492.47,2494.99
2025-07-06 01:30:00+07:00,2494.96,2495.87,2490.78,2493.68
2025-07-06 01:45:00+07:00,2493.64,2495.73,2490.94,2491.89
2025-07-06 02:00:00+07:00,2491.91,2492.45,2486.35,2487.94
2025-07-06 02:15:00+07:00,2487.99,2498.35,2486.85,2498.3
2025-07-06 02:30:00+07:00,2498.34,2503.03,2496.61,2501.51
2025-07-06 02:45:00+07:00,2501.57,2507.63,2501.27,2504.32
2025-07-06 03:00:00+07:00,2504.3,2507.43,2500.49,2500.79
2025-07-06 03:15:00+07:00,2500.77,2501.94,2496.88,2497.33
2025-07-06 03:30:00+07:00,2497.35,2502.69,2497.21,2502.48
2025-07-06 03:45:00+07:00,2502.42,2506.85,2502.08,2505.02
2025-07-06 04:00:00+07:00,2504.98,2509.16,2504.66,2506.45
2025-07-06 04:15:00+07:00,2506.45,2518.26,2506.45,2512.57
2025-07-06 04:30:00+07:00,2512.59,2516.16,2512.59,2515.01
2025-07-06 04:45:00+07:00,2515.06,2517.35,2513.46,2515.51
2025-07-06 05:00:00+07:00,2515.47,2515.6,2511.75,2513.68
2025-07-06 05:15:00+07:00,2513.71,2517.02,2512.64,2516.15
2025-07-06 05:30:00+07:00,2516.16,2520.96,2513.88,2518.43
2025-07-06 05:45:00+07:00,2518.44,2519.85,2515.34,2517.82
2025-07-06 06:00:00+07:00,2517.9,2521.49,2517.39,2520.28
2025-07-06 06:15:00+07:00,2520.29,2520.5,2516.41,2517.51
2025-07-06 06:30:00+07:00,2517.43,2519.03,2515.16,2516.59
2025-07-06 06:45:00+07:00,2516.59,2517.03,2514.1,2515.16
2025-07-06 07:00:00+07:00,2515.18,2516.06,2511.0,2512.66
2025-07-06 07:15:00+07:00,2512.76,2515.77,2511.32,2515.55
2025-07-06 07:30:00+07:00,2515.55,2518.36,2511.94,2517.54
2025-07-06 07:45:00+07:00,2517.53,2519.64,2515.05,2518.91
2025-07-06 08:00:00+07:00,2518.89,2518.89,2515.45,2515.45
2025-07-06 08:15:00+07:00,2515.45,2516.48,2512.87,2513.04
2025-07-06 08:30:00+07:00,2513.04,2517.39,2513.01,2516.1
2025-07-06 08:45:00+07:00,2515.89,2516.77,2514.28,2516.55
2025-07-06 09:00:00+07:00,2516.55,2518.84,2514.93,2518.84
2025-07-06 09:15:00+07:00,2518.91,2519.72,2512.57,2514.23
2025-07-06 09:30:00+07:00,2514.21,2515.05,2512.95,2515.05
2025-07-06 09:45:00+07:00,2515.06,2515.28,2512.0,2512.03
2025-07-06 10:00:00+07:00,2512.02,2513.39,2511.06,2513.02
2025-07-06 10:15:00+07:00,2513.02,2513.98,2508.65,2508.69
2025-07-06 10:30:00+07:00,2508.69,2511.15,2508.27,2511.15
2025-07-06 10:45:00+07:00,2511.15,2514.16,2510.39,2513.78
2025-07-06 11:00:00+07:00,2513.78,2517.11,2512.6,2516.09
2025-07-06 11:15:00+07:00,2516.09,2516.09,2510.42,2510.83
2025-07-06 11:30:00+07:00,2510.83,2512.13,2509.31,2512.13
2025-07-06 11:45:00+07:00,2512.13,2512.42,2510.56,2511.06
2025-07-06 12:00:00+07:00,2511.06,2511.24,2509.22,2510.09
2025-07-06 12:15:00+07:00,2510.09,2512.11,2510.09,2511.4
2025-07-06 12:30:00+07:00,2511.43,2512.2,2507.65,2509.23
2025-07-06 12:45:00+07:00,2509.23,2510.99,2508.28,2509.78
2025-07-06 13:00:00+07:00,2509.83,2514.37,2508.08,2513.99
2025-07-06 13:15:00+07:00,2513.99,2525.9,2513.98,2519.33
2025-07-06 13:30:00+07:00,2519.36,2521.01,2516.15,2519.29
2025-07-06 13:45:00+07:00,2519.29,2522.44,2518.47,2520.42
2025-07-06 14:00:00+07:00,2520.43,2523.12,2520.26,2522.48
2025-07-06 14:15:00+07:00,2522.5,2524.63,2518.57,2520.51
2025-07-06 14:30:00+07:00,2520.51,2520.86,2517.87,2518.78
2025-07-06 14:45:00+07:00,2518.79,2519.95,2516.41,2516.75
2025-07-06 15:00:00+07:00,2516.77,2517.41,2512.44,2512.56
2025-07-06 15:15:00+07:00,2512.56,2512.62,2507.71,2508.69
2025-07-06 15:30:00+07:00,2508.6,2512.42,2507.95,2512.01
2025-07-06 15:45:00+07:00,2512.01,2514.82,2510.95,2512.02
2025-07-06 16:00:00+07:00,2512.0,2514.48,2510.54,2513.86
2025-07-06 16:15:00+07:00,2513.74,2513.81,2511.73,2513.73
2025-07-06 16:30:00+07:00,2513.8,2516.82,2513.4,2513.4
2025-07-06 16:45:00+07:00,2513.4,2513.4,2505.45,2506.24
2025-07-06 17:00:00+07:00,2506.29,2507.38,2502.29,2507.08
2025-07-06 17:15:00+07:00,2507.03,2509.31,2504.72,2509.08
2025-07-06 17:30:00+07:00,2509.06,2512.91,2508.96,2511.05
2025-07-06 17:45:00+07:00,2511.03,2511.03,2507.08,2507.19
2025-07-06 18:00:00+07:00,2507.19,2509.91,2506.17,2508.37
2025-07-06 18:15:00+07:00,2508.37,2511.53,2508.37,2510.98
2025-07-06 18:30:00+07:00,2510.98,2512.82,2510.25,2511.72
2025-07-06 18:45:00+07:00,2511.73,2515.29,2511.34,2514.87
2025-07-06 19:00:00+07:00,2514.92,2514.94,2511.86,2512.83
2025-07-06 19:15:00+07:00,2512.83,2512.83,2510.51,2511.5
2025-07-06 19:30:00+07:00,2511.5,2520.31,2511.5,2517.59
2025-07-06 19:45:00+07:00,2517.59,2519.83,2517.17,2519.06
2025-07-06 20:00:00+07:00,2519.03,2519.43,2515.8,2518.05
2025-07-06 20:15:00+07:00,2518.07,2536.93,2516.95,2533.82
2025-07-06 20:30:00+07:00,2533.81,2544.06,2532.66,2540.91
2025-07-06 20:45:00+07:00,2540.92,2569.32,2540.92,2557.11
2025-07-06 21:00:00+07:00,2557.34,2562.82,2552.66,2553.42
2025-07-06 21:15:00+07:00,2553.38,2559.77,2552.37,2557.0
2025-07-06 21:30:00+07:00,2557.04,2566.62,2545.78,2552.03
2025-07-06 21:45:00+07:00,2552.04,2559.18,2548.7,2558.41
2025-07-06 22:00:00+07:00,2558.44,2560.52,2555.28,2557.97
2025-07-06 22:15:00+07:00,2558.02,2559.63,2553.6,2558.0
2025-07-06 22:30:00+07:00,2558.01,2560.75,2547.44,2550.92
2025-07-06 22:45:00+07:00,2550.91,2557.53,2548.79,2557.51
2025-07-06 23:00:00+07:00,2557.45,2559.88,2548.69,2550.4
2025-07-06 23:15:00+07:00,2550.42,2553.67,2549.2,2550.27
2025-07-06 23:30:00+07:00,2550.24,2551.27,2541.03,2545.52
2025-07-06 23:45:00+07:00,2545.61,2553.68,2542.85,2550.97
2025-07-07 00:00:00+07:00,2551.09,2551.67,2543.43,2544.74
2025-07-07 00:15:00+07:00,2544.71,2551.67,2542.43,2550.3
2025-07-07 00:30:00+07:00,2550.27,2551.68,2546.97,2549.17
2025-07-07 00:45:00+07:00,2549.24,2550.34,2545.37,2546.13
2025-07-07 01:00:00+07:00,2546.11,2546.49,2541.69,2544.48
2025-07-07 01:15:00+07:00,2544.51,2544.66,2533.74,2535.22
2025-07-07 01:30:00+07:00,2535.25,2537.33,2526.55,2527.11
2025-07-07 01:45:00+07:00,2527.18,2531.38,2522.73,2530.93
2025-07-07 02:00:00+07:00,2530.92,2537.82,2530.17,2536.06
2025-07-07 02:15:00+07:00,2536.11,2536.69,2533.97,2535.92
2025-07-07 02:30:00+07:00,2535.97,2537.2,2530.63,2534.42
2025-07-07 02:45:00+07:00,2534.27,2540.77,2533.03,2539.85
2025-07-07 03:00:00+07:00,2539.82,2547.93,2538.89,2546.27
2025-07-07 03:15:00+07:00,2546.23,2547.0,2543.88,2544.89
2025-07-07 03:30:00+07:00,2544.96,2548.75,2543.38,2547.36
2025-07-07 03:45:00+07:00,2547.27,2550.24,2543.85,2544.09
2025-07-07 04:00:00+07:00,2544.11,2552.39,2544.1,2551.99
2025-07-07 04:15:00+07:00,2552.01,2569.16,2550.19,2564.19
2025-07-07 04:30:00+07:00,2564.34,2601.67,2564.33,2595.14
2025-07-07 04:45:00+07:00,2595.17,2597.6,2581.78,2586.72
2025-07-07 05:00:00+07:00,2586.74,2604.63,2586.74,2595.23
2025-07-07 05:15:00+07:00,2595.24,2598.67,2592.21,2597.88
2025-07-07 05:30:00+07:00,2597.89,2598.0,2585.7,2586.54
2025-07-07 05:45:00+07:00,2586.55,2587.68,2579.09,2581.41
2025-07-07 06:00:00+07:00,2581.43,2582.01,2565.03,2572.05
2025-07-07 06:15:00+07:00,2572.04,2572.45,2562.59,2563.92
2025-07-07 06:30:00+07:00,2563.82,2570.56,2561.21,2570.03
2025-07-07 06:45:00+07:00,2569.91,2571.9,2567.94,2569.2
2025-07-07 07:00:00+07:00,2569.24,2573.75,2565.35,2572.32
2025-07-07 07:15:00+07:00,2572.32,2573.12,2559.96,2563.26
2025-07-07 07:30:00+07:00,2563.27,2565.22,2553.91,2558.64
2025-07-07 07:45:00+07:00,2558.69,2562.58,2558.26,2560.22
2025-07-07 08:00:00+07:00,2560.29,2562.14,2551.69,2554.44
2025-07-07 08:15:00+07:00,2554.39,2560.86,2549.31,2559.74
2025-07-07 08:30:00+07:00,2559.73,2564.65,2559.39,2561.45
2025-07-07 08:45:00+07:00,2561.47,2563.62,2560.16,2562.12
2025-07-07 09:00:00+07:00,2562.12,2577.26,2562.12,2574.98
2025-07-07 09:15:00+07:00,2575.32,2583.15,2574.06,2578.15
2025-07-07 09:30:00+07:00,2577.97,2580.68,2571.14,2580.44
2025-07-07 09:45:00+07:00,2580.42,2580.73,2574.11,2575.18
2025-07-07 10:00:00+07:00,2575.22,2577.33,2573.45,2573.45
2025-07-07 10:15:00+07:00,2573.36,2589.79,2573.28,2585.34
2025-07-07 10:30:00+07:00,2585.32,2586.07,2578.24,2579.52
2025-07-07 10:45:00+07:00,2579.31,2579.55,2574.5,2576.18
2025-07-07 11:00:00+07:00,2576.2,2579.62,2571.92,2574.06
2025-07-07 11:15:00+07:00,2574.18,2579.1,2571.9,2574.11
2025-07-07 11:30:00+07:00,2574.07,2574.72,2568.79,2570.05
2025-07-07 11:45:00+07:00,2570.06,2573.47,2569.22,2572.37
2025-07-07 12:00:00+07:00,2572.37,2576.93,2571.54,2574.51
2025-07-07 12:15:00+07:00,2574.55,2575.96,2570.84,2571.31
2025-07-07 12:30:00+07:00,2571.77,2573.62,2568.06,2572.55
2025-07-07 12:45:00+07:00,2572.52,2572.52,2564.94,2568.13
2025-07-07 13:00:00+07:00,2568.15,2570.49,2562.23,2568.27
2025-07-07 13:15:00+07:00,2568.34,2575.5,2568.34,2573.63
2025-07-07 13:30:00+07:00,2573.65,2574.29,2564.2,2564.24
2025-07-07 13:45:00+07:00,2564.22,2567.82,2562.6,2564.42
2025-07-07 14:00:00+07:00,2564.43,2569.17,2558.75,2568.65
2025-07-07 14:15:00+07:00,2568.61,2572.44,2564.8,2568.85
2025-07-07 14:30:00+07:00,2568.82,2573.79,2565.82,2572.99
2025-07-07 14:45:00+07:00,2573.01,2578.7,2573.01,2577.4
2025-07-07 15:00:00+07:00,2577.15,2578.28,2573.41,2573.46
2025-07-07 15:15:00+07:00,2573.47,2574.59,2569.41,2573.89
2025-07-07 15:30:00+07:00,2573.92,2584.8,2573.19,2583.05
2025-07-07 15:45:00+07:00,2583.05,2587.62,2577.51,2584.12
2025-07-07 16:00:00+07:00,2584.11,2584.46,2577.21,2578.62
2025-07-07 16:15:00+07:00,2578.59,2579.22,2573.32,2577.4
2025-07-07 16:30:00+07:00,2577.15,2577.93,2572.71,2574.68
2025-07-07 16:45:00+07:00,2574.68,2574.68,2565.4,2571.28
2025-07-07 17:00:00+07:00,2570.29,2570.29,2561.35,2566.3
2025-07-07 17:15:00+07:00,2566.22,2567.63,2558.36,2559.12
2025-07-07 17:30:00+07:00,2558.99,2563.07,2558.02,2561.92
2025-07-07 17:45:00+07:00,2561.83,2563.14,2557.27,2557.7
2025-07-07 18:00:00+07:00,2557.71,2561.03,2555.49,2556.44
2025-07-07 18:15:00+07:00,2556.14,2561.5,2551.3,2558.46
2025-07-07 18:30:00+07:00,2558.44,2564.95,2557.24,2562.52
2025-07-07 18:45:00+07:00,2562.65,2564.02,2559.58,2561.92
2025-07-07 19:00:00+07:00,2561.9,2563.81,2555.03,2556.77
2025-07-07 19:15:00+07:00,2556.79,2556.85,2542.74,2548.68
2025-07-07 19:30:00+07:00,2548.67,2553.58,2547.41,2549.99
2025-07-07 19:45:00+07:00,2549.97,2554.38,2544.57,2547.67
2025-07-07 20:00:00+07:00,2547.71,2552.23,2545.66,2549.07
2025-07-07 20:15:00+07:00,2549.05,2557.48,2534.48,2556.99
2025-07-07 20:30:00+07:00,2557.08,2562.73,2548.87,2554.49
2025-07-07 20:45:00+07:00,2554.42,2568.1,2547.61,2564.67
2025-07-07 21:00:00+07:00,2564.68,2566.71,2538.75,2541.98
2025-07-07 21:15:00+07:00,2542.01,2548.35,2535.59,2541.37
2025-07-07 21:30:00+07:00,2541.35,2541.35,2528.35,2534.81
2025-07-07 21:45:00+07:00,2534.82,2541.58,2529.48,2529.97
2025-07-07 22:00:00+07:00,2530.04,2539.78,2525.97,2537.9
2025-07-07 22:15:00+07:00,2537.87,2542.86,2531.17,2539.88
2025-07-07 22:30:00+07:00,2539.86,2542.43,2533.51,2535.0
2025-07-07 22:45:00+07:00,2535.02,2536.77,2531.28,2532.48
2025-07-07 23:00:00+07:00,2532.51,2539.44,2529.68,2534.67
2025-07-07 23:15:00+07:00,2534.61,2541.41,2511.7,2530.01
2025-07-07 23:30:00+07:00,2529.99,2535.48,2525.34,2534.27
2025-07-07 23:45:00+07:00,2534.29,2535.01,2521.0,2522.71
2025-07-08 00:00:00+07:00,2523.02,2530.58,2515.32,2530.03
2025-07-08 00:15:00+07:00,2530.12,2535.78,2524.76,2534.81
2025-07-08 00:30:00+07:00,2534.87,2546.63,2529.72,2531.49
2025-07-08 00:45:00+07:00,2531.72,2533.33,2528.67,2532.2
2025-07-08 01:00:00+07:00,2532.13,2537.64,2531.35,2535.57
2025-07-08 01:15:00+07:00,2535.79,2536.23,2519.0,2520.78
2025-07-08 01:30:00+07:00,2520.53,2529.9,2520.06,2526.47
2025-07-08 01:45:00+07:00,2526.48,2545.02,2526.48,2543.21
2025-07-08 02:00:00+07:00,2543.2,2544.51,2538.45,2542.42
2025-07-08 02:15:00+07:00,2542.44,2556.49,2542.35,2549.04
2025-07-08 02:30:00+07:00,2549.36,2554.04,2543.85,2543.89
2025-07-08 02:45:00+07:00,2543.9,2546.31,2540.06,2542.9
2025-07-08 03:00:00+07:00,2542.69,2542.69,2532.46,2536.91
2025-07-08 03:15:00+07:00,2536.9,2539.05,2529.38,2537.97
2025-07-08 03:30:00+07:00,2537.97,2543.38,2534.54,2534.58
2025-07-08 03:45:00+07:00,2534.61,2535.07,2528.55,2533.02
2025-07-08 04:00:00+07:00,2533.06,2535.81,2529.95,2529.95
2025-07-08 04:15:00+07:00,2529.98,2531.98,2521.79,2523.83
2025-07-08 04:30:00+07:00,2523.8,2537.84,2522.05,2536.11
2025-07-08 04:45:00+07:00,2536.14,2541.2,2536.14,2538.69
2025-07-08 05:00:00+07:00,2538.69,2541.04,2529.35,2535.15
2025-07-08 05:15:00+07:00,2535.44,2538.39,2528.49,2528.92
2025-07-08 05:30:00+07:00,2528.88,2536.62,2528.61,2536.3
2025-07-08 05:45:00+07:00,2536.33,2536.33,2532.59,2535.21
2025-07-08 06:00:00+07:00,2535.23,2541.88,2535.18,2540.47
2025-07-08 06:15:00+07:00,2540.78,2541.78,2537.96,2538.99
2025-07-08 06:30:00+07:00,2538.96,2544.48,2538.55,2541.62
2025-07-08 06:45:00+07:00,2541.28,2543.82,2541.03,2541.12
2025-07-08 07:00:00+07:00,2541.3,2546.68,2538.88,2546.46
2025-07-08 07:15:00+07:00,2546.39,2552.15,2542.5,2551.82
2025-07-08 07:30:00+07:00,2551.75,2553.58,2546.59,2551.4
2025-07-08 07:45:00+07:00,2551.35,2551.35,2536.15,2539.23
2025-07-08 08:00:00+07:00,2539.2,2539.2,2532.74,2535.07
2025-07-08 08:15:00+07:00,2535.03,2535.13,2530.96,2530.96
2025-07-08 08:30:00+07:00,2530.95,2535.74,2528.56,2528.6
2025-07-08 08:45:00+07:00,2528.61,2529.42,2525.41,2525.57
2025-07-08 09:00:00+07:00,2525.56,2528.73,2522.31,2527.08
2025-07-08 09:15:00+07:00,2527.16,2536.61,2524.39,2535.89
2025-07-08 09:30:00+07:00,2535.9,2537.48,2527.21,2528.77
2025-07-08 09:45:00+07:00,2528.77,2529.05,2523.13,2526.8
2025-07-08 10:00:00+07:00,2526.79,2530.42,2526.0,2530.26
2025-07-08 10:15:00+07:00,2530.27,2535.46,2529.16,2534.1
2025-07-08 10:30:00+07:00,2534.08,2536.43,2532.74,2535.78
2025-07-08 10:45:00+07:00,2535.76,2538.36,2532.86,2536.78
2025-07-08 11:00:00+07:00,2536.69,2536.69,2533.21,2533.51
2025-07-08 11:15:00+07:00,2533.55,2534.83,2530.73,2534.83
2025-07-08 11:30:00+07:00,2534.84,2543.34,2534.84,2540.51
2025-07-08 11:45:00+07:00,2540.52,2542.65,2538.98,2542.37
2025-07-08 12:00:00+07:00,2542.47,2545.43,2541.65,2542.01
2025-07-08 12:15:00+07:00,2542.04,2547.47,2540.5,2547.09
2025-07-08 12:30:00+07:00,2547.2,2548.57,2544.6,2548.57
2025-07-08 12:45:00+07:00,2548.65,2551.15,2548.34,2550.9
2025-07-08 13:00:00+07:00,2550.89,2554.62,2549.68,2553.39
2025-07-08 13:15:00+07:00,2553.44,2555.49,2548.77,2550.6
2025-07-08 13:30:00+07:00,2550.52,2558.64,2550.46,2557.91
2025-07-08 13:45:00+07:00,2557.89,2562.61,2555.46,2557.77
2025-07-08 14:00:00+07:00,2557.76,2558.25,2551.99,2551.99
2025-07-08 14:15:00+07:00,2552.01,2552.42,2546.27,2548.87
2025-07-08 14:30:00+07:00,2548.88,2553.39,2547.03,2550.44
2025-07-08 14:45:00+07:00,2550.38,2554.36,2549.29,2552.29
2025-07-08 15:00:00+07:00,2552.26,2559.96,2549.23,2558.65
2025-07-08 15:15:00+07:00,2558.71,2559.04,2550.55,2551.07
2025-07-08 15:30:00+07:00,2551.07,2552.42,2547.17,2547.68
2025-07-08 15:45:00+07:00,2547.73,2550.37,2545.07,2545.11
2025-07-08 16:00:00+07:00,2545.12,2549.25,2541.95,2548.57
2025-07-08 16:15:00+07:00,2548.51,2549.76,2543.41,2548.74
2025-07-08 16:30:00+07:00,2548.72,2553.91,2548.21,2553.89
2025-07-08 16:45:00+07:00,2553.9,2553.99,2550.57,2550.57
2025-07-08 17:00:00+07:00,2550.57,2555.68,2549.11,2554.95
2025-07-08 17:15:00+07:00,2554.98,2560.8,2554.54,2557.88
2025-07-08 17:30:00+07:00,2557.86,2565.51,2557.21,2563.54
2025-07-08 17:45:00+07:00,2563.38,2565.38,2560.81,2565.03
2025-07-08 18:00:00+07:00,2565.0,2584.81,2561.83,2578.28
2025-07-08 18:15:00+07:00,2578.12,2580.54,2573.58,2574.43
2025-07-08 18:30:00+07:00,2574.45,2577.03,2573.07,2576.34
2025-07-08 18:45:00+07:00,2576.38,2576.83,2573.22,2573.9
2025-07-08 19:00:00+07:00,2573.95,2579.09,2573.95,2578.16
2025-07-08 19:15:00+07:00,2578.16,2578.16,2570.52,2572.93
2025-07-08 19:30:00+07:00,2573.02,2577.83,2572.16,2576.13
2025-07-08 19:45:00+07:00,2576.41,2583.74,2576.28,2581.97
2025-07-08 20:00:00+07:00,2581.95,2585.58,2578.1,2579.97
2025-07-08 20:15:00+07:00,2579.89,2580.0,2576.23,2577.91
2025-07-08 20:30:00+07:00,2577.94,2579.85,2569.57,2579.68
2025-07-08 20:45:00+07:00,2579.84,2600.1,2579.84,2586.86
2025-07-08 21:00:00+07:00,2586.8,2588.08,2571.48,2574.96
2025-07-08 21:15:00+07:00,2575.0,2578.69,2565.12,2569.27
2025-07-08 21:30:00+07:00,2569.32,2578.8,2568.08,2577.83
2025-07-08 21:45:00+07:00,2577.89,2578.18,2556.42,2562.92
2025-07-08 22:00:00+07:00,2562.96,2568.01,2560.04,2564.84
2025-07-08 22:15:00+07:00,2564.82,2568.78,2558.13,2558.55
2025-07-08 22:30:00+07:00,2558.54,2565.88,2557.52,2563.49
2025-07-08 22:45:00+07:00,2563.44,2566.3,2560.11,2563.63
2025-07-08 23:00:00+07:00,2563.8,2567.94,2559.0,2560.43
2025-07-08 23:15:00+07:00,2560.51,2579.88,2558.41,2575.22
2025-07-08 23:30:00+07:00,2575.34,2580.46,2565.58,2573.97
2025-07-08 23:45:00+07:00,2573.95,2576.43,2570.75,2575.2
2025-07-09 00:00:00+07:00,2575.29,2619.19,2574.17,2613.26
2025-07-09 00:15:00+07:00,2612.82,2617.87,2604.28,2609.25
2025-07-09 00:30:00+07:00,2609.24,2617.96,2605.79,2606.2
2025-07-09 00:45:00+07:00,2606.23,2627.72,2606.23,2615.7
2025-07-09 01:00:00+07:00,2615.71,2620.82,2610.26,2617.86
2025-07-09 01:15:00+07:00,2618.1,2619.82,2611.7,2614.02
2025-07-09 01:30:00+07:00,2613.98,2619.72,2611.51,2618.91
2025-07-09 01:45:00+07:00,2618.89,2625.04,2615.87,2623.92
2025-07-09 02:00:00+07:00,2623.88,2624.17,2608.76,2610.57
2025-07-09 02:15:00+07:00,2610.61,2616.2,2609.11,2610.51
2025-07-09 02:30:00+07:00,2610.48,2611.31,2600.29,2604.8
2025-07-09 02:45:00+07:00,2604.79,2611.44,2602.41,2609.28
2025-07-09 03:00:00+07:00,2609.3,2610.07,2603.71,2604.01
2025-07-09 03:15:00+07:00,2604.03,2613.78,2601.56,2611.54
2025-07-09 03:30:00+07:00,2611.57,2611.57,2605.95,2606.66
2025-07-09 03:45:00+07:00,2606.66,2606.71,2596.96,2597.33
2025-07-09 04:00:00+07:00,2597.32,2606.09,2595.45,2606.03
2025-07-09 04:15:00+07:00,2606.03,2606.79,2600.06,2606.79
2025-07-09 04:30:00+07:00,2606.8,2609.64,2602.14,2606.25
2025-07-09 04:45:00+07:00,2606.23,2611.78,2606.13,2608.14
2025-07-09 05:00:00+07:00,2608.17,2611.57,2601.78,2602.97
2025-07-09 05:15:00+07:00,2602.91,2605.36,2601.11,2605.17
2025-07-09 05:30:00+07:00,2605.14,2608.71,2603.97,2608.6
2025-07-09 05:45:00+07:00,2608.64,2610.16,2607.02,2609.37
2025-07-09 06:00:00+07:00,2609.32,2614.44,2605.72,2612.72
2025-07-09 06:15:00+07:00,2612.73,2614.5,2607.68,2608.99
2025-07-09 06:30:00+07:00,2609.02,2616.48,2608.89,2615.46
2025-07-09 06:45:00+07:00,2615.53,2616.56,2612.69,2613.52
2025-07-09 07:00:00+07:00,2614.03,2614.62,2607.46,2608.93
2025-07-09 07:15:00+07:00,2608.92,2609.84,2602.73,2603.11
2025-07-09 07:30:00+07:00,2603.16,2609.3,2601.97,2609.15
2025-07-09 07:45:00+07:00,2609.12,2613.74,2607.53,2612.33
2025-07-09 08:00:00+07:00,2612.3,2626.09,2610.51,2619.15
2025-07-09 08:15:00+07:00,2619.13,2619.13,2605.7,2605.7
2025-07-09 08:30:00+07:00,2605.67,2607.53,2601.14,2601.16
2025-07-09 08:45:00+07:00,2601.16,2604.3,2598.58,2603.93
2025-07-09 09:00:00+07:00,2604.2,2608.93,2601.14,2607.18
2025-07-09 09:15:00+07:00,2607.13,2607.81,2600.69,2603.42
2025-07-09 09:30:00+07:00,2603.48,2606.94,2602.59,2606.34
2025-07-09 09:45:00+07:00,2606.37,2606.47,2600.83,2601.81
2025-07-09 10:00:00+07:00,2601.85,2606.34,2596.17,2596.17
2025-07-09 10:15:00+07:00,2596.11,2597.89,2590.85,2597.26
2025-07-09 10:30:00+07:00,2597.42,2598.5,2592.68,2593.69
2025-07-09 10:45:00+07:00,2593.65,2594.97,2589.01,2590.44
2025-07-09 11:00:00+07:00,2590.42,2594.43,2590.03,2590.03
2025-07-09 11:15:00+07:00,2590.01,2594.77,2589.52,2594.36
2025-07-09 11:30:00+07:00,2594.36,2601.5,2593.83,2597.98
2025-07-09 11:45:00+07:00,2597.91,2602.18,2597.57,2602.16
2025-07-09 12:00:00+07:00,2602.14,2612.4,2600.72,2607.0
2025-07-09 12:15:00+07:00,2607.0,2609.81,2603.92,2604.51
2025-07-09 12:30:00+07:00,2604.65,2646.49,2603.92,2634.81
2025-07-09 12:45:00+07:00,2634.85,2636.69,2623.57,2626.88
2025-07-09 13:00:00+07:00,2626.94,2628.32,2616.68,2620.34
2025-07-09 13:15:00+07:00,2620.19,2628.84,2619.0,2625.56
2025-07-09 13:30:00+07:00,2625.53,2628.62,2622.58,2623.34
2025-07-09 13:45:00+07:00,2623.33,2632.37,2623.06,2630.44
2025-07-09 14:00:00+07:00,2630.29,2633.49,2624.14,2624.2
2025-07-09 14:15:00+07:00,2624.18,2629.69,2624.12,2627.69
2025-07-09 14:30:00+07:00,2627.69,2629.25,2620.38,2620.71
2025-07-09 14:45:00+07:00,2620.72,2624.72,2620.72,2624.06
2025-07-09 15:00:00+07:00,2624.0,2625.36,2621.03,2623.16
2025-07-09 15:15:00+07:00,2623.21,2623.91,2616.07,2621.56
2025-07-09 15:30:00+07:00,2621.57,2623.32,2620.18,2620.23
2025-07-09 15:45:00+07:00,2620.17,2620.17,2609.53,2610.89
2025-07-09 16:00:00+07:00,2610.9,2613.95,2603.54,2605.59
2025-07-09 16:15:00+07:00,2605.6,2611.52,2605.19,2610.15
2025-07-09 16:30:00+07:00,2610.15,2611.76,2606.83,2611.63
2025-07-09 16:45:00+07:00,2611.66,2612.83,2609.94,2609.94
2025-07-09 17:00:00+07:00,2609.97,2612.49,2605.19,2611.9
2025-07-09 17:15:00+07:00,2611.95,2613.99,2610.16,2612.46
2025-07-09 17:30:00+07:00,2612.5,2620.52,2612.1,2618.97
2025-07-09 17:45:00+07:00,2618.93,2618.93,2613.46,2617.04
2025-07-09 18:00:00+07:00,2617.07,2624.24,2616.82,2623.8
2025-07-09 18:15:00+07:00,2623.81,2624.15,2620.04,2622.14
2025-07-09 18:30:00+07:00,2622.27,2626.55,2615.29,2620.26
2025-07-09 18:45:00+07:00,2620.26,2629.18,2620.18,2624.99
2025-07-09 19:00:00+07:00,2625.0,2651.12,2622.6,2650.71
2025-07-09 19:15:00+07:00,2651.77,2663.88,2647.32,2661.92
2025-07-09 19:30:00+07:00,2661.94,2663.83,2654.93,2660.38
2025-07-09 19:45:00+07:00,2660.47,2665.45,2656.71,2658.82
2025-07-09 20:00:00+07:00,2658.86,2668.21,2658.05,2663.86
2025-07-09 20:15:00+07:00,2663.88,2664.2,2658.28,2661.98
2025-07-09 20:30:00+07:00,2662.0,2666.18,2655.46,2662.95
2025-07-09 20:45:00+07:00,2662.98,2674.06,2651.93,2653.54
2025-07-09 21:00:00+07:00,2653.51,2658.19,2646.8,2657.17
2025-07-09 21:15:00+07:00,2657.16,2668.65,2648.83,2648.83
2025-07-09 21:30:00+07:00,2648.67,2648.9,2632.28,2638.49
2025-07-09 21:45:00+07:00,2638.49,2646.01,2628.22,2640.86
2025-07-09 22:00:00+07:00,2640.88,2652.72,2639.78,2641.99
2025-07-09 22:15:00+07:00,2642.02,2653.18,2641.99,2649.78
2025-07-09 22:30:00+07:00,2649.83,2654.16,2644.79,2648.23
2025-07-09 22:45:00+07:00,2648.04,2656.94,2648.02,2655.39
2025-07-09 23:00:00+07:00,2655.45,2658.99,2652.02,2653.2
2025-07-09 23:15:00+07:00,2653.14,2662.77,2650.84,2659.97
2025-07-09 23:30:00+07:00,2660.07,2664.57,2657.55,2659.0
2025-07-09 23:45:00+07:00,2659.02,2667.82,2658.68,2665.07
2025-07-10 00:00:00+07:00,2665.06,2667.38,2661.44,2663.46
2025-07-10 00:15:00+07:00,2663.45,2664.43,2655.35,2660.12
2025-07-10 00:30:00+07:00,2660.12,2661.45,2651.95,2656.93
2025-07-10 00:45:00+07:00,2656.91,2661.54,2653.8,2660.79
2025-07-10 01:00:00+07:00,2660.61,2719.92,2660.06,2712.86
2025-07-10 01:15:00+07:00,2712.87,2722.53,2705.51,2717.65
2025-07-10 01:30:00+07:00,2717.61,2719.85,2708.52,2709.77
2025-07-10 01:45:00+07:00,2709.72,2717.78,2707.46,2716.84
2025-07-10 02:00:00+07:00,2716.89,2724.07,2715.28,2721.85
2025-07-10 02:15:00+07:00,2721.4,2743.75,2720.41,2741.17
2025-07-10 02:30:00+07:00,2741.08,2763.48,2734.95,2761.47
2025-07-10 02:45:00+07:00,2761.7,2794.53,2750.65,2763.84
2025-07-10 03:00:00+07:00,2763.83,2765.44,2743.26,2748.89
2025-07-10 03:15:00+07:00,2748.74,2757.69,2737.57,2744.74
2025-07-10 03:30:00+07:00,2744.7,2745.02,2730.58,2737.62
2025-07-10 03:45:00+07:00,2737.81,2741.77,2733.04,2736.99
2025-07-10 04:00:00+07:00,2736.97,2745.28,2734.51,2743.7
2025-07-10 04:15:00+07:00,2743.68,2753.1,2741.17,2750.32
2025-07-10 04:30:00+07:00,2750.37,2752.61,2741.42,2752.46
2025-07-10 04:45:00+07:00,2752.97,2757.78,2747.82,2752.54
2025-07-10 05:00:00+07:00,2752.55,2779.92,2752.54,2775.5
2025-07-10 05:15:00+07:00,2775.46,2775.51,2761.91,2764.33
2025-07-10 05:30:00+07:00,2764.42,2772.89,2762.21,2767.8
2025-07-10 05:45:00+07:00,2767.97,2782.23,2761.77,2778.96
2025-07-10 06:00:00+07:00,2778.89,2778.89,2771.27,2771.27
2025-07-10 06:15:00+07:00,2771.2,2781.85,2770.78,2775.78
2025-07-10 06:30:00+07:00,2775.9,2778.82,2772.65,2774.51
2025-07-10 06:45:00+07:00,2774.5,2776.59,2765.73,2767.63
2025-07-10 07:00:00+07:00,2767.63,2772.4,2764.89,2767.92
2025-07-10 07:15:00+07:00,2767.68,2771.45,2763.22,2765.62
2025-07-10 07:30:00+07:00,2765.66,2769.49,2756.19,2761.99
2025-07-10 07:45:00+07:00,2761.96,2765.69,2755.97,2756.04
2025-07-10 08:00:00+07:00,2755.64,2766.27,2754.25,2765.33
2025-07-10 08:15:00+07:00,2765.33,2773.53,2763.15,2769.19
2025-07-10 08:30:00+07:00,2769.24,2773.26,2766.56,2771.97
2025-07-10 08:45:00+07:00,2771.94,2777.33,2769.47,2773.32
2025-07-10 09:00:00+07:00,2773.31,2788.39,2772.5,2785.38
2025-07-10 09:15:00+07:00,2785.36,2797.19,2780.37,2783.5
2025-07-10 09:30:00+07:00,2783.36,2788.23,2774.74,2777.82
2025-07-10 09:45:00+07:00,2777.81,2783.72,2775.85,2782.19
2025-07-10 10:00:00+07:00,2782.18,2789.6,2781.34,2781.34
2025-07-10 10:15:00+07:00,2781.36,2785.55,2774.81,2776.79
2025-07-10 10:30:00+07:00,2776.8,2777.84,2769.43,2772.07
2025-07-10 10:45:00+07:00,2772.07,2775.43,2769.64,2774.86
2025-07-10 11:00:00+07:00,2774.67,2774.67,2764.59,2765.25
2025-07-10 11:15:00+07:00,2765.37,2771.58,2764.68,2770.3
2025-07-10 11:30:00+07:00,2770.33,2778.06,2770.33,2777.09
2025-07-10 11:45:00+07:00,2777.14,2778.73,2774.78,2777.51
2025-07-10 12:00:00+07:00,2777.53,2780.59,2773.37,2773.61
2025-07-10 12:15:00+07:00,2773.59,2780.78,2771.3,2778.07
2025-07-10 12:30:00+07:00,2778.31,2778.93,2774.36,2774.36
2025-07-10 12:45:00+07:00,2774.36,2784.01,2772.49,2780.29
2025-07-10 13:00:00+07:00,2780.38,2789.54,2778.45,2784.69
2025-07-10 13:15:00+07:00,2784.72,2790.6,2782.48,2788.22
2025-07-10 13:30:00+07:00,2788.19,2799.06,2785.34,2785.94
2025-07-10 13:45:00+07:00,2785.94,2795.87,2785.83,2794.08
2025-07-10 14:00:00+07:00,2793.94,2818.33,2791.59,2816.27
2025-07-10 14:15:00+07:00,2816.39,2822.13,2802.52,2808.33
2025-07-10 14:30:00+07:00,2808.3,2814.57,2789.08,2794.4
2025-07-10 14:45:00+07:00,2794.37,2794.37,2785.84,2789.67
2025-07-10 15:00:00+07:00,2789.66,2790.01,2782.46,2783.85
2025-07-10 15:15:00+07:00,2783.87,2793.31,2783.87,2788.6
2025-07-10 15:30:00+07:00,2788.73,2795.98,2787.4,2791.57
2025-07-10 15:45:00+07:00,2791.54,2791.54,2784.93,2787.45
2025-07-10 16:00:00+07:00,2787.4,2789.08,2778.94,2781.75
2025-07-10 16:15:00+07:00,2781.74,2785.5,2778.87,2782.56
2025-07-10 16:30:00+07:00,2782.76,2783.49,2777.07,2777.1
2025-07-10 16:45:00+07:00,2777.1,2779.74,2773.83,2777.51
2025-07-10 17:00:00+07:00,2777.5,2780.18,2771.32,2772.42
2025-07-10 17:15:00+07:00,2772.67,2776.39,2772.67,2774.59
2025-07-10 17:30:00+07:00,2774.54,2783.76,2774.54,2779.48
2025-07-10 17:45:00+07:00,2779.85,2785.92,2777.32,2784.01
2025-07-10 18:00:00+07:00,2783.91,2783.91,2778.07,2781.32
2025-07-10 18:15:00+07:00,2781.25,2782.67,2777.02,2779.17
2025-07-10 18:30:00+07:00,2779.16,2779.16,2773.77,2775.14
2025-07-10 18:45:00+07:00,2775.27,2778.28,2771.96,2777.63
2025-07-10 19:00:00+07:00,2777.63,2777.63,2767.12,2767.96
2025-07-10 19:15:00+07:00,2767.96,2776.12,2766.42,2774.02
2025-07-10 19:30:00+07:00,2774.19,2777.77,2772.51,2773.26
2025-07-10 19:45:00+07:00,2773.13,2779.14,2770.54,2777.31
2025-07-10 20:00:00+07:00,2777.33,2785.21,2775.79,2783.03
2025-07-10 20:15:00+07:00,2783.03,2789.02,2781.45,2787.58
2025-07-10 20:30:00+07:00,2787.55,2789.12,2771.21,2781.66
2025-07-10 20:45:00+07:00,2782.28,2794.01,2771.08,2783.19
2025-07-10 21:00:00+07:00,2783.29,2784.21,2771.55,2781.83
2025-07-10 21:15:00+07:00,2781.99,2791.29,2757.29,2763.15
2025-07-10 21:30:00+07:00,2763.22,2775.66,2761.87,2770.15
2025-07-10 21:45:00+07:00,2770.09,2777.49,2766.25,2775.35
2025-07-10 22:00:00+07:00,2775.38,2775.93,2760.37,2763.55
2025-07-10 22:15:00+07:00,2763.57,2774.99,2763.44,2772.39
2025-07-10 22:30:00+07:00,2772.33,2774.36,2757.79,2764.06
2025-07-10 22:45:00+07:00,2764.14,2769.58,2762.62,2768.32
2025-07-10 23:00:00+07:00,2768.4,2779.86,2767.54,2776.85
2025-07-10 23:15:00+07:00,2776.66,2809.77,2772.61,2804.84
2025-07-10 23:30:00+07:00,2804.97,2811.92,2793.11,2804.57
2025-07-10 23:45:00+07:00,2804.68,2810.63,2799.0,2807.02
2025-07-11 00:00:00+07:00,2807.11,2829.16,2800.41,2818.14
2025-07-11 00:15:00+07:00,2818.34,2818.45,2803.83,2814.38
2025-07-11 00:30:00+07:00,2814.43,2822.21,2812.53,2817.12
2025-07-11 00:45:00+07:00,2817.15,2833.8,2808.92,2828.77
2025-07-11 01:00:00+07:00,2828.89,2839.45,2817.91,2818.51
2025-07-11 01:15:00+07:00,2818.55,2826.09,2805.12,2808.96
2025-07-11 01:30:00+07:00,2809.03,2812.48,2794.14,2800.17
2025-07-11 01:45:00+07:00,2800.19,2811.8,2795.17,2809.97
2025-07-11 02:00:00+07:00,2809.92,2820.58,2808.66,2818.37
2025-07-11 02:15:00+07:00,2818.49,2820.53,2808.88,2812.27
2025-07-11 02:30:00+07:00,2812.27,2814.41,2805.14,2812.92
2025-07-11 02:45:00+07:00,2813.03,2818.63,2806.29,2814.79
2025-07-11 03:00:00+07:00,2814.55,2823.2,2811.64,2817.33
2025-07-11 03:15:00+07:00,2817.15,2822.86,2813.43,2822.57
2025-07-11 03:30:00+07:00,2822.75,2825.24,2818.5,2823.18
2025-07-11 03:45:00+07:00,2823.21,2823.39,2814.81,2817.19
2025-07-11 04:00:00+07:00,2817.06,2824.38,2815.72,2822.58
2025-07-11 04:15:00+07:00,2822.57,2929.99,2819.88,2905.3
2025-07-11 04:30:00+07:00,2905.35,2985.67,2893.79,2957.52
2025-07-11 04:45:00+07:00,2957.63,3006.49,2934.74,2974.41
2025-07-11 05:00:00+07:00,2971.4,2975.68,2953.07,2959.81
2025-07-11 05:15:00+07:00,2959.81,2978.16,2951.96,2955.24
2025-07-11 05:30:00+07:00,2955.24,2966.47,2952.35,2963.15
2025-07-11 05:45:00+07:00,2963.46,2976.24,2961.98,2973.02
2025-07-11 06:00:00+07:00,2973.14,2973.93,2960.28,2967.21
2025-07-11 06:15:00+07:00,2967.23,2967.5,2945.83,2947.95
2025-07-11 06:30:00+07:00,2947.95,2951.0,2934.47,2943.53
2025-07-11 06:45:00+07:00,2943.51,2955.78,2939.48,2950.55
2025-07-11 07:00:00+07:00,2950.56,2957.29,2943.1,2943.24
2025-07-11 07:15:00+07:00,2943.36,2944.49,2913.55,2922.89
2025-07-11 07:30:00+07:00,2922.22,2934.56,2916.72,2926.06
2025-07-11 07:45:00+07:00,2926.1,2942.34,2924.06,2936.57
2025-07-11 08:00:00+07:00,2936.6,2941.39,2932.68,2941.03
2025-07-11 08:15:00+07:00,2940.93,2950.82,2938.39,2948.55
2025-07-11 08:30:00+07:00,2948.56,2950.78,2944.76,2948.27
2025-07-11 08:45:00+07:00,2948.41,2956.18,2944.46,2953.73
2025-07-11 09:00:00+07:00,2953.72,2965.53,2950.99,2957.37
2025-07-11 09:15:00+07:00,2957.48,2964.24,2953.47,2957.08
2025-07-11 09:30:00+07:00,2957.0,2966.5,2953.98,2958.97
2025-07-11 09:45:00+07:00,2958.85,2967.7,2957.01,2964.17
2025-07-11 10:00:00+07:00,2964.13,2966.86,2960.8,2965.03
2025-07-11 10:15:00+07:00,2965.02,2973.84,2962.78,2971.26
2025-07-11 10:30:00+07:00,2971.19,2971.76,2956.08,2965.75
2025-07-11 10:45:00+07:00,2965.91,2973.26,2963.98,2968.42
2025-07-11 11:00:00+07:00,2968.42,2969.06,2961.01,2962.22
2025-07-11 11:15:00+07:00,2962.2,2965.26,2960.14,2962.91
2025-07-11 11:30:00+07:00,2962.89,2962.9,2945.6,2959.55
2025-07-11 11:45:00+07:00,2959.54,2970.28,2957.93,2969.23
2025-07-11 12:00:00+07:00,2969.29,2994.93,2966.51,2987.71
2025-07-11 12:15:00+07:00,2987.77,2997.99,2986.07,2993.32
2025-07-11 12:30:00+07:00,2993.34,3021.1,2985.6,3009.41
2025-07-11 12:45:00+07:00,3009.17,3028.59,2998.44,3003.91
2025-07-11 13:00:00+07:00,3003.98,3020.79,3002.09,3011.26
2025-07-11 13:15:00+07:00,3011.15,3025.63,3008.4,3015.96
2025-07-11 13:30:00+07:00,3015.87,3016.81,3001.84,3005.99
2025-07-11 13:45:00+07:00,3005.8,3009.56,2984.8,2988.51
2025-07-11 14:00:00+07:00,2988.31,2988.94,2978.45,2979.46
2025-07-11 14:15:00+07:00,2979.23,3001.85,2979.06,2998.23
2025-07-11 14:30:00+07:00,2998.2,3000.24,2990.93,2999.71
2025-07-11 14:45:00+07:00,2999.68,3002.34,2966.48,2968.09
2025-07-11 15:00:00+07:00,2968.06,2979.89,2963.28,2977.04
2025-07-11 15:15:00+07:00,2977.14,2984.01,2975.87,2983.45
2025-07-11 15:30:00+07:00,2983.5,3007.81,2978.53,3005.99
2025-07-11 15:45:00+07:00,3005.75,3007.4,2997.23,3003.03
2025-07-11 16:00:00+07:00,3002.98,3006.91,2995.61,3005.37
2025-07-11 16:15:00+07:00,3005.73,3018.92,3004.34,3015.25
2025-07-11 16:30:00+07:00,3015.31,3040.08,3011.12,3023.35
2025-07-11 16:45:00+07:00,3023.29,3030.15,3007.86,3014.71
2025-07-11 17:00:00+07:00,3014.76,3014.82,2992.18,2998.1
2025-07-11 17:15:00+07:00,2998.25,3012.71,2997.96,3010.9
2025-07-11 17:30:00+07:00,3010.97,3011.8,3001.61,3005.67
2025-07-11 17:45:00+07:00,3005.66,3008.12,2996.2,3003.15
2025-07-11 18:00:00+07:00,3003.25,3005.93,2985.02,2988.62
2025-07-11 18:15:00+07:00,2988.61,2994.63,2980.89,2985.92
2025-07-11 18:30:00+07:00,2985.99,2990.67,2983.51,2984.65
2025-07-11 18:45:00+07:00,2984.6,2985.65,2968.79,2983.7
2025-07-11 19:00:00+07:00,2983.65,2992.81,2982.99,2991.9
2025-07-11 19:15:00+07:00,2991.84,2991.84,2971.28,2972.39
2025-07-11 19:30:00+07:00,2972.4,2982.2,2969.6,2976.06
2025-07-11 19:45:00+07:00,2976.48,2988.71,2975.45,2985.94
2025-07-11 20:00:00+07:00,2985.96,3000.33,2983.33,2993.52
2025-07-11 20:15:00+07:00,2993.53,3001.88,2984.51,2996.16
2025-07-11 20:30:00+07:00,2996.2,3000.12,2974.67,2985.43
2025-07-11 20:45:00+07:00,2985.26,3009.15,2980.8,3002.15
2025-07-11 21:00:00+07:00,3002.2,3006.17,2985.79,2993.59
2025-07-11 21:15:00+07:00,2993.54,3002.31,2990.67,2995.36
2025-07-11 21:30:00+07:00,2995.25,3005.35,2992.74,3000.29
2025-07-11 21:45:00+07:00,3000.26,3002.6,2980.25,2988.28
2025-07-11 22:00:00+07:00,2988.26,2993.16,2966.21,2971.78
2025-07-11 22:15:00+07:00,2971.72,2987.95,2970.75,2983.89
2025-07-11 22:30:00+07:00,2983.89,2996.24,2975.49,2984.8
2025-07-11 22:45:00+07:00,2984.74,2986.19,2938.63,2950.81
2025-07-11 23:00:00+07:00,2950.92,2968.61,2935.99,2951.84
2025-07-11 23:15:00+07:00,2951.94,2967.17,2940.89,2967.09
2025-07-11 23:30:00+07:00,2967.13,2971.81,2958.7,2963.29
2025-07-11 23:45:00+07:00,2963.43,2971.05,2954.69,2967.62
2025-07-12 00:00:00+07:00,2967.65,2984.05,2963.89,2979.26
2025-07-12 00:15:00+07:00,2979.25,2999.95,2978.02,2989.46
2025-07-12 00:30:00+07:00,2989.4,2991.71,2976.15,2984.0
2025-07-12 00:45:00+07:00,2984.01,2994.02,2982.53,2992.88
2025-07-12 01:00:00+07:00,2992.88,2994.83,2986.69,2993.47
2025-07-12 01:15:00+07:00,2993.51,2998.86,2982.98,2985.01
2025-07-12 01:30:00+07:00,2985.03,2993.05,2982.9,2990.37
2025-07-12 01:45:00+07:00,2990.4,2995.28,2986.97,2995.06
2025-07-12 02:00:00+07:00,2995.17,2996.18,2977.64,2994.02
2025-07-12 02:15:00+07:00,2994.03,3009.7,2989.8,2990.79
2025-07-12 02:30:00+07:00,2990.78,2999.86,2986.17,2995.55
2025-07-12 02:45:00+07:00,2995.57,3007.54,2994.34,3006.68
2025-07-12 03:00:00+07:00,3006.79,3008.94,2996.8,3001.74
2025-07-12 03:15:00+07:00,3001.72,3004.84,2994.33,2996.52
2025-07-12 03:30:00+07:00,2996.63,2996.86,2979.62,2981.26
2025-07-12 03:45:00+07:00,2981.27,2988.08,2972.25,2973.59
2025-07-12 04:00:00+07:00,2973.66,2984.87,2967.71,2982.94
2025-07-12 04:15:00+07:00,2982.92,2995.43,2980.53,2995.4
2025-07-12 04:30:00+07:00,2995.42,2995.65,2956.37,2958.36
2025-07-12 04:45:00+07:00,2958.32,2971.95,2956.25,2964.98
2025-07-12 05:00:00+07:00,2964.94,2970.22,2953.57,2954.78
2025-07-12 05:15:00+07:00,2954.96,2958.34,2921.92,2930.28
2025-07-12 05:30:00+07:00,2930.25,2954.77,2924.84,2940.77
2025-07-12 05:45:00+07:00,2941.1,2951.39,2939.83,2949.47
2025-07-12 06:00:00+07:00,2949.46,2959.87,2947.55,2957.96
2025-07-12 06:15:00+07:00,2957.99,2959.91,2950.99,2957.25
2025-07-12 06:30:00+07:00,2957.19,2958.29,2950.59,2956.39
2025-07-12 06:45:00+07:00,2956.45,2958.62,2952.14,2957.43
2025-07-12 07:00:00+07:00,2957.03,2966.24,2950.59,2955.83
2025-07-12 07:15:00+07:00,2955.83,2956.55,2944.63,2953.28
2025-07-12 07:30:00+07:00,2953.4,2953.4,2932.63,2938.34
2025-07-12 07:45:00+07:00,2938.27,2951.92,2937.35,2951.75
2025-07-12 08:00:00+07:00,2951.99,2963.83,2951.78,2963.83
2025-07-12 08:15:00+07:00,2963.85,2965.52,2958.53,2963.86
2025-07-12 08:30:00+07:00,2963.9,2965.8,2956.59,2959.27
2025-07-12 08:45:00+07:00,2959.27,2964.38,2957.25,2957.8
2025-07-12 09:00:00+07:00,2957.8,2964.37,2956.87,2963.85
2025-07-12 09:15:00+07:00,2963.72,2967.38,2962.5,2966.58
2025-07-12 09:30:00+07:00,2966.61,2970.02,2963.42,2964.46
2025-07-12 09:45:00+07:00,2964.4,2964.94,2953.35,2955.92
2025-07-12 10:00:00+07:00,2955.86,2964.67,2954.34,2963.62
2025-07-12 10:15:00+07:00,2963.64,2967.82,2963.08,2966.46
2025-07-12 10:30:00+07:00,2966.33,2967.04,2961.3,2962.21
2025-07-12 10:45:00+07:00,2962.23,2965.43,2958.14,2965.26
2025-07-12 11:00:00+07:00,2965.41,2967.96,2961.52,2965.52
2025-07-12 11:15:00+07:00,2965.72,2966.6,2959.18,2966.6
2025-07-12 11:30:00+07:00,2966.58,2966.8,2957.34,2959.7
2025-07-12 11:45:00+07:00,2959.63,2960.18,2940.47,2950.44
2025-07-12 12:00:00+07:00,2950.49,2953.75,2942.42,2945.83
2025-07-12 12:15:00+07:00,2945.79,2953.32,2943.74,2951.42
2025-07-12 12:30:00+07:00,2951.32,2955.62,2949.56,2951.35
2025-07-12 12:45:00+07:00,2951.32,2956.81,2951.32,2951.97
2025-07-12 13:00:00+07:00,2951.95,2955.04,2944.24,2945.52
2025-07-12 13:15:00+07:00,2945.55,2955.73,2945.53,2954.52
2025-07-12 13:30:00+07:00,2954.48,2962.03,2952.28,2961.68
2025-07-12 13:45:00+07:00,2961.74,2962.2,2956.88,2958.34
2025-07-12 14:00:00+07:00,2958.35,2973.74,2958.16,2968.53
2025-07-12 14:15:00+07:00,2968.51,2977.15,2965.95,2970.07
2025-07-12 14:30:00+07:00,2970.14,2970.27,2960.58,2963.35
2025-07-12 14:45:00+07:00,2963.5,2964.96,2960.4,2961.92
2025-07-12 15:00:00+07:00,2961.92,2967.85,2961.58,2964.27
2025-07-12 15:15:00+07:00,2963.66,2969.28,2963.66,2967.19
2025-07-12 15:30:00+07:00,2967.16,2967.58,2961.43,2964.69
2025-07-12 15:45:00+07:00,2964.67,2967.31,2956.39,2965.93
2025-07-12 16:00:00+07:00,2965.91,2966.56,2961.01,2965.37
2025-07-12 16:15:00+07:00,2965.38,2970.2,2965.37,2968.02
2025-07-12 16:30:00+07:00,2968.05,2975.86,2967.0,2975.38
2025-07-12 16:45:00+07:00,2975.31,2975.57,2969.96,2973.14
2025-07-12 17:00:00+07:00,2972.84,2972.84,2966.29,2970.19
2025-07-12 17:15:00+07:00,2970.21,2976.55,2970.13,2974.71
2025-07-12 17:30:00+07:00,2974.93,2978.6,2974.53,2977.41
2025-07-12 17:45:00+07:00,2977.45,2978.61,2971.39,2974.84
2025-07-12 18:00:00+07:00,2974.74,2976.12,2969.44,2971.05
2025-07-12 18:15:00+07:00,2971.05,2975.42,2967.32,2973.93
2025-07-12 18:30:00+07:00,2973.93,2978.67,2960.98,2963.86
2025-07-12 18:45:00+07:00,2963.94,2968.01,2960.14,2962.59
2025-07-12 19:00:00+07:00,2962.57,2966.68,2954.83,2957.28
2025-07-12 19:15:00+07:00,2957.22,2957.24,2946.47,2948.35
2025-07-12 19:30:00+07:00,2948.35,2952.54,2928.89,2933.03
2025-07-12 19:45:00+07:00,2932.93,2942.87,2916.22,2942.5
2025-07-12 20:00:00+07:00,2942.41,2942.41,2933.36,2938.69
2025-07-12 20:15:00+07:00,2938.65,2938.65,2924.88,2926.67
2025-07-12 20:30:00+07:00,2926.85,2937.33,2916.8,2928.91
2025-07-12 20:45:00+07:00,2928.79,2939.33,2924.66,2939.15
2025-07-12 21:00:00+07:00,2939.16,2948.72,2932.64,2945.64
2025-07-12 21:15:00+07:00,2945.64,2947.74,2940.98,2945.97
2025-07-12 21:30:00+07:00,2945.95,2945.95,2930.12,2935.17
2025-07-12 21:45:00+07:00,2935.19,2935.58,2922.53,2927.3
2025-07-12 22:00:00+07:00,2927.3,2929.81,2916.76,2927.46
2025-07-12 22:15:00+07:00,2927.48,2930.38,2915.52,2924.85
2025-07-12 22:30:00+07:00,2924.87,2929.64,2903.09,2907.42
2025-07-12 22:45:00+07:00,2907.6,2915.49,2903.2,2915.14
2025-07-12 23:00:00+07:00,2915.11,2925.96,2909.7,2925.23
2025-07-12 23:15:00+07:00,2925.18,2932.77,2923.53,2927.9
2025-07-12 23:30:00+07:00,2927.92,2933.7,2926.41,2931.27
2025-07-12 23:45:00+07:00,2931.41,2934.59,2921.71,2923.59
2025-07-13 00:00:00+07:00,2923.6,2932.49,2920.12,2930.02
2025-07-13 00:15:00+07:00,2929.95,2941.62,2929.95,2939.07
2025-07-13 00:30:00+07:00,2939.46,2941.51,2935.0,2937.55
2025-07-13 00:45:00+07:00,2937.69,2942.37,2935.07,2939.95
2025-07-13 01:00:00+07:00,2939.92,2940.96,2937.08,2939.64
2025-07-13 01:15:00+07:00,2939.6,2940.52,2934.18,2937.27
2025-07-13 01:30:00+07:00,2937.31,2941.93,2937.31,2938.78
2025-07-13 01:45:00+07:00,2938.78,2943.78,2936.6,2941.35
2025-07-13 02:00:00+07:00,2941.36,2944.89,2940.67,2942.67
2025-07-13 02:15:00+07:00,2942.65,2942.99,2933.15,2934.25
2025-07-13 02:30:00+07:00,2934.24,2941.46,2934.09,2939.99
2025-07-13 02:45:00+07:00,2939.99,2942.07,2936.58,2939.56
2025-07-13 03:00:00+07:00,2939.67,2941.28,2931.85,2933.22
2025-07-13 03:15:00+07:00,2933.28,2936.12,2927.56,2932.76
2025-07-13 03:30:00+07:00,2932.76,2933.05,2922.88,2927.51
2025-07-13 03:45:00+07:00,2927.51,2927.51,2915.51,2915.59
2025-07-13 04:00:00+07:00,2915.61,2926.62,2913.54,2922.86
2025-07-13 04:15:00+07:00,2922.93,2934.74,2922.39,2932.03
2025-07-13 04:30:00+07:00,2932.04,2938.31,2928.6,2937.87
2025-07-13 04:45:00+07:00,2937.92,2938.18,2933.85,2938.03
2025-07-13 05:00:00+07:00,2938.03,2939.93,2930.87,2933.2
2025-07-13 05:15:00+07:00,2933.23,2936.11,2923.92,2935.84
2025-07-13 05:30:00+07:00,2935.43,2938.23,2933.54,2935.45
2025-07-13 05:45:00+07:00,2935.47,2937.13,2929.66,2936.48
2025-07-13 06:00:00+07:00,2936.46,2938.76,2929.1,2931.92
2025-07-13 06:15:00+07:00,2931.93,2938.69,2931.93,2936.15
2025-07-13 06:30:00+07:00,2936.15,2938.23,2932.58,2933.29
2025-07-13 06:45:00+07:00,2933.27,2946.85,2932.84,2941.97
2025-07-13 07:00:00+07:00,2942.03,2943.28,2934.96,2940.08
2025-07-13 07:15:00+07:00,2940.05,2946.54,2937.46,2945.26
2025-07-13 07:30:00+07:00,2945.23,2949.06,2939.03,2947.55
2025-07-13 07:45:00+07:00,2947.35,2948.61,2942.31,2943.47
2025-07-13 08:00:00+07:00,2943.44,2947.29,2942.07,2943.84
2025-07-13 08:15:00+07:00,2943.85,2945.59,2937.94,2944.19
2025-07-13 08:30:00+07:00,2944.2,2946.93,2940.51,2946.06
2025-07-13 08:45:00+07:00,2946.07,2951.99,2945.45,2948.38
2025-07-13 09:00:00+07:00,2948.32,2948.51,2944.03,2945.04
2025-07-13 09:15:00+07:00,2944.97,2945.09,2938.65,2940.11
2025-07-13 09:30:00+07:00,2940.09,2946.43,2937.31,2945.74
2025-07-13 09:45:00+07:00,2945.75,2959.8,2945.04,2952.71
2025-07-13 10:00:00+07:00,2952.79,2954.15,2947.17,2947.3
2025-07-13 10:15:00+07:00,2947.31,2955.65,2947.31,2954.25
2025-07-13 10:30:00+07:00,2954.38,2957.49,2953.24,2953.27
2025-07-13 10:45:00+07:00,2953.19,2955.97,2951.15,2953.6
2025-07-13 11:00:00+07:00,2953.85,2954.69,2950.13,2952.98
2025-07-13 11:15:00+07:00,2952.96,2955.97,2950.86,2951.48
2025-07-13 11:30:00+07:00,2951.49,2955.5,2950.52,2953.32
2025-07-13 11:45:00+07:00,2953.32,2958.01,2953.32,2957.26
2025-07-13 12:00:00+07:00,2957.28,2961.88,2954.86,2957.7
2025-07-13 12:15:00+07:00,2957.7,2957.7,2952.95,2954.4
2025-07-13 12:30:00+07:00,2954.37,2957.98,2952.41,2952.42
2025-07-13 12:45:00+07:00,2952.44,2952.71,2948.35,2949.52
2025-07-13 13:00:00+07:00,2949.34,2953.01,2948.3,2952.33
2025-07-13 13:15:00+07:00,2952.33,2955.99,2951.9,2953.58
2025-07-13 13:30:00+07:00,2953.6,2966.41,2953.45,2960.74
2025-07-13 13:45:00+07:00,2960.71,2961.23,2957.14,2958.27
2025-07-13 14:00:00+07:00,2958.39,2959.8,2954.9,2958.06
2025-07-13 14:15:00+07:00,2958.07,2960.33,2957.18,2958.63
2025-07-13 14:30:00+07:00,2958.49,2964.54,2958.47,2961.78
2025-07-13 14:45:00+07:00,2961.72,2962.47,2958.39,2961.43
2025-07-13 15:00:00+07:00,2961.43,2963.07,2955.54,2959.33
2025-07-13 15:15:00+07:00,2959.35,2959.56,2955.13,2957.45
2025-07-13 15:30:00+07:00,2957.47,2958.04,2954.1,2954.45
2025-07-13 15:45:00+07:00,2954.47,2955.04,2950.37,2954.7
2025-07-13 16:00:00+07:00,2954.76,2956.47,2951.27,2951.31
2025-07-13 16:15:00+07:00,2951.28,2951.34,2948.72,2950.41
2025-07-13 16:30:00+07:00,2950.34,2950.34,2944.29,2947.28
2025-07-13 16:45:00+07:00,2947.24,2948.5,2943.19,2948.5
2025-07-13 17:00:00+07:00,2948.5,2954.77,2948.48,2954.14
2025-07-13 17:15:00+07:00,2954.09,2956.32,2951.35,2953.1
2025-07-13 17:30:00+07:00,2953.11,2953.46,2948.09,2949.7
2025-07-13 17:45:00+07:00,2949.7,2949.77,2944.26,2947.68
2025-07-13 18:00:00+07:00,2947.71,2961.64,2947.71,2959.78
2025-07-13 18:15:00+07:00,2959.78,2964.9,2954.99,2962.6
2025-07-13 18:30:00+07:00,2962.59,2962.98,2960.13,2961.65
2025-07-13 18:45:00+07:00,2961.61,2964.5,2958.39,2963.76
2025-07-13 19:00:00+07:00,2963.59,2966.09,2957.84,2960.66
2025-07-13 19:15:00+07:00,2960.64,2966.82,2958.45,2964.06
2025-07-13 19:30:00+07:00,2963.98,2972.89,2962.3,2972.71
2025-07-13 19:45:00+07:00,2972.68,2992.78,2969.21,2985.13
2025-07-13 20:00:00+07:00,2985.04,2989.63,2972.27,2973.69
2025-07-13 20:15:00+07:00,2973.59,2982.02,2973.59,2978.1
2025-07-13 20:30:00+07:00,2978.11,2988.36,2978.11,2984.79
2025-07-13 20:45:00+07:00,2984.75,2994.39,2982.37,2988.32
2025-07-13 21:00:00+07:00,2988.33,2995.53,2982.56,2994.29
2025-07-13 21:15:00+07:00,2994.3,3019.56,2993.03,3006.16
2025-07-13 21:30:00+07:00,3005.56,3005.67,2986.04,2988.7
2025-07-13 21:45:00+07:00,2988.58,2995.69,2976.01,2986.55
2025-07-13 22:00:00+07:00,2986.56,3001.7,2983.49,2999.33
2025-07-13 22:15:00+07:00,2999.65,3004.29,2990.68,2997.94
2025-07-13 22:30:00+07:00,2997.93,2997.93,2982.82,2990.02
2025-07-13 22:45:00+07:00,2989.44,2994.81,2985.62,2991.16
2025-07-13 23:00:00+07:00,2991.19,2997.26,2986.39,2987.59
2025-07-13 23:15:00+07:00,2987.65,2998.7,2985.84,2989.97
2025-07-13 23:30:00+07:00,2990.34,2991.8,2984.32,2989.31
2025-07-13 23:45:00+07:00,2989.27,2989.27,2971.23,2973.23
2025-07-14 00:00:00+07:00,2973.17,2980.37,2961.24,2978.78
2025-07-14 00:15:00+07:00,2978.75,2988.08,2977.74,2986.75
2025-07-14 00:30:00+07:00,2986.6,2995.53,2986.6,2992.03
2025-07-14 00:45:00+07:00,2992.07,2995.11,2989.04,2990.76
2025-07-14 01:00:00+07:00,2990.84,2996.66,2985.85,2994.5
2025-07-14 01:15:00+07:00,2994.42,3001.15,2992.7,2996.89
2025-07-14 01:30:00+07:00,2996.93,2999.24,2993.36,2994.32
2025-07-14 01:45:00+07:00,2994.24,2996.13,2989.32,2992.82
2025-07-14 02:00:00+07:00,2992.84,2995.65,2991.14,2994.43
2025-07-14 02:15:00+07:00,2994.44,3004.07,2992.75,3000.82
2025-07-14 02:30:00+07:00,3001.25,3010.06,2992.98,2995.77
2025-07-14 02:45:00+07:00,2995.79,2998.03,2986.76,2988.1
2025-07-14 03:00:00+07:00,2988.07,2989.47,2978.91,2984.11
2025-07-14 03:15:00+07:00,2984.32,2992.46,2983.85,2990.93
2025-07-14 03:30:00+07:00,2990.95,2997.65,2989.41,2990.37
2025-07-14 03:45:00+07:00,2990.32,2994.18,2984.85,2990.75
2025-07-14 04:00:00+07:00,2990.7,2990.7,2981.66,2983.15
2025-07-14 04:15:00+07:00,2983.13,2985.06,2980.76,2981.94
2025-07-14 04:30:00+07:00,2981.94,2983.44,2938.4,2959.18
2025-07-14 04:45:00+07:00,2959.3,2975.33,2957.92,2964.03
2025-07-14 05:00:00+07:00,2963.71,2963.71,2949.69,2955.81
2025-07-14 05:15:00+07:00,2955.92,2963.82,2944.62,2954.86
2025-07-14 05:30:00+07:00,2954.87,2968.42,2954.19,2965.85
2025-07-14 05:45:00+07:00,2965.93,2968.06,2957.41,2957.41
2025-07-14 06:00:00+07:00,2957.4,2965.7,2952.12,2959.74
2025-07-14 06:15:00+07:00,2959.75,2964.57,2958.11,2961.37
2025-07-14 06:30:00+07:00,2961.32,2966.88,2959.53,2963.07
2025-07-14 06:45:00+07:00,2963.02,2978.09,2962.38,2970.71
2025-07-14 07:00:00+07:00,2970.62,2975.73,2966.01,2975.53
2025-07-14 07:15:00+07:00,2975.52,2986.8,2971.69,2978.14
2025-07-14 07:30:00+07:00,2978.06,2986.11,2973.27,2984.53
2025-07-14 07:45:00+07:00,2984.49,2985.09,2973.41,2974.15
2025-07-14 08:00:00+07:00,2974.17,2977.54,2967.25,2968.24
2025-07-14 08:15:00+07:00,2968.19,2972.17,2964.19,2965.12
2025-07-14 08:30:00+07:00,2965.15,2973.74,2961.68,2970.68
2025-07-14 08:45:00+07:00,2970.94,2975.32,2967.39,2973.01
2025-07-14 09:00:00+07:00,2973.0,2983.43,2970.86,2980.81
2025-07-14 09:15:00+07:00,2980.79,3008.42,2979.18,3002.06
2025-07-14 09:30:00+07:00,3002.0,3007.17,2991.15,3004.5
2025-07-14 09:45:00+07:00,3004.4,3015.8,2994.96,2999.7
2025-07-14 10:00:00+07:00,2999.75,3007.59,2995.78,3005.65
2025-07-14 10:15:00+07:00,3005.61,3018.12,3002.42,3015.65
2025-07-14 10:30:00+07:00,3015.69,3052.05,3010.37,3044.66
2025-07-14 10:45:00+07:00,3044.66,3046.64,3031.53,3036.61
2025-07-14 11:00:00+07:00,3036.67,3039.29,3028.59,3036.32
2025-07-14 11:15:00+07:00,3036.4,3051.26,3036.4,3047.77
2025-07-14 11:30:00+07:00,3047.74,3057.28,3040.87,3050.45
2025-07-14 11:45:00+07:00,3050.55,3057.72,3046.46,3052.53
2025-07-14 12:00:00+07:00,3052.59,3053.55,3038.64,3049.96
2025-07-14 12:15:00+07:00,3049.99,3065.79,3039.87,3049.39
2025-07-14 12:30:00+07:00,3049.37,3051.4,3030.99,3034.36
2025-07-14 12:45:00+07:00,3034.01,3040.39,3016.38,3039.8
2025-07-14 13:00:00+07:00,3039.78,3042.55,3024.1,3028.49
2025-07-14 13:15:00+07:00,3028.53,3037.78,3027.77,3035.05
2025-07-14 13:30:00+07:00,3034.99,3034.99,3022.54,3025.64
2025-07-14 13:45:00+07:00,3025.7,3029.4,3019.62,3023.33
2025-07-14 14:00:00+07:00,3023.29,3033.81,3021.6,3031.24
2025-07-14 14:15:00+07:00,3031.14,3034.69,3024.44,3028.37
2025-07-14 14:30:00+07:00,3028.32,3050.83,3028.32,3041.05
2025-07-14 14:45:00+07:00,3041.03,3050.45,3035.93,3043.87
2025-07-14 15:00:00+07:00,3044.32,3045.01,3025.89,3029.55
2025-07-14 15:15:00+07:00,3029.49,3034.61,3022.61,3025.6
2025-07-14 15:30:00+07:00,3025.7,3035.52,3023.45,3033.91
2025-07-14 15:45:00+07:00,3033.9,3041.27,3030.32,3039.35
2025-07-14 16:00:00+07:00,3039.36,3049.93,3035.11,3044.46
2025-07-14 16:15:00+07:00,3044.61,3046.41,3036.99,3040.92
2025-07-14 16:30:00+07:00,3038.63,3074.42,3035.3,3061.51
2025-07-14 16:45:00+07:00,3061.41,3070.25,3043.63,3044.3
2025-07-14 17:00:00+07:00,3044.36,3046.76,3029.06,3035.96
2025-07-14 17:15:00+07:00,3035.92,3061.97,3033.23,3059.79
2025-07-14 17:30:00+07:00,3059.75,3079.04,3056.74,3069.81
2025-07-14 17:45:00+07:00,3069.83,3071.9,3062.64,3066.67
2025-07-14 18:00:00+07:00,3066.59,3083.53,3062.28,3073.77
2025-07-14 18:15:00+07:00,3073.71,3077.55,3055.39,3063.29
2025-07-14 18:30:00+07:00,3063.38,3074.32,3055.82,3073.76
2025-07-14 18:45:00+07:00,3073.8,3075.08,3051.16,3051.65
2025-07-14 19:00:00+07:00,3051.66,3057.85,3048.27,3051.38
2025-07-14 19:15:00+07:00,3051.4,3051.47,3039.2,3045.79
2025-07-14 19:30:00+07:00,3045.93,3046.05,3035.9,3042.63
2025-07-14 19:45:00+07:00,3042.61,3051.68,3034.5,3051.29
2025-07-14 20:00:00+07:00,3051.22,3057.08,3047.72,3054.37
2025-07-14 20:15:00+07:00,3054.37,3055.73,3039.94,3046.21
2025-07-14 20:30:00+07:00,3046.22,3050.61,3030.66,3047.24
2025-07-14 20:45:00+07:00,3047.03,3065.19,3044.28,3055.89
2025-07-14 21:00:00+07:00,3055.93,3068.2,3052.25,3060.27
2025-07-14 21:15:00+07:00,3060.46,3062.91,3034.95,3044.78
2025-07-14 21:30:00+07:00,3044.78,3045.55,3022.0,3031.7
2025-07-14 21:45:00+07:00,3031.74,3034.53,3018.96,3029.2
2025-07-14 22:00:00+07:00,3029.22,3030.73,3013.25,3018.84
2025-07-14 22:15:00+07:00,3018.88,3032.53,3013.94,3031.15
2025-07-14 22:30:00+07:00,3031.2,3032.82,3021.51,3025.69
2025-07-14 22:45:00+07:00,3025.76,3026.0,2993.03,3012.08
2025-07-14 23:00:00+07:00,3011.98,3013.03,3000.24,3003.25
2025-07-14 23:15:00+07:00,3003.35,3025.63,3001.71,3023.53
2025-07-14 23:30:00+07:00,3023.48,3029.87,3014.41,3021.77
2025-07-14 23:45:00+07:00,3021.77,3029.21,3014.77,3025.28
2025-07-15 00:00:00+07:00,3025.3,3025.32,3017.11,3023.53
2025-07-15 00:15:00+07:00,3023.5,3023.5,3007.46,3011.8
2025-07-15 00:30:00+07:00,3011.79,3017.85,3002.9,3006.67
2025-07-15 00:45:00+07:00,3006.73,3011.86,3004.4,3008.72
2025-07-15 01:00:00+07:00,3008.74,3012.28,2992.06,3002.35
2025-07-15 01:15:00+07:00,3002.33,3012.86,3000.89,3007.88
2025-07-15 01:30:00+07:00,3008.0,3012.22,2995.16,3002.64
2025-07-15 01:45:00+07:00,3002.58,3003.74,2982.28,2989.06
2025-07-15 02:00:00+07:00,2989.0,2999.9,2986.0,2992.41
2025-07-15 02:15:00+07:00,2992.45,2997.64,2985.26,2995.69
2025-07-15 02:30:00+07:00,2995.7,3000.37,2993.6,2998.79
2025-07-15 02:45:00+07:00,2998.79,3002.52,2991.29,2999.62
2025-07-15 03:00:00+07:00,2999.66,2999.68,2984.66,2990.29
2025-07-15 03:15:00+07:00,2990.17,3000.86,2980.39,3000.86
2025-07-15 03:30:00+07:00,3000.87,3008.56,2997.78,3007.18
2025-07-15 03:45:00+07:00,3007.18,3010.93,3001.67,3002.99
2025-07-15 04:00:00+07:00,3002.96,3007.13,3000.85,3000.85
2025-07-15 04:15:00+07:00,3000.99,3008.61,2999.16,3005.44
2025-07-15 04:30:00+07:00,3005.43,3015.37,3003.32,3008.13
2025-07-15 04:45:00+07:00,3008.13,3014.35,3005.85,3009.79
2025-07-15 05:00:00+07:00,3009.77,3010.76,3002.25,3007.61
2025-07-15 05:15:00+07:00,3007.64,3012.9,3003.41,3011.7
2025-07-15 05:30:00+07:00,3011.68,3016.02,3009.85,3014.24
2025-07-15 05:45:00+07:00,3015.14,3017.97,3010.93,3012.57
2025-07-15 06:00:00+07:00,3012.53,3013.82,3006.96,3008.87
2025-07-15 06:15:00+07:00,3008.83,3009.15,3003.33,3006.3
2025-07-15 06:30:00+07:00,3006.19,3013.27,3005.11,3009.99
2025-07-15 06:45:00+07:00,3009.94,3014.28,3008.8,3012.55
2025-07-15 07:00:00+07:00,3012.55,3012.74,3004.8,3005.19
2025-07-15 07:15:00+07:00,3005.2,3022.58,3004.14,3017.92
2025-07-15 07:30:00+07:00,3017.92,3017.92,2992.04,2996.03
2025-07-15 07:45:00+07:00,2996.11,3000.23,2987.56,2991.95
2025-07-15 08:00:00+07:00,2991.98,2992.3,2981.43,2984.42
2025-07-15 08:15:00+07:00,2984.37,2990.96,2962.2,2976.68
2025-07-15 08:30:00+07:00,2976.66,2996.1,2973.85,2994.41
2025-07-15 08:45:00+07:00,2994.46,2999.82,2969.37,2975.8
2025-07-15 09:00:00+07:00,2975.78,2986.05,2969.93,2978.47
2025-07-15 09:15:00+07:00,2978.51,2979.58,2952.98,2961.72
2025-07-15 09:30:00+07:00,2961.88,2975.58,2960.89,2974.77
2025-07-15 09:45:00+07:00,2974.82,2978.75,2970.44,2973.54
2025-07-15 10:00:00+07:00,2973.47,2973.47,2931.74,2945.6
2025-07-15 10:15:00+07:00,2945.67,2951.14,2931.74,2948.71
2025-07-15 10:30:00+07:00,2948.63,2954.24,2934.35,2951.81
2025-07-15 10:45:00+07:00,2951.78,2955.6,2942.63,2951.17
2025-07-15 11:00:00+07:00,2951.13,2953.26,2934.08,2952.88
2025-07-15 11:15:00+07:00,2952.91,2966.91,2952.6,2965.0
2025-07-15 11:30:00+07:00,2965.01,2967.93,2951.47,2965.92
2025-07-15 11:45:00+07:00,2965.94,2971.78,2963.24,2967.48
2025-07-15 12:00:00+07:00,2967.55,2972.25,2967.15,2968.38
2025-07-15 12:15:00+07:00,2968.36,2972.54,2962.9,2971.57
2025-07-15 12:30:00+07:00,2971.57,2973.58,2963.38,2965.35
2025-07-15 12:45:00+07:00,2965.26,2974.14,2961.94,2973.78
2025-07-15 13:00:00+07:00,2973.8,2992.77,2971.84,2983.16
2025-07-15 13:15:00+07:00,2983.15,2984.58,2973.42,2977.66
2025-07-15 13:30:00+07:00,2977.67,2980.09,2969.6,2978.06
2025-07-15 13:45:00+07:00,2977.81,2987.18,2974.36,2985.19
2025-07-15 14:00:00+07:00,2985.23,2995.02,2982.54,2984.1
2025-07-15 14:15:00+07:00,2983.96,2991.48,2981.15,2987.91
2025-07-15 14:30:00+07:00,2987.91,2988.49,2977.05,2977.57
2025-07-15 14:45:00+07:00,2977.64,2983.02,2972.28,2976.94
2025-07-15 15:00:00+07:00,2976.97,2978.27,2966.83,2968.41
2025-07-15 15:15:00+07:00,2968.44,2976.37,2958.77,2974.93
2025-07-15 15:30:00+07:00,2974.95,2983.68,2970.78,2980.81
2025-07-15 15:45:00+07:00,2980.83,2983.41,2972.26,2974.11
2025-07-15 16:00:00+07:00,2974.11,2986.87,2973.31,2985.94
2025-07-15 16:15:00+07:00,2985.98,2989.24,2978.63,2980.86
2025-07-15 16:30:00+07:00,2980.72,2983.35,2976.4,2976.67
2025-07-15 16:45:00+07:00,2976.64,2978.46,2969.32,2972.37
2025-07-15 17:00:00+07:00,2972.37,2978.43,2970.39,2972.22
2025-07-15 17:15:00+07:00,2972.17,2979.85,2971.77,2975.87
2025-07-15 17:30:00+07:00,2975.93,2976.1,2966.7,2969.96
2025-07-15 17:45:00+07:00,2969.97,2975.66,2966.95,2974.05
2025-07-15 18:00:00+07:00,2973.89,2981.3,2971.78,2973.69
2025-07-15 18:15:00+07:00,2973.68,2973.68,2961.36,2965.97
2025-07-15 18:30:00+07:00,2966.02,2970.52,2961.83,2969.62
2025-07-15 18:45:00+07:00,2969.83,2982.99,2966.27,2980.89
2025-07-15 19:00:00+07:00,2980.94,2985.13,2977.27,2981.42
2025-07-15 19:15:00+07:00,2981.44,2982.73,2972.3,2980.64
2025-07-15 19:30:00+07:00,2980.69,3014.02,2967.33,2975.88
2025-07-15 19:45:00+07:00,2975.86,3004.38,2975.59,2999.98
2025-07-15 20:00:00+07:00,3000.0,3024.6,2999.35,3020.32
2025-07-15 20:15:00+07:00,3020.33,3034.49,3015.5,3030.7
2025-07-15 20:30:00+07:00,3030.69,3040.99,3019.74,3038.91
2025-07-15 20:45:00+07:00,3039.02,3067.48,3037.8,3051.28
2025-07-15 21:00:00+07:00,3051.4,3064.11,3044.74,3062.43
2025-07-15 21:15:00+07:00,3062.39,3062.9,3042.64,3047.5
2025-07-15 21:30:00+07:00,3047.48,3050.26,3005.7,3015.78
2025-07-15 21:45:00+07:00,3015.88,3019.65,2966.28,2977.37
2025-07-15 22:00:00+07:00,2977.4,2998.7,2966.78,2989.52
2025-07-15 22:15:00+07:00,2989.49,3001.59,2983.59,2997.94
2025-07-15 22:30:00+07:00,2997.96,3033.25,2997.96,3025.15
2025-07-15 22:45:00+07:00,3024.96,3047.13,3024.96,3039.51
2025-07-15 23:00:00+07:00,3039.43,3057.01,3033.57,3047.26
2025-07-15 23:15:00+07:00,3047.2,3053.35,3039.11,3043.13
2025-07-15 23:30:00+07:00,3043.02,3063.73,3042.73,3060.41
2025-07-15 23:45:00+07:00,3060.45,3066.94,3043.36,3048.32
2025-07-16 00:00:00+07:00,3048.3,3055.47,3036.35,3046.61
2025-07-16 00:15:00+07:00,3046.71,3078.89,3041.58,3075.16
2025-07-16 00:30:00+07:00,3075.12,3089.53,3064.62,3088.1
2025-07-16 00:45:00+07:00,3088.05,3098.6,3083.12,3096.93
2025-07-16 01:00:00+07:00,3096.94,3097.57,3080.08,3090.58
2025-07-16 01:15:00+07:00,3090.63,3096.52,3072.8,3078.74
2025-07-16 01:30:00+07:00,3078.97,3081.05,3041.68,3057.95
2025-07-16 01:45:00+07:00,3058.03,3076.67,3057.91,3066.46
2025-07-16 02:00:00+07:00,3066.04,3086.8,3062.64,3081.82
2025-07-16 02:15:00+07:00,3081.75,3083.97,3071.3,3071.4
2025-07-16 02:30:00+07:00,3071.39,3075.09,3044.66,3047.23
2025-07-16 02:45:00+07:00,3047.36,3051.67,3033.91,3041.55
2025-07-16 03:00:00+07:00,3041.4,3050.43,3030.0,3047.38
2025-07-16 03:15:00+07:00,3047.38,3052.2,3038.13,3047.25
2025-07-16 03:30:00+07:00,3047.12,3052.34,3039.27,3049.05
2025-07-16 03:45:00+07:00,3049.11,3051.67,3041.09,3041.36
2025-07-16 04:00:00+07:00,3041.37,3061.25,3040.63,3060.42
2025-07-16 04:15:00+07:00,3060.39,3067.32,3055.35,3062.36
2025-07-16 04:30:00+07:00,3062.39,3083.92,3059.36,3079.64
2025-07-16 04:45:00+07:00,3079.62,3085.84,3074.16,3081.24
2025-07-16 05:00:00+07:00,3081.22,3083.28,3068.34,3073.2
2025-07-16 05:15:00+07:00,3073.2,3084.1,3072.38,3078.83
2025-07-16 05:30:00+07:00,3078.44,3089.66,3071.3,3087.84
2025-07-16 05:45:00+07:00,3087.86,3094.95,3082.62,3094.32
2025-07-16 06:00:00+07:00,3094.16,3141.65,3094.16,3123.69
2025-07-16 06:15:00+07:00,3123.76,3137.34,3121.66,3129.58
2025-07-16 06:30:00+07:00,3129.93,3138.3,3121.25,3135.42
2025-07-16 06:45:00+07:00,3135.46,3145.26,3130.68,3138.97
2025-07-16 07:00:00+07:00,3138.17,3140.62,3117.58,3120.25
2025-07-16 07:15:00+07:00,3120.26,3135.72,3118.65,3127.83
2025-07-16 07:30:00+07:00,3127.69,3153.8,3127.11,3136.04
2025-07-16 07:45:00+07:00,3135.87,3149.09,3131.31,3143.01
2025-07-16 08:00:00+07:00,3142.87,3144.11,3130.99,3138.61
2025-07-16 08:15:00+07:00,3138.6,3149.58,3135.94,3141.72
2025-07-16 08:30:00+07:00,3141.74,3147.29,3136.18,3136.39
2025-07-16 08:45:00+07:00,3136.4,3145.33,3132.91,3140.07
2025-07-16 09:00:00+07:00,3140.07,3142.69,3126.93,3133.52
2025-07-16 09:15:00+07:00,3133.52,3136.54,3113.52,3119.85
2025-07-16 09:30:00+07:00,3119.88,3122.4,3107.01,3109.03
2025-07-16 09:45:00+07:00,3109.07,3120.98,3108.97,3116.07
2025-07-16 10:00:00+07:00,3115.93,3121.26,3103.29,3106.11
2025-07-16 10:15:00+07:00,3106.17,3113.8,3105.92,3109.92
2025-07-16 10:30:00+07:00,3109.77,3120.01,3109.51,3118.04
2025-07-16 10:45:00+07:00,3118.02,3118.02,3110.29,3115.97
2025-07-16 11:00:00+07:00,3116.0,3118.94,3101.0,3101.84
2025-07-16 11:15:00+07:00,3101.95,3113.55,3101.95,3113.51
2025-07-16 11:30:00+07:00,3113.29,3123.66,3110.28,3120.82
2025-07-16 11:45:00+07:00,3120.81,3131.14,3115.93,3128.65
2025-07-16 12:00:00+07:00,3128.56,3147.33,3128.51,3138.59
2025-07-16 12:15:00+07:00,3138.65,3146.36,3134.59,3136.89
2025-07-16 12:30:00+07:00,3136.93,3148.25,3136.71,3144.73
2025-07-16 12:45:00+07:00,3144.77,3151.53,3140.75,3142.39
2025-07-16 13:00:00+07:00,3142.39,3145.07,3131.91,3132.31
2025-07-16 13:15:00+07:00,3132.32,3157.53,3132.32,3152.1
2025-07-16 13:30:00+07:00,3152.14,3158.35,3145.67,3155.33
2025-07-16 13:45:00+07:00,3155.28,3166.28,3152.75,3164.66
2025-07-16 14:00:00+07:00,3164.62,3168.83,3154.13,3156.28
2025-07-16 14:15:00+07:00,3156.29,3165.66,3156.0,3162.38
2025-07-16 14:30:00+07:00,3162.36,3174.57,3159.92,3166.38
2025-07-16 14:45:00+07:00,3166.25,3170.13,3159.89,3161.48
2025-07-16 15:00:00+07:00,3161.3,3166.56,3158.02,3159.93
2025-07-16 15:15:00+07:00,3159.95,3166.22,3158.64,3161.81
2025-07-16 15:30:00+07:00,3161.79,3173.54,3160.94,3167.36
2025-07-16 15:45:00+07:00,3167.38,3167.43,3160.0,3164.35
2025-07-16 16:00:00+07:00,3164.37,3171.73,3160.84,3170.35
2025-07-16 16:15:00+07:00,3170.43,3171.4,3160.62,3163.4
2025-07-16 16:30:00+07:00,3163.45,3167.3,3148.13,3151.73
2025-07-16 16:45:00+07:00,3151.77,3162.28,3147.62,3162.27
2025-07-16 17:00:00+07:00,3162.28,3162.73,3152.91,3155.17
2025-07-16 17:15:00+07:00,3155.19,3158.58,3151.42,3152.85
2025-07-16 17:30:00+07:00,3152.74,3156.65,3147.35,3149.06
2025-07-16 17:45:00+07:00,3149.11,3155.01,3143.81,3143.81
2025-07-16 18:00:00+07:00,3144.15,3150.62,3143.86,3149.2
2025-07-16 18:15:00+07:00,3148.97,3157.48,3144.41,3156.02
2025-07-16 18:30:00+07:00,3156.19,3158.52,3151.09,3154.26
2025-07-16 18:45:00+07:00,3154.38,3158.06,3146.56,3150.54
2025-07-16 19:00:00+07:00,3150.57,3157.36,3147.1,3151.95
2025-07-16 19:15:00+07:00,3151.95,3163.2,3151.2,3162.61
2025-07-16 19:30:00+07:00,3162.65,3174.16,3153.84,3172.44
2025-07-16 19:45:00+07:00,3172.35,3180.47,3163.27,3164.45
2025-07-16 20:00:00+07:00,3164.46,3188.82,3158.63,3179.85
2025-07-16 20:15:00+07:00,3179.83,3180.18,3169.67,3171.88
2025-07-16 20:30:00+07:00,3171.85,3184.74,3165.75,3173.59
2025-07-16 20:45:00+07:00,3173.71,3197.61,3170.58,3195.18
2025-07-16 21:00:00+07:00,3195.11,3204.59,3178.88,3179.34
2025-07-16 21:15:00+07:00,3179.33,3199.1,3178.58,3195.79
2025-07-16 21:30:00+07:00,3195.76,3244.51,3193.74,3234.9
2025-07-16 21:45:00+07:00,3234.87,3266.29,3233.38,3251.35
2025-07-16 22:00:00+07:00,3251.4,3261.87,3240.43,3244.16
2025-07-16 22:15:00+07:00,3244.13,3250.1,3217.95,3246.52
2025-07-16 22:30:00+07:00,3246.54,3246.96,3206.89,3231.57
2025-07-16 22:45:00+07:00,3231.6,3247.36,3224.28,3243.99
2025-07-16 23:00:00+07:00,3243.99,3246.62,3234.15,3245.95
2025-07-16 23:15:00+07:00,3245.97,3273.66,3239.96,3263.06
2025-07-16 23:30:00+07:00,3263.12,3287.39,3254.57,3275.86
2025-07-16 23:45:00+07:00,3275.88,3293.29,3269.96,3286.21
2025-07-17 00:00:00+07:00,3285.03,3296.23,3280.65,3285.15
2025-07-17 00:15:00+07:00,3285.16,3296.56,3277.8,3285.49
2025-07-17 00:30:00+07:00,3285.74,3289.35,3273.49,3287.49
2025-07-17 00:45:00+07:00,3287.52,3324.2,3284.42,3316.67
2025-07-17 01:00:00+07:00,3316.91,3360.49,3313.71,3337.47
2025-07-17 01:15:00+07:00,3337.63,3354.08,3333.15,3343.27
2025-07-17 01:30:00+07:00,3343.29,3371.39,3343.29,3354.92
2025-07-17 01:45:00+07:00,3354.81,3355.31,3328.67,3335.47
2025-07-17 02:00:00+07:00,3335.63,3350.08,3334.94,3346.42
2025-07-17 02:15:00+07:00,3346.37,3367.39,3345.69,3359.54
2025-07-17 02:30:00+07:00,3359.64,3377.4,3345.8,3360.99
2025-07-17 02:45:00+07:00,3360.97,3383.01,3355.09,3383.01
2025-07-17 03:00:00+07:00,3382.79,3409.23,3374.21,3391.04
2025-07-17 03:15:00+07:00,3390.47,3423.23,3388.28,3413.27
2025-07-17 03:30:00+07:00,3413.22,3416.46,3390.34,3401.84
2025-07-17 03:45:00+07:00,3401.92,3401.92,3367.25,3379.5
2025-07-17 04:00:00+07:00,3379.51,3390.68,3371.04,3379.81
2025-07-17 04:15:00+07:00,3380.0,3398.74,3376.62,3393.29
2025-07-17 04:30:00+07:00,3393.27,3393.27,3342.37,3368.03
2025-07-17 04:45:00+07:00,3368.19,3382.51,3368.19,3373.78
2025-07-17 05:00:00+07:00,3373.85,3389.84,3373.83,3383.85
2025-07-17 05:15:00+07:00,3383.35,3387.42,3372.11,3374.28
2025-07-17 05:30:00+07:00,3374.2,3375.54,3350.7,3362.79
2025-07-17 05:45:00+07:00,3362.88,3364.15,3349.56,3362.63
2025-07-17 06:00:00+07:00,3362.67,3365.13,3349.29,3359.28
2025-07-17 06:15:00+07:00,3359.3,3373.26,3345.59,3366.37
2025-07-17 06:30:00+07:00,3366.57,3367.82,3353.0,3367.82
2025-07-17 06:45:00+07:00,3367.78,3374.73,3363.1,3370.89
2025-07-17 07:00:00+07:00,3370.97,3383.36,3366.81,3373.78
2025-07-17 07:15:00+07:00,3373.79,3398.48,3373.34,3382.37
2025-07-17 07:30:00+07:00,3382.45,3391.88,3375.36,3387.06
2025-07-17 07:45:00+07:00,3387.22,3397.44,3375.8,3375.8
2025-07-17 08:00:00+07:00,3375.83,3395.31,3374.09,3395.31
2025-07-17 08:15:00+07:00,3395.41,3395.59,3365.54,3373.6
2025-07-17 08:30:00+07:00,3373.59,3373.89,3340.44,3348.14
2025-07-17 08:45:00+07:00,3347.72,3348.6,3311.15,3337.95
2025-07-17 09:00:00+07:00,3337.92,3354.11,3332.5,3347.81
2025-07-17 09:15:00+07:00,3347.49,3361.7,3345.14,3357.03
2025-07-17 09:30:00+07:00,3356.98,3362.19,3347.94,3349.77
2025-07-17 09:45:00+07:00,3349.72,3354.7,3335.31,3348.79
2025-07-17 10:00:00+07:00,3348.8,3349.98,3331.42,3332.95
2025-07-17 10:15:00+07:00,3332.88,3341.09,3317.67,3321.49
2025-07-17 10:30:00+07:00,3321.4,3329.97,3313.82,3328.12
2025-07-17 10:45:00+07:00,3328.05,3337.62,3320.41,3330.37
2025-07-17 11:00:00+07:00,3330.29,3339.68,3320.56,3336.01
2025-07-17 11:15:00+07:00,3335.93,3343.13,3332.72,3338.26
2025-07-17 11:30:00+07:00,3338.29,3346.86,3338.29,3343.33
2025-07-17 11:45:00+07:00,3343.37,3351.82,3341.62,3350.45
2025-07-17 12:00:00+07:00,3350.46,3350.46,3337.42,3341.98
2025-07-17 12:15:00+07:00,3341.88,3355.14,3341.45,3354.41
2025-07-17 12:30:00+07:00,3354.36,3368.35,3349.01,3365.2
2025-07-17 12:45:00+07:00,3365.17,3377.48,3361.17,3373.63
2025-07-17 13:00:00+07:00,3373.59,3383.21,3370.46,3373.3
2025-07-17 13:15:00+07:00,3373.26,3432.37,3362.98,3424.56
2025-07-17 13:30:00+07:00,3424.43,3445.45,3422.67,3431.32
2025-07-17 13:45:00+07:00,3431.54,3443.26,3425.82,3441.13
2025-07-17 14:00:00+07:00,3441.09,3441.33,3407.72,3417.08
2025-07-17 14:15:00+07:00,3417.33,3429.69,3413.16,3421.87
2025-07-17 14:30:00+07:00,3421.9,3469.36,3421.9,3459.76
2025-07-17 14:45:00+07:00,3459.74,3460.66,3445.61,3448.35
2025-07-17 15:00:00+07:00,3448.4,3450.68,3436.39,3446.78
2025-07-17 15:15:00+07:00,3446.62,3446.62,3428.98,3433.63
2025-07-17 15:30:00+07:00,3433.97,3438.56,3426.15,3436.75
2025-07-17 15:45:00+07:00,3436.73,3450.48,3426.07,3448.77
2025-07-17 16:00:00+07:00,3448.78,3465.0,3439.94,3456.11
2025-07-17 16:15:00+07:00,3456.11,3478.54,3449.93,3473.82
2025-07-17 16:30:00+07:00,3473.73,3477.07,3462.38,3474.08
2025-07-17 16:45:00+07:00,3474.18,3479.06,3465.13,3465.94
2025-07-17 17:00:00+07:00,3465.87,3469.62,3449.03,3465.9
2025-07-17 17:15:00+07:00,3465.85,3473.68,3463.61,3469.38
2025-07-17 17:30:00+07:00,3469.41,3481.74,3453.37,3456.97
2025-07-17 17:45:00+07:00,3456.82,3467.17,3455.57,3458.74
2025-07-17 18:00:00+07:00,3458.78,3459.42,3446.06,3458.16
2025-07-17 18:15:00+07:00,3458.13,3461.0,3437.57,3443.04
2025-07-17 18:30:00+07:00,3443.06,3445.68,3430.66,3436.96
2025-07-17 18:45:00+07:00,3437.08,3442.61,3431.59,3434.64
2025-07-17 19:00:00+07:00,3434.57,3441.36,3413.33,3430.68
2025-07-17 19:15:00+07:00,3430.64,3437.14,3416.83,3416.83
2025-07-17 19:30:00+07:00,3416.88,3439.5,3413.35,3437.59
2025-07-17 19:45:00+07:00,3437.48,3439.86,3426.38,3426.38
2025-07-17 20:00:00+07:00,3426.25,3432.76,3416.8,3422.03
2025-07-17 20:15:00+07:00,3421.72,3427.02,3411.58,3423.77
2025-07-17 20:30:00+07:00,3423.53,3425.06,3381.32,3382.2
2025-07-17 20:45:00+07:00,3381.82,3409.66,3363.34,3401.11
2025-07-17 21:00:00+07:00,3401.03,3422.3,3400.99,3416.34
2025-07-17 21:15:00+07:00,3416.02,3422.31,3402.5,3418.27
2025-07-17 21:30:00+07:00,3418.25,3433.53,3415.16,3423.15
2025-07-17 21:45:00+07:00,3423.06,3433.97,3422.94,3426.81
2025-07-17 22:00:00+07:00,3426.83,3432.81,3401.38,3402.12
2025-07-17 22:15:00+07:00,3402.22,3420.04,3388.19,3414.19
2025-07-17 22:30:00+07:00,3414.19,3425.42,3413.84,3424.53
2025-07-17 22:45:00+07:00,3424.56,3431.15,3410.78,3420.49
2025-07-17 23:00:00+07:00,3420.37,3427.87,3399.86,3406.8
2025-07-17 23:15:00+07:00,3406.93,3407.41,3380.11,3387.42
2025-07-17 23:30:00+07:00,3387.64,3413.31,3365.74,3397.74
2025-07-17 23:45:00+07:00,3397.45,3402.16,3377.52,3394.77
2025-07-18 00:00:00+07:00,3394.8,3406.27,3388.84,3405.55
2025-07-18 00:15:00+07:00,3405.7,3412.47,3396.43,3400.77
2025-07-18 00:30:00+07:00,3400.91,3407.07,3391.24,3407.03
2025-07-18 00:45:00+07:00,3406.77,3429.49,3402.41,3424.04
2025-07-18 01:00:00+07:00,3424.01,3433.43,3418.0,3423.12
2025-07-18 01:15:00+07:00,3423.12,3436.96,3419.73,3430.43
2025-07-18 01:30:00+07:00,3430.38,3442.51,3424.86,3426.45
2025-07-18 01:45:00+07:00,3426.73,3429.79,3419.79,3426.51
2025-07-18 02:00:00+07:00,3426.54,3442.69,3426.54,3441.7
2025-07-18 02:15:00+07:00,3441.59,3448.86,3438.5,3441.26
2025-07-18 02:30:00+07:00,3441.28,3454.54,3437.14,3441.73
2025-07-18 02:45:00+07:00,3441.84,3441.84,3402.38,3411.16
2025-07-18 03:00:00+07:00,3410.99,3413.56,3373.55,3391.94
2025-07-18 03:15:00+07:00,3391.9,3406.32,3370.75,3400.27
2025-07-18 03:30:00+07:00,3400.07,3415.74,3396.94,3404.88
2025-07-18 03:45:00+07:00,3404.89,3419.71,3400.86,3419.68
2025-07-18 04:00:00+07:00,3419.57,3487.12,3416.41,3484.69
2025-07-18 04:15:00+07:00,3484.66,3501.27,3467.11,3480.89
2025-07-18 04:30:00+07:00,3480.84,3481.85,3441.86,3465.28
2025-07-18 04:45:00+07:00,3465.28,3482.44,3462.18,3467.7
2025-07-18 05:00:00+07:00,3467.76,3488.22,3462.18,3486.74
2025-07-18 05:15:00+07:00,3486.73,3493.73,3471.27,3477.89
2025-07-18 05:30:00+07:00,3477.84,3485.15,3471.28,3477.24
2025-07-18 05:45:00+07:00,3477.27,3492.54,3451.44,3466.6
2025-07-18 06:00:00+07:00,3466.41,3490.39,3461.2,3486.56
2025-07-18 06:15:00+07:00,3486.78,3524.36,3486.53,3511.87
2025-07-18 06:30:00+07:00,3511.92,3512.14,3474.6,3477.72
2025-07-18 06:45:00+07:00,3477.68,3485.52,3472.49,3476.72
2025-07-18 07:00:00+07:00,3476.71,3483.16,3458.37,3469.86
2025-07-18 07:15:00+07:00,3469.83,3481.73,3465.72,3478.57
2025-07-18 07:30:00+07:00,3478.6,3516.2,3478.6,3516.2
2025-07-18 07:45:00+07:00,3516.34,3540.52,3513.04,3537.99
2025-07-18 08:00:00+07:00,3538.05,3584.65,3525.61,3575.43
2025-07-18 08:15:00+07:00,3575.46,3588.64,3562.57,3577.46
2025-07-18 08:30:00+07:00,3577.39,3621.13,3568.49,3604.18
2025-07-18 08:45:00+07:00,3603.99,3627.73,3593.82,3615.57
2025-07-18 09:00:00+07:00,3615.53,3618.89,3589.33,3606.28
2025-07-18 09:15:00+07:00,3605.99,3616.69,3595.26,3611.74
2025-07-18 09:30:00+07:00,3611.68,3627.76,3599.21,3599.97
2025-07-18 09:45:00+07:00,3599.84,3609.7,3589.65,3602.42
2025-07-18 10:00:00+07:00,3602.43,3605.39,3588.47,3593.84
2025-07-18 10:15:00+07:00,3593.96,3596.33,3584.75,3593.06
2025-07-18 10:30:00+07:00,3593.22,3607.7,3591.48,3606.91
2025-07-18 10:45:00+07:00,3606.9,3607.36,3592.65,3596.9
2025-07-18 11:00:00+07:00,3596.85,3597.42,3576.76,3583.75
2025-07-18 11:15:00+07:00,3583.64,3594.27,3578.38,3594.27
2025-07-18 11:30:00+07:00,3594.32,3619.32,3591.37,3612.79
2025-07-18 11:45:00+07:00,3612.76,3621.39,3607.36,3619.46
2025-07-18 12:00:00+07:00,3619.82,3647.71,3615.85,3631.0
2025-07-18 12:15:00+07:00,3630.87,3646.57,3628.7,3642.15
2025-07-18 12:30:00+07:00,3642.13,3657.01,3633.49,3649.24
2025-07-18 12:45:00+07:00,3649.21,3674.98,3645.62,3670.49
2025-07-18 13:00:00+07:00,3670.24,3670.57,3640.04,3652.03
2025-07-18 13:15:00+07:00,3651.98,3654.23,3641.07,3645.39
2025-07-18 13:30:00+07:00,3645.29,3657.31,3643.33,3652.73
2025-07-18 13:45:00+07:00,3652.79,3664.01,3649.13,3650.85
2025-07-18 14:00:00+07:00,3650.86,3670.39,3630.96,3640.57
2025-07-18 14:15:00+07:00,3640.57,3654.41,3628.35,3647.69
2025-07-18 14:30:00+07:00,3647.65,3649.9,3624.9,3631.77
2025-07-18 14:45:00+07:00,3631.85,3632.23,3605.64,3607.58
2025-07-18 15:00:00+07:00,3607.67,3627.66,3607.29,3617.22
2025-07-18 15:15:00+07:00,3616.99,3631.36,3615.5,3626.36
2025-07-18 15:30:00+07:00,3626.36,3626.36,3587.05,3587.56
2025-07-18 15:45:00+07:00,3587.6,3614.91,3584.81,3606.57
2025-07-18 16:00:00+07:00,3606.62,3614.66,3598.3,3614.02
2025-07-18 16:15:00+07:00,3614.07,3618.52,3601.39,3603.53
2025-07-18 16:30:00+07:00,3603.33,3618.29,3594.36,3613.36
2025-07-18 16:45:00+07:00,3613.36,3626.4,3613.27,3623.01
2025-07-18 17:00:00+07:00,3623.16,3625.64,3610.75,3619.19
2025-07-18 17:15:00+07:00,3619.19,3622.38,3602.73,3615.64
2025-07-18 17:30:00+07:00,3615.65,3622.23,3607.14,3612.86
2025-07-18 17:45:00+07:00,3612.85,3623.7,3606.23,3619.57
2025-07-18 18:00:00+07:00,3619.64,3626.49,3608.15,3608.95
2025-07-18 18:15:00+07:00,3608.94,3612.18,3590.03,3598.79
2025-07-18 18:30:00+07:00,3598.9,3618.04,3596.76,3616.27
2025-07-18 18:45:00+07:00,3616.5,3621.33,3611.27,3611.97
2025-07-18 19:00:00+07:00,3612.19,3620.03,3606.4,3606.95
2025-07-18 19:15:00+07:00,3606.98,3611.42,3592.58,3596.2
2025-07-18 19:30:00+07:00,3596.32,3616.69,3595.59,3612.82
2025-07-18 19:45:00+07:00,3612.92,3640.97,3609.21,3639.56
2025-07-18 20:00:00+07:00,3639.41,3655.17,3620.15,3635.61
2025-07-18 20:15:00+07:00,3635.58,3637.33,3610.58,3623.54
2025-07-18 20:30:00+07:00,3623.44,3648.98,3614.01,3639.21
2025-07-18 20:45:00+07:00,3639.11,3660.1,3637.45,3640.71
2025-07-18 21:00:00+07:00,3640.59,3673.69,3632.55,3664.98
2025-07-18 21:15:00+07:00,3664.94,3665.63,3585.47,3598.32
2025-07-18 21:30:00+07:00,3597.98,3606.41,3555.87,3577.39
2025-07-18 21:45:00+07:00,3577.16,3605.7,3575.25,3586.3
2025-07-18 22:00:00+07:00,3586.18,3590.2,3561.94,3566.68
2025-07-18 22:15:00+07:00,3566.69,3573.96,3531.24,3544.85
2025-07-18 22:30:00+07:00,3544.99,3560.46,3532.39,3546.72
2025-07-18 22:45:00+07:00,3546.79,3569.95,3543.02,3564.91
2025-07-18 23:00:00+07:00,3564.96,3581.77,3556.48,3557.04
2025-07-18 23:15:00+07:00,3557.0,3578.15,3549.08,3573.68
2025-07-18 23:30:00+07:00,3573.76,3588.33,3561.67,3584.08
2025-07-18 23:45:00+07:00,3583.84,3590.07,3567.19,3573.96
2025-07-19 00:00:00+07:00,3574.01,3583.64,3567.45,3576.91
2025-07-19 00:15:00+07:00,3576.98,3616.31,3576.98,3612.47
2025-07-19 00:30:00+07:00,3612.5,3625.37,3595.98,3600.64
2025-07-19 00:45:00+07:00,3600.94,3605.06,3586.41,3600.78
2025-07-19 01:00:00+07:00,3600.81,3604.56,3579.9,3580.82
2025-07-19 01:15:00+07:00,3580.8,3607.29,3566.67,3606.96
2025-07-19 01:30:00+07:00,3606.77,3607.16,3586.24,3591.77
2025-07-19 01:45:00+07:00,3591.68,3593.48,3568.3,3572.61
2025-07-19 02:00:00+07:00,3572.54,3575.56,3537.3,3551.02
2025-07-19 02:15:00+07:00,3551.04,3583.3,3551.04,3575.81
2025-07-19 02:30:00+07:00,3575.79,3582.8,3559.57,3563.25
2025-07-19 02:45:00+07:00,3563.2,3565.17,3542.56,3551.7
2025-07-19 03:00:00+07:00,3551.69,3555.34,3508.86,3530.33
2025-07-19 03:15:00+07:00,3530.35,3536.15,3485.93,3492.16
2025-07-19 03:30:00+07:00,3492.52,3505.39,3477.57,3501.11
2025-07-19 03:45:00+07:00,3501.06,3528.28,3498.59,3516.59
2025-07-19 04:00:00+07:00,3516.69,3546.29,3514.42,3545.27
2025-07-19 04:15:00+07:00,3545.35,3558.06,3535.97,3552.49
2025-07-19 04:30:00+07:00,3552.47,3562.21,3549.76,3556.05
2025-07-19 04:45:00+07:00,3556.06,3572.25,3550.92,3554.35
2025-07-19 05:00:00+07:00,3554.26,3556.62,3531.54,3543.09
2025-07-19 05:15:00+07:00,3543.03,3577.51,3537.1,3571.65
2025-07-19 05:30:00+07:00,3571.63,3575.04,3558.05,3558.05
2025-07-19 05:45:00+07:00,3557.74,3561.12,3534.1,3538.81
2025-07-19 06:00:00+07:00,3538.84,3541.42,3506.59,3526.98
2025-07-19 06:15:00+07:00,3527.03,3545.02,3526.76,3529.71
2025-07-19 06:30:00+07:00,3529.67,3540.95,3528.71,3536.94
2025-07-19 06:45:00+07:00,3536.66,3551.15,3535.64,3546.79
2025-07-19 07:00:00+07:00,3546.99,3553.35,3543.5,3553.07
2025-07-19 07:15:00+07:00,3553.11,3558.34,3549.16,3555.14
2025-07-19 07:30:00+07:00,3555.09,3565.63,3537.35,3545.21
2025-07-19 07:45:00+07:00,3545.32,3547.46,3521.73,3522.42
2025-07-19 08:00:00+07:00,3522.49,3527.12,3506.58,3521.54
2025-07-19 08:15:00+07:00,3521.53,3538.93,3519.67,3537.7
2025-07-19 08:30:00+07:00,3537.69,3551.64,3532.7,3548.55
2025-07-19 08:45:00+07:00,3548.48,3552.83,3541.53,3545.79
2025-07-19 09:00:00+07:00,3545.82,3548.03,3534.45,3542.16
2025-07-19 09:15:00+07:00,3542.08,3560.62,3534.97,3551.3
2025-07-19 09:30:00+07:00,3551.55,3569.77,3551.16,3566.46
2025-07-19 09:45:00+07:00,3566.68,3577.01,3566.68,3569.73
2025-07-19 10:00:00+07:00,3569.76,3585.21,3566.85,3584.96
2025-07-19 10:15:00+07:00,3585.06,3589.42,3578.9,3586.95
2025-07-19 10:30:00+07:00,3586.97,3598.85,3586.97,3594.94
2025-07-19 10:45:00+07:00,3594.86,3595.6,3580.5,3592.2
2025-07-19 11:00:00+07:00,3592.62,3608.61,3590.99,3599.82
2025-07-19 11:15:00+07:00,3599.41,3600.89,3587.66,3591.14
2025-07-19 11:30:00+07:00,3591.09,3596.85,3582.65,3587.43
2025-07-19 11:45:00+07:00,3587.77,3593.36,3579.94,3589.88
2025-07-19 12:00:00+07:00,3589.9,3592.7,3576.11,3580.92
2025-07-19 12:15:00+07:00,3580.92,3587.19,3574.78,3582.56
2025-07-19 12:30:00+07:00,3582.52,3594.85,3578.35,3592.77
2025-07-19 12:45:00+07:00,3592.79,3593.18,3581.52,3585.9
2025-07-19 13:00:00+07:00,3585.61,3586.97,3575.73,3575.95
2025-07-19 13:15:00+07:00,3575.95,3579.75,3567.52,3567.87
2025-07-19 13:30:00+07:00,3567.89,3578.62,3567.06,3569.55
2025-07-19 13:45:00+07:00,3569.59,3576.05,3569.38,3571.22
2025-07-19 14:00:00+07:00,3571.16,3587.24,3569.27,3578.54
2025-07-19 14:15:00+07:00,3578.48,3584.51,3575.31,3576.48
2025-07-19 14:30:00+07:00,3576.42,3576.42,3567.22,3569.48
2025-07-19 14:45:00+07:00,3569.48,3575.6,3569.48,3571.39
2025-07-19 15:00:00+07:00,3571.39,3578.64,3554.16,3556.9
2025-07-19 15:15:00+07:00,3557.04,3563.97,3553.85,3561.27
2025-07-19 15:30:00+07:00,3561.31,3561.88,3546.43,3554.13
2025-07-19 15:45:00+07:00,3554.17,3561.12,3549.35,3554.07
2025-07-19 16:00:00+07:00,3554.39,3561.68,3549.12,3552.29
2025-07-19 16:15:00+07:00,3552.25,3562.57,3550.89,3558.92
2025-07-19 16:30:00+07:00,3558.95,3569.37,3556.1,3562.66
2025-07-19 16:45:00+07:00,3562.55,3565.76,3555.74,3558.22
2025-07-19 17:00:00+07:00,3558.24,3559.43,3550.77,3552.31
2025-07-19 17:15:00+07:00,3552.29,3560.79,3550.81,3558.94
2025-07-19 17:30:00+07:00,3559.04,3568.67,3558.28,3565.46
2025-07-19 17:45:00+07:00,3565.91,3567.9,3555.36,3557.8
2025-07-19 18:00:00+07:00,3557.85,3567.71,3551.52,3552.29
2025-07-19 18:15:00+07:00,3552.03,3577.91,3537.99,3573.24
2025-07-19 18:30:00+07:00,3573.21,3574.14,3561.11,3563.67
2025-07-19 18:45:00+07:00,3563.63,3564.25,3546.71,3552.61
2025-07-19 19:00:00+07:00,3552.45,3555.32,3539.39,3542.35
2025-07-19 19:15:00+07:00,3542.33,3558.13,3539.0,3548.67
2025-07-19 19:30:00+07:00,3548.67,3555.96,3542.81,3552.06
2025-07-19 19:45:00+07:00,3552.05,3565.07,3548.33,3562.02
2025-07-19 20:00:00+07:00,3561.67,3566.22,3551.78,3563.29
2025-07-19 20:15:00+07:00,3563.3,3567.22,3558.44,3564.18
2025-07-19 20:30:00+07:00,3564.2,3572.28,3561.72,3566.19
2025-07-19 20:45:00+07:00,3566.24,3566.24,3548.95,3558.4
2025-07-19 21:00:00+07:00,3558.42,3561.34,3543.31,3545.3
2025-07-19 21:15:00+07:00,3544.63,3553.45,3542.02,3544.39
2025-07-19 21:30:00+07:00,3544.43,3551.39,3537.53,3548.22
2025-07-19 21:45:00+07:00,3548.2,3550.89,3526.41,3531.37
2025-07-19 22:00:00+07:00,3531.6,3547.33,3530.05,3542.39
2025-07-19 22:15:00+07:00,3542.41,3557.17,3542.41,3556.16
2025-07-19 22:30:00+07:00,3555.99,3563.07,3547.41,3561.78
2025-07-19 22:45:00+07:00,3561.68,3562.08,3550.36,3552.07
2025-07-19 23:00:00+07:00,3552.07,3553.32,3539.05,3539.05
2025-07-19 23:15:00+07:00,3539.07,3568.34,3535.42,3563.9
2025-07-19 23:30:00+07:00,3563.4,3569.16,3555.28,3568.14
2025-07-19 23:45:00+07:00,3568.12,3570.39,3557.09,3559.91
2025-07-20 00:00:00+07:00,3560.03,3561.2,3546.66,3548.05
2025-07-20 00:15:00+07:00,3548.14,3553.52,3541.9,3547.26
2025-07-20 00:30:00+07:00,3547.2,3549.14,3536.76,3540.3
2025-07-20 00:45:00+07:00,3540.32,3548.37,3531.96,3542.63
2025-07-20 01:00:00+07:00,3542.6,3554.33,3539.63,3552.01
2025-07-20 01:15:00+07:00,3552.14,3559.22,3542.76,3554.45
2025-07-20 01:30:00+07:00,3554.49,3562.18,3554.42,3556.87
2025-07-20 01:45:00+07:00,3556.86,3559.73,3550.96,3552.69
2025-07-20 02:00:00+07:00,3552.81,3555.75,3541.37,3550.86
2025-07-20 02:15:00+07:00,3550.89,3563.99,3549.61,3563.01
2025-07-20 02:30:00+07:00,3563.03,3582.35,3561.46,3578.27
2025-07-20 02:45:00+07:00,3578.3,3579.28,3569.03,3577.84
2025-07-20 03:00:00+07:00,3577.76,3593.7,3574.74,3580.69
2025-07-20 03:15:00+07:00,3580.64,3584.09,3573.53,3583.26
2025-07-20 03:30:00+07:00,3583.15,3583.85,3575.93,3576.86
2025-07-20 03:45:00+07:00,3576.75,3583.13,3563.78,3563.81
2025-07-20 04:00:00+07:00,3563.76,3571.3,3548.16,3551.41
2025-07-20 04:15:00+07:00,3551.43,3559.73,3538.87,3558.82
2025-07-20 04:30:00+07:00,3558.62,3558.74,3547.5,3557.83
2025-07-20 04:45:00+07:00,3557.88,3574.14,3554.57,3571.23
2025-07-20 05:00:00+07:00,3571.21,3582.1,3562.22,3578.9
2025-07-20 05:15:00+07:00,3578.92,3591.05,3578.92,3584.45
2025-07-20 05:30:00+07:00,3584.36,3584.86,3573.68,3579.74
2025-07-20 05:45:00+07:00,3579.75,3583.84,3576.65,3576.65
2025-07-20 06:00:00+07:00,3576.58,3583.67,3576.03,3581.29
2025-07-20 06:15:00+07:00,3581.26,3582.21,3574.25,3580.25
2025-07-20 06:30:00+07:00,3580.29,3598.73,3580.29,3596.0
2025-07-20 06:45:00+07:00,3596.02,3596.96,3589.04,3591.64
2025-07-20 07:00:00+07:00,3591.65,3593.49,3579.57,3584.0
2025-07-20 07:15:00+07:00,3584.05,3597.41,3579.07,3580.68
2025-07-20 07:30:00+07:00,3580.71,3595.33,3579.76,3586.21
2025-07-20 07:45:00+07:00,3586.12,3596.03,3584.32,3591.07
2025-07-20 08:00:00+07:00,3590.97,3617.82,3589.2,3606.24
2025-07-20 08:15:00+07:00,3605.84,3626.47,3604.49,3608.17
2025-07-20 08:30:00+07:00,3608.16,3614.12,3602.05,3611.62
2025-07-20 08:45:00+07:00,3611.75,3619.2,3602.16,3604.68
2025-07-20 09:00:00+07:00,3604.68,3612.6,3596.11,3608.8
2025-07-20 09:15:00+07:00,3608.68,3612.05,3603.8,3606.45
2025-07-20 09:30:00+07:00,3606.35,3623.91,3602.78,3616.71
2025-07-20 09:45:00+07:00,3616.68,3623.6,3612.59,3615.72
2025-07-20 10:00:00+07:00,3615.72,3624.06,3613.39,3613.75
2025-07-20 10:15:00+07:00,3613.63,3643.94,3607.4,3637.16
2025-07-20 10:30:00+07:00,3637.16,3694.89,3636.66,3672.3
2025-07-20 10:45:00+07:00,3672.22,3674.95,3655.89,3657.69
2025-07-20 11:00:00+07:00,3657.92,3662.5,3632.9,3643.13
2025-07-20 11:15:00+07:00,3643.22,3657.8,3637.69,3655.77
2025-07-20 11:30:00+07:00,3655.79,3666.51,3648.13,3648.27
2025-07-20 11:45:00+07:00,3648.3,3659.75,3643.12,3653.98
2025-07-20 12:00:00+07:00,3654.01,3662.47,3644.59,3648.2
2025-07-20 12:15:00+07:00,3648.16,3650.57,3637.77,3639.11
2025-07-20 12:30:00+07:00,3639.13,3644.78,3635.51,3644.78
2025-07-20 12:45:00+07:00,3644.96,3653.02,3641.2,3646.79
2025-07-20 13:00:00+07:00,3646.79,3646.79,3639.15,3640.32
2025-07-20 13:15:00+07:00,3640.27,3655.3,3638.53,3652.33
2025-07-20 13:30:00+07:00,3652.35,3657.58,3649.62,3655.99
2025-07-20 13:45:00+07:00,3655.96,3659.83,3650.83,3652.06
2025-07-20 14:00:00+07:00,3652.13,3661.35,3652.13,3659.14
2025-07-20 14:15:00+07:00,3659.37,3676.47,3659.37,3672.93
2025-07-20 14:30:00+07:00,3672.94,3684.7,3663.5,3681.4
2025-07-20 14:45:00+07:00,3681.21,3689.0,3667.31,3667.61
2025-07-20 15:00:00+07:00,3667.78,3681.56,3667.78,3680.87
2025-07-20 15:15:00+07:00,3681.27,3690.52,3679.69,3680.41
2025-07-20 15:30:00+07:00,3680.44,3710.77,3680.44,3704.16
2025-07-20 15:45:00+07:00,3704.02,3716.85,3696.04,3710.53
2025-07-20 16:00:00+07:00,3710.46,3726.67,3698.97,3706.03
2025-07-20 16:15:00+07:00,3706.08,3713.81,3694.11,3698.3
2025-07-20 16:30:00+07:00,3698.32,3711.94,3698.32,3709.07
2025-07-20 16:45:00+07:00,3709.05,3718.7,3703.97,3705.97
2025-07-20 17:00:00+07:00,3705.9,3712.37,3703.7,3706.1
2025-07-20 17:15:00+07:00,3706.11,3707.11,3695.98,3701.16
2025-07-20 17:30:00+07:00,3701.2,3704.02,3696.79,3699.34
2025-07-20 17:45:00+07:00,3699.17,3704.76,3696.36,3698.83
2025-07-20 18:00:00+07:00,3698.87,3702.7,3695.2,3700.54
2025-07-20 18:15:00+07:00,3700.53,3732.19,3700.39,3720.48
2025-07-20 18:30:00+07:00,3720.69,3737.02,3718.51,3730.46
2025-07-20 18:45:00+07:00,3730.44,3768.64,3728.46,3756.16
2025-07-20 19:00:00+07:00,3756.1,3756.49,3744.61,3750.37
2025-07-20 19:15:00+07:00,3750.35,3750.35,3724.62,3729.72
2025-07-20 19:30:00+07:00,3729.66,3742.42,3726.27,3736.13
2025-07-20 19:45:00+07:00,3736.07,3748.76,3730.98,3747.0
2025-07-20 20:00:00+07:00,3746.95,3754.9,3740.15,3753.3
2025-07-20 20:15:00+07:00,3753.47,3757.9,3741.22,3741.91
2025-07-20 20:30:00+07:00,3741.94,3747.72,3735.39,3738.4
2025-07-20 20:45:00+07:00,3738.41,3752.82,3738.41,3748.27
2025-07-20 21:00:00+07:00,3748.24,3754.79,3728.22,3740.86
2025-07-20 21:15:00+07:00,3741.14,3754.23,3734.19,3746.01
2025-07-20 21:30:00+07:00,3746.09,3752.37,3740.46,3743.39
2025-07-20 21:45:00+07:00,3743.44,3768.16,3741.35,3767.12
2025-07-20 22:00:00+07:00,3767.34,3768.16,3749.27,3763.51
2025-07-20 22:15:00+07:00,3763.5,3763.79,3747.66,3755.73
2025-07-20 22:30:00+07:00,3755.69,3782.48,3754.5,3770.38
2025-07-20 22:45:00+07:00,3770.35,3789.83,3767.85,3785.41
2025-07-20 23:00:00+07:00,3785.52,3794.52,3768.72,3775.6
2025-07-20 23:15:00+07:00,3775.55,3791.28,3763.53,3791.23
2025-07-20 23:30:00+07:00,3791.58,3816.39,3786.06,3811.62
2025-07-20 23:45:00+07:00,3811.58,3824.43,3803.91,3809.39
2025-07-21 00:00:00+07:00,3809.37,3809.37,3766.5,3775.61
2025-07-21 00:15:00+07:00,3776.07,3786.84,3764.3,3773.65
2025-07-21 00:30:00+07:00,3773.67,3782.6,3747.09,3758.75
2025-07-21 00:45:00+07:00,3758.85,3758.9,3731.32,3739.07
2025-07-21 01:00:00+07:00,3739.14,3757.61,3738.42,3746.52
2025-07-21 01:15:00+07:00,3746.56,3755.94,3730.41,3749.66
2025-07-21 01:30:00+07:00,3749.74,3750.39,3739.11,3746.09
2025-07-21 01:45:00+07:00,3746.13,3756.21,3746.01,3749.59
2025-07-21 02:00:00+07:00,3749.67,3760.35,3744.41,3758.39
2025-07-21 02:15:00+07:00,3758.38,3763.97,3752.91,3761.46
2025-07-21 02:30:00+07:00,3761.42,3772.91,3756.44,3761.49
2025-07-21 02:45:00+07:00,3761.51,3767.35,3747.48,3749.33
2025-07-21 03:00:00+07:00,3749.34,3752.24,3716.7,3736.66
2025-07-21 03:15:00+07:00,3736.68,3742.42,3729.57,3738.52
2025-07-21 03:30:00+07:00,3738.49,3747.69,3736.99,3747.69
2025-07-21 03:45:00+07:00,3747.77,3754.23,3738.09,3739.68
2025-07-21 04:00:00+07:00,3739.61,3740.03,3727.09,3734.99
2025-07-21 04:15:00+07:00,3734.88,3765.75,3731.14,3759.9
2025-07-21 04:30:00+07:00,3759.86,3768.26,3751.04,3762.55
2025-07-21 04:45:00+07:00,3762.3,3772.76,3761.09,3770.02
2025-07-21 05:00:00+07:00,3769.98,3771.57,3715.07,3722.91
2025-07-21 05:15:00+07:00,3722.85,3732.96,3681.59,3726.94
2025-07-21 05:30:00+07:00,3726.92,3752.12,3711.77,3751.66
2025-07-21 05:45:00+07:00,3751.61,3760.77,3745.47,3747.33
2025-07-21 06:00:00+07:00,3747.37,3749.26,3734.05,3745.6
2025-07-21 06:15:00+07:00,3745.63,3756.5,3741.06,3743.92
2025-07-21 06:30:00+07:00,3743.94,3768.56,3733.03,3758.9
2025-07-21 06:45:00+07:00,3758.79,3765.96,3752.96,3756.57
2025-07-21 07:00:00+07:00,3756.62,3757.2,3731.1,3732.73
2025-07-21 07:15:00+07:00,3732.75,3735.41,3709.85,3729.7
2025-07-21 07:30:00+07:00,3729.72,3735.63,3712.84,3729.04
2025-07-21 07:45:00+07:00,3728.85,3747.78,3722.11,3746.9
2025-07-21 08:00:00+07:00,3747.25,3754.18,3737.37,3739.11
2025-07-21 08:15:00+07:00,3739.14,3744.7,3721.41,3728.9
2025-07-21 08:30:00+07:00,3728.92,3734.07,3701.15,3710.11
2025-07-21 08:45:00+07:00,3709.95,3726.84,3705.86,3724.11
2025-07-21 09:00:00+07:00,3724.1,3738.87,3722.79,3733.09
2025-07-21 09:15:00+07:00,3733.17,3746.24,3722.23,3741.01
2025-07-21 09:30:00+07:00,3741.0,3749.55,3733.54,3744.29
2025-07-21 09:45:00+07:00,3744.18,3750.04,3735.62,3743.62
2025-07-21 10:00:00+07:00,3743.6,3765.11,3743.47,3758.43
2025-07-21 10:15:00+07:00,3758.35,3766.58,3755.17,3759.3
2025-07-21 10:30:00+07:00,3759.15,3760.2,3748.93,3755.39
2025-07-21 10:45:00+07:00,3755.35,3757.65,3749.19,3757.54
2025-07-21 11:00:00+07:00,3757.54,3763.46,3755.43,3763.39
2025-07-21 11:15:00+07:00,3763.4,3780.21,3753.32,3769.35
2025-07-21 11:30:00+07:00,3769.42,3778.5,3764.09,3774.95
2025-07-21 11:45:00+07:00,3774.92,3775.04,3760.66,3762.07
2025-07-21 12:00:00+07:00,3762.09,3764.6,3750.99,3754.19
2025-07-21 12:15:00+07:00,3754.29,3756.52,3747.49,3755.08
2025-07-21 12:30:00+07:00,3755.04,3773.57,3754.55,3769.69
2025-07-21 12:45:00+07:00,3769.79,3784.59,3767.24,3782.81
2025-07-21 13:00:00+07:00,3782.9,3788.58,3776.44,3786.83
2025-07-21 13:15:00+07:00,3786.8,3813.03,3784.03,3803.73
2025-07-21 13:30:00+07:00,3803.79,3804.29,3782.23,3785.75
2025-07-21 13:45:00+07:00,3785.77,3798.38,3781.88,3787.61
2025-07-21 14:00:00+07:00,3787.45,3805.22,3787.29,3794.75
2025-07-21 14:15:00+07:00,3795.29,3801.68,3789.95,3800.41
2025-07-21 14:30:00+07:00,3800.28,3800.8,3786.66,3788.31
2025-07-21 14:45:00+07:00,3788.27,3790.67,3780.05,3787.96
2025-07-21 15:00:00+07:00,3787.95,3800.64,3784.67,3796.62
2025-07-21 15:15:00+07:00,3796.63,3804.88,3790.43,3800.45
2025-07-21 15:30:00+07:00,3800.42,3812.22,3786.49,3789.29
2025-07-21 15:45:00+07:00,3789.25,3793.23,3762.5,3777.92
2025-07-21 16:00:00+07:00,3777.87,3785.99,3772.59,3781.43
2025-07-21 16:15:00+07:00,3781.54,3783.16,3772.11,3773.66
2025-07-21 16:30:00+07:00,3773.64,3779.23,3756.28,3766.17
2025-07-21 16:45:00+07:00,3766.24,3773.85,3761.06,3772.75
2025-07-21 17:00:00+07:00,3772.74,3782.56,3768.79,3782.52
2025-07-21 17:15:00+07:00,3782.41,3787.08,3770.99,3773.62
2025-07-21 17:30:00+07:00,3773.69,3798.55,3769.4,3796.45
2025-07-21 17:45:00+07:00,3796.06,3823.93,3794.88,3811.99
2025-07-21 18:00:00+07:00,3811.89,3814.26,3792.22,3807.35
2025-07-21 18:15:00+07:00,3807.17,3833.36,3801.22,3820.65
2025-07-21 18:30:00+07:00,3820.62,3838.75,3813.09,3813.68
2025-07-21 18:45:00+07:00,3813.72,3820.87,3807.8,3809.81
2025-07-21 19:00:00+07:00,3809.78,3819.29,3793.55,3804.15
2025-07-21 19:15:00+07:00,3804.13,3819.75,3802.74,3815.64
2025-07-21 19:30:00+07:00,3815.72,3819.67,3804.85,3817.2
2025-07-21 19:45:00+07:00,3816.77,3826.03,3809.35,3810.99
2025-07-21 20:00:00+07:00,3811.04,3816.47,3775.44,3777.04
2025-07-21 20:15:00+07:00,3776.81,3790.91,3776.14,3789.69
2025-07-21 20:30:00+07:00,3789.71,3815.34,3787.97,3807.67
2025-07-21 20:45:00+07:00,3807.92,3824.3,3807.4,3820.15
2025-07-21 21:00:00+07:00,3820.31,3824.9,3794.87,3810.13
2025-07-21 21:15:00+07:00,3810.15,3845.73,3809.85,3836.42
2025-07-21 21:30:00+07:00,3836.55,3851.55,3832.44,3848.69
2025-07-21 21:45:00+07:00,3848.58,3859.24,3838.67,3842.0
2025-07-21 22:00:00+07:00,3841.98,3849.39,3831.02,3843.71
2025-07-21 22:15:00+07:00,3843.67,3852.73,3831.97,3833.01
2025-07-21 22:30:00+07:00,3833.14,3840.18,3812.28,3817.75
2025-07-21 22:45:00+07:00,3817.78,3830.41,3807.99,3810.63
2025-07-21 23:00:00+07:00,3810.63,3817.7,3778.57,3786.18
2025-07-21 23:15:00+07:00,3786.41,3787.06,3749.66,3774.89
2025-07-21 23:30:00+07:00,3774.79,3797.45,3772.5,3775.68
2025-07-21 23:45:00+07:00,3775.75,3781.13,3751.36,3768.2
2025-07-22 00:00:00+07:00,3768.19,3790.45,3764.72,3783.06
2025-07-22 00:15:00+07:00,3782.79,3787.01,3770.05,3771.3
2025-07-22 00:30:00+07:00,3770.28,3782.09,3742.02,3747.72
2025-07-22 00:45:00+07:00,3748.18,3772.41,3737.94,3770.08
2025-07-22 01:00:00+07:00,3769.96,3789.35,3769.7,3786.75
2025-07-22 01:15:00+07:00,3786.67,3799.62,3783.08,3787.51
2025-07-22 01:30:00+07:00,3787.77,3787.87,3756.96,3759.22
2025-07-22 01:45:00+07:00,3759.18,3759.84,3730.78,3736.94
2025-07-22 02:00:00+07:00,3736.91,3768.77,3731.36,3766.1
2025-07-22 02:15:00+07:00,3765.88,3769.71,3731.88,3735.82
2025-07-22 02:30:00+07:00,3735.87,3742.27,3719.61,3735.64
2025-07-22 02:45:00+07:00,3735.57,3740.89,3722.99,3736.67
2025-07-22 03:00:00+07:00,3736.26,3750.91,3719.27,3747.0
2025-07-22 03:15:00+07:00,3747.0,3755.53,3741.64,3753.09
2025-07-22 03:30:00+07:00,3753.15,3765.35,3743.38,3753.63
2025-07-22 03:45:00+07:00,3753.64,3765.26,3751.2,3756.24
2025-07-22 04:00:00+07:00,3756.02,3762.83,3744.46,3746.22
2025-07-22 04:15:00+07:00,3746.27,3760.92,3746.27,3759.72
2025-07-22 04:30:00+07:00,3759.79,3765.23,3751.79,3759.83
2025-07-22 04:45:00+07:00,3759.78,3760.83,3746.73,3751.19
2025-07-22 05:00:00+07:00,3751.18,3760.35,3746.79,3760.19
2025-07-22 05:15:00+07:00,3760.31,3764.65,3751.64,3764.02
2025-07-22 05:30:00+07:00,3764.38,3779.64,3763.5,3779.35
2025-07-22 05:45:00+07:00,3779.35,3780.02,3761.03,3761.24
2025-07-22 06:00:00+07:00,3761.49,3763.57,3753.32,3755.16
2025-07-22 06:15:00+07:00,3755.22,3769.45,3748.75,3767.56
2025-07-22 06:30:00+07:00,3768.15,3775.58,3763.11,3764.51
2025-07-22 06:45:00+07:00,3764.46,3765.39,3759.26,3761.88
2025-07-22 07:00:00+07:00,3762.29,3764.05,3752.83,3757.44
2025-07-22 07:15:00+07:00,3757.47,3775.98,3756.9,3774.98
2025-07-22 07:30:00+07:00,3774.84,3774.84,3744.65,3748.02
2025-07-22 07:45:00+07:00,3748.04,3765.0,3741.0,3742.5
2025-07-22 08:00:00+07:00,3742.6,3746.03,3714.02,3718.63
2025-07-22 08:15:00+07:00,3718.99,3743.18,3695.76,3742.8
2025-07-22 08:30:00+07:00,3742.78,3772.94,3740.21,3763.2
2025-07-22 08:45:00+07:00,3763.14,3799.2,3762.44,3794.65
2025-07-22 09:00:00+07:00,3794.67,3795.43,3773.25,3777.6
2025-07-22 09:15:00+07:00,3777.54,3789.15,3770.32,3778.37
2025-07-22 09:30:00+07:00,3778.44,3787.73,3763.68,3766.03
2025-07-22 09:45:00+07:00,3766.06,3769.08,3730.16,3736.98
2025-07-22 10:00:00+07:00,3736.93,3744.62,3728.68,3735.77
2025-07-22 10:15:00+07:00,3735.73,3735.73,3715.8,3726.03
2025-07-22 10:30:00+07:00,3725.99,3734.95,3708.71,3714.19
2025-07-22 10:45:00+07:00,3714.21,3732.74,3709.95,3731.9
2025-07-22 11:00:00+07:00,3731.86,3734.73,3717.87,3721.04
2025-07-22 11:15:00+07:00,3721.0,3723.39,3701.2,3706.0
2025-07-22 11:30:00+07:00,3706.12,3714.64,3683.05,3686.63
2025-07-22 11:45:00+07:00,3686.68,3694.89,3651.82,3655.82
2025-07-22 12:00:00+07:00,3655.77,3693.43,3654.32,3690.76
2025-07-22 12:15:00+07:00,3690.72,3697.56,3681.66,3683.46
2025-07-22 12:30:00+07:00,3683.59,3693.07,3676.48,3681.34
2025-07-22 12:45:00+07:00,3681.27,3693.3,3672.93,3690.53
2025-07-22 13:00:00+07:00,3690.55,3703.66,3676.78,3703.52
2025-07-22 13:15:00+07:00,3703.51,3717.07,3700.03,3706.68
2025-07-22 13:30:00+07:00,3706.75,3714.77,3694.33,3695.14
2025-07-22 13:45:00+07:00,3695.19,3697.92,3682.38,3691.94
2025-07-22 14:00:00+07:00,3691.96,3706.24,3688.72,3704.51
2025-07-22 14:15:00+07:00,3704.46,3714.43,3697.54,3712.91
2025-07-22 14:30:00+07:00,3712.91,3713.89,3694.85,3698.5
2025-07-22 14:45:00+07:00,3698.42,3701.27,3665.68,3677.18
2025-07-22 15:00:00+07:00,3677.06,3677.06,3638.91,3639.93
2025-07-22 15:15:00+07:00,3640.62,3651.03,3621.48,3629.93
2025-07-22 15:30:00+07:00,3630.05,3646.52,3624.42,3644.13
2025-07-22 15:45:00+07:00,3644.12,3656.81,3641.15,3650.61
2025-07-22 16:00:00+07:00,3650.41,3651.06,3629.26,3632.38
2025-07-22 16:15:00+07:00,3632.36,3648.87,3618.79,3645.05
2025-07-22 16:30:00+07:00,3645.26,3665.12,3644.94,3660.95
2025-07-22 16:45:00+07:00,3660.74,3668.33,3656.3,3661.11
2025-07-22 17:00:00+07:00,3661.04,3673.71,3659.92,3673.67
2025-07-22 17:15:00+07:00,3673.71,3675.7,3661.61,3673.43
2025-07-22 17:30:00+07:00,3673.45,3687.52,3673.45,3684.23
2025-07-22 17:45:00+07:00,3684.21,3698.81,3683.28,3698.75
2025-07-22 18:00:00+07:00,3698.78,3704.85,3688.8,3693.64
2025-07-22 18:15:00+07:00,3693.8,3701.5,3690.52,3698.88
2025-07-22 18:30:00+07:00,3698.92,3701.42,3683.68,3700.47
2025-07-22 18:45:00+07:00,3700.43,3720.73,3698.26,3706.13
2025-07-22 19:00:00+07:00,3706.06,3712.26,3701.69,3705.85
2025-07-22 19:15:00+07:00,3705.88,3706.36,3695.23,3701.49
2025-07-22 19:30:00+07:00,3701.57,3709.12,3691.39,3705.5
2025-07-22 19:45:00+07:00,3705.54,3707.28,3693.04,3702.48
2025-07-22 20:00:00+07:00,3702.56,3707.51,3693.97,3704.49
2025-07-22 20:15:00+07:00,3704.24,3704.32,3692.94,3696.5
2025-07-22 20:30:00+07:00,3696.53,3703.63,3667.46,3693.96
2025-07-22 20:45:00+07:00,3693.66,3693.66,3634.07,3648.38
2025-07-22 21:00:00+07:00,3648.8,3672.78,3626.85,3671.41
2025-07-22 21:15:00+07:00,3671.4,3675.95,3651.93,3661.92
2025-07-22 21:30:00+07:00,3661.91,3681.75,3659.48,3674.24
2025-07-22 21:45:00+07:00,3674.25,3708.41,3666.76,3707.28
2025-07-22 22:00:00+07:00,3707.1,3710.29,3695.12,3707.65
2025-07-22 22:15:00+07:00,3707.63,3729.52,3700.81,3717.05
2025-07-22 22:30:00+07:00,3717.03,3724.78,3706.53,3709.6
2025-07-22 22:45:00+07:00,3709.67,3729.41,3709.67,3718.65
2025-07-22 23:00:00+07:00,3718.5,3741.55,3710.36,3740.37
2025-07-22 23:15:00+07:00,3740.4,3750.4,3727.05,3731.54
2025-07-22 23:30:00+07:00,3731.48,3740.38,3722.55,3734.55
2025-07-22 23:45:00+07:00,3734.02,3734.02,3716.68,3718.45
2025-07-23 00:00:00+07:00,3717.94,3722.42,3682.11,3691.54
2025-07-23 00:15:00+07:00,3691.06,3696.95,3676.68,3690.72
2025-07-23 00:30:00+07:00,3690.74,3708.26,3681.48,3698.41
2025-07-23 00:45:00+07:00,3698.47,3708.01,3692.29,3700.03
2025-07-23 01:00:00+07:00,3699.94,3706.24,3681.28,3699.56
2025-07-23 01:15:00+07:00,3699.62,3704.56,3681.6,3699.98
2025-07-23 01:30:00+07:00,3699.79,3713.6,3692.67,3694.09
2025-07-23 01:45:00+07:00,3694.05,3725.14,3692.93,3710.93
2025-07-23 02:00:00+07:00,3710.91,3718.56,3706.04,3718.53
2025-07-23 02:15:00+07:00,3718.49,3720.58,3698.48,3708.05
2025-07-23 02:30:00+07:00,3708.0,3708.24,3678.6,3683.38
2025-07-23 02:45:00+07:00,3683.49,3683.76,3655.02,3669.87
2025-07-23 03:00:00+07:00,3669.78,3703.6,3661.46,3694.17
2025-07-23 03:15:00+07:00,3694.23,3700.51,3682.26,3692.37
2025-07-23 03:30:00+07:00,3692.12,3704.19,3685.07,3702.53
2025-07-23 03:45:00+07:00,3702.53,3711.52,3700.36,3707.39
2025-07-23 04:00:00+07:00,3707.49,3710.32,3695.55,3707.18
2025-07-23 04:15:00+07:00,3706.43,3711.75,3702.5,3706.04
2025-07-23 04:30:00+07:00,3706.06,3706.83,3694.41,3699.62
2025-07-23 04:45:00+07:00,3699.62,3710.46,3699.39,3705.84
2025-07-23 05:00:00+07:00,3705.94,3719.83,3705.94,3710.51
2025-07-23 05:15:00+07:00,3710.52,3718.33,3708.89,3717.98
2025-07-23 05:30:00+07:00,3718.04,3731.08,3717.59,3724.25
2025-07-23 05:45:00+07:00,3724.23,3725.44,3716.39,3720.01
2025-07-23 06:00:00+07:00,3720.07,3735.58,3717.76,3734.51
2025-07-23 06:15:00+07:00,3734.68,3744.4,3734.68,3741.52
2025-07-23 06:30:00+07:00,3741.49,3749.61,3737.47,3744.47
2025-07-23 06:45:00+07:00,3744.5,3751.8,3741.61,3746.46
2025-07-23 07:00:00+07:00,3746.7,3746.94,3734.92,3737.23
2025-07-23 07:15:00+07:00,3737.43,3762.53,3730.92,3734.27
2025-07-23 07:30:00+07:00,3734.21,3748.5,3728.57,3742.43
2025-07-23 07:45:00+07:00,3742.49,3747.61,3724.99,3725.87
2025-07-23 08:00:00+07:00,3725.77,3727.06,3713.35,3720.57
2025-07-23 08:15:00+07:00,3720.6,3736.34,3720.6,3723.44
2025-07-23 08:30:00+07:00,3723.79,3742.59,3719.67,3734.08
2025-07-23 08:45:00+07:00,3733.88,3741.58,3728.68,3738.74
2025-07-23 09:00:00+07:00,3738.7,3750.49,3731.0,3745.68
2025-07-23 09:15:00+07:00,3745.67,3750.24,3737.18,3749.55
2025-07-23 09:30:00+07:00,3749.61,3764.77,3731.34,3731.51
2025-07-23 09:45:00+07:00,3731.44,3747.8,3723.39,3745.42
2025-07-23 10:00:00+07:00,3745.59,3746.89,3735.01,3740.91
2025-07-23 10:15:00+07:00,3740.79,3755.77,3731.07,3754.76
2025-07-23 10:30:00+07:00,3754.7,3759.72,3742.88,3743.93
2025-07-23 10:45:00+07:00,3743.9,3743.9,3724.96,3728.77
2025-07-23 11:00:00+07:00,3728.8,3730.97,3719.76,3724.49
2025-07-23 11:15:00+07:00,3724.46,3735.08,3719.42,3733.34
2025-07-23 11:30:00+07:00,3733.38,3736.35,3730.0,3733.19
2025-07-23 11:45:00+07:00,3733.27,3735.29,3726.75,3735.02
2025-07-23 12:00:00+07:00,3735.0,3738.1,3719.25,3723.33
2025-07-23 12:15:00+07:00,3723.35,3727.86,3710.23,3713.9
2025-07-23 12:30:00+07:00,3714.06,3720.72,3702.56,3710.44
2025-07-23 12:45:00+07:00,3710.2,3718.56,3707.54,3713.85
2025-07-23 13:00:00+07:00,3713.82,3715.78,3703.44,3708.6
2025-07-23 13:15:00+07:00,3708.63,3708.63,3690.28,3700.27
2025-07-23 13:30:00+07:00,3700.2,3704.48,3686.09,3689.39
2025-07-23 13:45:00+07:00,3689.38,3696.22,3689.03,3694.93
2025-07-23 14:00:00+07:00,3694.77,3699.73,3683.8,3691.15
2025-07-23 14:15:00+07:00,3691.16,3699.45,3690.33,3692.08
2025-07-23 14:30:00+07:00,3692.04,3697.59,3669.79,3672.74
2025-07-23 14:45:00+07:00,3672.61,3675.89,3663.87,3673.22
2025-07-23 15:00:00+07:00,3673.2,3682.67,3666.95,3680.71
2025-07-23 15:15:00+07:00,3680.67,3686.56,3674.63,3683.03
2025-07-23 15:30:00+07:00,3683.05,3684.49,3671.03,3674.1
2025-07-23 15:45:00+07:00,3673.87,3692.36,3672.98,3691.7
2025-07-23 16:00:00+07:00,3691.63,3698.15,3678.76,3681.19
2025-07-23 16:15:00+07:00,3681.19,3681.19,3655.52,3655.77
2025-07-23 16:30:00+07:00,3655.82,3666.99,3649.17,3660.75
2025-07-23 16:45:00+07:00,3660.6,3666.67,3655.13,3658.51
2025-07-23 17:00:00+07:00,3658.64,3662.05,3639.78,3640.75
2025-07-23 17:15:00+07:00,3640.77,3661.77,3640.77,3657.64
2025-07-23 17:30:00+07:00,3657.63,3669.18,3655.01,3663.05
2025-07-23 17:45:00+07:00,3663.03,3669.9,3662.57,3665.8
2025-07-23 18:00:00+07:00,3665.78,3666.78,3648.11,3648.6
2025-07-23 18:15:00+07:00,3648.53,3673.67,3648.48,3671.18
2025-07-23 18:30:00+07:00,3671.21,3676.28,3668.14,3675.67
2025-07-23 18:45:00+07:00,3675.71,3675.76,3667.66,3671.55
2025-07-23 19:00:00+07:00,3671.52,3680.69,3660.88,3679.4
2025-07-23 19:15:00+07:00,3679.64,3680.65,3667.51,3674.74
2025-07-23 19:30:00+07:00,3674.4,3677.73,3650.48,3653.53
2025-07-23 19:45:00+07:00,3653.52,3665.36,3633.63,3639.9
2025-07-23 20:00:00+07:00,3639.88,3651.14,3629.56,3648.93
2025-07-23 20:15:00+07:00,3648.92,3663.37,3638.07,3661.89
2025-07-23 20:30:00+07:00,3661.59,3663.4,3607.17,3614.39
2025-07-23 20:45:00+07:00,3614.39,3615.17,3579.25,3586.94
2025-07-23 21:00:00+07:00,3586.94,3610.96,3580.26,3588.13
2025-07-23 21:15:00+07:00,3588.06,3624.7,3588.06,3620.35
2025-07-23 21:30:00+07:00,3620.14,3624.58,3598.91,3602.22
2025-07-23 21:45:00+07:00,3602.32,3618.73,3593.4,3617.47
2025-07-23 22:00:00+07:00,3617.3,3625.16,3597.47,3598.62
2025-07-23 22:15:00+07:00,3598.64,3615.99,3598.64,3607.38
2025-07-23 22:30:00+07:00,3606.96,3622.87,3604.06,3622.87
2025-07-23 22:45:00+07:00,3622.85,3647.04,3612.48,3644.52
2025-07-23 23:00:00+07:00,3644.48,3644.52,3609.51,3609.86
2025-07-23 23:15:00+07:00,3611.04,3618.39,3594.14,3606.43
2025-07-23 23:30:00+07:00,3605.58,3606.05,3584.08,3593.64
2025-07-23 23:45:00+07:00,3593.62,3593.65,3568.23,3571.29
2025-07-24 00:00:00+07:00,3571.31,3585.24,3557.5,3565.02
2025-07-24 00:15:00+07:00,3564.84,3582.56,3553.41,3568.0
2025-07-24 00:30:00+07:00,3567.98,3589.92,3559.16,3586.36
2025-07-24 00:45:00+07:00,3586.38,3594.88,3578.29,3587.51
2025-07-24 01:00:00+07:00,3587.54,3599.67,3586.06,3591.65
2025-07-24 01:15:00+07:00,3591.79,3607.5,3587.84,3595.02
2025-07-24 01:30:00+07:00,3594.92,3606.47,3590.85,3596.35
2025-07-24 01:45:00+07:00,3596.36,3604.69,3595.9,3604.59
2025-07-24 02:00:00+07:00,3604.57,3613.16,3600.65,3602.83
2025-07-24 02:15:00+07:00,3602.81,3610.18,3590.98,3594.82
2025-07-24 02:30:00+07:00,3594.79,3597.56,3586.6,3594.67
2025-07-24 02:45:00+07:00,3594.69,3609.75,3582.54,3587.78
2025-07-24 03:00:00+07:00,3587.71,3605.48,3574.85,3582.91
2025-07-24 03:15:00+07:00,3582.94,3584.96,3558.86,3566.31
2025-07-24 03:30:00+07:00,3566.52,3574.73,3542.75,3574.2
2025-07-24 03:45:00+07:00,3574.09,3579.59,3562.6,3567.37
2025-07-24 04:00:00+07:00,3567.84,3579.98,3561.09,3574.92
2025-07-24 04:15:00+07:00,3574.63,3576.86,3529.15,3543.26
2025-07-24 04:30:00+07:00,3543.36,3581.16,3527.32,3580.13
2025-07-24 04:45:00+07:00,3580.11,3593.91,3576.25,3591.43
2025-07-24 05:00:00+07:00,3591.63,3604.7,3578.04,3602.43
2025-07-24 05:15:00+07:00,3602.52,3612.13,3595.81,3611.32
2025-07-24 05:30:00+07:00,3611.24,3616.38,3606.26,3614.07
2025-07-24 05:45:00+07:00,3614.27,3619.86,3604.68,3610.4
2025-07-24 06:00:00+07:00,3610.47,3627.97,3608.78,3625.86
2025-07-24 06:15:00+07:00,3625.85,3633.97,3620.63,3629.68
2025-07-24 06:30:00+07:00,3629.67,3631.8,3626.4,3630.64
2025-07-24 06:45:00+07:00,3630.74,3632.61,3623.81,3628.23
2025-07-24 07:00:00+07:00,3628.29,3628.53,3612.61,3619.69
2025-07-24 07:15:00+07:00,3619.67,3639.45,3613.6,3634.24
2025-07-24 07:30:00+07:00,3634.33,3640.82,3628.17,3639.37
2025-07-24 07:45:00+07:00,3639.45,3645.9,3631.46,3645.38
2025-07-24 08:00:00+07:00,3645.48,3646.47,3636.96,3640.49
2025-07-24 08:15:00+07:00,3640.51,3648.28,3634.55,3637.07
2025-07-24 08:30:00+07:00,3637.41,3640.44,3625.5,3636.04
2025-07-24 08:45:00+07:00,3636.1,3647.78,3635.05,3647.52
2025-07-24 09:00:00+07:00,3647.49,3650.5,3637.02,3645.69
2025-07-24 09:15:00+07:00,3645.76,3646.39,3637.14,3639.07
2025-07-24 09:30:00+07:00,3639.07,3647.48,3637.59,3645.42
2025-07-24 09:45:00+07:00,3645.54,3651.98,3641.11,3649.33
2025-07-24 10:00:00+07:00,3649.43,3653.77,3643.57,3649.68
2025-07-24 10:15:00+07:00,3649.73,3663.67,3647.42,3661.85
2025-07-24 10:30:00+07:00,3661.91,3664.97,3653.08,3660.42
2025-07-24 10:45:00+07:00,3660.36,3661.17,3638.7,3640.33
2025-07-24 11:00:00+07:00,3640.77,3657.74,3635.42,3656.13
2025-07-24 11:15:00+07:00,3655.77,3655.77,3630.54,3632.06
2025-07-24 11:30:00+07:00,3632.08,3635.8,3618.8,3619.64
2025-07-24 11:45:00+07:00,3619.49,3624.96,3601.94,3609.18
2025-07-24 12:00:00+07:00,3609.16,3610.36,3579.02,3581.63
2025-07-24 12:15:00+07:00,3581.62,3601.03,3575.32,3579.1
2025-07-24 12:30:00+07:00,3578.93,3594.29,3576.19,3591.74
2025-07-24 12:45:00+07:00,3591.74,3591.79,3555.39,3556.12
2025-07-24 13:00:00+07:00,3555.88,3572.09,3555.21,3568.98
2025-07-24 13:15:00+07:00,3568.97,3577.85,3554.27,3574.57
2025-07-24 13:30:00+07:00,3574.46,3579.19,3532.64,3534.95
2025-07-24 13:45:00+07:00,3534.89,3549.55,3525.57,3544.09
2025-07-24 14:00:00+07:00,3544.08,3555.48,3506.26,3553.86
2025-07-24 14:15:00+07:00,3554.11,3577.73,3550.96,3570.68
2025-07-24 14:30:00+07:00,3570.65,3579.47,3557.06,3577.55
2025-07-24 14:45:00+07:00,3577.58,3595.5,3567.6,3590.85
2025-07-24 15:00:00+07:00,3590.73,3638.04,3580.01,3636.21
2025-07-24 15:15:00+07:00,3636.14,3636.38,3615.61,3622.67
2025-07-24 15:30:00+07:00,3622.74,3636.39,3622.74,3628.5
2025-07-24 15:45:00+07:00,3628.52,3644.27,3628.52,3633.37
2025-07-24 16:00:00+07:00,3633.38,3640.45,3626.65,3629.23
2025-07-24 16:15:00+07:00,3629.18,3634.39,3617.6,3626.28
2025-07-24 16:30:00+07:00,3626.32,3643.37,3621.02,3643.37
2025-07-24 16:45:00+07:00,3643.65,3643.65,3623.77,3635.7
2025-07-24 17:00:00+07:00,3635.72,3657.03,3632.51,3632.59
2025-07-24 17:15:00+07:00,3632.58,3637.69,3599.6,3600.66
2025-07-24 17:30:00+07:00,3600.66,3610.02,3590.9,3607.14
2025-07-24 17:45:00+07:00,3607.23,3625.65,3601.11,3621.12
2025-07-24 18:00:00+07:00,3620.85,3646.71,3619.1,3643.88
2025-07-24 18:15:00+07:00,3643.79,3654.57,3642.48,3644.58
2025-07-24 18:30:00+07:00,3644.44,3655.91,3641.56,3655.49
2025-07-24 18:45:00+07:00,3655.29,3660.66,3649.99,3654.89
2025-07-24 19:00:00+07:00,3654.77,3659.89,3636.98,3644.2
2025-07-24 19:15:00+07:00,3644.2,3646.92,3630.84,3644.39
2025-07-24 19:30:00+07:00,3644.53,3646.17,3619.02,3624.48
2025-07-24 19:45:00+07:00,3624.5,3645.85,3619.99,3642.15
2025-07-24 20:00:00+07:00,3642.42,3648.0,3635.2,3642.15
2025-07-24 20:15:00+07:00,3642.2,3650.13,3638.52,3645.88
2025-07-24 20:30:00+07:00,3645.85,3655.8,3628.95,3644.12
2025-07-24 20:45:00+07:00,3644.25,3654.25,3626.34,3629.67
2025-07-24 21:00:00+07:00,3629.75,3648.97,3612.19,3622.28
2025-07-24 21:15:00+07:00,3622.09,3651.18,3619.15,3646.32
2025-07-24 21:30:00+07:00,3646.38,3693.87,3644.86,3688.93
2025-07-24 21:45:00+07:00,3689.21,3737.87,3688.69,3734.63
2025-07-24 22:00:00+07:00,3734.6,3771.47,3728.58,3765.95
2025-07-24 22:15:00+07:00,3765.94,3766.05,3728.06,3738.25
2025-07-24 22:30:00+07:00,3738.05,3745.55,3710.2,3734.82
2025-07-24 22:45:00+07:00,3734.75,3743.23,3718.68,3730.69
2025-07-24 23:00:00+07:00,3730.69,3731.76,3707.5,3710.62
2025-07-24 23:15:00+07:00,3710.6,3721.36,3691.08,3691.99
2025-07-24 23:30:00+07:00,3692.03,3699.4,3672.53,3673.69
2025-07-24 23:45:00+07:00,3673.23,3692.14,3666.38,3686.55
2025-07-25 00:00:00+07:00,3686.6,3717.97,3682.17,3710.67
2025-07-25 00:15:00+07:00,3710.59,3719.11,3698.94,3707.95
2025-07-25 00:30:00+07:00,3707.98,3727.96,3707.98,3727.47
2025-07-25 00:45:00+07:00,3727.31,3733.93,3719.43,3724.38
2025-07-25 01:00:00+07:00,3724.35,3737.88,3711.39,3730.57
2025-07-25 01:15:00+07:00,3730.77,3734.52,3723.59,3733.76
2025-07-25 01:30:00+07:00,3733.79,3742.28,3727.66,3735.96
2025-07-25 01:45:00+07:00,3736.05,3750.44,3733.73,3740.65
2025-07-25 02:00:00+07:00,3740.55,3754.31,3737.96,3747.85
2025-07-25 02:15:00+07:00,3747.66,3752.01,3726.74,3734.9
2025-07-25 02:30:00+07:00,3735.34,3736.5,3719.82,3727.12
2025-07-25 02:45:00+07:00,3727.17,3744.68,3722.64,3731.84
2025-07-25 03:00:00+07:00,3731.8,3740.05,3722.69,3731.13
2025-07-25 03:15:00+07:00,3731.48,3738.61,3722.0,3737.57
2025-07-25 03:30:00+07:00,3737.71,3739.45,3729.18,3733.88
2025-07-25 03:45:00+07:00,3733.9,3743.04,3732.19,3734.81
2025-07-25 04:00:00+07:00,3734.83,3742.47,3725.1,3731.05
2025-07-25 04:15:00+07:00,3731.17,3735.5,3716.88,3718.51
2025-07-25 04:30:00+07:00,3718.46,3730.88,3710.2,3726.28
2025-07-25 04:45:00+07:00,3726.31,3729.39,3719.48,3725.37
2025-07-25 05:00:00+07:00,3725.35,3730.31,3700.27,3704.05
2025-07-25 05:15:00+07:00,3703.92,3720.9,3703.13,3718.09
2025-07-25 05:30:00+07:00,3718.01,3735.15,3712.12,3731.48
2025-07-25 05:45:00+07:00,3731.46,3731.47,3714.92,3723.82
2025-07-25 06:00:00+07:00,3723.77,3723.77,3706.91,3708.5
2025-07-25 06:15:00+07:00,3708.52,3715.31,3694.21,3703.75
2025-07-25 06:30:00+07:00,3703.76,3719.49,3699.68,3712.88
2025-07-25 06:45:00+07:00,3713.44,3716.33,3699.59,3706.45
2025-07-25 07:00:00+07:00,3706.67,3707.52,3680.4,3684.24
2025-07-25 07:15:00+07:00,3684.22,3687.37,3677.83,3685.31
2025-07-25 07:30:00+07:00,3685.25,3685.61,3645.72,3666.36
2025-07-25 07:45:00+07:00,3666.18,3669.81,3652.02,3658.68
2025-07-25 08:00:00+07:00,3658.64,3671.49,3650.79,3655.08
2025-07-25 08:15:00+07:00,3655.07,3666.34,3640.46,3658.41
2025-07-25 08:30:00+07:00,3658.41,3685.23,3652.03,3676.16
2025-07-25 08:45:00+07:00,3676.1,3690.46,3665.23,3681.92
2025-07-25 09:00:00+07:00,3681.86,3690.34,3675.44,3682.91
2025-07-25 09:15:00+07:00,3682.97,3687.28,3670.36,3681.64
2025-07-25 09:30:00+07:00,3681.65,3687.41,3642.54,3643.7
2025-07-25 09:45:00+07:00,3643.72,3650.65,3613.94,3614.13
2025-07-25 10:00:00+07:00,3614.17,3631.64,3601.56,3622.5
2025-07-25 10:15:00+07:00,3622.31,3632.87,3609.35,3618.84
2025-07-25 10:30:00+07:00,3618.75,3618.75,3572.56,3591.63
2025-07-25 10:45:00+07:00,3591.66,3598.63,3580.62,3594.57
2025-07-25 11:00:00+07:00,3594.47,3605.85,3585.23,3587.33
2025-07-25 11:15:00+07:00,3587.32,3597.49,3577.93,3596.09
2025-07-25 11:30:00+07:00,3596.18,3624.97,3595.48,3618.5
2025-07-25 11:45:00+07:00,3618.72,3650.09,3618.72,3647.17
2025-07-25 12:00:00+07:00,3647.23,3648.39,3610.34,3611.34
2025-07-25 12:15:00+07:00,3611.31,3640.22,3610.94,3632.06
2025-07-25 12:30:00+07:00,3632.04,3632.04,3620.46,3628.72
2025-07-25 12:45:00+07:00,3628.67,3636.42,3619.89,3632.43
2025-07-25 13:00:00+07:00,3632.45,3634.14,3610.78,3626.43
2025-07-25 13:15:00+07:00,3626.4,3630.89,3611.63,3623.34
2025-07-25 13:30:00+07:00,3623.25,3640.54,3615.39,3639.11
2025-07-25 13:45:00+07:00,3639.01,3643.14,3626.17,3630.49
2025-07-25 14:00:00+07:00,3630.39,3638.93,3614.63,3635.74
2025-07-25 14:15:00+07:00,3635.71,3667.04,3632.64,3632.64
2025-07-25 14:30:00+07:00,3632.38,3639.87,3611.89,3614.85
2025-07-25 14:45:00+07:00,3614.76,3638.05,3598.56,3631.03
2025-07-25 15:00:00+07:00,3631.12,3650.77,3628.2,3644.1
2025-07-25 15:15:00+07:00,3644.09,3670.34,3639.59,3664.82
2025-07-25 15:30:00+07:00,3664.81,3666.18,3641.6,3644.99
2025-07-25 15:45:00+07:00,3644.73,3677.83,3638.77,3664.34
2025-07-25 16:00:00+07:00,3664.46,3667.76,3649.41,3667.04
2025-07-25 16:15:00+07:00,3667.02,3705.48,3661.12,3705.48
2025-07-25 16:30:00+07:00,3705.5,3726.23,3696.93,3696.93
2025-07-25 16:45:00+07:00,3696.81,3732.46,3689.76,3726.13
2025-07-25 17:00:00+07:00,3726.38,3747.11,3712.05,3721.04
2025-07-25 17:15:00+07:00,3720.93,3721.51,3705.9,3707.62
2025-07-25 17:30:00+07:00,3707.85,3725.04,3707.52,3721.56
2025-07-25 17:45:00+07:00,3721.58,3725.45,3712.32,3718.63
2025-07-25 18:00:00+07:00,3718.89,3732.78,3717.47,3728.22
2025-07-25 18:15:00+07:00,3728.22,3743.43,3727.63,3738.47
2025-07-25 18:30:00+07:00,3738.22,3740.18,3715.6,3717.49
2025-07-25 18:45:00+07:00,3717.19,3725.03,3715.77,3720.7
2025-07-25 19:00:00+07:00,3720.78,3734.82,3717.05,3727.28
2025-07-25 19:15:00+07:00,3727.55,3730.78,3709.48,3714.64
2025-07-25 19:30:00+07:00,3714.77,3733.17,3702.37,3729.21
2025-07-25 19:45:00+07:00,3729.19,3731.02,3693.7,3704.0
2025-07-25 20:00:00+07:00,3704.0,3711.21,3693.51,3705.94
2025-07-25 20:15:00+07:00,3705.58,3709.7,3702.04,3704.76
2025-07-25 20:30:00+07:00,3704.79,3719.88,3676.6,3687.82
2025-07-25 20:45:00+07:00,3687.82,3705.74,3680.69,3705.55
2025-07-25 21:00:00+07:00,3705.71,3708.24,3679.99,3679.99
2025-07-25 21:15:00+07:00,3680.08,3689.18,3672.01,3679.96
2025-07-25 21:30:00+07:00,3679.95,3686.13,3635.9,3639.04
2025-07-25 21:45:00+07:00,3639.15,3650.92,3620.77,3627.97
2025-07-25 22:00:00+07:00,3627.77,3643.11,3616.24,3633.37
2025-07-25 22:15:00+07:00,3633.18,3646.13,3629.13,3638.64
2025-07-25 22:30:00+07:00,3638.33,3642.87,3600.29,3609.48
2025-07-25 22:45:00+07:00,3609.51,3636.42,3609.29,3632.4
2025-07-25 23:00:00+07:00,3632.39,3644.03,3630.82,3636.92
2025-07-25 23:15:00+07:00,3637.08,3640.79,3615.22,3629.62
2025-07-25 23:30:00+07:00,3629.59,3635.68,3616.86,3630.83
2025-07-25 23:45:00+07:00,3630.66,3644.07,3629.62,3639.2
2025-07-26 00:00:00+07:00,3638.97,3651.12,3633.36,3641.16
2025-07-26 00:15:00+07:00,3641.1,3643.9,3619.79,3632.54
2025-07-26 00:30:00+07:00,3632.55,3639.73,3622.66,3634.98
2025-07-26 00:45:00+07:00,3635.16,3641.82,3627.79,3634.85
2025-07-26 01:00:00+07:00,3634.93,3649.2,3633.89,3646.78
2025-07-26 01:15:00+07:00,3646.85,3652.56,3640.98,3648.53
2025-07-26 01:30:00+07:00,3648.56,3654.22,3643.54,3653.43
2025-07-26 01:45:00+07:00,3653.4,3656.02,3646.87,3648.49
2025-07-26 02:00:00+07:00,3648.37,3656.7,3644.16,3653.25
2025-07-26 02:15:00+07:00,3653.23,3655.86,3641.48,3642.53
2025-07-26 02:30:00+07:00,3642.47,3657.44,3642.04,3653.58
2025-07-26 02:45:00+07:00,3653.73,3658.46,3639.18,3639.3
2025-07-26 03:00:00+07:00,3639.69,3647.35,3638.12,3642.91
2025-07-26 03:15:00+07:00,3642.93,3661.68,3642.93,3661.26
2025-07-26 03:30:00+07:00,3661.22,3691.17,3657.98,3690.77
2025-07-26 03:45:00+07:00,3690.89,3696.82,3682.51,3684.12
2025-07-26 04:00:00+07:00,3684.15,3716.52,3684.12,3714.63
2025-07-26 04:15:00+07:00,3714.53,3726.19,3709.01,3720.0
2025-07-26 04:30:00+07:00,3720.04,3721.63,3706.41,3709.07
2025-07-26 04:45:00+07:00,3709.09,3726.09,3708.44,3718.97
2025-07-26 05:00:00+07:00,3719.07,3725.75,3714.33,3723.04
2025-07-26 05:15:00+07:00,3723.02,3726.0,3714.81,3718.83
2025-07-26 05:30:00+07:00,3718.73,3729.66,3718.34,3723.82
2025-07-26 05:45:00+07:00,3723.82,3723.82,3717.0,3720.05
2025-07-26 06:00:00+07:00,3720.01,3720.48,3708.88,3709.05
2025-07-26 06:15:00+07:00,3709.05,3723.84,3709.05,3715.36
2025-07-26 06:30:00+07:00,3715.38,3726.65,3712.9,3720.48
2025-07-26 06:45:00+07:00,3720.21,3729.1,3720.04,3724.47
2025-07-26 07:00:00+07:00,3724.38,3725.88,3710.63,3713.35
2025-07-26 07:15:00+07:00,3713.37,3727.92,3712.36,3726.94
2025-07-26 07:30:00+07:00,3726.98,3727.64,3719.71,3719.95
2025-07-26 07:45:00+07:00,3719.92,3725.5,3713.08,3725.29
2025-07-26 08:00:00+07:00,3725.3,3725.83,3716.15,3721.61
2025-07-26 08:15:00+07:00,3721.46,3721.94,3713.38,3718.85
2025-07-26 08:30:00+07:00,3718.85,3721.49,3708.18,3708.78
2025-07-26 08:45:00+07:00,3708.66,3714.61,3699.3,3701.43
2025-07-26 09:00:00+07:00,3701.45,3714.73,3701.45,3714.73
2025-07-26 09:15:00+07:00,3714.97,3747.08,3714.97,3745.65
2025-07-26 09:30:00+07:00,3745.56,3767.15,3730.47,3735.33
2025-07-26 09:45:00+07:00,3735.42,3746.29,3734.52,3741.69
2025-07-26 10:00:00+07:00,3741.72,3742.82,3730.9,3736.41
2025-07-26 10:15:00+07:00,3736.54,3741.07,3727.96,3728.31
2025-07-26 10:30:00+07:00,3728.32,3735.99,3727.92,3733.43
2025-07-26 10:45:00+07:00,3733.45,3746.28,3732.12,3738.43
2025-07-26 11:00:00+07:00,3738.41,3749.11,3736.44,3747.16
2025-07-26 11:15:00+07:00,3747.16,3749.13,3740.34,3744.96
2025-07-26 11:30:00+07:00,3744.92,3750.39,3742.99,3750.35
2025-07-26 11:45:00+07:00,3750.07,3753.09,3744.38,3747.33
2025-07-26 12:00:00+07:00,3747.36,3748.66,3733.05,3738.22
2025-07-26 12:15:00+07:00,3737.95,3749.47,3737.58,3749.07
2025-07-26 12:30:00+07:00,3749.08,3756.18,3746.29,3749.69
2025-07-26 12:45:00+07:00,3749.63,3751.06,3744.68,3747.31
2025-07-26 13:00:00+07:00,3747.23,3749.82,3739.81,3743.56
2025-07-26 13:15:00+07:00,3743.57,3746.99,3730.81,3737.71
2025-07-26 13:30:00+07:00,3737.75,3743.98,3734.12,3740.2
2025-07-26 13:45:00+07:00,3740.23,3741.47,3734.53,3739.0
2025-07-26 14:00:00+07:00,3738.97,3746.19,3737.1,3745.5
2025-07-26 14:15:00+07:00,3745.45,3747.86,3740.88,3742.56
2025-07-26 14:30:00+07:00,3742.51,3745.7,3739.63,3744.26
2025-07-26 14:45:00+07:00,3744.23,3746.1,3740.36,3741.49
2025-07-26 15:00:00+07:00,3741.53,3745.38,3741.53,3743.37
2025-07-26 15:15:00+07:00,3743.34,3763.67,3742.9,3761.17
2025-07-26 15:30:00+07:00,3761.13,3765.72,3754.23,3755.76
2025-07-26 15:45:00+07:00,3755.74,3779.11,3754.0,3761.98
2025-07-26 16:00:00+07:00,3761.89,3765.01,3750.78,3758.07
2025-07-26 16:15:00+07:00,3758.12,3762.09,3751.13,3751.49
2025-07-26 16:30:00+07:00,3751.49,3754.94,3748.5,3753.29
2025-07-26 16:45:00+07:00,3753.41,3758.74,3751.16,3757.9
2025-07-26 17:00:00+07:00,3757.98,3762.98,3751.17,3757.29
2025-07-26 17:15:00+07:00,3757.29,3766.37,3757.29,3763.13
2025-07-26 17:30:00+07:00,3763.16,3783.06,3761.05,3779.27
2025-07-26 17:45:00+07:00,3779.28,3779.84,3757.18,3758.93
2025-07-26 18:00:00+07:00,3759.04,3767.32,3755.05,3766.84
2025-07-26 18:15:00+07:00,3766.84,3769.23,3744.32,3748.66
2025-07-26 18:30:00+07:00,3748.69,3749.16,3729.94,3741.19
2025-07-26 18:45:00+07:00,3741.2,3744.17,3733.36,3738.99
2025-07-26 19:00:00+07:00,3739.06,3741.19,3725.97,3735.62
2025-07-26 19:15:00+07:00,3735.69,3749.35,3735.69,3741.71
2025-07-26 19:30:00+07:00,3741.7,3744.93,3738.53,3744.47
2025-07-26 19:45:00+07:00,3744.46,3751.36,3740.41,3741.37
2025-07-26 20:00:00+07:00,3741.33,3750.84,3735.45,3749.8
2025-07-26 20:15:00+07:00,3749.74,3749.74,3741.41,3744.56
2025-07-26 20:30:00+07:00,3744.54,3752.66,3741.48,3752.5
2025-07-26 20:45:00+07:00,3752.45,3754.1,3741.01,3743.28
2025-07-26 21:00:00+07:00,3743.28,3748.34,3736.72,3739.59
2025-07-26 21:15:00+07:00,3739.72,3745.26,3724.53,3729.49
2025-07-26 21:30:00+07:00,3729.62,3734.98,3725.65,3734.13
2025-07-26 21:45:00+07:00,3734.14,3737.8,3726.53,3726.93
2025-07-26 22:00:00+07:00,3727.29,3736.09,3720.39,3722.34
2025-07-26 22:15:00+07:00,3722.37,3726.91,3715.03,3724.36
2025-07-26 22:30:00+07:00,3724.4,3730.75,3722.04,3729.21
2025-07-26 22:45:00+07:00,3729.18,3739.38,3728.81,3735.02
2025-07-26 23:00:00+07:00,3735.05,3741.24,3719.41,3724.54
2025-07-26 23:15:00+07:00,3724.53,3734.42,3724.53,3730.04
2025-07-26 23:30:00+07:00,3730.14,3734.94,3724.64,3728.35
2025-07-26 23:45:00+07:00,3728.28,3730.9,3722.83,3727.32
2025-07-27 00:00:00+07:00,3727.26,3728.04,3720.89,3726.4
2025-07-27 00:15:00+07:00,3726.44,3734.51,3724.58,3730.28
2025-07-27 00:30:00+07:00,3730.25,3730.42,3720.74,3723.78
2025-07-27 00:45:00+07:00,3723.76,3726.16,3721.64,3722.91
2025-07-27 01:00:00+07:00,3722.96,3728.77,3721.24,3726.07
2025-07-27 01:15:00+07:00,3726.07,3732.6,3708.01,3730.76
2025-07-27 01:30:00+07:00,3730.84,3755.52,3730.84,3743.26
2025-07-27 01:45:00+07:00,3743.18,3746.88,3738.67,3739.15
2025-07-27 02:00:00+07:00,3739.13,3748.01,3738.85,3744.07
2025-07-27 02:15:00+07:00,3744.05,3749.86,3740.41,3742.77
2025-07-27 02:30:00+07:00,3742.82,3745.67,3739.57,3744.75
2025-07-27 02:45:00+07:00,3744.75,3755.81,3743.43,3749.75
2025-07-27 03:00:00+07:00,3749.74,3751.06,3740.28,3740.59
2025-07-27 03:15:00+07:00,3740.62,3742.94,3736.02,3736.48
2025-07-27 03:30:00+07:00,3736.5,3748.41,3733.54,3745.45
2025-07-27 03:45:00+07:00,3745.39,3748.38,3741.16,3744.03
2025-07-27 04:00:00+07:00,3743.95,3743.95,3737.03,3737.46
2025-07-27 04:15:00+07:00,3737.44,3744.11,3736.79,3742.63
2025-07-27 04:30:00+07:00,3742.63,3750.33,3742.63,3746.68
2025-07-27 04:45:00+07:00,3746.6,3762.91,3746.11,3757.87
2025-07-27 05:00:00+07:00,3757.96,3765.52,3748.7,3757.66
2025-07-27 05:15:00+07:00,3757.62,3794.07,3746.2,3746.2
2025-07-27 05:30:00+07:00,3746.25,3756.4,3741.36,3750.51
2025-07-27 05:45:00+07:00,3750.39,3755.36,3747.0,3749.19
2025-07-27 06:00:00+07:00,3749.16,3754.66,3744.83,3745.2
2025-07-27 06:15:00+07:00,3745.23,3750.7,3739.26,3743.67
2025-07-27 06:30:00+07:00,3743.63,3744.42,3735.39,3741.84
2025-07-27 06:45:00+07:00,3741.82,3741.82,3736.64,3740.63
2025-07-27 07:00:00+07:00,3740.66,3742.04,3729.41,3735.28
2025-07-27 07:15:00+07:00,3735.22,3744.01,3731.78,3740.33
2025-07-27 07:30:00+07:00,3740.85,3752.27,3738.61,3743.57
2025-07-27 07:45:00+07:00,3743.6,3755.48,3739.48,3755.43
2025-07-27 08:00:00+07:00,3755.4,3768.46,3749.28,3767.42
2025-07-27 08:15:00+07:00,3767.08,3772.3,3762.26,3765.0
2025-07-27 08:30:00+07:00,3764.87,3769.22,3759.37,3764.09
2025-07-27 08:45:00+07:00,3764.21,3764.37,3753.06,3755.43
2025-07-27 09:00:00+07:00,3755.38,3765.85,3750.87,3765.17
2025-07-27 09:15:00+07:00,3765.26,3770.05,3759.9,3761.68
2025-07-27 09:30:00+07:00,3761.72,3771.59,3761.56,3769.36
2025-07-27 09:45:00+07:00,3769.39,3787.73,3764.04,3784.14
2025-07-27 10:00:00+07:00,3784.08,3785.77,3772.67,3774.49
2025-07-27 10:15:00+07:00,3774.33,3780.26,3769.64,3775.78
2025-07-27 10:30:00+07:00,3775.82,3780.22,3771.48,3777.92
2025-07-27 10:45:00+07:00,3777.93,3779.59,3770.58,3773.4
2025-07-27 11:00:00+07:00,3773.38,3777.97,3767.42,3769.47
2025-07-27 11:15:00+07:00,3769.45,3776.88,3768.82,3773.61
2025-07-27 11:30:00+07:00,3773.63,3787.25,3773.09,3784.51
2025-07-27 11:45:00+07:00,3784.51,3791.08,3780.18,3789.94
2025-07-27 12:00:00+07:00,3790.05,3794.3,3784.65,3792.06
2025-07-27 12:15:00+07:00,3791.46,3810.81,3788.38,3798.65
2025-07-27 12:30:00+07:00,3798.58,3800.38,3785.78,3786.81
2025-07-27 12:45:00+07:00,3786.83,3791.61,3782.93,3790.58
2025-07-27 13:00:00+07:00,3790.54,3790.54,3772.82,3777.38
2025-07-27 13:15:00+07:00,3777.51,3781.31,3773.64,3775.0
2025-07-27 13:30:00+07:00,3774.94,3779.03,3772.1,3777.82
2025-07-27 13:45:00+07:00,3778.02,3778.73,3763.49,3771.61
2025-07-27 14:00:00+07:00,3771.61,3777.66,3766.05,3775.23
2025-07-27 14:15:00+07:00,3775.47,3782.27,3773.5,3775.57
2025-07-27 14:30:00+07:00,3775.6,3776.16,3770.07,3774.03
2025-07-27 14:45:00+07:00,3774.01,3774.76,3761.63,3767.13
2025-07-27 15:00:00+07:00,3767.16,3772.82,3765.07,3769.52
2025-07-27 15:15:00+07:00,3770.43,3775.84,3765.88,3767.99
2025-07-27 15:30:00+07:00,3767.87,3771.3,3763.82,3771.11
2025-07-27 15:45:00+07:00,3771.2,3774.28,3768.61,3770.07
2025-07-27 16:00:00+07:00,3770.03,3773.31,3765.72,3769.0
2025-07-27 16:15:00+07:00,3768.97,3771.47,3766.16,3767.08
2025-07-27 16:30:00+07:00,3767.01,3771.42,3762.86,3765.64
2025-07-27 16:45:00+07:00,3765.72,3765.74,3750.0,3762.68
2025-07-27 17:00:00+07:00,3762.68,3777.37,3762.41,3776.8
2025-07-27 17:15:00+07:00,3776.75,3792.29,3776.63,3784.55
2025-07-27 17:30:00+07:00,3784.66,3823.11,3781.84,3820.17
2025-07-27 17:45:00+07:00,3820.23,3841.03,3811.35,3816.47
2025-07-27 18:00:00+07:00,3816.5,3826.73,3808.72,3824.41
2025-07-27 18:15:00+07:00,3825.09,3835.79,3821.31,3824.05
2025-07-27 18:30:00+07:00,3824.04,3831.69,3810.5,3814.09
2025-07-27 18:45:00+07:00,3814.06,3818.27,3804.27,3814.73
2025-07-27 19:00:00+07:00,3815.1,3834.03,3814.85,3833.7
2025-07-27 19:15:00+07:00,3833.66,3836.36,3812.51,3814.25
2025-07-27 19:30:00+07:00,3814.32,3818.34,3804.95,3812.25
2025-07-27 19:45:00+07:00,3812.17,3829.7,3812.14,3825.49
2025-07-27 20:00:00+07:00,3825.47,3830.44,3818.26,3821.13
2025-07-27 20:15:00+07:00,3821.07,3821.25,3813.37,3819.18
2025-07-27 20:30:00+07:00,3819.2,3819.54,3810.06,3811.96
2025-07-27 20:45:00+07:00,3811.95,3813.79,3805.92,3809.79
2025-07-27 21:00:00+07:00,3809.75,3817.14,3804.83,3811.45
2025-07-27 21:15:00+07:00,3811.5,3822.87,3806.87,3811.86
2025-07-27 21:30:00+07:00,3811.8,3817.8,3805.14,3805.57
2025-07-27 21:45:00+07:00,3805.48,3812.55,3791.36,3808.96
2025-07-27 22:00:00+07:00,3808.84,3812.13,3795.09,3797.92
2025-07-27 22:15:00+07:00,3797.65,3810.22,3793.17,3804.86
2025-07-27 22:30:00+07:00,3804.82,3816.74,3803.05,3814.99
2025-07-27 22:45:00+07:00,3814.95,3821.01,3811.42,3818.26
2025-07-27 23:00:00+07:00,3818.33,3830.91,3817.65,3828.62
2025-07-27 23:15:00+07:00,3828.6,3838.7,3824.28,3835.93
2025-07-27 23:30:00+07:00,3835.93,3851.32,3833.85,3834.82
2025-07-27 23:45:00+07:00,3834.63,3842.47,3810.45,3815.47
2025-07-28 00:00:00+07:00,3815.49,3824.35,3808.15,3816.18
2025-07-28 00:15:00+07:00,3816.17,3826.16,3809.43,3823.83
2025-07-28 00:30:00+07:00,3823.98,3829.18,3815.39,3826.33
2025-07-28 00:45:00+07:00,3826.57,3841.66,3825.29,3837.97
2025-07-28 01:00:00+07:00,3837.88,3849.71,3832.93,3845.97
2025-07-28 01:15:00+07:00,3845.9,3868.42,3840.13,3860.42
2025-07-28 01:30:00+07:00,3860.48,3865.73,3850.67,3855.19
2025-07-28 01:45:00+07:00,3855.17,3855.17,3844.38,3845.91
2025-07-28 02:00:00+07:00,3845.87,3851.94,3839.56,3847.69
2025-07-28 02:15:00+07:00,3847.67,3847.67,3835.53,3837.58
2025-07-28 02:30:00+07:00,3837.58,3843.53,3830.58,3833.44
2025-07-28 02:45:00+07:00,3833.39,3837.63,3825.56,3827.87
2025-07-28 03:00:00+07:00,3827.87,3842.77,3827.06,3836.28
2025-07-28 03:15:00+07:00,3836.26,3840.33,3829.18,3833.57
2025-07-28 03:30:00+07:00,3833.59,3833.76,3822.41,3823.89
2025-07-28 03:45:00+07:00,3823.84,3828.91,3818.87,3821.71
2025-07-28 04:00:00+07:00,3821.76,3829.41,3820.52,3821.43
2025-07-28 04:15:00+07:00,3821.38,3826.95,3817.83,3826.95
2025-07-28 04:30:00+07:00,3826.97,3831.18,3814.8,3819.65
2025-07-28 04:45:00+07:00,3819.63,3839.79,3819.51,3835.78
2025-07-28 05:00:00+07:00,3835.97,3855.85,3834.78,3854.91
2025-07-28 05:15:00+07:00,3855.06,3859.73,3841.57,3854.89
2025-07-28 05:30:00+07:00,3854.93,3875.01,3848.71,3873.74
2025-07-28 05:45:00+07:00,3873.71,3879.21,3859.44,3863.35
2025-07-28 06:00:00+07:00,3863.62,3864.19,3838.64,3842.35
2025-07-28 06:15:00+07:00,3842.39,3862.26,3840.01,3858.53
2025-07-28 06:30:00+07:00,3858.58,3865.42,3849.24,3861.36
2025-07-28 06:45:00+07:00,3861.34,3875.47,3859.51,3871.71
2025-07-28 07:00:00+07:00,3871.9,3881.78,3859.02,3881.04
2025-07-28 07:15:00+07:00,3881.07,3886.58,3870.63,3884.86
2025-07-28 07:30:00+07:00,3884.71,3885.57,3864.39,3864.86
2025-07-28 07:45:00+07:00,3864.68,3872.92,3854.32,3861.01
2025-07-28 08:00:00+07:00,3860.91,3864.31,3847.84,3852.05
2025-07-28 08:15:00+07:00,3852.04,3864.29,3849.59,3859.19
2025-07-28 08:30:00+07:00,3859.15,3859.15,3845.49,3848.62
2025-07-28 08:45:00+07:00,3848.6,3851.37,3843.47,3849.23
2025-07-28 09:00:00+07:00,3849.04,3858.79,3842.1,3855.88
2025-07-28 09:15:00+07:00,3855.82,3874.93,3855.69,3873.93
2025-07-28 09:30:00+07:00,3874.0,3907.06,3871.49,3889.66
2025-07-28 09:45:00+07:00,3889.7,3898.34,3879.46,3885.71
2025-07-28 10:00:00+07:00,3885.4,3893.38,3875.54,3879.62
2025-07-28 10:15:00+07:00,3879.58,3884.59,3870.34,3870.78
2025-07-28 10:30:00+07:00,3870.75,3879.25,3867.64,3867.72
2025-07-28 10:45:00+07:00,3867.7,3879.35,3867.51,3879.02
2025-07-28 11:00:00+07:00,3878.97,3886.42,3871.34,3871.34
2025-07-28 11:15:00+07:00,3871.23,3881.13,3867.52,3879.4
2025-07-28 11:30:00+07:00,3879.38,3901.43,3873.77,3897.62
2025-07-28 11:45:00+07:00,3897.78,3905.28,3893.99,3901.58
2025-07-28 12:00:00+07:00,3901.73,3923.18,3899.86,3921.13
2025-07-28 12:15:00+07:00,3921.17,3940.17,3921.17,3938.66
2025-07-28 12:30:00+07:00,3938.46,3939.15,3922.83,3934.38
2025-07-28 12:45:00+07:00,3934.36,3941.35,3927.72,3929.37
2025-07-28 13:00:00+07:00,3929.37,3933.71,3924.18,3932.49
2025-07-28 13:15:00+07:00,3932.45,3933.75,3916.5,3921.24
2025-07-28 13:30:00+07:00,3921.1,3926.64,3910.07,3911.7
2025-07-28 13:45:00+07:00,3911.74,3916.12,3909.14,3912.2
2025-07-28 14:00:00+07:00,3912.24,3913.57,3880.8,3883.33
2025-07-28 14:15:00+07:00,3883.64,3896.94,3875.56,3894.82
2025-07-28 14:30:00+07:00,3894.81,3896.02,3882.99,3889.66
2025-07-28 14:45:00+07:00,3889.17,3893.39,3886.31,3892.47
2025-07-28 15:00:00+07:00,3892.41,3900.87,3883.37,3887.02
2025-07-28 15:15:00+07:00,3887.06,3900.43,3886.77,3897.26
2025-07-28 15:30:00+07:00,3897.1,3897.92,3882.0,3887.46
2025-07-28 15:45:00+07:00,3887.48,3893.75,3885.33,3891.26
2025-07-28 16:00:00+07:00,3891.19,3891.24,3883.1,3886.28
2025-07-28 16:15:00+07:00,3886.18,3891.58,3878.58,3880.91
2025-07-28 16:30:00+07:00,3880.99,3889.22,3871.71,3877.2
2025-07-28 16:45:00+07:00,3877.26,3895.57,3877.26,3893.57
2025-07-28 17:00:00+07:00,3893.73,3897.06,3881.2,3881.84
2025-07-28 17:15:00+07:00,3881.66,3892.94,3881.54,3889.15
2025-07-28 17:30:00+07:00,3889.14,3889.14,3875.4,3885.59
2025-07-28 17:45:00+07:00,3885.5,3889.22,3880.06,3887.52
2025-07-28 18:00:00+07:00,3887.49,3893.09,3876.48,3878.52
2025-07-28 18:15:00+07:00,3878.32,3878.92,3869.36,3869.6
2025-07-28 18:30:00+07:00,3869.53,3875.78,3858.75,3870.81
2025-07-28 18:45:00+07:00,3870.69,3879.51,3870.69,3879.21
2025-07-28 19:00:00+07:00,3879.22,3886.32,3872.1,3881.31
2025-07-28 19:15:00+07:00,3881.16,3889.34,3879.11,3882.92
2025-07-28 19:30:00+07:00,3882.9,3889.02,3880.16,3886.07
2025-07-28 19:45:00+07:00,3886.09,3886.95,3868.56,3870.47
2025-07-28 20:00:00+07:00,3870.47,3874.46,3855.1,3858.28
2025-07-28 20:15:00+07:00,3858.42,3863.65,3834.29,3843.88
2025-07-28 20:30:00+07:00,3843.83,3867.56,3825.44,3852.09
2025-07-28 20:45:00+07:00,3851.94,3859.75,3832.01,3843.34
2025-07-28 21:00:00+07:00,3843.25,3852.01,3831.96,3835.55
2025-07-28 21:15:00+07:00,3835.91,3838.66,3775.65,3783.97
2025-07-28 21:30:00+07:00,3784.35,3797.49,3772.03,3794.42
2025-07-28 21:45:00+07:00,3794.86,3795.93,3780.16,3784.39
2025-07-28 22:00:00+07:00,3784.2,3801.41,3780.07,3800.62
2025-07-28 22:15:00+07:00,3800.58,3820.7,3798.28,3813.91
2025-07-28 22:30:00+07:00,3813.79,3820.31,3803.34,3805.39
2025-07-28 22:45:00+07:00,3805.31,3812.98,3788.71,3806.47
2025-07-28 23:00:00+07:00,3806.45,3808.65,3791.78,3797.29
2025-07-28 23:15:00+07:00,3797.37,3815.36,3793.4,3812.46
2025-07-28 23:30:00+07:00,3812.44,3817.11,3802.99,3816.38
2025-07-28 23:45:00+07:00,3816.36,3821.44,3804.19,3804.9
2025-07-29 00:00:00+07:00,3804.79,3808.56,3791.6,3791.92
2025-07-29 00:15:00+07:00,3792.02,3802.49,3777.69,3801.73
2025-07-29 00:30:00+07:00,3801.92,3808.08,3786.45,3791.21
2025-07-29 00:45:00+07:00,3791.23,3795.61,3781.54,3783.74
2025-07-29 01:00:00+07:00,3783.83,3787.64,3752.51,3776.83
2025-07-29 01:15:00+07:00,3776.9,3779.78,3753.37,3770.48
2025-07-29 01:30:00+07:00,3770.71,3777.28,3753.27,3776.09
2025-07-29 01:45:00+07:00,3776.26,3783.7,3768.57,3781.33
2025-07-29 02:00:00+07:00,3781.57,3802.28,3780.81,3800.1
2025-07-29 02:15:00+07:00,3799.93,3805.64,3797.19,3798.22
2025-07-29 02:30:00+07:00,3797.5,3797.54,3768.78,3771.08
2025-07-29 02:45:00+07:00,3771.15,3797.42,3763.1,3796.22
2025-07-29 03:00:00+07:00,3796.62,3802.89,3776.53,3780.22
2025-07-29 03:15:00+07:00,3780.27,3787.18,3764.67,3765.64
2025-07-29 03:30:00+07:00,3765.97,3786.17,3764.42,3776.86
2025-07-29 03:45:00+07:00,3776.77,3790.32,3771.74,3786.84
2025-07-29 04:00:00+07:00,3786.81,3795.21,3777.98,3781.17
2025-07-29 04:15:00+07:00,3781.02,3788.66,3773.79,3782.83
2025-07-29 04:30:00+07:00,3782.8,3802.08,3778.51,3801.97
2025-07-29 04:45:00+07:00,3801.95,3802.42,3779.2,3787.7
2025-07-29 05:00:00+07:00,3787.68,3802.25,3786.91,3797.18
2025-07-29 05:15:00+07:00,3797.61,3799.91,3785.92,3793.02
2025-07-29 05:30:00+07:00,3792.98,3795.65,3764.46,3775.57
2025-07-29 05:45:00+07:00,3775.11,3786.08,3768.63,3785.94
2025-07-29 06:00:00+07:00,3785.66,3787.99,3773.47,3786.58
2025-07-29 06:15:00+07:00,3786.6,3799.08,3782.44,3784.74
2025-07-29 06:30:00+07:00,3784.76,3799.07,3781.84,3786.84
2025-07-29 06:45:00+07:00,3786.82,3796.47,3773.51,3796.47
2025-07-29 07:00:00+07:00,3796.51,3807.67,3786.89,3807.41
2025-07-29 07:15:00+07:00,3807.37,3820.75,3806.54,3808.37
2025-07-29 07:30:00+07:00,3808.47,3815.59,3740.33,3753.76
2025-07-29 07:45:00+07:00,3753.73,3779.52,3746.13,3779.27
2025-07-29 08:00:00+07:00,3779.29,3786.21,3767.7,3782.19
2025-07-29 08:15:00+07:00,3781.97,3797.25,3780.31,3793.93
2025-07-29 08:30:00+07:00,3794.29,3797.74,3784.22,3784.84
2025-07-29 08:45:00+07:00,3784.87,3785.61,3756.48,3757.34
2025-07-29 09:00:00+07:00,3757.36,3772.37,3755.77,3769.62
2025-07-29 09:15:00+07:00,3769.46,3770.28,3728.76,3757.63
2025-07-29 09:30:00+07:00,3757.73,3764.62,3743.73,3753.3
2025-07-29 09:45:00+07:00,3753.38,3760.64,3740.91,3757.82
2025-07-29 10:00:00+07:00,3757.99,3782.55,3757.96,3781.62
2025-07-29 10:15:00+07:00,3781.46,3785.89,3773.99,3782.75
2025-07-29 10:30:00+07:00,3782.67,3789.14,3773.89,3788.82
2025-07-29 10:45:00+07:00,3788.88,3797.53,3778.16,3790.87
2025-07-29 11:00:00+07:00,3790.83,3801.08,3787.95,3800.27
2025-07-29 11:15:00+07:00,3800.24,3800.24,3785.95,3788.01
2025-07-29 11:30:00+07:00,3788.0,3793.93,3780.95,3783.75
2025-07-29 11:45:00+07:00,3783.79,3786.55,3774.27,3777.14
2025-07-29 12:00:00+07:00,3777.15,3793.52,3777.15,3788.53
2025-07-29 12:15:00+07:00,3788.56,3792.92,3781.18,3790.1
2025-07-29 12:30:00+07:00,3790.1,3803.19,3787.51,3798.51
2025-07-29 12:45:00+07:00,3798.53,3807.09,3796.84,3806.31
2025-07-29 13:00:00+07:00,3806.31,3811.99,3800.44,3809.46
2025-07-29 13:15:00+07:00,3809.52,3821.14,3808.82,3815.7
2025-07-29 13:30:00+07:00,3815.66,3827.86,3810.51,3820.36
2025-07-29 13:45:00+07:00,3820.2,3833.11,3813.84,3827.54
2025-07-29 14:00:00+07:00,3827.83,3842.3,3827.67,3840.55
2025-07-29 14:15:00+07:00,3840.19,3845.77,3832.24,3832.66
2025-07-29 14:30:00+07:00,3832.71,3876.74,3832.71,3873.32
2025-07-29 14:45:00+07:00,3873.45,3879.18,3867.93,3876.58
2025-07-29 15:00:00+07:00,3876.61,3885.78,3867.31,3870.73
2025-07-29 15:15:00+07:00,3870.22,3877.68,3858.79,3862.84
2025-07-29 15:30:00+07:00,3862.91,3880.49,3862.87,3876.64
2025-07-29 15:45:00+07:00,3876.59,3884.27,3868.57,3871.71
2025-07-29 16:00:00+07:00,3871.74,3878.56,3867.08,3867.19
2025-07-29 16:15:00+07:00,3867.19,3879.07,3863.39,3874.47
2025-07-29 16:30:00+07:00,3874.46,3876.63,3867.75,3876.63
2025-07-29 16:45:00+07:00,3876.65,3877.06,3870.8,3872.09
2025-07-29 17:00:00+07:00,3872.07,3874.2,3850.12,3852.39
2025-07-29 17:15:00+07:00,3852.4,3858.8,3840.59,3852.38
2025-07-29 17:30:00+07:00,3852.36,3865.98,3842.81,3846.4
2025-07-29 17:45:00+07:00,3846.43,3847.65,3824.08,3828.89
2025-07-29 18:00:00+07:00,3828.71,3830.03,3819.91,3829.51
2025-07-29 18:15:00+07:00,3829.57,3834.76,3824.78,3831.03
2025-07-29 18:30:00+07:00,3831.05,3839.26,3810.79,3815.36
2025-07-29 18:45:00+07:00,3815.43,3826.12,3813.62,3824.77
2025-07-29 19:00:00+07:00,3824.82,3843.82,3821.74,3824.32
2025-07-29 19:15:00+07:00,3824.49,3855.8,3824.49,3849.78
2025-07-29 19:30:00+07:00,3849.73,3859.69,3842.29,3854.81
2025-07-29 19:45:00+07:00,3854.79,3855.47,3845.6,3851.68
2025-07-29 20:00:00+07:00,3851.7,3858.59,3840.63,3849.47
2025-07-29 20:15:00+07:00,3849.41,3873.64,3848.12,3864.34
2025-07-29 20:30:00+07:00,3864.38,3867.27,3845.75,3852.26
2025-07-29 20:45:00+07:00,3852.35,3857.79,3828.14,3837.94
2025-07-29 21:00:00+07:00,3837.95,3839.16,3793.77,3808.9
2025-07-29 21:15:00+07:00,3809.08,3825.42,3802.45,3819.49
2025-07-29 21:30:00+07:00,3819.61,3819.88,3797.92,3806.9
2025-07-29 21:45:00+07:00,3806.94,3812.67,3768.92,3780.91
2025-07-29 22:00:00+07:00,3780.9,3782.28,3761.42,3770.65
2025-07-29 22:15:00+07:00,3771.15,3775.0,3756.15,3759.48
2025-07-29 22:30:00+07:00,3759.56,3765.93,3745.47,3758.23
2025-07-29 22:45:00+07:00,3758.21,3770.38,3753.66,3759.74
2025-07-29 23:00:00+07:00,3759.74,3767.92,3748.27,3757.06
2025-07-29 23:15:00+07:00,3756.96,3762.75,3737.02,3745.98
2025-07-29 23:30:00+07:00,3746.04,3750.71,3714.53,3736.53
2025-07-29 23:45:00+07:00,3736.51,3757.03,3728.61,3749.37
2025-07-30 00:00:00+07:00,3749.81,3771.03,3742.64,3769.58
2025-07-30 00:15:00+07:00,3769.55,3784.19,3759.17,3782.79
2025-07-30 00:30:00+07:00,3782.72,3792.14,3757.8,3757.95
2025-07-30 00:45:00+07:00,3757.95,3772.78,3757.23,3768.17
2025-07-30 01:00:00+07:00,3768.0,3774.44,3750.83,3760.83
2025-07-30 01:15:00+07:00,3761.11,3767.71,3750.82,3766.18
2025-07-30 01:30:00+07:00,3766.6,3774.95,3763.91,3765.97
2025-07-30 01:45:00+07:00,3766.11,3773.44,3760.9,3769.25
2025-07-30 02:00:00+07:00,3769.56,3781.48,3766.49,3781.43
2025-07-30 02:15:00+07:00,3781.39,3795.15,3756.7,3760.62
2025-07-30 02:30:00+07:00,3760.95,3773.08,3760.08,3767.84
2025-07-30 02:45:00+07:00,3768.22,3774.09,3760.01,3763.98
2025-07-30 03:00:00+07:00,3763.79,3766.74,3739.67,3748.64
2025-07-30 03:15:00+07:00,3748.6,3783.16,3741.14,3763.3
2025-07-30 03:30:00+07:00,3763.2,3765.25,3742.76,3748.8
2025-07-30 03:45:00+07:00,3748.82,3763.44,3743.43,3763.36
2025-07-30 04:00:00+07:00,3763.62,3768.24,3751.92,3766.56
2025-07-30 04:15:00+07:00,3766.51,3771.21,3756.85,3762.02
2025-07-30 04:30:00+07:00,3762.01,3770.92,3759.08,3761.46
2025-07-30 04:45:00+07:00,3761.49,3784.17,3761.49,3779.32
2025-07-30 05:00:00+07:00,3779.4,3786.15,3757.81,3761.99
2025-07-30 05:15:00+07:00,3762.01,3780.23,3762.01,3780.17
2025-07-30 05:30:00+07:00,3780.04,3785.06,3777.21,3782.98
2025-07-30 05:45:00+07:00,3782.98,3793.64,3781.51,3790.64
2025-07-30 06:00:00+07:00,3790.65,3792.39,3781.84,3784.44
2025-07-30 06:15:00+07:00,3784.51,3793.9,3783.0,3789.32
2025-07-30 06:30:00+07:00,3789.21,3799.88,3784.01,3784.01
2025-07-30 06:45:00+07:00,3784.01,3793.49,3781.88,3792.03
2025-07-30 07:00:00+07:00,3792.03,3793.19,3776.99,3786.76
2025-07-30 07:15:00+07:00,3786.82,3789.39,3769.01,3769.71
2025-07-30 07:30:00+07:00,3769.83,3774.49,3757.71,3765.54
2025-07-30 07:45:00+07:00,3765.57,3775.06,3754.15,3773.32
2025-07-30 08:00:00+07:00,3773.3,3784.2,3769.99,3780.89
2025-07-30 08:15:00+07:00,3780.92,3782.61,3760.24,3768.77
2025-07-30 08:30:00+07:00,3769.07,3795.71,3766.74,3793.36
2025-07-30 08:45:00+07:00,3793.76,3810.61,3786.84,3790.41
2025-07-30 09:00:00+07:00,3790.48,3814.31,3783.04,3813.58
2025-07-30 09:15:00+07:00,3813.5,3815.27,3799.63,3805.25
2025-07-30 09:30:00+07:00,3805.23,3820.92,3798.53,3814.82
2025-07-30 09:45:00+07:00,3814.87,3819.44,3809.31,3811.17
2025-07-30 10:00:00+07:00,3811.13,3815.09,3803.87,3814.83
2025-07-30 10:15:00+07:00,3814.94,3819.12,3809.79,3819.12
2025-07-30 10:30:00+07:00,3819.2,3820.99,3815.64,3817.76
2025-07-30 10:45:00+07:00,3817.81,3827.1,3810.66,3815.76
2025-07-30 11:00:00+07:00,3815.8,3823.72,3815.05,3819.76
2025-07-30 11:15:00+07:00,3820.11,3821.11,3815.06,3815.06
2025-07-30 11:30:00+07:00,3815.04,3815.44,3797.47,3808.15
2025-07-30 11:45:00+07:00,3808.1,3809.44,3801.03,3807.38
2025-07-30 12:00:00+07:00,3807.38,3813.06,3790.79,3791.09
2025-07-30 12:15:00+07:00,3791.29,3809.61,3785.19,3807.96
2025-07-30 12:30:00+07:00,3807.97,3810.06,3799.22,3803.89
2025-07-30 12:45:00+07:00,3803.87,3814.53,3793.57,3808.53
2025-07-30 13:00:00+07:00,3808.52,3818.25,3807.85,3815.38
2025-07-30 13:15:00+07:00,3815.41,3820.72,3813.74,3820.24
2025-07-30 13:30:00+07:00,3820.35,3827.72,3815.03,3824.3
2025-07-30 13:45:00+07:00,3824.31,3828.69,3820.55,3822.86
2025-07-30 14:00:00+07:00,3822.82,3832.66,3815.89,3818.81
2025-07-30 14:15:00+07:00,3818.84,3827.72,3813.58,3827.67
2025-07-30 14:30:00+07:00,3827.73,3830.82,3811.16,3818.0
2025-07-30 14:45:00+07:00,3817.98,3818.48,3801.69,3809.45
2025-07-30 15:00:00+07:00,3809.43,3822.17,3797.7,3800.43
2025-07-30 15:15:00+07:00,3800.19,3817.55,3795.57,3816.92
2025-07-30 15:30:00+07:00,3816.85,3822.5,3806.8,3821.32
2025-07-30 15:45:00+07:00,3821.34,3824.48,3813.17,3813.17
2025-07-30 16:00:00+07:00,3813.14,3818.51,3803.16,3803.32
2025-07-30 16:15:00+07:00,3803.27,3807.43,3793.84,3794.61
2025-07-30 16:30:00+07:00,3794.65,3795.53,3773.9,3778.07
2025-07-30 16:45:00+07:00,3778.09,3787.83,3775.92,3784.76
2025-07-30 17:00:00+07:00,3784.73,3798.88,3784.73,3796.79
2025-07-30 17:15:00+07:00,3796.98,3801.19,3789.14,3797.1
2025-07-30 17:30:00+07:00,3797.07,3805.98,3790.81,3801.37
2025-07-30 17:45:00+07:00,3801.35,3802.18,3766.76,3772.04
2025-07-30 18:00:00+07:00,3772.14,3784.51,3768.72,3780.35
2025-07-30 18:15:00+07:00,3780.45,3781.56,3752.14,3753.21
2025-07-30 18:30:00+07:00,3753.24,3765.47,3750.61,3750.61
2025-07-30 18:45:00+07:00,3750.65,3758.7,3742.31,3756.87
2025-07-30 19:00:00+07:00,3756.83,3762.65,3747.76,3758.58
2025-07-30 19:15:00+07:00,3758.53,3780.25,3749.52,3772.94
2025-07-30 19:30:00+07:00,3773.31,3784.06,3762.27,3768.03
2025-07-30 19:45:00+07:00,3768.06,3779.27,3766.69,3772.28
2025-07-30 20:00:00+07:00,3772.26,3784.4,3763.12,3769.49
2025-07-30 20:15:00+07:00,3769.56,3780.96,3753.45,3754.4
2025-07-30 20:30:00+07:00,3754.38,3773.03,3747.85,3764.75
2025-07-30 20:45:00+07:00,3764.76,3774.07,3753.79,3764.88
2025-07-30 21:00:00+07:00,3764.86,3779.17,3762.27,3778.63
2025-07-30 21:15:00+07:00,3778.49,3785.12,3768.85,3773.07
2025-07-30 21:30:00+07:00,3773.07,3794.74,3773.07,3792.92
2025-07-30 21:45:00+07:00,3793.8,3830.81,3789.06,3817.83
2025-07-30 22:00:00+07:00,3817.84,3820.31,3783.15,3789.33
2025-07-30 22:15:00+07:00,3789.34,3799.97,3780.23,3783.58
2025-07-30 22:30:00+07:00,3783.82,3794.91,3775.31,3791.04
2025-07-30 22:45:00+07:00,3790.56,3799.61,3786.21,3795.89
2025-07-30 23:00:00+07:00,3795.92,3797.04,3779.1,3789.89
2025-07-30 23:15:00+07:00,3789.84,3815.97,3787.08,3798.1
2025-07-30 23:30:00+07:00,3797.88,3802.52,3784.8,3786.38
2025-07-30 23:45:00+07:00,3786.4,3794.6,3783.86,3794.6
2025-07-31 00:00:00+07:00,3794.73,3804.42,3789.98,3795.1
2025-07-31 00:15:00+07:00,3795.24,3810.21,3791.03,3802.38
2025-07-31 00:30:00+07:00,3802.47,3813.97,3798.44,3810.6
2025-07-31 00:45:00+07:00,3810.65,3812.27,3797.0,3803.65
2025-07-31 01:00:00+07:00,3803.7,3820.83,3778.11,3798.0
2025-07-31 01:15:00+07:00,3797.92,3814.46,3794.17,3805.99
2025-07-31 01:30:00+07:00,3806.02,3812.79,3778.26,3791.1
2025-07-31 01:45:00+07:00,3791.14,3794.63,3735.04,3736.71
2025-07-31 02:00:00+07:00,3736.69,3736.69,3675.64,3714.75
2025-07-31 02:15:00+07:00,3714.72,3724.32,3704.0,3720.14
2025-07-31 02:30:00+07:00,3720.0,3746.51,3711.72,3743.8
2025-07-31 02:45:00+07:00,3743.77,3771.86,3738.59,3758.7
2025-07-31 03:00:00+07:00,3758.61,3783.9,3755.35,3780.89
2025-07-31 03:15:00+07:00,3780.89,3786.56,3766.87,3767.59
2025-07-31 03:30:00+07:00,3767.19,3777.7,3758.22,3767.85
2025-07-31 03:45:00+07:00,3767.75,3772.08,3761.19,3768.72
2025-07-31 04:00:00+07:00,3768.67,3773.64,3763.14,3764.02
2025-07-31 04:15:00+07:00,3764.38,3766.0,3749.9,3749.9
2025-07-31 04:30:00+07:00,3749.84,3760.64,3741.04,3742.19
2025-07-31 04:45:00+07:00,3742.3,3765.96,3742.3,3761.54
2025-07-31 05:00:00+07:00,3761.18,3769.86,3756.4,3763.49
2025-07-31 05:15:00+07:00,3763.57,3768.76,3754.08,3759.54
2025-07-31 05:30:00+07:00,3759.49,3764.38,3753.87,3760.73
2025-07-31 05:45:00+07:00,3760.78,3764.81,3756.15,3761.8
2025-07-31 06:00:00+07:00,3761.73,3779.9,3761.06,3779.42
2025-07-31 06:15:00+07:00,3779.44,3787.25,3776.85,3787.21
2025-07-31 06:30:00+07:00,3786.93,3810.39,3786.5,3803.85
2025-07-31 06:45:00+07:00,3803.82,3809.76,3800.33,3808.7
2025-07-31 07:00:00+07:00,3808.74,3808.88,3799.78,3807.26
2025-07-31 07:15:00+07:00,3807.3,3823.85,3803.1,3823.41
2025-07-31 07:30:00+07:00,3823.39,3846.17,3818.35,3841.28
2025-07-31 07:45:00+07:00,3841.22,3848.68,3833.06,3842.11
2025-07-31 08:00:00+07:00,3842.49,3843.52,3832.02,3838.23
2025-07-31 08:15:00+07:00,3838.33,3845.41,3827.85,3845.41
2025-07-31 08:30:00+07:00,3845.5,3849.39,3836.38,3838.91
2025-07-31 08:45:00+07:00,3838.85,3842.49,3830.77,3836.4
2025-07-31 09:00:00+07:00,3836.35,3844.49,3830.49,3840.9
2025-07-31 09:15:00+07:00,3840.85,3843.81,3835.9,3842.2
2025-07-31 09:30:00+07:00,3842.04,3860.58,3842.04,3860.13
2025-07-31 09:45:00+07:00,3860.22,3863.46,3851.87,3861.57
2025-07-31 10:00:00+07:00,3861.5,3865.3,3854.75,3859.0
2025-07-31 10:15:00+07:00,3859.02,3860.76,3855.73,3860.08
2025-07-31 10:30:00+07:00,3860.08,3861.83,3854.6,3858.39
2025-07-31 10:45:00+07:00,3858.34,3867.15,3857.68,3862.19
2025-07-31 11:00:00+07:00,3862.21,3863.76,3857.37,3859.65
2025-07-31 11:15:00+07:00,3859.65,3860.44,3853.4,3855.0
2025-07-31 11:30:00+07:00,3855.07,3867.86,3854.98,3861.05
2025-07-31 11:45:00+07:00,3861.11,3870.15,3861.11,3870.05
2025-07-31 12:00:00+07:00,3870.04,3870.04,3858.47,3858.5
2025-07-31 12:15:00+07:00,3858.52,3862.81,3855.62,3858.78
2025-07-31 12:30:00+07:00,3858.74,3864.49,3857.69,3860.23
2025-07-31 12:45:00+07:00,3860.23,3861.17,3854.57,3858.05
2025-07-31 13:00:00+07:00,3857.88,3861.1,3853.57,3855.79
2025-07-31 13:15:00+07:00,3855.74,3864.56,3855.48,3860.67
2025-07-31 13:30:00+07:00,3860.61,3870.46,3857.06,3866.98
2025-07-31 13:45:00+07:00,3867.09,3877.27,3867.09,3872.58
2025-07-31 14:00:00+07:00,3872.76,3874.98,3864.45,3867.31
2025-07-31 14:15:00+07:00,3867.17,3873.55,3865.11,3865.43
2025-07-31 14:30:00+07:00,3865.36,3865.48,3859.66,3861.28
2025-07-31 14:45:00+07:00,3861.42,3866.97,3859.66,3862.25
2025-07-31 15:00:00+07:00,3862.25,3863.54,3856.21,3861.86
2025-07-31 15:15:00+07:00,3861.55,3868.86,3861.19,3866.37
2025-07-31 15:30:00+07:00,3866.33,3871.86,3863.18,3871.62
2025-07-31 15:45:00+07:00,3871.53,3871.53,3861.42,3862.14
2025-07-31 16:00:00+07:00,3862.14,3862.14,3857.03,3858.78
2025-07-31 16:15:00+07:00,3858.71,3862.76,3858.23,3860.95
2025-07-31 16:30:00+07:00,3860.95,3860.95,3855.57,3856.22
2025-07-31 16:45:00+07:00,3856.32,3865.47,3853.58,3861.65
2025-07-31 17:00:00+07:00,3861.45,3865.48,3855.29,3860.87
2025-07-31 17:15:00+07:00,3860.92,3862.54,3854.58,3855.6
2025-07-31 17:30:00+07:00,3855.62,3861.53,3852.12,3861.53
2025-07-31 17:45:00+07:00,3861.49,3863.01,3853.16,3853.68
2025-07-31 18:00:00+07:00,3853.57,3856.52,3839.15,3847.14
2025-07-31 18:15:00+07:00,3847.11,3847.11,3831.16,3835.71
2025-07-31 18:30:00+07:00,3835.99,3844.4,3833.36,3834.91
2025-07-31 18:45:00+07:00,3834.85,3837.74,3824.85,3837.08
2025-07-31 19:00:00+07:00,3837.11,3843.93,3831.73,3836.93
2025-07-31 19:15:00+07:00,3836.93,3841.81,3825.35,3841.39
2025-07-31 19:30:00+07:00,3841.34,3842.43,3821.86,3825.5
2025-07-31 19:45:00+07:00,3825.71,3836.81,3821.39,3833.2
2025-07-31 20:00:00+07:00,3833.15,3833.93,3805.04,3806.94
2025-07-31 20:15:00+07:00,3806.82,3815.42,3790.62,3799.75
2025-07-31 20:30:00+07:00,3799.79,3810.81,3784.23,3797.48
2025-07-31 20:45:00+07:00,3797.42,3812.8,3793.26,3805.36
2025-07-31 21:00:00+07:00,3805.39,3813.88,3787.77,3794.09
2025-07-31 21:15:00+07:00,3794.04,3794.04,3764.54,3773.07
2025-07-31 21:30:00+07:00,3772.67,3786.24,3767.74,3771.76
2025-07-31 21:45:00+07:00,3771.7,3780.84,3766.05,3766.53
2025-07-31 22:00:00+07:00,3766.53,3777.74,3760.34,3772.1
2025-07-31 22:15:00+07:00,3772.04,3786.54,3771.62,3781.1
2025-07-31 22:30:00+07:00,3780.91,3795.81,3780.57,3791.64
2025-07-31 22:45:00+07:00,3791.93,3795.23,3775.43,3785.98
2025-07-31 23:00:00+07:00,3786.05,3792.7,3779.14,3789.93
2025-07-31 23:15:00+07:00,3790.03,3802.31,3783.49,3792.52
2025-07-31 23:30:00+07:00,3792.59,3816.94,3792.5,3807.76
2025-07-31 23:45:00+07:00,3808.11,3810.48,3790.64,3801.9
2025-08-01 00:00:00+07:00,3801.92,3802.89,3781.82,3789.61
2025-08-01 00:15:00+07:00,3789.66,3800.73,3771.07,3777.76
2025-08-01 00:30:00+07:00,3777.86,3790.43,3772.91,3786.09
2025-08-01 00:45:00+07:00,3786.09,3790.98,3765.72,3774.1
2025-08-01 01:00:00+07:00,3774.0,3779.5,3746.45,3753.04
2025-08-01 01:15:00+07:00,3753.14,3776.0,3746.51,3774.6
2025-08-01 01:30:00+07:00,3774.56,3784.94,3773.57,3779.85
2025-08-01 01:45:00+07:00,3779.72,3787.03,3768.49,3773.52
2025-08-01 02:00:00+07:00,3773.53,3779.79,3750.11,3753.07
2025-08-01 02:15:00+07:00,3753.21,3762.69,3745.02,3752.62
2025-08-01 02:30:00+07:00,3752.62,3759.35,3744.38,3750.58
2025-08-01 02:45:00+07:00,3750.55,3753.85,3732.81,3736.04
2025-08-01 03:00:00+07:00,3735.97,3747.36,3716.05,3725.18
2025-08-01 03:15:00+07:00,3725.2,3740.09,3720.0,3737.51
2025-08-01 03:30:00+07:00,3737.53,3743.1,3721.47,3733.52
2025-08-01 03:45:00+07:00,3732.84,3739.43,3729.07,3732.95
2025-08-01 04:00:00+07:00,3732.88,3752.35,3730.4,3736.36
2025-08-01 04:15:00+07:00,3736.48,3748.04,3736.21,3748.04
2025-08-01 04:30:00+07:00,3748.12,3756.69,3740.21,3742.91
2025-08-01 04:45:00+07:00,3743.08,3746.21,3707.69,3729.2
2025-08-01 05:00:00+07:00,3729.18,3729.42,3709.07,3718.71
2025-08-01 05:15:00+07:00,3718.69,3726.03,3707.57,3718.69
2025-08-01 05:30:00+07:00,3718.72,3719.59,3700.22,3707.29
2025-08-01 05:45:00+07:00,3707.83,3714.87,3700.63,3707.53
2025-08-01 06:00:00+07:00,3707.6,3727.74,3706.38,3725.1
2025-08-01 06:15:00+07:00,3724.98,3724.98,3706.48,3707.22
2025-08-01 06:30:00+07:00,3707.31,3707.82,3682.31,3694.24
2025-08-01 06:45:00+07:00,3694.2,3700.11,3686.71,3696.65
2025-08-01 07:00:00+07:00,3696.57,3697.12,3656.54,3656.89
2025-08-01 07:15:00+07:00,3656.91,3697.52,3656.36,3688.77
2025-08-01 07:30:00+07:00,3688.61,3690.31,3667.35,3667.44
2025-08-01 07:45:00+07:00,3667.7,3685.33,3613.87,3679.84
2025-08-01 08:00:00+07:00,3679.79,3694.08,3650.55,3655.23
2025-08-01 08:15:00+07:00,3655.08,3691.64,3651.88,3681.3
2025-08-01 08:30:00+07:00,3681.26,3694.95,3671.16,3690.34
2025-08-01 08:45:00+07:00,3690.37,3695.19,3671.89,3687.54
2025-08-01 09:00:00+07:00,3687.12,3708.74,3678.32,3706.61
2025-08-01 09:15:00+07:00,3706.5,3717.72,3702.23,3706.41
2025-08-01 09:30:00+07:00,3706.48,3722.08,3701.53,3712.17
2025-08-01 09:45:00+07:00,3712.15,3720.2,3710.35,3714.2
2025-08-01 10:00:00+07:00,3714.39,3715.0,3704.19,3706.17
2025-08-01 10:15:00+07:00,3706.15,3722.39,3705.75,3718.6
2025-08-01 10:30:00+07:00,3718.38,3719.88,3709.29,3709.8
2025-08-01 10:45:00+07:00,3709.88,3713.33,3699.3,3703.03
2025-08-01 11:00:00+07:00,3702.81,3702.86,3675.32,3683.9
2025-08-01 11:15:00+07:00,3683.94,3690.31,3676.44,3686.57
2025-08-01 11:30:00+07:00,3686.56,3693.76,3679.11,3685.83
2025-08-01 11:45:00+07:00,3685.74,3687.95,3677.93,3680.11
2025-08-01 12:00:00+07:00,3680.14,3691.54,3674.9,3688.85
2025-08-01 12:15:00+07:00,3688.63,3688.67,3671.14,3677.03
2025-08-01 12:30:00+07:00,3677.12,3689.1,3670.09,3674.4
2025-08-01 12:45:00+07:00,3674.42,3679.54,3662.48,3673.42
2025-08-01 13:00:00+07:00,3673.18,3680.84,3660.84,3666.99
2025-08-01 13:15:00+07:00,3667.1,3672.4,3653.13,3656.13
2025-08-01 13:30:00+07:00,3655.95,3662.38,3642.44,3645.5
2025-08-01 13:45:00+07:00,3645.46,3665.99,3638.91,3660.84
2025-08-01 14:00:00+07:00,3660.82,3667.66,3635.18,3642.92
2025-08-01 14:15:00+07:00,3642.94,3649.61,3627.62,3631.3
2025-08-01 14:30:00+07:00,3631.34,3639.79,3622.42,3636.83
2025-08-01 14:45:00+07:00,3636.91,3650.1,3632.33,3648.67
2025-08-01 15:00:00+07:00,3648.65,3648.65,3593.2,3612.03
2025-08-01 15:15:00+07:00,3612.07,3621.56,3599.18,3604.19
2025-08-01 15:30:00+07:00,3604.17,3620.97,3583.66,3616.9
2025-08-01 15:45:00+07:00,3616.82,3622.8,3607.45,3607.86
2025-08-01 16:00:00+07:00,3607.81,3633.35,3604.5,3626.82
2025-08-01 16:15:00+07:00,3626.81,3638.65,3623.55,3635.51
2025-08-01 16:30:00+07:00,3635.59,3638.11,3626.0,3633.13
2025-08-01 16:45:00+07:00,3633.11,3633.68,3615.63,3617.02
2025-08-01 17:00:00+07:00,3617.0,3632.04,3612.07,3628.75
2025-08-01 17:15:00+07:00,3628.7,3632.42,3620.02,3622.51
2025-08-01 17:30:00+07:00,3622.53,3630.01,3615.6,3622.36
2025-08-01 17:45:00+07:00,3622.45,3625.71,3607.76,3614.18
2025-08-01 18:00:00+07:00,3614.19,3623.48,3604.83,3623.48
2025-08-01 18:15:00+07:00,3623.53,3626.63,3613.68,3621.29
2025-08-01 18:30:00+07:00,3621.02,3633.44,3619.22,3629.92
2025-08-01 18:45:00+07:00,3629.9,3642.23,3629.22,3641.18
2025-08-01 19:00:00+07:00,3641.17,3660.66,3639.14,3653.48
2025-08-01 19:15:00+07:00,3653.41,3653.96,3632.52,3643.2
2025-08-01 19:30:00+07:00,3643.26,3671.03,3629.04,3667.28
2025-08-01 19:45:00+07:00,3667.25,3672.92,3654.65,3661.58
2025-08-01 20:00:00+07:00,3661.61,3673.88,3658.38,3665.94
2025-08-01 20:15:00+07:00,3665.9,3671.63,3648.43,3652.16
2025-08-01 20:30:00+07:00,3652.19,3653.46,3623.61,3624.37
2025-08-01 20:45:00+07:00,3624.35,3627.67,3575.47,3598.15
2025-08-01 21:00:00+07:00,3598.09,3627.36,3562.51,3615.24
2025-08-01 21:15:00+07:00,3615.2,3650.65,3612.46,3649.66
2025-08-01 21:30:00+07:00,3649.71,3654.63,3624.32,3626.76
2025-08-01 21:45:00+07:00,3626.8,3644.57,3625.11,3631.6
2025-08-01 22:00:00+07:00,3631.57,3634.89,3604.2,3610.19
2025-08-01 22:15:00+07:00,3610.01,3616.87,3580.86,3590.01
2025-08-01 22:30:00+07:00,3590.05,3614.04,3585.95,3609.91
2025-08-01 22:45:00+07:00,3609.95,3618.74,3604.0,3614.27
2025-08-01 23:00:00+07:00,3614.25,3632.58,3607.31,3627.79
2025-08-01 23:15:00+07:00,3627.81,3630.64,3621.15,3624.96
2025-08-01 23:30:00+07:00,3624.94,3624.94,3588.95,3610.62
2025-08-01 23:45:00+07:00,3610.72,3614.5,3574.3,3585.93
2025-08-02 00:00:00+07:00,3585.89,3587.58,3561.4,3570.64
2025-08-02 00:15:00+07:00,3571.05,3581.67,3564.31,3578.65
2025-08-02 00:30:00+07:00,3578.63,3599.86,3563.31,3569.96
2025-08-02 00:45:00+07:00,3569.85,3577.66,3564.1,3570.93
2025-08-02 01:00:00+07:00,3570.25,3575.45,3544.94,3562.18
2025-08-02 01:15:00+07:00,3562.56,3579.34,3535.01,3566.96
2025-08-02 01:30:00+07:00,3566.92,3584.41,3564.73,3569.94
2025-08-02 01:45:00+07:00,3569.89,3574.29,3544.88,3548.56
2025-08-02 02:00:00+07:00,3548.47,3560.03,3539.47,3553.84
2025-08-02 02:15:00+07:00,3553.71,3559.37,3524.33,3532.07
2025-08-02 02:30:00+07:00,3532.1,3551.65,3521.54,3522.89
2025-08-02 02:45:00+07:00,3522.86,3534.27,3513.68,3517.14
2025-08-02 03:00:00+07:00,3517.5,3530.87,3497.48,3503.05
2025-08-02 03:15:00+07:00,3502.74,3523.05,3490.37,3523.01
2025-08-02 03:30:00+07:00,3522.99,3529.14,3508.29,3525.54
2025-08-02 03:45:00+07:00,3525.56,3541.45,3520.57,3540.02
2025-08-02 04:00:00+07:00,3540.62,3551.64,3534.54,3546.69
2025-08-02 04:15:00+07:00,3546.55,3548.0,3532.98,3544.38
2025-08-02 04:30:00+07:00,3544.41,3549.06,3539.12,3542.1
2025-08-02 04:45:00+07:00,3542.08,3546.25,3530.94,3535.25
2025-08-02 05:00:00+07:00,3535.31,3543.04,3512.32,3517.41
2025-08-02 05:15:00+07:00,3517.22,3523.89,3468.71,3482.45
2025-08-02 05:30:00+07:00,3482.49,3488.42,3429.31,3467.18
2025-08-02 05:45:00+07:00,3467.28,3475.81,3449.81,3462.15
2025-08-02 06:00:00+07:00,3461.76,3478.68,3447.38,3475.43
2025-08-02 06:15:00+07:00,3475.41,3487.13,3469.46,3480.69
2025-08-02 06:30:00+07:00,3480.72,3488.3,3470.34,3484.06
2025-08-02 06:45:00+07:00,3484.12,3491.91,3477.33,3486.14
2025-08-02 07:00:00+07:00,3486.34,3495.76,3476.78,3480.54
2025-08-02 07:15:00+07:00,3480.69,3494.7,3479.96,3488.23
2025-08-02 07:30:00+07:00,3488.33,3491.99,3479.57,3489.19
2025-08-02 07:45:00+07:00,3488.27,3514.28,3487.86,3514.22
2025-08-02 08:00:00+07:00,3514.11,3521.54,3506.01,3514.26
2025-08-02 08:15:00+07:00,3514.18,3520.27,3497.95,3502.25
2025-08-02 08:30:00+07:00,3502.28,3508.79,3495.27,3507.08
2025-08-02 08:45:00+07:00,3507.09,3518.22,3505.14,3515.23
2025-08-02 09:00:00+07:00,3515.25,3520.2,3514.72,3517.19
2025-08-02 09:15:00+07:00,3517.21,3522.27,3512.78,3522.27
2025-08-02 09:30:00+07:00,3522.29,3525.88,3518.79,3522.64
2025-08-02 09:45:00+07:00,3522.7,3524.34,3515.16,3522.19
2025-08-02 10:00:00+07:00,3522.21,3530.65,3520.5,3527.39
2025-08-02 10:15:00+07:00,3527.3,3528.39,3522.87,3526.13
2025-08-02 10:30:00+07:00,3526.07,3527.47,3521.44,3525.82
2025-08-02 10:45:00+07:00,3525.81,3527.28,3517.6,3527.28
2025-08-02 11:00:00+07:00,3527.26,3528.25,3519.48,3519.76
2025-08-02 11:15:00+07:00,3519.76,3525.8,3512.18,3525.78
2025-08-02 11:30:00+07:00,3525.76,3531.14,3525.2,3530.26
2025-08-02 11:45:00+07:00,3530.3,3533.29,3526.81,3532.0
2025-08-02 12:00:00+07:00,3531.97,3536.02,3518.83,3520.17
2025-08-02 12:15:00+07:00,3520.19,3527.3,3516.49,3526.94
2025-08-02 12:30:00+07:00,3526.97,3528.04,3519.86,3520.32
2025-08-02 12:45:00+07:00,3520.47,3520.83,3514.4,3517.95
2025-08-02 13:00:00+07:00,3517.96,3518.69,3497.42,3501.41
2025-08-02 13:15:00+07:00,3501.66,3501.66,3463.77,3465.25
2025-08-02 13:30:00+07:00,3465.27,3473.73,3453.76,3469.29
2025-08-02 13:45:00+07:00,3469.3,3483.86,3469.07,3478.19
2025-08-02 14:00:00+07:00,3478.19,3486.27,3467.15,3478.73
2025-08-02 14:15:00+07:00,3478.78,3500.89,3478.12,3497.43
2025-08-02 14:30:00+07:00,3497.43,3508.2,3491.4,3505.72
2025-08-02 14:45:00+07:00,3505.83,3519.83,3504.97,3517.6
2025-08-02 15:00:00+07:00,3517.7,3521.35,3511.35,3515.19
2025-08-02 15:15:00+07:00,3515.23,3522.87,3506.3,3506.35
2025-08-02 15:30:00+07:00,3506.47,3507.88,3486.01,3497.79
2025-08-02 15:45:00+07:00,3497.91,3504.77,3486.44,3489.86
2025-08-02 16:00:00+07:00,3489.83,3502.29,3485.48,3499.43
2025-08-02 16:15:00+07:00,3499.45,3502.62,3485.83,3491.16
2025-08-02 16:30:00+07:00,3491.02,3494.37,3480.49,3481.39
2025-08-02 16:45:00+07:00,3481.39,3494.34,3480.72,3490.79
2025-08-02 17:00:00+07:00,3490.75,3492.64,3477.36,3480.93
2025-08-02 17:15:00+07:00,3480.79,3490.91,3472.33,3486.61
2025-08-02 17:30:00+07:00,3486.6,3490.4,3475.09,3480.95
2025-08-02 17:45:00+07:00,3480.93,3494.35,3477.1,3489.59
2025-08-02 18:00:00+07:00,3489.57,3497.73,3480.61,3485.05
2025-08-02 18:15:00+07:00,3485.02,3515.24,3484.14,3512.31
2025-08-02 18:30:00+07:00,3512.22,3516.68,3504.43,3509.18
2025-08-02 18:45:00+07:00,3509.13,3513.87,3500.99,3506.99
2025-08-02 19:00:00+07:00,3506.94,3507.92,3497.6,3498.2
2025-08-02 19:15:00+07:00,3498.12,3508.96,3494.97,3507.28
2025-08-02 19:30:00+07:00,3507.25,3513.82,3499.37,3499.97
2025-08-02 19:45:00+07:00,3499.98,3511.61,3497.43,3507.2
2025-08-02 20:00:00+07:00,3507.22,3509.45,3499.91,3501.9
2025-08-02 20:15:00+07:00,3501.91,3510.55,3501.48,3501.48
2025-08-02 20:30:00+07:00,3501.46,3512.09,3490.83,3504.02
2025-08-02 20:45:00+07:00,3503.89,3515.44,3502.31,3507.83
2025-08-02 21:00:00+07:00,3508.03,3516.24,3501.41,3502.06
2025-08-02 21:15:00+07:00,3501.95,3502.12,3481.63,3490.33
2025-08-02 21:30:00+07:00,3490.3,3490.3,3465.92,3473.76
2025-08-02 21:45:00+07:00,3473.82,3482.05,3465.45,3478.0
2025-08-02 22:00:00+07:00,3477.93,3486.54,3475.88,3480.15
2025-08-02 22:15:00+07:00,3480.51,3490.76,3478.56,3483.57
2025-08-02 22:30:00+07:00,3483.6,3484.5,3456.07,3466.83
2025-08-02 22:45:00+07:00,3466.85,3470.0,3449.68,3457.84
2025-08-02 23:00:00+07:00,3457.52,3464.31,3445.07,3454.89
2025-08-02 23:15:00+07:00,3455.02,3458.52,3442.64,3447.73
2025-08-02 23:30:00+07:00,3447.86,3472.77,3432.0,3467.59
2025-08-02 23:45:00+07:00,3467.55,3475.96,3456.37,3470.68
2025-08-03 00:00:00+07:00,3470.65,3478.38,3463.48,3475.23
2025-08-03 00:15:00+07:00,3475.21,3479.76,3468.64,3476.71
2025-08-03 00:30:00+07:00,3476.74,3476.74,3451.86,3452.3
2025-08-03 00:45:00+07:00,3452.23,3454.48,3413.0,3422.63
2025-08-03 01:00:00+07:00,3422.69,3431.93,3406.46,3406.79
2025-08-03 01:15:00+07:00,3406.53,3419.82,3389.75,3394.18
2025-08-03 01:30:00+07:00,3394.15,3399.64,3381.28,3388.64
2025-08-03 01:45:00+07:00,3388.61,3390.67,3371.47,3382.55
2025-08-03 02:00:00+07:00,3382.27,3393.61,3374.52,3386.77
2025-08-03 02:15:00+07:00,3386.89,3418.83,3386.67,3418.17
2025-08-03 02:30:00+07:00,3418.39,3424.17,3404.73,3413.3
2025-08-03 02:45:00+07:00,3413.13,3413.54,3381.25,3381.48
2025-08-03 03:00:00+07:00,3381.57,3405.2,3380.28,3402.47
2025-08-03 03:15:00+07:00,3402.47,3415.07,3392.26,3410.69
2025-08-03 03:30:00+07:00,3410.2,3414.65,3401.45,3408.06
2025-08-03 03:45:00+07:00,3408.03,3423.03,3403.72,3422.69
2025-08-03 04:00:00+07:00,3422.72,3440.37,3406.35,3408.46
2025-08-03 04:15:00+07:00,3408.48,3416.02,3405.08,3410.94
2025-08-03 04:30:00+07:00,3410.97,3426.94,3410.51,3414.81
2025-08-03 04:45:00+07:00,3414.84,3429.79,3405.68,3410.98
2025-08-03 05:00:00+07:00,3411.03,3426.76,3410.92,3416.47
2025-08-03 05:15:00+07:00,3416.48,3416.84,3386.9,3389.55
2025-08-03 05:30:00+07:00,3389.63,3409.81,3389.44,3409.8
2025-08-03 05:45:00+07:00,3409.82,3419.24,3408.53,3409.35
2025-08-03 06:00:00+07:00,3409.33,3412.01,3383.39,3388.23
2025-08-03 06:15:00+07:00,3388.25,3397.49,3366.7,3373.54
2025-08-03 06:30:00+07:00,3373.67,3417.96,3371.48,3406.67
2025-08-03 06:45:00+07:00,3406.9,3410.81,3389.32,3392.56
2025-08-03 07:00:00+07:00,3392.59,3411.52,3390.01,3398.76
2025-08-03 07:15:00+07:00,3398.97,3409.27,3368.79,3376.95
2025-08-03 07:30:00+07:00,3376.97,3397.12,3354.01,3393.43
2025-08-03 07:45:00+07:00,3393.66,3409.97,3391.99,3408.55
2025-08-03 08:00:00+07:00,3408.44,3416.11,3400.2,3411.17
2025-08-03 08:15:00+07:00,3411.35,3420.84,3403.85,3419.47
2025-08-03 08:30:00+07:00,3419.95,3422.06,3413.74,3418.74
2025-08-03 08:45:00+07:00,3418.88,3419.03,3407.24,3412.19
2025-08-03 09:00:00+07:00,3412.05,3435.89,3411.72,3430.02
2025-08-03 09:15:00+07:00,3430.01,3437.72,3426.78,3427.04
2025-08-03 09:30:00+07:00,3427.06,3439.12,3427.06,3438.14
2025-08-03 09:45:00+07:00,3438.14,3443.99,3436.64,3441.91
2025-08-03 10:00:00+07:00,3441.96,3443.39,3437.59,3441.66
2025-08-03 10:15:00+07:00,3441.69,3450.04,3438.99,3444.03
2025-08-03 10:30:00+07:00,3443.99,3450.36,3440.49,3449.32
2025-08-03 10:45:00+07:00,3449.16,3450.17,3442.09,3442.09
2025-08-03 11:00:00+07:00,3442.04,3442.85,3433.29,3436.09
2025-08-03 11:15:00+07:00,3436.01,3446.6,3435.96,3440.86
2025-08-03 11:30:00+07:00,3440.84,3440.84,3431.96,3437.84
2025-08-03 11:45:00+07:00,3437.89,3443.09,3433.46,3443.06
2025-08-03 12:00:00+07:00,3443.04,3452.85,3440.45,3445.74
2025-08-03 12:15:00+07:00,3445.71,3453.32,3442.14,3450.96
2025-08-03 12:30:00+07:00,3450.91,3454.55,3441.06,3442.24
2025-08-03 12:45:00+07:00,3442.4,3444.91,3439.16,3443.3
2025-08-03 13:00:00+07:00,3443.35,3445.44,3435.65,3437.99
2025-08-03 13:15:00+07:00,3437.79,3446.47,3435.15,3440.77
2025-08-03 13:30:00+07:00,3440.75,3445.53,3436.3,3438.98
2025-08-03 13:45:00+07:00,3439.06,3442.69,3436.25,3438.8
2025-08-03 14:00:00+07:00,3438.81,3448.01,3438.81,3447.78
2025-08-03 14:15:00+07:00,3447.81,3449.92,3441.88,3449.58
2025-08-03 14:30:00+07:00,3449.53,3458.05,3448.75,3456.82
2025-08-03 14:45:00+07:00,3456.83,3457.68,3450.91,3454.26
2025-08-03 15:00:00+07:00,3454.23,3466.33,3454.16,3465.57
2025-08-03 15:15:00+07:00,3465.47,3467.05,3455.4,3456.51
2025-08-03 15:30:00+07:00,3456.44,3457.06,3452.1,3455.94
2025-08-03 15:45:00+07:00,3455.94,3463.39,3452.32,3460.78
2025-08-03 16:00:00+07:00,3460.8,3463.4,3453.58,3455.7
2025-08-03 16:15:00+07:00,3455.62,3461.06,3453.15,3459.82
2025-08-03 16:30:00+07:00,3459.78,3462.16,3457.72,3460.68
2025-08-03 16:45:00+07:00,3460.75,3465.63,3459.85,3464.21
2025-08-03 17:00:00+07:00,3464.3,3474.02,3463.26,3473.94
2025-08-03 17:15:00+07:00,3473.87,3474.89,3467.67,3468.31
2025-08-03 17:30:00+07:00,3468.31,3475.27,3465.46,3473.75
2025-08-03 17:45:00+07:00,3473.86,3486.19,3472.75,3482.88
2025-08-03 18:00:00+07:00,3482.92,3514.45,3482.92,3514.45
2025-08-03 18:15:00+07:00,3514.39,3514.39,3495.16,3496.15
2025-08-03 18:30:00+07:00,3496.29,3497.39,3482.25,3487.06
2025-08-03 18:45:00+07:00,3487.05,3496.06,3482.5,3483.43
2025-08-03 19:00:00+07:00,3483.38,3487.82,3473.46,3477.55
2025-08-03 19:15:00+07:00,3477.61,3484.28,3474.37,3480.96
2025-08-03 19:30:00+07:00,3480.95,3493.34,3479.65,3492.63
2025-08-03 19:45:00+07:00,3492.28,3502.81,3487.36,3488.05
2025-08-03 20:00:00+07:00,3488.09,3496.67,3482.63,3493.33
2025-08-03 20:15:00+07:00,3493.43,3493.82,3483.03,3487.28
2025-08-03 20:30:00+07:00,3487.33,3497.74,3487.33,3487.7
2025-08-03 20:45:00+07:00,3487.61,3491.91,3482.15,3490.5
2025-08-03 21:00:00+07:00,3490.44,3492.87,3475.04,3480.66
2025-08-03 21:15:00+07:00,3480.71,3482.45,3467.14,3469.98
2025-08-03 21:30:00+07:00,3470.03,3478.93,3462.28,3476.27
2025-08-03 21:45:00+07:00,3476.22,3476.43,3465.27,3470.24
2025-08-03 22:00:00+07:00,3470.24,3470.24,3455.51,3462.8
2025-08-03 22:15:00+07:00,3462.85,3467.9,3456.53,3465.19
2025-08-03 22:30:00+07:00,3465.21,3475.81,3452.82,3472.61
2025-08-03 22:45:00+07:00,3472.88,3476.83,3467.77,3474.56
2025-08-03 23:00:00+07:00,3474.54,3474.56,3465.82,3467.77
2025-08-03 23:15:00+07:00,3467.95,3474.94,3466.36,3473.77
2025-08-03 23:30:00+07:00,3473.33,3488.55,3472.47,3482.5
2025-08-03 23:45:00+07:00,3482.53,3495.08,3482.53,3493.31
2025-08-04 00:00:00+07:00,3493.26,3497.87,3487.61,3494.0
2025-08-04 00:15:00+07:00,3493.95,3495.05,3482.76,3484.85
2025-08-04 00:30:00+07:00,3484.53,3491.6,3480.19,3480.97
2025-08-04 00:45:00+07:00,3480.93,3488.61,3478.49,3488.13
2025-08-04 01:00:00+07:00,3488.35,3489.04,3479.84,3484.22
2025-08-04 01:15:00+07:00,3484.19,3493.3,3479.56,3488.28
2025-08-04 01:30:00+07:00,3488.25,3492.39,3480.55,3489.73
2025-08-04 01:45:00+07:00,3489.67,3496.53,3489.33,3494.88
2025-08-04 02:00:00+07:00,3494.95,3497.59,3486.66,3491.2
2025-08-04 02:15:00+07:00,3491.24,3509.65,3491.24,3502.01
2025-08-04 02:30:00+07:00,3502.36,3513.31,3497.15,3498.88
2025-08-04 02:45:00+07:00,3498.62,3500.55,3491.22,3495.11
2025-08-04 03:00:00+07:00,3495.15,3495.27,3482.54,3486.61
2025-08-04 03:15:00+07:00,3486.63,3490.29,3484.0,3487.12
2025-08-04 03:30:00+07:00,3486.97,3496.56,3481.7,3493.3
2025-08-04 03:45:00+07:00,3493.28,3495.87,3488.12,3490.59
2025-08-04 04:00:00+07:00,3490.57,3497.17,3486.98,3497.07
2025-08-04 04:15:00+07:00,3496.89,3507.36,3491.21,3501.76
2025-08-04 04:30:00+07:00,3501.87,3503.06,3496.03,3496.55
2025-08-04 04:45:00+07:00,3496.35,3504.81,3494.4,3500.69
2025-08-04 05:00:00+07:00,3500.67,3513.0,3485.22,3487.83
2025-08-04 05:15:00+07:00,3487.67,3492.39,3481.46,3484.51
2025-08-04 05:30:00+07:00,3484.5,3496.16,3484.23,3495.37
2025-08-04 05:45:00+07:00,3495.34,3505.41,3491.82,3501.63
2025-08-04 06:00:00+07:00,3501.66,3512.72,3495.62,3510.47
2025-08-04 06:15:00+07:00,3510.51,3520.44,3505.15,3507.84
2025-08-04 06:30:00+07:00,3508.09,3511.09,3495.5,3500.03
2025-08-04 06:45:00+07:00,3499.81,3499.95,3494.37,3494.44
2025-08-04 07:00:00+07:00,3495.17,3499.51,3489.37,3498.15
2025-08-04 07:15:00+07:00,3498.14,3516.94,3495.22,3513.19
2025-08-04 07:30:00+07:00,3513.36,3530.7,3508.94,3529.55
2025-08-04 07:45:00+07:00,3529.51,3550.45,3523.99,3544.28
2025-08-04 08:00:00+07:00,3544.44,3557.34,3536.43,3540.52
2025-08-04 08:15:00+07:00,3540.43,3547.58,3532.5,3544.19
2025-08-04 08:30:00+07:00,3544.23,3554.46,3539.42,3542.86
2025-08-04 08:45:00+07:00,3542.84,3547.8,3532.42,3536.06
2025-08-04 09:00:00+07:00,3536.06,3539.57,3522.79,3528.82
2025-08-04 09:15:00+07:00,3528.73,3549.13,3528.5,3546.8
2025-08-04 09:30:00+07:00,3546.71,3555.23,3542.47,3546.42
2025-08-04 09:45:00+07:00,3546.4,3570.3,3544.62,3570.23
2025-08-04 10:00:00+07:00,3570.09,3574.97,3558.05,3559.78
2025-08-04 10:15:00+07:00,3559.81,3567.35,3557.05,3560.79
2025-08-04 10:30:00+07:00,3560.76,3561.8,3554.78,3561.77
2025-08-04 10:45:00+07:00,3561.79,3561.81,3553.06,3555.01
2025-08-04 11:00:00+07:00,3555.05,3563.95,3555.05,3560.92
2025-08-04 11:15:00+07:00,3560.82,3560.82,3547.68,3557.04
2025-08-04 11:30:00+07:00,3557.04,3557.04,3537.76,3537.76
2025-08-04 11:45:00+07:00,3537.8,3542.58,3534.27,3538.3
2025-08-04 12:00:00+07:00,3538.34,3539.98,3530.51,3533.44
2025-08-04 12:15:00+07:00,3533.39,3536.47,3527.78,3528.44
2025-08-04 12:30:00+07:00,3528.49,3532.79,3522.45,3526.12
2025-08-04 12:45:00+07:00,3526.11,3535.82,3523.11,3531.98
2025-08-04 13:00:00+07:00,3531.89,3538.84,3529.16,3530.02
2025-08-04 13:15:00+07:00,3530.05,3534.8,3523.17,3529.28
2025-08-04 13:30:00+07:00,3529.33,3535.43,3519.32,3532.26
2025-08-04 13:45:00+07:00,3532.23,3540.31,3527.57,3537.3
2025-08-04 14:00:00+07:00,3537.25,3545.4,3535.9,3542.91
2025-08-04 14:15:00+07:00,3542.83,3545.14,3534.84,3537.61
2025-08-04 14:30:00+07:00,3537.65,3550.91,3535.05,3546.59
2025-08-04 14:45:00+07:00,3546.57,3552.69,3545.18,3550.61
2025-08-04 15:00:00+07:00,3550.81,3560.19,3548.68,3554.46
2025-08-04 15:15:00+07:00,3554.7,3563.18,3548.46,3549.47
2025-08-04 15:30:00+07:00,3549.51,3555.83,3540.22,3549.74
2025-08-04 15:45:00+07:00,3549.82,3554.59,3547.01,3549.04
2025-08-04 16:00:00+07:00,3549.09,3557.26,3549.09,3555.39
2025-08-04 16:15:00+07:00,3555.37,3562.26,3548.06,3556.15
2025-08-04 16:30:00+07:00,3556.18,3559.96,3551.75,3551.75
2025-08-04 16:45:00+07:00,3551.78,3553.67,3543.53,3545.57
2025-08-04 17:00:00+07:00,3545.64,3558.88,3543.26,3558.86
2025-08-04 17:15:00+07:00,3558.83,3573.37,3553.09,3562.39
2025-08-04 17:30:00+07:00,3562.41,3567.77,3554.99,3555.01
2025-08-04 17:45:00+07:00,3555.04,3561.85,3552.29,3553.13
2025-08-04 18:00:00+07:00,3553.18,3564.85,3550.89,3557.15
2025-08-04 18:15:00+07:00,3557.22,3557.63,3548.29,3554.26
2025-08-04 18:30:00+07:00,3554.16,3559.79,3548.74,3556.46
2025-08-04 18:45:00+07:00,3556.39,3559.15,3553.39,3554.19
2025-08-04 19:00:00+07:00,3553.9,3558.3,3549.21,3557.54
2025-08-04 19:15:00+07:00,3557.49,3562.13,3550.8,3555.7
2025-08-04 19:30:00+07:00,3555.81,3563.53,3551.13,3560.18
2025-08-04 19:45:00+07:00,3560.24,3571.67,3558.36,3568.61
2025-08-04 20:00:00+07:00,3568.69,3578.59,3563.79,3566.23
2025-08-04 20:15:00+07:00,3566.2,3571.6,3558.48,3564.0
2025-08-04 20:30:00+07:00,3564.02,3605.2,3559.49,3605.05
2025-08-04 20:45:00+07:00,3605.16,3619.79,3590.57,3619.45
2025-08-04 21:00:00+07:00,3619.63,3654.73,3616.32,3648.58
2025-08-04 21:15:00+07:00,3648.52,3664.1,3641.15,3654.17
2025-08-04 21:30:00+07:00,3654.28,3658.79,3634.14,3634.59
2025-08-04 21:45:00+07:00,3634.63,3648.31,3628.15,3637.76
2025-08-04 22:00:00+07:00,3637.85,3650.37,3632.85,3648.13
2025-08-04 22:15:00+07:00,3648.12,3649.18,3638.54,3645.95
2025-08-04 22:30:00+07:00,3645.93,3655.57,3636.02,3639.72
2025-08-04 22:45:00+07:00,3639.74,3649.51,3634.03,3646.73
2025-08-04 23:00:00+07:00,3646.76,3672.38,3646.73,3664.85
2025-08-04 23:15:00+07:00,3665.08,3673.21,3658.95,3662.7
2025-08-04 23:30:00+07:00,3662.76,3697.28,3662.76,3683.32
2025-08-04 23:45:00+07:00,3683.53,3690.33,3679.85,3683.25
2025-08-05 00:00:00+07:00,3683.31,3716.79,3679.26,3713.61
2025-08-05 00:15:00+07:00,3713.74,3713.74,3691.27,3693.07
2025-08-05 00:30:00+07:00,3693.25,3693.76,3676.6,3678.58
2025-08-05 00:45:00+07:00,3678.52,3687.57,3676.69,3679.86
2025-08-05 01:00:00+07:00,3679.73,3686.12,3676.11,3676.97
2025-08-05 01:15:00+07:00,3676.95,3692.19,3674.05,3686.85
2025-08-05 01:30:00+07:00,3686.83,3686.83,3669.96,3672.89
2025-08-05 01:45:00+07:00,3672.91,3681.19,3669.82,3674.86
2025-08-05 02:00:00+07:00,3675.04,3683.48,3672.31,3678.75
2025-08-05 02:15:00+07:00,3678.8,3686.99,3678.8,3680.67
2025-08-05 02:30:00+07:00,3681.09,3682.56,3665.08,3668.75
2025-08-05 02:45:00+07:00,3668.73,3675.64,3664.49,3668.29
2025-08-05 03:00:00+07:00,3668.21,3682.67,3659.34,3678.69
2025-08-05 03:15:00+07:00,3678.23,3686.43,3674.91,3684.7
2025-08-05 03:30:00+07:00,3684.64,3701.96,3684.6,3700.56
2025-08-05 03:45:00+07:00,3700.47,3711.23,3689.67,3698.32
2025-08-05 04:00:00+07:00,3698.3,3712.83,3697.23,3709.25
2025-08-05 04:15:00+07:00,3709.05,3730.92,3704.61,3711.39
2025-08-05 04:30:00+07:00,3711.36,3724.99,3705.49,3721.28
2025-08-05 04:45:00+07:00,3721.3,3722.03,3703.9,3708.65
2025-08-05 05:00:00+07:00,3708.67,3728.19,3708.67,3727.0
2025-08-05 05:15:00+07:00,3727.13,3731.62,3718.64,3721.95
2025-08-05 05:30:00+07:00,3721.96,3733.11,3716.45,3724.79
2025-08-05 05:45:00+07:00,3724.36,3735.24,3723.38,3730.52
2025-08-05 06:00:00+07:00,3730.85,3731.76,3719.76,3727.81
2025-08-05 06:15:00+07:00,3727.96,3728.43,3719.3,3719.98
2025-08-05 06:30:00+07:00,3719.95,3722.04,3711.31,3714.89
2025-08-05 06:45:00+07:00,3714.89,3719.35,3707.11,3719.3
2025-08-05 07:00:00+07:00,3719.28,3720.02,3697.76,3702.22
2025-08-05 07:15:00+07:00,3702.22,3703.57,3692.62,3695.99
2025-08-05 07:30:00+07:00,3696.05,3709.57,3696.05,3701.22
2025-08-05 07:45:00+07:00,3701.12,3703.04,3691.38,3695.49
2025-08-05 08:00:00+07:00,3695.54,3705.21,3689.43,3693.76
2025-08-05 08:15:00+07:00,3693.75,3698.68,3686.35,3696.22
2025-08-05 08:30:00+07:00,3696.1,3696.21,3687.28,3693.93
2025-08-05 08:45:00+07:00,3693.91,3695.5,3676.63,3678.7
2025-08-05 09:00:00+07:00,3678.5,3686.56,3673.74,3674.93
2025-08-05 09:15:00+07:00,3674.96,3679.56,3672.54,3672.9
2025-08-05 09:30:00+07:00,3672.93,3677.07,3671.83,3671.83
2025-08-05 09:45:00+07:00,3671.71,3682.54,3671.09,3678.88
2025-08-05 10:00:00+07:00,3678.91,3679.95,3661.94,3665.08
2025-08-05 10:15:00+07:00,3665.11,3665.11,3646.91,3656.26
2025-08-05 10:30:00+07:00,3656.44,3658.68,3647.7,3653.16
2025-08-05 10:45:00+07:00,3653.07,3655.87,3648.78,3650.5
2025-08-05 11:00:00+07:00,3650.45,3666.77,3643.13,3664.71
2025-08-05 11:15:00+07:00,3664.69,3664.69,3651.08,3654.79
2025-08-05 11:30:00+07:00,3654.88,3655.17,3645.38,3646.66
2025-08-05 11:45:00+07:00,3646.77,3650.14,3644.22,3647.71
2025-08-05 12:00:00+07:00,3647.68,3656.49,3645.45,3655.52
2025-08-05 12:15:00+07:00,3655.44,3661.59,3652.1,3656.91
2025-08-05 12:30:00+07:00,3656.91,3664.95,3654.19,3655.48
2025-08-05 12:45:00+07:00,3655.35,3666.98,3654.38,3662.82
2025-08-05 13:00:00+07:00,3662.85,3674.01,3661.15,3667.96
2025-08-05 13:15:00+07:00,3667.93,3678.17,3666.11,3675.33
2025-08-05 13:30:00+07:00,3675.29,3675.29,3658.92,3660.35
2025-08-05 13:45:00+07:00,3660.34,3660.37,3633.37,3649.48
2025-08-05 14:00:00+07:00,3649.31,3652.08,3641.1,3647.83
2025-08-05 14:15:00+07:00,3647.9,3655.3,3635.11,3638.01
2025-08-05 14:30:00+07:00,3638.07,3638.28,3599.5,3609.3
2025-08-05 14:45:00+07:00,3609.24,3622.8,3608.01,3611.92
2025-08-05 15:00:00+07:00,3611.9,3620.96,3606.69,3611.63
2025-08-05 15:15:00+07:00,3611.67,3632.56,3611.67,3628.01
2025-08-05 15:30:00+07:00,3628.02,3636.37,3620.26,3625.77
2025-08-05 15:45:00+07:00,3625.81,3634.72,3621.48,3633.55
2025-08-05 16:00:00+07:00,3633.34,3640.21,3631.96,3638.62
2025-08-05 16:15:00+07:00,3638.6,3647.22,3633.65,3645.36
2025-08-05 16:30:00+07:00,3645.35,3658.28,3643.68,3655.01
2025-08-05 16:45:00+07:00,3655.21,3665.23,3653.08,3658.99
2025-08-05 17:00:00+07:00,3658.95,3664.42,3652.02,3660.0
2025-08-05 17:15:00+07:00,3660.07,3677.9,3660.07,3672.73
2025-08-05 17:30:00+07:00,3672.77,3692.35,3671.14,3686.51
2025-08-05 17:45:00+07:00,3686.49,3686.49,3678.27,3681.1
2025-08-05 18:00:00+07:00,3681.12,3683.56,3666.31,3670.56
2025-08-05 18:15:00+07:00,3670.57,3684.61,3669.04,3681.79
2025-08-05 18:30:00+07:00,3681.89,3682.71,3668.94,3673.94
2025-08-05 18:45:00+07:00,3673.92,3673.92,3660.09,3672.28
2025-08-05 19:00:00+07:00,3672.51,3678.94,3664.91,3676.98
2025-08-05 19:15:00+07:00,3676.96,3676.96,3640.78,3655.11
2025-08-05 19:30:00+07:00,3655.12,3655.12,3608.13,3627.67
2025-08-05 19:45:00+07:00,3627.79,3638.21,3618.63,3626.97
2025-08-05 20:00:00+07:00,3626.8,3633.88,3616.93,3618.88
2025-08-05 20:15:00+07:00,3619.22,3636.01,3616.88,3634.57
2025-08-05 20:30:00+07:00,3634.58,3653.13,3625.68,3640.98
2025-08-05 20:45:00+07:00,3640.79,3657.52,3638.1,3645.36
2025-08-05 21:00:00+07:00,3645.34,3646.18,3601.87,3608.34
2025-08-05 21:15:00+07:00,3608.41,3608.86,3567.71,3579.34
2025-08-05 21:30:00+07:00,3579.37,3585.46,3563.6,3569.69
2025-08-05 21:45:00+07:00,3569.17,3578.71,3557.6,3576.53
2025-08-05 22:00:00+07:00,3576.5,3596.57,3568.73,3590.56
2025-08-05 22:15:00+07:00,3590.56,3595.13,3562.44,3569.88
2025-08-05 22:30:00+07:00,3570.05,3575.12,3555.02,3559.73
2025-08-05 22:45:00+07:00,3559.97,3572.11,3555.18,3568.7
2025-08-05 23:00:00+07:00,3568.73,3585.8,3564.13,3583.02
2025-08-05 23:15:00+07:00,3582.96,3588.09,3575.58,3584.64
2025-08-05 23:30:00+07:00,3584.6,3592.81,3561.68,3572.08
2025-08-05 23:45:00+07:00,3571.71,3585.65,3564.43,3576.02
2025-08-06 00:00:00+07:00,3576.04,3588.22,3574.86,3587.1
2025-08-06 00:15:00+07:00,3587.13,3602.33,3585.04,3595.64
2025-08-06 00:30:00+07:00,3595.66,3606.56,3593.4,3595.63
2025-08-06 00:45:00+07:00,3595.51,3607.59,3591.13,3603.83
2025-08-06 01:00:00+07:00,3603.78,3611.14,3596.69,3596.69
2025-08-06 01:15:00+07:00,3596.58,3600.17,3581.31,3587.52
2025-08-06 01:30:00+07:00,3587.5,3590.78,3574.0,3576.52
2025-08-06 01:45:00+07:00,3576.56,3587.16,3565.76,3586.11
2025-08-06 02:00:00+07:00,3586.15,3592.93,3580.35,3580.59
2025-08-06 02:15:00+07:00,3580.55,3584.01,3570.81,3577.72
2025-08-06 02:30:00+07:00,3577.92,3581.23,3569.04,3569.69
2025-08-06 02:45:00+07:00,3569.63,3575.81,3557.77,3570.17
2025-08-06 03:00:00+07:00,3570.19,3585.14,3570.19,3584.27
2025-08-06 03:15:00+07:00,3584.22,3596.26,3581.78,3595.21
2025-08-06 03:30:00+07:00,3595.17,3595.24,3576.41,3579.89
2025-08-06 03:45:00+07:00,3579.88,3581.64,3572.66,3575.15
2025-08-06 04:00:00+07:00,3575.13,3588.62,3573.25,3574.54
2025-08-06 04:15:00+07:00,3574.56,3587.54,3573.92,3585.11
2025-08-06 04:30:00+07:00,3585.11,3589.44,3580.01,3581.08
2025-08-06 04:45:00+07:00,3581.02,3581.22,3568.06,3573.83
2025-08-06 05:00:00+07:00,3573.8,3578.34,3543.94,3576.21
2025-08-06 05:15:00+07:00,3576.2,3588.89,3575.7,3584.22
2025-08-06 05:30:00+07:00,3584.24,3592.91,3582.37,3592.91
2025-08-06 05:45:00+07:00,3592.88,3597.64,3589.42,3595.34
2025-08-06 06:00:00+07:00,3595.35,3609.37,3591.92,3608.12
2025-08-06 06:15:00+07:00,3608.2,3618.46,3605.33,3612.15
2025-08-06 06:30:00+07:00,3612.2,3622.61,3608.89,3616.89
2025-08-06 06:45:00+07:00,3616.84,3618.7,3606.33,3610.12
2025-08-06 07:00:00+07:00,3610.21,3612.46,3595.38,3600.96
2025-08-06 07:15:00+07:00,3601.01,3603.09,3589.86,3591.0
2025-08-06 07:30:00+07:00,3590.97,3599.01,3584.12,3592.94
2025-08-06 07:45:00+07:00,3593.21,3593.23,3569.48,3575.24
2025-08-06 08:00:00+07:00,3575.19,3586.47,3570.13,3584.95
2025-08-06 08:15:00+07:00,3584.93,3586.14,3564.98,3567.04
2025-08-06 08:30:00+07:00,3567.15,3582.79,3562.5,3578.01
2025-08-06 08:45:00+07:00,3578.2,3592.95,3570.52,3590.91
2025-08-06 09:00:00+07:00,3590.84,3590.95,3572.63,3578.72
2025-08-06 09:15:00+07:00,3578.68,3587.87,3576.85,3584.13
2025-08-06 09:30:00+07:00,3584.19,3591.27,3575.85,3588.45
2025-08-06 09:45:00+07:00,3588.42,3595.15,3583.14,3591.06
2025-08-06 10:00:00+07:00,3591.08,3593.47,3580.65,3584.44
2025-08-06 10:15:00+07:00,3584.23,3584.66,3570.33,3576.06
2025-08-06 10:30:00+07:00,3576.1,3583.67,3575.01,3581.29
2025-08-06 10:45:00+07:00,3581.37,3585.04,3580.09,3582.11
2025-08-06 11:00:00+07:00,3582.09,3583.59,3570.29,3572.46
2025-08-06 11:15:00+07:00,3572.45,3580.15,3568.92,3577.73
2025-08-06 11:30:00+07:00,3577.63,3581.58,3569.79,3573.95
2025-08-06 11:45:00+07:00,3573.88,3575.78,3569.62,3572.31
2025-08-06 12:00:00+07:00,3572.38,3617.12,3568.04,3617.0
2025-08-06 12:15:00+07:00,3616.82,3642.57,3613.34,3625.89
2025-08-06 12:30:00+07:00,3625.86,3661.23,3625.49,3646.02
2025-08-06 12:45:00+07:00,3645.99,3654.47,3629.88,3637.01
2025-08-06 13:00:00+07:00,3637.23,3638.88,3617.89,3619.81
2025-08-06 13:15:00+07:00,3619.73,3628.24,3615.56,3619.82
2025-08-06 13:30:00+07:00,3619.78,3635.85,3615.7,3632.88
2025-08-06 13:45:00+07:00,3632.9,3642.85,3627.11,3630.95
2025-08-06 14:00:00+07:00,3631.05,3642.36,3623.13,3639.51
2025-08-06 14:15:00+07:00,3639.46,3647.58,3635.42,3645.01
2025-08-06 14:30:00+07:00,3644.99,3645.0,3631.37,3637.38
2025-08-06 14:45:00+07:00,3637.44,3642.02,3633.1,3638.47
2025-08-06 15:00:00+07:00,3638.41,3641.84,3621.36,3625.19
2025-08-06 15:15:00+07:00,3625.31,3629.97,3619.04,3622.42
2025-08-06 15:30:00+07:00,3622.37,3624.36,3610.37,3611.17
2025-08-06 15:45:00+07:00,3611.19,3621.9,3608.04,3620.96
2025-08-06 16:00:00+07:00,3620.87,3632.12,3615.16,3631.37
2025-08-06 16:15:00+07:00,3631.67,3643.96,3626.75,3627.22
2025-08-06 16:30:00+07:00,3626.93,3630.89,3617.67,3620.68
2025-08-06 16:45:00+07:00,3620.72,3629.82,3618.49,3626.12
2025-08-06 17:00:00+07:00,3626.07,3630.6,3618.12,3625.49
2025-08-06 17:15:00+07:00,3625.63,3632.49,3610.19,3621.14
2025-08-06 17:30:00+07:00,3621.08,3627.88,3618.09,3623.72
2025-08-06 17:45:00+07:00,3623.76,3625.14,3610.24,3615.05
2025-08-06 18:00:00+07:00,3615.04,3620.57,3608.4,3619.78
2025-08-06 18:15:00+07:00,3619.82,3625.3,3618.73,3625.25
2025-08-06 18:30:00+07:00,3625.28,3629.74,3620.16,3624.56
2025-08-06 18:45:00+07:00,3624.54,3624.54,3615.36,3618.26
2025-08-06 19:00:00+07:00,3618.22,3622.23,3591.71,3592.99
2025-08-06 19:15:00+07:00,3592.77,3603.48,3582.06,3595.49
2025-08-06 19:30:00+07:00,3595.4,3604.58,3590.94,3591.36
2025-08-06 19:45:00+07:00,3591.17,3594.76,3577.61,3583.04
2025-08-06 20:00:00+07:00,3583.1,3591.47,3578.72,3591.39
2025-08-06 20:15:00+07:00,3591.37,3593.54,3583.71,3589.7
2025-08-06 20:30:00+07:00,3589.75,3601.08,3572.57,3596.59
2025-08-06 20:45:00+07:00,3596.76,3603.54,3581.74,3601.14
2025-08-06 21:00:00+07:00,3601.11,3623.9,3601.11,3607.85
2025-08-06 21:15:00+07:00,3607.97,3612.23,3586.04,3598.95
2025-08-06 21:30:00+07:00,3598.9,3612.35,3593.21,3608.33
2025-08-06 21:45:00+07:00,3608.58,3635.35,3600.83,3635.35
2025-08-06 22:00:00+07:00,3635.37,3640.02,3618.48,3626.38
2025-08-06 22:15:00+07:00,3626.36,3632.31,3620.78,3627.15
2025-08-06 22:30:00+07:00,3627.13,3647.63,3626.13,3644.05
2025-08-06 22:45:00+07:00,3644.13,3668.26,3637.98,3662.76
2025-08-06 23:00:00+07:00,3662.79,3673.12,3643.5,3649.27
2025-08-06 23:15:00+07:00,3649.31,3658.94,3645.67,3649.4
2025-08-06 23:30:00+07:00,3649.39,3655.98,3638.89,3641.74
2025-08-06 23:45:00+07:00,3641.77,3652.08,3639.2,3643.56
2025-08-07 00:00:00+07:00,3643.54,3648.03,3636.9,3644.4
2025-08-07 00:15:00+07:00,3644.38,3655.25,3643.27,3654.13
2025-08-07 00:30:00+07:00,3653.99,3665.55,3647.3,3664.27
2025-08-07 00:45:00+07:00,3664.38,3683.88,3660.59,3680.65
2025-08-07 01:00:00+07:00,3680.6,3697.65,3680.09,3694.44
2025-08-07 01:15:00+07:00,3694.46,3696.39,3675.29,3679.08
2025-08-07 01:30:00+07:00,3678.7,3686.79,3673.46,3675.92
2025-08-07 01:45:00+07:00,3675.94,3679.4,3671.13,3676.03
2025-08-07 02:00:00+07:00,3675.68,3684.8,3674.3,3679.13
2025-08-07 02:15:00+07:00,3679.12,3680.37,3675.06,3675.35
2025-08-07 02:30:00+07:00,3675.31,3675.73,3668.69,3671.51
2025-08-07 02:45:00+07:00,3671.52,3682.91,3668.06,3682.07
2025-08-07 03:00:00+07:00,3682.05,3682.05,3672.22,3674.36
2025-08-07 03:15:00+07:00,3674.38,3679.23,3673.01,3674.28
2025-08-07 03:30:00+07:00,3674.42,3676.58,3665.15,3674.74
2025-08-07 03:45:00+07:00,3674.74,3675.37,3668.43,3672.74
2025-08-07 04:00:00+07:00,3672.72,3683.82,3671.66,3674.54
2025-08-07 04:15:00+07:00,3674.52,3680.74,3672.61,3675.12
2025-08-07 04:30:00+07:00,3675.18,3675.76,3651.3,3660.66
2025-08-07 04:45:00+07:00,3660.57,3668.87,3659.23,3668.52
2025-08-07 05:00:00+07:00,3668.55,3679.69,3664.08,3675.09
2025-08-07 05:15:00+07:00,3675.15,3678.23,3668.8,3678.23
2025-08-07 05:30:00+07:00,3678.34,3680.06,3672.79,3674.86
2025-08-07 05:45:00+07:00,3675.19,3681.43,3673.97,3680.99
2025-08-07 06:00:00+07:00,3680.99,3683.02,3674.48,3677.14
2025-08-07 06:15:00+07:00,3677.18,3679.41,3672.17,3675.32
2025-08-07 06:30:00+07:00,3675.24,3681.99,3674.35,3680.81
2025-08-07 06:45:00+07:00,3680.81,3684.54,3678.92,3681.21
2025-08-07 07:00:00+07:00,3681.2,3681.31,3667.71,3672.46
2025-08-07 07:15:00+07:00,3672.41,3677.2,3662.19,3676.2
2025-08-07 07:30:00+07:00,3676.2,3681.07,3672.74,3672.74
2025-08-07 07:45:00+07:00,3672.69,3674.48,3667.59,3672.76
2025-08-07 08:00:00+07:00,3672.8,3680.65,3669.87,3677.41
2025-08-07 08:15:00+07:00,3677.51,3710.95,3672.58,3705.39
2025-08-07 08:30:00+07:00,3705.31,3715.76,3688.81,3689.97
2025-08-07 08:45:00+07:00,3689.92,3691.82,3665.07,3665.84
2025-08-07 09:00:00+07:00,3665.8,3673.06,3657.51,3672.86
2025-08-07 09:15:00+07:00,3672.51,3676.66,3664.66,3669.76
2025-08-07 09:30:00+07:00,3669.39,3671.37,3655.68,3656.24
2025-08-07 09:45:00+07:00,3656.13,3660.04,3648.75,3657.66
2025-08-07 10:00:00+07:00,3657.63,3662.36,3651.52,3651.98
2025-08-07 10:15:00+07:00,3651.88,3655.48,3646.09,3654.02
2025-08-07 10:30:00+07:00,3654.04,3660.38,3652.53,3660.2
2025-08-07 10:45:00+07:00,3660.24,3663.11,3654.5,3655.12
2025-08-07 11:00:00+07:00,3655.1,3665.66,3653.45,3661.38
2025-08-07 11:15:00+07:00,3661.32,3668.58,3660.6,3665.88
2025-08-07 11:30:00+07:00,3665.88,3665.97,3657.32,3659.2
2025-08-07 11:45:00+07:00,3659.2,3661.85,3655.39,3660.27
2025-08-07 12:00:00+07:00,3660.38,3663.96,3657.33,3663.65
2025-08-07 12:15:00+07:00,3663.62,3678.3,3663.09,3675.9
2025-08-07 12:30:00+07:00,3675.57,3681.28,3671.55,3675.91
2025-08-07 12:45:00+07:00,3675.94,3687.14,3675.26,3685.88
2025-08-07 13:00:00+07:00,3685.86,3703.71,3684.88,3700.4
2025-08-07 13:15:00+07:00,3700.37,3700.37,3686.01,3686.31
2025-08-07 13:30:00+07:00,3686.17,3694.48,3685.23,3693.56
2025-08-07 13:45:00+07:00,3693.41,3709.66,3691.01,3693.45
2025-08-07 14:00:00+07:00,3693.59,3706.19,3692.34,3700.95
2025-08-07 14:15:00+07:00,3700.95,3708.39,3699.08,3701.96
2025-08-07 14:30:00+07:00,3701.97,3704.25,3696.54,3697.73
2025-08-07 14:45:00+07:00,3697.66,3701.01,3692.92,3701.01
2025-08-07 15:00:00+07:00,3701.11,3722.47,3700.83,3714.55
2025-08-07 15:15:00+07:00,3714.56,3726.31,3713.81,3725.34
2025-08-07 15:30:00+07:00,3725.29,3725.48,3713.72,3716.46
2025-08-07 15:45:00+07:00,3716.51,3721.22,3711.22,3720.05
2025-08-07 16:00:00+07:00,3720.09,3727.21,3713.35,3715.08
2025-08-07 16:15:00+07:00,3715.01,3726.41,3714.54,3723.24
2025-08-07 16:30:00+07:00,3723.22,3727.43,3718.38,3727.43
2025-08-07 16:45:00+07:00,3727.39,3732.63,3721.75,3730.1
2025-08-07 17:00:00+07:00,3730.03,3798.92,3728.18,3794.81
2025-08-07 17:15:00+07:00,3794.88,3798.89,3784.04,3797.9
2025-08-07 17:30:00+07:00,3797.91,3823.33,3795.02,3810.51
2025-08-07 17:45:00+07:00,3810.55,3825.08,3806.7,3819.18
2025-08-07 18:00:00+07:00,3819.34,3821.96,3805.26,3809.71
2025-08-07 18:15:00+07:00,3809.76,3822.39,3806.09,3819.8
2025-08-07 18:30:00+07:00,3819.86,3837.2,3812.76,3826.95
2025-08-07 18:45:00+07:00,3826.95,3841.67,3825.38,3825.59
2025-08-07 19:00:00+07:00,3825.6,3833.78,3822.3,3832.54
2025-08-07 19:15:00+07:00,3832.33,3844.52,3828.37,3835.56
2025-08-07 19:30:00+07:00,3835.5,3845.89,3832.58,3841.83
2025-08-07 19:45:00+07:00,3841.79,3850.24,3830.25,3848.14
2025-08-07 20:00:00+07:00,3848.35,3852.87,3836.26,3840.97
2025-08-07 20:15:00+07:00,3840.98,3843.46,3825.37,3830.85
2025-08-07 20:30:00+07:00,3830.85,3863.55,3826.9,3857.87
2025-08-07 20:45:00+07:00,3857.83,3864.63,3845.83,3856.13
2025-08-07 21:00:00+07:00,3856.07,3856.87,3827.35,3828.98
2025-08-07 21:15:00+07:00,3828.93,3839.56,3826.1,3829.63
2025-08-07 21:30:00+07:00,3829.69,3830.71,3810.04,3815.62
2025-08-07 21:45:00+07:00,3815.65,3821.33,3802.25,3818.42
2025-08-07 22:00:00+07:00,3818.4,3825.55,3812.92,3819.82
2025-08-07 22:15:00+07:00,3819.55,3834.42,3814.05,3826.73
2025-08-07 22:30:00+07:00,3826.67,3839.12,3824.45,3832.52
2025-08-07 22:45:00+07:00,3832.38,3838.4,3824.68,3834.93
2025-08-07 23:00:00+07:00,3834.9,3841.36,3825.05,3832.03
2025-08-07 23:15:00+07:00,3832.01,3834.49,3821.41,3829.79
2025-08-07 23:30:00+07:00,3829.75,3834.3,3804.18,3804.96
2025-08-07 23:45:00+07:00,3804.94,3818.44,3778.77,3813.26
2025-08-08 00:00:00+07:00,3813.16,3819.39,3802.84,3814.06
2025-08-08 00:15:00+07:00,3814.19,3826.63,3809.72,3818.41
2025-08-08 00:30:00+07:00,3818.07,3827.16,3812.57,3827.05
2025-08-08 00:45:00+07:00,3827.01,3832.7,3820.01,3827.9
2025-08-08 01:00:00+07:00,3827.95,3828.54,3809.94,3811.56
2025-08-08 01:15:00+07:00,3811.54,3821.0,3806.32,3819.97
2025-08-08 01:30:00+07:00,3819.94,3820.26,3812.48,3813.11
2025-08-08 01:45:00+07:00,3813.19,3829.08,3812.02,3825.65
2025-08-08 02:00:00+07:00,3825.61,3828.84,3820.25,3827.03
2025-08-08 02:15:00+07:00,3826.97,3841.49,3825.06,3839.06
2025-08-08 02:30:00+07:00,3839.15,3849.8,3836.37,3849.8
2025-08-08 02:45:00+07:00,3849.72,3875.58,3849.62,3865.71
2025-08-08 03:00:00+07:00,3865.65,3867.65,3849.33,3854.29
2025-08-08 03:15:00+07:00,3854.27,3864.68,3852.44,3862.34
2025-08-08 03:30:00+07:00,3862.37,3869.74,3856.19,3863.54
2025-08-08 03:45:00+07:00,3863.54,3879.6,3858.04,3872.55
2025-08-08 04:00:00+07:00,3872.72,3875.17,3861.94,3865.2
2025-08-08 04:15:00+07:00,3865.18,3871.66,3864.93,3869.42
2025-08-08 04:30:00+07:00,3869.78,3872.79,3856.46,3860.44
2025-08-08 04:45:00+07:00,3860.45,3885.01,3858.61,3869.53
2025-08-08 05:00:00+07:00,3869.51,3883.87,3866.27,3882.69
2025-08-08 05:15:00+07:00,3882.62,3887.1,3875.76,3881.86
2025-08-08 05:30:00+07:00,3881.77,3886.92,3876.01,3881.54
2025-08-08 05:45:00+07:00,3881.75,3926.48,3881.44,3915.11
2025-08-08 06:00:00+07:00,3915.15,3916.28,3890.93,3893.4
2025-08-08 06:15:00+07:00,3893.01,3897.83,3889.54,3891.06
2025-08-08 06:30:00+07:00,3891.03,3899.99,3887.68,3898.56
2025-08-08 06:45:00+07:00,3898.38,3916.64,3898.23,3908.42
2025-08-08 07:00:00+07:00,3908.35,3911.06,3886.0,3905.12
2025-08-08 07:15:00+07:00,3904.91,3905.99,3880.76,3897.61
2025-08-08 07:30:00+07:00,3897.71,3936.13,3890.14,3920.7
2025-08-08 07:45:00+07:00,3920.88,3928.77,3897.02,3898.49
2025-08-08 08:00:00+07:00,3898.43,3916.72,3888.15,3912.34
2025-08-08 08:15:00+07:00,3912.44,3912.62,3887.19,3896.36
2025-08-08 08:30:00+07:00,3896.37,3898.55,3884.2,3886.96
2025-08-08 08:45:00+07:00,3887.02,3891.21,3878.1,3886.07
2025-08-08 09:00:00+07:00,3885.83,3892.41,3878.05,3892.41
2025-08-08 09:15:00+07:00,3892.6,3892.96,3884.32,3887.33
2025-08-08 09:30:00+07:00,3887.05,3894.22,3883.25,3891.05
2025-08-08 09:45:00+07:00,3891.08,3904.38,3891.08,3892.19
2025-08-08 10:00:00+07:00,3892.12,3903.19,3890.86,3901.49
2025-08-08 10:15:00+07:00,3901.46,3968.66,3900.57,3950.99
2025-08-08 10:30:00+07:00,3951.03,3952.22,3927.36,3928.89
2025-08-08 10:45:00+07:00,3928.92,3938.9,3923.09,3938.03
2025-08-08 11:00:00+07:00,3937.96,3938.26,3918.98,3921.54
2025-08-08 11:15:00+07:00,3921.45,3924.88,3914.33,3924.8
2025-08-08 11:30:00+07:00,3924.72,3933.94,3923.05,3924.39
2025-08-08 11:45:00+07:00,3924.35,3926.93,3917.72,3919.46
2025-08-08 12:00:00+07:00,3919.56,3919.72,3905.41,3909.48
2025-08-08 12:15:00+07:00,3909.54,3911.87,3893.26,3898.75
2025-08-08 12:30:00+07:00,3898.78,3904.67,3895.48,3903.91
2025-08-08 12:45:00+07:00,3903.93,3904.34,3897.67,3900.27
2025-08-08 13:00:00+07:00,3900.2,3915.45,3893.59,3915.45
2025-08-08 13:15:00+07:00,3915.48,3917.82,3904.08,3915.23
2025-08-08 13:30:00+07:00,3915.34,3919.1,3908.37,3912.54
2025-08-08 13:45:00+07:00,3912.5,3914.99,3905.15,3913.43
2025-08-08 14:00:00+07:00,3913.39,3914.95,3898.99,3906.92
2025-08-08 14:15:00+07:00,3906.93,3927.44,3906.93,3920.19
2025-08-08 14:30:00+07:00,3920.15,3920.98,3913.52,3913.78
2025-08-08 14:45:00+07:00,3913.71,3920.61,3912.47,3914.79
2025-08-08 15:00:00+07:00,3914.79,3926.59,3913.03,3921.79
2025-08-08 15:15:00+07:00,3921.82,3923.81,3901.65,3904.15
2025-08-08 15:30:00+07:00,3904.25,3904.45,3886.15,3890.48
2025-08-08 15:45:00+07:00,3890.56,3898.72,3885.01,3897.27
2025-08-08 16:00:00+07:00,3897.25,3898.78,3889.23,3892.27
2025-08-08 16:15:00+07:00,3892.15,3898.1,3883.15,3888.94
2025-08-08 16:30:00+07:00,3888.98,3895.93,3887.26,3892.73
2025-08-08 16:45:00+07:00,3892.75,3901.27,3892.02,3898.93
2025-08-08 17:00:00+07:00,3898.96,3907.41,3898.08,3900.2
2025-08-08 17:15:00+07:00,3900.23,3902.85,3894.06,3895.45
2025-08-08 17:30:00+07:00,3895.52,3901.18,3891.48,3891.48
2025-08-08 17:45:00+07:00,3891.17,3897.33,3885.29,3896.22
2025-08-08 18:00:00+07:00,3896.2,3908.77,3896.15,3906.3
2025-08-08 18:15:00+07:00,3906.25,3912.61,3903.51,3904.36
2025-08-08 18:30:00+07:00,3904.39,3917.44,3904.04,3913.5
2025-08-08 18:45:00+07:00,3913.5,3919.3,3912.21,3916.5
2025-08-08 19:00:00+07:00,3916.41,3916.59,3897.37,3904.55
2025-08-08 19:15:00+07:00,3904.57,3909.67,3899.23,3907.18
2025-08-08 19:30:00+07:00,3907.2,3908.24,3895.28,3898.89
2025-08-08 19:45:00+07:00,3898.84,3900.95,3890.87,3890.87
2025-08-08 20:00:00+07:00,3890.8,3902.37,3890.02,3896.91
2025-08-08 20:15:00+07:00,3896.96,3912.62,3894.12,3911.85
2025-08-08 20:30:00+07:00,3911.82,3942.29,3902.85,3936.19
2025-08-08 20:45:00+07:00,3936.14,4011.89,3936.14,3999.1
2025-08-08 21:00:00+07:00,3999.04,4005.16,3957.62,3965.35
2025-08-08 21:15:00+07:00,3965.56,3969.69,3941.9,3961.83
2025-08-08 21:30:00+07:00,3961.91,3965.26,3942.71,3958.06
2025-08-08 21:45:00+07:00,3958.49,3983.21,3957.53,3982.83
2025-08-08 22:00:00+07:00,3983.48,3987.99,3946.28,3954.36
2025-08-08 22:15:00+07:00,3954.4,3961.83,3946.68,3952.78
2025-08-08 22:30:00+07:00,3952.67,3963.86,3925.11,3927.9
2025-08-08 22:45:00+07:00,3927.9,3955.1,3927.9,3953.17
2025-08-08 23:00:00+07:00,3953.2,3966.61,3951.18,3954.45
2025-08-08 23:15:00+07:00,3954.5,3976.16,3949.15,3964.95
2025-08-08 23:30:00+07:00,3964.97,3971.03,3956.07,3959.24
2025-08-08 23:45:00+07:00,3959.2,3970.63,3958.69,3969.64
2025-08-09 00:00:00+07:00,3969.74,3993.38,3966.65,3987.44
2025-08-09 00:15:00+07:00,3987.52,4002.28,3978.68,3995.27
2025-08-09 00:30:00+07:00,3995.07,4030.35,3992.8,4018.49
2025-08-09 00:45:00+07:00,4018.58,4034.15,4010.96,4032.05
2025-08-09 01:00:00+07:00,4032.08,4050.29,4029.11,4039.37
2025-08-09 01:15:00+07:00,4039.39,4057.25,4032.0,4046.2
2025-08-09 01:30:00+07:00,4046.2,4054.3,4041.41,4044.75
2025-08-09 01:45:00+07:00,4044.7,4056.02,4033.09,4055.88
2025-08-09 02:00:00+07:00,4056.05,4065.6,4041.19,4048.05
2025-08-09 02:15:00+07:00,4048.04,4052.73,4036.4,4041.32
2025-08-09 02:30:00+07:00,4041.32,4048.52,4030.04,4043.87
2025-08-09 02:45:00+07:00,4043.63,4061.84,4041.7,4059.98
2025-08-09 03:00:00+07:00,4060.0,4070.81,4049.32,4050.85
2025-08-09 03:15:00+07:00,4051.07,4053.96,4044.57,4048.64
2025-08-09 03:30:00+07:00,4048.38,4057.06,4046.41,4051.68
2025-08-09 03:45:00+07:00,4051.81,4060.46,4050.11,4056.79
2025-08-09 04:00:00+07:00,4056.76,4058.24,4049.38,4050.36
2025-08-09 04:15:00+07:00,4050.34,4051.8,4037.55,4039.13
2025-08-09 04:30:00+07:00,4039.16,4046.96,4039.16,4045.32
2025-08-09 04:45:00+07:00,4045.3,4045.91,4037.06,4037.06
2025-08-09 05:00:00+07:00,4036.98,4038.38,4023.53,4033.22
2025-08-09 05:15:00+07:00,4033.23,4038.33,4027.53,4029.73
2025-08-09 05:30:00+07:00,4029.71,4029.74,4017.75,4028.13
2025-08-09 05:45:00+07:00,4028.15,4035.04,4023.37,4024.26
2025-08-09 06:00:00+07:00,4024.34,4031.88,4021.24,4026.02
2025-08-09 06:15:00+07:00,4025.99,4027.9,4020.06,4021.78
2025-08-09 06:30:00+07:00,4021.77,4021.77,4005.95,4011.24
2025-08-09 06:45:00+07:00,4011.18,4014.32,4007.01,4009.27
2025-08-09 07:00:00+07:00,4009.19,4013.38,4006.01,4011.73
2025-08-09 07:15:00+07:00,4012.03,4025.54,4005.69,4018.13
2025-08-09 07:30:00+07:00,4018.1,4023.25,4013.63,4019.89
2025-08-09 07:45:00+07:00,4019.82,4022.46,4010.29,4016.17
2025-08-09 08:00:00+07:00,4016.15,4024.26,4009.14,4016.76
2025-08-09 08:15:00+07:00,4016.69,4020.07,4012.52,4019.05
2025-08-09 08:30:00+07:00,4019.03,4033.44,4017.53,4028.58
2025-08-09 08:45:00+07:00,4028.74,4036.17,4024.74,4031.62
2025-08-09 09:00:00+07:00,4031.51,4032.6,4023.59,4024.59
2025-08-09 09:15:00+07:00,4024.57,4033.54,4024.57,4031.62
2025-08-09 09:30:00+07:00,4031.27,4037.29,4026.47,4033.5
2025-08-09 09:45:00+07:00,4033.76,4036.73,4028.08,4030.79
2025-08-09 10:00:00+07:00,4030.75,4042.29,4024.15,4040.68
2025-08-09 10:15:00+07:00,4040.58,4042.88,4032.31,4038.1
2025-08-09 10:30:00+07:00,4037.91,4049.54,4032.93,4043.99
2025-08-09 10:45:00+07:00,4043.97,4050.48,4040.37,4049.27
2025-08-09 11:00:00+07:00,4049.25,4057.46,4043.12,4055.58
2025-08-09 11:15:00+07:00,4055.58,4062.93,4050.79,4061.74
2025-08-09 11:30:00+07:00,4061.41,4100.61,4059.2,4079.5
2025-08-09 11:45:00+07:00,4079.79,4084.37,4073.54,4079.33
2025-08-09 12:00:00+07:00,4079.34,4216.48,4074.2,4158.52
2025-08-09 12:15:00+07:00,4158.32,4181.59,4152.1,4179.16
2025-08-09 12:30:00+07:00,4179.2,4196.9,4163.51,4176.96
2025-08-09 12:45:00+07:00,4176.96,4194.52,4170.71,4181.35
2025-08-09 13:00:00+07:00,4181.36,4183.35,4143.06,4160.86
2025-08-09 13:15:00+07:00,4160.82,4181.4,4153.65,4175.47
2025-08-09 13:30:00+07:00,4175.21,4175.31,4152.87,4156.64
2025-08-09 13:45:00+07:00,4156.66,4162.3,4148.63,4162.1
2025-08-09 14:00:00+07:00,4161.85,4173.51,4157.86,4167.89
2025-08-09 14:15:00+07:00,4167.86,4176.37,4164.12,4164.6
2025-08-09 14:30:00+07:00,4164.55,4168.07,4155.73,4162.09
2025-08-09 14:45:00+07:00,4162.15,4171.25,4158.35,4170.09
2025-08-09 15:00:00+07:00,4170.03,4178.29,4168.24,4176.74
2025-08-09 15:15:00+07:00,4176.73,4187.59,4172.07,4187.59
2025-08-09 15:30:00+07:00,4187.71,4202.42,4179.54,4199.76
2025-08-09 15:45:00+07:00,4199.25,4199.48,4165.64,4189.27
2025-08-09 16:00:00+07:00,4189.34,4199.65,4173.13,4198.54
2025-08-09 16:15:00+07:00,4198.58,4200.08,4185.52,4188.81
2025-08-09 16:30:00+07:00,4188.73,4196.47,4184.91,4195.5
2025-08-09 16:45:00+07:00,4195.55,4238.82,4193.71,4218.5
2025-08-09 17:00:00+07:00,4218.47,4246.67,4213.91,4237.81
2025-08-09 17:15:00+07:00,4237.93,4245.78,4220.54,4224.84
2025-08-09 17:30:00+07:00,4224.86,4227.95,4217.58,4220.27
2025-08-09 17:45:00+07:00,4220.19,4230.82,4212.01,4216.43
2025-08-09 18:00:00+07:00,4216.5,4217.41,4200.16,4201.06
2025-08-09 18:15:00+07:00,4200.98,4208.99,4198.24,4207.72
2025-08-09 18:30:00+07:00,4207.71,4207.71,4185.13,4200.21
2025-08-09 18:45:00+07:00,4200.04,4200.04,4188.35,4189.88
2025-08-09 19:00:00+07:00,4189.88,4200.53,4181.34,4197.38
2025-08-09 19:15:00+07:00,4197.39,4207.08,4195.95,4203.95
2025-08-09 19:30:00+07:00,4203.93,4204.23,4188.92,4190.47
2025-08-09 19:45:00+07:00,4190.45,4199.26,4189.65,4195.48
2025-08-09 20:00:00+07:00,4195.45,4199.0,4170.16,4177.99
2025-08-09 20:15:00+07:00,4178.12,4193.42,4173.68,4190.84
2025-08-09 20:30:00+07:00,4190.77,4190.77,4172.16,4181.55
2025-08-09 20:45:00+07:00,4181.78,4181.78,4164.29,4165.38
2025-08-09 21:00:00+07:00,4165.39,4185.24,4153.45,4184.86
2025-08-09 21:15:00+07:00,4184.84,4197.05,4176.42,4192.3
2025-08-09 21:30:00+07:00,4192.94,4195.19,4185.94,4188.66
2025-08-09 21:45:00+07:00,4188.72,4197.87,4183.19,4195.78
2025-08-09 22:00:00+07:00,4195.75,4226.21,4195.11,4210.46
2025-08-09 22:15:00+07:00,4210.48,4222.36,4170.86,4198.94
2025-08-09 22:30:00+07:00,4198.67,4206.71,4192.16,4203.13
2025-08-09 22:45:00+07:00,4202.96,4214.34,4199.85,4208.15
2025-08-09 23:00:00+07:00,4208.09,4215.2,4205.44,4213.94
2025-08-09 23:15:00+07:00,4214.1,4225.49,4211.35,4215.98
2025-08-09 23:30:00+07:00,4216.1,4219.42,4192.56,4208.76
2025-08-09 23:45:00+07:00,4208.72,4213.81,4198.13,4206.78
2025-08-10 00:00:00+07:00,4206.62,4218.37,4199.17,4216.35
2025-08-10 00:15:00+07:00,4216.4,4224.23,4212.56,4221.86
2025-08-10 00:30:00+07:00,4221.85,4239.14,4213.58,4228.77
2025-08-10 00:45:00+07:00,4228.73,4236.68,4221.15,4233.98
2025-08-10 01:00:00+07:00,4233.96,4237.15,4222.45,4226.25
2025-08-10 01:15:00+07:00,4226.24,4240.27,4219.84,4235.7
2025-08-10 01:30:00+07:00,4235.57,4244.77,4229.05,4229.42
2025-08-10 01:45:00+07:00,4229.4,4255.44,4227.69,4241.54
2025-08-10 02:00:00+07:00,4241.5,4252.18,4236.3,4246.19
2025-08-10 02:15:00+07:00,4246.17,4249.95,4239.76,4249.49
2025-08-10 02:30:00+07:00,4249.42,4267.02,4243.01,4262.55
2025-08-10 02:45:00+07:00,4262.51,4271.41,4253.82,4257.7
2025-08-10 03:00:00+07:00,4257.58,4293.91,4255.82,4271.42
2025-08-10 03:15:00+07:00,4271.37,4286.08,4264.71,4269.93
2025-08-10 03:30:00+07:00,4269.87,4285.16,4264.0,4280.26
2025-08-10 03:45:00+07:00,4280.26,4290.49,4272.51,4290.19
2025-08-10 04:00:00+07:00,4290.43,4299.86,4278.54,4289.23
2025-08-10 04:15:00+07:00,4289.16,4290.05,4264.85,4269.05
2025-08-10 04:30:00+07:00,4268.97,4282.64,4261.92,4271.68
2025-08-10 04:45:00+07:00,4271.71,4293.41,4270.91,4277.64
2025-08-10 05:00:00+07:00,4277.61,4295.28,4273.08,4289.8
2025-08-10 05:15:00+07:00,4289.81,4326.94,4286.94,4301.94
2025-08-10 05:30:00+07:00,4301.81,4304.1,4262.44,4271.43
2025-08-10 05:45:00+07:00,4271.45,4272.81,4243.32,4264.15
2025-08-10 06:00:00+07:00,4264.39,4275.27,4251.79,4258.45
2025-08-10 06:15:00+07:00,4258.63,4262.8,4251.82,4253.38
2025-08-10 06:30:00+07:00,4253.42,4265.9,4247.74,4262.78
2025-08-10 06:45:00+07:00,4262.99,4273.93,4257.05,4260.54
2025-08-10 07:00:00+07:00,4260.46,4267.4,4248.62,4265.95
2025-08-10 07:15:00+07:00,4265.84,4273.62,4262.86,4263.27
2025-08-10 07:30:00+07:00,4263.25,4287.02,4261.96,4287.02
2025-08-10 07:45:00+07:00,4286.99,4332.99,4281.75,4310.52
2025-08-10 08:00:00+07:00,4310.45,4322.87,4288.13,4288.41
2025-08-10 08:15:00+07:00,4288.74,4306.23,4287.53,4295.24
2025-08-10 08:30:00+07:00,4295.1,4321.93,4294.34,4318.64
2025-08-10 08:45:00+07:00,4318.71,4319.12,4296.03,4300.25
2025-08-10 09:00:00+07:00,4300.69,4304.82,4270.82,4283.21
2025-08-10 09:15:00+07:00,4284.47,4289.5,4250.53,4262.45
2025-08-10 09:30:00+07:00,4262.32,4266.95,4250.05,4252.31
2025-08-10 09:45:00+07:00,4252.32,4257.51,4247.44,4247.86
2025-08-10 10:00:00+07:00,4247.18,4257.96,4227.96,4245.67
2025-08-10 10:15:00+07:00,4245.52,4252.79,4206.86,4233.77
2025-08-10 10:30:00+07:00,4233.72,4239.33,4218.62,4236.16
2025-08-10 10:45:00+07:00,4236.11,4248.93,4235.11,4242.69
2025-08-10 11:00:00+07:00,4242.28,4247.4,4226.64,4244.31
2025-08-10 11:15:00+07:00,4244.34,4255.71,4239.04,4250.2
2025-08-10 11:30:00+07:00,4250.18,4257.68,4247.33,4255.3
2025-08-10 11:45:00+07:00,4255.25,4264.3,4246.85,4251.37
2025-08-10 12:00:00+07:00,4251.33,4251.45,4231.41,4238.91
2025-08-10 12:15:00+07:00,4238.93,4247.08,4213.39,4216.07
2025-08-10 12:30:00+07:00,4216.21,4236.43,4215.41,4235.28
2025-08-10 12:45:00+07:00,4235.35,4235.35,4216.85,4220.5
2025-08-10 13:00:00+07:00,4220.65,4227.26,4214.45,4220.56
2025-08-10 13:15:00+07:00,4220.06,4220.06,4203.44,4215.23
2025-08-10 13:30:00+07:00,4215.26,4232.89,4212.57,4231.32
2025-08-10 13:45:00+07:00,4231.27,4235.29,4220.81,4224.84
2025-08-10 14:00:00+07:00,4225.22,4233.9,4225.21,4227.33
2025-08-10 14:15:00+07:00,4227.33,4227.72,4210.1,4210.91
2025-08-10 14:30:00+07:00,4210.97,4216.65,4176.21,4176.47
2025-08-10 14:45:00+07:00,4176.55,4194.19,4176.26,4185.28
2025-08-10 15:00:00+07:00,4185.17,4193.86,4161.17,4191.6
2025-08-10 15:15:00+07:00,4191.66,4206.03,4188.84,4204.74
2025-08-10 15:30:00+07:00,4204.77,4217.8,4201.64,4207.56
2025-08-10 15:45:00+07:00,4207.57,4217.99,4206.7,4209.12
2025-08-10 16:00:00+07:00,4209.15,4220.34,4209.15,4215.91
2025-08-10 16:15:00+07:00,4215.81,4222.22,4212.65,4217.86
2025-08-10 16:30:00+07:00,4217.9,4227.26,4216.13,4221.74
2025-08-10 16:45:00+07:00,4221.7,4230.47,4220.74,4224.75
2025-08-10 17:00:00+07:00,4224.77,4232.53,4213.47,4217.75
2025-08-10 17:15:00+07:00,4217.72,4227.35,4211.2,4214.45
2025-08-10 17:30:00+07:00,4214.51,4216.07,4192.97,4212.37
2025-08-10 17:45:00+07:00,4212.31,4218.0,4193.4,4197.5
2025-08-10 18:00:00+07:00,4197.59,4199.87,4183.16,4197.53
2025-08-10 18:15:00+07:00,4197.46,4211.18,4191.84,4208.14
2025-08-10 18:30:00+07:00,4208.25,4220.81,4196.61,4210.13
2025-08-10 18:45:00+07:00,4209.94,4215.72,4176.22,4180.02
2025-08-10 19:00:00+07:00,4180.08,4186.67,4172.86,4180.32
2025-08-10 19:15:00+07:00,4180.35,4194.03,4174.68,4188.55
2025-08-10 19:30:00+07:00,4188.53,4195.21,4182.18,4193.59
2025-08-10 19:45:00+07:00,4193.43,4201.11,4189.64,4200.24
2025-08-10 20:00:00+07:00,4200.18,4204.97,4195.53,4195.75
2025-08-10 20:15:00+07:00,4195.76,4197.02,4187.97,4190.36
2025-08-10 20:30:00+07:00,4190.32,4190.96,4175.4,4182.62
2025-08-10 20:45:00+07:00,4182.63,4187.52,4164.6,4166.67
2025-08-10 21:00:00+07:00,4166.58,4195.27,4160.87,4192.32
2025-08-10 21:15:00+07:00,4192.3,4215.88,4190.82,4211.34
2025-08-10 21:30:00+07:00,4211.85,4221.78,4204.92,4219.53
2025-08-10 21:45:00+07:00,4219.35,4225.8,4212.56,4218.28
2025-08-10 22:00:00+07:00,4218.23,4230.12,4211.16,4229.87
2025-08-10 22:15:00+07:00,4229.8,4237.41,4210.02,4217.17
2025-08-10 22:30:00+07:00,4217.13,4223.18,4210.66,4219.31
2025-08-10 22:45:00+07:00,4219.71,4228.57,4212.68,4216.82
2025-08-10 23:00:00+07:00,4216.75,4228.31,4213.46,4221.08
2025-08-10 23:15:00+07:00,4220.72,4233.11,4220.27,4226.98
2025-08-10 23:30:00+07:00,4226.84,4240.37,4225.8,4232.61
2025-08-10 23:45:00+07:00,4232.59,4235.92,4225.74,4232.58
2025-08-11 00:00:00+07:00,4232.51,4246.29,4229.67,4234.86
2025-08-11 00:15:00+07:00,4234.86,4237.7,4226.62,4227.5
2025-08-11 00:30:00+07:00,4227.52,4233.56,4223.09,4225.99
2025-08-11 00:45:00+07:00,4226.01,4233.92,4222.75,4223.47
2025-08-11 01:00:00+07:00,4223.56,4234.34,4217.69,4228.63
2025-08-11 01:15:00+07:00,4228.56,4230.09,4216.79,4223.88
2025-08-11 01:30:00+07:00,4223.88,4230.5,4222.06,4226.31
2025-08-11 01:45:00+07:00,4226.26,4236.31,4222.91,4235.16
2025-08-11 02:00:00+07:00,4235.22,4245.55,4229.74,4245.15
2025-08-11 02:15:00+07:00,4245.11,4248.9,4236.13,4241.79
2025-08-11 02:30:00+07:00,4241.79,4251.59,4241.79,4247.21
2025-08-11 02:45:00+07:00,4247.26,4258.58,4247.11,4247.94
2025-08-11 03:00:00+07:00,4247.88,4249.72,4218.91,4230.93
2025-08-11 03:15:00+07:00,4230.93,4233.28,4206.7,4213.43
2025-08-11 03:30:00+07:00,4213.45,4233.29,4212.59,4227.16
2025-08-11 03:45:00+07:00,4227.31,4231.82,4215.57,4215.69
2025-08-11 04:00:00+07:00,4215.72,4216.87,4185.35,4207.46
2025-08-11 04:15:00+07:00,4207.46,4214.33,4193.59,4195.61
2025-08-11 04:30:00+07:00,4195.64,4202.33,4189.57,4196.78
2025-08-11 04:45:00+07:00,4196.8,4222.43,4196.8,4222.28
2025-08-11 05:00:00+07:00,4222.26,4224.47,4203.62,4218.58
2025-08-11 05:15:00+07:00,4218.56,4229.8,4216.63,4224.86
2025-08-11 05:30:00+07:00,4224.91,4235.03,4224.91,4235.03
2025-08-11 05:45:00+07:00,4235.08,4249.6,4224.81,4249.6
2025-08-11 06:00:00+07:00,4249.59,4252.25,4237.91,4238.22
2025-08-11 06:15:00+07:00,4238.24,4241.78,4227.0,4240.99
2025-08-11 06:30:00+07:00,4241.07,4252.35,4240.82,4245.96
2025-08-11 06:45:00+07:00,4245.91,4253.42,4244.7,4249.6
2025-08-11 07:00:00+07:00,4249.7,4251.55,4237.11,4249.27
2025-08-11 07:15:00+07:00,4249.24,4278.25,4247.91,4275.77
2025-08-11 07:30:00+07:00,4275.78,4284.23,4256.78,4267.11
2025-08-11 07:45:00+07:00,4267.16,4276.07,4259.14,4261.9
2025-08-11 08:00:00+07:00,4261.32,4282.96,4259.46,4279.16
2025-08-11 08:15:00+07:00,4279.17,4302.34,4273.63,4291.21
2025-08-11 08:30:00+07:00,4291.26,4320.33,4291.26,4308.52
2025-08-11 08:45:00+07:00,4308.54,4308.54,4293.63,4302.32
2025-08-11 09:00:00+07:00,4302.25,4342.88,4299.98,4311.76
2025-08-11 09:15:00+07:00,4311.93,4328.22,4295.9,4309.77
2025-08-11 09:30:00+07:00,4309.79,4319.22,4293.14,4313.15
2025-08-11 09:45:00+07:00,4313.32,4318.96,4306.83,4307.89
2025-08-11 10:00:00+07:00,4307.97,4308.77,4286.41,4301.02
2025-08-11 10:15:00+07:00,4301.01,4304.36,4285.54,4290.75
2025-08-11 10:30:00+07:00,4290.76,4299.68,4282.88,4291.0
2025-08-11 10:45:00+07:00,4290.96,4311.05,4288.72,4308.23
2025-08-11 11:00:00+07:00,4308.27,4349.29,4303.55,4337.4
2025-08-11 11:15:00+07:00,4337.37,4342.59,4322.27,4325.2
2025-08-11 11:30:00+07:00,4324.48,4330.93,4320.71,4322.3
2025-08-11 11:45:00+07:00,4322.2,4329.38,4317.39,4318.38
2025-08-11 12:00:00+07:00,4318.5,4330.16,4314.6,4320.53
2025-08-11 12:15:00+07:00,4320.45,4320.45,4306.25,4309.33
2025-08-11 12:30:00+07:00,4309.32,4314.27,4300.55,4303.08
2025-08-11 12:45:00+07:00,4303.01,4306.57,4291.24,4304.68
2025-08-11 13:00:00+07:00,4304.81,4311.11,4293.78,4299.8
2025-08-11 13:15:00+07:00,4299.82,4310.59,4297.31,4302.68
2025-08-11 13:30:00+07:00,4302.63,4304.62,4293.81,4300.17
2025-08-11 13:45:00+07:00,4300.27,4306.94,4295.82,4297.39
2025-08-11 14:00:00+07:00,4297.37,4302.86,4291.68,4297.34
2025-08-11 14:15:00+07:00,4297.32,4298.34,4284.79,4289.98
2025-08-11 14:30:00+07:00,4289.99,4291.49,4265.99,4279.6
2025-08-11 14:45:00+07:00,4279.56,4280.11,4267.04,4273.33
2025-08-11 15:00:00+07:00,4273.29,4274.35,4252.8,4273.77
2025-08-11 15:15:00+07:00,4274.15,4281.54,4270.67,4275.49
2025-08-11 15:30:00+07:00,4275.43,4282.43,4267.47,4280.98
2025-08-11 15:45:00+07:00,4280.95,4284.53,4275.49,4280.83
2025-08-11 16:00:00+07:00,4280.85,4283.02,4272.04,4278.37
2025-08-11 16:15:00+07:00,4278.49,4278.49,4268.26,4274.41
2025-08-11 16:30:00+07:00,4274.34,4280.89,4263.85,4273.97
2025-08-11 16:45:00+07:00,4273.47,4275.56,4259.79,4265.57
2025-08-11 17:00:00+07:00,4265.58,4268.41,4253.97,4255.63
2025-08-11 17:15:00+07:00,4255.58,4264.06,4218.85,4259.06
2025-08-11 17:30:00+07:00,4259.01,4261.6,4244.4,4246.64
2025-08-11 17:45:00+07:00,4246.59,4248.16,4227.95,4235.42
2025-08-11 18:00:00+07:00,4235.47,4239.09,4218.54,4225.49
2025-08-11 18:15:00+07:00,4225.4,4226.1,4193.14,4193.14
2025-08-11 18:30:00+07:00,4192.99,4214.2,4191.09,4208.16
2025-08-11 18:45:00+07:00,4208.28,4208.84,4169.8,4183.94
2025-08-11 19:00:00+07:00,4183.88,4194.61,4175.34,4181.35
2025-08-11 19:15:00+07:00,4181.09,4194.15,4175.33,4182.53
2025-08-11 19:30:00+07:00,4182.67,4191.6,4164.85,4172.63
2025-08-11 19:45:00+07:00,4172.95,4186.67,4167.89,4182.88
2025-08-11 20:00:00+07:00,4183.0,4184.63,4169.13,4173.77
2025-08-11 20:15:00+07:00,4173.81,4185.79,4170.48,4184.25
2025-08-11 20:30:00+07:00,4184.79,4264.48,4181.99,4254.43
2025-08-11 20:45:00+07:00,4254.41,4301.91,4247.28,4278.54
2025-08-11 21:00:00+07:00,4278.73,4299.79,4261.67,4272.75
2025-08-11 21:15:00+07:00,4272.85,4291.73,4266.03,4288.34
2025-08-11 21:30:00+07:00,4288.67,4319.94,4282.26,4282.58
2025-08-11 21:45:00+07:00,4282.64,4291.85,4268.4,4276.41
2025-08-11 22:00:00+07:00,4276.48,4279.91,4257.99,4271.97
2025-08-11 22:15:00+07:00,4271.92,4308.13,4270.09,4287.75
2025-08-11 22:30:00+07:00,4287.77,4316.93,4284.35,4311.33
2025-08-11 22:45:00+07:00,4311.23,4331.89,4304.85,4328.87
2025-08-11 23:00:00+07:00,4328.96,4367.01,4327.31,4345.96
2025-08-11 23:15:00+07:00,4346.15,4362.33,4333.09,4350.73
2025-08-11 23:30:00+07:00,4350.77,4356.07,4313.63,4314.14
2025-08-11 23:45:00+07:00,4314.19,4334.11,4310.94,4310.94
2025-08-12 00:00:00+07:00,4310.8,4321.26,4292.2,4307.08
2025-08-12 00:15:00+07:00,4306.94,4309.95,4281.82,4301.28
2025-08-12 00:30:00+07:00,4301.02,4311.04,4289.53,4306.54
2025-08-12 00:45:00+07:00,4306.59,4307.41,4288.92,4292.55
2025-08-12 01:00:00+07:00,4292.52,4297.84,4265.5,4297.84
2025-08-12 01:15:00+07:00,4297.97,4303.55,4290.36,4290.38
2025-08-12 01:30:00+07:00,4290.92,4306.54,4277.13,4277.8
2025-08-12 01:45:00+07:00,4277.58,4305.49,4273.42,4293.77
2025-08-12 02:00:00+07:00,4293.83,4305.28,4288.38,4299.11
2025-08-12 02:15:00+07:00,4299.14,4307.88,4292.28,4301.34
2025-08-12 02:30:00+07:00,4301.12,4302.9,4272.92,4278.83
2025-08-12 02:45:00+07:00,4278.87,4281.39,4232.2,4257.79
2025-08-12 03:00:00+07:00,4257.79,4257.79,4232.71,4238.05
2025-08-12 03:15:00+07:00,4238.07,4246.13,4219.8,4241.39
2025-08-12 03:30:00+07:00,4241.48,4255.22,4238.47,4252.02
2025-08-12 03:45:00+07:00,4252.04,4254.23,4241.44,4241.69
2025-08-12 04:00:00+07:00,4241.5,4254.63,4241.32,4251.39
2025-08-12 04:15:00+07:00,4251.12,4252.86,4235.59,4236.05
2025-08-12 04:30:00+07:00,4236.07,4238.08,4191.88,4212.14
2025-08-12 04:45:00+07:00,4212.42,4219.35,4187.66,4218.47
2025-08-12 05:00:00+07:00,4218.4,4223.84,4195.86,4203.56
2025-08-12 05:15:00+07:00,4203.61,4211.97,4188.14,4202.59
2025-08-12 05:30:00+07:00,4202.58,4216.45,4195.16,4214.59
2025-08-12 05:45:00+07:00,4214.56,4222.02,4209.41,4218.84
2025-08-12 06:00:00+07:00,4218.82,4234.02,4212.65,4229.86
2025-08-12 06:15:00+07:00,4229.83,4233.3,4215.4,4220.26
2025-08-12 06:30:00+07:00,4220.28,4228.8,4219.29,4228.68
2025-08-12 06:45:00+07:00,4228.62,4230.36,4221.02,4221.68
2025-08-12 07:00:00+07:00,4221.38,4238.09,4217.05,4231.64
2025-08-12 07:15:00+07:00,4231.69,4252.33,4231.2,4241.19
2025-08-12 07:30:00+07:00,4241.22,4241.83,4231.91,4235.43
2025-08-12 07:45:00+07:00,4235.29,4282.64,4231.57,4272.46
2025-08-12 08:00:00+07:00,4272.28,4289.73,4256.63,4269.45
2025-08-12 08:15:00+07:00,4269.69,4283.69,4262.53,4281.23
2025-08-12 08:30:00+07:00,4281.18,4283.72,4268.84,4278.03
2025-08-12 08:45:00+07:00,4277.97,4278.76,4264.67,4268.87
2025-08-12 09:00:00+07:00,4268.85,4281.46,4260.56,4276.05
2025-08-12 09:15:00+07:00,4276.13,4295.17,4268.66,4292.23
2025-08-12 09:30:00+07:00,4292.15,4310.44,4291.94,4302.35
2025-08-12 09:45:00+07:00,4302.09,4306.84,4290.24,4290.24
2025-08-12 10:00:00+07:00,4290.2,4292.62,4278.3,4286.46
2025-08-12 10:15:00+07:00,4286.13,4288.36,4274.0,4286.29
2025-08-12 10:30:00+07:00,4286.31,4303.42,4285.76,4287.82
2025-08-12 10:45:00+07:00,4287.8,4291.67,4280.76,4284.45
2025-08-12 11:00:00+07:00,4284.25,4299.99,4278.62,4297.83
2025-08-12 11:15:00+07:00,4297.88,4307.48,4294.92,4306.08
2025-08-12 11:30:00+07:00,4306.13,4320.44,4301.87,4309.54
2025-08-12 11:45:00+07:00,4309.58,4313.55,4305.05,4309.37
2025-08-12 12:00:00+07:00,4309.14,4309.14,4287.13,4300.64
2025-08-12 12:15:00+07:00,4300.59,4301.73,4286.25,4290.54
2025-08-12 12:30:00+07:00,4290.63,4291.33,4265.78,4272.05
2025-08-12 12:45:00+07:00,4272.08,4287.74,4271.76,4283.91
2025-08-12 13:00:00+07:00,4283.82,4295.9,4278.47,4278.82
2025-08-12 13:15:00+07:00,4278.8,4303.23,4270.93,4297.73
2025-08-12 13:30:00+07:00,4297.98,4310.15,4285.66,4301.56
2025-08-12 13:45:00+07:00,4301.57,4304.08,4288.24,4289.3
2025-08-12 14:00:00+07:00,4289.37,4308.9,4289.37,4304.53
2025-08-12 14:15:00+07:00,4304.52,4315.01,4302.14,4311.34
2025-08-12 14:30:00+07:00,4311.26,4318.02,4307.72,4315.48
2025-08-12 14:45:00+07:00,4315.6,4318.08,4308.37,4314.26
2025-08-12 15:00:00+07:00,4314.29,4315.02,4299.16,4303.16
2025-08-12 15:15:00+07:00,4303.21,4309.95,4294.19,4298.39
2025-08-12 15:30:00+07:00,4298.46,4329.04,4294.21,4327.93
2025-08-12 15:45:00+07:00,4327.91,4331.75,4307.99,4309.37
2025-08-12 16:00:00+07:00,4309.34,4315.98,4293.97,4299.42
2025-08-12 16:15:00+07:00,4299.46,4303.28,4291.2,4301.79
2025-08-12 16:30:00+07:00,4301.81,4301.81,4288.39,4290.42
2025-08-12 16:45:00+07:00,4290.57,4295.28,4284.49,4286.71
2025-08-12 17:00:00+07:00,4286.69,4289.36,4272.56,4279.71
2025-08-12 17:15:00+07:00,4279.76,4298.04,4275.9,4292.86
2025-08-12 17:30:00+07:00,4292.89,4297.71,4281.71,4283.67
2025-08-12 17:45:00+07:00,4283.76,4291.6,4275.15,4276.33
2025-08-12 18:00:00+07:00,4276.39,4282.37,4255.92,4260.04
2025-08-12 18:15:00+07:00,4260.0,4276.19,4258.92,4275.15
2025-08-12 18:30:00+07:00,4275.07,4284.6,4273.35,4273.68
